date,season,home,away,home_elo_before,away_elo_before,fthg,ftag
2016-08-13,2016-17,Burnley,Swansea City,1500.0,1500.0,0,1
2016-08-13,2016-17,Crystal Palace,West Bromwich Albion,1500.0,1500.0,0,1
2016-08-13,2016-17,Everton,Tottenham,1500.0,1500.0,1,1
2016-08-13,2016-17,Hull City,Leicester City,1500.0,1500.0,2,1
2016-08-13,2016-17,Manchester City,Sunderland,1500.0,1500.0,2,1
2016-08-13,2016-17,Middlesbrough,Stoke City,1500.0,1500.0,1,1
2016-08-13,2016-17,Southampton,Watford,1500.0,1500.0,1,1
2016-08-14,2016-17,Arsenal,Liverpool,1500.0,1500.0,3,4
2016-08-14,2016-17,Bournemouth,Manchester United,1500.0,1500.0,1,3
2016-08-15,2016-17,Chelsea,West Ham United,1500.0,1500.0,2,1
2016-08-19,2016-17,Manchester United,Southampton,1512.8,1497.2,2,0
2016-08-20,2016-17,West Bromwich Albion,Everton,1512.8,1497.2,1,2
2016-08-20,2016-17,Watford,Chelsea,1502.8,1507.2,1,2
2016-08-20,2016-17,Tottenham,Crystal Palace,1502.8,1487.2,1,0
2016-08-20,2016-17,Burnley,Liverpool,1487.2,1512.8,2,0
2016-08-20,2016-17,Stoke City,Manchester City,1502.8,1507.2,1,4
2016-08-20,2016-17,Leicester City,Arsenal,1492.8,1487.2,0,0
2016-08-20,2016-17,Swansea City,Hull City,1512.8,1507.2,0,2
2016-08-21,2016-17,Sunderland,Middlesbrough,1492.8,1497.2,1,2
2016-08-21,2016-17,West Ham United,Bournemouth,1492.8,1487.2,1,0
2016-08-27,2016-17,Southampton,Sunderland,1490.4,1480.1,1,1
2016-08-27,2016-17,Watford,Arsenal,1490.1,1490.1,1,3
2016-08-27,2016-17,Leicester City,Swansea City,1489.9,1499.9,2,1
2016-08-27,2016-17,Tottenham,Liverpool,1509.6,1504.9,1,1
2016-08-27,2016-17,Everton,Stoke City,1510.4,1490.1,1,0
2016-08-27,2016-17,Crystal Palace,Bournemouth,1480.4,1480.1,1,1
2016-08-27,2016-17,Hull City,Manchester United,1520.1,1519.6,0,1
2016-08-27,2016-17,Chelsea,Burnley,1519.9,1495.1,3,0
2016-08-28,2016-17,Manchester City,West Ham United,1519.9,1499.9,3,1
2016-08-28,2016-17,West Bromwich Albion,Middlesbrough,1499.6,1509.9,0,0
2016-09-10,2016-17,Arsenal,Southampton,1502.9,1487.3,2,1
2016-09-10,2016-17,Bournemouth,West Bromwich Albion,1483.0,1497.1,1,0
2016-09-10,2016-17,Burnley,Hull City,1488.5,1507.3,1,1
2016-09-10,2016-17,Liverpool,Leicester City,1507.8,1497.3,4,1
2016-09-10,2016-17,Manchester United,Manchester City,1532.4,1526.6,1,2
2016-09-10,2016-17,Middlesbrough,Crystal Palace,1512.4,1477.6,1,2
2016-09-10,2016-17,Stoke City,Tottenham,1483.4,1506.7,0,4
2016-09-10,2016-17,West Ham United,Watford,1493.2,1477.3,2,4
2016-09-11,2016-17,Swansea City,Chelsea,1492.4,1526.4,2,2
2016-09-12,2016-17,Sunderland,Everton,1483.2,1517.1,0,3
2016-09-16,2016-17,Chelsea,Liverpool,1528.3,1514.8,1,2
2016-09-17,2016-17,Everton,Middlesbrough,1529.0,1498.7,3,1
2016-09-17,2016-17,Hull City,Arsenal,1509.6,1509.7,1,4
2016-09-17,2016-17,Leicester City,Burnley,1490.4,1486.2,3,0
2016-09-17,2016-17,Manchester City,Bournemouth,1539.5,1490.5,4,0
2016-09-17,2016-17,West Bromwich Albion,West Ham United,1489.5,1480.0,4,2
2016-09-18,2016-17,Crystal Palace,Stoke City,1491.3,1471.3,4,1
2016-09-18,2016-17,Southampton,Swansea City,1480.5,1490.5,1,0
2016-09-18,2016-17,Tottenham,Sunderland,1518.8,1471.3,1,0
2016-09-18,2016-17,Watford,Manchester United,1490.5,1519.5,3,1
2016-09-24,2016-17,Swansea City,Manchester City,1483.0,1545.5,1,3
2016-09-24,2016-17,Stoke City,West Bromwich Albion,1464.6,1496.4,1,1
2016-09-24,2016-17,Middlesbrough,Tottenham,1492.3,1524.8,1,2
2016-09-24,2016-17,Sunderland,Crystal Palace,1465.3,1498.0,2,3
2016-09-24,2016-17,Liverpool,Hull City,1527.9,1496.8,5,1
2016-09-24,2016-17,Arsenal,Chelsea,1522.5,1515.2,3,0
2016-09-24,2016-17,Manchester United,Leicester City,1511.5,1497.5,4,1
2016-09-24,2016-17,Bournemouth,Everton,1484.6,1535.4,1,0
2016-09-25,2016-17,West Ham United,Southampton,1473.0,1488.0,0,3
2016-09-26,2016-17,Burnley,Watford,1479.2,1498.5,2,0
2016-09-30,2016-17,Everton,Crystal Palace,1526.8,1509.9,1,1
2016-10-01,2016-17,Hull City,Chelsea,1490.4,1508.2,0,2
2016-10-01,2016-17,Sunderland,West Bromwich Albion,1453.4,1498.4,1,1
2016-10-01,2016-17,Swansea City,Liverpool,1472.0,1534.3,1,2
2016-10-01,2016-17,Watford,Bournemouth,1490.8,1493.2,2,2
2016-10-01,2016-17,West Ham United,Middlesbrough,1460.6,1480.4,1,1
2016-10-02,2016-17,Tottenham,Manchester City,1536.8,1556.5,2,0
2016-10-02,2016-17,Manchester United,Stoke City,1518.3,1462.7,1,1
2016-10-02,2016-17,Burnley,Arsenal,1486.9,1529.5,0,1
2016-10-02,2016-17,Leicester City,Southampton,1490.7,1500.4,0,0
2016-10-15,2016-17,Bournemouth,Hull City,1495.9,1478.1,6,1
2016-10-15,2016-17,Chelsea,Leicester City,1520.5,1488.1,3,0
2016-10-15,2016-17,Crystal Palace,West Ham United,1513.1,1458.3,0,1
2016-10-15,2016-17,Manchester City,Everton,1548.8,1523.5,1,1
2016-10-15,2016-17,Stoke City,Sunderland,1466.9,1451.8,2,0
2016-10-15,2016-17,West Bromwich Albion,Tottenham,1499.9,1544.5,1,1
2016-10-15,2016-17,Arsenal,Swansea City,1541.2,1460.9,3,2
2016-10-16,2016-17,Middlesbrough,Watford,1482.6,1488.1,0,1
2016-10-16,2016-17,Southampton,Burnley,1503.0,1475.2,3,1
2016-10-17,2016-17,Liverpool,Manchester United,1545.4,1514.1,0,0
2016-10-22,2016-17,Leicester City,Crystal Palace,1481.7,1498.9,3,1
2016-10-22,2016-17,West Ham United,Sunderland,1472.5,1445.0,1,0
2016-10-22,2016-17,Swansea City,Watford,1455.7,1500.7,0,0
2016-10-22,2016-17,Liverpool,West Bromwich Albion,1541.8,1498.4,2,1
2016-10-22,2016-17,Hull City,Stoke City,1471.4,1473.7,0,2
2016-10-22,2016-17,Bournemouth,Tottenham,1502.6,1546.1,0,0
2016-10-22,2016-17,Arsenal,Middlesbrough,1546.4,1470.0,0,0
2016-10-22,2016-17,Burnley,Everton,1468.8,1527.0,2,1
2016-10-23,2016-17,Chelsea,Manchester United,1526.8,1517.7,4,0
2016-10-23,2016-17,Manchester City,Southampton,1545.4,1509.4,1,1
2016-10-29,2016-17,Crystal Palace,Liverpool,1491.3,1547.9,2,4
2016-10-29,2016-17,Manchester United,Burnley,1510.7,1477.6,0,0
2016-10-29,2016-17,Middlesbrough,Bournemouth,1474.7,1501.0,2,0
2016-10-29,2016-17,Sunderland,Arsenal,1438.5,1541.7,1,4
2016-10-29,2016-17,Tottenham,Leicester City,1547.7,1489.4,1,1
2016-10-29,2016-17,Watford,Hull City,1502.3,1458.6,1,0
2016-10-29,2016-17,West Bromwich Albion,Manchester City,1492.3,1541.6,0,4
2016-10-30,2016-17,Southampton,Chelsea,1513.2,1533.8,0,2
2016-10-30,2016-17,Everton,West Ham United,1518.2,1479.0,2,0
2016-10-31,2016-17,Stoke City,Swansea City,1486.4,1454.1,3,1
2016-11-05,2016-17,Bournemouth,Sunderland,1493.1,1428.6,1,2
2016-11-05,2016-17,Burnley,Crystal Palace,1481.2,1480.0,3,2
2016-11-05,2016-17,Chelsea,Everton,1546.0,1524.4,5,0
2016-11-05,2016-17,Manchester City,Middlesbrough,1553.1,1482.6,1,1
2016-11-05,2016-17,West Ham United,Stoke City,1472.8,1492.8,1,1
2016-11-06,2016-17,Arsenal,Tottenham,1551.6,1543.4,1,1
2016-11-06,2016-17,Hull City,Southampton,1452.5,1500.9,2,1
2016-11-06,2016-17,Leicester City,West Bromwich Albion,1493.7,1480.8,1,2
2016-11-06,2016-17,Liverpool,Watford,1559.1,1508.4,6,1
2016-11-06,2016-17,Swansea City,Manchester United,1447.7,1507.1,1,3
2016-11-19,2016-17,Sunderland,Hull City,1443.0,1461.1,3,0
2016-11-19,2016-17,Watford,Leicester City,1502.5,1480.5,2,1
2016-11-19,2016-17,Stoke City,Bournemouth,1495.0,1478.7,0,1
2016-11-19,2016-17,Tottenham,West Ham United,1546.4,1470.6,3,2
2016-11-19,2016-17,Manchester United,Arsenal,1518.3,1548.6,1,1
2016-11-19,2016-17,Crystal Palace,Manchester City,1472.9,1548.5,1,2
2016-11-19,2016-17,Southampton,Liverpool,1492.4,1565.0,0,0
2016-11-19,2016-17,Everton,Swansea City,1517.8,1436.6,1,1
2016-11-20,2016-17,Middlesbrough,Chelsea,1487.1,1552.7,0,1
2016-11-21,2016-17,West Bromwich Albion,Burnley,1494.0,1488.4,4,0
2016-11-26,2016-17,Burnley,Manchester City,1481.3,1559.2,1,2
2016-11-26,2016-17,Chelsea,Tottenham,1563.7,1551.8,2,1
2016-11-26,2016-17,Hull City,West Bromwich Albion,1453.4,1501.0,1,1
2016-11-26,2016-17,Leicester City,Middlesbrough,1473.9,1476.1,2,2
2016-11-26,2016-17,Liverpool,Sunderland,1565.8,1450.7,2,0
2016-11-26,2016-17,Swansea City,Crystal Palace,1441.3,1462.2,5,4
2016-11-27,2016-17,Southampton,Everton,1491.6,1513.0,1,0
2016-11-27,2016-17,Watford,Stoke City,1509.1,1481.8,0,1
2016-11-27,2016-17,Arsenal,Bournemouth,1550.6,1491.9,3,1
2016-11-27,2016-17,Manchester United,West Ham United,1516.3,1465.2,1,1
2016-12-03,2016-17,Crystal Palace,Southampton,1454.4,1499.4,3,0
2016-12-03,2016-17,Manchester City,Chelsea,1569.9,1570.6,1,3
2016-12-03,2016-17,Stoke City,Burnley,1495.3,1470.7,2,0
2016-12-03,2016-17,Sunderland,Leicester City,1446.2,1471.2,2,1
2016-12-03,2016-17,Tottenham,Swansea City,1544.9,1449.1,5,0
2016-12-03,2016-17,West Bromwich Albion,Watford,1502.5,1495.6,3,1
2016-12-03,2016-17,West Ham United,Arsenal,1469.3,1556.3,1,5
2016-12-04,2016-17,Bournemouth,Liverpool,1486.2,1570.3,4,3
2016-12-04,2016-17,Everton,Manchester United,1505.2,1512.2,1,1
2016-12-05,2016-17,Middlesbrough,Hull City,1478.9,1451.9,1,0
2016-12-10,2016-17,Swansea City,Sunderland,1444.2,1454.1,3,0
2016-12-10,2016-17,Hull City,Crystal Palace,1445.4,1462.8,3,3
2016-12-10,2016-17,Watford,Everton,1488.6,1502.6,3,2
2016-12-10,2016-17,Leicester City,Manchester City,1463.3,1557.1,4,2
2016-12-10,2016-17,Arsenal,Stoke City,1566.7,1501.9,3,1
2016-12-10,2016-17,Burnley,Bournemouth,1464.1,1495.8,3,2
2016-12-11,2016-17,Chelsea,West Bromwich Albion,1583.3,1509.5,1,0
2016-12-11,2016-17,Liverpool,West Ham United,1560.8,1458.9,2,2
2016-12-11,2016-17,Manchester United,Tottenham,1514.8,1549.8,1,0
2016-12-11,2016-17,Southampton,Middlesbrough,1490.9,1485.4,1,0
2016-12-13,2016-17,Bournemouth,Leicester City,1487.7,1473.1,1,0
2016-12-13,2016-17,Everton,Arsenal,1495.0,1572.3,2,1
2016-12-14,2016-17,West Ham United,Burnley,1464.2,1472.2,1,0
2016-12-14,2016-17,Tottenham,Hull City,1541.6,1443.1,3,0
2016-12-14,2016-17,Sunderland,Chelsea,1446.6,1588.7,0,1
2016-12-14,2016-17,West Bromwich Albion,Swansea City,1504.1,1451.7,3,1
2016-12-14,2016-17,Middlesbrough,Liverpool,1478.3,1555.5,0,3
2016-12-14,2016-17,Manchester City,Watford,1547.3,1496.1,2,0
2016-12-14,2016-17,Crystal Palace,Manchester United,1465.2,1523.0,1,2
2016-12-14,2016-17,Stoke City,Southampton,1496.3,1498.0,0,0
2016-12-17,2016-17,West Ham United,Hull City,1471.6,1438.2,1,0
2016-12-17,2016-17,Sunderland,Watford,1437.8,1490.2,1,0
2016-12-17,2016-17,West Bromwich Albion,Manchester United,1510.0,1534.2,0,2
2016-12-17,2016-17,Middlesbrough,Swansea City,1467.7,1445.8,3,0
2016-12-17,2016-17,Crystal Palace,Chelsea,1454.0,1597.5,0,1
2016-12-17,2016-17,Stoke City,Leicester City,1493.5,1466.3,2,2
2016-12-18,2016-17,Bournemouth,Southampton,1494.5,1500.8,1,3
2016-12-18,2016-17,Manchester City,Arsenal,1553.2,1562.9,2,1
2016-12-18,2016-17,Tottenham,Burnley,1546.5,1464.8,2,1
2016-12-19,2016-17,Everton,Liverpool,1504.3,1566.2,0,1
2016-12-26,2016-17,Watford,Crystal Palace,1481.6,1445.2,1,1
2016-12-26,2016-17,Swansea City,West Ham United,1439.2,1477.9,1,4
2016-12-26,2016-17,Manchester United,Sunderland,1546.3,1446.5,3,1
2016-12-26,2016-17,Leicester City,Everton,1469.8,1493.3,0,2
2016-12-26,2016-17,Hull City,Manchester City,1431.9,1560.6,0,3
2016-12-26,2016-17,Burnley,Middlesbrough,1459.6,1474.3,1,0
2016-12-26,2016-17,Chelsea,Bournemouth,1606.3,1481.9,3,0
2016-12-26,2016-17,Arsenal,West Bromwich Albion,1555.5,1497.9,1,0
2016-12-27,2016-17,Liverpool,Stoke City,1577.3,1490.0,4,1
2016-12-28,2016-17,Southampton,Tottenham,1513.4,1551.7,1,4
2016-12-30,2016-17,Hull City,Everton,1422.7,1505.4,2,2
2016-12-31,2016-17,Burnley,Sunderland,1467.2,1441.7,4,1
2016-12-31,2016-17,Chelsea,Stoke City,1610.6,1485.0,4,2
2016-12-31,2016-17,Leicester City,West Ham United,1457.6,1489.7,1,0
2016-12-31,2016-17,Liverpool,Manchester City,1582.4,1569.8,1,0
2016-12-31,2016-17,Manchester United,Middlesbrough,1551.1,1466.7,2,1
2016-12-31,2016-17,Southampton,West Bromwich Albion,1501.6,1492.1,1,2
2016-12-31,2016-17,Swansea City,Bournemouth,1427.4,1477.6,0,3
2017-01-01,2016-17,Watford,Tottenham,1477.9,1563.4,1,4
2017-01-01,2016-17,Arsenal,Crystal Palace,1561.2,1449.0,2,0
2017-01-02,2016-17,West Ham United,Manchester United,1481.6,1556.3,0,2
2017-01-02,2016-17,West Bromwich Albion,Hull City,1505.2,1422.2,3,1
2017-01-02,2016-17,Sunderland,Liverpool,1435.1,1589.2,2,2
2017-01-02,2016-17,Everton,Southampton,1505.9,1488.6,3,0
2017-01-02,2016-17,Manchester City,Burnley,1562.9,1473.7,2,1
2017-01-02,2016-17,Middlesbrough,Leicester City,1461.6,1465.7,0,0
2017-01-03,2016-17,Bournemouth,Arsenal,1489.0,1565.8,3,3
2017-01-03,2016-17,Crystal Palace,Swansea City,1444.4,1416.0,1,2
2017-01-03,2016-17,Stoke City,Watford,1480.7,1467.4,2,0
2017-01-04,2016-17,Tottenham,Chelsea,1573.8,1614.9,2,0
2017-01-14,2016-17,Swansea City,Arsenal,1429.5,1566.4,0,4
2017-01-14,2016-17,Watford,Middlesbrough,1460.6,1458.9,0,0
2017-01-14,2016-17,Tottenham,West Bromwich Albion,1582.1,1510.3,4,0
2017-01-14,2016-17,West Ham United,Crystal Palace,1470.9,1430.9,3,0
2017-01-14,2016-17,Sunderland,Stoke City,1436.7,1487.5,1,3
2017-01-14,2016-17,Hull City,Bournemouth,1417.0,1488.3,3,1
2017-01-14,2016-17,Burnley,Southampton,1468.7,1481.8,1,0
2017-01-14,2016-17,Leicester City,Chelsea,1468.4,1606.5,0,3
2017-01-15,2016-17,Everton,Manchester City,1512.7,1568.0,4,0
2017-01-15,2016-17,Manchester United,Liverpool,1567.0,1587.7,1,1
2017-01-21,2016-17,Bournemouth,Watford,1479.1,1457.7,2,2
2017-01-21,2016-17,Crystal Palace,Everton,1424.7,1521.4,0,1
2017-01-21,2016-17,Liverpool,Swansea City,1589.9,1420.6,2,3
2017-01-21,2016-17,Manchester City,Tottenham,1559.2,1587.6,2,2
2017-01-21,2016-17,Middlesbrough,West Ham United,1461.7,1477.1,1,3
2017-01-21,2016-17,Stoke City,Manchester United,1498.9,1564.7,1,1
2017-01-21,2016-17,West Bromwich Albion,Sunderland,1504.9,1425.3,2,0
2017-01-22,2016-17,Southampton,Leicester City,1474.3,1459.5,3,0
2017-01-22,2016-17,Chelsea,Hull City,1615.4,1426.2,2,0
2017-01-22,2016-17,Arsenal,Burnley,1575.4,1476.2,2,1
2017-01-31,2016-17,Arsenal,Watford,1580.2,1461.1,1,2
2017-01-31,2016-17,Bournemouth,Crystal Palace,1475.8,1414.6,0,2
2017-01-31,2016-17,Burnley,Leicester City,1471.4,1452.7,1,0
2017-01-31,2016-17,Liverpool,Chelsea,1573.4,1618.6,1,1
2017-01-31,2016-17,Middlesbrough,West Bromwich Albion,1449.3,1510.2,1,1
2017-01-31,2016-17,Sunderland,Tottenham,1420.0,1589.6,0,0
2017-01-31,2016-17,Swansea City,Southampton,1437.1,1481.1,2,1
2017-02-01,2016-17,Manchester United,Hull City,1565.7,1423.0,0,0
2017-02-01,2016-17,Stoke City,Everton,1497.9,1531.5,1,1
2017-02-01,2016-17,West Ham United,Manchester City,1489.4,1557.2,0,4
2017-02-04,2016-17,Tottenham,Middlesbrough,1587.6,1448.2,1,0
2017-02-04,2016-17,West Bromwich Albion,Stoke City,1511.3,1496.1,1,0
2017-02-04,2016-17,Southampton,West Ham United,1472.7,1478.5,1,3
2017-02-04,2016-17,Watford,Burnley,1476.7,1478.1,2,1
2017-02-04,2016-17,Everton,Bournemouth,1533.4,1461.5,6,3
2017-02-04,2016-17,Crystal Palace,Sunderland,1428.9,1422.0,0,4
2017-02-04,2016-17,Hull City,Liverpool,1429.1,1571.9,2,0
2017-02-04,2016-17,Chelsea,Arsenal,1620.2,1564.6,3,1
2017-02-05,2016-17,Leicester City,Manchester United,1446.0,1559.7,0,3
2017-02-05,2016-17,Manchester City,Swansea City,1568.1,1445.5,2,1
2017-02-11,2016-17,Arsenal,Hull City,1558.8,1440.3,2,0
2017-02-11,2016-17,Liverpool,Tottenham,1560.6,1591.7,2,0
2017-02-11,2016-17,Manchester United,Watford,1569.3,1483.9,2,0
2017-02-11,2016-17,Middlesbrough,Everton,1444.2,1538.8,0,0
2017-02-11,2016-17,Stoke City,Crystal Palace,1489.3,1415.9,1,0
2017-02-11,2016-17,Sunderland,Southampton,1435.0,1460.0,0,4
2017-02-11,2016-17,West Ham United,West Bromwich Albion,1491.2,1518.1,2,2
2017-02-12,2016-17,Swansea City,Leicester City,1441.2,1436.4,2,0
2017-02-12,2016-17,Burnley,Chelsea,1470.9,1626.0,1,1
2017-02-13,2016-17,Bournemouth,Manchester City,1456.0,1572.5,0,2
2017-02-25,2016-17,Chelsea,Swansea City,1624.4,1448.2,3,1
2017-02-25,2016-17,Crystal Palace,Middlesbrough,1410.6,1444.0,1,0
2017-02-25,2016-17,Everton,Sunderland,1538.9,1422.9,2,0
2017-02-25,2016-17,Hull City,Burnley,1435.9,1472.4,1,1
2017-02-25,2016-17,Watford,West Ham United,1478.8,1489.1,1,1
2017-02-25,2016-17,West Bromwich Albion,Bournemouth,1520.2,1446.5,2,1
2017-02-26,2016-17,Tottenham,Stoke City,1583.6,1494.6,4,0
2017-02-27,2016-17,Leicester City,Liverpool,1429.3,1568.7,3,1
2017-03-04,2016-17,Watford,Southampton,1476.3,1472.2,3,4
2017-03-04,2016-17,Swansea City,Burnley,1444.8,1474.3,3,2
2017-03-04,2016-17,Stoke City,Middlesbrough,1489.6,1435.9,2,0
2017-03-04,2016-17,West Bromwich Albion,Crystal Palace,1525.5,1418.7,0,2
2017-03-04,2016-17,Liverpool,Arsenal,1557.6,1563.2,3,1
2017-03-04,2016-17,Leicester City,Hull City,1440.4,1434.1,3,1
2017-03-04,2016-17,Manchester United,Bournemouth,1574.4,1441.1,1,1
2017-03-05,2016-17,Sunderland,Manchester City,1418.4,1582.0,0,2
2017-03-05,2016-17,Tottenham,Everton,1588.7,1543.4,3,2
2017-03-06,2016-17,West Ham United,Chelsea,1491.6,1627.8,1,2
2017-03-08,2016-17,Manchester City,Stoke City,1590.2,1495.4,0,0
2017-03-11,2016-17,Bournemouth,West Ham United,1447.0,1482.7,3,2
2017-03-11,2016-17,Everton,West Bromwich Albion,1537.4,1510.2,3,0
2017-03-11,2016-17,Hull City,Swansea City,1427.0,1452.8,2,1
2017-03-12,2016-17,Liverpool,Burnley,1564.9,1466.3,2,1
2017-03-18,2016-17,West Ham United,Leicester City,1474.5,1447.5,2,3
2017-03-18,2016-17,Sunderland,Burnley,1410.2,1461.4,0,0
2017-03-18,2016-17,Stoke City,Chelsea,1500.5,1636.8,1,2
2017-03-18,2016-17,West Bromwich Albion,Arsenal,1503.7,1555.9,3,1
2017-03-18,2016-17,Crystal Palace,Watford,1434.0,1463.4,1,0
2017-03-18,2016-17,Bournemouth,Swansea City,1455.2,1444.9,2,0
2017-03-18,2016-17,Everton,Hull City,1543.9,1434.9,4,0
2017-03-19,2016-17,Manchester City,Liverpool,1585.1,1569.7,1,1
2017-03-19,2016-17,Middlesbrough,Manchester United,1430.1,1568.6,1,3
2017-03-19,2016-17,Tottenham,Southampton,1594.7,1485.1,2,1
2017-04-01,2016-17,Watford,Sunderland,1455.4,1408.8,1,0
2017-04-01,2016-17,Southampton,Bournemouth,1480.5,1462.1,0,0
2017-04-01,2016-17,Manchester United,West Bromwich Albion,1577.5,1512.3,0,0
2017-04-01,2016-17,Liverpool,Everton,1572.9,1548.5,3,1
2017-04-01,2016-17,Hull City,West Ham United,1430.3,1461.0,2,1
2017-04-01,2016-17,Chelsea,Crystal Palace,1645.7,1442.0,1,2
2017-04-01,2016-17,Burnley,Tottenham,1462.8,1599.3,0,2
2017-04-01,2016-17,Leicester City,Stoke City,1461.0,1491.6,2,0
2017-04-02,2016-17,Arsenal,Manchester City,1547.3,1581.9,2,2
2017-04-02,2016-17,Swansea City,Middlesbrough,1438.0,1421.2,0,0
2017-04-04,2016-17,Watford,West Bromwich Albion,1461.4,1516.8,2,0
2017-04-04,2016-17,Manchester United,Everton,1573.0,1541.9,1,1
2017-04-04,2016-17,Burnley,Stoke City,1453.9,1483.5,1,0
2017-04-04,2016-17,Leicester City,Sunderland,1469.0,1402.8,2,0
2017-04-05,2016-17,Arsenal,West Ham United,1545.4,1453.0,3,0
2017-04-05,2016-17,Chelsea,Manchester City,1628.7,1583.8,2,1
2017-04-05,2016-17,Hull City,Middlesbrough,1438.3,1424.4,4,2
2017-04-05,2016-17,Liverpool,Bournemouth,1579.5,1465.4,2,2
2017-04-05,2016-17,Southampton,Crystal Palace,1477.2,1459.0,3,1
2017-04-05,2016-17,Swansea City,Tottenham,1434.8,1608.3,1,3
2017-04-08,2016-17,Bournemouth,Chelsea,1470.9,1634.8,1,3
2017-04-08,2016-17,Manchester City,Hull City,1577.7,1445.2,3,1
2017-04-08,2016-17,Middlesbrough,Burnley,1417.6,1461.9,0,0
2017-04-08,2016-17,Stoke City,Liverpool,1475.5,1574.0,1,2
2017-04-08,2016-17,Tottenham,Watford,1616.2,1470.1,4,0
2017-04-08,2016-17,West Bromwich Albion,Southampton,1508.0,1483.9,0,1
2017-04-08,2016-17,West Ham United,Swansea City,1448.0,1426.9,1,0
2017-04-09,2016-17,Sunderland,Manchester United,1397.2,1569.4,0,3
2017-04-09,2016-17,Everton,Leicester City,1545.5,1474.5,4,2
2017-04-10,2016-17,Crystal Palace,Arsenal,1452.3,1550.4,3,0
2017-04-15,2016-17,Crystal Palace,Leicester City,1462.3,1469.1,2,2
2017-04-15,2016-17,Everton,Burnley,1551.0,1463.5,3,1
2017-04-15,2016-17,Southampton,Manchester City,1497.3,1581.9,0,3
2017-04-15,2016-17,Stoke City,Hull City,1465.5,1441.0,3,1
2017-04-15,2016-17,Sunderland,West Ham United,1389.3,1454.6,2,2
2017-04-15,2016-17,Tottenham,Bournemouth,1620.1,1462.7,4,0
2017-04-15,2016-17,Watford,Swansea City,1466.2,1420.2,1,0
2017-04-16,2016-17,Manchester United,Chelsea,1577.4,1642.9,2,0
2017-04-16,2016-17,West Bromwich Albion,Liverpool,1494.6,1584.1,0,1
2017-04-17,2016-17,Middlesbrough,Arsenal,1416.0,1540.4,1,2
2017-04-22,2016-17,West Ham United,Everton,1455.6,1556.0,0,0
2017-04-22,2016-17,Hull City,Watford,1434.5,1472.2,2,0
2017-04-22,2016-17,Bournemouth,Middlesbrough,1459.0,1406.7,4,0
2017-04-22,2016-17,Swansea City,Stoke City,1414.2,1472.1,2,0
2017-04-23,2016-17,Burnley,Manchester United,1458.4,1586.4,0,2
2017-04-23,2016-17,Liverpool,Crystal Palace,1594.4,1459.6,1,2
2017-04-25,2016-17,Chelsea,Southampton,1633.9,1486.9,4,2
2017-04-26,2016-17,Arsenal,Leicester City,1549.7,1471.7,1,0
2017-04-26,2016-17,Crystal Palace,Tottenham,1475.5,1623.8,0,1
2017-04-26,2016-17,Middlesbrough,Sunderland,1400.8,1388.3,1,0
2017-04-27,2016-17,Manchester City,Manchester United,1592.3,1595.6,0,0
2017-04-29,2016-17,West Bromwich Albion,Leicester City,1484.3,1466.4,0,1
2017-04-29,2016-17,Sunderland,Bournemouth,1381.4,1464.8,0,1
2017-04-29,2016-17,Stoke City,West Ham United,1463.3,1455.6,0,0
2017-04-29,2016-17,Southampton,Hull City,1483.0,1442.7,0,0
2017-04-29,2016-17,Crystal Palace,Burnley,1466.9,1449.2,0,2
2017-04-30,2016-17,Everton,Chelsea,1556.0,1637.8,0,3
2017-04-30,2016-17,Manchester United,Swansea City,1598.3,1423.0,1,1
2017-04-30,2016-17,Middlesbrough,Manchester City,1407.7,1589.6,2,2
2017-04-30,2016-17,Tottenham,Arsenal,1632.4,1555.0,2,0
2017-05-01,2016-17,Watford,Liverpool,1464.0,1578.5,0,1
2017-05-05,2016-17,West Ham United,Tottenham,1458.6,1637.7,1,0
2017-05-06,2016-17,Leicester City,Watford,1479.7,1454.4,3,0
2017-05-06,2016-17,Hull City,Sunderland,1446.5,1370.9,0,2
2017-05-06,2016-17,Manchester City,Crystal Palace,1587.3,1453.6,5,0
2017-05-06,2016-17,Bournemouth,Stoke City,1475.3,1460.3,2,2
2017-05-06,2016-17,Burnley,West Bromwich Albion,1462.5,1471.0,2,2
2017-05-06,2016-17,Swansea City,Everton,1429.6,1545.5,1,0
2017-05-07,2016-17,Arsenal,Manchester United,1549.7,1591.7,2,0
2017-05-07,2016-17,Liverpool,Southampton,1588.1,1479.2,0,0
2017-05-08,2016-17,Chelsea,Middlesbrough,1648.3,1410.0,3,0
2017-05-10,2016-17,Southampton,Arsenal,1484.6,1558.1,0,2
2017-05-12,2016-17,Everton,Watford,1535.0,1447.9,1,0
2017-05-12,2016-17,West Bromwich Albion,Chelsea,1473.6,1650.8,0,1
2017-05-13,2016-17,Bournemouth,Burnley,1472.1,1459.9,2,1
2017-05-13,2016-17,Manchester City,Leicester City,1591.4,1486.2,2,1
2017-05-13,2016-17,Middlesbrough,Southampton,1407.5,1473.8,1,2
2017-05-13,2016-17,Stoke City,Arsenal,1463.5,1568.8,1,4
2017-05-13,2016-17,Sunderland,Swansea City,1385.6,1440.0,0,2
2017-05-14,2016-17,Crystal Palace,Hull City,1449.5,1431.9,4,0
2017-05-14,2016-17,Tottenham,Manchester United,1625.5,1583.4,2,1
2017-05-14,2016-17,West Ham United,Liverpool,1470.9,1582.7,0,4
2017-05-15,2016-17,Chelsea,Watford,1658.6,1442.8,4,3
2017-05-16,2016-17,Arsenal,Sunderland,1578.7,1374.3,2,0
2017-05-16,2016-17,Manchester City,West Bromwich Albion,1596.1,1465.8,3,1
2017-05-17,2016-17,Southampton,Manchester United,1484.8,1577.2,0,0
2017-05-18,2016-17,Leicester City,Tottenham,1481.5,1631.6,1,6
2017-05-21,2016-17,Arsenal,Everton,1581.6,1540.1,3,1
2017-05-21,2016-17,Burnley,West Ham United,1453.0,1461.2,1,2
2017-05-21,2016-17,Chelsea,Sunderland,1661.4,1371.4,5,1
2017-05-21,2016-17,Hull City,Tottenham,1425.1,1640.2,1,7
2017-05-21,2016-17,Leicester City,Bournemouth,1473.0,1479.0,1,1
2017-05-21,2016-17,Liverpool,Middlesbrough,1592.3,1396.5,3,0
2017-05-21,2016-17,Manchester United,Crystal Palace,1577.4,1456.2,2,0
2017-05-21,2016-17,Southampton,Stoke City,1484.5,1453.6,0,1
2017-05-21,2016-17,Swansea City,West Bromwich Albion,1451.3,1461.6,2,1
2017-05-21,2016-17,Watford,Manchester City,1440.0,1600.3,0,5
2017-08-11,2017-18,Arsenal,Leicester City,1587.8,1470.3,4,3
2017-08-12,2017-18,West Bromwich Albion,Bournemouth,1454.1,1481.6,1,0
2017-08-12,2017-18,Watford,Liverpool,1431.7,1595.4,3,3
2017-08-12,2017-18,Southampton,Swansea City,1470.9,1458.8,0,0
2017-08-12,2017-18,Crystal Palace,Huddersfield Town,1451.9,1500.0,0,3
2017-08-12,2017-18,Chelsea,Burnley,1663.4,1440.4,2,3
2017-08-12,2017-18,Brighton and Hove Albion,Manchester City,1500.0,1608.6,0,2
2017-08-12,2017-18,Everton,Stoke City,1534.0,1467.2,1,0
2017-08-13,2017-18,Manchester United,West Ham United,1581.8,1473.8,4,0
2017-08-13,2017-18,Newcastle United,Tottenham,1500.0,1647.0,0,2
2017-08-19,2017-18,Bournemouth,Watford,1473.7,1433.5,0,2
2017-08-19,2017-18,Burnley,West Bromwich Albion,1457.7,1462.1,0,1
2017-08-19,2017-18,Leicester City,Brighton and Hove Albion,1465.9,1490.2,2,0
2017-08-19,2017-18,Liverpool,Crystal Palace,1593.6,1440.4,1,0
2017-08-19,2017-18,Southampton,West Ham United,1467.8,1469.2,3,2
2017-08-19,2017-18,Stoke City,Arsenal,1461.7,1592.2,1,0
2017-08-19,2017-18,Swansea City,Manchester United,1461.9,1586.5,0,4
2017-08-20,2017-18,Tottenham,Chelsea,1655.6,1646.0,1,2
2017-08-20,2017-18,Huddersfield Town,Newcastle United,1511.5,1491.3,1,0
2017-08-21,2017-18,Manchester City,Everton,1618.4,1539.5,1,1
2017-08-26,2017-18,Bournemouth,Manchester City,1459.9,1613.6,1,2
2017-08-26,2017-18,Crystal Palace,Swansea City,1436.6,1452.6,0,2
2017-08-26,2017-18,Huddersfield Town,Southampton,1518.2,1475.1,0,0
2017-08-26,2017-18,Manchester United,Leicester City,1595.8,1473.7,2,0
2017-08-26,2017-18,Newcastle United,West Ham United,1484.7,1461.9,3,0
2017-08-26,2017-18,Watford,Brighton and Hove Albion,1447.4,1482.4,0,0
2017-08-27,2017-18,Chelsea,Everton,1659.1,1544.3,2,0
2017-08-27,2017-18,Liverpool,Arsenal,1597.4,1581.3,4,0
2017-08-27,2017-18,Tottenham,Burnley,1642.6,1445.0,1,1
2017-08-27,2017-18,West Bromwich Albion,Stoke City,1474.8,1472.5,1,1
2017-09-09,2017-18,Southampton,Watford,1479.0,1445.5,0,2
2017-09-09,2017-18,Stoke City,Manchester United,1475.4,1600.1,2,2
2017-09-09,2017-18,Manchester City,Liverpool,1622.1,1604.2,5,0
2017-09-09,2017-18,Leicester City,Chelsea,1469.4,1663.6,1,2
2017-09-09,2017-18,Everton,Tottenham,1539.8,1635.6,0,3
2017-09-09,2017-18,Brighton and Hove Albion,West Bromwich Albion,1484.2,1471.9,3,1
2017-09-09,2017-18,Arsenal,Bournemouth,1574.6,1451.4,3,0
2017-09-10,2017-18,Burnley,Crystal Palace,1452.0,1424.2,1,0
2017-09-10,2017-18,Swansea City,Newcastle United,1465.0,1491.3,0,1
2017-09-11,2017-18,West Ham United,Huddersfield Town,1455.3,1514.3,2,0
2017-09-15,2017-18,Bournemouth,Brighton and Hove Albion,1447.1,1491.1,2,1
2017-09-16,2017-18,Crystal Palace,Southampton,1417.8,1465.3,0,1
2017-09-16,2017-18,Huddersfield Town,Leicester City,1505.4,1462.0,1,1
2017-09-16,2017-18,Liverpool,Burnley,1597.4,1458.5,1,1
2017-09-16,2017-18,Newcastle United,Stoke City,1503.4,1476.1,2,1
2017-09-16,2017-18,Tottenham,Swansea City,1645.7,1452.9,0,0
2017-09-16,2017-18,Watford,Manchester City,1459.2,1628.8,0,6
2017-09-16,2017-18,West Bromwich Albion,West Ham United,1465.0,1464.1,0,0
2017-09-17,2017-18,Manchester United,Everton,1599.4,1529.6,4,0
2017-09-17,2017-18,Chelsea,Arsenal,1671.0,1578.9,0,0
2017-09-23,2017-18,Burnley,Huddersfield Town,1464.4,1501.5,0,0
2017-09-23,2017-18,Everton,Bournemouth,1524.2,1455.5,2,1
2017-09-23,2017-18,Leicester City,Liverpool,1465.9,1591.5,2,3
2017-09-23,2017-18,Manchester City,Crystal Palace,1636.8,1406.3,5,0
2017-09-23,2017-18,Southampton,Manchester United,1476.8,1604.9,0,1
2017-09-23,2017-18,Stoke City,Chelsea,1469.6,1665.9,0,4
2017-09-23,2017-18,Swansea City,Watford,1459.8,1451.2,1,2
2017-09-23,2017-18,West Ham United,Tottenham,1467.0,1638.9,2,3
2017-09-24,2017-18,Brighton and Hove Albion,Newcastle United,1482.7,1509.9,1,0
2017-09-25,2017-18,Arsenal,West Bromwich Albion,1583.9,1462.2,2,0
2017-09-30,2017-18,West Ham United,Swansea City,1459.0,1446.8,1,0
2017-09-30,2017-18,West Bromwich Albion,Watford,1457.8,1464.2,2,2
2017-09-30,2017-18,Stoke City,Southampton,1462.3,1467.6,2,1
2017-09-30,2017-18,Manchester United,Crystal Palace,1614.1,1403.7,4,0
2017-09-30,2017-18,Huddersfield Town,Tottenham,1503.3,1646.8,0,4
2017-09-30,2017-18,Chelsea,Manchester City,1673.2,1639.4,0,1
2017-09-30,2017-18,Bournemouth,Leicester City,1450.0,1456.7,0,0
2017-10-01,2017-18,Arsenal,Brighton and Hove Albion,1588.3,1490.6,2,0
2017-10-01,2017-18,Everton,Burnley,1529.7,1462.6,0,1
2017-10-01,2017-18,Newcastle United,Liverpool,1501.9,1600.7,1,1
2017-10-14,2017-18,Burnley,West Ham United,1477.1,1465.9,1,1
2017-10-14,2017-18,Crystal Palace,Chelsea,1400.8,1659.6,2,1
2017-10-14,2017-18,Liverpool,Manchester United,1600.8,1616.9,0,0
2017-10-14,2017-18,Manchester City,Stoke City,1653.1,1469.7,7,2
2017-10-14,2017-18,Swansea City,Huddersfield Town,1439.9,1494.6,2,0
2017-10-14,2017-18,Tottenham,Bournemouth,1655.6,1447.4,1,0
2017-10-14,2017-18,Watford,Arsenal,1466.8,1593.1,2,1
2017-10-15,2017-18,Southampton,Newcastle United,1460.3,1501.9,2,2
2017-10-15,2017-18,Brighton and Hove Albion,Everton,1485.8,1515.2,1,1
2017-10-16,2017-18,Leicester City,West Bromwich Albion,1459.3,1455.2,1,1
2017-10-20,2017-18,West Ham United,Brighton and Hove Albion,1469.0,1483.8,0,3
2017-10-21,2017-18,Chelsea,Watford,1645.3,1477.6,4,2
2017-10-21,2017-18,Huddersfield Town,Manchester United,1485.9,1619.3,2,1
2017-10-21,2017-18,Manchester City,Burnley,1656.4,1474.0,3,0
2017-10-21,2017-18,Newcastle United,Crystal Palace,1503.6,1415.1,1,0
2017-10-21,2017-18,Southampton,West Bromwich Albion,1458.6,1458.1,1,0
2017-10-21,2017-18,Stoke City,Bournemouth,1466.4,1444.5,1,2
2017-10-21,2017-18,Swansea City,Leicester City,1448.6,1456.4,1,2
2017-10-22,2017-18,Everton,Arsenal,1517.2,1582.4,2,5
2017-10-22,2017-18,Tottenham,Liverpool,1658.5,1598.4,4,1
2017-10-28,2017-18,Watford,Stoke City,1474.0,1453.0,0,1
2017-10-28,2017-18,West Bromwich Albion,Manchester City,1450.9,1659.7,2,3
2017-10-28,2017-18,Manchester United,Tottenham,1608.3,1664.2,1,0
2017-10-28,2017-18,Bournemouth,Chelsea,1457.8,1648.8,0,1
2017-10-28,2017-18,Crystal Palace,West Ham United,1410.0,1456.6,2,2
2017-10-28,2017-18,Arsenal,Swansea City,1593.4,1436.0,2,1
2017-10-28,2017-18,Liverpool,Huddersfield Town,1592.7,1496.8,3,0
2017-10-29,2017-18,Brighton and Hove Albion,Southampton,1496.2,1465.8,1,1
2017-10-29,2017-18,Leicester City,Everton,1469.0,1506.2,2,0
2017-10-30,2017-18,Burnley,Newcastle United,1470.7,1508.6,1,0
2017-11-04,2017-18,Huddersfield Town,West Bromwich Albion,1491.9,1444.0,1,0
2017-11-04,2017-18,Newcastle United,Bournemouth,1500.4,1450.4,0,1
2017-11-04,2017-18,Southampton,Burnley,1469.4,1479.0,0,1
2017-11-04,2017-18,Stoke City,Leicester City,1466.4,1477.2,2,2
2017-11-04,2017-18,Swansea City,Brighton and Hove Albion,1432.3,1492.6,0,1
2017-11-04,2017-18,West Ham United,Liverpool,1458.1,1597.6,1,4
2017-11-05,2017-18,Manchester City,Arsenal,1666.6,1597.1,3,1
2017-11-05,2017-18,Tottenham,Crystal Palace,1655.4,1408.5,1,0
2017-11-05,2017-18,Chelsea,Manchester United,1656.2,1617.1,1,0
2017-11-05,2017-18,Everton,Watford,1498.0,1460.7,3,2
2017-11-18,2017-18,Arsenal,Tottenham,1591.6,1657.8,2,0
2017-11-18,2017-18,Bournemouth,Huddersfield Town,1464.5,1497.9,4,0
2017-11-18,2017-18,Burnley,Swansea City,1491.5,1421.1,2,0
2017-11-18,2017-18,Crystal Palace,Everton,1406.1,1504.2,2,2
2017-11-18,2017-18,Leicester City,Manchester City,1479.7,1672.1,0,2
2017-11-18,2017-18,Liverpool,Southampton,1606.5,1456.8,3,0
2017-11-18,2017-18,Manchester United,Newcastle United,1610.9,1486.3,4,1
2017-11-18,2017-18,West Bromwich Albion,Chelsea,1438.0,1662.4,0,4
2017-11-19,2017-18,Watford,West Ham United,1454.5,1449.2,2,0
2017-11-20,2017-18,Brighton and Hove Albion,Stoke City,1503.7,1463.9,2,2
2017-11-24,2017-18,West Ham United,Leicester City,1442.2,1472.3,1,1
2017-11-25,2017-18,Tottenham,West Bromwich Albion,1648.8,1431.4,1,1
2017-11-25,2017-18,Swansea City,Bournemouth,1415.7,1472.6,0,0
2017-11-25,2017-18,Newcastle United,Watford,1482.0,1461.5,0,3
2017-11-25,2017-18,Liverpool,Chelsea,1610.3,1669.0,1,1
2017-11-25,2017-18,Crystal Palace,Stoke City,1406.0,1467.7,2,1
2017-11-25,2017-18,Manchester United,Brighton and Hove Albion,1615.2,1499.9,1,0
2017-11-26,2017-18,Burnley,Arsenal,1497.0,1600.6,0,1
2017-11-26,2017-18,Huddersfield Town,Manchester City,1489.8,1679.5,1,2
2017-11-26,2017-18,Southampton,Everton,1453.0,1504.3,4,1
2017-11-28,2017-18,Brighton and Hove Albion,Crystal Palace,1495.4,1414.9,0,0
2017-11-28,2017-18,Leicester City,Tottenham,1474.3,1641.6,2,1
2017-11-28,2017-18,Watford,Manchester United,1474.9,1619.7,2,4
2017-11-28,2017-18,West Bromwich Albion,Newcastle United,1438.6,1468.7,2,2
2017-11-29,2017-18,Manchester City,Southampton,1687.0,1461.6,2,1
2017-11-29,2017-18,Stoke City,Liverpool,1458.8,1609.1,0,3
2017-11-29,2017-18,Everton,West Ham United,1495.7,1440.2,4,0
2017-11-29,2017-18,Chelsea,Swansea City,1670.2,1414.5,1,0
2017-11-29,2017-18,Bournemouth,Burnley,1473.8,1487.1,1,2
2017-11-29,2017-18,Arsenal,Huddersfield Town,1610.5,1482.3,5,0
2017-12-02,2017-18,Arsenal,Manchester United,1614.8,1628.4,1,3
2017-12-02,2017-18,Brighton and Hove Albion,Liverpool,1490.7,1617.7,1,5
2017-12-02,2017-18,Chelsea,Newcastle United,1672.5,1470.7,3,1
2017-12-02,2017-18,Everton,Huddersfield Town,1501.5,1478.1,2,0
2017-12-02,2017-18,Leicester City,Burnley,1486.2,1499.5,1,0
2017-12-02,2017-18,Stoke City,Swansea City,1450.2,1412.2,2,1
2017-12-02,2017-18,Watford,Tottenham,1466.1,1629.7,1,1
2017-12-02,2017-18,West Bromwich Albion,Crystal Palace,1436.7,1419.7,0,0
2017-12-03,2017-18,Bournemouth,Southampton,1461.4,1458.9,1,1
2017-12-03,2017-18,Manchester City,West Ham United,1689.6,1434.4,2,1
2017-12-09,2017-18,Tottenham,Stoke City,1627.8,1456.4,5,1
2017-12-09,2017-18,West Ham United,Chelsea,1432.1,1675.5,1,0
2017-12-09,2017-18,Swansea City,West Bromwich Albion,1405.9,1433.4,1,0
2017-12-09,2017-18,Newcastle United,Leicester City,1467.7,1493.8,2,3
2017-12-09,2017-18,Huddersfield Town,Brighton and Hove Albion,1471.5,1481.4,2,0
2017-12-09,2017-18,Crystal Palace,Bournemouth,1423.0,1458.5,2,2
2017-12-09,2017-18,Burnley,Watford,1492.0,1467.9,1,0
2017-12-10,2017-18,Liverpool,Everton,1626.9,1508.1,1,1
2017-12-10,2017-18,Manchester United,Manchester City,1640.8,1691.9,1,2
2017-12-10,2017-18,Southampton,Arsenal,1461.8,1602.3,1,1
2017-12-12,2017-18,Burnley,Stoke City,1498.5,1453.0,1,0
2017-12-12,2017-18,Crystal Palace,Watford,1421.1,1461.4,2,1
2017-12-12,2017-18,Huddersfield Town,Chelsea,1479.0,1661.6,1,3
2017-12-13,2017-18,Tottenham,Brighton and Hove Albion,1631.3,1474.0,2,0
2017-12-13,2017-18,Swansea City,Manchester City,1413.9,1703.3,0,4
2017-12-13,2017-18,Southampton,Leicester City,1463.0,1505.8,1,4
2017-12-13,2017-18,West Ham United,Arsenal,1446.0,1601.2,0,0
2017-12-13,2017-18,Manchester United,Bournemouth,1629.4,1460.3,1,0
2017-12-13,2017-18,Liverpool,West Bromwich Albion,1621.3,1425.5,0,0
2017-12-13,2017-18,Newcastle United,Everton,1455.6,1513.7,0,1
2017-12-16,2017-18,Watford,Huddersfield Town,1453.1,1471.3,1,4
2017-12-16,2017-18,Manchester City,Tottenham,1708.4,1635.0,4,1
2017-12-16,2017-18,Leicester City,Crystal Palace,1517.5,1429.4,0,3
2017-12-16,2017-18,Stoke City,West Ham United,1446.9,1447.6,0,3
2017-12-16,2017-18,Brighton and Hove Albion,Burnley,1470.3,1504.6,0,0
2017-12-16,2017-18,Arsenal,Newcastle United,1599.6,1444.4,1,0
2017-12-16,2017-18,Chelsea,Southampton,1669.2,1451.3,1,0
2017-12-17,2017-18,Bournemouth,Liverpool,1456.8,1614.4,0,4
2017-12-17,2017-18,West Bromwich Albion,Manchester United,1432.4,1632.9,1,2
2017-12-18,2017-18,Everton,Swansea City,1524.9,1408.9,3,1
2017-12-22,2017-18,Arsenal,Liverpool,1603.3,1622.8,3,3
2017-12-23,2017-18,Stoke City,West Bromwich Albion,1434.2,1425.2,3,1
2017-12-23,2017-18,West Ham United,Newcastle United,1460.4,1440.6,2,3
2017-12-23,2017-18,Swansea City,Crystal Palace,1404.4,1444.4,1,1
2017-12-23,2017-18,Southampton,Huddersfield Town,1448.6,1483.6,1,1
2017-12-23,2017-18,Burnley,Tottenham,1506.4,1629.6,0,3
2017-12-23,2017-18,Leicester City,Manchester United,1502.5,1640.1,2,2
2017-12-23,2017-18,Everton,Chelsea,1529.3,1672.0,0,0
2017-12-23,2017-18,Manchester City,Bournemouth,1713.7,1448.5,4,0
2017-12-23,2017-18,Brighton and Hove Albion,Watford,1468.4,1440.8,1,0
2017-12-26,2017-18,Bournemouth,West Ham United,1446.3,1447.0,3,3
2017-12-26,2017-18,Chelsea,Brighton and Hove Albion,1670.8,1474.9,2,0
2017-12-26,2017-18,Huddersfield Town,Stoke City,1485.5,1441.1,1,1
2017-12-26,2017-18,Liverpool,Swansea City,1625.0,1402.7,5,0
2017-12-26,2017-18,Manchester United,Burnley,1639.0,1497.1,2,2
2017-12-26,2017-18,Tottenham,Southampton,1639.0,1446.7,5,2
2017-12-26,2017-18,Watford,Leicester City,1434.3,1503.6,2,1
2017-12-26,2017-18,West Bromwich Albion,Everton,1418.2,1530.6,0,0
2017-12-27,2017-18,Newcastle United,Manchester City,1453.9,1715.9,0,1
2017-12-28,2017-18,Crystal Palace,Arsenal,1446.1,1601.1,2,3
2017-12-30,2017-18,Bournemouth,Everton,1443.5,1530.2,2,1
2017-12-30,2017-18,Chelsea,Stoke City,1673.8,1445.0,5,0
2017-12-30,2017-18,Huddersfield Town,Burnley,1481.5,1503.1,0,0
2017-12-30,2017-18,Liverpool,Leicester City,1627.8,1494.5,2,1
2017-12-30,2017-18,Manchester United,Southampton,1633.0,1443.6,0,0
2017-12-30,2017-18,Newcastle United,Brighton and Hove Albion,1448.3,1471.8,0,0
2017-12-30,2017-18,Watford,Swansea City,1443.4,1400.0,1,2
2017-12-31,2017-18,Crystal Palace,Manchester City,1437.6,1721.6,0,0
2017-12-31,2017-18,West Bromwich Albion,Arsenal,1418.6,1609.5,1,1
2018-01-01,2017-18,Stoke City,Newcastle United,1442.4,1446.1,0,1
2018-01-01,2017-18,Leicester City,Huddersfield Town,1490.4,1479.3,3,0
2018-01-01,2017-18,Burnley,Liverpool,1505.3,1631.9,1,2
2018-01-01,2017-18,Brighton and Hove Albion,Bournemouth,1474.0,1453.1,2,2
2018-01-01,2017-18,Everton,Manchester United,1520.6,1626.2,0,2
2018-01-02,2017-18,Manchester City,Watford,1716.7,1429.5,3,1
2018-01-02,2017-18,Southampton,Crystal Palace,1450.4,1442.5,1,2
2018-01-02,2017-18,Swansea City,Tottenham,1413.9,1642.1,0,2
2018-01-02,2017-18,West Ham United,West Bromwich Albion,1449.8,1421.2,2,1
2018-01-03,2017-18,Arsenal,Chelsea,1606.9,1676.5,2,2
2018-01-04,2017-18,Tottenham,West Ham United,1648.6,1456.3,1,1
2018-01-13,2017-18,Watford,Southampton,1427.5,1437.4,2,2
2018-01-13,2017-18,Tottenham,Everton,1641.7,1510.7,4,0
2018-01-13,2017-18,Newcastle United,Swansea City,1458.8,1407.4,1,1
2018-01-13,2017-18,West Bromwich Albion,Brighton and Hove Albion,1414.7,1470.6,2,0
2018-01-13,2017-18,Crystal Palace,Burnley,1455.5,1496.1,1,0
2018-01-13,2017-18,Chelsea,Leicester City,1677.3,1497.3,0,0
2018-01-13,2017-18,Huddersfield Town,West Ham United,1472.4,1463.2,1,4
2018-01-14,2017-18,Bournemouth,Arsenal,1456.5,1606.1,2,1
2018-01-14,2017-18,Liverpool,Manchester City,1641.1,1718.7,4,3
2018-01-15,2017-18,Manchester United,Stoke City,1636.0,1429.7,3,0
2018-01-20,2017-18,West Ham United,Bournemouth,1476.2,1467.9,1,1
2018-01-20,2017-18,Stoke City,Huddersfield Town,1426.8,1459.4,2,0
2018-01-20,2017-18,Manchester City,Newcastle United,1709.3,1454.7,3,1
2018-01-20,2017-18,Leicester City,Watford,1503.9,1425.0,2,0
2018-01-20,2017-18,Burnley,Manchester United,1487.8,1639.0,0,1
2018-01-20,2017-18,Brighton and Hove Albion,Chelsea,1461.9,1670.7,0,4
2018-01-20,2017-18,Arsenal,Crystal Palace,1594.6,1463.8,4,1
2018-01-20,2017-18,Everton,West Bromwich Albion,1506.6,1423.4,1,1
2018-01-21,2017-18,Southampton,Tottenham,1439.9,1645.9,1,1
2018-01-22,2017-18,Swansea City,Liverpool,1411.5,1650.5,1,0
2018-01-30,2017-18,West Ham United,Crystal Palace,1473.2,1459.6,1,1
2018-01-30,2017-18,Huddersfield Town,Liverpool,1451.3,1636.7,0,3
2018-01-30,2017-18,Swansea City,Arsenal,1425.3,1598.8,3,1
2018-01-31,2017-18,Chelsea,Bournemouth,1677.6,1470.9,0,3
2018-01-31,2017-18,Everton,Leicester City,1501.7,1509.2,2,1
2018-01-31,2017-18,Manchester City,West Bromwich Albion,1711.6,1428.3,3,0
2018-01-31,2017-18,Newcastle United,Burnley,1452.4,1479.3,1,1
2018-01-31,2017-18,Southampton,Brighton and Hove Albion,1442.9,1454.9,1,1
2018-01-31,2017-18,Stoke City,Watford,1434.9,1419.7,0,0
2018-01-31,2017-18,Tottenham,Manchester United,1642.9,1647.5,2,0
2018-02-03,2017-18,Manchester United,Huddersfield Town,1640.2,1443.7,2,0
2018-02-03,2017-18,West Bromwich Albion,Southampton,1426.3,1440.4,2,3
2018-02-03,2017-18,Leicester City,Swansea City,1501.8,1437.4,1,1
2018-02-03,2017-18,Burnley,Manchester City,1481.3,1713.6,1,1
2018-02-03,2017-18,Brighton and Hove Albion,West Ham United,1457.4,1470.0,3,1
2018-02-03,2017-18,Bournemouth,Stoke City,1488.0,1431.7,2,1
2018-02-03,2017-18,Arsenal,Everton,1586.7,1509.1,5,1
2018-02-04,2017-18,Crystal Palace,Newcastle United,1462.8,1450.4,1,1
2018-02-04,2017-18,Liverpool,Tottenham,1644.3,1650.3,2,2
2018-02-05,2017-18,Watford,Chelsea,1422.9,1660.6,4,1
2018-02-10,2017-18,Everton,Crystal Palace,1503.8,1459.7,3,1
2018-02-10,2017-18,Manchester City,Leicester City,1710.0,1497.4,5,1
2018-02-10,2017-18,Stoke City,Brighton and Hove Albion,1425.9,1464.9,1,1
2018-02-10,2017-18,Swansea City,Burnley,1441.8,1485.0,1,0
2018-02-10,2017-18,Tottenham,Arsenal,1652.9,1592.0,1,0
2018-02-10,2017-18,West Ham United,Watford,1462.5,1436.7,2,0
2018-02-11,2017-18,Newcastle United,Manchester United,1453.5,1643.3,1,0
2018-02-11,2017-18,Huddersfield Town,Bournemouth,1440.6,1493.8,4,1
2018-02-11,2017-18,Southampton,Liverpool,1452.8,1641.6,0,2
2018-02-12,2017-18,Chelsea,West Bromwich Albion,1646.8,1413.9,3,0
2018-02-24,2017-18,Bournemouth,Newcastle United,1485.1,1466.0,2,2
2018-02-24,2017-18,Brighton and Hove Albion,Swansea City,1466.7,1450.2,4,1
2018-02-24,2017-18,Burnley,Southampton,1476.6,1445.3,1,1
2018-02-24,2017-18,Leicester City,Stoke City,1494.6,1424.2,1,1
2018-02-24,2017-18,Liverpool,West Ham United,1649.1,1469.0,4,1
2018-02-24,2017-18,Watford,Everton,1430.2,1509.9,1,0
2018-02-24,2017-18,West Bromwich Albion,Huddersfield Town,1411.3,1449.3,1,2
2018-02-25,2017-18,Crystal Palace,Tottenham,1453.6,1658.6,0,1
2018-02-25,2017-18,Manchester United,Chelsea,1630.7,1649.4,2,1
2018-03-01,2017-18,Arsenal,Manchester City,1586.4,1712.8,0,3
2018-03-03,2017-18,Watford,West Bromwich Albion,1439.6,1399.5,1,0
2018-03-03,2017-18,Tottenham,Huddersfield Town,1665.6,1461.0,2,0
2018-03-03,2017-18,Swansea City,West Ham United,1443.4,1465.7,4,1
2018-03-03,2017-18,Southampton,Stoke City,1448.9,1428.7,0,0
2018-03-03,2017-18,Liverpool,Newcastle United,1652.5,1469.3,2,0
2018-03-03,2017-18,Leicester City,Bournemouth,1490.0,1481.8,1,1
2018-03-03,2017-18,Burnley,Everton,1473.0,1500.5,2,1
2018-03-04,2017-18,Brighton and Hove Albion,Arsenal,1473.4,1577.1,2,1
2018-03-04,2017-18,Manchester City,Chelsea,1722.0,1641.7,1,0
2018-03-05,2017-18,Crystal Palace,Manchester United,1446.5,1638.4,2,3
2018-03-10,2017-18,Chelsea,Crystal Palace,1636.4,1439.1,2,1
2018-03-10,2017-18,Everton,Brighton and Hove Albion,1492.5,1483.5,2,0
2018-03-10,2017-18,Huddersfield Town,Swansea City,1458.1,1451.2,0,0
2018-03-10,2017-18,Manchester United,Liverpool,1645.8,1655.7,2,1
2018-03-10,2017-18,Newcastle United,Southampton,1466.0,1445.6,3,0
2018-03-10,2017-18,West Bromwich Albion,Leicester City,1393.4,1487.0,1,4
2018-03-10,2017-18,West Ham United,Burnley,1457.9,1480.9,0,3
2018-03-11,2017-18,Bournemouth,Tottenham,1484.8,1668.6,1,4
2018-03-11,2017-18,Arsenal,Watford,1567.0,1445.8,3,0
2018-03-12,2017-18,Stoke City,Manchester City,1432.0,1727.3,0,2
2018-03-17,2017-18,Bournemouth,West Bromwich Albion,1477.2,1383.2,2,1
2018-03-17,2017-18,Huddersfield Town,Crystal Palace,1455.1,1436.0,0,2
2018-03-17,2017-18,Liverpool,Watford,1648.3,1441.4,5,0
2018-03-17,2017-18,Stoke City,Everton,1427.1,1499.5,1,2
2018-03-31,2017-18,West Bromwich Albion,Burnley,1378.2,1493.1,1,2
2018-03-31,2017-18,Brighton and Hove Albion,Leicester City,1476.6,1497.2,0,2
2018-03-31,2017-18,Crystal Palace,Liverpool,1449.3,1651.2,1,2
2018-03-31,2017-18,Everton,Manchester City,1510.3,1732.2,1,3
2018-03-31,2017-18,Manchester United,Swansea City,1653.3,1454.2,2,0
2018-03-31,2017-18,Newcastle United,Huddersfield Town,1472.7,1441.8,1,0
2018-03-31,2017-18,Watford,Bournemouth,1438.5,1482.1,2,2
2018-03-31,2017-18,West Ham United,Southampton,1445.7,1438.9,3,0
2018-04-01,2017-18,Chelsea,Tottenham,1639.5,1676.2,1,3
2018-04-01,2017-18,Arsenal,Stoke City,1571.4,1416.3,3,0
2018-04-07,2017-18,Bournemouth,Crystal Palace,1483.7,1442.2,2,2
2018-04-07,2017-18,Brighton and Hove Albion,Huddersfield Town,1464.3,1435.4,1,1
2018-04-07,2017-18,Everton,Liverpool,1503.7,1658.3,0,0
2018-04-07,2017-18,Leicester City,Newcastle United,1509.4,1479.1,1,2
2018-04-07,2017-18,Manchester City,Manchester United,1738.8,1656.3,2,3
2018-04-07,2017-18,Stoke City,Tottenham,1412.6,1688.0,1,2
2018-04-07,2017-18,Watford,Burnley,1436.9,1502.7,1,2
2018-04-07,2017-18,West Bromwich Albion,Swansea City,1368.7,1451.2,1,1
2018-04-08,2017-18,Arsenal,Southampton,1575.1,1431.9,3,2
2018-04-08,2017-18,Chelsea,West Ham United,1627.7,1452.7,1,1
2018-04-14,2017-18,Tottenham,Manchester City,1693.4,1724.0,1,3
2018-04-14,2017-18,Swansea City,Everton,1451.7,1505.2,1,1
2018-04-14,2017-18,Liverpool,Bournemouth,1656.8,1479.9,3,0
2018-04-14,2017-18,Southampton,Chelsea,1428.0,1621.1,2,3
2018-04-14,2017-18,Crystal Palace,Brighton and Hove Albion,1446.1,1460.8,3,2
2018-04-14,2017-18,Burnley,Leicester City,1513.7,1495.8,2,1
2018-04-14,2017-18,Huddersfield Town,Watford,1438.9,1425.9,1,0
2018-04-15,2017-18,Manchester United,West Bromwich Albion,1671.2,1368.2,0,1
2018-04-15,2017-18,Newcastle United,Arsenal,1492.7,1579.1,2,1
2018-04-16,2017-18,West Ham United,Stoke City,1459.3,1407.3,1,1
2018-04-17,2017-18,Brighton and Hove Albion,Tottenham,1453.2,1681.4,1,1
2018-04-18,2017-18,Bournemouth,Manchester United,1476.5,1652.9,0,2
2018-04-19,2017-18,Burnley,Chelsea,1520.4,1628.5,1,2
2018-04-19,2017-18,Leicester City,Southampton,1489.1,1420.6,0,0
2018-04-21,2017-18,Watford,Crystal Palace,1419.0,1453.6,0,0
2018-04-21,2017-18,West Bromwich Albion,Liverpool,1386.4,1660.2,2,2
2018-04-22,2017-18,Manchester City,Swansea City,1736.0,1450.3,5,0
2018-04-22,2017-18,Stoke City,Burnley,1411.4,1510.6,1,1
2018-04-22,2017-18,Arsenal,West Ham United,1569.5,1455.2,4,1
2018-04-23,2017-18,Everton,Newcastle United,1506.6,1502.3,1,0
2018-04-28,2017-18,Burnley,Brighton and Hove Albion,1510.6,1456.7,0,0
2018-04-28,2017-18,Crystal Palace,Leicester City,1455.5,1484.6,5,0
2018-04-28,2017-18,Huddersfield Town,Everton,1445.8,1513.6,0,2
2018-04-28,2017-18,Liverpool,Stoke City,1655.5,1411.3,0,0
2018-04-28,2017-18,Newcastle United,West Bromwich Albion,1495.2,1391.0,0,1
2018-04-28,2017-18,Southampton,Bournemouth,1425.1,1468.7,2,1
2018-04-28,2017-18,Swansea City,Chelsea,1448.4,1638.2,0,1
2018-04-29,2017-18,Manchester United,Arsenal,1660.8,1574.0,2,1
2018-04-29,2017-18,West Ham United,Manchester City,1450.7,1737.9,1,4
2018-04-30,2017-18,Tottenham,Watford,1677.9,1417.2,2,0
2018-05-04,2017-18,Brighton and Hove Albion,Manchester United,1460.9,1665.9,1,0
2018-05-05,2017-18,Watford,Newcastle United,1414.9,1479.9,2,1
2018-05-05,2017-18,West Bromwich Albion,Tottenham,1406.3,1680.1,1,0
2018-05-05,2017-18,Stoke City,Crystal Palace,1418.9,1463.5,1,2
2018-05-05,2017-18,Bournemouth,Swansea City,1460.3,1440.9,1,0
2018-05-05,2017-18,Everton,Southampton,1524.6,1433.5,1,1
2018-05-05,2017-18,Leicester City,West Ham United,1476.6,1445.6,0,2
2018-05-06,2017-18,Arsenal,Burnley,1568.9,1506.5,5,0
2018-05-06,2017-18,Chelsea,Liverpool,1645.7,1648.0,1,0
2018-05-06,2017-18,Manchester City,Huddersfield Town,1743.0,1434.9,0,0
2018-05-08,2017-18,Swansea City,Southampton,1434.2,1438.5,0,1
2018-05-09,2017-18,Chelsea,Huddersfield Town,1653.0,1443.1,1,1
2018-05-09,2017-18,Leicester City,Arsenal,1463.0,1574.5,3,1
2018-05-09,2017-18,Manchester City,Brighton and Hove Albion,1734.7,1473.8,3,1
2018-05-09,2017-18,Tottenham,Newcastle United,1665.5,1470.9,1,0
2018-05-10,2017-18,West Ham United,Manchester United,1459.2,1652.9,0,0
2018-05-13,2017-18,West Ham United,Everton,1461.8,1519.6,3,1
2018-05-13,2017-18,Tottenham,Leicester City,1668.6,1473.3,5,4
2018-05-13,2017-18,Swansea City,Stoke City,1421.5,1407.3,1,2
2018-05-13,2017-18,Southampton,Manchester City,1451.2,1737.0,0,1
2018-05-13,2017-18,Newcastle United,Chelsea,1467.8,1645.8,3,0
2018-05-13,2017-18,Burnley,Bournemouth,1500.8,1467.0,1,2
2018-05-13,2017-18,Liverpool,Brighton and Hove Albion,1640.7,1471.6,4,0
2018-05-13,2017-18,Huddersfield Town,Arsenal,1450.3,1564.2,0,1
2018-05-13,2017-18,Crystal Palace,West Bromwich Albion,1475.1,1420.9,2,0
2018-05-13,2017-18,Manchester United,Watford,1650.3,1423.9,1,0
2018-08-10,2018-19,Manchester United,Leicester City,1653.0,1470.3,2,1
2018-08-11,2018-19,Wolverhampton Wanderers,Everton,1500.0,1510.8,2,2
2018-08-11,2018-19,Newcastle United,Tottenham,1480.0,1671.7,1,2
2018-08-11,2018-19,Watford,Brighton and Hove Albion,1421.3,1468.1,2,0
2018-08-11,2018-19,Fulham,Crystal Palace,1500.0,1480.9,0,2
2018-08-11,2018-19,Huddersfield Town,Chelsea,1440.7,1633.6,0,3
2018-08-11,2018-19,Bournemouth,Cardiff City,1480.6,1500.0,2,0
2018-08-12,2018-19,Arsenal,Manchester City,1573.8,1742.1,0,2
2018-08-12,2018-19,Liverpool,West Ham United,1644.2,1470.6,4,0
2018-08-12,2018-19,Southampton,Burnley,1446.1,1487.2,0,0
2018-08-18,2018-19,Cardiff City,Newcastle United,1492.3,1472.6,0,0
2018-08-18,2018-19,Chelsea,Arsenal,1641.0,1565.7,3,2
2018-08-18,2018-19,Everton,Southampton,1513.3,1444.4,2,1
2018-08-18,2018-19,Leicester City,Wolverhampton Wanderers,1467.0,1497.5,2,0
2018-08-18,2018-19,Tottenham,Fulham,1679.1,1486.7,3,1
2018-08-18,2018-19,West Ham United,Bournemouth,1467.2,1488.4,1,2
2018-08-19,2018-19,Manchester City,Huddersfield Town,1750.1,1433.3,6,1
2018-08-19,2018-19,Brighton and Hove Albion,Manchester United,1459.6,1656.2,3,2
2018-08-19,2018-19,Burnley,Watford,1488.9,1429.8,1,3
2018-08-20,2018-19,Crystal Palace,Liverpool,1494.2,1647.6,0,2
2018-08-25,2018-19,Arsenal,West Ham United,1560.4,1455.0,3,1
2018-08-25,2018-19,Bournemouth,Everton,1500.6,1518.8,2,2
2018-08-25,2018-19,Huddersfield Town,Cardiff City,1431.6,1489.0,0,0
2018-08-25,2018-19,Liverpool,Brighton and Hove Albion,1656.1,1472.3,1,0
2018-08-25,2018-19,Southampton,Leicester City,1438.9,1475.0,1,2
2018-08-25,2018-19,Wolverhampton Wanderers,Manchester City,1489.5,1751.8,1,1
2018-08-26,2018-19,Fulham,Burnley,1483.6,1474.6,4,2
2018-08-26,2018-19,Newcastle United,Chelsea,1475.9,1646.4,1,2
2018-08-26,2018-19,Watford,Crystal Palace,1444.1,1485.7,2,1
2018-08-27,2018-19,Manchester United,Tottenham,1643.5,1682.2,0,3
2018-09-01,2018-19,Manchester City,Newcastle United,1747.4,1467.9,2,1
2018-09-01,2018-19,Leicester City,Liverpool,1486.8,1659.4,1,2
2018-09-01,2018-19,West Ham United,Wolverhampton Wanderers,1450.3,1493.8,0,1
2018-09-01,2018-19,Everton,Huddersfield Town,1521.1,1430.4,1,1
2018-09-01,2018-19,Chelsea,Bournemouth,1654.4,1498.3,2,0
2018-09-01,2018-19,Brighton and Hove Albion,Fulham,1469.0,1490.5,2,2
2018-09-01,2018-19,Crystal Palace,Southampton,1477.4,1427.1,0,2
2018-09-02,2018-19,Burnley,Manchester United,1467.6,1631.8,0,2
2018-09-02,2018-19,Cardiff City,Arsenal,1490.2,1565.1,2,3
2018-09-02,2018-19,Watford,Tottenham,1452.4,1694.0,2,1
2018-09-15,2018-19,Bournemouth,Leicester City,1494.5,1478.9,4,2
2018-09-15,2018-19,Chelsea,Cardiff City,1658.1,1479.5,4,1
2018-09-15,2018-19,Huddersfield Town,Crystal Palace,1435.4,1463.3,0,1
2018-09-15,2018-19,Manchester City,Fulham,1749.5,1492.8,3,0
2018-09-15,2018-19,Newcastle United,Arsenal,1465.9,1575.8,1,2
2018-09-15,2018-19,Tottenham,Liverpool,1680.1,1667.3,1,2
2018-09-15,2018-19,Watford,Manchester United,1466.3,1640.0,1,2
2018-09-16,2018-19,Wolverhampton Wanderers,Burnley,1505.4,1459.4,1,0
2018-09-16,2018-19,Everton,West Ham United,1516.1,1438.7,1,3
2018-09-17,2018-19,Southampton,Brighton and Hove Albion,1441.2,1466.8,2,2
2018-09-22,2018-19,Brighton and Hove Albion,Tottenham,1468.9,1667.0,1,2
2018-09-22,2018-19,Burnley,Bournemouth,1453.4,1501.3,4,0
2018-09-22,2018-19,Cardiff City,Manchester City,1476.1,1751.7,0,5
2018-09-22,2018-19,Crystal Palace,Newcastle United,1475.4,1456.2,0,0
2018-09-22,2018-19,Fulham,Watford,1490.5,1458.3,1,1
2018-09-22,2018-19,Leicester City,Huddersfield Town,1472.1,1423.3,3,1
2018-09-22,2018-19,Liverpool,Southampton,1680.5,1439.0,3,0
2018-09-22,2018-19,Manchester United,Wolverhampton Wanderers,1647.9,1511.5,1,1
2018-09-23,2018-19,Arsenal,Everton,1585.5,1501.4,2,0
2018-09-23,2018-19,West Ham United,Chelsea,1453.4,1661.4,0,0
2018-09-29,2018-19,Wolverhampton Wanderers,Southampton,1517.4,1436.6,2,0
2018-09-29,2018-19,West Ham United,Manchester United,1456.4,1641.9,3,1
2018-09-29,2018-19,Manchester City,Brighton and Hove Albion,1757.1,1461.7,2,0
2018-09-29,2018-19,Newcastle United,Leicester City,1459.5,1478.0,0,2
2018-09-29,2018-19,Everton,Fulham,1496.2,1486.8,3,0
2018-09-29,2018-19,Arsenal,Watford,1590.7,1462.0,2,0
2018-09-29,2018-19,Huddersfield Town,Tottenham,1417.4,1674.2,0,2
2018-09-29,2018-19,Chelsea,Liverpool,1658.4,1682.9,1,1
2018-09-30,2018-19,Cardiff City,Burnley,1470.8,1461.9,1,2
2018-10-01,2018-19,Bournemouth,Crystal Palace,1492.8,1472.1,2,1
2018-10-05,2018-19,Brighton and Hove Albion,West Ham United,1459.8,1468.8,1,0
2018-10-06,2018-19,Burnley,Huddersfield Town,1475.0,1411.6,1,1
2018-10-06,2018-19,Crystal Palace,Wolverhampton Wanderers,1465.4,1522.6,0,1
2018-10-06,2018-19,Leicester City,Everton,1490.4,1503.2,1,2
2018-10-06,2018-19,Manchester United,Newcastle United,1629.5,1447.2,3,2
2018-10-06,2018-19,Tottenham,Cardiff City,1680.0,1457.7,1,0
2018-10-06,2018-19,Watford,Bournemouth,1457.7,1499.5,0,4
2018-10-07,2018-19,Liverpool,Manchester City,1685.1,1758.9,0,0
2018-10-07,2018-19,Southampton,Chelsea,1431.4,1656.3,0,3
2018-10-07,2018-19,Fulham,Arsenal,1479.9,1594.9,1,5
2018-10-20,2018-19,Bournemouth,Southampton,1511.1,1424.8,0,0
2018-10-20,2018-19,Cardiff City,Fulham,1455.0,1470.3,4,2
2018-10-20,2018-19,Chelsea,Manchester United,1662.8,1632.8,2,2
2018-10-20,2018-19,Huddersfield Town,Liverpool,1416.0,1684.3,0,1
2018-10-20,2018-19,Manchester City,Burnley,1759.7,1470.6,5,0
2018-10-20,2018-19,Newcastle United,Brighton and Hove Albion,1443.9,1467.3,0,1
2018-10-20,2018-19,West Ham United,Tottenham,1461.4,1682.7,0,1
2018-10-20,2018-19,Wolverhampton Wanderers,Watford,1533.8,1446.1,0,2
2018-10-21,2018-19,Everton,Crystal Palace,1515.6,1454.2,2,0
2018-10-22,2018-19,Arsenal,Leicester City,1604.5,1477.9,3,1
2018-10-27,2018-19,Watford,Huddersfield Town,1461.0,1410.5,3,0
2018-10-27,2018-19,Southampton,Newcastle United,1429.7,1431.7,0,0
2018-10-27,2018-19,Liverpool,Cardiff City,1689.8,1462.6,4,1
2018-10-27,2018-19,Fulham,Bournemouth,1462.7,1506.2,0,3
2018-10-27,2018-19,Brighton and Hove Albion,Wolverhampton Wanderers,1479.4,1518.9,1,0
2018-10-27,2018-19,Leicester City,West Ham United,1473.6,1454.7,1,1
2018-10-28,2018-19,Burnley,Chelsea,1468.6,1659.3,0,4
2018-10-28,2018-19,Crystal Palace,Arsenal,1448.5,1608.7,2,2
2018-10-28,2018-19,Manchester United,Everton,1636.4,1521.3,2,1
2018-10-29,2018-19,Tottenham,Manchester City,1689.3,1761.6,0,1
2018-11-03,2018-19,Wolverhampton Wanderers,Tottenham,1510.6,1678.5,2,3
2018-11-03,2018-19,Arsenal,Liverpool,1607.0,1692.4,1,1
2018-11-03,2018-19,Bournemouth,Manchester United,1517.9,1640.9,1,2
2018-11-03,2018-19,Cardiff City,Leicester City,1460.0,1470.3,0,1
2018-11-03,2018-19,Everton,Brighton and Hove Albion,1516.8,1487.7,3,1
2018-11-03,2018-19,Newcastle United,Watford,1434.5,1466.9,1,0
2018-11-03,2018-19,West Ham United,Burnley,1458.0,1461.2,4,2
2018-11-04,2018-19,Manchester City,Southampton,1772.4,1427.0,6,1
2018-11-04,2018-19,Chelsea,Crystal Palace,1666.7,1450.2,3,1
2018-11-05,2018-19,Huddersfield Town,Fulham,1404.6,1451.1,1,0
2018-11-10,2018-19,Cardiff City,Brighton and Hove Albion,1447.5,1481.3,2,1
2018-11-10,2018-19,Crystal Palace,Tottenham,1447.5,1686.6,0,1
2018-11-10,2018-19,Huddersfield Town,West Ham United,1413.0,1465.3,1,1
2018-11-10,2018-19,Leicester City,Burnley,1482.9,1453.9,0,0
2018-11-10,2018-19,Newcastle United,Bournemouth,1442.6,1508.5,2,1
2018-11-10,2018-19,Southampton,Watford,1425.5,1458.9,1,1
2018-11-11,2018-19,Arsenal,Wolverhampton Wanderers,1606.6,1502.5,1,1
2018-11-11,2018-19,Chelsea,Everton,1669.5,1523.3,0,0
2018-11-11,2018-19,Liverpool,Fulham,1692.9,1442.6,2,0
2018-11-11,2018-19,Manchester City,Manchester United,1773.8,1650.2,3,1
2018-11-24,2018-19,Tottenham,Chelsea,1692.8,1663.4,3,1
2018-11-24,2018-19,Watford,Liverpool,1460.8,1695.2,0,3
2018-11-24,2018-19,West Ham United,Manchester City,1466.7,1778.2,0,4
2018-11-24,2018-19,Manchester United,Crystal Palace,1645.9,1441.3,0,0
2018-11-24,2018-19,Everton,Cardiff City,1529.4,1455.6,1,0
2018-11-24,2018-19,Fulham,Southampton,1440.3,1423.6,3,2
2018-11-24,2018-19,Brighton and Hove Albion,Leicester City,1473.1,1479.3,1,1
2018-11-25,2018-19,Bournemouth,Arsenal,1499.5,1601.3,1,2
2018-11-25,2018-19,Wolverhampton Wanderers,Huddersfield Town,1507.8,1411.7,0,2
2018-11-26,2018-19,Burnley,Newcastle United,1457.5,1451.6,1,2
2018-11-30,2018-19,Cardiff City,Wolverhampton Wanderers,1450.2,1492.7,2,1
2018-12-01,2018-19,Crystal Palace,Burnley,1448.3,1444.5,2,0
2018-12-01,2018-19,Huddersfield Town,Brighton and Hove Albion,1426.8,1470.5,1,2
2018-12-01,2018-19,Leicester City,Watford,1481.9,1454.4,2,0
2018-12-01,2018-19,Manchester City,Bournemouth,1782.7,1489.5,3,1
2018-12-01,2018-19,Newcastle United,West Ham United,1464.5,1462.1,0,3
2018-12-01,2018-19,Southampton,Manchester United,1416.9,1638.9,2,2
2018-12-02,2018-19,Liverpool,Everton,1701.5,1534.7,1,0
2018-12-02,2018-19,Chelsea,Fulham,1657.0,1447.0,2,0
2018-12-02,2018-19,Arsenal,Tottenham,1611.3,1699.2,4,2
2018-12-04,2018-19,Bournemouth,Huddersfield Town,1487.7,1415.2,2,1
2018-12-04,2018-19,Brighton and Hove Albion,Crystal Palace,1482.1,1455.4,3,1
2018-12-04,2018-19,Watford,Manchester City,1448.0,1784.6,1,2
2018-12-04,2018-19,West Ham United,Cardiff City,1475.0,1458.6,3,1
2018-12-05,2018-19,Burnley,Liverpool,1437.4,1705.1,1,3
2018-12-05,2018-19,Everton,Newcastle United,1531.2,1451.7,1,1
2018-12-05,2018-19,Fulham,Leicester City,1444.2,1488.4,1,1
2018-12-05,2018-19,Manchester United,Arsenal,1635.5,1620.9,2,2
2018-12-05,2018-19,Tottenham,Southampton,1689.6,1420.3,3,1
2018-12-05,2018-19,Wolverhampton Wanderers,Chelsea,1484.4,1659.8,2,1
2018-12-08,2018-19,Manchester United,Fulham,1632.3,1442.6,4,1
2018-12-08,2018-19,Leicester City,Tottenham,1490.0,1691.7,0,2
2018-12-08,2018-19,Chelsea,Manchester City,1647.7,1788.7,2,0
2018-12-08,2018-19,West Ham United,Crystal Palace,1481.7,1448.9,3,2
2018-12-08,2018-19,Cardiff City,Southampton,1451.8,1418.1,1,0
2018-12-08,2018-19,Bournemouth,Liverpool,1493.1,1710.6,0,4
2018-12-08,2018-19,Arsenal,Huddersfield Town,1624.1,1409.8,1,0
2018-12-08,2018-19,Burnley,Brighton and Hove Albion,1431.9,1488.6,1,0
2018-12-09,2018-19,Newcastle United,Wolverhampton Wanderers,1456.4,1496.5,1,2
2018-12-10,2018-19,Everton,Watford,1526.4,1443.9,2,2
2018-12-15,2018-19,Crystal Palace,Leicester City,1442.5,1482.9,1,0
2018-12-15,2018-19,Fulham,West Ham United,1439.4,1488.1,0,2
2018-12-15,2018-19,Huddersfield Town,Newcastle United,1407.0,1444.7,0,1
2018-12-15,2018-19,Manchester City,Everton,1777.5,1521.6,3,1
2018-12-15,2018-19,Tottenham,Burnley,1698.9,1440.6,1,0
2018-12-15,2018-19,Watford,Cardiff City,1448.7,1458.1,3,2
2018-12-15,2018-19,Wolverhampton Wanderers,Bournemouth,1508.2,1486.3,2,0
2018-12-16,2018-19,Liverpool,Manchester United,1717.3,1635.5,3,1
2018-12-16,2018-19,Southampton,Arsenal,1411.8,1626.9,3,2
2018-12-16,2018-19,Brighton and Hove Albion,Chelsea,1479.9,1658.9,1,2
2018-12-21,2018-19,Wolverhampton Wanderers,Liverpool,1514.8,1722.5,0,2
2018-12-22,2018-19,Arsenal,Burnley,1613.7,1438.4,3,1
2018-12-22,2018-19,Bournemouth,Brighton and Hove Albion,1479.7,1472.1,2,0
2018-12-22,2018-19,Cardiff City,Manchester United,1450.7,1630.3,1,5
2018-12-22,2018-19,Chelsea,Leicester City,1666.6,1474.6,0,1
2018-12-22,2018-19,Huddersfield Town,Southampton,1395.2,1425.0,1,3
2018-12-22,2018-19,Manchester City,Crystal Palace,1779.8,1450.8,2,3
2018-12-22,2018-19,Newcastle United,Fulham,1456.5,1427.9,0,0
2018-12-22,2018-19,West Ham United,Watford,1499.6,1456.1,0,2
2018-12-23,2018-19,Everton,Tottenham,1519.3,1701.1,2,6
2018-12-26,2018-19,Liverpool,Newcastle United,1729.5,1452.9,4,0
2018-12-26,2018-19,Watford,Chelsea,1470.1,1649.8,1,2
2018-12-26,2018-19,Tottenham,Bournemouth,1708.8,1486.7,5,0
2018-12-26,2018-19,Leicester City,Manchester City,1491.4,1761.4,2,1
2018-12-26,2018-19,Manchester United,Huddersfield Town,1638.0,1383.2,3,1
2018-12-26,2018-19,Crystal Palace,Cardiff City,1469.3,1442.9,0,0
2018-12-26,2018-19,Brighton and Hove Albion,Arsenal,1465.1,1617.1,1,1
2018-12-26,2018-19,Fulham,Wolverhampton Wanderers,1431.5,1507.8,1,1
2018-12-26,2018-19,Burnley,Everton,1435.0,1511.7,1,5
2018-12-27,2018-19,Southampton,West Ham United,1437.0,1485.6,1,2
2018-12-29,2018-19,Brighton and Hove Albion,Everton,1466.6,1522.3,1,0
2018-12-29,2018-19,Fulham,Huddersfield Town,1430.8,1380.9,1,0
2018-12-29,2018-19,Leicester City,Cardiff City,1506.0,1446.4,0,1
2018-12-29,2018-19,Liverpool,Arsenal,1731.6,1615.6,5,1
2018-12-29,2018-19,Tottenham,Wolverhampton Wanderers,1711.5,1508.5,1,3
2018-12-29,2018-19,Watford,Newcastle United,1462.3,1450.9,1,1
2018-12-30,2018-19,Burnley,West Ham United,1424.3,1497.1,2,0
2018-12-30,2018-19,Crystal Palace,Chelsea,1465.8,1657.5,0,1
2018-12-30,2018-19,Manchester United,Bournemouth,1640.3,1484.0,4,1
2018-12-30,2018-19,Southampton,Manchester City,1425.5,1746.8,1,3
2019-01-01,2018-19,Cardiff City,Tottenham,1460.7,1694.5,0,3
2019-01-01,2018-19,Everton,Leicester City,1513.6,1491.7,0,1
2019-01-01,2018-19,Arsenal,Fulham,1611.2,1436.7,4,1
2019-01-02,2018-19,Bournemouth,Watford,1480.3,1459.2,3,3
2019-01-02,2018-19,Chelsea,Southampton,1664.9,1421.1,0,0
2019-01-02,2018-19,Huddersfield Town,Burnley,1375.0,1433.5,1,2
2019-01-02,2018-19,Newcastle United,Manchester United,1454.0,1644.0,0,2
2019-01-02,2018-19,West Ham United,Brighton and Hove Albion,1487.9,1475.3,2,2
2019-01-02,2018-19,Wolverhampton Wanderers,Crystal Palace,1525.5,1458.4,0,2
2019-01-03,2018-19,Manchester City,Liverpool,1751.2,1736.1,2,1
2019-01-12,2018-19,West Ham United,Arsenal,1484.8,1614.6,1,0
2019-01-12,2018-19,Brighton and Hove Albion,Liverpool,1478.4,1729.2,0,1
2019-01-12,2018-19,Burnley,Fulham,1444.7,1433.3,2,1
2019-01-12,2018-19,Cardiff City,Huddersfield Town,1454.4,1363.8,0,0
2019-01-12,2018-19,Chelsea,Newcastle United,1657.4,1446.5,2,1
2019-01-12,2018-19,Crystal Palace,Watford,1472.8,1462.6,1,2
2019-01-12,2018-19,Leicester City,Southampton,1505.0,1428.7,1,2
2019-01-13,2018-19,Tottenham,Manchester United,1700.8,1651.5,0,1
2019-01-13,2018-19,Everton,Bournemouth,1500.2,1476.9,2,0
2019-01-14,2018-19,Manchester City,Wolverhampton Wanderers,1758.0,1511.1,3,0
2019-01-19,2018-19,Arsenal,Chelsea,1603.7,1660.2,2,0
2019-01-19,2018-19,Bournemouth,West Ham United,1470.3,1495.6,2,0
2019-01-19,2018-19,Liverpool,Crystal Palace,1735.2,1459.8,4,3
2019-01-19,2018-19,Manchester United,Brighton and Hove Albion,1665.6,1472.5,2,1
2019-01-19,2018-19,Newcastle United,Cardiff City,1443.7,1449.4,3,0
2019-01-19,2018-19,Southampton,Everton,1443.4,1506.8,2,1
2019-01-19,2018-19,Watford,Burnley,1475.6,1451.6,0,0
2019-01-19,2018-19,Wolverhampton Wanderers,Leicester City,1508.7,1490.4,4,3
2019-01-20,2018-19,Fulham,Tottenham,1426.4,1686.8,1,2
2019-01-20,2018-19,Huddersfield Town,Manchester City,1368.8,1760.4,0,3
2019-01-29,2018-19,Wolverhampton Wanderers,West Ham United,1515.4,1487.7,3,0
2019-01-29,2018-19,Newcastle United,Manchester City,1451.0,1763.5,2,1
2019-01-29,2018-19,Manchester United,Burnley,1668.7,1455.0,2,2
2019-01-29,2018-19,Fulham,Brighton and Hove Albion,1420.7,1469.4,4,2
2019-01-29,2018-19,Arsenal,Cardiff City,1612.5,1442.0,2,1
2019-01-29,2018-19,Huddersfield Town,Everton,1365.6,1497.9,0,1
2019-01-30,2018-19,Bournemouth,Chelsea,1478.2,1651.5,4,0
2019-01-30,2018-19,Liverpool,Leicester City,1737.2,1483.6,1,1
2019-01-30,2018-19,Southampton,Crystal Palace,1452.3,1457.7,1,1
2019-01-30,2018-19,Tottenham,Watford,1692.5,1472.2,2,1
2019-02-02,2018-19,Tottenham,Newcastle United,1695.2,1466.5,1,0
2019-02-02,2018-19,Brighton and Hove Albion,Watford,1460.9,1469.5,0,0
2019-02-02,2018-19,Burnley,Southampton,1462.2,1449.7,1,1
2019-02-02,2018-19,Cardiff City,Bournemouth,1438.6,1490.3,2,0
2019-02-02,2018-19,Chelsea,Huddersfield Town,1639.4,1356.6,5,0
2019-02-02,2018-19,Everton,Wolverhampton Wanderers,1506.9,1521.9,1,3
2019-02-02,2018-19,Crystal Palace,Fulham,1460.4,1429.3,2,0
2019-02-03,2018-19,Manchester City,Arsenal,1748.1,1616.0,3,1
2019-02-03,2018-19,Leicester City,Manchester United,1491.3,1661.5,0,1
2019-02-04,2018-19,West Ham United,Liverpool,1481.3,1729.5,1,1
2019-02-06,2018-19,Everton,Manchester City,1494.5,1752.2,0,2
2019-02-09,2018-19,Brighton and Hove Albion,Burnley,1458.3,1459.1,1,3
2019-02-09,2018-19,Crystal Palace,West Ham United,1466.8,1485.3,1,1
2019-02-09,2018-19,Fulham,Manchester United,1422.9,1669.5,0,3
2019-02-09,2018-19,Huddersfield Town,Arsenal,1354.6,1611.8,1,2
2019-02-09,2018-19,Liverpool,Bournemouth,1725.5,1481.7,3,0
2019-02-09,2018-19,Southampton,Cardiff City,1452.8,1447.2,1,2
2019-02-09,2018-19,Watford,Everton,1472.0,1488.8,1,0
2019-02-10,2018-19,Manchester City,Chelsea,1758.0,1641.4,6,0
2019-02-10,2018-19,Tottenham,Leicester City,1697.8,1483.3,3,1
2019-02-11,2018-19,Wolverhampton Wanderers,Newcastle United,1534.3,1463.9,1,1
2019-02-22,2018-19,West Ham United,Fulham,1487.6,1416.9,3,1
2019-02-22,2018-19,Cardiff City,Watford,1460.1,1479.7,1,5
2019-02-23,2018-19,Bournemouth,Wolverhampton Wanderers,1479.2,1529.7,1,1
2019-02-23,2018-19,Burnley,Tottenham,1471.9,1700.6,2,1
2019-02-23,2018-19,Leicester City,Crystal Palace,1480.5,1464.5,1,4
2019-02-23,2018-19,Newcastle United,Huddersfield Town,1468.4,1348.8,2,0
2019-02-24,2018-19,Arsenal,Southampton,1617.6,1439.9,2,0
2019-02-24,2018-19,Manchester United,Liverpool,1675.5,1727.9,0,0
2019-02-26,2018-19,Cardiff City,Everton,1447.9,1481.1,0,3
2019-02-26,2018-19,Huddersfield Town,Wolverhampton Wanderers,1344.4,1531.1,1,0
2019-02-26,2018-19,Leicester City,Brighton and Hove Albion,1467.3,1445.5,2,1
2019-02-26,2018-19,Newcastle United,Burnley,1472.8,1485.4,2,0
2019-02-27,2018-19,Manchester City,West Ham United,1762.5,1493.0,1,0
2019-02-27,2018-19,Southampton,Fulham,1436.5,1411.4,2,0
2019-02-27,2018-19,Liverpool,Watford,1729.3,1492.0,5,0
2019-02-27,2018-19,Crystal Palace,Manchester United,1477.7,1674.2,1,3
2019-02-27,2018-19,Chelsea,Tottenham,1636.9,1687.1,2,0
2019-02-27,2018-19,Arsenal,Bournemouth,1620.9,1477.8,5,1
2019-03-02,2018-19,Bournemouth,Manchester City,1473.9,1764.6,0,1
2019-03-02,2018-19,Brighton and Hove Albion,Huddersfield Town,1438.9,1356.8,1,0
2019-03-02,2018-19,Burnley,Crystal Palace,1477.9,1470.4,1,3
2019-03-02,2018-19,Manchester United,Southampton,1681.5,1443.1,3,2
2019-03-02,2018-19,Tottenham,Arsenal,1678.5,1624.9,1,1
2019-03-02,2018-19,West Ham United,Newcastle United,1490.9,1480.3,2,0
2019-03-02,2018-19,Wolverhampton Wanderers,Cardiff City,1518.7,1436.0,2,0
2019-03-03,2018-19,Everton,Liverpool,1493.0,1731.8,0,0
2019-03-03,2018-19,Fulham,Chelsea,1404.9,1645.5,1,2
2019-03-03,2018-19,Watford,Leicester City,1489.5,1473.9,2,1
2019-03-09,2018-19,Southampton,Tottenham,1440.6,1674.4,2,1
2019-03-09,2018-19,Newcastle United,Everton,1473.4,1496.8,3,2
2019-03-09,2018-19,Manchester City,Watford,1769.6,1496.3,3,1
2019-03-09,2018-19,Cardiff City,West Ham United,1430.8,1497.8,2,0
2019-03-09,2018-19,Huddersfield Town,Bournemouth,1351.7,1468.9,0,2
2019-03-09,2018-19,Crystal Palace,Brighton and Hove Albion,1483.4,1444.1,1,2
2019-03-09,2018-19,Leicester City,Fulham,1467.1,1398.7,3,1
2019-03-10,2018-19,Arsenal,Manchester United,1629.0,1684.0,2,0
2019-03-10,2018-19,Chelsea,Wolverhampton Wanderers,1651.7,1523.9,1,1
2019-03-10,2018-19,Liverpool,Burnley,1728.0,1464.9,4,2
2019-03-16,2018-19,Burnley,Leicester City,1462.7,1472.6,1,2
2019-03-16,2018-19,Bournemouth,Newcastle United,1478.4,1481.2,2,2
2019-03-16,2018-19,West Ham United,Huddersfield Town,1488.8,1342.2,4,3
2019-03-17,2018-19,Fulham,Liverpool,1393.2,1730.2,1,2
2019-03-17,2018-19,Everton,Chelsea,1489.0,1645.9,2,0
2019-03-30,2018-19,West Ham United,Everton,1492.7,1500.6,0,2
2019-03-30,2018-19,Manchester United,Watford,1675.2,1494.2,2,1
2019-03-30,2018-19,Leicester City,Bournemouth,1485.2,1475.6,2,0
2019-03-30,2018-19,Burnley,Wolverhampton Wanderers,1450.1,1529.6,2,0
2019-03-30,2018-19,Crystal Palace,Huddersfield Town,1469.6,1338.3,2,0
2019-03-30,2018-19,Brighton and Hove Albion,Southampton,1457.9,1454.2,0,1
2019-03-30,2018-19,Fulham,Manchester City,1389.1,1771.7,0,2
2019-03-31,2018-19,Cardiff City,Chelsea,1439.8,1634.3,1,2
2019-03-31,2018-19,Liverpool,Tottenham,1734.3,1660.7,2,1
2019-04-01,2018-19,Arsenal,Newcastle United,1637.7,1484.0,2,0
2019-04-02,2018-19,Watford,Fulham,1490.9,1385.8,4,1
2019-04-02,2018-19,Wolverhampton Wanderers,Manchester United,1520.2,1678.6,2,1
2019-04-03,2018-19,Chelsea,Brighton and Hove Albion,1641.6,1445.0,3,0
2019-04-03,2018-19,Manchester City,Cardiff City,1775.0,1432.5,2,0
2019-04-03,2018-19,Tottenham,Crystal Palace,1655.3,1473.8,2,0
2019-04-05,2018-19,Southampton,Liverpool,1467.1,1739.7,1,3
2019-04-06,2018-19,Newcastle United,Crystal Palace,1480.2,1470.5,0,1
2019-04-06,2018-19,Huddersfield Town,Leicester City,1334.1,1492.1,1,4
2019-04-06,2018-19,Bournemouth,Burnley,1468.7,1459.6,1,3
2019-04-07,2018-19,Everton,Arsenal,1513.2,1641.5,1,0
2019-04-08,2018-19,Chelsea,West Ham United,1644.7,1480.1,2,0
2019-04-12,2018-19,Leicester City,Newcastle United,1500.5,1467.1,0,1
2019-04-13,2018-19,Brighton and Hove Albion,Bournemouth,1441.9,1455.7,0,5
2019-04-13,2018-19,Burnley,Cardiff City,1472.6,1431.0,2,0
2019-04-13,2018-19,Fulham,Everton,1381.1,1524.0,2,0
2019-04-13,2018-19,Manchester United,West Ham United,1666.9,1476.5,2,1
2019-04-13,2018-19,Southampton,Wolverhampton Wanderers,1461.7,1531.9,3,1
2019-04-13,2018-19,Tottenham,Huddersfield Town,1658.6,1325.7,4,0
2019-04-14,2018-19,Crystal Palace,Manchester City,1483.5,1776.4,1,3
2019-04-14,2018-19,Liverpool,Chelsea,1745.1,1648.3,2,0
2019-04-15,2018-19,Watford,Arsenal,1495.6,1630.7,0,1
2019-04-16,2018-19,Brighton and Hove Albion,Cardiff City,1429.5,1424.9,0,2
2019-04-20,2018-19,Bournemouth,Fulham,1468.1,1392.4,0,1
2019-04-20,2018-19,Huddersfield Town,Watford,1324.2,1486.6,1,2
2019-04-20,2018-19,Manchester City,Tottenham,1781.4,1660.1,1,0
2019-04-20,2018-19,Newcastle United,Southampton,1480.8,1470.9,3,1
2019-04-20,2018-19,West Ham United,Leicester City,1473.3,1486.8,2,2
2019-04-20,2018-19,Wolverhampton Wanderers,Brighton and Hove Albion,1522.7,1416.6,0,0
2019-04-21,2018-19,Arsenal,Crystal Palace,1639.7,1478.6,2,3
2019-04-21,2018-19,Cardiff City,Liverpool,1437.8,1749.9,0,2
2019-04-21,2018-19,Everton,Manchester United,1512.8,1670.1,4,0
2019-04-22,2018-19,Chelsea,Burnley,1643.4,1478.7,2,2
2019-04-23,2018-19,Tottenham,Brighton and Hove Albion,1655.8,1421.9,1,0
2019-04-23,2018-19,Watford,Southampton,1494.8,1463.9,1,1
2019-04-24,2018-19,Wolverhampton Wanderers,Arsenal,1517.4,1623.3,3,1
2019-04-24,2018-19,Manchester United,Manchester City,1658.4,1785.7,0,2
2019-04-26,2018-19,Liverpool,Huddersfield Town,1754.5,1316.0,5,0
2019-04-27,2018-19,Brighton and Hove Albion,Newcastle United,1419.3,1487.7,1,1
2019-04-27,2018-19,Crystal Palace,Everton,1494.9,1524.4,0,0
2019-04-27,2018-19,Fulham,Cardiff City,1407.0,1433.3,1,0
2019-04-27,2018-19,Southampton,Bournemouth,1467.5,1453.4,3,3
2019-04-27,2018-19,Tottenham,West Ham United,1658.3,1470.9,0,1
2019-04-27,2018-19,Watford,Wolverhampton Wanderers,1491.2,1527.6,1,2
2019-04-28,2018-19,Burnley,Manchester City,1485.2,1795.0,0,1
2019-04-28,2018-19,Leicester City,Arsenal,1489.2,1613.2,3,0
2019-04-28,2018-19,Manchester United,Chelsea,1649.2,1637.0,1,1
2019-05-03,2018-19,Everton,Burnley,1526.4,1480.6,2,0
2019-05-04,2018-19,West Ham United,Southampton,1487.7,1464.4,3,0
2019-05-04,2018-19,Newcastle United,Liverpool,1488.7,1755.4,2,3
2019-05-04,2018-19,Wolverhampton Wanderers,Fulham,1539.4,1414.9,1,0
2019-05-04,2018-19,Bournemouth,Tottenham,1456.6,1641.5,1,0
2019-05-04,2018-19,Cardiff City,Crystal Palace,1425.4,1492.9,2,3
2019-05-05,2018-19,Arsenal,Brighton and Hove Albion,1602.5,1418.4,1,1
2019-05-05,2018-19,Chelsea,Watford,1640.1,1479.4,3,0
2019-05-05,2018-19,Huddersfield Town,Manchester United,1315.1,1646.1,1,1
2019-05-06,2018-19,Manchester City,Leicester City,1799.6,1499.9,1,0
2019-05-12,2018-19,Southampton,Huddersfield Town,1457.8,1320.9,1,1
2019-05-12,2018-19,Manchester United,Cardiff City,1640.3,1414.4,0,2
2019-05-12,2018-19,Liverpool,Wolverhampton Wanderers,1760.9,1543.7,2,0
2019-05-12,2018-19,Leicester City,Chelsea,1498.1,1643.7,0,0
2019-05-12,2018-19,Watford,West Ham United,1475.7,1494.3,1,4
2019-05-12,2018-19,Crystal Palace,Bournemouth,1503.8,1469.0,5,3
2019-05-12,2018-19,Fulham,Newcastle United,1410.6,1483.1,0,4
2019-05-12,2018-19,Tottenham,Everton,1629.1,1532.5,2,2
2019-05-12,2018-19,Burnley,Arsenal,1474.5,1595.7,1,3
2019-05-12,2018-19,Brighton and Hove Albion,Manchester City,1425.2,1801.4,1,4
2019-08-09,2019-20,Liverpool,Norwich City,1763.7,1500.0,4,1
2019-08-10,2019-20,West Ham United,Manchester City,1506.6,1804.8,0,5
2019-08-10,2019-20,Bournemouth,Sheffield United,1462.7,1500.0,1,1
2019-08-10,2019-20,Crystal Palace,Everton,1510.2,1537.6,0,0
2019-08-10,2019-20,Watford,Brighton and Hove Albion,1463.4,1421.8,0,3
2019-08-10,2019-20,Tottenham,Aston Villa,1624.0,1500.0,3,1
2019-08-10,2019-20,Burnley,Southampton,1465.1,1451.8,3,0
2019-08-11,2019-20,Leicester City,Wolverhampton Wanderers,1499.4,1540.9,0,0
2019-08-11,2019-20,Newcastle United,Arsenal,1493.9,1605.1,0,1
2019-08-11,2019-20,Manchester United,Chelsea,1622.9,1642.4,4,0
2019-08-17,2019-20,Norwich City,Newcastle United,1497.8,1484.2,3,1
2019-08-17,2019-20,Manchester City,Tottenham,1809.6,1628.3,2,2
2019-08-17,2019-20,Southampton,Liverpool,1445.0,1765.9,1,2
2019-08-17,2019-20,Everton,Watford,1539.6,1449.6,1,0
2019-08-17,2019-20,Aston Villa,Bournemouth,1495.7,1460.9,1,2
2019-08-17,2019-20,Arsenal,Burnley,1614.8,1472.0,2,1
2019-08-17,2019-20,Brighton and Hove Albion,West Ham United,1435.6,1501.7,1,1
2019-08-18,2019-20,Sheffield United,Crystal Palace,1501.8,1508.1,1,0
2019-08-18,2019-20,Chelsea,Leicester City,1634.7,1497.7,1,1
2019-08-19,2019-20,Wolverhampton Wanderers,Manchester United,1542.6,1630.7,1,1
2019-08-23,2019-20,Aston Villa,Everton,1482.0,1544.7,2,0
2019-08-24,2019-20,Norwich City,Chelsea,1504.6,1628.8,2,3
2019-08-24,2019-20,Brighton and Hove Albion,Southampton,1434.7,1440.6,0,2
2019-08-24,2019-20,Manchester United,Crystal Palace,1631.0,1500.7,1,2
2019-08-24,2019-20,Sheffield United,Leicester City,1509.2,1503.7,1,2
2019-08-24,2019-20,Watford,West Ham United,1444.5,1502.7,1,3
2019-08-24,2019-20,Liverpool,Arsenal,1770.3,1618.8,3,1
2019-08-25,2019-20,Wolverhampton Wanderers,Burnley,1542.3,1468.0,1,1
2019-08-25,2019-20,Tottenham,Newcastle United,1635.0,1477.4,0,1
2019-08-25,2019-20,Bournemouth,Manchester City,1474.6,1802.9,1,3
2019-08-31,2019-20,Southampton,Manchester United,1453.2,1615.2,1,1
2019-08-31,2019-20,Chelsea,Sheffield United,1638.1,1496.2,2,2
2019-08-31,2019-20,Crystal Palace,Aston Villa,1516.5,1490.9,1,0
2019-08-31,2019-20,Leicester City,Bournemouth,1516.6,1470.4,3,1
2019-08-31,2019-20,Manchester City,Brighton and Hove Albion,1807.2,1422.0,4,0
2019-08-31,2019-20,Newcastle United,Watford,1493.7,1433.3,1,1
2019-08-31,2019-20,West Ham United,Norwich City,1513.9,1495.3,2,0
2019-08-31,2019-20,Burnley,Liverpool,1472.7,1774.1,0,3
2019-09-01,2019-20,Everton,Wolverhampton Wanderers,1535.7,1537.6,3,2
2019-09-01,2019-20,Arsenal,Tottenham,1615.0,1618.7,2,2
2019-09-14,2019-20,Tottenham,Crystal Palace,1621.4,1523.1,4,0
2019-09-14,2019-20,Wolverhampton Wanderers,Chelsea,1530.4,1632.1,2,5
2019-09-14,2019-20,Norwich City,Manchester City,1488.6,1808.3,3,2
2019-09-14,2019-20,Manchester United,Leicester City,1613.4,1522.6,1,0
2019-09-14,2019-20,Brighton and Hove Albion,Burnley,1420.9,1467.9,1,1
2019-09-14,2019-20,Sheffield United,Southampton,1502.2,1455.0,0,1
2019-09-14,2019-20,Liverpool,Newcastle United,1778.8,1489.4,3,1
2019-09-15,2019-20,Bournemouth,Everton,1464.3,1543.0,3,1
2019-09-15,2019-20,Watford,Arsenal,1437.7,1612.3,2,2
2019-09-16,2019-20,Aston Villa,West Ham United,1484.4,1520.6,0,0
2019-09-20,2019-20,Southampton,Bournemouth,1469.0,1473.7,1,3
2019-09-21,2019-20,Leicester City,Tottenham,1517.6,1626.3,2,1
2019-09-21,2019-20,Burnley,Norwich City,1469.4,1504.2,2,0
2019-09-21,2019-20,Everton,Sheffield United,1533.6,1488.2,0,2
2019-09-21,2019-20,Manchester City,Watford,1792.7,1439.8,8,0
2019-09-21,2019-20,Newcastle United,Brighton and Hove Albion,1487.5,1419.4,0,0
2019-09-22,2019-20,Chelsea,Liverpool,1642.0,1780.8,1,2
2019-09-22,2019-20,Arsenal,Aston Villa,1610.1,1482.6,3,2
2019-09-22,2019-20,Crystal Palace,Wolverhampton Wanderers,1518.2,1520.4,1,1
2019-09-22,2019-20,West Ham United,Manchester United,1522.4,1618.4,2,0
2019-09-28,2019-20,Sheffield United,Liverpool,1502.2,1789.6,0,1
2019-09-28,2019-20,Aston Villa,Burnley,1478.3,1477.5,2,2
2019-09-28,2019-20,Bournemouth,West Ham United,1486.4,1532.3,2,2
2019-09-28,2019-20,Chelsea,Brighton and Hove Albion,1633.1,1423.9,2,0
2019-09-28,2019-20,Crystal Palace,Norwich City,1515.5,1496.1,2,0
2019-09-28,2019-20,Tottenham,Southampton,1616.0,1456.3,2,1
2019-09-28,2019-20,Wolverhampton Wanderers,Watford,1523.2,1438.4,2,0
2019-09-28,2019-20,Everton,Manchester City,1519.6,1794.1,1,3
2019-09-29,2019-20,Leicester City,Newcastle United,1527.9,1483.0,5,0
2019-09-30,2019-20,Manchester United,Arsenal,1608.5,1614.4,1,1
2019-10-05,2019-20,West Ham United,Crystal Palace,1533.9,1522.2,1,2
2019-10-05,2019-20,Norwich City,Aston Villa,1489.4,1475.5,1,5
2019-10-05,2019-20,Watford,Sheffield United,1433.3,1497.1,0,0
2019-10-05,2019-20,Burnley,Everton,1480.4,1514.3,1,0
2019-10-05,2019-20,Liverpool,Leicester City,1794.7,1533.9,2,1
2019-10-05,2019-20,Brighton and Hove Albion,Tottenham,1421.0,1619.7,3,0
2019-10-06,2019-20,Arsenal,Bournemouth,1617.0,1484.9,1,0
2019-10-06,2019-20,Manchester City,Wolverhampton Wanderers,1799.5,1528.3,0,2
2019-10-06,2019-20,Southampton,Chelsea,1452.7,1636.0,1,4
2019-10-06,2019-20,Newcastle United,Manchester United,1476.9,1605.9,1,0
2019-10-19,2019-20,Everton,West Ham United,1506.2,1520.8,2,0
2019-10-19,2019-20,Aston Villa,Brighton and Hove Albion,1488.7,1433.7,2,1
2019-10-19,2019-20,Bournemouth,Norwich City,1480.7,1476.2,0,0
2019-10-19,2019-20,Chelsea,Newcastle United,1643.7,1487.7,1,0
2019-10-19,2019-20,Leicester City,Burnley,1531.7,1488.5,2,1
2019-10-19,2019-20,Tottenham,Watford,1606.9,1432.2,1,1
2019-10-19,2019-20,Wolverhampton Wanderers,Southampton,1546.2,1445.0,1,1
2019-10-19,2019-20,Crystal Palace,Manchester City,1535.3,1781.6,0,2
2019-10-20,2019-20,Manchester United,Liverpool,1595.1,1796.9,1,1
2019-10-21,2019-20,Sheffield United,Arsenal,1498.1,1621.2,1,0
2019-10-25,2019-20,Southampton,Leicester City,1450.2,1537.8,0,9
2019-10-26,2019-20,Manchester City,Aston Villa,1787.6,1494.5,3,0
2019-10-26,2019-20,Brighton and Hove Albion,Everton,1427.9,1513.7,3,2
2019-10-26,2019-20,Watford,Bournemouth,1438.8,1477.8,0,0
2019-10-26,2019-20,West Ham United,Sheffield United,1513.2,1508.8,1,1
2019-10-26,2019-20,Burnley,Chelsea,1482.4,1647.4,2,4
2019-10-27,2019-20,Newcastle United,Wolverhampton Wanderers,1484.0,1541.0,1,1
2019-10-27,2019-20,Arsenal,Crystal Palace,1610.5,1529.3,2,2
2019-10-27,2019-20,Liverpool,Tottenham,1794.1,1600.3,2,1
2019-10-27,2019-20,Norwich City,Manchester United,1479.1,1597.9,1,3
2019-11-02,2019-20,Watford,Chelsea,1437.1,1655.5,1,2
2019-11-02,2019-20,West Ham United,Newcastle United,1510.2,1482.8,2,3
2019-11-02,2019-20,Sheffield United,Burnley,1511.7,1474.2,3,0
2019-11-02,2019-20,Manchester City,Southampton,1789.5,1439.9,2,1
2019-11-02,2019-20,Brighton and Hove Albion,Norwich City,1437.5,1469.7,2,0
2019-11-02,2019-20,Aston Villa,Liverpool,1492.6,1797.2,1,2
2019-11-02,2019-20,Arsenal,Wolverhampton Wanderers,1605.7,1542.2,1,1
2019-11-02,2019-20,Bournemouth,Manchester United,1479.5,1607.4,1,0
2019-11-03,2019-20,Crystal Palace,Leicester City,1534.0,1548.2,0,2
2019-11-03,2019-20,Everton,Tottenham,1504.2,1597.2,1,1
2019-11-08,2019-20,Norwich City,Watford,1461.6,1430.4,0,2
2019-11-09,2019-20,Chelsea,Crystal Palace,1662.3,1521.6,2,0
2019-11-09,2019-20,Burnley,West Ham United,1468.0,1496.7,3,0
2019-11-09,2019-20,Newcastle United,Bournemouth,1496.3,1490.3,2,1
2019-11-09,2019-20,Southampton,Everton,1438.5,1504.0,1,2
2019-11-09,2019-20,Tottenham,Sheffield United,1597.4,1518.0,1,1
2019-11-09,2019-20,Leicester City,Arsenal,1560.6,1601.4,2,0
2019-11-10,2019-20,Liverpool,Manchester City,1801.9,1790.9,3,1
2019-11-10,2019-20,Wolverhampton Wanderers,Aston Villa,1546.6,1487.9,2,1
2019-11-10,2019-20,Manchester United,Brighton and Hove Albion,1596.6,1445.6,3,1
2019-11-23,2019-20,West Ham United,Tottenham,1488.8,1592.7,2,3
2019-11-23,2019-20,Arsenal,Southampton,1593.0,1427.5,2,2
2019-11-23,2019-20,Bournemouth,Wolverhampton Wanderers,1483.3,1552.3,1,2
2019-11-23,2019-20,Brighton and Hove Albion,Leicester City,1441.8,1568.9,0,2
2019-11-23,2019-20,Crystal Palace,Liverpool,1517.6,1808.8,1,2
2019-11-23,2019-20,Everton,Norwich City,1514.9,1448.0,0,2
2019-11-23,2019-20,Watford,Burnley,1444.0,1476.0,0,3
2019-11-23,2019-20,Manchester City,Chelsea,1784.0,1666.3,2,1
2019-11-24,2019-20,Sheffield United,Manchester United,1522.7,1600.4,3,3
2019-11-25,2019-20,Aston Villa,Newcastle United,1482.2,1503.3,2,0
2019-11-30,2019-20,Southampton,Watford,1433.9,1432.0,2,1
2019-11-30,2019-20,Tottenham,Bournemouth,1602.5,1472.4,3,2
2019-11-30,2019-20,Liverpool,Brighton and Hove Albion,1813.8,1432.5,2,1
2019-11-30,2019-20,Burnley,Crystal Palace,1487.9,1512.6,0,2
2019-11-30,2019-20,Newcastle United,Manchester City,1495.6,1788.4,2,2
2019-11-30,2019-20,Chelsea,West Ham United,1661.8,1478.9,0,1
2019-12-01,2019-20,Norwich City,Arsenal,1462.5,1586.6,2,2
2019-12-01,2019-20,Wolverhampton Wanderers,Sheffield United,1563.2,1522.1,1,1
2019-12-01,2019-20,Leicester City,Everton,1578.1,1500.5,2,1
2019-12-01,2019-20,Manchester United,Aston Villa,1601.0,1489.9,2,2
2019-12-03,2019-20,Crystal Palace,Bournemouth,1524.8,1468.2,1,0
2019-12-03,2019-20,Burnley,Manchester City,1475.8,1783.4,1,4
2019-12-04,2019-20,Liverpool,Everton,1815.0,1495.2,5,2
2019-12-04,2019-20,Southampton,Norwich City,1441.1,1463.2,2,1
2019-12-04,2019-20,Wolverhampton Wanderers,West Ham United,1559.4,1495.6,2,0
2019-12-04,2019-20,Leicester City,Watford,1583.4,1424.9,2,0
2019-12-04,2019-20,Chelsea,Aston Villa,1645.1,1495.3,2,1
2019-12-04,2019-20,Manchester United,Tottenham,1595.6,1606.7,2,1
2019-12-05,2019-20,Sheffield United,Newcastle United,1525.9,1500.6,0,2
2019-12-05,2019-20,Arsenal,Brighton and Hove Albion,1585.9,1431.4,1,2
2019-12-07,2019-20,Everton,Chelsea,1493.5,1648.9,3,1
2019-12-07,2019-20,Bournemouth,Liverpool,1462.4,1816.6,0,3
2019-12-07,2019-20,Tottenham,Burnley,1599.2,1471.1,5,0
2019-12-07,2019-20,Watford,Crystal Palace,1421.2,1530.5,0,0
2019-12-07,2019-20,Manchester City,Manchester United,1788.0,1603.1,1,2
2019-12-08,2019-20,Brighton and Hove Albion,Wolverhampton Wanderers,1447.6,1565.0,2,2
2019-12-08,2019-20,Aston Villa,Leicester City,1491.5,1587.1,1,4
2019-12-08,2019-20,Newcastle United,Southampton,1514.1,1448.9,2,1
2019-12-08,2019-20,Norwich City,Sheffield United,1455.4,1512.5,1,2
2019-12-09,2019-20,West Ham United,Arsenal,1490.0,1569.7,1,3
2019-12-14,2019-20,Leicester City,Norwich City,1597.2,1444.1,1,1
2019-12-14,2019-20,Sheffield United,Aston Villa,1523.7,1481.4,2,0
2019-12-14,2019-20,Southampton,West Ham United,1443.3,1479.4,0,1
2019-12-14,2019-20,Chelsea,Bournemouth,1637.4,1458.6,0,1
2019-12-14,2019-20,Liverpool,Watford,1820.4,1421.5,2,0
2019-12-14,2019-20,Burnley,Newcastle United,1466.9,1519.6,1,0
2019-12-15,2019-20,Manchester United,Everton,1619.9,1505.1,1,1
2019-12-15,2019-20,Wolverhampton Wanderers,Tottenham,1564.5,1603.5,1,2
2019-12-15,2019-20,Arsenal,Manchester City,1580.3,1771.3,0,3
2019-12-16,2019-20,Crystal Palace,Brighton and Hove Albion,1530.3,1448.1,1,1
2019-12-21,2019-20,Everton,Arsenal,1510.6,1572.8,0,0
2019-12-21,2019-20,Aston Villa,Southampton,1475.3,1431.5,1,3
2019-12-21,2019-20,Bournemouth,Burnley,1475.3,1475.5,0,1
2019-12-21,2019-20,Brighton and Hove Albion,Sheffield United,1452.9,1529.8,0,1
2019-12-21,2019-20,Newcastle United,Crystal Palace,1511.0,1525.5,1,0
2019-12-21,2019-20,Norwich City,Wolverhampton Wanderers,1450.4,1552.7,1,2
2019-12-21,2019-20,Manchester City,Leicester City,1778.7,1591.0,3,1
2019-12-22,2019-20,Tottenham,Chelsea,1615.2,1620.7,0,2
2019-12-22,2019-20,Watford,Manchester United,1420.4,1614.4,2,0
2019-12-26,2019-20,Tottenham,Brighton and Hove Albion,1602.6,1442.3,2,1
2019-12-26,2019-20,Aston Villa,Norwich City,1461.3,1440.4,1,0
2019-12-26,2019-20,Bournemouth,Arsenal,1462.5,1573.9,1,1
2019-12-26,2019-20,Chelsea,Southampton,1633.4,1445.4,0,2
2019-12-26,2019-20,Crystal Palace,West Ham United,1517.9,1491.2,2,1
2019-12-26,2019-20,Everton,Burnley,1509.5,1488.3,1,0
2019-12-26,2019-20,Sheffield United,Watford,1540.5,1433.0,1,1
2019-12-26,2019-20,Manchester United,Newcastle United,1601.7,1518.6,4,1
2019-12-26,2019-20,Leicester City,Liverpool,1587.8,1821.5,0,4
2019-12-27,2019-20,Wolverhampton Wanderers,Manchester City,1562.7,1781.9,3,2
2019-12-28,2019-20,Burnley,Manchester United,1481.7,1606.9,0,2
2019-12-28,2019-20,Watford,Aston Villa,1438.4,1468.0,3,0
2019-12-28,2019-20,West Ham United,Leicester City,1484.7,1581.5,1,2
2019-12-28,2019-20,Newcastle United,Everton,1513.4,1516.2,1,2
2019-12-28,2019-20,Southampton,Crystal Palace,1462.2,1524.4,1,1
2019-12-28,2019-20,Brighton and Hove Albion,Bournemouth,1438.6,1462.8,2,0
2019-12-28,2019-20,Norwich City,Tottenham,1433.8,1606.2,2,2
2019-12-29,2019-20,Arsenal,Chelsea,1573.6,1616.6,1,2
2019-12-29,2019-20,Liverpool,Wolverhampton Wanderers,1827.8,1576.0,1,0
2019-12-29,2019-20,Manchester City,Sheffield United,1768.6,1535.1,2,0
2020-01-01,2019-20,West Ham United,Bournemouth,1474.6,1455.0,4,0
2020-01-01,2019-20,Norwich City,Crystal Palace,1435.8,1525.5,1,1
2020-01-01,2019-20,Manchester City,Everton,1771.2,1528.9,2,1
2020-01-01,2019-20,Watford,Wolverhampton Wanderers,1446.4,1573.6,2,1
2020-01-01,2019-20,Arsenal,Manchester United,1561.9,1616.2,2,0
2020-01-01,2019-20,Newcastle United,Leicester City,1500.7,1591.6,0,3
2020-01-01,2019-20,Burnley,Aston Villa,1472.4,1460.0,1,2
2020-01-01,2019-20,Brighton and Hove Albion,Chelsea,1446.5,1628.2,1,1
2020-01-01,2019-20,Southampton,Tottenham,1461.1,1604.2,1,0
2020-01-02,2019-20,Liverpool,Sheffield United,1830.1,1532.6,2,0
2020-01-10,2019-20,Sheffield United,West Ham United,1530.7,1481.3,1,0
2020-01-11,2019-20,Crystal Palace,Arsenal,1525.8,1570.6,1,1
2020-01-11,2019-20,Chelsea,Burnley,1625.9,1459.3,3,0
2020-01-11,2019-20,Everton,Brighton and Hove Albion,1526.5,1448.8,1,0
2020-01-11,2019-20,Manchester United,Norwich City,1607.5,1435.5,4,0
2020-01-11,2019-20,Wolverhampton Wanderers,Newcastle United,1562.8,1490.4,1,1
2020-01-11,2019-20,Tottenham,Liverpool,1592.9,1832.0,0,1
2020-01-11,2019-20,Leicester City,Southampton,1601.8,1472.3,1,2
2020-01-12,2019-20,Bournemouth,Watford,1448.3,1457.2,0,3
2020-01-12,2019-20,Aston Villa,Manchester City,1473.1,1773.6,1,6
2020-01-18,2019-20,Norwich City,Bournemouth,1432.1,1435.7,1,0
2020-01-18,2019-20,West Ham United,Everton,1475.4,1531.8,1,1
2020-01-18,2019-20,Southampton,Wolverhampton Wanderers,1488.1,1558.3,2,3
2020-01-18,2019-20,Newcastle United,Chelsea,1495.0,1629.4,1,0
2020-01-18,2019-20,Manchester City,Crystal Palace,1778.4,1524.2,2,2
2020-01-18,2019-20,Arsenal,Sheffield United,1572.2,1536.7,1,1
2020-01-18,2019-20,Watford,Tottenham,1469.7,1586.7,0,0
2020-01-18,2019-20,Brighton and Hove Albion,Aston Villa,1443.5,1468.3,1,1
2020-01-19,2019-20,Burnley,Leicester City,1455.7,1586.0,2,1
2020-01-19,2019-20,Liverpool,Manchester United,1838.2,1610.9,2,0
2020-01-21,2019-20,Aston Villa,Watford,1470.5,1470.2,2,1
2020-01-21,2019-20,Bournemouth,Brighton and Hove Albion,1428.4,1441.4,3,1
2020-01-21,2019-20,Crystal Palace,Southampton,1531.9,1477.3,0,2
2020-01-21,2019-20,Everton,Newcastle United,1533.0,1506.0,2,2
2020-01-21,2019-20,Sheffield United,Manchester City,1540.4,1770.7,0,1
2020-01-21,2019-20,Chelsea,Arsenal,1618.4,1568.5,2,2
2020-01-22,2019-20,Tottenham,Norwich City,1586.2,1439.4,2,1
2020-01-22,2019-20,Manchester United,Burnley,1608.3,1466.6,0,2
2020-01-22,2019-20,Leicester City,West Ham United,1575.2,1474.1,4,1
2020-01-23,2019-20,Wolverhampton Wanderers,Liverpool,1569.1,1840.8,1,2
2020-01-29,2019-20,West Ham United,Liverpool,1469.3,1846.2,0,2
2020-02-01,2019-20,Leicester City,Chelsea,1579.9,1614.4,2,2
2020-02-01,2019-20,Bournemouth,Aston Villa,1436.0,1477.7,2,1
2020-02-01,2019-20,Crystal Palace,Sheffield United,1517.7,1534.0,0,1
2020-02-01,2019-20,Liverpool,Southampton,1849.6,1491.5,4,0
2020-02-01,2019-20,Newcastle United,Norwich City,1509.5,1435.5,0,0
2020-02-01,2019-20,Watford,Everton,1463.0,1529.5,2,3
2020-02-01,2019-20,West Ham United,Brighton and Hove Albion,1465.9,1433.8,3,3
2020-02-01,2019-20,Manchester United,Wolverhampton Wanderers,1592.3,1563.7,0,0
2020-02-02,2019-20,Burnley,Arsenal,1482.6,1572.6,0,0
2020-02-02,2019-20,Tottenham,Manchester City,1590.1,1777.1,2,0
2020-02-08,2019-20,Everton,Crystal Palace,1540.5,1505.3,3,1
2020-02-08,2019-20,Brighton and Hove Albion,Watford,1437.4,1452.1,1,1
2020-02-09,2019-20,Sheffield United,Bournemouth,1546.3,1444.3,2,1
2020-02-14,2019-20,Wolverhampton Wanderers,Leicester City,1567.2,1578.1,0,0
2020-02-15,2019-20,Southampton,Burnley,1490.1,1482.3,1,2
2020-02-15,2019-20,Norwich City,Liverpool,1440.1,1850.9,0,1
2020-02-16,2019-20,Aston Villa,Tottenham,1469.3,1602.6,2,3
2020-02-16,2019-20,Arsenal,Newcastle United,1572.8,1504.9,4,0
2020-02-17,2019-20,Chelsea,Manchester United,1616.2,1588.7,0,2
2020-02-19,2019-20,Manchester City,West Ham United,1764.7,1462.3,2,0
2020-02-22,2019-20,Chelsea,Tottenham,1602.7,1611.6,2,1
2020-02-22,2019-20,Burnley,Bournemouth,1495.3,1439.6,3,0
2020-02-22,2019-20,Crystal Palace,Newcastle United,1499.0,1499.4,1,0
2020-02-22,2019-20,Sheffield United,Brighton and Hove Albion,1551.1,1435.0,1,1
2020-02-22,2019-20,Southampton,Aston Villa,1477.1,1460.3,2,0
2020-02-22,2019-20,Leicester City,Manchester City,1580.6,1766.5,0,1
2020-02-23,2019-20,Arsenal,Everton,1578.4,1546.8,3,2
2020-02-23,2019-20,Manchester United,Watford,1602.2,1454.5,3,0
2020-02-23,2019-20,Wolverhampton Wanderers,Norwich City,1564.7,1437.2,3,0
2020-02-24,2019-20,Liverpool,West Ham United,1853.8,1460.5,3,2
2020-02-28,2019-20,Norwich City,Leicester City,1433.0,1573.0,1,0
2020-02-29,2019-20,Brighton and Hove Albion,Crystal Palace,1440.6,1506.3,0,1
2020-02-29,2019-20,Bournemouth,Chelsea,1433.8,1610.2,2,2
2020-02-29,2019-20,Newcastle United,Burnley,1492.2,1501.1,0,0
2020-02-29,2019-20,West Ham United,Southampton,1459.4,1483.9,3,1
2020-02-29,2019-20,Watford,Liverpool,1450.6,1854.9,3,0
2020-03-01,2019-20,Everton,Manchester United,1540.4,1606.1,1,1
2020-03-01,2019-20,Tottenham,Wolverhampton Wanderers,1604.2,1569.0,2,3
2020-03-07,2019-20,Burnley,Tottenham,1503.7,1590.5,1,1
2020-03-07,2019-20,Wolverhampton Wanderers,Brighton and Hove Albion,1582.7,1429.6,0,0
2020-03-07,2019-20,Southampton,Newcastle United,1476.0,1489.6,0,1
2020-03-07,2019-20,Arsenal,West Ham United,1584.7,1467.3,1,0
2020-03-07,2019-20,Crystal Palace,Watford,1517.2,1467.7,1,0
2020-03-07,2019-20,Liverpool,Bournemouth,1837.9,1435.9,2,1
2020-03-07,2019-20,Sheffield United,Norwich City,1545.6,1444.1,1,0
2020-03-08,2019-20,Chelsea,Everton,1608.0,1539.4,4,0
2020-03-08,2019-20,Manchester United,Manchester City,1607.1,1774.0,2,0
2020-03-09,2019-20,Leicester City,Aston Villa,1561.9,1453.5,4,0
2020-06-17,2019-20,Aston Villa,Sheffield United,1448.9,1550.3,0,0
2020-06-17,2019-20,Manchester City,Arsenal,1762.1,1589.2,3,0
2020-06-19,2019-20,Norwich City,Southampton,1439.4,1463.6,0,3
2020-06-19,2019-20,Tottenham,Manchester United,1590.9,1619.0,1,1
2020-06-20,2019-20,Watford,Leicester City,1461.7,1566.5,1,1
2020-06-20,2019-20,Brighton and Hove Albion,Arsenal,1435.8,1585.7,2,1
2020-06-20,2019-20,West Ham United,Wolverhampton Wanderers,1462.8,1576.5,0,2
2020-06-20,2019-20,Bournemouth,Crystal Palace,1434.9,1523.2,0,2
2020-06-21,2019-20,Everton,Liverpool,1533.9,1838.9,0,0
2020-06-21,2019-20,Newcastle United,Sheffield United,1502.0,1550.3,3,0
2020-06-21,2019-20,Aston Villa,Chelsea,1448.9,1613.5,1,2
2020-06-22,2019-20,Manchester City,Burnley,1765.6,1503.3,5,0
2020-06-23,2019-20,Leicester City,Brighton and Hove Albion,1566.4,1447.2,0,0
2020-06-23,2019-20,Tottenham,West Ham United,1588.8,1453.2,2,0
2020-06-24,2019-20,Manchester United,Sheffield United,1621.0,1541.8,3,0
2020-06-24,2019-20,Newcastle United,Aston Villa,1510.5,1440.8,1,1
2020-06-24,2019-20,Norwich City,Everton,1427.2,1539.2,0,1
2020-06-24,2019-20,Wolverhampton Wanderers,Bournemouth,1586.1,1424.5,1,0
2020-06-24,2019-20,Liverpool,Crystal Palace,1833.6,1533.5,4,0
2020-06-25,2019-20,Chelsea,Manchester City,1621.7,1767.8,2,1
2020-06-25,2019-20,Burnley,Watford,1501.1,1461.8,1,0
2020-06-25,2019-20,Southampton,Arsenal,1475.7,1574.3,0,2
2020-06-27,2019-20,Aston Villa,Wolverhampton Wanderers,1445.3,1589.7,0,1
2020-06-28,2019-20,Watford,Southampton,1455.7,1465.7,1,3
2020-06-29,2019-20,Crystal Palace,Burnley,1531.7,1507.3,0,1
2020-06-30,2019-20,Brighton and Hove Albion,Manchester United,1452.8,1626.3,0,3
2020-07-01,2019-20,Arsenal,Norwich City,1584.4,1417.6,4,0
2020-07-01,2019-20,Bournemouth,Newcastle United,1420.9,1506.0,1,4
2020-07-01,2019-20,Everton,Leicester City,1548.9,1560.8,2,1
2020-07-01,2019-20,West Ham United,Chelsea,1449.1,1633.0,3,2
2020-07-02,2019-20,Sheffield United,Tottenham,1536.5,1592.9,3,1
2020-07-02,2019-20,Manchester City,Liverpool,1756.5,1835.4,4,0
2020-07-04,2019-20,Norwich City,Brighton and Hove Albion,1414.0,1444.9,0,1
2020-07-04,2019-20,Leicester City,Crystal Palace,1553.3,1518.3,3,0
2020-07-04,2019-20,Manchester United,Bournemouth,1634.2,1410.5,5,2
2020-07-04,2019-20,Wolverhampton Wanderers,Arsenal,1598.4,1587.9,0,2
2020-07-04,2019-20,Chelsea,Watford,1620.6,1443.1,3,0
2020-07-05,2019-20,Southampton,Manchester City,1478.2,1765.9,1,0
2020-07-05,2019-20,Liverpool,Aston Villa,1826.0,1436.6,2,0
2020-07-05,2019-20,Newcastle United,West Ham United,1516.4,1461.5,2,2
2020-07-05,2019-20,Burnley,Sheffield United,1520.7,1545.3,1,1
2020-07-06,2019-20,Tottenham,Everton,1584.2,1556.4,1,0
2020-07-07,2019-20,Crystal Palace,Chelsea,1512.0,1624.0,2,3
2020-07-07,2019-20,Watford,Norwich City,1439.8,1402.1,2,1
2020-07-07,2019-20,Arsenal,Leicester City,1601.0,1559.6,1,1
2020-07-08,2019-20,Manchester City,Newcastle United,1750.9,1512.3,5,0
2020-07-08,2019-20,Sheffield United,Wolverhampton Wanderers,1547.4,1585.3,1,0
2020-07-08,2019-20,West Ham United,Burnley,1465.7,1518.6,0,1
2020-07-08,2019-20,Brighton and Hove Albion,Liverpool,1456.9,1827.2,1,3
2020-07-09,2019-20,Bournemouth,Tottenham,1407.8,1590.7,0,0
2020-07-09,2019-20,Everton,Southampton,1549.9,1493.1,1,1
2020-07-09,2019-20,Aston Villa,Manchester United,1435.4,1636.9,0,3
2020-07-11,2019-20,Brighton and Hove Albion,Manchester City,1453.4,1753.4,0,5
2020-07-11,2019-20,Sheffield United,Chelsea,1555.7,1633.6,3,0
2020-07-11,2019-20,Norwich City,West Ham United,1395.8,1454.3,0,4
2020-07-11,2019-20,Watford,Newcastle United,1446.0,1509.8,2,1
2020-07-11,2019-20,Liverpool,Burnley,1830.7,1529.9,1,1
2020-07-12,2019-20,Wolverhampton Wanderers,Everton,1577.1,1545.7,3,0
2020-07-12,2019-20,Aston Villa,Crystal Palace,1428.3,1502.3,2,0
2020-07-12,2019-20,Tottenham,Arsenal,1588.3,1597.1,2,1
2020-07-12,2019-20,Bournemouth,Leicester City,1410.1,1563.4,4,1
2020-07-13,2019-20,Manchester United,Southampton,1644.1,1497.4,2,2
2020-07-14,2019-20,Chelsea,Norwich City,1624.3,1384.6,1,0
2020-07-15,2019-20,Burnley,Wolverhampton Wanderers,1538.1,1583.5,1,1
2020-07-15,2019-20,Manchester City,Bournemouth,1758.2,1421.7,2,1
2020-07-15,2019-20,Newcastle United,Tottenham,1500.8,1595.7,1,3
2020-07-15,2019-20,Arsenal,Liverpool,1589.7,1822.5,2,1
2020-07-16,2019-20,Crystal Palace,Manchester United,1493.1,1638.0,0,2
2020-07-16,2019-20,Southampton,Brighton and Hove Albion,1503.5,1448.6,1,1
2020-07-16,2019-20,Everton,Aston Villa,1539.3,1437.5,1,1
2020-07-16,2019-20,Leicester City,Sheffield United,1551.9,1565.0,2,0
2020-07-17,2019-20,West Ham United,Watford,1465.5,1454.9,3,1
2020-07-18,2019-20,Norwich City,Burnley,1382.2,1536.6,0,2
2020-07-19,2019-20,Bournemouth,Southampton,1420.2,1499.3,0,2
2020-07-19,2019-20,Tottenham,Leicester City,1605.9,1559.4,3,0
2020-07-20,2019-20,Sheffield United,Everton,1557.5,1534.0,0,1
2020-07-20,2019-20,Wolverhampton Wanderers,Crystal Palace,1585.1,1484.3,2,0
2020-07-20,2019-20,Brighton and Hove Albion,Newcastle United,1452.7,1490.7,0,0
2020-07-21,2019-20,Watford,Manchester City,1448.0,1759.7,0,4
2020-07-21,2019-20,Aston Villa,Arsenal,1442.8,1603.3,1,0
2020-07-22,2019-20,Manchester United,West Ham United,1646.7,1472.4,1,1
2020-07-22,2019-20,Liverpool,Chelsea,1808.8,1626.7,5,3
2020-07-26,2019-20,Manchester City,Norwich City,1764.3,1373.7,5,0
2020-07-26,2019-20,West Ham United,Aston Villa,1479.0,1454.5,1,1
2020-07-26,2019-20,Southampton,Sheffield United,1509.9,1544.1,3,1
2020-07-26,2019-20,Newcastle United,Liverpool,1492.4,1812.1,1,3
2020-07-26,2019-20,Leicester City,Manchester United,1553.4,1640.1,0,2
2020-07-26,2019-20,Arsenal,Watford,1591.6,1443.5,3,2
2020-07-26,2019-20,Crystal Palace,Tottenham,1479.6,1611.9,1,1
2020-07-26,2019-20,Chelsea,Wolverhampton Wanderers,1623.4,1589.8,2,0
2020-07-26,2019-20,Burnley,Brighton and Hove Albion,1545.0,1451.0,1,2
2020-07-26,2019-20,Everton,Bournemouth,1547.5,1409.6,1,3
2020-09-12,2020-21,Fulham,Arsenal,1399.8,1595.5,0,3
2020-09-12,2020-21,Crystal Palace,Southampton,1480.5,1518.0,1,0
2020-09-12,2020-21,Liverpool,Leeds United,1816.5,1500.0,4,3
2020-09-12,2020-21,West Ham United,Newcastle United,1475.6,1488.0,0,2
2020-09-13,2020-21,West Bromwich Albion,Leicester City,1415.1,1543.0,0,3
2020-09-13,2020-21,Tottenham,Everton,1611.0,1531.5,0,1
2020-09-14,2020-21,Sheffield United,Wolverhampton Wanderers,1535.9,1583.5,0,2
2020-09-14,2020-21,Brighton and Hove Albion,Chelsea,1466.0,1629.8,1,3
2020-09-19,2020-21,Everton,West Bromwich Albion,1546.3,1405.9,5,2
2020-09-19,2020-21,Leeds United,Fulham,1498.3,1392.5,4,3
2020-09-19,2020-21,Manchester United,Crystal Palace,1650.5,1488.7,1,3
2020-09-19,2020-21,Arsenal,West Ham United,1602.8,1463.1,2,1
2020-09-20,2020-21,Southampton,Tottenham,1509.8,1596.2,2,5
2020-09-20,2020-21,Newcastle United,Brighton and Hove Albion,1500.5,1457.9,0,3
2020-09-20,2020-21,Chelsea,Liverpool,1638.0,1818.2,0,2
2020-09-20,2020-21,Leicester City,Burnley,1552.2,1529.9,4,2
2020-09-21,2020-21,Wolverhampton Wanderers,Manchester City,1595.0,1765.4,1,3
2020-09-21,2020-21,Aston Villa,Sheffield United,1457.9,1524.4,1,0
2020-09-26,2020-21,Burnley,Southampton,1523.3,1499.4,0,1
2020-09-26,2020-21,West Bromwich Albion,Chelsea,1401.9,1630.2,3,3
2020-09-26,2020-21,Crystal Palace,Everton,1505.1,1550.3,1,2
2020-09-26,2020-21,Brighton and Hove Albion,Manchester United,1471.8,1634.1,2,3
2020-09-27,2020-21,Sheffield United,Leeds United,1515.4,1503.0,0,1
2020-09-27,2020-21,Tottenham,Newcastle United,1606.6,1486.6,1,1
2020-09-27,2020-21,Manchester City,Leicester City,1773.4,1558.9,2,5
2020-09-27,2020-21,West Ham United,Wolverhampton Wanderers,1459.1,1587.0,4,0
2020-09-28,2020-21,Fulham,Aston Villa,1387.8,1467.0,0,3
2020-09-28,2020-21,Liverpool,Arsenal,1825.9,1606.8,3,1
2020-10-03,2020-21,Chelsea,Crystal Palace,1626.7,1493.5,4,0
2020-10-03,2020-21,Everton,Brighton and Hove Albion,1561.8,1463.5,4,2
2020-10-03,2020-21,Leeds United,Manchester City,1516.1,1756.2,1,1
2020-10-03,2020-21,Newcastle United,Burnley,1492.2,1509.9,3,1
2020-10-04,2020-21,Aston Villa,Liverpool,1477.6,1828.7,7,2
2020-10-04,2020-21,Manchester United,Tottenham,1642.3,1601.0,1,6
2020-10-04,2020-21,Wolverhampton Wanderers,Fulham,1576.2,1377.2,1,0
2020-10-04,2020-21,Southampton,West Bromwich Albion,1512.8,1405.4,2,0
2020-10-04,2020-21,Leicester City,West Ham United,1576.0,1469.9,0,3
2020-10-04,2020-21,Arsenal,Sheffield United,1604.1,1502.3,2,1
2020-10-17,2020-21,Everton,Liverpool,1566.7,1812.5,2,2
2020-10-17,2020-21,Chelsea,Southampton,1630.8,1517.5,3,3
2020-10-17,2020-21,Manchester City,Arsenal,1752.4,1608.8,1,0
2020-10-17,2020-21,Newcastle United,Manchester United,1499.9,1628.5,1,4
2020-10-18,2020-21,Sheffield United,Fulham,1497.5,1374.2,1,1
2020-10-18,2020-21,Crystal Palace,Brighton and Hove Albion,1489.4,1458.7,1,1
2020-10-18,2020-21,Tottenham,West Ham United,1614.9,1485.2,3,3
2020-10-18,2020-21,Leicester City,Aston Villa,1560.7,1493.8,0,1
2020-10-19,2020-21,West Bromwich Albion,Burnley,1400.8,1502.2,0,0
2020-10-19,2020-21,Leeds United,Wolverhampton Wanderers,1520.0,1579.2,0,1
2020-10-23,2020-21,Aston Villa,Leeds United,1508.2,1508.8,0,3
2020-10-24,2020-21,Liverpool,Sheffield United,1808.5,1491.8,2,1
2020-10-24,2020-21,Manchester United,Chelsea,1637.6,1625.4,0,0
2020-10-24,2020-21,West Ham United,Manchester City,1491.0,1756.3,1,1
2020-10-24,2020-21,Fulham,Crystal Palace,1379.9,1485.8,1,2
2020-10-25,2020-21,Southampton,Everton,1523.0,1570.6,2,0
2020-10-25,2020-21,Wolverhampton Wanderers,Newcastle United,1590.4,1490.7,1,1
2020-10-25,2020-21,Arsenal,Leicester City,1604.9,1546.3,0,1
2020-10-26,2020-21,Brighton and Hove Albion,West Bromwich Albion,1462.3,1400.8,1,1
2020-10-26,2020-21,Burnley,Tottenham,1502.2,1609.1,0,1
2020-10-30,2020-21,Wolverhampton Wanderers,Crystal Palace,1585.2,1495.6,2,0
2020-10-31,2020-21,Sheffield United,Manchester City,1490.2,1751.9,0,1
2020-10-31,2020-21,Burnley,Chelsea,1492.4,1628.5,0,3
2020-10-31,2020-21,Liverpool,West Ham United,1810.2,1495.4,2,1
2020-11-01,2020-21,Tottenham,Brighton and Hove Albion,1618.9,1457.9,2,1
2020-11-01,2020-21,Manchester United,Arsenal,1634.5,1590.6,0,1
2020-11-01,2020-21,Aston Villa,Southampton,1495.4,1531.5,3,4
2020-11-01,2020-21,Newcastle United,Everton,1495.9,1562.1,2,1
2020-11-02,2020-21,Fulham,West Bromwich Albion,1370.0,1405.1,2,0
2020-11-02,2020-21,Leeds United,Leicester City,1521.6,1560.5,1,4
2020-11-06,2020-21,Brighton and Hove Albion,Burnley,1454.3,1483.4,0,0
2020-11-06,2020-21,Southampton,Newcastle United,1543.3,1504.9,2,0
2020-11-07,2020-21,Everton,Manchester United,1553.1,1620.6,1,3
2020-11-07,2020-21,Crystal Palace,Leeds United,1490.6,1509.8,4,1
2020-11-07,2020-21,Chelsea,Sheffield United,1637.5,1484.5,4,1
2020-11-07,2020-21,West Ham United,Fulham,1493.8,1378.2,1,0
2020-11-08,2020-21,Manchester City,Liverpool,1757.6,1811.9,1,1
2020-11-08,2020-21,West Bromwich Albion,Tottenham,1397.0,1622.5,0,1
2020-11-08,2020-21,Leicester City,Wolverhampton Wanderers,1572.3,1590.2,1,0
2020-11-08,2020-21,Arsenal,Aston Villa,1604.5,1483.6,0,3
2020-11-21,2020-21,Manchester United,West Bromwich Albion,1631.5,1390.4,1,0
2020-11-21,2020-21,Aston Villa,Brighton and Hove Albion,1499.2,1452.3,1,2
2020-11-21,2020-21,Newcastle United,Chelsea,1498.7,1641.2,0,2
2020-11-21,2020-21,Tottenham,Manchester City,1629.1,1756.3,2,0
2020-11-22,2020-21,Fulham,Everton,1373.7,1542.2,2,3
2020-11-22,2020-21,Sheffield United,West Ham United,1480.7,1498.2,0,1
2020-11-22,2020-21,Leeds United,Arsenal,1502.1,1588.9,0,0
2020-11-22,2020-21,Liverpool,Leicester City,1813.2,1580.0,3,0
2020-11-23,2020-21,Burnley,Crystal Palace,1485.4,1498.3,1,0
2020-11-23,2020-21,Wolverhampton Wanderers,Southampton,1582.6,1549.5,1,1
2020-11-27,2020-21,Crystal Palace,Newcastle United,1490.8,1489.9,0,2
2020-11-28,2020-21,Brighton and Hove Albion,Liverpool,1466.3,1815.7,1,1
2020-11-28,2020-21,Manchester City,Burnley,1745.5,1493.0,5,0
2020-11-28,2020-21,Everton,Leeds United,1550.2,1501.8,0,1
2020-11-28,2020-21,West Bromwich Albion,Sheffield United,1388.0,1468.4,1,0
2020-11-29,2020-21,Arsenal,Wolverhampton Wanderers,1589.3,1578.9,1,2
2020-11-29,2020-21,Southampton,Manchester United,1553.2,1634.0,2,3
2020-11-29,2020-21,Chelsea,Tottenham,1650.0,1639.8,0,0
2020-11-30,2020-21,Leicester City,Fulham,1577.4,1365.7,1,2
2020-11-30,2020-21,West Ham United,Aston Villa,1510.6,1485.2,2,1
2020-12-05,2020-21,Burnley,Everton,1490.7,1536.2,1,1
2020-12-05,2020-21,Manchester City,Fulham,1747.8,1382.8,2,0
2020-12-05,2020-21,West Ham United,Manchester United,1517.1,1644.6,1,3
2020-12-05,2020-21,Chelsea,Leeds United,1647.0,1515.8,3,1
2020-12-06,2020-21,Liverpool,Wolverhampton Wanderers,1809.6,1592.0,4,0
2020-12-06,2020-21,West Bromwich Albion,Crystal Palace,1397.4,1477.9,1,5
2020-12-06,2020-21,Sheffield United,Leicester City,1459.0,1560.2,1,2
2020-12-06,2020-21,Tottenham,Arsenal,1642.9,1576.2,2,0
2020-12-07,2020-21,Brighton and Hove Albion,Southampton,1472.4,1542.6,1,2
2020-12-11,2020-21,Leeds United,West Ham United,1511.6,1507.9,1,2
2020-12-12,2020-21,Everton,Chelsea,1537.8,1651.1,1,0
2020-12-12,2020-21,Manchester United,Manchester City,1653.8,1749.1,0,0
2020-12-12,2020-21,Wolverhampton Wanderers,Aston Villa,1589.2,1478.7,0,1
2020-12-12,2020-21,Newcastle United,West Bromwich Albion,1502.7,1386.9,2,1
2020-12-13,2020-21,Southampton,Sheffield United,1553.5,1449.0,3,0
2020-12-13,2020-21,Crystal Palace,Tottenham,1488.5,1648.5,1,1
2020-12-13,2020-21,Fulham,Liverpool,1381.5,1812.3,1,1
2020-12-13,2020-21,Arsenal,Burnley,1570.7,1489.1,0,1
2020-12-13,2020-21,Leicester City,Brighton and Hove Albion,1570.2,1461.6,3,0
2020-12-15,2020-21,Wolverhampton Wanderers,Chelsea,1573.8,1640.8,2,1
2020-12-15,2020-21,Manchester City,West Bromwich Albion,1749.2,1382.4,1,1
2020-12-16,2020-21,Fulham,Brighton and Hove Albion,1388.9,1457.0,0,0
2020-12-16,2020-21,West Ham United,Crystal Palace,1520.8,1490.2,1,1
2020-12-16,2020-21,Liverpool,Tottenham,1804.9,1646.7,2,1
2020-12-16,2020-21,Leicester City,Everton,1574.8,1548.1,0,2
2020-12-16,2020-21,Leeds United,Newcastle United,1498.7,1507.2,5,2
2020-12-16,2020-21,Arsenal,Southampton,1555.9,1558.2,1,1
2020-12-17,2020-21,Aston Villa,Burnley,1494.1,1503.9,0,0
2020-12-17,2020-21,Sheffield United,Manchester United,1444.3,1653.6,2,3
2020-12-19,2020-21,Crystal Palace,Liverpool,1493.8,1808.6,0,7
2020-12-19,2020-21,Southampton,Manchester City,1560.9,1740.5,0,1
2020-12-19,2020-21,Everton,Arsenal,1561.6,1553.1,2,1
2020-12-19,2020-21,Newcastle United,Fulham,1499.8,1388.0,1,1
2020-12-20,2020-21,Tottenham,Leicester City,1643.1,1561.3,0,2
2020-12-20,2020-21,Manchester United,Leeds United,1660.6,1506.1,6,2
2020-12-20,2020-21,Brighton and Hove Albion,Sheffield United,1457.9,1437.3,1,1
2020-12-20,2020-21,West Bromwich Albion,Aston Villa,1391.1,1491.6,0,3
2020-12-21,2020-21,Burnley,Wolverhampton Wanderers,1506.4,1582.9,2,1
2020-12-21,2020-21,Chelsea,West Ham United,1631.7,1517.2,3,0
2020-12-26,2020-21,Manchester City,Newcastle United,1748.3,1494.4,2,0
2020-12-26,2020-21,Sheffield United,Everton,1440.7,1568.6,0,1
2020-12-26,2020-21,Arsenal,Chelsea,1546.2,1636.2,3,1
2020-12-26,2020-21,Leicester City,Manchester United,1576.1,1664.3,2,2
2020-12-26,2020-21,Aston Villa,Crystal Palace,1501.6,1489.3,3,0
2020-12-26,2020-21,Fulham,Southampton,1393.5,1553.2,0,0
2020-12-27,2020-21,Leeds United,Burnley,1502.4,1515.8,1,0
2020-12-27,2020-21,West Ham United,Brighton and Hove Albion,1512.7,1454.5,2,2
2020-12-27,2020-21,Liverpool,West Bromwich Albion,1813.1,1381.1,1,1
2020-12-27,2020-21,Wolverhampton Wanderers,Tottenham,1573.5,1628.3,1,1
2020-12-28,2020-21,Crystal Palace,Leicester City,1482.4,1575.8,1,1
2020-12-28,2020-21,Chelsea,Aston Villa,1626.5,1508.4,1,1
2020-12-29,2020-21,West Bromwich Albion,Leeds United,1390.2,1509.9,0,5
2020-12-29,2020-21,Southampton,West Ham United,1551.5,1508.4,0,0
2020-12-29,2020-21,Manchester United,Wolverhampton Wanderers,1664.7,1572.2,1,0
2020-12-29,2020-21,Brighton and Hove Albion,Arsenal,1458.8,1555.9,0,1
2020-12-29,2020-21,Burnley,Sheffield United,1508.2,1431.5,1,0
2020-12-30,2020-21,Newcastle United,Liverpool,1492.1,1804.0,0,0
2021-01-01,2020-21,Everton,West Ham United,1577.8,1512.3,0,1
2021-01-01,2020-21,Manchester United,Aston Villa,1669.6,1514.0,2,1
2021-01-02,2020-21,Tottenham,Leeds United,1629.6,1519.4,3,0
2021-01-02,2020-21,Crystal Palace,Sheffield United,1482.2,1426.2,2,0
2021-01-02,2020-21,Brighton and Hove Albion,Wolverhampton Wanderers,1448.7,1567.3,3,3
2021-01-02,2020-21,West Bromwich Albion,Arsenal,1380.8,1566.0,0,4
2021-01-03,2020-21,Newcastle United,Leicester City,1497.5,1576.0,1,2
2021-01-03,2020-21,Chelsea,Manchester City,1620.9,1750.6,1,3
2021-01-04,2020-21,Southampton,Liverpool,1547.6,1798.6,1,0
2021-01-12,2020-21,Burnley,Manchester United,1513.5,1673.4,0,1
2021-01-12,2020-21,Sheffield United,Newcastle United,1420.4,1486.9,1,0
2021-01-12,2020-21,Wolverhampton Wanderers,Everton,1566.7,1563.4,1,2
2021-01-13,2020-21,Tottenham,Fulham,1634.1,1395.2,1,1
2021-01-13,2020-21,Manchester City,Brighton and Hove Albion,1759.7,1449.2,1,0
2021-01-14,2020-21,Arsenal,Crystal Palace,1573.6,1488.0,0,0
2021-01-16,2020-21,Wolverhampton Wanderers,West Bromwich Albion,1553.8,1373.2,2,3
2021-01-16,2020-21,Leeds United,Brighton and Hove Albion,1514.8,1447.5,0,1
2021-01-16,2020-21,West Ham United,Burnley,1526.8,1505.2,1,0
2021-01-16,2020-21,Fulham,Chelsea,1402.7,1611.8,0,1
2021-01-16,2020-21,Leicester City,Southampton,1586.6,1561.7,2,0
2021-01-17,2020-21,Sheffield United,Tottenham,1429.4,1626.6,1,3
2021-01-17,2020-21,Liverpool,Manchester United,1784.5,1681.7,0,0
2021-01-17,2020-21,Manchester City,Crystal Palace,1761.4,1492.9,4,0
2021-01-18,2020-21,Arsenal,Newcastle United,1568.7,1477.8,3,0
2021-01-19,2020-21,West Ham United,West Bromwich Albion,1533.4,1389.9,2,1
2021-01-19,2020-21,Leicester City,Chelsea,1593.2,1618.7,2,0
2021-01-20,2020-21,Fulham,Manchester United,1395.7,1686.9,1,2
2021-01-20,2020-21,Manchester City,Aston Villa,1763.6,1510.3,2,0
2021-01-21,2020-21,Liverpool,Burnley,1779.2,1498.6,0,1
2021-01-23,2020-21,Aston Villa,Newcastle United,1508.0,1472.8,2,0
2021-01-26,2020-21,Crystal Palace,West Ham United,1490.8,1537.4,2,3
2021-01-26,2020-21,Newcastle United,Leeds United,1466.5,1500.3,1,2
2021-01-26,2020-21,Southampton,Arsenal,1555.1,1573.7,1,3
2021-01-26,2020-21,West Bromwich Albion,Manchester City,1385.9,1765.9,0,5
2021-01-27,2020-21,Burnley,Aston Villa,1516.6,1514.2,3,2
2021-01-27,2020-21,Chelsea,Wolverhampton Wanderers,1610.8,1537.2,0,0
2021-01-27,2020-21,Brighton and Hove Albion,Fulham,1462.0,1390.7,0,0
2021-01-27,2020-21,Everton,Leicester City,1576.3,1601.0,1,1
2021-01-27,2020-21,Manchester United,Sheffield United,1691.9,1422.1,1,2
2021-01-28,2020-21,Tottenham,Liverpool,1633.9,1761.2,1,3
2021-01-30,2020-21,Southampton,Aston Villa,1542.8,1507.1,0,1
2021-01-30,2020-21,Arsenal,Manchester United,1586.0,1674.0,0,0
2021-01-30,2020-21,West Bromwich Albion,Fulham,1382.6,1395.3,2,2
2021-01-30,2020-21,Manchester City,Sheffield United,1769.2,1440.0,1,0
2021-01-30,2020-21,Crystal Palace,Wolverhampton Wanderers,1479.2,1541.8,1,0
2021-01-30,2020-21,Everton,Newcastle United,1574.1,1454.7,0,2
2021-01-31,2020-21,Chelsea,Burnley,1606.2,1523.7,2,0
2021-01-31,2020-21,Leicester City,Leeds United,1603.2,1512.2,1,3
2021-01-31,2020-21,West Ham United,Liverpool,1548.9,1770.5,1,3
2021-01-31,2020-21,Brighton and Hove Albion,Tottenham,1457.4,1624.7,1,0
2021-02-02,2020-21,Sheffield United,West Bromwich Albion,1438.5,1380.1,2,1
2021-02-02,2020-21,Wolverhampton Wanderers,Arsenal,1532.9,1585.6,2,1
2021-02-02,2020-21,Manchester United,Southampton,1674.4,1529.1,9,0
2021-02-02,2020-21,Newcastle United,Crystal Palace,1470.3,1488.2,1,2
2021-02-03,2020-21,Liverpool,Brighton and Hove Albion,1777.1,1469.3,0,1
2021-02-03,2020-21,Leeds United,Everton,1527.2,1558.5,1,2
2021-02-03,2020-21,Aston Villa,West Ham United,1520.8,1542.2,1,3
2021-02-03,2020-21,Burnley,Manchester City,1518.5,1770.8,0,2
2021-02-03,2020-21,Fulham,Leicester City,1397.7,1588.2,0,2
2021-02-04,2020-21,Tottenham,Chelsea,1612.8,1611.4,0,1
2021-02-06,2020-21,Aston Villa,Arsenal,1508.6,1577.0,1,0
2021-02-06,2020-21,Burnley,Brighton and Hove Albion,1512.6,1487.6,1,1
2021-02-06,2020-21,Newcastle United,Southampton,1457.9,1525.2,3,2
2021-02-06,2020-21,Fulham,West Ham United,1390.3,1554.5,0,0
2021-02-06,2020-21,Manchester United,Everton,1678.3,1570.5,3,3
2021-02-07,2020-21,Tottenham,West Bromwich Albion,1599.9,1374.4,2,0
2021-02-07,2020-21,Wolverhampton Wanderers,Leicester City,1541.5,1595.6,0,0
2021-02-07,2020-21,Liverpool,Manchester City,1758.8,1776.6,1,4
2021-02-07,2020-21,Sheffield United,Chelsea,1444.2,1624.2,1,2
2021-02-08,2020-21,Leeds United,Crystal Palace,1515.2,1500.5,2,0
2021-02-13,2020-21,Brighton and Hove Albion,Aston Villa,1491.1,1517.7,0,0
2021-02-13,2020-21,Manchester City,Tottenham,1789.0,1602.6,3,0
2021-02-13,2020-21,Leicester City,Liverpool,1596.9,1746.5,3,1
2021-02-13,2020-21,Crystal Palace,Burnley,1493.7,1509.2,0,3
2021-02-14,2020-21,Southampton,Wolverhampton Wanderers,1516.1,1540.2,1,2
2021-02-14,2020-21,West Bromwich Albion,Manchester United,1371.7,1672.9,1,1
2021-02-14,2020-21,Arsenal,Leeds United,1567.9,1522.0,4,2
2021-02-14,2020-21,Everton,Fulham,1575.8,1392.1,0,2
2021-02-15,2020-21,West Ham United,Sheffield United,1552.6,1436.5,3,0
2021-02-15,2020-21,Chelsea,Newcastle United,1632.0,1467.0,2,0
2021-02-17,2020-21,Burnley,Fulham,1521.6,1408.8,1,1
2021-02-17,2020-21,Everton,Manchester City,1559.1,1792.2,1,3
2021-02-19,2020-21,Wolverhampton Wanderers,Leeds United,1552.3,1516.0,1,0
2021-02-20,2020-21,Liverpool,Everton,1735.1,1552.8,0,2
2021-02-20,2020-21,Fulham,Sheffield United,1414.3,1432.0,1,0
2021-02-20,2020-21,Southampton,Chelsea,1504.0,1635.6,1,1
2021-02-20,2020-21,Burnley,West Bromwich Albion,1516.1,1377.0,0,0
2021-02-21,2020-21,West Ham United,Tottenham,1557.1,1599.4,2,1
2021-02-21,2020-21,Aston Villa,Leicester City,1519.8,1608.4,1,2
2021-02-21,2020-21,Arsenal,Manchester City,1573.9,1798.5,0,1
2021-02-21,2020-21,Manchester United,Newcastle United,1667.7,1463.4,3,1
2021-02-22,2020-21,Brighton and Hove Albion,Crystal Palace,1489.0,1481.3,1,2
2021-02-23,2020-21,Leeds United,Southampton,1509.7,1504.9,3,0
2021-02-27,2020-21,Leeds United,Aston Villa,1516.8,1509.4,0,1
2021-02-27,2020-21,Newcastle United,Wolverhampton Wanderers,1460.5,1558.6,1,1
2021-02-27,2020-21,Manchester City,West Ham United,1805.1,1565.5,2,1
2021-02-27,2020-21,West Bromwich Albion,Brighton and Hove Albion,1382.9,1476.0,1,0
2021-02-28,2020-21,Tottenham,Burnley,1591.0,1510.2,4,0
2021-02-28,2020-21,Chelsea,Manchester United,1634.7,1670.7,0,0
2021-02-28,2020-21,Crystal Palace,Fulham,1494.3,1422.0,0,0
2021-02-28,2020-21,Leicester City,Arsenal,1618.7,1567.4,1,3
2021-02-28,2020-21,Sheffield United,Liverpool,1424.3,1718.4,0,2
2021-03-01,2020-21,Everton,Southampton,1569.5,1497.8,1,0
2021-03-02,2020-21,Manchester City,Wolverhampton Wanderers,1807.6,1558.7,4,1
2021-03-03,2020-21,Burnley,Leicester City,1504.9,1604.6,1,1
2021-03-03,2020-21,Sheffield United,Aston Villa,1419.4,1522.4,1,0
2021-03-03,2020-21,Crystal Palace,Manchester United,1489.7,1672.5,0,0
2021-03-04,2020-21,Fulham,Tottenham,1426.6,1596.2,0,1
2021-03-04,2020-21,West Bromwich Albion,Everton,1392.7,1574.9,0,1
2021-03-04,2020-21,Liverpool,Chelsea,1723.3,1632.8,0,1
2021-03-06,2020-21,Burnley,Arsenal,1504.9,1581.5,1,1
2021-03-06,2020-21,Sheffield United,Southampton,1429.5,1492.4,0,2
2021-03-06,2020-21,Aston Villa,Wolverhampton Wanderers,1512.4,1556.3,0,0
2021-03-06,2020-21,Brighton and Hove Albion,Leicester City,1466.2,1604.6,1,2
2021-03-07,2020-21,Tottenham,Crystal Palace,1604.3,1492.0,4,1
2021-03-07,2020-21,Manchester City,Manchester United,1809.9,1670.2,0,2
2021-03-07,2020-21,West Bromwich Albion,Newcastle United,1385.1,1460.4,0,0
2021-03-07,2020-21,Liverpool,Fulham,1708.3,1418.5,0,1
2021-03-08,2020-21,Chelsea,Everton,1647.8,1582.6,2,0
2021-03-08,2020-21,West Ham United,Leeds United,1563.0,1503.8,2,0
2021-03-10,2020-21,Manchester City,Southampton,1794.0,1503.4,5,2
2021-03-12,2020-21,Newcastle United,Aston Villa,1461.1,1510.8,1,1
2021-03-13,2020-21,Leeds United,Chelsea,1498.1,1653.4,0,0
2021-03-13,2020-21,Crystal Palace,West Bromwich Albion,1487.5,1384.3,1,0
2021-03-13,2020-21,Everton,Burnley,1577.0,1504.3,1,2
2021-03-13,2020-21,Fulham,Manchester City,1436.6,1795.9,0,3
2021-03-14,2020-21,Manchester United,West Ham United,1686.1,1568.7,1,0
2021-03-14,2020-21,Southampton,Brighton and Hove Albion,1501.5,1457.3,1,2
2021-03-14,2020-21,Leicester City,Sheffield United,1613.5,1418.4,5,0
2021-03-14,2020-21,Arsenal,Tottenham,1582.1,1608.8,2,1
2021-03-15,2020-21,Wolverhampton Wanderers,Liverpool,1557.9,1690.2,0,1
2021-03-19,2020-21,Fulham,Leeds United,1433.0,1499.7,1,2
2021-03-20,2020-21,Brighton and Hove Albion,Newcastle United,1471.2,1459.7,3,0
2021-03-21,2020-21,West Ham United,Arsenal,1564.3,1590.1,3,3
2021-03-21,2020-21,Aston Villa,Tottenham,1512.2,1600.9,0,2
2021-04-03,2020-21,Chelsea,West Bromwich Albion,1651.8,1379.6,2,5
2021-04-03,2020-21,Leeds United,Sheffield United,1510.6,1415.3,2,1
2021-04-03,2020-21,Leicester City,Manchester City,1616.6,1799.5,0,2
2021-04-03,2020-21,Arsenal,Liverpool,1592.2,1699.3,0,3
2021-04-04,2020-21,Southampton,Burnley,1487.6,1518.9,3,2
2021-04-04,2020-21,Newcastle United,Tottenham,1452.8,1611.2,2,2
2021-04-04,2020-21,Aston Villa,Fulham,1501.9,1422.0,3,1
2021-04-04,2020-21,Manchester United,Brighton and Hove Albion,1690.6,1478.1,2,1
2021-04-05,2020-21,Everton,Crystal Palace,1562.4,1492.2,1,1
2021-04-05,2020-21,Wolverhampton Wanderers,West Ham United,1548.8,1562.2,2,3
2021-04-09,2020-21,Fulham,Wolverhampton Wanderers,1416.8,1536.4,0,1
2021-04-10,2020-21,Manchester City,Leeds United,1807.2,1515.5,1,2
2021-04-10,2020-21,Liverpool,Aston Villa,1709.1,1507.1,2,1
2021-04-10,2020-21,Crystal Palace,Chelsea,1496.8,1633.9,1,4
2021-04-11,2020-21,Burnley,Newcastle United,1510.8,1454.4,1,2
2021-04-11,2020-21,West Ham United,Leicester City,1574.6,1608.9,3,2
2021-04-11,2020-21,Tottenham,Manchester United,1609.6,1693.4,1,3
2021-04-11,2020-21,Sheffield United,Arsenal,1410.4,1582.4,0,3
2021-04-12,2020-21,West Bromwich Albion,Southampton,1397.5,1495.6,3,0
2021-04-12,2020-21,Brighton and Hove Albion,Everton,1475.3,1557.9,0,0
2021-04-16,2020-21,Everton,Tottenham,1558.4,1599.1,2,2
2021-04-17,2020-21,Newcastle United,West Ham United,1468.7,1582.7,3,2
2021-04-17,2020-21,Wolverhampton Wanderers,Sheffield United,1545.8,1402.4,1,0
2021-04-18,2020-21,Arsenal,Fulham,1590.3,1407.3,1,1
2021-04-18,2020-21,Manchester United,Burnley,1703.9,1496.6,3,1
2021-04-19,2020-21,Leeds United,Liverpool,1533.6,1712.1,1,1
2021-04-20,2020-21,Chelsea,Brighton and Hove Albion,1642.9,1474.8,0,0
2021-04-21,2020-21,Tottenham,Southampton,1600.8,1485.7,2,1
2021-04-21,2020-21,Aston Villa,Manchester City,1504.1,1789.1,1,2
2021-04-22,2020-21,Leicester City,West Bromwich Albion,1600.8,1407.5,3,0
2021-04-23,2020-21,Arsenal,Everton,1583.6,1556.7,0,1
2021-04-24,2020-21,Liverpool,Newcastle United,1709.9,1479.1,1,1
2021-04-24,2020-21,West Ham United,Chelsea,1572.3,1636.4,0,1
2021-04-24,2020-21,Sheffield United,Brighton and Hove Albion,1398.5,1481.2,1,0
2021-04-25,2020-21,Wolverhampton Wanderers,Burnley,1549.8,1493.7,0,4
2021-04-25,2020-21,Leeds United,Manchester United,1535.9,1706.8,0,0
2021-04-25,2020-21,Aston Villa,West Bromwich Albion,1499.0,1404.3,2,2
2021-04-26,2020-21,Leicester City,Crystal Palace,1603.9,1487.8,2,1
2021-04-30,2020-21,Southampton,Leicester City,1481.2,1608.4,1,1
2021-05-01,2020-21,Everton,Aston Villa,1570.2,1493.9,1,2
2021-05-01,2020-21,Chelsea,Fulham,1647.4,1414.0,2,0
2021-05-01,2020-21,Crystal Palace,Manchester City,1483.4,1794.2,0,2
2021-05-01,2020-21,Brighton and Hove Albion,Leeds United,1471.7,1537.9,2,0
2021-05-02,2020-21,Newcastle United,Arsenal,1486.5,1570.1,0,2
2021-05-02,2020-21,Tottenham,Sheffield United,1605.3,1408.0,4,0
2021-05-03,2020-21,West Bromwich Albion,Wolverhampton Wanderers,1409.4,1535.6,1,1
2021-05-03,2020-21,Burnley,West Ham United,1507.9,1561.3,1,2
2021-05-07,2020-21,Leicester City,Newcastle United,1607.6,1476.0,2,4
2021-05-08,2020-21,Liverpool,Southampton,1702.5,1482.0,2,0
2021-05-08,2020-21,Leeds United,Tottenham,1528.9,1608.3,3,1
2021-05-08,2020-21,Sheffield United,Crystal Palace,1404.9,1478.8,0,2
2021-05-08,2020-21,Manchester City,Chelsea,1798.8,1650.0,1,2
2021-05-09,2020-21,Arsenal,West Bromwich Albion,1580.6,1410.2,3,1
2021-05-09,2020-21,West Ham United,Everton,1572.6,1555.5,0,1
2021-05-09,2020-21,Wolverhampton Wanderers,Brighton and Hove Albion,1534.8,1480.8,2,1
2021-05-09,2020-21,Aston Villa,Manchester United,1508.6,1704.8,1,3
2021-05-10,2020-21,Fulham,Burnley,1411.5,1496.6,0,2
2021-05-11,2020-21,Manchester United,Leicester City,1712.1,1591.8,1,2
2021-05-11,2020-21,Southampton,Crystal Palace,1479.2,1489.5,3,1
2021-05-12,2020-21,Chelsea,Arsenal,1666.1,1584.1,0,1
2021-05-13,2020-21,Aston Villa,Everton,1501.3,1568.7,0,0
2021-05-13,2020-21,Manchester United,Liverpool,1696.5,1705.2,2,4
2021-05-14,2020-21,Newcastle United,Manchester City,1491.8,1782.7,3,4
2021-05-15,2020-21,Burnley,Leeds United,1507.0,1538.3,0,4
2021-05-15,2020-21,Southampton,Fulham,1486.7,1401.1,3,1
2021-05-15,2020-21,Brighton and Hove Albion,West Ham United,1474.9,1559.4,1,1
2021-05-16,2020-21,West Bromwich Albion,Liverpool,1406.7,1717.8,1,2
2021-05-16,2020-21,Everton,Sheffield United,1569.7,1394.2,0,1
2021-05-16,2020-21,Tottenham,Wolverhampton Wanderers,1598.9,1540.6,2,0
2021-05-16,2020-21,Crystal Palace,Aston Villa,1482.1,1500.4,3,2
2021-05-18,2020-21,Manchester United,Fulham,1683.9,1395.9,1,1
2021-05-18,2020-21,Southampton,Leeds United,1491.8,1550.2,0,2
2021-05-18,2020-21,Brighton and Hove Albion,Manchester City,1474.5,1787.7,3,2
2021-05-18,2020-21,Chelsea,Leicester City,1651.3,1607.4,2,1
2021-05-19,2020-21,Everton,Wolverhampton Wanderers,1553.1,1534.9,1,0
2021-05-19,2020-21,Newcastle United,Sheffield United,1486.8,1410.8,1,0
2021-05-19,2020-21,Tottenham,Aston Villa,1604.7,1492.7,1,2
2021-05-19,2020-21,Crystal Palace,Arsenal,1489.7,1598.9,1,3
2021-05-19,2020-21,Burnley,Liverpool,1495.0,1722.3,0,3
2021-05-19,2020-21,West Bromwich Albion,West Ham United,1402.1,1559.8,1,3
2021-05-23,2020-21,Sheffield United,Burnley,1405.5,1488.5,1,0
2021-05-23,2020-21,Manchester City,Everton,1772.2,1559.8,5,0
2021-05-23,2020-21,West Ham United,Southampton,1568.2,1480.6,3,0
2021-05-23,2020-21,Liverpool,Crystal Palace,1728.8,1480.0,2,0
2021-05-23,2020-21,Wolverhampton Wanderers,Manchester United,1528.2,1675.9,1,2
2021-05-23,2020-21,Leeds United,West Bromwich Albion,1561.4,1393.8,3,1
2021-05-23,2020-21,Fulham,Newcastle United,1404.0,1492.2,0,2
2021-05-23,2020-21,Aston Villa,Chelsea,1508.1,1657.4,2,1
2021-05-23,2020-21,Arsenal,Brighton and Hove Albion,1608.6,1489.9,2,0
2021-05-23,2020-21,Leicester City,Tottenham,1601.3,1589.2,2,4
2021-08-13,2021-22,Brentford,Arsenal,1500.0,1613.0,2,0
2021-08-14,2021-22,Manchester United,Leeds United,1684.5,1564.9,5,1
2021-08-14,2021-22,Burnley,Brighton and Hove Albion,1479.0,1485.5,1,2
2021-08-14,2021-22,Chelsea,Crystal Palace,1646.0,1477.6,3,0
2021-08-14,2021-22,Everton,Southampton,1557.0,1475.6,3,1
2021-08-14,2021-22,Leicester City,Wolverhampton Wanderers,1588.2,1519.5,1,0
2021-08-14,2021-22,Watford,Aston Villa,1439.6,1519.5,3,2
2021-08-14,2021-22,Norwich City,Liverpool,1372.6,1731.2,0,3
2021-08-15,2021-22,Tottenham,Manchester City,1602.3,1775.0,1,0
2021-08-15,2021-22,Newcastle United,West Ham United,1502.5,1573.3,2,4
2021-08-21,2021-22,Liverpool,Burnley,1734.9,1466.4,2,0
2021-08-21,2021-22,Aston Villa,Newcastle United,1510.1,1491.7,2,0
2021-08-21,2021-22,Crystal Palace,Brentford,1474.1,1510.4,0,0
2021-08-21,2021-22,Leeds United,Everton,1560.5,1562.2,2,2
2021-08-21,2021-22,Manchester City,Norwich City,1763.0,1368.9,5,0
2021-08-21,2021-22,Brighton and Hove Albion,Watford,1498.1,1449.0,2,0
2021-08-22,2021-22,Southampton,Manchester United,1470.4,1688.9,1,1
2021-08-22,2021-22,Wolverhampton Wanderers,Tottenham,1514.1,1614.4,0,1
2021-08-22,2021-22,Arsenal,Chelsea,1602.7,1649.5,0,2
2021-08-23,2021-22,West Ham United,Leicester City,1584.1,1593.7,4,1
2021-08-28,2021-22,Liverpool,Chelsea,1737.0,1661.0,1,1
2021-08-28,2021-22,West Ham United,Crystal Palace,1591.5,1472.3,2,2
2021-08-28,2021-22,Norwich City,Leicester City,1367.8,1586.2,1,2
2021-08-28,2021-22,Newcastle United,Southampton,1484.9,1473.6,2,2
2021-08-28,2021-22,Brighton and Hove Albion,Everton,1504.1,1564.9,0,2
2021-08-28,2021-22,Aston Villa,Brentford,1516.8,1512.2,1,1
2021-08-28,2021-22,Manchester City,Arsenal,1764.1,1591.1,5,0
2021-08-29,2021-22,Burnley,Leeds United,1464.3,1557.8,1,1
2021-08-29,2021-22,Tottenham,Watford,1624.4,1443.1,1,0
2021-08-29,2021-22,Wolverhampton Wanderers,Manchester United,1504.1,1685.6,0,1
2021-09-11,2021-22,Crystal Palace,Tottenham,1477.9,1627.7,3,0
2021-09-11,2021-22,Arsenal,Norwich City,1587.7,1361.1,1,0
2021-09-11,2021-22,Brentford,Brighton and Hove Albion,1515.1,1493.0,0,1
2021-09-11,2021-22,Leicester City,Manchester City,1593.0,1767.5,0,1
2021-09-11,2021-22,Manchester United,Newcastle United,1693.3,1481.8,4,1
2021-09-11,2021-22,Southampton,West Ham United,1476.7,1586.0,0,0
2021-09-11,2021-22,Watford,Wolverhampton Wanderers,1439.8,1496.4,0,2
2021-09-11,2021-22,Chelsea,Aston Villa,1665.7,1513.9,3,0
2021-09-12,2021-22,Leeds United,Liverpool,1558.0,1732.4,0,3
2021-09-13,2021-22,Everton,Burnley,1576.0,1464.1,3,1
2021-09-17,2021-22,Newcastle United,Leeds United,1479.0,1550.1,1,1
2021-09-18,2021-22,Wolverhampton Wanderers,Brentford,1507.6,1501.7,0,2
2021-09-18,2021-22,Burnley,Arsenal,1459.5,1590.3,0,1
2021-09-18,2021-22,Liverpool,Crystal Palace,1740.2,1489.3,3,0
2021-09-18,2021-22,Manchester City,Southampton,1775.4,1477.0,0,0
2021-09-18,2021-22,Norwich City,Watford,1358.4,1428.5,1,3
2021-09-18,2021-22,Aston Villa,Everton,1510.1,1580.6,3,0
2021-09-19,2021-22,Brighton and Hove Albion,Leicester City,1506.4,1585.1,2,1
2021-09-19,2021-22,West Ham United,Manchester United,1585.7,1696.2,1,2
2021-09-19,2021-22,Tottenham,Chelsea,1616.3,1669.5,0,3
2021-09-25,2021-22,Brentford,Liverpool,1514.7,1742.6,3,3
2021-09-25,2021-22,Watford,Newcastle United,1439.4,1478.2,1,1
2021-09-25,2021-22,Leeds United,West Ham United,1550.9,1576.0,1,2
2021-09-25,2021-22,Leicester City,Burnley,1575.7,1450.4,2,2
2021-09-25,2021-22,Everton,Norwich City,1571.5,1347.6,2,0
2021-09-25,2021-22,Manchester United,Aston Villa,1705.9,1519.2,0,1
2021-09-25,2021-22,Chelsea,Manchester City,1680.8,1767.2,0,1
2021-09-26,2021-22,Southampton,Wolverhampton Wanderers,1485.2,1494.7,0,1
2021-09-26,2021-22,Arsenal,Tottenham,1599.5,1604.9,3,1
2021-09-27,2021-22,Crystal Palace,Brighton and Hove Albion,1487.0,1515.7,1,1
2021-10-02,2021-22,Manchester United,Everton,1689.1,1574.1,1,1
2021-10-02,2021-22,Burnley,Norwich City,1456.1,1344.9,0,0
2021-10-02,2021-22,Chelsea,Southampton,1670.4,1472.6,3,1
2021-10-02,2021-22,Leeds United,Watford,1538.8,1437.6,1,0
2021-10-02,2021-22,Wolverhampton Wanderers,Newcastle United,1507.2,1479.9,2,1
2021-10-02,2021-22,Brighton and Hove Albion,Arsenal,1517.8,1606.8,0,0
2021-10-03,2021-22,Liverpool,Manchester City,1739.1,1777.6,2,2
2021-10-03,2021-22,West Ham United,Brentford,1588.1,1518.2,1,2
2021-10-03,2021-22,Crystal Palace,Leicester City,1485.0,1570.0,2,2
2021-10-03,2021-22,Tottenham,Aston Villa,1597.6,1536.0,2,1
2021-10-16,2021-22,Watford,Liverpool,1432.9,1737.3,0,5
2021-10-16,2021-22,Aston Villa,Wolverhampton Wanderers,1530.4,1513.7,2,3
2021-10-16,2021-22,Leicester City,Manchester United,1570.4,1683.6,4,2
2021-10-16,2021-22,Manchester City,Burnley,1779.4,1450.7,2,0
2021-10-16,2021-22,Norwich City,Brighton and Hove Albion,1350.3,1517.4,0,0
2021-10-16,2021-22,Southampton,Leeds United,1469.6,1543.6,1,0
2021-10-16,2021-22,Brentford,Chelsea,1532.7,1673.5,0,1
2021-10-17,2021-22,Everton,West Ham United,1579.6,1573.6,0,1
2021-10-17,2021-22,Newcastle United,Tottenham,1473.4,1603.2,2,3
2021-10-18,2021-22,Arsenal,Crystal Palace,1607.1,1484.5,2,2
2021-10-22,2021-22,Arsenal,Aston Villa,1601.5,1517.1,3,1
2021-10-23,2021-22,Southampton,Burnley,1478.8,1449.1,2,2
2021-10-23,2021-22,Brighton and Hove Albion,Manchester City,1515.5,1780.9,1,4
2021-10-23,2021-22,Everton,Watford,1566.7,1428.1,2,5
2021-10-23,2021-22,Crystal Palace,Newcastle United,1490.2,1464.3,1,1
2021-10-23,2021-22,Chelsea,Norwich City,1682.3,1352.2,7,0
2021-10-23,2021-22,Leeds United,Wolverhampton Wanderers,1534.3,1526.9,1,1
2021-10-24,2021-22,Brentford,Leicester City,1523.9,1580.8,1,2
2021-10-24,2021-22,West Ham United,Tottenham,1586.5,1612.4,1,0
2021-10-24,2021-22,Manchester United,Liverpool,1673.2,1742.0,0,5
2021-10-30,2021-22,Watford,Southampton,1444.1,1475.3,0,1
2021-10-30,2021-22,Leicester City,Arsenal,1592.0,1606.6,0,2
2021-10-30,2021-22,Burnley,Brentford,1452.7,1512.7,3,1
2021-10-30,2021-22,Liverpool,Brighton and Hove Albion,1752.9,1510.0,2,2
2021-10-30,2021-22,Manchester City,Crystal Palace,1786.5,1486.7,0,2
2021-10-30,2021-22,Newcastle United,Chelsea,1467.7,1683.9,0,3
2021-10-30,2021-22,Tottenham,Manchester United,1604.5,1662.3,0,3
2021-10-31,2021-22,Aston Villa,West Ham United,1512.0,1594.4,1,4
2021-10-31,2021-22,Norwich City,Leeds United,1350.7,1531.3,1,2
2021-11-01,2021-22,Wolverhampton Wanderers,Everton,1529.9,1550.7,2,1
2021-11-05,2021-22,Southampton,Aston Villa,1487.2,1501.5,1,0
2021-11-06,2021-22,Manchester United,Manchester City,1673.5,1768.3,0,2
2021-11-06,2021-22,Brentford,Norwich City,1503.8,1343.0,1,2
2021-11-06,2021-22,Chelsea,Burnley,1690.6,1461.5,1,1
2021-11-06,2021-22,Crystal Palace,Wolverhampton Wanderers,1504.9,1537.7,2,0
2021-11-06,2021-22,Brighton and Hove Albion,Newcastle United,1517.5,1461.0,1,1
2021-11-07,2021-22,Leeds United,Leicester City,1539.0,1579.6,1,1
2021-11-07,2021-22,West Ham United,Liverpool,1604.9,1745.4,3,2
2021-11-07,2021-22,Arsenal,Watford,1619.0,1432.1,1,0
2021-11-07,2021-22,Everton,Tottenham,1543.0,1593.3,0,0
2021-11-20,2021-22,Wolverhampton Wanderers,West Ham United,1529.6,1616.1,1,0
2021-11-20,2021-22,Watford,Manchester United,1428.9,1663.4,4,1
2021-11-20,2021-22,Liverpool,Arsenal,1734.2,1622.2,4,0
2021-11-20,2021-22,Norwich City,Southampton,1359.3,1494.8,2,1
2021-11-20,2021-22,Burnley,Crystal Palace,1468.9,1513.0,3,3
2021-11-20,2021-22,Newcastle United,Brentford,1465.2,1487.5,3,3
2021-11-20,2021-22,Aston Villa,Brighton and Hove Albion,1493.9,1513.3,2,0
2021-11-20,2021-22,Leicester City,Chelsea,1581.3,1683.3,0,3
2021-11-21,2021-22,Manchester City,Everton,1778.5,1541.5,3,0
2021-11-21,2021-22,Tottenham,Leeds United,1594.7,1537.3,2,1
2021-11-27,2021-22,Arsenal,Newcastle United,1617.7,1463.0,2,0
2021-11-27,2021-22,Crystal Palace,Aston Villa,1514.6,1501.6,1,2
2021-11-27,2021-22,Liverpool,Southampton,1738.8,1483.8,4,0
2021-11-27,2021-22,Norwich City,Wolverhampton Wanderers,1370.3,1539.2,0,0
2021-11-27,2021-22,Brighton and Hove Albion,Leeds United,1505.6,1531.6,0,0
2021-11-28,2021-22,Chelsea,Manchester United,1693.2,1649.7,1,1
2021-11-28,2021-22,Manchester City,West Ham United,1781.0,1606.5,2,1
2021-11-28,2021-22,Brentford,Everton,1489.7,1539.0,1,0
2021-11-28,2021-22,Leicester City,Watford,1571.4,1442.6,4,2
2021-11-30,2021-22,Newcastle United,Norwich City,1459.2,1372.3,1,1
2021-11-30,2021-22,Leeds United,Crystal Palace,1533.7,1501.4,1,0
2021-12-01,2021-22,Southampton,Leicester City,1481.5,1575.6,2,2
2021-12-01,2021-22,Watford,Chelsea,1438.4,1689.3,1,2
2021-12-01,2021-22,West Ham United,Brighton and Hove Albion,1603.1,1503.5,1,1
2021-12-01,2021-22,Wolverhampton Wanderers,Burnley,1537.3,1467.3,0,0
2021-12-01,2021-22,Aston Villa,Manchester City,1514.8,1784.4,1,2
2021-12-01,2021-22,Everton,Liverpool,1530.5,1741.1,1,4
2021-12-02,2021-22,Tottenham,Brentford,1600.5,1498.2,2,0
2021-12-02,2021-22,Manchester United,Arsenal,1653.6,1621.4,3,2
2021-12-04,2021-22,Wolverhampton Wanderers,Liverpool,1532.7,1748.0,0,1
2021-12-04,2021-22,Southampton,Brighton and Hove Albion,1481.3,1508.7,1,1
2021-12-04,2021-22,Watford,Manchester City,1432.5,1789.9,1,3
2021-12-04,2021-22,West Ham United,Chelsea,1597.9,1695.2,3,2
2021-12-04,2021-22,Newcastle United,Burnley,1454.3,1471.9,1,0
2021-12-05,2021-22,Leeds United,Brentford,1540.0,1493.5,2,2
2021-12-05,2021-22,Manchester United,Crystal Palace,1660.0,1495.1,1,0
2021-12-05,2021-22,Tottenham,Norwich City,1605.2,1377.2,3,0
2021-12-05,2021-22,Aston Villa,Leicester City,1509.3,1575.8,2,1
2021-12-06,2021-22,Everton,Arsenal,1523.6,1615.1,2,1
2021-12-10,2021-22,Brentford,Watford,1497.5,1428.8,2,1
2021-12-11,2021-22,Manchester City,Wolverhampton Wanderers,1793.6,1525.9,1,0
2021-12-11,2021-22,Arsenal,Southampton,1605.3,1479.3,3,0
2021-12-11,2021-22,Chelsea,Leeds United,1685.3,1536.1,3,2
2021-12-11,2021-22,Liverpool,Aston Villa,1754.8,1518.3,1,0
2021-12-11,2021-22,Norwich City,Manchester United,1374.6,1663.5,0,1
2021-12-12,2021-22,Crystal Palace,Everton,1491.5,1533.3,3,1
2021-12-12,2021-22,Leicester City,Newcastle United,1566.7,1462.0,4,0
2021-12-12,2021-22,Burnley,West Ham United,1464.2,1607.8,0,0
2021-12-14,2021-22,Norwich City,Aston Villa,1369.5,1515.8,0,2
2021-12-14,2021-22,Manchester City,Leeds United,1795.7,1532.2,7,0
2021-12-15,2021-22,Brighton and Hove Albion,Wolverhampton Wanderers,1510.7,1523.8,0,1
2021-12-15,2021-22,Crystal Palace,Southampton,1499.8,1475.0,2,2
2021-12-15,2021-22,Arsenal,West Ham United,1609.6,1606.6,2,0
2021-12-16,2021-22,Chelsea,Everton,1689.1,1525.0,1,1
2021-12-16,2021-22,Liverpool,Newcastle United,1757.3,1457.3,3,1
2021-12-18,2021-22,Leeds United,Arsenal,1530.0,1616.7,1,4
2021-12-19,2021-22,Newcastle United,Manchester City,1455.5,1797.9,0,4
2021-12-19,2021-22,Wolverhampton Wanderers,Chelsea,1536.2,1682.7,0,0
2021-12-19,2021-22,Tottenham,Liverpool,1607.8,1759.1,2,2
2021-12-26,2021-22,Aston Villa,Chelsea,1524.5,1681.4,1,3
2021-12-26,2021-22,Brighton and Hove Albion,Brentford,1498.3,1502.9,2,0
2021-12-26,2021-22,West Ham United,Southampton,1599.4,1478.4,2,3
2021-12-26,2021-22,Norwich City,Arsenal,1360.9,1627.1,0,5
2021-12-26,2021-22,Tottenham,Crystal Palace,1609.3,1496.4,3,0
2021-12-26,2021-22,Manchester City,Leicester City,1801.9,1571.4,6,3
2021-12-27,2021-22,Newcastle United,Manchester United,1451.5,1668.6,1,1
2021-12-28,2021-22,Crystal Palace,Norwich City,1491.8,1355.3,3,0
2021-12-28,2021-22,Southampton,Tottenham,1494.0,1613.9,1,1
2021-12-28,2021-22,Watford,West Ham United,1423.3,1583.8,1,4
2021-12-28,2021-22,Leicester City,Liverpool,1568.8,1757.6,1,0
2021-12-29,2021-22,Chelsea,Brighton and Hove Albion,1689.8,1505.6,1,1
2021-12-29,2021-22,Brentford,Manchester City,1495.6,1804.5,0,1
2021-12-30,2021-22,Manchester United,Burnley,1665.3,1465.4,3,1
2022-01-01,2021-22,Arsenal,Manchester City,1632.6,1809.1,1,2
2022-01-01,2021-22,Watford,Tottenham,1415.0,1613.3,0,1
2022-01-01,2021-22,Crystal Palace,West Ham United,1495.9,1592.1,2,3
2022-01-02,2021-22,Chelsea,Liverpool,1683.0,1745.1,2,2
2022-01-02,2021-22,Leeds United,Burnley,1519.6,1462.4,3,1
2022-01-02,2021-22,Brentford,Aston Villa,1491.0,1516.1,2,1
2022-01-02,2021-22,Everton,Brighton and Hove Albion,1531.4,1512.3,2,3
2022-01-03,2021-22,Manchester United,Wolverhampton Wanderers,1668.3,1537.5,0,1
2022-01-11,2021-22,Southampton,Brentford,1494.6,1498.9,4,1
2022-01-12,2021-22,West Ham United,Norwich City,1602.2,1351.2,2,0
2022-01-14,2021-22,Brighton and Hove Albion,Crystal Palace,1525.6,1485.8,1,1
2022-01-15,2021-22,Manchester City,Chelsea,1817.0,1681.9,1,0
2022-01-15,2021-22,Newcastle United,Watford,1454.7,1407.8,1,1
2022-01-15,2021-22,Norwich City,Everton,1348.9,1518.1,2,1
2022-01-15,2021-22,Wolverhampton Wanderers,Southampton,1553.4,1501.9,3,1
2022-01-15,2021-22,Aston Villa,Manchester United,1508.2,1652.5,2,2
2022-01-16,2021-22,West Ham United,Leeds United,1604.5,1525.4,2,3
2022-01-16,2021-22,Liverpool,Brentford,1746.2,1491.6,3,0
2022-01-18,2021-22,Brighton and Hove Albion,Chelsea,1521.8,1677.8,1,1
2022-01-19,2021-22,Leicester City,Tottenham,1581.3,1620.5,2,3
2022-01-19,2021-22,Brentford,Manchester United,1489.3,1651.3,1,3
2022-01-21,2021-22,Watford,Norwich City,1411.8,1360.9,0,3
2022-01-22,2021-22,Everton,Aston Villa,1506.1,1509.5,0,1
2022-01-22,2021-22,Brentford,Wolverhampton Wanderers,1481.0,1559.3,1,2
2022-01-22,2021-22,Leeds United,Newcastle United,1540.1,1450.8,0,1
2022-01-22,2021-22,Manchester United,West Ham United,1659.5,1589.8,1,0
2022-01-22,2021-22,Southampton,Manchester City,1496.0,1821.1,1,1
2022-01-23,2021-22,Chelsea,Tottenham,1676.2,1632.3,2,0
2022-01-23,2021-22,Leicester City,Brighton and Hove Albion,1569.6,1523.4,1,1
2022-01-23,2021-22,Arsenal,Burnley,1624.8,1456.7,0,0
2022-01-23,2021-22,Crystal Palace,Liverpool,1489.6,1748.5,1,3
2022-02-05,2021-22,Burnley,Watford,1463.1,1397.7,0,0
2022-02-08,2021-22,Newcastle United,Everton,1465.7,1493.4,3,1
2022-02-08,2021-22,West Ham United,Watford,1584.3,1402.1,1,0
2022-02-08,2021-22,Burnley,Manchester United,1458.7,1665.0,1,1
2022-02-09,2021-22,Manchester City,Brentford,1815.4,1470.4,2,0
2022-02-09,2021-22,Norwich City,Crystal Palace,1374.9,1483.9,1,1
2022-02-09,2021-22,Tottenham,Southampton,1626.2,1501.7,2,3
2022-02-09,2021-22,Aston Villa,Leeds United,1522.2,1525.2,3,3
2022-02-10,2021-22,Liverpool,Leicester City,1754.3,1565.6,2,0
2022-02-10,2021-22,Wolverhampton Wanderers,Arsenal,1569.9,1618.3,0,1
2022-02-12,2021-22,Watford,Brighton and Hove Albion,1398.8,1527.4,0,2
2022-02-12,2021-22,Everton,Leeds United,1485.5,1527.9,3,0
2022-02-12,2021-22,Norwich City,Manchester City,1375.2,1816.8,0,4
2022-02-12,2021-22,Manchester United,Southampton,1662.0,1517.4,1,1
2022-02-12,2021-22,Brentford,Crystal Palace,1469.0,1483.7,0,0
2022-02-13,2021-22,Leicester City,West Ham United,1562.4,1587.6,2,2
2022-02-13,2021-22,Tottenham,Wolverhampton Wanderers,1610.5,1558.4,0,2
2022-02-13,2021-22,Newcastle United,Aston Villa,1473.7,1519.5,1,0
2022-02-13,2021-22,Burnley,Liverpool,1461.7,1757.4,0,1
2022-02-15,2021-22,Manchester United,Brighton and Hove Albion,1655.9,1536.6,2,0
2022-02-19,2021-22,West Ham United,Newcastle United,1589.7,1482.1,1,1
2022-02-19,2021-22,Arsenal,Brentford,1629.8,1466.6,2,1
2022-02-19,2021-22,Aston Villa,Watford,1511.0,1389.6,0,1
2022-02-19,2021-22,Brighton and Hove Albion,Burnley,1532.2,1456.8,0,3
2022-02-19,2021-22,Crystal Palace,Chelsea,1486.1,1682.3,0,1
2022-02-19,2021-22,Liverpool,Norwich City,1762.3,1372.7,3,1
2022-02-19,2021-22,Southampton,Everton,1523.5,1493.8,2,0
2022-02-19,2021-22,Manchester City,Tottenham,1819.2,1596.4,2,3
2022-02-20,2021-22,Leeds United,Manchester United,1519.5,1660.3,2,4
2022-02-20,2021-22,Wolverhampton Wanderers,Leicester City,1572.5,1560.3,2,1
2022-02-23,2021-22,Liverpool,Leeds United,1763.5,1510.7,6,0
2022-02-23,2021-22,Watford,Crystal Palace,1405.3,1478.8,1,4
2022-02-23,2021-22,Burnley,Tottenham,1471.4,1613.7,1,0
2022-02-24,2021-22,Arsenal,Wolverhampton Wanderers,1633.4,1579.4,2,1
2022-02-25,2021-22,Southampton,Norwich City,1529.9,1371.6,2,0
2022-02-26,2021-22,Leeds United,Tottenham,1508.4,1602.5,0,4
2022-02-26,2021-22,Brentford,Newcastle United,1463.0,1487.5,0,2
2022-02-26,2021-22,Crystal Palace,Burnley,1489.5,1482.6,1,1
2022-02-26,2021-22,Manchester United,Watford,1669.2,1394.5,0,0
2022-02-26,2021-22,Brighton and Hove Albion,Aston Villa,1517.5,1495.4,0,2
2022-02-26,2021-22,Everton,Manchester City,1487.4,1801.9,0,1
2022-02-27,2021-22,West Ham United,Wolverhampton Wanderers,1584.4,1573.6,1,0
2022-03-01,2021-22,Burnley,Leicester City,1485.6,1553.4,0,2
2022-03-05,2021-22,Liverpool,West Ham United,1765.8,1591.3,1,0
2022-03-05,2021-22,Wolverhampton Wanderers,Crystal Palace,1566.7,1486.5,0,2
2022-03-05,2021-22,Norwich City,Brentford,1367.9,1450.8,1,3
2022-03-05,2021-22,Newcastle United,Brighton and Hove Albion,1499.6,1504.1,2,1
2022-03-05,2021-22,Burnley,Chelsea,1474.7,1689.6,0,4
2022-03-05,2021-22,Aston Villa,Southampton,1508.8,1533.6,4,0
2022-03-05,2021-22,Leicester City,Leeds United,1564.4,1498.2,1,0
2022-03-06,2021-22,Watford,Arsenal,1402.4,1639.2,2,3
2022-03-06,2021-22,Manchester City,Manchester United,1806.5,1661.3,4,1
2022-03-07,2021-22,Tottenham,Everton,1612.6,1482.9,5,0
2022-03-10,2021-22,Norwich City,Chelsea,1357.4,1696.4,1,3
2022-03-10,2021-22,Southampton,Newcastle United,1525.7,1506.9,1,2
2022-03-10,2021-22,Wolverhampton Wanderers,Watford,1551.9,1396.2,4,0
2022-03-10,2021-22,Leeds United,Aston Villa,1492.7,1516.6,0,3
2022-03-12,2021-22,Brighton and Hove Albion,Liverpool,1496.8,1769.2,0,2
2022-03-12,2021-22,Brentford,Burnley,1461.3,1467.9,2,0
2022-03-12,2021-22,Manchester United,Tottenham,1657.3,1616.8,3,2
2022-03-13,2021-22,Arsenal,Leicester City,1645.5,1569.9,2,0
2022-03-13,2021-22,West Ham United,Aston Villa,1587.9,1528.8,2,1
2022-03-13,2021-22,Southampton,Watford,1512.4,1392.4,1,2
2022-03-13,2021-22,Everton,Wolverhampton Wanderers,1478.7,1555.6,0,1
2022-03-13,2021-22,Chelsea,Newcastle United,1700.4,1520.2,1,0
2022-03-13,2021-22,Leeds United,Norwich City,1480.5,1353.4,2,1
2022-03-14,2021-22,Crystal Palace,Manchester City,1501.3,1810.4,0,0
2022-03-16,2021-22,Brighton and Hove Albion,Tottenham,1491.4,1610.7,0,2
2022-03-16,2021-22,Arsenal,Liverpool,1650.8,1774.6,0,2
2022-03-17,2021-22,Everton,Newcastle United,1468.0,1516.9,1,0
2022-03-18,2021-22,Wolverhampton Wanderers,Leeds United,1566.3,1484.8,2,3
2022-03-19,2021-22,Aston Villa,Arsenal,1523.1,1641.5,0,1
2022-03-20,2021-22,Leicester City,Brentford,1564.6,1468.7,2,1
2022-03-20,2021-22,Tottenham,West Ham United,1620.1,1593.6,3,1
2022-04-02,2021-22,Wolverhampton Wanderers,Aston Villa,1551.5,1513.6,2,1
2022-04-02,2021-22,Manchester United,Leicester City,1663.5,1569.5,1,1
2022-04-02,2021-22,Leeds United,Southampton,1499.6,1496.8,1,1
2022-04-02,2021-22,Burnley,Manchester City,1460.5,1805.0,0,2
2022-04-02,2021-22,Chelsea,Brentford,1703.8,1463.8,1,4
2022-04-02,2021-22,Brighton and Hove Albion,Norwich City,1482.0,1349.1,0,0
2022-04-02,2021-22,Liverpool,Watford,1783.9,1408.0,2,0
2022-04-03,2021-22,West Ham United,Everton,1587.1,1476.5,2,1
2022-04-03,2021-22,Tottenham,Newcastle United,1626.6,1508.4,5,1
2022-04-04,2021-22,Crystal Palace,Arsenal,1506.7,1651.0,3,0
2022-04-06,2021-22,Burnley,Everton,1456.6,1472.0,3,2
2022-04-08,2021-22,Newcastle United,Wolverhampton Wanderers,1503.9,1557.7,1,0
2022-04-09,2021-22,Everton,Manchester United,1464.3,1658.4,1,0
2022-04-09,2021-22,Arsenal,Brighton and Hove Albion,1639.7,1476.1,1,2
2022-04-09,2021-22,Southampton,Chelsea,1499.7,1686.2,0,6
2022-04-09,2021-22,Watford,Leeds United,1406.8,1496.7,0,3
2022-04-09,2021-22,Aston Villa,Tottenham,1507.4,1631.1,0,4
2022-04-10,2021-22,Manchester City,Liverpool,1808.9,1785.1,2,2
2022-04-10,2021-22,Norwich City,Burnley,1355.0,1464.2,2,0
2022-04-10,2021-22,Brentford,West Ham United,1481.3,1591.7,2,0
2022-04-10,2021-22,Leicester City,Crystal Palace,1574.5,1518.0,2,1
2022-04-16,2021-22,Tottenham,Brighton and Hove Albion,1640.4,1492.5,0,1
2022-04-16,2021-22,Manchester United,Norwich City,1645.8,1365.3,3,2
2022-04-16,2021-22,Southampton,Arsenal,1492.2,1623.3,1,0
2022-04-16,2021-22,Watford,Brentford,1396.5,1491.6,1,2
2022-04-17,2021-22,Newcastle United,Leicester City,1512.6,1580.3,2,1
2022-04-17,2021-22,West Ham United,Burnley,1581.4,1453.9,1,1
2022-04-19,2021-22,Liverpool,Manchester United,1788.6,1647.8,4,0
2022-04-20,2021-22,Newcastle United,Crystal Palace,1521.7,1512.2,1,0
2022-04-20,2021-22,Chelsea,Arsenal,1693.8,1612.4,2,4
2022-04-20,2021-22,Everton,Leicester City,1477.0,1571.2,1,1
2022-04-20,2021-22,Manchester City,Brighton and Hove Albion,1805.5,1508.6,3,0
2022-04-21,2021-22,Burnley,Southampton,1459.7,1503.1,2,0
2022-04-23,2021-22,Arsenal,Manchester United,1627.2,1643.8,3,1
2022-04-23,2021-22,Leicester City,Aston Villa,1571.4,1498.1,0,0
2022-04-23,2021-22,Manchester City,Watford,1807.4,1386.4,5,1
2022-04-23,2021-22,Norwich City,Newcastle United,1363.2,1528.6,0,3
2022-04-23,2021-22,Brentford,Tottenham,1501.8,1624.3,0,0
2022-04-24,2021-22,Brighton and Hove Albion,Southampton,1506.8,1494.7,2,2
2022-04-24,2021-22,Burnley,Wolverhampton Wanderers,1468.1,1549.0,1,0
2022-04-24,2021-22,Chelsea,West Ham United,1679.0,1575.6,1,0
2022-04-24,2021-22,Liverpool,Everton,1792.6,1476.8,2,0
2022-04-25,2021-22,Crystal Palace,Leeds United,1505.2,1507.0,0,0
2022-04-28,2021-22,Manchester United,Chelsea,1636.1,1683.7,1,1
2022-04-30,2021-22,Leeds United,Manchester City,1509.7,1808.3,0,4
2022-04-30,2021-22,Wolverhampton Wanderers,Brighton and Hove Albion,1539.6,1503.7,0,3
2022-04-30,2021-22,Watford,Burnley,1385.4,1477.5,1,2
2022-04-30,2021-22,Southampton,Crystal Palace,1497.8,1502.5,1,2
2022-04-30,2021-22,Aston Villa,Norwich City,1502.7,1355.1,2,0
2022-04-30,2021-22,Newcastle United,Liverpool,1536.8,1794.2,0,1
2022-05-01,2021-22,Everton,Chelsea,1475.2,1685.2,1,0
2022-05-01,2021-22,Tottenham,Leicester City,1623.6,1566.8,3,1
2022-05-01,2021-22,West Ham United,Arsenal,1570.9,1634.8,1,2
2022-05-02,2021-22,Manchester United,Brentford,1634.7,1502.4,3,0
2022-05-07,2021-22,Brentford,Southampton,1498.2,1485.1,3,0
2022-05-07,2021-22,Burnley,Aston Villa,1487.7,1506.6,1,3
2022-05-07,2021-22,Chelsea,Wolverhampton Wanderers,1672.2,1525.9,2,2
2022-05-07,2021-22,Crystal Palace,Watford,1515.2,1375.2,1,0
2022-05-07,2021-22,Brighton and Hove Albion,Manchester United,1517.4,1638.8,4,0
2022-05-07,2021-22,Liverpool,Tottenham,1800.0,1629.4,1,1
2022-05-08,2021-22,Manchester City,Newcastle United,1813.1,1531.0,5,0
2022-05-08,2021-22,Leicester City,Everton,1561.0,1488.2,1,2
2022-05-08,2021-22,Arsenal,Leeds United,1645.9,1504.9,2,1
2022-05-08,2021-22,Norwich City,West Ham United,1351.2,1559.9,0,4
2022-05-10,2021-22,Aston Villa,Liverpool,1518.9,1793.5,1,2
2022-05-11,2021-22,Leeds United,Chelsea,1500.9,1666.1,0,3
2022-05-11,2021-22,Leicester City,Norwich City,1546.4,1344.3,3,0
2022-05-11,2021-22,Watford,Everton,1371.2,1502.8,0,0
2022-05-11,2021-22,Wolverhampton Wanderers,Manchester City,1532.0,1815.1,1,5
2022-05-12,2021-22,Tottenham,Arsenal,1635.9,1649.9,3,0
2022-05-15,2021-22,Everton,Brentford,1501.9,1505.1,2,3
2022-05-15,2021-22,Wolverhampton Wanderers,Norwich City,1526.8,1341.3,1,1
2022-05-15,2021-22,Watford,Leicester City,1372.1,1549.4,1,5
2022-05-15,2021-22,West Ham United,Manchester City,1566.8,1820.3,2,2
2022-05-15,2021-22,Aston Villa,Crystal Palace,1513.5,1519.2,1,1
2022-05-15,2021-22,Tottenham,Burnley,1643.5,1475.5,1,0
2022-05-15,2021-22,Leeds United,Brighton and Hove Albion,1492.8,1528.0,1,1
2022-05-16,2021-22,Newcastle United,Arsenal,1529.0,1642.3,2,0
2022-05-17,2021-22,Southampton,Liverpool,1478.3,1798.8,1,2
2022-05-19,2021-22,Everton,Crystal Palace,1489.2,1521.8,3,2
2022-05-19,2021-22,Aston Villa,Burnley,1510.8,1471.9,1,1
2022-05-19,2021-22,Chelsea,Leicester City,1674.2,1557.2,1,1
2022-05-22,2021-22,Leicester City,Southampton,1562.8,1473.9,4,1
2022-05-22,2021-22,Norwich City,Tottenham,1348.0,1647.0,0,5
2022-05-22,2021-22,Liverpool,Wolverhampton Wanderers,1803.2,1520.0,3,1
2022-05-22,2021-22,Crystal Palace,Manchester United,1513.7,1628.2,1,0
2022-05-22,2021-22,Manchester City,Aston Villa,1816.1,1507.0,3,2
2022-05-22,2021-22,Burnley,Newcastle United,1475.7,1539.4,1,2
2022-05-22,2021-22,Brighton and Hove Albion,West Ham United,1529.9,1571.0,3,1
2022-05-22,2021-22,Brentford,Leeds United,1517.8,1490.9,1,2
2022-05-22,2021-22,Chelsea,Watford,1668.7,1364.3,2,1
2022-05-22,2021-22,Arsenal,Everton,1631.9,1497.3,5,1
2022-08-05,2022-23,Crystal Palace,Arsenal,1524.2,1636.0,0,2
2022-08-06,2022-23,Everton,Chelsea,1493.2,1670.5,0,1
2022-08-06,2022-23,Tottenham,Southampton,1651.8,1468.8,4,1
2022-08-06,2022-23,Newcastle United,Nottingham Forest,1550.4,1500.0,2,0
2022-08-06,2022-23,Leeds United,Wolverhampton Wanderers,1504.4,1518.1,2,1
2022-08-06,2022-23,Bournemouth,Aston Villa,1425.5,1505.3,2,0
2022-08-06,2022-23,Fulham,Liverpool,1393.7,1805.2,2,2
2022-08-07,2022-23,Leicester City,Brentford,1567.8,1504.3,2,2
2022-08-07,2022-23,Manchester United,Brighton and Hove Albion,1617.8,1538.2,1,2
2022-08-07,2022-23,West Ham United,Manchester City,1562.7,1817.9,0,2
2022-08-13,2022-23,Brentford,Manchester United,1508.7,1603.0,4,0
2022-08-13,2022-23,Wolverhampton Wanderers,Fulham,1510.5,1400.8,0,0
2022-08-13,2022-23,Southampton,Leeds United,1465.5,1512.0,2,2
2022-08-13,2022-23,Aston Villa,Everton,1495.9,1485.4,2,1
2022-08-13,2022-23,Brighton and Hove Albion,Newcastle United,1552.9,1556.4,0,0
2022-08-13,2022-23,Arsenal,Leicester City,1645.7,1563.4,4,2
2022-08-13,2022-23,Manchester City,Bournemouth,1823.7,1434.9,4,0
2022-08-14,2022-23,Nottingham Forest,West Ham United,1494.1,1556.9,1,0
2022-08-14,2022-23,Chelsea,Tottenham,1678.3,1655.1,2,2
2022-08-15,2022-23,Liverpool,Crystal Palace,1798.1,1514.5,1,1
2022-08-20,2022-23,Bournemouth,Arsenal,1433.8,1650.9,0,3
2022-08-20,2022-23,Tottenham,Wolverhampton Wanderers,1658.5,1505.1,1,0
2022-08-20,2022-23,Crystal Palace,Aston Villa,1522.5,1502.8,3,1
2022-08-20,2022-23,Everton,Nottingham Forest,1478.4,1503.0,1,1
2022-08-20,2022-23,Fulham,Brentford,1406.2,1518.5,3,2
2022-08-20,2022-23,Leicester City,Southampton,1558.2,1464.0,1,2
2022-08-21,2022-23,Newcastle United,Manchester City,1559.1,1824.8,3,3
2022-08-21,2022-23,Leeds United,Chelsea,1513.5,1674.9,3,0
2022-08-21,2022-23,West Ham United,Brighton and Hove Albion,1547.9,1550.2,0,2
2022-08-22,2022-23,Manchester United,Liverpool,1593.2,1790.0,2,1
2022-08-27,2022-23,Southampton,Manchester United,1479.1,1605.9,0,1
2022-08-27,2022-23,Brentford,Everton,1508.2,1476.3,1,1
2022-08-27,2022-23,Brighton and Hove Albion,Leeds United,1563.0,1525.3,1,0
2022-08-27,2022-23,Chelsea,Leicester City,1663.1,1543.2,2,1
2022-08-27,2022-23,Liverpool,Bournemouth,1777.3,1427.0,9,0
2022-08-27,2022-23,Manchester City,Crystal Palace,1820.4,1529.2,4,2
2022-08-27,2022-23,Arsenal,Fulham,1657.6,1416.6,2,1
2022-08-28,2022-23,Nottingham Forest,Tottenham,1505.1,1662.3,0,2
2022-08-28,2022-23,Aston Villa,West Ham United,1496.1,1535.2,0,1
2022-08-28,2022-23,Wolverhampton Wanderers,Newcastle United,1501.3,1563.5,1,1
2022-08-30,2022-23,Leeds United,Everton,1519.0,1479.9,1,1
2022-08-30,2022-23,Southampton,Chelsea,1469.9,1667.5,2,1
2022-08-30,2022-23,Crystal Palace,Brentford,1527.3,1504.6,1,1
2022-08-30,2022-23,Fulham,Brighton and Hove Albion,1414.1,1569.2,2,1
2022-08-31,2022-23,Arsenal,Aston Villa,1660.1,1484.4,2,1
2022-08-31,2022-23,Bournemouth,Wolverhampton Wanderers,1425.6,1500.2,0,0
2022-08-31,2022-23,Manchester City,Nottingham Forest,1822.3,1496.8,6,0
2022-08-31,2022-23,West Ham United,Tottenham,1546.9,1670.7,1,1
2022-08-31,2022-23,Liverpool,Newcastle United,1778.7,1564.6,2,1
2022-09-01,2022-23,Leicester City,Manchester United,1538.8,1615.1,0,1
2022-09-03,2022-23,Wolverhampton Wanderers,Southampton,1501.0,1482.6,1,0
2022-09-03,2022-23,Tottenham,Fulham,1670.0,1425.7,2,1
2022-09-03,2022-23,Aston Villa,Manchester City,1481.0,1823.9,1,1
2022-09-03,2022-23,Nottingham Forest,Bournemouth,1495.2,1424.9,2,3
2022-09-03,2022-23,Newcastle United,Crystal Palace,1561.8,1523.9,0,0
2022-09-03,2022-23,Chelsea,West Ham United,1654.8,1547.6,2,1
2022-09-03,2022-23,Brentford,Leeds United,1508.0,1515.2,5,2
2022-09-03,2022-23,Everton,Liverpool,1483.7,1781.5,0,0
2022-09-04,2022-23,Brighton and Hove Albion,Leicester City,1557.6,1528.1,5,2
2022-09-04,2022-23,Manchester United,Arsenal,1625.8,1663.5,3,1
2022-09-16,2022-23,Aston Villa,Southampton,1487.0,1475.9,1,0
2022-09-16,2022-23,Nottingham Forest,Fulham,1480.6,1423.3,2,3
2022-09-17,2022-23,Wolverhampton Wanderers,Manchester City,1507.7,1817.8,0,3
2022-09-17,2022-23,Newcastle United,Bournemouth,1558.0,1439.5,1,1
2022-09-17,2022-23,Tottenham,Leicester City,1672.4,1521.6,6,2
2022-09-18,2022-23,Everton,West Ham United,1488.9,1542.9,1,0
2022-09-18,2022-23,Brentford,Arsenal,1515.3,1655.3,0,3
2022-10-01,2022-23,Arsenal,Tottenham,1664.1,1676.2,3,1
2022-10-01,2022-23,Bournemouth,Brentford,1445.0,1506.5,0,0
2022-10-01,2022-23,Crystal Palace,Chelsea,1527.7,1659.4,1,2
2022-10-01,2022-23,Fulham,Newcastle United,1437.5,1552.4,1,4
2022-10-01,2022-23,Liverpool,Brighton and Hove Albion,1776.4,1564.1,3,3
2022-10-01,2022-23,Southampton,Everton,1469.0,1497.6,1,2
2022-10-01,2022-23,West Ham United,Wolverhampton Wanderers,1534.3,1503.1,2,0
2022-10-02,2022-23,Manchester City,Manchester United,1822.4,1634.0,6,3
2022-10-02,2022-23,Leeds United,Aston Villa,1507.8,1493.9,0,0
2022-10-03,2022-23,Leicester City,Nottingham Forest,1517.8,1466.4,4,0
2022-10-08,2022-23,Newcastle United,Brentford,1562.0,1507.6,5,1
2022-10-08,2022-23,Manchester City,Southampton,1825.6,1456.9,4,0
2022-10-08,2022-23,Brighton and Hove Albion,Tottenham,1571.2,1668.7,0,1
2022-10-08,2022-23,Bournemouth,Leicester City,1443.9,1523.7,2,1
2022-10-08,2022-23,Chelsea,Wolverhampton Wanderers,1668.5,1496.7,3,0
2022-10-09,2022-23,Arsenal,Liverpool,1671.6,1769.2,3,2
2022-10-09,2022-23,Everton,Manchester United,1509.6,1630.8,1,2
2022-10-09,2022-23,Crystal Palace,Leeds United,1518.6,1504.7,2,1
2022-10-09,2022-23,West Ham United,Fulham,1540.7,1427.9,3,1
2022-10-10,2022-23,Nottingham Forest,Aston Villa,1460.5,1497.1,1,1
2022-10-14,2022-23,Brentford,Brighton and Hove Albion,1501.8,1561.1,2,0
2022-10-15,2022-23,Tottenham,Everton,1678.8,1500.2,2,0
2022-10-15,2022-23,Wolverhampton Wanderers,Nottingham Forest,1493.2,1458.7,1,0
2022-10-15,2022-23,Fulham,Bournemouth,1423.4,1453.3,2,2
2022-10-15,2022-23,Leicester City,Crystal Palace,1514.3,1525.4,0,0
2022-10-16,2022-23,Aston Villa,Chelsea,1498.9,1672.0,0,2
2022-10-16,2022-23,Leeds United,Arsenal,1497.8,1681.6,0,1
2022-10-16,2022-23,Manchester United,Newcastle United,1640.2,1567.8,0,0
2022-10-16,2022-23,Southampton,West Ham United,1455.7,1545.2,1,1
2022-10-16,2022-23,Liverpool,Manchester City,1759.3,1826.9,1,0
2022-10-18,2022-23,Brighton and Hove Albion,Nottingham Forest,1552.3,1452.4,0,0
2022-10-18,2022-23,Crystal Palace,Wolverhampton Wanderers,1527.9,1499.5,2,1
2022-10-19,2022-23,Bournemouth,Southampton,1455.3,1455.4,0,1
2022-10-19,2022-23,Brentford,Chelsea,1510.6,1679.9,0,0
2022-10-19,2022-23,Liverpool,West Ham United,1768.4,1545.5,1,0
2022-10-19,2022-23,Newcastle United,Everton,1572.4,1496.8,1,0
2022-10-19,2022-23,Manchester United,Tottenham,1635.6,1682.1,2,0
2022-10-20,2022-23,Leicester City,Leeds United,1511.8,1490.2,2,0
2022-10-20,2022-23,Fulham,Aston Villa,1421.4,1491.0,3,0
2022-10-22,2022-23,Nottingham Forest,Liverpool,1457.6,1771.1,1,0
2022-10-22,2022-23,Everton,Crystal Palace,1491.5,1534.4,3,0
2022-10-22,2022-23,Manchester City,Brighton and Hove Albion,1817.8,1547.1,3,1
2022-10-22,2022-23,Chelsea,Manchester United,1677.9,1644.1,1,1
2022-10-23,2022-23,Aston Villa,Brentford,1481.9,1512.6,4,0
2022-10-23,2022-23,Leeds United,Fulham,1483.6,1430.5,2,3
2022-10-23,2022-23,Southampton,Arsenal,1468.2,1689.2,1,1
2022-10-23,2022-23,Wolverhampton Wanderers,Leicester City,1493.1,1518.4,0,4
2022-10-23,2022-23,Tottenham,Newcastle United,1673.6,1577.8,1,2
2022-10-24,2022-23,West Ham United,Bournemouth,1542.8,1442.5,2,0
2022-10-29,2022-23,Liverpool,Leeds United,1755.6,1469.4,1,2
2022-10-29,2022-23,Fulham,Everton,1444.7,1499.9,0,0
2022-10-29,2022-23,Newcastle United,Aston Villa,1592.9,1489.9,4,0
2022-10-29,2022-23,Crystal Palace,Southampton,1526.0,1471.5,1,0
2022-10-29,2022-23,Brighton and Hove Albion,Chelsea,1545.0,1674.3,4,1
2022-10-29,2022-23,Brentford,Wolverhampton Wanderers,1504.5,1481.0,1,1
2022-10-29,2022-23,Bournemouth,Tottenham,1437.7,1658.5,2,3
2022-10-29,2022-23,Leicester City,Manchester City,1530.6,1819.9,0,1
2022-10-30,2022-23,Arsenal,Nottingham Forest,1685.9,1473.1,5,0
2022-10-30,2022-23,Manchester United,West Ham United,1647.8,1547.6,1,0
2022-11-05,2022-23,Leeds United,Bournemouth,1487.5,1431.1,4,3
2022-11-05,2022-23,Manchester City,Fulham,1825.0,1443.4,2,1
2022-11-05,2022-23,Nottingham Forest,Brentford,1470.2,1501.1,2,2
2022-11-05,2022-23,Wolverhampton Wanderers,Brighton and Hove Albion,1484.4,1555.8,2,3
2022-11-05,2022-23,Everton,Leicester City,1501.2,1525.5,0,2
2022-11-06,2022-23,West Ham United,Crystal Palace,1542.8,1531.8,1,2
2022-11-06,2022-23,Southampton,Newcastle United,1465.7,1597.6,1,4
2022-11-06,2022-23,Tottenham,Liverpool,1665.2,1737.5,1,2
2022-11-06,2022-23,Chelsea,Arsenal,1663.4,1688.7,0,1
2022-11-06,2022-23,Aston Villa,Manchester United,1485.1,1652.6,3,1
2022-11-12,2022-23,Manchester City,Brentford,1826.1,1503.1,1,2
2022-11-12,2022-23,Bournemouth,Everton,1425.3,1489.0,3,0
2022-11-12,2022-23,Liverpool,Southampton,1748.3,1456.6,3,1
2022-11-12,2022-23,Nottingham Forest,Crystal Palace,1468.3,1544.9,1,0
2022-11-12,2022-23,Tottenham,Leeds United,1654.4,1493.2,4,3
2022-11-12,2022-23,West Ham United,Leicester City,1529.7,1537.7,0,2
2022-11-12,2022-23,Newcastle United,Chelsea,1606.7,1651.3,1,0
2022-11-12,2022-23,Wolverhampton Wanderers,Arsenal,1473.6,1700.8,0,2
2022-11-13,2022-23,Brighton and Hove Albion,Aston Villa,1566.7,1497.1,1,2
2022-11-13,2022-23,Fulham,Manchester United,1442.2,1640.7,1,2
2022-12-26,2022-23,Southampton,Brighton and Hove Albion,1454.7,1552.1,1,3
2022-12-26,2022-23,Arsenal,West Ham United,1707.3,1517.1,3,1
2022-12-26,2022-23,Aston Villa,Liverpool,1511.6,1750.2,1,3
2022-12-26,2022-23,Leicester City,Newcastle United,1550.3,1615.1,0,3
2022-12-26,2022-23,Everton,Wolverhampton Wanderers,1480.1,1467.1,1,2
2022-12-26,2022-23,Crystal Palace,Fulham,1535.6,1435.0,0,3
2022-12-26,2022-23,Brentford,Tottenham,1521.5,1658.0,2,2
2022-12-27,2022-23,Chelsea,Bournemouth,1642.9,1434.3,2,0
2022-12-27,2022-23,Manchester United,Nottingham Forest,1647.9,1477.6,3,0
2022-12-28,2022-23,Leeds United,Manchester City,1489.6,1807.8,1,3
2022-12-30,2022-23,West Ham United,Brentford,1514.0,1522.5,0,2
2022-12-30,2022-23,Liverpool,Leicester City,1756.4,1539.2,2,1
2022-12-31,2022-23,Wolverhampton Wanderers,Manchester United,1480.2,1651.4,0,1
2022-12-31,2022-23,Bournemouth,Crystal Palace,1431.4,1520.4,0,2
2022-12-31,2022-23,Fulham,Southampton,1450.2,1444.7,2,1
2022-12-31,2022-23,Manchester City,Everton,1812.2,1466.9,1,1
2022-12-31,2022-23,Newcastle United,Leeds United,1626.1,1485.2,0,0
2022-12-31,2022-23,Brighton and Hove Albion,Arsenal,1562.2,1710.5,2,4
2023-01-01,2022-23,Nottingham Forest,Chelsea,1474.1,1645.8,1,1
2023-01-01,2022-23,Tottenham,Aston Villa,1657.0,1505.4,0,2
2023-01-02,2022-23,Brentford,Liverpool,1535.1,1759.2,3,1
2023-01-03,2022-23,Arsenal,Newcastle United,1719.1,1620.1,0,0
2023-01-03,2022-23,Everton,Brighton and Hove Albion,1475.5,1553.6,1,4
2023-01-03,2022-23,Leicester City,Fulham,1536.5,1457.2,0,1
2023-01-03,2022-23,Manchester United,Bournemouth,1659.4,1421.0,3,0
2023-01-04,2022-23,Southampton,Nottingham Forest,1437.6,1476.1,0,1
2023-01-04,2022-23,Leeds United,West Ham United,1491.2,1501.4,2,2
2023-01-04,2022-23,Aston Villa,Wolverhampton Wanderers,1521.6,1472.2,1,1
2023-01-04,2022-23,Crystal Palace,Tottenham,1530.7,1640.8,0,4
2023-01-05,2022-23,Chelsea,Manchester City,1643.7,1803.6,0,1
2023-01-12,2022-23,Fulham,Chelsea,1472.0,1635.5,2,1
2023-01-13,2022-23,Aston Villa,Leeds United,1517.5,1488.6,2,1
2023-01-14,2022-23,Wolverhampton Wanderers,West Ham United,1476.3,1503.9,1,0
2023-01-14,2022-23,Brentford,Bournemouth,1548.5,1418.5,2,0
2023-01-14,2022-23,Nottingham Forest,Leicester City,1487.9,1521.7,2,0
2023-01-14,2022-23,Manchester United,Manchester City,1661.9,1811.9,2,1
2023-01-14,2022-23,Brighton and Hove Albion,Liverpool,1564.2,1745.8,3,0
2023-01-14,2022-23,Everton,Southampton,1464.9,1425.8,1,2
2023-01-15,2022-23,Chelsea,Crystal Palace,1623.6,1521.0,1,0
2023-01-15,2022-23,Newcastle United,Fulham,1625.3,1483.8,1,0
2023-01-15,2022-23,Tottenham,Arsenal,1650.5,1713.9,0,2
2023-01-18,2022-23,Crystal Palace,Manchester United,1516.2,1673.3,1,1
2023-01-19,2022-23,Manchester City,Tottenham,1800.5,1639.5,4,2
2023-01-21,2022-23,West Ham United,Everton,1496.0,1451.1,2,0
2023-01-21,2022-23,Southampton,Aston Villa,1439.6,1524.0,0,1
2023-01-21,2022-23,Crystal Palace,Newcastle United,1517.9,1629.3,0,0
2023-01-21,2022-23,Bournemouth,Nottingham Forest,1414.3,1496.0,1,1
2023-01-21,2022-23,Liverpool,Chelsea,1733.5,1628.4,0,0
2023-01-21,2022-23,Leicester City,Brighton and Hove Albion,1513.6,1576.5,2,2
2023-01-22,2022-23,Leeds United,Brentford,1482.2,1552.7,0,0
2023-01-22,2022-23,Manchester City,Wolverhampton Wanderers,1804.1,1484.2,3,0
2023-01-22,2022-23,Arsenal,Manchester United,1725.0,1671.7,3,2
2023-01-23,2022-23,Fulham,Tottenham,1479.8,1635.8,0,1
2023-02-03,2022-23,Chelsea,Fulham,1633.7,1471.4,0,0
2023-02-04,2022-23,Wolverhampton Wanderers,Liverpool,1482.6,1728.2,3,0
2023-02-04,2022-23,Everton,Arsenal,1445.0,1730.8,1,0
2023-02-04,2022-23,Aston Villa,Leicester City,1534.4,1512.5,2,4
2023-02-04,2022-23,Brentford,Southampton,1553.6,1429.2,3,0
2023-02-04,2022-23,Brighton and Hove Albion,Bournemouth,1577.6,1413.8,1,0
2023-02-04,2022-23,Manchester United,Crystal Palace,1665.8,1518.2,2,1
2023-02-04,2022-23,Newcastle United,West Ham United,1629.0,1502.0,1,1
2023-02-05,2022-23,Nottingham Forest,Leeds United,1496.5,1481.3,1,0
2023-02-05,2022-23,Tottenham,Manchester City,1644.2,1805.8,1,0
2023-02-08,2022-23,Manchester United,Leeds United,1669.7,1474.5,2,2
2023-02-11,2022-23,West Ham United,Chelsea,1507.8,1627.3,1,1
2023-02-11,2022-23,Arsenal,Brentford,1715.9,1557.9,1,1
2023-02-11,2022-23,Crystal Palace,Brighton and Hove Albion,1514.3,1581.2,1,1
2023-02-11,2022-23,Fulham,Nottingham Forest,1477.8,1503.3,2,0
2023-02-11,2022-23,Leicester City,Tottenham,1525.9,1656.0,4,1
2023-02-11,2022-23,Southampton,Wolverhampton Wanderers,1424.9,1496.6,1,2
2023-02-11,2022-23,Bournemouth,Newcastle United,1410.2,1623.2,1,1
2023-02-12,2022-23,Leeds United,Manchester United,1481.5,1662.8,0,2
2023-02-12,2022-23,Manchester City,Aston Villa,1794.0,1521.1,3,1
2023-02-13,2022-23,Liverpool,Everton,1714.2,1459.9,2,0
2023-02-15,2022-23,Arsenal,Manchester City,1709.6,1796.1,1,3
2023-02-18,2022-23,Newcastle United,Liverpool,1620.1,1716.5,0,2
2023-02-18,2022-23,Wolverhampton Wanderers,Bournemouth,1507.4,1413.4,0,1
2023-02-18,2022-23,Nottingham Forest,Manchester City,1495.4,1806.5,1,1
2023-02-18,2022-23,Everton,Leeds United,1457.6,1473.8,1,0
2023-02-18,2022-23,Aston Villa,Arsenal,1519.0,1699.2,2,4
2023-02-18,2022-23,Brighton and Hove Albion,Fulham,1582.1,1485.7,0,1
2023-02-18,2022-23,Brentford,Crystal Palace,1564.2,1513.4,1,1
2023-02-18,2022-23,Chelsea,Southampton,1626.8,1414.1,0,1
2023-02-19,2022-23,Manchester United,Leicester City,1670.5,1536.8,3,0
2023-02-19,2022-23,Tottenham,West Ham United,1645.1,1508.3,2,0
2023-02-24,2022-23,Fulham,Wolverhampton Wanderers,1500.8,1492.3,1,1
2023-02-25,2022-23,Bournemouth,Manchester City,1428.4,1801.1,1,4
2023-02-25,2022-23,West Ham United,Nottingham Forest,1504.2,1500.9,4,0
2023-02-25,2022-23,Crystal Palace,Liverpool,1517.5,1726.6,0,0
2023-02-25,2022-23,Leeds United,Southampton,1466.1,1431.2,1,0
2023-02-25,2022-23,Everton,Aston Villa,1465.2,1511.2,0,2
2023-02-25,2022-23,Leicester City,Arsenal,1532.6,1707.0,0,1
2023-02-26,2022-23,Tottenham,Chelsea,1649.2,1609.6,2,0
2023-03-01,2022-23,Arsenal,Everton,1714.9,1453.7,4,0
2023-03-01,2022-23,Liverpool,Wolverhampton Wanderers,1723.6,1495.3,2,0
2023-03-04,2022-23,Manchester City,Newcastle United,1804.5,1610.0,2,0
2023-03-04,2022-23,Arsenal,Bournemouth,1717.1,1425.0,3,2
2023-03-04,2022-23,Aston Villa,Crystal Palace,1522.8,1520.5,1,0
2023-03-04,2022-23,Brighton and Hove Albion,West Ham United,1567.0,1511.4,4,0
2023-03-04,2022-23,Chelsea,Leeds United,1603.4,1472.4,1,0
2023-03-04,2022-23,Wolverhampton Wanderers,Tottenham,1492.7,1655.4,1,0
2023-03-04,2022-23,Southampton,Leicester City,1424.9,1524.8,1,0
2023-03-05,2022-23,Nottingham Forest,Everton,1493.8,1451.5,2,2
2023-03-05,2022-23,Liverpool,Manchester United,1726.2,1674.6,7,0
2023-03-06,2022-23,Brentford,Fulham,1560.1,1497.8,3,2
2023-03-11,2022-23,Bournemouth,Liverpool,1423.1,1732.1,1,0
2023-03-11,2022-23,Everton,Brentford,1455.3,1565.8,1,0
2023-03-11,2022-23,Leeds United,Brighton and Hove Albion,1468.2,1572.8,2,2
2023-03-11,2022-23,Leicester City,Chelsea,1514.8,1607.6,1,3
2023-03-11,2022-23,Tottenham,Nottingham Forest,1643.6,1489.9,3,1
2023-03-11,2022-23,Crystal Palace,Manchester City,1513.4,1807.6,0,1
2023-03-12,2022-23,Fulham,Arsenal,1492.1,1719.0,0,3
2023-03-12,2022-23,Manchester United,Southampton,1668.7,1434.9,0,0
2023-03-12,2022-23,West Ham United,Aston Villa,1505.6,1529.9,1,1
2023-03-12,2022-23,Newcastle United,Wolverhampton Wanderers,1606.9,1504.5,2,1
2023-03-15,2022-23,Brighton and Hove Albion,Crystal Palace,1572.7,1508.4,1,0
2023-03-15,2022-23,Southampton,Brentford,1442.4,1555.5,0,2
2023-03-17,2022-23,Nottingham Forest,Newcastle United,1486.1,1611.6,1,2
2023-03-18,2022-23,Chelsea,Everton,1617.8,1465.6,2,2
2023-03-18,2022-23,Southampton,Tottenham,1432.7,1647.3,3,3
2023-03-18,2022-23,Wolverhampton Wanderers,Leeds United,1499.7,1468.4,2,4
2023-03-18,2022-23,Brentford,Leicester City,1565.1,1504.5,1,1
2023-03-18,2022-23,Aston Villa,Bournemouth,1532.1,1438.5,3,0
2023-03-19,2022-23,Arsenal,Crystal Palace,1725.5,1502.8,4,1
2023-04-01,2022-23,Manchester City,Liverpool,1812.5,1716.7,4,1
2023-04-01,2022-23,Arsenal,Leeds United,1728.2,1482.0,4,1
2023-04-01,2022-23,Bournemouth,Fulham,1433.5,1485.6,2,1
2023-04-01,2022-23,Brighton and Hove Albion,Brentford,1578.3,1560.8,3,3
2023-04-01,2022-23,Crystal Palace,Leicester City,1500.1,1508.9,2,1
2023-04-01,2022-23,Nottingham Forest,Wolverhampton Wanderers,1476.8,1486.1,1,1
2023-04-01,2022-23,Chelsea,Aston Villa,1611.6,1537.0,0,2
2023-04-02,2022-23,West Ham United,Southampton,1503.4,1435.9,1,0
2023-04-02,2022-23,Newcastle United,Manchester United,1620.9,1661.3,2,0
2023-04-03,2022-23,Everton,Tottenham,1471.8,1644.2,1,1
2023-04-04,2022-23,Chelsea,Liverpool,1597.0,1711.8,0,0
2023-04-04,2022-23,Leicester City,Aston Villa,1501.4,1551.6,1,2
2023-04-04,2022-23,Bournemouth,Brighton and Hove Albion,1442.2,1575.0,0,2
2023-04-04,2022-23,Leeds United,Nottingham Forest,1479.6,1474.3,2,1
2023-04-05,2022-23,Manchester United,Brentford,1653.0,1564.0,1,0
2023-04-05,2022-23,West Ham United,Newcastle United,1508.9,1629.2,1,5
2023-04-08,2022-23,Southampton,Manchester City,1430.4,1817.4,1,4
2023-04-08,2022-23,Manchester United,Everton,1658.0,1473.9,2,0
2023-04-08,2022-23,Aston Villa,Nottingham Forest,1563.1,1467.2,2,0
2023-04-08,2022-23,Brentford,Newcastle United,1559.0,1638.6,1,2
2023-04-08,2022-23,Fulham,West Ham United,1477.0,1499.5,0,1
2023-04-08,2022-23,Leicester City,Bournemouth,1490.0,1433.1,0,1
2023-04-08,2022-23,Tottenham,Brighton and Hove Albion,1642.1,1584.1,2,1
2023-04-08,2022-23,Wolverhampton Wanderers,Chelsea,1488.7,1597.4,1,0
2023-04-09,2022-23,Liverpool,Arsenal,1711.4,1730.6,2,2
2023-04-09,2022-23,Leeds United,Crystal Palace,1486.6,1507.6,1,5
2023-04-15,2022-23,Aston Villa,Newcastle United,1568.0,1649.2,3,0
2023-04-15,2022-23,Chelsea,Brighton and Hove Albion,1587.1,1578.3,1,2
2023-04-15,2022-23,Everton,Fulham,1470.6,1464.8,1,3
2023-04-15,2022-23,Southampton,Crystal Palace,1427.2,1519.8,0,2
2023-04-15,2022-23,Tottenham,Bournemouth,1647.9,1447.3,2,3
2023-04-15,2022-23,Wolverhampton Wanderers,Brentford,1498.9,1548.4,2,0
2023-04-15,2022-23,Manchester City,Leicester City,1820.7,1475.8,3,1
2023-04-16,2022-23,West Ham United,Arsenal,1511.7,1732.9,2,2
2023-04-16,2022-23,Nottingham Forest,Manchester United,1462.3,1661.3,0,2
2023-04-17,2022-23,Leeds United,Liverpool,1474.4,1709.1,1,6
2023-04-21,2022-23,Arsenal,Southampton,1729.5,1417.0,3,3
2023-04-22,2022-23,Liverpool,Nottingham Forest,1715.4,1455.1,3,2
2023-04-22,2022-23,Leicester City,Wolverhampton Wanderers,1474.3,1507.5,2,1
2023-04-22,2022-23,Brentford,Aston Villa,1539.8,1577.4,1,1
2023-04-22,2022-23,Fulham,Leeds United,1477.7,1468.1,2,1
2023-04-22,2022-23,Crystal Palace,Everton,1530.0,1457.7,0,0
2023-04-23,2022-23,Bournemouth,West Ham United,1464.3,1515.1,0,4
2023-04-23,2022-23,Newcastle United,Tottenham,1639.7,1630.9,6,1
2023-04-25,2022-23,Wolverhampton Wanderers,Crystal Palace,1499.4,1525.4,2,0
2023-04-25,2022-23,Aston Villa,Fulham,1579.2,1484.7,1,0
2023-04-25,2022-23,Leeds United,Leicester City,1461.2,1482.4,1,1
2023-04-26,2022-23,Manchester City,Arsenal,1822.1,1721.2,4,1
2023-04-26,2022-23,Nottingham Forest,Brighton and Hove Albion,1452.9,1591.4,3,1
2023-04-26,2022-23,Chelsea,Brentford,1574.1,1538.1,0,2
2023-04-26,2022-23,West Ham United,Liverpool,1526.5,1717.7,1,2
2023-04-27,2022-23,Southampton,Bournemouth,1425.3,1452.9,0,1
2023-04-27,2022-23,Tottenham,Manchester United,1623.9,1668.5,2,2
2023-04-27,2022-23,Everton,Newcastle United,1462.3,1646.7,1,4
2023-04-29,2022-23,Brentford,Nottingham Forest,1551.8,1464.0,2,1
2023-04-29,2022-23,Brighton and Hove Albion,Wolverhampton Wanderers,1580.3,1507.3,6,0
2023-04-29,2022-23,Crystal Palace,West Ham United,1517.5,1519.0,4,3
2023-04-30,2022-23,Liverpool,Tottenham,1725.1,1622.3,4,3
2023-04-30,2022-23,Newcastle United,Southampton,1654.3,1413.2,3,1
2023-04-30,2022-23,Bournemouth,Leeds United,1465.0,1458.9,4,1
2023-04-30,2022-23,Fulham,Manchester City,1479.8,1826.9,1,2
2023-04-30,2022-23,Manchester United,Aston Villa,1670.1,1584.1,1,0
2023-05-01,2022-23,Leicester City,Everton,1484.7,1454.7,2,2
2023-05-02,2022-23,Arsenal,Chelsea,1716.4,1560.4,3,1
2023-05-03,2022-23,Liverpool,Fulham,1729.8,1475.9,1,0
2023-05-03,2022-23,Manchester City,West Ham United,1830.8,1511.8,3,0
2023-05-04,2022-23,Brighton and Hove Albion,Manchester United,1585.7,1675.2,1,0
2023-05-06,2022-23,Bournemouth,Chelsea,1472.0,1556.6,1,3
2023-05-06,2022-23,Manchester City,Leeds United,1832.4,1451.9,2,1
2023-05-06,2022-23,Tottenham,Crystal Palace,1617.6,1524.8,1,0
2023-05-06,2022-23,Wolverhampton Wanderers,Aston Villa,1501.9,1579.0,1,0
2023-05-06,2022-23,Liverpool,Brentford,1732.1,1556.9,1,0
2023-05-07,2022-23,West Ham United,Manchester United,1510.2,1665.5,1,0
2023-05-07,2022-23,Newcastle United,Arsenal,1656.8,1720.2,0,2
2023-05-08,2022-23,Fulham,Leicester City,1473.6,1481.1,5,3
2023-05-08,2022-23,Brighton and Hove Albion,Everton,1595.3,1458.2,1,5
2023-05-08,2022-23,Nottingham Forest,Southampton,1458.9,1410.8,4,3
2023-05-13,2022-23,Leeds United,Newcastle United,1450.7,1645.7,2,2
2023-05-13,2022-23,Aston Villa,Tottenham,1569.7,1622.5,2,1
2023-05-13,2022-23,Chelsea,Nottingham Forest,1567.1,1464.9,2,2
2023-05-13,2022-23,Crystal Palace,Bournemouth,1519.8,1461.6,2,0
2023-05-13,2022-23,Manchester United,Wolverhampton Wanderers,1653.9,1511.2,2,0
2023-05-13,2022-23,Southampton,Fulham,1404.8,1481.0,0,2
2023-05-14,2022-23,Brentford,West Ham United,1553.4,1521.7,2,0
2023-05-14,2022-23,Everton,Manchester City,1474.2,1833.6,0,3
2023-05-14,2022-23,Arsenal,Brighton and Hove Albion,1731.2,1579.4,0,3
2023-05-15,2022-23,Leicester City,Liverpool,1473.7,1735.5,0,3
2023-05-18,2022-23,Newcastle United,Brighton and Hove Albion,1643.1,1595.6,4,1
2023-05-20,2022-23,Tottenham,Brentford,1613.9,1559.8,1,3
2023-05-20,2022-23,Bournemouth,Manchester United,1455.8,1657.9,0,1
2023-05-20,2022-23,Fulham,Crystal Palace,1491.7,1525.5,2,2
2023-05-20,2022-23,Liverpool,Aston Villa,1741.2,1578.3,1,1
2023-05-20,2022-23,Wolverhampton Wanderers,Everton,1507.3,1470.5,1,1
2023-05-20,2022-23,Nottingham Forest,Arsenal,1470.1,1715.0,1,0
2023-05-21,2022-23,West Ham United,Leeds United,1515.4,1453.4,3,1
2023-05-21,2022-23,Brighton and Hove Albion,Southampton,1589.6,1394.1,3,1
2023-05-21,2022-23,Manchester City,Chelsea,1837.3,1561.8,1,0
2023-05-22,2022-23,Newcastle United,Leicester City,1649.1,1468.0,0,0
2023-05-24,2022-23,Brighton and Hove Albion,Manchester City,1592.7,1839.3,1,1
2023-05-25,2022-23,Manchester United,Chelsea,1665.0,1559.8,4,1
2023-05-28,2022-23,Arsenal,Wolverhampton Wanderers,1701.1,1503.5,5,0
2023-05-28,2022-23,Aston Villa,Brighton and Hove Albion,1584.7,1596.7,2,1
2023-05-28,2022-23,Brentford,Manchester City,1574.0,1835.3,1,0
2023-05-28,2022-23,Chelsea,Newcastle United,1555.1,1642.4,1,1
2023-05-28,2022-23,Crystal Palace,Nottingham Forest,1527.4,1484.1,1,1
2023-05-28,2022-23,Everton,Bournemouth,1474.2,1448.7,1,0
2023-05-28,2022-23,Leeds United,Tottenham,1447.7,1599.7,1,4
2023-05-28,2022-23,Leicester City,West Ham United,1474.7,1521.0,2,1
2023-05-28,2022-23,Manchester United,Fulham,1669.7,1489.8,2,1
2023-05-28,2022-23,Southampton,Liverpool,1391.0,1734.8,4,4
2023-08-11,2023-24,Burnley,Manchester City,1464.7,1821.0,0,3
2023-08-12,2023-24,Newcastle United,Aston Villa,1642.7,1592.2,5,1
2023-08-12,2023-24,Everton,Fulham,1480.8,1486.5,0,1
2023-08-12,2023-24,Sheffield United,Crystal Palace,1415.0,1523.5,0,1
2023-08-12,2023-24,Bournemouth,West Ham United,1442.2,1512.5,1,1
2023-08-12,2023-24,Arsenal,Nottingham Forest,1704.1,1488.0,2,1
2023-08-12,2023-24,Brighton and Hove Albion,Luton,1589.2,1500.0,4,1
2023-08-13,2023-24,Brentford,Tottenham,1588.3,1608.2,2,2
2023-08-13,2023-24,Chelsea,Liverpool,1554.7,1728.7,1,1
2023-08-14,2023-24,Manchester United,Wolverhampton Wanderers,1673.1,1500.5,1,0
2023-08-18,2023-24,Nottingham Forest,Sheffield United,1485.2,1405.2,2,1
2023-08-19,2023-24,Fulham,Brentford,1499.1,1586.1,0,3
2023-08-19,2023-24,Liverpool,Bournemouth,1726.6,1441.3,3,1
2023-08-19,2023-24,Wolverhampton Wanderers,Brighton and Hove Albion,1497.0,1594.2,1,4
2023-08-19,2023-24,Tottenham,Manchester United,1610.5,1676.5,2,0
2023-08-19,2023-24,Manchester City,Newcastle United,1824.7,1648.6,1,0
2023-08-20,2023-24,Aston Villa,Everton,1586.3,1468.1,4,0
2023-08-20,2023-24,West Ham United,Chelsea,1513.4,1556.8,3,1
2023-08-21,2023-24,Crystal Palace,Arsenal,1533.3,1706.9,0,1
2023-08-25,2023-24,Chelsea,Luton,1548.4,1495.0,3,0
2023-08-26,2023-24,Bournemouth,Tottenham,1439.3,1619.5,0,2
2023-08-26,2023-24,Arsenal,Fulham,1714.8,1488.7,2,2
2023-08-26,2023-24,Brentford,Crystal Palace,1596.4,1525.4,1,1
2023-08-26,2023-24,Everton,Wolverhampton Wanderers,1463.7,1486.9,0,1
2023-08-26,2023-24,Manchester United,Nottingham Forest,1667.5,1490.4,3,2
2023-08-26,2023-24,Brighton and Hove Albion,West Ham United,1604.3,1521.8,1,3
2023-08-27,2023-24,Burnley,Aston Villa,1461.0,1590.7,1,3
2023-08-27,2023-24,Sheffield United,Manchester City,1400.0,1828.1,1,2
2023-08-27,2023-24,Newcastle United,Liverpool,1645.3,1728.6,1,2
2023-09-01,2023-24,Luton,West Ham United,1489.1,1536.6,1,2
2023-09-02,2023-24,Brighton and Hove Albion,Newcastle United,1589.5,1634.8,3,1
2023-09-02,2023-24,Manchester City,Fulham,1830.7,1496.1,5,1
2023-09-02,2023-24,Chelsea,Nottingham Forest,1554.3,1487.1,0,1
2023-09-02,2023-24,Burnley,Tottenham,1451.8,1627.3,2,5
2023-09-02,2023-24,Sheffield United,Everton,1397.4,1451.5,2,2
2023-09-02,2023-24,Brentford,Bournemouth,1591.9,1431.6,2,2
2023-09-03,2023-24,Crystal Palace,Wolverhampton Wanderers,1529.9,1499.1,3,2
2023-09-03,2023-24,Liverpool,Aston Villa,1739.1,1599.9,3,0
2023-09-03,2023-24,Arsenal,Manchester United,1707.5,1670.8,3,1
2023-09-16,2023-24,Wolverhampton Wanderers,Liverpool,1492.7,1743.1,1,3
2023-09-16,2023-24,Aston Villa,Crystal Palace,1595.9,1536.3,3,1
2023-09-16,2023-24,Fulham,Luton,1494.6,1477.6,1,0
2023-09-16,2023-24,Manchester United,Brighton and Hove Albion,1664.6,1597.9,1,3
2023-09-16,2023-24,Tottenham,Sheffield United,1635.1,1396.0,2,1
2023-09-16,2023-24,West Ham United,Manchester City,1548.1,1832.3,1,3
2023-09-16,2023-24,Newcastle United,Brentford,1626.3,1585.5,1,0
2023-09-17,2023-24,Everton,Arsenal,1452.8,1713.7,0,1
2023-09-17,2023-24,Bournemouth,Chelsea,1438.0,1539.8,0,0
2023-09-18,2023-24,Nottingham Forest,Burnley,1501.5,1444.0,1,1
2023-09-23,2023-24,Crystal Palace,Fulham,1530.6,1501.3,0,0
2023-09-23,2023-24,Luton,Wolverhampton Wanderers,1470.9,1486.8,1,1
2023-09-23,2023-24,Manchester City,Nottingham Forest,1837.4,1497.3,2,0
2023-09-23,2023-24,Brentford,Everton,1579.4,1447.2,1,3
2023-09-23,2023-24,Burnley,Manchester United,1448.2,1650.1,0,1
2023-09-24,2023-24,Arsenal,Tottenham,1719.4,1637.6,2,2
2023-09-24,2023-24,Brighton and Hove Albion,Bournemouth,1612.4,1438.0,3,1
2023-09-24,2023-24,Chelsea,Aston Villa,1539.8,1601.6,0,1
2023-09-24,2023-24,Liverpool,West Ham United,1749.0,1542.9,3,1
2023-09-24,2023-24,Sheffield United,Newcastle United,1393.6,1632.5,0,8
2023-09-30,2023-24,West Ham United,Sheffield United,1540.0,1387.4,2,0
2023-09-30,2023-24,Wolverhampton Wanderers,Manchester City,1489.2,1838.9,2,1
2023-09-30,2023-24,Newcastle United,Burnley,1638.7,1441.1,2,0
2023-09-30,2023-24,Tottenham,Liverpool,1642.4,1752.0,2,1
2023-09-30,2023-24,Everton,Luton,1463.0,1468.5,1,2
2023-09-30,2023-24,Aston Villa,Brighton and Hove Albion,1612.7,1615.8,6,1
2023-09-30,2023-24,Manchester United,Crystal Palace,1657.3,1527.1,0,1
2023-09-30,2023-24,Bournemouth,Arsenal,1434.6,1714.6,0,4
2023-10-01,2023-24,Nottingham Forest,Brentford,1495.8,1563.5,1,1
2023-10-02,2023-24,Fulham,Chelsea,1504.9,1528.7,0,2
2023-10-03,2023-24,Luton,Burnley,1481.1,1438.0,1,2
2023-10-07,2023-24,Luton,Tottenham,1467.2,1652.7,0,1
2023-10-07,2023-24,Burnley,Chelsea,1451.9,1540.8,1,4
2023-10-07,2023-24,Everton,Bournemouth,1450.3,1429.4,3,0
2023-10-07,2023-24,Fulham,Sheffield United,1492.7,1383.6,3,1
2023-10-07,2023-24,Manchester United,Brentford,1641.5,1564.5,2,1
2023-10-07,2023-24,Crystal Palace,Nottingham Forest,1542.9,1494.9,0,0
2023-10-08,2023-24,Arsenal,Manchester City,1719.8,1822.7,1,0
2023-10-08,2023-24,Wolverhampton Wanderers,Aston Villa,1505.3,1619.9,1,1
2023-10-08,2023-24,Brighton and Hove Albion,Liverpool,1608.5,1741.7,2,2
2023-10-08,2023-24,West Ham United,Newcastle United,1543.8,1641.8,2,2
2023-10-21,2023-24,Liverpool,Everton,1740.7,1457.0,2,0
2023-10-21,2023-24,Bournemouth,Wolverhampton Wanderers,1422.7,1505.7,1,2
2023-10-21,2023-24,Brentford,Burnley,1559.2,1441.6,3,0
2023-10-21,2023-24,Manchester City,Brighton and Hove Albion,1812.6,1609.5,2,1
2023-10-21,2023-24,Newcastle United,Crystal Palace,1641.8,1538.8,4,0
2023-10-21,2023-24,Nottingham Forest,Luton,1498.9,1459.6,2,2
2023-10-21,2023-24,Chelsea,Arsenal,1551.1,1729.9,2,2
2023-10-21,2023-24,Sheffield United,Manchester United,1379.0,1646.8,1,2
2023-10-22,2023-24,Aston Villa,West Ham United,1619.5,1543.7,4,1
2023-10-23,2023-24,Tottenham,Fulham,1660.3,1497.3,2,0
2023-10-27,2023-24,Crystal Palace,Tottenham,1534.1,1663.9,1,2
2023-10-28,2023-24,Wolverhampton Wanderers,Newcastle United,1516.2,1646.6,2,2
2023-10-28,2023-24,Bournemouth,Burnley,1412.2,1437.1,2,1
2023-10-28,2023-24,Arsenal,Sheffield United,1727.7,1373.4,5,0
2023-10-28,2023-24,Chelsea,Brentford,1553.4,1563.6,0,2
2023-10-29,2023-24,West Ham United,Everton,1538.4,1455.0,0,1
2023-10-29,2023-24,Aston Villa,Luton,1624.9,1463.5,3,1
2023-10-29,2023-24,Brighton and Hove Albion,Fulham,1606.5,1493.7,1,1
2023-10-29,2023-24,Liverpool,Nottingham Forest,1742.7,1495.1,3,0
2023-10-29,2023-24,Manchester United,Manchester City,1652.3,1815.6,0,3
2023-11-04,2023-24,Fulham,Manchester United,1499.2,1644.1,0,1
2023-11-04,2023-24,Brentford,West Ham United,1576.1,1523.6,3,2
2023-11-04,2023-24,Burnley,Crystal Palace,1429.3,1525.0,0,2
2023-11-04,2023-24,Everton,Brighton and Hove Albion,1469.8,1601.0,1,1
2023-11-04,2023-24,Manchester City,Bournemouth,1823.8,1420.1,6,1
2023-11-04,2023-24,Sheffield United,Wolverhampton Wanderers,1372.1,1517.1,2,1
2023-11-04,2023-24,Newcastle United,Arsenal,1645.7,1729.1,1,0
2023-11-05,2023-24,Luton,Liverpool,1459.8,1745.1,1,1
2023-11-05,2023-24,Nottingham Forest,Aston Villa,1492.7,1628.5,2,0
2023-11-06,2023-24,Tottenham,Chelsea,1673.0,1540.8,1,4
2023-11-11,2023-24,Wolverhampton Wanderers,Tottenham,1505.8,1657.2,2,1
2023-11-11,2023-24,Arsenal,Burnley,1719.5,1419.1,3,1
2023-11-11,2023-24,Crystal Palace,Everton,1535.1,1470.7,2,3
2023-11-11,2023-24,Manchester United,Luton,1652.8,1464.7,1,0
2023-11-11,2023-24,Bournemouth,Newcastle United,1419.0,1655.2,2,0
2023-11-12,2023-24,Aston Villa,Fulham,1617.5,1490.5,3,1
2023-11-12,2023-24,Brighton and Hove Albion,Sheffield United,1600.1,1383.4,1,1
2023-11-12,2023-24,Liverpool,Brentford,1740.2,1582.0,3,0
2023-11-12,2023-24,West Ham United,Nottingham Forest,1517.7,1503.7,3,2
2023-11-12,2023-24,Chelsea,Manchester City,1556.7,1824.8,4,4
2023-11-25,2023-24,Nottingham Forest,Brighton and Hove Albion,1496.9,1592.9,2,3
2023-11-25,2023-24,Sheffield United,Bournemouth,1390.6,1432.8,1,3
2023-11-25,2023-24,Brentford,Arsenal,1578.3,1721.4,0,1
2023-11-25,2023-24,Luton,Crystal Palace,1461.5,1520.7,2,1
2023-11-25,2023-24,Burnley,West Ham United,1417.3,1524.5,1,2
2023-11-25,2023-24,Newcastle United,Chelsea,1641.5,1561.2,4,1
2023-11-25,2023-24,Manchester City,Liverpool,1820.3,1743.9,1,1
2023-11-26,2023-24,Tottenham,Aston Villa,1645.7,1621.7,1,2
2023-11-26,2023-24,Everton,Manchester United,1485.1,1656.0,0,3
2023-11-27,2023-24,Fulham,Wolverhampton Wanderers,1486.2,1517.3,3,2
2023-12-02,2023-24,Arsenal,Wolverhampton Wanderers,1730.1,1509.2,2,1
2023-12-02,2023-24,Brentford,Luton,1569.5,1470.3,3,1
2023-12-02,2023-24,Burnley,Sheffield United,1407.5,1378.9,5,0
2023-12-02,2023-24,Nottingham Forest,Everton,1486.8,1477.2,0,1
2023-12-02,2023-24,Newcastle United,Manchester United,1646.7,1664.0,1,0
2023-12-03,2023-24,West Ham United,Crystal Palace,1534.3,1511.8,1,1
2023-12-03,2023-24,Manchester City,Tottenham,1815.7,1632.3,3,3
2023-12-03,2023-24,Liverpool,Fulham,1748.6,1494.2,4,3
2023-12-03,2023-24,Chelsea,Brighton and Hove Albion,1555.9,1603.0,3,2
2023-12-03,2023-24,Bournemouth,Aston Villa,1444.4,1635.1,2,2
2023-12-05,2023-24,Wolverhampton Wanderers,Burnley,1506.5,1414.0,1,0
2023-12-05,2023-24,Luton,Arsenal,1465.5,1732.8,3,4
2023-12-06,2023-24,Brighton and Hove Albion,Brentford,1594.5,1574.4,2,1
2023-12-06,2023-24,Crystal Palace,Bournemouth,1515.2,1447.0,0,2
2023-12-06,2023-24,Fulham,Nottingham Forest,1491.9,1473.7,5,0
2023-12-06,2023-24,Sheffield United,Liverpool,1372.5,1750.9,0,2
2023-12-06,2023-24,Aston Villa,Manchester City,1632.6,1808.9,1,0
2023-12-06,2023-24,Manchester United,Chelsea,1656.3,1564.4,2,1
2023-12-07,2023-24,Everton,Newcastle United,1490.2,1654.4,3,0
2023-12-07,2023-24,Tottenham,West Ham United,1639.0,1530.9,1,2
2023-12-09,2023-24,Wolverhampton Wanderers,Nottingham Forest,1511.5,1467.0,1,1
2023-12-09,2023-24,Aston Villa,Arsenal,1644.8,1738.4,1,0
2023-12-09,2023-24,Sheffield United,Brentford,1369.1,1567.7,1,0
2023-12-09,2023-24,Brighton and Hove Albion,Burnley,1601.2,1409.0,1,1
2023-12-09,2023-24,Crystal Palace,Liverpool,1500.7,1754.3,1,2
2023-12-09,2023-24,Manchester United,Bournemouth,1661.3,1461.5,0,3
2023-12-10,2023-24,Everton,Chelsea,1502.0,1559.5,2,0
2023-12-10,2023-24,Fulham,West Ham United,1498.7,1546.3,5,0
2023-12-10,2023-24,Luton,Manchester City,1460.0,1796.8,1,2
2023-12-10,2023-24,Tottenham,Newcastle United,1623.7,1642.5,4,1
2023-12-15,2023-24,Nottingham Forest,Tottenham,1470.9,1631.4,0,2
2023-12-16,2023-24,Chelsea,Sheffield United,1550.7,1381.9,2,0
2023-12-16,2023-24,Manchester City,Crystal Palace,1800.8,1494.9,2,2
2023-12-16,2023-24,Newcastle United,Fulham,1634.8,1507.2,3,0
2023-12-16,2023-24,Burnley,Everton,1415.9,1510.8,0,2
2023-12-17,2023-24,Liverpool,Manchester United,1760.1,1644.3,0,0
2023-12-17,2023-24,West Ham United,Wolverhampton Wanderers,1537.8,1507.5,3,0
2023-12-17,2023-24,Arsenal,Brighton and Hove Albion,1728.6,1594.4,2,0
2023-12-17,2023-24,Brentford,Aston Villa,1554.9,1654.6,1,2
2023-12-21,2023-24,Crystal Palace,Brighton and Hove Albion,1503.1,1590.2,1,1
2023-12-22,2023-24,Aston Villa,Sheffield United,1664.6,1378.4,1,1
2023-12-23,2023-24,West Ham United,Manchester United,1544.2,1649.9,2,0
2023-12-23,2023-24,Fulham,Burnley,1502.9,1405.7,0,2
2023-12-23,2023-24,Luton,Newcastle United,1455.9,1639.1,1,0
2023-12-23,2023-24,Nottingham Forest,Bournemouth,1462.7,1478.4,2,3
2023-12-23,2023-24,Tottenham,Everton,1639.6,1521.0,2,1
2023-12-23,2023-24,Liverpool,Arsenal,1754.6,1732.7,1,1
2023-12-24,2023-24,Wolverhampton Wanderers,Chelsea,1501.1,1554.2,2,1
2023-12-26,2023-24,Burnley,Liverpool,1420.9,1751.2,0,2
2023-12-26,2023-24,Newcastle United,Nottingham Forest,1626.7,1450.3,1,3
2023-12-26,2023-24,Bournemouth,Fulham,1490.8,1487.8,3,0
2023-12-26,2023-24,Sheffield United,Luton,1386.4,1468.3,2,3
2023-12-26,2023-24,Manchester United,Aston Villa,1639.7,1656.5,3,2
2023-12-27,2023-24,Chelsea,Crystal Palace,1545.5,1502.8,2,1
2023-12-27,2023-24,Brentford,Wolverhampton Wanderers,1544.9,1509.8,1,4
2023-12-27,2023-24,Everton,Manchester City,1516.5,1792.6,1,3
2023-12-28,2023-24,Arsenal,West Ham United,1736.0,1554.4,0,2
2023-12-28,2023-24,Brighton and Hove Albion,Tottenham,1590.6,1644.1,4,2
2023-12-30,2023-24,Luton,Chelsea,1478.8,1551.6,2,3
2023-12-30,2023-24,Aston Villa,Burnley,1648.9,1416.7,3,2
2023-12-30,2023-24,Crystal Palace,Brentford,1496.6,1531.2,3,1
2023-12-30,2023-24,Manchester City,Sheffield United,1797.9,1375.9,2,0
2023-12-30,2023-24,Wolverhampton Wanderers,Everton,1523.5,1511.2,3,0
2023-12-30,2023-24,Nottingham Forest,Manchester United,1466.9,1647.3,2,1
2023-12-31,2023-24,Fulham,Arsenal,1480.7,1719.3,2,1
2023-12-31,2023-24,Tottenham,Bournemouth,1635.4,1497.9,3,1
2024-01-01,2023-24,Liverpool,Newcastle United,1755.4,1610.1,4,2
2024-01-02,2023-24,West Ham United,Brighton and Hove Albion,1571.1,1599.3,0,0
2024-01-12,2023-24,Burnley,Luton,1414.1,1468.0,1,1
2024-01-13,2023-24,Newcastle United,Manchester City,1606.2,1798.9,2,3
2024-01-13,2023-24,Chelsea,Fulham,1562.4,1494.5,1,0
2024-01-14,2023-24,Everton,Aston Villa,1504.3,1651.5,0,0
2024-01-14,2023-24,Manchester United,Tottenham,1635.1,1639.5,2,2
2024-01-20,2023-24,Arsenal,Crystal Palace,1705.6,1504.8,5,0
2024-01-20,2023-24,Brentford,Nottingham Forest,1523.1,1479.2,3,2
2024-01-21,2023-24,Sheffield United,West Ham United,1375.0,1569.0,2,2
2024-01-21,2023-24,Bournemouth,Liverpool,1493.9,1759.3,0,4
2024-01-22,2023-24,Brighton and Hove Albion,Wolverhampton Wanderers,1601.3,1530.4,0,0
2024-01-30,2023-24,Aston Villa,Newcastle United,1650.1,1598.8,1,3
2024-01-30,2023-24,Nottingham Forest,Arsenal,1473.1,1708.6,1,2
2024-01-30,2023-24,Fulham,Everton,1489.0,1505.7,0,0
2024-01-30,2023-24,Luton,Brighton and Hove Albion,1469.3,1596.7,4,0
2024-01-30,2023-24,Crystal Palace,Sheffield United,1501.8,1377.6,3,2
2024-01-31,2023-24,Tottenham,Brentford,1642.1,1529.2,3,2
2024-01-31,2023-24,Liverpool,Chelsea,1764.9,1567.9,4,1
2024-01-31,2023-24,Manchester City,Burnley,1806.3,1412.8,3,1
2024-02-01,2023-24,West Ham United,Bournemouth,1566.4,1488.3,1,1
2024-02-01,2023-24,Wolverhampton Wanderers,Manchester United,1534.9,1632.4,3,4
2024-02-03,2023-24,Everton,Tottenham,1508.0,1646.7,2,2
2024-02-03,2023-24,Brighton and Hove Albion,Crystal Palace,1586.0,1506.1,4,1
2024-02-03,2023-24,Burnley,Fulham,1411.7,1486.6,2,2
2024-02-03,2023-24,Newcastle United,Luton,1612.9,1480.1,4,4
2024-02-03,2023-24,Sheffield United,Aston Villa,1373.3,1636.0,0,5
2024-02-04,2023-24,Bournemouth,Nottingham Forest,1493.0,1466.8,1,1
2024-02-04,2023-24,Chelsea,Wolverhampton Wanderers,1564.9,1524.8,2,4
2024-02-04,2023-24,Manchester United,West Ham United,1642.5,1561.7,3,0
2024-02-04,2023-24,Arsenal,Liverpool,1714.9,1768.0,3,1
2024-02-05,2023-24,Brentford,Manchester City,1524.6,1807.4,1,3
2024-02-10,2023-24,Nottingham Forest,Newcastle United,1470.3,1607.1,2,3
2024-02-10,2023-24,Wolverhampton Wanderers,Brentford,1538.7,1519.4,0,2
2024-02-10,2023-24,Tottenham,Brighton and Hove Albion,1645.6,1591.2,2,1
2024-02-10,2023-24,Fulham,Bournemouth,1487.3,1489.6,3,1
2024-02-10,2023-24,Liverpool,Burnley,1759.3,1411.0,3,1
2024-02-10,2023-24,Manchester City,Everton,1812.6,1509.1,2,0
2024-02-10,2023-24,Luton,Sheffield United,1486.0,1367.7,1,3
2024-02-11,2023-24,West Ham United,Arsenal,1556.5,1723.5,0,6
2024-02-11,2023-24,Aston Villa,Manchester United,1641.6,1647.7,1,2
2024-02-12,2023-24,Crystal Palace,Chelsea,1500.9,1551.0,1,3
2024-02-17,2023-24,Nottingham Forest,West Ham United,1461.4,1548.4,2,0
2024-02-17,2023-24,Newcastle United,Bournemouth,1616.0,1482.3,2,2
2024-02-17,2023-24,Tottenham,Wolverhampton Wanderers,1651.4,1525.4,1,2
2024-02-17,2023-24,Burnley,Arsenal,1409.6,1731.6,0,5
2024-02-17,2023-24,Brentford,Liverpool,1532.7,1760.7,1,4
2024-02-17,2023-24,Fulham,Aston Villa,1494.6,1629.0,1,2
2024-02-17,2023-24,Manchester City,Chelsea,1814.3,1562.5,1,1
2024-02-18,2023-24,Luton,Manchester United,1470.4,1660.3,1,2
2024-02-18,2023-24,Sheffield United,Brighton and Hove Albion,1383.2,1585.4,0,5
2024-02-19,2023-24,Everton,Crystal Palace,1507.4,1489.4,1,1
2024-02-20,2023-24,Manchester City,Brentford,1806.7,1526.3,1,0
2024-02-21,2023-24,Liverpool,Luton,1767.2,1462.9,4,1
2024-02-24,2023-24,Aston Villa,Nottingham Forest,1638.0,1471.0,4,2
2024-02-24,2023-24,Brighton and Hove Albion,Everton,1592.5,1504.1,1,1
2024-02-24,2023-24,Crystal Palace,Burnley,1492.7,1405.2,3,0
2024-02-24,2023-24,Manchester United,Fulham,1667.8,1485.6,1,2
2024-02-24,2023-24,Bournemouth,Manchester City,1488.2,1808.7,0,1
2024-02-24,2023-24,Arsenal,Newcastle United,1736.0,1610.1,4,1
2024-02-25,2023-24,Wolverhampton Wanderers,Sheffield United,1541.1,1376.1,1,0
2024-02-26,2023-24,West Ham United,Brentford,1538.7,1524.3,4,2
2024-03-02,2023-24,Luton,Aston Villa,1461.1,1641.6,2,3
2024-03-02,2023-24,Tottenham,Crystal Palace,1635.7,1497.8,3,1
2024-03-02,2023-24,Nottingham Forest,Liverpool,1467.4,1769.0,0,1
2024-03-02,2023-24,Fulham,Brighton and Hove Albion,1502.3,1587.6,3,0
2024-03-02,2023-24,Everton,West Ham United,1509.0,1545.6,1,3
2024-03-02,2023-24,Brentford,Chelsea,1517.4,1570.1,2,2
2024-03-02,2023-24,Newcastle United,Wolverhampton Wanderers,1605.9,1544.7,3,0
2024-03-03,2023-24,Burnley,Bournemouth,1400.1,1483.8,0,2
2024-03-03,2023-24,Manchester City,Manchester United,1813.1,1651.1,3,1
2024-03-04,2023-24,Sheffield United,Arsenal,1372.5,1740.2,0,6
2024-03-09,2023-24,Manchester United,Everton,1647.5,1497.2,2,0
2024-03-09,2023-24,Bournemouth,Sheffield United,1494.2,1369.0,2,2
2024-03-09,2023-24,Crystal Palace,Luton,1493.7,1453.4,1,1
2024-03-09,2023-24,Wolverhampton Wanderers,Fulham,1539.0,1511.9,2,1
2024-03-09,2023-24,Arsenal,Brentford,1743.8,1516.1,2,1
2024-03-10,2023-24,Liverpool,Manchester City,1773.7,1816.7,1,1
2024-03-10,2023-24,West Ham United,Burnley,1557.4,1389.7,2,2
2024-03-10,2023-24,Brighton and Hove Albion,Nottingham Forest,1578.0,1462.7,1,0
2024-03-10,2023-24,Aston Villa,Tottenham,1649.3,1639.7,0,4
2024-03-11,2023-24,Chelsea,Newcastle United,1571.5,1611.5,3,2
2024-03-13,2023-24,Bournemouth,Luton,1488.5,1457.2,4,3
2024-03-16,2023-24,Burnley,Brentford,1396.1,1513.5,2,1
2024-03-16,2023-24,Luton,Nottingham Forest,1450.9,1458.2,1,1
2024-03-16,2023-24,Fulham,Tottenham,1505.4,1652.8,3,0
2024-03-17,2023-24,West Ham United,Aston Villa,1550.9,1636.2,1,1
2024-03-30,2023-24,Brentford,Manchester United,1503.0,1651.3,1,1
2024-03-30,2023-24,Tottenham,Luton,1641.4,1448.3,2,1
2024-03-30,2023-24,Sheffield United,Fulham,1374.7,1516.7,3,3
2024-03-30,2023-24,Aston Villa,Wolverhampton Wanderers,1636.6,1545.5,2,0
2024-03-30,2023-24,Chelsea,Burnley,1579.8,1406.6,2,2
2024-03-30,2023-24,Bournemouth,Everton,1494.9,1493.4,2,1
2024-03-30,2023-24,Newcastle United,West Ham United,1603.2,1550.5,4,3
2024-03-30,2023-24,Nottingham Forest,Crystal Palace,1460.8,1489.9,1,1
2024-03-31,2023-24,Liverpool,Brighton and Hove Albion,1772.1,1582.5,2,1
2024-03-31,2023-24,Manchester City,Arsenal,1818.3,1746.4,0,0
2024-04-02,2023-24,Newcastle United,Everton,1609.1,1486.2,1,1
2024-04-02,2023-24,Nottingham Forest,Fulham,1458.8,1515.5,3,1
2024-04-02,2023-24,Bournemouth,Crystal Palace,1502.1,1491.9,1,0
2024-04-02,2023-24,Burnley,Wolverhampton Wanderers,1413.2,1540.5,1,1
2024-04-02,2023-24,West Ham United,Tottenham,1544.6,1644.5,1,1
2024-04-03,2023-24,Arsenal,Luton,1751.0,1445.1,2,0
2024-04-03,2023-24,Brentford,Brighton and Hove Albion,1504.3,1579.3,0,0
2024-04-03,2023-24,Manchester City,Aston Villa,1813.7,1641.6,4,1
2024-04-04,2023-24,Liverpool,Sheffield United,1775.3,1375.9,3,1
2024-04-04,2023-24,Chelsea,Manchester United,1573.2,1649.9,4,3
2024-04-06,2023-24,Wolverhampton Wanderers,West Ham United,1539.7,1544.6,1,2
2024-04-06,2023-24,Brighton and Hove Albion,Arsenal,1580.0,1752.7,0,3
2024-04-06,2023-24,Luton,Bournemouth,1443.4,1509.0,2,1
2024-04-06,2023-24,Aston Villa,Brentford,1638.2,1503.6,3,3
2024-04-06,2023-24,Everton,Burnley,1491.9,1414.0,1,0
2024-04-06,2023-24,Fulham,Newcastle United,1506.7,1603.4,0,1
2024-04-06,2023-24,Crystal Palace,Manchester City,1485.0,1817.2,2,4
2024-04-07,2023-24,Manchester United,Liverpool,1640.6,1776.4,2,2
2024-04-07,2023-24,Sheffield United,Chelsea,1374.8,1582.5,2,2
2024-04-07,2023-24,Tottenham,Nottingham Forest,1644.6,1467.5,3,1
2024-04-13,2023-24,Newcastle United,Tottenham,1613.5,1647.9,4,0
2024-04-13,2023-24,Brentford,Sheffield United,1509.5,1377.8,2,0
2024-04-13,2023-24,Burnley,Brighton and Hove Albion,1408.7,1572.1,1,1
2024-04-13,2023-24,Manchester City,Luton,1821.4,1452.4,5,1
2024-04-13,2023-24,Nottingham Forest,Wolverhampton Wanderers,1464.2,1527.0,2,2
2024-04-13,2023-24,Bournemouth,Manchester United,1500.0,1641.6,2,2
2024-04-14,2023-24,Arsenal,Aston Villa,1760.7,1632.3,0,2
2024-04-14,2023-24,Liverpool,Crystal Palace,1775.3,1480.8,0,1
2024-04-14,2023-24,West Ham United,Fulham,1557.3,1496.7,0,2
2024-04-15,2023-24,Chelsea,Everton,1579.5,1497.2,6,0
2024-04-20,2023-24,Luton,Brentford,1451.1,1513.7,1,5
2024-04-20,2023-24,Sheffield United,Burnley,1373.7,1410.5,1,4
2024-04-20,2023-24,Wolverhampton Wanderers,Arsenal,1528.1,1744.9,0,2
2024-04-21,2023-24,Everton,Nottingham Forest,1492.0,1463.1,2,0
2024-04-21,2023-24,Aston Villa,Bournemouth,1648.1,1501.2,3,1
2024-04-21,2023-24,Crystal Palace,West Ham United,1498.9,1543.0,5,2
2024-04-21,2023-24,Fulham,Liverpool,1511.0,1757.2,1,3
2024-04-23,2023-24,Arsenal,Chelsea,1751.7,1584.7,5,0
2024-04-24,2023-24,Manchester United,Sheffield United,1640.4,1361.9,4,2
2024-04-24,2023-24,Everton,Liverpool,1498.5,1763.2,2,0
2024-04-24,2023-24,Wolverhampton Wanderers,Bournemouth,1521.3,1497.3,0,1
2024-04-24,2023-24,Crystal Palace,Newcastle United,1507.3,1621.7,2,0
2024-04-25,2023-24,Brighton and Hove Albion,Manchester City,1570.3,1822.6,0,4
2024-04-27,2023-24,West Ham United,Liverpool,1534.5,1748.8,2,2
2024-04-27,2023-24,Fulham,Crystal Palace,1504.9,1517.7,1,1
2024-04-27,2023-24,Manchester United,Burnley,1642.4,1422.3,1,1
2024-04-27,2023-24,Newcastle United,Sheffield United,1611.3,1359.8,5,1
2024-04-27,2023-24,Wolverhampton Wanderers,Luton,1507.9,1440.0,2,1
2024-04-27,2023-24,Everton,Brentford,1512.9,1524.7,1,0
2024-04-27,2023-24,Aston Villa,Chelsea,1652.0,1581.2,2,2
2024-04-28,2023-24,Tottenham,Arsenal,1639.8,1755.2,2,3
2024-04-28,2023-24,Bournemouth,Brighton and Hove Albion,1510.7,1564.4,3,0
2024-04-28,2023-24,Nottingham Forest,Manchester City,1456.6,1828.5,0,2
2024-05-02,2023-24,Chelsea,Tottenham,1585.7,1630.2,2,0
2024-05-03,2023-24,Luton,Everton,1434.5,1520.4,1,1
2024-05-04,2023-24,Arsenal,Bournemouth,1764.8,1519.4,3,0
2024-05-04,2023-24,Brentford,Fulham,1517.2,1502.5,0,0
2024-05-04,2023-24,Burnley,Newcastle United,1429.6,1613.6,1,4
2024-05-04,2023-24,Sheffield United,Nottingham Forest,1357.5,1453.2,1,3
2024-05-04,2023-24,Manchester City,Wolverhampton Wanderers,1832.0,1513.4,5,1
2024-05-05,2023-24,Brighton and Hove Albion,Aston Villa,1555.7,1647.4,1,0
2024-05-05,2023-24,Chelsea,West Ham United,1594.1,1537.7,5,0
2024-05-05,2023-24,Liverpool,Tottenham,1745.6,1621.8,4,2
2024-05-06,2023-24,Crystal Palace,Manchester United,1520.2,1635.2,4,0
2024-05-11,2023-24,West Ham United,Luton,1531.9,1434.1,3,1
2024-05-11,2023-24,Wolverhampton Wanderers,Crystal Palace,1511.8,1530.6,1,3
2024-05-11,2023-24,Tottenham,Burnley,1617.5,1421.9,2,1
2024-05-11,2023-24,Nottingham Forest,Chelsea,1463.3,1599.9,2,3
2024-05-11,2023-24,Everton,Sheffield United,1520.8,1347.4,1,0
2024-05-11,2023-24,Bournemouth,Brentford,1517.0,1514.0,1,2
2024-05-11,2023-24,Fulham,Manchester City,1505.7,1833.6,0,4
2024-05-11,2023-24,Newcastle United,Brighton and Hove Albion,1621.2,1565.5,1,1
2024-05-12,2023-24,Manchester United,Arsenal,1624.7,1767.2,0,1
2024-05-13,2023-24,Aston Villa,Liverpool,1637.6,1750.0,3,3
2024-05-14,2023-24,Tottenham,Manchester City,1620.6,1837.8,0,2
2024-05-15,2023-24,Brighton and Hove Albion,Chelsea,1569.7,1608.9,1,2
2024-05-15,2023-24,Manchester United,Newcastle United,1616.0,1617.0,3,2
2024-05-19,2023-24,Sheffield United,Tottenham,1343.9,1613.8,0,3
2024-05-19,2023-24,Manchester City,West Ham United,1844.6,1536.8,3,1
2024-05-19,2023-24,Luton,Fulham,1429.3,1501.4,2,4
2024-05-19,2023-24,Crystal Palace,Aston Villa,1542.9,1638.0,5,0
2024-05-19,2023-24,Liverpool,Wolverhampton Wanderers,1749.6,1499.5,2,0
2024-05-19,2023-24,Burnley,Nottingham Forest,1418.8,1454.4,1,2
2024-05-19,2023-24,Brighton and Hove Albion,Manchester United,1558.0,1623.2,0,2
2024-05-19,2023-24,Brentford,Newcastle United,1526.9,1609.8,2,4
2024-05-19,2023-24,Arsenal,Everton,1776.0,1524.2,2,1
2024-05-19,2023-24,Chelsea,Bournemouth,1620.6,1504.1,2,1
2024-08-16,2024-25,Manchester United,Fulham,1634.2,1512.2,1,0
2024-08-17,2024-25,West Ham United,Aston Villa,1535.1,1628.1,1,2
2024-08-17,2024-25,Nottingham Forest,Bournemouth,1466.2,1499.7,1,1
2024-08-17,2024-25,Newcastle United,Southampton,1620.3,1397.1,1,0
2024-08-17,2024-25,Everton,Brighton and Hove Albion,1521.9,1547.0,0,3
2024-08-17,2024-25,Ipswich Town,Liverpool,1500.0,1751.9,0,2
2024-08-17,2024-25,Arsenal,Wolverhampton Wanderers,1778.3,1497.1,2,0
2024-08-18,2024-25,Brentford,Crystal Palace,1516.4,1552.8,2,1
2024-08-18,2024-25,Chelsea,Manchester City,1625.1,1846.3,0,2
2024-08-19,2024-25,Leicester City,Tottenham,1483.2,1619.3,1,1
2024-08-24,2024-25,Aston Villa,Arsenal,1638.3,1780.3,0,2
2024-08-24,2024-25,Tottenham,Everton,1618.3,1509.8,4,0
2024-08-24,2024-25,Southampton,Nottingham Forest,1394.4,1464.3,0,1
2024-08-24,2024-25,Crystal Palace,West Ham United,1544.6,1524.9,0,2
2024-08-24,2024-25,Fulham,Leicester City,1507.9,1484.2,2,1
2024-08-24,2024-25,Brighton and Hove Albion,Manchester United,1559.1,1638.5,2,1
2024-08-24,2024-25,Manchester City,Ipswich Town,1853.0,1494.1,4,1
2024-08-25,2024-25,Bournemouth,Newcastle United,1501.5,1623.0,1,1
2024-08-25,2024-25,Wolverhampton Wanderers,Chelsea,1495.1,1618.4,2,6
2024-08-25,2024-25,Liverpool,Brentford,1757.8,1524.6,2,0
2024-08-31,2024-25,Arsenal,Brighton and Hove Albion,1789.1,1568.5,1,1
2024-08-31,2024-25,Brentford,Southampton,1522.1,1383.5,3,1
2024-08-31,2024-25,Everton,Bournemouth,1505.1,1502.2,2,3
2024-08-31,2024-25,Ipswich Town,Fulham,1492.8,1514.5,1,1
2024-08-31,2024-25,Leicester City,Aston Villa,1477.7,1629.5,1,2
2024-08-31,2024-25,Nottingham Forest,Wolverhampton Wanderers,1475.2,1485.8,1,1
2024-08-31,2024-25,West Ham United,Manchester City,1538.2,1854.3,1,3
2024-09-01,2024-25,Manchester United,Liverpool,1629.1,1760.4,0,3
2024-09-01,2024-25,Newcastle United,Tottenham,1622.4,1622.9,2,1
2024-09-01,2024-25,Chelsea,Crystal Palace,1627.8,1531.3,1,1
2024-09-14,2024-25,Southampton,Manchester United,1379.5,1620.0,0,3
2024-09-14,2024-25,Brighton and Hove Albion,Ipswich Town,1575.8,1490.6,0,0
2024-09-14,2024-25,Crystal Palace,Leicester City,1536.4,1469.1,2,2
2024-09-14,2024-25,Fulham,West Ham United,1516.7,1533.7,1,1
2024-09-14,2024-25,Liverpool,Nottingham Forest,1769.5,1472.6,0,1
2024-09-14,2024-25,Manchester City,Brentford,1858.8,1526.1,2,1
2024-09-14,2024-25,Aston Villa,Everton,1638.1,1492.3,3,2
2024-09-14,2024-25,Bournemouth,Chelsea,1515.0,1622.6,0,1
2024-09-15,2024-25,Tottenham,Arsenal,1615.7,1781.8,0,1
2024-09-15,2024-25,Wolverhampton Wanderers,Newcastle United,1488.3,1629.6,1,2
2024-09-21,2024-25,Tottenham,Brentford,1607.6,1524.6,3,1
2024-09-21,2024-25,Crystal Palace,Manchester United,1531.9,1626.2,0,0
2024-09-21,2024-25,Southampton,Ipswich Town,1373.3,1495.4,1,1
2024-09-21,2024-25,Liverpool,Bournemouth,1751.3,1505.3,3,0
2024-09-21,2024-25,Leicester City,Everton,1473.6,1488.4,1,1
2024-09-21,2024-25,Fulham,Newcastle United,1514.3,1638.4,3,1
2024-09-21,2024-25,Aston Villa,Wolverhampton Wanderers,1642.0,1479.5,3,1
2024-09-21,2024-25,West Ham United,Chelsea,1536.0,1632.4,0,3
2024-09-22,2024-25,Brighton and Hove Albion,Nottingham Forest,1570.9,1490.8,2,2
2024-09-22,2024-25,Manchester City,Arsenal,1860.3,1789.9,2,2
2024-09-28,2024-25,Newcastle United,Manchester City,1627.7,1855.8,1,1
2024-09-28,2024-25,Arsenal,Leicester City,1794.5,1471.2,4,2
2024-09-28,2024-25,Brentford,West Ham United,1519.4,1525.9,1,1
2024-09-28,2024-25,Chelsea,Brighton and Hove Albion,1642.5,1566.1,4,2
2024-09-28,2024-25,Everton,Crystal Palace,1490.8,1531.8,2,1
2024-09-28,2024-25,Nottingham Forest,Fulham,1495.6,1525.0,0,1
2024-09-28,2024-25,Wolverhampton Wanderers,Liverpool,1475.9,1753.7,1,2
2024-09-29,2024-25,Manchester United,Tottenham,1626.4,1612.7,0,3
2024-09-29,2024-25,Ipswich Town,Aston Villa,1494.8,1645.6,2,2
2024-09-30,2024-25,Bournemouth,Southampton,1502.9,1373.9,3,1
2024-10-05,2024-25,Crystal Palace,Liverpool,1523.4,1759.0,0,1
2024-10-05,2024-25,Arsenal,Southampton,1796.1,1369.7,3,1
2024-10-05,2024-25,Brentford,Wolverhampton Wanderers,1516.8,1470.6,5,3
2024-10-05,2024-25,Leicester City,Bournemouth,1469.6,1507.1,1,0
2024-10-05,2024-25,Manchester City,Fulham,1852.2,1537.0,3,2
2024-10-05,2024-25,West Ham United,Ipswich Town,1528.6,1496.3,4,1
2024-10-05,2024-25,Everton,Newcastle United,1499.1,1631.2,0,0
2024-10-06,2024-25,Aston Villa,Manchester United,1644.1,1613.2,0,0
2024-10-06,2024-25,Chelsea,Nottingham Forest,1647.8,1483.6,1,1
2024-10-06,2024-25,Brighton and Hove Albion,Tottenham,1560.8,1625.9,3,2
2024-10-19,2024-25,Southampton,Leicester City,1368.8,1477.8,2,3
2024-10-19,2024-25,Bournemouth,Arsenal,1498.9,1797.0,2,0
2024-10-19,2024-25,Newcastle United,Brighton and Hove Albion,1630.3,1569.8,0,1
2024-10-19,2024-25,Manchester United,Brentford,1616.8,1522.8,2,1
2024-10-19,2024-25,Ipswich Town,Everton,1489.9,1500.0,0,2
2024-10-19,2024-25,Fulham,Aston Villa,1535.3,1640.5,1,3
2024-10-19,2024-25,Tottenham,West Ham United,1616.9,1534.9,4,1
2024-10-20,2024-25,Wolverhampton Wanderers,Manchester City,1464.6,1853.9,1,2
2024-10-20,2024-25,Liverpool,Chelsea,1765.3,1641.4,2,1
2024-10-21,2024-25,Nottingham Forest,Crystal Palace,1490.0,1517.2,1,0
2024-10-25,2024-25,Leicester City,Nottingham Forest,1487.6,1497.9,1,3
2024-10-26,2024-25,Aston Villa,Bournemouth,1650.4,1514.0,1,1
2024-10-26,2024-25,Brentford,Ipswich Town,1517.9,1477.4,4,3
2024-10-26,2024-25,Brighton and Hove Albion,Wolverhampton Wanderers,1584.1,1461.4,2,2
2024-10-26,2024-25,Manchester City,Southampton,1857.1,1359.1,1,0
2024-10-26,2024-25,Everton,Fulham,1512.5,1525.5,1,1
2024-10-27,2024-25,Arsenal,Liverpool,1781.9,1769.6,2,2
2024-10-27,2024-25,West Ham United,Manchester United,1529.7,1621.7,2,1
2024-10-27,2024-25,Chelsea,Newcastle United,1637.1,1616.0,2,1
2024-10-27,2024-25,Crystal Palace,Tottenham,1509.2,1622.1,1,0
2024-11-02,2024-25,Newcastle United,Arsenal,1609.3,1778.7,1,0
2024-11-02,2024-25,Bournemouth,Manchester City,1519.9,1857.7,2,1
2024-11-02,2024-25,Ipswich Town,Leicester City,1471.2,1475.0,1,1
2024-11-02,2024-25,Liverpool,Brighton and Hove Albion,1772.8,1578.5,2,1
2024-11-02,2024-25,Nottingham Forest,West Ham United,1510.4,1539.5,3,0
2024-11-02,2024-25,Southampton,Everton,1358.4,1510.1,1,0
2024-11-02,2024-25,Wolverhampton Wanderers,Crystal Palace,1467.0,1519.6,2,2
2024-11-03,2024-25,Tottenham,Aston Villa,1611.7,1644.5,4,1
2024-11-03,2024-25,Manchester United,Chelsea,1612.0,1643.8,1,1
2024-11-04,2024-25,Fulham,Brentford,1528.0,1524.0,2,1
2024-11-09,2024-25,Brighton and Hove Albion,Manchester City,1575.4,1841.8,2,1
2024-11-09,2024-25,Liverpool,Aston Villa,1775.9,1636.4,2,0
2024-11-09,2024-25,West Ham United,Everton,1531.5,1498.6,0,0
2024-11-09,2024-25,Crystal Palace,Fulham,1521.0,1535.0,0,2
2024-11-09,2024-25,Wolverhampton Wanderers,Southampton,1465.7,1369.9,2,0
2024-11-09,2024-25,Brentford,Bournemouth,1516.9,1535.9,3,2
2024-11-10,2024-25,Manchester United,Leicester City,1610.0,1477.7,3,0
2024-11-10,2024-25,Nottingham Forest,Newcastle United,1518.4,1621.3,1,3
2024-11-10,2024-25,Tottenham,Ipswich Town,1619.8,1468.5,1,2
2024-11-10,2024-25,Chelsea,Arsenal,1645.7,1766.8,1,1
2024-11-23,2024-25,Fulham,Wolverhampton Wanderers,1547.5,1470.6,1,4
2024-11-23,2024-25,Everton,Brentford,1502.2,1524.6,0,0
2024-11-23,2024-25,Bournemouth,Brighton and Hove Albion,1528.2,1589.8,1,2
2024-11-23,2024-25,Manchester City,Tottenham,1827.3,1603.6,0,4
2024-11-23,2024-25,Arsenal,Nottingham Forest,1766.2,1508.5,3,0
2024-11-23,2024-25,Leicester City,Chelsea,1473.6,1646.3,1,2
2024-11-23,2024-25,Aston Villa,Crystal Palace,1632.4,1508.5,2,2
2024-11-24,2024-25,Southampton,Liverpool,1365.0,1779.9,2,3
2024-11-24,2024-25,Ipswich Town,Manchester United,1484.7,1614.2,1,1
2024-11-25,2024-25,Newcastle United,West Ham United,1631.2,1527.9,0,2
2024-11-29,2024-25,Brighton and Hove Albion,Southampton,1600.9,1362.2,1,1
2024-11-30,2024-25,Brentford,Leicester City,1526.8,1465.6,4,1
2024-11-30,2024-25,Crystal Palace,Newcastle United,1514.2,1616.0,1,1
2024-11-30,2024-25,Nottingham Forest,Ipswich Town,1506.2,1485.5,1,0
2024-11-30,2024-25,Wolverhampton Wanderers,Bournemouth,1485.3,1517.1,2,4
2024-11-30,2024-25,West Ham United,Arsenal,1543.1,1768.4,2,5
2024-12-01,2024-25,Tottenham,Fulham,1620.9,1532.8,1,1
2024-12-01,2024-25,Chelsea,Aston Villa,1654.2,1626.7,3,0
2024-12-01,2024-25,Manchester United,Everton,1613.3,1500.1,4,0
2024-12-01,2024-25,Liverpool,Manchester City,1782.7,1810.0,2,0
2024-12-03,2024-25,Leicester City,West Ham United,1460.0,1536.6,3,1
2024-12-03,2024-25,Ipswich Town,Crystal Palace,1478.9,1514.3,0,1
2024-12-04,2024-25,Everton,Wolverhampton Wanderers,1495.5,1473.3,4,0
2024-12-04,2024-25,Manchester City,Nottingham Forest,1802.1,1512.9,3,0
2024-12-04,2024-25,Newcastle United,Liverpool,1615.9,1790.6,3,3
2024-12-04,2024-25,Southampton,Chelsea,1369.7,1660.7,1,5
2024-12-04,2024-25,Arsenal,Manchester United,1775.0,1617.9,2,0
2024-12-04,2024-25,Aston Villa,Brentford,1620.2,1532.5,3,1
2024-12-05,2024-25,Fulham,Brighton and Hove Albion,1537.7,1593.4,3,1
2024-12-05,2024-25,Bournemouth,Tottenham,1529.0,1616.0,1,0
2024-12-07,2024-25,Crystal Palace,Manchester City,1526.1,1804.0,2,2
2024-12-07,2024-25,Manchester United,Nottingham Forest,1614.2,1511.0,2,3
2024-12-07,2024-25,Aston Villa,Southampton,1625.3,1364.7,1,0
2024-12-07,2024-25,Brentford,Newcastle United,1527.4,1618.0,4,2
2024-12-08,2024-25,Fulham,Arsenal,1546.5,1778.7,1,1
2024-12-08,2024-25,Ipswich Town,Bournemouth,1467.0,1538.6,1,2
2024-12-08,2024-25,Leicester City,Brighton and Hove Albion,1469.3,1584.7,2,2
2024-12-08,2024-25,Tottenham,Chelsea,1606.4,1665.7,3,4
2024-12-09,2024-25,West Ham United,Wolverhampton Wanderers,1527.3,1466.7,2,1
2024-12-14,2024-25,Wolverhampton Wanderers,Ipswich Town,1461.0,1456.2,1,2
2024-12-14,2024-25,Newcastle United,Leicester City,1608.3,1469.7,4,0
2024-12-14,2024-25,Nottingham Forest,Aston Villa,1526.2,1627.5,2,1
2024-12-14,2024-25,Arsenal,Everton,1775.1,1502.1,0,0
2024-12-14,2024-25,Liverpool,Fulham,1788.5,1550.1,2,2
2024-12-15,2024-25,Chelsea,Brentford,1676.9,1537.2,2,1
2024-12-15,2024-25,Southampton,Tottenham,1362.5,1595.2,0,5
2024-12-15,2024-25,Brighton and Hove Albion,Crystal Palace,1584.2,1530.8,1,3
2024-12-15,2024-25,Manchester City,Manchester United,1799.3,1598.9,1,2
2024-12-16,2024-25,Bournemouth,West Ham United,1549.4,1532.9,1,1
2024-12-21,2024-25,Crystal Palace,Arsenal,1545.0,1767.1,1,5
2024-12-21,2024-25,West Ham United,Brighton and Hove Albion,1536.2,1570.1,1,1
2024-12-21,2024-25,Ipswich Town,Newcastle United,1469.2,1612.3,0,4
2024-12-21,2024-25,Brentford,Nottingham Forest,1533.1,1536.3,0,2
2024-12-21,2024-25,Aston Villa,Manchester City,1617.5,1782.3,2,1
2024-12-22,2024-25,Everton,Chelsea,1510.0,1680.9,0,0
2024-12-22,2024-25,Fulham,Southampton,1557.6,1356.1,0,0
2024-12-22,2024-25,Leicester City,Wolverhampton Wanderers,1465.7,1448.1,0,3
2024-12-22,2024-25,Manchester United,Bournemouth,1615.9,1546.2,0,3
2024-12-22,2024-25,Tottenham,Liverpool,1601.6,1781.0,3,6
2024-12-26,2024-25,Wolverhampton Wanderers,Manchester United,1461.4,1601.4,2,0
2024-12-26,2024-25,Southampton,West Ham United,1363.1,1534.3,0,1
2024-12-26,2024-25,Nottingham Forest,Tottenham,1549.0,1593.8,1,0
2024-12-26,2024-25,Liverpool,Leicester City,1788.8,1452.4,3,1
2024-12-26,2024-25,Chelsea,Fulham,1678.9,1550.6,1,2
2024-12-26,2024-25,Bournemouth,Crystal Palace,1560.7,1538.3,0,0
2024-12-26,2024-25,Manchester City,Everton,1770.5,1512.1,1,1
2024-12-26,2024-25,Newcastle United,Aston Villa,1621.1,1629.3,3,0
2024-12-27,2024-25,Brighton and Hove Albion,Brentford,1572.0,1520.4,0,0
2024-12-27,2024-25,Arsenal,Ipswich Town,1773.8,1460.4,1,0
2024-12-29,2024-25,West Ham United,Liverpool,1542.3,1790.3,0,5
2024-12-29,2024-25,Tottenham,Wolverhampton Wanderers,1585.4,1472.5,2,2
2024-12-29,2024-25,Fulham,Bournemouth,1566.4,1557.4,2,2
2024-12-29,2024-25,Crystal Palace,Southampton,1541.7,1355.2,2,1
2024-12-29,2024-25,Leicester City,Manchester City,1450.9,1762.7,0,2
2024-12-29,2024-25,Everton,Nottingham Forest,1519.8,1557.4,0,2
2024-12-30,2024-25,Aston Villa,Brighton and Hove Albion,1621.9,1567.9,2,2
2024-12-30,2024-25,Ipswich Town,Chelsea,1458.7,1663.1,2,0
2024-12-30,2024-25,Manchester United,Newcastle United,1590.2,1628.5,0,2
2025-01-01,2024-25,Brentford,Arsenal,1524.5,1775.5,1,3
2025-01-04,2024-25,Southampton,Brentford,1351.9,1518.6,0,5
2025-01-04,2024-25,Brighton and Hove Albion,Arsenal,1572.0,1781.4,1,1
2025-01-04,2024-25,Manchester City,West Ham United,1767.3,1536.3,4,1
2025-01-04,2024-25,Bournemouth,Everton,1560.4,1508.0,1,0
2025-01-04,2024-25,Aston Villa,Leicester City,1617.7,1446.4,2,1
2025-01-04,2024-25,Tottenham,Newcastle United,1579.9,1640.3,1,2
2025-01-04,2024-25,Crystal Palace,Chelsea,1544.9,1650.2,1,1
2025-01-05,2024-25,Fulham,Ipswich Town,1563.3,1471.6,2,2
2025-01-05,2024-25,Liverpool,Manchester United,1796.2,1578.4,2,2
2025-01-06,2024-25,Wolverhampton Wanderers,Nottingham Forest,1478.0,1569.2,0,3
2025-01-14,2024-25,Brentford,Manchester City,1526.7,1769.9,2,2
2025-01-14,2024-25,Chelsea,Bournemouth,1650.1,1566.3,2,2
2025-01-14,2024-25,West Ham United,Fulham,1533.7,1558.3,3,2
2025-01-14,2024-25,Nottingham Forest,Liverpool,1579.4,1789.0,1,1
2025-01-15,2024-25,Newcastle United,Wolverhampton Wanderers,1651.4,1467.7,3,0
2025-01-15,2024-25,Everton,Aston Villa,1502.2,1621.2,0,1
2025-01-15,2024-25,Leicester City,Crystal Palace,1442.9,1545.1,0,2
2025-01-15,2024-25,Arsenal,Tottenham,1778.3,1568.8,2,1
2025-01-16,2024-25,Manchester United,Southampton,1585.7,1343.8,3,1
2025-01-16,2024-25,Ipswich Town,Brighton and Hove Albion,1476.6,1575.1,0,2
2025-01-18,2024-25,Newcastle United,Bournemouth,1654.7,1571.1,1,4
2025-01-18,2024-25,Brentford,Liverpool,1530.6,1786.0,0,2
2025-01-18,2024-25,Leicester City,Fulham,1433.0,1550.4,0,2
2025-01-18,2024-25,West Ham United,Crystal Palace,1541.6,1555.0,0,2
2025-01-18,2024-25,Arsenal,Aston Villa,1781.2,1630.6,2,2
2025-01-19,2024-25,Everton,Tottenham,1492.7,1565.9,3,2
2025-01-19,2024-25,Manchester United,Brighton and Hove Albion,1588.1,1585.1,1,3
2025-01-19,2024-25,Nottingham Forest,Southampton,1582.5,1341.4,3,2
2025-01-19,2024-25,Ipswich Town,Manchester City,1466.6,1766.0,0,6
2025-01-20,2024-25,Chelsea,Wolverhampton Wanderers,1645.2,1464.5,3,1
2025-01-25,2024-25,Wolverhampton Wanderers,Arsenal,1461.1,1775.0,0,1
2025-01-25,2024-25,Manchester City,Chelsea,1770.8,1648.5,3,1
2025-01-25,2024-25,Southampton,Newcastle United,1338.9,1639.8,1,3
2025-01-25,2024-25,Brighton and Hove Albion,Everton,1598.0,1501.9,0,1
2025-01-25,2024-25,Bournemouth,Nottingham Forest,1586.0,1585.0,5,0
2025-01-25,2024-25,Liverpool,Ipswich Town,1791.8,1461.8,4,1
2025-01-26,2024-25,Crystal Palace,Brentford,1567.5,1524.8,1,2
2025-01-26,2024-25,Tottenham,Leicester City,1556.7,1423.5,1,2
2025-01-26,2024-25,Aston Villa,West Ham United,1636.8,1529.1,1,1
2025-01-26,2024-25,Fulham,Manchester United,1559.9,1575.3,0,1
2025-02-01,2024-25,Nottingham Forest,Brighton and Hove Albion,1577.8,1582.9,7,0
2025-02-01,2024-25,Bournemouth,Liverpool,1593.1,1793.3,0,2
2025-02-01,2024-25,Everton,Leicester City,1517.0,1439.3,4,0
2025-02-01,2024-25,Ipswich Town,Southampton,1460.2,1334.1,1,2
2025-02-01,2024-25,Newcastle United,Fulham,1644.6,1547.5,1,2
2025-02-01,2024-25,Wolverhampton Wanderers,Aston Villa,1456.6,1631.5,2,0
2025-02-02,2024-25,Manchester United,Crystal Palace,1587.6,1553.6,0,2
2025-02-02,2024-25,Arsenal,Manchester City,1779.5,1775.1,5,1
2025-02-02,2024-25,Brentford,Tottenham,1538.7,1540.8,0,2
2025-02-03,2024-25,Chelsea,West Ham United,1644.2,1534.5,2,1
2025-02-12,2024-25,Everton,Liverpool,1522.3,1800.5,2,2
2025-02-14,2024-25,Brighton and Hove Albion,Chelsea,1575.6,1648.8,3,0
2025-02-15,2024-25,Leicester City,Arsenal,1434.0,1786.6,0,2
2025-02-15,2024-25,Aston Villa,Ipswich Town,1619.3,1444.5,1,1
2025-02-15,2024-25,Fulham,Nottingham Forest,1562.7,1585.1,2,1
2025-02-15,2024-25,Manchester City,Newcastle United,1768.0,1629.5,4,0
2025-02-15,2024-25,Southampton,Bournemouth,1349.9,1585.9,1,3
2025-02-15,2024-25,West Ham United,Brentford,1529.9,1526.0,0,1
2025-02-15,2024-25,Crystal Palace,Everton,1567.3,1527.1,1,2
2025-02-16,2024-25,Tottenham,Manchester United,1553.6,1574.0,1,0
2025-02-16,2024-25,Liverpool,Wolverhampton Wanderers,1795.8,1468.7,2,1
2025-02-19,2024-25,Aston Villa,Liverpool,1612.7,1797.4,2,2
2025-02-21,2024-25,Leicester City,Brentford,1430.3,1538.9,0,4
2025-02-22,2024-25,Everton,Manchester United,1540.9,1566.2,2,2
2025-02-22,2024-25,Arsenal,West Ham United,1790.4,1517.0,0,1
2025-02-22,2024-25,Bournemouth,Wolverhampton Wanderers,1592.2,1467.2,0,1
2025-02-22,2024-25,Fulham,Crystal Palace,1570.5,1553.4,0,2
2025-02-22,2024-25,Ipswich Town,Tottenham,1451.1,1561.3,1,4
2025-02-22,2024-25,Southampton,Brighton and Hove Albion,1343.6,1584.8,0,4
2025-02-22,2024-25,Aston Villa,Chelsea,1615.1,1639.5,2,1
2025-02-23,2024-25,Newcastle United,Nottingham Forest,1625.5,1577.3,4,3
2025-02-23,2024-25,Manchester City,Liverpool,1772.1,1795.0,0,2
2025-02-25,2024-25,Wolverhampton Wanderers,Fulham,1482.9,1557.2,1,2
2025-02-25,2024-25,Chelsea,Southampton,1631.7,1337.4,4,0
2025-02-25,2024-25,Brighton and Hove Albion,Bournemouth,1590.9,1576.5,2,1
2025-02-25,2024-25,Crystal Palace,Aston Villa,1566.7,1623.0,4,1
2025-02-26,2024-25,Brentford,Everton,1548.6,1538.8,1,1
2025-02-26,2024-25,Manchester United,Ipswich Town,1568.3,1441.4,3,2
2025-02-26,2024-25,Nottingham Forest,Arsenal,1571.3,1772.5,0,0
2025-02-26,2024-25,Tottenham,Manchester City,1571.0,1759.9,0,1
2025-02-26,2024-25,Liverpool,Newcastle United,1807.2,1631.4,2,0
2025-02-27,2024-25,West Ham United,Leicester City,1534.9,1420.5,2,0
2025-03-08,2024-25,Brentford,Aston Villa,1545.6,1614.2,0,1
2025-03-08,2024-25,Nottingham Forest,Manchester City,1574.2,1767.4,1,0
2025-03-08,2024-25,Brighton and Hove Albion,Fulham,1597.7,1568.0,2,1
2025-03-08,2024-25,Crystal Palace,Ipswich Town,1575.4,1437.1,1,0
2025-03-08,2024-25,Liverpool,Southampton,1810.6,1335.6,3,1
2025-03-08,2024-25,Wolverhampton Wanderers,Everton,1472.1,1541.8,1,1
2025-03-09,2024-25,Tottenham,Bournemouth,1563.5,1569.7,2,2
2025-03-09,2024-25,Chelsea,Leicester City,1633.6,1416.0,1,0
2025-03-09,2024-25,Manchester United,Arsenal,1572.6,1769.7,1,1
2025-03-10,2024-25,West Ham United,Newcastle United,1539.4,1628.0,0,1
2025-03-15,2024-25,Bournemouth,Brentford,1572.3,1534.7,1,2
2025-03-15,2024-25,Southampton,Wolverhampton Wanderers,1334.9,1471.3,1,2
2025-03-15,2024-25,Manchester City,Brighton and Hove Albion,1754.8,1604.2,2,2
2025-03-15,2024-25,Everton,West Ham United,1542.7,1529.1,1,1
2025-03-15,2024-25,Ipswich Town,Nottingham Forest,1433.1,1586.8,2,4
2025-03-16,2024-25,Arsenal,Chelsea,1766.9,1636.3,1,0
2025-03-16,2024-25,Fulham,Tottenham,1561.5,1560.9,2,0
2025-03-16,2024-25,Leicester City,Manchester United,1413.2,1575.3,0,3
2025-04-01,2024-25,Arsenal,Fulham,1771.1,1568.7,2,1
2025-04-01,2024-25,Wolverhampton Wanderers,West Ham United,1480.2,1532.2,1,0
2025-04-01,2024-25,Nottingham Forest,Manchester United,1595.3,1583.6,1,0
2025-04-02,2024-25,Southampton,Crystal Palace,1325.9,1579.5,1,1
2025-04-02,2024-25,Newcastle United,Brentford,1638.4,1548.4,2,1
2025-04-02,2024-25,Liverpool,Everton,1811.3,1539.5,1,0
2025-04-02,2024-25,Brighton and Hove Albion,Aston Villa,1610.4,1625.1,0,3
2025-04-02,2024-25,Bournemouth,Ipswich Town,1558.6,1424.6,1,2
2025-04-02,2024-25,Manchester City,Leicester City,1748.6,1405.0,2,0
2025-04-03,2024-25,Chelsea,Tottenham,1632.1,1553.7,1,0
2025-04-05,2024-25,Everton,Arsenal,1537.4,1774.1,1,1
2025-04-05,2024-25,Crystal Palace,Brighton and Hove Albion,1575.3,1598.0,2,1
2025-04-05,2024-25,Ipswich Town,Wolverhampton Wanderers,1440.5,1488.8,1,2
2025-04-05,2024-25,West Ham United,Bournemouth,1523.6,1542.7,2,2
2025-04-05,2024-25,Aston Villa,Nottingham Forest,1637.5,1602.1,2,1
2025-04-06,2024-25,Brentford,Chelsea,1543.4,1637.4,0,0
2025-04-06,2024-25,Fulham,Liverpool,1565.7,1813.4,3,2
2025-04-06,2024-25,Tottenham,Southampton,1548.4,1330.1,3,1
2025-04-06,2024-25,Manchester United,Manchester City,1576.7,1750.0,0,0
2025-04-07,2024-25,Leicester City,Newcastle United,1403.5,1643.4,0,3
2025-04-12,2024-25,Southampton,Aston Villa,1327.3,1643.8,0,3
2025-04-12,2024-25,Nottingham Forest,Everton,1595.9,1541.2,0,1
2025-04-12,2024-25,Arsenal,Brentford,1770.4,1543.2,1,1
2025-04-12,2024-25,Manchester City,Crystal Palace,1748.0,1583.1,5,2
2025-04-12,2024-25,Brighton and Hove Albion,Leicester City,1590.1,1397.4,2,2
2025-04-13,2024-25,Chelsea,Ipswich Town,1637.6,1429.0,2,2
2025-04-13,2024-25,Liverpool,West Ham United,1799.4,1521.3,2,1
2025-04-13,2024-25,Wolverhampton Wanderers,Tottenham,1500.3,1551.2,4,2
2025-04-13,2024-25,Newcastle United,Manchester United,1649.6,1578.7,4,1
2025-04-14,2024-25,Bournemouth,Fulham,1545.0,1579.7,1,0
2025-04-16,2024-25,Newcastle United,Crystal Palace,1655.0,1579.6,5,0
2025-04-19,2024-25,Brentford,Brighton and Hove Albion,1550.6,1583.3,4,2
2025-04-19,2024-25,Crystal Palace,Bournemouth,1574.2,1553.1,0,0
2025-04-19,2024-25,Everton,Manchester City,1555.4,1751.5,0,2
2025-04-19,2024-25,West Ham United,Southampton,1519.3,1322.8,1,1
2025-04-19,2024-25,Aston Villa,Newcastle United,1648.3,1660.3,4,1
2025-04-20,2024-25,Leicester City,Liverpool,1404.2,1801.4,0,1
2025-04-20,2024-25,Manchester United,Wolverhampton Wanderers,1573.3,1508.9,0,1
2025-04-20,2024-25,Fulham,Chelsea,1571.6,1630.5,1,2
2025-04-20,2024-25,Ipswich Town,Arsenal,1436.1,1763.0,0,4
2025-04-21,2024-25,Tottenham,Nottingham Forest,1542.6,1581.7,1,2
2025-04-22,2024-25,Manchester City,Aston Villa,1758.8,1655.8,2,1
2025-04-23,2024-25,Arsenal,Crystal Palace,1767.3,1570.9,2,2
2025-04-26,2024-25,Chelsea,Everton,1641.7,1548.1,1,0
2025-04-26,2024-25,Brighton and Hove Albion,West Ham United,1575.2,1512.3,3,2
2025-04-26,2024-25,Newcastle United,Ipswich Town,1652.8,1431.8,3,0
2025-04-26,2024-25,Southampton,Fulham,1329.8,1560.4,1,2
2025-04-26,2024-25,Wolverhampton Wanderers,Leicester City,1523.3,1401.2,3,0
2025-04-27,2024-25,Bournemouth,Manchester United,1556.5,1558.9,1,1
2025-04-27,2024-25,Liverpool,Tottenham,1804.5,1530.9,5,1
2025-05-01,2024-25,Nottingham Forest,Brentford,1593.4,1558.7,0,2
2025-05-02,2024-25,Manchester City,Wolverhampton Wanderers,1763.6,1527.7,1,0
2025-05-03,2024-25,Arsenal,Bournemouth,1760.4,1553.7,1,2
2025-05-03,2024-25,Leicester City,Southampton,1396.8,1323.4,2,0
2025-05-03,2024-25,Aston Villa,Fulham,1651.1,1566.8,1,0
2025-05-03,2024-25,Everton,Ipswich Town,1543.1,1429.1,2,2
2025-05-04,2024-25,Brentford,Manchester United,1572.4,1561.6,4,3
2025-05-04,2024-25,Brighton and Hove Albion,Newcastle United,1580.8,1655.5,1,1
2025-05-04,2024-25,West Ham United,Tottenham,1506.7,1528.8,1,1
2025-05-04,2024-25,Chelsea,Liverpool,1646.6,1806.5,3,1
2025-05-05,2024-25,Crystal Palace,Nottingham Forest,1577.8,1579.7,1,1
2025-05-10,2024-25,Fulham,Everton,1561.7,1537.6,1,3
2025-05-10,2024-25,Ipswich Town,Brentford,1434.6,1579.3,0,1
2025-05-10,2024-25,Southampton,Manchester City,1318.0,1766.1,0,0
2025-05-10,2024-25,Wolverhampton Wanderers,Brighton and Hove Albion,1525.1,1580.1,0,2
2025-05-10,2024-25,Bournemouth,Aston Villa,1570.8,1656.2,0,1
2025-05-11,2024-25,Liverpool,Arsenal,1794.8,1743.3,2,2
2025-05-11,2024-25,Tottenham,Crystal Palace,1531.0,1575.0,0,2
2025-05-11,2024-25,Newcastle United,Chelsea,1656.3,1658.3,2,0
2025-05-11,2024-25,Manchester United,West Ham United,1554.7,1504.5,0,2
2025-05-11,2024-25,Nottingham Forest,Leicester City,1582.5,1402.2,2,2
2025-05-16,2024-25,Aston Villa,Tottenham,1666.6,1519.4,2,0
2025-05-16,2024-25,Chelsea,Manchester United,1651.1,1540.6,1,0
2025-05-18,2024-25,Arsenal,Newcastle United,1747.4,1663.5,1,0
2025-05-18,2024-25,Everton,Southampton,1551.1,1325.6,2,0
2025-05-18,2024-25,West Ham United,Nottingham Forest,1518.6,1575.8,1,2
2025-05-18,2024-25,Brentford,Fulham,1588.0,1548.3,2,3
2025-05-18,2024-25,Leicester City,Ipswich Town,1408.9,1425.9,2,0
2025-05-19,2024-25,Brighton and Hove Albion,Liverpool,1591.4,1790.7,3,2
2025-05-20,2024-25,Manchester City,Bournemouth,1758.5,1560.4,3,1
2025-05-20,2024-25,Crystal Palace,Wolverhampton Wanderers,1586.6,1513.9,4,2
2025-05-25,2024-25,Wolverhampton Wanderers,Brentford,1508.5,1574.2,1,1
2025-05-25,2024-25,Tottenham,Brighton and Hove Albion,1515.5,1604.2,1,4
2025-05-25,2024-25,Nottingham Forest,Chelsea,1587.0,1655.6,0,1
2025-05-25,2024-25,Southampton,Arsenal,1322.9,1752.5,1,2
2025-05-25,2024-25,Newcastle United,Everton,1658.4,1553.7,0,1
2025-05-25,2024-25,Fulham,Manchester City,1562.1,1761.5,0,2
2025-05-25,2024-25,Liverpool,Crystal Palace,1777.9,1592.0,1,1
2025-05-25,2024-25,Ipswich Town,West Ham United,1418.2,1507.4,1,3
2025-05-25,2024-25,Bournemouth,Leicester City,1557.3,1416.5,2,0
2025-05-25,2024-25,Manchester United,Aston Villa,1536.0,1670.5,2,0
2025-08-15,2025-26,Liverpool,Bournemouth,1771.2,1561.3,4,2
2025-08-16,2025-26,Tottenham,Burnley,1505.2,1407.0,3,0
2025-08-16,2025-26,Sunderland,West Ham United,1369.4,1517.7,3,0
2025-08-16,2025-26,Wolverhampton Wanderers,Manchester City,1507.5,1768.7,0,4
2025-08-16,2025-26,Aston Villa,Newcastle United,1659.5,1643.1,0,0
2025-08-16,2025-26,Brighton and Hove Albion,Fulham,1614.5,1554.9,1,1
2025-08-17,2025-26,Chelsea,Crystal Palace,1666.5,1598.8,0,0
2025-08-17,2025-26,Nottingham Forest,Brentford,1576.1,1575.2,3,1
2025-08-17,2025-26,Manchester United,Arsenal,1547.0,1755.1,0,1
2025-08-18,2025-26,Leeds United,Everton,1439.2,1569.0,1,0
2025-08-22,2025-26,West Ham United,Chelsea,1506.3,1662.1,1,5
2025-08-23,2025-26,Burnley,Sunderland,1402.2,1380.8,2,0
2025-08-23,2025-26,Manchester City,Tottenham,1774.4,1510.0,0,2
2025-08-23,2025-26,Bournemouth,Wolverhampton Wanderers,1558.5,1501.8,1,0
2025-08-23,2025-26,Brentford,Aston Villa,1568.0,1656.3,1,0
2025-08-23,2025-26,Arsenal,Leeds United,1762.1,1450.1,5,0
2025-08-24,2025-26,Everton,Brighton and Hove Albion,1558.2,1610.2,2,0
2025-08-24,2025-26,Crystal Palace,Nottingham Forest,1603.3,1583.3,1,1
2025-08-24,2025-26,Fulham,Manchester United,1559.2,1540.1,1,1
2025-08-25,2025-26,Newcastle United,Liverpool,1646.3,1774.1,2,3
2025-08-30,2025-26,Chelsea,Fulham,1670.5,1555.9,2,0
2025-08-30,2025-26,Manchester United,Burnley,1543.4,1408.8,3,2
2025-08-30,2025-26,Sunderland,Brentford,1374.2,1577.7,2,1
2025-08-30,2025-26,Tottenham,Bournemouth,1527.8,1564.2,0,1
2025-08-30,2025-26,Wolverhampton Wanderers,Everton,1496.0,1566.8,2,3
2025-08-30,2025-26,Leeds United,Newcastle United,1448.4,1637.1,0,0
2025-08-31,2025-26,Brighton and Hove Albion,Manchester City,1601.6,1756.6,2,1
2025-08-31,2025-26,Nottingham Forest,West Ham United,1586.6,1497.9,0,3
2025-08-31,2025-26,Liverpool,Arsenal,1783.3,1763.8,1,0
2025-08-31,2025-26,Aston Villa,Crystal Palace,1646.6,1600.0,0,3
2025-09-13,2025-26,Brentford,Chelsea,1564.8,1675.0,2,2
2025-09-13,2025-26,West Ham United,Tottenham,1512.8,1516.0,0,3
2025-09-13,2025-26,Newcastle United,Wolverhampton Wanderers,1634.6,1485.2,1,0
2025-09-13,2025-26,Fulham,Leeds United,1551.4,1450.9,1,0
2025-09-13,2025-26,Everton,Aston Villa,1577.6,1632.7,0,0
2025-09-13,2025-26,Crystal Palace,Sunderland,1614.0,1387.1,0,0
2025-09-13,2025-26,Bournemouth,Brighton and Hove Albion,1576.0,1613.1,2,1
2025-09-13,2025-26,Arsenal,Nottingham Forest,1757.1,1571.7,3,0
2025-09-14,2025-26,Burnley,Liverpool,1404.7,1789.9,0,1
2025-09-14,2025-26,Manchester City,Manchester United,1745.0,1547.5,3,0
2025-09-20,2025-26,Liverpool,Everton,1793.2,1576.3,2,1
2025-09-20,2025-26,Brighton and Hove Albion,Tottenham,1604.9,1528.7,2,2
2025-09-20,2025-26,Burnley,Nottingham Forest,1401.5,1568.4,1,1
2025-09-20,2025-26,West Ham United,Crystal Palace,1500.1,1606.6,1,2
2025-09-20,2025-26,Wolverhampton Wanderers,Leeds United,1481.4,1446.1,1,3
2025-09-20,2025-26,Manchester United,Chelsea,1544.4,1674.7,2,1
2025-09-20,2025-26,Fulham,Brentford,1556.2,1565.1,3,1
2025-09-21,2025-26,Arsenal,Manchester City,1760.4,1748.1,1,1
2025-09-21,2025-26,Sunderland,Aston Villa,1394.4,1633.9,1,1
2025-09-21,2025-26,Bournemouth,Newcastle United,1584.3,1638.5,0,0
2025-09-27,2025-26,Brentford,Manchester United,1557.6,1555.3,3,1
2025-09-27,2025-26,Chelsea,Brighton and Hove Albion,1663.8,1600.2,1,3
2025-09-27,2025-26,Crystal Palace,Liverpool,1616.4,1796.0,2,1
2025-09-27,2025-26,Leeds United,Bournemouth,1459.8,1582.9,2,2
2025-09-27,2025-26,Manchester City,Burnley,1751.2,1403.4,5,1
2025-09-27,2025-26,Nottingham Forest,Sunderland,1566.5,1398.2,0,1
2025-09-27,2025-26,Tottenham,Wolverhampton Wanderers,1533.4,1467.6,1,1
2025-09-28,2025-26,Aston Villa,Fulham,1630.1,1563.6,3,1
2025-09-28,2025-26,Newcastle United,Arsenal,1639.8,1757.3,1,2
2025-09-29,2025-26,Everton,West Ham United,1573.6,1490.3,1,1
2025-10-03,2025-26,Bournemouth,Fulham,1582.3,1558.0,3,1
2025-10-04,2025-26,Chelsea,Liverpool,1649.4,1783.7,2,1
2025-10-04,2025-26,Manchester United,Sunderland,1548.1,1414.7,2,0
2025-10-04,2025-26,Leeds United,Tottenham,1460.4,1529.0,1,2
2025-10-04,2025-26,Arsenal,West Ham United,1766.8,1495.1,2,0
2025-10-05,2025-26,Aston Villa,Burnley,1635.7,1401.9,2,1
2025-10-05,2025-26,Everton,Crystal Palace,1568.7,1628.7,2,1
2025-10-05,2025-26,Newcastle United,Nottingham Forest,1630.3,1550.0,2,0
2025-10-05,2025-26,Wolverhampton Wanderers,Brighton and Hove Albion,1472.1,1614.6,1,1
2025-10-05,2025-26,Brentford,Manchester City,1564.8,1752.6,0,1
2025-10-18,2025-26,Fulham,Arsenal,1551.5,1768.9,0,1
2025-10-18,2025-26,Nottingham Forest,Chelsea,1544.8,1660.4,0,3
2025-10-18,2025-26,Brighton and Hove Albion,Newcastle United,1613.4,1635.5,2,1
2025-10-18,2025-26,Burnley,Leeds United,1399.4,1449.5,2,0
2025-10-18,2025-26,Crystal Palace,Bournemouth,1619.8,1588.9,3,3
2025-10-18,2025-26,Manchester City,Everton,1760.1,1577.6,2,0
2025-10-18,2025-26,Sunderland,Wolverhampton Wanderers,1410.6,1473.3,2,0
2025-10-19,2025-26,Liverpool,Manchester United,1772.7,1552.3,1,2
2025-10-19,2025-26,Tottenham,Aston Villa,1539.9,1638.2,1,2
2025-10-20,2025-26,West Ham United,Brentford,1493.0,1557.2,0,2
2025-10-24,2025-26,Leeds United,West Ham United,1441.0,1482.0,2,1
2025-10-25,2025-26,Chelsea,Sunderland,1670.0,1419.5,1,2
2025-10-25,2025-26,Newcastle United,Fulham,1627.7,1544.7,2,1
2025-10-25,2025-26,Manchester United,Brighton and Hove Albion,1569.6,1621.2,4,2
2025-10-25,2025-26,Brentford,Liverpool,1568.3,1755.5,3,2
2025-10-26,2025-26,Arsenal,Crystal Palace,1775.6,1616.2,1,0
2025-10-26,2025-26,Aston Villa,Manchester City,1648.3,1763.4,1,0
2025-10-26,2025-26,Bournemouth,Nottingham Forest,1592.5,1535.3,2,0
2025-10-26,2025-26,Wolverhampton Wanderers,Burnley,1464.4,1408.0,2,3
2025-10-26,2025-26,Everton,Tottenham,1574.3,1529.8,0,3
2025-11-01,2025-26,Liverpool,Aston Villa,1743.0,1658.7,2,0
2025-11-01,2025-26,Tottenham,Chelsea,1543.8,1652.3,0,1
2025-11-01,2025-26,Nottingham Forest,Manchester United,1529.5,1578.2,2,2
2025-11-01,2025-26,Crystal Palace,Brentford,1612.5,1580.7,2,0
2025-11-01,2025-26,Burnley,Arsenal,1422.2,1779.3,0,2
2025-11-01,2025-26,Brighton and Hove Albion,Leeds United,1612.6,1449.3,3,0
2025-11-01,2025-26,Fulham,Wolverhampton Wanderers,1539.6,1450.2,3,0
2025-11-02,2025-26,West Ham United,Newcastle United,1473.7,1632.9,3,1
2025-11-02,2025-26,Manchester City,Bournemouth,1753.0,1598.2,3,1
2025-11-03,2025-26,Sunderland,Everton,1437.2,1560.4,1,1
2025-11-08,2025-26,Tottenham,Manchester United,1534.0,1579.6,2,2
2025-11-08,2025-26,Everton,Fulham,1559.7,1544.6,2,0
2025-11-08,2025-26,West Ham United,Burnley,1485.4,1418.5,3,2
2025-11-08,2025-26,Sunderland,Arsenal,1437.8,1783.0,2,2
2025-11-08,2025-26,Chelsea,Wolverhampton Wanderers,1662.1,1445.1,3,0
2025-11-09,2025-26,Manchester City,Liverpool,1756.7,1748.2,3,0
2025-11-09,2025-26,Nottingham Forest,Leeds United,1528.0,1445.7,3,1
2025-11-09,2025-26,Brentford,Newcastle United,1574.3,1621.2,3,1
2025-11-09,2025-26,Aston Villa,Bournemouth,1653.6,1594.5,4,0
2025-11-09,2025-26,Crystal Palace,Brighton and Hove Albion,1618.9,1616.2,0,0
2025-11-22,2025-26,Burnley,Chelsea,1412.9,1664.8,0,2
2025-11-22,2025-26,Bournemouth,West Ham United,1588.7,1490.9,2,2
2025-11-22,2025-26,Brighton and Hove Albion,Brentford,1619.1,1582.8,2,1
2025-11-22,2025-26,Fulham,Sunderland,1537.8,1443.9,1,0
2025-11-22,2025-26,Liverpool,Nottingham Forest,1741.2,1533.2,0,3
2025-11-22,2025-26,Wolverhampton Wanderers,Crystal Palace,1442.3,1616.0,0,2
2025-11-22,2025-26,Newcastle United,Manchester City,1612.7,1763.7,2,1
2025-11-23,2025-26,Leeds United,Aston Villa,1440.5,1659.3,1,2
2025-11-23,2025-26,Arsenal,Tottenham,1776.9,1532.5,4,1
2025-11-24,2025-26,Manchester United,Everton,1581.2,1566.5,0,1
2025-11-29,2025-26,Manchester City,Leeds United,1752.3,1433.8,3,2
2025-11-29,2025-26,Tottenham,Fulham,1530.0,1542.7,1,2
2025-11-29,2025-26,Everton,Newcastle United,1579.7,1624.2,1,4
2025-11-29,2025-26,Brentford,Burnley,1576.6,1407.1,3,1
2025-11-29,2025-26,Sunderland,Bournemouth,1439.0,1583.6,3,2
2025-11-30,2025-26,Crystal Palace,Manchester United,1624.0,1568.0,1,2
2025-11-30,2025-26,Aston Villa,Wolverhampton Wanderers,1666.0,1434.4,1,0
2025-11-30,2025-26,Nottingham Forest,Brighton and Hove Albion,1550.3,1625.3,0,2
2025-11-30,2025-26,West Ham United,Liverpool,1496.1,1724.1,0,2
2025-11-30,2025-26,Chelsea,Arsenal,1670.7,1779.3,1,1
2025-12-02,2025-26,Fulham,Manchester City,1555.2,1753.9,4,5
2025-12-02,2025-26,Bournemouth,Everton,1572.3,1568.1,0,1
2025-12-02,2025-26,Newcastle United,Tottenham,1635.7,1517.6,2,2
2025-12-03,2025-26,Leeds United,Chelsea,1432.1,1671.0,3,1
2025-12-03,2025-26,Wolverhampton Wanderers,Nottingham Forest,1431.8,1539.6,0,1
2025-12-03,2025-26,Liverpool,Sunderland,1730.6,1450.3,1,1
2025-12-03,2025-26,Brighton and Hove Albion,Aston Villa,1636.1,1668.6,3,4
2025-12-03,2025-26,Arsenal,Brentford,1779.1,1580.1,2,0
2025-12-03,2025-26,Burnley,Crystal Palace,1403.6,1609.7,0,1
2025-12-04,2025-26,Manchester United,West Ham United,1582.2,1489.6,1,1
2025-12-06,2025-26,Aston Villa,Arsenal,1680.5,1782.1,2,1
2025-12-06,2025-26,Bournemouth,Chelsea,1559.4,1657.2,0,0
2025-12-06,2025-26,Everton,Nottingham Forest,1581.0,1549.4,3,0
2025-12-06,2025-26,Manchester City,Sunderland,1761.1,1458.2,3,0
2025-12-06,2025-26,Newcastle United,Burnley,1630.2,1396.5,2,1
2025-12-06,2025-26,Tottenham,Brentford,1523.1,1577.0,2,0
2025-12-06,2025-26,Leeds United,Liverpool,1445.9,1722.6,3,3
2025-12-07,2025-26,Brighton and Hove Albion,West Ham United,1624.1,1494.6,1,1
2025-12-07,2025-26,Fulham,Crystal Palace,1548.0,1616.8,1,2
2025-12-08,2025-26,Wolverhampton Wanderers,Manchester United,1422.1,1577.2,1,4
2025-12-13,2025-26,Chelsea,Everton,1657.2,1587.4,2,0
2025-12-13,2025-26,Liverpool,Brighton and Hove Albion,1717.9,1618.3,2,0
2025-12-13,2025-26,Burnley,Fulham,1394.0,1537.1,2,3
2025-12-13,2025-26,Arsenal,Wolverhampton Wanderers,1772.1,1413.6,2,1
2025-12-14,2025-26,Crystal Palace,Manchester City,1627.7,1762.9,0,3
2025-12-14,2025-26,Nottingham Forest,Tottenham,1543.0,1531.8,3,0
2025-12-14,2025-26,Sunderland,Newcastle United,1456.4,1632.7,1,0
2025-12-14,2025-26,West Ham United,Aston Villa,1500.4,1690.5,2,3
2025-12-14,2025-26,Brentford,Leeds United,1568.3,1450.6,1,1
2025-12-15,2025-26,Manchester United,Bournemouth,1585.6,1559.3,4,4
2025-12-20,2025-26,Leeds United,Crystal Palace,1456.2,1618.7,4,1
2025-12-20,2025-26,Tottenham,Liverpool,1524.9,1722.7,1,2
2025-12-20,2025-26,Wolverhampton Wanderers,Brentford,1412.3,1562.8,0,2
2025-12-20,2025-26,Everton,Arsenal,1581.9,1773.4,0,1
2025-12-20,2025-26,Brighton and Hove Albion,Sunderland,1613.5,1468.6,0,0
2025-12-20,2025-26,Bournemouth,Burnley,1562.8,1385.2,1,1
2025-12-20,2025-26,Newcastle United,Chelsea,1620.6,1662.7,2,2
2025-12-20,2025-26,Manchester City,West Ham United,1771.9,1493.0,3,0
2025-12-21,2025-26,Aston Villa,Manchester United,1698.0,1582.1,2,1
2025-12-22,2025-26,Fulham,Nottingham Forest,1545.8,1549.9,1,0
2025-12-26,2025-26,Manchester United,Newcastle United,1577.6,1618.9,1,0
2025-12-27,2025-26,Chelsea,Aston Villa,1664.4,1702.5,1,2
2025-12-27,2025-26,West Ham United,Fulham,1490.9,1553.1,0,1
2025-12-27,2025-26,Liverpool,Wolverhampton Wanderers,1730.0,1403.8,2,1
2025-12-27,2025-26,Brentford,Bournemouth,1571.3,1556.2,4,1
2025-12-27,2025-26,Arsenal,Brighton and Hove Albion,1780.8,1607.5,2,1
2025-12-27,2025-26,Nottingham Forest,Manchester City,1542.6,1773.9,1,2
2025-12-27,2025-26,Burnley,Everton,1391.8,1574.5,0,0
2025-12-28,2025-26,Sunderland,Leeds United,1474.7,1468.0,1,1
2025-12-28,2025-26,Crystal Palace,Tottenham,1606.9,1517.7,0,1
2025-12-30,2025-26,Arsenal,Aston Villa,1784.3,1714.2,4,1
2025-12-30,2025-26,Manchester United,Wolverhampton Wanderers,1586.0,1402.2,1,1
2025-12-30,2025-26,West Ham United,Brighton and Hove Albion,1479.8,1604.0,2,2
2025-12-30,2025-26,Burnley,Newcastle United,1394.2,1610.6,1,3
2025-12-30,2025-26,Chelsea,Bournemouth,1652.6,1549.4,2,2
2025-12-30,2025-26,Nottingham Forest,Everton,1536.2,1572.2,0,2
2026-01-01,2025-26,Crystal Palace,Fulham,1591.9,1564.2,1,1
2026-01-01,2025-26,Liverpool,Leeds United,1731.5,1470.9,0,0
2026-01-01,2025-26,Brentford,Tottenham,1578.1,1532.6,0,0
2026-01-01,2025-26,Sunderland,Manchester City,1471.7,1780.3,0,0
2026-01-03,2025-26,Aston Villa,Nottingham Forest,1708.8,1524.4,3,1
2026-01-03,2025-26,Brighton and Hove Albion,Burnley,1603.3,1387.4,2,0
2026-01-03,2025-26,Wolverhampton Wanderers,West Ham United,1408.9,1480.5,3,0
2026-01-03,2025-26,Bournemouth,Arsenal,1554.7,1789.7,2,3
2026-01-04,2025-26,Manchester City,Chelsea,1775.0,1647.3,1,1
2026-01-04,2025-26,Fulham,Liverpool,1567.7,1723.8,2,2
2026-01-04,2025-26,Tottenham,Sunderland,1536.6,1477.1,1,1
2026-01-04,2025-26,Everton,Brentford,1584.0,1574.2,2,4
2026-01-04,2025-26,Leeds United,Manchester United,1478.7,1579.2,1,1
2026-01-04,2025-26,Newcastle United,Crystal Palace,1617.4,1588.4,2,0
2026-01-06,2025-26,West Ham United,Nottingham Forest,1471.3,1521.1,1,2
2026-01-07,2025-26,Bournemouth,Tottenham,1548.4,1532.3,3,2
2026-01-07,2025-26,Brentford,Sunderland,1587.2,1481.4,3,0
2026-01-07,2025-26,Crystal Palace,Aston Villa,1582.0,1712.0,0,0
2026-01-07,2025-26,Everton,Wolverhampton Wanderers,1570.9,1418.1,1,1
2026-01-07,2025-26,Fulham,Chelsea,1569.3,1653.1,2,1
2026-01-07,2025-26,Manchester City,Brighton and Hove Albion,1769.2,1606.1,1,1
2026-01-07,2025-26,Burnley,Manchester United,1384.6,1579.2,2,2
2026-01-07,2025-26,Newcastle United,Leeds United,1623.8,1478.7,4,3
2026-01-08,2025-26,Arsenal,Liverpool,1796.0,1722.2,0,0
2026-01-17,2025-26,Nottingham Forest,Arsenal,1532.5,1791.4,0,0
2026-01-17,2025-26,Tottenham,West Ham United,1525.5,1459.9,1,2
2026-01-17,2025-26,Sunderland,Crystal Palace,1476.7,1582.8,2,1
2026-01-17,2025-26,Liverpool,Burnley,1726.8,1387.3,1,1
2026-01-17,2025-26,Chelsea,Brentford,1643.6,1591.9,2,0
2026-01-17,2025-26,Manchester United,Manchester City,1576.6,1762.8,2,0
2026-01-17,2025-26,Leeds United,Fulham,1474.8,1578.9,1,0
2026-01-18,2025-26,Wolverhampton Wanderers,Newcastle United,1424.3,1627.7,0,0
2026-01-18,2025-26,Aston Villa,Everton,1711.2,1564.7,0,1
2026-01-19,2025-26,Brighton and Hove Albion,Bournemouth,1612.5,1555.1,1,1
2026-01-24,2025-26,West Ham United,Sunderland,1474.3,1486.9,3,1
2026-01-24,2025-26,Burnley,Tottenham,1395.8,1511.1,2,2
2026-01-24,2025-26,Fulham,Brighton and Hove Albion,1568.7,1608.3,2,1
2026-01-24,2025-26,Manchester City,Wolverhampton Wanderers,1750.4,1427.2,2,0
2026-01-24,2025-26,Bournemouth,Liverpool,1559.4,1718.3,3,2
2026-01-25,2025-26,Newcastle United,Aston Villa,1624.8,1695.1,0,2
2026-01-25,2025-26,Arsenal,Manchester United,1787.1,1589.0,2,3
2026-01-25,2025-26,Crystal Palace,Chelsea,1572.7,1649.4,1,3
2026-01-25,2025-26,Brentford,Nottingham Forest,1586.0,1536.8,0,2
2026-01-26,2025-26,Everton,Leeds United,1580.8,1484.9,1,1
2026-01-31,2025-26,Brighton and Hove Albion,Everton,1600.0,1575.7,1,1
2026-01-31,2025-26,Leeds United,Arsenal,1490.0,1770.2,0,4
2026-01-31,2025-26,Wolverhampton Wanderers,Bournemouth,1425.6,1571.1,0,2
2026-01-31,2025-26,Chelsea,West Ham United,1660.1,1481.9,3,2
2026-01-31,2025-26,Liverpool,Newcastle United,1706.6,1614.0,4,1
2026-02-01,2025-26,Aston Villa,Brentford,1705.9,1572.0,0,1
2026-02-01,2025-26,Manchester United,Fulham,1605.9,1577.0,3,2
2026-02-01,2025-26,Nottingham Forest,Crystal Palace,1550.9,1562.0,1,1
2026-02-01,2025-26,Tottenham,Manchester City,1510.6,1752.0,2,2
2026-02-02,2025-26,Sunderland,Burnley,1479.3,1396.2,3,0
2026-02-06,2025-26,Leeds United,Nottingham Forest,1484.8,1548.4,3,1
2026-02-07,2025-26,Newcastle United,Brentford,1609.0,1587.9,2,3
2026-02-07,2025-26,Wolverhampton Wanderers,Chelsea,1416.9,1663.5,1,3
2026-02-07,2025-26,Fulham,Everton,1570.6,1579.1,1,2
2026-02-07,2025-26,Manchester United,Tottenham,1612.4,1514.5,2,0
2026-02-07,2025-26,Bournemouth,Aston Villa,1579.8,1690.1,1,1
2026-02-07,2025-26,Arsenal,Sunderland,1775.4,1484.5,3,0
2026-02-07,2025-26,Burnley,West Ham United,1391.1,1478.5,0,2
2026-02-08,2025-26,Brighton and Hove Albion,Crystal Palace,1596.6,1564.5,0,1
2026-02-08,2025-26,Liverpool,Manchester City,1711.6,1748.1,1,2
2026-02-10,2025-26,Tottenham,Newcastle United,1509.6,1595.7,1,2
2026-02-10,2025-26,Chelsea,Leeds United,1669.5,1493.7,2,2
2026-02-10,2025-26,Everton,Bournemouth,1591.7,1580.0,1,2
2026-02-10,2025-26,West Ham United,Manchester United,1488.9,1617.2,1,1
2026-02-11,2025-26,Sunderland,Liverpool,1482.6,1699.7,0,1
2026-02-11,2025-26,Nottingham Forest,Wolverhampton Wanderers,1539.4,1410.9,0,0
2026-02-11,2025-26,Aston Villa,Brighton and Hove Albion,1689.8,1582.9,1,0
2026-02-11,2025-26,Crystal Palace,Burnley,1578.1,1380.7,2,3
2026-02-11,2025-26,Manchester City,Fulham,1759.9,1558.0,3,0
2026-02-12,2025-26,Brentford,Arsenal,1601.2,1777.3,1,1
2026-02-18,2025-26,Wolverhampton Wanderers,Arsenal,1416.6,1775.2,2,2
2026-02-21,2025-26,Aston Villa,Leeds United,1694.4,1500.3,1,1
2026-02-21,2025-26,Brentford,Brighton and Hove Albion,1603.4,1578.3,0,2
2026-02-21,2025-26,Chelsea,Burnley,1662.9,1397.6,1,1
2026-02-21,2025-26,West Ham United,Bournemouth,1489.7,1593.2,0,0
2026-02-21,2025-26,Manchester City,Newcastle United,1762.9,1606.1,2,1
2026-02-22,2025-26,Crystal Palace,Wolverhampton Wanderers,1561.2,1423.0,1,0
2026-02-22,2025-26,Nottingham Forest,Liverpool,1533.6,1706.5,0,1
2026-02-22,2025-26,Sunderland,Fulham,1475.8,1555.0,1,3
2026-02-22,2025-26,Tottenham,Arsenal,1499.2,1768.8,1,4
2026-02-23,2025-26,Everton,Manchester United,1578.6,1616.4,0,1
2026-02-27,2025-26,Wolverhampton Wanderers,Aston Villa,1418.9,1687.5,2,0
2026-02-28,2025-26,Leeds United,Manchester City,1507.2,1766.6,0,1
2026-02-28,2025-26,Newcastle United,Everton,1602.4,1566.8,2,3
2026-02-28,2025-26,Bournemouth,Sunderland,1593.1,1465.2,1,1
2026-02-28,2025-26,Burnley,Brentford,1405.5,1589.9,3,4
2026-02-28,2025-26,Liverpool,West Ham United,1714.4,1489.8,5,2
2026-03-01,2025-26,Brighton and Hove Albion,Nottingham Forest,1591.7,1525.7,2,1
2026-03-01,2025-26,Fulham,Tottenham,1565.6,1493.8,2,1
2026-03-01,2025-26,Manchester United,Crystal Palace,1628.2,1565.2,2,1
2026-03-01,2025-26,Arsenal,Chelsea,1774.3,1655.1,2,1
2026-03-03,2025-26,Bournemouth,Brentford,1587.3,1597.5,0,0
2026-03-03,2025-26,Everton,Burnley,1580.5,1397.9,2,0
2026-03-03,2025-26,Leeds United,Sunderland,1501.5,1471.0,0,1
2026-03-03,2025-26,Wolverhampton Wanderers,Liverpool,1433.4,1717.1,2,1
2026-03-04,2025-26,Newcastle United,Manchester United,1588.7,1633.8,2,1
2026-03-04,2025-26,Manchester City,Nottingham Forest,1772.4,1520.2,2,2
2026-03-04,2025-26,Fulham,West Ham United,1571.0,1487.1,0,1
2026-03-04,2025-26,Brighton and Hove Albion,Arsenal,1597.3,1778.7,0,1
2026-03-04,2025-26,Aston Villa,Chelsea,1673.0,1650.6,1,4
2026-03-05,2025-26,Tottenham,Crystal Palace,1488.3,1559.6,1,3
2026-03-14,2025-26,Burnley,Bournemouth,1394.6,1584.8,0,0
2026-03-14,2025-26,Sunderland,Brighton and Hove Albion,1484.6,1589.6,0,1
2026-03-14,2025-26,Arsenal,Everton,1786.4,1583.8,2,0
2026-03-14,2025-26,Chelsea,Newcastle United,1664.0,1597.1,0,1
2026-03-14,2025-26,West Ham United,Manchester City,1502.0,1764.7,1,1
2026-03-15,2025-26,Crystal Palace,Leeds United,1570.4,1487.9,0,0
2026-03-15,2025-26,Manchester United,Aston Villa,1625.4,1659.6,3,1
2026-03-15,2025-26,Nottingham Forest,Fulham,1527.8,1556.2,0,0
2026-03-15,2025-26,Liverpool,Tottenham,1702.3,1477.5,1,1
2026-03-16,2025-26,Brentford,Wolverhampton Wanderers,1600.1,1448.3,2,2
2026-03-20,2025-26,Bournemouth,Manchester United,1582.2,1633.5,2,2
2026-03-21,2025-26,Brighton and Hove Albion,Liverpool,1599.4,1694.9,2,1
2026-03-21,2025-26,Fulham,Burnley,1558.2,1397.1,3,1
2026-03-21,2025-26,Everton,Chelsea,1580.8,1649.6,3,0
2026-03-21,2025-26,Leeds United,Brentford,1492.8,1593.9,0,0
2026-03-22,2025-26,Newcastle United,Sunderland,1611.6,1474.7,1,2
2026-03-22,2025-26,Aston Villa,West Ham United,1651.5,1506.3,2,0
2026-03-22,2025-26,Tottenham,Nottingham Forest,1484.9,1525.8,0,3
2026-04-10,2025-26,West Ham United,Wolverhampton Wanderers,1502.4,1454.5,4,0
2026-04-11,2025-26,Arsenal,Bournemouth,1789.4,1580.8,1,2
2026-04-11,2025-26,Brentford,Everton,1593.8,1589.9,2,2
2026-04-11,2025-26,Burnley,Brighton and Hove Albion,1393.5,1609.3,0,2
2026-04-11,2025-26,Liverpool,Fulham,1685.1,1561.9,2,0
2026-04-12,2025-26,Chelsea,Manchester City,1640.5,1760.3,0,3
2026-04-12,2025-26,Sunderland,Tottenham,1490.7,1473.2,1,0
2026-04-12,2025-26,Nottingham Forest,Aston Villa,1537.5,1655.4,1,1
2026-04-12,2025-26,Crystal Palace,Newcastle United,1565.6,1595.6,2,1
2026-04-13,2025-26,Manchester United,Leeds United,1634.9,1492.8,1,2
2026-04-18,2025-26,Brentford,Fulham,1590.9,1557.5,0,0
2026-04-18,2025-26,Leeds United,Wolverhampton Wanderers,1508.8,1448.5,3,0
2026-04-18,2025-26,Newcastle United,Bournemouth,1587.6,1597.9,1,2
2026-04-18,2025-26,Tottenham,Brighton and Hove Albion,1466.4,1616.1,2,2
2026-04-18,2025-26,Chelsea,Manchester United,1631.0,1618.9,0,1
2026-04-19,2025-26,Aston Villa,Sunderland,1654.9,1497.4,4,3
2026-04-19,2025-26,Everton,Liverpool,1592.9,1689.4,1,2
2026-04-19,2025-26,Nottingham Forest,Burnley,1538.0,1386.7,4,1
2026-04-19,2025-26,Manchester City,Arsenal,1769.7,1772.3,2,1
2026-04-20,2025-26,Crystal Palace,West Ham United,1573.6,1508.4,0,0
2026-04-21,2025-26,Brighton and Hove Albion,Chelsea,1614.7,1617.9,3,0
2026-04-22,2025-26,Burnley,Manchester City,1382.9,1777.0,0,1
2026-04-22,2025-26,Bournemouth,Leeds United,1610.5,1514.5,2,2
2026-04-24,2025-26,Sunderland,Nottingham Forest,1493.7,1541.8,0,5
2026-04-25,2025-26,Fulham,Aston Villa,1561.2,1658.6,1,0
2026-04-25,2025-26,Liverpool,Crystal Palace,1699.5,1569.2,3,1
2026-04-25,2025-26,West Ham United,Everton,1512.8,1582.8,2,1
2026-04-25,2025-26,Wolverhampton Wanderers,Tottenham,1442.8,1467.8,0,1
2026-04-25,2025-26,Arsenal,Newcastle United,1765.0,1575.1,1,0
2026-04-27,2025-26,Manchester United,Brentford,1632.0,1587.3,2,1
2026-05-01,2025-26,Leeds United,Burnley,1519.6,1379.8,3,1
2026-05-02,2025-26,Brentford,West Ham United,1581.2,1522.0,3,0
2026-05-02,2025-26,Newcastle United,Brighton and Hove Albion,1571.9,1622.0,3,1
2026-05-02,2025-26,Wolverhampton Wanderers,Sunderland,1430.7,1482.2,1,1
2026-05-02,2025-26,Arsenal,Fulham,1768.2,1571.1,3,0
2026-05-03,2025-26,Aston Villa,Tottenham,1648.7,1480.0,1,2
2026-05-03,2025-26,Manchester United,Liverpool,1638.1,1703.7,3,2
2026-05-03,2025-26,Bournemouth,Crystal Palace,1605.4,1565.0,3,0
2026-05-04,2025-26,Chelsea,Nottingham Forest,1610.6,1553.3,1,3
2026-05-04,2025-26,Everton,Manchester City,1573.6,1780.1,3,3
2026-05-09,2025-26,Liverpool,Chelsea,1694.7,1596.4,1,1
2026-05-09,2025-26,Brighton and Hove Albion,Wolverhampton Wanderers,1613.4,1429.3,3,0
2026-05-09,2025-26,Fulham,Bournemouth,1568.0,1611.5,0,1
2026-05-09,2025-26,Sunderland,Manchester United,1483.6,1647.1,0,0
2026-05-09,2025-26,Manchester City,Brentford,1777.1,1586.9,3,0
2026-05-10,2025-26,Nottingham Forest,Newcastle United,1567.5,1580.5,1,1
2026-05-10,2025-26,Burnley,Aston Villa,1375.7,1632.2,2,2
2026-05-10,2025-26,Crystal Palace,Everton,1558.8,1576.6,2,2
2026-05-10,2025-26,West Ham United,Arsenal,1516.3,1771.3,0,1
2026-05-11,2025-26,Tottenham,Leeds United,1496.5,1523.6,1,1
2026-05-13,2025-26,Manchester City,Crystal Palace,1780.3,1556.5,3,0
2026-05-15,2025-26,Aston Villa,Liverpool,1628.0,1689.5,4,2
2026-05-17,2025-26,Manchester United,Nottingham Forest,1645.3,1565.1,3,2
2026-05-17,2025-26,Brentford,Crystal Palace,1583.8,1553.8,2,2
2026-05-17,2025-26,Everton,Sunderland,1578.9,1485.4,1,3
2026-05-17,2025-26,Leeds United,Brighton and Hove Albion,1525.7,1616.6,1,0
2026-05-17,2025-26,Wolverhampton Wanderers,Fulham,1426.0,1556.4,1,1
2026-05-17,2025-26,Newcastle United,West Ham United,1582.9,1510.4,3,1
2026-05-18,2025-26,Arsenal,Burnley,1777.1,1380.0,1,0
2026-05-19,2025-26,Chelsea,Tottenham,1601.5,1494.4,2,1
2026-05-19,2025-26,Bournemouth,Manchester City,1623.1,1783.0,1,1
2026-05-24,2025-26,Nottingham Forest,Bournemouth,1559.8,1624.8,1,1
2026-05-24,2025-26,Manchester City,Aston Villa,1781.3,1636.9,1,2
2026-05-24,2025-26,Sunderland,Chelsea,1500.5,1606.2,2,1
2026-05-24,2025-26,Liverpool,Brentford,1680.6,1580.2,1,1
2026-05-24,2025-26,Tottenham,Everton,1489.7,1563.9,1,0
2026-05-24,2025-26,Crystal Palace,Arsenal,1557.4,1778.2,1,2
2026-05-24,2025-26,Burnley,Wolverhampton Wanderers,1378.9,1426.9,1,1
2026-05-24,2025-26,Brighton and Hove Albion,Manchester United,1606.9,1650.5,0,3
2026-05-24,2025-26,Fulham,Newcastle United,1555.6,1588.4,2,0
2026-05-24,2025-26,West Ham United,Leeds United,1505.0,1535.4,3,0
