date,season,home,away,fthg,ftag,ftr,home_elo,away_elo,elo_diff,home_pos,away_pos,pos_diff,home_played,away_played,h2h_home_wins,h2h_away_wins,h2h_draws,h2h_n,home_form5_ppg,home_form5_gf,home_form5_ga,home_form5_cs,home_form5_n,away_form5_ppg,away_form5_gf,away_form5_ga,away_form5_cs,away_form5_n,home_form10_ppg,home_form10_gf,home_form10_ga,home_form10_cs,home_form10_n,away_form10_ppg,away_form10_gf,away_form10_ga,away_form10_cs,away_form10_n,home_athome_ppg,home_athome_gf,home_athome_ga,home_athome_cs,home_athome_n,away_ataway_ppg,away_ataway_gf,away_ataway_ga,away_ataway_cs,away_ataway_n
2016-08-13,2016-17,Burnley,Swansea City,0,1,A,1500.0,1500.0,0.0,1,1,0,0,0,0,0,0,0,0.0,0.0,0.0,0.0,0,0.0,0.0,0.0,0.0,0,0.0,0.0,0.0,0.0,0,0.0,0.0,0.0,0.0,0,0.0,0.0,0.0,0.0,0,0.0,0.0,0.0,0.0,0
2016-08-13,2016-17,Crystal Palace,West Bromwich Albion,0,1,A,1500.0,1500.0,0.0,3,3,0,0,0,0,0,0,0,0.0,0.0,0.0,0.0,0,0.0,0.0,0.0,0.0,0,0.0,0.0,0.0,0.0,0,0.0,0.0,0.0,0.0,0,0.0,0.0,0.0,0.0,0,0.0,0.0,0.0,0.0,0
2016-08-13,2016-17,Everton,Tottenham,1,1,D,1500.0,1500.0,0.0,5,5,0,0,0,0,0,0,0,0.0,0.0,0.0,0.0,0,0.0,0.0,0.0,0.0,0,0.0,0.0,0.0,0.0,0,0.0,0.0,0.0,0.0,0,0.0,0.0,0.0,0.0,0,0.0,0.0,0.0,0.0,0
2016-08-13,2016-17,Hull City,Leicester City,2,1,H,1500.0,1500.0,0.0,7,7,0,0,0,0,0,0,0,0.0,0.0,0.0,0.0,0,0.0,0.0,0.0,0.0,0,0.0,0.0,0.0,0.0,0,0.0,0.0,0.0,0.0,0,0.0,0.0,0.0,0.0,0,0.0,0.0,0.0,0.0,0
2016-08-13,2016-17,Manchester City,Sunderland,2,1,H,1500.0,1500.0,0.0,9,9,0,0,0,0,0,0,0,0.0,0.0,0.0,0.0,0,0.0,0.0,0.0,0.0,0,0.0,0.0,0.0,0.0,0,0.0,0.0,0.0,0.0,0,0.0,0.0,0.0,0.0,0,0.0,0.0,0.0,0.0,0
2016-08-13,2016-17,Middlesbrough,Stoke City,1,1,D,1500.0,1500.0,0.0,11,11,0,0,0,0,0,0,0,0.0,0.0,0.0,0.0,0,0.0,0.0,0.0,0.0,0,0.0,0.0,0.0,0.0,0,0.0,0.0,0.0,0.0,0,0.0,0.0,0.0,0.0,0,0.0,0.0,0.0,0.0,0
2016-08-13,2016-17,Southampton,Watford,1,1,D,1500.0,1500.0,0.0,13,13,0,0,0,0,0,0,0,0.0,0.0,0.0,0.0,0,0.0,0.0,0.0,0.0,0,0.0,0.0,0.0,0.0,0,0.0,0.0,0.0,0.0,0,0.0,0.0,0.0,0.0,0,0.0,0.0,0.0,0.0,0
2016-08-14,2016-17,Arsenal,Liverpool,3,4,A,1500.0,1500.0,0.0,15,15,0,0,0,0,0,0,0,0.0,0.0,0.0,0.0,0,0.0,0.0,0.0,0.0,0,0.0,0.0,0.0,0.0,0,0.0,0.0,0.0,0.0,0,0.0,0.0,0.0,0.0,0,0.0,0.0,0.0,0.0,0
2016-08-14,2016-17,Bournemouth,Manchester United,1,3,A,1500.0,1500.0,0.0,17,17,0,0,0,0,0,0,0,0.0,0.0,0.0,0.0,0,0.0,0.0,0.0,0.0,0,0.0,0.0,0.0,0.0,0,0.0,0.0,0.0,0.0,0,0.0,0.0,0.0,0.0,0,0.0,0.0,0.0,0.0,0
2016-08-15,2016-17,Chelsea,West Ham United,2,1,H,1500.0,1500.0,0.0,19,19,0,0,0,0,0,0,0,0.0,0.0,0.0,0.0,0,0.0,0.0,0.0,0.0,0,0.0,0.0,0.0,0.0,0,0.0,0.0,0.0,0.0,0,0.0,0.0,0.0,0.0,0,0.0,0.0,0.0,0.0,0
2016-08-19,2016-17,Manchester United,Southampton,2,0,H,1512.8,1497.2,15.6,1,12,11,1,1,0,0,0,0,3.0,3.0,1.0,0.0,1,1.0,1.0,1.0,0.0,1,3.0,3.0,1.0,0.0,1,1.0,1.0,1.0,0.0,1,0.0,0.0,0.0,0.0,0,0.0,0.0,0.0,0.0,0
2016-08-20,2016-17,West Bromwich Albion,Everton,1,2,A,1512.8,1497.2,15.6,7,8,1,1,1,0,0,0,0,3.0,1.0,0.0,1.0,1,1.0,1.0,1.0,0.0,1,3.0,1.0,0.0,1.0,1,1.0,1.0,1.0,0.0,1,0.0,0.0,0.0,0.0,0,0.0,0.0,0.0,0.0,0
2016-08-20,2016-17,Watford,Chelsea,1,2,A,1502.8,1507.2,-4.4,12,6,-6,1,1,0,0,0,0,1.0,1.0,1.0,0.0,1,3.0,2.0,1.0,0.0,1,1.0,1.0,1.0,0.0,1,3.0,2.0,1.0,0.0,1,0.0,0.0,0.0,0.0,0,0.0,0.0,0.0,0.0,0
2016-08-20,2016-17,Tottenham,Crystal Palace,1,0,H,1502.8,1487.2,15.6,9,19,10,1,1,0,0,0,0,1.0,1.0,1.0,0.0,1,0.0,0.0,1.0,0.0,1,1.0,1.0,1.0,0.0,1,0.0,0.0,1.0,0.0,1,0.0,0.0,0.0,0.0,0,0.0,0.0,0.0,0.0,0
2016-08-20,2016-17,Burnley,Liverpool,2,0,H,1487.2,1512.8,-25.6,18,5,-13,1,1,0,0,0,0,0.0,0.0,1.0,0.0,1,3.0,4.0,3.0,0.0,1,0.0,0.0,1.0,0.0,1,3.0,4.0,3.0,0.0,1,0.0,0.0,1.0,0.0,1,3.0,4.0,3.0,0.0,1
2016-08-20,2016-17,Stoke City,Manchester City,1,4,A,1502.8,1507.2,-4.4,12,7,-5,1,1,0,0,0,0,1.0,1.0,1.0,0.0,1,3.0,2.0,1.0,0.0,1,1.0,1.0,1.0,0.0,1,3.0,2.0,1.0,0.0,1,0.0,0.0,0.0,0.0,0,0.0,0.0,0.0,0.0,0
2016-08-20,2016-17,Leicester City,Arsenal,0,0,D,1492.8,1487.2,5.6,16,15,-1,1,1,0,0,0,0,0.0,1.0,2.0,0.0,1,0.0,3.0,4.0,0.0,1,0.0,1.0,2.0,0.0,1,0.0,3.0,4.0,0.0,1,0.0,0.0,0.0,0.0,0,0.0,0.0,0.0,0.0,0
2016-08-20,2016-17,Swansea City,Hull City,0,2,A,1512.8,1507.2,5.6,8,7,-1,1,1,0,0,0,0,3.0,1.0,0.0,1.0,1,3.0,2.0,1.0,0.0,1,3.0,1.0,0.0,1.0,1,3.0,2.0,1.0,0.0,1,0.0,0.0,0.0,0.0,0,0.0,0.0,0.0,0.0,0
2016-08-21,2016-17,Sunderland,Middlesbrough,1,2,A,1492.8,1497.2,-4.4,17,11,-6,1,1,0,0,0,0,0.0,1.0,2.0,0.0,1,1.0,1.0,1.0,0.0,1,0.0,1.0,2.0,0.0,1,1.0,1.0,1.0,0.0,1,0.0,0.0,0.0,0.0,0,0.0,0.0,0.0,0.0,0
2016-08-21,2016-17,West Ham United,Bournemouth,1,0,H,1492.8,1487.2,5.6,17,19,2,1,1,0,0,0,0,0.0,1.0,2.0,0.0,1,0.0,1.0,3.0,0.0,1,0.0,1.0,2.0,0.0,1,0.0,1.0,3.0,0.0,1,0.0,0.0,0.0,0.0,0,0.0,0.0,0.0,0.0,0
2016-08-27,2016-17,Southampton,Sunderland,1,1,D,1490.4,1480.1,10.3,16,18,2,2,2,0,0,0,0,0.5,0.5,1.5,0.0,2,0.0,1.0,2.0,0.0,2,0.5,0.5,1.5,0.0,2,0.0,1.0,2.0,0.0,2,1.0,1.0,1.0,0.0,1,0.0,1.0,2.0,0.0,1
2016-08-27,2016-17,Watford,Arsenal,1,3,A,1490.1,1490.1,-0.0,15,14,-1,2,2,0,0,0,0,0.5,1.0,1.5,0.0,2,0.5,1.5,2.0,0.5,2,0.5,1.0,1.5,0.0,2,0.5,1.5,2.0,0.5,2,0.0,1.0,2.0,0.0,1,1.0,0.0,0.0,1.0,1
2016-08-27,2016-17,Leicester City,Swansea City,2,1,H,1489.9,1499.9,-10.0,15,13,-2,2,2,0,0,0,0,0.5,0.5,1.0,0.5,2,1.5,0.5,1.0,0.5,2,0.5,0.5,1.0,0.5,2,1.5,0.5,1.0,0.5,2,1.0,0.0,0.0,1.0,1,3.0,1.0,0.0,1.0,1
2016-08-27,2016-17,Tottenham,Liverpool,1,1,D,1509.6,1504.9,4.7,8,13,5,2,2,0,0,0,0,2.0,1.0,0.5,0.5,2,1.5,2.0,2.5,0.0,2,2.0,1.0,0.5,0.5,2,1.5,2.0,2.5,0.0,2,3.0,1.0,0.0,1.0,1,1.5,2.0,2.5,0.0,2
2016-08-27,2016-17,Everton,Stoke City,1,0,H,1510.4,1490.1,20.3,7,18,11,2,2,0,0,0,0,2.0,1.5,1.0,0.0,2,0.5,1.0,2.5,0.0,2,2.0,1.5,1.0,0.0,2,0.5,1.0,2.5,0.0,2,1.0,1.0,1.0,0.0,1,1.0,1.0,1.0,0.0,1
2016-08-27,2016-17,Crystal Palace,Bournemouth,1,1,D,1480.4,1480.1,0.3,19,20,1,2,2,0,0,0,0,0.0,0.0,1.0,0.0,2,0.0,0.5,2.0,0.0,2,0.0,0.0,1.0,0.0,2,0.0,0.5,2.0,0.0,2,0.0,0.0,1.0,0.0,1,0.0,0.0,1.0,0.0,1
2016-08-27,2016-17,Hull City,Manchester United,0,1,A,1520.1,1519.6,0.6,4,3,-1,2,2,0,0,0,0,3.0,2.0,0.5,0.5,2,3.0,2.5,0.5,0.5,2,3.0,2.0,0.5,0.5,2,3.0,2.5,0.5,0.5,2,3.0,2.0,1.0,0.0,1,3.0,3.0,1.0,0.0,1
2016-08-27,2016-17,Chelsea,Burnley,3,0,H,1519.9,1495.1,24.8,5,11,6,2,2,0,0,0,0,3.0,2.0,1.0,0.0,2,1.5,1.0,0.5,0.5,2,3.0,2.0,1.0,0.0,2,1.5,1.0,0.5,0.5,2,3.0,2.0,1.0,0.0,1,0.0,0.0,0.0,0.0,0
2016-08-28,2016-17,Manchester City,West Ham United,3,1,H,1519.9,1499.9,20.0,4,12,8,2,2,0,0,0,0,3.0,3.0,1.0,0.0,2,1.5,1.0,1.0,0.5,2,3.0,3.0,1.0,0.0,2,1.5,1.0,1.0,0.5,2,3.0,2.0,1.0,0.0,1,0.0,1.0,2.0,0.0,1
2016-08-28,2016-17,West Bromwich Albion,Middlesbrough,0,0,D,1499.6,1509.9,-10.3,11,8,-3,2,2,0,0,0,0,1.5,1.0,1.0,0.5,2,2.0,1.5,1.0,0.0,2,1.5,1.0,1.0,0.5,2,2.0,1.5,1.0,0.0,2,0.0,1.0,2.0,0.0,1,3.0,2.0,1.0,0.0,1
2016-09-10,2016-17,Arsenal,Southampton,2,1,H,1502.9,1487.3,15.6,8,15,7,3,3,0,0,0,0,1.3333333333333333,2.0,1.6666666666666667,0.3333333333333333,3,0.6666666666666666,0.6666666666666666,1.3333333333333333,0.0,3,1.3333333333333333,2.0,1.6666666666666667,0.3333333333333333,3,0.6666666666666666,0.6666666666666666,1.3333333333333333,0.0,3,0.0,3.0,4.0,0.0,1,0.0,0.0,2.0,0.0,1
2016-09-10,2016-17,Bournemouth,West Bromwich Albion,1,0,H,1483.0,1497.1,-14.1,19,10,-9,3,3,0,0,0,0,0.3333333333333333,0.6666666666666666,1.6666666666666667,0.0,3,1.3333333333333333,0.6666666666666666,0.6666666666666666,0.6666666666666666,3,0.3333333333333333,0.6666666666666666,1.6666666666666667,0.0,3,1.3333333333333333,0.6666666666666666,0.6666666666666666,0.6666666666666666,3,0.0,1.0,3.0,0.0,1,3.0,1.0,0.0,1.0,1
2016-09-10,2016-17,Burnley,Hull City,1,1,D,1488.5,1507.3,-18.8,14,6,-8,3,3,0,0,0,0,1.0,0.6666666666666666,1.3333333333333333,0.3333333333333333,3,2.0,1.3333333333333333,0.6666666666666666,0.3333333333333333,3,1.0,0.6666666666666666,1.3333333333333333,0.3333333333333333,3,2.0,1.3333333333333333,0.6666666666666666,0.3333333333333333,3,1.5,1.0,0.5,0.5,2,3.0,2.0,0.0,1.0,1
2016-09-10,2016-17,Liverpool,Leicester City,4,1,H,1507.8,1497.3,10.5,10,9,-1,3,3,0,0,0,0,1.3333333333333333,1.6666666666666667,2.0,0.0,3,1.3333333333333333,1.0,1.0,0.3333333333333333,3,1.3333333333333333,1.6666666666666667,2.0,0.0,3,1.3333333333333333,1.0,1.0,0.3333333333333333,3,0.0,0.0,0.0,0.0,0,0.0,1.0,2.0,0.0,1
2016-09-10,2016-17,Manchester United,Manchester City,1,2,A,1532.4,1526.6,5.8,3,1,-2,3,3,0,0,0,0,3.0,2.0,0.3333333333333333,0.6666666666666666,3,3.0,3.0,1.0,0.0,3,3.0,2.0,0.3333333333333333,0.6666666666666666,3,3.0,3.0,1.0,0.0,3,3.0,2.0,0.0,1.0,1,3.0,4.0,1.0,0.0,1
2016-09-10,2016-17,Middlesbrough,Crystal Palace,1,2,A,1512.4,1477.6,34.8,9,18,9,3,3,0,0,0,0,1.6666666666666667,1.0,0.6666666666666666,0.3333333333333333,3,0.3333333333333333,0.3333333333333333,1.0,0.0,3,1.6666666666666667,1.0,0.6666666666666666,0.3333333333333333,3,0.3333333333333333,0.3333333333333333,1.0,0.0,3,1.0,1.0,1.0,0.0,1,0.0,0.0,1.0,0.0,1
2016-09-10,2016-17,Stoke City,Tottenham,0,4,A,1483.4,1506.7,-23.2,20,8,-12,3,3,0,0,0,0,0.3333333333333333,0.6666666666666666,2.0,0.0,3,1.6666666666666667,1.0,0.6666666666666666,0.3333333333333333,3,0.3333333333333333,0.6666666666666666,2.0,0.0,3,1.6666666666666667,1.0,0.6666666666666666,0.3333333333333333,3,0.0,1.0,4.0,0.0,1,1.0,1.0,1.0,0.0,1
2016-09-10,2016-17,West Ham United,Watford,2,4,A,1493.2,1477.3,15.9,15,19,4,3,3,0,0,0,0,1.0,1.0,1.6666666666666667,0.3333333333333333,3,0.3333333333333333,1.0,2.0,0.0,3,1.0,1.0,1.6666666666666667,0.3333333333333333,3,0.3333333333333333,1.0,2.0,0.0,3,3.0,1.0,0.0,1.0,1,1.0,1.0,1.0,0.0,1
2016-09-11,2016-17,Swansea City,Chelsea,2,2,D,1492.4,1526.4,-34.1,16,2,-14,3,3,0,0,0,0,1.0,0.6666666666666666,1.3333333333333333,0.3333333333333333,3,3.0,2.3333333333333335,0.6666666666666666,0.3333333333333333,3,1.0,0.6666666666666666,1.3333333333333333,0.3333333333333333,3,3.0,2.3333333333333335,0.6666666666666666,0.3333333333333333,3,0.0,0.0,2.0,0.0,1,3.0,2.0,1.0,0.0,1
2016-09-12,2016-17,Sunderland,Everton,0,3,A,1483.2,1517.1,-33.9,19,8,-11,3,3,0,0,0,0,0.3333333333333333,1.0,1.6666666666666667,0.0,3,2.3333333333333335,1.3333333333333333,0.6666666666666666,0.3333333333333333,3,0.3333333333333333,1.0,1.6666666666666667,0.0,3,2.3333333333333335,1.3333333333333333,0.6666666666666666,0.3333333333333333,3,0.0,1.0,2.0,0.0,1,3.0,2.0,1.0,0.0,1
2016-09-16,2016-17,Chelsea,Liverpool,1,2,A,1528.3,1514.8,13.6,2,6,4,4,4,0,0,0,0,2.5,2.25,1.0,0.25,4,1.75,2.25,1.75,0.0,4,2.5,2.25,1.0,0.25,4,1.75,2.25,1.75,0.0,4,3.0,2.5,0.5,0.5,2,1.3333333333333333,1.6666666666666667,2.0,0.0,3
2016-09-17,2016-17,Everton,Middlesbrough,3,1,H,1529.0,1498.7,30.2,2,9,7,4,4,0,0,0,0,2.5,1.75,0.5,0.5,4,1.25,1.0,1.0,0.25,4,2.5,1.75,0.5,0.5,4,1.25,1.0,1.0,0.25,4,2.0,1.0,0.5,0.5,2,2.0,1.0,0.5,0.5,2
2016-09-17,2016-17,Hull City,Arsenal,1,4,A,1509.6,1509.7,-0.1,8,7,-1,4,4,0,0,0,0,1.75,1.25,0.75,0.25,4,1.75,2.0,1.5,0.25,4,1.75,1.25,0.75,0.25,4,1.75,2.0,1.5,0.25,4,1.5,1.0,1.0,0.0,2,2.0,1.5,0.5,0.5,2
2016-09-17,2016-17,Leicester City,Burnley,3,0,H,1490.4,1486.2,4.2,16,14,-2,4,4,0,0,0,0,1.0,1.0,1.75,0.25,4,1.0,0.75,1.25,0.25,4,1.0,1.0,1.75,0.25,4,1.0,0.75,1.25,0.25,4,2.0,1.0,0.5,0.5,2,0.0,0.0,3.0,0.0,1
2016-09-17,2016-17,Manchester City,Bournemouth,4,0,H,1539.5,1490.5,49.0,2,15,13,4,4,0,0,0,0,3.0,2.75,1.0,0.0,4,1.0,0.75,1.25,0.25,4,3.0,2.75,1.0,0.0,4,1.0,0.75,1.25,0.25,4,3.0,2.5,1.0,0.0,2,0.5,0.5,1.0,0.0,2
2016-09-17,2016-17,West Bromwich Albion,West Ham United,4,2,H,1489.5,1480.0,9.5,13,17,4,4,4,0,0,0,0,1.0,0.5,0.75,0.5,4,0.75,1.25,2.25,0.25,4,1.0,0.5,0.75,0.5,4,0.75,1.25,2.25,0.25,4,0.5,0.5,1.0,0.5,2,0.0,1.0,2.5,0.0,2
2016-09-18,2016-17,Crystal Palace,Stoke City,4,1,H,1491.3,1471.3,20.0,13,20,7,4,4,0,0,0,0,1.0,0.75,1.0,0.0,4,0.25,0.5,2.5,0.0,4,1.0,0.75,1.0,0.0,4,0.25,0.5,2.5,0.0,4,0.5,0.5,1.0,0.0,2,0.5,0.5,1.0,0.0,2
2016-09-18,2016-17,Southampton,Swansea City,1,0,H,1480.5,1490.5,-10.0,18,14,-4,4,4,0,0,0,0,0.5,0.75,1.5,0.0,4,1.0,1.0,1.5,0.25,4,0.5,0.75,1.5,0.0,4,1.0,1.0,1.5,0.25,4,1.0,1.0,1.0,0.0,2,1.5,1.0,1.0,0.5,2
2016-09-18,2016-17,Tottenham,Sunderland,1,0,H,1518.8,1471.3,47.5,7,19,12,4,4,0,0,0,0,2.0,1.75,0.5,0.5,4,0.25,0.75,2.0,0.0,4,2.0,1.75,0.5,0.5,4,0.25,0.75,2.0,0.0,4,2.0,1.0,0.5,0.5,2,0.5,1.0,1.5,0.0,2
2016-09-18,2016-17,Watford,Manchester United,3,1,H,1490.5,1519.5,-28.9,14,7,-7,4,4,0,0,0,0,1.0,1.75,2.0,0.0,4,2.25,1.75,0.75,0.5,4,1.0,1.75,2.0,0.0,4,2.25,1.75,0.75,0.5,4,0.0,1.0,2.5,0.0,2,3.0,2.0,0.5,0.5,2
2016-09-24,2016-17,Swansea City,Manchester City,1,3,A,1483.0,1545.5,-62.4,15,1,-14,5,5,0,0,0,0,0.8,0.8,1.4,0.2,5,3.0,3.0,0.8,0.2,5,0.8,0.8,1.4,0.2,5,3.0,3.0,0.8,0.2,5,0.5,1.0,2.0,0.0,2,3.0,3.0,1.0,0.0,2
2016-09-24,2016-17,Stoke City,West Bromwich Albion,1,1,D,1464.6,1496.4,-31.8,20,10,-10,5,5,0,0,0,0,0.2,0.6,2.8,0.0,5,1.4,1.2,1.0,0.4,5,0.2,0.6,2.8,0.0,5,1.4,1.2,1.0,0.4,5,0.0,0.5,4.0,0.0,2,1.5,0.5,0.5,0.5,2
2016-09-24,2016-17,Middlesbrough,Tottenham,1,2,A,1492.3,1524.8,-32.5,13,3,-10,5,5,0,0,0,0,1.0,1.0,1.4,0.2,5,2.2,1.6,0.4,0.6,5,1.0,1.0,1.4,0.2,5,2.2,1.6,0.4,0.6,5,0.5,1.0,1.5,0.0,2,2.0,2.5,0.5,0.5,2
2016-09-24,2016-17,Sunderland,Crystal Palace,2,3,A,1465.3,1498.0,-32.7,20,9,-11,5,5,0,0,0,0,0.2,0.6,1.8,0.0,5,1.4,1.4,1.0,0.0,5,0.2,0.6,1.8,0.0,5,1.4,1.4,1.0,0.0,5,0.0,0.5,2.5,0.0,2,1.5,1.0,1.0,0.0,2
2016-09-24,2016-17,Liverpool,Hull City,5,1,H,1527.9,1496.8,31.1,6,12,6,5,5,0,0,0,0,2.0,2.2,1.6,0.0,5,1.4,1.2,1.4,0.2,5,2.0,2.2,1.6,0.0,5,1.4,1.2,1.4,0.2,5,3.0,4.0,1.0,0.0,1,2.0,1.5,0.5,0.5,2
2016-09-24,2016-17,Arsenal,Chelsea,3,0,H,1522.5,1515.2,7.4,5,6,1,5,5,0,0,0,0,2.0,2.4,1.4,0.2,5,2.0,2.0,1.2,0.2,5,2.0,2.4,1.4,0.2,5,2.0,2.0,1.2,0.2,5,1.5,2.5,2.5,0.0,2,2.0,2.0,1.5,0.0,2
2016-09-24,2016-17,Manchester United,Leicester City,4,1,H,1511.5,1497.5,14.0,8,11,3,5,5,0,0,0,0,1.8,1.6,1.2,0.4,5,1.4,1.4,1.4,0.4,5,1.8,1.6,1.2,0.4,5,1.4,1.4,1.4,0.4,5,1.5,1.5,1.0,0.5,2,0.0,1.0,3.0,0.0,2
2016-09-24,2016-17,Bournemouth,Everton,1,0,H,1484.6,1535.4,-50.8,17,5,-12,5,5,0,0,0,0,0.8,0.6,1.8,0.2,5,2.6,2.0,0.6,0.4,5,0.8,0.6,1.8,0.2,5,2.6,2.0,0.6,0.4,5,1.5,1.0,1.5,0.5,2,3.0,2.5,0.5,0.5,2
2016-09-25,2016-17,West Ham United,Southampton,0,3,A,1473.0,1488.0,-15.0,18,14,-4,5,5,0,0,0,0,0.6,1.4,2.6,0.2,5,1.0,0.8,1.2,0.2,5,0.6,1.4,2.6,0.2,5,1.0,0.8,1.2,0.2,5,1.5,1.5,2.0,0.5,2,0.0,0.5,2.0,0.0,2
2016-09-26,2016-17,Burnley,Watford,2,0,H,1479.2,1498.5,-19.4,17,11,-6,5,5,0,0,0,0,0.8,0.6,1.6,0.2,5,1.4,2.0,1.8,0.0,5,0.8,0.6,1.6,0.2,5,1.4,2.0,1.8,0.0,5,1.3333333333333333,1.0,0.6666666666666666,0.3333333333333333,3,2.0,2.5,1.5,0.0,2
2016-09-30,2016-17,Everton,Crystal Palace,1,1,D,1526.8,1509.9,16.9,5,7,2,6,6,0,0,0,0,2.4,1.8,0.6,0.4,5,2.0,2.0,1.2,0.0,5,2.1666666666666665,1.6666666666666667,0.6666666666666666,0.3333333333333333,6,1.6666666666666667,1.6666666666666667,1.1666666666666667,0.0,6,2.3333333333333335,1.6666666666666667,0.6666666666666666,0.3333333333333333,3,2.0,1.6666666666666667,1.3333333333333333,0.0,3
2016-10-01,2016-17,Hull City,Chelsea,0,2,A,1490.4,1508.2,-17.7,14,8,-6,6,6,0,0,0,0,0.8,1.0,2.2,0.2,5,1.4,1.6,1.6,0.2,5,1.1666666666666667,1.1666666666666667,2.0,0.16666666666666666,6,1.6666666666666667,1.6666666666666667,1.5,0.16666666666666666,6,1.0,1.0,2.0,0.0,3,1.3333333333333333,1.3333333333333333,2.0,0.0,3
2016-10-01,2016-17,Sunderland,West Bromwich Albion,1,1,D,1453.4,1498.4,-45.0,20,9,-11,6,6,0,0,0,0,0.2,0.8,2.0,0.0,5,1.0,1.2,1.2,0.2,5,0.16666666666666666,0.8333333333333334,2.0,0.0,6,1.3333333333333333,1.1666666666666667,1.0,0.3333333333333333,6,0.0,1.0,2.6666666666666665,0.0,3,1.3333333333333333,0.6666666666666666,0.6666666666666666,0.3333333333333333,3
2016-10-01,2016-17,Swansea City,Liverpool,1,2,A,1472.0,1534.3,-62.3,17,5,-12,6,6,0,0,0,0,0.2,0.8,2.0,0.0,5,2.0,2.4,1.2,0.0,5,0.6666666666666666,0.8333333333333334,1.6666666666666667,0.16666666666666666,6,2.1666666666666665,2.6666666666666665,1.5,0.0,6,0.3333333333333333,1.0,2.3333333333333335,0.0,3,1.75,1.75,1.75,0.0,4
2016-10-01,2016-17,Watford,Bournemouth,2,2,D,1490.8,1493.2,-2.4,11,14,3,6,6,0,0,0,0,1.2,1.8,2.0,0.0,5,1.4,0.6,1.2,0.4,5,1.1666666666666667,1.6666666666666667,1.8333333333333333,0.0,6,1.1666666666666667,0.6666666666666666,1.5,0.3333333333333333,6,1.0,1.6666666666666667,2.0,0.0,3,0.3333333333333333,0.3333333333333333,2.0,0.0,3
2016-10-01,2016-17,West Ham United,Middlesbrough,1,1,D,1460.6,1480.4,-19.8,18,16,-2,6,6,0,0,0,0,0.6,1.2,2.8,0.2,5,0.8,1.0,1.6,0.2,5,0.5,1.1666666666666667,2.6666666666666665,0.16666666666666666,6,0.8333333333333334,1.0,1.5,0.16666666666666666,6,1.0,1.0,2.3333333333333335,0.3333333333333333,3,1.3333333333333333,1.0,1.3333333333333333,0.3333333333333333,3
2016-10-02,2016-17,Tottenham,Manchester City,2,0,H,1536.8,1556.5,-19.8,3,1,-2,6,6,0,0,0,0,2.6,1.8,0.4,0.6,5,3.0,3.2,0.8,0.2,5,2.3333333333333335,1.6666666666666667,0.5,0.5,6,3.0,3.0,0.8333333333333334,0.16666666666666666,6,2.3333333333333335,1.0,0.3333333333333333,0.6666666666666666,3,3.0,3.0,1.0,0.0,3
2016-10-02,2016-17,Manchester United,Stoke City,1,1,D,1518.3,1462.7,55.6,7,20,13,6,6,0,0,0,0,1.8,1.8,1.2,0.4,5,0.2,0.6,2.8,0.0,5,2.0,2.0,1.1666666666666667,0.3333333333333333,6,0.3333333333333333,0.6666666666666666,2.5,0.0,6,2.0,2.3333333333333335,1.0,0.3333333333333333,3,0.3333333333333333,0.6666666666666666,2.0,0.0,3
2016-10-02,2016-17,Burnley,Arsenal,0,1,A,1486.9,1529.5,-42.7,14,5,-9,6,6,0,0,0,0,1.4,1.0,1.4,0.4,5,2.6,2.4,0.6,0.4,5,1.1666666666666667,0.8333333333333334,1.3333333333333333,0.3333333333333333,6,2.1666666666666665,2.5,1.1666666666666667,0.3333333333333333,6,1.75,1.25,0.5,0.5,4,2.3333333333333335,2.3333333333333335,0.6666666666666666,0.3333333333333333,3
2016-10-02,2016-17,Leicester City,Southampton,0,0,D,1490.7,1500.4,-9.8,13,10,-3,6,6,0,0,0,0,1.4,1.4,1.8,0.4,5,1.4,1.2,1.0,0.4,5,1.1666666666666667,1.3333333333333333,1.8333333333333333,0.3333333333333333,6,1.3333333333333333,1.1666666666666667,1.0,0.3333333333333333,6,2.3333333333333335,1.6666666666666667,0.3333333333333333,0.6666666666666666,3,1.0,1.3333333333333333,1.3333333333333333,0.3333333333333333,3
2016-10-15,2016-17,Bournemouth,Hull City,6,1,H,1495.9,1478.1,17.8,13,15,2,7,7,0,0,0,0,1.6,1.0,1.4,0.4,5,0.2,0.6,2.6,0.0,5,1.1428571428571428,0.8571428571428571,1.5714285714285714,0.2857142857142857,7,1.0,1.0,2.0,0.14285714285714285,7,2.0,1.0,1.0,0.6666666666666666,3,1.3333333333333333,1.3333333333333333,2.0,0.3333333333333333,3
2016-10-15,2016-17,Chelsea,Leicester City,3,0,H,1520.5,1488.1,32.4,7,13,6,7,7,0,0,0,0,1.4,1.6,1.4,0.4,5,1.4,1.4,1.8,0.4,5,1.8571428571428572,1.7142857142857142,1.2857142857142858,0.2857142857142857,7,1.1428571428571428,1.1428571428571428,1.5714285714285714,0.42857142857142855,7,2.0,2.0,1.0,0.3333333333333333,3,0.0,1.0,3.3333333333333335,0.0,3
2016-10-15,2016-17,Crystal Palace,West Ham United,0,1,A,1513.1,1458.3,54.8,8,18,10,7,7,0,0,0,0,2.2,2.2,1.2,0.0,5,0.2,1.2,3.0,0.0,5,1.5714285714285714,1.5714285714285714,1.1428571428571428,0.0,7,0.5714285714285714,1.1428571428571428,2.4285714285714284,0.14285714285714285,7,1.3333333333333333,1.6666666666666667,1.0,0.0,3,0.0,1.3333333333333333,3.0,0.0,3
2016-10-15,2016-17,Manchester City,Everton,1,1,D,1548.8,1523.5,25.3,1,6,5,7,7,0,0,0,0,2.4,2.4,1.0,0.2,5,2.0,1.6,0.6,0.4,5,2.5714285714285716,2.5714285714285716,1.0,0.14285714285714285,7,2.0,1.5714285714285714,0.7142857142857143,0.2857142857142857,7,3.0,3.0,0.6666666666666666,0.3333333333333333,3,2.0,1.6666666666666667,0.6666666666666666,0.3333333333333333,3
2016-10-15,2016-17,Stoke City,Sunderland,2,0,H,1466.9,1451.8,15.0,19,20,1,7,7,0,0,0,0,0.4,0.6,2.2,0.0,5,0.4,0.8,1.8,0.0,5,0.42857142857142855,0.7142857142857143,2.2857142857142856,0.0,7,0.2857142857142857,0.8571428571428571,1.8571428571428572,0.0,7,0.3333333333333333,0.6666666666666666,3.0,0.0,3,0.3333333333333333,0.6666666666666666,1.3333333333333333,0.0,3
2016-10-15,2016-17,West Bromwich Albion,Tottenham,1,1,D,1499.9,1544.5,-44.5,10,2,-8,7,7,0,0,0,0,1.2,1.2,1.0,0.2,5,2.6,2.0,0.4,0.6,5,1.2857142857142858,1.1428571428571428,1.0,0.2857142857142857,7,2.4285714285714284,1.7142857142857142,0.42857142857142855,0.5714285714285714,7,1.3333333333333333,1.6666666666666667,1.3333333333333333,0.3333333333333333,3,2.3333333333333335,2.3333333333333335,0.6666666666666666,0.3333333333333333,3
2016-10-15,2016-17,Arsenal,Swansea City,3,2,H,1541.2,1460.9,80.3,3,19,16,7,7,0,0,0,0,3.0,2.6,0.6,0.4,5,0.2,1.0,2.0,0.0,5,2.2857142857142856,2.2857142857142856,1.0,0.42857142857142855,7,0.5714285714285714,0.8571428571428571,1.7142857142857142,0.14285714285714285,7,2.0,2.6666666666666665,1.6666666666666667,0.3333333333333333,3,1.0,0.6666666666666666,1.0,0.3333333333333333,3
2016-10-16,2016-17,Middlesbrough,Watford,0,1,A,1482.6,1488.1,-5.4,17,12,-5,7,7,0,0,0,0,0.4,0.8,1.6,0.2,5,1.4,2.0,2.0,0.0,5,0.8571428571428571,1.0,1.4285714285714286,0.14285714285714285,7,1.1428571428571428,1.7142857142857142,1.8571428571428572,0.0,7,0.3333333333333333,1.0,1.6666666666666667,0.0,3,1.3333333333333333,1.6666666666666667,1.6666666666666667,0.0,3
2016-10-16,2016-17,Southampton,Burnley,3,1,H,1503.0,1475.2,27.7,12,14,2,7,7,0,0,0,0,1.6,1.2,0.6,0.6,5,0.8,0.6,1.6,0.2,5,1.2857142857142858,1.0,0.8571428571428571,0.42857142857142855,7,1.0,0.7142857142857143,1.2857142857142858,0.2857142857142857,7,1.6666666666666667,1.0,0.6666666666666666,0.3333333333333333,3,0.0,0.0,3.0,0.0,2
2016-10-17,2016-17,Liverpool,Manchester United,0,0,D,1545.4,1514.1,31.3,4,7,3,7,7,0,0,0,0,2.6,2.8,1.0,0.0,5,1.4,1.6,1.4,0.2,5,2.2857142857142856,2.5714285714285716,1.4285714285714286,0.0,7,1.8571428571428572,1.8571428571428572,1.1428571428571428,0.2857142857142857,7,3.0,4.5,1.0,0.0,2,2.0,1.6666666666666667,1.3333333333333333,0.3333333333333333,3
2016-10-22,2016-17,Leicester City,Crystal Palace,3,1,H,1481.7,1498.9,-17.2,13,9,-4,8,8,0,0,0,0,0.8,1.0,2.2,0.4,5,2.0,2.0,1.2,0.0,5,1.0,1.0,1.75,0.375,8,1.375,1.375,1.125,0.0,8,2.0,1.25,0.25,0.75,4,1.75,1.5,1.25,0.0,4
2016-10-22,2016-17,West Ham United,Sunderland,1,0,H,1472.5,1445.0,27.5,15,20,5,8,8,0,0,0,0,0.8,1.2,2.4,0.2,5,0.2,0.6,2.0,0.0,5,0.875,1.125,2.125,0.25,8,0.25,0.75,1.875,0.0,8,1.0,1.0,2.0,0.25,4,0.25,0.5,1.5,0.0,4
2016-10-22,2016-17,Swansea City,Watford,0,0,D,1455.7,1500.7,-45.1,19,9,-10,8,8,0,0,0,0,0.2,1.2,2.2,0.0,5,2.0,2.0,1.4,0.2,5,0.5,1.0,1.875,0.125,8,1.375,1.625,1.625,0.125,8,0.25,1.0,2.25,0.0,4,1.75,1.5,1.25,0.25,4
2016-10-22,2016-17,Liverpool,West Bromwich Albion,2,1,H,1541.8,1498.4,43.4,4,13,9,8,8,0,0,0,0,2.6,2.6,0.8,0.2,5,1.2,1.4,1.2,0.0,5,2.125,2.25,1.25,0.125,8,1.25,1.125,1.0,0.25,8,2.3333333333333335,3.0,0.6666666666666666,0.3333333333333333,3,1.25,0.75,0.75,0.25,4
2016-10-22,2016-17,Hull City,Stoke City,0,2,A,1471.4,1473.7,-2.3,16,18,2,8,8,0,0,0,0,0.2,0.8,3.6,0.0,5,1.0,1.0,2.0,0.2,5,0.875,1.0,2.5,0.125,8,0.75,0.875,2.0,0.125,8,0.75,0.75,2.0,0.0,4,0.5,0.75,1.75,0.0,4
2016-10-22,2016-17,Bournemouth,Tottenham,0,0,D,1502.6,1546.1,-43.4,11,4,-7,8,8,0,0,0,0,2.0,2.0,1.4,0.4,5,2.6,2.0,0.4,0.6,5,1.375,1.5,1.5,0.25,8,2.25,1.625,0.5,0.5,8,2.25,2.25,1.0,0.5,4,2.0,2.0,0.75,0.25,4
2016-10-22,2016-17,Arsenal,Middlesbrough,0,0,D,1546.4,1470.0,76.4,3,18,15,8,8,0,0,0,0,3.0,2.6,0.8,0.4,5,0.2,0.8,1.8,0.0,5,2.375,2.375,1.125,0.375,8,0.75,0.875,1.375,0.125,8,2.25,2.75,1.75,0.25,4,1.25,1.0,1.25,0.25,4
2016-10-22,2016-17,Burnley,Everton,2,1,H,1468.8,1527.0,-58.2,17,6,-11,8,8,0,0,0,0,0.8,0.8,1.6,0.2,5,1.6,1.6,0.8,0.2,5,0.875,0.75,1.5,0.25,8,1.875,1.5,0.75,0.25,8,1.4,1.0,0.6,0.4,5,1.75,1.5,0.75,0.25,4
2016-10-23,2016-17,Chelsea,Manchester United,4,0,H,1526.8,1517.7,9.1,5,7,2,8,8,0,0,0,0,1.4,1.6,1.4,0.4,5,1.0,1.4,1.4,0.2,5,2.0,1.875,1.125,0.375,8,1.75,1.625,1.0,0.375,8,2.25,2.25,0.75,0.5,4,1.75,1.25,1.0,0.5,4
2016-10-23,2016-17,Manchester City,Southampton,1,1,D,1545.4,1509.4,35.9,3,8,5,8,8,0,0,0,0,2.0,2.0,1.0,0.2,5,2.0,1.6,0.6,0.6,5,2.375,2.375,1.0,0.125,8,1.5,1.25,0.875,0.375,8,2.5,2.5,0.75,0.25,4,1.0,1.0,1.0,0.5,4
2016-10-29,2016-17,Crystal Palace,Liverpool,2,4,A,1491.3,1547.9,-56.6,11,3,-8,9,9,0,0,0,0,1.4,1.8,1.6,0.0,5,2.6,2.2,0.8,0.2,5,1.2222222222222223,1.3333333333333333,1.3333333333333333,0.0,9,2.2222222222222223,2.2222222222222223,1.2222222222222223,0.1111111111111111,9,1.0,1.25,1.0,0.0,4,2.0,1.8,1.6,0.0,5
2016-10-29,2016-17,Manchester United,Burnley,0,0,D,1510.7,1477.6,33.2,7,14,7,9,9,0,0,0,0,1.0,1.2,1.8,0.2,5,1.2,1.0,1.6,0.2,5,1.5555555555555556,1.4444444444444444,1.3333333333333333,0.3333333333333333,9,1.1111111111111112,0.8888888888888888,1.4444444444444444,0.2222222222222222,9,1.75,2.0,1.0,0.25,4,0.0,0.3333333333333333,3.0,0.0,3
2016-10-29,2016-17,Middlesbrough,Bournemouth,2,0,H,1474.7,1501.0,-26.4,17,10,-7,9,9,0,0,0,0,0.4,0.6,1.4,0.2,5,1.6,1.8,1.4,0.4,5,0.7777777777777778,0.7777777777777778,1.2222222222222223,0.2222222222222222,9,1.3333333333333333,1.3333333333333333,1.3333333333333333,0.3333333333333333,9,0.25,0.75,1.5,0.0,4,0.5,0.75,2.0,0.0,4
2016-10-29,2016-17,Sunderland,Arsenal,1,4,A,1438.5,1541.7,-103.2,20,3,-17,9,9,0,0,0,0,0.2,0.6,1.6,0.0,5,2.6,2.2,0.6,0.6,5,0.2222222222222222,0.6666666666666666,1.7777777777777777,0.0,9,2.2222222222222223,2.111111111111111,1.0,0.4444444444444444,9,0.25,1.0,2.25,0.0,4,2.5,2.0,0.5,0.5,4
2016-10-29,2016-17,Tottenham,Leicester City,1,1,D,1547.7,1489.4,58.3,5,12,7,9,9,0,0,0,0,2.2,1.2,0.4,0.6,5,1.4,1.4,1.6,0.4,5,2.111111111111111,1.4444444444444444,0.4444444444444444,0.5555555555555556,9,1.2222222222222223,1.2222222222222223,1.6666666666666667,0.3333333333333333,9,2.5,1.25,0.25,0.75,4,0.0,0.75,3.25,0.0,4
2016-10-29,2016-17,Watford,Hull City,1,0,H,1502.3,1458.6,43.6,9,18,9,9,9,0,0,0,0,1.6,1.2,1.0,0.4,5,0.0,0.6,3.8,0.0,5,1.3333333333333333,1.4444444444444444,1.4444444444444444,0.2222222222222222,9,0.7777777777777778,0.8888888888888888,2.4444444444444446,0.1111111111111111,9,1.0,1.75,2.0,0.0,4,1.0,1.25,3.0,0.25,4
2016-10-29,2016-17,West Bromwich Albion,Manchester City,0,4,A,1492.3,1541.6,-49.4,14,3,-11,9,9,0,0,0,0,1.2,1.6,1.4,0.0,5,1.6,1.8,1.0,0.2,5,1.1111111111111112,1.1111111111111112,1.1111111111111112,0.2222222222222222,9,2.2222222222222223,2.2222222222222223,1.0,0.1111111111111111,9,1.25,1.5,1.25,0.25,4,2.25,2.25,1.25,0.0,4
2016-10-30,2016-17,Southampton,Chelsea,0,2,A,1513.2,1533.8,-20.6,9,5,-4,9,9,0,0,0,0,2.2,1.6,0.4,0.6,5,1.8,2.0,1.0,0.6,5,1.4444444444444444,1.2222222222222223,0.8888888888888888,0.3333333333333333,9,2.111111111111111,2.111111111111111,1.0,0.4444444444444444,9,2.0,1.5,0.75,0.25,4,1.75,1.5,1.5,0.25,4
2016-10-30,2016-17,Everton,West Ham United,2,0,H,1518.2,1479.0,39.2,6,16,10,9,9,0,0,0,0,1.0,1.2,1.2,0.0,5,1.4,1.0,1.6,0.4,5,1.6666666666666667,1.4444444444444444,0.8888888888888888,0.2222222222222222,9,1.1111111111111112,1.1111111111111112,1.8888888888888888,0.3333333333333333,9,2.0,1.5,0.75,0.25,4,0.75,1.25,2.25,0.25,4
2016-10-31,2016-17,Stoke City,Swansea City,3,1,H,1486.4,1454.1,32.3,17,19,2,9,9,0,0,0,0,1.6,1.4,1.2,0.4,5,0.2,0.8,1.8,0.2,5,1.0,1.0,1.7777777777777777,0.2222222222222222,9,0.5555555555555556,0.8888888888888888,1.6666666666666667,0.2222222222222222,9,1.0,1.0,2.25,0.25,4,0.75,1.0,1.5,0.25,4
2016-11-05,2016-17,Bournemouth,Sunderland,1,2,A,1493.1,1428.6,64.5,10,20,10,10,10,0,0,0,0,1.6,1.8,1.0,0.4,5,0.2,0.8,2.2,0.0,5,1.2,1.2,1.4,0.3,10,0.2,0.7,2.0,0.0,10,2.0,1.8,0.8,0.6,5,0.2,0.4,1.4,0.0,5
2016-11-05,2016-17,Burnley,Crystal Palace,3,2,H,1481.2,1480.0,1.2,14,13,-1,10,10,0,0,0,0,1.4,1.0,1.0,0.4,5,0.8,1.4,2.2,0.0,5,1.1,0.8,1.3,0.3,10,1.1,1.4,1.6,0.0,10,2.0,1.4,0.6,0.4,5,1.4,1.4,1.6,0.0,5
2016-11-05,2016-17,Chelsea,Everton,5,0,H,1546.0,1524.4,21.7,4,6,2,10,10,0,0,0,0,2.4,2.2,0.6,0.8,5,1.0,1.0,1.0,0.2,5,2.2,2.1,0.9,0.5,10,1.8,1.5,0.8,0.3,10,2.4,2.6,0.6,0.6,5,1.4,1.4,1.0,0.2,5
2016-11-05,2016-17,Manchester City,Middlesbrough,1,1,D,1553.1,1482.6,70.5,2,15,13,10,10,0,0,0,0,1.6,1.8,1.0,0.2,5,1.0,0.8,0.8,0.4,5,2.3,2.4,0.9,0.2,10,1.0,0.9,1.1,0.3,10,2.2,2.2,0.8,0.2,5,1.2,0.8,1.0,0.4,5
2016-11-05,2016-17,West Ham United,Stoke City,1,1,D,1472.8,1492.8,-20.0,17,13,-4,10,10,0,0,0,0,1.4,0.6,1.2,0.4,5,2.2,1.8,0.6,0.4,5,1.0,1.0,1.9,0.3,10,1.2,1.2,1.7,0.2,10,1.4,1.0,1.6,0.4,5,1.0,1.0,1.4,0.2,5
2016-11-06,2016-17,Arsenal,Tottenham,1,1,D,1551.6,1543.4,8.2,3,5,2,10,10,0,0,0,0,2.6,2.2,0.6,0.6,5,1.8,1.2,0.6,0.4,5,2.3,2.3,1.0,0.4,10,2.0,1.4,0.5,0.5,10,2.0,2.2,1.4,0.4,5,1.8,1.6,0.6,0.4,5
2016-11-06,2016-17,Hull City,Southampton,2,1,H,1452.5,1500.9,-48.4,18,10,-8,10,10,0,0,0,0,0.0,0.4,3.2,0.0,5,1.6,1.4,0.8,0.4,5,0.7,0.8,2.3,0.1,10,1.3,1.1,1.0,0.3,10,0.6,0.6,2.0,0.0,5,1.0,1.0,1.0,0.4,5
2016-11-06,2016-17,Leicester City,West Bromwich Albion,1,2,A,1493.7,1480.8,12.9,13,17,4,10,10,0,0,0,0,1.0,1.0,1.8,0.2,5,0.6,0.8,1.8,0.0,5,1.2,1.2,1.6,0.3,10,1.0,1.0,1.4,0.2,10,2.2,1.6,0.4,0.6,5,1.0,0.8,1.0,0.2,5
2016-11-06,2016-17,Liverpool,Watford,6,1,H,1559.1,1508.4,50.7,4,7,3,10,10,0,0,0,0,2.6,2.6,1.0,0.2,5,1.6,0.8,0.8,0.6,5,2.3,2.4,1.3,0.1,10,1.5,1.4,1.3,0.3,10,2.5,2.75,0.75,0.25,4,1.6,1.2,1.0,0.4,5
2016-11-06,2016-17,Swansea City,Manchester United,1,3,A,1447.7,1507.1,-59.4,19,7,-12,10,10,0,0,0,0,0.2,1.0,2.2,0.2,5,1.2,1.0,1.2,0.4,5,0.5,0.9,1.8,0.2,10,1.5,1.3,1.2,0.4,10,0.4,0.8,1.8,0.2,5,1.4,1.0,1.6,0.4,5
2016-11-19,2016-17,Sunderland,Hull City,3,0,H,1443.0,1461.1,-18.0,20,18,-2,11,11,0,0,0,0,0.8,0.8,1.8,0.0,5,0.6,0.6,2.4,0.0,5,0.5,0.8,1.9,0.0,10,0.7,0.8,2.3,0.1,10,0.2,1.0,2.6,0.0,5,0.8,1.0,2.6,0.2,5
2016-11-19,2016-17,Watford,Leicester City,2,1,H,1502.5,1480.5,21.9,8,14,6,11,11,0,0,0,0,1.6,1.0,1.6,0.6,5,1.0,1.0,1.4,0.2,5,1.4,1.4,1.8,0.3,10,1.2,1.2,1.6,0.3,10,1.4,1.6,1.6,0.2,5,0.2,0.8,2.8,0.0,5
2016-11-19,2016-17,Stoke City,Bournemouth,0,1,A,1495.0,1478.7,16.3,12,13,1,11,11,0,0,0,0,2.2,1.8,0.6,0.4,5,1.0,1.8,1.4,0.2,5,1.2,1.2,1.7,0.2,10,1.2,1.2,1.3,0.3,10,1.4,1.4,2.0,0.2,5,0.4,0.6,2.0,0.0,5
2016-11-19,2016-17,Tottenham,West Ham United,3,2,H,1546.4,1470.6,75.9,5,17,12,11,11,0,0,0,0,1.4,1.0,0.6,0.4,5,1.6,0.8,0.8,0.4,5,2.0,1.4,0.5,0.5,10,1.1,1.0,1.8,0.3,10,2.2,1.2,0.4,0.6,5,0.6,1.0,2.2,0.2,5
2016-11-19,2016-17,Manchester United,Arsenal,1,1,D,1518.3,1548.6,-30.4,6,4,-2,11,11,0,0,0,0,1.2,0.8,1.2,0.4,5,2.2,1.8,0.8,0.4,5,1.5,1.3,1.2,0.4,10,2.4,2.1,0.7,0.4,10,1.6,1.6,0.8,0.4,5,2.6,2.4,0.6,0.4,5
2016-11-19,2016-17,Crystal Palace,Manchester City,1,2,A,1472.9,1548.5,-75.7,16,4,-12,11,11,0,0,0,0,0.2,1.2,2.4,0.0,5,1.2,1.4,1.0,0.2,5,1.1,1.6,1.8,0.0,10,2.1,2.3,0.9,0.2,10,0.8,1.4,1.6,0.0,5,2.4,2.6,1.0,0.2,5
2016-11-19,2016-17,Southampton,Liverpool,0,0,D,1492.4,1565.0,-72.6,11,2,-9,11,11,0,0,0,0,1.0,1.0,1.2,0.2,5,2.6,2.8,1.0,0.2,5,1.2,1.1,1.1,0.3,10,2.3,2.6,1.1,0.1,10,1.6,1.2,1.0,0.2,5,2.0,1.8,1.4,0.0,5
2016-11-19,2016-17,Everton,Swansea City,1,1,D,1517.8,1436.6,81.2,7,20,13,11,11,0,0,0,0,1.0,1.0,1.8,0.2,5,0.2,1.0,2.2,0.2,5,1.7,1.4,1.2,0.3,10,0.2,0.9,2.1,0.1,10,2.2,1.6,0.6,0.4,5,0.6,1.0,1.8,0.2,5
2016-11-20,2016-17,Middlesbrough,Chelsea,0,1,A,1487.1,1552.7,-65.5,15,3,-12,11,11,0,0,0,0,1.2,0.8,0.6,0.4,5,3.0,3.2,0.0,1.0,5,1.0,0.9,1.1,0.3,10,2.2,2.4,0.8,0.6,10,0.8,1.0,1.2,0.2,5,2.0,1.6,1.2,0.4,5
2016-11-21,2016-17,West Bromwich Albion,Burnley,4,0,H,1494.0,1488.4,5.6,12,11,-1,11,11,0,0,0,0,1.0,1.0,1.8,0.0,5,1.4,1.2,1.4,0.2,5,1.0,1.1,1.5,0.1,10,1.4,1.1,1.4,0.3,10,1.0,1.2,1.8,0.2,5,0.25,0.25,2.25,0.25,4
2016-11-26,2016-17,Burnley,Manchester City,1,2,A,1481.3,1559.2,-77.9,12,3,-9,12,12,0,0,0,0,1.4,1.2,2.0,0.2,5,1.8,1.8,0.8,0.2,5,1.1,0.9,1.8,0.2,10,2.1,2.1,0.9,0.2,10,2.0,1.6,1.0,0.2,5,2.4,2.2,1.0,0.2,5
2016-11-26,2016-17,Chelsea,Tottenham,2,1,H,1563.7,1551.8,11.9,2,5,3,12,12,0,0,0,0,3.0,3.0,0.0,1.0,5,1.4,1.2,1.0,0.2,5,2.2,2.3,0.7,0.7,10,2.0,1.6,0.7,0.4,10,2.4,3.2,0.4,0.8,5,1.8,1.6,0.6,0.4,5
2016-11-26,2016-17,Hull City,West Bromwich Albion,1,1,D,1453.4,1501.0,-47.6,18,9,-9,12,12,0,0,0,0,0.6,0.6,2.6,0.0,5,1.4,1.6,1.6,0.2,5,0.4,0.6,2.6,0.0,10,1.3,1.4,1.3,0.2,10,0.6,0.6,2.0,0.0,5,1.0,1.0,1.2,0.0,5
2016-11-26,2016-17,Leicester City,Middlesbrough,2,2,D,1473.9,1476.1,-2.2,14,15,1,12,12,0,0,0,0,0.8,1.2,1.8,0.0,5,1.0,0.6,0.6,0.4,5,1.1,1.3,1.8,0.2,10,0.7,0.7,1.1,0.3,10,2.0,1.8,0.8,0.4,5,0.8,0.6,1.0,0.4,5
2016-11-26,2016-17,Liverpool,Sunderland,2,0,H,1565.8,1450.7,115.1,3,19,16,12,12,0,0,0,0,2.2,2.4,0.8,0.4,5,1.2,1.2,1.6,0.2,5,2.4,2.6,0.9,0.2,10,0.8,1.0,1.7,0.1,10,2.6,3.4,0.8,0.2,5,0.8,0.6,1.2,0.0,5
2016-11-26,2016-17,Swansea City,Crystal Palace,5,4,H,1441.3,1462.2,-20.8,20,16,-4,12,12,0,0,0,0,0.4,1.0,2.0,0.2,5,0.0,1.2,2.6,0.0,5,0.3,1.0,2.0,0.1,10,1.1,1.7,1.9,0.0,10,0.4,1.0,2.0,0.2,5,1.4,1.8,2.0,0.0,5
2016-11-27,2016-17,Southampton,Everton,1,0,H,1491.6,1513.0,-21.4,11,7,-4,12,12,0,0,0,0,1.0,1.0,1.2,0.2,5,1.0,1.0,1.8,0.2,5,1.3,1.1,0.9,0.4,10,1.5,1.3,1.2,0.3,10,1.6,1.0,0.8,0.4,5,0.8,1.0,1.8,0.2,5
2016-11-27,2016-17,Watford,Stoke City,0,1,A,1509.1,1481.8,27.3,8,14,6,12,12,0,0,0,0,2.0,1.0,1.4,0.6,5,2.0,1.6,0.6,0.4,5,1.7,1.5,1.7,0.3,10,1.2,1.1,1.4,0.2,10,2.0,1.8,1.4,0.2,5,1.0,1.0,1.4,0.2,5
2016-11-27,2016-17,Arsenal,Bournemouth,3,1,H,1550.6,1491.9,58.7,4,12,8,12,12,0,0,0,0,1.8,1.8,1.0,0.2,5,1.4,1.6,1.0,0.4,5,2.4,2.2,0.8,0.3,10,1.5,1.3,1.2,0.4,10,2.2,1.8,0.8,0.4,5,1.0,0.8,1.8,0.2,5
2016-11-27,2016-17,Manchester United,West Ham United,1,1,D,1516.3,1465.2,51.1,6,17,11,12,12,0,0,0,0,1.2,0.8,1.2,0.4,5,1.4,1.0,1.2,0.4,5,1.3,1.2,1.3,0.3,10,0.8,1.1,2.1,0.2,10,1.2,1.4,1.0,0.2,5,0.6,1.2,2.4,0.2,5
2016-12-03,2016-17,Crystal Palace,Southampton,3,0,H,1454.4,1499.4,-45.0,17,10,-7,13,13,0,0,0,0,0.0,2.0,3.4,0.0,5,1.0,0.6,1.0,0.4,5,1.0,2.0,2.3,0.0,10,1.5,1.1,0.8,0.5,10,0.8,1.6,1.8,0.0,5,1.0,1.2,1.0,0.4,5
2016-12-03,2016-17,Manchester City,Chelsea,1,3,A,1569.9,1570.6,-0.7,3,1,-2,13,13,0,0,0,0,2.2,2.0,0.8,0.2,5,3.0,2.8,0.2,0.8,5,2.1,2.0,0.9,0.2,10,2.2,2.2,0.8,0.6,10,1.8,2.0,0.8,0.2,5,2.0,1.4,1.0,0.6,5
2016-12-03,2016-17,Stoke City,Burnley,2,0,H,1495.3,1470.7,24.6,11,14,3,13,13,0,0,0,0,2.0,1.4,0.6,0.4,5,1.4,1.2,1.8,0.2,5,1.5,1.2,1.3,0.3,10,1.1,1.0,1.7,0.2,10,1.4,1.2,1.4,0.2,5,0.2,0.2,2.6,0.2,5
2016-12-03,2016-17,Sunderland,Leicester City,2,1,H,1446.2,1471.2,-24.9,20,15,-5,13,13,0,0,0,0,1.2,1.2,1.6,0.2,5,1.0,1.6,1.6,0.0,5,0.7,0.9,1.8,0.1,10,0.9,1.3,1.9,0.2,10,0.8,1.4,2.2,0.2,5,0.2,0.8,2.8,0.0,5
2016-12-03,2016-17,Tottenham,Swansea City,5,0,H,1544.9,1449.1,95.8,5,20,15,13,13,0,0,0,0,1.2,1.2,1.2,0.2,5,1.0,1.6,2.2,0.2,5,1.9,1.6,0.8,0.4,10,0.6,1.4,2.2,0.1,10,2.2,1.6,0.8,0.4,5,0.2,1.0,2.0,0.0,5
2016-12-03,2016-17,West Bromwich Albion,Watford,3,1,H,1502.5,1495.6,6.9,10,9,-1,13,13,0,0,0,0,1.4,1.6,1.6,0.2,5,1.4,0.8,1.6,0.4,5,1.3,1.5,1.4,0.1,10,1.7,1.4,1.5,0.3,10,1.6,1.8,1.4,0.4,5,1.4,1.2,2.0,0.4,5
2016-12-03,2016-17,West Ham United,Arsenal,1,5,A,1469.3,1556.3,-87.0,17,4,-13,13,13,0,0,0,0,1.0,1.0,1.4,0.2,5,1.8,1.8,0.8,0.2,5,0.9,1.1,1.9,0.2,10,2.4,2.2,0.8,0.3,10,1.0,1.0,1.8,0.2,5,2.6,2.6,0.8,0.2,5
2016-12-04,2016-17,Bournemouth,Liverpool,4,3,H,1486.2,1570.3,-84.1,12,3,-9,13,13,0,0,0,0,0.8,0.6,1.4,0.4,5,2.6,2.8,0.8,0.4,5,1.4,1.3,1.4,0.4,10,2.6,2.7,0.8,0.3,10,2.0,1.8,0.6,0.6,5,2.2,1.8,1.0,0.2,5
2016-12-04,2016-17,Everton,Manchester United,1,1,D,1505.2,1512.2,-7.0,8,7,-1,13,13,0,0,0,0,0.8,0.8,1.8,0.2,5,1.2,1.0,1.4,0.2,5,1.2,1.2,1.3,0.2,10,1.1,1.2,1.4,0.2,10,2.2,1.6,0.6,0.4,5,1.4,1.0,1.6,0.4,5
2016-12-05,2016-17,Middlesbrough,Hull City,1,0,H,1478.9,1451.9,27.0,16,19,3,13,13,0,0,0,0,1.2,1.0,0.8,0.4,5,0.8,0.6,1.6,0.0,5,0.7,0.9,1.3,0.2,10,0.5,0.7,2.6,0.0,10,0.6,0.8,1.2,0.2,5,0.2,0.6,3.2,0.0,5
2016-12-10,2016-17,Swansea City,Sunderland,3,0,H,1444.2,1454.1,-9.9,20,18,-2,14,14,0,0,0,0,0.8,1.6,3.2,0.0,5,1.8,1.6,1.6,0.2,5,0.5,1.2,2.5,0.1,10,1.0,1.1,1.6,0.1,10,0.8,1.6,2.4,0.2,5,0.6,0.4,1.4,0.0,5
2016-12-10,2016-17,Hull City,Crystal Palace,3,3,D,1445.4,1462.8,-17.5,20,14,-6,14,14,0,0,0,0,0.8,0.6,1.4,0.0,5,0.6,2.4,2.8,0.2,5,0.4,0.6,2.6,0.0,10,1.0,2.1,2.2,0.1,10,0.8,0.8,2.0,0.0,5,0.8,2.2,2.8,0.0,5
2016-12-10,2016-17,Watford,Everton,3,2,H,1488.6,1502.6,-14.0,11,8,-3,14,14,0,0,0,0,1.2,1.0,2.2,0.2,5,1.0,0.8,1.6,0.2,5,1.4,1.1,1.6,0.3,10,1.0,1.0,1.4,0.1,10,2.0,1.6,1.0,0.2,5,0.2,0.4,2.0,0.0,5
2016-12-10,2016-17,Leicester City,Manchester City,4,2,H,1463.3,1557.1,-93.8,16,4,-12,14,14,0,0,0,0,0.4,1.2,1.8,0.0,5,2.0,2.0,1.2,0.2,5,0.9,1.3,1.7,0.2,10,1.8,1.9,1.1,0.2,10,1.6,1.8,1.0,0.4,5,2.4,2.2,1.0,0.2,5
2016-12-10,2016-17,Arsenal,Stoke City,3,1,H,1566.7,1501.9,64.8,2,10,8,14,14,0,0,0,0,2.2,2.8,1.0,0.0,5,2.0,1.4,0.6,0.4,5,2.4,2.5,0.8,0.3,10,1.8,1.4,0.9,0.4,10,2.2,2.0,0.8,0.4,5,1.6,1.2,1.2,0.4,5
2016-12-10,2016-17,Burnley,Bournemouth,3,2,H,1464.1,1495.8,-31.6,16,11,-5,14,14,0,0,0,0,0.8,0.8,2.0,0.2,5,1.2,1.4,2.0,0.2,5,1.0,0.9,1.8,0.2,10,1.4,1.6,1.7,0.3,10,1.8,1.6,1.2,0.2,5,0.8,0.8,2.2,0.2,5
2016-12-11,2016-17,Chelsea,West Bromwich Albion,1,0,H,1583.3,1509.5,73.8,2,8,6,14,14,0,0,0,0,3.0,2.6,0.4,0.6,5,2.0,2.0,1.4,0.2,5,2.4,2.3,0.7,0.6,10,1.6,1.8,1.4,0.1,10,2.4,3.0,0.6,0.6,5,1.2,1.2,1.2,0.0,5
2016-12-11,2016-17,Liverpool,West Ham United,2,2,D,1560.8,1458.9,101.8,3,18,15,14,14,0,0,0,0,2.0,3.0,1.4,0.4,5,0.4,1.0,2.4,0.0,5,2.3,2.6,1.1,0.3,10,0.9,1.0,2.0,0.2,10,2.6,3.0,0.6,0.4,5,0.8,1.2,2.0,0.2,5
2016-12-11,2016-17,Manchester United,Tottenham,1,0,H,1514.8,1549.8,-35.0,6,5,-1,14,14,0,0,0,0,1.4,1.2,0.8,0.2,5,1.6,2.2,1.2,0.2,5,1.2,1.2,1.3,0.2,10,1.9,1.7,0.8,0.4,10,1.4,1.4,0.8,0.2,5,1.2,1.0,1.0,0.2,5
2016-12-11,2016-17,Southampton,Middlesbrough,1,0,H,1490.9,1485.4,5.6,12,16,4,14,14,0,0,0,0,0.8,0.4,1.4,0.4,5,1.6,1.2,0.8,0.4,5,1.5,1.0,0.9,0.5,10,1.0,0.9,1.1,0.3,10,2.0,1.0,0.6,0.6,5,0.8,1.0,1.4,0.2,5
2016-12-13,2016-17,Bournemouth,Leicester City,1,0,H,1487.7,1473.1,14.6,12,14,2,15,15,0,0,0,0,1.2,1.8,2.2,0.2,5,0.8,1.8,2.0,0.0,5,1.4,1.8,1.6,0.3,10,0.9,1.4,1.9,0.1,10,2.0,2.4,1.2,0.4,5,0.2,0.8,2.4,0.0,5
2016-12-13,2016-17,Everton,Arsenal,2,1,H,1495.0,1572.3,-77.3,10,2,-8,15,15,0,0,0,0,0.4,0.8,2.2,0.0,5,2.2,2.6,1.0,0.0,5,0.7,0.9,1.6,0.1,10,2.4,2.4,0.8,0.3,10,1.8,1.6,0.8,0.2,5,2.6,3.0,0.8,0.2,5
2016-12-14,2016-17,West Ham United,Burnley,1,0,H,1464.2,1472.2,-8.0,17,13,-4,15,15,0,0,0,0,0.6,1.4,2.4,0.0,5,1.2,1.4,2.4,0.0,5,1.0,1.0,1.8,0.2,10,1.3,1.2,1.7,0.2,10,1.0,0.8,2.0,0.2,5,0.2,0.2,2.4,0.2,5
2016-12-14,2016-17,Tottenham,Hull City,3,0,H,1541.6,1443.1,98.6,5,19,14,15,15,0,0,0,0,1.4,2.0,1.2,0.2,5,1.0,1.2,1.8,0.0,5,1.6,1.6,0.9,0.3,10,0.5,0.8,2.5,0.0,10,2.6,2.4,0.6,0.6,5,0.0,0.4,3.2,0.0,5
2016-12-14,2016-17,Sunderland,Chelsea,0,1,A,1446.6,1588.7,-142.1,20,1,-19,15,15,0,0,0,0,1.8,1.4,1.4,0.2,5,3.0,2.4,0.4,0.6,5,1.0,1.1,1.8,0.1,10,2.7,2.3,0.5,0.7,10,1.4,1.8,1.8,0.2,5,2.4,1.6,0.8,0.6,5
2016-12-14,2016-17,West Bromwich Albion,Swansea City,3,1,H,1504.1,1451.7,52.5,10,18,8,15,15,0,0,0,0,2.0,2.0,0.8,0.2,5,1.4,2.0,2.6,0.2,5,1.3,1.4,1.3,0.1,10,0.8,1.5,2.4,0.2,10,2.0,2.4,1.6,0.2,5,0.2,0.8,2.6,0.0,5
2016-12-14,2016-17,Middlesbrough,Liverpool,0,3,A,1478.3,1555.5,-77.2,17,3,-14,15,15,0,0,0,0,1.0,0.8,1.0,0.2,5,1.6,2.6,1.4,0.4,5,1.0,0.8,0.9,0.3,10,2.1,2.6,1.2,0.3,10,1.2,0.8,0.8,0.4,5,2.0,2.2,1.6,0.2,5
2016-12-14,2016-17,Manchester City,Watford,2,0,H,1547.3,1496.1,51.1,5,10,5,15,15,0,0,0,0,1.4,1.6,2.0,0.0,5,1.2,1.4,2.6,0.0,5,1.5,1.7,1.5,0.1,10,1.4,1.1,1.7,0.3,10,1.2,1.6,1.2,0.2,5,0.8,0.6,2.2,0.4,5
2016-12-14,2016-17,Crystal Palace,Manchester United,1,2,A,1465.2,1523.0,-57.8,16,6,-10,15,15,0,0,0,0,0.8,2.6,2.6,0.2,5,1.8,1.4,0.8,0.2,5,0.8,2.0,2.4,0.1,10,1.5,1.2,1.0,0.3,10,1.2,2.0,1.6,0.2,5,1.0,1.0,1.8,0.2,5
2016-12-14,2016-17,Stoke City,Southampton,0,0,D,1496.3,1498.0,-1.7,12,11,-1,15,15,0,0,0,0,1.4,1.0,1.0,0.4,5,1.4,0.6,1.0,0.6,5,1.8,1.4,0.8,0.4,10,1.5,1.0,0.9,0.5,10,2.0,1.6,0.6,0.4,5,1.0,1.0,1.2,0.4,5
2016-12-17,2016-17,West Ham United,Hull City,1,0,H,1471.6,1438.2,33.4,15,19,4,16,16,0,0,0,0,1.0,1.4,2.2,0.2,5,0.4,0.8,2.2,0.0,5,1.3,1.1,1.5,0.3,10,0.5,0.7,2.3,0.0,10,1.6,1.0,1.4,0.4,5,0.0,0.2,2.8,0.0,5
2016-12-17,2016-17,Sunderland,Watford,1,0,H,1437.8,1490.2,-52.4,20,11,-9,16,16,0,0,0,0,1.2,1.0,1.4,0.2,5,1.2,1.2,1.8,0.0,5,1.0,0.9,1.6,0.1,10,1.4,1.1,1.7,0.3,10,1.4,1.4,1.4,0.2,5,0.8,0.6,2.2,0.4,5
2016-12-17,2016-17,West Bromwich Albion,Manchester United,0,2,A,1510.0,1534.2,-24.1,7,6,-1,16,16,0,0,0,0,2.0,2.2,0.8,0.2,5,1.8,1.2,0.8,0.2,5,1.5,1.6,1.3,0.1,10,1.5,1.0,1.0,0.3,10,2.0,2.2,1.4,0.2,5,1.6,1.2,1.4,0.2,5
2016-12-17,2016-17,Middlesbrough,Swansea City,3,0,H,1467.7,1445.8,21.9,17,19,2,16,16,0,0,0,0,0.8,0.6,1.4,0.2,5,1.4,2.0,2.6,0.2,5,1.0,0.7,1.0,0.3,10,0.8,1.5,2.4,0.2,10,1.2,0.6,1.0,0.4,5,0.2,1.0,3.0,0.0,5
2016-12-17,2016-17,Crystal Palace,Chelsea,0,1,A,1454.0,1597.5,-143.5,17,1,-16,16,16,0,0,0,0,0.8,2.4,2.4,0.2,5,3.0,1.6,0.4,0.6,5,0.5,1.8,2.4,0.1,10,3.0,2.4,0.2,0.8,10,0.6,1.4,1.8,0.2,5,3.0,1.8,0.2,0.8,5
2016-12-17,2016-17,Stoke City,Leicester City,2,2,D,1493.5,1466.3,27.2,12,16,4,16,16,0,0,0,0,1.4,0.8,0.8,0.6,5,0.8,1.6,1.8,0.0,5,1.8,1.3,0.7,0.5,10,0.9,1.3,1.6,0.1,10,2.0,1.4,0.4,0.6,5,0.2,0.6,1.8,0.0,5
2016-12-18,2016-17,Bournemouth,Southampton,1,3,A,1494.5,1500.8,-6.2,10,9,-1,16,16,0,0,0,0,1.8,1.8,1.8,0.4,5,1.6,0.4,0.6,0.8,5,1.4,1.8,1.6,0.3,10,1.3,0.7,0.9,0.5,10,2.0,2.4,1.2,0.4,5,0.6,0.4,1.2,0.4,5
2016-12-18,2016-17,Manchester City,Arsenal,2,1,H,1553.2,1562.9,-9.8,4,3,-1,16,16,0,0,0,0,1.8,1.8,1.8,0.2,5,2.0,2.6,1.2,0.0,5,1.5,1.6,1.4,0.2,10,2.1,2.2,1.0,0.2,10,1.2,1.2,1.2,0.2,5,2.0,2.4,1.0,0.2,5
2016-12-18,2016-17,Tottenham,Burnley,2,1,H,1546.5,1464.8,81.7,5,16,11,16,16,0,0,0,0,1.8,2.4,1.0,0.4,5,0.6,0.8,2.2,0.0,5,1.6,1.7,0.8,0.4,10,1.0,1.0,1.8,0.1,10,2.6,2.8,0.6,0.6,5,0.2,0.2,2.0,0.2,5
2016-12-19,2016-17,Everton,Liverpool,0,1,A,1504.3,1566.2,-61.8,9,3,-6,16,16,0,0,0,0,1.0,1.2,1.4,0.0,5,1.6,2.0,1.2,0.6,5,1.0,1.1,1.6,0.1,10,2.1,2.4,1.1,0.4,10,1.8,1.4,0.8,0.2,5,2.0,2.4,1.4,0.4,5
2016-12-26,2016-17,Watford,Crystal Palace,1,1,D,1481.6,1445.2,36.4,12,17,5,17,17,0,0,0,0,0.6,0.8,1.8,0.0,5,0.8,2.2,2.2,0.2,5,1.3,0.9,1.6,0.3,10,0.4,1.7,2.4,0.1,10,2.0,1.6,1.2,0.2,5,0.4,2.2,3.0,0.0,5
2016-12-26,2016-17,Swansea City,West Ham United,1,4,A,1439.2,1477.9,-38.8,19,13,-6,17,17,0,0,0,0,1.2,1.8,3.0,0.2,5,1.6,1.2,1.6,0.4,5,0.8,1.4,2.5,0.2,10,1.5,1.1,1.4,0.4,10,1.4,2.0,1.8,0.4,5,1.0,1.2,1.6,0.2,5
2016-12-26,2016-17,Manchester United,Sunderland,3,1,H,1546.3,1446.5,99.8,6,18,12,17,17,0,0,0,0,2.2,1.4,0.6,0.4,5,1.2,0.6,1.4,0.2,5,1.7,1.1,0.9,0.4,10,1.2,0.9,1.5,0.2,10,1.4,0.8,0.6,0.4,5,0.6,0.4,1.8,0.0,5
2016-12-26,2016-17,Leicester City,Everton,0,2,A,1469.8,1493.3,-23.5,15,9,-6,17,17,0,0,0,0,1.0,1.8,1.8,0.0,5,0.8,1.0,1.4,0.0,5,0.9,1.5,1.8,0.0,10,0.9,1.0,1.6,0.1,10,1.6,2.0,1.4,0.2,5,0.2,0.8,2.4,0.0,5
2016-12-26,2016-17,Hull City,Manchester City,0,3,A,1431.9,1560.6,-128.7,20,3,-17,17,17,0,0,0,0,0.4,0.8,1.8,0.0,5,1.8,1.8,1.8,0.2,5,0.5,0.7,2.2,0.0,10,1.8,1.8,1.3,0.2,10,1.0,1.2,1.8,0.0,5,1.8,2.0,1.6,0.2,5
2016-12-26,2016-17,Burnley,Middlesbrough,1,0,H,1459.6,1474.3,-14.7,16,14,-2,17,17,0,0,0,0,0.6,1.0,1.8,0.0,5,1.4,1.2,1.2,0.4,5,1.0,1.1,1.9,0.1,10,1.2,0.9,0.9,0.4,10,1.8,1.8,1.6,0.0,5,0.8,0.8,1.0,0.2,5
2016-12-26,2016-17,Chelsea,Bournemouth,3,0,H,1606.3,1481.9,124.4,1,12,11,17,17,0,0,0,0,3.0,1.6,0.4,0.6,5,1.2,1.8,2.4,0.2,5,3.0,2.3,0.2,0.8,10,1.3,1.7,1.7,0.3,10,3.0,3.0,0.2,0.8,5,0.8,1.2,2.0,0.2,5
2016-12-26,2016-17,Arsenal,West Bromwich Albion,1,0,H,1555.5,1497.9,57.6,4,9,5,17,17,0,0,0,0,1.8,2.6,1.4,0.0,5,1.4,1.4,1.2,0.0,5,1.8,2.2,1.2,0.1,10,1.4,1.5,1.4,0.1,10,2.2,2.0,1.0,0.2,5,1.0,1.0,1.2,0.0,5
2016-12-27,2016-17,Liverpool,Stoke City,4,1,H,1577.3,1490.0,87.3,3,12,9,17,17,0,0,0,0,2.0,2.2,1.2,0.6,5,1.6,1.2,1.0,0.6,5,2.1,2.3,1.0,0.5,10,1.8,1.4,0.8,0.5,10,2.2,2.4,0.8,0.4,5,1.6,1.2,1.0,0.4,5
2016-12-28,2016-17,Southampton,Tottenham,1,4,A,1513.4,1551.7,-38.3,8,5,-3,17,17,0,0,0,0,2.0,1.0,0.8,0.6,5,1.8,2.2,0.8,0.4,5,1.5,1.0,1.0,0.4,10,1.6,1.7,0.9,0.3,10,2.0,1.0,0.6,0.6,5,0.6,0.6,1.0,0.2,5
2016-12-30,2016-17,Hull City,Everton,2,2,D,1422.7,1505.4,-82.7,20,7,-13,18,18,0,0,0,0,0.2,0.6,2.2,0.0,5,1.4,1.4,1.2,0.2,5,0.5,0.6,1.9,0.0,10,1.1,1.1,1.5,0.2,10,1.0,1.2,2.0,0.0,5,0.6,1.0,2.2,0.2,5
2016-12-31,2016-17,Burnley,Sunderland,4,1,H,1467.2,1441.7,25.5,14,18,4,18,18,0,0,0,0,1.2,1.0,1.4,0.2,5,1.2,0.8,1.6,0.2,5,1.3,1.1,1.6,0.2,10,1.2,1.0,1.6,0.2,10,2.4,2.0,1.4,0.2,5,0.6,0.6,2.0,0.0,5
2016-12-31,2016-17,Chelsea,Stoke City,4,2,H,1610.6,1485.0,125.6,1,14,13,18,18,0,0,0,0,3.0,1.8,0.2,0.8,5,1.0,1.2,1.8,0.4,5,3.0,2.3,0.2,0.8,10,1.5,1.3,1.2,0.4,10,3.0,3.0,0.2,0.8,5,1.4,1.2,1.6,0.4,5
2016-12-31,2016-17,Leicester City,West Ham United,1,0,H,1457.6,1489.7,-32.0,16,12,-4,18,18,0,0,0,0,0.8,1.4,1.8,0.0,5,2.0,1.8,1.6,0.4,5,0.9,1.5,1.7,0.0,10,1.5,1.4,1.5,0.3,10,1.4,2.0,1.8,0.0,5,1.0,1.8,1.8,0.0,5
2016-12-31,2016-17,Liverpool,Manchester City,1,0,H,1582.4,1569.8,12.6,2,3,1,18,18,0,0,0,0,2.0,2.6,1.4,0.4,5,1.8,2.0,1.6,0.4,5,2.3,2.7,1.1,0.4,10,2.0,2.0,1.2,0.3,10,2.6,3.2,1.0,0.2,5,2.4,2.6,1.2,0.4,5
2016-12-31,2016-17,Manchester United,Middlesbrough,2,1,H,1551.1,1466.7,84.4,6,16,10,18,18,0,0,0,0,2.6,1.8,0.6,0.4,5,1.2,0.8,1.0,0.4,5,1.9,1.4,1.0,0.3,10,1.2,0.9,0.9,0.4,10,1.8,1.2,0.6,0.4,5,0.6,0.6,1.0,0.2,5
2016-12-31,2016-17,Southampton,West Bromwich Albion,1,2,A,1501.6,1492.1,9.5,8,9,1,18,18,0,0,0,0,1.4,1.0,1.6,0.4,5,1.2,1.2,1.2,0.0,5,1.2,0.8,1.3,0.4,10,1.3,1.4,1.4,0.1,10,1.4,0.6,1.2,0.6,5,0.8,0.8,1.2,0.0,5
2016-12-31,2016-17,Swansea City,Bournemouth,0,3,A,1427.4,1477.6,-50.1,20,13,-7,18,18,0,0,0,0,0.6,1.0,3.0,0.2,5,1.2,1.6,2.4,0.2,5,0.8,1.3,2.6,0.2,10,1.0,1.1,1.9,0.3,10,1.4,2.0,2.2,0.4,5,0.6,0.8,2.2,0.2,5
2017-01-01,2016-17,Watford,Tottenham,1,4,A,1477.9,1563.4,-85.6,12,5,-7,18,18,0,0,0,0,0.8,1.0,1.8,0.0,5,2.4,2.8,0.6,0.4,5,1.1,0.9,1.7,0.2,10,1.8,2.0,0.9,0.3,10,2.0,1.4,1.0,0.2,5,1.0,1.2,1.0,0.2,5
2017-01-01,2016-17,Arsenal,Crystal Palace,2,0,H,1561.2,1449.0,112.3,5,17,12,18,18,0,0,0,0,1.8,2.2,1.2,0.2,5,1.0,1.6,1.4,0.2,5,1.8,2.0,1.0,0.2,10,0.5,1.8,2.4,0.1,10,2.2,1.6,0.6,0.4,5,0.4,2.2,3.0,0.0,5
2017-01-02,2016-17,West Ham United,Manchester United,0,2,A,1481.6,1556.3,-74.7,12,6,-6,19,19,0,0,1,1,2.0,1.6,0.8,0.4,5,3.0,2.0,0.6,0.4,5,1.2,1.3,1.6,0.2,10,2.2,1.6,0.7,0.3,10,2.0,1.0,1.2,0.6,5,2.0,1.6,1.4,0.2,5
2017-01-02,2016-17,West Bromwich Albion,Hull City,3,1,H,1505.2,1422.2,83.0,8,19,11,19,19,0,0,1,1,1.2,1.0,1.2,0.0,5,0.4,1.0,2.4,0.0,5,1.6,1.5,1.3,0.1,10,0.6,0.8,1.9,0.0,10,1.8,2.0,1.6,0.2,5,0.0,0.0,1.8,0.0,5
2017-01-02,2016-17,Sunderland,Liverpool,2,2,D,1435.1,1589.2,-154.1,18,2,-16,19,19,0,1,0,1,0.6,0.6,2.2,0.2,5,2.6,2.2,0.6,0.6,5,1.2,1.1,1.9,0.2,10,2.3,2.6,1.0,0.5,10,1.8,1.4,1.2,0.4,5,2.0,2.2,1.2,0.6,5
2017-01-02,2016-17,Everton,Southampton,3,0,H,1505.9,1488.6,17.3,8,9,1,19,19,0,1,0,1,1.4,1.6,1.4,0.2,5,1.4,1.2,1.4,0.4,5,1.2,1.2,1.5,0.2,10,1.1,0.8,1.4,0.4,10,1.6,1.2,0.8,0.2,5,1.0,1.0,1.4,0.2,5
2017-01-02,2016-17,Manchester City,Burnley,2,1,H,1562.9,1473.7,89.2,5,11,6,19,19,1,0,0,1,1.8,1.8,1.2,0.4,5,1.8,1.8,1.2,0.2,5,1.9,1.9,1.2,0.3,10,1.3,1.3,1.6,0.2,10,1.6,1.4,1.2,0.2,5,0.2,0.2,1.8,0.2,5
2017-01-02,2016-17,Middlesbrough,Leicester City,0,0,D,1461.6,1465.7,-4.1,16,15,-1,19,19,0,0,1,1,0.6,0.8,1.4,0.2,5,1.4,1.4,1.4,0.2,5,1.1,1.0,1.1,0.3,10,0.9,1.3,1.6,0.1,10,1.8,1.2,0.8,0.6,5,0.4,1.0,1.6,0.0,5
2017-01-03,2016-17,Bournemouth,Arsenal,3,3,D,1489.0,1565.8,-76.8,9,4,-5,19,19,0,1,0,1,1.2,1.4,1.8,0.4,5,1.8,1.6,1.0,0.4,5,1.2,1.4,1.9,0.3,10,2.0,2.2,1.0,0.2,10,1.4,1.4,1.6,0.4,5,1.4,2.4,1.4,0.0,5
2017-01-03,2016-17,Crystal Palace,Swansea City,1,2,A,1444.4,1416.0,28.4,17,20,3,19,19,0,1,0,1,0.4,1.0,1.8,0.0,5,0.6,1.0,2.6,0.2,5,0.5,1.7,2.3,0.1,10,0.7,1.3,2.9,0.1,10,0.6,1.4,1.8,0.2,5,0.2,0.6,3.0,0.0,5
2017-01-03,2016-17,Stoke City,Watford,2,0,H,1480.7,1467.4,13.2,15,12,-3,19,19,1,0,0,1,0.4,1.2,2.6,0.2,5,0.8,1.0,2.0,0.0,5,1.2,1.3,1.6,0.3,10,1.0,1.0,2.1,0.1,10,1.6,1.4,0.8,0.4,5,0.2,0.4,2.4,0.2,5
2017-01-04,2016-17,Tottenham,Chelsea,2,0,H,1573.8,1614.9,-41.0,5,1,-4,19,19,0,1,0,1,2.4,2.6,0.8,0.2,5,3.0,2.0,0.4,0.8,5,2.0,2.4,1.0,0.2,10,3.0,2.3,0.4,0.7,10,2.6,2.8,0.8,0.4,5,3.0,1.6,0.2,0.8,5
2017-01-14,2016-17,Swansea City,Arsenal,0,4,A,1429.5,1566.4,-136.9,19,5,-14,20,20,0,1,0,1,0.6,0.8,2.8,0.0,5,1.4,1.6,1.4,0.4,5,1.0,1.4,2.7,0.1,10,1.8,2.1,1.2,0.2,10,1.2,2.0,2.8,0.2,5,1.0,2.2,1.8,0.0,5
2017-01-14,2016-17,Watford,Middlesbrough,0,0,D,1460.6,1458.9,1.7,14,16,2,20,20,1,0,0,1,0.2,0.4,2.0,0.0,5,0.8,0.8,1.2,0.4,5,0.7,0.9,2.3,0.0,10,0.9,0.8,1.1,0.3,10,1.4,1.4,1.8,0.0,5,0.4,0.8,1.4,0.0,5
2017-01-14,2016-17,Tottenham,West Bromwich Albion,4,0,H,1582.1,1510.3,71.8,4,8,4,20,20,0,0,1,1,3.0,3.0,0.6,0.4,5,1.8,1.6,1.2,0.0,5,2.2,2.5,0.9,0.3,10,1.9,1.8,1.0,0.1,10,3.0,3.0,0.6,0.6,5,1.4,1.0,1.0,0.0,5
2017-01-14,2016-17,West Ham United,Crystal Palace,3,0,H,1470.9,1430.9,40.0,14,17,3,20,20,1,0,0,1,1.8,1.2,0.8,0.4,5,0.2,0.6,1.6,0.0,5,1.2,1.3,1.6,0.2,10,0.5,1.6,2.1,0.1,10,1.4,0.8,1.6,0.4,5,0.4,2.0,2.8,0.0,5
2017-01-14,2016-17,Sunderland,Stoke City,1,3,A,1436.7,1487.5,-50.8,18,12,-6,20,20,0,1,0,1,0.8,1.0,2.0,0.2,5,1.0,1.4,2.0,0.4,5,1.3,1.2,1.7,0.2,10,1.2,1.2,1.5,0.4,10,2.0,1.6,0.8,0.4,5,0.8,1.2,2.4,0.2,5
2017-01-14,2016-17,Hull City,Bournemouth,3,1,H,1417.0,1488.3,-71.3,20,10,-10,20,20,0,1,0,1,0.2,0.6,2.4,0.0,5,1.4,1.6,1.8,0.4,5,0.6,0.9,2.1,0.0,10,1.3,1.7,2.0,0.3,10,1.2,1.6,2.0,0.0,5,1.2,1.4,1.8,0.4,5
2017-01-14,2016-17,Burnley,Southampton,1,0,H,1468.7,1481.8,-13.2,13,12,-1,20,20,0,1,0,1,1.2,1.4,1.2,0.2,5,0.8,1.0,2.0,0.2,5,1.2,1.4,1.8,0.1,10,1.1,0.8,1.5,0.4,10,2.4,2.4,1.4,0.2,5,0.8,0.8,1.8,0.2,5
2017-01-14,2016-17,Leicester City,Chelsea,0,3,A,1468.4,1606.5,-138.1,15,1,-14,20,20,0,1,0,1,1.0,0.6,1.0,0.4,5,2.4,1.8,0.8,0.6,5,0.9,1.2,1.5,0.2,10,2.7,2.1,0.6,0.6,10,1.4,1.6,1.6,0.2,5,2.4,1.2,0.6,0.6,5
2017-01-15,2016-17,Everton,Manchester City,4,0,H,1512.7,1568.0,-55.3,7,5,-2,20,20,0,0,1,1,2.0,1.8,0.8,0.4,5,2.4,1.8,0.6,0.4,5,1.2,1.3,1.5,0.2,10,1.9,1.7,1.3,0.2,10,1.6,1.4,0.8,0.2,5,1.8,1.8,1.4,0.2,5
2017-01-15,2016-17,Manchester United,Liverpool,1,1,D,1567.0,1587.7,-20.7,6,4,-2,20,20,0,0,1,1,3.0,2.2,0.6,0.4,5,2.6,2.2,0.6,0.6,5,2.4,1.8,0.7,0.3,10,2.1,2.4,1.0,0.5,10,2.2,1.6,0.8,0.2,5,1.6,1.8,1.2,0.6,5
2017-01-21,2016-17,Bournemouth,Watford,2,2,D,1479.1,1457.7,21.4,11,14,3,21,21,0,0,1,1,0.8,1.6,2.4,0.2,5,0.4,0.4,1.6,0.2,5,1.3,1.7,2.1,0.3,10,0.8,0.8,1.7,0.1,10,1.4,2.0,2.2,0.2,5,0.0,0.4,2.8,0.0,5
2017-01-21,2016-17,Crystal Palace,Everton,0,1,A,1424.7,1521.4,-96.7,17,7,-10,21,21,0,0,1,1,0.2,0.4,1.8,0.0,5,2.0,2.2,0.6,0.6,5,0.5,1.4,2.1,0.1,10,1.5,1.7,1.0,0.3,10,0.6,1.2,1.4,0.2,5,0.8,1.2,2.2,0.2,5
2017-01-21,2016-17,Liverpool,Swansea City,2,3,A,1589.9,1420.6,169.3,3,20,17,21,21,1,0,0,1,2.2,1.8,0.8,0.4,5,0.6,0.6,3.0,0.0,5,1.9,1.9,1.0,0.5,10,1.0,1.3,2.8,0.1,10,2.6,3.0,0.8,0.4,5,0.8,0.8,2.6,0.0,5
2017-01-21,2016-17,Manchester City,Tottenham,2,2,D,1559.2,1587.6,-28.3,5,2,-3,21,21,0,1,0,1,1.8,1.4,1.4,0.2,5,3.0,3.2,0.6,0.4,5,1.8,1.6,1.6,0.2,10,2.4,2.8,0.8,0.4,10,2.0,1.6,1.2,0.2,5,1.4,2.0,1.2,0.0,5
2017-01-21,2016-17,Middlesbrough,West Ham United,1,3,A,1461.7,1477.1,-15.3,16,12,-4,21,21,0,0,1,1,1.0,0.8,0.6,0.6,5,1.8,1.6,0.8,0.4,5,0.9,0.7,1.0,0.4,10,1.4,1.5,1.5,0.3,10,1.4,0.8,0.8,0.6,5,1.0,1.8,1.6,0.0,5
2017-01-21,2016-17,Stoke City,Manchester United,1,1,D,1498.9,1564.7,-65.8,10,6,-4,21,21,0,0,1,1,1.4,2.0,2.2,0.2,5,2.6,2.0,0.6,0.4,5,1.4,1.4,1.5,0.4,10,2.2,1.6,0.7,0.3,10,1.6,1.2,0.6,0.6,5,2.6,2.0,0.6,0.4,5
2017-01-21,2016-17,West Bromwich Albion,Sunderland,2,0,H,1504.9,1425.3,79.6,8,20,12,21,21,0,0,1,1,1.2,1.0,1.8,0.0,5,0.8,1.2,2.4,0.2,5,1.6,1.6,1.3,0.1,10,1.0,1.1,1.9,0.2,10,2.4,2.6,1.0,0.2,5,0.6,0.8,2.6,0.0,5
2017-01-22,2016-17,Southampton,Leicester City,3,0,H,1474.3,1459.5,14.8,13,15,2,21,21,0,0,1,1,0.6,1.0,2.2,0.0,5,1.0,0.6,1.4,0.4,5,1.1,0.7,1.4,0.4,10,0.9,1.1,1.6,0.2,10,1.4,0.8,1.2,0.6,5,0.4,0.8,1.4,0.2,5
2017-01-22,2016-17,Chelsea,Hull City,2,0,H,1615.4,1426.2,189.2,1,19,18,21,21,1,0,0,1,2.4,2.2,0.8,0.6,5,0.8,1.2,2.0,0.0,5,2.7,1.9,0.6,0.6,10,0.6,1.0,2.1,0.0,10,3.0,3.0,0.6,0.6,5,0.0,0.2,2.2,0.0,5
2017-01-22,2016-17,Arsenal,Burnley,2,1,H,1575.4,1476.2,99.2,4,13,9,21,21,1,0,0,1,2.0,2.2,1.0,0.6,5,1.8,1.6,1.0,0.4,5,2.0,2.4,1.1,0.3,10,1.2,1.2,1.6,0.2,10,2.6,2.0,0.6,0.4,5,0.0,0.4,2.2,0.0,5
2017-01-31,2016-17,Arsenal,Watford,1,2,A,1580.2,1461.1,119.1,2,14,12,22,22,1,0,0,1,2.6,2.4,0.8,0.6,5,0.6,0.8,1.8,0.2,5,2.2,2.5,1.1,0.3,10,0.6,0.8,1.8,0.1,10,3.0,2.2,0.6,0.4,5,0.2,0.6,2.0,0.0,5
2017-01-31,2016-17,Bournemouth,Crystal Palace,0,2,A,1475.8,1414.6,61.2,13,18,5,22,22,0,0,1,1,1.0,1.8,2.2,0.2,5,0.2,0.4,1.8,0.0,5,1.1,1.8,2.3,0.2,10,0.5,1.3,2.0,0.1,10,1.6,2.2,2.2,0.2,5,0.4,1.6,2.8,0.0,5
2017-01-31,2016-17,Burnley,Leicester City,1,0,H,1471.4,1452.7,18.7,14,15,1,22,22,0,1,0,1,1.8,1.6,1.0,0.4,5,0.8,0.2,1.6,0.4,5,1.2,1.3,1.4,0.2,10,0.9,1.0,1.7,0.2,10,2.4,2.0,1.0,0.4,5,0.4,0.6,1.6,0.2,5
2017-01-31,2016-17,Liverpool,Chelsea,1,1,D,1573.4,1618.6,-45.2,4,1,-3,22,22,1,0,0,1,1.6,2.0,1.4,0.2,5,2.4,2.4,0.8,0.6,5,1.8,2.1,1.3,0.4,10,2.7,2.0,0.6,0.6,10,2.0,2.2,1.2,0.4,5,2.4,1.6,0.6,0.6,5
2017-01-31,2016-17,Middlesbrough,West Bromwich Albion,1,1,D,1449.3,1510.2,-60.8,16,8,-8,22,22,0,0,1,1,0.4,0.4,1.2,0.4,5,1.8,1.4,1.4,0.2,5,0.9,0.8,1.2,0.4,10,1.6,1.4,1.3,0.1,10,1.4,1.0,1.2,0.6,5,0.8,0.6,1.6,0.0,5
2017-01-31,2016-17,Sunderland,Tottenham,0,0,D,1420.0,1589.6,-169.6,20,3,-17,22,22,0,1,0,1,0.2,1.0,2.8,0.0,5,2.6,3.2,0.8,0.4,5,0.7,0.8,2.1,0.1,10,2.2,2.7,0.8,0.4,10,1.4,1.2,1.4,0.2,5,1.4,2.2,1.4,0.0,5
2017-01-31,2016-17,Swansea City,Southampton,2,1,H,1437.1,1481.1,-44.0,18,12,-6,22,22,0,1,0,1,1.2,1.2,2.8,0.0,5,0.6,1.0,2.0,0.2,5,1.2,1.5,2.9,0.1,10,1.3,1.0,1.4,0.4,10,1.2,1.8,3.0,0.2,5,0.8,0.6,1.6,0.2,5
2017-02-01,2016-17,Manchester United,Hull City,0,0,D,1565.7,1423.0,142.7,6,20,14,22,22,1,0,0,1,2.2,1.8,0.8,0.2,5,0.8,1.2,2.2,0.0,5,2.2,1.6,0.7,0.3,10,0.6,1.0,2.0,0.0,10,2.2,1.6,0.8,0.2,5,0.0,0.2,2.0,0.0,5
2017-02-01,2016-17,Stoke City,Everton,1,1,D,1497.9,1531.5,-33.5,10,7,-3,22,22,0,1,0,1,1.4,1.8,2.0,0.2,5,2.6,2.4,0.4,0.8,5,1.5,1.5,1.5,0.4,10,1.7,1.7,0.9,0.4,10,1.8,1.4,0.6,0.6,5,1.4,1.4,1.2,0.4,5
2017-02-01,2016-17,West Ham United,Manchester City,0,4,A,1489.4,1557.2,-67.8,11,5,-6,22,22,0,1,0,1,1.8,2.0,1.0,0.2,5,1.4,1.4,1.6,0.2,5,1.7,1.6,1.3,0.3,10,1.6,1.6,1.7,0.2,10,1.8,1.2,1.4,0.6,5,1.2,1.4,2.0,0.2,5
2017-02-04,2016-17,Tottenham,Middlesbrough,1,0,H,1587.6,1448.2,139.4,2,15,13,23,23,1,0,0,1,2.2,2.4,0.6,0.6,5,0.6,0.6,1.2,0.4,5,2.3,2.6,0.6,0.5,10,0.9,0.7,1.1,0.4,10,3.0,3.2,0.2,0.8,5,0.4,0.6,1.2,0.2,5
2017-02-04,2016-17,West Bromwich Albion,Stoke City,1,0,H,1511.3,1496.1,15.2,8,9,1,23,23,0,0,1,1,2.0,1.6,1.4,0.2,5,1.6,1.8,1.4,0.2,5,1.6,1.4,1.3,0.1,10,1.3,1.5,1.6,0.3,10,2.4,2.2,1.0,0.2,5,1.2,1.6,2.4,0.2,5
2017-02-04,2016-17,Southampton,West Ham United,1,3,A,1472.7,1478.5,-5.8,12,11,-1,23,23,1,0,0,1,0.6,1.0,1.6,0.2,5,1.2,1.2,1.6,0.2,5,1.0,1.0,1.6,0.3,10,1.6,1.5,1.6,0.3,10,1.8,1.4,1.2,0.6,5,1.6,2.0,1.2,0.0,5
2017-02-04,2016-17,Watford,Burnley,2,1,H,1476.7,1478.1,-1.4,13,11,-2,23,23,0,1,0,1,1.0,1.0,1.8,0.2,5,1.8,1.6,1.0,0.4,5,0.9,1.0,1.8,0.1,10,1.5,1.3,1.2,0.3,10,1.0,1.0,1.6,0.2,5,0.0,0.6,1.8,0.0,5
2017-02-04,2016-17,Everton,Bournemouth,6,3,H,1533.4,1461.5,71.9,7,14,7,23,23,0,1,0,1,2.2,2.2,0.6,0.6,5,1.0,1.8,2.0,0.2,5,1.8,1.8,0.9,0.4,10,1.1,1.7,2.2,0.2,10,2.0,2.0,0.6,0.4,5,0.6,1.4,2.4,0.2,5
2017-02-04,2016-17,Crystal Palace,Sunderland,0,4,A,1428.9,1422.0,6.9,18,20,2,23,23,1,0,0,1,0.6,0.6,1.6,0.2,5,0.4,0.8,2.2,0.2,5,0.8,1.1,1.5,0.2,10,0.8,0.8,1.9,0.2,10,0.6,1.0,1.2,0.2,5,0.0,0.4,2.8,0.0,5
2017-02-04,2016-17,Hull City,Liverpool,2,0,H,1429.1,1571.9,-142.8,20,4,-16,23,23,0,1,0,1,1.0,1.2,1.6,0.2,5,1.2,1.4,1.4,0.2,5,0.6,0.9,1.9,0.1,10,1.6,2.0,1.4,0.3,10,1.2,1.8,2.0,0.0,5,1.6,2.0,1.4,0.4,5
2017-02-04,2016-17,Chelsea,Arsenal,3,1,H,1620.2,1564.6,55.6,1,3,2,23,23,0,1,0,1,2.0,2.0,1.0,0.4,5,2.0,2.4,1.2,0.4,5,2.5,1.9,0.6,0.6,10,1.9,2.3,1.2,0.3,10,3.0,2.4,0.6,0.6,5,1.4,2.8,1.6,0.2,5
2017-02-05,2016-17,Leicester City,Manchester United,0,3,A,1446.0,1559.7,-113.7,16,6,-10,23,23,0,1,0,1,0.8,0.2,1.4,0.4,5,1.8,1.2,0.6,0.4,5,0.8,0.8,1.6,0.2,10,2.2,1.5,0.6,0.4,10,1.4,1.4,1.8,0.2,5,2.2,1.6,0.6,0.4,5
2017-02-05,2016-17,Manchester City,Swansea City,2,1,H,1568.1,1445.5,122.6,5,17,12,23,23,1,0,0,1,1.4,1.6,1.6,0.2,5,1.8,1.4,2.2,0.0,5,1.6,1.8,1.6,0.3,10,1.2,1.2,2.6,0.1,10,2.0,1.8,1.4,0.2,5,1.2,1.2,2.8,0.0,5
2017-02-11,2016-17,Arsenal,Hull City,2,0,H,1558.8,1440.3,118.5,4,18,14,24,24,1,0,0,1,1.4,2.2,1.8,0.2,5,1.4,1.2,1.2,0.4,5,1.6,1.9,1.4,0.3,10,0.9,1.1,1.8,0.2,10,2.4,1.8,0.8,0.4,5,0.2,0.2,1.8,0.2,5
2017-02-11,2016-17,Liverpool,Tottenham,2,0,H,1560.6,1591.7,-31.0,5,2,-3,24,24,0,0,1,1,0.6,1.2,1.8,0.0,5,2.2,1.8,0.4,0.8,5,1.6,1.7,1.2,0.3,10,2.3,2.2,0.6,0.5,10,1.6,2.0,1.4,0.2,5,1.6,2.0,1.0,0.2,5
2017-02-11,2016-17,Manchester United,Watford,2,0,H,1569.3,1483.9,85.4,6,10,4,24,24,0,1,0,1,1.8,1.4,0.4,0.6,5,1.6,1.2,1.2,0.2,5,2.4,1.7,0.5,0.5,10,1.2,1.1,1.6,0.1,10,2.2,1.4,0.6,0.4,5,0.8,0.8,1.6,0.0,5
2017-02-11,2016-17,Middlesbrough,Everton,0,0,D,1444.2,1538.8,-94.6,15,7,-8,24,24,0,1,0,1,0.6,0.4,1.0,0.4,5,2.6,3.0,0.8,0.6,5,0.6,0.6,1.2,0.3,10,2.0,2.3,1.1,0.4,10,1.0,1.0,1.4,0.4,5,1.6,1.6,1.2,0.4,5
2017-02-11,2016-17,Stoke City,Crystal Palace,1,0,H,1489.3,1415.9,73.3,11,19,8,24,24,0,1,0,1,1.6,1.4,0.8,0.2,5,0.6,0.6,2.0,0.2,5,1.0,1.3,1.7,0.2,10,0.5,0.8,1.9,0.1,10,1.4,1.2,0.8,0.4,5,1.0,1.2,1.8,0.2,5
2017-02-11,2016-17,Sunderland,Southampton,0,4,A,1435.0,1460.0,-25.1,20,13,-7,24,24,0,0,1,1,1.0,1.4,1.4,0.4,5,0.6,1.0,1.8,0.2,5,0.8,1.0,1.8,0.3,10,1.0,1.1,1.6,0.3,10,1.0,0.8,1.2,0.4,5,0.8,0.8,1.4,0.2,5
2017-02-11,2016-17,West Ham United,West Bromwich Albion,2,2,D,1491.2,1518.1,-26.9,10,8,-2,24,24,0,1,0,1,1.8,1.8,1.6,0.2,5,2.0,1.4,1.2,0.4,5,1.9,1.7,1.2,0.3,10,1.6,1.2,1.2,0.2,10,1.8,1.0,1.2,0.6,5,0.8,0.6,1.6,0.0,5
2017-02-12,2016-17,Swansea City,Leicester City,2,0,H,1441.2,1436.4,4.8,17,16,-1,24,24,0,1,0,1,1.8,1.6,2.0,0.0,5,0.2,0.0,2.0,0.2,5,1.2,1.3,2.3,0.1,10,0.8,0.7,1.7,0.2,10,1.2,1.2,2.4,0.2,5,0.4,0.4,1.4,0.2,5
2017-02-12,2016-17,Burnley,Chelsea,1,1,D,1470.9,1626.0,-155.1,13,1,-12,24,24,0,1,0,1,1.2,1.0,1.2,0.4,5,2.0,1.8,0.8,0.4,5,1.5,1.4,1.2,0.3,10,2.5,1.9,0.6,0.6,10,3.0,2.0,0.6,0.6,5,2.0,1.2,0.6,0.6,5
2017-02-13,2016-17,Bournemouth,Manchester City,0,2,A,1456.0,1572.5,-116.4,14,5,-9,24,24,0,1,0,1,0.4,1.8,3.2,0.0,5,2.0,2.0,1.6,0.2,5,0.8,1.6,2.5,0.2,10,1.9,1.9,1.4,0.3,10,1.0,1.4,2.0,0.2,5,1.2,1.8,1.8,0.4,5
2017-02-25,2016-17,Chelsea,Swansea City,3,1,H,1624.4,1448.2,176.2,1,15,14,25,25,0,0,1,1,2.2,2.0,0.6,0.4,5,1.8,1.6,1.8,0.2,5,2.3,1.9,0.7,0.5,10,1.2,1.2,2.3,0.1,10,3.0,2.6,0.6,0.6,5,1.2,1.4,2.2,0.0,5
2017-02-25,2016-17,Crystal Palace,Middlesbrough,1,0,H,1410.6,1444.0,-33.5,19,16,-3,25,25,1,0,0,1,0.6,0.4,1.8,0.2,5,0.6,0.4,1.0,0.4,5,0.4,0.5,1.7,0.1,10,0.7,0.6,1.1,0.4,10,0.0,0.4,2.0,0.0,5,0.2,0.2,1.0,0.2,5
2017-02-25,2016-17,Everton,Sunderland,2,0,H,1538.9,1422.9,116.1,7,20,13,25,25,1,0,0,1,2.2,2.4,0.8,0.6,5,0.8,1.0,1.8,0.4,5,2.1,2.1,0.8,0.5,10,0.8,1.0,1.9,0.3,10,2.4,3.0,1.0,0.4,5,0.6,1.2,2.4,0.2,5
2017-02-25,2016-17,Hull City,Burnley,1,1,D,1435.9,1472.4,-36.6,19,12,-7,25,25,0,0,1,1,1.4,1.0,1.0,0.4,5,1.4,1.0,1.0,0.4,5,0.8,0.8,1.7,0.2,10,1.3,1.2,1.1,0.3,10,1.6,2.0,1.8,0.2,5,0.0,0.8,1.8,0.0,5
2017-02-25,2016-17,Watford,West Ham United,1,1,D,1478.8,1489.1,-10.3,13,10,-3,25,25,1,0,0,1,1.6,1.2,1.2,0.2,5,2.0,2.2,1.6,0.2,5,0.9,0.8,1.6,0.1,10,1.9,1.7,1.2,0.3,10,1.6,1.4,1.6,0.2,5,2.0,2.4,1.2,0.0,5
2017-02-25,2016-17,West Bromwich Albion,Bournemouth,2,1,H,1520.2,1446.5,73.7,8,14,6,25,25,0,1,0,1,1.6,1.2,1.4,0.4,5,0.2,1.2,3.0,0.0,5,1.7,1.4,1.3,0.2,10,0.8,1.4,2.4,0.2,10,2.4,1.8,0.8,0.4,5,0.6,1.8,3.0,0.2,5
2017-02-26,2016-17,Tottenham,Stoke City,4,0,H,1583.6,1494.6,89.0,3,10,7,25,25,1,0,0,1,1.6,1.4,0.8,0.6,5,1.6,1.2,0.8,0.2,5,2.3,2.2,0.7,0.5,10,1.3,1.3,1.4,0.3,10,3.0,2.4,0.2,0.8,5,0.6,1.4,2.6,0.0,5
2017-02-27,2016-17,Leicester City,Liverpool,3,1,H,1429.3,1568.7,-139.4,18,5,-13,25,25,0,1,0,1,0.0,0.0,2.4,0.0,5,1.0,1.2,1.4,0.2,5,0.5,0.3,1.7,0.2,10,1.8,1.7,1.0,0.4,10,1.2,1.0,2.0,0.2,5,1.6,1.4,1.0,0.4,5
2017-03-04,2016-17,Watford,Southampton,3,4,A,1476.3,1472.2,4.1,12,13,1,26,25,0,0,1,1,1.6,1.4,1.4,0.0,5,1.2,1.8,1.2,0.4,5,1.0,0.9,1.5,0.1,10,1.0,1.4,1.6,0.3,10,1.2,1.0,1.4,0.2,5,1.2,1.6,1.4,0.2,5
2017-03-04,2016-17,Swansea City,Burnley,3,2,H,1444.8,1474.3,-29.4,16,12,-4,26,26,1,0,0,1,1.8,1.8,1.6,0.2,5,1.0,1.0,1.2,0.2,5,1.2,1.2,2.3,0.1,10,1.4,1.3,1.1,0.3,10,1.2,1.0,2.4,0.2,5,0.2,1.0,1.8,0.0,5
2017-03-04,2016-17,Stoke City,Middlesbrough,2,0,H,1489.6,1435.9,53.7,11,17,6,26,26,0,0,1,1,1.0,0.6,1.4,0.2,5,0.4,0.4,1.2,0.2,5,1.2,1.3,1.8,0.2,10,0.7,0.6,0.9,0.4,10,1.8,1.4,0.8,0.4,5,0.2,0.2,1.0,0.2,5
2017-03-04,2016-17,West Bromwich Albion,Crystal Palace,0,2,A,1525.5,1418.7,106.9,8,18,10,26,26,1,0,0,1,2.2,1.6,0.8,0.4,5,1.2,0.6,1.2,0.4,5,1.7,1.3,1.3,0.2,10,0.7,0.5,1.5,0.2,10,2.4,1.6,0.8,0.4,5,0.8,0.6,1.4,0.2,5
2017-03-04,2016-17,Liverpool,Arsenal,3,1,H,1557.6,1563.2,-5.7,5,4,-1,26,25,1,0,0,1,0.8,1.2,1.8,0.2,5,1.8,2.0,1.2,0.4,5,1.5,1.5,1.3,0.3,10,1.6,1.8,1.3,0.4,10,2.0,2.0,1.0,0.4,5,0.8,2.0,2.0,0.2,5
2017-03-04,2016-17,Leicester City,Hull City,3,1,H,1440.4,1434.1,6.4,17,19,2,26,26,0,1,0,1,0.6,0.6,2.0,0.0,5,1.0,0.6,1.0,0.4,5,0.8,0.6,1.7,0.2,10,0.9,0.9,1.5,0.2,10,1.2,0.8,1.8,0.2,5,0.2,0.2,1.6,0.2,5
2017-03-04,2016-17,Manchester United,Bournemouth,1,1,D,1574.4,1441.1,133.3,6,16,10,25,26,1,0,0,1,1.8,1.4,0.4,0.6,5,0.2,1.2,2.8,0.0,5,2.4,1.8,0.5,0.5,10,0.5,1.4,2.6,0.1,10,2.2,1.6,0.6,0.4,5,0.6,1.6,2.8,0.2,5
2017-03-05,2016-17,Sunderland,Manchester City,0,2,A,1418.4,1582.0,-163.6,20,4,-16,26,25,0,1,0,1,0.8,0.8,1.6,0.4,5,2.0,2.0,1.4,0.4,5,0.8,1.0,2.0,0.3,10,2.2,1.9,1.0,0.4,10,1.0,0.8,1.8,0.4,5,1.8,1.8,1.0,0.6,5
2017-03-05,2016-17,Tottenham,Everton,3,2,H,1588.7,1543.4,45.2,3,7,4,26,26,0,0,1,1,1.6,1.4,0.8,0.6,5,2.2,2.0,0.8,0.6,5,2.3,2.3,0.7,0.5,10,2.1,2.1,0.7,0.6,10,3.0,2.6,0.2,0.8,5,1.8,1.2,0.6,0.6,5
2017-03-06,2016-17,West Ham United,Chelsea,1,2,A,1491.6,1627.8,-136.2,11,1,-10,26,26,0,1,0,1,1.6,1.8,1.8,0.0,5,2.2,2.0,0.8,0.2,5,1.7,1.7,1.3,0.2,10,2.3,2.1,0.8,0.4,10,1.4,1.2,1.6,0.4,5,1.6,1.2,0.8,0.4,5
2017-03-08,2016-17,Manchester City,Stoke City,0,0,D,1590.2,1495.4,94.8,3,9,6,26,27,1,0,0,1,2.6,2.4,0.6,0.6,5,1.4,0.8,1.2,0.4,5,2.2,1.9,1.0,0.4,10,1.4,1.3,1.6,0.3,10,2.6,2.0,1.0,0.2,5,0.6,1.2,2.8,0.0,5
2017-03-11,2016-17,Bournemouth,West Ham United,3,2,H,1447.0,1482.7,-35.7,14,11,-3,27,27,0,1,0,1,0.2,1.0,2.6,0.0,5,1.0,1.4,2.0,0.0,5,0.6,1.4,2.4,0.1,10,1.4,1.7,1.5,0.1,10,0.4,1.2,2.4,0.0,5,2.0,2.2,1.0,0.0,5
2017-03-11,2016-17,Everton,West Bromwich Albion,3,0,H,1537.4,1510.2,27.2,7,8,1,27,27,1,0,0,1,1.6,2.2,1.4,0.4,5,1.6,1.2,1.2,0.2,5,2.1,2.3,0.9,0.6,10,1.7,1.3,1.3,0.2,10,2.4,3.0,0.8,0.6,5,1.0,1.0,1.8,0.0,5
2017-03-11,2016-17,Hull City,Swansea City,2,1,H,1427.0,1452.8,-25.8,19,16,-3,27,27,1,0,0,1,1.0,0.8,1.2,0.4,5,1.8,1.8,1.6,0.2,5,0.9,1.0,1.7,0.2,10,1.5,1.5,2.2,0.1,10,1.6,1.6,1.4,0.2,5,1.2,1.4,2.2,0.0,5
2017-03-12,2016-17,Liverpool,Burnley,2,1,H,1564.9,1466.3,98.6,4,12,8,27,27,0,1,0,1,1.4,1.4,1.4,0.2,5,1.0,1.2,1.4,0.2,5,1.5,1.7,1.4,0.2,10,1.4,1.4,1.2,0.3,10,2.0,1.8,1.0,0.4,5,0.2,1.2,2.0,0.0,5
2017-03-18,2016-17,West Ham United,Leicester City,2,3,A,1474.5,1447.5,27.0,11,15,4,28,27,0,1,0,1,1.0,1.8,1.8,0.0,5,1.2,1.2,1.6,0.0,5,1.1,1.5,1.7,0.1,10,1.0,0.7,1.6,0.2,10,0.8,1.2,2.0,0.2,5,0.4,0.4,1.6,0.2,5
2017-03-18,2016-17,Sunderland,Burnley,0,0,D,1410.2,1461.4,-51.2,20,12,-8,27,28,0,1,0,1,0.8,0.8,1.6,0.4,5,0.4,1.2,1.8,0.0,5,0.5,0.9,2.2,0.2,10,1.1,1.4,1.4,0.2,10,0.4,0.6,2.2,0.2,5,0.2,1.2,2.0,0.0,5
2017-03-18,2016-17,Stoke City,Chelsea,1,2,A,1500.5,1636.8,-136.2,9,1,-8,28,27,0,1,0,1,1.4,0.6,1.0,0.6,5,2.2,2.0,1.0,0.0,5,1.5,1.2,1.2,0.4,10,2.3,2.2,0.9,0.3,10,2.2,1.4,0.4,0.6,5,1.6,1.4,1.0,0.2,5
2017-03-18,2016-17,West Bromwich Albion,Arsenal,3,1,H,1503.7,1555.9,-52.2,8,5,-3,28,26,0,1,0,1,1.4,1.0,1.6,0.2,5,1.2,1.4,1.8,0.2,5,1.7,1.3,1.5,0.2,10,1.6,1.8,1.4,0.4,10,2.4,1.6,0.8,0.4,5,0.8,2.0,2.2,0.2,5
2017-03-18,2016-17,Crystal Palace,Watford,1,0,H,1434.0,1463.4,-29.4,17,13,-4,27,27,0,0,1,1,1.8,1.0,1.0,0.6,5,1.4,1.6,1.8,0.0,5,1.0,0.7,1.4,0.3,10,1.0,1.2,1.8,0.1,10,0.6,0.4,1.6,0.2,5,0.8,0.8,1.6,0.0,5
2017-03-18,2016-17,Bournemouth,Swansea City,2,0,H,1455.2,1444.9,10.2,14,17,3,28,28,1,0,0,1,0.8,1.6,2.6,0.0,5,1.2,1.6,1.8,0.2,5,0.9,1.7,2.3,0.1,10,1.5,1.5,2.0,0.1,10,1.0,1.6,2.2,0.0,5,1.2,1.6,2.0,0.0,5
2017-03-18,2016-17,Everton,Hull City,4,0,H,1543.9,1434.9,108.9,7,18,11,28,28,0,0,1,1,2.0,2.6,1.2,0.6,5,1.4,1.2,1.4,0.2,5,2.1,2.4,0.9,0.6,10,1.2,1.2,1.5,0.2,10,3.0,3.6,0.6,0.8,5,0.2,0.4,2.0,0.2,5
2017-03-19,2016-17,Manchester City,Liverpool,1,1,D,1585.1,1569.7,15.4,3,4,1,27,28,0,1,0,1,2.6,2.0,0.2,0.8,5,1.8,1.6,1.4,0.2,5,2.0,1.7,0.9,0.5,10,1.5,1.5,1.4,0.2,10,2.2,1.6,1.0,0.2,5,1.0,1.0,1.6,0.2,5
2017-03-19,2016-17,Middlesbrough,Manchester United,1,3,A,1430.1,1568.6,-138.5,19,7,-12,27,26,0,1,0,1,0.4,0.2,1.0,0.2,5,1.8,1.4,0.4,0.6,5,0.4,0.3,1.1,0.3,10,2.2,1.7,0.5,0.5,10,1.2,1.0,0.8,0.6,5,2.6,2.0,0.4,0.6,5
2017-03-19,2016-17,Tottenham,Southampton,2,1,H,1594.7,1485.1,109.6,3,10,7,27,26,1,0,0,1,2.0,1.6,0.8,0.6,5,1.8,2.6,1.6,0.4,5,2.3,2.4,0.8,0.5,10,1.2,1.8,1.9,0.2,10,3.0,2.8,0.4,0.8,5,1.2,1.8,1.8,0.2,5
2017-04-01,2016-17,Watford,Sunderland,1,0,H,1455.4,1408.8,46.6,14,20,6,28,28,0,1,0,1,0.8,1.2,1.8,0.0,5,0.8,0.8,1.6,0.4,5,0.9,1.1,1.8,0.1,10,0.6,0.8,1.9,0.3,10,1.0,1.4,2.0,0.2,5,0.6,1.2,2.2,0.2,5
2017-04-01,2016-17,Southampton,Bournemouth,0,0,D,1480.5,1462.1,18.4,11,12,1,27,29,1,0,0,1,1.2,2.2,2.0,0.2,5,1.4,1.4,1.4,0.2,5,0.9,1.6,2.0,0.2,10,0.9,1.6,2.3,0.1,10,1.2,1.4,1.8,0.4,5,0.8,1.8,2.4,0.2,5
2017-04-01,2016-17,Manchester United,West Bromwich Albion,0,0,D,1577.5,1512.3,65.1,5,8,3,27,29,1,0,0,1,2.2,1.8,0.4,0.6,5,1.4,1.4,1.8,0.0,5,2.2,1.8,0.6,0.4,10,1.7,1.4,1.5,0.2,10,1.8,1.2,0.6,0.4,5,1.0,1.0,2.2,0.0,5
2017-04-01,2016-17,Liverpool,Everton,3,1,H,1572.9,1548.5,24.5,4,7,3,29,29,1,0,0,1,2.0,1.8,1.2,0.2,5,2.0,2.2,0.6,0.8,5,1.3,1.5,1.5,0.1,10,2.3,2.6,0.7,0.7,10,2.0,2.0,1.2,0.2,5,1.2,1.2,1.2,0.4,5
2017-04-01,2016-17,Hull City,West Ham United,2,1,H,1430.3,1461.0,-30.7,18,13,-5,29,29,0,1,0,1,0.8,0.8,2.2,0.0,5,0.4,1.6,2.2,0.0,5,1.1,1.0,1.7,0.2,10,1.1,1.7,1.9,0.1,10,2.2,2.0,1.0,0.2,5,1.4,1.8,1.4,0.0,5
2017-04-01,2016-17,Chelsea,Crystal Palace,1,2,A,1645.7,1442.0,203.7,1,16,15,28,28,1,0,0,1,2.6,2.2,1.0,0.0,5,1.8,0.8,1.0,0.6,5,2.3,2.1,1.0,0.2,10,1.2,0.7,1.3,0.4,10,3.0,3.0,0.8,0.4,5,1.2,0.8,1.2,0.4,5
2017-04-01,2016-17,Burnley,Tottenham,0,2,A,1462.8,1599.3,-136.5,14,2,-12,29,28,0,1,0,1,0.6,1.0,1.4,0.2,5,2.4,2.0,1.0,0.4,5,0.9,1.0,1.3,0.3,10,2.3,2.2,0.8,0.5,10,2.6,1.6,0.4,0.6,5,1.6,2.0,1.2,0.2,5
2017-04-01,2016-17,Leicester City,Stoke City,2,0,H,1461.0,1491.6,-30.6,16,9,-7,28,29,0,0,1,1,1.8,1.8,1.8,0.0,5,1.4,0.8,1.2,0.6,5,1.3,1.0,1.6,0.2,10,1.5,1.1,1.0,0.4,10,1.8,1.4,1.6,0.2,5,0.8,1.0,2.0,0.2,5
2017-04-02,2016-17,Arsenal,Manchester City,2,2,D,1547.3,1581.9,-34.6,6,4,-2,27,28,0,1,0,1,0.6,1.2,2.2,0.2,5,2.2,1.4,0.4,0.6,5,1.6,1.8,1.5,0.4,10,1.8,1.5,1.0,0.4,10,2.4,1.6,0.6,0.6,5,1.8,1.6,1.0,0.6,5
2017-04-02,2016-17,Swansea City,Middlesbrough,0,0,D,1438.0,1421.2,16.8,17,19,2,29,28,0,1,0,1,1.2,1.4,1.8,0.2,5,0.2,0.2,1.4,0.2,5,1.5,1.5,1.9,0.1,10,0.4,0.4,1.3,0.3,10,1.8,1.4,2.0,0.2,5,0.2,0.2,1.2,0.2,5
2017-04-04,2016-17,Watford,West Bromwich Albion,2,0,H,1461.4,1516.8,-55.4,12,8,-4,29,30,0,1,0,1,0.8,1.0,1.6,0.2,5,1.4,1.0,1.4,0.2,5,1.2,1.1,1.4,0.2,10,1.5,1.1,1.4,0.3,10,1.6,1.4,1.2,0.4,5,0.6,0.6,2.0,0.2,5
2017-04-04,2016-17,Manchester United,Everton,1,1,D,1573.0,1541.9,31.1,5,7,2,28,30,0,0,1,1,2.2,1.8,0.4,0.6,5,1.8,2.4,1.2,0.6,5,2.0,1.5,0.5,0.5,10,2.0,2.4,1.0,0.6,10,1.4,0.8,0.4,0.6,5,1.0,1.0,1.4,0.4,5
2017-04-04,2016-17,Burnley,Stoke City,1,0,H,1453.9,1483.5,-29.7,15,10,-5,30,30,0,1,0,1,0.4,0.8,1.6,0.2,5,0.8,0.6,1.6,0.4,5,0.9,0.9,1.3,0.3,10,1.2,0.9,1.2,0.3,10,2.0,1.4,0.8,0.4,5,0.8,0.6,1.6,0.2,5
2017-04-04,2016-17,Leicester City,Sunderland,2,0,H,1469.0,1402.8,66.2,14,20,6,29,29,0,1,0,1,2.4,2.2,1.2,0.2,5,0.2,0.0,1.8,0.2,5,1.3,1.1,1.6,0.2,10,0.6,0.7,1.6,0.3,10,1.8,1.6,1.6,0.2,5,0.6,1.0,1.8,0.2,5
2017-04-05,2016-17,Arsenal,West Ham United,3,0,H,1545.4,1453.0,92.5,6,15,9,28,30,1,0,0,1,0.8,1.4,2.2,0.2,5,0.2,1.4,2.2,0.0,5,1.4,1.9,1.7,0.3,10,1.1,1.8,1.9,0.1,10,2.0,1.8,1.0,0.4,5,1.4,2.0,1.6,0.0,5
2017-04-05,2016-17,Chelsea,Manchester City,2,1,H,1628.7,1583.8,44.9,1,4,3,29,29,1,0,0,1,2.0,1.8,1.2,0.0,5,1.8,1.4,0.6,0.6,5,2.0,1.8,1.0,0.2,10,1.9,1.7,1.1,0.4,10,2.4,2.6,1.2,0.2,5,2.0,2.0,1.2,0.6,5
2017-04-05,2016-17,Hull City,Middlesbrough,4,2,H,1438.3,1424.4,13.9,18,19,1,30,29,0,1,0,1,1.4,1.2,2.0,0.0,5,0.4,0.2,1.2,0.4,5,1.4,1.1,1.5,0.2,10,0.5,0.3,1.1,0.4,10,2.6,2.0,0.8,0.2,5,0.4,0.0,0.8,0.4,5
2017-04-05,2016-17,Liverpool,Bournemouth,2,2,D,1579.5,1465.4,114.1,3,14,11,30,30,0,1,0,1,2.0,2.0,1.4,0.0,5,1.6,1.4,1.0,0.4,5,1.5,1.6,1.4,0.1,10,0.9,1.3,2.0,0.2,10,2.6,2.2,0.8,0.2,5,0.4,1.2,2.4,0.2,5
2017-04-05,2016-17,Southampton,Crystal Palace,3,1,H,1477.2,1459.0,18.2,14,16,2,28,29,0,1,0,1,1.4,2.0,1.6,0.4,5,2.4,1.2,0.4,0.6,5,1.0,1.5,1.6,0.3,10,1.5,0.9,1.2,0.4,10,0.8,1.2,1.8,0.4,5,1.8,1.2,1.0,0.4,5
2017-04-05,2016-17,Swansea City,Tottenham,1,3,A,1434.8,1608.3,-173.5,18,2,-16,30,29,0,1,0,1,0.8,1.0,1.8,0.2,5,2.4,2.2,1.0,0.4,5,1.3,1.3,1.8,0.2,10,2.3,2.0,0.7,0.6,10,2.0,1.4,1.4,0.4,5,1.6,1.6,1.0,0.4,5
2017-04-08,2016-17,Bournemouth,Chelsea,1,3,A,1470.9,1634.8,-163.9,13,1,-12,31,30,0,1,0,1,1.8,1.6,1.0,0.4,5,2.4,2.0,1.2,0.0,5,1.0,1.4,1.9,0.2,10,2.3,2.0,0.9,0.2,10,1.4,1.4,1.6,0.2,5,2.2,1.8,0.8,0.2,5
2017-04-08,2016-17,Manchester City,Hull City,3,1,H,1577.7,1445.2,132.5,4,17,13,30,31,1,0,0,1,1.2,1.2,1.0,0.4,5,1.8,1.8,2.2,0.0,5,1.6,1.6,1.2,0.4,10,1.4,1.2,1.6,0.2,10,1.8,1.4,1.0,0.2,5,0.2,0.2,2.2,0.2,5
2017-04-08,2016-17,Middlesbrough,Burnley,0,0,D,1417.6,1461.9,-44.3,19,13,-6,30,31,0,1,0,1,0.2,0.6,2.0,0.2,5,0.8,0.8,1.4,0.4,5,0.4,0.5,1.5,0.3,10,0.9,0.9,1.3,0.3,10,0.6,0.6,1.4,0.4,5,0.4,1.0,1.6,0.2,5
2017-04-08,2016-17,Stoke City,Liverpool,1,2,A,1475.5,1574.0,-98.5,12,4,-8,31,31,0,1,0,1,0.8,0.6,1.0,0.4,5,2.2,2.2,1.2,0.0,5,0.9,0.6,1.2,0.3,10,1.5,1.7,1.5,0.1,10,1.6,1.2,0.8,0.4,5,0.6,1.0,1.8,0.0,5
2017-04-08,2016-17,Tottenham,Watford,4,0,H,1616.2,1470.1,146.1,2,10,8,30,30,1,0,0,1,3.0,2.8,0.8,0.4,5,1.4,1.4,1.2,0.4,5,2.3,2.1,0.8,0.5,10,1.5,1.3,1.2,0.3,10,3.0,2.8,0.6,0.6,5,0.8,0.8,1.6,0.0,5
2017-04-08,2016-17,West Bromwich Albion,Southampton,0,1,A,1508.0,1483.9,24.1,8,9,1,31,29,1,0,0,1,0.8,0.6,1.6,0.2,5,2.0,2.4,1.2,0.4,5,1.5,1.1,1.2,0.3,10,1.3,1.7,1.5,0.3,10,2.4,1.6,0.8,0.4,5,1.2,2.0,1.6,0.2,5
2017-04-08,2016-17,West Ham United,Swansea City,1,0,H,1448.0,1426.9,21.1,15,18,3,31,31,1,0,0,1,0.0,1.2,2.6,0.0,5,0.8,1.0,1.8,0.2,5,0.8,1.5,2.2,0.0,10,1.3,1.4,1.7,0.2,10,0.8,1.6,2.2,0.2,5,0.6,1.2,2.2,0.0,5
2017-04-09,2016-17,Sunderland,Manchester United,0,3,A,1397.2,1569.4,-172.2,20,6,-14,30,29,0,1,0,1,0.2,0.0,1.4,0.2,5,1.8,1.4,0.6,0.4,5,0.5,0.5,1.6,0.3,10,1.8,1.4,0.5,0.5,10,0.4,0.2,1.8,0.4,5,2.6,2.2,0.4,0.6,5
2017-04-09,2016-17,Everton,Leicester City,4,2,H,1545.5,1474.5,71.0,7,11,4,31,30,1,0,0,1,1.4,2.2,1.4,0.4,5,3.0,2.6,0.8,0.4,5,1.8,2.1,1.1,0.5,10,1.5,1.3,1.6,0.2,10,3.0,3.8,0.6,0.8,5,0.8,0.6,1.6,0.2,5
2017-04-10,2016-17,Crystal Palace,Arsenal,3,0,H,1452.3,1550.4,-98.1,16,6,-10,30,29,0,1,0,1,2.4,1.4,0.8,0.6,5,1.4,1.8,1.6,0.4,5,1.5,0.9,1.3,0.4,10,1.4,2.0,1.7,0.3,10,1.2,0.6,1.4,0.4,5,0.8,2.0,2.4,0.2,5
2017-04-15,2016-17,Crystal Palace,Leicester City,2,2,D,1462.3,1469.1,-6.8,16,11,-5,31,31,0,1,0,1,2.4,1.8,0.8,0.6,5,2.4,2.4,1.4,0.4,5,1.8,1.2,1.0,0.5,10,1.5,1.5,1.7,0.2,10,1.8,1.0,1.0,0.6,5,0.6,1.0,2.4,0.0,5
2017-04-15,2016-17,Everton,Burnley,3,1,H,1551.0,1463.5,87.5,7,12,5,32,32,0,1,0,1,2.0,2.6,1.2,0.4,5,1.0,0.4,0.8,0.6,5,1.8,2.4,1.3,0.4,10,1.0,0.8,1.1,0.4,10,3.0,3.8,1.0,0.6,5,0.6,0.8,1.2,0.4,5
2017-04-15,2016-17,Southampton,Manchester City,0,3,A,1497.3,1581.9,-84.5,9,4,-5,30,31,0,0,1,1,2.0,1.8,1.2,0.4,5,1.2,1.4,1.2,0.2,5,1.6,1.8,1.2,0.4,10,1.9,1.9,0.9,0.4,10,1.4,1.6,1.2,0.4,5,2.0,2.2,0.8,0.6,5
2017-04-15,2016-17,Stoke City,Hull City,3,1,H,1465.5,1441.0,24.5,12,17,5,32,32,1,0,0,1,0.2,0.4,1.4,0.2,5,1.8,1.8,2.2,0.0,5,0.8,0.6,1.3,0.3,10,1.4,1.3,1.7,0.2,10,1.4,1.2,1.0,0.4,5,0.2,0.4,2.4,0.2,5
2017-04-15,2016-17,Sunderland,West Ham United,2,2,D,1389.3,1454.6,-65.3,20,14,-6,31,32,0,1,0,1,0.2,0.0,1.6,0.2,5,0.6,1.2,2.2,0.2,5,0.5,0.4,1.6,0.3,10,0.8,1.3,2.1,0.1,10,0.4,0.0,1.8,0.4,5,0.8,1.4,2.0,0.0,5
2017-04-15,2016-17,Tottenham,Bournemouth,4,0,H,1620.1,1462.7,157.4,2,16,14,31,32,0,0,1,1,3.0,2.8,0.8,0.4,5,1.6,1.6,1.4,0.4,5,2.3,2.1,0.8,0.5,10,0.9,1.3,2.0,0.2,10,3.0,2.8,0.6,0.6,5,0.6,1.4,2.2,0.2,5
2017-04-15,2016-17,Watford,Swansea City,1,0,H,1466.2,1420.2,46.0,13,18,5,31,32,0,0,1,1,1.2,1.2,1.8,0.4,5,0.2,0.4,1.6,0.2,5,1.4,1.3,1.6,0.2,10,1.0,1.1,1.6,0.2,10,2.0,1.8,1.2,0.4,5,0.0,0.6,2.0,0.0,5
2017-04-16,2016-17,Manchester United,Chelsea,2,0,H,1577.4,1642.9,-65.6,6,1,-5,30,31,0,1,0,1,1.8,1.6,0.6,0.4,5,2.4,2.0,1.2,0.0,5,1.8,1.5,0.5,0.5,10,2.3,2.0,1.0,0.1,10,1.4,0.8,0.4,0.6,5,2.2,1.8,1.0,0.0,5
2017-04-16,2016-17,West Bromwich Albion,Liverpool,0,1,A,1494.6,1584.1,-89.4,8,4,-4,32,32,0,1,0,1,0.8,0.6,1.4,0.2,5,2.2,2.0,1.2,0.0,5,1.2,0.9,1.3,0.2,10,1.8,1.7,1.3,0.1,10,1.8,1.2,1.0,0.2,5,1.0,1.0,1.6,0.0,5
2017-04-17,2016-17,Middlesbrough,Arsenal,1,2,A,1416.0,1540.4,-124.4,19,7,-12,31,30,0,0,1,1,0.4,0.6,1.8,0.4,5,0.8,1.4,2.2,0.2,5,0.4,0.5,1.5,0.3,10,1.3,1.7,1.7,0.3,10,0.6,0.6,1.4,0.4,5,0.6,1.4,2.4,0.2,5
2017-04-22,2016-17,West Ham United,Everton,0,0,D,1455.6,1556.0,-100.4,13,7,-6,33,33,0,1,0,1,0.8,1.2,2.0,0.2,5,2.0,2.6,1.4,0.2,5,0.9,1.5,1.9,0.1,10,2.0,2.6,1.3,0.4,10,0.8,1.2,2.2,0.2,5,0.6,1.0,1.6,0.2,5
2017-04-22,2016-17,Hull City,Watford,2,0,H,1434.5,1472.2,-37.8,17,10,-7,33,32,0,1,0,1,1.2,1.6,2.6,0.0,5,1.8,0.8,1.0,0.6,5,1.3,1.4,2.0,0.1,10,1.6,1.2,1.4,0.3,10,2.6,2.2,1.0,0.2,5,0.8,0.8,2.0,0.0,5
2017-04-22,2016-17,Bournemouth,Middlesbrough,4,0,H,1459.0,1406.7,52.3,16,19,3,33,32,0,1,0,1,1.0,1.0,1.8,0.4,5,0.4,0.8,1.8,0.4,5,0.9,1.3,2.2,0.2,10,0.4,0.5,1.4,0.3,10,1.2,1.2,1.8,0.2,5,0.2,0.4,1.6,0.2,5
2017-04-22,2016-17,Swansea City,Stoke City,2,0,H,1414.2,1472.1,-57.9,18,11,-7,33,33,0,1,0,1,0.2,0.2,1.4,0.2,5,0.6,1.0,1.6,0.0,5,0.7,0.9,1.6,0.2,10,1.0,0.8,1.3,0.3,10,2.0,1.6,1.2,0.4,5,0.2,0.0,1.6,0.2,5
2017-04-23,2016-17,Burnley,Manchester United,0,2,A,1458.4,1586.4,-128.0,15,5,-10,33,31,0,0,1,1,1.0,0.4,1.0,0.6,5,2.2,1.8,0.4,0.6,5,0.7,0.8,1.4,0.3,10,2.0,1.6,0.4,0.6,10,2.0,0.8,0.6,0.6,5,2.6,2.4,0.4,0.6,5
2017-04-23,2016-17,Liverpool,Crystal Palace,1,2,A,1594.4,1459.6,134.7,3,16,13,33,32,1,0,0,1,2.2,1.8,1.0,0.2,5,2.0,1.8,1.2,0.4,5,2.0,1.7,1.2,0.2,10,1.9,1.4,1.1,0.5,10,2.6,2.4,1.0,0.2,5,1.8,1.4,1.0,0.4,5
2017-04-25,2016-17,Chelsea,Southampton,4,2,H,1633.9,1486.9,147.0,1,9,8,32,31,1,0,0,1,1.8,1.6,1.4,0.0,5,1.4,1.0,1.2,0.4,5,2.0,1.8,1.2,0.0,10,1.6,1.8,1.4,0.4,10,2.4,2.2,1.0,0.2,5,1.8,2.2,1.4,0.4,5
2017-04-26,2016-17,Arsenal,Leicester City,1,0,H,1549.7,1471.7,78.0,7,15,8,31,32,0,0,1,1,1.4,1.6,1.8,0.2,5,2.0,2.2,1.6,0.4,5,1.3,1.5,1.8,0.2,10,1.6,1.7,1.6,0.2,10,2.0,2.0,1.0,0.4,5,0.8,1.4,2.2,0.0,5
2017-04-26,2016-17,Crystal Palace,Tottenham,0,1,A,1475.5,1623.8,-148.3,12,2,-10,33,32,0,1,0,1,2.0,2.0,1.4,0.2,5,3.0,3.0,0.4,0.6,5,1.9,1.4,1.2,0.4,10,2.5,2.3,0.6,0.6,10,2.0,1.4,1.2,0.6,5,1.6,1.4,1.0,0.4,5
2017-04-26,2016-17,Middlesbrough,Sunderland,1,0,H,1400.8,1388.3,12.5,19,20,1,33,32,1,0,0,1,0.4,0.6,2.0,0.4,5,0.4,0.4,1.6,0.2,5,0.3,0.4,1.7,0.3,10,0.6,0.6,1.6,0.3,10,0.6,0.6,1.2,0.4,5,0.6,0.8,1.4,0.2,5
2017-04-27,2016-17,Manchester City,Manchester United,0,0,D,1592.3,1595.6,-3.3,4,5,1,32,32,1,0,0,1,1.6,2.0,1.2,0.2,5,2.2,1.6,0.2,0.8,5,2.1,2.0,0.7,0.5,10,2.2,1.7,0.3,0.7,10,1.8,1.6,1.0,0.2,5,2.6,2.4,0.4,0.6,5
2017-04-29,2016-17,West Bromwich Albion,Leicester City,0,1,A,1484.3,1466.4,17.9,8,15,7,33,33,1,0,0,1,0.8,0.6,1.0,0.2,5,1.4,1.6,1.4,0.4,5,1.1,0.8,1.3,0.2,10,1.6,1.7,1.6,0.2,10,1.2,1.0,1.2,0.0,5,0.8,1.4,2.2,0.0,5
2017-04-29,2016-17,Sunderland,Bournemouth,0,1,A,1381.4,1464.8,-83.4,20,14,-6,33,34,1,0,0,1,0.2,0.4,1.8,0.0,5,1.0,1.4,1.8,0.4,5,0.5,0.6,1.7,0.2,10,1.2,1.4,1.6,0.3,10,0.4,0.4,2.2,0.2,5,0.6,0.8,1.8,0.2,5
2017-04-29,2016-17,Stoke City,West Ham United,0,0,D,1463.3,1455.6,7.6,13,15,2,34,34,0,0,1,1,0.6,0.8,1.6,0.0,5,1.0,0.8,1.4,0.4,5,1.0,0.8,1.4,0.3,10,0.7,1.2,1.8,0.2,10,1.8,1.6,1.0,0.4,5,0.4,1.2,2.2,0.0,5
2017-04-29,2016-17,Southampton,Hull City,0,0,D,1483.0,1442.7,40.3,10,17,7,32,34,0,1,0,1,1.4,1.2,1.6,0.4,5,1.8,2.0,1.8,0.2,5,1.3,1.7,1.8,0.3,10,1.3,1.4,2.0,0.1,10,1.4,1.4,1.4,0.4,5,0.0,0.6,3.0,0.0,5
2017-04-29,2016-17,Crystal Palace,Burnley,0,2,A,1466.9,1449.2,17.7,15,16,1,34,34,0,1,0,1,1.4,1.6,1.4,0.2,5,0.8,0.4,1.4,0.4,5,1.9,1.4,0.9,0.4,10,0.7,0.7,1.4,0.3,10,2.0,1.4,0.6,0.6,5,0.4,0.8,1.6,0.4,5
2017-04-30,2016-17,Everton,Chelsea,0,3,A,1556.0,1637.8,-81.8,7,1,-6,34,33,0,1,0,1,1.6,1.8,1.4,0.2,5,1.8,2.0,1.6,0.0,5,1.8,2.0,1.0,0.5,10,2.2,2.1,1.3,0.0,10,3.0,3.2,0.6,0.6,5,2.0,1.6,1.2,0.0,5
2017-04-30,2016-17,Manchester United,Swansea City,1,1,D,1598.3,1423.0,175.3,5,18,13,33,34,1,0,0,1,2.2,1.6,0.2,0.8,5,0.8,0.6,1.0,0.4,5,2.2,1.7,0.3,0.7,10,1.0,1.0,1.4,0.3,10,1.8,1.2,0.4,0.6,5,0.0,0.4,1.8,0.0,5
2017-04-30,2016-17,Middlesbrough,Manchester City,2,2,D,1407.7,1589.6,-181.9,19,4,-15,34,33,0,0,1,1,0.8,0.8,2.0,0.4,5,1.6,1.8,1.0,0.4,5,0.6,0.5,1.6,0.4,10,1.9,1.6,0.7,0.5,10,1.0,0.6,1.0,0.6,5,2.0,2.0,0.8,0.6,5
2017-04-30,2016-17,Tottenham,Arsenal,2,0,H,1632.4,1555.0,77.4,2,6,4,33,32,0,0,1,1,3.0,2.8,0.2,0.8,5,2.0,1.6,1.2,0.4,5,2.7,2.4,0.6,0.6,10,1.3,1.4,1.7,0.3,10,3.0,3.4,0.6,0.6,5,0.6,1.0,2.6,0.0,5
2017-05-01,2016-17,Watford,Liverpool,0,1,A,1464.0,1578.5,-114.5,13,3,-10,33,34,0,1,0,1,1.8,0.8,1.2,0.6,5,2.0,1.8,1.2,0.2,5,1.3,1.0,1.5,0.3,10,2.0,1.8,1.2,0.2,10,2.0,1.6,1.0,0.6,5,1.4,1.0,1.4,0.2,5
2017-05-05,2016-17,West Ham United,Tottenham,1,0,H,1458.6,1637.7,-179.1,15,2,-13,35,34,0,1,0,1,1.2,0.6,1.0,0.6,5,3.0,2.8,0.2,0.8,5,0.7,1.0,1.6,0.3,10,2.7,2.5,0.6,0.6,10,1.0,1.2,1.4,0.4,5,2.0,1.2,0.6,0.6,5
2017-05-06,2016-17,Leicester City,Watford,3,0,H,1479.7,1454.4,25.3,12,14,2,34,34,0,1,0,1,1.4,1.4,1.4,0.4,5,1.2,0.6,1.4,0.4,5,1.9,1.8,1.3,0.3,10,1.0,0.8,1.5,0.3,10,2.4,2.0,1.0,0.4,5,0.6,0.4,2.0,0.0,5
2017-05-06,2016-17,Hull City,Sunderland,0,2,A,1446.5,1370.9,75.6,17,20,3,35,34,0,1,0,1,1.4,1.6,1.6,0.4,5,0.2,0.4,1.8,0.0,5,1.4,1.4,1.8,0.2,10,0.2,0.2,1.8,0.1,10,2.6,2.2,1.0,0.2,5,0.6,0.8,1.2,0.2,5
2017-05-06,2016-17,Manchester City,Crystal Palace,5,0,H,1587.3,1453.6,133.7,4,16,12,34,35,1,0,0,1,1.6,1.8,1.0,0.4,5,1.4,1.4,1.2,0.2,5,1.7,1.6,0.8,0.5,10,1.9,1.4,1.0,0.4,10,1.8,1.2,0.6,0.4,5,1.8,1.4,1.2,0.2,5
2017-05-06,2016-17,Bournemouth,Stoke City,2,2,D,1475.3,1460.3,15.1,12,13,1,35,35,1,0,0,1,1.4,1.6,1.8,0.4,5,0.8,0.8,1.2,0.2,5,1.5,1.5,1.4,0.4,10,0.8,0.7,1.4,0.3,10,1.8,2.0,1.4,0.4,5,0.2,0.0,1.8,0.2,5
2017-05-06,2016-17,Burnley,West Bromwich Albion,2,2,D,1462.5,1471.0,-8.6,15,8,-7,35,34,0,1,0,1,1.4,0.8,1.0,0.6,5,0.2,0.0,1.0,0.2,5,0.9,0.8,1.3,0.4,10,0.8,0.7,1.4,0.1,10,1.4,0.6,1.0,0.4,5,0.6,0.6,1.6,0.2,5
2017-05-06,2016-17,Swansea City,Everton,1,0,H,1429.6,1545.5,-115.9,18,7,-11,35,35,0,0,1,1,0.8,0.8,1.2,0.2,5,1.6,1.6,1.4,0.2,5,0.8,0.9,1.5,0.2,10,1.7,2.0,1.3,0.4,10,2.0,1.6,1.0,0.6,5,0.6,0.8,1.4,0.4,5
2017-05-07,2016-17,Arsenal,Manchester United,2,0,H,1549.7,1591.7,-42.0,6,5,-1,33,34,0,0,1,1,1.8,1.2,1.2,0.4,5,2.2,1.6,0.2,0.8,5,1.3,1.3,1.7,0.3,10,2.0,1.5,0.4,0.6,10,2.0,1.8,0.8,0.6,5,2.6,2.2,0.2,0.8,5
2017-05-07,2016-17,Liverpool,Southampton,0,0,D,1588.1,1479.2,108.9,4,12,8,35,33,0,0,1,1,2.0,1.4,1.0,0.4,5,1.4,1.2,1.6,0.4,5,2.0,1.7,1.2,0.2,10,1.4,1.6,1.6,0.4,10,2.0,2.2,1.4,0.0,5,1.8,2.4,1.8,0.4,5
2017-05-08,2016-17,Chelsea,Middlesbrough,3,0,H,1648.3,1410.0,238.3,1,19,18,34,35,1,0,0,1,2.4,2.4,1.2,0.2,5,1.0,0.8,1.6,0.4,5,2.2,2.1,1.2,0.1,10,0.6,0.7,1.8,0.3,10,2.4,2.6,1.4,0.0,5,0.2,0.4,2.2,0.2,5
2017-05-10,2016-17,Southampton,Arsenal,0,2,A,1484.6,1558.1,-73.5,10,6,-4,34,34,0,1,0,1,1.0,0.6,1.4,0.6,5,1.8,1.0,1.2,0.4,5,1.5,1.5,1.3,0.5,10,1.6,1.4,1.4,0.4,10,1.0,0.8,1.4,0.4,5,0.6,0.8,2.4,0.0,5
2017-05-12,2016-17,Everton,Watford,1,0,H,1535.0,1447.9,87.2,7,15,8,36,35,0,1,0,1,1.4,1.4,1.4,0.2,5,0.6,0.2,2.0,0.2,5,1.4,1.8,1.4,0.3,10,1.0,0.8,1.6,0.3,10,2.4,2.8,1.2,0.4,5,0.0,0.0,2.4,0.0,5
2017-05-12,2016-17,West Bromwich Albion,Chelsea,0,1,A,1473.6,1650.8,-177.2,8,1,-7,35,35,0,1,0,1,0.2,0.4,1.4,0.0,5,2.4,2.6,1.0,0.4,5,0.8,0.7,1.4,0.1,10,2.4,2.3,1.1,0.2,10,0.6,0.6,1.2,0.0,5,2.4,2.0,1.0,0.2,5
2017-05-13,2016-17,Bournemouth,Burnley,2,1,H,1472.1,1459.9,12.2,11,14,3,36,36,0,1,0,1,1.4,1.6,1.8,0.4,5,1.0,1.0,1.4,0.4,5,1.6,1.6,1.4,0.4,10,0.9,0.9,1.4,0.4,10,2.0,2.4,1.4,0.4,5,1.0,0.8,1.0,0.6,5
2017-05-13,2016-17,Manchester City,Leicester City,2,1,H,1591.4,1486.2,105.2,4,10,6,35,35,0,1,0,1,2.2,2.6,0.6,0.6,5,1.4,1.6,1.4,0.4,5,1.7,1.9,0.8,0.5,10,2.2,2.1,1.1,0.4,10,1.8,1.8,0.4,0.6,5,1.4,1.6,1.8,0.2,5
2017-05-13,2016-17,Middlesbrough,Southampton,1,2,A,1407.5,1473.8,-66.3,19,11,-8,36,35,0,1,0,1,0.8,0.8,2.2,0.2,5,0.4,0.4,1.8,0.4,5,0.6,0.7,2.0,0.3,10,1.2,1.1,1.5,0.4,10,1.0,1.0,1.4,0.4,5,1.4,1.6,1.8,0.4,5
2017-05-13,2016-17,Stoke City,Arsenal,1,4,A,1463.5,1568.8,-105.4,13,5,-8,36,35,0,1,0,1,1.0,1.2,1.4,0.2,5,2.4,1.4,0.6,0.6,5,0.9,0.9,1.2,0.3,10,1.6,1.4,1.4,0.4,10,1.4,1.4,1.0,0.4,5,1.2,1.0,1.8,0.2,5
2017-05-13,2016-17,Sunderland,Swansea City,0,2,A,1385.6,1440.0,-54.4,20,17,-3,35,36,0,1,0,1,0.8,0.8,1.4,0.2,5,1.4,0.8,0.6,0.4,5,0.5,0.4,1.4,0.2,10,1.1,0.9,1.2,0.3,10,0.4,0.4,1.6,0.2,5,0.2,0.4,1.4,0.0,5
2017-05-14,2016-17,Crystal Palace,Hull City,4,0,H,1449.5,1431.9,17.6,16,18,2,36,36,0,0,1,1,0.8,0.8,2.2,0.0,5,0.8,0.8,1.6,0.4,5,1.6,1.3,1.5,0.3,10,1.3,1.3,1.9,0.2,10,1.4,1.2,1.0,0.4,5,0.2,0.6,2.6,0.2,5
2017-05-14,2016-17,Tottenham,Manchester United,2,1,H,1625.5,1583.4,42.1,2,6,4,35,35,0,1,0,1,2.4,2.2,0.2,0.8,5,1.6,1.0,0.6,0.6,5,2.7,2.5,0.5,0.6,10,1.7,1.3,0.6,0.5,10,3.0,3.0,0.6,0.6,5,2.0,1.6,0.6,0.6,5
2017-05-14,2016-17,West Ham United,Liverpool,0,4,A,1470.9,1582.7,-111.8,12,4,-8,36,36,0,0,1,1,1.8,0.8,0.4,0.8,5,2.0,1.0,0.6,0.6,5,0.9,1.0,1.5,0.4,10,2.1,1.6,0.9,0.3,10,1.4,1.0,1.0,0.6,5,2.0,1.2,1.0,0.4,5
2017-05-15,2016-17,Chelsea,Watford,4,3,H,1658.6,1442.8,215.8,1,16,15,36,36,1,0,0,1,2.4,2.2,0.8,0.6,5,0.6,0.2,1.4,0.2,5,2.4,2.1,1.0,0.3,10,0.9,0.7,1.6,0.3,10,2.4,2.6,1.2,0.2,5,0.0,0.0,2.2,0.0,5
2017-05-16,2016-17,Arsenal,Sunderland,2,0,H,1578.7,1374.3,204.4,5,20,15,36,36,1,0,0,1,2.4,1.8,0.6,0.6,5,0.8,0.8,1.2,0.2,5,1.9,1.7,1.2,0.4,10,0.5,0.4,1.4,0.2,10,2.6,2.0,0.4,0.8,5,0.6,0.4,1.2,0.2,5
2017-05-16,2016-17,Manchester City,West Bromwich Albion,3,1,H,1596.1,1465.8,130.3,4,8,4,36,36,1,0,0,1,2.2,2.4,0.6,0.6,5,0.2,0.4,1.2,0.0,5,1.7,1.9,0.9,0.4,10,0.5,0.5,1.4,0.1,10,2.2,2.2,0.6,0.4,5,0.6,0.8,1.8,0.2,5
2017-05-17,2016-17,Southampton,Manchester United,0,0,D,1484.8,1577.2,-92.5,8,6,-2,36,36,0,1,0,1,1.0,0.8,1.4,0.4,5,1.0,0.8,1.0,0.4,5,1.2,0.9,1.3,0.4,10,1.6,1.3,0.7,0.5,10,1.0,0.6,1.2,0.4,5,1.4,1.2,0.8,0.6,5
2017-05-18,2016-17,Leicester City,Tottenham,1,6,A,1481.5,1631.6,-150.0,11,2,-9,36,36,0,0,1,1,1.4,1.4,1.0,0.4,5,2.4,1.8,0.4,0.6,5,1.9,1.9,1.2,0.4,10,2.7,2.3,0.6,0.5,10,3.0,2.6,0.4,0.6,5,1.8,1.2,0.8,0.4,5
2017-05-21,2016-17,Arsenal,Everton,3,1,H,1581.6,1540.1,41.5,5,7,2,37,37,0,1,0,1,2.4,2.0,0.6,0.6,5,1.4,0.8,1.0,0.4,5,2.2,1.8,0.9,0.5,10,1.7,1.7,1.1,0.4,10,2.6,2.0,0.4,0.8,5,0.4,0.8,1.6,0.2,5
2017-05-21,2016-17,Burnley,West Ham United,1,2,A,1453.0,1461.2,-8.2,15,12,-3,37,37,0,1,0,1,0.8,1.2,1.8,0.2,5,1.2,0.6,1.2,0.6,5,0.9,0.8,1.3,0.4,10,0.9,0.9,1.7,0.4,10,1.0,0.8,1.4,0.2,5,0.4,1.0,2.0,0.2,5
2017-05-21,2016-17,Chelsea,Sunderland,5,1,H,1661.4,1371.4,290.1,1,20,19,37,37,1,0,0,1,3.0,3.0,1.0,0.6,5,0.6,0.4,1.2,0.2,5,2.4,2.3,1.2,0.3,10,0.5,0.4,1.4,0.2,10,2.4,2.8,1.6,0.2,5,0.6,0.4,1.2,0.2,5
2017-05-21,2016-17,Hull City,Tottenham,1,7,A,1425.1,1640.2,-215.0,18,2,-16,37,37,0,1,0,1,0.8,0.6,1.8,0.4,5,2.4,2.2,0.6,0.4,5,1.3,1.2,2.0,0.2,10,2.7,2.6,0.5,0.5,10,2.4,2.0,1.2,0.2,5,2.4,2.4,0.6,0.4,5
2017-05-21,2016-17,Leicester City,Bournemouth,1,1,D,1473.0,1479.0,-6.0,12,10,-2,37,37,0,1,0,1,1.2,1.2,1.8,0.4,5,2.0,1.8,1.4,0.4,5,1.6,1.7,1.7,0.4,10,1.8,1.7,1.4,0.4,10,2.4,2.2,1.4,0.6,5,1.2,0.8,1.4,0.4,5
2017-05-21,2016-17,Liverpool,Middlesbrough,3,0,H,1592.3,1396.5,195.8,5,19,14,37,37,1,0,0,1,2.0,1.4,0.4,0.8,5,0.8,0.8,2.2,0.2,5,2.1,1.7,0.8,0.4,10,0.6,0.8,2.0,0.3,10,1.6,1.6,1.2,0.2,5,0.2,0.4,2.6,0.2,5
2017-05-21,2016-17,Manchester United,Crystal Palace,2,0,H,1577.4,1456.2,121.2,6,13,7,37,37,1,0,0,1,0.6,0.4,1.0,0.4,5,1.2,1.2,1.8,0.2,5,1.4,1.0,0.6,0.6,10,1.6,1.5,1.5,0.3,10,1.4,1.0,0.6,0.4,5,1.8,1.4,2.0,0.2,5
2017-05-21,2016-17,Southampton,Stoke City,0,1,A,1484.5,1453.6,30.9,8,14,6,37,37,0,0,1,1,1.2,0.4,0.6,0.6,5,1.0,1.2,1.8,0.2,5,1.3,0.8,1.1,0.5,10,0.6,0.8,1.6,0.2,10,1.0,0.6,1.2,0.4,5,0.4,0.4,1.4,0.2,5
2017-05-21,2016-17,Swansea City,West Bromwich Albion,2,1,H,1451.3,1461.6,-10.3,17,10,-7,37,37,0,1,0,1,2.0,1.2,0.4,0.6,5,0.2,0.6,1.6,0.0,5,1.1,0.8,1.0,0.4,10,0.5,0.6,1.5,0.1,10,2.0,1.4,1.0,0.6,5,0.4,0.6,2.0,0.2,5
2017-05-21,2016-17,Watford,Manchester City,0,5,A,1440.0,1600.3,-160.3,17,4,-13,37,37,0,1,0,1,0.0,0.6,2.2,0.0,5,2.2,2.4,0.8,0.4,5,0.9,0.7,1.6,0.3,10,1.9,2.2,1.0,0.3,10,1.8,1.4,1.0,0.6,5,1.6,2.0,1.2,0.4,5
2017-08-11,2017-18,Arsenal,Leicester City,4,3,H,1587.8,1470.3,117.4,1,1,0,0,0,1,0,1,2,3.0,2.6,0.4,0.6,5,1.4,1.4,1.8,0.4,5,2.4,1.9,0.8,0.5,10,1.4,1.5,1.6,0.4,10,3.0,2.2,0.2,0.8,5,0.8,1.2,1.8,0.2,5
2017-08-12,2017-18,West Bromwich Albion,Bournemouth,1,0,H,1454.1,1481.6,-27.5,3,3,0,0,0,1,1,0,2,0.2,0.8,1.8,0.0,5,2.2,2.0,0.8,0.4,5,0.5,0.7,1.4,0.1,10,1.6,1.5,1.3,0.4,10,0.6,0.6,1.0,0.0,5,1.2,0.8,1.4,0.4,5
2017-08-12,2017-18,Watford,Liverpool,3,3,D,1431.7,1595.4,-163.7,5,5,0,0,0,0,2,0,2,0.0,0.6,2.8,0.0,5,2.0,1.8,0.4,0.8,5,0.9,0.7,2.0,0.3,10,2.1,1.8,0.7,0.5,10,1.8,0.8,1.2,0.6,5,2.6,1.8,0.4,0.6,5
2017-08-12,2017-18,Southampton,Swansea City,0,0,D,1470.9,1458.8,12.1,7,7,0,0,0,1,1,0,2,1.0,0.4,0.8,0.4,5,2.6,1.6,0.4,0.6,5,1.2,0.8,1.2,0.4,10,1.4,0.9,0.9,0.4,10,0.4,0.0,1.2,0.4,5,0.8,0.6,1.0,0.2,5
2017-08-12,2017-18,Crystal Palace,Huddersfield Town,0,3,A,1451.9,1500.0,-48.1,9,9,0,0,0,0,0,0,0,0.6,0.8,2.0,0.2,5,0.0,0.0,0.0,0.0,0,1.3,1.4,1.7,0.2,10,0.0,0.0,0.0,0.0,0,1.4,1.8,1.0,0.4,5,0.0,0.0,0.0,0.0,0
2017-08-12,2017-18,Chelsea,Burnley,2,3,A,1663.4,1440.4,222.9,11,11,0,0,0,1,0,1,2,3.0,3.2,0.8,0.6,5,0.8,1.2,1.6,0.2,5,2.4,2.6,1.2,0.3,10,0.9,0.8,1.3,0.4,10,3.0,3.6,1.4,0.2,5,1.0,0.8,1.0,0.6,5
2017-08-12,2017-18,Brighton and Hove Albion,Manchester City,0,2,A,1500.0,1608.6,-108.6,13,13,0,0,0,0,0,0,0,0.0,0.0,0.0,0.0,0,2.6,3.4,0.8,0.4,5,0.0,0.0,0.0,0.0,0,2.1,2.6,0.9,0.4,10,0.0,0.0,0.0,0.0,0,1.6,2.6,1.2,0.4,5
2017-08-12,2017-18,Everton,Stoke City,1,0,H,1534.0,1467.2,66.8,15,15,0,0,0,1,0,1,2,0.8,0.4,1.4,0.4,5,1.0,0.8,1.6,0.4,5,1.4,1.5,1.4,0.3,10,0.8,0.9,1.6,0.2,10,2.4,2.4,1.2,0.4,5,0.8,0.6,1.4,0.2,5
2017-08-13,2017-18,Manchester United,West Ham United,4,0,H,1581.8,1473.8,108.0,17,17,0,0,0,1,0,1,2,1.0,0.8,1.0,0.4,5,1.6,0.6,1.0,0.6,5,1.6,1.2,0.6,0.6,10,1.2,0.9,1.5,0.4,10,1.8,1.2,0.4,0.6,5,1.0,1.0,1.6,0.2,5
2017-08-13,2017-18,Newcastle United,Tottenham,0,2,A,1500.0,1647.0,-147.0,19,19,0,0,0,0,0,0,0,0.0,0.0,0.0,0.0,0,2.4,3.4,0.8,0.2,5,0.0,0.0,0.0,0.0,0,2.7,3.1,0.5,0.5,10,0.0,0.0,0.0,0.0,0,2.4,3.4,0.8,0.2,5
2017-08-19,2017-18,Bournemouth,Watford,0,2,A,1473.7,1433.5,40.2,15,9,-6,1,1,0,0,2,2,1.6,1.2,1.0,0.2,5,0.2,1.2,3.2,0.0,5,1.3,1.3,1.4,0.3,10,0.7,0.9,2.3,0.2,10,2.0,2.2,1.2,0.4,5,0.0,0.6,2.8,0.0,5
2017-08-19,2017-18,Burnley,West Bromwich Albion,0,1,A,1457.7,1462.1,-4.3,7,8,1,1,1,0,1,1,2,1.4,1.8,1.6,0.2,5,0.8,1.0,1.6,0.2,5,1.1,1.1,1.5,0.3,10,0.5,0.5,1.3,0.2,10,0.8,0.8,1.6,0.2,5,0.4,0.8,1.8,0.2,5
2017-08-19,2017-18,Leicester City,Brighton and Hove Albion,2,0,H,1465.9,1490.2,-24.4,13,16,3,1,1,0,0,0,0,0.8,1.8,2.6,0.2,5,0.0,0.0,2.0,0.0,1,1.1,1.6,2.0,0.3,10,0.0,0.0,2.0,0.0,1,2.0,1.8,1.4,0.6,5,0.0,0.0,0.0,0.0,0
2017-08-19,2017-18,Liverpool,Crystal Palace,1,0,H,1593.6,1440.4,153.2,11,18,7,1,1,1,1,0,2,2.2,2.2,0.6,0.8,5,0.6,0.8,2.4,0.2,5,2.1,2.0,0.9,0.5,10,1.0,1.2,1.9,0.2,10,1.6,1.8,1.0,0.4,5,1.2,1.0,2.4,0.0,5
2017-08-19,2017-18,Southampton,West Ham United,3,2,H,1467.8,1469.2,-1.3,12,20,8,1,1,1,1,0,2,1.0,0.4,0.8,0.4,5,1.4,0.6,1.8,0.4,5,1.0,0.5,1.1,0.5,10,1.2,0.7,1.6,0.4,10,0.6,0.0,0.6,0.6,5,1.0,0.8,2.0,0.2,5
2017-08-19,2017-18,Stoke City,Arsenal,1,0,H,1461.7,1592.2,-130.5,15,10,-5,1,1,0,2,0,2,1.0,0.8,1.4,0.4,5,3.0,3.0,1.0,0.4,5,0.8,0.8,1.5,0.2,10,2.4,2.0,1.1,0.4,10,0.8,1.2,1.8,0.2,5,1.8,1.6,1.4,0.2,5
2017-08-19,2017-18,Swansea City,Manchester United,0,4,A,1461.9,1586.5,-124.5,14,5,-9,1,1,0,1,1,2,2.2,1.2,0.4,0.6,5,1.4,1.4,0.8,0.6,5,1.5,0.9,0.7,0.5,10,1.8,1.5,0.5,0.7,10,2.0,1.2,0.8,0.6,5,1.0,0.6,0.8,0.6,5
2017-08-20,2017-18,Tottenham,Chelsea,1,2,A,1655.6,1646.0,9.6,8,15,7,1,1,1,1,0,2,2.4,3.4,0.8,0.2,5,2.4,3.0,1.4,0.4,5,2.7,3.1,0.5,0.5,10,2.4,2.7,1.3,0.3,10,3.0,2.8,0.4,0.6,5,2.4,1.8,0.8,0.4,5
2017-08-20,2017-18,Huddersfield Town,Newcastle United,1,0,H,1511.5,1491.3,20.1,6,16,10,1,1,0,0,0,0,3.0,3.0,0.0,1.0,1,0.0,0.0,2.0,0.0,1,3.0,3.0,0.0,1.0,1,0.0,0.0,2.0,0.0,1,0.0,0.0,0.0,0.0,0,0.0,0.0,0.0,0.0,0
2017-08-21,2017-18,Manchester City,Everton,1,1,D,1618.4,1539.5,78.8,7,10,3,1,1,0,1,1,2,3.0,3.4,0.4,0.6,5,1.2,0.6,1.4,0.4,5,2.3,2.6,0.7,0.5,10,1.4,1.2,1.4,0.3,10,2.6,2.6,0.6,0.4,5,0.4,0.6,1.6,0.2,5
2017-08-26,2017-18,Bournemouth,Manchester City,1,2,A,1459.9,1613.6,-153.7,16,5,-11,2,2,0,2,0,2,1.0,1.0,1.4,0.0,5,2.6,2.6,0.6,0.4,5,1.2,1.3,1.6,0.2,10,2.4,2.6,0.6,0.5,10,1.4,1.8,1.6,0.2,5,2.0,2.6,0.8,0.6,5
2017-08-26,2017-18,Crystal Palace,Swansea City,0,2,A,1436.6,1452.6,-16.0,18,15,-3,2,2,0,2,0,2,0.6,0.8,2.2,0.2,5,2.0,1.0,1.0,0.6,5,1.0,1.1,1.7,0.2,10,1.4,0.9,1.1,0.4,10,0.8,1.2,1.6,0.2,5,1.0,0.6,0.6,0.4,5
2017-08-26,2017-18,Huddersfield Town,Southampton,0,0,D,1518.2,1475.1,43.1,3,7,4,2,2,0,0,0,0,3.0,2.0,0.0,1.0,2,1.6,1.0,0.8,0.4,5,3.0,2.0,0.0,1.0,2,1.0,0.7,1.3,0.4,10,3.0,1.0,0.0,1.0,1,1.4,1.2,1.4,0.4,5
2017-08-26,2017-18,Manchester United,Leicester City,2,0,H,1595.8,1473.7,122.0,3,10,7,2,2,2,0,0,2,2.0,2.2,0.4,0.8,5,0.8,1.6,2.6,0.2,5,1.8,1.6,0.5,0.7,10,1.1,1.6,2.0,0.3,10,2.2,2.0,0.4,0.6,5,0.8,1.4,1.8,0.2,5
2017-08-26,2017-18,Newcastle United,West Ham United,3,0,H,1484.7,1461.9,22.7,16,19,3,2,2,0,0,0,0,0.0,0.0,1.5,0.0,2,1.2,1.0,2.4,0.2,5,0.0,0.0,1.5,0.0,2,1.2,0.8,1.7,0.4,10,0.0,0.0,2.0,0.0,1,1.0,1.2,2.0,0.2,5
2017-08-26,2017-18,Watford,Brighton and Hove Albion,0,0,D,1447.4,1482.4,-35.0,6,18,12,2,2,0,0,0,0,0.8,1.6,2.6,0.2,5,0.0,0.0,2.0,0.0,2,0.7,0.9,2.3,0.2,10,0.0,0.0,2.0,0.0,2,1.4,1.2,1.8,0.4,5,0.0,0.0,2.0,0.0,1
2017-08-27,2017-18,Chelsea,Everton,2,0,H,1659.1,1544.3,114.8,12,8,-4,2,2,2,0,0,2,2.4,2.8,1.6,0.2,5,1.4,0.8,1.0,0.4,5,2.4,2.7,1.3,0.3,10,1.5,1.2,1.2,0.3,10,2.4,3.6,1.8,0.2,5,0.6,0.6,1.2,0.2,5
2017-08-27,2017-18,Liverpool,Arsenal,4,0,H,1597.4,1581.3,16.1,8,12,4,2,2,2,0,0,2,2.2,2.2,0.6,0.8,5,2.4,2.6,1.2,0.2,5,2.1,1.8,0.8,0.6,10,2.4,2.0,0.9,0.4,10,1.6,1.4,0.8,0.6,5,1.8,1.6,1.0,0.2,5
2017-08-27,2017-18,Tottenham,Burnley,1,1,D,1642.6,1445.0,197.5,11,12,1,2,2,2,0,0,2,2.4,3.6,1.0,0.2,5,0.8,1.4,1.8,0.0,5,2.4,2.9,0.6,0.5,10,1.1,1.1,1.4,0.3,10,2.4,2.6,0.6,0.6,5,1.4,1.4,1.4,0.4,5
2017-08-27,2017-18,West Bromwich Albion,Stoke City,1,1,D,1474.8,1472.5,2.2,6,14,8,2,2,1,0,1,2,1.2,0.8,1.2,0.4,5,1.4,1.0,1.4,0.4,5,0.7,0.6,1.3,0.2,10,1.1,0.9,1.3,0.3,10,0.6,0.2,0.8,0.2,5,0.8,0.6,1.2,0.2,5
2017-09-09,2017-18,Southampton,Watford,0,2,A,1479.0,1445.5,33.4,8,7,-1,3,3,1,0,1,2,1.2,0.6,0.6,0.6,5,1.0,1.6,2.4,0.4,5,1.1,0.7,1.0,0.5,10,0.8,0.9,1.9,0.3,10,1.0,0.6,1.0,0.4,5,0.6,1.0,2.0,0.2,5
2017-09-09,2017-18,Stoke City,Manchester United,2,2,D,1475.4,1600.1,-124.7,11,1,-10,3,3,0,0,2,2,1.4,0.8,1.2,0.4,5,2.6,2.4,0.0,1.0,5,1.2,1.0,1.3,0.3,10,1.8,1.6,0.5,0.7,10,1.4,1.2,1.4,0.4,5,1.0,1.0,0.8,0.6,5
2017-09-09,2017-18,Manchester City,Liverpool,5,0,H,1622.1,1604.2,17.9,5,3,-2,3,3,0,1,1,2,2.6,2.6,0.6,0.4,5,2.6,3.0,0.6,0.8,5,2.4,2.5,0.6,0.5,10,2.3,2.0,0.6,0.7,10,2.2,2.2,0.6,0.4,5,2.6,2.2,0.8,0.6,5
2017-09-09,2017-18,Leicester City,Chelsea,1,2,A,1469.4,1663.6,-194.2,15,7,-8,3,3,0,2,0,2,0.8,1.4,2.6,0.2,5,2.4,3.0,1.6,0.2,5,1.1,1.4,1.8,0.3,10,2.4,2.6,1.2,0.4,10,2.0,1.8,1.4,0.6,5,2.4,1.8,0.8,0.4,5
2017-09-09,2017-18,Everton,Tottenham,0,3,A,1539.8,1635.6,-95.9,12,10,-2,3,3,0,1,1,2,1.4,0.8,1.2,0.4,5,2.0,3.4,1.0,0.2,5,1.4,1.1,1.3,0.3,10,2.2,2.6,0.7,0.4,10,2.4,1.8,1.2,0.4,5,2.4,3.2,0.6,0.4,5
2017-09-09,2017-18,Brighton and Hove Albion,West Bromwich Albion,3,1,H,1484.2,1471.9,12.3,17,7,-10,3,3,0,0,0,0,0.3333333333333333,0.0,1.3333333333333333,0.3333333333333333,3,1.4,1.0,1.2,0.4,5,0.3333333333333333,0.0,1.3333333333333333,0.3333333333333333,3,0.8,0.7,1.2,0.2,10,0.0,0.0,2.0,0.0,1,0.8,1.0,1.8,0.2,5
2017-09-09,2017-18,Arsenal,Bournemouth,3,0,H,1574.6,1451.4,123.1,17,18,1,3,3,1,0,1,2,1.8,1.8,1.8,0.2,5,0.8,0.8,1.4,0.0,5,2.1,1.8,1.2,0.4,10,1.1,1.2,1.6,0.2,10,3.0,2.4,0.8,0.6,5,1.0,0.8,1.6,0.2,5
2017-09-10,2017-18,Burnley,Crystal Palace,1,0,H,1452.0,1424.2,27.8,12,18,6,3,3,2,0,0,2,0.8,1.2,1.6,0.0,5,0.6,0.8,1.6,0.2,5,0.9,1.1,1.5,0.2,10,0.7,0.8,1.9,0.1,10,0.8,0.8,1.4,0.2,5,0.6,0.6,2.4,0.0,5
2017-09-10,2017-18,Swansea City,Newcastle United,0,1,A,1465.0,1491.3,-26.3,14,16,2,3,3,0,0,0,0,2.0,1.2,1.0,0.6,5,1.0,1.0,1.0,0.3333333333333333,3,1.7,1.0,0.8,0.5,10,1.0,1.0,1.0,0.3333333333333333,3,1.8,1.2,1.6,0.4,5,0.0,0.0,1.0,0.0,1
2017-09-11,2017-18,West Ham United,Huddersfield Town,2,0,H,1455.3,1514.3,-58.9,20,6,-14,3,3,0,0,0,0,0.6,0.8,3.0,0.0,5,2.3333333333333335,1.3333333333333333,0.0,1.0,3,1.2,0.8,1.7,0.4,10,2.3333333333333335,1.3333333333333333,0.0,1.0,3,1.4,0.8,1.4,0.6,5,3.0,3.0,0.0,1.0,1
2017-09-15,2017-18,Bournemouth,Brighton and Hove Albion,2,1,H,1447.1,1491.1,-44.0,19,14,-5,4,4,0,0,0,0,0.2,0.4,1.8,0.0,5,1.0,0.75,1.25,0.25,4,1.1,1.1,1.6,0.2,10,1.0,0.75,1.25,0.25,4,1.4,1.8,1.4,0.2,5,0.5,0.0,1.0,0.5,2
2017-09-16,2017-18,Crystal Palace,Southampton,0,1,A,1417.8,1465.3,-47.5,20,13,-7,4,4,1,1,0,2,0.0,0.0,1.8,0.0,5,1.0,0.6,1.0,0.4,5,0.6,0.6,1.8,0.1,10,1.1,0.5,0.8,0.5,10,0.6,0.8,1.6,0.2,5,1.6,1.0,1.0,0.6,5
2017-09-16,2017-18,Huddersfield Town,Leicester City,1,1,D,1505.4,1462.0,43.4,7,17,10,4,4,0,0,0,0,1.75,1.0,0.5,0.75,4,0.8,1.4,1.8,0.2,5,1.75,1.0,0.5,0.75,4,1.0,1.3,1.8,0.3,10,2.0,0.5,0.0,1.0,2,0.6,1.0,1.8,0.2,5
2017-09-16,2017-18,Liverpool,Burnley,1,1,D,1597.4,1458.5,139.0,9,8,-1,4,4,1,1,0,2,2.0,2.2,1.6,0.6,5,1.4,1.2,1.2,0.2,5,2.0,1.8,1.0,0.7,10,1.1,1.2,1.5,0.2,10,2.0,1.8,0.4,0.8,5,1.4,1.6,1.6,0.2,5
2017-09-16,2017-18,Newcastle United,Stoke City,2,1,H,1503.4,1476.1,27.2,11,13,2,4,4,0,0,0,0,1.5,1.0,0.75,0.5,4,1.6,1.0,0.8,0.4,5,1.5,1.0,0.75,0.5,4,1.3,1.1,1.3,0.3,10,1.5,1.5,1.0,0.5,2,1.0,0.8,1.2,0.2,5
2017-09-16,2017-18,Tottenham,Swansea City,0,0,D,1645.7,1452.9,192.8,10,16,6,4,4,2,0,0,2,2.0,2.8,0.8,0.4,5,1.4,0.8,1.2,0.4,5,2.2,2.5,0.7,0.4,10,1.7,1.0,0.8,0.5,10,2.0,2.0,0.8,0.4,5,1.6,1.0,0.4,0.6,5
2017-09-16,2017-18,Watford,Manchester City,0,6,A,1459.2,1628.8,-169.6,5,2,-3,4,4,0,2,0,2,1.6,1.4,1.6,0.6,5,2.6,3.0,0.4,0.6,5,0.8,1.0,1.9,0.3,10,2.4,2.7,0.6,0.5,10,1.0,0.8,1.8,0.4,5,2.6,2.8,0.6,0.6,5
2017-09-16,2017-18,West Bromwich Albion,West Ham United,0,0,D,1465.0,1464.1,0.9,11,18,7,4,4,1,0,1,2,1.4,1.0,1.2,0.4,5,1.2,1.2,2.2,0.2,5,0.8,0.8,1.4,0.2,10,1.2,0.9,1.7,0.4,10,0.8,0.4,0.8,0.2,5,0.8,0.8,2.2,0.2,5
2017-09-17,2017-18,Manchester United,Everton,4,0,H,1599.4,1529.6,69.8,2,17,15,4,4,0,0,2,2,2.6,2.8,0.4,0.8,5,0.8,0.6,1.8,0.2,5,1.6,1.6,0.7,0.6,10,1.1,0.7,1.4,0.3,10,2.6,2.2,0.2,0.8,5,0.4,0.4,1.4,0.2,5
2017-09-17,2017-18,Chelsea,Arsenal,0,0,D,1671.0,1578.9,92.1,3,12,9,4,4,1,1,0,2,2.4,2.6,1.2,0.2,5,1.8,2.0,1.8,0.2,5,2.7,2.8,1.1,0.4,10,2.1,2.0,1.2,0.4,10,2.4,3.2,1.4,0.4,5,1.2,1.2,1.6,0.2,5
2017-09-23,2017-18,Burnley,Huddersfield Town,0,0,D,1464.4,1501.5,-37.1,7,6,-1,5,5,0,0,0,0,1.6,1.2,1.0,0.2,5,1.6,1.0,0.6,0.6,5,1.2,1.2,1.3,0.2,10,1.6,1.0,0.6,0.6,5,0.8,0.8,1.4,0.2,5,1.5,1.5,1.0,0.5,2
2017-09-23,2017-18,Everton,Bournemouth,2,1,H,1524.2,1455.5,68.7,18,19,1,5,5,1,1,0,2,0.8,0.4,2.0,0.2,5,0.6,0.6,1.8,0.0,5,0.8,0.4,1.7,0.3,10,1.4,1.3,1.3,0.2,10,1.8,1.0,1.4,0.4,5,0.8,0.4,1.8,0.2,5
2017-09-23,2017-18,Leicester City,Liverpool,2,3,A,1465.9,1591.5,-125.5,16,8,-8,5,5,1,1,0,2,0.8,1.4,1.8,0.2,5,1.6,1.8,1.8,0.4,5,1.1,1.4,1.8,0.3,10,1.8,1.8,1.1,0.6,10,1.4,1.6,1.8,0.4,5,2.0,1.8,1.6,0.6,5
2017-09-23,2017-18,Manchester City,Crystal Palace,5,0,H,1636.8,1406.3,230.6,1,20,19,5,5,2,0,0,2,2.6,3.2,0.4,0.6,5,0.0,0.0,1.6,0.0,5,2.6,3.3,0.6,0.5,10,0.3,0.4,1.8,0.1,10,2.6,3.2,0.6,0.4,5,0.6,0.4,2.0,0.0,5
2017-09-23,2017-18,Southampton,Manchester United,0,1,A,1476.8,1604.9,-128.1,10,2,-8,5,5,0,1,1,2,1.6,0.8,0.8,0.6,5,2.6,3.2,0.4,0.8,5,1.3,0.6,0.8,0.5,10,1.8,2.0,0.7,0.6,10,1.0,0.6,1.0,0.4,5,1.0,1.4,1.2,0.4,5
2017-09-23,2017-18,Stoke City,Chelsea,0,4,A,1469.6,1665.9,-196.3,14,4,-10,5,5,0,2,0,2,1.0,1.0,1.2,0.2,5,2.0,1.6,1.0,0.4,5,1.0,0.9,1.4,0.3,10,2.5,2.4,0.9,0.5,10,1.6,1.4,1.4,0.4,5,2.4,1.6,0.8,0.4,5
2017-09-23,2017-18,Swansea City,Watford,1,2,A,1459.8,1451.2,8.6,14,11,-3,5,5,0,1,1,2,1.0,0.4,1.0,0.6,5,1.6,1.4,1.8,0.6,5,1.8,1.0,0.7,0.6,10,0.8,1.0,2.3,0.3,10,1.8,1.0,1.2,0.4,5,1.2,1.4,1.6,0.4,5
2017-09-23,2017-18,West Ham United,Tottenham,2,3,A,1467.0,1638.9,-171.9,18,9,-9,5,5,1,1,0,2,0.8,0.8,2.0,0.4,5,1.6,1.4,0.6,0.6,5,1.2,0.7,1.5,0.5,10,2.0,2.4,0.7,0.4,10,2.0,0.8,0.8,0.8,5,2.4,3.6,0.6,0.4,5
2017-09-24,2017-18,Brighton and Hove Albion,Newcastle United,1,0,H,1482.7,1509.9,-27.1,17,7,-10,5,5,0,0,0,0,0.8,0.8,1.4,0.2,5,1.8,1.2,0.8,0.4,5,0.8,0.8,1.4,0.2,5,1.8,1.2,0.8,0.4,5,1.5,1.5,1.5,0.0,2,1.5,0.5,0.5,0.5,2
2017-09-25,2017-18,Arsenal,West Bromwich Albion,2,0,H,1583.9,1462.2,121.7,12,10,-2,5,5,1,1,0,2,1.4,1.4,1.6,0.4,5,1.6,0.8,0.8,0.6,5,2.2,2.0,1.0,0.5,10,0.9,0.8,1.3,0.3,10,3.0,2.8,0.8,0.6,5,0.8,1.2,2.0,0.2,5
2017-09-30,2017-18,West Ham United,Swansea City,1,0,H,1459.0,1446.8,12.3,18,15,-3,6,6,2,0,0,2,0.8,1.2,1.8,0.4,5,0.8,0.6,1.4,0.4,5,1.1,0.9,1.8,0.4,10,1.5,0.9,0.9,0.5,10,1.4,1.0,1.4,0.6,5,1.8,1.0,0.2,0.8,5
2017-09-30,2017-18,West Bromwich Albion,Watford,2,2,D,1457.8,1464.2,-6.3,12,6,-6,6,6,1,1,0,2,1.0,0.6,1.2,0.4,5,2.0,1.2,1.4,0.6,5,0.9,0.8,1.4,0.3,10,1.1,1.2,2.3,0.3,10,1.0,0.4,0.6,0.4,5,1.8,1.8,1.2,0.4,5
2017-09-30,2017-18,Stoke City,Southampton,2,1,H,1462.3,1467.6,-5.3,16,12,-4,6,6,1,0,1,2,1.0,1.0,1.8,0.2,5,1.4,0.8,1.0,0.4,5,1.0,0.9,1.6,0.3,10,1.2,0.6,0.9,0.4,10,1.0,0.8,2.0,0.4,5,1.6,1.0,1.0,0.6,5
2017-09-30,2017-18,Manchester United,Crystal Palace,4,0,H,1614.1,1403.7,210.4,2,20,18,6,6,2,0,0,2,2.6,2.6,0.4,0.8,5,0.0,0.0,2.0,0.0,5,2.0,2.0,0.6,0.7,10,0.3,0.4,2.2,0.1,10,2.6,2.6,0.2,0.8,5,0.0,0.0,2.8,0.0,5
2017-09-30,2017-18,Huddersfield Town,Tottenham,0,4,A,1503.3,1646.8,-143.5,8,5,-3,6,6,0,0,0,0,1.2,0.4,0.6,0.6,5,1.6,1.6,1.0,0.4,5,1.5,0.8333333333333334,0.5,0.6666666666666666,6,2.0,2.5,0.9,0.3,10,1.6666666666666667,0.6666666666666666,0.3333333333333333,0.6666666666666666,3,3.0,4.2,0.8,0.4,5
2017-09-30,2017-18,Chelsea,Manchester City,0,1,A,1673.2,1639.4,33.8,4,2,-2,6,6,2,0,0,2,2.6,2.0,0.4,0.6,5,2.6,3.8,0.4,0.6,5,2.5,2.5,0.9,0.5,10,2.8,3.6,0.4,0.6,10,2.0,2.6,1.4,0.4,5,2.6,3.4,0.6,0.6,5
2017-09-30,2017-18,Bournemouth,Leicester City,0,0,D,1450.0,1456.7,-6.7,19,18,-1,6,6,1,0,1,2,0.6,0.8,2.0,0.0,5,0.8,1.2,1.6,0.2,5,1.1,1.0,1.5,0.1,10,0.8,1.5,2.1,0.2,10,1.4,1.4,1.6,0.0,5,0.8,1.2,1.8,0.2,5
2017-10-01,2017-18,Arsenal,Brighton and Hove Albion,2,0,H,1588.3,1490.6,97.6,7,14,7,6,6,0,0,0,0,1.4,1.0,1.0,0.6,5,1.4,1.0,1.0,0.4,5,2.2,2.0,1.0,0.5,10,1.1666666666666667,0.8333333333333334,1.1666666666666667,0.3333333333333333,6,3.0,2.8,0.8,0.6,5,0.3333333333333333,0.3333333333333333,1.3333333333333333,0.3333333333333333,3
2017-10-01,2017-18,Everton,Burnley,0,1,A,1529.7,1462.6,67.0,16,8,-8,6,6,1,1,0,2,0.8,0.6,2.2,0.0,5,1.2,0.6,0.6,0.4,5,1.0,0.6,1.8,0.2,10,1.3,1.2,1.1,0.3,10,1.8,0.8,1.4,0.4,5,1.6,1.6,1.2,0.2,5
2017-10-01,2017-18,Newcastle United,Liverpool,1,1,D,1501.9,1600.7,-98.8,9,8,-1,6,6,0,0,0,0,1.8,1.2,0.6,0.4,5,2.0,1.8,1.6,0.4,5,1.5,1.0,0.8333333333333334,0.3333333333333333,6,2.1,2.0,1.1,0.6,10,2.0,1.6666666666666667,1.0,0.3333333333333333,3,2.0,2.2,2.0,0.4,5
2017-10-14,2017-18,Burnley,West Ham United,1,1,D,1477.1,1465.9,11.2,6,15,9,7,7,0,2,0,2,1.8,0.8,0.4,0.6,5,1.4,1.0,1.2,0.6,5,1.3,1.1,1.1,0.3,10,1.3,1.0,1.8,0.4,10,1.0,0.8,1.0,0.4,5,0.8,0.8,2.2,0.2,5
2017-10-14,2017-18,Crystal Palace,Chelsea,2,1,H,1400.8,1659.6,-258.8,20,4,-16,7,7,1,1,0,2,0.0,0.0,2.6,0.0,5,2.0,1.6,0.4,0.6,5,0.3,0.4,2.4,0.1,10,2.2,2.2,1.0,0.4,10,0.6,0.8,1.6,0.2,5,3.0,2.4,0.4,0.6,5
2017-10-14,2017-18,Liverpool,Manchester United,0,0,D,1600.8,1616.9,-16.2,7,2,-5,7,7,0,0,2,2,1.6,1.8,1.8,0.2,5,2.6,2.6,0.4,0.8,5,1.9,2.0,1.2,0.5,10,2.3,2.4,0.4,0.8,10,2.2,1.8,0.2,0.8,5,1.6,1.6,0.8,0.6,5
2017-10-14,2017-18,Manchester City,Stoke City,7,2,H,1653.1,1469.7,183.4,2,13,11,7,7,1,0,1,2,3.0,3.8,0.2,0.8,5,1.0,1.2,2.0,0.0,5,2.8,3.2,0.4,0.6,10,1.2,1.1,1.7,0.2,10,2.6,3.2,0.6,0.4,5,1.0,1.0,1.2,0.2,5
2017-10-14,2017-18,Swansea City,Huddersfield Town,2,0,H,1439.9,1494.6,-54.7,18,11,-7,7,7,0,0,0,0,0.8,0.6,0.8,0.4,5,0.6,0.2,1.4,0.4,5,1.4,0.8,0.9,0.5,10,1.2857142857142858,0.7142857142857143,1.0,0.5714285714285714,7,1.2,0.8,1.6,0.2,5,1.3333333333333333,1.0,0.6666666666666666,0.6666666666666666,3
2017-10-14,2017-18,Tottenham,Bournemouth,1,0,H,1655.6,1447.4,208.2,3,19,16,7,7,1,0,1,2,2.2,2.2,0.6,0.6,5,0.8,0.8,1.6,0.2,5,2.3,2.9,0.8,0.4,10,0.9,0.9,1.5,0.1,10,1.6,1.2,0.8,0.4,5,0.8,0.6,1.4,0.2,5
2017-10-14,2017-18,Watford,Arsenal,2,1,H,1466.8,1593.1,-126.3,8,5,-3,7,7,1,1,0,2,1.6,1.2,1.8,0.4,5,2.0,1.4,0.8,0.8,5,1.2,1.4,2.2,0.3,10,2.2,2.0,1.0,0.5,10,0.4,0.6,3.0,0.2,5,1.4,1.2,1.2,0.4,5
2017-10-15,2017-18,Southampton,Newcastle United,2,2,D,1460.3,1501.9,-41.6,12,9,-3,7,7,0,0,0,0,0.8,0.4,1.0,0.4,5,2.0,1.4,0.6,0.4,5,1.2,0.7,0.9,0.4,10,1.4285714285714286,1.0,0.8571428571428571,0.2857142857142857,7,0.8,0.6,1.2,0.2,5,1.0,0.3333333333333333,0.6666666666666666,0.3333333333333333,3
2017-10-15,2017-18,Brighton and Hove Albion,Everton,1,1,D,1485.8,1515.2,-29.4,16,17,1,7,7,0,0,0,0,1.4,1.0,1.0,0.4,5,0.6,0.4,2.2,0.0,5,1.0,0.7142857142857143,1.2857142857142858,0.2857142857142857,7,1.0,0.6,1.6,0.2,10,2.0,1.3333333333333333,1.0,0.3333333333333333,3,0.2,0.4,2.2,0.0,5
2017-10-16,2017-18,Leicester City,West Bromwich Albion,1,1,D,1459.3,1455.2,4.1,18,11,-7,7,7,1,1,0,2,0.4,0.8,1.6,0.2,5,0.6,0.8,1.6,0.2,5,0.6,1.2,2.1,0.2,10,0.9,0.8,1.4,0.3,10,0.8,1.4,2.4,0.2,5,0.6,0.8,2.0,0.2,5
2017-10-20,2017-18,West Ham United,Brighton and Hove Albion,0,3,A,1469.0,1483.8,-14.8,15,14,-1,8,8,0,0,0,0,1.6,1.2,0.8,0.6,5,1.4,1.2,1.2,0.2,5,1.1,1.0,1.9,0.3,10,1.0,0.75,1.25,0.25,8,1.8,1.2,1.4,0.6,5,0.25,0.25,1.5,0.25,4
2017-10-21,2017-18,Chelsea,Watford,4,2,H,1645.3,1477.6,167.7,5,4,-1,8,8,2,0,0,2,1.4,1.4,0.8,0.4,5,2.0,1.6,2.0,0.2,5,1.9,2.2,1.2,0.3,10,1.5,1.6,2.2,0.3,10,1.4,1.8,1.0,0.4,5,2.0,2.2,1.4,0.4,5
2017-10-21,2017-18,Huddersfield Town,Manchester United,2,1,H,1485.9,1619.3,-133.4,13,2,-11,8,8,0,0,0,0,0.4,0.2,1.8,0.2,5,2.2,2.2,0.4,0.8,5,1.125,0.625,1.125,0.5,8,2.4,2.3,0.2,0.9,10,1.25,0.5,1.25,0.5,4,1.8,1.4,0.4,0.8,5
2017-10-21,2017-18,Manchester City,Burnley,3,0,H,1656.4,1474.0,182.4,1,7,6,8,8,2,0,0,2,3.0,4.8,0.4,0.8,5,1.8,0.8,0.4,0.6,5,2.8,3.7,0.5,0.6,10,1.3,1.0,1.0,0.3,10,2.6,4.2,0.8,0.4,5,1.6,1.4,1.2,0.2,5
2017-10-21,2017-18,Newcastle United,Crystal Palace,1,0,H,1503.6,1415.1,88.5,10,20,10,8,8,0,0,0,0,1.6,1.2,1.0,0.2,5,0.6,0.4,2.4,0.0,5,1.375,1.125,1.0,0.25,8,0.6,0.6,2.0,0.1,10,1.75,1.5,1.0,0.25,4,0.0,0.0,2.6,0.0,5
2017-10-21,2017-18,Southampton,West Bromwich Albion,1,0,H,1458.6,1458.1,0.5,13,12,-1,8,8,1,1,0,2,0.8,0.8,1.4,0.2,5,0.6,0.8,1.6,0.2,5,1.0,0.7,1.0,0.4,10,1.0,0.9,1.4,0.3,10,1.0,1.0,1.4,0.2,5,0.8,0.8,1.6,0.2,5
2017-10-21,2017-18,Stoke City,Bournemouth,1,2,A,1466.4,1444.5,21.9,16,19,3,8,8,0,1,1,2,0.8,1.4,3.2,0.0,5,0.8,0.6,1.4,0.2,5,1.1,1.1,2.2,0.2,10,0.8,0.7,1.4,0.1,10,1.4,1.2,2.2,0.2,5,0.2,0.4,1.6,0.0,5
2017-10-21,2017-18,Swansea City,Leicester City,1,2,A,1448.6,1456.4,-7.8,14,19,5,8,8,1,1,0,2,0.8,0.6,0.8,0.4,5,0.6,1.0,1.4,0.2,5,1.4,0.9,0.9,0.5,10,0.7,1.2,2.0,0.2,10,1.2,1.0,1.6,0.2,5,0.4,1.0,1.8,0.2,5
2017-10-22,2017-18,Everton,Arsenal,2,5,A,1517.2,1582.4,-65.2,16,7,-9,8,8,1,1,0,2,0.8,0.6,2.0,0.0,5,2.0,1.6,0.4,0.8,5,1.1,0.7,1.6,0.2,10,1.9,1.7,1.1,0.5,10,1.8,0.8,1.0,0.4,5,0.8,1.0,1.6,0.2,5
2017-10-22,2017-18,Tottenham,Liverpool,4,1,H,1658.5,1598.4,60.1,3,8,5,8,8,0,1,1,2,2.6,2.2,0.4,0.8,5,1.2,1.0,1.8,0.2,5,2.3,2.8,0.7,0.5,10,1.9,2.0,1.2,0.5,10,1.6,1.0,0.8,0.4,5,1.6,2.2,2.2,0.2,5
2017-10-28,2017-18,Watford,Stoke City,0,1,A,1474.0,1453.0,21.0,6,17,11,9,9,0,2,0,2,1.4,1.6,2.8,0.0,5,0.6,1.2,3.2,0.0,5,1.5,1.5,2.2,0.3,10,1.1,1.1,2.0,0.2,10,1.0,1.0,3.0,0.2,5,0.8,1.0,2.2,0.2,5
2017-10-28,2017-18,West Bromwich Albion,Manchester City,2,3,A,1450.9,1659.7,-208.7,14,1,-13,9,9,0,2,0,2,0.6,0.6,1.2,0.2,5,3.0,4.4,0.4,0.8,5,1.0,0.8,1.2,0.3,10,2.8,3.7,0.4,0.7,10,1.2,0.8,0.8,0.4,5,3.0,3.2,0.2,0.8,5
2017-10-28,2017-18,Manchester United,Tottenham,1,0,H,1608.3,1664.2,-55.8,2,3,1,9,9,1,1,0,2,2.0,2.0,0.4,0.8,5,2.6,2.4,0.6,0.6,5,2.3,2.4,0.4,0.8,10,2.3,2.6,0.7,0.5,10,3.0,3.2,0.0,1.0,5,3.0,3.8,0.6,0.6,5
2017-10-28,2017-18,Bournemouth,Chelsea,0,1,A,1457.8,1648.8,-191.0,19,4,-15,9,9,0,2,0,2,1.4,1.0,1.0,0.2,5,1.4,1.8,1.0,0.4,5,0.8,0.7,1.4,0.1,10,1.9,2.2,1.1,0.3,10,1.4,1.0,1.2,0.2,5,2.4,2.0,0.8,0.4,5
2017-10-28,2017-18,Crystal Palace,West Ham United,2,2,D,1410.0,1456.6,-46.6,20,17,-3,9,9,0,2,0,2,0.6,0.4,2.4,0.0,5,1.0,0.8,1.4,0.4,5,0.3,0.2,2.1,0.0,10,1.1,1.0,1.8,0.3,10,1.2,1.2,1.4,0.2,5,0.4,0.6,2.2,0.2,5
2017-10-28,2017-18,Arsenal,Swansea City,2,1,H,1593.4,1436.0,157.4,5,17,12,9,9,2,0,0,2,2.0,2.0,0.8,0.6,5,0.8,0.8,1.0,0.4,5,1.9,2.0,1.3,0.4,10,1.1,0.8,1.1,0.4,10,3.0,2.8,0.8,0.6,5,1.6,0.8,0.2,0.8,5
2017-10-28,2017-18,Liverpool,Huddersfield Town,3,0,H,1592.7,1496.8,95.9,9,11,2,9,9,0,0,0,0,1.2,1.2,1.6,0.2,5,1.0,0.6,1.6,0.2,5,1.6,1.7,1.6,0.4,10,1.3333333333333333,0.7777777777777778,1.1111111111111112,0.4444444444444444,9,2.2,1.8,0.2,0.8,5,1.0,0.75,1.0,0.5,4
2017-10-29,2017-18,Brighton and Hove Albion,Southampton,1,1,D,1496.2,1465.8,30.4,12,10,-2,9,9,0,0,0,0,1.4,1.2,1.0,0.4,5,1.4,1.0,1.0,0.4,5,1.2222222222222223,1.0,1.1111111111111112,0.3333333333333333,9,1.2,0.8,1.0,0.4,10,1.75,1.25,1.0,0.25,4,1.6,0.8,0.6,0.6,5
2017-10-29,2017-18,Leicester City,Everton,2,0,H,1469.0,1506.2,-37.2,15,18,3,9,9,0,2,0,2,1.2,1.2,1.2,0.2,5,0.8,1.0,2.4,0.0,5,1.0,1.3,1.5,0.2,10,0.8,0.8,2.1,0.1,10,1.0,1.4,1.4,0.2,5,0.4,0.6,2.2,0.0,5
2017-10-30,2017-18,Burnley,Newcastle United,1,0,H,1470.7,1508.6,-37.9,10,8,-2,9,9,0,0,0,0,1.2,0.6,1.0,0.4,5,1.6,1.2,1.0,0.2,5,1.3,0.9,1.1,0.3,10,1.5555555555555556,1.1111111111111112,0.8888888888888888,0.3333333333333333,9,1.0,0.6,0.8,0.4,5,1.0,0.75,1.0,0.25,4
2017-11-04,2017-18,Huddersfield Town,West Bromwich Albion,1,0,H,1491.9,1444.0,48.0,13,15,2,10,10,0,0,0,0,0.8,0.4,2.0,0.2,5,0.4,1.0,1.8,0.0,5,1.2,0.7,1.3,0.4,10,1.0,0.9,1.3,0.3,10,1.6,0.8,1.2,0.4,5,0.8,0.6,1.4,0.2,5
2017-11-04,2017-18,Newcastle United,Bournemouth,0,1,A,1500.4,1450.4,50.0,10,19,9,10,10,0,0,0,0,1.0,0.8,1.0,0.2,5,0.8,0.6,1.0,0.2,5,1.4,1.0,0.9,0.3,10,0.7,0.6,1.4,0.1,10,2.0,1.4,0.8,0.4,5,0.6,0.6,1.6,0.0,5
2017-11-04,2017-18,Southampton,Burnley,0,1,A,1469.4,1479.0,-9.6,11,7,-4,10,10,1,1,0,2,1.0,1.0,1.2,0.2,5,1.6,0.6,0.8,0.6,5,1.3,0.9,1.0,0.4,10,1.6,0.9,0.9,0.4,10,1.4,1.2,1.4,0.2,5,1.6,1.2,1.4,0.2,5
2017-11-04,2017-18,Stoke City,Leicester City,2,2,D,1466.4,1477.2,-10.8,14,12,-2,10,10,0,1,1,2,1.2,1.2,2.8,0.2,5,1.6,1.4,1.0,0.4,5,1.1,1.1,2.0,0.2,10,1.2,1.4,1.4,0.3,10,1.4,1.2,1.8,0.2,5,1.0,1.2,1.6,0.2,5
2017-11-04,2017-18,Swansea City,Brighton and Hove Albion,0,1,A,1432.3,1492.6,-60.3,18,13,-5,10,10,0,0,0,0,0.6,1.0,1.4,0.2,5,1.6,1.2,0.8,0.4,5,0.8,0.7,1.2,0.4,10,1.2,1.0,1.1,0.3,10,0.6,0.8,1.8,0.2,5,0.8,0.8,1.2,0.4,5
2017-11-04,2017-18,West Ham United,Liverpool,1,4,A,1458.1,1597.6,-139.5,17,7,-10,10,10,0,1,1,2,1.0,1.2,1.8,0.2,5,1.6,1.6,1.4,0.4,5,0.9,1.0,1.9,0.3,10,1.6,1.7,1.6,0.4,10,1.2,1.0,2.0,0.4,5,1.0,1.6,3.0,0.0,5
2017-11-05,2017-18,Manchester City,Arsenal,3,1,H,1666.6,1597.1,69.6,1,5,4,10,10,1,0,1,2,3.0,3.8,0.8,0.6,5,2.4,2.4,1.0,0.4,5,2.8,3.5,0.6,0.6,10,1.9,1.9,1.3,0.4,10,2.6,4.2,0.6,0.6,5,0.8,1.2,1.8,0.2,5
2017-11-05,2017-18,Tottenham,Crystal Palace,1,0,H,1655.4,1408.5,246.9,3,20,17,10,10,2,0,0,2,2.4,2.4,0.8,0.4,5,0.8,0.8,2.6,0.0,5,2.0,1.9,0.7,0.5,10,0.4,0.4,2.1,0.0,10,1.6,1.4,0.8,0.4,5,0.0,0.0,2.4,0.0,5
2017-11-05,2017-18,Chelsea,Manchester United,1,0,H,1656.2,1617.1,39.2,4,2,-2,10,10,1,1,0,2,1.8,2.0,1.0,0.4,5,2.0,1.4,0.4,0.8,5,1.9,1.8,1.0,0.4,10,2.3,2.3,0.4,0.8,10,1.4,1.6,1.2,0.4,5,1.6,1.6,0.8,0.6,5
2017-11-05,2017-18,Everton,Watford,3,2,H,1498.0,1460.7,37.3,19,9,-10,10,10,1,1,0,2,0.8,1.0,2.0,0.0,5,1.4,1.6,1.8,0.0,5,0.8,0.7,2.0,0.1,10,1.5,1.5,1.8,0.3,10,1.2,1.0,2.0,0.2,5,2.0,2.0,1.4,0.4,5
2017-11-18,2017-18,Arsenal,Tottenham,2,0,H,1591.6,1657.8,-66.2,6,3,-3,11,11,0,1,1,2,1.8,2.2,1.6,0.2,5,2.4,2.0,0.4,0.6,5,1.6,1.6,1.3,0.4,10,2.0,1.8,0.7,0.5,10,3.0,2.6,0.8,0.6,5,2.4,2.4,0.6,0.6,5
2017-11-18,2017-18,Bournemouth,Huddersfield Town,4,0,H,1464.5,1497.9,-33.4,17,10,-7,11,11,0,0,0,0,1.4,0.6,0.6,0.4,5,1.2,0.6,2.0,0.2,5,1.0,0.7,1.3,0.2,10,1.2,0.5,1.3,0.4,10,0.8,0.6,1.2,0.2,5,0.8,0.6,1.4,0.4,5
2017-11-18,2017-18,Burnley,Swansea City,2,0,H,1491.5,1421.1,70.4,7,19,12,11,11,0,2,0,2,2.0,0.8,0.8,0.6,5,0.6,0.8,1.2,0.2,5,1.6,0.7,0.7,0.5,10,0.7,0.7,1.3,0.3,10,1.6,0.6,0.4,0.6,5,1.0,0.6,0.6,0.6,5
2017-11-18,2017-18,Crystal Palace,Everton,2,2,D,1406.1,1504.2,-98.1,20,16,-4,11,11,0,1,1,2,0.8,0.8,1.8,0.0,5,0.8,1.2,2.2,0.0,5,0.4,0.4,1.9,0.0,10,0.8,0.9,2.2,0.0,10,0.8,0.8,1.8,0.0,5,0.4,0.4,2.0,0.0,5
2017-11-18,2017-18,Leicester City,Manchester City,0,2,A,1479.7,1672.1,-192.4,12,1,-11,11,11,1,1,0,2,1.8,1.4,0.8,0.4,5,3.0,3.4,1.0,0.4,5,1.3,1.3,1.2,0.3,10,2.8,3.6,0.7,0.5,10,1.4,1.6,1.2,0.4,5,3.0,2.8,0.6,0.6,5
2017-11-18,2017-18,Liverpool,Southampton,3,0,H,1606.5,1456.8,149.6,7,13,6,11,11,0,0,2,2,1.6,1.8,1.2,0.4,5,1.0,1.0,1.2,0.2,5,1.8,1.8,1.4,0.4,10,1.2,0.9,1.1,0.3,10,2.2,1.8,0.2,0.8,5,1.6,1.0,0.8,0.4,5
2017-11-18,2017-18,Manchester United,Newcastle United,4,1,H,1610.9,1486.3,124.6,2,11,9,11,11,0,0,0,0,1.4,1.2,0.6,0.6,5,1.0,0.8,1.0,0.2,5,2.0,1.9,0.5,0.7,10,1.4,1.0,0.8,0.3,10,3.0,3.0,0.0,1.0,5,0.8,0.6,1.0,0.2,5
2017-11-18,2017-18,West Bromwich Albion,Chelsea,0,4,A,1438.0,1662.4,-224.5,17,4,-13,11,11,0,2,0,2,0.4,1.0,1.6,0.0,5,1.8,1.4,1.0,0.4,5,0.7,0.8,1.4,0.2,10,2.2,1.7,0.7,0.5,10,1.2,1.2,1.2,0.4,5,2.4,2.0,0.8,0.4,5
2017-11-19,2017-18,Watford,West Ham United,2,0,H,1454.5,1449.2,5.2,9,18,9,11,11,1,0,1,2,0.8,1.6,2.2,0.0,5,1.0,1.0,2.0,0.2,5,1.4,1.4,1.8,0.3,10,0.9,1.1,1.9,0.3,10,1.0,1.0,2.2,0.2,5,0.6,1.0,1.8,0.2,5
2017-11-20,2017-18,Brighton and Hove Albion,Stoke City,2,2,D,1503.7,1463.9,39.9,9,15,6,11,11,0,0,0,0,1.6,1.2,0.8,0.4,5,1.4,1.6,2.4,0.2,5,1.5,1.1,0.9,0.4,10,1.2,1.3,2.1,0.2,10,1.6,1.2,1.0,0.2,5,0.8,1.0,2.2,0.2,5
2017-11-24,2017-18,West Ham United,Leicester City,1,1,D,1442.2,1472.3,-30.1,18,12,-6,12,12,0,2,0,2,0.4,0.8,2.4,0.0,5,1.6,1.4,1.2,0.2,5,0.9,0.9,1.8,0.3,10,1.0,1.1,1.4,0.2,10,1.2,1.2,2.0,0.4,5,1.2,1.0,1.2,0.2,5
2017-11-25,2017-18,Tottenham,West Bromwich Albion,1,1,D,1648.8,1431.4,217.4,4,17,13,12,12,1,0,1,2,1.8,1.2,0.8,0.4,5,0.2,0.6,2.0,0.0,5,2.0,1.7,0.7,0.5,10,0.4,0.7,1.8,0.1,10,2.2,1.4,0.4,0.6,5,0.2,0.4,1.6,0.0,5
2017-11-25,2017-18,Swansea City,Bournemouth,0,0,D,1415.7,1472.6,-56.9,19,13,-6,12,12,0,2,0,2,0.6,0.8,1.4,0.2,5,1.8,1.4,0.6,0.4,5,0.7,0.7,1.1,0.3,10,1.3,1.1,1.1,0.3,10,0.6,0.8,1.2,0.2,5,1.2,0.8,1.4,0.2,5
2017-11-25,2017-18,Newcastle United,Watford,0,3,A,1482.0,1461.5,20.5,13,8,-5,12,12,0,0,0,0,0.8,0.8,1.6,0.2,5,1.2,1.6,1.8,0.2,5,1.4,1.1,1.1,0.3,10,1.4,1.4,1.8,0.3,10,2.0,1.4,0.6,0.4,5,1.4,2.0,2.0,0.2,5
2017-11-25,2017-18,Liverpool,Chelsea,1,1,D,1610.3,1669.0,-58.7,5,3,-2,12,12,1,0,1,2,2.0,2.2,1.0,0.6,5,2.4,2.2,0.8,0.6,5,1.8,2.0,1.4,0.4,10,2.2,1.9,0.6,0.6,10,2.2,2.2,0.2,0.8,5,2.4,2.4,0.6,0.6,5
2017-11-25,2017-18,Crystal Palace,Stoke City,2,1,H,1406.0,1467.7,-61.6,20,15,-5,12,12,1,1,0,2,1.0,1.2,1.4,0.0,5,1.0,1.6,2.6,0.2,5,0.5,0.6,2.0,0.0,10,1.0,1.4,2.3,0.1,10,1.0,1.2,1.6,0.0,5,1.0,1.4,2.4,0.2,5
2017-11-25,2017-18,Manchester United,Brighton and Hove Albion,1,0,H,1615.2,1499.9,115.3,2,9,7,12,12,0,0,0,0,1.4,1.2,0.8,0.4,5,1.8,1.6,0.8,0.4,5,2.0,1.9,0.6,0.6,10,1.6,1.3,0.9,0.4,10,3.0,3.0,0.2,0.8,5,1.4,1.0,0.8,0.6,5
2017-11-26,2017-18,Burnley,Arsenal,0,1,A,1497.0,1600.6,-103.7,7,6,-1,12,12,0,2,0,2,2.0,1.0,0.8,0.6,5,1.8,2.2,1.6,0.2,5,1.9,0.9,0.6,0.6,10,1.9,1.8,1.2,0.5,10,2.2,1.0,0.2,0.8,5,0.8,1.4,2.2,0.2,5
2017-11-26,2017-18,Huddersfield Town,Manchester City,1,2,A,1489.8,1679.5,-189.7,10,1,-9,12,12,0,0,0,0,1.2,0.6,2.0,0.2,5,3.0,3.6,1.0,0.4,5,0.9,0.4,1.7,0.3,10,3.0,3.7,0.6,0.6,10,1.6,0.8,1.2,0.4,5,3.0,2.8,0.6,0.6,5
2017-11-26,2017-18,Southampton,Everton,4,1,H,1453.0,1504.3,-51.3,14,16,2,12,12,1,1,0,2,1.0,0.8,1.4,0.2,5,1.0,1.6,2.4,0.0,5,0.9,0.6,1.2,0.3,10,0.8,1.0,2.3,0.0,10,0.8,0.6,1.2,0.2,5,0.4,0.6,2.2,0.0,5
2017-11-28,2017-18,Brighton and Hove Albion,Crystal Palace,0,0,D,1495.4,1414.9,80.5,9,20,11,13,13,0,0,0,0,1.6,1.4,0.8,0.4,5,1.0,1.2,1.4,0.0,5,1.5,1.3,1.0,0.3,10,0.8,0.8,1.9,0.0,10,1.8,1.6,1.0,0.2,5,0.0,0.0,2.4,0.0,5
2017-11-28,2017-18,Leicester City,Tottenham,2,1,H,1474.3,1641.6,-167.3,12,5,-7,13,13,0,1,1,2,1.6,1.4,1.2,0.2,5,1.4,1.2,1.0,0.2,5,1.1,1.2,1.3,0.2,10,2.0,1.7,0.7,0.5,10,0.8,1.2,1.6,0.2,5,1.8,2.0,1.0,0.4,5
2017-11-28,2017-18,Watford,Manchester United,2,4,A,1474.9,1619.7,-144.8,8,2,-6,13,13,1,1,0,2,1.2,1.8,1.6,0.4,5,1.8,1.4,0.8,0.4,5,1.6,1.7,1.8,0.3,10,2.0,1.8,0.6,0.6,10,1.4,0.8,1.6,0.4,5,1.0,0.8,1.0,0.4,5
2017-11-28,2017-18,West Bromwich Albion,Newcastle United,2,2,D,1438.6,1468.7,-30.0,17,14,-3,13,13,0,0,0,0,0.2,0.6,2.0,0.0,5,0.6,0.4,1.8,0.2,5,0.4,0.7,1.8,0.1,10,1.1,0.8,1.4,0.2,10,0.6,1.0,2.0,0.2,5,0.8,0.8,1.6,0.2,5
2017-11-29,2017-18,Manchester City,Southampton,2,1,H,1687.0,1461.6,225.4,1,11,10,13,13,1,0,1,2,3.0,2.6,0.8,0.4,5,1.4,1.2,1.2,0.2,5,3.0,3.7,0.6,0.6,10,1.1,1.0,1.3,0.2,10,3.0,4.6,0.6,0.6,5,1.0,0.6,1.2,0.4,5
2017-11-29,2017-18,Stoke City,Liverpool,0,3,A,1458.8,1609.1,-150.3,15,6,-9,13,13,0,2,0,2,1.0,1.4,1.6,0.2,5,2.0,2.4,1.2,0.4,5,0.9,1.4,2.4,0.1,10,1.6,1.7,1.5,0.3,10,1.0,1.4,2.2,0.0,5,1.4,1.8,2.6,0.0,5
2017-11-29,2017-18,Everton,West Ham United,4,0,H,1495.7,1440.2,55.5,17,18,1,13,13,1,0,1,2,0.8,1.6,3.0,0.0,5,0.4,0.8,2.4,0.0,5,0.8,1.1,2.5,0.0,10,1.0,1.0,1.6,0.3,10,1.2,1.4,2.4,0.0,5,0.6,0.6,1.6,0.2,5
2017-11-29,2017-18,Chelsea,Swansea City,1,0,H,1670.2,1414.5,255.7,3,19,16,13,13,1,0,1,2,2.6,2.2,0.6,0.6,5,0.2,0.4,1.4,0.2,5,2.0,1.8,0.7,0.5,10,0.5,0.5,1.1,0.3,10,2.0,1.4,0.6,0.6,5,0.8,0.6,1.0,0.4,5
2017-11-29,2017-18,Bournemouth,Burnley,1,2,A,1473.8,1487.1,-13.3,15,7,-8,13,13,1,1,0,2,2.0,1.4,0.4,0.6,5,1.8,0.8,0.8,0.6,5,1.4,1.0,0.9,0.4,10,1.8,0.8,0.6,0.6,10,1.4,1.4,0.8,0.4,5,1.6,0.8,1.0,0.4,5
2017-11-29,2017-18,Arsenal,Huddersfield Town,5,0,H,1610.5,1482.3,128.2,5,13,8,13,13,0,0,0,0,2.4,2.2,1.2,0.4,5,1.2,0.8,2.0,0.2,5,2.2,1.9,0.8,0.6,10,0.8,0.5,1.9,0.2,10,3.0,2.2,0.2,0.8,5,0.2,0.0,2.2,0.2,5
2017-12-02,2017-18,Arsenal,Manchester United,1,3,A,1614.8,1628.4,-13.6,4,2,-2,14,14,1,0,1,2,2.4,2.2,0.8,0.6,5,2.4,2.0,0.8,0.4,5,2.2,2.1,0.8,0.6,10,2.2,2.0,0.6,0.6,10,3.0,2.6,0.2,0.8,5,1.4,1.2,1.0,0.4,5
2017-12-02,2017-18,Brighton and Hove Albion,Liverpool,1,5,A,1490.7,1617.7,-127.0,10,5,-5,14,14,0,0,0,0,1.2,0.8,0.8,0.4,5,2.6,2.8,0.4,0.6,5,1.3,1.0,0.9,0.4,10,1.9,2.0,1.0,0.4,10,1.4,1.0,0.8,0.4,5,2.0,2.4,1.6,0.2,5
2017-12-02,2017-18,Chelsea,Newcastle United,3,1,H,1672.5,1470.7,201.8,4,12,8,14,14,0,0,0,0,2.6,1.6,0.2,0.8,5,0.2,0.6,2.2,0.0,5,2.0,1.7,0.6,0.6,10,0.9,0.9,1.6,0.1,10,2.0,1.2,0.6,0.6,5,0.4,1.0,2.0,0.0,5
2017-12-02,2017-18,Everton,Huddersfield Town,2,0,H,1501.5,1478.1,23.4,13,14,1,14,14,0,0,0,0,1.4,2.0,2.0,0.2,5,0.6,0.4,2.8,0.2,5,1.1,1.5,2.2,0.1,10,0.8,0.5,2.2,0.2,10,1.8,2.2,1.8,0.2,5,0.2,0.0,2.8,0.2,5
2017-12-02,2017-18,Leicester City,Burnley,1,0,H,1486.2,1499.5,-13.3,10,6,-4,14,14,1,1,0,2,1.6,1.4,1.2,0.2,5,2.4,1.2,0.4,0.6,5,1.4,1.3,1.2,0.2,10,1.8,0.9,0.7,0.5,10,1.4,1.4,1.4,0.2,5,2.0,1.0,1.0,0.4,5
2017-12-02,2017-18,Stoke City,Swansea City,2,1,H,1450.2,1412.2,38.1,16,19,3,14,14,1,1,0,2,1.0,1.2,1.8,0.2,5,0.2,0.2,1.2,0.2,5,0.8,1.2,2.5,0.1,10,0.5,0.5,1.1,0.3,10,0.8,1.0,2.4,0.0,5,0.2,0.2,1.2,0.2,5
2017-12-02,2017-18,Watford,Tottenham,1,1,D,1466.1,1629.7,-163.5,8,7,-1,14,14,0,2,0,2,1.2,1.8,1.6,0.4,5,0.8,0.6,1.2,0.2,5,1.3,1.7,2.2,0.2,10,1.7,1.5,0.9,0.4,10,1.2,1.2,2.4,0.2,5,1.2,1.6,1.4,0.2,5
2017-12-02,2017-18,West Bromwich Albion,Crystal Palace,0,0,D,1436.7,1419.7,16.9,17,20,3,14,14,1,1,0,2,0.4,1.0,2.2,0.0,5,1.2,1.2,1.2,0.2,5,0.5,0.8,1.7,0.1,10,0.9,0.8,1.8,0.1,10,0.6,1.2,2.2,0.2,5,0.2,0.0,2.2,0.2,5
2017-12-03,2017-18,Bournemouth,Southampton,1,1,D,1461.4,1458.9,2.4,16,12,-4,14,14,0,1,1,2,1.4,1.2,0.6,0.6,5,0.8,1.2,1.6,0.0,5,1.4,1.1,0.8,0.4,10,1.1,1.1,1.3,0.2,10,1.4,1.4,0.8,0.4,5,0.8,0.8,1.6,0.2,5
2017-12-03,2017-18,Manchester City,West Ham United,2,1,H,1689.6,1434.4,255.3,1,19,18,14,14,2,0,0,2,3.0,2.4,1.0,0.2,5,0.4,0.8,2.6,0.0,5,3.0,3.4,0.7,0.5,10,0.7,0.8,2.0,0.2,10,3.0,4.0,0.8,0.4,5,0.6,0.6,1.8,0.2,5
2017-12-09,2017-18,Tottenham,Stoke City,5,1,H,1627.8,1456.4,171.4,6,13,7,15,15,2,0,0,2,1.0,0.8,1.2,0.2,5,1.0,1.4,2.0,0.0,5,1.7,1.6,1.0,0.3,10,1.1,1.3,2.4,0.1,10,2.2,1.4,0.4,0.6,5,0.8,1.4,2.6,0.2,5
2017-12-09,2017-18,West Ham United,Chelsea,1,0,H,1432.1,1675.5,-243.4,19,3,-16,15,15,0,2,0,2,0.2,0.6,2.6,0.0,5,2.6,2.0,0.4,0.6,5,0.6,0.9,2.2,0.1,10,2.2,2.0,0.7,0.5,10,0.8,1.0,2.2,0.2,5,2.0,2.2,0.6,0.6,5
2017-12-09,2017-18,Swansea City,West Bromwich Albion,1,0,H,1405.9,1433.4,-27.5,20,17,-3,15,15,1,1,0,2,0.2,0.2,1.2,0.2,5,0.6,0.6,1.6,0.2,5,0.4,0.6,1.3,0.2,10,0.5,0.8,1.7,0.1,10,0.8,0.8,1.0,0.4,5,0.4,0.4,1.2,0.0,5
2017-12-09,2017-18,Newcastle United,Leicester City,2,3,A,1467.7,1493.8,-26.1,15,9,-6,15,15,0,0,0,0,0.2,0.8,2.6,0.0,5,1.6,1.2,1.2,0.2,5,0.6,0.8,1.8,0.1,10,1.6,1.3,1.1,0.3,10,1.4,0.8,1.2,0.2,5,1.4,1.2,1.0,0.2,5
2017-12-09,2017-18,Huddersfield Town,Brighton and Hove Albion,2,0,H,1471.5,1481.4,-9.9,16,12,-4,15,15,0,0,0,0,0.6,0.4,2.6,0.2,5,1.0,0.8,1.6,0.4,5,0.7,0.4,2.3,0.2,10,1.3,1.0,1.2,0.4,10,1.4,1.0,1.6,0.2,5,1.2,1.0,1.0,0.4,5
2017-12-09,2017-18,Crystal Palace,Bournemouth,2,2,D,1423.0,1458.5,-35.5,20,15,-5,15,15,1,0,1,2,1.2,0.8,0.8,0.4,5,1.6,1.4,0.6,0.6,5,1.0,0.8,1.7,0.2,10,1.2,1.0,0.8,0.4,10,1.6,1.6,1.4,0.0,5,1.4,0.8,0.8,0.4,5
2017-12-09,2017-18,Burnley,Watford,1,0,H,1492.0,1467.9,24.0,7,9,2,15,15,1,1,0,2,1.8,1.0,0.6,0.4,5,1.4,2.0,1.6,0.4,5,1.7,0.8,0.7,0.5,10,1.4,1.8,1.7,0.2,10,1.6,0.8,0.4,0.6,5,1.4,2.2,2.0,0.2,5
2017-12-10,2017-18,Liverpool,Everton,1,1,D,1626.9,1508.1,118.8,4,10,6,15,15,2,0,0,2,2.6,3.2,0.6,0.4,5,2.0,2.4,1.6,0.4,5,2.1,2.4,1.0,0.4,10,1.4,1.7,1.8,0.2,10,1.8,1.6,0.4,0.6,5,0.4,0.8,2.6,0.0,5
2017-12-10,2017-18,Manchester United,Manchester City,1,2,A,1640.8,1691.9,-51.1,2,1,-1,15,15,0,1,1,2,2.4,2.4,1.0,0.2,5,3.0,2.2,0.8,0.2,5,2.2,1.9,0.7,0.5,10,3.0,3.0,0.8,0.4,10,3.0,2.8,0.2,0.8,5,3.0,2.8,0.6,0.6,5
2017-12-10,2017-18,Southampton,Arsenal,1,1,D,1461.8,1602.3,-140.5,12,6,-6,15,15,0,2,0,2,0.8,1.2,1.6,0.0,5,1.8,2.0,1.2,0.6,5,0.9,1.1,1.4,0.1,10,2.1,2.2,1.1,0.5,10,1.4,1.4,1.0,0.2,5,1.4,1.6,1.4,0.4,5
2017-12-12,2017-18,Burnley,Stoke City,1,0,H,1498.5,1453.0,45.5,7,15,8,16,16,1,1,0,2,1.8,1.0,0.6,0.4,5,0.8,1.2,2.6,0.0,5,1.9,0.9,0.7,0.5,10,1.1,1.4,2.5,0.1,10,2.0,1.0,0.4,0.6,5,0.8,1.4,3.2,0.2,5
2017-12-12,2017-18,Crystal Palace,Watford,2,1,H,1421.1,1461.4,-40.2,20,9,-11,16,16,1,0,1,2,1.4,1.2,1.0,0.4,5,1.4,1.6,1.2,0.4,5,1.1,1.0,1.4,0.2,10,1.1,1.6,1.7,0.2,10,1.8,2.0,1.6,0.0,5,0.8,1.8,2.0,0.2,5
2017-12-12,2017-18,Huddersfield Town,Chelsea,1,3,A,1479.0,1661.6,-182.6,12,3,-9,16,16,0,0,0,0,0.6,0.6,2.6,0.2,5,2.0,1.8,0.6,0.4,5,0.9,0.6,2.3,0.2,10,1.9,1.6,0.8,0.4,10,1.8,1.2,1.4,0.4,5,1.4,1.4,0.8,0.4,5
2017-12-13,2017-18,Tottenham,Brighton and Hove Albion,2,0,H,1631.3,1474.0,157.3,7,13,6,16,16,0,0,0,0,1.0,1.6,1.4,0.0,5,0.4,0.6,2.0,0.2,5,1.7,1.8,0.9,0.3,10,1.0,0.9,1.4,0.3,10,2.6,2.4,0.6,0.4,5,1.2,0.8,1.0,0.4,5
2017-12-13,2017-18,Swansea City,Manchester City,0,4,A,1413.9,1703.3,-289.4,20,1,-19,16,16,0,2,0,2,0.8,0.4,1.0,0.4,5,3.0,2.0,0.8,0.2,5,0.7,0.6,1.1,0.3,10,3.0,2.7,0.9,0.3,10,1.4,0.8,0.6,0.6,5,3.0,2.0,0.8,0.4,5
2017-12-13,2017-18,Southampton,Leicester City,1,4,A,1463.0,1505.8,-42.9,11,8,-3,16,16,1,0,1,2,1.0,1.4,1.6,0.0,5,2.0,1.4,1.2,0.2,5,1.0,1.2,1.4,0.1,10,1.9,1.4,1.0,0.3,10,1.6,1.6,1.0,0.2,5,1.8,1.6,1.2,0.2,5
2017-12-13,2017-18,West Ham United,Arsenal,0,0,D,1446.0,1601.2,-155.2,19,7,-12,16,16,0,2,0,2,0.8,0.6,1.8,0.2,5,2.0,2.0,0.8,0.6,5,0.9,0.8,1.9,0.2,10,1.9,2.1,1.2,0.4,10,1.4,0.8,1.6,0.4,5,1.4,1.8,1.6,0.2,5
2017-12-13,2017-18,Manchester United,Bournemouth,1,0,H,1629.4,1460.3,169.1,2,14,12,16,16,1,0,1,2,2.4,2.6,1.2,0.2,5,1.2,1.6,1.0,0.4,5,1.9,1.9,0.9,0.4,10,1.3,1.1,0.8,0.4,10,2.4,2.2,0.6,0.6,5,1.6,1.0,0.8,0.4,5
2017-12-13,2017-18,Liverpool,West Bromwich Albion,0,0,D,1621.3,1425.5,195.9,6,19,13,16,16,2,0,0,2,2.2,2.6,0.6,0.4,5,0.6,0.6,1.6,0.2,5,1.9,2.2,0.9,0.4,10,0.5,0.8,1.6,0.1,10,1.8,1.6,0.4,0.6,5,0.4,0.4,1.0,0.0,5
2017-12-13,2017-18,Newcastle United,Everton,0,1,A,1455.6,1513.7,-58.1,16,10,-6,16,16,0,0,0,0,0.2,1.2,3.0,0.0,5,1.6,2.0,1.4,0.4,5,0.6,1.0,2.0,0.1,10,1.2,1.6,1.8,0.2,10,0.8,0.8,1.6,0.2,5,0.6,1.0,2.0,0.0,5
2017-12-16,2017-18,Watford,Huddersfield Town,1,4,A,1453.1,1471.3,-18.2,9,12,3,17,17,0,0,0,0,0.8,1.4,1.6,0.2,5,0.6,0.8,2.4,0.2,5,1.0,1.5,1.7,0.2,10,0.9,0.7,2.2,0.2,10,1.4,1.4,1.4,0.2,5,0.0,0.0,3.2,0.0,5
2017-12-16,2017-18,Manchester City,Tottenham,4,1,H,1708.4,1635.0,73.3,1,4,3,17,17,0,1,1,2,3.0,2.4,0.8,0.2,5,1.6,2.0,1.0,0.2,5,3.0,3.0,0.9,0.3,10,1.7,1.6,0.9,0.3,10,3.0,3.4,1.0,0.2,5,0.8,1.2,1.2,0.2,5
2017-12-16,2017-18,Leicester City,Crystal Palace,0,3,A,1517.5,1429.4,88.1,8,18,10,17,17,1,0,1,2,2.6,2.2,1.0,0.2,5,1.8,1.2,0.8,0.4,5,2.1,1.8,1.1,0.2,10,1.4,1.2,1.1,0.2,10,2.0,1.2,0.8,0.4,5,0.4,0.0,1.2,0.4,5
2017-12-16,2017-18,Stoke City,West Ham United,0,3,A,1446.9,1447.6,-0.6,16,19,3,17,17,0,0,2,2,0.6,0.8,2.4,0.0,5,1.0,0.6,1.4,0.4,5,0.8,1.2,2.5,0.1,10,0.7,0.7,1.9,0.2,10,1.4,1.4,1.8,0.0,5,0.4,0.8,2.2,0.0,5
2017-12-16,2017-18,Brighton and Hove Albion,Burnley,0,0,D,1470.3,1504.6,-34.3,13,6,-7,17,17,0,0,0,0,0.2,0.2,2.0,0.2,5,1.8,0.8,0.6,0.4,5,1.0,0.9,1.4,0.3,10,1.9,0.9,0.7,0.5,10,0.8,1.0,1.8,0.2,5,1.8,0.8,1.0,0.4,5
2017-12-16,2017-18,Arsenal,Newcastle United,1,0,H,1599.6,1444.4,155.2,7,18,11,17,17,0,0,0,0,1.6,1.6,0.8,0.6,5,0.2,1.0,2.4,0.0,5,1.7,1.9,1.2,0.4,10,0.5,0.9,2.0,0.1,10,2.4,2.4,0.8,0.6,5,0.4,1.2,2.4,0.0,5
2017-12-16,2017-18,Chelsea,Southampton,1,0,H,1669.2,1451.3,217.9,3,12,9,17,17,2,0,0,2,2.0,1.6,0.8,0.2,5,1.0,1.6,1.8,0.0,5,2.2,1.9,0.8,0.4,10,1.0,1.2,1.6,0.1,10,2.4,1.8,0.8,0.4,5,0.4,0.8,1.8,0.0,5
2017-12-17,2017-18,Bournemouth,Liverpool,0,4,A,1456.8,1614.4,-157.6,16,6,-10,17,17,1,0,1,2,0.6,0.8,1.2,0.2,5,1.8,2.0,0.6,0.4,5,1.2,1.1,0.9,0.3,10,1.9,2.1,0.8,0.5,10,1.0,1.2,0.8,0.4,5,2.0,2.8,1.4,0.2,5
2017-12-17,2017-18,West Bromwich Albion,Manchester United,1,2,A,1432.4,1632.9,-200.6,19,2,-17,17,17,0,1,1,2,0.8,0.6,0.8,0.4,5,2.4,2.0,1.0,0.4,5,0.5,0.6,1.4,0.2,10,1.9,1.6,0.9,0.4,10,0.6,1.2,2.2,0.2,5,1.4,1.6,1.2,0.2,5
2017-12-18,2017-18,Everton,Swansea City,3,1,H,1524.9,1408.9,116.0,10,20,10,17,17,0,1,1,2,2.0,1.8,1.0,0.6,5,0.8,0.4,1.4,0.4,5,1.5,1.7,1.7,0.3,10,0.7,0.6,1.4,0.3,10,1.8,2.2,1.6,0.4,5,0.0,0.4,1.6,0.0,5
2017-12-22,2017-18,Arsenal,Liverpool,3,3,D,1603.3,1622.8,-19.4,5,4,-1,18,18,0,3,0,3,1.6,1.6,0.8,0.6,5,2.2,2.6,0.4,0.6,5,2.0,1.9,1.0,0.5,10,2.1,2.5,0.8,0.5,10,2.4,2.2,0.8,0.6,5,2.4,3.4,1.2,0.4,5
2017-12-23,2017-18,Stoke City,West Bromwich Albion,3,1,H,1434.2,1425.2,8.9,17,19,2,18,18,0,1,2,3,0.6,0.6,2.6,0.0,5,0.6,0.6,1.0,0.4,5,0.8,1.0,2.1,0.1,10,0.4,0.6,1.5,0.2,10,0.8,1.0,2.2,0.0,5,0.4,0.2,0.8,0.2,5
2017-12-23,2017-18,West Ham United,Newcastle United,2,3,A,1460.4,1440.6,19.7,16,18,2,18,18,0,1,0,1,1.4,1.0,1.2,0.6,5,0.2,1.0,2.0,0.0,5,0.9,0.9,1.8,0.3,10,0.4,0.7,1.9,0.1,10,1.0,0.6,1.6,0.4,5,0.2,0.8,2.2,0.0,5
2017-12-23,2017-18,Swansea City,Crystal Palace,1,1,D,1404.4,1444.4,-40.0,20,16,-4,18,18,3,0,0,3,0.6,0.6,2.0,0.2,5,1.8,1.4,0.6,0.6,5,0.4,0.5,1.7,0.2,10,1.4,1.3,1.0,0.3,10,0.8,0.4,1.4,0.4,5,1.0,0.6,0.4,0.6,5
2017-12-23,2017-18,Southampton,Huddersfield Town,1,1,D,1448.6,1483.6,-35.0,13,11,-2,18,18,0,0,1,1,0.4,0.8,1.8,0.0,5,1.2,1.4,2.2,0.2,5,0.9,1.0,1.5,0.1,10,1.2,1.1,2.1,0.2,10,1.4,1.4,1.4,0.2,5,0.6,0.8,3.0,0.0,5
2017-12-23,2017-18,Burnley,Tottenham,0,3,A,1506.4,1629.6,-123.2,6,7,1,18,18,0,2,1,3,2.0,0.8,0.4,0.6,5,1.4,2.0,1.6,0.2,5,1.9,0.8,0.6,0.6,10,1.4,1.6,1.3,0.2,10,2.4,1.0,0.2,0.8,5,0.2,0.6,2.0,0.0,5
2017-12-23,2017-18,Leicester City,Manchester United,2,2,D,1502.5,1640.1,-137.6,8,2,-6,18,18,0,3,0,3,2.4,2.0,1.4,0.2,5,2.4,2.2,1.2,0.2,5,2.0,1.7,1.3,0.2,10,2.1,1.8,1.0,0.3,10,1.8,1.0,1.2,0.4,5,1.8,2.0,1.4,0.0,5
2017-12-23,2017-18,Everton,Chelsea,0,0,D,1529.3,1672.0,-142.7,9,3,-6,18,18,0,3,0,3,2.6,2.2,0.4,0.6,5,2.4,1.6,0.6,0.4,5,1.7,1.9,1.7,0.3,10,2.5,1.9,0.6,0.5,10,2.4,2.8,1.6,0.4,5,2.0,1.8,0.6,0.4,5
2017-12-23,2017-18,Manchester City,Bournemouth,4,0,H,1713.7,1448.5,265.3,1,18,17,18,18,3,0,0,3,3.0,2.8,0.8,0.2,5,0.4,0.8,2.0,0.0,5,3.0,2.7,0.8,0.3,10,1.2,1.1,1.2,0.3,10,3.0,2.8,0.8,0.2,5,1.6,1.0,0.8,0.4,5
2017-12-23,2017-18,Brighton and Hove Albion,Watford,1,0,H,1468.4,1440.8,27.6,14,10,-4,18,18,0,0,1,1,0.4,0.2,1.8,0.4,5,0.2,1.0,2.4,0.0,5,1.0,0.8,1.3,0.4,10,0.7,1.4,2.0,0.2,10,0.8,0.8,1.6,0.4,5,0.6,1.6,2.0,0.2,5
2017-12-26,2017-18,Bournemouth,West Ham United,3,3,D,1446.3,1447.0,-0.8,18,17,-1,19,19,1,1,0,2,0.4,0.6,2.4,0.0,5,1.4,1.4,1.0,0.6,5,0.9,0.9,1.5,0.3,10,0.9,1.1,1.8,0.3,10,0.8,1.2,1.6,0.2,5,0.8,1.2,2.0,0.2,5
2017-12-26,2017-18,Chelsea,Brighton and Hove Albion,2,0,H,1670.8,1474.9,195.9,3,12,9,19,19,0,0,0,0,2.0,1.4,0.6,0.4,5,0.8,0.4,1.8,0.4,5,2.3,1.5,0.4,0.6,10,1.0,0.6,1.3,0.4,10,3.0,2.0,0.6,0.6,5,1.2,0.8,1.0,0.4,5
2017-12-26,2017-18,Huddersfield Town,Stoke City,1,1,D,1485.5,1441.1,44.3,11,14,3,19,19,0,0,0,0,1.4,1.6,1.4,0.2,5,1.2,1.2,2.2,0.0,5,1.0,1.0,2.1,0.2,10,1.1,1.2,2.0,0.1,10,1.8,1.4,1.2,0.4,5,0.8,1.0,2.0,0.2,5
2017-12-26,2017-18,Liverpool,Swansea City,5,0,H,1625.0,1402.7,222.4,4,20,16,19,19,1,1,0,2,1.8,2.6,1.0,0.4,5,0.8,0.8,2.0,0.2,5,2.2,2.7,0.7,0.5,10,0.5,0.5,1.6,0.2,10,1.8,1.6,0.4,0.6,5,0.0,0.6,2.0,0.0,5
2017-12-26,2017-18,Manchester United,Burnley,2,2,D,1639.0,1497.1,141.9,2,7,5,19,19,1,0,1,2,2.0,1.8,1.2,0.2,5,1.4,0.4,0.8,0.6,5,2.2,1.9,1.0,0.3,10,1.9,0.8,0.6,0.6,10,2.4,1.6,0.6,0.6,5,1.4,0.6,1.0,0.4,5
2017-12-26,2017-18,Tottenham,Southampton,5,2,H,1639.0,1446.7,192.2,5,14,9,19,19,2,0,0,2,2.0,2.4,1.2,0.4,5,0.6,0.8,1.6,0.0,5,1.4,1.5,1.2,0.3,10,0.7,1.0,1.6,0.0,10,2.6,2.6,0.6,0.4,5,0.4,0.6,1.6,0.0,5
2017-12-26,2017-18,Watford,Leicester City,2,1,H,1434.3,1503.6,-69.3,11,8,-3,19,19,1,1,0,2,0.2,0.6,1.8,0.0,5,2.0,2.0,1.6,0.2,5,0.7,1.2,1.7,0.2,10,1.8,1.7,1.4,0.2,10,0.8,1.2,2.0,0.2,5,2.2,2.4,1.4,0.0,5
2017-12-26,2017-18,West Bromwich Albion,Everton,0,0,D,1418.2,1530.6,-112.3,19,9,-10,19,19,0,2,0,2,0.4,0.4,1.2,0.4,5,2.2,1.4,0.4,0.6,5,0.4,0.7,1.7,0.2,10,1.8,1.7,1.2,0.4,10,0.4,1.0,2.2,0.2,5,1.0,1.0,1.8,0.2,5
2017-12-27,2017-18,Newcastle United,Manchester City,0,1,A,1453.9,1715.9,-262.0,15,1,-14,19,19,0,0,0,0,0.6,1.2,2.0,0.0,5,3.0,3.2,0.6,0.4,5,0.4,0.9,2.1,0.0,10,3.0,2.8,0.8,0.3,10,0.6,0.6,1.6,0.2,5,3.0,2.6,0.8,0.4,5
2017-12-28,2017-18,Crystal Palace,Arsenal,2,3,A,1446.1,1601.1,-155.0,16,6,-10,19,19,1,1,0,2,1.8,1.6,0.8,0.4,5,1.2,1.2,1.4,0.4,5,1.5,1.4,1.0,0.3,10,1.8,1.7,1.1,0.5,10,1.8,2.0,1.6,0.0,5,1.6,1.6,1.2,0.4,5
2017-12-30,2017-18,Bournemouth,Everton,2,1,H,1443.5,1530.2,-86.7,18,9,-9,20,20,1,2,0,3,0.4,1.0,2.8,0.0,5,1.8,1.0,0.4,0.6,5,1.0,1.2,1.7,0.3,10,1.9,1.7,1.0,0.5,10,1.0,1.8,2.0,0.2,5,1.2,1.0,1.4,0.4,5
2017-12-30,2017-18,Chelsea,Stoke City,5,0,H,1673.8,1445.0,228.8,3,14,11,20,20,3,0,0,3,2.0,1.2,0.4,0.6,5,0.8,1.0,2.2,0.0,5,2.3,1.6,0.4,0.6,10,0.9,1.2,2.1,0.0,10,3.0,1.6,0.2,0.8,5,0.4,1.0,2.2,0.0,5
2017-12-30,2017-18,Huddersfield Town,Burnley,0,0,D,1481.5,1503.1,-21.6,11,7,-4,20,20,0,0,1,1,1.6,1.8,1.2,0.2,5,1.6,0.8,1.0,0.6,5,1.1,1.1,1.9,0.2,10,1.7,0.9,0.8,0.5,10,1.4,1.2,1.2,0.4,5,1.6,1.0,0.8,0.4,5
2017-12-30,2017-18,Liverpool,Leicester City,2,1,H,1627.8,1494.5,133.3,4,8,4,20,20,2,1,0,3,1.8,2.6,0.8,0.6,5,1.4,2.0,2.0,0.0,5,2.2,2.9,0.7,0.5,10,1.5,1.6,1.6,0.1,10,1.8,2.0,0.4,0.6,5,1.6,2.2,1.6,0.0,5
2017-12-30,2017-18,Manchester United,Southampton,0,0,D,1633.0,1443.6,189.4,3,15,12,20,20,2,0,1,3,1.6,1.6,1.4,0.2,5,0.4,1.0,2.4,0.0,5,2.0,2.0,1.2,0.2,10,0.6,1.1,2.0,0.0,10,2.0,1.8,1.0,0.4,5,0.2,0.8,2.4,0.0,5
2017-12-30,2017-18,Newcastle United,Brighton and Hove Albion,0,0,D,1448.3,1471.8,-23.5,16,12,-4,20,20,0,1,0,1,0.6,1.0,1.6,0.0,5,0.8,0.2,1.2,0.4,5,0.4,0.9,2.1,0.0,10,0.9,0.5,1.4,0.4,10,0.0,0.4,1.8,0.0,5,0.6,0.2,1.4,0.2,5
2017-12-30,2017-18,Watford,Swansea City,1,2,A,1443.4,1400.0,43.4,10,20,10,20,20,2,0,1,3,0.6,0.8,1.8,0.0,5,0.8,0.6,2.6,0.2,5,1.0,1.4,1.7,0.2,10,0.5,0.4,1.9,0.2,10,1.4,1.6,2.0,0.2,5,0.0,0.4,2.6,0.0,5
2017-12-31,2017-18,Crystal Palace,Manchester City,0,0,D,1437.6,1721.6,-283.9,17,1,-16,20,20,0,3,0,3,1.6,2.0,1.4,0.2,5,3.0,3.0,0.4,0.6,5,1.4,1.4,1.1,0.3,10,3.0,2.6,0.6,0.4,10,1.6,2.0,1.8,0.0,5,3.0,2.2,0.4,0.6,5
2017-12-31,2017-18,West Bromwich Albion,Arsenal,1,1,D,1418.6,1609.5,-190.9,20,6,-14,20,20,1,2,0,3,0.4,0.4,1.2,0.4,5,1.8,1.6,1.2,0.4,5,0.5,0.5,1.4,0.3,10,1.8,1.8,1.2,0.5,10,0.6,0.6,1.6,0.4,5,1.6,1.2,1.2,0.4,5
2018-01-01,2017-18,Stoke City,Newcastle United,0,1,A,1442.4,1446.1,-3.7,15,16,1,21,21,0,1,0,1,0.8,0.8,2.2,0.0,5,0.8,0.6,1.0,0.2,5,0.8,1.0,2.4,0.0,10,0.5,0.9,2.0,0.1,10,1.4,1.4,2.0,0.0,5,0.8,1.4,2.4,0.0,5
2018-01-01,2017-18,Leicester City,Huddersfield Town,3,0,H,1490.4,1479.3,11.1,8,11,3,21,21,0,0,1,1,0.8,1.6,2.0,0.0,5,1.2,1.4,1.2,0.2,5,1.4,1.5,1.6,0.1,10,0.9,1.0,1.9,0.2,10,1.4,1.0,1.6,0.2,5,0.8,1.0,2.6,0.0,5
2018-01-01,2017-18,Burnley,Liverpool,1,2,A,1505.3,1631.9,-126.6,7,4,-3,21,21,1,1,1,3,1.2,0.6,1.0,0.6,5,2.2,2.8,0.8,0.6,5,1.5,0.8,0.8,0.5,10,2.2,2.7,0.7,0.5,10,1.8,0.8,0.8,0.6,5,2.6,3.8,1.0,0.4,5
2018-01-01,2017-18,Brighton and Hove Albion,Bournemouth,2,2,D,1474.0,1453.1,20.8,13,15,2,21,21,0,1,0,1,1.0,0.2,0.8,0.6,5,0.8,1.0,2.6,0.0,5,0.7,0.4,1.4,0.4,10,1.0,1.3,1.8,0.2,10,1.2,0.8,1.4,0.6,5,1.0,0.6,1.4,0.4,5
2018-01-01,2017-18,Everton,Manchester United,0,2,A,1520.6,1626.2,-105.6,9,3,-6,21,21,0,1,2,3,1.6,1.0,0.6,0.6,5,1.8,1.4,1.0,0.4,5,1.6,1.5,1.0,0.5,10,2.1,2.0,1.1,0.3,10,2.6,2.4,0.6,0.6,5,2.0,2.2,1.4,0.0,5
2018-01-02,2017-18,Manchester City,Watford,3,1,H,1716.7,1429.5,287.2,1,10,9,21,21,3,0,0,3,2.6,2.6,0.2,0.8,5,0.6,1.0,2.0,0.0,5,2.8,2.3,0.5,0.5,10,1.0,1.3,1.6,0.2,10,3.0,3.0,0.8,0.2,5,0.6,1.2,1.4,0.2,5
2018-01-02,2017-18,Southampton,Crystal Palace,1,2,A,1450.4,1442.5,7.9,15,17,2,21,21,2,1,0,3,0.4,0.8,2.2,0.2,5,1.6,1.6,1.0,0.4,5,0.7,1.1,1.9,0.1,10,1.5,1.4,1.0,0.4,10,1.0,1.4,1.6,0.0,5,1.2,0.8,0.4,0.6,5
2018-01-02,2017-18,Swansea City,Tottenham,0,2,A,1413.9,1642.1,-228.2,20,6,-14,21,20,0,2,1,3,0.8,0.8,2.8,0.0,5,2.4,3.2,1.4,0.4,5,0.8,0.6,1.9,0.2,10,1.7,2.0,1.3,0.3,10,1.0,0.4,1.2,0.4,5,0.8,1.2,1.8,0.2,5
2018-01-02,2017-18,West Ham United,West Bromwich Albion,2,1,H,1449.8,1421.2,28.7,18,19,1,20,21,0,1,2,3,1.6,1.8,1.2,0.6,5,0.6,0.6,1.2,0.4,5,0.9,1.2,1.9,0.3,10,0.6,0.6,1.4,0.3,10,1.0,1.0,1.6,0.4,5,0.4,0.4,1.2,0.2,5
2018-01-03,2017-18,Arsenal,Chelsea,2,2,D,1606.9,1676.5,-69.5,6,3,-3,21,21,1,1,1,3,1.8,1.6,1.2,0.4,5,2.6,2.2,0.2,0.8,5,1.9,1.8,1.0,0.5,10,2.3,2.0,0.4,0.6,10,2.0,2.4,1.2,0.6,5,1.6,1.6,0.6,0.4,5
2018-01-04,2017-18,Tottenham,West Ham United,1,1,D,1648.6,1456.3,192.3,5,16,11,21,21,2,1,0,3,2.4,2.6,1.2,0.6,5,1.6,2.0,1.4,0.4,5,1.7,2.1,1.3,0.3,10,1.2,1.3,1.6,0.3,10,2.6,2.8,0.8,0.4,5,0.8,1.4,2.2,0.2,5
2018-01-13,2017-18,Watford,Southampton,2,2,D,1427.5,1437.4,-9.8,10,17,7,22,22,1,1,1,3,0.6,1.0,2.2,0.0,5,0.4,0.8,1.8,0.2,5,0.7,1.2,1.9,0.1,10,0.7,1.2,1.8,0.1,10,0.8,1.4,2.4,0.0,5,0.4,0.8,1.8,0.2,5
2018-01-13,2017-18,Tottenham,Everton,4,0,H,1641.7,1510.7,131.0,5,9,4,22,22,2,0,1,3,2.0,2.4,1.4,0.4,5,1.0,0.8,1.0,0.4,5,1.8,2.2,1.2,0.3,10,1.5,1.3,1.0,0.5,10,2.2,2.8,1.0,0.2,5,1.0,0.8,1.4,0.4,5
2018-01-13,2017-18,Newcastle United,Swansea City,1,1,D,1458.8,1407.4,51.4,13,20,7,22,22,1,0,0,1,1.4,0.8,0.8,0.4,5,0.8,0.8,2.4,0.0,5,0.8,0.9,1.6,0.2,10,0.8,0.6,1.9,0.2,10,0.2,0.4,1.6,0.2,5,0.6,0.8,2.4,0.0,5
2018-01-13,2017-18,West Bromwich Albion,Brighton and Hove Albion,2,0,H,1414.7,1470.6,-55.9,20,13,-7,22,22,0,1,0,1,0.4,0.8,1.6,0.2,5,1.2,0.6,0.8,0.6,5,0.6,0.7,1.2,0.3,10,0.7,0.4,1.4,0.4,10,0.8,0.8,1.0,0.4,5,0.2,0.0,1.4,0.2,5
2018-01-13,2017-18,Crystal Palace,Burnley,1,0,H,1455.5,1496.1,-40.6,14,7,-7,22,22,0,3,0,3,1.6,1.6,1.0,0.4,5,0.6,0.6,1.4,0.4,5,1.7,1.4,0.9,0.4,10,1.2,0.7,1.0,0.4,10,1.6,1.6,1.4,0.2,5,1.2,0.8,0.8,0.4,5
2018-01-13,2017-18,Chelsea,Leicester City,0,0,D,1677.3,1497.3,180.1,3,8,5,22,22,3,0,0,3,2.2,2.0,0.4,0.8,5,0.8,1.4,1.8,0.2,5,2.1,1.8,0.6,0.5,10,1.7,1.8,1.4,0.2,10,3.0,2.4,0.2,0.8,5,1.4,2.0,1.6,0.0,5
2018-01-13,2017-18,Huddersfield Town,West Ham United,1,4,A,1472.4,1463.2,9.2,12,15,3,22,22,0,1,0,1,1.2,1.2,1.2,0.2,5,1.6,2.2,1.6,0.2,5,0.9,1.0,1.8,0.2,10,1.3,1.4,1.5,0.3,10,1.0,1.0,1.2,0.4,5,1.0,1.6,2.0,0.2,5
2018-01-14,2017-18,Bournemouth,Arsenal,2,1,H,1456.5,1606.1,-149.6,17,6,-11,22,22,0,2,1,3,1.0,1.4,2.8,0.0,5,1.8,2.0,1.6,0.2,5,0.8,1.1,2.0,0.1,10,1.7,1.8,1.2,0.4,10,1.0,1.4,2.2,0.0,5,1.8,1.2,0.8,0.4,5
2018-01-14,2017-18,Liverpool,Manchester City,4,3,H,1641.1,1718.7,-77.5,4,1,-3,22,22,1,1,1,3,2.6,3.2,1.0,0.4,5,2.6,2.4,0.4,0.6,5,2.2,2.6,0.8,0.4,10,2.8,2.4,0.6,0.4,10,1.8,1.8,0.6,0.4,5,2.6,1.8,0.4,0.6,5
2018-01-15,2017-18,Manchester United,Stoke City,3,0,H,1636.0,1429.7,206.3,2,18,16,22,22,0,0,3,3,1.8,1.6,1.0,0.4,5,0.8,0.8,2.2,0.0,5,2.1,1.8,1.0,0.4,10,0.7,0.8,2.3,0.0,10,1.6,1.0,0.8,0.6,5,0.2,0.6,2.8,0.0,5
2018-01-20,2017-18,West Ham United,Bournemouth,1,1,D,1476.2,1467.9,8.3,11,13,2,23,23,1,1,1,3,1.6,2.4,1.8,0.0,5,1.6,1.8,2.2,0.0,5,1.5,1.7,1.5,0.3,10,1.0,1.3,2.1,0.0,10,1.6,1.2,1.0,0.4,5,0.6,0.8,1.8,0.2,5
2018-01-20,2017-18,Stoke City,Huddersfield Town,2,0,H,1426.8,1459.4,-32.6,18,14,-4,23,23,0,0,1,1,0.8,0.8,2.2,0.0,5,0.6,0.6,1.8,0.2,5,0.7,0.7,2.4,0.0,10,0.9,1.0,2.0,0.2,10,1.2,1.0,1.8,0.0,5,0.8,1.0,2.4,0.0,5
2018-01-20,2017-18,Manchester City,Newcastle United,3,1,H,1709.3,1454.7,254.6,1,15,14,23,23,1,0,0,1,2.0,2.2,1.0,0.6,5,1.6,1.0,0.8,0.4,5,2.5,2.5,0.9,0.4,10,0.9,1.0,1.4,0.2,10,3.0,3.0,0.8,0.2,5,1.4,1.4,1.6,0.2,5
2018-01-20,2017-18,Leicester City,Watford,2,0,H,1503.9,1425.0,78.9,8,10,2,23,23,1,2,0,3,1.0,1.4,1.2,0.4,5,0.8,1.2,1.8,0.0,5,1.7,1.7,1.3,0.3,10,0.5,1.1,2.1,0.0,10,2.0,1.6,1.2,0.4,5,0.6,1.0,1.4,0.2,5
2018-01-20,2017-18,Burnley,Manchester United,0,1,A,1487.8,1639.0,-151.2,8,2,-6,23,23,0,1,2,3,0.4,0.6,1.6,0.2,5,1.8,1.8,0.8,0.6,5,1.2,0.7,1.0,0.4,10,2.1,2.0,1.0,0.4,10,1.2,0.6,1.2,0.4,5,2.6,2.6,1.2,0.2,5
2018-01-20,2017-18,Brighton and Hove Albion,Chelsea,0,4,A,1461.9,1670.7,-208.8,16,4,-12,23,23,0,1,0,1,1.0,0.6,1.2,0.4,5,1.8,1.8,0.4,0.8,5,0.7,0.4,1.5,0.4,10,2.1,1.7,0.5,0.6,10,1.2,0.8,1.4,0.6,5,1.2,1.2,1.0,0.2,5
2018-01-20,2017-18,Arsenal,Crystal Palace,4,1,H,1594.6,1463.8,130.8,6,13,7,23,23,2,1,0,3,1.2,2.0,2.0,0.0,5,1.6,1.2,1.0,0.4,5,1.4,1.8,1.4,0.3,10,1.7,1.3,0.8,0.5,10,1.6,2.4,1.6,0.4,5,1.8,1.2,0.4,0.6,5
2018-01-20,2017-18,Everton,West Bromwich Albion,1,1,D,1506.6,1423.4,83.1,9,19,10,23,23,2,0,1,3,0.4,0.2,1.6,0.4,5,1.0,1.0,1.2,0.4,5,1.5,1.2,1.0,0.5,10,0.8,0.8,1.1,0.4,10,2.0,1.8,0.6,0.6,5,0.4,0.6,1.4,0.2,5
2018-01-21,2017-18,Southampton,Tottenham,1,1,D,1439.9,1645.9,-206.0,18,5,-13,23,23,0,3,0,3,0.6,1.2,2.0,0.2,5,2.6,3.0,0.6,0.6,5,0.5,1.0,1.9,0.1,10,2.0,2.5,1.1,0.4,10,1.0,1.6,1.8,0.0,5,1.4,1.6,1.4,0.4,5
2018-01-22,2017-18,Swansea City,Liverpool,1,0,H,1411.5,1650.5,-239.0,20,4,-16,23,23,1,2,0,3,1.0,0.8,2.0,0.0,5,2.6,3.2,1.6,0.2,5,0.8,0.7,2.0,0.1,10,2.4,2.9,1.0,0.4,10,1.0,0.4,1.4,0.4,5,2.6,3.4,1.0,0.4,5
2018-01-30,2017-18,West Ham United,Crystal Palace,1,1,D,1473.2,1459.6,13.6,11,13,2,24,24,2,0,1,3,1.8,2.2,1.4,0.0,5,1.4,1.2,1.6,0.4,5,1.6,1.8,1.2,0.3,10,1.6,1.4,1.2,0.4,10,1.6,1.2,1.0,0.4,5,1.6,1.4,1.2,0.4,5
2018-01-30,2017-18,Huddersfield Town,Liverpool,0,3,A,1451.3,1636.7,-185.4,14,4,-10,24,24,0,1,0,1,0.4,0.4,2.0,0.2,5,2.4,2.6,1.2,0.2,5,0.9,1.0,1.7,0.2,10,2.1,2.6,1.1,0.3,10,1.0,1.0,1.6,0.4,5,2.0,2.8,1.2,0.2,5
2018-01-30,2017-18,Swansea City,Arsenal,3,1,H,1425.3,1598.8,-173.5,20,6,-14,24,24,0,3,0,3,1.4,0.8,1.8,0.2,5,1.6,2.2,1.6,0.0,5,1.1,0.8,1.9,0.2,10,1.4,1.7,1.5,0.2,10,1.4,0.6,1.4,0.4,5,1.2,1.2,1.2,0.2,5
2018-01-31,2017-18,Chelsea,Bournemouth,0,3,A,1677.6,1470.9,206.7,3,13,10,24,24,3,0,0,3,2.2,2.6,0.4,0.8,5,1.8,2.0,1.6,0.0,5,2.1,2.0,0.5,0.6,10,1.1,1.3,2.0,0.0,10,2.6,2.2,0.2,0.8,5,0.6,1.0,2.0,0.0,5
2018-01-31,2017-18,Everton,Leicester City,2,1,H,1501.7,1509.2,-7.5,10,7,-3,24,24,2,1,0,3,0.4,0.4,1.8,0.2,5,1.4,1.4,0.8,0.6,5,1.3,0.9,1.1,0.4,10,1.7,1.7,1.2,0.4,10,1.6,1.2,0.8,0.4,5,1.4,1.8,1.4,0.2,5
2018-01-31,2017-18,Manchester City,West Bromwich Albion,3,0,H,1711.6,1428.3,283.3,1,20,19,24,24,3,0,0,3,2.0,2.0,1.2,0.4,5,1.2,1.0,0.8,0.4,5,2.5,2.6,0.9,0.4,10,0.8,0.7,1.0,0.4,10,3.0,3.2,0.8,0.2,5,0.4,0.6,1.4,0.2,5
2018-01-31,2017-18,Newcastle United,Burnley,1,1,D,1452.4,1479.3,-26.8,15,8,-7,24,24,0,1,0,1,1.0,0.6,1.0,0.4,5,0.4,0.6,1.2,0.2,5,0.8,0.9,1.5,0.2,10,0.9,0.5,1.0,0.4,10,0.4,0.6,1.2,0.2,5,0.6,0.4,0.8,0.4,5
2018-01-31,2017-18,Southampton,Brighton and Hove Albion,1,1,D,1442.9,1454.9,-12.0,19,16,-3,24,24,0,0,1,1,0.6,1.2,2.0,0.2,5,0.4,0.4,2.0,0.2,5,0.6,1.0,1.8,0.1,10,0.6,0.4,1.9,0.3,10,0.6,1.0,1.8,0.0,5,0.2,0.0,1.6,0.2,5
2018-01-31,2017-18,Stoke City,Watford,0,0,D,1434.9,1419.7,15.1,19,12,-7,24,24,3,0,0,3,0.8,0.6,2.0,0.2,5,0.8,1.2,2.0,0.0,5,1.0,0.9,2.1,0.1,10,0.5,0.9,1.9,0.0,10,1.8,1.4,1.2,0.2,5,0.0,0.4,1.8,0.0,5
2018-01-31,2017-18,Tottenham,Manchester United,2,0,H,1642.9,1647.5,-4.6,5,2,-3,24,24,1,2,0,3,2.2,2.6,0.8,0.4,5,2.2,1.6,0.4,0.8,5,2.1,2.5,1.0,0.4,10,2.1,1.7,0.8,0.5,10,2.6,3.4,0.8,0.4,5,2.6,2.0,0.8,0.4,5
2018-02-03,2017-18,Manchester United,Huddersfield Town,2,0,H,1640.2,1443.7,196.5,2,17,15,25,25,0,1,0,1,2.0,1.2,0.4,0.8,5,0.2,0.2,2.4,0.2,5,1.8,1.4,0.9,0.5,10,0.9,1.0,1.8,0.2,10,1.6,1.4,0.8,0.6,5,0.8,1.0,1.8,0.0,5
2018-02-03,2017-18,West Bromwich Albion,Southampton,2,3,A,1426.3,1440.4,-14.1,20,18,-2,25,25,1,2,0,3,1.0,1.0,1.4,0.2,5,0.8,1.0,1.2,0.2,5,0.7,0.7,1.3,0.3,10,0.6,1.0,1.8,0.1,10,1.2,0.8,0.6,0.6,5,0.6,1.0,1.8,0.2,5
2018-02-03,2017-18,Leicester City,Swansea City,1,1,D,1501.8,1437.4,64.4,8,19,11,25,25,2,1,0,3,1.4,1.4,0.8,0.6,5,2.0,1.4,1.0,0.2,5,1.4,1.7,1.4,0.3,10,1.4,1.0,1.8,0.2,10,2.0,1.6,1.0,0.6,5,0.8,1.0,2.4,0.0,5
2018-02-03,2017-18,Burnley,Manchester City,1,1,D,1481.3,1713.6,-232.3,8,1,-7,25,25,0,3,0,3,0.4,0.4,1.0,0.2,5,2.0,2.4,1.2,0.4,5,1.0,0.6,1.0,0.4,10,2.5,2.7,0.8,0.5,10,1.2,0.6,1.2,0.4,5,2.0,2.0,1.0,0.6,5
2018-02-03,2017-18,Brighton and Hove Albion,West Ham United,3,1,H,1457.4,1470.0,-12.6,16,12,-4,25,25,1,0,0,1,0.6,0.6,1.8,0.2,5,1.8,1.8,1.0,0.0,5,0.7,0.4,1.5,0.3,10,1.7,1.8,1.1,0.3,10,1.0,0.8,2.2,0.4,5,1.6,2.4,1.4,0.2,5
2018-02-03,2017-18,Bournemouth,Stoke City,2,1,H,1488.0,1431.7,56.3,10,18,8,25,25,2,0,1,3,2.2,2.0,1.0,0.2,5,0.8,0.4,1.8,0.4,5,1.3,1.5,1.9,0.1,10,0.8,0.7,2.0,0.2,10,1.6,1.6,2.0,0.0,5,0.2,0.4,3.0,0.0,5
2018-02-03,2017-18,Arsenal,Everton,5,1,H,1586.7,1509.1,77.6,6,10,4,25,25,2,1,0,3,1.0,1.8,1.8,0.0,5,0.8,0.8,2.0,0.0,5,1.4,1.7,1.5,0.2,10,1.3,0.9,1.2,0.3,10,1.6,2.2,1.8,0.2,5,1.0,0.6,1.4,0.4,5
2018-02-04,2017-18,Crystal Palace,Newcastle United,1,1,D,1462.8,1450.4,12.4,15,16,1,25,25,0,1,0,1,1.6,1.0,1.2,0.4,5,1.2,0.8,1.0,0.4,5,1.6,1.5,1.3,0.3,10,0.9,0.9,1.3,0.2,10,1.6,1.4,1.2,0.4,5,1.2,1.2,1.8,0.2,5
2018-02-04,2017-18,Liverpool,Tottenham,2,2,D,1644.3,1650.3,-6.0,3,5,2,25,25,1,1,1,3,2.4,2.2,1.2,0.2,5,2.2,2.0,0.4,0.6,5,2.1,2.4,1.0,0.4,10,2.3,2.6,0.9,0.5,10,2.2,2.4,1.0,0.4,5,1.6,1.6,1.2,0.4,5
2018-02-05,2017-18,Watford,Chelsea,4,1,H,1422.9,1660.6,-237.6,11,4,-7,25,25,0,3,0,3,0.4,0.8,1.8,0.2,5,1.6,2.2,1.0,0.6,5,0.5,0.8,1.8,0.1,10,1.8,1.7,0.7,0.6,10,1.0,1.4,2.0,0.0,5,1.6,1.8,0.8,0.4,5
2018-02-10,2017-18,Everton,Crystal Palace,3,1,H,1503.8,1459.7,44.2,10,14,4,26,26,1,0,2,3,0.8,0.8,2.6,0.0,5,1.6,1.2,1.4,0.2,5,1.2,0.9,1.6,0.3,10,1.6,1.4,1.2,0.3,10,1.6,1.2,1.0,0.2,5,1.6,1.6,1.4,0.2,5
2018-02-10,2017-18,Manchester City,Leicester City,5,1,H,1710.0,1497.4,212.6,1,8,7,26,26,2,1,0,3,2.0,2.6,1.4,0.2,5,1.6,1.4,0.6,0.6,5,2.3,2.6,0.8,0.5,10,1.2,1.5,1.3,0.3,10,3.0,3.4,0.6,0.4,5,0.8,1.4,1.4,0.2,5
2018-02-10,2017-18,Stoke City,Brighton and Hove Albion,1,1,D,1425.9,1464.9,-39.0,18,13,-5,26,26,0,0,1,1,0.8,0.6,1.2,0.4,5,1.0,1.2,2.0,0.0,5,0.8,0.7,1.7,0.2,10,1.0,0.7,1.4,0.3,10,1.4,1.0,1.0,0.4,5,0.4,0.2,1.4,0.2,5
2018-02-10,2017-18,Swansea City,Burnley,1,0,H,1441.8,1485.0,-43.2,18,7,-11,26,26,2,1,0,3,1.6,1.2,1.0,0.2,5,0.4,0.6,1.2,0.0,5,1.2,1.0,1.9,0.1,10,0.8,0.6,1.1,0.3,10,1.4,1.0,1.6,0.2,5,0.8,0.6,0.8,0.4,5
2018-02-10,2017-18,Tottenham,Arsenal,1,0,H,1652.9,1592.0,60.9,5,6,1,26,26,1,1,1,3,1.8,2.0,0.8,0.4,5,1.4,2.6,1.8,0.0,5,2.1,2.3,1.0,0.5,10,1.6,2.1,1.5,0.2,10,2.6,2.8,0.6,0.6,5,1.0,1.2,1.6,0.2,5
2018-02-10,2017-18,West Ham United,Watford,2,0,H,1462.5,1436.7,25.8,13,11,-2,26,26,0,2,1,3,1.2,1.6,1.4,0.0,5,1.0,1.4,1.6,0.2,5,1.4,1.8,1.4,0.2,10,0.8,1.2,1.8,0.1,10,1.2,1.2,1.2,0.2,5,0.2,0.4,1.6,0.2,5
2018-02-11,2017-18,Newcastle United,Manchester United,1,0,H,1453.5,1643.3,-189.8,17,2,-15,26,26,0,1,0,1,1.2,1.0,1.2,0.2,5,2.4,1.6,0.4,0.8,5,1.0,0.8,1.1,0.2,10,2.1,1.5,0.7,0.6,10,0.6,0.4,0.8,0.2,5,2.0,1.4,1.0,0.4,5
2018-02-11,2017-18,Huddersfield Town,Bournemouth,4,1,H,1440.6,1493.8,-53.2,19,10,-9,26,26,0,1,0,1,0.0,0.2,2.8,0.0,5,2.2,2.0,1.0,0.2,5,0.6,0.8,2.0,0.1,10,1.5,1.5,1.8,0.1,10,0.4,0.6,2.2,0.2,5,1.0,1.2,1.6,0.2,5
2018-02-11,2017-18,Southampton,Liverpool,0,2,A,1452.8,1641.6,-188.8,18,4,-14,26,26,0,1,2,3,1.2,1.6,1.6,0.0,5,2.0,2.2,1.4,0.2,5,0.8,1.2,1.9,0.1,10,2.1,2.5,1.1,0.4,10,0.6,1.0,1.8,0.0,5,2.0,2.4,1.0,0.4,5
2018-02-12,2017-18,Chelsea,West Bromwich Albion,3,0,H,1646.8,1413.9,232.9,5,20,15,26,26,3,0,0,3,1.0,1.4,1.8,0.4,5,0.8,1.2,1.8,0.2,5,1.8,1.8,1.0,0.6,10,0.7,0.9,1.5,0.3,10,2.0,1.6,0.6,0.8,5,0.4,0.6,1.8,0.2,5
2018-02-24,2017-18,Bournemouth,Newcastle United,2,2,D,1485.1,1466.0,19.1,10,13,3,27,27,1,0,0,1,2.0,1.8,1.4,0.2,5,1.2,1.0,1.2,0.2,5,1.5,1.6,2.1,0.1,10,1.3,0.9,1.0,0.3,10,2.0,1.8,2.0,0.0,5,1.4,1.2,1.4,0.2,5
2018-02-24,2017-18,Brighton and Hove Albion,Swansea City,4,1,H,1466.7,1450.2,16.5,14,16,2,27,27,1,0,0,1,1.0,1.0,1.8,0.0,5,2.2,1.4,0.6,0.4,5,1.1,0.8,1.3,0.3,10,1.5,1.1,1.5,0.2,10,1.6,1.2,1.4,0.4,5,1.0,1.0,2.2,0.0,5
2018-02-24,2017-18,Burnley,Southampton,1,1,D,1476.6,1445.3,31.3,7,18,11,27,27,2,1,0,3,0.4,0.4,1.0,0.0,5,1.2,1.4,1.6,0.0,5,0.5,0.5,1.2,0.2,10,0.8,1.1,1.7,0.1,10,0.8,0.6,1.4,0.2,5,1.0,1.4,2.0,0.2,5
2018-02-24,2017-18,Leicester City,Stoke City,1,1,D,1494.6,1424.2,70.4,8,19,11,27,27,1,0,2,3,1.0,1.0,1.6,0.4,5,1.0,0.8,1.2,0.4,5,0.9,1.2,1.7,0.3,10,0.9,0.8,1.7,0.2,10,1.6,1.6,1.2,0.4,5,0.2,0.4,2.4,0.0,5
2018-02-24,2017-18,Liverpool,West Ham United,4,1,H,1649.1,1469.0,180.1,3,13,10,27,27,2,0,1,3,2.0,2.2,1.2,0.4,5,1.6,1.8,1.2,0.2,5,2.3,2.7,1.1,0.4,10,1.6,2.0,1.4,0.2,10,2.2,2.6,1.2,0.4,5,1.6,2.4,1.6,0.2,5
2018-02-24,2017-18,Watford,Everton,1,0,H,1430.2,1509.9,-79.7,12,9,-3,27,27,1,2,0,3,1.0,1.2,1.4,0.2,5,1.4,1.4,2.4,0.0,5,0.8,1.1,1.8,0.1,10,1.2,1.1,1.7,0.2,10,1.4,2.0,2.0,0.0,5,0.8,0.6,2.2,0.4,5
2018-02-24,2017-18,West Bromwich Albion,Huddersfield Town,1,2,A,1411.3,1449.3,-38.0,20,18,-2,27,27,0,1,0,1,0.8,1.0,2.0,0.2,5,0.6,1.0,2.4,0.0,5,0.6,0.9,1.8,0.2,10,0.9,1.1,1.8,0.1,10,1.0,1.2,1.2,0.4,5,0.8,1.0,1.8,0.0,5
2018-02-25,2017-18,Crystal Palace,Tottenham,0,1,A,1453.6,1658.6,-205.0,17,5,-12,27,27,0,3,0,3,1.0,1.0,1.8,0.2,5,2.2,2.0,0.6,0.6,5,1.3,1.3,1.4,0.3,10,2.1,2.2,1.0,0.5,10,1.6,1.2,1.0,0.4,5,1.6,1.8,1.4,0.4,5
2018-02-25,2017-18,Manchester United,Chelsea,2,1,H,1630.7,1649.4,-18.6,3,5,2,27,27,1,2,0,3,1.8,1.2,0.6,0.6,5,1.4,1.6,1.4,0.6,5,1.8,1.4,0.8,0.5,10,1.8,1.8,0.9,0.7,10,2.2,1.6,0.4,0.8,5,1.6,2.0,1.4,0.4,5
2018-03-01,2017-18,Arsenal,Manchester City,0,3,A,1586.4,1712.8,-126.4,6,1,-5,27,27,0,2,1,3,1.2,2.2,1.6,0.0,5,2.0,3.0,1.4,0.2,5,1.5,2.1,1.6,0.1,10,2.3,2.7,0.9,0.4,10,2.2,3.0,1.4,0.2,5,1.6,1.8,1.0,0.6,5
2018-03-03,2017-18,Watford,West Bromwich Albion,1,0,H,1439.6,1399.5,40.1,10,20,10,28,28,1,1,1,3,1.4,1.0,1.0,0.4,5,0.2,0.8,2.4,0.0,5,1.1,1.1,1.4,0.2,10,0.6,0.9,1.8,0.2,10,2.0,2.0,1.2,0.2,5,0.2,0.6,2.4,0.0,5
2018-03-03,2017-18,Tottenham,Huddersfield Town,2,0,H,1665.6,1461.0,204.6,4,14,10,28,28,1,0,0,1,2.2,1.4,0.6,0.6,5,1.2,1.2,1.8,0.0,5,2.4,2.2,0.6,0.6,10,0.9,0.9,1.8,0.1,10,2.6,2.6,0.6,0.6,5,0.8,0.6,1.8,0.0,5
2018-03-03,2017-18,Swansea City,West Ham United,4,1,H,1443.4,1465.7,-22.3,18,13,-5,28,28,0,3,0,3,2.0,1.4,1.2,0.4,5,1.0,1.2,1.8,0.2,5,1.5,1.1,1.6,0.2,10,1.3,1.8,1.8,0.1,10,2.0,1.2,0.8,0.4,5,1.0,2.0,2.4,0.0,5
2018-03-03,2017-18,Southampton,Stoke City,0,0,D,1448.9,1428.7,20.2,17,19,2,28,28,0,2,1,3,1.2,1.2,1.4,0.0,5,1.2,1.0,0.8,0.4,5,0.9,1.2,1.7,0.1,10,1.0,0.9,1.5,0.2,10,0.6,0.8,1.4,0.0,5,0.4,0.6,2.4,0.0,5
2018-03-03,2017-18,Liverpool,Newcastle United,2,0,H,1652.5,1469.3,183.2,4,16,12,28,28,0,0,1,1,2.0,2.2,0.8,0.4,5,1.2,1.2,1.4,0.2,5,2.3,2.7,1.2,0.3,10,1.4,1.1,1.1,0.3,10,2.6,3.4,1.4,0.2,5,1.6,1.6,1.6,0.2,5
2018-03-03,2017-18,Leicester City,Bournemouth,1,1,D,1490.0,1481.8,8.2,8,11,3,28,28,0,1,2,3,1.0,1.2,1.8,0.2,5,1.6,1.8,1.6,0.2,5,1.0,1.3,1.5,0.3,10,1.6,1.8,1.9,0.1,10,1.8,1.8,0.8,0.4,5,1.0,1.4,2.2,0.2,5
2018-03-03,2017-18,Burnley,Everton,2,1,H,1473.0,1500.5,-27.5,8,10,2,28,28,2,1,0,3,0.6,0.6,1.0,0.0,5,1.4,1.4,1.8,0.0,5,0.5,0.6,1.3,0.1,10,0.9,0.8,1.7,0.2,10,0.4,0.6,1.6,0.0,5,0.2,0.4,2.4,0.2,5
2018-03-04,2017-18,Brighton and Hove Albion,Arsenal,2,1,H,1473.4,1577.1,-103.7,12,6,-6,28,28,0,1,0,1,1.6,1.8,1.6,0.0,5,1.2,2.0,1.8,0.0,5,1.3,1.2,1.4,0.2,10,1.2,2.0,1.9,0.0,10,2.0,2.0,1.6,0.2,5,0.8,1.2,1.8,0.0,5
2018-03-04,2017-18,Manchester City,Chelsea,1,0,H,1722.0,1641.7,80.4,1,5,4,28,28,1,2,0,3,2.6,3.0,0.6,0.4,5,1.2,1.8,1.8,0.4,5,2.3,2.6,0.8,0.5,10,1.5,1.8,1.1,0.6,10,3.0,3.6,0.6,0.4,5,1.0,1.6,1.6,0.4,5
2018-03-05,2017-18,Crystal Palace,Manchester United,2,3,A,1446.5,1638.4,-191.9,18,3,-15,28,28,0,3,0,3,0.4,0.8,2.0,0.0,5,1.8,1.0,0.8,0.4,5,1.0,1.0,1.5,0.2,10,1.8,1.4,0.8,0.5,10,1.0,0.8,1.0,0.4,5,1.4,1.0,1.0,0.4,5
2018-03-10,2017-18,Chelsea,Crystal Palace,2,1,H,1636.4,1439.1,197.3,5,18,13,29,29,1,2,0,3,0.6,1.0,2.0,0.2,5,0.4,1.0,1.8,0.0,5,1.4,1.8,1.2,0.5,10,0.9,1.1,1.7,0.2,10,2.0,2.0,0.6,0.8,5,1.0,1.2,2.0,0.0,5
2018-03-10,2017-18,Everton,Brighton and Hove Albion,2,0,H,1492.5,1483.5,9.0,11,10,-1,29,29,0,0,1,1,1.2,1.4,2.0,0.0,5,2.2,2.2,1.0,0.0,5,0.8,0.9,1.9,0.1,10,1.3,1.3,1.5,0.1,10,1.6,1.2,1.0,0.2,5,0.6,0.4,1.2,0.2,5
2018-03-10,2017-18,Huddersfield Town,Swansea City,0,0,D,1458.1,1451.2,6.9,15,13,-2,29,29,0,1,0,1,1.2,1.2,1.8,0.0,5,2.0,2.0,1.4,0.2,5,0.8,0.8,1.9,0.1,10,1.7,1.4,1.6,0.2,10,1.0,1.2,1.8,0.2,5,1.0,1.0,2.4,0.0,5
2018-03-10,2017-18,Manchester United,Liverpool,2,1,H,1645.8,1655.7,-9.9,2,3,1,29,29,0,0,3,3,1.8,1.4,1.2,0.2,5,2.6,2.6,0.6,0.6,5,2.0,1.5,0.8,0.5,10,2.5,2.6,0.9,0.4,10,2.2,1.8,0.6,0.6,5,2.0,2.0,1.0,0.4,5
2018-03-10,2017-18,Newcastle United,Southampton,3,0,H,1466.0,1445.6,20.4,16,17,1,29,29,0,0,1,1,1.2,1.0,1.2,0.2,5,1.2,1.0,1.2,0.2,5,1.1,0.8,1.1,0.3,10,0.9,1.1,1.6,0.2,10,1.2,0.6,0.6,0.4,5,1.2,1.6,2.0,0.2,5
2018-03-10,2017-18,West Bromwich Albion,Leicester City,1,4,A,1393.4,1487.0,-93.6,20,8,-12,29,29,1,1,1,3,0.0,0.6,2.4,0.0,5,0.6,1.0,2.0,0.0,5,0.6,0.8,1.6,0.2,10,1.0,1.2,1.4,0.3,10,1.0,1.2,1.2,0.4,5,0.2,0.8,2.2,0.2,5
2018-03-10,2017-18,West Ham United,Burnley,0,3,A,1457.9,1480.9,-23.0,16,8,-8,29,29,2,0,1,3,0.8,1.2,2.4,0.2,5,1.2,1.0,1.0,0.0,5,1.3,1.7,1.9,0.1,10,0.8,0.8,1.1,0.1,10,1.6,1.6,1.2,0.2,5,0.6,0.6,1.0,0.2,5
2018-03-11,2017-18,Bournemouth,Tottenham,1,4,A,1484.8,1668.6,-183.8,12,4,-8,29,29,0,2,1,3,1.6,1.8,1.6,0.2,5,2.6,1.6,0.4,0.8,5,1.7,1.9,1.6,0.1,10,2.4,2.1,0.6,0.6,10,2.2,2.2,1.6,0.0,5,2.2,1.8,0.6,0.6,5
2018-03-11,2017-18,Arsenal,Watford,3,0,H,1567.0,1445.8,121.2,6,10,4,29,29,1,2,0,3,0.6,1.4,2.0,0.0,5,2.0,1.2,0.6,0.6,5,1.1,1.8,1.8,0.0,10,1.4,1.2,1.3,0.3,10,1.6,2.8,2.0,0.0,5,0.2,0.2,1.6,0.2,5
2018-03-12,2017-18,Stoke City,Manchester City,0,2,A,1432.0,1727.3,-295.2,19,1,-18,29,29,0,2,1,3,0.8,0.6,0.8,0.4,5,2.6,2.6,0.4,0.6,5,0.8,0.6,1.4,0.3,10,2.3,2.3,0.8,0.5,10,1.6,1.2,0.6,0.4,5,1.6,1.6,1.0,0.6,5
2018-03-17,2017-18,Bournemouth,West Bromwich Albion,2,1,H,1477.2,1383.2,94.0,12,20,8,30,30,1,2,0,3,1.0,1.4,2.4,0.0,5,0.0,0.8,2.6,0.0,5,1.6,1.7,1.7,0.1,10,0.5,0.9,2.0,0.1,10,2.0,1.8,1.8,0.0,5,0.2,0.4,2.0,0.0,5
2018-03-17,2017-18,Huddersfield Town,Crystal Palace,0,2,A,1455.1,1436.0,19.1,15,18,3,30,30,1,0,0,1,1.4,1.2,1.2,0.2,5,0.2,1.0,2.0,0.0,5,0.8,0.7,1.8,0.2,10,0.9,1.0,1.6,0.2,10,1.0,1.0,1.6,0.4,5,0.8,1.2,2.2,0.0,5
2018-03-17,2017-18,Liverpool,Watford,5,0,H,1648.3,1441.4,206.9,4,10,6,30,30,2,0,1,3,2.0,2.2,1.0,0.4,5,1.8,1.2,1.2,0.4,5,2.2,2.2,1.1,0.3,10,1.1,1.0,1.5,0.3,10,2.6,2.8,1.4,0.2,5,0.2,0.2,2.0,0.2,5
2018-03-17,2017-18,Stoke City,Everton,1,2,A,1427.1,1499.5,-72.4,19,9,-10,30,30,0,2,1,3,0.6,0.6,1.2,0.2,5,1.2,1.4,1.8,0.2,5,0.7,0.5,1.5,0.3,10,1.0,1.1,1.9,0.1,10,1.0,0.6,0.8,0.4,5,0.0,0.6,2.8,0.0,5
2018-03-31,2017-18,West Bromwich Albion,Burnley,1,2,A,1378.2,1493.1,-114.9,20,7,-13,31,30,2,0,1,3,0.0,0.6,2.4,0.0,5,1.6,1.4,0.8,0.2,5,0.4,0.9,2.1,0.1,10,1.0,0.9,0.9,0.2,10,0.8,1.4,2.0,0.2,5,1.0,0.8,0.6,0.4,5
2018-03-31,2017-18,Brighton and Hove Albion,Leicester City,0,2,A,1476.6,1497.2,-20.6,12,8,-4,30,30,0,1,0,1,2.0,2.0,1.2,0.0,5,1.2,1.6,1.8,0.0,5,1.3,1.3,1.5,0.1,10,1.3,1.5,1.3,0.3,10,2.0,2.2,1.8,0.0,5,0.8,1.4,2.0,0.2,5
2018-03-31,2017-18,Crystal Palace,Liverpool,1,2,A,1449.3,1651.2,-201.9,16,3,-13,31,31,1,2,0,3,0.6,1.2,1.8,0.2,5,2.4,2.8,0.6,0.6,5,1.1,1.2,1.6,0.2,10,2.2,2.5,1.0,0.4,10,1.0,0.8,1.0,0.4,5,1.8,1.6,0.8,0.4,5
2018-03-31,2017-18,Everton,Manchester City,1,3,A,1510.3,1732.2,-221.9,9,1,-8,31,30,1,0,2,3,1.8,1.6,1.0,0.2,5,2.6,2.4,0.4,0.6,5,1.3,1.2,1.8,0.1,10,2.3,2.4,0.8,0.5,10,2.0,1.6,1.0,0.2,5,1.6,1.8,1.0,0.6,5
2018-03-31,2017-18,Manchester United,Swansea City,2,0,H,1653.3,1454.2,199.1,3,14,11,30,30,2,0,1,3,2.4,1.8,1.0,0.2,5,1.6,1.4,1.2,0.4,5,2.2,1.5,0.7,0.5,10,1.8,1.4,1.1,0.3,10,2.6,1.8,0.4,0.6,5,1.2,1.0,1.4,0.2,5
2018-03-31,2017-18,Newcastle United,Huddersfield Town,1,0,H,1472.7,1441.8,30.9,13,15,2,30,31,0,1,0,1,1.6,1.4,1.0,0.4,5,1.4,1.2,1.2,0.2,5,1.4,1.1,1.0,0.4,10,0.7,0.7,2.0,0.1,10,1.8,1.2,0.4,0.6,5,0.6,0.4,2.0,0.0,5
2018-03-31,2017-18,Watford,Bournemouth,2,2,D,1438.5,1482.1,-43.6,11,10,-1,31,31,1,0,2,3,1.2,0.4,2.0,0.4,5,1.0,1.4,2.4,0.0,5,1.1,0.9,1.8,0.3,10,1.6,1.7,1.7,0.1,10,2.0,1.8,1.0,0.4,5,1.2,1.6,1.6,0.2,5
2018-03-31,2017-18,West Ham United,Southampton,3,0,H,1445.7,1438.9,6.8,17,18,1,30,30,1,2,0,3,0.6,1.0,2.8,0.2,5,1.0,0.8,1.6,0.2,5,1.2,1.4,1.9,0.1,10,0.9,0.9,1.4,0.2,10,1.6,1.2,1.2,0.2,5,1.2,1.2,1.6,0.2,5
2018-04-01,2017-18,Chelsea,Tottenham,1,3,A,1639.5,1676.2,-36.7,5,4,-1,30,30,2,1,0,3,1.2,1.4,1.6,0.2,5,2.6,2.0,0.6,0.6,5,1.4,1.8,1.3,0.4,10,2.4,2.0,0.5,0.6,10,2.0,2.0,0.8,0.6,5,2.2,2.0,0.8,0.4,5
2018-04-01,2017-18,Arsenal,Stoke City,3,0,H,1571.4,1416.3,155.0,6,19,13,30,31,2,1,0,3,1.2,1.8,1.4,0.2,5,0.6,0.6,1.2,0.2,5,1.1,1.8,1.6,0.1,10,0.7,0.6,1.2,0.3,10,2.0,2.8,1.4,0.2,5,0.4,0.4,2.2,0.2,5
2018-04-07,2017-18,Bournemouth,Crystal Palace,2,2,D,1483.7,1442.2,41.5,10,17,7,32,32,0,1,2,3,1.2,1.6,2.0,0.0,5,0.6,1.2,1.6,0.2,5,1.6,1.7,1.7,0.1,10,0.8,1.1,1.7,0.2,10,2.0,1.8,1.8,0.0,5,0.8,1.2,2.0,0.2,5
2018-04-07,2017-18,Brighton and Hove Albion,Huddersfield Town,1,1,D,1464.3,1435.4,28.9,13,17,4,31,32,0,1,0,1,1.4,1.4,1.4,0.0,5,0.8,0.4,1.2,0.2,5,1.2,1.3,1.7,0.0,10,0.7,0.7,1.8,0.1,10,1.8,1.8,1.8,0.0,5,0.6,0.4,1.6,0.0,5
2018-04-07,2017-18,Everton,Liverpool,0,0,D,1503.7,1658.3,-154.7,9,3,-6,32,32,0,2,1,3,1.2,1.2,1.4,0.2,5,2.4,2.8,0.8,0.4,5,1.3,1.3,1.9,0.1,10,2.2,2.5,1.0,0.4,10,2.0,1.8,1.2,0.2,5,1.8,1.6,0.8,0.4,5
2018-04-07,2017-18,Leicester City,Newcastle United,1,2,A,1509.4,1479.1,30.3,8,12,4,31,31,1,0,0,1,1.6,1.8,1.6,0.2,5,2.0,1.4,0.8,0.6,5,1.6,1.6,1.1,0.4,10,1.6,1.2,1.0,0.4,10,1.8,1.6,0.6,0.4,5,1.0,1.0,1.6,0.2,5
2018-04-07,2017-18,Manchester City,Manchester United,2,3,A,1738.8,1656.3,82.5,1,2,1,31,31,2,0,1,3,3.0,2.8,0.4,0.6,5,2.4,1.8,1.0,0.2,5,2.5,2.7,0.9,0.4,10,2.4,1.7,0.7,0.5,10,3.0,3.0,0.6,0.4,5,1.8,1.2,1.0,0.4,5
2018-04-07,2017-18,Stoke City,Tottenham,1,2,A,1412.6,1688.0,-275.4,19,4,-15,32,31,0,3,0,3,0.4,0.4,1.6,0.2,5,3.0,2.2,0.4,0.6,5,0.7,0.6,1.4,0.3,10,2.4,2.1,0.6,0.5,10,1.0,0.8,1.0,0.4,5,2.2,2.2,1.0,0.2,5
2018-04-07,2017-18,Watford,Burnley,1,2,A,1436.9,1502.7,-65.8,12,7,-5,32,31,1,2,0,3,1.4,0.8,2.0,0.4,5,2.0,1.6,0.8,0.2,5,1.2,1.0,1.7,0.3,10,1.2,1.1,1.0,0.1,10,2.2,2.0,1.0,0.4,5,1.4,1.2,0.8,0.2,5
2018-04-07,2017-18,West Bromwich Albion,Swansea City,1,1,D,1368.7,1451.2,-82.5,20,17,-3,32,31,1,2,0,3,0.0,0.8,2.2,0.0,5,1.4,1.2,1.4,0.4,5,0.4,0.9,2.1,0.1,10,1.5,1.2,1.2,0.3,10,0.6,1.4,2.2,0.2,5,0.6,0.6,1.6,0.2,5
2018-04-08,2017-18,Arsenal,Southampton,3,2,H,1575.1,1431.9,143.2,6,18,12,31,31,2,0,1,3,1.2,1.4,1.2,0.4,5,0.4,0.2,1.8,0.2,5,1.3,2.0,1.5,0.2,10,0.8,0.9,1.7,0.1,10,2.4,3.0,1.0,0.4,5,1.0,1.2,2.2,0.0,5
2018-04-08,2017-18,Chelsea,West Ham United,1,1,D,1627.7,1452.7,175.0,5,14,9,31,31,2,1,0,3,1.2,1.4,1.4,0.2,5,1.2,1.4,2.2,0.4,5,1.1,1.4,1.6,0.3,10,1.2,1.5,1.8,0.2,10,1.4,1.2,1.4,0.4,5,0.8,1.6,2.6,0.0,5
2018-04-14,2017-18,Tottenham,Manchester City,1,3,A,1693.4,1724.0,-30.6,4,1,-3,32,32,1,1,1,3,3.0,2.4,0.6,0.4,5,2.4,2.2,0.8,0.6,5,2.6,2.2,0.6,0.5,10,2.2,2.6,1.1,0.4,10,2.6,2.0,0.2,0.8,5,2.0,2.4,1.2,0.4,5
2018-04-14,2017-18,Swansea City,Everton,1,1,D,1451.7,1505.2,-53.6,15,9,-6,32,33,1,1,1,3,1.0,1.2,1.6,0.2,5,1.4,1.2,1.2,0.4,5,1.6,1.3,1.1,0.3,10,1.4,1.3,1.5,0.2,10,2.4,1.8,0.8,0.4,5,0.6,0.8,2.6,0.0,5
2018-04-14,2017-18,Liverpool,Bournemouth,3,0,H,1656.8,1479.9,176.9,3,11,8,33,33,1,1,1,3,2.0,2.0,0.6,0.6,5,1.2,1.6,2.0,0.0,5,2.0,2.1,0.7,0.5,10,1.4,1.7,1.8,0.1,10,2.6,3.4,1.2,0.4,5,1.2,1.6,1.6,0.2,5
2018-04-14,2017-18,Southampton,Chelsea,2,3,A,1428.0,1621.1,-193.1,18,5,-13,32,32,0,3,0,3,0.4,0.6,2.0,0.2,5,0.8,1.0,1.6,0.0,5,0.8,1.0,1.8,0.1,10,1.1,1.3,1.5,0.3,10,0.6,0.6,1.2,0.2,5,0.8,1.6,1.8,0.2,5
2018-04-14,2017-18,Crystal Palace,Brighton and Hove Albion,3,2,H,1446.1,1460.8,-14.7,17,13,-4,33,32,0,0,1,1,0.8,1.6,1.8,0.2,5,1.4,1.4,1.4,0.0,5,0.6,1.2,1.9,0.1,10,1.2,1.2,1.6,0.0,10,0.8,1.0,1.4,0.2,5,0.6,0.4,1.2,0.2,5
2018-04-14,2017-18,Burnley,Leicester City,2,1,H,1513.7,1495.8,17.8,7,8,1,32,32,1,2,0,3,2.6,2.0,0.8,0.2,5,1.6,1.8,1.0,0.2,5,1.5,1.2,0.9,0.1,10,1.3,1.4,1.3,0.3,10,1.0,1.0,1.2,0.0,5,1.4,1.6,1.6,0.4,5
2018-04-14,2017-18,Huddersfield Town,Watford,1,0,H,1438.9,1425.9,13.1,17,12,-5,33,33,1,0,0,1,0.4,0.2,1.2,0.2,5,0.8,0.8,2.4,0.2,5,0.8,0.7,1.5,0.1,10,1.1,0.9,1.7,0.3,10,0.8,1.0,2.0,0.2,5,0.2,0.0,2.4,0.2,5
2018-04-15,2017-18,Manchester United,West Bromwich Albion,0,1,A,1671.2,1368.2,303.0,2,20,18,32,33,2,0,1,3,3.0,2.4,1.2,0.2,5,0.2,0.8,2.0,0.0,5,2.4,1.8,0.9,0.4,10,0.2,0.8,2.2,0.0,10,3.0,2.2,0.4,0.6,5,0.2,0.4,2.0,0.0,5
2018-04-15,2017-18,Newcastle United,Arsenal,2,1,H,1492.7,1579.1,-86.4,10,6,-4,32,32,0,1,0,1,2.0,1.6,1.0,0.4,5,1.8,2.0,1.4,0.4,5,1.6,1.3,1.1,0.3,10,1.5,2.1,1.5,0.2,10,2.2,1.4,0.4,0.6,5,0.2,0.8,1.8,0.0,5
2018-04-16,2017-18,West Ham United,Stoke City,1,1,D,1459.3,1407.3,52.1,15,19,4,32,33,1,0,2,3,0.8,1.2,2.4,0.2,5,0.2,0.4,1.8,0.2,5,1.2,1.5,1.8,0.2,10,0.7,0.7,1.3,0.3,10,1.6,1.4,1.0,0.4,5,0.4,0.4,1.8,0.2,5
2018-04-17,2017-18,Brighton and Hove Albion,Tottenham,1,1,D,1453.2,1681.4,-228.2,13,4,-9,33,33,0,1,0,1,0.8,1.0,1.8,0.0,5,2.4,2.4,1.2,0.2,5,1.2,1.4,1.7,0.0,10,2.3,1.9,0.9,0.4,10,2.0,2.0,1.2,0.0,5,2.6,2.4,1.0,0.2,5
2018-04-18,2017-18,Bournemouth,Manchester United,0,2,A,1476.5,1652.9,-176.5,11,2,-9,34,33,0,2,1,3,1.0,1.4,2.4,0.0,5,2.4,2.0,1.2,0.2,5,1.3,1.6,2.0,0.1,10,2.1,1.5,1.0,0.3,10,1.6,1.8,2.0,0.0,5,1.8,1.4,1.4,0.2,5
2018-04-19,2017-18,Burnley,Chelsea,1,2,A,1520.4,1628.5,-108.1,7,5,-2,33,33,1,1,1,3,3.0,2.2,0.8,0.2,5,1.4,1.4,1.6,0.0,5,1.8,1.4,0.9,0.1,10,1.3,1.6,1.7,0.2,10,1.6,1.2,1.0,0.0,5,1.2,1.8,1.8,0.2,5
2018-04-19,2017-18,Leicester City,Southampton,0,0,D,1489.1,1420.6,68.5,8,18,10,33,33,1,1,1,3,1.4,1.8,1.2,0.2,5,0.2,0.8,2.4,0.2,5,1.2,1.5,1.5,0.2,10,0.7,1.0,1.9,0.1,10,1.2,1.2,1.0,0.2,5,0.8,1.2,2.4,0.0,5
2018-04-21,2017-18,Watford,Crystal Palace,0,0,D,1419.0,1453.6,-34.6,12,16,4,34,34,0,2,1,3,0.2,0.6,2.6,0.0,5,1.4,1.8,1.6,0.2,5,1.1,0.9,1.6,0.3,10,0.9,1.4,1.7,0.1,10,2.0,1.8,1.0,0.4,5,1.0,1.4,1.6,0.2,5
2018-04-21,2017-18,West Bromwich Albion,Liverpool,2,2,D,1386.4,1660.2,-273.8,20,3,-17,34,34,0,2,1,3,0.8,1.0,1.8,0.2,5,2.0,2.2,0.6,0.6,5,0.4,0.8,2.1,0.1,10,2.3,2.4,0.6,0.6,10,0.2,1.2,2.4,0.0,5,2.0,1.6,0.6,0.6,5
2018-04-22,2017-18,Manchester City,Swansea City,5,0,H,1736.0,1450.3,285.6,1,17,16,33,33,3,0,0,3,2.4,2.2,1.0,0.4,5,1.2,1.2,1.0,0.2,5,2.5,2.6,0.8,0.4,10,1.6,1.3,1.1,0.3,10,2.4,2.8,1.0,0.4,5,0.6,0.6,1.6,0.2,5
2018-04-22,2017-18,Stoke City,Burnley,1,1,D,1411.4,1510.6,-99.3,19,7,-12,34,34,1,2,0,3,0.2,0.6,2.0,0.0,5,2.4,2.0,1.0,0.2,5,0.5,0.6,1.4,0.2,10,1.8,1.5,1.0,0.1,10,0.4,0.6,1.4,0.2,5,2.0,1.6,0.8,0.2,5
2018-04-22,2017-18,Arsenal,West Ham United,4,1,H,1569.5,1455.2,114.3,6,14,8,33,33,2,0,1,3,1.8,2.2,1.2,0.4,5,1.0,1.2,1.8,0.2,5,1.5,2.1,1.5,0.2,10,1.0,1.2,1.8,0.2,10,2.4,2.8,1.2,0.4,5,0.8,1.6,2.6,0.0,5
2018-04-23,2017-18,Everton,Newcastle United,1,0,H,1506.6,1502.3,4.3,9,10,1,34,33,1,0,0,1,1.6,1.2,1.0,0.4,5,2.4,1.6,0.8,0.4,5,1.4,1.3,1.5,0.2,10,1.8,1.4,1.1,0.3,10,2.0,1.6,1.0,0.4,5,1.0,1.2,1.8,0.0,5
2018-04-28,2017-18,Burnley,Brighton and Hove Albion,0,0,D,1510.6,1456.7,53.9,7,13,6,35,34,0,0,1,1,2.0,1.6,1.2,0.0,5,0.4,0.8,1.8,0.0,5,1.8,1.5,1.0,0.1,10,1.3,1.5,1.4,0.0,10,1.6,1.4,1.2,0.0,5,0.4,0.8,1.8,0.0,5
2018-04-28,2017-18,Crystal Palace,Leicester City,5,0,H,1455.5,1484.6,-29.1,14,9,-5,35,34,1,1,1,3,1.6,1.6,1.2,0.4,5,1.4,1.6,1.0,0.4,5,0.9,1.3,1.6,0.2,10,1.0,1.3,1.5,0.2,10,0.8,1.4,1.8,0.0,5,1.2,1.8,2.0,0.2,5
2018-04-28,2017-18,Huddersfield Town,Everton,0,2,A,1445.8,1513.6,-67.8,16,8,-8,34,35,0,1,0,1,1.0,0.4,0.8,0.4,5,1.6,1.0,1.0,0.4,5,1.1,0.8,1.3,0.2,10,1.4,1.2,1.4,0.3,10,1.4,1.0,1.2,0.4,5,0.8,1.0,2.0,0.0,5
2018-04-28,2017-18,Liverpool,Stoke City,0,0,D,1655.5,1411.3,244.2,3,19,16,35,35,3,0,0,3,2.2,2.4,0.6,0.6,5,0.4,0.8,1.8,0.0,5,2.1,2.3,0.8,0.5,10,0.5,0.7,1.5,0.1,10,2.6,3.2,0.6,0.6,5,0.6,0.6,1.4,0.2,5
2018-04-28,2017-18,Newcastle United,West Bromwich Albion,0,1,A,1495.2,1391.0,104.2,10,20,10,34,35,0,0,1,1,2.4,1.6,0.6,0.4,5,1.0,1.2,1.4,0.2,5,1.8,1.3,0.9,0.3,10,0.5,1.0,2.0,0.1,10,2.6,1.6,0.4,0.6,5,0.6,0.4,1.8,0.2,5
2018-04-28,2017-18,Southampton,Bournemouth,2,1,H,1425.1,1468.7,-43.6,19,12,-7,34,35,1,0,2,3,0.2,0.8,2.4,0.2,5,1.0,1.2,2.0,0.0,5,0.7,0.9,1.8,0.2,10,1.0,1.3,2.2,0.0,10,0.6,0.8,1.4,0.2,5,1.0,1.4,2.0,0.2,5
2018-04-28,2017-18,Swansea City,Chelsea,0,1,A,1448.4,1638.2,-189.9,17,5,-12,34,34,0,2,1,3,0.6,0.4,1.8,0.2,5,2.0,1.8,1.6,0.0,5,1.3,1.2,1.6,0.2,10,1.3,1.4,1.8,0.1,10,2.6,2.0,0.6,0.4,5,1.2,1.4,2.0,0.0,5
2018-04-29,2017-18,Manchester United,Arsenal,2,1,H,1660.8,1574.0,86.8,2,6,4,34,34,1,1,1,3,2.4,1.8,0.8,0.4,5,2.4,2.8,1.0,0.4,5,2.1,1.6,1.0,0.3,10,1.5,2.1,1.5,0.2,10,2.4,1.6,0.6,0.4,5,0.0,0.8,2.0,0.0,5
2018-04-29,2017-18,West Ham United,Manchester City,1,4,A,1450.7,1737.9,-287.2,15,1,-14,34,34,0,3,0,3,1.0,1.2,1.8,0.2,5,2.4,3.0,1.0,0.4,5,0.9,1.2,2.1,0.2,10,2.5,2.8,0.7,0.5,10,1.6,1.4,1.0,0.4,5,2.6,2.4,0.6,0.4,5
2018-04-30,2017-18,Tottenham,Watford,2,0,H,1677.9,1417.2,260.7,4,13,9,34,35,2,0,1,3,2.0,2.2,1.4,0.0,5,0.4,0.6,2.0,0.2,5,2.3,1.9,0.9,0.4,10,1.1,0.9,1.6,0.3,10,2.4,2.0,0.6,0.8,5,0.2,0.0,2.2,0.2,5
2018-05-04,2017-18,Brighton and Hove Albion,Manchester United,1,0,H,1460.9,1665.9,-205.0,14,2,-12,35,35,0,1,0,1,0.6,0.8,1.4,0.2,5,2.4,1.8,0.8,0.4,5,1.3,1.4,1.3,0.1,10,2.4,1.8,0.9,0.3,10,1.6,1.6,1.2,0.0,5,1.8,1.6,1.4,0.2,5
2018-05-05,2017-18,Watford,Newcastle United,2,1,H,1414.9,1479.9,-65.0,14,10,-4,36,35,1,0,0,1,0.4,0.6,1.4,0.2,5,1.8,1.0,0.8,0.2,5,0.8,0.5,1.7,0.3,10,1.7,1.2,0.9,0.3,10,1.6,1.0,0.8,0.6,5,1.0,1.0,1.4,0.0,5
2018-05-05,2017-18,West Bromwich Albion,Tottenham,1,0,H,1406.3,1680.1,-273.8,20,4,-16,36,35,0,1,2,3,1.6,1.2,1.0,0.4,5,2.0,1.8,1.2,0.2,5,0.8,0.9,1.7,0.2,10,2.3,1.9,0.9,0.4,10,0.4,1.2,2.2,0.0,5,2.6,2.2,0.8,0.2,5
2018-05-05,2017-18,Stoke City,Crystal Palace,1,2,A,1418.9,1463.5,-44.6,20,13,-7,36,36,1,2,0,3,0.6,0.6,1.4,0.2,5,1.6,2.2,1.2,0.4,5,0.6,0.6,1.3,0.2,10,1.1,1.7,1.5,0.3,10,0.4,0.8,1.6,0.0,5,1.0,1.2,1.4,0.4,5
2018-05-05,2017-18,Bournemouth,Swansea City,1,0,H,1460.3,1440.9,19.4,14,17,3,36,35,2,0,1,3,0.4,1.0,2.2,0.0,5,0.4,0.4,2.0,0.0,5,0.7,1.2,2.3,0.0,10,1.0,0.9,1.6,0.2,10,1.0,1.4,2.2,0.0,5,0.4,0.4,2.4,0.2,5
2018-05-05,2017-18,Everton,Southampton,1,1,D,1524.6,1433.5,91.1,8,18,10,36,35,1,2,0,3,1.6,1.0,0.8,0.6,5,0.8,1.2,2.0,0.2,5,1.7,1.3,0.9,0.4,10,0.9,1.0,1.8,0.2,10,2.0,1.4,0.8,0.6,5,0.4,0.6,2.0,0.2,5
2018-05-05,2017-18,Leicester City,West Ham United,0,2,A,1476.6,1445.6,31.0,9,15,6,35,35,2,0,1,3,0.8,0.8,1.8,0.4,5,1.0,1.4,2.0,0.2,5,1.0,1.2,1.8,0.2,10,0.8,1.2,2.4,0.2,10,0.8,0.8,1.0,0.2,5,0.2,1.0,3.2,0.0,5
2018-05-06,2017-18,Arsenal,Burnley,5,0,H,1568.9,1506.5,62.4,6,7,1,35,36,3,0,0,3,1.8,2.4,1.4,0.2,5,1.6,1.2,1.0,0.2,5,1.5,2.1,1.4,0.2,10,1.8,1.4,0.9,0.2,10,2.4,2.6,1.2,0.4,5,2.0,1.6,0.8,0.2,5
2018-05-06,2017-18,Chelsea,Liverpool,1,0,H,1645.7,1648.0,-2.2,5,3,-2,35,36,0,1,2,3,2.0,1.6,1.4,0.2,5,1.8,1.4,0.6,0.6,5,1.6,1.5,1.5,0.2,10,2.1,2.1,0.6,0.6,10,1.4,1.4,1.6,0.2,5,1.6,1.4,1.0,0.4,5
2018-05-06,2017-18,Manchester City,Huddersfield Town,0,0,D,1743.0,1434.9,308.1,1,16,15,35,35,1,0,0,1,2.4,3.4,1.2,0.2,5,0.8,0.4,1.2,0.2,5,2.5,2.9,0.8,0.4,10,1.1,0.8,1.2,0.2,10,2.4,3.2,0.8,0.6,5,0.8,0.6,1.4,0.0,5
2018-05-08,2017-18,Swansea City,Southampton,0,1,A,1434.2,1438.5,-4.3,18,17,-1,36,36,1,1,1,3,0.4,0.4,1.8,0.0,5,1.0,1.4,1.6,0.2,5,0.9,0.8,1.6,0.2,10,0.7,0.8,1.7,0.2,10,2.0,1.8,0.8,0.2,5,0.4,0.6,2.0,0.2,5
2018-05-09,2017-18,Chelsea,Huddersfield Town,1,1,D,1653.0,1443.1,209.8,5,17,12,36,36,1,0,0,1,2.6,1.6,0.8,0.4,5,1.0,0.4,0.8,0.4,5,1.9,1.5,1.1,0.3,10,1.2,0.8,1.0,0.3,10,2.0,1.6,1.0,0.4,5,1.0,0.6,1.0,0.2,5
2018-05-09,2017-18,Leicester City,Arsenal,3,1,H,1463.0,1574.5,-111.5,9,6,-3,36,36,0,2,1,3,0.2,0.4,2.2,0.2,5,1.8,2.8,1.4,0.2,5,0.9,1.1,1.9,0.2,10,1.5,2.1,1.3,0.3,10,0.6,0.6,1.2,0.2,5,0.0,0.8,2.0,0.0,5
2018-05-09,2017-18,Manchester City,Brighton and Hove Albion,3,1,H,1734.7,1473.8,260.9,1,14,13,36,36,1,0,0,1,2.0,2.8,1.0,0.4,5,1.2,1.0,1.0,0.4,5,2.5,2.8,0.7,0.5,10,1.3,1.2,1.2,0.2,10,2.0,2.6,0.8,0.6,5,0.6,0.8,1.4,0.2,5
2018-05-09,2017-18,Tottenham,Newcastle United,1,0,H,1665.5,1470.9,194.5,4,10,6,36,36,1,0,0,1,1.4,1.2,1.2,0.2,5,1.2,1.0,1.2,0.0,5,2.2,1.7,0.8,0.4,10,1.6,1.2,1.0,0.3,10,2.4,1.6,0.6,0.8,5,0.8,1.0,1.6,0.0,5
2018-05-10,2017-18,West Ham United,Manchester United,0,0,D,1459.2,1652.9,-193.7,15,2,-13,36,36,0,2,1,3,1.0,1.2,2.0,0.2,5,1.8,1.4,1.0,0.2,5,1.1,1.3,2.1,0.3,10,2.1,1.6,1.0,0.2,10,1.4,1.4,1.6,0.4,5,1.8,1.6,1.2,0.2,5
2018-05-13,2017-18,West Ham United,Everton,3,1,H,1461.8,1519.6,-57.7,15,8,-7,37,37,0,2,1,3,1.0,1.0,1.8,0.4,5,1.8,1.0,0.4,0.6,5,0.9,1.1,2.1,0.3,10,1.5,1.1,0.9,0.4,10,1.0,1.0,1.6,0.4,5,1.4,1.2,1.0,0.2,5
2018-05-13,2017-18,Tottenham,Leicester City,5,4,H,1668.6,1473.3,195.2,3,9,6,37,37,1,1,1,3,1.4,1.0,1.0,0.4,5,0.8,0.8,2.0,0.2,5,2.2,1.7,0.8,0.4,10,1.2,1.3,1.5,0.2,10,2.4,1.4,0.6,0.8,5,1.2,1.6,2.6,0.2,5
2018-05-13,2017-18,Swansea City,Stoke City,1,2,A,1421.5,1407.3,14.2,18,20,2,37,37,1,2,0,3,0.2,0.2,1.8,0.0,5,0.6,0.8,1.2,0.2,5,0.6,0.7,1.7,0.1,10,0.5,0.6,1.4,0.2,10,1.4,1.2,0.8,0.2,5,0.8,0.4,1.0,0.4,5
2018-05-13,2017-18,Southampton,Manchester City,0,1,A,1451.2,1737.0,-285.8,17,1,-16,37,37,0,2,1,3,1.6,1.2,1.0,0.4,5,2.6,3.0,0.6,0.4,5,1.0,0.9,1.5,0.3,10,2.5,2.6,0.7,0.5,10,1.0,1.0,1.4,0.2,5,3.0,3.0,0.6,0.4,5
2018-05-13,2017-18,Newcastle United,Chelsea,3,0,H,1467.8,1645.8,-178.0,11,5,-6,37,37,0,1,0,1,0.6,0.6,1.2,0.0,5,2.6,1.6,0.8,0.4,5,1.3,1.1,1.1,0.2,10,1.7,1.3,1.2,0.2,10,2.4,1.4,0.4,0.6,5,1.8,1.4,1.2,0.2,5
2018-05-13,2017-18,Burnley,Bournemouth,1,2,A,1500.8,1467.0,33.9,7,13,6,37,37,2,1,0,3,1.0,0.8,1.8,0.2,5,0.8,0.8,1.8,0.2,5,1.8,1.4,1.3,0.2,10,1.0,1.2,1.9,0.1,10,1.6,1.2,1.0,0.2,5,0.4,1.0,2.4,0.0,5
2018-05-13,2017-18,Liverpool,Brighton and Hove Albion,4,0,H,1640.7,1471.6,169.1,4,15,11,37,37,1,0,0,1,1.2,1.0,0.6,0.6,5,1.0,1.0,1.4,0.4,5,1.8,1.9,0.7,0.5,10,1.2,1.2,1.4,0.2,10,2.6,2.8,0.2,0.8,5,0.4,0.8,1.8,0.2,5
2018-05-13,2017-18,Huddersfield Town,Arsenal,0,1,A,1450.3,1564.2,-113.9,16,6,-10,37,37,0,1,0,1,1.2,0.6,0.8,0.4,5,1.2,2.4,1.6,0.2,5,1.0,0.5,1.0,0.3,10,1.5,2.2,1.5,0.3,10,1.4,1.0,1.0,0.4,5,0.0,0.8,2.0,0.0,5
2018-05-13,2017-18,Crystal Palace,West Bromwich Albion,2,0,H,1475.1,1420.9,54.2,13,20,7,37,37,1,1,1,3,2.2,2.4,1.0,0.4,5,2.2,1.2,0.6,0.6,5,1.4,1.8,1.3,0.3,10,1.1,1.0,1.4,0.3,10,1.2,2.2,1.6,0.2,5,1.2,0.6,1.2,0.4,5
2018-05-13,2017-18,Manchester United,Watford,1,0,H,1650.3,1423.9,226.4,2,14,12,37,37,2,1,0,3,1.4,0.8,0.6,0.4,5,0.8,0.6,1.2,0.2,5,2.2,1.6,0.9,0.3,10,1.1,0.7,1.6,0.3,10,2.4,1.6,0.8,0.2,5,0.0,0.0,2.6,0.0,5
2018-08-10,2018-19,Manchester United,Leicester City,2,1,H,1653.0,1470.3,182.7,1,1,0,0,0,3,0,1,4,2.0,1.0,0.4,0.6,5,0.8,1.4,2.6,0.2,5,2.2,1.5,0.8,0.4,10,1.1,1.6,1.9,0.2,10,2.4,1.4,0.6,0.4,5,1.2,2.2,2.6,0.2,5
2018-08-11,2018-19,Wolverhampton Wanderers,Everton,2,2,D,1500.0,1510.8,-10.8,3,3,0,0,0,0,0,0,0,0.0,0.0,0.0,0.0,0,1.6,1.2,1.0,0.4,5,0.0,0.0,0.0,0.0,0,1.5,1.2,1.1,0.4,10,0.0,0.0,0.0,0.0,0,1.4,1.4,1.4,0.2,5
2018-08-11,2018-19,Newcastle United,Tottenham,1,2,A,1480.0,1671.7,-191.6,5,5,0,0,0,0,2,0,2,0.6,0.8,1.0,0.2,5,2.0,1.8,1.2,0.4,5,1.5,1.2,0.9,0.3,10,2.2,2.1,1.2,0.3,10,2.4,1.8,0.4,0.6,5,2.0,2.0,1.0,0.0,5
2018-08-11,2018-19,Watford,Brighton and Hove Albion,2,0,H,1421.3,1468.1,-46.8,7,7,0,0,0,0,1,1,2,0.8,0.4,1.0,0.2,5,1.0,0.6,1.6,0.4,5,0.8,0.6,1.7,0.2,10,0.9,0.8,1.7,0.2,10,1.6,1.2,1.0,0.4,5,0.2,0.6,2.4,0.2,5
2018-08-11,2018-19,Fulham,Crystal Palace,0,2,A,1500.0,1480.9,19.1,9,9,0,0,0,0,0,0,0,0.0,0.0,0.0,0.0,0,2.6,2.4,0.6,0.6,5,0.0,0.0,0.0,0.0,0,1.7,2.0,1.2,0.4,10,0.0,0.0,0.0,0.0,0,1.6,1.4,1.0,0.4,5
2018-08-11,2018-19,Huddersfield Town,Chelsea,0,3,A,1440.7,1633.6,-193.0,11,11,0,0,0,0,1,1,2,1.0,0.4,0.8,0.4,5,2.0,1.0,1.0,0.4,5,0.7,0.3,1.0,0.3,10,1.7,1.2,1.3,0.2,10,0.8,0.2,1.0,0.4,5,1.8,1.2,1.4,0.2,5
2018-08-11,2018-19,Bournemouth,Cardiff City,2,0,H,1480.6,1500.0,-19.4,13,13,0,0,0,0,0,0,0,1.2,0.8,1.6,0.2,5,0.0,0.0,0.0,0.0,0,1.2,1.2,1.8,0.1,10,0.0,0.0,0.0,0.0,0,1.4,1.2,1.8,0.2,5,0.0,0.0,0.0,0.0,0
2018-08-12,2018-19,Arsenal,Manchester City,0,2,A,1573.8,1742.1,-168.3,15,15,0,0,0,0,3,1,4,1.8,2.4,1.2,0.4,5,2.6,2.6,0.4,0.6,5,1.8,2.3,1.2,0.4,10,2.5,2.4,0.7,0.5,10,3.0,3.6,0.6,0.6,5,3.0,2.6,0.6,0.4,5
2018-08-12,2018-19,Liverpool,West Ham United,4,0,H,1644.2,1470.6,173.6,17,17,0,0,0,3,0,1,4,1.6,1.8,0.6,0.6,5,1.4,1.4,1.8,0.4,5,1.8,1.9,0.6,0.6,10,1.2,1.3,1.8,0.3,10,2.6,2.8,0.0,1.0,5,0.8,1.2,2.6,0.2,5
2018-08-12,2018-19,Southampton,Burnley,0,0,D,1446.1,1487.2,-41.1,19,19,0,0,0,1,2,1,4,1.6,0.8,0.6,0.4,5,0.4,0.6,2.0,0.2,5,0.9,0.8,1.5,0.3,10,1.7,1.4,1.4,0.2,10,0.8,0.8,1.4,0.2,5,2.0,1.6,1.6,0.2,5
2018-08-18,2018-19,Cardiff City,Newcastle United,0,0,D,1492.3,1472.6,19.7,17,14,-3,1,1,0,0,0,0,0.0,0.0,2.0,0.0,1,0.6,1.0,1.2,0.2,5,0.0,0.0,2.0,0.0,1,1.5,1.3,0.9,0.3,10,0.0,0.0,0.0,0.0,0,0.6,0.6,1.4,0.0,5
2018-08-18,2018-19,Chelsea,Arsenal,3,2,H,1641.0,1565.7,75.3,2,18,16,1,1,1,1,2,4,2.0,1.2,0.8,0.6,5,1.2,1.6,1.4,0.4,5,2.0,1.5,1.2,0.3,10,1.8,2.2,1.2,0.4,10,1.6,1.2,1.2,0.2,5,0.6,1.0,1.8,0.2,5
2018-08-18,2018-19,Everton,Southampton,2,1,H,1513.3,1444.4,68.9,10,11,1,1,1,1,2,1,4,1.6,1.4,1.2,0.4,5,1.6,0.8,0.6,0.4,5,1.6,1.3,1.1,0.4,10,0.9,0.8,1.5,0.3,10,1.6,1.0,0.8,0.6,5,1.0,0.8,1.4,0.4,5
2018-08-18,2018-19,Leicester City,Wolverhampton Wanderers,2,0,H,1467.0,1497.5,-30.5,15,10,-5,1,1,0,0,0,0,0.6,1.6,3.0,0.0,5,1.0,2.0,2.0,0.0,1,1.0,1.6,2.0,0.2,10,1.0,2.0,2.0,0.0,1,1.0,1.0,1.2,0.2,5,0.0,0.0,0.0,0.0,0
2018-08-18,2018-19,Tottenham,Fulham,3,1,H,1679.1,1486.7,192.4,10,17,7,1,1,0,0,0,0,2.4,2.0,1.2,0.4,5,0.0,0.0,2.0,0.0,1,2.2,2.1,1.3,0.2,10,0.0,0.0,2.0,0.0,1,2.4,2.2,1.4,0.6,5,0.0,0.0,0.0,0.0,0
2018-08-18,2018-19,West Ham United,Bournemouth,1,2,A,1467.2,1488.4,-21.1,20,7,-13,1,1,1,1,2,4,1.4,1.2,1.8,0.4,5,1.8,1.2,1.0,0.4,5,1.2,1.2,1.8,0.3,10,1.4,1.3,1.7,0.2,10,1.6,1.6,1.2,0.4,5,1.0,1.2,1.8,0.0,5
2018-08-19,2018-19,Manchester City,Huddersfield Town,6,1,H,1750.1,1433.3,316.9,8,18,10,1,1,1,0,1,2,2.6,2.0,0.4,0.6,5,0.4,0.2,1.4,0.2,5,2.5,2.5,0.7,0.5,10,0.7,0.3,1.1,0.3,10,2.0,2.2,0.8,0.6,5,0.6,0.4,1.0,0.2,5
2018-08-19,2018-19,Brighton and Hove Albion,Manchester United,3,2,H,1459.6,1656.2,-196.6,16,10,-6,1,1,1,1,0,2,0.8,0.4,1.8,0.4,5,2.0,1.0,0.6,0.4,5,0.6,0.6,1.8,0.2,10,2.2,1.4,0.7,0.4,10,1.6,1.0,1.0,0.2,5,2.0,1.6,1.0,0.4,5
2018-08-19,2018-19,Burnley,Watford,1,3,A,1488.9,1429.8,59.1,12,7,-5,1,1,3,1,0,4,0.6,0.4,1.6,0.4,5,1.4,0.8,0.8,0.4,5,1.5,1.2,1.3,0.3,10,0.8,0.7,1.7,0.2,10,1.4,1.2,1.2,0.2,5,0.0,0.0,2.4,0.0,5
2018-08-20,2018-19,Crystal Palace,Liverpool,0,2,A,1494.2,1647.6,-153.4,8,7,-1,1,1,1,3,0,4,2.6,2.2,0.2,0.8,5,1.6,2.0,0.6,0.6,5,2.0,2.0,0.9,0.5,10,1.8,2.1,0.6,0.6,10,1.8,2.6,1.4,0.4,5,1.0,1.0,1.2,0.2,5
2018-08-25,2018-19,Arsenal,West Ham United,3,1,H,1560.4,1455.0,105.4,17,19,2,2,2,3,0,1,4,1.2,1.8,1.6,0.4,5,1.4,1.2,1.4,0.4,5,1.5,2.1,1.5,0.3,10,1.2,1.3,1.7,0.3,10,2.4,3.0,1.0,0.4,5,0.8,1.0,2.6,0.2,5
2018-08-25,2018-19,Bournemouth,Everton,2,2,D,1500.6,1518.8,-18.2,6,7,1,2,2,2,2,0,4,2.4,1.6,0.8,0.4,5,1.6,1.6,1.4,0.2,5,1.7,1.4,1.4,0.2,10,1.6,1.3,1.2,0.3,10,2.0,1.4,1.0,0.4,5,1.6,1.6,1.4,0.2,5
2018-08-25,2018-19,Huddersfield Town,Cardiff City,0,0,D,1431.6,1489.0,-57.4,20,17,-3,2,2,0,0,0,0,0.4,0.4,2.2,0.2,5,0.5,0.0,1.0,0.5,2,0.6,0.4,1.7,0.2,10,0.5,0.0,1.0,0.5,2,0.6,0.2,1.6,0.2,5,0.0,0.0,2.0,0.0,1
2018-08-25,2018-19,Liverpool,Brighton and Hove Albion,1,0,H,1656.1,1472.3,183.8,3,12,9,2,2,2,0,0,2,2.0,2.0,0.2,0.8,5,1.2,1.0,2.2,0.2,5,2.1,2.2,0.4,0.7,10,0.9,0.9,1.8,0.2,10,2.6,3.2,0.0,1.0,5,0.2,0.6,2.4,0.2,5
2018-08-25,2018-19,Southampton,Leicester City,1,2,A,1438.9,1475.0,-36.1,15,8,-7,2,2,1,1,2,4,1.0,0.6,0.8,0.4,5,1.2,2.0,2.0,0.2,5,0.9,0.9,1.4,0.3,10,1.0,1.4,1.9,0.3,10,1.0,0.8,1.0,0.4,5,0.6,1.6,2.8,0.2,5
2018-08-25,2018-19,Wolverhampton Wanderers,Manchester City,1,1,D,1489.5,1751.8,-262.3,15,3,-12,2,2,0,0,0,0,0.5,1.0,2.0,0.0,2,2.6,2.4,0.4,0.6,5,0.5,1.0,2.0,0.0,2,2.5,2.9,0.8,0.4,10,1.0,2.0,2.0,0.0,1,3.0,2.6,0.6,0.4,5
2018-08-26,2018-19,Fulham,Burnley,4,2,H,1483.6,1474.6,9.0,19,17,-2,2,2,0,0,0,0,0.0,0.5,2.5,0.0,2,0.4,0.4,2.0,0.4,5,0.0,0.5,2.5,0.0,2,1.2,1.0,1.6,0.2,10,0.0,0.0,2.0,0.0,1,1.6,1.0,1.6,0.2,5
2018-08-26,2018-19,Newcastle United,Chelsea,1,2,A,1475.9,1646.4,-170.4,16,4,-12,2,2,1,1,0,2,0.8,1.0,1.0,0.4,5,2.0,1.6,1.2,0.4,5,1.3,1.0,0.9,0.3,10,2.0,1.6,1.3,0.3,10,1.8,1.4,0.8,0.4,5,2.4,1.8,1.2,0.4,5
2018-08-26,2018-19,Watford,Crystal Palace,2,1,H,1444.1,1485.7,-41.7,5,10,5,2,2,0,2,2,4,1.8,1.4,1.0,0.2,5,2.4,2.2,0.6,0.6,5,1.1,1.0,1.5,0.2,10,2.0,1.9,0.9,0.5,10,1.6,1.4,1.0,0.4,5,2.2,1.6,0.6,0.6,5
2018-08-27,2018-19,Manchester United,Tottenham,0,3,A,1643.5,1682.2,-38.7,9,6,-3,2,2,2,2,0,4,1.4,1.0,1.0,0.4,5,2.4,2.2,1.4,0.2,5,1.9,1.4,0.9,0.4,10,2.2,2.0,1.3,0.2,10,2.4,1.4,0.6,0.4,5,2.0,1.6,1.0,0.0,5
2018-09-01,2018-19,Manchester City,Newcastle United,2,1,H,1747.4,1467.9,279.5,5,16,11,3,3,2,0,0,2,2.6,2.6,0.6,0.4,5,0.8,1.0,1.0,0.4,5,2.3,2.7,0.8,0.4,10,1.0,1.0,1.1,0.2,10,2.0,3.2,1.0,0.4,5,0.8,0.6,1.0,0.2,5
2018-09-01,2018-19,Leicester City,Liverpool,1,2,A,1486.8,1659.4,-172.6,7,2,-5,3,3,1,3,0,4,1.8,2.4,1.8,0.2,5,2.4,2.2,0.2,0.8,5,1.0,1.4,2.0,0.2,10,2.1,1.8,0.4,0.7,10,1.4,1.2,1.0,0.4,5,1.6,1.2,0.8,0.4,5
2018-09-01,2018-19,West Ham United,Wolverhampton Wanderers,0,1,A,1450.3,1493.8,-43.5,20,14,-6,3,3,0,0,0,0,0.8,1.0,2.0,0.2,5,0.6666666666666666,1.0,1.6666666666666667,0.0,3,0.9,1.1,2.0,0.2,10,0.6666666666666666,1.0,1.6666666666666667,0.0,3,1.0,1.2,1.6,0.2,5,0.0,0.0,2.0,0.0,1
2018-09-01,2018-19,Everton,Huddersfield Town,1,1,D,1521.1,1430.4,90.7,8,19,11,3,3,2,0,0,2,1.2,1.6,1.8,0.0,5,0.4,0.4,2.2,0.2,5,1.4,1.3,1.3,0.3,10,0.7,0.4,1.5,0.3,10,1.6,1.0,1.0,0.4,5,0.6,0.6,1.8,0.2,5
2018-09-01,2018-19,Chelsea,Bournemouth,2,0,H,1654.4,1498.3,156.1,4,6,2,3,3,3,1,0,4,2.0,1.8,1.4,0.2,5,2.6,1.8,0.8,0.4,5,2.3,1.7,1.1,0.3,10,1.5,1.4,1.5,0.2,10,1.6,1.4,1.4,0.2,5,1.4,1.4,1.8,0.0,5
2018-09-01,2018-19,Brighton and Hove Albion,Fulham,2,2,D,1469.0,1490.5,-21.5,13,12,-1,3,3,0,0,0,0,0.6,0.8,2.4,0.0,5,1.0,1.6666666666666667,2.3333333333333335,0.0,3,0.9,0.9,1.7,0.2,10,1.0,1.6666666666666667,2.3333333333333335,0.0,3,1.6,1.2,1.2,0.2,5,0.0,1.0,3.0,0.0,1
2018-09-01,2018-19,Crystal Palace,Southampton,0,2,A,1477.4,1427.1,50.3,13,17,4,3,3,2,2,0,4,1.8,1.4,1.0,0.4,5,0.8,0.6,1.0,0.4,5,1.7,1.8,1.1,0.4,10,0.9,1.0,1.3,0.3,10,1.8,2.2,1.2,0.4,5,1.0,1.0,1.2,0.4,5
2018-09-02,2018-19,Burnley,Manchester United,0,2,A,1467.6,1631.8,-164.2,19,14,-5,3,3,0,2,2,4,0.2,0.8,2.8,0.2,5,1.4,1.0,1.4,0.4,5,0.9,1.0,1.9,0.2,10,1.6,1.2,1.2,0.3,10,0.8,1.0,1.6,0.2,5,1.4,1.4,1.2,0.4,5
2018-09-02,2018-19,Cardiff City,Arsenal,2,3,A,1490.2,1565.1,-74.9,16,14,-2,3,3,0,0,0,0,0.6666666666666666,0.0,0.6666666666666666,0.6666666666666666,3,1.2,1.4,1.8,0.2,5,0.6666666666666666,0.0,0.6666666666666666,0.6666666666666666,3,1.5,2.1,1.6,0.2,10,1.0,0.0,0.0,1.0,1,0.6,1.2,2.0,0.2,5
2018-09-02,2018-19,Watford,Tottenham,2,1,H,1452.4,1694.0,-241.6,5,4,-1,3,3,0,3,1,4,2.4,1.8,0.8,0.2,5,3.0,2.8,1.2,0.4,5,1.4,1.2,1.1,0.2,10,2.2,2.0,1.2,0.3,10,2.0,1.4,0.8,0.4,5,2.0,1.6,0.8,0.2,5
2018-09-15,2018-19,Bournemouth,Leicester City,4,2,H,1494.5,1478.9,15.7,6,8,2,4,4,1,0,3,4,2.0,1.6,1.2,0.2,5,1.2,2.0,2.0,0.2,5,1.4,1.2,1.5,0.2,10,1.0,1.4,2.0,0.2,10,1.6,1.4,1.2,0.4,5,0.6,1.6,3.0,0.0,5
2018-09-15,2018-19,Chelsea,Cardiff City,4,1,H,1658.1,1479.5,178.6,2,16,14,4,4,0,0,0,0,2.4,2.0,1.2,0.4,5,0.5,0.5,1.25,0.5,4,2.5,1.8,1.0,0.4,10,0.5,0.5,1.25,0.5,4,2.2,1.6,0.8,0.4,5,0.5,0.0,1.0,0.5,2
2018-09-15,2018-19,Huddersfield Town,Crystal Palace,0,1,A,1435.4,1463.3,-27.9,17,15,-2,4,4,1,1,0,2,0.4,0.4,2.2,0.2,5,1.2,1.0,1.2,0.4,5,0.8,0.5,1.5,0.3,10,1.7,1.7,1.1,0.4,10,0.8,0.2,1.2,0.4,5,1.6,1.4,1.0,0.4,5
2018-09-15,2018-19,Manchester City,Fulham,3,0,H,1749.5,1492.8,256.7,4,14,10,4,4,0,0,0,0,2.6,2.4,0.6,0.4,5,1.0,1.75,2.25,0.0,4,2.6,2.7,0.6,0.4,10,1.0,1.75,2.25,0.0,4,2.6,3.2,0.6,0.4,5,0.5,1.5,2.5,0.0,2
2018-09-15,2018-19,Newcastle United,Arsenal,1,2,A,1465.9,1575.8,-109.9,18,8,-10,4,4,1,1,0,2,0.8,1.2,1.2,0.4,5,1.8,1.8,1.6,0.2,5,0.7,0.9,1.2,0.2,10,1.5,2.1,1.6,0.2,10,1.2,1.4,1.2,0.2,5,1.2,1.6,2.0,0.2,5
2018-09-15,2018-19,Tottenham,Liverpool,1,2,A,1680.1,1667.3,12.8,6,3,-3,4,4,1,1,2,4,2.4,2.8,1.6,0.2,5,3.0,2.6,0.2,0.8,5,1.9,1.9,1.3,0.3,10,2.1,1.8,0.4,0.7,10,2.4,2.4,1.6,0.4,5,1.6,1.2,0.8,0.4,5
2018-09-15,2018-19,Watford,Manchester United,1,2,A,1466.3,1640.0,-173.7,4,10,6,4,4,1,3,0,4,2.4,1.8,0.8,0.2,5,1.8,1.4,1.4,0.4,5,1.6,1.2,1.0,0.2,10,1.6,1.1,1.0,0.4,10,2.6,1.6,0.6,0.4,5,1.4,1.2,0.8,0.6,5
2018-09-16,2018-19,Wolverhampton Wanderers,Burnley,1,0,H,1505.4,1459.4,46.0,12,19,7,4,4,0,0,0,0,1.25,1.0,1.25,0.25,4,0.2,0.8,2.2,0.2,5,1.25,1.0,1.25,0.25,4,0.6,0.8,2.0,0.2,10,1.0,1.5,1.5,0.0,2,1.0,1.0,2.2,0.2,5
2018-09-16,2018-19,Everton,West Ham United,1,3,A,1516.1,1438.7,77.4,10,20,10,4,4,2,1,1,4,1.2,1.6,1.8,0.0,5,0.6,1.0,2.2,0.0,5,1.5,1.3,1.1,0.3,10,0.8,1.0,2.0,0.2,10,1.8,1.0,0.6,0.4,5,0.8,1.0,2.4,0.2,5
2018-09-17,2018-19,Southampton,Brighton and Hove Albion,2,2,D,1441.2,1466.8,-25.7,13,14,1,4,4,0,0,2,2,0.8,0.8,1.0,0.4,5,0.8,1.0,2.2,0.0,5,1.2,1.0,1.0,0.4,10,0.9,1.0,1.8,0.2,10,0.8,1.0,1.4,0.2,5,0.2,0.2,2.0,0.2,5
2018-09-22,2018-19,Brighton and Hove Albion,Tottenham,1,2,A,1468.9,1667.0,-198.0,14,6,-8,5,5,0,1,1,2,1.0,1.4,1.8,0.0,5,1.8,2.0,1.2,0.2,5,1.0,1.0,1.7,0.2,10,1.9,1.9,1.2,0.3,10,1.8,1.6,1.2,0.2,5,1.4,1.4,1.0,0.2,5
2018-09-22,2018-19,Burnley,Bournemouth,4,0,H,1453.4,1501.3,-47.9,20,6,-14,5,5,2,2,0,4,0.2,0.6,2.0,0.2,5,2.0,2.0,1.4,0.2,5,0.3,0.6,2.0,0.2,10,1.6,1.4,1.5,0.2,10,0.2,0.6,1.8,0.2,5,1.2,1.0,1.8,0.0,5
2018-09-22,2018-19,Cardiff City,Manchester City,0,5,A,1476.1,1751.7,-275.6,18,3,-15,5,5,0,0,0,0,0.4,0.6,1.8,0.4,5,2.6,2.8,0.6,0.4,5,0.4,0.6,1.8,0.4,5,2.6,2.7,0.5,0.5,10,0.5,1.0,1.5,0.5,2,2.6,2.2,0.6,0.4,5
2018-09-22,2018-19,Crystal Palace,Newcastle United,0,0,D,1475.4,1456.2,19.2,12,20,8,5,5,0,1,1,2,1.2,0.8,1.2,0.4,5,0.2,0.8,1.6,0.2,5,1.9,1.6,0.9,0.5,10,0.4,0.8,1.3,0.2,10,1.8,2.0,1.2,0.4,5,0.2,0.4,1.2,0.2,5
2018-09-22,2018-19,Fulham,Watford,1,1,D,1490.5,1458.3,32.1,16,5,-11,5,5,0,0,0,0,0.8,1.4,2.4,0.0,5,2.4,2.0,1.0,0.2,5,0.8,1.4,2.4,0.0,5,1.6,1.2,1.0,0.2,10,1.5,2.0,2.0,0.0,2,0.6,0.6,2.0,0.0,5
2018-09-22,2018-19,Leicester City,Huddersfield Town,3,1,H,1472.1,1423.3,48.7,11,19,8,5,5,1,0,1,2,1.2,1.6,1.8,0.2,5,0.4,0.4,2.2,0.2,5,1.0,1.5,2.2,0.2,10,0.7,0.4,1.5,0.3,10,1.4,1.2,1.0,0.4,5,0.8,0.8,1.8,0.2,5
2018-09-22,2018-19,Liverpool,Southampton,3,0,H,1680.5,1439.0,241.4,3,13,10,5,5,2,0,2,4,3.0,2.2,0.4,0.6,5,1.0,1.2,1.2,0.4,5,2.3,2.0,0.5,0.6,10,1.3,1.0,0.9,0.4,10,2.6,2.4,0.0,1.0,5,1.6,1.0,0.6,0.6,5
2018-09-22,2018-19,Manchester United,Wolverhampton Wanderers,1,1,D,1647.9,1511.5,136.4,9,10,1,5,5,0,0,0,0,1.8,1.6,1.6,0.2,5,1.6,1.0,1.0,0.4,5,1.9,1.3,1.0,0.4,10,1.6,1.0,1.0,0.4,5,1.8,1.0,1.2,0.2,5,1.5,0.5,1.0,0.5,2
2018-09-23,2018-19,Arsenal,Everton,2,0,H,1585.5,1501.4,84.1,9,12,3,5,5,3,1,0,4,1.8,2.0,1.8,0.0,5,1.2,1.6,1.8,0.0,5,1.8,2.2,1.5,0.2,10,1.4,1.4,1.4,0.2,10,2.4,3.0,1.2,0.2,5,1.2,1.6,1.6,0.2,5
2018-09-23,2018-19,West Ham United,Chelsea,0,0,D,1453.4,1661.4,-208.1,17,3,-14,5,5,1,2,1,4,0.6,1.0,2.2,0.0,5,3.0,2.8,0.8,0.4,5,1.0,1.2,2.0,0.2,10,2.5,1.9,0.9,0.4,10,0.8,1.0,1.6,0.2,5,2.4,1.6,1.0,0.4,5
2018-09-29,2018-19,Wolverhampton Wanderers,Southampton,2,0,H,1517.4,1436.6,80.8,10,14,4,6,6,0,0,0,0,1.6,0.8,0.8,0.4,5,0.8,1.2,1.8,0.2,5,1.5,1.0,1.0,0.3333333333333333,6,1.2,1.0,1.2,0.3,10,1.6666666666666667,1.3333333333333333,1.0,0.3333333333333333,3,1.4,1.0,1.2,0.4,5
2018-09-29,2018-19,West Ham United,Manchester United,3,1,H,1456.4,1641.9,-185.6,17,8,-9,6,6,0,2,2,4,0.8,1.0,1.4,0.2,5,1.4,1.4,1.6,0.2,5,1.1,1.1,1.6,0.3,10,1.7,1.2,1.1,0.3,10,1.0,0.8,0.8,0.4,5,1.4,1.2,1.0,0.4,5
2018-09-29,2018-19,Manchester City,Brighton and Hove Albion,2,0,H,1757.1,1461.7,295.4,2,14,12,6,6,2,0,0,2,2.6,3.4,0.6,0.4,5,1.0,1.6,1.8,0.0,5,2.6,2.7,0.5,0.5,10,0.9,1.0,1.8,0.2,10,2.6,2.8,0.6,0.4,5,0.2,0.6,2.4,0.0,5
2018-09-29,2018-19,Newcastle United,Leicester City,0,2,A,1459.5,1478.0,-18.6,18,10,-8,6,6,1,1,0,2,0.4,0.6,1.2,0.4,5,1.8,2.0,1.6,0.2,5,0.5,0.8,1.2,0.3,10,1.2,1.8,2.3,0.1,10,0.6,1.2,1.4,0.2,5,0.6,1.8,3.4,0.0,5
2018-09-29,2018-19,Everton,Fulham,3,0,H,1496.2,1486.8,9.4,13,15,2,6,6,0,0,0,0,1.0,1.2,1.8,0.0,5,1.0,1.6,2.2,0.0,5,1.3,1.3,1.5,0.2,10,0.8333333333333334,1.3333333333333333,2.1666666666666665,0.0,6,1.6,1.2,1.2,0.2,5,0.3333333333333333,1.0,2.6666666666666665,0.0,3
2018-09-29,2018-19,Arsenal,Watford,2,0,H,1590.7,1462.0,128.7,7,4,-3,6,6,2,2,0,4,2.4,2.4,1.4,0.2,5,2.0,1.8,1.2,0.0,5,1.8,2.0,1.4,0.3,10,1.7,1.3,1.0,0.2,10,2.4,2.8,0.8,0.4,5,0.8,0.8,1.2,0.0,5
2018-09-29,2018-19,Huddersfield Town,Tottenham,0,2,A,1417.4,1674.2,-256.8,19,6,-13,6,6,0,2,0,2,0.4,0.6,2.2,0.2,5,1.8,2.0,1.2,0.2,5,0.4,0.4,1.8,0.2,10,2.1,2.0,1.2,0.3,10,0.2,0.0,1.4,0.2,5,1.8,1.6,1.0,0.2,5
2018-09-29,2018-19,Chelsea,Liverpool,1,1,D,1658.4,1682.9,-24.5,3,2,-1,6,6,1,1,2,4,2.6,2.2,0.8,0.4,5,3.0,2.0,0.4,0.6,5,2.3,1.7,0.8,0.5,10,2.3,2.0,0.5,0.6,10,2.6,2.2,0.8,0.4,5,2.0,1.6,1.0,0.2,5
2018-09-30,2018-19,Cardiff City,Burnley,1,2,A,1470.8,1461.9,8.9,19,17,-2,6,6,0,0,0,0,0.4,0.6,2.4,0.4,5,0.6,1.4,2.0,0.2,5,0.3333333333333333,0.5,2.3333333333333335,0.3333333333333333,6,0.6,0.9,1.8,0.3,10,0.3333333333333333,0.6666666666666666,2.6666666666666665,0.3333333333333333,3,0.4,0.6,2.2,0.2,5
2018-10-01,2018-19,Bournemouth,Crystal Palace,2,1,H,1492.8,1472.1,20.8,9,13,4,6,6,0,1,3,4,1.4,1.6,2.2,0.0,5,0.8,0.4,1.2,0.4,5,1.6,1.4,1.6,0.2,10,1.7,1.3,0.7,0.6,10,2.0,1.8,1.2,0.4,5,2.0,1.2,0.6,0.6,5
2018-10-05,2018-19,Brighton and Hove Albion,West Ham United,1,0,H,1459.8,1468.8,-9.0,15,14,-1,7,7,2,0,0,2,0.4,1.0,1.8,0.0,5,1.4,1.4,1.2,0.2,5,0.8,1.0,2.0,0.1,10,1.4,1.3,1.3,0.3,10,1.6,1.6,1.4,0.2,5,1.2,1.4,2.4,0.2,5
2018-10-06,2018-19,Burnley,Huddersfield Town,1,1,D,1475.0,1411.6,63.3,13,20,7,7,7,0,0,2,2,1.2,1.6,1.6,0.2,5,0.4,0.4,1.4,0.2,5,0.8,1.0,1.8,0.3,10,0.4,0.4,1.8,0.2,10,0.8,1.2,1.4,0.4,5,0.6,0.8,2.2,0.2,5
2018-10-06,2018-19,Crystal Palace,Wolverhampton Wanderers,0,1,A,1465.4,1522.6,-57.2,14,9,-5,7,7,0,0,0,0,0.8,0.6,1.2,0.4,5,2.2,1.2,0.4,0.6,5,1.6,1.4,0.9,0.5,10,1.7142857142857142,1.1428571428571428,0.8571428571428571,0.42857142857142855,7,1.4,1.4,0.8,0.6,5,1.3333333333333333,0.6666666666666666,1.0,0.3333333333333333,3
2018-10-06,2018-19,Leicester City,Everton,1,2,A,1490.4,1503.2,-12.8,9,11,2,7,7,1,3,0,4,1.8,2.0,1.6,0.2,5,1.0,1.4,1.6,0.2,5,1.5,2.0,1.8,0.2,10,1.3,1.5,1.5,0.2,10,1.8,1.8,1.2,0.2,5,1.0,1.4,1.8,0.2,5
2018-10-06,2018-19,Manchester United,Newcastle United,3,2,H,1629.5,1447.2,182.3,11,19,8,7,7,1,1,0,2,1.4,1.2,1.6,0.2,5,0.2,0.6,1.6,0.2,5,1.4,1.1,1.3,0.3,10,0.5,0.8,1.3,0.3,10,2.0,1.2,1.2,0.2,5,0.4,0.4,1.0,0.4,5
2018-10-06,2018-19,Tottenham,Cardiff City,1,0,H,1680.0,1457.7,222.2,4,20,16,7,7,0,0,0,0,1.8,1.8,1.0,0.4,5,0.2,0.8,2.8,0.2,5,2.1,2.0,1.2,0.3,10,0.2857142857142857,0.5714285714285714,2.2857142857142856,0.2857142857142857,7,2.4,2.4,1.4,0.4,5,0.3333333333333333,0.3333333333333333,2.0,0.3333333333333333,3
2018-10-06,2018-19,Watford,Bournemouth,0,4,A,1457.7,1499.5,-41.7,7,8,1,7,7,1,0,3,4,1.4,1.2,1.4,0.0,5,1.4,1.6,2.2,0.0,5,1.6,1.3,1.2,0.1,10,1.9,1.6,1.5,0.2,10,2.4,1.8,1.0,0.2,5,1.2,1.0,2.0,0.0,5
2018-10-07,2018-19,Liverpool,Manchester City,0,0,D,1685.1,1758.9,-73.9,2,1,-1,7,7,2,1,1,4,2.6,1.8,0.6,0.4,5,2.6,2.6,0.4,0.6,5,2.3,1.9,0.4,0.6,10,2.6,2.5,0.4,0.6,10,2.6,2.4,0.0,1.0,5,2.6,2.6,0.4,0.6,5
2018-10-07,2018-19,Southampton,Chelsea,0,3,A,1431.4,1656.3,-224.9,16,4,-12,7,7,0,4,0,4,0.8,1.0,1.8,0.2,5,2.2,1.8,0.6,0.4,5,0.9,0.8,1.3,0.3,10,2.1,1.7,0.9,0.4,10,1.0,1.0,1.2,0.2,5,2.0,1.2,0.8,0.6,5
2018-10-07,2018-19,Fulham,Arsenal,1,5,A,1479.9,1594.9,-115.0,16,6,-10,7,7,0,0,0,0,1.0,1.4,2.2,0.0,5,3.0,2.4,0.8,0.4,5,0.7142857142857143,1.1428571428571428,2.2857142857142856,0.0,7,2.1,2.1,1.2,0.4,10,1.3333333333333333,1.6666666666666667,1.6666666666666667,0.0,3,1.8,1.8,1.8,0.2,5
2018-10-20,2018-19,Bournemouth,Southampton,0,0,D,1511.1,1424.8,86.3,6,16,10,8,8,0,2,2,4,1.8,2.0,1.8,0.2,5,0.8,0.8,2.0,0.2,5,2.2,1.9,1.3,0.3,10,0.8,0.7,1.5,0.3,10,2.6,2.2,1.0,0.4,5,1.2,0.8,1.4,0.4,5
2018-10-20,2018-19,Cardiff City,Fulham,4,2,H,1455.0,1470.3,-15.3,20,17,-3,8,8,0,0,0,0,0.0,0.8,3.0,0.0,5,0.4,0.8,2.8,0.0,5,0.25,0.5,2.125,0.25,8,0.625,1.125,2.625,0.0,8,0.25,0.75,2.5,0.25,4,0.25,0.75,2.75,0.0,4
2018-10-20,2018-19,Chelsea,Manchester United,2,2,D,1662.8,1632.8,30.0,2,8,6,8,8,2,2,0,4,2.2,2.0,0.4,0.6,5,2.0,1.8,1.4,0.2,5,2.1,1.9,0.9,0.4,10,1.7,1.4,1.4,0.3,10,2.2,2.2,1.0,0.2,5,1.4,1.4,1.4,0.4,5
2018-10-20,2018-19,Huddersfield Town,Liverpool,0,1,A,1416.0,1684.3,-268.3,19,3,-16,8,8,0,2,0,2,0.4,0.6,1.6,0.0,5,2.2,1.6,0.6,0.4,5,0.4,0.5,1.9,0.1,10,2.3,1.9,0.4,0.6,10,0.2,0.0,1.4,0.2,5,2.0,1.4,0.8,0.2,5
2018-10-20,2018-19,Manchester City,Burnley,5,0,H,1759.7,1470.6,289.1,3,12,9,8,8,3,0,1,4,2.6,2.4,0.2,0.8,5,1.4,1.4,1.0,0.2,5,2.6,2.5,0.4,0.6,10,0.8,1.1,1.9,0.2,10,3.0,3.2,0.6,0.4,5,0.8,0.8,2.2,0.2,5
2018-10-20,2018-19,Newcastle United,Brighton and Hove Albion,0,1,A,1443.9,1467.3,-23.4,20,12,-8,8,8,0,1,1,2,0.2,0.8,1.8,0.2,5,1.0,1.2,1.6,0.2,5,0.5,0.9,1.4,0.3,10,0.8,1.0,2.0,0.1,10,0.6,1.2,1.6,0.2,5,0.2,0.4,2.2,0.0,5
2018-10-20,2018-19,West Ham United,Tottenham,0,1,A,1461.4,1682.7,-221.3,15,5,-10,8,8,1,2,1,4,1.4,1.2,0.8,0.2,5,1.8,1.4,1.0,0.4,5,1.1,1.1,1.4,0.2,10,2.4,2.1,1.1,0.4,10,1.4,1.4,1.0,0.2,5,2.4,2.0,0.8,0.4,5
2018-10-20,2018-19,Wolverhampton Wanderers,Watford,0,2,A,1533.8,1446.1,87.7,7,9,2,8,8,0,0,0,0,2.6,1.2,0.2,0.8,5,0.8,0.8,2.0,0.0,5,1.875,1.125,0.75,0.5,8,1.6,1.3,1.4,0.1,10,2.0,1.5,0.75,0.5,4,0.8,0.8,1.4,0.0,5
2018-10-21,2018-19,Everton,Crystal Palace,2,0,H,1515.6,1454.2,61.5,11,14,3,8,8,2,0,2,4,1.4,1.4,1.4,0.2,5,0.8,0.4,1.0,0.4,5,1.3,1.5,1.6,0.1,10,1.3,0.9,1.0,0.4,10,1.6,1.6,1.2,0.2,5,1.8,1.4,1.0,0.4,5
2018-10-22,2018-19,Arsenal,Leicester City,3,1,H,1604.5,1477.9,126.6,5,11,6,8,8,2,1,1,4,3.0,2.8,0.8,0.4,5,1.2,1.8,1.8,0.2,5,2.1,2.1,1.3,0.3,10,1.5,2.1,1.8,0.2,10,2.4,2.4,0.6,0.6,5,1.2,2.2,2.4,0.2,5
2018-10-27,2018-19,Watford,Huddersfield Town,3,0,H,1461.0,1410.5,50.5,7,19,12,9,9,0,2,0,2,0.8,0.8,1.8,0.2,5,0.2,0.4,1.6,0.0,5,1.6,1.3,1.3,0.2,10,0.3,0.4,1.9,0.1,10,1.8,1.4,1.6,0.2,5,0.6,1.0,2.4,0.0,5
2018-10-27,2018-19,Southampton,Newcastle United,0,0,D,1429.7,1431.7,-2.0,16,20,4,9,9,0,1,1,2,0.4,0.4,2.0,0.2,5,0.2,0.6,1.6,0.2,5,0.6,0.6,1.5,0.3,10,0.5,0.9,1.4,0.3,10,0.4,0.6,1.6,0.2,5,0.4,0.6,1.2,0.4,5
2018-10-27,2018-19,Liverpool,Cardiff City,4,1,H,1689.8,1462.6,227.2,2,17,15,9,9,0,0,0,0,2.2,1.4,0.4,0.6,5,0.6,1.2,2.8,0.0,5,2.6,2.0,0.3,0.7,10,0.5555555555555556,0.8888888888888888,2.111111111111111,0.2222222222222222,9,2.6,2.4,0.0,1.0,5,0.25,0.25,1.75,0.25,4
2018-10-27,2018-19,Fulham,Bournemouth,0,3,A,1462.7,1506.2,-43.5,17,7,-10,9,9,0,0,0,0,0.2,0.8,3.2,0.0,5,2.0,2.0,1.4,0.4,5,0.5555555555555556,1.2222222222222223,2.7777777777777777,0.0,9,2.0,1.8,1.3,0.3,10,1.0,1.5,2.5,0.0,4,1.8,1.6,1.6,0.2,5
2018-10-27,2018-19,Brighton and Hove Albion,Wolverhampton Wanderers,1,0,H,1479.4,1518.9,-39.5,12,9,-3,9,9,0,0,0,0,1.4,1.0,1.2,0.4,5,2.0,1.0,0.6,0.6,5,1.1,1.0,1.7,0.2,10,1.6666666666666667,1.0,0.8888888888888888,0.4444444444444444,9,2.0,1.6,1.2,0.4,5,1.75,0.75,0.75,0.5,4
2018-10-27,2018-19,Leicester City,West Ham United,1,1,D,1473.6,1454.7,18.9,12,14,2,9,9,2,1,1,4,1.2,1.8,2.0,0.2,5,1.4,1.2,0.8,0.2,5,1.2,1.9,2.0,0.2,10,1.0,1.1,1.5,0.1,10,1.8,2.0,1.2,0.2,5,1.2,1.2,1.8,0.2,5
2018-10-28,2018-19,Burnley,Chelsea,0,4,A,1468.6,1659.3,-190.6,14,3,-11,9,9,1,2,1,4,1.4,1.4,1.6,0.2,5,1.8,2.0,0.8,0.4,5,0.8,1.1,1.9,0.2,10,2.1,2.0,1.0,0.4,10,0.8,1.4,1.6,0.2,5,2.0,1.6,0.8,0.6,5
2018-10-28,2018-19,Crystal Palace,Arsenal,2,2,D,1448.5,1608.7,-160.2,15,4,-11,9,9,1,3,0,4,0.8,0.4,1.0,0.4,5,3.0,2.8,0.6,0.4,5,1.0,0.7,1.1,0.4,10,2.4,2.3,1.1,0.3,10,0.8,0.4,1.0,0.4,5,2.4,2.6,1.4,0.2,5
2018-10-28,2018-19,Manchester United,Everton,2,1,H,1636.4,1521.3,115.1,10,8,-2,9,9,2,0,2,4,1.6,1.8,1.8,0.0,5,1.8,1.6,1.2,0.4,5,1.7,1.6,1.6,0.2,10,1.5,1.6,1.5,0.2,10,2.0,1.4,1.4,0.2,5,1.0,1.4,2.0,0.0,5
2018-10-29,2018-19,Tottenham,Manchester City,0,1,A,1689.3,1761.6,-72.3,5,3,-2,9,9,1,2,1,4,2.4,1.4,0.6,0.6,5,2.6,3.0,0.0,1.0,5,2.4,2.1,1.1,0.4,10,2.6,2.7,0.3,0.7,10,2.4,2.2,1.4,0.4,5,2.2,1.8,0.2,0.8,5
2018-11-03,2018-19,Wolverhampton Wanderers,Tottenham,2,3,A,1510.6,1678.5,-167.9,10,5,-5,10,10,0,0,0,0,1.4,0.8,0.8,0.4,5,2.4,1.2,0.4,0.6,5,1.5,0.9,0.9,0.4,10,2.1,1.6,0.8,0.4,10,1.6,1.2,1.0,0.4,5,2.4,1.8,0.6,0.6,5
2018-11-03,2018-19,Arsenal,Liverpool,1,1,D,1607.0,1692.4,-85.4,5,2,-3,10,10,0,3,1,4,2.6,2.8,0.8,0.4,5,2.2,1.8,0.4,0.6,5,2.2,2.4,1.3,0.2,10,2.6,2.0,0.4,0.6,10,2.4,2.0,0.8,0.4,5,2.6,1.6,0.6,0.4,5
2018-11-03,2018-19,Bournemouth,Manchester United,1,2,A,1517.9,1640.9,-123.0,6,8,2,10,10,0,3,1,4,2.0,1.8,1.0,0.6,5,1.6,1.8,1.8,0.0,5,2.0,1.9,1.2,0.4,10,1.7,1.7,1.7,0.1,10,2.2,2.0,1.0,0.4,5,1.4,1.8,1.8,0.2,5
2018-11-03,2018-19,Cardiff City,Leicester City,0,1,A,1460.0,1470.3,-10.3,17,12,-5,10,10,0,0,0,0,0.6,1.2,2.8,0.0,5,1.4,1.6,1.4,0.2,5,0.5,0.9,2.3,0.2,10,1.3,1.6,1.6,0.2,10,0.8,1.4,2.4,0.2,5,1.2,1.6,2.0,0.2,5
2018-11-03,2018-19,Everton,Brighton and Hove Albion,3,1,H,1516.8,1487.7,29.1,10,12,2,10,10,1,0,1,2,1.8,1.6,1.0,0.4,5,1.8,0.8,0.8,0.6,5,1.5,1.6,1.4,0.2,10,1.4,1.1,1.3,0.3,10,2.0,1.8,1.0,0.4,5,0.8,0.6,1.4,0.2,5
2018-11-03,2018-19,Newcastle United,Watford,1,0,H,1434.5,1466.9,-32.5,19,8,-11,10,10,0,2,0,2,0.4,0.4,1.2,0.4,5,1.4,1.2,1.4,0.4,5,0.3,0.6,1.4,0.3,10,1.9,1.6,1.2,0.3,10,0.0,0.6,1.8,0.0,5,1.4,1.2,1.0,0.2,5
2018-11-03,2018-19,West Ham United,Burnley,4,2,H,1458.0,1461.2,-3.2,13,15,2,10,10,2,1,1,4,1.0,0.8,0.8,0.2,5,1.4,1.4,2.2,0.2,5,0.8,0.9,1.5,0.1,10,0.8,1.0,2.1,0.2,10,0.8,0.8,1.0,0.2,5,0.8,0.8,2.2,0.2,5
2018-11-04,2018-19,Manchester City,Southampton,6,1,H,1772.4,1427.0,345.4,2,16,14,10,10,3,0,1,4,2.6,2.6,0.0,1.0,5,0.4,0.0,1.6,0.4,5,2.6,2.7,0.3,0.7,10,0.7,0.6,1.4,0.4,10,3.0,3.6,0.4,0.6,5,0.8,0.6,1.4,0.4,5
2018-11-04,2018-19,Chelsea,Crystal Palace,3,1,H,1666.7,1450.2,216.5,3,14,11,10,10,2,2,0,4,1.8,2.0,0.6,0.6,5,0.4,0.6,1.4,0.2,5,2.4,2.4,0.7,0.5,10,0.8,0.7,1.3,0.3,10,2.2,2.4,1.2,0.2,5,1.2,1.0,1.2,0.4,5
2018-11-05,2018-19,Huddersfield Town,Fulham,1,0,H,1404.6,1451.1,-46.5,20,19,-1,10,10,0,0,0,0,0.2,0.4,2.0,0.0,5,0.2,0.8,3.2,0.0,5,0.3,0.4,2.1,0.1,10,0.5,1.1,2.8,0.0,10,0.2,0.0,1.4,0.2,5,0.2,1.0,3.0,0.0,5
2018-11-10,2018-19,Cardiff City,Brighton and Hove Albion,2,1,H,1447.5,1481.3,-33.8,19,12,-7,11,11,0,0,0,0,0.6,1.2,2.0,0.0,5,1.8,0.8,1.0,0.6,5,0.5,0.9,2.2,0.2,10,1.4,1.2,1.4,0.3,10,0.6,1.4,2.6,0.0,5,0.8,0.8,1.6,0.2,5
2018-11-10,2018-19,Crystal Palace,Tottenham,0,1,A,1447.5,1686.6,-239.2,14,4,-10,11,11,0,4,0,4,0.2,0.8,2.0,0.0,5,2.4,1.4,0.6,0.6,5,0.5,0.6,1.6,0.2,10,2.1,1.7,0.9,0.4,10,0.4,0.4,1.4,0.2,5,2.4,1.8,1.0,0.4,5
2018-11-10,2018-19,Huddersfield Town,West Ham United,1,1,D,1413.0,1465.3,-52.3,19,13,-6,11,11,0,2,0,2,0.8,0.4,1.4,0.2,5,1.4,1.6,1.2,0.0,5,0.6,0.5,1.8,0.2,10,1.1,1.3,1.3,0.1,10,0.8,0.2,0.8,0.4,5,0.8,1.0,2.0,0.0,5
2018-11-10,2018-19,Leicester City,Burnley,0,0,D,1482.9,1453.9,28.9,10,15,5,11,11,2,2,0,4,1.4,1.2,1.2,0.4,5,0.8,1.0,3.0,0.0,5,1.6,1.6,1.4,0.3,10,0.7,1.2,2.5,0.1,10,1.4,1.6,1.2,0.2,5,0.6,1.2,3.0,0.0,5
2018-11-10,2018-19,Newcastle United,Bournemouth,2,1,H,1442.6,1508.5,-66.0,19,6,-13,11,11,0,1,1,2,0.8,0.6,1.2,0.4,5,2.0,2.0,0.6,0.6,5,0.6,0.6,1.2,0.4,10,1.7,1.8,1.4,0.3,10,0.6,0.6,1.4,0.2,5,1.8,1.8,1.4,0.4,5
2018-11-10,2018-19,Southampton,Watford,1,1,D,1425.5,1458.9,-33.3,18,8,-10,11,11,1,1,2,4,0.4,0.2,2.2,0.4,5,1.2,1.0,1.4,0.4,5,0.6,0.7,2.0,0.3,10,1.6,1.4,1.3,0.2,10,0.6,0.6,1.4,0.4,5,1.4,1.2,1.0,0.2,5
2018-11-11,2018-19,Arsenal,Wolverhampton Wanderers,1,1,D,1606.6,1502.5,104.1,5,11,6,11,11,0,0,0,0,2.2,2.6,1.0,0.2,5,1.2,1.0,1.2,0.4,5,2.3,2.5,1.2,0.2,10,1.4,0.9,1.0,0.4,10,2.6,2.2,0.6,0.4,5,1.4,0.6,0.8,0.4,5
2018-11-11,2018-19,Chelsea,Everton,0,0,D,1669.5,1523.3,146.2,2,9,7,11,11,3,0,1,4,2.2,2.6,0.8,0.4,5,2.4,2.2,0.8,0.4,5,2.4,2.4,0.8,0.4,10,1.7,1.7,1.3,0.2,10,2.2,2.4,1.0,0.2,5,1.0,1.4,1.8,0.0,5
2018-11-11,2018-19,Liverpool,Fulham,2,0,H,1692.9,1442.6,250.2,3,20,17,11,11,0,0,0,0,1.8,1.4,0.6,0.4,5,0.0,0.6,3.2,0.0,5,2.4,1.7,0.5,0.5,10,0.5,1.1,2.7,0.0,10,2.6,2.4,0.2,0.8,5,0.2,0.8,2.6,0.0,5
2018-11-11,2018-19,Manchester City,Manchester United,3,1,H,1773.8,1650.2,123.6,2,8,6,11,11,2,1,1,4,2.6,2.8,0.2,0.8,5,2.0,2.0,1.8,0.0,5,2.6,3.1,0.4,0.6,10,1.7,1.7,1.7,0.1,10,3.0,3.6,0.4,0.6,5,2.0,1.8,1.4,0.2,5
2018-11-24,2018-19,Tottenham,Chelsea,3,1,H,1692.8,1663.4,29.4,4,3,-1,12,12,2,2,0,4,2.4,1.2,0.6,0.6,5,2.2,2.4,0.6,0.6,5,2.1,1.5,0.8,0.5,10,2.2,2.1,0.6,0.5,10,1.8,2.0,1.6,0.2,5,2.6,2.4,0.2,0.8,5
2018-11-24,2018-19,Watford,Liverpool,0,3,A,1460.8,1695.2,-234.5,7,2,-5,12,12,0,3,1,4,1.4,1.2,1.2,0.4,5,2.2,1.6,0.4,0.6,5,1.4,1.2,1.3,0.2,10,2.4,1.7,0.5,0.5,10,1.8,1.6,1.6,0.2,5,2.2,1.4,0.8,0.2,5
2018-11-24,2018-19,West Ham United,Manchester City,0,4,A,1466.7,1778.2,-311.5,13,2,-11,12,12,0,4,0,4,1.0,1.2,1.2,0.0,5,2.6,3.0,0.4,0.6,5,1.2,1.3,1.2,0.1,10,2.6,2.8,0.4,0.6,10,1.4,1.4,1.0,0.2,5,2.2,1.8,0.2,0.8,5
2018-11-24,2018-19,Manchester United,Crystal Palace,0,0,D,1645.9,1441.3,204.6,8,16,8,12,12,4,0,0,4,2.0,2.0,1.8,0.0,5,0.2,0.6,1.8,0.0,5,1.7,1.6,1.7,0.1,10,0.5,0.6,1.5,0.2,10,2.0,1.6,1.6,0.0,5,0.6,0.8,1.8,0.2,5
2018-11-24,2018-19,Everton,Cardiff City,1,0,H,1529.4,1455.6,73.8,9,18,9,12,12,0,0,0,0,2.0,1.6,0.8,0.4,5,1.2,1.4,1.8,0.0,5,1.5,1.5,1.2,0.3,10,0.7,1.1,2.3,0.1,10,2.0,2.0,1.0,0.4,5,0.2,0.4,2.2,0.2,5
2018-11-24,2018-19,Fulham,Southampton,3,2,H,1440.3,1423.6,16.6,20,17,-3,12,12,0,0,0,0,0.0,0.6,3.0,0.0,5,0.6,0.4,2.0,0.4,5,0.5,1.0,2.6,0.0,10,0.7,0.7,1.9,0.3,10,0.8,1.2,2.6,0.0,5,0.8,0.6,2.2,0.4,5
2018-11-24,2018-19,Brighton and Hove Albion,Leicester City,1,1,D,1473.1,1479.3,-6.2,12,10,-2,12,12,0,2,0,2,1.8,1.0,1.0,0.6,5,1.0,0.8,1.2,0.4,5,1.1,1.0,1.4,0.3,10,1.4,1.4,1.4,0.3,10,2.0,1.6,1.2,0.4,5,1.8,1.6,1.6,0.4,5
2018-11-25,2018-19,Bournemouth,Arsenal,1,2,A,1499.5,1601.3,-101.8,8,5,-3,12,12,1,2,1,4,1.4,1.8,0.8,0.6,5,1.8,2.4,1.2,0.0,5,1.4,1.7,1.5,0.3,10,2.4,2.4,1.0,0.2,10,1.6,1.8,1.4,0.2,5,2.0,2.8,1.8,0.0,5
2018-11-25,2018-19,Wolverhampton Wanderers,Huddersfield Town,0,2,A,1507.8,1411.7,96.1,11,20,9,12,12,0,0,0,0,0.8,0.8,1.4,0.2,5,1.0,0.6,1.2,0.2,5,1.5,1.0,0.9,0.4,10,0.7,0.5,1.3,0.2,10,1.4,1.2,1.2,0.4,5,0.4,0.8,2.8,0.0,5
2018-11-26,2018-19,Burnley,Newcastle United,1,2,A,1457.5,1451.6,5.9,17,15,-2,12,12,1,0,1,2,0.4,0.6,2.8,0.2,5,1.4,1.0,1.0,0.4,5,0.8,1.1,2.2,0.2,10,0.8,0.8,1.3,0.3,10,0.8,1.2,2.0,0.2,5,0.6,0.6,1.0,0.6,5
2018-11-30,2018-19,Cardiff City,Wolverhampton Wanderers,2,1,H,1450.2,1492.7,-42.5,19,11,-8,13,13,0,0,0,0,1.2,1.4,1.8,0.0,5,0.2,0.6,1.8,0.0,5,0.6,1.1,2.4,0.0,10,1.4,0.9,1.0,0.4,10,1.2,1.4,2.2,0.0,5,1.6,0.8,0.6,0.4,5
2018-12-01,2018-19,Crystal Palace,Burnley,2,0,H,1448.3,1444.5,3.8,17,18,1,13,13,1,3,0,4,0.4,0.6,1.6,0.2,5,0.2,0.6,3.0,0.2,5,0.6,0.5,1.3,0.3,10,0.8,1.0,2.0,0.2,10,0.4,0.4,1.2,0.2,5,0.8,0.8,2.2,0.2,5
2018-12-01,2018-19,Huddersfield Town,Brighton and Hove Albion,1,2,A,1426.8,1470.5,-43.7,17,12,-5,13,13,1,0,1,2,1.4,0.8,1.0,0.4,5,1.4,1.0,1.2,0.4,5,0.9,0.7,1.3,0.2,10,1.2,1.1,1.4,0.3,10,0.8,0.4,1.0,0.2,5,0.8,1.0,1.8,0.2,5
2018-12-01,2018-19,Leicester City,Watford,2,0,H,1481.9,1454.4,27.5,10,9,-1,13,13,2,2,0,4,1.2,0.8,1.0,0.4,5,1.4,1.2,1.0,0.4,5,1.2,1.3,1.4,0.3,10,1.1,1.0,1.5,0.2,10,1.0,1.2,1.2,0.2,5,1.0,0.8,1.0,0.2,5
2018-12-01,2018-19,Manchester City,Bournemouth,3,1,H,1782.7,1489.5,293.2,1,9,8,13,13,4,0,0,4,3.0,3.8,0.4,0.6,5,0.8,1.2,1.2,0.4,5,2.8,3.1,0.3,0.7,10,1.3,1.6,1.5,0.3,10,3.0,3.8,0.4,0.6,5,1.2,1.6,1.6,0.4,5
2018-12-01,2018-19,Newcastle United,West Ham United,0,3,A,1464.5,1462.1,2.4,13,15,2,13,13,2,0,0,2,2.0,1.0,0.6,0.4,5,1.0,1.2,1.8,0.0,5,1.1,0.9,1.2,0.3,10,1.2,1.2,1.3,0.1,10,1.2,0.8,1.2,0.2,5,1.0,1.2,1.4,0.0,5
2018-12-01,2018-19,Southampton,Manchester United,2,2,D,1416.9,1638.9,-222.0,19,8,-11,13,13,0,2,2,4,0.6,0.8,2.0,0.4,5,1.6,1.4,1.4,0.2,5,0.7,0.8,2.0,0.3,10,1.8,1.6,1.4,0.2,10,0.6,0.8,1.6,0.2,5,1.4,1.6,2.0,0.0,5
2018-12-02,2018-19,Liverpool,Everton,1,0,H,1701.5,1534.7,166.8,2,6,4,13,13,2,0,2,4,2.6,2.2,0.4,0.6,5,2.0,1.4,0.6,0.6,5,2.4,1.9,0.5,0.5,10,1.7,1.4,1.0,0.4,10,2.6,2.0,0.2,0.8,5,1.0,1.0,1.4,0.2,5
2018-12-02,2018-19,Chelsea,Fulham,2,0,H,1657.0,1447.0,209.9,4,20,16,13,13,0,0,0,0,1.6,2.0,1.2,0.4,5,0.6,1.0,2.4,0.0,5,1.9,2.0,0.8,0.5,10,0.5,0.9,2.6,0.0,10,1.8,2.0,1.0,0.2,5,0.0,0.4,2.6,0.0,5
2018-12-02,2018-19,Arsenal,Tottenham,4,2,H,1611.3,1699.2,-88.0,5,4,-1,13,13,1,2,1,4,1.8,1.8,1.2,0.0,5,2.4,1.6,0.8,0.4,5,2.4,2.3,1.0,0.2,10,2.1,1.5,0.9,0.4,10,2.2,1.8,0.6,0.4,5,3.0,1.8,0.6,0.6,5
2018-12-04,2018-19,Bournemouth,Huddersfield Town,2,1,H,1487.7,1415.2,72.5,9,17,8,14,14,1,1,0,2,0.6,1.4,1.8,0.2,5,1.4,1.0,1.2,0.4,5,1.3,1.7,1.6,0.3,10,0.8,0.7,1.4,0.2,10,1.4,1.6,1.4,0.2,5,1.0,1.0,1.6,0.2,5
2018-12-04,2018-19,Brighton and Hove Albion,Crystal Palace,3,1,H,1482.1,1455.4,26.7,11,14,3,14,14,0,1,1,2,1.4,1.2,1.4,0.2,5,1.0,1.0,1.2,0.4,5,1.4,1.1,1.3,0.3,10,0.9,0.7,1.1,0.4,10,1.6,1.2,1.0,0.4,5,0.8,0.6,1.4,0.4,5
2018-12-04,2018-19,Watford,Manchester City,1,2,A,1448.0,1784.6,-336.7,11,1,-10,14,14,0,4,0,4,0.8,0.8,1.4,0.2,5,3.0,3.4,0.6,0.4,5,0.8,0.8,1.6,0.2,10,2.8,3.2,0.3,0.7,10,1.2,1.2,2.0,0.2,5,2.2,2.2,0.2,0.8,5
2018-12-04,2018-19,West Ham United,Cardiff City,3,1,H,1475.0,1458.6,16.4,13,16,3,14,14,0,0,0,0,1.6,1.8,1.6,0.2,5,1.2,1.0,1.6,0.0,5,1.5,1.5,1.2,0.2,10,0.9,1.1,2.2,0.0,10,1.4,1.4,1.6,0.2,5,0.2,0.4,2.0,0.2,5
2018-12-05,2018-19,Burnley,Liverpool,1,3,A,1437.4,1705.1,-267.7,19,2,-17,14,14,1,2,1,4,0.2,0.6,2.4,0.2,5,2.6,2.2,0.4,0.6,5,0.8,1.0,2.0,0.2,10,2.4,1.8,0.4,0.6,10,0.8,1.2,1.8,0.2,5,2.2,1.6,0.6,0.4,5
2018-12-05,2018-19,Everton,Newcastle United,1,1,D,1531.2,1451.7,79.5,7,14,7,14,14,2,0,0,2,1.4,1.0,0.8,0.4,5,2.0,1.0,1.0,0.4,5,1.6,1.3,1.0,0.4,10,1.1,0.8,1.3,0.3,10,2.4,2.0,0.8,0.6,5,1.0,1.0,1.2,0.4,5
2018-12-05,2018-19,Fulham,Leicester City,1,1,D,1444.2,1488.4,-44.3,20,9,-11,14,14,0,0,0,0,0.6,0.6,2.0,0.0,5,1.8,1.0,0.4,0.6,5,0.4,0.7,2.6,0.0,10,1.5,1.4,1.2,0.4,10,1.4,1.8,2.6,0.0,5,1.4,1.4,1.6,0.4,5
2018-12-05,2018-19,Manchester United,Arsenal,2,2,D,1635.5,1620.9,14.6,9,4,-5,14,14,2,1,1,4,1.6,1.4,1.4,0.2,5,1.8,2.0,1.4,0.0,5,1.6,1.6,1.6,0.1,10,2.4,2.4,1.0,0.2,10,1.6,1.2,1.4,0.2,5,2.6,2.8,1.4,0.0,5
2018-12-05,2018-19,Tottenham,Southampton,3,1,H,1689.6,1420.3,269.3,5,18,13,14,14,3,0,1,4,1.8,1.8,1.6,0.2,5,0.6,1.2,2.4,0.2,5,2.1,1.6,1.1,0.4,10,0.5,0.8,2.2,0.2,10,1.8,1.6,1.0,0.2,5,0.2,0.6,2.8,0.2,5
2018-12-05,2018-19,Wolverhampton Wanderers,Chelsea,2,1,H,1484.4,1659.8,-175.5,13,4,-9,14,14,0,0,0,0,0.2,0.8,1.8,0.0,5,2.0,2.0,0.8,0.6,5,1.1,0.9,1.2,0.3,10,1.9,2.0,0.8,0.5,10,1.2,1.0,1.4,0.4,5,2.0,2.0,0.8,0.6,5
2018-12-08,2018-19,Manchester United,Fulham,4,1,H,1632.3,1442.6,189.7,8,20,12,15,15,0,0,0,0,1.2,1.4,1.6,0.2,5,0.8,0.8,1.6,0.0,5,1.4,1.6,1.7,0.1,10,0.5,0.8,2.4,0.0,10,1.8,1.6,1.2,0.2,5,0.0,0.4,2.4,0.0,5
2018-12-08,2018-19,Leicester City,Tottenham,0,2,A,1490.0,1691.7,-201.7,9,3,-6,15,15,1,2,1,4,1.8,1.0,0.4,0.6,5,2.4,2.4,1.6,0.2,5,1.6,1.3,0.9,0.4,10,2.4,1.8,1.0,0.4,10,1.6,1.4,0.8,0.4,5,2.4,1.8,1.2,0.6,5
2018-12-08,2018-19,Chelsea,Manchester City,2,0,H,1647.7,1788.7,-141.0,4,1,-3,15,15,2,2,0,4,1.4,1.4,1.2,0.4,5,3.0,3.6,0.8,0.2,5,1.6,1.7,0.9,0.5,10,2.8,3.1,0.4,0.6,10,1.8,1.6,0.8,0.4,5,2.6,2.4,0.2,0.8,5
2018-12-08,2018-19,West Ham United,Crystal Palace,3,2,H,1481.7,1448.9,32.8,13,15,2,15,15,2,0,2,4,2.0,2.2,1.6,0.2,5,0.8,0.8,1.4,0.4,5,1.5,1.5,1.2,0.2,10,0.6,0.7,1.4,0.3,10,1.8,2.0,1.8,0.0,5,0.2,0.6,2.0,0.2,5
2018-12-08,2018-19,Cardiff City,Southampton,1,0,H,1451.8,1418.1,33.7,16,18,2,15,15,0,0,0,0,1.2,1.0,1.4,0.0,5,0.4,1.4,3.0,0.0,5,0.9,1.1,2.1,0.0,10,0.4,0.7,2.3,0.2,10,1.8,1.8,1.4,0.0,5,0.2,0.8,2.8,0.2,5
2018-12-08,2018-19,Bournemouth,Liverpool,0,4,A,1493.1,1710.6,-217.5,8,2,-6,15,15,1,2,1,4,0.6,1.2,2.0,0.0,5,2.6,2.0,0.4,0.6,5,1.3,1.5,1.5,0.3,10,2.4,1.9,0.4,0.6,10,1.4,1.2,1.2,0.2,5,2.2,1.8,0.6,0.4,5
2018-12-08,2018-19,Arsenal,Huddersfield Town,1,0,H,1624.1,1409.8,214.3,5,17,12,15,15,2,0,0,2,1.8,2.0,1.4,0.0,5,1.4,1.2,1.0,0.4,5,2.2,2.4,1.1,0.2,10,0.8,0.8,1.5,0.2,10,2.2,2.2,1.0,0.2,5,0.8,1.0,1.8,0.2,5
2018-12-08,2018-19,Burnley,Brighton and Hove Albion,1,0,H,1431.9,1488.6,-56.7,19,11,-8,15,15,0,0,2,2,0.2,0.8,2.2,0.2,5,1.4,1.6,1.6,0.0,5,0.8,1.1,2.2,0.2,10,1.6,1.2,1.2,0.3,10,0.8,1.4,2.0,0.2,5,1.2,1.0,1.6,0.2,5
2018-12-09,2018-19,Newcastle United,Wolverhampton Wanderers,1,2,A,1456.4,1496.5,-40.1,15,13,-2,15,15,0,0,0,0,2.0,1.2,1.2,0.2,5,0.8,1.2,1.8,0.0,5,1.2,0.8,1.2,0.3,10,1.1,1.0,1.3,0.2,10,1.2,0.6,1.4,0.2,5,1.0,0.8,1.0,0.2,5
2018-12-10,2018-19,Everton,Watford,2,2,D,1526.4,1443.9,82.6,7,13,6,15,15,2,2,0,4,1.6,1.0,0.6,0.4,5,0.2,0.4,1.8,0.0,5,1.7,1.3,0.8,0.4,10,0.8,0.8,1.6,0.2,10,2.6,2.0,0.4,0.6,5,0.8,0.6,1.2,0.2,5
2018-12-15,2018-19,Crystal Palace,Leicester City,1,0,H,1442.5,1482.9,-40.3,16,9,-7,16,16,2,1,1,4,0.8,1.0,1.4,0.4,5,1.2,0.8,0.8,0.4,5,0.5,0.9,1.7,0.2,10,1.3,1.0,1.0,0.4,10,1.0,0.8,0.8,0.4,5,1.6,1.2,1.0,0.4,5
2018-12-15,2018-19,Fulham,West Ham United,0,2,A,1439.4,1488.1,-48.7,20,11,-9,16,16,0,0,0,0,0.8,1.0,2.2,0.0,5,2.0,2.0,1.6,0.2,5,0.4,0.8,2.7,0.0,10,1.7,1.8,1.4,0.1,10,1.0,1.2,2.4,0.0,5,1.6,1.6,0.8,0.2,5
2018-12-15,2018-19,Huddersfield Town,Newcastle United,0,1,A,1407.0,1444.7,-37.7,18,16,-2,16,16,1,1,0,2,0.8,1.0,1.2,0.2,5,1.4,1.2,1.6,0.0,5,0.8,0.7,1.3,0.2,10,1.1,0.9,1.4,0.2,10,0.8,0.6,1.2,0.2,5,1.2,1.0,1.0,0.4,5
2018-12-15,2018-19,Manchester City,Everton,3,1,H,1777.5,1521.6,255.9,2,7,5,16,16,1,1,2,4,2.4,2.4,1.0,0.2,5,1.2,0.8,0.8,0.4,5,2.5,2.6,0.6,0.5,10,1.8,1.5,0.8,0.4,10,3.0,3.8,0.6,0.4,5,0.8,0.6,1.2,0.2,5
2018-12-15,2018-19,Tottenham,Burnley,1,0,H,1698.9,1440.6,258.2,3,17,14,16,16,3,0,1,4,2.4,2.2,1.2,0.4,5,0.8,0.6,1.4,0.4,5,2.4,1.8,0.9,0.5,10,0.8,0.8,2.2,0.2,10,1.8,1.6,1.0,0.2,5,0.8,0.8,2.4,0.2,5
2018-12-15,2018-19,Watford,Cardiff City,3,2,H,1448.7,1458.1,-9.4,12,16,4,16,16,0,0,0,0,0.4,0.8,2.0,0.0,5,1.8,1.2,1.2,0.2,5,0.8,0.9,1.7,0.2,10,1.2,1.2,1.6,0.1,10,0.6,1.0,2.2,0.2,5,0.0,0.6,2.6,0.0,5
2018-12-15,2018-19,Wolverhampton Wanderers,Bournemouth,2,0,H,1508.2,1486.3,21.9,12,10,-2,16,16,0,0,0,0,1.4,1.2,1.4,0.0,5,0.6,1.0,2.4,0.0,5,1.3,1.1,1.3,0.2,10,1.3,1.5,1.5,0.3,10,1.2,1.2,1.6,0.2,5,1.2,1.8,1.8,0.4,5
2018-12-16,2018-19,Liverpool,Manchester United,3,1,H,1717.3,1635.5,81.9,2,6,4,16,16,0,1,3,4,3.0,2.6,0.2,0.8,5,1.2,1.8,1.6,0.2,5,2.4,2.0,0.4,0.6,10,1.6,1.9,1.7,0.1,10,2.6,2.0,0.2,0.8,5,1.0,1.6,2.2,0.0,5
2018-12-16,2018-19,Southampton,Arsenal,3,2,H,1411.8,1626.9,-215.1,19,5,-14,16,16,0,3,1,4,0.4,1.2,2.0,0.0,5,2.2,2.0,1.2,0.2,5,0.4,0.7,2.1,0.2,10,2.2,2.3,1.1,0.2,10,0.8,1.0,1.6,0.2,5,2.2,2.6,1.4,0.0,5
2018-12-16,2018-19,Brighton and Hove Albion,Chelsea,1,2,A,1479.9,1658.9,-179.0,13,4,-9,16,16,0,2,0,2,1.4,1.4,1.2,0.0,5,1.4,1.2,1.0,0.6,5,1.6,1.1,1.1,0.3,10,1.8,1.9,0.9,0.5,10,2.0,1.4,0.8,0.4,5,1.4,1.8,1.0,0.6,5
2018-12-21,2018-19,Wolverhampton Wanderers,Liverpool,0,2,A,1514.8,1722.5,-207.7,7,1,-6,17,17,0,0,0,0,1.8,1.4,1.2,0.2,5,3.0,2.8,0.4,0.6,5,1.3,1.1,1.3,0.2,10,2.6,2.2,0.4,0.6,10,1.2,1.2,1.6,0.2,5,2.6,2.4,0.4,0.6,5
2018-12-22,2018-19,Arsenal,Burnley,3,1,H,1613.7,1438.4,175.3,5,18,13,17,17,4,0,0,4,2.0,2.2,1.6,0.2,5,0.6,0.6,1.6,0.2,5,1.9,2.3,1.4,0.1,10,0.5,0.6,2.2,0.2,10,2.2,2.0,1.0,0.2,5,0.2,0.4,2.4,0.2,5
2018-12-22,2018-19,Bournemouth,Brighton and Hove Albion,2,0,H,1479.7,1472.1,7.6,11,13,2,17,17,1,0,1,2,0.6,0.8,2.4,0.0,5,1.4,1.4,1.2,0.0,5,1.0,1.3,1.6,0.3,10,1.6,1.2,1.1,0.3,10,0.8,0.8,1.8,0.2,5,1.2,1.0,1.4,0.2,5
2018-12-22,2018-19,Cardiff City,Manchester United,1,5,A,1450.7,1630.3,-179.6,16,6,-10,17,17,0,0,0,0,1.2,1.2,1.6,0.2,5,1.2,1.8,1.6,0.2,5,1.2,1.3,1.7,0.1,10,1.6,1.9,1.7,0.1,10,2.4,1.8,1.0,0.2,5,1.0,1.6,2.2,0.0,5
2018-12-22,2018-19,Chelsea,Leicester City,0,1,A,1666.6,1474.6,192.1,4,12,8,17,17,3,0,1,4,1.8,1.6,1.2,0.4,5,1.0,0.8,1.0,0.2,5,2.0,2.0,0.9,0.5,10,1.0,0.8,1.1,0.3,10,2.2,1.8,0.6,0.6,5,1.0,0.8,1.2,0.2,5
2018-12-22,2018-19,Huddersfield Town,Southampton,1,3,A,1395.2,1425.0,-29.8,19,17,-2,17,17,0,0,2,2,0.6,0.8,1.2,0.2,5,0.8,1.6,2.2,0.0,5,0.8,0.7,1.2,0.2,10,0.7,1.0,2.1,0.2,10,0.8,0.6,1.0,0.2,5,0.2,0.8,2.6,0.2,5
2018-12-22,2018-19,Manchester City,Crystal Palace,2,3,A,1779.8,1450.8,329.0,2,15,13,17,17,3,0,1,4,2.4,2.4,1.0,0.2,5,1.4,1.2,1.2,0.6,5,2.5,2.7,0.7,0.4,10,0.8,0.9,1.5,0.3,10,3.0,4.0,0.8,0.2,5,0.2,0.8,2.2,0.2,5
2018-12-22,2018-19,Newcastle United,Fulham,0,0,D,1456.5,1427.9,28.5,15,20,5,17,17,0,0,0,0,1.4,1.0,1.4,0.2,5,0.8,1.0,2.2,0.0,5,1.4,1.0,1.2,0.3,10,0.4,0.8,2.6,0.0,10,1.2,0.8,1.4,0.2,5,0.0,0.6,2.6,0.0,5
2018-12-22,2018-19,West Ham United,Watford,0,2,A,1499.6,1456.1,43.4,11,12,1,17,17,1,2,1,4,2.4,2.2,1.4,0.4,5,0.8,1.2,2.2,0.0,5,1.7,1.7,1.3,0.2,10,1.1,1.2,1.7,0.2,10,1.8,2.0,2.0,0.0,5,1.0,1.0,1.2,0.2,5
2018-12-23,2018-19,Everton,Tottenham,2,6,A,1519.3,1701.1,-181.8,11,3,-8,17,17,0,3,1,4,1.0,1.0,1.4,0.2,5,2.4,2.2,1.2,0.4,5,1.5,1.3,1.1,0.3,10,2.4,1.7,0.9,0.5,10,2.2,1.8,0.8,0.4,5,2.4,1.8,1.2,0.6,5
2018-12-26,2018-19,Liverpool,Newcastle United,4,0,H,1729.5,1452.9,276.6,1,15,14,18,18,1,0,1,2,3.0,2.6,0.4,0.6,5,1.0,0.6,1.2,0.4,5,2.8,2.4,0.4,0.6,10,1.5,0.8,0.9,0.4,10,2.6,2.0,0.4,0.6,5,1.6,1.2,1.0,0.4,5
2018-12-26,2018-19,Watford,Chelsea,1,2,A,1470.1,1649.8,-179.7,7,4,-3,18,18,1,3,0,4,1.4,1.6,1.6,0.2,5,1.8,1.4,0.8,0.4,5,1.4,1.4,1.3,0.3,10,1.7,1.7,1.0,0.4,10,1.2,1.4,2.2,0.2,5,1.8,2.2,1.2,0.4,5
2018-12-26,2018-19,Tottenham,Bournemouth,5,0,H,1708.8,1486.7,222.1,3,8,5,18,18,3,0,1,4,2.4,2.8,1.4,0.4,5,1.2,1.0,2.0,0.2,5,2.4,2.2,1.1,0.4,10,1.0,1.1,1.6,0.3,10,2.4,1.6,0.6,0.4,5,1.2,1.8,1.4,0.4,5
2018-12-26,2018-19,Leicester City,Manchester City,2,1,H,1491.4,1761.4,-269.9,9,3,-6,18,18,1,3,0,4,1.4,0.8,0.8,0.4,5,1.8,2.0,1.6,0.0,5,1.3,0.8,0.9,0.4,10,2.4,2.9,1.0,0.3,10,1.0,0.8,1.0,0.4,5,2.0,1.4,0.6,0.6,5
2018-12-26,2018-19,Manchester United,Huddersfield Town,3,1,H,1638.0,1383.2,254.8,6,19,13,18,18,1,1,0,2,1.6,2.8,1.8,0.0,5,0.0,0.6,1.8,0.0,5,1.6,2.1,1.6,0.1,10,0.7,0.7,1.4,0.2,10,2.2,2.2,1.2,0.2,5,0.8,0.8,1.4,0.2,5
2018-12-26,2018-19,Crystal Palace,Cardiff City,0,0,D,1469.3,1442.9,26.3,14,17,3,18,18,0,0,0,0,1.8,1.8,1.6,0.4,5,1.2,1.4,2.4,0.2,5,1.1,1.2,1.6,0.3,10,1.2,1.4,2.1,0.1,10,1.4,1.0,0.8,0.4,5,0.0,0.8,2.4,0.0,5
2018-12-26,2018-19,Brighton and Hove Albion,Arsenal,1,1,D,1465.1,1617.1,-152.0,13,5,-8,18,18,1,1,0,2,1.2,1.2,1.4,0.0,5,2.0,2.4,1.6,0.2,5,1.3,1.1,1.3,0.2,10,1.9,2.1,1.4,0.1,10,2.0,1.4,0.8,0.4,5,1.6,2.6,1.8,0.0,5
2018-12-26,2018-19,Fulham,Wolverhampton Wanderers,1,1,D,1431.5,1507.8,-76.4,20,10,-10,18,18,0,0,0,0,0.4,0.4,1.8,0.2,5,1.8,1.4,1.2,0.2,5,0.5,0.7,2.1,0.1,10,1.0,1.0,1.5,0.1,10,0.8,1.0,2.6,0.0,5,1.4,1.0,1.0,0.2,5
2018-12-26,2018-19,Burnley,Everton,1,5,A,1435.0,1511.7,-76.7,18,11,-7,18,18,3,1,0,4,0.6,0.6,1.8,0.2,5,0.4,1.2,2.6,0.0,5,0.4,0.6,2.4,0.2,10,1.2,1.3,1.6,0.3,10,0.8,0.8,2.0,0.2,5,0.8,0.8,1.4,0.2,5
2018-12-27,2018-19,Southampton,West Ham United,1,2,A,1437.0,1485.6,-48.7,16,12,-4,18,18,2,2,0,4,1.4,1.8,1.8,0.0,5,2.4,2.2,1.0,0.4,5,1.0,1.3,1.9,0.2,10,1.7,1.7,1.4,0.2,10,1.2,1.2,1.6,0.2,5,1.6,1.4,0.6,0.4,5
2018-12-29,2018-19,Brighton and Hove Albion,Everton,1,0,H,1466.6,1522.3,-55.7,13,8,-5,19,19,0,2,1,3,0.8,1.0,1.4,0.0,5,1.0,2.2,2.6,0.0,5,1.1,1.1,1.4,0.1,10,1.2,1.6,1.7,0.2,10,1.6,1.4,1.0,0.2,5,0.8,1.4,1.4,0.2,5
2018-12-29,2018-19,Fulham,Huddersfield Town,1,0,H,1430.8,1380.9,49.9,19,20,1,19,19,0,1,0,1,0.6,0.6,1.6,0.2,5,0.0,0.6,2.0,0.0,5,0.6,0.6,1.8,0.1,10,0.7,0.8,1.6,0.2,10,1.0,1.0,1.8,0.0,5,0.6,0.8,1.8,0.2,5
2018-12-29,2018-19,Leicester City,Cardiff City,0,1,A,1506.0,1446.4,59.5,7,17,10,19,19,1,0,0,1,1.4,0.8,1.0,0.2,5,0.8,1.0,2.2,0.4,5,1.6,0.9,0.7,0.4,10,1.0,1.0,1.9,0.2,10,1.6,1.0,0.8,0.4,5,0.2,0.8,2.2,0.2,5
2018-12-29,2018-19,Liverpool,Arsenal,5,1,H,1731.6,1615.6,115.9,1,5,4,19,19,3,0,2,5,3.0,3.2,0.4,0.6,5,1.6,1.8,1.4,0.2,5,2.8,2.7,0.4,0.6,10,1.7,1.9,1.4,0.1,10,3.0,2.8,0.4,0.6,5,1.2,1.8,1.8,0.0,5
2018-12-29,2018-19,Tottenham,Wolverhampton Wanderers,1,3,A,1711.5,1508.5,203.0,2,11,9,19,19,1,0,0,1,3.0,3.4,0.6,0.6,5,2.0,1.4,1.0,0.2,5,2.4,2.6,1.1,0.4,10,1.1,1.1,1.4,0.1,10,2.4,2.4,0.6,0.4,5,1.0,1.0,1.2,0.0,5
2018-12-29,2018-19,Watford,Newcastle United,1,1,D,1462.3,1450.9,11.4,11,16,5,19,19,2,1,0,3,1.4,1.8,1.6,0.2,5,1.0,0.6,1.4,0.4,5,1.1,1.3,1.5,0.2,10,1.5,0.8,1.2,0.4,10,1.2,1.6,1.8,0.2,5,1.6,0.8,1.2,0.4,5
2018-12-30,2018-19,Burnley,West Ham United,2,0,H,1424.3,1497.1,-72.8,19,11,-8,19,19,1,3,1,5,0.6,0.8,2.4,0.2,5,2.4,2.0,1.2,0.2,5,0.4,0.7,2.4,0.2,10,2.0,1.9,1.4,0.2,10,0.6,0.8,2.8,0.2,5,2.2,1.8,0.6,0.4,5
2018-12-30,2018-19,Crystal Palace,Chelsea,0,1,A,1465.8,1657.5,-191.7,14,4,-10,19,19,2,3,0,5,1.4,1.4,1.6,0.4,5,1.8,1.4,1.0,0.2,5,1.2,1.2,1.4,0.4,10,1.9,1.7,0.9,0.4,10,1.6,1.0,0.6,0.6,5,1.8,2.0,1.4,0.2,5
2018-12-30,2018-19,Manchester United,Bournemouth,4,1,H,1640.3,1484.0,156.3,6,12,6,19,19,4,0,1,5,2.0,3.0,1.6,0.0,5,1.2,0.8,2.4,0.2,5,1.8,2.2,1.5,0.1,10,0.9,1.1,2.1,0.2,10,2.2,2.2,1.0,0.2,5,0.6,1.0,2.4,0.2,5
2018-12-30,2018-19,Southampton,Manchester City,1,3,A,1425.5,1746.8,-321.3,17,3,-14,19,19,0,4,1,5,1.2,1.6,1.8,0.0,5,1.2,1.6,1.8,0.0,5,0.9,1.4,2.1,0.1,10,2.1,2.5,1.2,0.2,10,1.2,1.4,1.4,0.2,5,1.8,1.6,1.0,0.4,5
2019-01-01,2018-19,Cardiff City,Tottenham,0,3,A,1460.7,1694.5,-233.8,16,3,-13,20,20,0,1,0,1,1.4,1.0,1.6,0.6,5,2.4,3.0,1.0,0.6,5,1.3,1.0,1.5,0.3,10,2.4,2.7,1.3,0.4,10,1.8,1.2,1.6,0.2,5,2.4,2.8,1.6,0.4,5
2019-01-01,2018-19,Everton,Leicester City,0,1,A,1513.6,1491.7,21.9,10,8,-2,20,20,4,1,0,5,0.8,2.0,2.6,0.0,5,1.2,0.6,1.0,0.2,5,1.2,1.5,1.6,0.2,10,1.5,0.8,0.7,0.4,10,1.6,1.8,2.0,0.2,5,1.6,0.8,0.6,0.4,5
2019-01-01,2018-19,Arsenal,Fulham,4,1,H,1611.2,1436.7,174.4,5,19,14,20,20,1,0,0,1,1.4,1.6,2.0,0.2,5,1.0,0.6,1.4,0.4,5,1.6,1.8,1.7,0.1,10,0.9,0.7,1.5,0.2,10,2.2,2.0,1.0,0.2,5,0.2,0.2,1.8,0.2,5
2019-01-02,2018-19,Bournemouth,Watford,3,3,D,1480.3,1459.2,21.1,12,9,-3,20,20,1,1,3,5,0.6,0.6,3.0,0.2,5,1.6,1.8,1.4,0.2,5,0.6,0.9,2.5,0.1,10,0.9,1.1,1.6,0.1,10,1.2,1.2,1.8,0.2,5,1.0,1.0,1.2,0.2,5
2019-01-02,2018-19,Chelsea,Southampton,0,0,D,1664.9,1421.1,243.8,4,17,13,20,20,5,0,0,5,2.4,1.4,0.6,0.4,5,1.2,1.6,1.8,0.0,5,1.9,1.4,0.9,0.4,10,0.8,1.5,2.4,0.0,10,2.0,1.4,0.4,0.6,5,0.6,1.4,2.8,0.0,5
2019-01-02,2018-19,Huddersfield Town,Burnley,1,2,A,1375.0,1433.5,-58.6,20,18,-2,20,20,0,0,3,3,0.0,0.4,1.8,0.0,5,1.2,1.0,1.8,0.4,5,0.7,0.8,1.4,0.2,10,0.7,0.9,2.0,0.3,10,0.8,0.8,1.4,0.2,5,0.2,0.6,2.0,0.2,5
2019-01-02,2018-19,Newcastle United,Manchester United,0,2,A,1454.0,1644.0,-190.0,15,6,-9,20,20,1,2,0,3,1.0,0.6,1.4,0.4,5,2.4,3.4,1.4,0.0,5,1.5,0.9,1.3,0.3,10,1.8,2.4,1.5,0.1,10,1.4,0.8,1.2,0.4,5,1.4,2.2,2.0,0.0,5
2019-01-02,2018-19,West Ham United,Brighton and Hove Albion,2,2,D,1487.9,1475.3,12.6,11,13,2,20,20,0,3,0,3,1.8,1.4,1.4,0.2,5,0.8,0.6,1.2,0.2,5,1.9,1.8,1.5,0.2,10,1.1,1.1,1.4,0.1,10,1.8,2.0,2.2,0.0,5,0.6,0.8,1.8,0.0,5
2019-01-02,2018-19,Wolverhampton Wanderers,Crystal Palace,0,2,A,1525.5,1458.4,67.2,8,14,6,20,20,1,0,0,1,2.0,1.6,1.0,0.2,5,1.4,1.2,1.2,0.4,5,1.4,1.4,1.4,0.1,10,1.1,1.0,1.3,0.4,10,1.2,1.2,1.6,0.2,5,0.8,1.4,2.2,0.2,5
2019-01-03,2018-19,Manchester City,Liverpool,2,1,H,1751.2,1736.1,15.1,3,1,-2,20,20,1,2,2,5,1.2,1.8,1.8,0.0,5,3.0,3.6,0.4,0.6,5,2.1,2.7,1.3,0.1,10,2.8,2.8,0.4,0.6,10,2.4,3.4,1.4,0.0,5,2.6,2.6,0.4,0.6,5
2019-01-12,2018-19,West Ham United,Arsenal,1,0,H,1484.8,1614.6,-129.8,10,5,-5,21,21,0,4,1,5,1.4,1.2,1.4,0.2,5,1.4,2.2,2.2,0.0,5,1.7,1.6,1.5,0.2,10,1.8,2.1,1.7,0.1,10,1.4,1.6,2.2,0.0,5,1.0,1.6,2.4,0.0,5
2019-01-12,2018-19,Brighton and Hove Albion,Liverpool,0,1,A,1478.4,1729.2,-250.8,13,1,-12,21,21,0,3,0,3,1.0,1.0,1.4,0.2,5,2.4,3.0,0.8,0.4,5,1.2,1.2,1.3,0.1,10,2.7,2.8,0.5,0.6,10,1.6,1.4,1.0,0.2,5,2.4,2.6,0.6,0.6,5
2019-01-12,2018-19,Burnley,Fulham,2,1,H,1444.7,1433.3,11.4,16,19,3,21,21,0,1,0,1,1.2,1.2,2.0,0.2,5,1.0,0.6,1.4,0.4,5,1.0,0.9,1.7,0.3,10,0.9,0.8,1.8,0.2,10,1.2,1.2,2.0,0.4,5,0.2,0.4,2.4,0.2,5
2019-01-12,2018-19,Cardiff City,Huddersfield Town,0,0,D,1454.4,1363.8,90.6,17,20,3,21,21,0,0,1,1,0.8,0.8,2.2,0.4,5,0.0,0.6,2.0,0.0,5,1.3,1.0,1.7,0.3,10,0.4,0.8,1.6,0.1,10,1.8,1.2,2.0,0.2,5,0.6,0.8,1.4,0.2,5
2019-01-12,2018-19,Chelsea,Newcastle United,2,1,H,1657.4,1446.5,210.8,4,17,13,21,21,2,1,0,3,2.0,1.0,0.6,0.4,5,1.0,0.4,1.4,0.4,5,1.7,1.1,0.8,0.5,10,1.2,0.8,1.5,0.2,10,1.6,0.8,0.2,0.8,5,1.6,1.0,1.4,0.2,5
2019-01-12,2018-19,Crystal Palace,Watford,1,2,A,1472.8,1462.6,10.3,14,9,-5,21,21,2,1,2,5,2.0,1.2,0.6,0.6,5,1.6,2.0,1.6,0.2,5,1.4,1.1,1.0,0.5,10,1.0,1.4,1.8,0.1,10,1.4,0.6,0.4,0.6,5,1.2,1.6,1.6,0.2,5
2019-01-12,2018-19,Leicester City,Southampton,1,2,A,1505.0,1428.7,76.3,8,18,10,21,21,2,1,2,5,1.8,0.8,0.6,0.4,5,1.4,1.6,1.6,0.2,5,1.5,0.8,0.7,0.4,10,0.9,1.4,1.8,0.1,10,1.4,0.8,0.8,0.4,5,0.8,1.2,1.6,0.2,5
2019-01-13,2018-19,Tottenham,Manchester United,0,1,A,1700.8,1651.5,49.3,3,6,3,21,21,3,2,0,5,2.4,3.2,1.0,0.6,5,2.4,3.0,1.2,0.2,5,2.4,2.7,1.1,0.5,10,1.8,2.4,1.4,0.2,10,2.4,2.6,1.0,0.4,5,1.4,2.2,1.8,0.2,5
2019-01-13,2018-19,Everton,Bournemouth,2,0,H,1500.2,1476.9,23.3,11,12,1,21,21,2,2,1,5,0.6,1.6,2.4,0.0,5,0.8,1.2,2.8,0.2,5,0.9,1.2,1.6,0.2,10,0.7,1.1,2.6,0.1,10,1.0,1.2,2.0,0.2,5,0.0,0.6,3.2,0.0,5
2019-01-14,2018-19,Manchester City,Wolverhampton Wanderers,3,0,H,1758.0,1511.1,246.9,2,11,9,21,21,0,0,1,1,1.8,2.2,1.6,0.0,5,1.4,1.2,1.2,0.2,5,2.1,2.3,1.3,0.1,10,1.4,1.2,1.3,0.1,10,2.4,2.6,1.4,0.0,5,1.6,1.6,1.2,0.0,5
2019-01-19,2018-19,Arsenal,Chelsea,2,0,H,1603.7,1660.2,-56.5,5,4,-1,22,22,1,2,2,5,1.4,1.8,1.8,0.0,5,2.0,1.0,0.6,0.4,5,1.7,2.0,1.7,0.1,10,1.9,1.3,0.9,0.4,10,2.6,2.6,1.0,0.2,5,1.8,1.4,1.4,0.2,5
2019-01-19,2018-19,Bournemouth,West Ham United,2,0,H,1470.3,1495.6,-25.3,12,9,-3,22,22,2,1,2,5,0.8,1.2,2.8,0.2,5,1.4,1.0,1.4,0.2,5,0.7,1.0,2.6,0.1,10,1.9,1.6,1.4,0.3,10,1.4,1.6,2.0,0.2,5,2.0,1.6,0.8,0.4,5
2019-01-19,2018-19,Liverpool,Crystal Palace,4,3,H,1735.2,1459.8,275.4,1,14,13,22,22,4,1,0,5,2.4,2.6,0.6,0.6,5,1.4,1.2,1.0,0.4,5,2.7,2.7,0.5,0.6,10,1.4,1.2,1.1,0.5,10,3.0,3.0,0.4,0.6,5,1.4,1.6,1.6,0.4,5
2019-01-19,2018-19,Manchester United,Brighton and Hove Albion,2,1,H,1665.6,1472.5,193.0,6,13,7,22,22,1,2,0,3,3.0,3.0,0.6,0.4,5,1.0,0.8,1.2,0.2,5,2.1,2.4,1.1,0.3,10,1.2,1.1,1.2,0.1,10,2.2,2.6,1.0,0.2,5,0.8,1.0,1.6,0.0,5
2019-01-19,2018-19,Newcastle United,Cardiff City,3,0,H,1443.7,1449.4,-5.7,18,17,-1,22,22,0,0,1,1,0.4,0.4,1.8,0.2,5,1.0,0.4,1.6,0.6,5,0.9,0.7,1.6,0.2,10,1.1,0.8,1.6,0.4,10,0.8,0.6,1.6,0.2,5,0.8,0.8,1.4,0.4,5
2019-01-19,2018-19,Southampton,Everton,2,1,H,1443.4,1506.8,-63.4,17,10,-7,22,22,2,2,1,5,1.4,1.4,1.4,0.2,5,1.2,1.8,1.8,0.2,5,1.1,1.5,1.8,0.1,10,1.1,1.4,1.6,0.2,10,1.0,1.6,2.0,0.0,5,0.8,1.2,1.2,0.2,5
2019-01-19,2018-19,Watford,Burnley,0,0,D,1475.6,1451.6,24.0,7,17,10,22,22,2,3,0,5,1.6,1.8,1.4,0.2,5,1.8,1.6,2.0,0.2,5,1.2,1.5,1.8,0.1,10,1.2,1.1,1.8,0.2,10,0.8,1.2,2.0,0.0,5,0.8,0.6,1.4,0.2,5
2019-01-19,2018-19,Wolverhampton Wanderers,Leicester City,4,3,H,1508.7,1490.4,18.3,12,8,-4,22,22,0,1,0,1,0.8,0.8,1.8,0.0,5,1.8,1.0,0.8,0.4,5,1.3,1.1,1.5,0.1,10,1.4,0.9,0.9,0.3,10,1.2,0.8,1.4,0.2,5,1.6,0.8,0.6,0.4,5
2019-01-20,2018-19,Fulham,Tottenham,1,2,A,1426.4,1686.8,-260.4,19,3,-16,22,22,0,1,0,1,1.0,0.8,1.4,0.4,5,1.8,3.0,1.2,0.4,5,0.9,0.9,1.8,0.2,10,2.1,2.6,1.2,0.4,10,1.6,1.2,1.2,0.2,5,2.4,2.8,1.2,0.6,5
2019-01-20,2018-19,Huddersfield Town,Manchester City,0,3,A,1368.8,1760.4,-391.6,20,2,-18,22,22,0,2,1,3,0.2,0.6,1.8,0.2,5,1.8,2.2,1.4,0.2,5,0.4,0.7,1.5,0.2,10,2.1,2.3,1.2,0.2,10,0.2,0.8,1.8,0.0,5,1.8,2.0,1.2,0.2,5
2019-01-29,2018-19,Wolverhampton Wanderers,West Ham United,3,0,H,1515.4,1487.7,27.7,8,10,2,23,23,1,0,0,1,1.4,1.6,2.0,0.0,5,1.4,1.0,1.4,0.2,5,1.6,1.5,1.6,0.1,10,1.9,1.6,1.2,0.3,10,1.8,1.6,1.6,0.2,5,1.8,1.4,1.0,0.4,5
2019-01-29,2018-19,Newcastle United,Manchester City,2,1,H,1451.0,1763.5,-312.5,17,2,-15,23,23,0,3,0,3,0.8,1.0,1.8,0.2,5,2.4,2.4,0.8,0.4,5,0.9,0.8,1.5,0.3,10,2.1,2.2,1.2,0.2,10,0.8,0.8,1.4,0.4,5,1.8,1.8,1.2,0.2,5
2019-01-29,2018-19,Manchester United,Burnley,2,2,D,1668.7,1455.0,213.6,6,17,11,23,23,3,0,2,5,3.0,2.4,0.6,0.4,5,2.0,1.4,1.4,0.4,5,2.3,2.6,1.2,0.2,10,1.3,1.0,1.6,0.3,10,2.6,3.0,1.2,0.0,5,0.8,0.6,1.4,0.2,5
2019-01-29,2018-19,Fulham,Brighton and Hove Albion,4,2,H,1420.7,1469.4,-48.7,19,13,-6,23,23,0,0,1,1,0.8,1.0,1.8,0.2,5,1.0,1.0,1.2,0.2,5,0.6,0.7,1.8,0.2,10,1.1,1.1,1.3,0.1,10,1.0,0.8,1.2,0.2,5,0.8,1.0,1.6,0.0,5
2019-01-29,2018-19,Arsenal,Cardiff City,2,1,H,1612.5,1442.0,170.4,6,18,12,23,23,1,0,0,1,1.4,1.6,1.6,0.2,5,1.0,0.2,1.2,0.6,5,1.7,2.0,1.6,0.2,10,1.1,0.8,1.8,0.4,10,3.0,2.8,0.8,0.4,5,0.8,0.8,1.8,0.4,5
2019-01-29,2018-19,Huddersfield Town,Everton,0,1,A,1365.6,1497.9,-132.2,20,11,-9,23,23,0,2,1,3,0.2,0.4,1.8,0.2,5,1.2,1.6,1.0,0.2,5,0.1,0.5,1.8,0.1,10,0.8,1.4,1.8,0.1,10,0.0,0.6,2.2,0.0,5,0.6,1.4,1.6,0.0,5
2019-01-30,2018-19,Bournemouth,Chelsea,4,0,H,1478.2,1651.5,-173.3,12,4,-8,23,23,1,4,0,5,0.8,1.2,2.8,0.2,5,2.0,1.0,0.8,0.4,5,1.0,1.1,2.4,0.2,10,1.9,1.2,0.8,0.4,10,2.0,1.8,1.6,0.4,5,1.8,1.2,1.2,0.2,5
2019-01-30,2018-19,Liverpool,Leicester City,1,1,D,1737.2,1483.6,253.6,1,11,10,23,23,4,1,0,5,2.4,3.0,1.2,0.4,5,1.2,1.4,1.6,0.2,5,2.7,2.8,0.8,0.5,10,1.3,1.1,1.2,0.3,10,3.0,3.4,1.0,0.4,5,1.4,1.2,1.2,0.4,5
2019-01-30,2018-19,Southampton,Crystal Palace,1,1,D,1452.3,1457.7,-5.4,17,16,-1,23,23,3,2,0,5,1.4,1.2,1.4,0.2,5,0.8,1.2,1.4,0.4,5,1.4,1.5,1.6,0.1,10,1.3,1.5,1.5,0.4,10,1.4,1.8,2.0,0.0,5,1.2,2.2,2.4,0.2,5
2019-01-30,2018-19,Tottenham,Watford,2,1,H,1692.5,1472.2,220.3,3,9,6,23,23,3,1,1,5,1.8,2.2,1.0,0.4,5,1.2,1.4,1.4,0.2,5,2.1,2.5,1.2,0.4,10,1.3,1.5,1.5,0.2,10,1.8,2.0,1.0,0.4,5,1.6,1.8,1.6,0.2,5
2019-02-02,2018-19,Tottenham,Newcastle United,1,0,H,1695.2,1466.5,228.7,3,14,11,24,24,3,0,0,3,1.8,1.6,1.2,0.2,5,1.4,1.4,1.2,0.2,5,2.4,2.5,0.9,0.4,10,1.2,1.0,1.3,0.3,10,1.8,1.8,1.0,0.4,5,1.0,0.8,1.6,0.2,5
2019-02-02,2018-19,Brighton and Hove Albion,Watford,0,0,D,1460.9,1469.5,-8.6,13,9,-4,24,24,1,1,1,3,0.8,1.2,1.8,0.2,5,1.2,1.4,1.4,0.2,5,0.8,1.1,1.6,0.1,10,1.3,1.6,1.5,0.2,10,1.4,1.2,1.0,0.2,5,1.6,2.0,1.6,0.2,5
2019-02-02,2018-19,Burnley,Southampton,1,1,D,1462.2,1449.7,12.5,17,16,-1,24,24,2,1,2,5,2.2,1.6,0.8,0.4,5,1.6,1.2,1.2,0.2,5,1.4,1.2,1.6,0.3,10,1.4,1.4,1.5,0.1,10,1.8,1.4,1.8,0.4,5,1.4,1.2,1.2,0.2,5
2019-02-02,2018-19,Cardiff City,Bournemouth,2,0,H,1438.6,1490.3,-51.7,18,10,-8,24,24,0,1,0,1,0.8,0.4,1.6,0.4,5,1.4,2.0,1.8,0.4,5,0.8,0.7,1.9,0.4,10,1.3,1.4,2.1,0.3,10,1.4,0.8,1.8,0.4,5,0.0,0.4,3.2,0.0,5
2019-02-02,2018-19,Chelsea,Huddersfield Town,5,0,H,1639.4,1356.6,282.8,5,20,15,24,24,2,0,1,3,1.4,0.6,1.4,0.4,5,0.2,0.2,1.4,0.2,5,1.6,1.0,1.2,0.3,10,0.1,0.4,1.7,0.1,10,2.0,1.2,0.4,0.6,5,0.2,0.4,1.4,0.2,5
2019-02-02,2018-19,Everton,Wolverhampton Wanderers,1,3,A,1506.9,1521.9,-14.9,9,7,-2,24,24,0,0,1,1,1.2,0.8,0.8,0.4,5,1.8,2.0,1.8,0.2,5,1.1,1.5,1.7,0.2,10,1.9,1.7,1.4,0.2,10,1.0,1.4,2.0,0.2,5,1.4,1.4,1.6,0.0,5
2019-02-02,2018-19,Crystal Palace,Fulham,2,0,H,1460.4,1429.3,31.1,17,19,2,24,24,1,0,0,1,0.8,1.4,1.6,0.2,5,1.2,1.6,2.0,0.2,5,1.1,1.4,1.6,0.3,10,0.9,1.1,1.8,0.2,10,1.4,0.8,0.6,0.6,5,0.2,0.6,2.4,0.2,5
2019-02-03,2018-19,Manchester City,Arsenal,3,1,H,1748.1,1616.0,132.1,3,5,2,24,24,4,0,1,5,2.4,2.4,0.8,0.4,5,1.8,1.8,1.6,0.2,5,1.8,2.0,1.3,0.2,10,1.7,1.8,1.5,0.2,10,2.4,2.6,1.2,0.2,5,0.4,1.2,2.4,0.0,5
2019-02-03,2018-19,Leicester City,Manchester United,0,1,A,1491.3,1661.5,-170.2,11,6,-5,24,24,0,4,1,5,0.8,1.2,1.6,0.2,5,2.6,2.2,0.8,0.4,5,1.1,1.0,1.3,0.2,10,2.3,2.6,1.2,0.2,10,1.2,1.0,1.2,0.2,5,2.0,2.2,1.2,0.4,5
2019-02-04,2018-19,West Ham United,Liverpool,1,1,D,1481.3,1729.5,-248.3,12,1,-11,24,24,0,4,1,5,0.8,0.6,1.8,0.2,5,2.0,2.4,1.4,0.2,5,1.6,1.3,1.5,0.2,10,2.5,2.8,0.9,0.4,10,2.0,1.8,1.4,0.2,5,2.4,2.2,0.6,0.6,5
2019-02-06,2018-19,Everton,Manchester City,0,2,A,1494.5,1752.2,-257.7,9,2,-7,25,25,1,2,2,5,1.2,1.0,1.2,0.4,5,2.4,2.4,0.8,0.4,5,1.0,1.5,1.9,0.2,10,1.8,2.1,1.3,0.2,10,0.8,1.4,2.4,0.2,5,1.2,1.6,1.4,0.2,5
2019-02-09,2018-19,Brighton and Hove Albion,Burnley,1,3,A,1458.3,1459.1,-0.8,13,17,4,25,25,0,1,2,3,0.4,1.0,1.8,0.2,5,1.8,1.4,1.0,0.2,5,0.6,0.8,1.5,0.2,10,1.5,1.2,1.4,0.3,10,1.0,0.6,0.8,0.4,5,1.0,1.0,1.4,0.2,5
2019-02-09,2018-19,Crystal Palace,West Ham United,1,1,D,1466.8,1485.3,-18.5,15,12,-3,25,25,0,3,2,5,1.4,1.8,1.4,0.4,5,1.0,0.8,1.6,0.2,5,1.4,1.5,1.3,0.4,10,1.4,1.1,1.5,0.2,10,1.4,0.8,0.6,0.6,5,1.2,0.8,1.6,0.2,5
2019-02-09,2018-19,Fulham,Manchester United,0,3,A,1422.9,1669.5,-246.6,19,5,-14,25,25,0,1,0,1,0.6,1.4,2.4,0.0,5,2.6,1.6,0.6,0.6,5,0.8,1.0,1.9,0.2,10,2.5,2.5,1.0,0.3,10,1.4,1.4,1.4,0.2,5,2.4,2.0,0.8,0.6,5
2019-02-09,2018-19,Huddersfield Town,Arsenal,1,2,A,1354.6,1611.8,-257.2,20,6,-14,25,25,0,3,0,3,0.2,0.2,2.2,0.2,5,1.8,1.8,1.2,0.2,5,0.1,0.3,2.0,0.1,10,1.6,1.7,1.6,0.2,10,0.0,0.4,2.0,0.0,5,0.2,1.0,2.6,0.0,5
2019-02-09,2018-19,Liverpool,Bournemouth,3,0,H,1725.5,1481.7,243.8,2,10,8,25,25,3,1,1,5,1.6,1.6,1.4,0.2,5,1.4,1.8,1.4,0.4,5,2.3,2.6,0.9,0.4,10,1.0,1.2,2.2,0.3,10,2.6,3.4,1.2,0.2,5,0.0,0.2,3.0,0.0,5
2019-02-09,2018-19,Southampton,Cardiff City,1,2,A,1452.8,1447.2,5.6,17,18,1,25,25,0,1,0,1,1.8,1.2,0.8,0.2,5,0.8,0.6,1.6,0.4,5,1.5,1.4,1.3,0.1,10,1.1,0.8,1.6,0.5,10,1.4,1.6,1.8,0.0,5,0.8,0.8,1.6,0.4,5
2019-02-09,2018-19,Watford,Everton,1,0,H,1472.0,1488.8,-16.7,8,9,1,25,26,2,2,1,5,1.2,1.2,1.2,0.4,5,1.2,1.0,1.4,0.4,5,1.4,1.5,1.3,0.3,10,0.9,1.3,1.9,0.2,10,1.0,1.2,1.4,0.2,5,1.2,1.6,1.4,0.2,5
2019-02-10,2018-19,Manchester City,Chelsea,6,0,H,1758.0,1641.4,116.6,2,5,3,26,25,2,3,0,5,2.4,2.4,0.6,0.6,5,1.4,1.4,1.4,0.4,5,2.1,2.3,1.1,0.3,10,1.9,1.4,1.0,0.4,10,2.4,2.6,1.2,0.2,5,1.8,1.0,1.6,0.2,5
2019-02-10,2018-19,Tottenham,Leicester City,3,1,H,1697.8,1483.3,214.5,3,12,9,25,25,3,1,1,5,2.4,1.6,0.6,0.4,5,0.8,1.2,1.6,0.2,5,2.4,2.3,0.8,0.5,10,1.0,0.9,1.3,0.2,10,1.8,1.8,1.0,0.4,5,1.4,1.2,1.2,0.4,5
2019-02-11,2018-19,Wolverhampton Wanderers,Newcastle United,1,1,D,1534.3,1463.9,70.4,7,17,10,25,25,1,0,0,1,1.8,2.0,1.8,0.2,5,1.2,1.2,1.2,0.2,5,1.9,1.8,1.4,0.2,10,1.1,0.9,1.3,0.3,10,1.8,1.8,1.4,0.4,5,0.8,0.6,1.6,0.2,5
2019-02-22,2018-19,West Ham United,Fulham,3,1,H,1487.6,1416.9,70.7,10,19,9,26,26,1,0,0,1,1.0,0.6,1.4,0.2,5,0.6,1.2,2.2,0.0,5,1.2,0.9,1.4,0.2,10,0.8,0.9,1.8,0.2,10,1.6,1.4,1.4,0.2,5,0.2,0.6,2.4,0.2,5
2019-02-22,2018-19,Cardiff City,Watford,1,5,A,1460.1,1479.7,-19.6,17,8,-9,26,26,0,1,0,1,1.4,1.0,1.2,0.4,5,1.6,0.8,0.6,0.6,5,1.1,0.9,1.7,0.4,10,1.6,1.4,1.1,0.4,10,1.4,0.8,1.6,0.6,5,1.6,1.6,1.2,0.4,5
2019-02-23,2018-19,Bournemouth,Wolverhampton Wanderers,1,1,D,1479.2,1529.7,-50.5,11,8,-3,26,26,0,1,0,1,1.2,1.2,1.4,0.4,5,2.0,2.2,1.6,0.2,5,1.0,1.2,2.1,0.3,10,1.7,1.7,1.4,0.2,10,2.0,2.2,1.4,0.6,5,2.0,1.8,1.4,0.0,5
2019-02-23,2018-19,Burnley,Tottenham,2,1,H,1471.9,1700.6,-228.8,15,3,-12,26,26,0,4,1,5,1.8,1.6,1.0,0.2,5,2.4,1.6,0.8,0.2,5,1.5,1.4,1.5,0.2,10,2.4,2.4,0.9,0.4,10,2.0,1.4,1.4,0.4,5,2.4,3.0,1.4,0.4,5
2019-02-23,2018-19,Leicester City,Crystal Palace,1,4,A,1480.5,1464.5,16.0,12,14,2,26,26,1,3,1,5,0.2,1.2,2.2,0.0,5,1.0,1.6,1.6,0.2,5,1.0,1.0,1.4,0.2,10,1.5,1.4,1.1,0.4,10,0.6,0.6,1.4,0.0,5,1.4,2.2,2.0,0.2,5
2019-02-23,2018-19,Newcastle United,Huddersfield Town,2,0,H,1468.4,1348.8,119.6,16,20,4,26,26,2,1,0,3,1.4,1.4,1.0,0.2,5,0.2,0.2,2.2,0.2,5,1.2,0.9,1.2,0.3,10,0.1,0.4,2.1,0.1,10,1.4,1.2,1.0,0.4,5,0.2,0.2,2.0,0.2,5
2019-02-24,2018-19,Arsenal,Southampton,2,0,H,1617.6,1439.9,177.7,5,18,13,26,26,3,1,1,5,1.8,1.4,1.2,0.2,5,1.6,1.4,1.2,0.0,5,1.6,1.8,1.7,0.1,10,1.5,1.5,1.4,0.1,10,3.0,2.4,0.6,0.4,5,1.6,1.2,0.8,0.2,5
2019-02-24,2018-19,Manchester United,Liverpool,0,0,D,1675.5,1727.9,-52.4,5,2,-3,26,26,1,1,3,5,2.6,1.8,0.6,0.6,5,2.2,2.0,1.0,0.4,5,2.5,2.4,0.9,0.4,10,2.3,2.5,0.9,0.4,10,2.6,3.0,1.2,0.0,5,2.0,1.8,0.6,0.6,5
2019-02-26,2018-19,Cardiff City,Everton,0,3,A,1447.9,1481.1,-33.3,17,11,-6,27,27,0,1,0,1,1.2,1.2,2.2,0.2,5,0.6,0.6,1.6,0.2,5,1.1,0.8,1.9,0.4,10,0.9,1.2,1.7,0.2,10,0.8,0.8,2.6,0.4,5,1.2,1.4,1.0,0.2,5
2019-02-26,2018-19,Huddersfield Town,Wolverhampton Wanderers,1,0,H,1344.4,1531.1,-186.7,20,8,-12,27,27,1,0,0,1,0.0,0.2,2.6,0.0,5,2.2,2.4,1.2,0.2,5,0.1,0.4,2.2,0.1,10,1.5,1.6,1.5,0.1,10,0.0,0.6,2.2,0.0,5,1.6,1.6,1.4,0.0,5
2019-02-26,2018-19,Leicester City,Brighton and Hove Albion,2,1,H,1467.3,1445.5,21.8,12,16,4,27,26,2,0,1,3,0.2,1.2,2.6,0.0,5,0.2,0.8,2.0,0.2,5,1.0,1.1,1.7,0.2,10,0.6,0.9,1.7,0.2,10,0.6,0.8,1.8,0.0,5,0.2,1.0,2.2,0.0,5
2019-02-26,2018-19,Newcastle United,Burnley,2,0,H,1472.8,1485.4,-12.6,15,14,-1,27,27,1,1,1,3,2.0,1.6,0.6,0.4,5,1.8,1.6,1.0,0.2,5,1.2,1.0,1.2,0.3,10,1.8,1.6,1.5,0.2,10,2.0,1.4,0.6,0.6,5,1.6,1.6,1.4,0.2,5
2019-02-27,2018-19,Manchester City,West Ham United,1,0,H,1762.5,1493.0,269.4,2,10,8,27,27,5,0,0,5,2.4,3.0,0.6,0.6,5,1.0,1.0,1.6,0.0,5,2.1,2.6,1.0,0.4,10,1.2,1.0,1.5,0.1,10,2.4,3.2,1.0,0.4,5,0.8,0.6,1.8,0.0,5
2019-02-27,2018-19,Southampton,Fulham,2,0,H,1436.5,1411.4,25.1,18,19,1,27,27,0,1,0,1,1.0,1.0,1.4,0.0,5,0.6,1.2,2.4,0.0,5,1.2,1.2,1.4,0.1,10,0.8,1.0,1.9,0.2,10,0.8,1.2,1.8,0.0,5,0.2,0.6,2.2,0.2,5
2019-02-27,2018-19,Liverpool,Watford,5,0,H,1729.3,1492.0,237.3,2,7,5,27,27,4,0,1,5,1.8,1.8,1.0,0.4,5,1.6,1.4,0.6,0.6,5,2.1,2.2,0.8,0.5,10,1.6,1.6,1.0,0.4,10,2.6,3.4,1.0,0.4,5,1.6,2.2,1.4,0.2,5
2019-02-27,2018-19,Crystal Palace,Manchester United,1,3,A,1477.7,1674.2,-196.5,14,5,-9,27,27,0,4,1,5,1.6,2.2,1.4,0.2,5,2.2,1.6,0.6,0.6,5,1.5,1.7,1.2,0.3,10,2.6,2.3,0.6,0.5,10,1.0,0.8,0.8,0.4,5,3.0,2.4,0.2,0.8,5
2019-02-27,2018-19,Chelsea,Tottenham,2,0,H,1636.9,1687.1,-50.2,6,3,-3,26,27,2,3,0,5,1.2,1.4,2.6,0.2,5,2.4,1.8,1.0,0.2,5,1.6,1.2,1.6,0.3,10,2.1,2.4,1.1,0.3,10,2.0,1.8,0.4,0.6,5,2.4,2.8,1.0,0.4,5
2019-02-27,2018-19,Arsenal,Bournemouth,5,1,H,1620.9,1477.8,143.1,5,12,7,27,27,3,1,1,5,2.4,1.8,1.0,0.4,5,1.4,1.4,1.2,0.4,5,1.9,1.8,1.4,0.2,10,1.1,1.3,2.0,0.3,10,3.0,2.6,0.6,0.4,5,0.0,0.2,3.2,0.0,5
2019-03-02,2018-19,Bournemouth,Manchester City,0,1,A,1473.9,1764.6,-290.7,12,2,-10,28,28,0,5,0,5,0.8,1.2,2.2,0.2,5,2.4,2.6,0.6,0.6,5,0.8,1.2,2.5,0.2,10,2.4,2.5,0.7,0.5,10,2.2,2.4,0.8,0.6,5,1.8,2.0,1.0,0.4,5
2019-03-02,2018-19,Brighton and Hove Albion,Huddersfield Town,1,0,H,1438.9,1356.8,82.0,16,20,4,27,28,1,1,1,3,0.2,1.0,2.2,0.2,5,0.6,0.4,2.0,0.2,5,0.6,0.9,1.7,0.2,10,0.4,0.4,1.9,0.2,10,1.0,0.6,1.0,0.4,5,0.2,0.2,2.2,0.2,5
2019-03-02,2018-19,Burnley,Crystal Palace,1,3,A,1477.9,1470.4,7.5,16,14,-2,28,28,3,2,0,5,1.6,1.6,1.4,0.0,5,1.6,1.8,1.2,0.2,5,1.8,1.5,1.4,0.2,10,1.2,1.5,1.3,0.3,10,2.0,1.6,1.6,0.2,5,2.0,2.6,1.6,0.2,5
2019-03-02,2018-19,Manchester United,Southampton,3,2,H,1681.5,1443.1,238.4,5,17,12,28,28,2,0,3,5,2.2,1.8,0.6,0.6,5,1.0,1.0,1.2,0.2,5,2.6,2.1,0.6,0.5,10,1.2,1.1,1.3,0.2,10,2.2,2.2,1.0,0.2,5,1.6,1.2,1.0,0.2,5
2019-03-02,2018-19,Tottenham,Arsenal,1,1,D,1678.5,1624.9,53.6,3,5,2,28,28,2,2,1,5,1.8,1.4,1.2,0.2,5,2.4,2.4,1.2,0.2,5,1.8,1.8,1.1,0.3,10,1.9,2.0,1.4,0.2,10,1.8,1.4,1.2,0.2,5,0.8,1.0,2.2,0.0,5
2019-03-02,2018-19,West Ham United,Newcastle United,2,0,H,1490.9,1480.3,10.6,10,14,4,28,28,1,2,0,3,1.0,1.0,1.4,0.0,5,2.0,1.4,0.6,0.4,5,1.2,1.0,1.4,0.1,10,1.4,1.2,1.2,0.3,10,1.6,1.4,1.2,0.2,5,0.4,0.6,1.8,0.0,5
2019-03-02,2018-19,Wolverhampton Wanderers,Cardiff City,2,0,H,1518.7,1436.0,82.7,7,18,11,28,28,0,1,0,1,1.6,1.6,0.8,0.2,5,1.2,1.2,2.2,0.2,5,1.5,1.6,1.4,0.1,10,1.1,0.7,1.7,0.4,10,1.4,1.6,1.6,0.2,5,1.4,0.8,1.2,0.4,5
2019-03-03,2018-19,Everton,Liverpool,0,0,D,1493.0,1731.8,-238.8,10,2,-8,28,28,0,3,2,5,1.2,1.0,1.2,0.4,5,1.8,2.0,0.4,0.6,5,1.2,1.3,1.1,0.3,10,2.1,2.5,0.8,0.5,10,0.6,1.0,2.4,0.2,5,1.6,1.0,0.6,0.6,5
2019-03-03,2018-19,Fulham,Chelsea,1,2,A,1404.9,1645.5,-240.6,19,6,-13,28,27,0,1,0,1,0.6,1.0,2.4,0.0,5,1.2,1.4,2.4,0.4,5,0.7,1.0,2.1,0.1,10,1.6,1.2,1.5,0.4,10,1.4,1.4,1.6,0.2,5,1.2,0.6,2.6,0.2,5
2019-03-03,2018-19,Watford,Leicester City,2,1,H,1489.5,1473.9,15.5,8,11,3,28,28,2,3,0,5,1.4,1.4,1.6,0.4,5,0.8,1.0,2.0,0.0,5,1.3,1.4,1.5,0.3,10,1.0,1.2,1.8,0.1,10,1.6,1.2,1.0,0.4,5,1.4,1.4,1.6,0.4,5
2019-03-09,2018-19,Southampton,Tottenham,2,1,H,1440.6,1674.4,-233.8,17,3,-14,29,29,0,4,1,5,0.8,1.2,1.6,0.2,5,1.4,1.2,1.2,0.2,5,1.2,1.2,1.4,0.2,10,1.6,1.4,1.2,0.2,10,1.4,1.4,1.4,0.2,5,1.8,2.4,1.4,0.2,5
2019-03-09,2018-19,Newcastle United,Everton,3,2,H,1473.4,1496.8,-23.4,14,10,-4,29,29,0,2,1,3,1.4,1.0,0.8,0.4,5,0.8,0.8,1.2,0.4,5,1.4,1.2,1.0,0.3,10,1.0,0.8,1.0,0.4,10,2.4,1.8,0.6,0.6,5,1.2,1.0,0.8,0.4,5
2019-03-09,2018-19,Manchester City,Watford,3,1,H,1769.6,1496.3,273.3,1,8,7,29,29,5,0,0,5,3.0,2.6,0.2,0.8,5,2.0,1.6,1.4,0.4,5,2.7,2.5,0.5,0.6,10,1.6,1.5,1.4,0.3,10,3.0,3.0,0.4,0.6,5,1.4,1.6,1.8,0.2,5
2019-03-09,2018-19,Cardiff City,West Ham United,2,0,H,1430.8,1497.8,-67.0,18,9,-9,29,29,0,1,0,1,1.2,1.0,2.2,0.2,5,1.6,1.4,0.8,0.2,5,1.0,0.7,1.9,0.3,10,1.2,1.0,1.3,0.2,10,0.8,0.6,2.2,0.4,5,0.2,0.2,1.8,0.0,5
2019-03-09,2018-19,Huddersfield Town,Bournemouth,0,2,A,1351.7,1468.9,-117.2,20,13,-7,29,29,1,2,0,3,0.6,0.4,2.0,0.2,5,0.2,0.4,2.4,0.0,5,0.4,0.3,1.7,0.2,10,0.8,1.2,2.1,0.2,10,0.6,0.6,1.6,0.2,5,0.0,0.4,3.2,0.0,5
2019-03-09,2018-19,Crystal Palace,Brighton and Hove Albion,1,2,A,1483.4,1444.1,39.3,14,15,1,29,28,1,1,1,3,2.0,2.2,1.2,0.2,5,0.8,1.0,1.8,0.4,5,1.4,1.8,1.4,0.2,10,0.9,1.0,1.5,0.3,10,0.8,1.0,1.4,0.2,5,0.2,1.2,2.4,0.0,5
2019-03-09,2018-19,Leicester City,Fulham,3,1,H,1467.1,1398.7,68.4,12,19,7,29,29,0,0,1,1,0.6,1.0,2.2,0.0,5,0.0,0.4,2.4,0.0,5,0.7,1.1,1.9,0.1,10,0.6,1.0,2.2,0.1,10,0.6,0.8,1.8,0.0,5,0.0,0.6,2.6,0.0,5
2019-03-10,2018-19,Arsenal,Manchester United,2,0,H,1629.0,1684.0,-54.9,5,4,-1,29,29,1,2,2,5,2.0,2.2,1.2,0.2,5,2.6,2.0,0.6,0.6,5,1.9,2.0,1.4,0.2,10,2.6,2.1,0.7,0.5,10,3.0,3.0,0.6,0.4,5,3.0,2.0,0.2,0.8,5
2019-03-10,2018-19,Chelsea,Wolverhampton Wanderers,1,1,D,1651.7,1523.9,127.8,6,7,1,28,29,0,1,0,1,1.8,1.8,2.2,0.4,5,1.6,1.4,0.8,0.2,5,1.9,1.4,1.5,0.4,10,1.7,1.7,1.3,0.2,10,2.0,1.8,0.4,0.6,5,1.4,1.4,1.4,0.0,5
2019-03-10,2018-19,Liverpool,Burnley,4,2,H,1728.0,1464.9,263.1,2,17,15,29,29,3,1,1,5,1.8,1.8,0.2,0.8,5,1.4,1.4,1.6,0.0,5,1.9,2.1,0.8,0.5,10,1.8,1.5,1.2,0.2,10,2.6,3.6,1.0,0.4,5,1.6,1.4,1.2,0.2,5
2019-03-16,2018-19,Burnley,Leicester City,1,2,A,1462.7,1472.6,-9.9,17,10,-7,30,30,2,2,1,5,1.2,1.6,2.2,0.0,5,1.2,1.6,2.2,0.0,5,1.5,1.5,1.6,0.1,10,1.0,1.4,1.9,0.1,10,2.0,1.6,1.2,0.2,5,0.8,1.4,2.0,0.2,5
2019-03-16,2018-19,Bournemouth,Newcastle United,2,2,D,1478.4,1481.2,-2.9,12,13,1,30,30,1,1,1,3,0.8,0.8,2.0,0.2,5,2.0,1.6,1.0,0.4,5,1.1,1.3,1.7,0.3,10,1.6,1.4,1.1,0.3,10,1.6,2.0,1.0,0.4,5,0.4,0.6,1.4,0.0,5
2019-03-16,2018-19,West Ham United,Huddersfield Town,4,3,H,1488.8,1342.2,146.6,10,20,10,30,30,2,0,1,3,1.4,1.2,1.0,0.2,5,0.6,0.4,1.4,0.2,5,1.2,1.0,1.3,0.2,10,0.4,0.3,1.8,0.2,10,2.2,1.8,0.8,0.4,5,0.2,0.0,1.8,0.2,5
2019-03-17,2018-19,Fulham,Liverpool,1,2,A,1393.2,1730.2,-337.0,19,2,-17,30,30,0,1,0,1,0.0,0.6,2.6,0.0,5,2.2,2.4,0.4,0.8,5,0.3,1.0,2.5,0.0,10,1.9,2.0,0.9,0.5,10,1.2,1.4,1.8,0.2,5,1.2,0.6,0.6,0.6,5
2019-03-17,2018-19,Everton,Chelsea,2,0,H,1489.0,1645.9,-156.9,12,6,-6,30,29,0,3,2,5,0.8,1.0,1.2,0.4,5,2.0,2.0,1.6,0.4,5,1.0,1.0,1.2,0.4,10,1.7,1.3,1.5,0.4,10,0.8,0.6,1.2,0.4,5,1.2,0.6,2.6,0.2,5
2019-03-30,2018-19,West Ham United,Everton,0,2,A,1492.7,1500.6,-8.0,9,11,2,31,31,2,2,1,5,1.8,1.8,1.4,0.2,5,1.4,1.4,0.8,0.6,5,1.4,1.2,1.4,0.2,10,1.3,1.2,1.1,0.5,10,2.6,2.2,1.0,0.4,5,1.2,1.4,1.2,0.4,5
2019-03-30,2018-19,Manchester United,Watford,2,1,H,1675.2,1494.2,181.1,5,9,4,30,30,4,1,0,5,2.0,1.8,1.0,0.4,5,1.8,1.8,2.0,0.2,5,2.3,1.7,0.8,0.5,10,1.5,1.5,1.6,0.3,10,2.2,2.2,1.2,0.2,5,0.8,1.4,2.2,0.2,5
2019-03-30,2018-19,Leicester City,Bournemouth,2,0,H,1485.2,1475.6,9.5,11,12,1,31,31,0,2,3,5,1.8,1.8,1.8,0.0,5,1.0,1.2,1.8,0.2,5,1.0,1.5,2.0,0.0,10,1.1,1.2,1.6,0.3,10,1.2,1.4,1.8,0.0,5,0.6,0.6,2.4,0.2,5
2019-03-30,2018-19,Burnley,Wolverhampton Wanderers,2,0,H,1450.1,1529.6,-79.5,17,7,-10,31,30,0,1,0,1,0.6,1.2,2.4,0.0,5,1.2,1.0,0.8,0.2,5,1.2,1.4,1.7,0.1,10,1.5,1.5,1.3,0.2,10,1.4,1.4,1.6,0.0,5,1.0,1.0,1.4,0.0,5
2019-03-30,2018-19,Crystal Palace,Huddersfield Town,2,0,H,1469.6,1338.3,131.3,14,20,6,30,31,2,1,0,3,1.4,2.0,1.6,0.0,5,0.6,0.8,1.8,0.2,5,1.4,1.9,1.5,0.2,10,0.4,0.5,2.0,0.2,10,0.8,1.2,1.6,0.2,5,0.2,0.6,2.4,0.2,5
2019-03-30,2018-19,Brighton and Hove Albion,Southampton,0,1,A,1457.9,1454.2,3.7,15,17,2,29,30,0,0,3,3,1.4,1.0,1.2,0.4,5,1.2,1.4,1.6,0.2,5,1.1,1.1,1.5,0.3,10,1.5,1.3,1.2,0.2,10,1.4,0.6,0.8,0.6,5,1.0,1.0,1.4,0.2,5
2019-03-30,2018-19,Fulham,Manchester City,0,2,A,1389.1,1771.7,-382.5,19,2,-17,31,30,0,1,0,1,0.0,0.8,2.4,0.0,5,3.0,2.6,0.2,0.8,5,0.3,1.0,2.3,0.0,10,2.7,2.5,0.5,0.6,10,0.6,1.4,2.2,0.0,5,2.4,2.0,0.6,0.6,5
2019-03-31,2018-19,Cardiff City,Chelsea,1,2,A,1439.8,1634.3,-194.4,18,6,-12,30,30,0,1,0,1,1.2,1.0,2.2,0.2,5,1.4,1.0,2.0,0.2,5,1.0,0.8,1.9,0.3,10,1.4,1.2,1.7,0.3,10,1.4,1.0,1.6,0.6,5,0.6,0.4,3.0,0.0,5
2019-03-31,2018-19,Liverpool,Tottenham,2,1,H,1734.3,1660.7,73.6,2,3,1,31,30,2,1,2,5,2.2,2.2,0.6,0.6,5,0.8,1.2,1.6,0.0,5,2.2,2.1,0.8,0.5,10,1.6,1.4,1.1,0.2,10,2.6,3.4,1.2,0.4,5,1.2,1.4,1.4,0.2,5
2019-04-01,2018-19,Arsenal,Newcastle United,2,0,H,1637.7,1484.0,153.8,5,14,9,30,31,2,1,0,3,2.6,2.4,0.6,0.4,5,2.0,1.8,1.2,0.4,5,2.2,2.1,0.9,0.3,10,1.7,1.6,1.1,0.3,10,3.0,2.6,0.4,0.6,5,0.4,0.8,1.6,0.0,5
2019-04-02,2018-19,Watford,Fulham,4,1,H,1490.9,1385.8,105.0,10,19,9,31,32,0,0,1,1,1.2,1.8,2.4,0.0,5,0.0,0.6,2.2,0.0,5,1.4,1.3,1.5,0.3,10,0.3,0.9,2.3,0.0,10,1.6,1.0,0.8,0.4,5,0.0,0.6,2.4,0.0,5
2019-04-02,2018-19,Wolverhampton Wanderers,Manchester United,2,1,H,1520.2,1678.6,-158.3,8,5,-3,31,31,0,0,1,1,1.0,0.8,1.0,0.2,5,2.0,1.6,1.2,0.2,5,1.5,1.5,1.3,0.2,10,2.3,1.7,0.9,0.4,10,2.0,2.0,1.2,0.4,5,2.4,1.6,0.6,0.6,5
2019-04-03,2018-19,Chelsea,Brighton and Hove Albion,3,0,H,1641.6,1445.0,196.6,6,15,9,31,30,3,0,0,3,2.0,1.4,1.0,0.2,5,1.2,1.0,1.4,0.2,5,1.6,1.4,1.8,0.2,10,0.8,1.0,1.6,0.2,10,2.2,2.0,0.4,0.6,5,0.8,1.6,2.2,0.0,5
2019-04-03,2018-19,Manchester City,Cardiff City,2,0,H,1775.0,1432.5,342.5,2,18,16,31,31,1,0,0,1,3.0,2.6,0.2,0.8,5,0.6,0.8,2.4,0.2,5,2.7,2.5,0.4,0.7,10,1.0,0.9,1.8,0.3,10,3.0,3.2,0.4,0.6,5,1.2,0.8,1.6,0.2,5
2019-04-03,2018-19,Tottenham,Crystal Palace,2,0,H,1655.3,1473.8,181.5,5,13,8,31,31,5,0,0,5,0.2,0.8,1.8,0.0,5,1.8,2.2,1.4,0.2,5,1.3,1.2,1.3,0.1,10,1.4,1.9,1.5,0.2,10,2.0,1.4,0.8,0.2,5,2.0,2.6,1.4,0.2,5
2019-04-05,2018-19,Southampton,Liverpool,1,3,A,1467.1,1739.7,-272.5,16,2,-14,31,32,0,3,2,5,1.8,1.4,1.2,0.4,5,2.6,2.6,0.8,0.4,5,1.7,1.4,1.2,0.2,10,2.2,2.2,0.9,0.4,10,2.0,1.6,1.0,0.2,5,1.8,0.8,0.4,0.6,5
2019-04-06,2018-19,Newcastle United,Crystal Palace,0,1,A,1480.2,1470.5,9.8,14,13,-1,32,32,1,0,2,3,1.4,1.4,1.6,0.2,5,1.2,1.4,1.6,0.2,5,1.7,1.5,1.1,0.3,10,1.4,1.8,1.5,0.2,10,3.0,2.4,0.6,0.6,5,1.4,2.2,1.8,0.0,5
2019-04-06,2018-19,Huddersfield Town,Leicester City,1,4,A,1334.1,1492.1,-158.0,20,9,-11,32,32,0,2,1,3,0.6,0.8,1.8,0.2,5,2.4,2.0,1.0,0.2,5,0.3,0.5,2.2,0.1,10,1.3,1.6,1.8,0.1,10,0.6,0.4,1.6,0.2,5,0.8,1.6,2.2,0.0,5
2019-04-06,2018-19,Bournemouth,Burnley,1,3,A,1468.7,1459.6,9.1,13,17,4,32,32,2,3,0,5,0.8,1.0,2.0,0.2,5,0.6,1.2,2.2,0.2,5,1.1,1.2,1.6,0.3,10,1.2,1.4,1.6,0.2,10,1.6,1.8,0.8,0.4,5,1.0,1.4,1.8,0.2,5
2019-04-07,2018-19,Everton,Arsenal,1,0,H,1513.2,1641.5,-128.3,10,4,-6,32,31,1,4,0,5,2.0,1.8,0.6,0.8,5,2.6,2.4,0.4,0.6,5,1.3,1.2,1.1,0.5,10,2.2,1.9,0.8,0.4,10,1.4,1.0,1.0,0.6,5,0.8,1.0,2.2,0.0,5
2019-04-08,2018-19,Chelsea,West Ham United,2,0,H,1644.7,1480.1,164.6,5,11,6,32,32,2,1,2,5,2.0,1.6,1.0,0.2,5,1.2,1.2,1.6,0.2,5,1.6,1.5,1.7,0.3,10,1.1,1.1,1.6,0.1,10,2.6,2.6,0.4,0.6,5,0.2,0.2,1.8,0.0,5
2019-04-12,2018-19,Leicester City,Newcastle United,0,1,A,1500.5,1467.1,33.3,7,15,8,33,33,2,1,0,3,2.4,2.4,1.0,0.2,5,0.8,1.0,1.8,0.0,5,1.6,1.7,1.5,0.1,10,1.4,1.2,1.2,0.2,10,1.8,1.6,1.4,0.2,5,0.4,0.6,1.6,0.0,5
2019-04-13,2018-19,Brighton and Hove Albion,Bournemouth,0,5,A,1441.9,1455.7,-13.7,16,14,-2,31,33,0,2,1,3,1.2,0.8,1.4,0.2,5,0.8,1.0,1.6,0.2,5,0.7,0.8,1.7,0.2,10,0.8,1.1,1.9,0.2,10,0.8,0.4,1.0,0.4,5,0.6,0.6,2.4,0.2,5
2019-04-13,2018-19,Burnley,Cardiff City,2,0,H,1472.6,1431.0,41.6,15,18,3,33,32,1,0,0,1,1.2,1.8,2.0,0.2,5,0.6,0.6,1.8,0.2,5,1.4,1.7,1.7,0.1,10,0.9,0.9,2.0,0.2,10,1.4,1.4,1.4,0.2,5,0.6,0.6,2.0,0.0,5
2019-04-13,2018-19,Fulham,Everton,2,0,H,1381.1,1524.0,-142.9,19,9,-10,33,33,0,1,0,1,0.0,0.8,2.6,0.0,5,2.0,1.4,0.6,0.8,5,0.3,0.9,2.5,0.0,10,1.6,1.2,0.9,0.6,10,0.6,1.2,2.2,0.0,5,1.8,1.6,0.8,0.6,5
2019-04-13,2018-19,Manchester United,West Ham United,2,1,H,1666.9,1476.5,190.4,6,11,5,32,33,2,1,2,5,1.8,1.8,1.6,0.0,5,1.2,1.2,1.8,0.2,5,2.0,1.7,1.1,0.3,10,1.1,1.1,1.6,0.1,10,2.2,1.8,1.2,0.2,5,0.2,0.2,1.8,0.0,5
2019-04-13,2018-19,Southampton,Wolverhampton Wanderers,3,1,H,1461.7,1531.9,-70.2,16,8,-8,32,32,0,1,0,1,1.8,1.6,1.4,0.4,5,1.4,1.0,1.0,0.2,5,1.4,1.3,1.4,0.2,10,1.8,1.7,1.1,0.2,10,1.4,1.4,1.4,0.2,5,1.0,1.0,1.2,0.0,5
2019-04-13,2018-19,Tottenham,Huddersfield Town,4,0,H,1658.6,1325.7,332.9,4,20,16,32,33,3,0,0,3,0.8,1.0,1.4,0.2,5,0.0,0.8,2.6,0.0,5,1.6,1.4,1.2,0.2,10,0.3,0.6,2.3,0.1,10,2.6,1.8,0.6,0.4,5,0.0,0.6,2.8,0.0,5
2019-04-14,2018-19,Crystal Palace,Manchester City,1,3,A,1483.5,1776.4,-292.9,13,2,-11,33,32,1,3,1,5,1.8,1.4,1.0,0.4,5,3.0,1.8,0.2,0.8,5,1.7,1.6,1.1,0.3,10,2.7,2.4,0.4,0.7,10,1.4,1.4,1.2,0.4,5,2.4,1.8,0.4,0.8,5
2019-04-14,2018-19,Liverpool,Chelsea,2,0,H,1745.1,1648.3,96.8,2,4,2,33,33,1,1,3,5,2.6,2.2,1.0,0.2,5,2.0,1.6,0.8,0.4,5,2.2,2.1,0.7,0.4,10,1.9,1.7,1.5,0.4,10,2.6,3.0,0.8,0.4,5,1.2,0.8,2.8,0.0,5
2019-04-15,2018-19,Watford,Arsenal,0,1,A,1495.6,1630.7,-135.1,10,6,-4,32,32,2,3,0,5,1.2,1.6,2.4,0.0,5,2.0,2.0,0.6,0.4,5,1.4,1.5,1.5,0.3,10,2.2,1.9,0.8,0.4,10,2.2,1.6,0.6,0.4,5,0.8,0.8,1.4,0.0,5
2019-04-16,2018-19,Brighton and Hove Albion,Cardiff City,0,2,A,1429.5,1424.9,4.6,17,18,1,32,33,0,1,0,1,1.2,0.6,2.0,0.2,5,0.6,0.6,1.6,0.2,5,0.7,0.8,2.1,0.2,10,0.9,0.9,1.9,0.2,10,0.8,0.4,1.8,0.4,5,0.6,0.6,1.8,0.0,5
2019-04-20,2018-19,Bournemouth,Fulham,0,1,A,1468.1,1392.4,75.7,12,19,7,34,34,1,0,0,1,1.4,2.0,1.4,0.4,5,0.6,1.0,2.2,0.2,5,0.8,1.2,1.9,0.2,10,0.3,0.7,2.3,0.1,10,1.0,1.6,1.4,0.2,5,0.0,0.6,2.8,0.0,5
2019-04-20,2018-19,Huddersfield Town,Watford,1,2,A,1324.2,1486.6,-162.4,20,10,-10,34,33,2,1,0,3,0.0,0.8,3.2,0.0,5,1.2,1.6,1.6,0.0,5,0.3,0.6,2.6,0.1,10,1.3,1.5,1.6,0.2,10,0.6,0.6,1.8,0.2,5,0.8,1.4,2.2,0.2,5
2019-04-20,2018-19,Manchester City,Tottenham,1,0,H,1781.4,1660.1,121.2,2,3,1,33,33,3,1,1,5,3.0,2.2,0.4,0.6,5,1.4,1.8,1.0,0.4,5,2.7,2.4,0.5,0.6,10,1.6,1.6,1.1,0.3,10,3.0,3.0,0.4,0.6,5,0.6,1.0,1.8,0.0,5
2019-04-20,2018-19,Newcastle United,Southampton,3,1,H,1480.8,1470.9,9.9,15,16,1,34,33,1,0,2,3,1.4,1.2,1.4,0.2,5,1.8,1.8,1.6,0.2,5,1.4,1.1,1.1,0.3,10,1.4,1.4,1.4,0.2,10,2.4,1.8,0.8,0.4,5,1.4,1.2,1.4,0.2,5
2019-04-20,2018-19,West Ham United,Leicester City,2,2,D,1473.3,1486.8,-13.5,11,8,-3,34,34,1,2,2,5,0.6,1.0,2.2,0.0,5,2.4,2.2,0.8,0.2,5,1.1,1.2,1.5,0.1,10,1.5,1.6,1.5,0.1,10,2.0,2.0,1.4,0.2,5,1.4,1.8,1.6,0.0,5
2019-04-20,2018-19,Wolverhampton Wanderers,Brighton and Hove Albion,0,0,D,1522.7,1416.6,106.2,9,17,8,33,33,0,1,0,1,1.4,1.2,1.4,0.2,5,0.6,0.4,2.4,0.0,5,1.5,1.4,1.1,0.2,10,0.7,0.7,2.1,0.2,10,2.6,2.4,1.0,0.4,5,0.6,1.2,2.4,0.0,5
2019-04-21,2018-19,Arsenal,Crystal Palace,2,3,A,1639.7,1478.6,161.1,4,14,10,33,34,3,1,1,5,2.0,1.2,0.4,0.6,5,1.2,1.0,1.4,0.4,5,2.2,1.8,0.8,0.4,10,1.6,1.6,1.3,0.3,10,3.0,2.6,0.4,0.6,5,2.0,1.8,1.0,0.2,5
2019-04-21,2018-19,Cardiff City,Liverpool,0,2,A,1437.8,1749.9,-312.1,18,2,-16,34,34,0,1,0,1,1.2,1.0,1.2,0.4,5,3.0,2.6,1.0,0.2,5,1.2,1.0,1.7,0.3,10,2.4,2.2,0.6,0.5,10,1.2,1.2,2.0,0.4,5,1.8,1.2,0.6,0.4,5
2019-04-21,2018-19,Everton,Manchester United,4,0,H,1512.8,1670.1,-157.3,10,6,-4,34,33,0,3,2,5,1.8,1.4,1.0,0.6,5,1.8,1.6,1.6,0.0,5,1.3,1.1,1.1,0.5,10,2.0,1.7,1.1,0.3,10,1.4,0.8,1.0,0.6,5,1.8,1.6,1.0,0.4,5
2019-04-22,2018-19,Chelsea,Burnley,2,2,D,1643.4,1478.7,164.7,5,15,10,34,34,3,1,1,5,1.8,1.4,1.0,0.4,5,1.8,2.0,1.4,0.4,5,1.9,1.7,1.3,0.4,10,1.6,1.7,1.5,0.2,10,2.6,2.6,0.2,0.8,5,1.4,2.0,2.0,0.0,5
2019-04-23,2018-19,Tottenham,Brighton and Hove Albion,1,0,H,1655.8,1421.9,233.9,3,17,14,34,34,2,0,1,3,1.2,1.6,1.0,0.4,5,0.2,0.0,2.2,0.2,5,1.3,1.4,1.1,0.3,10,0.8,0.5,1.7,0.3,10,2.6,2.2,0.4,0.6,5,0.8,1.0,2.0,0.2,5
2019-04-23,2018-19,Watford,Southampton,1,1,D,1494.8,1463.9,30.9,8,16,8,34,34,1,1,3,5,1.2,1.6,1.6,0.0,5,1.8,1.6,1.6,0.2,5,1.6,1.6,1.5,0.2,10,1.3,1.4,1.6,0.2,10,2.0,1.4,0.6,0.4,5,0.8,1.0,1.8,0.2,5
2019-04-24,2018-19,Wolverhampton Wanderers,Arsenal,3,1,H,1517.4,1623.3,-105.9,10,5,-5,34,34,0,0,1,1,1.0,0.8,1.4,0.2,5,1.8,1.4,0.8,0.6,5,1.3,1.1,1.1,0.2,10,1.9,1.8,1.0,0.4,10,2.2,1.6,0.4,0.6,5,1.4,1.0,1.2,0.2,5
2019-04-24,2018-19,Manchester United,Manchester City,0,2,A,1658.4,1785.7,-127.3,6,2,-4,34,34,1,3,1,5,1.2,1.0,2.0,0.0,5,3.0,2.2,0.4,0.6,5,1.9,1.5,1.3,0.3,10,3.0,2.4,0.3,0.7,10,2.2,1.8,1.2,0.2,5,2.4,1.8,0.6,0.6,5
2019-04-26,2018-19,Liverpool,Huddersfield Town,5,0,H,1754.5,1316.0,438.5,2,20,18,35,35,3,0,0,3,3.0,2.2,0.6,0.4,5,0.0,1.0,3.2,0.0,5,2.6,2.3,0.5,0.6,10,0.3,0.7,2.3,0.1,10,3.0,3.2,0.6,0.6,5,0.0,0.6,2.6,0.0,5
2019-04-27,2018-19,Brighton and Hove Albion,Newcastle United,1,1,D,1419.3,1487.7,-68.4,17,13,-4,35,35,2,0,1,3,0.2,0.0,2.2,0.2,5,1.4,1.2,1.2,0.2,5,0.7,0.5,1.8,0.2,10,1.7,1.4,1.1,0.3,10,0.6,0.4,2.2,0.2,5,1.0,0.8,1.4,0.2,5
2019-04-27,2018-19,Crystal Palace,Everton,0,0,D,1494.9,1524.4,-29.5,12,9,-3,35,35,0,3,2,5,1.8,1.4,1.4,0.4,5,2.4,1.8,0.4,0.8,5,1.6,1.7,1.5,0.2,10,1.6,1.4,0.8,0.6,10,0.8,1.2,1.8,0.2,5,1.2,1.4,1.2,0.4,5
2019-04-27,2018-19,Fulham,Cardiff City,1,0,H,1407.0,1433.3,-26.2,19,18,-1,35,35,0,1,0,1,1.2,1.0,1.6,0.4,5,0.6,0.6,1.6,0.2,5,0.6,0.8,2.1,0.2,10,0.9,0.8,1.9,0.2,10,0.6,0.8,1.8,0.2,5,1.2,0.8,1.4,0.2,5
2019-04-27,2018-19,Southampton,Bournemouth,3,3,D,1467.5,1453.4,14.1,16,14,-2,35,35,2,0,3,5,1.4,1.4,1.6,0.2,5,0.8,1.6,1.6,0.2,5,1.3,1.4,1.6,0.2,10,0.8,1.2,1.8,0.2,10,1.8,1.8,1.4,0.2,5,1.2,1.6,2.0,0.4,5
2019-04-27,2018-19,Tottenham,West Ham United,0,1,A,1658.3,1470.9,187.4,3,12,9,35,35,3,1,1,5,1.8,1.6,0.6,0.6,5,0.8,1.4,2.2,0.0,5,1.3,1.4,1.1,0.3,10,1.1,1.3,1.6,0.1,10,2.6,2.2,0.4,0.6,5,0.2,0.4,1.6,0.0,5
2019-04-27,2018-19,Watford,Wolverhampton Wanderers,1,2,A,1491.2,1527.6,-36.4,9,7,-2,35,35,1,0,0,1,1.4,1.6,1.2,0.0,5,1.4,1.2,1.4,0.2,5,1.6,1.7,1.6,0.1,10,1.3,1.1,1.1,0.2,10,2.0,1.6,0.8,0.2,5,0.4,0.6,1.6,0.0,5
2019-04-28,2018-19,Burnley,Manchester City,0,1,A,1485.2,1795.0,-309.8,15,2,-13,35,35,0,4,1,5,2.0,2.0,1.0,0.4,5,3.0,2.0,0.2,0.8,5,1.6,1.8,1.6,0.2,10,3.0,2.3,0.2,0.8,10,1.8,1.6,1.2,0.4,5,3.0,2.0,0.2,0.8,5
2019-04-28,2018-19,Leicester City,Arsenal,3,0,H,1489.2,1613.2,-123.9,10,5,-5,35,35,1,3,1,5,2.0,2.0,1.0,0.2,5,1.2,1.2,1.4,0.4,5,1.6,1.8,1.6,0.1,10,1.9,1.8,1.0,0.4,10,1.8,1.6,1.4,0.2,5,1.4,1.0,1.2,0.2,5
2019-04-28,2018-19,Manchester United,Chelsea,1,1,D,1649.2,1637.0,12.2,6,4,-2,35,35,2,2,1,5,1.2,1.0,2.0,0.0,5,2.0,1.8,1.0,0.4,5,1.6,1.4,1.5,0.2,10,1.7,1.4,1.5,0.3,10,2.0,1.4,1.2,0.2,5,1.2,0.8,2.4,0.0,5
2019-05-03,2018-19,Everton,Burnley,2,0,H,1526.4,1480.6,45.9,9,15,6,36,36,2,3,0,5,2.0,1.4,0.4,0.8,5,2.0,1.8,0.8,0.4,5,1.7,1.4,0.6,0.7,10,1.3,1.5,1.6,0.2,10,2.0,1.4,0.4,0.8,5,1.4,2.0,2.0,0.0,5
2019-05-04,2018-19,West Ham United,Southampton,3,0,H,1487.7,1464.4,23.3,11,16,5,36,36,3,2,0,5,0.8,0.8,1.6,0.2,5,1.0,1.8,2.2,0.0,5,1.3,1.3,1.5,0.2,10,1.4,1.6,1.7,0.2,10,2.0,2.2,1.6,0.2,5,0.8,1.0,1.8,0.2,5
2019-05-04,2018-19,Newcastle United,Liverpool,2,3,A,1488.7,1755.4,-266.7,13,2,-11,36,36,0,2,1,3,1.4,1.0,1.0,0.2,5,3.0,2.8,0.4,0.6,5,1.7,1.4,1.1,0.3,10,2.6,2.5,0.5,0.6,10,2.4,2.0,0.8,0.4,5,2.2,1.4,0.4,0.6,5
2019-05-04,2018-19,Wolverhampton Wanderers,Fulham,1,0,H,1539.4,1414.9,124.5,7,19,12,36,36,0,0,1,1,2.0,1.6,1.2,0.2,5,1.8,1.0,1.2,0.6,5,1.5,1.2,1.1,0.2,10,0.9,0.9,1.8,0.3,10,2.2,1.6,0.6,0.4,5,0.6,0.8,2.4,0.2,5
2019-05-04,2018-19,Bournemouth,Tottenham,1,0,H,1456.6,1641.5,-184.9,14,3,-11,36,36,0,4,1,5,0.8,1.8,1.8,0.2,5,1.8,1.4,0.4,0.6,5,0.9,1.5,1.8,0.2,10,1.0,1.1,1.1,0.3,10,0.4,0.8,1.6,0.0,5,0.0,0.6,1.8,0.0,5
2019-05-04,2018-19,Cardiff City,Crystal Palace,2,3,A,1425.4,1492.9,-67.6,18,13,-5,36,36,0,0,1,1,0.6,0.4,1.4,0.2,5,1.4,1.0,1.4,0.4,5,0.6,0.6,1.9,0.2,10,1.6,1.6,1.4,0.3,10,0.6,0.8,2.4,0.2,5,2.4,2.2,1.2,0.2,5
2019-05-05,2018-19,Arsenal,Brighton and Hove Albion,1,1,D,1602.5,1418.4,184.0,5,17,12,36,36,1,1,1,3,0.6,0.8,2.0,0.2,5,0.4,0.2,1.8,0.2,5,1.6,1.6,1.2,0.4,10,0.8,0.5,1.6,0.2,10,2.4,2.6,0.8,0.6,5,0.8,0.6,1.4,0.2,5
2019-05-05,2018-19,Chelsea,Watford,3,0,H,1640.1,1479.4,160.7,4,10,6,36,36,4,1,0,5,1.6,1.6,1.0,0.4,5,1.4,1.6,1.2,0.0,5,1.8,1.5,1.0,0.3,10,1.3,1.7,1.8,0.0,10,2.2,2.0,0.6,0.6,5,1.2,1.8,2.4,0.0,5
2019-05-05,2018-19,Huddersfield Town,Manchester United,1,1,D,1315.1,1646.1,-331.0,20,6,-14,36,36,1,2,0,3,0.0,0.4,3.4,0.0,5,0.8,0.8,2.0,0.0,5,0.3,0.6,2.6,0.1,10,1.4,1.2,1.6,0.1,10,0.6,0.8,2.0,0.2,5,1.2,1.4,1.8,0.2,5
2019-05-06,2018-19,Manchester City,Leicester City,1,0,H,1799.6,1499.9,299.6,2,9,7,36,36,3,2,0,5,3.0,1.8,0.2,0.8,5,2.0,2.2,0.8,0.4,5,3.0,2.2,0.2,0.8,10,1.9,2.0,1.3,0.2,10,3.0,2.6,0.2,0.8,5,1.4,2.0,1.8,0.0,5
2019-05-12,2018-19,Southampton,Huddersfield Town,1,1,D,1457.8,1320.9,136.8,16,20,4,37,37,1,0,2,3,1.0,1.6,2.2,0.0,5,0.2,0.6,3.2,0.0,5,1.4,1.6,1.8,0.2,10,0.4,0.7,2.5,0.1,10,2.0,2.2,1.6,0.2,5,0.0,0.6,3.2,0.0,5
2019-05-12,2018-19,Manchester United,Cardiff City,0,2,A,1640.3,1414.4,225.8,6,18,12,37,37,1,0,0,1,1.0,0.8,1.8,0.0,5,0.6,0.8,1.6,0.2,5,1.4,1.3,1.7,0.0,10,0.6,0.7,1.7,0.2,10,2.0,1.6,1.4,0.0,5,0.6,0.4,1.4,0.2,5
2019-05-12,2018-19,Liverpool,Wolverhampton Wanderers,2,0,H,1760.9,1543.7,217.2,2,7,5,37,37,1,0,0,1,3.0,3.0,0.6,0.6,5,2.0,1.4,1.0,0.4,5,2.8,2.8,0.7,0.5,10,1.7,1.2,1.0,0.3,10,3.0,3.6,0.6,0.6,5,0.8,0.8,1.6,0.0,5
2019-05-12,2018-19,Leicester City,Chelsea,0,0,D,1498.1,1643.7,-145.6,9,3,-6,37,37,1,3,1,5,1.4,1.8,1.0,0.2,5,1.6,1.6,1.0,0.4,5,1.9,1.9,1.0,0.2,10,1.8,1.6,1.0,0.3,10,2.4,2.0,0.6,0.4,5,1.4,1.0,1.4,0.0,5
2019-05-12,2018-19,Watford,West Ham United,1,4,A,1475.7,1494.3,-18.5,10,11,1,37,37,3,1,1,5,0.8,0.8,1.6,0.0,5,1.4,1.4,1.2,0.4,5,1.0,1.2,2.0,0.0,10,1.3,1.3,1.4,0.3,10,1.4,1.6,1.2,0.0,5,0.6,0.4,1.4,0.2,5
2019-05-12,2018-19,Crystal Palace,Bournemouth,5,3,H,1503.8,1469.0,34.9,12,13,1,37,37,1,1,3,5,2.0,1.6,1.4,0.4,5,1.4,2.0,1.4,0.4,5,1.6,1.5,1.5,0.3,10,1.1,1.5,1.7,0.3,10,0.8,1.0,1.6,0.4,5,1.4,2.2,2.0,0.4,5
2019-05-12,2018-19,Fulham,Newcastle United,0,4,A,1410.6,1483.1,-72.5,19,14,-5,37,37,0,0,1,1,1.8,1.0,1.0,0.6,5,1.4,1.4,1.2,0.2,5,0.9,0.8,1.6,0.3,10,1.4,1.4,1.4,0.2,10,1.2,1.0,1.2,0.4,5,1.0,0.8,1.4,0.2,5
2019-05-12,2018-19,Tottenham,Everton,2,2,D,1629.1,1532.5,96.7,4,8,4,37,37,4,0,1,5,1.2,1.0,0.6,0.4,5,2.0,1.4,0.4,0.8,5,1.0,1.0,1.0,0.3,10,2.0,1.6,0.5,0.8,10,2.0,1.6,0.4,0.6,5,1.4,1.4,1.0,0.6,5
2019-05-12,2018-19,Burnley,Arsenal,1,3,A,1474.5,1595.7,-121.2,15,5,-10,37,37,0,5,0,5,1.4,1.4,1.2,0.2,5,0.8,1.0,2.0,0.2,5,1.0,1.3,1.7,0.2,10,1.4,1.5,1.3,0.3,10,1.2,1.2,1.2,0.4,5,0.8,0.6,1.6,0.2,5
2019-05-12,2018-19,Brighton and Hove Albion,Manchester City,1,4,A,1425.2,1801.4,-376.2,17,2,-15,37,37,0,3,0,3,0.6,0.4,1.0,0.2,5,3.0,1.6,0.2,0.8,5,0.9,0.5,1.5,0.2,10,3.0,1.7,0.2,0.8,10,0.8,0.4,1.8,0.2,5,3.0,1.8,0.2,0.8,5
2019-08-09,2019-20,Liverpool,Norwich City,4,1,H,1763.7,1500.0,263.7,1,1,0,0,0,0,0,0,0,3.0,2.8,0.4,0.8,5,0.0,0.0,0.0,0.0,0,2.8,2.5,0.7,0.5,10,0.0,0.0,0.0,0.0,0,3.0,3.0,0.6,0.6,5,0.0,0.0,0.0,0.0,0
2019-08-10,2019-20,West Ham United,Manchester City,0,5,A,1506.6,1804.8,-298.2,3,3,0,0,0,0,5,0,5,2.0,2.2,1.0,0.4,5,3.0,1.8,0.2,0.8,5,1.6,1.7,1.4,0.3,10,3.0,2.0,0.3,0.7,10,2.0,2.2,1.4,0.4,5,3.0,2.4,0.4,0.6,5
2019-08-10,2019-20,Bournemouth,Sheffield United,1,1,D,1462.7,1500.0,-37.3,5,5,0,0,0,0,0,0,0,1.4,2.4,1.8,0.4,5,0.0,0.0,0.0,0.0,0,1.1,1.7,1.7,0.3,10,0.0,0.0,0.0,0.0,0,0.8,0.8,1.4,0.2,5,0.0,0.0,0.0,0.0,0
2019-08-10,2019-20,Crystal Palace,Everton,0,0,D,1510.2,1537.6,-27.4,7,7,0,0,0,0,3,2,5,2.0,2.4,2.0,0.2,5,1.6,1.6,0.8,0.6,5,1.9,1.9,1.5,0.3,10,1.8,1.5,0.7,0.7,10,1.4,1.8,1.6,0.4,5,1.0,1.2,1.4,0.4,5
2019-08-10,2019-20,Watford,Brighton and Hove Albion,0,3,A,1463.4,1421.8,41.6,9,9,0,0,0,1,1,2,4,0.8,1.0,2.2,0.0,5,0.6,0.6,1.4,0.2,5,1.0,1.3,1.9,0.0,10,0.6,0.5,1.9,0.1,10,0.8,1.4,1.8,0.0,5,1.0,0.6,1.2,0.2,5
2019-08-10,2019-20,Tottenham,Aston Villa,3,1,H,1624.0,1500.0,124.0,11,11,0,0,0,0,0,0,0,0.8,0.6,1.0,0.2,5,0.0,0.0,0.0,0.0,0,1.1,1.2,1.0,0.3,10,0.0,0.0,0.0,0.0,0,2.0,1.8,0.6,0.6,5,0.0,0.0,0.0,0.0,0
2019-08-10,2019-20,Burnley,Southampton,3,0,H,1465.1,1451.8,13.3,13,13,0,0,0,2,0,3,5,0.8,1.0,1.6,0.2,5,0.6,1.2,2.2,0.0,5,1.0,1.4,1.8,0.2,10,1.2,1.5,1.9,0.1,10,1.2,1.2,1.2,0.4,5,0.8,1.0,2.0,0.2,5
2019-08-11,2019-20,Leicester City,Wolverhampton Wanderers,0,0,D,1499.4,1540.9,-41.5,15,15,0,0,0,1,1,0,2,1.0,1.0,0.8,0.4,5,2.0,1.2,0.8,0.4,5,1.7,1.7,0.9,0.3,10,1.7,1.2,1.1,0.3,10,2.0,1.6,0.4,0.6,5,0.8,0.8,1.8,0.0,5
2019-08-11,2019-20,Newcastle United,Arsenal,0,1,A,1493.9,1605.1,-111.2,17,17,0,0,0,1,3,0,4,2.0,2.2,1.0,0.4,5,0.8,1.4,2.2,0.0,5,1.4,1.6,1.4,0.2,10,1.4,1.3,1.3,0.3,10,1.8,2.0,1.4,0.2,5,1.2,1.0,1.6,0.2,5
2019-08-11,2019-20,Manchester United,Chelsea,4,0,H,1622.9,1642.4,-19.5,19,19,0,0,0,2,1,2,5,0.4,0.4,2.0,0.0,5,1.2,1.2,1.0,0.4,5,1.1,1.0,1.8,0.0,10,1.6,1.4,0.9,0.4,10,1.4,1.0,1.4,0.0,5,1.0,0.6,1.2,0.2,5
2019-08-17,2019-20,Norwich City,Newcastle United,3,1,H,1497.8,1484.2,13.6,16,14,-2,1,1,0,0,0,0,0.0,1.0,4.0,0.0,1,1.4,2.0,1.2,0.2,5,0.0,1.0,4.0,0.0,1,1.4,1.6,1.3,0.2,10,0.0,0.0,0.0,0.0,0,1.6,1.6,1.0,0.4,5
2019-08-17,2019-20,Manchester City,Tottenham,2,2,D,1809.6,1628.3,181.3,1,6,5,1,1,4,0,1,5,3.0,2.6,0.2,0.8,5,1.4,1.2,1.0,0.2,5,3.0,2.4,0.3,0.7,10,1.3,1.4,1.0,0.3,10,3.0,1.6,0.2,0.8,5,0.0,0.4,1.6,0.0,5
2019-08-17,2019-20,Southampton,Liverpool,1,2,A,1445.0,1765.9,-320.9,18,4,-14,1,1,0,4,1,5,0.6,1.0,2.2,0.0,5,3.0,3.2,0.6,0.6,5,1.2,1.3,1.9,0.1,10,3.0,2.9,0.8,0.4,10,1.6,2.0,1.8,0.0,5,2.6,2.0,0.8,0.4,5
2019-08-17,2019-20,Everton,Watford,1,0,H,1539.6,1449.6,90.1,12,17,5,1,1,2,2,1,5,1.8,1.6,0.4,0.8,5,0.2,0.6,2.6,0.0,5,1.8,1.5,0.7,0.7,10,0.7,1.1,2.1,0.0,10,2.6,1.8,0.0,1.0,5,0.6,0.8,2.8,0.0,5
2019-08-17,2019-20,Aston Villa,Bournemouth,1,2,A,1495.7,1460.9,34.8,15,10,-5,1,1,0,0,0,0,0.0,1.0,3.0,0.0,1,1.0,1.6,2.0,0.2,5,0.0,1.0,3.0,0.0,1,1.2,1.8,1.7,0.3,10,0.0,0.0,0.0,0.0,0,1.4,2.6,2.0,0.4,5
2019-08-17,2019-20,Arsenal,Burnley,2,1,H,1614.8,1472.0,142.8,9,8,-1,1,1,5,0,0,5,1.4,1.2,1.6,0.2,5,0.8,1.2,1.6,0.2,5,1.6,1.3,1.2,0.4,10,1.3,1.6,1.5,0.3,10,2.0,2.4,1.0,0.4,5,0.8,1.4,2.2,0.0,5
2019-08-17,2019-20,Brighton and Hove Albion,West Ham United,1,1,D,1435.6,1501.7,-66.1,8,20,12,1,1,3,0,1,4,1.0,1.2,1.4,0.2,5,2.0,2.0,1.6,0.4,5,0.6,0.6,1.8,0.2,10,1.3,1.5,1.9,0.2,10,0.2,0.4,2.6,0.0,5,1.2,1.2,1.4,0.2,5
2019-08-18,2019-20,Sheffield United,Crystal Palace,1,0,H,1501.8,1508.1,-6.3,11,12,1,1,1,0,0,0,0,1.0,1.0,1.0,0.0,1,2.2,2.2,1.4,0.4,5,1.0,1.0,1.0,0.0,1,1.7,1.6,1.4,0.4,10,0.0,0.0,0.0,0.0,0,2.4,2.0,1.4,0.2,5
2019-08-18,2019-20,Chelsea,Leicester City,1,1,D,1634.7,1497.7,137.0,20,12,-8,1,1,2,1,2,5,1.2,1.2,1.4,0.4,5,1.2,1.0,0.6,0.6,5,1.5,1.3,1.2,0.4,10,1.8,1.6,0.7,0.4,10,2.2,2.2,0.6,0.6,5,1.4,1.8,1.4,0.0,5
2019-08-19,2019-20,Wolverhampton Wanderers,Manchester United,1,1,D,1542.6,1630.7,-88.0,13,9,-4,1,1,1,0,1,2,2.0,1.2,0.8,0.4,5,1.0,1.2,1.2,0.2,5,1.5,1.0,1.1,0.3,10,1.1,1.1,1.6,0.1,10,2.6,1.6,0.4,0.6,5,0.8,1.0,2.0,0.0,5
2019-08-23,2019-20,Aston Villa,Everton,2,0,H,1482.0,1544.7,-62.7,17,9,-8,2,2,0,0,0,0,0.0,1.0,2.5,0.0,2,1.8,1.0,0.4,0.8,5,0.0,1.0,2.5,0.0,2,2.1,1.4,0.4,0.8,10,0.0,1.0,2.0,0.0,1,1.2,0.8,0.8,0.6,5
2019-08-24,2019-20,Norwich City,Chelsea,2,3,A,1504.6,1628.8,-124.1,11,16,5,2,2,0,0,0,0,1.5,2.0,2.5,0.0,2,1.2,1.0,1.2,0.4,5,1.5,2.0,2.5,0.0,2,1.6,1.4,1.1,0.4,10,3.0,3.0,1.0,0.0,1,1.0,0.6,1.6,0.2,5
2019-08-24,2019-20,Brighton and Hove Albion,Southampton,0,2,A,1434.7,1440.6,-5.9,5,19,14,2,2,0,1,3,4,1.2,1.4,1.4,0.2,5,0.4,1.0,2.4,0.0,5,0.7,0.7,1.8,0.2,10,0.9,1.2,2.0,0.1,10,0.4,0.6,2.6,0.0,5,0.8,0.6,2.0,0.2,5
2019-08-24,2019-20,Manchester United,Crystal Palace,1,2,A,1631.0,1500.7,130.3,4,17,13,2,2,4,0,1,5,1.2,1.4,1.0,0.2,5,1.6,1.6,1.2,0.4,5,1.2,1.2,1.5,0.1,10,1.7,1.5,1.3,0.4,10,1.4,1.4,1.2,0.2,5,1.8,1.4,1.4,0.2,5
2019-08-24,2019-20,Sheffield United,Leicester City,1,2,A,1509.2,1503.7,5.5,8,16,8,2,2,0,0,0,0,2.0,1.0,0.5,0.5,2,1.2,0.8,0.4,0.6,5,2.0,1.0,0.5,0.5,2,1.6,1.4,0.7,0.4,10,3.0,1.0,0.0,1.0,1,1.6,1.8,1.2,0.0,5
2019-08-24,2019-20,Watford,West Ham United,1,3,A,1444.5,1502.7,-58.2,20,18,-2,2,2,2,2,1,5,0.0,0.4,2.6,0.0,5,2.0,1.8,1.4,0.4,5,0.7,1.0,1.9,0.0,10,1.4,1.6,1.8,0.2,10,0.2,0.6,2.2,0.0,5,1.4,1.4,1.2,0.2,5
2019-08-24,2019-20,Liverpool,Arsenal,3,1,H,1770.3,1618.8,151.5,1,2,1,2,2,3,0,2,5,3.0,3.2,0.8,0.4,5,2.0,1.4,1.2,0.2,5,3.0,2.7,0.7,0.4,10,1.6,1.3,1.3,0.3,10,3.0,3.0,0.4,0.6,5,1.8,1.2,1.4,0.4,5
2019-08-25,2019-20,Wolverhampton Wanderers,Burnley,1,1,D,1542.3,1468.0,74.2,18,14,-4,2,2,1,1,0,2,1.6,0.8,0.8,0.4,5,0.6,1.0,1.6,0.2,5,1.5,1.0,1.1,0.3,10,1.3,1.5,1.3,0.3,10,2.2,1.4,0.6,0.4,5,0.8,1.6,2.2,0.0,5
2019-08-25,2019-20,Tottenham,Newcastle United,0,1,A,1635.0,1477.4,157.6,6,19,13,2,2,4,0,0,4,1.0,1.4,1.4,0.0,5,0.8,1.6,1.6,0.2,5,1.4,1.5,1.0,0.3,10,1.1,1.4,1.4,0.2,10,2.0,2.0,0.8,0.4,5,1.4,1.4,1.2,0.4,5
2019-08-25,2019-20,Bournemouth,Manchester City,1,3,A,1474.6,1802.9,-328.3,9,4,-5,2,2,0,5,0,5,1.6,2.0,2.0,0.2,5,2.6,2.6,0.6,0.6,5,1.2,1.8,1.8,0.2,10,2.8,2.3,0.4,0.7,10,1.0,1.0,1.4,0.2,5,3.0,3.0,0.4,0.6,5
2019-08-31,2019-20,Southampton,Manchester United,1,1,D,1453.2,1615.2,-161.9,18,5,-13,3,3,0,2,3,5,0.8,0.8,1.8,0.2,5,1.0,1.4,1.2,0.2,5,0.9,1.3,2.0,0.1,10,0.9,1.1,1.6,0.1,10,1.0,1.8,2.0,0.0,5,0.4,0.6,2.0,0.0,5
2019-08-31,2019-20,Chelsea,Sheffield United,2,2,D,1638.1,1496.2,141.9,15,9,-6,3,3,0,0,0,0,1.6,1.4,1.4,0.4,5,1.3333333333333333,1.0,1.0,0.3333333333333333,3,1.6,1.5,1.2,0.4,10,1.3333333333333333,1.0,1.0,0.3333333333333333,3,2.2,2.2,0.6,0.6,5,1.0,1.0,1.0,0.0,1
2019-08-31,2019-20,Crystal Palace,Aston Villa,1,0,H,1516.5,1490.9,25.6,11,17,6,3,3,0,0,0,0,2.0,2.0,1.4,0.2,5,1.0,1.3333333333333333,1.6666666666666667,0.3333333333333333,3,1.7,1.5,1.4,0.3,10,1.0,1.3333333333333333,1.6666666666666667,0.3333333333333333,3,1.6,1.6,1.2,0.6,5,0.0,1.0,3.0,0.0,1
2019-08-31,2019-20,Leicester City,Bournemouth,3,1,H,1516.6,1470.4,46.3,6,12,6,3,3,1,1,3,5,1.2,0.6,0.6,0.4,5,1.4,1.6,2.0,0.2,5,1.6,1.4,0.7,0.4,10,1.1,1.7,1.9,0.2,10,1.6,1.0,0.2,0.8,5,1.4,2.6,2.2,0.2,5
2019-08-31,2019-20,Manchester City,Brighton and Hove Albion,4,0,H,1807.2,1422.0,385.1,3,11,8,3,3,4,0,0,4,2.6,3.0,0.8,0.4,5,1.0,1.2,1.6,0.2,5,2.8,2.4,0.5,0.6,10,0.7,0.7,1.7,0.2,10,2.6,1.8,0.6,0.6,5,1.0,0.8,1.0,0.4,5
2019-08-31,2019-20,Newcastle United,Watford,1,1,D,1493.7,1433.3,60.3,19,20,1,3,3,1,2,1,4,1.2,1.6,1.4,0.4,5,0.0,0.4,2.8,0.0,5,1.3,1.3,1.2,0.3,10,0.7,1.0,2.0,0.0,10,1.2,1.6,1.6,0.0,5,0.6,0.8,2.0,0.0,5
2019-08-31,2019-20,West Ham United,Norwich City,2,0,H,1513.9,1495.3,18.6,15,18,3,3,3,0,0,0,0,2.0,2.2,1.6,0.2,5,1.0,2.0,2.6666666666666665,0.0,3,1.4,1.5,1.6,0.2,10,1.0,2.0,2.6666666666666665,0.0,3,1.4,1.8,2.4,0.2,5,0.0,1.0,4.0,0.0,1
2019-08-31,2019-20,Burnley,Liverpool,0,3,A,1472.7,1774.1,-301.4,10,2,-8,3,3,0,4,1,5,0.8,1.2,1.6,0.2,5,3.0,2.8,1.0,0.2,5,1.4,1.5,1.2,0.3,10,3.0,2.8,0.7,0.4,10,1.8,1.6,0.8,0.6,5,3.0,2.4,1.0,0.2,5
2019-09-01,2019-20,Everton,Wolverhampton Wanderers,3,2,H,1535.7,1537.6,-1.9,12,17,5,3,3,0,1,1,2,1.6,1.0,0.8,0.6,5,1.2,0.6,0.8,0.4,5,1.8,1.2,0.6,0.7,10,1.6,1.1,1.0,0.3,10,3.0,2.0,0.0,1.0,5,0.8,0.6,1.6,0.2,5
2019-09-01,2019-20,Arsenal,Tottenham,2,2,D,1615.0,1618.7,-3.8,7,11,4,3,3,2,2,1,5,2.0,1.6,1.2,0.2,5,1.0,1.4,1.4,0.0,5,1.3,1.2,1.6,0.2,10,1.4,1.4,0.9,0.3,10,2.0,1.8,1.0,0.4,5,0.2,0.8,1.6,0.0,5
2019-09-14,2019-20,Tottenham,Crystal Palace,4,0,H,1621.4,1523.1,98.4,9,4,-5,4,4,5,0,0,5,1.2,1.8,1.6,0.0,5,2.0,1.6,1.0,0.4,5,1.2,1.4,1.1,0.2,10,2.0,1.6,1.2,0.4,10,1.4,1.2,1.0,0.2,5,2.4,1.8,1.2,0.2,5
2019-09-14,2019-20,Wolverhampton Wanderers,Chelsea,2,5,A,1530.4,1632.1,-101.7,17,11,-6,4,4,1,0,1,2,0.6,0.8,1.4,0.2,5,1.2,1.2,1.8,0.2,5,1.3,1.1,1.2,0.3,10,1.4,1.4,1.4,0.3,10,1.8,1.2,0.6,0.4,5,1.0,0.8,1.8,0.2,5
2019-09-14,2019-20,Norwich City,Manchester City,3,2,H,1488.6,1808.3,-319.7,18,2,-16,4,4,0,0,0,0,0.75,1.5,2.5,0.0,4,2.6,3.6,0.8,0.4,5,0.75,1.5,2.5,0.0,4,2.8,2.6,0.5,0.6,10,1.5,2.5,2.0,0.0,2,3.0,3.0,0.4,0.6,5
2019-09-14,2019-20,Manchester United,Leicester City,1,0,H,1613.4,1522.6,90.8,11,4,-7,4,4,4,0,1,5,1.0,1.4,1.2,0.2,5,1.8,1.2,0.6,0.4,5,1.0,1.1,1.5,0.1,10,1.6,1.5,0.8,0.3,10,0.8,1.2,1.4,0.2,5,1.6,1.8,1.2,0.0,5
2019-09-14,2019-20,Brighton and Hove Albion,Burnley,1,1,D,1420.9,1467.9,-47.0,17,13,-4,4,4,0,2,2,4,0.8,1.0,2.2,0.2,5,0.8,1.2,1.8,0.2,5,0.7,0.7,1.6,0.2,10,1.1,1.3,1.5,0.2,10,0.4,0.6,2.0,0.0,5,1.0,1.4,1.6,0.0,5
2019-09-14,2019-20,Sheffield United,Southampton,0,1,A,1502.2,1455.0,47.2,12,15,3,4,4,0,0,0,0,1.25,1.25,1.25,0.25,4,1.0,1.0,1.4,0.2,5,1.25,1.25,1.25,0.25,4,1.0,1.3,1.8,0.1,10,1.5,1.0,1.0,0.5,2,0.8,0.8,2.0,0.2,5
2019-09-14,2019-20,Liverpool,Newcastle United,3,1,H,1778.8,1489.4,289.5,1,16,15,4,4,3,0,1,4,3.0,2.8,0.6,0.4,5,1.4,1.4,1.0,0.4,5,3.0,2.9,0.6,0.5,10,1.4,1.4,1.1,0.3,10,3.0,3.2,0.4,0.6,5,2.0,1.6,0.8,0.6,5
2019-09-15,2019-20,Bournemouth,Everton,3,1,H,1464.3,1543.0,-78.6,16,8,-8,4,4,1,3,1,5,0.8,1.6,2.6,0.0,5,1.6,1.2,1.2,0.4,5,1.1,1.8,2.0,0.2,10,1.8,1.3,0.8,0.6,10,0.8,0.8,1.6,0.2,5,0.6,0.4,1.2,0.4,5
2019-09-15,2019-20,Watford,Arsenal,2,2,D,1437.7,1612.3,-174.6,20,7,-13,4,4,2,3,0,5,0.2,0.6,2.4,0.0,5,2.0,1.8,1.4,0.2,5,0.5,0.7,2.0,0.0,10,1.4,1.4,1.7,0.2,10,0.2,0.8,2.6,0.0,5,1.2,1.2,2.0,0.2,5
2019-09-16,2019-20,Aston Villa,West Ham United,0,0,D,1484.4,1520.6,-36.2,18,9,-9,4,4,0,0,0,0,0.75,1.0,1.5,0.25,4,2.0,2.0,1.6,0.2,5,0.75,1.0,1.5,0.25,4,1.7,1.7,1.4,0.3,10,1.5,1.5,1.0,0.5,2,2.0,2.0,1.0,0.2,5
2019-09-20,2019-20,Southampton,Bournemouth,1,3,A,1469.0,1473.7,-4.7,10,9,-1,5,5,1,0,4,5,1.4,1.0,1.2,0.4,5,1.4,1.6,1.8,0.0,5,1.0,1.1,1.7,0.2,10,1.4,2.0,1.8,0.2,10,1.2,1.8,1.6,0.0,5,1.4,2.8,2.4,0.2,5
2019-09-21,2019-20,Leicester City,Tottenham,2,1,H,1517.6,1626.3,-108.6,6,4,-2,5,5,1,4,0,5,1.6,1.2,0.8,0.2,5,1.6,2.2,1.2,0.2,5,1.3,1.1,0.8,0.3,10,1.2,1.4,1.1,0.2,10,1.6,1.2,0.4,0.6,5,0.4,1.0,1.6,0.0,5
2019-09-21,2019-20,Burnley,Norwich City,2,0,H,1469.4,1504.2,-34.8,14,13,-1,5,5,0,0,0,0,1.0,1.2,1.4,0.2,5,1.2,1.8,2.4,0.0,5,0.9,1.1,1.5,0.2,10,1.2,1.8,2.4,0.0,5,1.2,1.2,1.4,0.4,5,0.0,0.5,3.0,0.0,2
2019-09-21,2019-20,Everton,Sheffield United,0,2,A,1533.6,1488.2,45.4,11,15,4,5,5,0,0,0,0,1.4,1.0,1.4,0.4,5,1.0,1.0,1.2,0.2,5,1.5,1.3,1.1,0.5,10,1.0,1.0,1.2,0.2,5,3.0,2.2,0.4,0.8,5,1.0,1.5,1.5,0.0,2
2019-09-21,2019-20,Manchester City,Watford,8,0,H,1792.7,1439.8,352.9,3,20,17,5,5,5,0,0,5,2.0,3.2,1.2,0.4,5,0.4,0.8,2.0,0.0,5,2.5,2.5,0.7,0.6,10,0.6,0.9,2.1,0.0,10,2.6,2.0,0.4,0.8,5,0.8,0.8,1.6,0.0,5
2019-09-21,2019-20,Newcastle United,Brighton and Hove Albion,0,0,D,1487.5,1419.4,68.1,18,16,-2,5,5,0,2,2,4,0.8,0.8,1.6,0.2,5,1.0,1.0,1.6,0.2,5,1.4,1.5,1.3,0.3,10,0.8,0.8,1.5,0.2,10,0.8,1.2,1.4,0.0,5,1.0,0.8,1.2,0.4,5
2019-09-22,2019-20,Chelsea,Liverpool,1,2,A,1642.0,1780.8,-138.7,9,1,-8,5,5,1,1,3,5,1.6,2.2,2.2,0.0,5,3.0,3.0,0.8,0.2,5,1.4,1.7,1.6,0.2,10,3.0,2.9,0.6,0.5,10,1.8,2.0,1.0,0.4,5,3.0,2.6,0.8,0.4,5
2019-09-22,2019-20,Arsenal,Aston Villa,3,2,H,1610.1,1482.6,127.6,9,18,9,5,5,0,0,0,0,1.6,1.6,1.6,0.2,5,0.8,0.8,1.2,0.4,5,1.2,1.5,1.9,0.1,10,0.8,0.8,1.2,0.4,5,1.6,1.8,1.4,0.2,5,0.0,0.5,2.0,0.0,2
2019-09-22,2019-20,Crystal Palace,Wolverhampton Wanderers,1,1,D,1518.2,1520.4,-2.2,13,19,6,5,5,1,1,0,2,1.4,0.6,1.2,0.4,5,0.6,1.2,2.0,0.2,5,1.7,1.5,1.6,0.3,10,1.3,1.2,1.4,0.3,10,1.6,1.4,1.2,0.6,5,0.8,1.0,1.8,0.2,5
2019-09-22,2019-20,West Ham United,Manchester United,2,0,H,1522.4,1618.4,-96.0,11,7,-4,5,5,1,3,1,5,1.6,1.2,1.4,0.4,5,1.6,1.6,0.8,0.4,5,1.8,1.7,1.2,0.4,10,1.0,1.0,1.4,0.2,10,1.4,1.4,1.8,0.4,5,0.6,0.8,1.8,0.0,5
2019-09-28,2019-20,Sheffield United,Liverpool,0,1,A,1502.2,1789.6,-287.5,10,1,-9,6,6,0,0,0,0,1.4,1.2,1.0,0.4,5,3.0,2.6,0.8,0.2,5,1.3333333333333333,1.1666666666666667,1.0,0.3333333333333333,6,3.0,2.9,0.7,0.4,10,1.0,0.6666666666666666,1.0,0.3333333333333333,3,3.0,2.4,0.8,0.4,5
2019-09-28,2019-20,Aston Villa,Burnley,2,2,D,1478.3,1477.5,0.8,18,9,-9,6,6,0,0,0,0,0.8,1.0,1.2,0.4,5,1.0,1.0,1.4,0.2,5,0.6666666666666666,1.0,1.5,0.3333333333333333,6,0.9,1.1,1.5,0.2,10,1.3333333333333333,1.0,0.6666666666666666,0.6666666666666666,3,0.6,1.0,1.6,0.0,5
2019-09-28,2019-20,Bournemouth,West Ham United,2,2,D,1486.4,1532.3,-45.9,6,5,-1,6,6,3,0,2,5,1.8,2.0,1.8,0.0,5,2.2,1.6,0.4,0.6,5,1.4,1.8,1.9,0.1,10,2.1,1.8,1.0,0.5,10,1.4,1.2,1.2,0.2,5,2.2,1.8,0.6,0.4,5
2019-09-28,2019-20,Chelsea,Brighton and Hove Albion,2,0,H,1633.1,1423.9,209.3,11,15,4,6,6,4,0,0,4,1.6,2.4,1.8,0.0,5,0.6,0.4,1.6,0.2,5,1.4,1.8,1.6,0.2,10,0.8,0.8,1.5,0.2,10,1.2,1.8,1.4,0.2,5,1.0,0.8,1.2,0.4,5
2019-09-28,2019-20,Crystal Palace,Norwich City,2,0,H,1515.5,1496.1,19.4,12,15,3,6,6,0,0,0,0,1.4,0.8,1.4,0.2,5,1.2,1.6,2.0,0.0,5,1.8,1.5,1.4,0.3,10,1.0,1.5,2.3333333333333335,0.0,6,1.8,1.4,0.8,0.6,5,0.0,0.3333333333333333,2.6666666666666665,0.0,3
2019-09-28,2019-20,Tottenham,Southampton,2,1,H,1616.0,1456.3,159.7,10,13,3,6,6,3,1,1,5,1.0,1.8,1.4,0.2,5,1.4,1.2,1.2,0.4,5,1.2,1.5,1.2,0.2,10,1.0,1.1,1.7,0.2,10,1.4,1.8,1.0,0.2,5,1.4,0.8,1.4,0.4,5
2019-09-28,2019-20,Wolverhampton Wanderers,Watford,2,0,H,1523.2,1438.4,84.8,19,20,1,6,6,1,1,0,2,0.6,1.4,2.2,0.0,5,0.4,0.8,3.0,0.0,5,1.3,1.3,1.5,0.2,10,0.3,0.7,2.8,0.0,10,1.6,1.6,1.6,0.2,5,0.8,0.6,2.8,0.0,5
2019-09-28,2019-20,Everton,Manchester City,1,3,A,1519.6,1794.1,-274.5,15,2,-13,6,6,1,3,1,5,1.2,1.0,1.8,0.2,5,2.0,3.8,1.2,0.4,5,1.5,1.3,1.1,0.5,10,2.5,3.2,0.7,0.6,10,2.4,2.0,0.8,0.6,5,2.4,3.0,1.0,0.4,5
2019-09-29,2019-20,Leicester City,Newcastle United,5,0,H,1527.9,1483.0,44.9,5,19,14,6,6,2,2,0,4,2.0,1.6,1.0,0.0,5,1.0,0.8,1.4,0.4,5,1.6,1.3,0.8,0.3,10,1.2,1.4,1.3,0.3,10,2.2,1.6,0.4,0.6,5,1.4,1.6,1.4,0.4,5
2019-09-30,2019-20,Manchester United,Arsenal,1,1,D,1608.5,1614.4,-5.8,11,8,-3,6,6,2,2,1,5,1.0,0.8,1.2,0.2,5,1.6,2.0,2.0,0.0,5,1.0,1.0,1.2,0.2,10,1.5,1.6,1.8,0.1,10,1.4,1.4,1.0,0.4,5,1.4,1.4,1.8,0.2,5
2019-10-05,2019-20,West Ham United,Crystal Palace,1,2,A,1533.9,1522.2,11.7,5,9,4,7,7,2,0,3,5,2.2,1.8,0.6,0.6,5,2.0,1.2,1.2,0.4,5,2.1,1.8,1.0,0.5,10,1.8,1.4,1.2,0.4,10,2.0,1.8,1.4,0.6,5,1.8,1.6,2.0,0.0,5
2019-10-05,2019-20,Norwich City,Aston Villa,1,5,A,1489.4,1475.5,13.9,17,18,1,7,7,0,0,0,0,0.6,1.0,2.2,0.0,5,1.0,1.2,1.2,0.4,5,0.8571428571428571,1.2857142857142858,2.2857142857142856,0.0,7,0.7142857142857143,1.1428571428571428,1.5714285714285714,0.2857142857142857,7,2.0,2.6666666666666665,2.0,0.0,3,0.0,1.0,2.3333333333333335,0.0,3
2019-10-05,2019-20,Watford,Sheffield United,0,0,D,1433.3,1497.1,-63.8,20,13,-7,7,7,0,0,0,0,0.4,0.8,3.2,0.0,5,0.8,1.0,1.2,0.2,5,0.2,0.6,2.9,0.0,10,1.1428571428571428,1.0,1.0,0.2857142857142857,7,0.2,1.0,2.8,0.0,5,1.6666666666666667,1.6666666666666667,1.0,0.3333333333333333,3
2019-10-05,2019-20,Burnley,Everton,1,0,H,1480.4,1514.3,-33.9,11,16,5,7,7,2,3,0,5,1.2,1.2,1.4,0.2,5,0.6,1.0,2.4,0.0,5,0.9,1.1,1.5,0.2,10,1.2,1.0,1.4,0.4,10,1.2,1.2,1.4,0.4,5,0.6,0.6,1.4,0.4,5
2019-10-05,2019-20,Liverpool,Leicester City,2,1,H,1794.7,1533.9,260.8,1,3,2,7,7,3,1,1,5,3.0,2.4,0.6,0.4,5,2.4,2.4,0.8,0.2,5,3.0,2.8,0.7,0.4,10,1.8,1.6,0.6,0.4,10,3.0,3.4,0.6,0.4,5,1.0,1.0,1.2,0.0,5
2019-10-05,2019-20,Brighton and Hove Albion,Tottenham,3,0,H,1421.0,1619.7,-198.7,17,8,-9,7,7,0,3,1,4,0.4,0.2,1.8,0.2,5,1.4,1.8,1.2,0.2,5,0.8,0.8,1.6,0.2,10,1.2,1.6,1.3,0.1,10,0.6,0.8,1.8,0.0,5,0.4,1.0,1.6,0.0,5
2019-10-06,2019-20,Arsenal,Bournemouth,1,0,H,1617.0,1484.9,132.2,6,10,4,7,7,3,1,1,5,1.2,1.8,2.0,0.0,5,1.4,2.0,2.0,0.0,5,1.6,1.6,1.6,0.1,10,1.5,2.0,2.0,0.1,10,1.6,2.0,1.8,0.0,5,1.4,2.4,2.6,0.0,5
2019-10-06,2019-20,Manchester City,Wolverhampton Wanderers,0,2,A,1799.5,1528.3,271.2,2,15,13,7,7,1,0,1,2,2.4,4.0,1.0,0.4,5,1.0,1.6,2.0,0.2,5,2.5,3.3,0.8,0.5,10,1.3,1.2,1.4,0.3,10,2.6,3.2,0.4,0.8,5,1.0,1.0,1.4,0.2,5
2019-10-06,2019-20,Southampton,Chelsea,1,4,A,1452.7,1636.0,-183.4,16,9,-7,7,7,0,4,1,5,1.4,1.2,1.2,0.4,5,2.0,2.6,1.6,0.2,5,0.9,1.1,1.8,0.2,10,1.6,1.8,1.4,0.3,10,0.6,1.4,2.0,0.0,5,1.6,1.8,1.8,0.2,5
2019-10-06,2019-20,Newcastle United,Manchester United,1,0,H,1476.9,1605.9,-129.0,19,12,-7,7,7,1,3,0,4,1.0,0.6,1.8,0.4,5,1.0,0.8,1.2,0.2,5,0.9,1.1,1.7,0.3,10,1.1,1.1,1.1,0.2,10,1.0,1.2,1.2,0.2,5,0.6,0.6,1.8,0.0,5
2019-10-19,2019-20,Everton,West Ham United,2,0,H,1506.2,1520.8,-14.6,18,8,-10,8,8,2,2,1,5,0.6,1.0,2.2,0.0,5,1.6,1.4,0.8,0.6,5,1.1,1.0,1.5,0.3,10,1.8,1.8,1.2,0.4,10,1.8,1.4,1.4,0.4,5,1.8,2.0,1.0,0.2,5
2019-10-19,2019-20,Aston Villa,Brighton and Hove Albion,2,1,H,1488.7,1433.7,54.9,16,15,-1,8,8,0,0,0,0,1.0,1.8,1.4,0.2,5,1.0,0.8,1.4,0.4,5,1.0,1.625,1.5,0.25,8,1.0,1.0,1.5,0.3,10,1.25,1.25,1.0,0.5,4,1.0,0.8,1.4,0.4,5
2019-10-19,2019-20,Bournemouth,Norwich City,0,0,D,1480.7,1476.2,4.5,11,19,8,8,8,0,0,0,0,1.4,1.8,1.6,0.0,5,0.6,0.8,2.6,0.0,5,1.4,1.7,1.8,0.1,10,0.75,1.25,2.625,0.0,8,1.6,1.6,1.4,0.2,5,0.0,0.25,2.5,0.0,4
2019-10-19,2019-20,Chelsea,Newcastle United,1,0,H,1643.7,1487.7,155.9,5,17,12,8,8,3,1,0,4,2.0,2.8,1.4,0.2,5,1.0,0.6,1.8,0.4,5,1.8,2.1,1.4,0.3,10,1.1,1.1,1.6,0.4,10,1.6,1.8,1.0,0.4,5,1.2,1.4,2.2,0.4,5
2019-10-19,2019-20,Leicester City,Burnley,2,1,H,1531.7,1488.5,43.2,5,7,2,8,8,2,2,1,5,1.8,2.2,1.0,0.2,5,1.6,1.2,1.2,0.4,5,1.5,1.4,0.8,0.3,10,1.2,1.2,1.4,0.3,10,2.2,2.0,0.4,0.6,5,0.6,1.0,1.6,0.0,5
2019-10-19,2019-20,Tottenham,Watford,1,1,D,1606.9,1432.2,174.7,11,20,9,8,8,3,1,1,5,1.4,1.8,1.6,0.2,5,0.6,0.6,2.6,0.2,5,1.2,1.6,1.5,0.1,10,0.3,0.5,2.7,0.1,10,2.0,2.2,1.0,0.2,5,0.2,0.2,3.0,0.0,5
2019-10-19,2019-20,Wolverhampton Wanderers,Southampton,1,1,D,1546.2,1445.0,101.2,12,18,6,8,8,1,1,0,2,1.4,1.8,1.8,0.4,5,0.8,1.0,2.0,0.2,5,1.3,1.2,1.3,0.4,10,0.8,0.9,1.9,0.2,10,1.6,1.4,1.4,0.4,5,1.2,0.8,1.6,0.4,5
2019-10-19,2019-20,Crystal Palace,Manchester City,0,2,A,1535.3,1781.6,-246.3,6,4,-2,8,8,1,3,1,5,2.0,1.2,1.2,0.4,5,1.8,3.4,1.2,0.4,5,2.0,1.6,1.3,0.3,10,2.2,3.2,1.0,0.4,10,2.2,1.8,0.8,0.6,5,2.4,3.4,1.2,0.2,5
2019-10-20,2019-20,Manchester United,Liverpool,1,1,D,1595.1,1796.9,-201.9,14,1,-13,8,8,1,1,3,5,1.0,0.6,1.0,0.2,5,3.0,2.2,0.6,0.4,5,1.0,1.0,1.1,0.2,10,3.0,2.5,0.8,0.3,10,1.4,1.4,1.0,0.4,5,3.0,2.2,0.8,0.4,5
2019-10-21,2019-20,Sheffield United,Arsenal,1,0,H,1498.1,1621.2,-123.1,15,5,-10,8,8,0,0,0,0,1.0,0.8,0.8,0.4,5,1.8,1.8,1.4,0.2,5,1.125,0.875,0.875,0.375,8,1.9,1.7,1.3,0.2,10,0.75,0.5,1.0,0.25,4,1.6,1.6,1.4,0.2,5
2019-10-25,2019-20,Southampton,Leicester City,0,9,A,1450.2,1537.8,-87.6,17,3,-14,9,9,2,2,1,5,0.8,1.0,2.0,0.2,5,1.8,2.0,1.0,0.2,5,0.9,1.0,1.7,0.2,10,1.8,1.6,0.8,0.3,10,0.4,1.0,2.2,0.0,5,0.8,0.8,1.2,0.0,5
2019-10-26,2019-20,Manchester City,Aston Villa,3,0,H,1787.6,1494.5,293.1,3,12,9,9,9,0,0,0,0,1.8,3.0,1.2,0.4,5,1.6,2.2,1.4,0.2,5,2.2,3.3,1.0,0.4,10,1.2222222222222223,1.6666666666666667,1.4444444444444444,0.2222222222222222,9,2.0,3.0,0.8,0.6,5,0.75,2.0,2.0,0.0,4
2019-10-26,2019-20,Brighton and Hove Albion,Everton,3,2,H,1427.9,1513.7,-85.8,16,15,-1,9,9,1,2,1,4,1.0,1.0,1.0,0.4,5,0.6,0.8,1.8,0.2,5,0.9,1.0,1.6,0.3,10,1.1,1.0,1.5,0.3,10,1.0,1.2,1.6,0.2,5,0.4,0.6,1.6,0.2,5
2019-10-26,2019-20,Watford,Bournemouth,0,0,D,1438.8,1477.8,-39.0,20,10,-10,9,9,1,1,3,5,0.6,0.6,2.6,0.2,5,1.6,1.6,1.0,0.2,5,0.4,0.6,2.5,0.1,10,1.2,1.6,1.8,0.1,10,0.4,0.8,2.4,0.2,5,1.2,1.8,2.2,0.0,5
2019-10-26,2019-20,West Ham United,Sheffield United,1,1,D,1513.2,1508.8,4.4,12,10,-2,9,9,0,0,0,0,1.0,1.0,1.2,0.4,5,1.4,0.6,0.4,0.6,5,1.5,1.5,1.4,0.3,10,1.3333333333333333,0.8888888888888888,0.7777777777777778,0.4444444444444444,9,1.8,1.6,1.4,0.6,5,1.5,1.25,0.75,0.5,4
2019-10-26,2019-20,Burnley,Chelsea,2,4,A,1482.4,1647.4,-165.0,11,4,-7,9,9,1,2,2,5,1.6,1.4,1.0,0.4,5,2.4,2.6,1.0,0.4,5,1.2,1.3,1.4,0.3,10,1.8,1.9,1.4,0.3,10,1.8,1.4,1.2,0.6,5,2.0,2.4,1.8,0.2,5
2019-10-27,2019-20,Newcastle United,Wolverhampton Wanderers,1,1,D,1484.0,1541.0,-57.0,17,13,-4,9,9,0,1,1,2,0.8,0.4,1.8,0.4,5,1.6,1.6,1.4,0.4,5,1.1,0.9,1.4,0.4,10,1.1,1.2,1.4,0.3,10,1.0,0.8,1.0,0.4,5,1.0,1.0,1.2,0.4,5
2019-10-27,2019-20,Arsenal,Crystal Palace,2,2,D,1610.5,1529.3,81.3,5,6,1,9,9,2,2,1,5,1.6,1.4,1.2,0.2,5,1.4,1.0,1.6,0.2,5,1.8,1.6,1.3,0.2,10,1.7,1.3,1.3,0.3,10,2.2,1.8,1.2,0.2,5,1.8,1.4,1.8,0.0,5
2019-10-27,2019-20,Liverpool,Tottenham,2,1,H,1794.1,1600.3,193.8,1,10,9,9,9,3,1,1,5,2.6,1.8,0.8,0.2,5,1.4,1.6,1.4,0.2,5,2.8,2.3,0.7,0.3,10,1.3,1.7,1.5,0.1,10,3.0,2.8,0.8,0.2,5,0.4,1.0,2.0,0.0,5
2019-10-27,2019-20,Norwich City,Manchester United,1,3,A,1479.1,1597.9,-118.8,19,15,-4,9,9,0,0,0,0,0.8,0.8,2.2,0.2,5,1.0,0.6,1.0,0.2,5,0.7777777777777778,1.1111111111111112,2.3333333333333335,0.1111111111111111,9,1.0,1.0,1.1,0.2,10,1.5,2.25,2.75,0.0,4,0.6,0.6,1.2,0.0,5
2019-11-02,2019-20,Watford,Chelsea,1,2,A,1437.1,1655.5,-218.5,20,4,-16,10,10,1,4,0,5,0.6,0.2,2.2,0.4,5,2.4,2.4,1.0,0.4,5,0.5,0.5,2.1,0.2,10,2.0,2.3,1.6,0.2,10,0.6,0.6,1.6,0.4,5,2.4,3.2,2.2,0.0,5
2019-11-02,2019-20,West Ham United,Newcastle United,2,3,A,1510.2,1482.8,27.5,10,17,7,10,10,2,2,0,4,1.0,1.2,1.4,0.2,5,1.0,0.4,1.4,0.4,5,1.3,1.2,1.4,0.3,10,0.9,0.6,1.5,0.3,10,1.4,1.2,1.6,0.4,5,0.6,0.6,2.4,0.2,5
2019-11-02,2019-20,Sheffield United,Burnley,3,0,H,1511.7,1474.2,37.5,8,13,5,10,10,0,0,0,0,1.6,0.8,0.4,0.6,5,1.4,1.6,1.6,0.4,5,1.3,0.9,0.8,0.4,10,1.2,1.4,1.5,0.3,10,1.2,0.6,0.8,0.4,5,0.6,1.2,1.6,0.0,5
2019-11-02,2019-20,Manchester City,Southampton,2,1,H,1789.5,1439.9,349.6,3,18,15,10,10,5,0,0,5,2.4,3.2,0.6,0.6,5,0.2,0.8,3.8,0.0,5,2.2,3.2,0.9,0.5,10,0.8,0.9,2.5,0.2,10,2.0,3.4,0.8,0.6,5,1.4,1.0,1.2,0.4,5
2019-11-02,2019-20,Brighton and Hove Albion,Norwich City,2,0,H,1437.5,1469.7,-32.2,13,19,6,10,10,0,0,0,0,1.4,1.4,1.2,0.4,5,0.2,0.4,2.4,0.2,5,1.2,1.2,1.4,0.3,10,0.7,1.1,2.4,0.1,10,1.6,1.6,1.2,0.2,5,0.2,0.2,2.0,0.2,5
2019-11-02,2019-20,Aston Villa,Liverpool,1,2,A,1492.6,1797.2,-304.6,16,1,-15,10,10,0,0,0,0,1.4,2.2,2.0,0.0,5,2.6,1.6,0.8,0.2,5,1.1,1.5,1.6,0.2,10,2.8,2.3,0.8,0.2,10,1.6,1.4,1.0,0.4,5,2.6,1.8,0.6,0.4,5
2019-11-02,2019-20,Arsenal,Wolverhampton Wanderers,1,1,D,1605.7,1542.2,63.5,6,13,7,10,10,0,1,1,2,1.6,1.4,1.2,0.2,5,1.8,1.4,0.6,0.4,5,1.6,1.5,1.4,0.2,10,1.2,1.3,1.3,0.3,10,2.2,2.0,1.4,0.2,5,1.2,1.2,1.0,0.4,5
2019-11-02,2019-20,Bournemouth,Manchester United,1,0,H,1479.5,1607.4,-127.9,11,9,-2,10,10,0,4,1,5,1.2,1.0,0.8,0.4,5,1.0,1.0,1.2,0.0,5,1.3,1.3,1.3,0.2,10,1.3,1.3,1.0,0.2,10,1.2,1.4,1.4,0.2,5,1.0,1.0,1.2,0.0,5
2019-11-03,2019-20,Crystal Palace,Leicester City,0,2,A,1534.0,1548.2,-14.1,9,4,-5,10,10,4,0,1,5,1.6,1.4,1.2,0.2,5,2.4,3.8,0.8,0.4,5,1.5,1.0,1.2,0.3,10,2.0,2.5,0.8,0.3,10,1.6,0.8,0.6,0.6,5,1.4,2.6,1.0,0.2,5
2019-11-03,2019-20,Everton,Tottenham,1,1,D,1504.2,1597.2,-93.0,17,13,-4,10,10,0,4,1,5,0.6,1.0,1.8,0.2,5,0.8,1.0,1.8,0.0,5,1.0,1.0,1.6,0.3,10,1.2,1.6,1.5,0.1,10,1.8,1.4,1.4,0.4,5,0.4,1.2,2.2,0.0,5
2019-11-08,2019-20,Norwich City,Watford,0,2,A,1461.6,1430.4,31.2,19,20,1,11,11,0,0,0,0,0.2,0.4,2.4,0.2,5,0.6,0.4,1.0,0.4,5,0.7,1.0,2.2,0.1,10,0.5,0.6,2.0,0.2,10,1.2,2.0,2.8,0.0,5,0.4,0.4,2.6,0.0,5
2019-11-09,2019-20,Chelsea,Crystal Palace,2,0,H,1662.3,1521.6,140.6,4,9,5,11,11,3,2,0,5,3.0,2.6,0.8,0.4,5,1.4,1.2,1.4,0.2,5,2.3,2.5,1.3,0.2,10,1.4,1.0,1.4,0.2,10,1.6,1.4,1.0,0.4,5,1.4,1.2,1.8,0.0,5
2019-11-09,2019-20,Burnley,West Ham United,3,0,H,1468.0,1496.7,-28.7,14,13,-1,11,11,2,2,1,5,0.8,1.2,2.2,0.2,5,0.4,1.2,2.0,0.0,5,0.9,1.1,1.8,0.2,10,1.3,1.4,1.2,0.3,10,1.8,1.6,1.4,0.6,5,1.2,1.2,1.2,0.2,5
2019-11-09,2019-20,Newcastle United,Bournemouth,2,1,H,1496.3,1490.3,6.0,15,7,-8,11,11,1,1,2,4,1.4,1.0,1.8,0.2,5,1.2,0.6,0.6,0.6,5,1.2,0.9,1.6,0.3,10,1.5,1.3,1.2,0.3,10,1.2,0.6,0.6,0.4,5,1.4,1.2,1.2,0.2,5
2019-11-09,2019-20,Southampton,Everton,1,2,A,1438.5,1504.0,-65.5,19,17,-2,11,11,2,2,1,5,0.2,0.8,3.6,0.0,5,0.8,1.2,1.6,0.2,5,0.8,1.0,2.4,0.2,10,1.0,1.1,1.7,0.2,10,0.2,0.8,3.8,0.0,5,0.2,0.6,1.8,0.2,5
2019-11-09,2019-20,Tottenham,Sheffield United,1,1,D,1597.4,1518.0,79.4,14,6,-8,11,11,0,0,0,0,1.0,1.0,1.6,0.0,5,1.6,1.0,0.4,0.6,5,1.0,1.4,1.5,0.1,10,1.5,1.1,0.7,0.5,10,2.0,2.0,0.8,0.2,5,1.4,1.2,0.8,0.4,5
2019-11-09,2019-20,Leicester City,Arsenal,2,0,H,1560.6,1601.4,-40.8,4,6,2,11,11,2,3,0,5,2.4,3.8,0.6,0.6,5,1.2,1.0,1.0,0.2,5,2.2,2.7,0.8,0.3,10,1.4,1.5,1.5,0.1,10,2.6,2.4,0.6,0.4,5,1.0,1.0,1.4,0.2,5
2019-11-10,2019-20,Liverpool,Manchester City,3,1,H,1801.9,1790.9,11.0,1,4,3,11,11,1,2,2,5,2.6,1.6,0.8,0.2,5,2.4,2.0,0.8,0.4,5,2.8,2.1,0.8,0.2,10,2.2,2.9,1.0,0.4,10,3.0,2.8,1.0,0.0,5,2.4,3.0,1.0,0.4,5
2019-11-10,2019-20,Wolverhampton Wanderers,Aston Villa,2,1,H,1546.6,1487.9,58.7,15,17,2,11,11,0,0,0,0,1.8,1.4,0.6,0.4,5,1.4,2.0,1.8,0.0,5,1.2,1.4,1.4,0.2,10,1.1,1.5,1.5,0.2,10,1.2,1.4,1.6,0.2,5,0.6,1.6,2.2,0.0,5
2019-11-10,2019-20,Manchester United,Brighton and Hove Albion,3,1,H,1596.6,1445.6,151.0,15,9,-6,11,11,2,2,0,4,1.0,1.0,1.0,0.0,5,1.8,1.8,1.2,0.4,5,1.0,0.9,1.1,0.1,10,1.2,1.1,1.4,0.3,10,1.6,1.6,0.8,0.4,5,0.8,0.8,1.6,0.4,5
2019-11-23,2019-20,West Ham United,Tottenham,2,3,A,1488.8,1592.7,-103.9,16,14,-2,12,12,2,2,1,5,0.2,0.8,2.2,0.0,5,0.6,0.8,1.6,0.0,5,1.2,1.3,1.4,0.3,10,1.0,1.3,1.4,0.1,10,1.4,1.6,1.2,0.4,5,0.4,1.0,2.0,0.0,5
2019-11-23,2019-20,Arsenal,Southampton,2,2,D,1593.0,1427.5,165.5,7,19,12,12,12,3,1,1,5,1.0,0.8,1.2,0.2,5,0.2,0.8,3.6,0.0,5,1.1,1.3,1.6,0.1,10,0.8,1.0,2.4,0.2,10,1.8,1.8,1.4,0.2,5,1.4,1.2,1.0,0.4,5
2019-11-23,2019-20,Bournemouth,Wolverhampton Wanderers,1,2,A,1483.3,1552.3,-69.0,10,9,-1,12,12,0,1,1,2,1.0,0.4,0.6,0.6,5,1.8,1.4,0.8,0.2,5,1.2,1.2,1.3,0.3,10,1.4,1.5,1.4,0.2,10,1.6,1.4,1.2,0.4,5,1.2,1.4,1.2,0.2,5
2019-11-23,2019-20,Brighton and Hove Albion,Leicester City,0,2,A,1441.8,1568.9,-127.1,12,2,-10,12,12,0,3,1,4,1.8,2.0,1.4,0.4,5,2.4,3.2,0.6,0.6,5,1.1,1.1,1.6,0.3,10,2.4,2.8,0.7,0.4,10,2.0,1.8,1.0,0.4,5,1.8,2.8,0.8,0.4,5
2019-11-23,2019-20,Crystal Palace,Liverpool,1,2,A,1517.6,1808.8,-291.2,13,1,-12,12,12,1,4,0,5,0.8,0.8,1.8,0.0,5,2.6,2.0,1.0,0.0,5,1.4,1.0,1.5,0.2,10,2.8,2.2,0.8,0.2,10,1.4,0.8,1.0,0.4,5,2.6,1.8,0.6,0.4,5
2019-11-23,2019-20,Everton,Norwich City,0,2,A,1514.9,1448.0,66.9,15,20,5,12,12,0,0,0,0,1.4,1.4,1.2,0.2,5,0.2,0.4,2.4,0.2,5,1.0,1.2,1.8,0.1,10,0.4,0.7,2.3,0.1,10,1.4,1.4,1.6,0.2,5,0.2,0.0,1.6,0.2,5
2019-11-23,2019-20,Watford,Burnley,0,3,A,1444.0,1476.0,-32.0,20,11,-9,12,12,2,2,1,5,1.2,0.8,0.6,0.6,5,1.2,1.4,1.8,0.4,5,0.8,0.8,1.9,0.3,10,1.2,1.3,1.6,0.3,10,0.6,0.8,1.4,0.4,5,0.6,1.0,1.8,0.0,5
2019-11-23,2019-20,Manchester City,Chelsea,2,1,H,1784.0,1666.3,117.7,4,3,-1,12,12,3,2,0,5,1.8,1.6,1.2,0.4,5,3.0,2.6,0.8,0.4,5,2.1,2.8,1.1,0.4,10,2.5,2.6,1.2,0.3,10,2.4,3.4,0.6,0.6,5,3.0,3.6,1.6,0.0,5
2019-11-24,2019-20,Sheffield United,Manchester United,3,3,D,1522.7,1600.4,-77.7,8,10,2,12,12,0,0,0,0,1.8,1.2,0.4,0.6,5,1.4,1.4,1.0,0.0,5,1.3,1.1,0.8,0.4,10,1.2,1.1,1.1,0.1,10,1.2,1.0,0.8,0.4,5,0.8,0.8,1.2,0.0,5
2019-11-25,2019-20,Aston Villa,Newcastle United,2,0,H,1482.2,1503.3,-21.2,17,14,-3,12,12,0,0,0,0,1.2,1.8,1.8,0.0,5,2.0,1.4,1.0,0.2,5,1.1,1.5,1.5,0.2,10,1.5,1.0,1.4,0.3,10,1.6,1.4,1.0,0.4,5,1.2,1.0,2.2,0.2,5
2019-11-30,2019-20,Southampton,Watford,2,1,H,1433.9,1432.0,1.9,19,20,1,13,13,1,1,3,5,0.4,1.0,3.2,0.0,5,1.0,0.8,1.2,0.4,5,0.6,1.0,2.6,0.1,10,0.8,0.7,1.9,0.3,10,0.2,0.8,3.8,0.0,5,1.0,0.8,2.4,0.2,5
2019-11-30,2019-20,Tottenham,Bournemouth,3,2,H,1602.5,1472.4,130.2,10,11,1,13,13,4,1,0,5,1.2,1.4,1.4,0.0,5,1.0,0.6,0.8,0.6,5,1.3,1.6,1.5,0.1,10,1.2,1.2,1.2,0.3,10,1.6,1.6,0.8,0.2,5,0.8,1.0,1.4,0.2,5
2019-11-30,2019-20,Liverpool,Brighton and Hove Albion,2,1,H,1813.8,1432.5,381.3,1,12,11,13,13,4,0,0,4,2.6,2.0,1.0,0.0,5,1.2,1.4,1.8,0.2,5,2.8,2.1,0.8,0.2,10,1.1,1.1,1.6,0.3,10,3.0,2.6,1.0,0.0,5,0.2,0.4,2.2,0.2,5
2019-11-30,2019-20,Burnley,Crystal Palace,0,2,A,1487.9,1512.6,-24.7,8,13,5,13,13,2,3,0,5,1.2,1.8,1.8,0.4,5,0.2,0.6,2.0,0.0,5,1.4,1.5,1.5,0.4,10,1.1,0.9,1.6,0.2,10,1.8,1.6,1.4,0.6,5,1.4,1.2,2.0,0.0,5
2019-11-30,2019-20,Newcastle United,Manchester City,2,2,D,1495.6,1788.4,-292.8,14,3,-11,13,13,1,3,0,4,1.4,1.2,1.4,0.0,5,2.4,2.0,1.0,0.4,5,1.2,0.9,1.6,0.2,10,2.1,2.7,1.1,0.4,10,1.8,1.0,0.6,0.4,5,1.8,2.2,1.6,0.2,5
2019-11-30,2019-20,Chelsea,West Ham United,0,1,A,1661.8,1478.9,183.0,4,17,13,13,13,2,1,2,5,2.4,2.0,1.0,0.4,5,0.2,1.0,2.4,0.0,5,2.2,2.4,1.2,0.3,10,0.9,1.2,1.6,0.3,10,2.0,1.6,0.8,0.6,5,1.0,1.0,1.6,0.2,5
2019-12-01,2019-20,Norwich City,Arsenal,2,2,D,1462.5,1586.6,-124.1,19,9,-10,13,13,0,0,0,0,0.8,0.6,1.4,0.4,5,0.6,1.0,1.6,0.0,5,0.7,0.7,2.0,0.2,10,1.2,1.4,1.5,0.1,10,0.6,1.4,3.0,0.0,5,0.4,0.8,1.8,0.0,5
2019-12-01,2019-20,Wolverhampton Wanderers,Sheffield United,1,1,D,1563.2,1522.1,41.1,6,8,2,13,13,0,0,0,0,1.8,1.4,1.0,0.0,5,1.8,1.8,1.0,0.4,5,1.6,1.6,1.4,0.2,10,1.4,1.3,0.9,0.4,10,1.6,1.6,1.6,0.2,5,1.4,1.2,0.8,0.4,5
2019-12-01,2019-20,Leicester City,Everton,2,1,H,1578.1,1500.5,77.6,3,17,14,13,13,2,3,0,5,3.0,3.4,0.2,0.8,5,1.4,1.4,1.4,0.2,5,2.4,2.8,0.6,0.5,10,1.0,1.2,1.8,0.1,10,3.0,2.8,0.6,0.4,5,0.6,1.0,2.0,0.0,5
2019-12-01,2019-20,Manchester United,Aston Villa,2,2,D,1601.0,1489.9,111.1,11,16,5,13,13,0,0,0,0,1.6,2.0,1.4,0.0,5,1.2,1.2,1.6,0.2,5,1.3,1.3,1.2,0.1,10,1.1,1.5,1.5,0.2,10,1.6,1.4,1.0,0.2,5,0.6,1.6,2.0,0.0,5
2019-12-03,2019-20,Crystal Palace,Bournemouth,1,0,H,1524.8,1468.2,56.6,11,12,1,14,14,2,1,2,5,0.8,1.0,1.6,0.2,5,0.8,1.0,1.4,0.4,5,1.1,1.0,1.6,0.2,10,1.2,1.3,1.2,0.3,10,0.8,0.8,1.4,0.2,5,0.8,1.2,1.4,0.2,5
2019-12-03,2019-20,Burnley,Manchester City,1,4,A,1475.8,1783.4,-307.6,11,3,-8,14,14,0,4,1,5,1.2,1.6,1.8,0.4,5,2.0,2.0,1.4,0.2,5,1.4,1.5,1.4,0.4,10,1.9,2.5,1.3,0.3,10,1.8,1.6,1.2,0.6,5,1.4,2.0,1.8,0.2,5
2019-12-04,2019-20,Liverpool,Everton,5,2,H,1815.0,1495.2,319.8,1,17,16,14,14,2,0,3,5,3.0,2.2,1.0,0.0,5,0.8,1.2,1.8,0.0,5,2.8,2.0,0.9,0.1,10,0.7,1.0,1.8,0.1,10,3.0,2.4,1.0,0.0,5,0.6,1.2,2.0,0.0,5
2019-12-04,2019-20,Southampton,Norwich City,2,1,H,1441.1,1463.2,-22.1,18,19,1,14,14,0,0,0,0,0.8,1.2,3.2,0.0,5,0.8,1.0,1.8,0.2,5,0.8,1.1,2.6,0.1,10,0.8,0.9,2.0,0.2,10,0.6,1.0,3.8,0.0,5,0.8,0.4,1.2,0.4,5
2019-12-04,2019-20,Wolverhampton Wanderers,West Ham United,2,0,H,1559.4,1495.6,63.8,7,13,6,14,14,2,0,0,2,1.8,1.4,1.0,0.0,5,0.8,1.2,2.0,0.2,5,1.7,1.5,1.2,0.2,10,0.9,1.1,1.6,0.3,10,1.6,1.6,1.6,0.2,5,1.0,0.6,1.4,0.4,5
2019-12-04,2019-20,Leicester City,Watford,2,0,H,1583.4,1424.9,158.5,3,20,17,14,14,3,2,0,5,3.0,3.4,0.2,0.8,5,0.8,0.8,1.4,0.4,5,2.4,2.7,0.6,0.5,10,0.7,0.7,2.0,0.3,10,3.0,2.6,0.6,0.4,5,0.8,0.8,2.6,0.2,5
2019-12-04,2019-20,Chelsea,Aston Villa,2,1,H,1645.1,1495.3,149.8,4,15,11,14,14,0,0,0,0,1.8,1.8,1.2,0.2,5,0.8,1.2,1.8,0.2,5,2.1,2.2,1.1,0.3,10,1.2,1.7,1.6,0.2,10,1.8,1.2,0.6,0.6,5,0.8,2.0,2.2,0.0,5
2019-12-04,2019-20,Manchester United,Tottenham,2,1,H,1595.6,1606.7,-11.1,10,7,-3,14,14,2,3,0,5,1.6,2.2,1.6,0.0,5,1.6,1.8,1.6,0.0,5,1.3,1.4,1.3,0.1,10,1.5,1.7,1.5,0.1,10,1.8,1.6,1.0,0.2,5,0.8,1.2,2.0,0.0,5
2019-12-05,2019-20,Sheffield United,Newcastle United,0,2,A,1525.9,1500.6,25.3,9,14,5,14,14,0,0,0,0,1.4,1.8,1.2,0.2,5,1.6,1.6,1.6,0.0,5,1.4,1.2,0.8,0.4,10,1.2,1.0,1.7,0.2,10,1.4,1.4,1.0,0.4,5,0.6,0.8,2.6,0.0,5
2019-12-05,2019-20,Arsenal,Brighton and Hove Albion,1,2,A,1585.9,1431.4,154.5,10,16,6,14,14,1,1,2,4,0.8,1.4,1.8,0.0,5,1.2,1.4,1.8,0.2,5,1.2,1.4,1.5,0.1,10,1.1,1.2,1.4,0.3,10,1.8,1.8,1.4,0.2,5,0.2,0.6,1.8,0.2,5
2019-12-07,2019-20,Everton,Chelsea,3,1,H,1493.5,1648.9,-155.4,18,4,-14,15,15,1,2,2,5,0.8,1.2,2.2,0.0,5,1.8,1.4,1.0,0.2,5,0.7,1.1,2.0,0.1,10,2.1,1.9,1.0,0.3,10,0.8,0.8,1.6,0.2,5,2.4,3.2,1.6,0.0,5
2019-12-07,2019-20,Bournemouth,Liverpool,0,3,A,1462.4,1816.6,-354.2,15,1,-14,15,15,0,4,1,5,0.6,1.0,1.6,0.2,5,3.0,2.8,1.2,0.0,5,0.9,1.0,1.2,0.3,10,2.8,2.2,1.0,0.1,10,1.6,1.4,1.0,0.4,5,2.6,1.6,0.8,0.2,5
2019-12-07,2019-20,Tottenham,Burnley,5,0,H,1599.2,1471.1,128.1,8,12,4,15,15,3,1,1,5,1.6,1.8,1.6,0.0,5,1.2,1.4,1.8,0.4,5,1.2,1.4,1.7,0.0,10,1.3,1.5,1.7,0.4,10,2.2,2.2,1.0,0.2,5,1.0,1.4,1.6,0.2,5
2019-12-07,2019-20,Watford,Crystal Palace,0,0,D,1421.2,1530.5,-109.3,20,8,-12,15,15,2,2,1,5,0.6,0.8,1.8,0.2,5,1.2,0.8,1.2,0.4,5,0.6,0.5,2.0,0.3,10,1.4,1.1,1.2,0.3,10,0.6,0.6,1.4,0.4,5,1.4,1.2,1.8,0.2,5
2019-12-07,2019-20,Manchester City,Manchester United,1,2,A,1788.0,1603.1,184.9,3,8,5,15,15,3,1,1,5,2.0,2.2,1.6,0.0,5,1.6,2.0,1.6,0.0,5,2.2,2.7,1.1,0.3,10,1.3,1.5,1.4,0.0,10,2.4,3.0,0.8,0.4,5,0.8,1.2,1.6,0.0,5
2019-12-08,2019-20,Brighton and Hove Albion,Wolverhampton Wanderers,2,2,D,1447.6,1565.0,-117.3,12,7,-5,15,15,1,0,1,2,1.2,1.2,1.6,0.2,5,2.2,1.6,0.8,0.2,5,1.3,1.3,1.4,0.3,10,2.0,1.5,0.7,0.3,10,2.0,1.8,1.0,0.4,5,1.8,1.4,0.8,0.2,5
2019-12-08,2019-20,Aston Villa,Leicester City,1,4,A,1491.5,1587.1,-95.6,17,2,-15,15,15,0,0,0,0,0.8,1.4,1.6,0.2,5,3.0,2.0,0.2,0.8,5,1.1,1.8,1.8,0.1,10,2.7,2.9,0.5,0.6,10,1.6,1.4,1.0,0.4,5,1.8,2.8,0.6,0.6,5
2019-12-08,2019-20,Newcastle United,Southampton,2,1,H,1514.1,1448.9,65.2,12,18,6,15,15,2,0,2,4,2.0,1.8,1.4,0.2,5,1.4,1.6,1.6,0.0,5,1.5,1.1,1.4,0.3,10,0.8,1.2,2.7,0.0,10,1.8,1.2,0.8,0.4,5,1.0,1.2,1.4,0.2,5
2019-12-08,2019-20,Norwich City,Sheffield United,1,2,A,1455.4,1512.5,-57.1,19,10,-9,15,15,0,0,0,0,0.8,1.0,1.6,0.2,5,1.2,1.6,1.4,0.2,5,0.5,0.7,2.0,0.2,10,1.4,1.2,0.9,0.4,10,0.8,1.4,2.8,0.0,5,1.4,1.0,0.6,0.4,5
2019-12-09,2019-20,West Ham United,Arsenal,1,3,A,1490.0,1569.7,-79.7,16,11,-5,15,15,1,3,1,5,0.6,1.0,2.2,0.2,5,0.6,1.2,1.8,0.0,5,0.8,1.1,1.8,0.2,10,1.1,1.3,1.5,0.1,10,0.8,1.6,1.8,0.2,5,0.6,1.0,1.6,0.0,5
2019-12-14,2019-20,Leicester City,Norwich City,1,1,D,1597.2,1444.1,153.1,2,19,17,16,16,0,0,0,0,3.0,2.4,0.4,0.6,5,0.8,1.2,1.6,0.2,5,2.7,3.1,0.5,0.6,10,0.5,0.8,2.0,0.2,10,3.0,2.6,0.4,0.6,5,0.8,0.6,1.2,0.4,5
2019-12-14,2019-20,Sheffield United,Aston Villa,2,0,H,1523.7,1481.4,42.3,8,17,9,16,16,0,0,0,0,1.2,1.4,1.6,0.0,5,0.8,1.4,2.0,0.2,5,1.4,1.2,1.0,0.3,10,1.1,1.7,1.9,0.1,10,1.4,1.4,1.2,0.4,5,0.8,1.8,2.0,0.0,5
2019-12-14,2019-20,Southampton,West Ham United,0,1,A,1443.3,1479.4,-36.1,18,16,-2,16,16,1,4,0,5,1.4,1.6,1.6,0.0,5,0.6,0.8,2.2,0.2,5,0.8,1.2,2.6,0.0,10,0.5,1.0,2.1,0.1,10,1.2,1.2,3.4,0.0,5,0.8,0.6,1.8,0.2,5
2019-12-14,2019-20,Chelsea,Bournemouth,0,1,A,1637.4,1458.6,178.7,4,16,12,16,16,3,2,0,5,1.2,1.2,1.4,0.2,5,0.0,0.8,2.2,0.0,5,2.1,1.9,1.1,0.3,10,0.6,0.7,1.4,0.3,10,2.4,1.4,0.4,0.6,5,0.2,0.6,1.4,0.2,5
2019-12-14,2019-20,Liverpool,Watford,2,0,H,1820.4,1421.5,398.9,1,20,19,16,16,4,0,1,5,3.0,3.0,1.0,0.2,5,0.8,0.6,1.4,0.4,5,2.8,2.3,0.9,0.2,10,0.7,0.5,1.2,0.4,10,3.0,2.8,1.2,0.0,5,0.8,0.8,1.4,0.2,5
2019-12-14,2019-20,Burnley,Newcastle United,1,0,H,1466.9,1519.6,-52.7,15,11,-4,16,16,1,2,1,4,1.2,1.4,2.2,0.4,5,2.0,1.6,1.2,0.2,5,1.0,1.3,2.2,0.3,10,1.7,1.3,1.5,0.2,10,1.2,1.4,2.0,0.4,5,1.2,1.0,2.0,0.2,5
2019-12-15,2019-20,Manchester United,Everton,1,1,D,1619.9,1505.1,114.7,6,16,10,16,16,3,1,1,5,2.2,2.4,1.6,0.0,5,1.2,1.6,2.2,0.0,5,1.6,1.7,1.3,0.0,10,1.0,1.4,1.9,0.1,10,1.8,1.8,1.2,0.0,5,0.6,1.4,2.4,0.0,5
2019-12-15,2019-20,Wolverhampton Wanderers,Tottenham,1,2,A,1564.5,1603.5,-39.0,7,8,1,16,16,1,1,0,2,2.2,1.8,1.0,0.2,5,2.0,2.6,1.4,0.2,5,2.0,1.6,0.8,0.3,10,1.5,1.8,1.5,0.1,10,2.2,1.6,0.6,0.4,5,0.8,1.2,2.0,0.0,5
2019-12-15,2019-20,Arsenal,Manchester City,0,3,A,1580.3,1771.3,-191.0,9,3,-6,16,16,0,4,1,5,1.0,1.6,1.8,0.0,5,1.4,2.0,1.8,0.0,5,1.1,1.3,1.4,0.1,10,1.9,2.0,1.3,0.2,10,1.2,1.4,1.4,0.2,5,2.0,2.4,1.4,0.2,5
2019-12-16,2019-20,Crystal Palace,Brighton and Hove Albion,1,1,D,1530.3,1448.1,82.2,10,13,3,16,16,1,2,1,4,1.4,0.8,0.8,0.6,5,0.8,1.2,2.0,0.0,5,1.4,1.0,1.1,0.4,10,1.3,1.5,1.6,0.2,10,1.2,0.8,1.2,0.4,5,0.6,1.0,2.0,0.0,5
2019-12-21,2019-20,Everton,Arsenal,0,0,D,1510.6,1572.8,-62.2,16,10,-6,17,17,1,4,0,5,0.8,1.4,2.2,0.0,5,1.0,1.6,2.0,0.0,5,1.1,1.4,1.7,0.1,10,1.0,1.2,1.6,0.1,10,1.4,1.4,1.4,0.2,5,1.0,1.2,1.4,0.0,5
2019-12-21,2019-20,Aston Villa,Southampton,1,3,A,1475.3,1431.5,43.8,17,18,1,17,17,0,0,0,0,0.8,1.2,2.0,0.2,5,1.4,1.4,1.4,0.0,5,1.0,1.5,1.9,0.1,10,0.8,1.1,2.5,0.0,10,1.4,1.6,1.8,0.2,5,0.4,1.2,1.8,0.0,5
2019-12-21,2019-20,Bournemouth,Burnley,0,1,A,1475.3,1475.5,-0.2,14,12,-2,17,17,2,3,0,5,0.6,0.8,1.8,0.2,5,1.2,1.0,2.2,0.4,5,0.8,0.6,1.2,0.4,10,1.2,1.2,2.0,0.4,10,1.0,0.8,1.4,0.4,5,0.8,1.2,2.4,0.2,5
2019-12-21,2019-20,Brighton and Hove Albion,Sheffield United,0,1,A,1452.9,1529.8,-76.9,13,7,-6,17,17,0,0,0,0,1.0,1.2,1.6,0.0,5,1.6,1.6,1.4,0.2,5,1.4,1.6,1.5,0.2,10,1.7,1.4,0.9,0.4,10,2.0,2.0,1.2,0.4,5,1.4,1.0,0.8,0.2,5
2019-12-21,2019-20,Newcastle United,Crystal Palace,1,0,H,1511.0,1525.5,-14.5,12,11,-1,17,17,1,1,2,4,1.4,1.2,1.2,0.2,5,1.6,1.0,0.6,0.6,5,1.7,1.3,1.1,0.2,10,1.2,0.9,1.2,0.3,10,2.2,1.6,1.0,0.2,5,1.6,1.2,1.0,0.4,5
2019-12-21,2019-20,Norwich City,Wolverhampton Wanderers,1,2,A,1450.4,1552.7,-102.4,19,9,-10,17,17,0,0,0,0,1.0,1.4,1.4,0.2,5,1.6,1.6,1.2,0.2,5,0.6,0.9,1.9,0.2,10,1.7,1.5,1.0,0.2,10,0.2,1.0,2.8,0.0,5,1.8,1.6,1.0,0.2,5
2019-12-21,2019-20,Manchester City,Leicester City,3,1,H,1778.7,1591.0,187.7,3,2,-1,17,17,4,1,0,5,2.0,2.4,1.2,0.2,5,2.6,2.2,0.6,0.4,5,1.9,2.0,1.2,0.3,10,2.5,2.7,0.6,0.5,10,1.8,1.6,1.2,0.2,5,2.4,3.6,0.6,0.6,5
2019-12-22,2019-20,Tottenham,Chelsea,0,2,A,1615.2,1620.7,-5.5,7,4,-3,17,17,3,2,0,5,2.4,2.8,1.4,0.2,5,0.6,0.8,1.6,0.0,5,1.5,1.8,1.5,0.1,10,1.8,1.7,1.2,0.2,10,2.2,2.4,1.0,0.2,5,1.8,2.4,1.8,0.0,5
2019-12-22,2019-20,Watford,Manchester United,2,0,H,1420.4,1614.4,-194.0,20,8,-12,17,17,0,5,0,5,0.2,0.2,1.8,0.2,5,1.8,2.0,1.6,0.0,5,0.7,0.5,1.2,0.4,10,1.6,1.7,1.3,0.0,10,0.6,0.2,1.0,0.6,5,1.4,1.6,1.4,0.0,5
2019-12-26,2019-20,Tottenham,Brighton and Hove Albion,2,1,H,1602.6,1442.3,160.3,7,13,6,18,18,3,1,1,5,1.8,2.2,1.4,0.2,5,1.0,1.2,1.4,0.0,5,1.5,1.8,1.4,0.1,10,1.1,1.3,1.6,0.1,10,1.6,2.0,1.2,0.2,5,0.8,1.2,1.8,0.0,5
2019-12-26,2019-20,Aston Villa,Norwich City,1,0,H,1461.3,1440.4,20.9,18,19,1,18,18,1,0,0,1,0.2,1.0,2.6,0.0,5,0.4,1.2,1.8,0.0,5,0.7,1.1,2.1,0.1,10,0.6,0.9,1.6,0.2,10,1.2,1.4,2.0,0.2,5,1.0,0.8,1.0,0.4,5
2019-12-26,2019-20,Bournemouth,Arsenal,1,1,D,1462.5,1573.9,-111.4,14,11,-3,18,18,1,4,0,5,0.6,0.6,1.6,0.2,5,1.0,1.2,1.6,0.2,5,0.8,0.6,1.2,0.4,10,0.8,1.1,1.6,0.1,10,0.8,0.4,1.2,0.4,5,1.0,1.0,1.2,0.2,5
2019-12-26,2019-20,Chelsea,Southampton,0,2,A,1633.4,1445.4,188.0,4,18,14,18,18,4,0,1,5,1.2,1.0,1.2,0.2,5,1.8,1.6,1.2,0.0,5,1.8,1.5,1.1,0.3,10,1.1,1.3,2.2,0.0,10,1.8,1.0,0.6,0.4,5,1.0,1.6,1.6,0.0,5
2019-12-26,2019-20,Crystal Palace,West Ham United,2,1,H,1517.9,1491.2,26.7,12,17,5,18,17,1,1,3,5,1.6,0.8,0.4,0.6,5,1.2,1.0,1.6,0.4,5,0.9,0.7,1.2,0.3,10,0.7,0.9,1.9,0.2,10,0.8,0.6,1.4,0.2,5,1.2,0.4,1.4,0.4,5
2019-12-26,2019-20,Everton,Burnley,1,0,H,1509.5,1488.3,21.2,16,12,-4,18,18,2,3,0,5,1.0,1.4,1.8,0.2,5,1.2,0.6,2.2,0.4,5,1.2,1.4,1.6,0.2,10,1.2,1.2,2.0,0.4,10,1.6,1.2,0.8,0.4,5,1.2,1.0,2.0,0.4,5
2019-12-26,2019-20,Sheffield United,Watford,1,1,D,1540.5,1433.0,107.4,6,20,14,18,18,0,0,1,1,2.0,1.2,0.8,0.4,5,0.8,0.6,1.2,0.4,5,1.9,1.5,0.9,0.4,10,0.9,0.7,1.2,0.4,10,2.0,1.8,1.0,0.6,5,0.8,0.8,1.4,0.2,5
2019-12-26,2019-20,Manchester United,Newcastle United,4,1,H,1601.7,1518.6,83.1,9,10,1,18,18,3,2,0,5,1.6,1.4,1.4,0.0,5,2.0,1.4,0.8,0.4,5,1.6,1.7,1.4,0.0,10,1.7,1.3,1.1,0.2,10,1.8,1.8,1.2,0.0,5,1.2,1.0,1.2,0.2,5
2019-12-26,2019-20,Leicester City,Liverpool,0,4,A,1587.8,1821.5,-233.7,2,1,-1,18,17,0,4,1,5,2.0,2.0,1.2,0.2,5,3.0,2.8,0.8,0.4,5,2.5,2.7,0.7,0.5,10,2.8,2.4,0.9,0.2,10,2.6,1.8,0.6,0.4,5,2.6,1.8,0.6,0.4,5
2019-12-27,2019-20,Wolverhampton Wanderers,Manchester City,3,2,H,1562.7,1781.9,-219.2,8,3,-5,18,18,1,1,1,3,1.6,1.6,1.2,0.2,5,2.0,2.6,1.2,0.2,5,1.7,1.5,1.1,0.1,10,2.2,2.3,1.1,0.3,10,1.6,1.4,1.0,0.2,5,2.0,2.4,1.2,0.4,5
2019-12-28,2019-20,Burnley,Manchester United,0,2,A,1481.7,1606.9,-125.2,12,8,-4,19,19,0,3,2,5,1.2,0.6,2.0,0.4,5,2.0,1.8,1.2,0.0,5,1.2,1.1,1.9,0.4,10,1.8,2.0,1.4,0.0,10,1.2,1.4,2.0,0.4,5,1.4,1.6,1.6,0.0,5
2019-12-28,2019-20,Watford,Aston Villa,3,0,H,1438.4,1468.0,-29.6,19,18,-1,19,19,0,0,0,0,1.0,0.6,1.0,0.4,5,0.6,0.8,2.2,0.2,5,0.9,0.7,1.2,0.4,10,0.7,1.0,2.0,0.2,10,1.0,0.6,1.0,0.6,5,0.2,0.8,2.2,0.0,5
2019-12-28,2019-20,West Ham United,Leicester City,1,2,A,1484.7,1581.5,-96.8,17,2,-15,18,19,1,1,3,5,1.2,0.8,1.4,0.4,5,1.4,1.6,1.8,0.2,5,0.7,0.9,1.9,0.2,10,2.2,2.5,1.0,0.5,10,0.2,1.4,2.4,0.0,5,2.4,3.6,0.8,0.6,5
2019-12-28,2019-20,Newcastle United,Everton,1,2,A,1513.4,1516.2,-2.8,10,13,3,19,19,1,2,1,4,1.8,1.2,1.2,0.4,5,1.6,1.4,1.4,0.4,5,1.7,1.4,1.4,0.2,10,1.2,1.3,1.6,0.2,10,2.2,1.6,1.0,0.2,5,0.8,1.6,2.4,0.0,5
2019-12-28,2019-20,Southampton,Crystal Palace,1,1,D,1462.2,1524.4,-62.2,14,9,-5,19,19,3,1,1,5,1.8,1.6,1.0,0.2,5,1.6,0.8,0.6,0.4,5,1.3,1.4,2.1,0.1,10,1.2,0.9,1.1,0.3,10,1.2,1.0,2.8,0.0,5,1.0,0.8,1.0,0.4,5
2019-12-28,2019-20,Brighton and Hove Albion,Bournemouth,2,0,H,1438.6,1462.8,-24.2,15,16,1,19,19,0,3,1,4,1.0,1.2,1.4,0.0,5,0.8,0.4,1.2,0.2,5,1.1,1.3,1.6,0.1,10,0.8,0.7,1.3,0.3,10,1.4,1.4,1.4,0.2,5,0.8,0.8,1.2,0.4,5
2019-12-28,2019-20,Norwich City,Tottenham,2,2,D,1433.8,1606.2,-172.4,20,7,-13,19,19,0,0,0,0,0.2,0.8,1.6,0.0,5,1.8,2.0,1.2,0.2,5,0.5,0.9,1.7,0.1,10,1.7,1.9,1.4,0.1,10,0.2,1.0,2.2,0.0,5,1.4,1.6,1.6,0.0,5
2019-12-29,2019-20,Arsenal,Chelsea,1,2,A,1573.6,1616.6,-43.0,12,4,-8,19,19,1,2,2,5,1.0,1.0,1.4,0.2,5,1.2,1.0,1.4,0.2,5,0.9,1.2,1.6,0.1,10,1.5,1.4,1.3,0.2,10,0.6,1.2,2.0,0.0,5,1.8,2.0,1.6,0.2,5
2019-12-29,2019-20,Liverpool,Wolverhampton Wanderers,1,0,H,1827.8,1576.0,251.8,1,7,6,18,19,2,0,0,2,3.0,3.2,0.6,0.6,5,2.0,2.0,1.4,0.2,5,2.8,2.6,0.8,0.3,10,1.9,1.7,1.2,0.1,10,3.0,2.8,1.0,0.2,5,1.8,1.6,1.2,0.0,5
2019-12-29,2019-20,Manchester City,Sheffield United,2,0,H,1768.6,1535.1,233.5,3,8,5,19,19,0,0,0,0,1.8,2.6,1.4,0.2,5,2.0,1.2,0.8,0.4,5,1.9,2.3,1.4,0.2,10,1.7,1.5,1.0,0.3,10,2.4,2.2,1.0,0.2,5,1.8,1.2,0.8,0.2,5
2020-01-01,2019-20,West Ham United,Bournemouth,4,0,H,1474.6,1455.0,19.6,17,16,-1,19,20,0,2,3,5,0.6,0.8,1.8,0.2,5,0.8,0.4,1.4,0.2,5,0.7,1.0,1.9,0.2,10,0.7,0.7,1.5,0.2,10,0.2,1.4,2.4,0.0,5,0.6,0.8,1.6,0.2,5
2020-01-01,2019-20,Norwich City,Crystal Palace,1,1,D,1435.8,1525.5,-89.6,20,9,-11,20,20,0,1,0,1,0.4,1.0,1.6,0.0,5,1.2,0.8,0.8,0.2,5,0.6,1.0,1.6,0.1,10,1.2,0.8,1.0,0.3,10,0.4,1.2,2.0,0.0,5,1.0,0.6,0.8,0.4,5
2020-01-01,2019-20,Manchester City,Everton,2,1,H,1771.2,1528.9,242.2,3,10,7,20,20,4,0,1,5,1.8,2.2,1.2,0.4,5,2.2,1.4,0.6,0.4,5,1.9,2.2,1.4,0.2,10,1.5,1.3,1.4,0.2,10,2.4,2.0,1.0,0.2,5,1.4,1.6,2.0,0.0,5
2020-01-01,2019-20,Watford,Wolverhampton Wanderers,2,1,H,1446.4,1573.6,-127.2,19,7,-12,20,20,1,2,0,3,1.6,1.2,0.6,0.6,5,1.4,1.6,1.6,0.0,5,1.1,1.0,1.2,0.4,10,1.8,1.6,1.2,0.1,10,1.4,1.2,1.0,0.6,5,1.6,1.4,1.2,0.0,5
2020-01-01,2019-20,Arsenal,Manchester United,2,0,H,1561.9,1616.2,-54.2,12,5,-7,20,20,1,2,2,5,1.0,1.0,1.4,0.2,5,2.0,1.8,1.0,0.2,5,0.8,1.1,1.6,0.1,10,1.8,1.9,1.3,0.1,10,0.4,1.0,2.0,0.0,5,1.4,1.4,1.4,0.2,5
2020-01-01,2019-20,Newcastle United,Leicester City,0,3,A,1500.7,1591.6,-90.9,12,3,-9,20,20,2,3,0,5,1.2,1.0,1.6,0.2,5,1.4,1.6,2.0,0.0,5,1.6,1.4,1.5,0.2,10,2.2,1.8,1.1,0.4,10,2.0,1.6,1.2,0.2,5,2.4,2.2,1.0,0.4,5
2020-01-01,2019-20,Burnley,Aston Villa,1,2,A,1472.4,1460.0,12.4,13,19,6,20,20,0,0,1,1,1.2,0.4,1.6,0.4,5,0.6,0.6,2.4,0.2,5,1.2,0.9,1.7,0.4,10,0.7,1.0,2.0,0.2,10,1.2,1.0,1.6,0.4,5,0.2,0.8,2.2,0.0,5
2020-01-01,2019-20,Brighton and Hove Albion,Chelsea,1,1,D,1446.5,1628.2,-181.7,14,4,-10,20,20,0,5,0,5,1.0,1.2,1.2,0.2,5,1.2,1.0,1.4,0.2,5,1.1,1.2,1.4,0.2,10,1.5,1.2,1.2,0.2,10,1.4,1.2,1.0,0.4,5,1.8,1.6,1.4,0.2,5
2020-01-01,2019-20,Southampton,Tottenham,1,0,H,1461.1,1604.2,-143.0,16,6,-10,20,20,1,3,1,5,1.4,1.4,1.0,0.2,5,2.0,2.2,1.2,0.2,5,1.4,1.5,1.3,0.1,10,1.8,2.0,1.4,0.1,10,1.4,1.2,1.2,0.0,5,1.6,1.8,1.6,0.0,5
2020-01-02,2019-20,Liverpool,Sheffield United,2,0,H,1830.1,1532.6,297.6,1,8,7,19,20,1,0,0,1,3.0,3.0,0.4,0.8,5,2.0,1.2,0.8,0.4,5,3.0,2.6,0.7,0.4,10,1.6,1.4,1.1,0.3,10,3.0,2.6,0.8,0.4,5,1.6,1.0,1.0,0.2,5
2020-01-10,2019-20,Sheffield United,West Ham United,1,0,H,1530.7,1481.3,49.4,8,16,8,21,20,0,0,1,1,1.4,0.8,1.0,0.4,5,1.2,1.6,1.4,0.4,5,1.3,1.1,1.3,0.2,10,0.9,1.3,1.8,0.3,10,1.6,1.8,1.2,0.4,5,1.2,0.6,1.4,0.4,5
2020-01-11,2019-20,Crystal Palace,Arsenal,1,1,D,1525.8,1570.6,-44.9,9,10,1,21,21,1,2,2,5,1.2,1.0,1.0,0.0,5,1.0,0.8,1.2,0.4,5,1.3,0.9,0.9,0.3,10,1.0,1.2,1.5,0.2,10,1.4,1.0,1.2,0.2,5,1.2,1.2,1.2,0.2,5
2020-01-11,2019-20,Chelsea,Burnley,3,0,H,1625.9,1459.3,166.6,4,15,11,21,21,3,1,1,5,1.4,1.0,1.0,0.2,5,1.2,0.6,1.0,0.4,5,1.3,1.1,1.2,0.2,10,1.2,1.0,1.6,0.4,10,1.2,0.8,1.0,0.2,5,1.2,0.8,1.8,0.4,5
2020-01-11,2019-20,Everton,Brighton and Hove Albion,1,0,H,1526.5,1448.8,77.7,11,14,3,21,21,2,2,1,5,1.6,1.0,0.8,0.4,5,1.0,1.0,1.0,0.2,5,1.4,1.3,1.5,0.2,10,0.9,1.1,1.5,0.1,10,1.6,1.0,0.8,0.4,5,0.8,1.2,1.8,0.0,5
2020-01-11,2019-20,Manchester United,Norwich City,4,0,H,1607.5,1435.5,171.9,6,20,14,21,21,1,0,0,1,1.4,1.4,1.2,0.2,5,0.6,1.0,1.4,0.0,5,1.8,1.9,1.4,0.1,10,0.7,1.1,1.5,0.1,10,2.2,2.4,1.2,0.0,5,0.8,0.8,1.2,0.2,5
2020-01-11,2019-20,Wolverhampton Wanderers,Newcastle United,1,1,D,1562.8,1490.4,72.4,8,13,5,21,21,1,0,2,3,1.2,1.4,1.6,0.0,5,0.6,0.6,2.0,0.2,5,1.7,1.6,1.3,0.1,10,1.3,1.1,1.6,0.2,10,2.0,1.8,1.2,0.2,5,1.2,1.2,1.8,0.2,5
2020-01-11,2019-20,Tottenham,Liverpool,0,1,A,1592.9,1832.0,-239.0,8,1,-7,21,20,1,3,1,5,1.4,1.2,1.4,0.0,5,3.0,2.4,0.0,1.0,5,1.7,1.9,1.4,0.1,10,3.0,2.6,0.6,0.5,10,2.0,2.2,1.2,0.2,5,2.6,2.4,0.6,0.4,5
2020-01-11,2019-20,Leicester City,Southampton,1,2,A,1601.8,1472.3,129.5,2,13,11,21,21,3,1,1,5,1.4,1.4,1.8,0.2,5,2.0,1.4,0.6,0.4,5,2.2,1.9,1.1,0.4,10,1.7,1.5,1.1,0.2,10,2.0,1.4,1.2,0.4,5,1.4,1.8,1.4,0.2,5
2020-01-12,2019-20,Bournemouth,Watford,0,3,A,1448.3,1457.2,-8.9,18,19,1,21,21,1,1,3,5,0.8,0.4,1.6,0.2,5,2.0,1.6,0.8,0.4,5,0.4,0.6,1.9,0.1,10,1.4,1.1,1.1,0.4,10,0.8,0.6,1.4,0.2,5,0.8,0.8,1.4,0.2,5
2020-01-12,2019-20,Aston Villa,Manchester City,1,6,A,1473.1,1773.6,-300.5,18,3,-15,21,21,0,1,0,1,1.2,0.8,1.8,0.2,5,2.4,2.4,1.0,0.4,5,1.0,1.1,1.9,0.2,10,1.9,2.2,1.4,0.2,10,1.2,1.2,1.8,0.4,5,1.4,2.4,1.8,0.2,5
2020-01-18,2019-20,Norwich City,Bournemouth,1,0,H,1432.1,1435.7,-3.7,20,19,-1,22,22,0,0,1,1,0.4,0.8,2.0,0.0,5,0.2,0.2,2.2,0.0,5,0.7,1.1,1.7,0.1,10,0.4,0.5,2.0,0.1,10,0.6,1.4,1.8,0.0,5,0.6,0.6,2.0,0.2,5
2020-01-18,2019-20,West Ham United,Everton,1,1,D,1475.4,1531.8,-56.4,16,11,-5,21,22,2,3,0,5,1.2,1.4,1.0,0.4,5,2.0,1.0,0.6,0.6,5,0.9,1.1,1.6,0.3,10,1.4,1.2,1.4,0.3,10,0.6,2.0,2.2,0.2,5,0.8,1.4,2.2,0.0,5
2020-01-18,2019-20,Southampton,Wolverhampton Wanderers,2,3,A,1488.1,1558.3,-70.1,12,7,-5,22,22,1,1,1,3,2.6,1.8,0.6,0.4,5,1.4,1.4,1.4,0.0,5,2.0,1.6,1.0,0.2,10,1.5,1.5,1.3,0.1,10,2.0,1.2,0.8,0.2,5,1.4,1.4,1.4,0.0,5
2020-01-18,2019-20,Newcastle United,Chelsea,1,0,H,1495.0,1629.4,-134.4,13,4,-9,22,22,1,4,0,5,0.8,0.8,2.0,0.2,5,2.0,1.6,0.8,0.4,5,1.1,1.0,1.6,0.2,10,1.3,1.2,1.2,0.2,10,1.4,1.2,1.6,0.2,5,1.4,1.4,1.4,0.2,5
2020-01-18,2019-20,Manchester City,Crystal Palace,2,2,D,1778.4,1524.2,254.2,2,9,7,22,22,3,1,1,5,2.4,3.0,1.2,0.2,5,1.2,1.0,1.0,0.0,5,2.2,2.7,1.2,0.2,10,1.4,1.0,0.8,0.3,10,2.4,2.0,1.0,0.2,5,1.2,0.8,0.6,0.4,5
2020-01-18,2019-20,Arsenal,Sheffield United,1,1,D,1572.2,1536.7,35.5,12,7,-5,22,22,0,1,0,1,1.2,1.0,0.8,0.4,5,1.4,0.6,1.0,0.4,5,1.1,1.3,1.4,0.2,10,1.5,1.1,1.2,0.3,10,0.8,1.2,1.8,0.2,5,1.4,0.8,1.2,0.2,5
2020-01-18,2019-20,Watford,Tottenham,0,0,D,1469.7,1586.7,-117.0,17,8,-9,22,22,1,2,2,5,2.6,2.2,0.4,0.6,5,0.8,0.8,1.4,0.0,5,1.4,1.2,1.1,0.4,10,1.6,1.8,1.4,0.1,10,2.0,1.4,0.8,0.6,5,1.4,1.6,1.6,0.0,5
2020-01-18,2019-20,Brighton and Hove Albion,Aston Villa,1,1,D,1443.5,1468.3,-24.9,14,18,4,22,22,0,1,0,1,0.8,0.8,1.0,0.2,5,1.2,1.0,2.6,0.2,5,0.9,1.0,1.3,0.1,10,1.0,1.1,2.3,0.2,10,1.0,1.0,1.2,0.2,5,0.8,1.0,2.0,0.0,5
2020-01-19,2019-20,Burnley,Leicester City,2,1,H,1455.7,1586.0,-130.3,15,3,-12,22,22,1,3,1,5,0.6,0.4,1.6,0.2,5,1.2,1.4,2.0,0.2,5,0.9,0.7,1.9,0.3,10,1.9,1.8,1.3,0.3,10,0.6,0.6,2.0,0.2,5,2.4,2.4,1.0,0.4,5
2020-01-19,2019-20,Liverpool,Manchester United,2,0,H,1838.2,1610.9,227.2,1,5,4,21,22,1,1,3,5,3.0,2.0,0.0,1.0,5,1.8,2.0,1.0,0.4,5,3.0,2.5,0.5,0.6,10,1.8,2.0,1.3,0.2,10,3.0,2.4,0.6,0.6,5,1.4,1.4,1.6,0.2,5
2020-01-21,2019-20,Aston Villa,Watford,2,1,H,1470.5,1470.2,0.2,18,17,-1,23,23,0,1,0,1,1.4,1.0,2.2,0.2,5,2.2,1.8,0.4,0.6,5,0.8,1.0,2.4,0.1,10,1.5,1.2,0.8,0.5,10,1.2,1.2,2.6,0.4,5,0.8,1.0,1.4,0.2,5
2020-01-21,2019-20,Bournemouth,Brighton and Hove Albion,3,1,H,1428.4,1441.4,-12.9,19,15,-4,23,23,3,1,1,5,0.2,0.2,2.2,0.0,5,1.0,1.0,1.0,0.2,5,0.4,0.4,1.9,0.1,10,1.0,1.1,1.2,0.1,10,0.2,0.4,2.0,0.0,5,0.8,1.0,1.4,0.0,5
2020-01-21,2019-20,Crystal Palace,Southampton,0,2,A,1531.9,1477.3,54.6,9,13,4,23,23,1,2,2,5,1.4,1.4,1.2,0.0,5,2.0,1.6,1.0,0.4,5,1.5,1.1,0.8,0.3,10,1.9,1.6,1.1,0.2,10,1.6,1.2,1.0,0.2,5,2.0,2.0,1.2,0.2,5
2020-01-21,2019-20,Everton,Newcastle United,2,2,D,1533.0,1506.0,27.0,12,13,1,23,23,3,1,1,5,2.0,1.2,0.8,0.4,5,0.8,0.8,2.0,0.2,5,1.5,1.3,1.3,0.3,10,1.4,1.1,1.4,0.3,10,2.0,1.0,0.6,0.6,5,0.8,0.8,1.6,0.2,5
2020-01-21,2019-20,Sheffield United,Manchester City,0,1,A,1540.4,1770.7,-230.3,7,2,-5,23,23,0,1,0,1,1.0,0.6,1.2,0.2,5,2.0,2.8,1.4,0.2,5,1.5,0.9,1.0,0.3,10,2.0,2.7,1.3,0.2,10,1.6,1.4,1.2,0.4,5,2.0,3.4,1.4,0.2,5
2020-01-21,2019-20,Chelsea,Arsenal,2,2,D,1618.4,1568.5,49.9,4,13,9,23,23,2,1,2,5,1.4,1.2,1.0,0.2,5,1.2,1.2,1.0,0.2,5,1.3,1.1,1.1,0.2,10,1.1,1.2,1.3,0.2,10,1.2,1.0,1.0,0.2,5,1.4,1.4,1.0,0.2,5
2020-01-22,2019-20,Tottenham,Norwich City,2,1,H,1586.2,1439.4,146.9,8,20,12,23,23,0,0,1,1,1.0,0.8,1.0,0.2,5,1.0,0.8,1.6,0.2,5,1.4,1.5,1.2,0.2,10,0.7,1.0,1.7,0.1,10,1.8,2.0,1.2,0.2,5,0.8,0.8,1.6,0.2,5
2020-01-22,2019-20,Manchester United,Burnley,0,2,A,1608.3,1466.6,141.7,5,14,9,23,23,3,0,2,5,1.8,2.0,1.0,0.4,5,0.6,0.6,1.8,0.0,5,1.7,1.7,1.2,0.2,10,0.9,0.6,2.0,0.2,10,2.2,2.6,1.0,0.2,5,1.2,0.8,1.8,0.4,5
2020-01-22,2019-20,Leicester City,West Ham United,4,1,H,1575.2,1474.1,101.1,3,17,14,23,22,1,1,3,5,1.2,1.4,1.8,0.2,5,0.8,1.4,1.2,0.2,5,1.6,1.7,1.5,0.2,10,1.0,1.2,1.4,0.3,10,1.4,1.2,1.6,0.2,5,1.2,0.6,1.0,0.4,5
2020-01-23,2019-20,Wolverhampton Wanderers,Liverpool,1,2,A,1569.1,1840.8,-271.7,7,1,-6,23,22,0,3,0,3,1.4,1.6,1.6,0.0,5,3.0,2.0,0.0,1.0,5,1.5,1.6,1.4,0.1,10,3.0,2.4,0.4,0.7,10,1.6,1.6,1.2,0.2,5,3.0,2.4,0.4,0.6,5
2020-01-29,2019-20,West Ham United,Liverpool,0,2,A,1469.3,1846.2,-376.9,17,1,-16,23,23,0,4,1,5,0.8,1.4,1.6,0.2,5,3.0,1.6,0.2,0.8,5,1.0,1.1,1.5,0.3,10,3.0,2.4,0.4,0.7,10,0.8,1.8,1.8,0.2,5,3.0,2.4,0.4,0.6,5
2020-02-01,2019-20,Leicester City,Chelsea,2,2,D,1579.9,1614.4,-34.4,3,4,1,24,24,1,1,3,5,1.8,2.2,1.2,0.2,5,1.6,1.6,1.0,0.2,5,1.6,1.9,1.5,0.2,10,1.4,1.3,1.2,0.2,10,1.4,1.6,1.6,0.2,5,1.4,1.2,1.2,0.2,5
2020-02-01,2019-20,Bournemouth,Aston Villa,2,1,H,1436.0,1477.7,-41.7,18,16,-2,24,24,1,0,0,1,0.6,0.6,2.2,0.0,5,1.4,1.2,2.4,0.0,5,0.7,0.5,1.7,0.1,10,1.0,1.0,2.3,0.1,10,0.8,0.8,1.8,0.0,5,0.8,0.8,1.8,0.0,5
2020-02-01,2019-20,Crystal Palace,Sheffield United,0,1,A,1517.7,1534.0,-16.3,11,8,-3,24,24,0,1,0,1,0.8,1.0,1.4,0.0,5,0.8,0.4,1.2,0.2,5,1.2,0.9,1.0,0.2,10,1.4,0.8,1.0,0.3,10,1.6,1.0,1.0,0.2,5,1.4,0.8,1.2,0.2,5
2020-02-01,2019-20,Liverpool,Southampton,4,0,H,1849.6,1491.5,358.2,1,9,8,24,24,5,0,0,5,3.0,1.8,0.2,0.8,5,2.0,1.6,1.0,0.4,5,3.0,2.4,0.3,0.8,10,1.9,1.6,1.0,0.3,10,3.0,2.4,0.4,0.8,5,2.4,2.0,0.8,0.4,5
2020-02-01,2019-20,Newcastle United,Norwich City,0,0,D,1509.5,1435.5,74.0,14,20,6,24,24,0,1,0,1,1.0,1.0,1.6,0.2,5,1.0,1.0,1.8,0.2,5,1.4,1.1,1.4,0.3,10,0.6,0.9,1.7,0.1,10,1.8,1.0,1.2,0.4,5,0.2,0.6,2.0,0.0,5
2020-02-01,2019-20,Watford,Everton,2,3,A,1463.0,1529.5,-66.5,19,12,-7,24,24,2,2,1,5,2.0,1.8,0.6,0.6,5,1.6,1.4,1.2,0.2,5,1.5,1.2,0.8,0.5,10,1.6,1.4,1.3,0.3,10,2.2,1.4,0.2,0.8,5,1.0,1.4,2.0,0.0,5
2020-02-01,2019-20,West Ham United,Brighton and Hove Albion,3,3,D,1465.9,1433.8,32.1,18,16,-2,24,24,0,3,2,5,0.8,1.2,1.6,0.2,5,1.0,1.0,1.2,0.2,5,0.7,1.0,1.7,0.2,10,1.0,1.1,1.3,0.1,10,0.8,1.4,1.6,0.2,5,0.8,1.0,1.6,0.0,5
2020-02-01,2019-20,Manchester United,Wolverhampton Wanderers,0,0,D,1592.3,1563.7,28.6,6,8,2,24,24,0,1,2,3,1.2,1.2,1.2,0.4,5,0.8,1.2,1.6,0.0,5,1.6,1.5,1.2,0.2,10,1.4,1.6,1.5,0.1,10,2.0,2.2,1.0,0.2,5,1.4,1.6,1.6,0.0,5
2020-02-02,2019-20,Burnley,Arsenal,0,0,D,1482.6,1572.6,-89.9,14,12,-2,24,24,0,5,0,5,1.2,1.0,1.6,0.2,5,1.2,1.4,1.2,0.2,5,1.2,0.8,1.8,0.3,10,1.1,1.2,1.3,0.2,10,1.2,1.0,1.8,0.2,5,1.4,1.4,1.0,0.2,5
2020-02-02,2019-20,Tottenham,Manchester City,2,0,H,1590.1,1777.1,-187.0,8,2,-6,24,24,0,4,1,5,1.0,0.8,1.0,0.2,5,2.6,2.6,0.8,0.4,5,1.4,1.4,1.1,0.2,10,2.2,2.6,1.1,0.3,10,1.8,1.8,1.0,0.2,5,2.4,3.2,1.0,0.4,5
2020-02-08,2019-20,Everton,Crystal Palace,3,1,H,1540.5,1505.3,35.1,9,14,5,25,25,2,0,3,5,1.6,1.6,1.4,0.2,5,0.6,0.8,1.4,0.0,5,1.9,1.5,1.0,0.3,10,0.9,0.8,1.1,0.1,10,2.2,1.4,0.6,0.6,5,0.8,0.8,1.0,0.2,5
2020-02-08,2019-20,Brighton and Hove Albion,Watford,1,1,D,1437.4,1452.1,-14.6,15,19,4,25,25,2,1,2,5,0.6,1.2,1.8,0.0,5,1.4,1.6,1.2,0.4,5,0.8,1.2,1.5,0.1,10,1.5,1.4,0.9,0.5,10,1.2,1.2,1.0,0.2,5,0.8,1.0,1.4,0.2,5
2020-02-09,2019-20,Sheffield United,Bournemouth,2,1,H,1546.3,1444.3,102.0,6,16,10,25,25,0,0,1,1,1.4,0.6,0.8,0.4,5,1.2,1.0,2.0,0.0,5,1.7,0.9,0.8,0.4,10,1.0,0.7,1.7,0.1,10,1.4,0.8,0.8,0.4,5,0.6,0.2,1.6,0.2,5
2020-02-14,2019-20,Wolverhampton Wanderers,Leicester City,0,0,D,1567.2,1578.1,-10.9,9,3,-6,25,25,1,1,1,3,1.0,1.2,1.4,0.2,5,1.4,2.2,1.4,0.2,5,1.2,1.4,1.5,0.1,10,1.4,1.9,1.7,0.1,10,1.4,1.6,1.4,0.2,5,1.8,2.2,1.4,0.2,5
2020-02-15,2019-20,Southampton,Burnley,1,2,A,1490.1,1482.3,7.8,13,11,-2,25,25,0,2,3,5,1.8,1.4,1.6,0.4,5,1.4,1.0,1.2,0.4,5,1.6,1.4,1.3,0.3,10,1.3,0.7,1.4,0.4,10,1.4,1.2,1.2,0.2,5,1.2,0.6,1.8,0.4,5
2020-02-15,2019-20,Norwich City,Liverpool,0,1,A,1440.1,1850.9,-410.8,20,1,-19,25,25,0,1,0,1,1.0,0.6,1.4,0.4,5,3.0,2.2,0.2,0.8,5,0.7,0.8,1.5,0.2,10,3.0,2.3,0.1,0.9,10,1.0,1.2,1.4,0.2,5,3.0,2.4,0.2,0.8,5
2020-02-16,2019-20,Aston Villa,Tottenham,2,3,A,1469.3,1602.6,-133.3,17,6,-11,25,25,0,1,0,1,1.4,1.4,2.2,0.0,5,1.4,0.8,0.6,0.4,5,1.0,1.0,2.3,0.1,10,1.7,1.5,0.9,0.3,10,1.2,1.2,2.8,0.2,5,1.0,1.0,1.2,0.2,5
2020-02-16,2019-20,Arsenal,Newcastle United,4,0,H,1572.8,1504.9,68.0,11,12,1,25,25,4,1,0,5,1.4,1.2,0.8,0.4,5,1.2,0.8,1.2,0.4,5,1.2,1.1,1.1,0.3,10,1.2,0.9,1.4,0.3,10,0.8,1.0,1.6,0.2,5,1.0,1.2,1.6,0.2,5
2020-02-17,2019-20,Chelsea,Manchester United,0,2,A,1616.2,1588.7,27.5,4,9,5,25,25,1,2,2,5,1.2,1.6,1.2,0.2,5,0.8,0.8,1.2,0.4,5,1.2,1.3,1.3,0.2,10,1.4,1.3,1.1,0.3,10,1.4,1.4,1.2,0.2,5,1.2,0.8,1.4,0.2,5
2020-02-19,2019-20,Manchester City,West Ham United,2,0,H,1764.7,1462.3,302.3,2,18,16,25,25,5,0,0,5,2.0,2.2,1.2,0.2,5,0.4,1.0,2.2,0.0,5,1.9,2.2,1.2,0.3,10,0.8,1.3,1.8,0.2,10,2.0,2.0,1.2,0.2,5,0.6,0.6,1.8,0.2,5
2020-02-22,2019-20,Chelsea,Tottenham,2,1,H,1602.7,1611.6,-8.9,4,5,1,26,26,3,2,0,5,1.0,1.4,1.4,0.2,5,2.0,1.4,0.8,0.4,5,1.2,1.2,1.2,0.2,10,1.7,1.3,1.1,0.2,10,0.8,1.0,1.4,0.2,5,1.6,1.4,1.2,0.2,5
2020-02-22,2019-20,Burnley,Bournemouth,3,0,H,1495.3,1439.6,55.8,11,16,5,26,26,4,1,0,5,2.0,1.2,1.0,0.4,5,1.2,1.2,1.6,0.0,5,1.6,0.9,1.0,0.4,10,1.0,0.8,1.6,0.1,10,1.4,0.8,1.0,0.4,5,0.6,0.4,1.8,0.2,5
2020-02-22,2019-20,Crystal Palace,Newcastle United,1,0,H,1499.0,1499.4,-0.3,14,13,-1,26,26,1,2,2,5,0.4,0.8,1.8,0.0,5,1.2,0.8,1.4,0.4,5,0.8,0.9,1.4,0.0,10,0.9,0.7,1.7,0.3,10,1.0,0.8,1.2,0.0,5,0.4,0.8,2.4,0.0,5
2020-02-22,2019-20,Sheffield United,Brighton and Hove Albion,1,1,D,1551.1,1435.0,116.1,6,15,9,26,26,1,0,0,1,2.0,1.0,0.6,0.4,5,0.6,1.2,1.8,0.0,5,1.7,0.9,0.8,0.4,10,0.8,1.1,1.4,0.1,10,2.0,1.2,0.6,0.4,5,0.4,1.2,2.0,0.0,5
2020-02-22,2019-20,Southampton,Aston Villa,2,0,H,1477.1,1460.3,16.8,13,17,4,26,26,1,0,0,1,1.2,1.4,2.0,0.2,5,0.8,1.4,2.6,0.0,5,1.6,1.4,1.3,0.3,10,1.0,1.1,2.2,0.1,10,0.8,1.0,1.4,0.2,5,0.8,0.8,1.8,0.0,5
2020-02-22,2019-20,Leicester City,Manchester City,0,1,A,1580.6,1766.5,-185.9,3,2,-1,26,26,1,4,0,5,1.0,1.6,1.4,0.2,5,2.0,2.2,1.0,0.4,5,1.2,1.5,1.6,0.2,10,2.2,2.3,1.0,0.4,10,1.0,1.6,2.0,0.0,5,1.8,2.4,1.2,0.4,5
2020-02-23,2019-20,Arsenal,Everton,3,2,H,1578.4,1546.8,31.6,11,10,-1,26,26,3,1,1,5,1.4,1.6,0.8,0.4,5,2.2,2.0,1.2,0.2,5,1.2,1.2,1.0,0.4,10,1.9,1.5,1.0,0.3,10,1.4,1.6,1.2,0.4,5,1.6,1.6,1.4,0.0,5
2020-02-23,2019-20,Manchester United,Watford,3,0,H,1602.2,1454.5,147.8,7,19,12,26,26,4,1,0,5,1.4,1.2,0.8,0.6,5,1.0,1.4,1.2,0.4,5,1.4,1.3,1.0,0.4,10,1.5,1.5,1.0,0.4,10,1.6,1.8,0.8,0.4,5,1.0,1.2,1.2,0.2,5
2020-02-23,2019-20,Wolverhampton Wanderers,Norwich City,3,0,H,1564.7,1437.2,127.5,10,20,10,26,26,1,0,0,1,1.2,1.0,1.0,0.4,5,0.8,0.4,1.4,0.4,5,1.2,1.2,1.3,0.2,10,0.7,0.7,1.4,0.2,10,1.0,1.2,1.4,0.2,5,0.4,0.4,1.6,0.2,5
2020-02-24,2019-20,Liverpool,West Ham United,3,2,H,1853.8,1460.5,393.3,1,18,17,26,26,4,0,1,5,3.0,2.2,0.2,0.8,5,0.4,1.0,2.4,0.0,5,3.0,2.1,0.1,0.9,10,0.8,1.2,1.7,0.2,10,3.0,2.2,0.0,1.0,5,0.6,0.6,1.8,0.2,5
2020-02-28,2019-20,Norwich City,Leicester City,1,0,H,1433.0,1573.0,-140.0,20,3,-17,27,27,0,0,1,1,0.8,0.4,1.2,0.4,5,1.0,1.4,1.2,0.2,5,0.6,0.6,1.6,0.2,10,1.1,1.4,1.6,0.2,10,1.0,1.0,1.2,0.2,5,1.4,1.4,1.2,0.4,5
2020-02-29,2019-20,Brighton and Hove Albion,Crystal Palace,0,1,A,1440.6,1506.3,-65.7,15,13,-2,27,27,2,1,2,5,0.8,1.4,1.8,0.0,5,0.8,0.8,1.6,0.2,5,0.8,1.1,1.4,0.1,10,1.0,0.9,1.3,0.1,10,1.2,1.0,0.8,0.2,5,0.6,1.0,1.6,0.0,5
2020-02-29,2019-20,Bournemouth,Chelsea,2,2,D,1433.8,1610.2,-176.4,16,4,-12,27,27,3,2,0,5,1.2,1.2,1.6,0.0,5,1.0,1.2,1.6,0.0,5,0.7,0.7,1.9,0.0,10,1.5,1.4,1.2,0.2,10,1.4,1.2,1.4,0.0,5,1.6,1.4,1.0,0.2,5
2020-02-29,2019-20,Newcastle United,Burnley,0,0,D,1492.2,1501.1,-9.0,14,10,-4,27,27,2,2,1,5,1.0,0.6,1.4,0.4,5,2.6,1.8,0.4,0.6,5,0.9,0.7,1.7,0.3,10,1.6,1.1,1.0,0.4,10,1.4,0.6,1.0,0.6,5,1.8,1.0,1.0,0.4,5
2020-02-29,2019-20,West Ham United,Southampton,3,1,H,1459.4,1483.9,-24.5,18,13,-5,27,27,4,1,0,5,0.2,1.2,2.8,0.0,5,1.2,1.4,1.8,0.4,5,0.5,1.3,2.0,0.1,10,1.9,1.6,1.2,0.4,10,1.0,1.8,1.6,0.2,5,2.4,1.8,1.2,0.4,5
2020-02-29,2019-20,Watford,Liverpool,3,0,H,1450.6,1854.9,-404.3,19,1,-18,27,27,0,4,1,5,0.4,0.8,1.8,0.2,5,3.0,2.4,0.6,0.6,5,1.5,1.5,1.1,0.4,10,3.0,2.2,0.3,0.8,10,2.0,1.8,0.8,0.6,5,3.0,2.0,0.2,0.8,5
2020-03-01,2019-20,Everton,Manchester United,1,1,D,1540.4,1606.1,-65.7,11,5,-6,27,27,1,3,1,5,1.6,2.2,1.8,0.0,5,1.4,1.0,0.8,0.6,5,1.8,1.6,1.2,0.3,10,1.6,1.5,0.9,0.5,10,2.2,1.4,0.6,0.6,5,1.2,0.8,1.2,0.4,5
2020-03-01,2019-20,Tottenham,Wolverhampton Wanderers,2,3,A,1604.2,1569.0,35.2,6,8,2,27,27,2,1,0,3,2.0,1.6,1.0,0.4,5,1.6,1.4,0.8,0.6,5,1.4,1.2,1.2,0.2,10,1.5,1.4,1.1,0.3,10,1.8,1.2,1.0,0.2,5,1.4,1.2,1.2,0.2,5
2020-03-07,2019-20,Burnley,Tottenham,1,1,D,1503.7,1590.5,-86.8,9,7,-2,28,28,1,3,1,5,2.2,1.4,0.2,0.8,5,1.8,2.0,1.6,0.2,5,1.4,1.0,1.0,0.4,10,1.4,1.4,1.3,0.2,10,1.4,1.2,1.0,0.4,5,1.0,1.2,1.4,0.2,5
2020-03-07,2019-20,Wolverhampton Wanderers,Brighton and Hove Albion,0,0,D,1582.7,1429.6,153.1,6,15,9,28,28,0,1,2,3,1.6,1.4,0.8,0.6,5,0.6,1.2,1.8,0.0,5,1.5,1.5,1.2,0.3,10,0.8,1.1,1.4,0.1,10,1.6,1.6,1.0,0.4,5,0.4,1.2,2.0,0.0,5
2020-03-07,2019-20,Southampton,Newcastle United,0,1,A,1476.0,1489.6,-13.6,13,14,1,28,28,0,3,2,5,1.2,1.2,1.8,0.4,5,0.6,0.4,1.4,0.4,5,1.6,1.4,1.4,0.4,10,0.7,0.6,1.7,0.3,10,1.4,1.4,1.2,0.4,5,0.4,0.8,2.4,0.0,5
2020-03-07,2019-20,Arsenal,West Ham United,1,0,H,1584.7,1467.3,117.5,10,16,6,27,28,3,1,1,5,1.8,2.0,1.0,0.4,5,0.8,1.6,2.2,0.0,5,1.5,1.5,0.9,0.4,10,0.8,1.5,1.9,0.1,10,2.0,2.2,1.0,0.4,5,0.0,0.8,2.4,0.0,5
2020-03-07,2019-20,Crystal Palace,Watford,1,0,H,1517.2,1467.7,49.6,12,17,5,28,28,1,2,2,5,1.2,0.6,1.2,0.4,5,0.8,1.4,1.8,0.2,5,1.3,1.0,1.2,0.2,10,1.5,1.6,1.1,0.4,10,1.4,0.8,1.0,0.2,5,1.0,1.2,1.4,0.2,5
2020-03-07,2019-20,Liverpool,Bournemouth,2,1,H,1837.9,1435.9,401.9,1,17,16,28,28,5,0,0,5,2.4,2.0,1.0,0.6,5,1.4,1.6,1.8,0.0,5,2.7,1.8,0.6,0.7,10,0.8,0.9,2.0,0.0,10,3.0,2.4,0.4,0.8,5,0.0,0.2,2.4,0.0,5
2020-03-07,2019-20,Sheffield United,Norwich City,1,0,H,1545.6,1444.1,101.4,9,20,11,27,28,1,0,0,1,1.6,1.0,0.8,0.2,5,0.8,0.4,1.2,0.4,5,1.5,0.8,0.9,0.3,10,0.9,0.6,1.4,0.3,10,1.6,1.0,0.8,0.2,5,0.2,0.2,2.0,0.2,5
2020-03-08,2019-20,Chelsea,Everton,4,0,H,1608.0,1539.4,68.6,4,12,8,28,28,1,2,2,5,1.2,1.6,1.8,0.0,5,1.6,2.2,1.8,0.0,5,1.3,1.4,1.4,0.1,10,1.8,1.7,1.3,0.2,10,1.4,1.4,1.4,0.2,5,1.4,1.8,1.8,0.0,5
2020-03-08,2019-20,Manchester United,Manchester City,2,0,H,1607.1,1774.0,-166.9,7,2,-5,28,27,2,3,0,5,1.6,1.2,0.6,0.6,5,2.0,1.2,0.8,0.6,5,1.7,1.6,0.8,0.5,10,2.2,2.1,1.0,0.4,10,2.0,2.2,0.6,0.6,5,1.8,2.0,1.2,0.4,5
2020-03-09,2019-20,Leicester City,Aston Villa,4,0,H,1561.9,1453.5,108.4,3,19,16,28,27,1,0,0,1,1.0,1.2,1.0,0.2,5,0.8,1.2,1.8,0.0,5,1.1,1.3,1.4,0.2,10,1.0,1.1,2.2,0.1,10,0.8,1.4,2.0,0.0,5,0.8,0.8,1.8,0.0,5
2020-06-17,2019-20,Aston Villa,Sheffield United,0,0,D,1448.9,1550.3,-101.5,19,7,-12,28,28,0,1,0,1,0.6,1.0,2.4,0.0,5,2.0,1.0,0.6,0.4,5,1.0,1.0,2.3,0.1,10,1.5,0.8,0.9,0.3,10,1.2,1.4,2.6,0.2,5,1.4,0.6,1.0,0.4,5
2020-06-17,2019-20,Manchester City,Arsenal,3,0,H,1762.1,1589.2,172.9,2,9,7,28,28,5,0,0,5,1.8,0.8,0.8,0.6,5,2.2,2.0,0.8,0.6,5,1.9,1.8,1.1,0.4,10,1.7,1.6,0.9,0.4,10,2.6,2.2,0.8,0.4,5,1.0,0.8,0.8,0.4,5
2020-06-19,2019-20,Norwich City,Southampton,0,3,A,1439.4,1463.6,-24.2,20,14,-6,29,29,0,1,0,1,0.8,0.2,1.0,0.4,5,0.6,0.8,2.0,0.2,5,0.9,0.6,1.4,0.3,10,1.3,1.2,1.5,0.3,10,1.6,1.0,0.8,0.4,5,1.8,1.4,1.6,0.4,5
2020-06-19,2019-20,Tottenham,Manchester United,1,1,D,1590.9,1619.0,-28.1,8,5,-3,29,29,2,3,0,5,1.4,1.8,1.6,0.2,5,2.2,1.6,0.2,0.8,5,1.2,1.3,1.3,0.2,10,1.7,1.4,0.7,0.6,10,1.8,1.6,1.2,0.2,5,1.4,1.0,1.0,0.4,5
2020-06-20,2019-20,Watford,Leicester City,1,1,D,1461.7,1566.5,-104.8,17,3,-14,29,29,2,3,0,5,0.8,1.2,1.6,0.2,5,1.0,1.2,0.8,0.4,5,1.4,1.5,1.1,0.4,10,1.4,1.7,1.0,0.3,10,2.0,2.0,0.8,0.6,5,1.4,1.2,0.8,0.4,5
2020-06-20,2019-20,Brighton and Hove Albion,Arsenal,2,1,H,1435.8,1585.7,-150.0,15,9,-6,29,29,2,1,2,5,0.8,1.0,1.2,0.2,5,2.0,1.6,1.0,0.6,5,0.9,1.0,1.2,0.2,10,1.6,1.5,1.1,0.4,10,1.2,1.0,0.8,0.2,5,0.8,0.8,1.4,0.2,5
2020-06-20,2019-20,West Ham United,Wolverhampton Wanderers,0,2,A,1462.8,1576.5,-113.6,17,7,-10,29,29,0,3,0,3,0.8,1.6,2.0,0.0,5,1.8,1.2,0.4,0.8,5,0.8,1.4,1.8,0.1,10,1.3,1.2,1.0,0.4,10,1.6,2.2,1.4,0.2,5,1.4,1.4,1.4,0.2,5
2020-06-20,2019-20,Bournemouth,Crystal Palace,0,2,A,1434.9,1523.2,-88.3,18,11,-7,29,29,1,2,2,5,0.8,1.2,2.0,0.0,5,1.8,0.8,0.8,0.6,5,0.7,0.9,2.1,0.0,10,1.3,0.9,1.1,0.3,10,1.6,1.6,1.6,0.0,5,1.2,1.2,1.4,0.2,5
2020-06-21,2019-20,Everton,Liverpool,0,0,D,1533.9,1838.9,-305.0,12,1,-11,29,29,0,2,3,5,1.4,1.8,2.2,0.0,5,2.4,2.0,1.2,0.4,5,1.5,1.6,1.7,0.1,10,2.7,1.9,0.7,0.6,10,2.2,1.6,0.8,0.4,5,2.4,1.2,0.8,0.6,5
2020-06-21,2019-20,Newcastle United,Sheffield United,3,0,H,1502.0,1550.3,-48.3,14,7,-7,29,29,1,0,0,1,1.0,0.2,1.0,0.6,5,2.2,1.0,0.4,0.6,5,1.0,0.6,1.3,0.4,10,1.5,0.7,0.8,0.4,10,1.0,0.4,1.0,0.6,5,1.0,0.4,1.0,0.4,5
2020-06-21,2019-20,Aston Villa,Chelsea,1,2,A,1448.9,1613.5,-164.6,19,4,-15,29,29,0,1,0,1,0.2,0.6,2.2,0.2,5,1.6,2.0,1.4,0.2,5,0.8,0.9,2.3,0.1,10,1.6,1.8,1.2,0.2,10,1.4,1.2,2.0,0.4,5,1.2,1.4,1.4,0.0,5
2020-06-22,2019-20,Manchester City,Burnley,5,0,H,1765.6,1503.3,262.3,2,11,9,29,29,4,0,1,5,1.8,1.2,0.8,0.6,5,1.8,1.2,0.4,0.6,5,2.2,1.9,0.8,0.5,10,1.5,1.1,1.0,0.4,10,2.6,2.2,0.6,0.6,5,1.4,0.8,1.0,0.4,5
2020-06-23,2019-20,Leicester City,Brighton and Hove Albion,0,0,D,1566.4,1447.2,119.1,3,15,12,30,30,4,0,1,5,1.0,1.0,0.6,0.4,5,1.2,0.8,0.8,0.2,5,1.2,1.6,1.0,0.3,10,0.9,1.0,1.3,0.1,10,1.4,2.2,1.2,0.2,5,0.6,1.0,1.6,0.2,5
2020-06-23,2019-20,Tottenham,West Ham United,2,0,H,1588.8,1453.2,135.6,8,17,9,30,30,3,1,1,5,1.0,1.6,1.8,0.0,5,0.6,1.0,1.8,0.0,5,1.2,1.2,1.2,0.2,10,0.5,1.0,2.0,0.0,10,1.4,1.4,1.2,0.2,5,0.0,0.6,2.2,0.0,5
2020-06-24,2019-20,Manchester United,Sheffield United,3,0,H,1621.0,1541.8,79.3,5,8,3,30,30,0,0,1,1,2.2,1.8,0.4,0.6,5,1.6,0.8,1.0,0.4,5,1.5,1.3,0.8,0.5,10,1.5,0.7,0.9,0.4,10,2.0,1.8,0.4,0.8,5,1.0,0.4,1.2,0.4,5
2020-06-24,2019-20,Newcastle United,Aston Villa,1,1,D,1510.5,1440.8,69.8,13,19,6,30,30,0,1,0,1,1.4,0.8,1.0,0.6,5,0.2,0.6,2.2,0.2,5,1.3,0.8,1.1,0.5,10,0.8,1.0,2.2,0.1,10,1.6,0.8,0.6,0.8,5,0.8,0.8,2.0,0.0,5
2020-06-24,2019-20,Norwich City,Everton,0,1,A,1427.2,1539.2,-112.0,20,13,-7,30,30,1,0,0,1,0.6,0.2,1.6,0.2,5,1.0,1.2,1.8,0.2,5,0.8,0.4,1.5,0.3,10,1.3,1.4,1.6,0.2,10,1.4,0.6,1.0,0.4,5,0.8,1.4,2.4,0.0,5
2020-06-24,2019-20,Wolverhampton Wanderers,Bournemouth,1,0,H,1586.1,1424.5,161.5,6,18,12,30,30,2,0,1,3,2.2,1.6,0.4,0.8,5,0.2,0.8,2.2,0.0,5,1.6,1.4,0.9,0.5,10,0.7,0.9,2.1,0.0,10,1.2,1.0,0.6,0.6,5,0.0,0.4,2.4,0.0,5
2020-06-24,2019-20,Liverpool,Crystal Palace,4,0,H,1833.6,1533.5,300.1,1,9,8,30,30,5,0,0,5,2.0,1.2,1.2,0.4,5,2.4,1.2,0.6,0.8,5,2.5,1.7,0.7,0.6,10,1.5,1.0,1.0,0.4,10,3.0,2.6,0.6,0.6,5,1.6,1.4,1.2,0.4,5
2020-06-25,2019-20,Chelsea,Manchester City,2,1,H,1621.7,1767.8,-146.1,4,2,-2,30,30,1,4,0,5,2.0,2.0,1.2,0.2,5,2.4,2.2,0.4,0.8,5,1.6,1.8,1.2,0.2,10,2.2,2.2,0.8,0.5,10,2.0,2.2,1.0,0.4,5,1.8,1.6,1.0,0.4,5
2020-06-25,2019-20,Burnley,Watford,1,0,H,1501.1,1461.8,39.3,12,16,4,30,30,3,1,1,5,1.6,1.2,1.4,0.4,5,1.0,1.0,1.2,0.2,5,1.5,1.1,1.3,0.4,10,1.2,1.3,1.2,0.3,10,1.6,1.4,0.8,0.4,5,0.8,1.0,1.4,0.2,5
2020-06-25,2019-20,Southampton,Arsenal,0,2,A,1475.7,1574.3,-98.6,14,12,-2,30,30,1,2,2,5,1.2,1.4,1.2,0.4,5,1.8,1.8,1.4,0.4,5,1.5,1.4,1.4,0.4,10,1.6,1.5,1.1,0.4,10,1.2,1.2,1.2,0.4,5,0.6,0.8,1.6,0.2,5
2020-06-27,2019-20,Aston Villa,Wolverhampton Wanderers,0,1,A,1445.3,1589.7,-144.4,19,6,-13,31,31,0,1,0,1,0.4,0.4,1.8,0.2,5,2.6,1.8,0.4,0.8,5,0.6,0.9,2.2,0.1,10,1.9,1.4,0.7,0.6,10,0.8,1.2,2.4,0.2,5,2.0,1.8,1.2,0.4,5
2020-06-28,2019-20,Watford,Southampton,1,3,A,1455.7,1465.7,-10.0,16,14,-2,31,31,1,1,3,5,0.8,0.8,1.2,0.2,5,1.2,1.2,1.2,0.4,5,0.9,1.1,1.2,0.3,10,1.2,1.3,1.6,0.3,10,1.6,1.6,1.0,0.4,5,1.8,1.6,1.6,0.4,5
2020-06-29,2019-20,Crystal Palace,Burnley,0,1,A,1531.7,1507.3,24.4,10,11,1,31,31,4,1,0,5,2.4,1.0,0.8,0.8,5,1.6,1.0,1.2,0.6,5,1.4,0.9,1.3,0.4,10,1.8,1.1,1.1,0.5,10,1.4,0.6,0.8,0.4,5,1.4,0.8,1.8,0.4,5
2020-06-30,2019-20,Brighton and Hove Albion,Manchester United,0,3,A,1452.8,1626.3,-173.5,15,6,-9,31,31,2,3,0,5,1.2,0.6,0.6,0.4,5,2.2,2.0,0.4,0.6,5,0.9,0.9,1.2,0.2,10,1.8,1.6,0.6,0.6,10,1.2,1.0,1.0,0.0,5,1.0,0.8,1.2,0.2,5
2020-07-01,2019-20,Arsenal,Norwich City,4,0,H,1584.4,1417.6,166.8,10,20,10,31,31,0,0,1,1,1.8,1.4,1.4,0.4,5,0.6,0.2,1.6,0.2,5,1.6,1.5,1.1,0.4,10,0.7,0.3,1.5,0.3,10,2.6,2.2,0.6,0.6,5,0.2,0.2,2.0,0.2,5
2020-07-01,2019-20,Bournemouth,Newcastle United,1,4,A,1420.9,1506.0,-85.1,18,14,-4,31,31,1,2,2,5,0.2,0.6,2.0,0.0,5,1.6,1.0,0.4,0.6,5,0.7,0.9,1.8,0.0,10,1.4,0.9,0.9,0.5,10,1.4,1.4,1.8,0.0,5,1.0,0.8,1.6,0.2,5
2020-07-01,2019-20,Everton,Leicester City,2,1,H,1548.9,1560.8,-11.9,13,3,-10,31,31,2,3,0,5,1.0,0.8,1.6,0.4,5,1.0,1.0,0.6,0.4,5,1.6,1.4,1.4,0.3,10,1.0,1.3,1.0,0.3,10,1.8,1.4,0.8,0.4,5,1.0,1.0,0.8,0.4,5
2020-07-01,2019-20,West Ham United,Chelsea,3,2,H,1449.1,1633.0,-183.9,17,4,-13,31,31,2,1,2,5,0.6,1.0,1.8,0.0,5,2.6,2.4,1.0,0.2,5,0.5,1.0,2.1,0.0,10,1.8,1.9,1.2,0.2,10,1.0,1.4,1.8,0.0,5,1.2,1.4,1.4,0.0,5
2020-07-02,2019-20,Sheffield United,Tottenham,3,1,H,1536.5,1592.9,-56.4,10,8,-2,31,31,0,0,1,1,1.0,0.4,1.4,0.4,5,1.0,1.4,1.4,0.2,5,1.5,0.7,1.0,0.4,10,1.5,1.4,1.1,0.3,10,2.0,1.0,0.6,0.4,5,1.0,1.0,1.2,0.2,5
2020-07-02,2019-20,Manchester City,Liverpool,4,0,H,1756.5,1835.4,-79.0,2,1,-1,31,31,2,2,1,5,1.8,2.0,0.8,0.6,5,2.0,1.8,1.2,0.4,5,1.9,2.1,0.9,0.5,10,2.5,2.0,0.7,0.6,10,2.6,2.8,0.6,0.6,5,2.0,1.0,0.8,0.6,5
2020-07-04,2019-20,Norwich City,Brighton and Hove Albion,0,1,A,1414.0,1444.9,-30.9,20,15,-5,32,32,0,1,0,1,0.6,0.2,1.8,0.2,5,1.0,0.4,1.0,0.4,5,0.7,0.3,1.5,0.3,10,0.9,0.9,1.4,0.2,10,1.2,0.4,1.0,0.4,5,0.8,1.0,1.4,0.4,5
2020-07-04,2019-20,Leicester City,Crystal Palace,3,0,H,1553.3,1518.3,35.0,3,12,9,32,32,1,4,0,5,1.0,1.2,0.8,0.4,5,1.8,0.8,1.0,0.6,5,1.0,1.3,1.0,0.3,10,1.3,0.8,1.3,0.4,10,1.6,2.0,0.8,0.4,5,1.4,1.2,1.8,0.4,5
2020-07-04,2019-20,Manchester United,Bournemouth,5,2,H,1634.2,1410.5,223.7,5,19,14,32,32,4,1,0,5,2.2,2.0,0.4,0.6,5,0.2,0.8,2.2,0.0,5,1.8,1.5,0.6,0.6,10,0.7,1.0,1.9,0.0,10,2.0,1.6,0.4,0.8,5,0.0,0.4,1.8,0.0,5
2020-07-04,2019-20,Wolverhampton Wanderers,Arsenal,0,2,A,1598.4,1587.9,10.5,6,8,2,32,32,1,0,2,3,2.6,1.4,0.4,0.8,5,1.8,1.6,1.0,0.6,5,2.1,1.4,0.6,0.7,10,1.8,1.8,1.0,0.5,10,1.6,1.0,0.4,0.8,5,1.0,1.0,1.4,0.4,5
2020-07-04,2019-20,Chelsea,Watford,3,0,H,1620.6,1443.1,177.5,5,17,12,32,32,4,1,0,5,2.0,2.4,1.4,0.2,5,0.8,1.0,1.2,0.2,5,1.5,1.8,1.5,0.1,10,0.6,0.9,1.5,0.2,10,2.0,2.0,1.2,0.2,5,0.2,0.4,1.6,0.0,5
2020-07-05,2019-20,Southampton,Manchester City,1,0,H,1478.2,1765.9,-287.6,14,2,-12,32,32,0,5,0,5,1.2,1.4,1.4,0.2,5,1.8,2.6,0.8,0.6,5,1.2,1.4,1.6,0.3,10,1.9,1.9,0.8,0.6,10,0.6,1.0,1.6,0.2,5,1.2,0.6,1.2,0.4,5
2020-07-05,2019-20,Liverpool,Aston Villa,2,0,H,1826.0,1436.6,389.5,1,18,17,32,32,1,0,0,1,1.4,1.2,1.6,0.4,5,0.4,0.4,1.6,0.2,5,2.2,1.8,1.1,0.5,10,0.6,0.8,1.7,0.1,10,3.0,3.0,0.6,0.6,5,0.4,0.6,2.0,0.0,5
2020-07-05,2019-20,Newcastle United,West Ham United,2,2,D,1516.4,1461.5,55.0,13,16,3,32,32,3,2,0,5,2.2,1.8,0.4,0.6,5,1.2,1.2,1.6,0.0,5,1.6,1.2,0.9,0.5,10,0.7,1.2,2.2,0.0,10,1.8,1.0,0.2,0.8,5,0.0,0.6,2.4,0.0,5
2020-07-05,2019-20,Burnley,Sheffield United,1,1,D,1520.7,1545.3,-24.5,10,8,-2,32,32,0,1,0,1,1.6,0.6,1.2,0.6,5,1.4,0.8,1.4,0.4,5,2.1,1.2,0.8,0.6,10,1.5,0.9,1.1,0.3,10,2.2,1.4,0.4,0.6,5,1.0,0.4,1.4,0.4,5
2020-07-06,2019-20,Tottenham,Everton,1,0,H,1584.2,1556.4,27.8,10,11,1,32,32,3,0,2,5,1.0,1.4,1.6,0.2,5,1.6,0.8,1.2,0.4,5,1.5,1.5,1.3,0.3,10,1.6,1.5,1.5,0.2,10,2.0,1.8,1.0,0.4,5,1.4,1.4,2.0,0.2,5
2020-07-07,2019-20,Crystal Palace,Chelsea,2,3,A,1512.0,1624.0,-112.0,14,4,-10,33,33,1,4,0,5,1.2,0.6,1.6,0.4,5,2.4,2.6,1.0,0.4,5,1.2,0.6,1.4,0.4,10,1.8,2.1,1.4,0.2,10,1.2,0.4,0.8,0.4,5,1.0,1.6,1.8,0.0,5
2020-07-07,2019-20,Watford,Norwich City,2,1,H,1439.8,1402.1,37.7,17,20,3,33,33,1,0,0,1,0.2,0.4,1.8,0.0,5,0.0,0.0,2.0,0.0,5,0.5,0.9,1.8,0.1,10,0.4,0.2,1.6,0.2,10,1.0,1.4,1.4,0.4,5,0.2,0.2,2.0,0.2,5
2020-07-07,2019-20,Arsenal,Leicester City,1,1,D,1601.0,1559.6,41.4,7,4,-3,33,33,2,3,0,5,1.8,1.8,1.0,0.6,5,1.6,1.8,0.6,0.6,5,2.0,1.9,0.9,0.6,10,1.3,1.5,0.8,0.4,10,2.6,2.6,0.6,0.6,5,0.4,0.6,1.2,0.2,5
2020-07-08,2019-20,Manchester City,Newcastle United,5,0,H,1750.9,1512.3,238.7,2,12,10,33,33,3,1,1,5,1.8,2.6,0.6,0.6,5,2.2,2.2,0.8,0.4,5,1.8,1.7,0.7,0.6,10,1.4,1.3,1.1,0.4,10,2.6,3.2,0.4,0.8,5,1.4,1.4,1.6,0.2,5
2020-07-08,2019-20,Sheffield United,Wolverhampton Wanderers,1,0,H,1547.4,1585.3,-37.9,9,6,-3,33,33,0,0,1,1,1.0,0.8,1.6,0.2,5,2.0,0.8,0.4,0.8,5,1.5,0.9,1.1,0.3,10,1.8,1.1,0.6,0.7,10,2.0,1.4,0.8,0.2,5,2.6,1.8,0.8,0.6,5
2020-07-08,2019-20,West Ham United,Burnley,0,1,A,1465.7,1518.6,-52.9,16,10,-6,33,33,1,3,1,5,0.8,1.0,1.8,0.0,5,1.6,0.8,1.4,0.4,5,0.8,1.3,2.0,0.0,10,1.9,1.1,0.8,0.6,10,1.4,1.8,2.0,0.0,5,2.0,1.0,1.2,0.6,5
2020-07-08,2019-20,Brighton and Hove Albion,Liverpool,1,3,A,1456.9,1827.2,-370.3,15,1,-14,33,33,0,5,0,5,1.6,0.6,0.8,0.6,5,2.0,1.6,1.0,0.6,5,1.1,0.9,1.3,0.3,10,2.2,1.8,1.0,0.6,10,1.0,0.8,1.4,0.0,5,1.4,0.6,1.4,0.6,5
2020-07-09,2019-20,Bournemouth,Tottenham,0,0,D,1407.8,1590.7,-182.9,19,10,-9,33,33,1,4,0,5,0.0,0.8,2.8,0.0,5,1.6,1.2,1.0,0.4,5,0.7,1.2,2.3,0.0,10,1.7,1.6,1.3,0.3,10,1.4,1.6,2.0,0.0,5,1.0,1.2,1.6,0.2,5
2020-07-09,2019-20,Everton,Southampton,1,1,D,1549.9,1493.1,56.7,11,12,1,33,33,2,2,1,5,1.4,0.6,1.2,0.4,5,1.8,1.4,0.8,0.4,5,1.5,1.4,1.5,0.2,10,1.5,1.3,1.3,0.4,10,1.8,1.6,1.0,0.2,5,1.8,1.8,1.6,0.4,5
2020-07-09,2019-20,Aston Villa,Manchester United,0,3,A,1435.4,1636.9,-201.5,19,5,-14,33,33,0,0,1,1,0.4,0.4,1.2,0.2,5,2.6,2.8,0.6,0.6,5,0.5,0.7,1.8,0.1,10,2.1,2.0,0.6,0.6,10,0.8,1.0,1.4,0.2,5,1.6,1.4,0.8,0.4,5
2020-07-11,2019-20,Brighton and Hove Albion,Manchester City,0,5,A,1453.4,1753.4,-300.1,15,2,-13,34,34,0,5,0,5,1.4,0.8,1.4,0.4,5,1.8,3.0,0.6,0.6,5,1.1,0.9,1.3,0.3,10,1.8,2.1,0.7,0.6,10,0.8,0.8,1.8,0.0,5,0.6,0.4,1.4,0.2,5
2020-07-11,2019-20,Sheffield United,Chelsea,3,0,H,1555.7,1633.6,-78.0,7,3,-4,34,34,0,0,1,1,1.4,1.0,1.6,0.2,5,2.4,2.4,1.4,0.2,5,1.8,1.0,1.0,0.4,10,2.0,2.2,1.4,0.2,10,2.6,1.6,0.6,0.4,5,1.6,2.2,2.0,0.0,5
2020-07-11,2019-20,Norwich City,West Ham United,0,4,A,1395.8,1454.3,-58.5,20,16,-4,34,34,0,1,0,1,0.0,0.2,2.2,0.0,5,0.8,1.0,1.8,0.0,5,0.4,0.2,1.6,0.2,10,0.8,1.3,1.9,0.0,10,0.6,0.2,1.2,0.2,5,0.2,0.8,2.0,0.0,5
2020-07-11,2019-20,Watford,Newcastle United,2,1,H,1446.0,1509.8,-63.8,17,13,-4,34,34,2,1,2,5,0.8,0.8,1.8,0.0,5,1.6,2.0,1.8,0.2,5,0.8,1.0,1.7,0.1,10,1.3,1.1,1.4,0.4,10,1.4,1.8,1.6,0.2,5,1.2,1.0,2.2,0.2,5
2020-07-11,2019-20,Liverpool,Burnley,1,1,D,1830.7,1529.9,300.7,1,10,9,34,34,4,0,1,5,2.0,1.8,1.0,0.6,5,2.0,0.8,1.2,0.6,5,2.2,1.9,1.1,0.5,10,1.9,1.0,0.8,0.6,10,3.0,3.0,0.6,0.6,5,2.0,0.8,1.2,0.6,5
2020-07-12,2019-20,Wolverhampton Wanderers,Everton,3,0,H,1577.1,1545.7,31.4,7,11,4,34,34,1,1,1,3,1.8,0.8,0.6,0.6,5,1.6,0.8,0.6,0.4,5,1.8,1.0,0.5,0.7,10,1.5,1.3,1.4,0.2,10,1.6,0.8,0.4,0.8,5,1.2,1.2,2.0,0.2,5
2020-07-12,2019-20,Aston Villa,Crystal Palace,2,0,H,1428.3,1502.3,-74.0,19,14,-5,34,34,0,1,0,1,0.2,0.4,1.8,0.0,5,0.6,0.8,2.2,0.2,5,0.2,0.5,2.0,0.1,10,1.2,0.8,1.5,0.4,10,0.2,0.6,1.8,0.2,5,1.2,0.8,2.0,0.4,5
2020-07-12,2019-20,Tottenham,Arsenal,2,1,H,1588.3,1597.1,-8.8,10,8,-2,34,34,1,2,2,5,1.6,1.0,0.8,0.6,5,2.0,2.0,0.6,0.6,5,1.5,1.4,1.2,0.4,10,2.0,1.8,0.8,0.6,10,2.0,1.6,0.8,0.6,5,1.4,1.0,1.0,0.6,5
2020-07-12,2019-20,Bournemouth,Leicester City,4,1,H,1410.1,1563.4,-153.3,19,4,-15,34,34,1,2,2,5,0.2,0.6,2.4,0.2,5,1.2,1.2,0.8,0.4,5,0.5,0.9,2.2,0.1,10,1.1,1.2,0.8,0.4,10,1.0,1.0,1.8,0.2,5,0.6,0.6,1.0,0.2,5
2020-07-13,2019-20,Manchester United,Southampton,2,2,D,1644.1,1497.4,146.7,5,12,7,34,34,2,0,3,5,2.6,3.0,0.6,0.6,5,2.0,1.6,0.8,0.4,5,2.4,2.3,0.4,0.7,10,1.3,1.2,1.4,0.3,10,2.6,2.6,0.4,0.8,5,1.4,1.6,1.8,0.2,5
2020-07-14,2019-20,Chelsea,Norwich City,1,0,H,1624.3,1384.6,239.6,3,20,17,35,35,1,0,0,1,1.8,2.0,1.8,0.2,5,0.0,0.2,2.4,0.0,5,1.9,2.0,1.5,0.2,10,0.3,0.2,2.0,0.1,10,2.4,2.2,0.8,0.4,5,0.2,0.2,2.0,0.2,5
2020-07-15,2019-20,Burnley,Wolverhampton Wanderers,1,1,D,1538.1,1583.5,-45.4,10,6,-4,35,35,1,1,1,3,2.2,1.0,0.4,0.6,5,1.8,1.0,0.6,0.6,5,1.9,1.1,0.9,0.5,10,2.0,1.3,0.5,0.7,10,1.8,1.2,0.4,0.6,5,2.0,1.2,0.6,0.6,5
2020-07-15,2019-20,Manchester City,Bournemouth,2,1,H,1758.2,1421.7,336.6,2,18,16,35,35,5,0,0,5,1.8,3.0,0.6,0.6,5,0.8,1.4,2.2,0.2,5,2.1,2.6,0.5,0.7,10,0.5,1.1,2.2,0.1,10,3.0,3.8,0.0,1.0,5,0.0,0.8,2.6,0.0,5
2020-07-15,2019-20,Newcastle United,Tottenham,1,3,A,1500.8,1595.7,-94.9,13,8,-5,35,35,1,4,0,5,1.0,1.6,2.2,0.0,5,2.0,1.2,0.8,0.6,5,1.2,1.2,1.6,0.3,10,1.5,1.4,1.3,0.3,10,1.4,1.2,0.6,0.6,5,1.0,1.2,1.6,0.2,5
2020-07-15,2019-20,Arsenal,Liverpool,2,1,H,1589.7,1822.5,-232.8,10,1,-9,35,35,0,3,2,5,2.0,2.0,0.6,0.6,5,2.0,2.0,1.2,0.4,5,1.9,1.9,1.0,0.5,10,2.0,1.6,1.2,0.4,10,2.6,2.6,0.6,0.6,5,1.4,0.8,1.6,0.4,5
2020-07-16,2019-20,Crystal Palace,Manchester United,0,2,A,1493.1,1638.0,-144.9,14,5,-9,35,35,1,3,1,5,0.0,0.4,2.6,0.0,5,2.6,3.2,0.8,0.6,5,1.2,0.8,1.6,0.4,10,2.4,2.5,0.6,0.6,10,1.2,0.8,1.0,0.4,5,2.2,2.0,0.4,0.6,5
2020-07-16,2019-20,Southampton,Brighton and Hove Albion,1,1,D,1503.5,1448.6,54.9,12,15,3,35,35,2,0,3,5,1.6,1.4,1.2,0.2,5,0.8,0.4,2.2,0.4,5,1.4,1.4,1.2,0.3,10,1.0,0.6,1.5,0.3,10,1.2,0.8,1.0,0.4,5,1.4,1.0,0.8,0.6,5
2020-07-16,2019-20,Everton,Aston Villa,1,1,D,1539.3,1437.5,101.7,12,19,7,35,35,0,1,0,1,1.4,0.8,1.2,0.2,5,0.8,0.6,1.4,0.2,5,1.2,1.0,1.5,0.2,10,0.5,0.6,1.8,0.2,10,1.8,1.4,0.8,0.2,5,0.2,0.4,2.2,0.0,5
2020-07-16,2019-20,Leicester City,Sheffield United,2,0,H,1551.9,1565.0,-13.1,5,8,3,35,35,1,0,0,1,1.0,1.2,1.4,0.4,5,2.0,1.6,1.0,0.4,5,1.0,1.1,1.0,0.4,10,1.8,1.2,1.0,0.4,10,1.6,1.8,0.6,0.6,5,1.0,0.4,1.4,0.4,5
2020-07-17,2019-20,West Ham United,Watford,3,1,H,1465.5,1454.9,10.6,16,17,1,35,35,3,2,0,5,1.4,1.8,1.4,0.2,5,1.2,1.0,1.8,0.0,5,1.0,1.4,1.6,0.1,10,1.1,1.0,1.5,0.1,10,1.4,1.8,1.8,0.0,5,0.2,0.2,1.8,0.0,5
2020-07-18,2019-20,Norwich City,Burnley,0,2,A,1382.2,1536.6,-154.4,20,10,-10,36,36,0,1,0,1,0.0,0.2,2.4,0.0,5,1.8,1.0,0.6,0.4,5,0.3,0.2,2.0,0.1,10,1.7,1.0,0.9,0.5,10,0.6,0.2,1.8,0.2,5,1.6,0.6,1.2,0.6,5
2020-07-19,2019-20,Bournemouth,Southampton,0,2,A,1420.2,1499.3,-79.1,18,12,-6,36,36,1,1,3,5,0.8,1.6,2.4,0.2,5,1.8,1.6,1.0,0.2,5,0.5,1.1,2.2,0.1,10,1.5,1.4,1.1,0.3,10,1.0,1.4,1.8,0.2,5,1.6,2.0,1.4,0.2,5
2020-07-19,2019-20,Tottenham,Leicester City,3,0,H,1605.9,1559.4,46.4,7,4,-3,36,36,3,2,0,5,2.0,1.4,1.0,0.4,5,1.4,1.6,1.4,0.4,5,1.5,1.4,1.2,0.3,10,1.2,1.3,1.0,0.4,10,2.0,1.6,1.0,0.4,5,0.4,0.8,1.8,0.0,5
2020-07-20,2019-20,Sheffield United,Everton,0,1,A,1557.5,1534.0,23.4,8,12,4,36,36,1,0,0,1,2.0,1.6,0.8,0.4,5,1.0,0.8,1.4,0.0,5,1.5,1.0,1.1,0.4,10,1.0,0.8,1.5,0.2,10,2.6,1.8,0.4,0.6,5,0.6,0.6,2.2,0.2,5
2020-07-20,2019-20,Wolverhampton Wanderers,Crystal Palace,2,0,H,1585.1,1484.3,100.7,7,14,7,36,36,1,1,1,3,1.4,1.0,0.8,0.4,5,0.0,0.4,2.2,0.0,5,2.0,1.4,0.6,0.6,10,1.2,0.7,1.5,0.4,10,2.0,1.4,0.4,0.8,5,1.2,0.6,1.8,0.4,5
2020-07-20,2019-20,Brighton and Hove Albion,Newcastle United,0,0,D,1452.7,1490.7,-37.9,16,13,-3,36,36,2,0,3,5,0.8,0.6,2.4,0.2,5,0.8,1.6,2.6,0.0,5,1.0,0.6,1.5,0.3,10,1.2,1.3,1.5,0.3,10,0.6,0.6,2.6,0.0,5,1.2,1.2,1.8,0.2,5
2020-07-21,2019-20,Watford,Manchester City,0,4,A,1448.0,1759.7,-311.7,17,2,-15,36,36,0,5,0,5,1.2,1.2,2.2,0.0,5,2.4,3.2,0.4,0.6,5,1.0,1.0,1.7,0.1,10,2.1,2.6,0.6,0.6,10,2.0,1.8,1.2,0.2,5,1.2,1.4,1.0,0.4,5
2020-07-21,2019-20,Aston Villa,Arsenal,1,0,H,1442.8,1603.3,-160.6,18,10,-8,36,36,0,1,0,1,0.8,0.6,1.4,0.2,5,2.0,2.0,0.8,0.4,5,0.6,0.5,1.6,0.2,10,1.9,1.7,1.1,0.4,10,0.8,0.6,1.2,0.4,5,1.2,1.2,1.4,0.4,5
2020-07-22,2019-20,Manchester United,West Ham United,1,1,D,1646.7,1472.4,174.2,5,16,11,36,36,2,2,1,5,2.6,3.0,0.8,0.6,5,2.0,2.4,1.2,0.2,5,2.4,2.5,0.6,0.6,10,1.3,1.7,1.5,0.1,10,2.6,3.0,0.8,0.6,5,0.8,1.6,1.6,0.2,5
2020-07-22,2019-20,Liverpool,Chelsea,5,3,H,1808.8,1626.7,182.1,1,4,3,36,36,2,1,2,5,1.4,1.4,1.6,0.2,5,1.8,1.8,1.6,0.4,5,1.7,1.6,1.4,0.3,10,2.2,2.1,1.3,0.3,10,2.6,2.4,0.8,0.4,5,1.4,1.8,2.2,0.0,5
2020-07-26,2019-20,Manchester City,Norwich City,5,0,H,1764.3,1373.7,390.6,2,20,18,37,37,0,1,0,1,2.4,3.2,0.4,0.6,5,0.0,0.2,2.0,0.0,5,2.1,2.9,0.6,0.6,10,0.3,0.2,1.9,0.1,10,3.0,3.8,0.2,0.8,5,0.0,0.2,2.2,0.0,5
2020-07-26,2019-20,West Ham United,Aston Villa,1,1,D,1479.0,1454.5,24.5,15,17,2,37,37,0,0,1,1,1.6,2.0,1.0,0.2,5,1.4,0.8,1.2,0.4,5,1.4,1.6,1.3,0.1,10,0.9,0.6,1.4,0.3,10,1.8,1.8,1.4,0.0,5,0.4,0.4,2.0,0.0,5
2020-07-26,2019-20,Southampton,Sheffield United,3,1,H,1509.9,1544.1,-34.2,12,8,-4,37,37,1,0,0,1,1.8,1.4,0.8,0.4,5,1.4,1.0,0.8,0.4,5,1.5,1.4,1.1,0.3,10,1.4,0.9,1.1,0.4,10,1.4,0.8,0.8,0.4,5,0.4,0.2,1.8,0.2,5
2020-07-26,2019-20,Newcastle United,Liverpool,1,3,A,1492.4,1812.1,-319.7,13,1,-12,37,37,0,4,1,5,0.4,0.8,2.4,0.2,5,2.0,2.4,1.4,0.2,5,1.3,1.3,1.4,0.4,10,1.7,1.8,1.5,0.3,10,1.2,1.4,1.2,0.4,5,0.8,0.8,2.0,0.2,5
2020-07-26,2019-20,Leicester City,Manchester United,0,2,A,1553.4,1640.1,-86.7,5,3,-2,37,37,0,4,1,5,1.4,1.4,1.6,0.4,5,2.2,2.6,1.0,0.4,5,1.2,1.3,1.2,0.4,10,2.2,2.3,0.7,0.5,10,2.0,1.8,0.2,0.8,5,2.2,2.0,0.4,0.6,5
2020-07-26,2019-20,Arsenal,Watford,3,2,H,1591.6,1443.5,148.1,10,18,8,37,37,3,1,1,5,1.4,1.2,1.0,0.2,5,1.2,1.0,2.4,0.0,5,1.6,1.4,1.0,0.4,10,1.0,1.0,1.8,0.1,10,2.6,2.2,0.8,0.4,5,0.0,0.2,2.2,0.0,5
2020-07-26,2019-20,Crystal Palace,Tottenham,1,1,D,1479.6,1611.9,-132.4,14,7,-7,37,37,0,5,0,5,0.0,0.4,2.4,0.0,5,2.6,1.8,0.4,0.6,5,0.9,0.6,1.7,0.3,10,1.8,1.6,1.0,0.4,10,1.2,0.8,1.2,0.4,5,1.0,1.2,1.4,0.2,5
2020-07-26,2019-20,Chelsea,Wolverhampton Wanderers,2,0,H,1623.4,1589.8,33.6,4,7,3,37,37,1,1,1,3,1.8,2.0,2.0,0.4,5,1.4,1.2,0.8,0.4,5,1.9,2.2,1.7,0.3,10,2.0,1.3,0.6,0.6,10,3.0,2.4,0.4,0.6,5,2.0,1.4,0.8,0.4,5
2020-07-26,2019-20,Burnley,Brighton and Hove Albion,1,2,A,1545.0,1451.0,94.0,10,16,6,37,37,2,0,3,5,1.8,1.2,0.6,0.4,5,1.0,0.6,1.8,0.4,5,1.7,0.9,0.9,0.5,10,1.0,0.5,1.4,0.4,10,1.8,1.4,0.6,0.4,5,1.4,0.6,0.4,0.6,5
2020-07-26,2019-20,Everton,Bournemouth,1,3,A,1547.5,1409.6,137.9,12,19,7,37,37,2,2,1,5,1.0,0.6,1.2,0.2,5,0.8,1.4,2.0,0.2,5,1.3,0.7,1.2,0.3,10,0.5,1.1,2.1,0.1,10,1.4,1.0,0.8,0.2,5,0.0,0.8,2.6,0.0,5
2020-09-12,2020-21,Fulham,Arsenal,0,3,A,1399.8,1595.5,-195.6,1,1,0,0,0,0,2,0,2,1.8,0.8,1.0,0.6,5,1.4,1.4,1.4,0.0,5,0.9,0.8,1.8,0.3,10,1.6,1.6,1.2,0.3,10,1.2,0.8,1.6,0.4,5,1.2,1.2,1.0,0.4,5
2020-09-12,2020-21,Crystal Palace,Southampton,1,0,H,1480.5,1518.0,-37.5,3,3,0,0,0,1,2,2,5,0.2,0.6,2.0,0.0,5,1.8,1.8,1.0,0.2,5,0.7,0.6,1.8,0.2,10,1.8,1.6,0.9,0.3,10,0.8,0.8,1.4,0.2,5,2.2,2.2,0.8,0.4,5
2020-09-12,2020-21,Liverpool,Leeds United,4,3,H,1816.5,1500.0,316.5,5,5,0,0,0,0,0,0,0,2.0,2.6,1.6,0.0,5,0.0,0.0,0.0,0.0,0,2.0,2.1,1.3,0.3,10,0.0,0.0,0.0,0.0,0,2.6,2.8,1.0,0.4,5,0.0,0.0,0.0,0.0,0
2020-09-12,2020-21,West Ham United,Newcastle United,0,2,A,1475.6,1488.0,-12.4,7,7,0,0,0,2,2,1,5,1.6,1.8,0.8,0.2,5,0.2,0.6,2.6,0.2,5,1.2,1.4,1.3,0.1,10,1.2,1.4,1.7,0.3,10,1.4,1.4,1.4,0.0,5,1.4,1.2,1.6,0.4,5
2020-09-13,2020-21,West Bromwich Albion,Leicester City,0,3,A,1415.1,1543.0,-128.0,9,9,0,0,0,1,2,1,4,2.0,1.0,0.8,0.6,5,0.8,0.8,2.0,0.2,5,1.1,0.9,1.4,0.3,10,1.2,1.3,1.3,0.4,10,1.0,1.2,1.8,0.2,5,0.4,0.8,2.2,0.0,5
2020-09-13,2020-21,Tottenham,Everton,0,1,A,1611.0,1531.5,79.5,11,11,0,0,0,3,0,2,5,2.2,1.8,0.6,0.4,5,1.0,0.8,1.6,0.2,5,1.9,1.5,0.8,0.4,10,1.2,0.7,1.4,0.3,10,2.6,1.8,0.4,0.6,5,1.2,0.4,1.6,0.4,5
2020-09-14,2020-21,Sheffield United,Wolverhampton Wanderers,0,2,A,1535.9,1583.5,-47.6,13,13,0,0,0,1,0,1,2,1.2,1.0,1.2,0.4,5,1.4,1.2,0.8,0.4,5,1.1,0.9,1.4,0.3,10,1.7,1.0,0.6,0.6,10,2.4,1.6,0.4,0.6,5,1.4,0.8,0.8,0.4,5
2020-09-14,2020-21,Brighton and Hove Albion,Chelsea,1,3,A,1466.0,1629.8,-163.7,15,15,0,0,0,0,4,1,5,1.0,0.8,2.0,0.2,5,1.8,1.8,2.0,0.4,5,1.3,0.7,1.4,0.4,10,2.1,2.2,1.5,0.4,10,0.8,0.6,2.4,0.2,5,1.2,2.0,2.8,0.0,5
2020-09-19,2020-21,Everton,West Bromwich Albion,5,2,H,1546.3,1405.9,140.4,8,16,8,1,1,2,0,2,4,1.4,0.8,1.4,0.4,5,1.4,0.8,1.4,0.4,5,1.5,0.8,1.0,0.4,10,1.1,0.9,1.6,0.3,10,1.2,1.0,1.2,0.2,5,1.2,0.6,1.0,0.4,5
2020-09-19,2020-21,Leeds United,Fulham,4,3,H,1498.3,1392.5,105.8,9,15,6,1,1,0,0,0,0,0.0,3.0,4.0,0.0,1,1.2,0.4,1.6,0.4,5,0.0,3.0,4.0,0.0,1,0.9,0.7,1.9,0.3,10,0.0,0.0,0.0,0.0,0,0.6,0.6,2.0,0.2,5
2020-09-19,2020-21,Manchester United,Crystal Palace,1,3,A,1650.5,1488.7,161.8,17,8,-9,0,1,3,1,1,5,2.2,2.0,0.6,0.6,5,0.8,0.4,1.4,0.2,5,2.4,2.4,0.6,0.6,10,0.7,0.6,1.8,0.2,10,2.2,2.6,1.0,0.4,5,0.6,0.4,2.2,0.2,5
2020-09-19,2020-21,Arsenal,West Ham United,2,1,H,1602.8,1463.1,139.7,3,14,11,1,1,4,1,0,5,1.8,1.8,1.2,0.2,5,1.6,1.8,1.0,0.2,5,1.9,1.9,0.9,0.4,10,1.2,1.4,1.4,0.1,10,2.6,2.2,0.8,0.4,5,1.0,1.4,1.2,0.2,5
2020-09-20,2020-21,Southampton,Tottenham,2,5,A,1509.8,1596.2,-86.4,10,11,1,1,1,2,2,1,5,1.6,1.6,1.0,0.2,5,2.0,1.8,0.8,0.2,5,1.8,1.6,0.9,0.3,10,1.8,1.4,0.8,0.4,10,1.4,1.0,1.0,0.2,5,1.2,1.2,1.2,0.2,5
2020-09-20,2020-21,Newcastle United,Brighton and Hove Albion,0,3,A,1500.5,1457.9,42.6,7,11,4,1,1,0,1,4,5,0.8,1.0,1.6,0.4,5,1.0,0.8,2.0,0.2,5,1.2,1.5,1.7,0.3,10,1.2,0.8,1.7,0.3,10,1.0,1.6,1.8,0.2,5,1.8,0.8,0.4,0.6,5
2020-09-20,2020-21,Chelsea,Liverpool,0,2,A,1638.0,1818.2,-180.2,6,8,2,1,1,1,3,1,5,1.8,1.8,1.8,0.4,5,2.0,2.8,2.0,0.0,5,2.1,2.1,1.6,0.3,10,2.0,2.3,1.5,0.3,10,3.0,2.4,0.2,0.8,5,1.4,1.4,1.6,0.2,5
2020-09-20,2020-21,Leicester City,Burnley,4,2,H,1552.2,1529.9,22.3,5,18,13,1,0,2,2,1,5,1.2,1.2,1.8,0.4,5,1.6,1.2,0.8,0.4,5,1.2,1.2,1.3,0.4,10,1.6,1.0,1.1,0.4,10,2.0,1.8,0.4,0.8,5,2.0,1.0,1.2,0.6,5
2020-09-21,2020-21,Wolverhampton Wanderers,Manchester City,1,3,A,1595.0,1765.4,-170.4,7,19,12,1,0,2,1,1,4,2.0,1.6,0.6,0.6,5,3.0,4.2,0.2,0.8,5,1.9,1.2,0.6,0.6,10,2.4,3.4,0.4,0.7,10,2.0,1.2,0.4,0.8,5,1.2,2.0,1.0,0.4,5
2020-09-21,2020-21,Aston Villa,Sheffield United,1,0,H,1457.9,1524.4,-66.5,20,15,-5,0,1,0,1,1,2,1.6,1.0,1.0,0.4,5,0.6,0.8,1.6,0.2,5,1.0,0.7,1.1,0.3,10,1.0,0.9,1.6,0.2,10,1.2,0.8,1.2,0.4,5,0.2,0.4,2.4,0.0,5
2020-09-26,2020-21,Burnley,Southampton,0,1,A,1523.3,1499.4,23.9,14,19,5,1,2,2,0,3,5,1.0,1.4,1.6,0.2,5,1.4,1.6,1.6,0.2,5,1.5,1.1,1.4,0.4,10,1.5,1.5,1.4,0.2,10,1.2,1.0,1.0,0.2,5,1.6,1.6,1.0,0.2,5
2020-09-26,2020-21,West Bromwich Albion,Chelsea,3,3,D,1401.9,1630.2,-228.4,20,12,-8,2,2,0,4,0,4,1.2,0.8,2.0,0.4,5,1.8,1.8,1.6,0.4,5,1.1,1.0,1.7,0.3,10,1.8,1.9,1.7,0.3,10,1.0,1.0,1.6,0.2,5,1.2,2.2,2.8,0.0,5
2020-09-26,2020-21,Crystal Palace,Everton,1,2,A,1505.1,1550.3,-45.2,5,2,-3,2,2,0,3,2,5,1.4,1.0,1.2,0.2,5,2.0,1.8,1.2,0.4,5,0.7,0.7,1.9,0.1,10,1.7,1.3,1.2,0.3,10,0.8,0.8,1.4,0.2,5,1.8,0.6,0.8,0.6,5
2020-09-26,2020-21,Brighton and Hove Albion,Manchester United,2,3,A,1471.8,1634.1,-162.3,9,16,7,2,1,2,3,0,5,1.6,1.4,1.0,0.4,5,1.6,1.6,1.2,0.4,5,1.2,0.9,1.6,0.4,10,2.1,2.3,0.9,0.5,10,0.2,0.4,2.8,0.2,5,2.6,2.2,0.2,0.8,5
2020-09-27,2020-21,Sheffield United,Leeds United,0,1,A,1515.4,1503.0,12.4,19,10,-9,2,2,0,0,0,0,0.0,0.2,1.8,0.0,5,1.5,3.5,3.5,0.0,2,1.0,0.9,1.4,0.2,10,1.5,3.5,3.5,0.0,2,1.8,1.4,0.8,0.4,5,0.0,3.0,4.0,0.0,1
2020-09-27,2020-21,Tottenham,Newcastle United,1,1,D,1606.6,1486.6,120.0,8,14,6,2,2,4,1,0,5,2.0,2.4,1.0,0.2,5,0.8,0.8,1.8,0.4,5,2.0,1.8,0.9,0.4,10,0.9,1.2,2.0,0.2,10,2.4,1.6,0.4,0.6,5,1.4,1.4,1.6,0.4,5
2020-09-27,2020-21,Manchester City,Leicester City,2,5,A,1773.4,1558.9,214.6,10,2,-8,1,2,4,1,0,5,3.0,3.8,0.4,0.6,5,1.8,1.8,1.4,0.4,5,2.4,3.4,0.5,0.6,10,1.4,1.5,1.4,0.4,10,3.0,4.2,0.2,0.8,5,0.8,1.2,2.0,0.2,5
2020-09-27,2020-21,West Ham United,Wolverhampton Wanderers,4,0,H,1459.1,1587.0,-127.9,18,12,-6,2,2,0,4,0,4,1.0,1.2,1.4,0.0,5,1.4,1.2,1.2,0.4,5,1.2,1.5,1.4,0.1,10,1.6,1.1,0.9,0.5,10,1.4,1.4,1.4,0.0,5,1.4,0.8,0.8,0.4,5
2020-09-28,2020-21,Fulham,Aston Villa,0,3,A,1387.8,1467.0,-79.1,19,11,-8,2,1,0,0,0,0,0.6,0.8,2.4,0.2,5,2.2,1.2,0.4,0.6,5,0.9,0.9,2.0,0.3,10,1.2,0.8,1.1,0.3,10,1.2,0.6,1.8,0.4,5,0.6,0.6,1.8,0.0,5
2020-09-28,2020-21,Liverpool,Arsenal,3,1,H,1825.9,1606.8,219.1,5,3,-2,2,2,2,1,2,5,2.4,3.0,1.8,0.2,5,2.4,2.0,1.0,0.2,5,2.2,2.5,1.5,0.3,10,2.2,2.0,0.8,0.4,10,2.6,3.2,1.4,0.4,5,1.8,1.6,0.6,0.6,5
2020-10-03,2020-21,Chelsea,Crystal Palace,4,0,H,1626.7,1493.5,133.2,9,6,-3,3,3,5,0,0,5,1.4,2.2,2.2,0.2,5,1.4,1.2,1.2,0.2,5,1.6,2.0,1.9,0.3,10,0.7,0.8,1.7,0.1,10,2.4,1.6,0.6,0.6,5,0.6,0.6,2.4,0.0,5
2020-10-03,2020-21,Everton,Brighton and Hove Albion,4,2,H,1561.8,1463.5,98.3,3,12,9,3,3,3,2,0,5,2.4,2.0,1.2,0.4,5,1.4,1.6,1.4,0.4,5,1.7,1.4,1.3,0.2,10,1.1,1.1,1.9,0.3,10,1.6,2.0,1.6,0.0,5,2.2,1.4,0.4,0.6,5
2020-10-03,2020-21,Leeds United,Manchester City,1,1,D,1516.1,1756.2,-240.1,7,12,5,3,2,0,0,0,0,2.0,2.6666666666666665,2.3333333333333335,0.3333333333333333,3,2.4,3.2,1.4,0.4,5,2.0,2.6666666666666665,2.3333333333333335,0.3333333333333333,3,2.1,3.1,1.0,0.5,10,3.0,4.0,3.0,0.0,1,1.8,2.6,0.8,0.4,5
2020-10-03,2020-21,Newcastle United,Burnley,3,1,H,1492.2,1509.9,-17.7,11,18,7,3,2,2,1,2,5,1.0,0.8,1.4,0.4,5,0.8,1.2,1.6,0.2,5,0.9,1.2,2.0,0.2,10,1.5,1.1,1.0,0.4,10,0.4,1.0,2.4,0.0,5,2.0,1.4,1.0,0.6,5
2020-10-04,2020-21,Aston Villa,Liverpool,7,2,H,1477.6,1828.7,-351.1,7,3,-4,2,3,0,2,0,2,2.2,1.4,0.4,0.6,5,3.0,3.4,1.6,0.2,5,1.5,1.0,0.9,0.4,10,2.2,2.4,1.6,0.2,10,1.8,0.8,0.8,0.6,5,1.8,1.8,1.6,0.2,5
2020-10-04,2020-21,Manchester United,Tottenham,1,6,A,1642.3,1601.0,41.3,13,10,-3,2,3,2,2,1,5,2.0,1.8,1.2,0.4,5,1.6,2.0,1.0,0.2,5,2.3,2.5,1.0,0.5,10,1.8,1.7,1.0,0.3,10,1.6,2.4,1.6,0.2,5,1.6,2.0,1.4,0.2,5
2020-10-04,2020-21,Wolverhampton Wanderers,Fulham,1,0,H,1576.2,1377.2,199.0,15,20,5,3,3,1,0,1,2,1.2,1.0,1.8,0.4,5,0.0,0.6,3.0,0.0,5,1.3,1.0,1.3,0.4,10,0.9,0.8,2.1,0.3,10,1.8,1.4,1.0,0.6,5,0.6,1.2,2.4,0.2,5
2020-10-04,2020-21,Southampton,West Bromwich Albion,2,0,H,1512.8,1405.4,107.4,15,17,2,3,3,3,1,0,4,1.8,1.6,1.4,0.4,5,0.8,1.2,2.6,0.2,5,1.8,1.6,1.2,0.3,10,1.2,1.2,1.8,0.3,10,1.4,1.4,1.8,0.2,5,1.2,1.0,1.8,0.4,5
2020-10-04,2020-21,Leicester City,West Ham United,0,3,A,1576.0,1469.9,106.2,3,14,11,3,3,2,1,2,5,1.8,2.4,1.8,0.2,5,1.0,1.4,1.2,0.2,5,1.6,2.0,1.6,0.3,10,1.5,1.9,1.2,0.2,10,2.0,1.8,0.8,0.6,5,1.0,1.6,1.4,0.2,5
2020-10-04,2020-21,Arsenal,Sheffield United,2,1,H,1604.1,1502.3,101.8,10,18,8,3,3,0,1,1,2,1.8,1.8,1.4,0.2,5,0.0,0.2,1.6,0.0,5,1.9,1.9,1.1,0.3,10,1.0,0.9,1.2,0.2,10,2.6,2.4,1.0,0.2,5,0.2,0.4,2.0,0.0,5
2020-10-17,2020-21,Everton,Liverpool,2,2,D,1566.7,1812.5,-245.8,1,5,4,4,4,0,2,3,5,2.4,2.6,1.6,0.2,5,2.4,2.8,2.4,0.2,5,1.7,1.6,1.4,0.2,10,2.2,2.6,1.9,0.2,10,1.6,2.4,1.8,0.0,5,1.8,2.2,2.2,0.2,5
2020-10-17,2020-21,Chelsea,Southampton,3,3,D,1630.8,1517.5,113.4,7,11,4,4,4,3,1,1,5,2.0,2.4,1.2,0.4,5,1.8,1.6,1.4,0.4,5,1.9,2.2,1.6,0.4,10,1.8,1.5,1.1,0.4,10,2.4,2.0,0.4,0.8,5,1.6,1.2,0.8,0.4,5
2020-10-17,2020-21,Manchester City,Arsenal,1,0,H,1752.4,1608.8,143.6,14,5,-9,3,4,5,0,0,5,2.0,3.0,1.4,0.4,5,2.4,2.2,1.4,0.2,5,2.2,3.1,0.9,0.5,10,1.9,1.7,1.2,0.2,10,2.4,3.6,1.2,0.6,5,1.2,1.4,1.2,0.4,5
2020-10-17,2020-21,Newcastle United,Manchester United,1,4,A,1499.9,1628.5,-128.6,9,16,7,4,3,2,3,0,5,1.4,1.4,1.6,0.2,5,1.4,1.6,2.4,0.2,5,0.9,1.1,2.0,0.2,10,2.0,2.3,1.6,0.4,10,0.8,1.4,2.4,0.0,5,3.0,2.6,0.4,0.8,5
2020-10-18,2020-21,Sheffield United,Fulham,1,1,D,1497.5,1374.2,123.3,19,20,1,4,4,0,0,0,0,0.0,0.4,1.8,0.0,5,0.0,0.6,3.0,0.0,5,0.7,0.7,1.3,0.2,10,0.9,0.8,2.0,0.3,10,1.2,0.8,0.8,0.4,5,0.6,1.0,2.0,0.2,5
2020-10-18,2020-21,Crystal Palace,Brighton and Hove Albion,1,1,D,1489.4,1458.7,30.7,13,16,3,4,4,2,2,1,5,1.4,1.2,1.6,0.2,5,1.2,2.0,2.2,0.2,5,0.7,0.8,2.0,0.1,10,1.1,1.3,2.0,0.3,10,0.8,1.0,1.6,0.2,5,2.0,1.8,1.2,0.4,5
2020-10-18,2020-21,Tottenham,West Ham United,3,3,D,1614.9,1485.2,129.7,7,13,6,4,4,3,1,1,5,1.6,2.6,1.2,0.0,5,1.4,1.8,1.0,0.4,5,2.1,2.2,0.8,0.3,10,1.5,1.9,1.0,0.3,10,2.0,1.4,0.6,0.4,5,1.6,2.2,1.0,0.4,5
2020-10-18,2020-21,Leicester City,Aston Villa,0,1,A,1560.7,1493.8,67.0,4,3,-1,4,3,2,0,0,2,1.8,2.4,1.8,0.2,5,2.6,2.6,0.6,0.6,5,1.6,1.9,1.7,0.3,10,1.7,1.6,1.0,0.4,10,1.8,1.8,1.4,0.4,5,1.2,1.2,1.0,0.2,5
2020-10-19,2020-21,West Bromwich Albion,Burnley,0,0,D,1400.8,1502.2,-101.5,18,20,2,4,3,2,1,1,4,0.2,1.0,3.0,0.0,5,0.6,1.2,2.0,0.2,5,1.2,1.1,1.8,0.3,10,1.2,1.1,1.3,0.3,10,1.2,1.4,1.8,0.2,5,1.4,1.4,1.6,0.4,5
2020-10-19,2020-21,Leeds United,Wolverhampton Wanderers,0,1,A,1520.0,1579.2,-59.3,9,15,6,4,4,0,0,0,0,1.75,2.25,2.0,0.25,4,1.2,0.8,1.8,0.4,5,1.75,2.25,2.0,0.25,4,1.3,1.0,1.3,0.4,10,2.0,2.5,2.0,0.0,2,0.8,0.6,1.6,0.2,5
2020-10-23,2020-21,Aston Villa,Leeds United,0,3,A,1508.2,1508.8,-0.6,2,10,8,4,5,0,0,0,0,2.6,2.6,0.6,0.6,5,1.4,1.8,1.8,0.2,5,2.0,1.7,0.9,0.5,10,1.4,1.8,1.8,0.2,5,2.4,2.2,1.0,0.6,5,1.5,2.0,2.0,0.5,2
2020-10-24,2020-21,Liverpool,Sheffield United,2,1,H,1808.5,1491.8,316.7,4,19,15,5,5,2,0,0,2,2.0,2.6,2.6,0.2,5,0.2,0.4,1.4,0.0,5,2.0,2.6,2.1,0.1,10,0.7,0.7,1.3,0.2,10,2.6,3.0,1.6,0.2,5,0.2,0.6,1.8,0.0,5
2020-10-24,2020-21,Manchester United,Chelsea,0,0,D,1637.6,1625.4,12.3,15,9,-6,4,5,3,0,2,5,1.8,2.2,2.4,0.2,5,1.6,2.6,1.8,0.2,5,2.0,2.4,1.7,0.3,10,1.7,2.2,1.9,0.3,10,1.0,2.0,2.8,0.0,5,1.4,2.4,2.8,0.0,5
2020-10-24,2020-21,West Ham United,Manchester City,1,1,D,1491.0,1756.3,-265.3,10,11,1,5,4,0,5,0,5,1.4,2.2,1.4,0.4,5,2.0,2.4,1.4,0.4,5,1.5,2.0,1.1,0.3,10,2.2,2.8,0.9,0.5,10,1.4,1.6,1.0,0.2,5,2.0,2.6,0.6,0.4,5
2020-10-24,2020-21,Fulham,Crystal Palace,1,2,A,1379.9,1485.8,-105.9,20,14,-6,5,5,0,2,0,2,0.2,0.8,2.4,0.0,5,1.4,1.2,1.6,0.2,5,1.0,0.8,1.7,0.3,10,0.8,0.9,1.8,0.1,10,1.2,0.6,2.0,0.4,5,0.6,0.6,2.4,0.0,5
2020-10-25,2020-21,Southampton,Everton,2,0,H,1523.0,1570.6,-47.7,13,1,-12,5,5,1,2,2,5,1.4,1.6,1.8,0.4,5,2.6,2.8,1.4,0.2,5,1.6,1.7,1.4,0.3,10,1.8,1.8,1.5,0.2,10,2.0,1.8,1.4,0.4,5,1.8,0.8,1.0,0.4,5
2020-10-25,2020-21,Wolverhampton Wanderers,Newcastle United,1,1,D,1590.4,1490.7,99.7,10,14,4,5,5,1,0,3,4,1.8,1.0,1.4,0.6,5,1.4,1.4,1.8,0.2,5,1.6,1.1,1.1,0.5,10,0.8,1.0,2.2,0.2,10,1.8,1.4,1.0,0.6,5,1.0,0.8,1.6,0.4,5
2020-10-25,2020-21,Arsenal,Leicester City,0,1,A,1604.9,1546.3,58.6,10,9,-1,5,5,1,3,1,5,1.8,1.6,1.2,0.2,5,1.8,2.4,1.6,0.2,5,1.6,1.5,1.3,0.1,10,1.3,1.6,1.8,0.2,10,2.6,2.0,1.2,0.0,5,1.4,2.0,2.0,0.2,5
2020-10-26,2020-21,Brighton and Hove Albion,West Bromwich Albion,1,1,D,1462.3,1400.8,61.5,16,17,1,5,5,1,1,0,2,0.8,1.8,2.2,0.2,5,0.4,1.0,2.6,0.2,5,0.9,1.3,2.1,0.2,10,1.2,1.0,1.7,0.4,10,0.2,0.8,2.8,0.2,5,1.2,0.8,1.8,0.4,5
2020-10-26,2020-21,Burnley,Tottenham,0,1,A,1502.2,1609.1,-106.9,18,11,-7,4,5,1,3,1,5,0.2,0.8,2.0,0.2,5,1.6,3.0,1.6,0.0,5,1.0,1.0,1.3,0.3,10,1.9,2.4,1.1,0.2,10,1.0,0.8,1.0,0.2,5,2.2,3.0,1.0,0.2,5
2020-10-30,2020-21,Wolverhampton Wanderers,Crystal Palace,2,0,H,1585.2,1495.6,89.6,9,8,-1,6,6,2,1,1,4,1.4,0.8,1.6,0.4,5,1.4,1.4,1.8,0.0,5,1.7,1.2,1.1,0.5,10,1.1,0.9,1.6,0.1,10,2.0,1.6,0.8,0.6,5,1.2,1.0,2.0,0.0,5
2020-10-31,2020-21,Sheffield United,Manchester City,0,1,A,1490.2,1751.9,-261.7,18,13,-5,6,5,0,2,0,2,0.2,0.6,1.4,0.0,5,1.6,1.6,1.6,0.2,5,0.4,0.7,1.5,0.1,10,2.3,2.9,0.9,0.5,10,0.8,0.8,1.0,0.2,5,2.2,2.8,0.6,0.4,5
2020-10-31,2020-21,Burnley,Chelsea,0,3,A,1492.4,1628.5,-136.1,18,11,-7,5,6,0,4,1,5,0.2,0.6,1.8,0.2,5,1.2,2.0,1.6,0.4,5,0.9,0.9,1.3,0.3,10,1.5,1.9,1.7,0.4,10,0.4,0.6,1.2,0.0,5,1.0,1.8,2.4,0.2,5
2020-10-31,2020-21,Liverpool,West Ham United,2,1,H,1810.2,1495.4,314.7,2,13,11,6,6,4,0,1,5,2.0,2.2,2.2,0.2,5,1.6,2.4,1.2,0.4,5,2.0,2.5,2.1,0.1,10,1.6,2.1,1.1,0.3,10,2.6,3.0,1.8,0.0,5,1.6,2.4,1.2,0.4,5
2020-11-01,2020-21,Tottenham,Brighton and Hove Albion,2,1,H,1618.9,1457.9,160.9,7,16,9,6,6,3,1,1,5,2.2,3.2,1.4,0.2,5,1.0,1.8,1.8,0.2,5,2.1,2.5,1.1,0.2,10,1.0,1.3,1.9,0.2,10,1.6,1.8,1.2,0.2,5,1.6,1.8,1.4,0.2,5
2020-11-01,2020-21,Manchester United,Arsenal,0,1,A,1634.5,1590.6,43.9,15,12,-3,5,6,1,2,2,5,1.4,1.8,2.4,0.2,5,1.2,1.0,1.4,0.0,5,1.8,1.9,1.5,0.4,10,1.5,1.4,1.3,0.1,10,0.6,1.0,2.4,0.2,5,0.6,1.0,1.4,0.2,5
2020-11-01,2020-21,Aston Villa,Southampton,3,4,A,1495.4,1531.5,-36.0,6,11,5,5,6,0,2,0,2,2.4,2.4,1.0,0.6,5,2.0,2.0,1.6,0.6,5,2.0,1.7,1.0,0.5,10,1.8,1.8,1.3,0.4,10,2.4,2.2,1.0,0.6,5,1.6,1.6,1.2,0.4,5
2020-11-01,2020-21,Newcastle United,Everton,2,1,H,1495.9,1562.1,-66.2,14,3,-11,6,6,1,2,2,5,1.0,1.2,2.0,0.0,5,2.0,2.6,1.8,0.0,5,0.9,1.1,1.8,0.2,10,1.7,1.7,1.6,0.2,10,0.6,1.2,2.8,0.0,5,1.8,0.8,1.2,0.4,5
2020-11-02,2020-21,Fulham,West Bromwich Albion,2,0,H,1370.0,1405.1,-35.1,19,17,-2,6,6,0,0,0,0,0.2,1.0,2.2,0.0,5,0.6,1.2,2.2,0.2,5,0.7,0.7,1.9,0.2,10,1.0,1.0,1.8,0.3,10,0.6,0.4,2.4,0.2,5,0.8,0.8,2.0,0.2,5
2020-11-02,2020-21,Leeds United,Leicester City,1,4,A,1521.6,1560.5,-38.9,12,8,-4,6,6,0,0,0,0,2.0,1.8,1.0,0.4,5,1.8,2.0,1.6,0.2,5,1.6666666666666667,2.0,1.5,0.3333333333333333,6,1.5,1.6,1.7,0.3,10,1.3333333333333333,1.6666666666666667,1.6666666666666667,0.0,3,1.8,2.0,1.8,0.4,5
2020-11-06,2020-21,Brighton and Hove Albion,Burnley,0,0,D,1454.3,1483.4,-29.1,16,20,4,7,6,1,2,2,5,0.4,1.4,2.2,0.0,5,0.2,0.2,1.6,0.2,5,1.0,1.4,1.6,0.2,10,0.6,0.8,1.6,0.2,10,0.4,0.8,2.4,0.2,5,1.0,1.2,1.6,0.4,5
2020-11-06,2020-21,Southampton,Newcastle United,2,0,H,1543.3,1504.9,38.4,5,11,6,7,7,0,4,1,5,2.6,2.4,1.2,0.6,5,1.6,1.6,1.6,0.0,5,2.0,2.0,1.4,0.4,10,1.2,1.2,1.7,0.2,10,2.0,2.0,1.4,0.4,5,1.2,1.0,0.8,0.4,5
2020-11-07,2020-21,Everton,Manchester United,1,3,A,1553.1,1620.6,-67.5,5,15,10,7,6,1,2,2,5,1.4,1.8,1.8,0.0,5,1.4,1.6,2.0,0.2,5,1.7,1.8,1.5,0.2,10,1.5,1.6,1.6,0.3,10,1.6,2.6,2.0,0.0,5,3.0,2.8,0.6,0.6,5
2020-11-07,2020-21,Crystal Palace,Leeds United,4,1,H,1490.6,1509.8,-19.3,14,12,-2,7,7,0,0,0,0,0.8,0.8,2.0,0.0,5,1.4,1.2,1.2,0.4,5,1.1,0.9,1.6,0.1,10,1.4285714285714286,1.8571428571428572,1.8571428571428572,0.2857142857142857,7,1.0,0.8,1.2,0.2,5,2.0,2.3333333333333335,1.3333333333333333,0.6666666666666666,3
2020-11-07,2020-21,Chelsea,Sheffield United,4,1,H,1637.5,1484.5,152.9,8,20,12,7,7,0,1,1,2,1.8,2.6,1.2,0.6,5,0.2,0.6,1.4,0.0,5,1.8,2.2,1.4,0.5,10,0.1,0.4,1.6,0.0,10,2.0,2.0,1.0,0.6,5,0.0,0.6,2.0,0.0,5
2020-11-07,2020-21,West Ham United,Fulham,1,0,H,1493.8,1378.2,115.6,15,17,2,7,7,2,0,0,2,1.6,2.4,1.2,0.4,5,0.8,0.8,1.4,0.2,5,1.3,1.8,1.3,0.2,10,0.7,0.8,1.9,0.2,10,1.6,1.8,1.0,0.2,5,0.8,1.0,1.4,0.2,5
2020-11-08,2020-21,Manchester City,Liverpool,1,1,D,1757.6,1811.9,-54.3,12,2,-10,6,7,2,2,1,5,1.6,1.2,1.4,0.4,5,2.0,2.2,2.4,0.0,5,2.3,2.5,0.9,0.5,10,2.2,2.6,2.1,0.1,10,2.4,3.0,1.2,0.6,5,1.4,2.0,2.4,0.2,5
2020-11-08,2020-21,West Bromwich Albion,Tottenham,0,1,A,1397.0,1622.5,-225.5,18,5,-13,7,7,1,1,2,4,0.6,0.8,1.6,0.2,5,2.2,2.6,1.2,0.2,5,0.9,0.8,1.8,0.3,10,2.1,2.5,1.1,0.2,10,1.2,1.2,1.6,0.4,5,2.6,3.2,1.0,0.2,5
2020-11-08,2020-21,Leicester City,Wolverhampton Wanderers,1,0,H,1572.3,1590.2,-18.0,5,8,3,7,7,1,1,2,4,1.8,2.0,1.4,0.2,5,2.0,1.0,1.0,0.6,5,1.8,1.9,1.4,0.3,10,1.7,1.1,1.1,0.5,10,1.2,1.2,1.6,0.2,5,1.4,0.8,1.4,0.4,5
2020-11-08,2020-21,Arsenal,Aston Villa,0,3,A,1604.5,1483.6,120.9,10,9,-1,7,6,1,1,0,2,1.2,0.8,1.2,0.2,5,1.8,2.8,1.8,0.4,5,1.8,1.4,1.1,0.2,10,2.0,2.0,1.1,0.5,10,2.4,1.8,1.2,0.0,5,1.6,1.2,0.8,0.4,5
2020-11-21,2020-21,Manchester United,West Bromwich Albion,1,0,H,1631.5,1390.4,241.1,14,18,4,7,8,2,1,1,4,1.4,1.6,1.8,0.2,5,0.4,0.2,1.2,0.2,5,1.7,1.7,1.5,0.3,10,0.6,0.7,1.9,0.2,10,0.4,0.6,2.2,0.2,5,0.2,0.6,2.4,0.0,5
2020-11-21,2020-21,Aston Villa,Brighton and Hove Albion,1,2,A,1499.2,1452.3,46.9,6,16,10,7,8,1,0,1,2,1.8,2.8,1.8,0.4,5,0.6,1.0,1.6,0.2,5,2.0,2.1,1.1,0.5,10,1.0,1.3,1.5,0.3,10,1.8,2.4,1.8,0.4,5,1.4,1.8,1.6,0.2,5
2020-11-21,2020-21,Newcastle United,Chelsea,0,2,A,1498.7,1641.2,-142.5,14,5,-9,8,8,2,3,0,5,1.4,1.4,1.8,0.0,5,2.2,2.8,0.8,0.6,5,1.2,1.1,1.6,0.2,10,1.8,2.5,1.5,0.4,10,1.2,1.4,2.4,0.0,5,1.6,2.4,1.8,0.4,5
2020-11-21,2020-21,Tottenham,Manchester City,2,0,H,1629.1,1756.3,-127.2,3,11,8,8,7,1,3,1,5,2.6,2.6,1.0,0.4,5,1.8,1.0,0.6,0.4,5,2.1,2.3,1.0,0.3,10,2.1,2.1,1.0,0.4,10,1.6,1.8,1.2,0.2,5,2.2,2.0,0.6,0.4,5
2020-11-22,2020-21,Fulham,Everton,2,3,A,1373.7,1542.2,-168.5,17,7,-10,8,8,1,1,0,2,0.8,0.8,1.0,0.2,5,0.8,1.6,2.2,0.0,5,0.4,0.7,2.0,0.1,10,1.6,1.8,1.7,0.2,10,0.6,0.6,2.4,0.2,5,1.8,1.0,1.0,0.4,5
2020-11-22,2020-21,Sheffield United,West Ham United,0,1,A,1480.7,1498.2,-17.5,20,13,-7,8,8,1,0,1,2,0.2,0.8,2.0,0.0,5,1.6,1.8,1.2,0.4,5,0.1,0.5,1.8,0.0,10,1.3,1.6,1.2,0.3,10,0.2,0.2,1.2,0.0,5,1.0,1.8,1.6,0.2,5
2020-11-22,2020-21,Leeds United,Arsenal,0,0,D,1502.1,1588.9,-86.8,15,13,-2,8,8,0,0,0,0,0.8,1.2,2.0,0.2,5,1.2,0.6,1.2,0.2,5,1.25,1.75,2.125,0.25,8,1.5,1.2,1.3,0.2,10,1.0,1.5,2.25,0.0,4,1.2,1.0,1.0,0.4,5
2020-11-22,2020-21,Liverpool,Leicester City,3,0,H,1813.2,1580.0,233.2,4,3,-1,8,8,4,0,1,5,1.6,1.8,2.4,0.0,5,1.8,1.2,1.0,0.4,5,2.3,2.6,2.0,0.1,10,1.8,1.8,1.4,0.3,10,3.0,3.2,1.8,0.0,5,2.4,2.6,1.2,0.4,5
2020-11-23,2020-21,Burnley,Crystal Palace,1,0,H,1485.4,1498.3,-12.9,19,9,-10,7,8,1,4,0,5,0.4,0.2,1.4,0.4,5,1.4,1.4,1.8,0.0,5,0.6,0.7,1.5,0.3,10,1.4,1.3,1.5,0.1,10,0.2,0.4,1.6,0.0,5,1.2,1.0,2.0,0.0,5
2020-11-23,2020-21,Wolverhampton Wanderers,Southampton,1,1,D,1582.6,1549.5,33.1,12,5,-7,8,8,2,1,1,4,2.0,1.0,0.4,0.6,5,2.6,2.6,1.2,0.6,5,1.6,1.0,1.1,0.5,10,2.2,2.1,1.3,0.5,10,2.0,1.4,0.8,0.6,5,2.0,2.0,1.4,0.4,5
2020-11-27,2020-21,Crystal Palace,Newcastle United,0,2,A,1490.8,1489.9,0.8,11,15,4,9,9,2,1,2,5,1.4,1.4,1.2,0.0,5,0.8,0.8,2.0,0.0,5,1.4,1.3,1.4,0.1,10,1.1,1.1,1.8,0.1,10,1.6,1.6,1.0,0.2,5,1.2,0.8,0.8,0.4,5
2020-11-28,2020-21,Brighton and Hove Albion,Liverpool,1,1,D,1466.3,1815.7,-349.4,16,2,-14,9,9,0,5,0,5,1.2,1.0,1.0,0.2,5,2.2,2.0,1.0,0.2,5,1.2,1.5,1.6,0.2,10,2.3,2.4,1.7,0.2,10,0.6,0.8,1.4,0.4,5,1.6,2.0,2.2,0.2,5
2020-11-28,2020-21,Manchester City,Burnley,5,0,H,1745.5,1493.0,252.5,14,17,3,8,8,4,0,1,5,1.6,0.8,0.8,0.4,5,1.0,0.2,0.8,0.6,5,1.8,1.9,1.1,0.4,10,0.8,0.7,1.4,0.4,10,2.0,2.2,1.4,0.4,5,1.0,1.0,1.4,0.6,5
2020-11-28,2020-21,Everton,Leeds United,0,1,A,1550.2,1501.8,48.5,6,15,9,9,9,0,0,0,0,0.8,1.4,2.2,0.0,5,0.8,1.0,1.8,0.4,5,1.6,2.0,1.9,0.1,10,1.2222222222222223,1.5555555555555556,1.8888888888888888,0.3333333333333333,9,1.4,2.6,2.4,0.0,5,1.5,2.0,2.0,0.5,4
2020-11-28,2020-21,West Bromwich Albion,Sheffield United,1,0,H,1388.0,1468.4,-80.4,19,20,1,9,9,0,0,0,0,0.4,0.2,1.0,0.2,5,0.2,0.6,1.8,0.0,5,0.3,0.6,2.0,0.1,10,0.1,0.5,1.8,0.0,10,1.0,0.8,1.4,0.4,5,0.0,0.8,2.4,0.0,5
2020-11-29,2020-21,Arsenal,Wolverhampton Wanderers,1,2,A,1589.3,1578.9,10.4,14,10,-4,9,9,1,1,2,4,0.8,0.2,1.0,0.4,5,1.6,1.0,0.6,0.4,5,1.6,1.2,1.2,0.3,10,1.4,0.9,1.2,0.4,10,1.8,1.4,1.6,0.0,5,1.2,0.6,1.4,0.4,5
2020-11-29,2020-21,Southampton,Manchester United,2,3,A,1553.2,1634.0,-80.8,5,13,8,9,8,0,1,4,5,2.2,2.4,1.4,0.4,5,2.0,1.6,0.6,0.4,5,2.0,2.0,1.4,0.4,10,1.7,1.6,1.5,0.3,10,2.4,2.2,1.2,0.6,5,3.0,2.8,0.8,0.4,5
2020-11-29,2020-21,Chelsea,Tottenham,0,0,D,1650.0,1639.8,10.2,3,2,-1,9,9,3,2,0,5,2.2,2.4,0.8,0.6,5,2.6,1.8,0.8,0.6,5,2.1,2.4,1.0,0.5,10,2.1,2.2,1.0,0.3,10,2.0,2.6,1.2,0.4,5,2.6,2.8,0.8,0.4,5
2020-11-30,2020-21,Leicester City,Fulham,1,2,A,1577.4,1365.7,211.7,4,19,15,9,9,1,0,1,2,1.8,1.2,1.0,0.4,5,0.8,1.2,1.4,0.2,5,1.8,1.8,1.4,0.3,10,0.4,0.9,2.2,0.1,10,1.2,1.0,1.6,0.2,5,0.2,0.8,1.6,0.0,5
2020-11-30,2020-21,West Ham United,Aston Villa,2,1,H,1510.6,1485.2,25.3,11,9,-2,9,8,0,0,2,2,1.6,1.4,1.2,0.4,5,1.2,1.6,1.8,0.4,5,1.5,1.6,1.1,0.4,10,1.9,2.1,1.2,0.5,10,1.6,1.4,0.8,0.4,5,2.2,1.8,0.4,0.6,5
2020-12-05,2020-21,Burnley,Everton,1,1,D,1490.7,1536.2,-45.5,19,8,-11,9,10,2,3,0,5,0.8,0.2,1.8,0.4,5,0.6,1.0,2.0,0.0,5,0.5,0.5,1.9,0.3,10,1.6,1.9,1.7,0.1,10,0.6,0.4,1.4,0.2,5,1.8,1.4,1.4,0.2,5
2020-12-05,2020-21,Manchester City,Fulham,2,0,H,1747.8,1382.8,365.0,11,17,6,9,10,2,0,0,2,1.6,1.6,0.8,0.4,5,1.2,1.4,1.4,0.2,5,1.8,2.0,1.1,0.4,10,0.7,1.1,1.9,0.1,10,2.0,2.8,1.2,0.6,5,0.8,1.2,1.6,0.0,5
2020-12-05,2020-21,West Ham United,Manchester United,1,3,A,1517.1,1644.6,-127.4,6,10,4,10,9,2,1,2,5,2.0,1.2,0.8,0.4,5,2.0,1.4,0.8,0.4,5,1.7,1.7,1.1,0.4,10,1.9,1.8,1.6,0.3,10,2.0,1.6,0.8,0.4,5,3.0,3.0,1.2,0.2,5
2020-12-05,2020-21,Chelsea,Leeds United,3,1,H,1647.0,1515.8,131.2,3,12,9,10,10,0,0,0,0,2.2,1.8,0.2,0.8,5,1.4,1.2,1.6,0.6,5,1.9,2.2,1.0,0.5,10,1.4,1.5,1.7,0.4,10,1.6,2.2,1.2,0.4,5,1.8,1.8,1.6,0.6,5
2020-12-06,2020-21,Liverpool,Wolverhampton Wanderers,4,0,H,1809.6,1592.0,217.6,3,10,7,10,10,4,0,0,4,2.2,1.8,0.8,0.2,5,1.6,1.2,0.8,0.2,5,2.1,2.2,1.7,0.2,10,1.7,1.1,1.1,0.4,10,3.0,2.8,1.2,0.2,5,1.8,1.0,1.2,0.4,5
2020-12-06,2020-21,West Bromwich Albion,Crystal Palace,1,5,A,1397.4,1477.9,-80.5,18,15,-3,10,10,1,2,1,4,0.8,0.4,1.0,0.2,5,1.2,1.2,1.4,0.0,5,0.6,0.7,1.8,0.2,10,1.3,1.2,1.5,0.1,10,1.0,0.8,1.4,0.4,5,1.2,1.0,1.8,0.0,5
2020-12-06,2020-21,Sheffield United,Leicester City,1,2,A,1459.0,1560.2,-101.3,20,6,-14,10,10,0,2,0,2,0.0,0.4,1.8,0.0,5,1.8,1.4,1.2,0.4,5,0.1,0.4,1.6,0.0,10,1.8,1.9,1.4,0.3,10,0.2,0.2,1.2,0.0,5,2.4,2.6,1.2,0.4,5
2020-12-06,2020-21,Tottenham,Arsenal,2,0,H,1642.9,1576.2,66.7,3,15,12,10,10,2,1,2,5,2.6,1.2,0.2,0.8,5,0.8,0.4,1.2,0.4,5,2.1,2.1,0.9,0.4,10,1.3,1.0,1.2,0.3,10,1.6,1.6,1.2,0.2,5,1.4,1.0,0.8,0.6,5
2020-12-07,2020-21,Brighton and Hove Albion,Southampton,1,2,A,1472.4,1542.6,-70.2,16,8,-8,10,10,0,2,3,5,1.2,1.0,1.0,0.2,5,2.0,2.2,1.4,0.4,5,1.0,1.4,1.6,0.2,10,1.7,1.9,1.6,0.4,10,0.6,1.0,1.6,0.2,5,1.6,1.8,1.6,0.2,5
2020-12-11,2020-21,Leeds United,West Ham United,1,2,A,1511.6,1507.9,3.7,14,8,-6,11,11,0,0,0,0,0.8,0.8,2.2,0.4,5,1.8,1.2,1.2,0.4,5,1.4,1.3,1.6,0.4,10,1.7,1.8,1.2,0.4,10,1.0,1.2,1.8,0.2,5,1.4,1.8,1.4,0.4,5
2020-12-12,2020-21,Everton,Chelsea,1,0,H,1537.8,1651.1,-113.4,9,3,-6,11,11,2,1,2,5,0.8,1.2,1.8,0.0,5,2.6,2.4,0.4,0.6,5,1.4,1.9,1.8,0.0,10,1.9,2.2,1.0,0.5,10,1.4,2.4,2.0,0.0,5,2.2,2.2,0.8,0.6,5
2020-12-12,2020-21,Manchester United,Manchester City,0,0,D,1653.8,1749.1,-95.3,8,9,1,10,10,3,2,0,5,2.4,2.0,1.0,0.2,5,2.0,1.8,0.6,0.6,5,1.9,1.9,1.7,0.2,10,1.8,1.7,1.1,0.4,10,0.8,0.6,2.0,0.4,5,1.6,1.2,1.0,0.2,5
2020-12-12,2020-21,Wolverhampton Wanderers,Aston Villa,0,1,A,1589.2,1478.7,110.5,10,12,2,11,9,2,0,0,2,1.4,1.0,1.4,0.2,5,0.6,1.6,2.2,0.2,5,1.4,0.9,1.5,0.3,10,1.6,2.1,1.4,0.4,10,1.6,1.2,1.0,0.4,5,2.0,1.8,0.6,0.6,5
2020-12-12,2020-21,Newcastle United,West Bromwich Albion,2,1,H,1502.7,1386.9,115.9,13,19,6,10,11,0,1,1,2,1.4,1.0,1.2,0.2,5,0.6,0.4,1.8,0.2,5,1.4,1.2,1.5,0.2,10,0.6,0.8,2.0,0.2,10,1.2,1.2,2.2,0.0,5,0.2,0.6,2.2,0.0,5
2020-12-13,2020-21,Southampton,Sheffield United,3,0,H,1553.5,1449.0,104.5,6,20,14,11,11,2,0,0,2,2.0,2.2,1.6,0.2,5,0.0,0.4,1.8,0.0,5,2.0,2.1,1.6,0.4,10,0.1,0.5,1.6,0.0,10,1.8,2.0,1.6,0.6,5,0.0,0.6,2.0,0.0,5
2020-12-13,2020-21,Crystal Palace,Tottenham,1,1,D,1488.5,1648.5,-160.0,13,1,-12,11,11,0,4,1,5,1.2,1.8,1.4,0.0,5,2.6,1.4,0.2,0.8,5,1.3,1.6,1.6,0.0,10,2.4,2.3,0.8,0.5,10,1.4,1.4,1.2,0.2,5,2.6,2.6,0.6,0.6,5
2020-12-13,2020-21,Fulham,Liverpool,1,1,D,1381.5,1812.3,-430.8,17,2,-15,11,11,0,2,0,2,1.2,1.2,1.4,0.2,5,2.2,2.2,0.6,0.4,5,0.7,1.1,1.8,0.1,10,2.1,2.2,1.4,0.3,10,0.6,1.0,2.2,0.2,5,1.2,1.6,2.2,0.2,5
2020-12-13,2020-21,Arsenal,Burnley,0,1,A,1570.7,1489.1,81.6,15,18,3,11,10,4,0,1,5,0.8,0.4,1.4,0.4,5,1.0,0.4,1.8,0.4,5,1.0,0.7,1.4,0.2,10,0.6,0.5,1.8,0.3,10,1.2,1.0,1.6,0.0,5,0.4,0.6,2.4,0.4,5
2020-12-13,2020-21,Leicester City,Brighton and Hove Albion,3,0,H,1570.2,1461.6,108.6,5,16,11,11,11,3,0,2,5,1.8,1.6,1.4,0.2,5,1.0,1.0,1.2,0.2,5,1.8,1.8,1.5,0.2,10,1.0,1.4,1.5,0.2,10,1.2,1.2,1.6,0.2,5,1.4,1.8,1.6,0.2,5
2020-12-15,2020-21,Wolverhampton Wanderers,Chelsea,2,1,H,1573.8,1640.8,-66.9,13,5,-8,12,12,1,2,1,4,0.8,0.6,1.6,0.0,5,2.0,1.8,0.6,0.4,5,1.4,0.8,1.3,0.3,10,1.9,2.2,0.9,0.5,10,1.6,1.0,0.6,0.4,5,1.6,1.6,0.8,0.6,5
2020-12-15,2020-21,Manchester City,West Bromwich Albion,1,1,D,1749.2,1382.4,366.8,10,19,9,11,12,4,0,0,4,1.6,1.6,0.6,0.6,5,0.6,0.6,1.8,0.2,5,1.6,1.4,1.0,0.5,10,0.6,0.7,1.7,0.2,10,2.0,2.2,1.2,0.6,5,0.2,0.4,1.6,0.0,5
2020-12-16,2020-21,Fulham,Brighton and Hove Albion,0,0,D,1388.9,1457.0,-68.0,18,16,-2,12,12,1,0,1,2,0.8,1.0,1.6,0.0,5,1.0,0.8,1.4,0.2,5,0.8,0.9,1.5,0.1,10,0.7,1.1,1.8,0.1,10,0.8,1.2,1.8,0.2,5,0.8,1.2,2.2,0.0,5
2020-12-16,2020-21,West Ham United,Crystal Palace,1,1,D,1520.8,1490.2,30.6,7,12,5,12,12,1,2,2,5,2.4,1.4,1.0,0.4,5,1.4,2.0,1.2,0.0,5,2.0,1.9,1.1,0.4,10,1.1,1.4,1.6,0.0,10,2.0,1.8,1.0,0.4,5,1.2,1.4,1.8,0.0,5
2020-12-16,2020-21,Liverpool,Tottenham,2,1,H,1804.9,1646.7,158.2,2,1,-1,12,12,4,0,1,5,1.8,2.0,0.6,0.4,5,2.2,1.2,0.2,0.8,5,1.9,2.1,1.5,0.2,10,2.2,1.9,0.7,0.5,10,3.0,2.8,0.6,0.4,5,2.2,1.8,0.4,0.6,5
2020-12-16,2020-21,Leicester City,Everton,0,2,A,1574.8,1548.1,26.7,3,8,5,12,12,2,3,0,5,1.8,1.4,1.2,0.4,5,1.4,1.2,1.4,0.2,5,1.8,1.7,1.3,0.3,10,1.4,1.5,1.6,0.1,10,1.2,1.0,1.2,0.4,5,1.4,1.4,1.6,0.0,5
2020-12-16,2020-21,Leeds United,Newcastle United,5,2,H,1498.7,1507.2,-8.5,14,13,-1,12,11,0,0,0,0,0.8,0.8,1.8,0.4,5,1.8,1.2,1.2,0.2,5,1.1,1.0,1.5,0.4,10,1.4,1.2,1.6,0.1,10,0.4,0.6,1.6,0.2,5,1.6,1.2,0.8,0.4,5
2020-12-16,2020-21,Arsenal,Southampton,1,1,D,1555.9,1558.2,-2.3,15,4,-11,12,12,3,1,1,5,0.2,0.2,1.6,0.2,5,2.0,2.0,1.0,0.4,5,0.7,0.5,1.4,0.2,10,2.3,2.2,1.1,0.5,10,0.6,0.6,1.6,0.0,5,2.2,2.2,1.6,0.2,5
2020-12-17,2020-21,Aston Villa,Burnley,0,0,D,1494.1,1503.9,-9.8,11,18,7,10,11,1,0,1,2,1.2,1.8,1.6,0.4,5,1.6,0.6,1.2,0.6,5,1.8,2.1,1.3,0.5,10,0.9,0.4,1.4,0.4,10,1.2,2.4,2.2,0.2,5,1.0,0.4,1.6,0.6,5
2020-12-17,2020-21,Sheffield United,Manchester United,2,3,A,1444.3,1653.6,-209.3,20,9,-11,12,11,0,1,1,2,0.0,0.4,2.2,0.0,5,2.6,2.0,0.8,0.4,5,0.1,0.5,1.8,0.0,10,2.0,1.8,1.4,0.3,10,0.2,0.4,1.2,0.0,5,3.0,3.2,1.4,0.0,5
2020-12-19,2020-21,Crystal Palace,Liverpool,0,7,A,1493.8,1808.6,-314.8,12,1,-11,13,13,0,5,0,5,1.0,1.4,1.2,0.0,5,2.2,2.2,0.6,0.4,5,1.2,1.4,1.5,0.0,10,1.9,2.0,1.5,0.2,10,1.0,1.4,1.4,0.0,5,0.8,1.4,2.4,0.0,5
2020-12-19,2020-21,Southampton,Manchester City,0,1,A,1560.9,1740.5,-179.6,3,9,6,13,12,1,4,0,5,1.6,1.8,1.2,0.2,5,1.6,1.6,0.6,0.6,5,2.1,2.2,1.2,0.4,10,1.7,1.3,0.6,0.5,10,2.4,2.2,0.6,0.8,5,1.2,0.6,0.8,0.4,5
2020-12-19,2020-21,Everton,Arsenal,2,1,H,1561.6,1553.1,8.5,6,15,9,13,13,1,3,1,5,2.0,1.4,0.8,0.4,5,0.4,0.4,1.2,0.2,5,1.4,1.5,1.5,0.2,10,0.8,0.5,1.2,0.2,10,1.4,1.6,1.6,0.2,5,0.8,0.4,1.2,0.4,5
2020-12-19,2020-21,Newcastle United,Fulham,1,1,D,1499.8,1388.0,111.8,14,18,4,12,13,1,0,1,2,1.2,1.2,2.0,0.2,5,1.0,1.0,1.4,0.2,5,1.4,1.4,1.8,0.1,10,0.9,0.9,1.2,0.2,10,1.8,1.6,1.8,0.0,5,0.8,0.6,1.2,0.0,5
2020-12-20,2020-21,Tottenham,Leicester City,0,2,A,1643.1,1561.3,81.7,3,4,1,13,13,4,1,0,5,1.6,1.2,0.6,0.6,5,1.2,1.2,1.6,0.2,5,2.1,1.9,0.8,0.5,10,1.5,1.2,1.3,0.3,10,2.2,2.0,1.0,0.4,5,2.4,2.4,1.4,0.2,5
2020-12-20,2020-21,Manchester United,Leeds United,6,2,H,1660.6,1506.1,154.5,7,14,7,12,13,0,0,0,0,2.6,2.0,1.0,0.4,5,1.4,1.6,1.4,0.4,5,2.0,1.8,1.4,0.3,10,1.1,1.4,1.7,0.3,10,1.0,0.4,1.4,0.6,5,1.8,1.4,1.4,0.6,5
2020-12-20,2020-21,Brighton and Hove Albion,Sheffield United,1,1,D,1457.9,1437.3,20.5,16,20,4,13,13,0,1,1,2,1.0,0.8,1.4,0.2,5,0.0,0.6,2.0,0.0,5,0.8,0.9,1.5,0.2,10,0.1,0.7,2.0,0.0,10,0.6,1.0,1.4,0.2,5,0.0,0.6,2.4,0.0,5
2020-12-20,2020-21,West Bromwich Albion,Aston Villa,0,3,A,1391.1,1491.6,-100.5,19,11,-8,13,11,0,0,0,0,0.8,0.8,1.8,0.2,5,1.4,1.2,0.8,0.6,5,0.6,0.5,1.5,0.2,10,1.6,2.0,1.3,0.5,10,1.0,1.0,1.8,0.4,5,2.4,1.8,0.4,0.8,5
2020-12-21,2020-21,Burnley,Wolverhampton Wanderers,2,1,H,1506.4,1582.9,-76.4,18,11,-7,12,13,1,1,2,4,1.6,0.6,1.2,0.6,5,1.4,1.0,1.6,0.0,5,1.0,0.4,1.3,0.5,10,1.7,1.0,1.0,0.3,10,0.8,0.4,1.2,0.2,5,1.2,0.6,2.0,0.2,5
2020-12-21,2020-21,Chelsea,West Ham United,3,0,H,1631.7,1517.2,114.5,8,10,2,13,13,1,2,2,5,1.4,1.2,0.8,0.4,5,2.0,1.4,1.2,0.2,5,1.8,2.0,0.8,0.5,10,1.8,1.6,1.2,0.3,10,2.2,2.8,1.0,0.4,5,2.0,2.0,1.2,0.4,5
2020-12-26,2020-21,Manchester City,Newcastle United,2,0,H,1748.3,1494.4,253.9,8,12,4,13,13,3,1,1,5,2.2,1.8,0.2,0.8,5,1.4,1.4,1.8,0.2,5,1.9,1.3,0.5,0.6,10,1.4,1.4,1.8,0.1,10,2.2,2.0,0.4,0.6,5,1.0,1.2,1.8,0.2,5
2020-12-26,2020-21,Sheffield United,Everton,0,1,A,1440.7,1568.6,-127.9,20,5,-15,14,14,1,1,0,2,0.2,0.8,2.0,0.0,5,2.0,1.2,0.6,0.4,5,0.2,0.7,1.9,0.0,10,1.4,1.3,1.4,0.2,10,0.2,0.8,1.6,0.0,5,1.4,1.4,1.4,0.2,5
2020-12-26,2020-21,Arsenal,Chelsea,3,1,H,1546.2,1636.2,-90.0,15,6,-9,14,14,1,2,2,5,0.2,0.6,1.6,0.0,5,1.4,1.4,0.8,0.4,5,0.5,0.4,1.3,0.2,10,1.8,1.9,0.8,0.5,10,0.2,0.4,1.6,0.0,5,1.4,1.2,0.6,0.6,5
2020-12-26,2020-21,Leicester City,Manchester United,2,2,D,1576.1,1664.3,-88.2,3,5,2,14,13,0,4,1,5,1.8,1.6,1.0,0.4,5,2.6,3.0,1.4,0.2,5,1.8,1.4,1.0,0.4,10,2.3,2.3,1.0,0.3,10,1.2,1.0,1.0,0.4,5,3.0,3.2,1.4,0.0,5
2020-12-26,2020-21,Aston Villa,Crystal Palace,3,0,H,1501.6,1489.3,12.3,9,12,3,12,14,1,1,0,2,1.4,1.2,0.8,0.6,5,1.0,1.4,2.4,0.0,5,1.6,2.0,1.3,0.5,10,1.2,1.4,1.8,0.0,10,0.8,2.2,2.2,0.2,5,1.4,1.6,1.2,0.0,5
2020-12-26,2020-21,Fulham,Southampton,0,0,D,1393.5,1553.2,-159.7,18,9,-9,14,14,1,1,0,2,1.2,0.8,1.0,0.2,5,1.4,1.6,1.2,0.2,5,1.0,1.0,1.2,0.2,10,1.8,2.0,1.3,0.3,10,1.0,1.2,1.2,0.4,5,1.8,2.2,1.8,0.0,5
2020-12-27,2020-21,Leeds United,Burnley,1,0,H,1502.4,1515.8,-13.4,15,16,1,14,13,0,0,0,0,1.2,2.0,2.6,0.2,5,1.6,0.8,1.4,0.4,5,1.0,1.5,2.2,0.3,10,1.3,0.5,1.1,0.5,10,0.8,1.4,1.8,0.2,5,1.2,0.2,1.0,0.8,5
2020-12-27,2020-21,West Ham United,Brighton and Hove Albion,2,2,D,1512.7,1454.5,58.2,10,17,7,14,14,0,2,3,5,1.4,1.2,1.8,0.0,5,0.6,0.6,1.4,0.2,5,1.5,1.3,1.5,0.2,10,0.9,0.8,1.2,0.2,10,1.6,1.2,1.2,0.2,5,1.0,0.8,1.4,0.2,5
2020-12-27,2020-21,Liverpool,West Bromwich Albion,1,1,D,1813.1,1381.1,432.0,1,19,18,14,14,2,0,2,4,2.2,3.0,0.6,0.4,5,0.8,0.8,2.2,0.2,5,2.2,2.5,0.8,0.3,10,0.6,0.5,1.6,0.2,10,3.0,2.6,0.6,0.4,5,0.4,0.6,1.4,0.0,5
2020-12-27,2020-21,Wolverhampton Wanderers,Tottenham,1,1,D,1573.5,1628.3,-54.7,12,8,-4,14,14,2,2,0,4,1.2,1.0,1.8,0.0,5,1.0,0.8,1.0,0.4,5,1.4,1.0,1.2,0.2,10,1.8,1.3,0.9,0.5,10,1.6,1.2,0.8,0.2,5,1.6,0.8,0.6,0.6,5
2020-12-28,2020-21,Crystal Palace,Leicester City,1,1,D,1482.4,1575.8,-93.4,14,3,-11,15,15,3,2,0,5,1.0,1.4,2.6,0.0,5,2.0,1.8,1.0,0.4,5,1.1,1.3,2.0,0.0,10,1.9,1.6,1.1,0.4,10,1.0,1.2,2.4,0.0,5,2.4,1.8,1.0,0.4,5
2020-12-28,2020-21,Chelsea,Aston Villa,1,1,D,1626.5,1508.4,118.1,8,7,-1,15,13,2,0,0,2,1.2,1.6,1.4,0.2,5,2.0,1.6,0.4,0.8,5,1.7,1.7,0.8,0.5,10,1.6,1.6,1.1,0.6,10,2.2,2.6,1.0,0.4,5,2.4,1.8,0.4,0.8,5
2020-12-29,2020-21,West Bromwich Albion,Leeds United,0,5,A,1390.2,1509.9,-119.7,19,12,-7,15,15,0,0,0,0,0.4,0.8,2.4,0.0,5,1.2,2.0,2.6,0.2,5,0.6,0.6,1.7,0.1,10,1.3,1.6,2.1,0.4,10,0.8,0.4,1.8,0.4,5,1.2,1.6,2.6,0.4,5
2020-12-29,2020-21,Southampton,West Ham United,0,0,D,1551.5,1508.4,43.0,9,11,2,15,15,0,5,0,5,1.6,1.2,0.6,0.4,5,1.0,1.2,2.0,0.0,5,1.8,1.7,1.0,0.4,10,1.5,1.2,1.4,0.2,10,1.8,1.8,0.8,0.6,5,1.4,1.4,1.8,0.2,5
2020-12-29,2020-21,Manchester United,Wolverhampton Wanderers,1,0,H,1664.7,1572.2,92.4,4,12,8,14,15,0,1,3,4,2.2,2.8,1.4,0.2,5,0.8,0.8,1.8,0.0,5,2.1,2.1,1.1,0.3,10,1.2,1.0,1.3,0.1,10,1.6,1.4,0.6,0.6,5,1.2,0.8,1.6,0.2,5
2020-12-29,2020-21,Brighton and Hove Albion,Arsenal,0,1,A,1458.8,1555.9,-97.1,16,15,-1,15,15,3,0,2,5,0.6,0.8,1.6,0.2,5,0.8,1.0,1.4,0.0,5,0.9,0.9,1.3,0.2,10,0.8,0.7,1.3,0.2,10,0.8,0.8,1.0,0.2,5,0.8,0.4,1.0,0.4,5
2020-12-29,2020-21,Burnley,Sheffield United,1,0,H,1508.2,1431.5,76.7,17,20,3,14,15,0,1,1,2,1.6,0.8,0.6,0.4,5,0.2,0.8,2.0,0.0,5,1.2,0.5,1.2,0.4,10,0.1,0.6,1.9,0.0,10,1.4,0.8,1.2,0.2,5,0.2,0.6,2.2,0.0,5
2020-12-30,2020-21,Newcastle United,Liverpool,0,0,D,1492.1,1804.0,-312.0,15,1,-14,14,15,0,5,0,5,1.4,1.4,1.8,0.2,5,2.2,3.0,0.6,0.4,5,1.1,1.1,1.9,0.1,10,2.2,2.4,0.7,0.3,10,1.4,1.2,1.8,0.0,5,1.4,2.4,1.0,0.2,5
2021-01-01,2020-21,Everton,West Ham United,0,1,A,1577.8,1512.3,65.5,4,10,6,15,16,2,2,1,5,2.6,1.4,0.4,0.6,5,1.2,1.0,1.4,0.2,5,1.6,1.2,1.2,0.3,10,1.5,1.1,1.3,0.3,10,1.4,1.2,1.4,0.2,5,1.4,0.8,1.2,0.4,5
2021-01-01,2020-21,Manchester United,Aston Villa,2,1,H,1669.6,1514.0,155.6,2,5,3,15,14,1,0,1,2,2.2,2.4,1.2,0.4,5,2.2,1.6,0.2,0.8,5,2.3,2.2,1.1,0.3,10,1.4,1.6,1.2,0.5,10,2.0,1.6,0.6,0.6,5,2.0,1.8,0.6,0.6,5
2021-01-02,2020-21,Tottenham,Leeds United,3,0,H,1629.6,1519.4,110.2,7,11,4,15,16,0,0,0,0,1.0,1.0,1.2,0.2,5,1.8,2.8,2.0,0.4,5,1.8,1.1,0.7,0.5,10,1.3,1.8,2.1,0.4,10,2.0,1.8,1.2,0.4,5,1.2,2.0,2.6,0.4,5
2021-01-02,2020-21,Crystal Palace,Sheffield United,2,0,H,1482.2,1426.2,56.1,15,20,5,16,16,0,2,0,2,0.6,0.6,2.6,0.0,5,0.2,0.6,1.8,0.0,5,0.9,1.2,2.0,0.0,10,0.1,0.5,1.8,0.0,10,1.0,1.2,2.4,0.0,5,0.2,0.4,2.0,0.0,5
2021-01-02,2020-21,Brighton and Hove Albion,Wolverhampton Wanderers,3,3,D,1448.7,1567.3,-118.6,17,13,-4,16,16,1,0,3,4,0.6,0.6,1.4,0.2,5,0.8,0.8,1.2,0.0,5,0.8,0.8,1.3,0.2,10,1.1,0.9,1.3,0.1,10,0.6,0.6,1.0,0.2,5,0.6,0.6,1.8,0.0,5
2021-01-02,2020-21,West Bromwich Albion,Arsenal,0,4,A,1380.8,1566.0,-185.2,19,14,-5,16,16,1,2,1,4,0.4,0.6,2.4,0.0,5,1.4,1.2,1.0,0.2,5,0.5,0.5,2.1,0.1,10,1.1,0.8,1.2,0.3,10,0.6,0.4,2.8,0.2,5,1.4,0.6,0.8,0.6,5
2021-01-03,2020-21,Newcastle United,Leicester City,1,2,A,1497.5,1576.0,-78.5,15,4,-11,15,16,2,3,0,5,1.0,1.0,1.8,0.2,5,1.6,1.6,1.0,0.4,5,1.2,1.0,1.5,0.2,10,1.7,1.6,1.2,0.3,10,1.6,1.0,1.0,0.2,5,2.0,1.8,1.2,0.2,5
2021-01-03,2020-21,Chelsea,Manchester City,1,3,A,1620.9,1750.6,-129.6,6,8,2,16,14,2,3,0,5,0.8,1.2,1.4,0.2,5,2.2,1.2,0.2,0.8,5,1.7,1.8,0.9,0.4,10,1.9,1.4,0.5,0.6,10,2.2,2.2,0.6,0.4,5,1.6,0.6,0.6,0.6,5
2021-01-04,2020-21,Southampton,Liverpool,1,0,H,1547.6,1798.6,-251.0,9,1,-8,16,16,0,5,0,5,1.2,0.8,0.4,0.6,5,1.8,2.2,0.6,0.4,5,1.6,1.5,1.0,0.4,10,2.0,2.2,0.6,0.4,10,1.4,1.4,0.8,0.6,5,1.4,2.0,0.6,0.4,5
2021-01-12,2020-21,Burnley,Manchester United,0,1,A,1513.5,1673.4,-159.9,16,2,-14,15,16,1,3,1,5,2.0,0.8,0.4,0.6,5,2.6,2.8,1.4,0.2,5,1.5,0.6,1.1,0.5,10,2.6,2.4,1.1,0.3,10,2.0,1.0,1.0,0.4,5,2.6,2.8,1.6,0.0,5
2021-01-12,2020-21,Sheffield United,Newcastle United,1,0,H,1420.4,1486.9,-66.5,20,15,-5,17,16,0,2,0,2,0.2,0.6,1.6,0.0,5,0.4,0.8,2.0,0.2,5,0.1,0.5,1.9,0.0,10,1.1,1.0,1.6,0.2,10,0.0,0.6,1.6,0.0,5,0.8,1.0,2.0,0.2,5
2021-01-12,2020-21,Wolverhampton Wanderers,Everton,1,2,A,1566.7,1563.4,3.4,13,7,-6,17,16,2,1,1,4,1.0,1.4,1.6,0.0,5,2.4,1.2,0.4,0.6,5,0.9,1.0,1.6,0.0,10,1.6,1.2,1.1,0.3,10,1.6,1.2,0.8,0.2,5,2.0,1.6,1.0,0.4,5
2021-01-13,2020-21,Tottenham,Fulham,1,1,D,1634.1,1395.2,239.0,5,18,13,16,15,2,0,0,2,1.0,1.2,1.2,0.2,5,0.8,0.4,0.8,0.4,5,1.8,1.3,0.7,0.5,10,1.0,0.9,1.1,0.3,10,2.4,1.8,0.6,0.6,5,1.0,0.8,1.2,0.0,5
2021-01-13,2020-21,Manchester City,Brighton and Hove Albion,1,0,H,1759.7,1449.2,310.5,6,17,11,15,17,5,0,0,5,2.2,1.4,0.4,0.6,5,0.8,1.2,1.4,0.2,5,2.1,1.6,0.5,0.6,10,0.9,1.0,1.4,0.2,10,2.2,2.2,0.4,0.6,5,1.0,1.0,1.6,0.2,5
2021-01-14,2020-21,Arsenal,Crystal Palace,0,0,D,1573.6,1488.0,85.5,11,13,2,17,17,1,1,3,5,2.0,2.0,0.8,0.4,5,1.0,0.8,2.4,0.2,5,1.1,1.1,1.2,0.3,10,1.2,1.4,1.8,0.1,10,0.8,1.0,1.6,0.0,5,0.8,1.2,1.6,0.0,5
2021-01-16,2020-21,Wolverhampton Wanderers,West Bromwich Albion,2,3,A,1553.8,1373.2,180.7,14,19,5,18,17,0,0,0,0,0.4,1.2,1.8,0.0,5,0.4,0.4,2.8,0.0,5,0.9,1.1,1.7,0.0,10,0.5,0.5,2.3,0.1,10,1.0,1.0,1.2,0.0,5,0.4,0.6,1.4,0.0,5
2021-01-16,2020-21,Leeds United,Brighton and Hove Albion,0,1,A,1514.8,1447.5,67.2,12,17,5,17,18,0,0,0,0,1.8,2.6,2.2,0.4,5,0.6,1.2,1.6,0.0,5,1.3,1.7,2.0,0.4,10,0.8,1.0,1.5,0.1,10,1.4,1.6,1.6,0.4,5,1.0,0.8,1.4,0.2,5
2021-01-16,2020-21,West Ham United,Burnley,1,0,H,1526.8,1505.2,21.6,10,17,7,17,16,1,4,0,5,1.2,0.8,1.2,0.4,5,1.4,0.6,0.6,0.4,5,1.8,1.1,1.1,0.4,10,1.5,0.6,0.9,0.5,10,1.6,1.4,1.4,0.2,5,1.0,0.2,1.2,0.6,5
2021-01-16,2020-21,Fulham,Chelsea,0,1,A,1402.7,1611.8,-209.1,18,10,-8,16,17,0,2,0,2,1.0,0.6,0.6,0.4,5,0.8,1.4,1.8,0.2,5,1.1,0.9,1.0,0.3,10,1.4,1.6,1.2,0.3,10,1.2,1.0,0.8,0.6,5,1.2,1.4,1.2,0.4,5
2021-01-16,2020-21,Leicester City,Southampton,2,0,H,1586.6,1561.7,25.0,4,8,4,17,17,2,2,1,5,1.6,1.4,1.2,0.2,5,1.2,0.4,0.4,0.6,5,1.7,1.4,1.2,0.3,10,1.6,1.2,0.7,0.5,10,1.4,1.4,1.2,0.4,5,1.8,1.6,1.2,0.2,5
2021-01-17,2020-21,Sheffield United,Tottenham,1,3,A,1429.4,1626.6,-197.2,20,6,-14,18,17,1,0,1,2,0.8,0.4,1.0,0.2,5,1.0,1.2,1.2,0.2,5,0.4,0.5,1.5,0.1,10,1.6,1.2,0.7,0.5,10,0.6,0.8,1.4,0.2,5,1.2,0.8,0.8,0.4,5
2021-01-17,2020-21,Liverpool,Manchester United,0,0,D,1784.5,1681.7,102.8,3,1,-2,17,17,2,1,2,5,1.6,2.0,0.6,0.4,5,2.6,2.4,1.0,0.4,5,1.7,2.0,0.6,0.4,10,2.6,2.2,1.0,0.4,10,2.6,2.4,0.6,0.4,5,2.6,2.4,1.4,0.2,5
2021-01-17,2020-21,Manchester City,Crystal Palace,4,0,H,1761.4,1492.9,268.5,5,13,8,16,18,2,1,2,5,2.6,1.6,0.4,0.6,5,1.0,0.6,2.2,0.4,5,2.1,1.6,0.5,0.6,10,1.0,1.0,1.7,0.2,10,2.6,2.2,0.2,0.8,5,1.0,1.2,1.2,0.2,5
2021-01-18,2020-21,Arsenal,Newcastle United,3,0,H,1568.7,1477.8,90.8,11,15,4,18,17,4,1,0,5,2.0,1.8,0.6,0.6,5,0.4,0.4,1.2,0.2,5,1.2,1.1,0.9,0.4,10,0.8,0.8,1.6,0.2,10,1.0,1.0,1.0,0.2,5,0.6,0.8,2.0,0.2,5
2021-01-19,2020-21,West Ham United,West Bromwich Albion,2,1,H,1533.4,1389.9,143.5,9,19,10,18,18,1,1,2,4,1.6,0.8,1.0,0.6,5,0.8,0.8,3.0,0.0,5,1.8,1.1,1.1,0.4,10,0.8,0.8,2.4,0.1,10,1.6,1.4,1.4,0.2,5,1.0,1.2,1.4,0.0,5
2021-01-19,2020-21,Leicester City,Chelsea,2,0,H,1593.2,1618.7,-25.6,3,8,5,18,18,1,0,4,5,2.2,1.8,0.8,0.4,5,1.4,1.4,1.4,0.4,5,1.7,1.5,1.2,0.3,10,1.4,1.3,1.1,0.4,10,1.4,1.6,1.2,0.4,5,1.2,1.0,1.2,0.4,5
2021-01-20,2020-21,Fulham,Manchester United,1,2,A,1395.7,1686.9,-291.2,18,2,-16,17,18,0,2,0,2,0.8,0.4,0.6,0.4,5,2.2,1.2,0.6,0.6,5,0.8,0.7,1.1,0.2,10,2.4,2.1,1.0,0.4,10,0.6,0.6,1.0,0.4,5,2.2,1.8,1.0,0.4,5
2021-01-20,2020-21,Manchester City,Aston Villa,2,0,H,1763.6,1510.3,253.3,3,11,8,17,15,2,0,0,2,3.0,2.2,0.2,0.8,5,1.6,1.6,0.6,0.6,5,2.3,1.9,0.4,0.7,10,1.4,1.7,1.1,0.5,10,2.6,2.0,0.2,0.8,5,1.4,1.4,1.0,0.4,5
2021-01-21,2020-21,Liverpool,Burnley,0,1,A,1779.2,1498.6,280.6,4,17,13,18,17,4,0,1,5,1.2,1.6,0.4,0.6,5,1.2,0.6,0.8,0.2,5,1.7,1.9,0.5,0.5,10,1.4,0.6,1.0,0.4,10,2.2,2.0,0.4,0.6,5,0.8,0.2,1.4,0.4,5
2021-01-23,2020-21,Aston Villa,Newcastle United,2,0,H,1508.0,1472.8,35.1,11,15,4,16,18,1,0,1,2,1.4,1.6,1.0,0.4,5,0.2,0.2,1.6,0.2,5,1.4,1.4,0.9,0.5,10,0.8,0.8,1.7,0.2,10,0.8,1.4,1.8,0.4,5,0.6,0.8,2.2,0.2,5
2021-01-26,2020-21,Crystal Palace,West Ham United,2,3,A,1490.8,1537.4,-46.6,13,7,-6,19,19,2,1,2,5,1.0,0.6,1.6,0.4,5,2.2,1.2,0.6,0.6,5,1.0,1.0,2.0,0.2,10,1.8,1.2,1.2,0.3,10,1.0,0.8,2.2,0.2,5,2.0,0.8,0.8,0.6,5
2021-01-26,2020-21,Newcastle United,Leeds United,1,2,A,1466.5,1500.3,-33.8,16,12,-4,19,18,0,1,0,1,0.2,0.2,1.6,0.2,5,1.2,1.6,2.0,0.4,5,0.8,0.8,1.7,0.2,10,1.3,1.6,1.7,0.4,10,1.0,0.8,1.2,0.2,5,1.2,1.8,2.4,0.4,5
2021-01-26,2020-21,Southampton,Arsenal,1,3,A,1555.1,1573.7,-18.6,10,11,1,18,19,1,2,2,5,1.0,0.2,0.6,0.6,5,2.6,2.2,0.2,0.8,5,1.3,1.0,0.9,0.4,10,1.4,1.4,0.9,0.4,10,1.4,1.2,0.8,0.6,5,1.4,1.2,0.8,0.6,5
2021-01-26,2020-21,West Bromwich Albion,Manchester City,0,5,A,1385.9,1765.9,-380.0,19,2,-17,19,18,0,4,1,5,0.8,1.0,2.8,0.0,5,3.0,2.4,0.2,0.8,5,0.8,0.9,2.5,0.1,10,2.6,2.1,0.2,0.8,10,0.6,0.4,3.4,0.2,5,2.0,1.0,0.6,0.6,5
2021-01-27,2020-21,Burnley,Aston Villa,3,2,H,1516.6,1514.2,2.3,15,9,-6,18,17,0,1,2,3,1.2,0.4,0.6,0.4,5,1.4,1.4,1.0,0.4,5,1.4,0.6,1.0,0.4,10,1.4,1.3,0.9,0.5,10,2.0,1.0,0.6,0.4,5,1.4,1.2,1.0,0.4,5
2021-01-27,2020-21,Chelsea,Wolverhampton Wanderers,0,0,D,1610.8,1537.2,73.7,10,14,4,19,19,2,2,1,5,0.8,0.8,1.8,0.2,5,0.4,1.4,2.0,0.0,5,1.1,1.1,1.3,0.3,10,0.8,1.2,1.9,0.0,10,1.6,1.6,1.0,0.4,5,0.8,1.2,2.2,0.0,5
2021-01-27,2020-21,Brighton and Hove Albion,Fulham,0,0,D,1462.0,1390.7,71.3,17,18,1,19,18,0,1,2,3,1.0,1.2,1.4,0.2,5,0.6,0.6,1.0,0.2,5,0.8,0.9,1.4,0.2,10,0.8,0.8,1.2,0.2,10,0.6,1.2,1.6,0.0,5,1.0,0.8,1.2,0.0,5
2021-01-27,2020-21,Everton,Leicester City,1,1,D,1576.3,1601.0,-24.8,7,3,-4,17,19,3,2,0,5,2.4,1.4,0.6,0.4,5,2.2,1.8,0.8,0.4,5,1.9,1.3,1.0,0.3,10,2.0,1.7,0.9,0.4,10,1.2,0.8,1.2,0.2,5,2.0,1.4,1.2,0.2,5
2021-01-27,2020-21,Manchester United,Sheffield United,1,2,A,1691.9,1422.1,269.8,2,20,18,19,19,2,0,1,3,2.6,1.2,0.4,0.6,5,0.6,0.4,1.4,0.2,5,2.4,2.0,0.9,0.4,10,0.4,0.6,1.7,0.1,10,2.6,2.0,0.6,0.6,5,0.2,0.2,1.6,0.0,5
2021-01-28,2020-21,Tottenham,Liverpool,1,3,A,1633.9,1761.2,-127.3,6,5,-1,18,19,0,5,0,5,1.6,1.6,1.0,0.2,5,0.6,0.2,0.6,0.4,5,1.6,1.4,0.8,0.4,10,1.4,1.6,0.6,0.4,10,2.0,1.6,0.6,0.6,5,1.2,1.8,0.6,0.4,5
2021-01-30,2020-21,Southampton,Aston Villa,0,1,A,1542.8,1507.1,35.7,11,10,-1,19,18,3,0,0,3,1.0,0.4,1.0,0.6,5,0.8,1.2,1.6,0.2,5,1.2,1.0,1.1,0.4,10,1.4,1.4,1.0,0.5,10,1.4,1.0,0.8,0.6,5,0.8,1.4,1.6,0.2,5
2021-01-30,2020-21,Arsenal,Manchester United,0,0,D,1586.0,1674.0,-88.1,10,2,-8,20,20,3,0,2,5,2.6,2.2,0.2,0.8,5,2.0,1.2,0.8,0.4,5,1.7,1.6,0.8,0.4,10,2.1,1.8,1.0,0.4,10,1.6,1.4,0.6,0.4,5,2.2,1.6,1.0,0.4,5
2021-01-30,2020-21,West Bromwich Albion,Fulham,2,2,D,1382.6,1395.3,-12.7,19,18,-1,20,19,0,1,0,1,0.6,0.8,3.6,0.0,5,0.6,0.4,0.8,0.4,5,0.5,0.8,3.0,0.0,10,0.9,0.6,0.9,0.3,10,0.0,0.2,4.4,0.0,5,1.2,0.8,1.0,0.2,5
2021-01-30,2020-21,Manchester City,Sheffield United,1,0,H,1769.2,1440.0,329.2,1,20,19,19,20,3,0,0,3,3.0,3.0,0.2,0.8,5,1.2,0.8,1.4,0.2,5,2.6,2.1,0.2,0.8,10,0.7,0.8,1.7,0.1,10,2.6,2.0,0.2,0.8,5,0.8,0.6,1.6,0.0,5
2021-01-30,2020-21,Crystal Palace,Wolverhampton Wanderers,1,0,H,1479.2,1541.8,-62.6,14,13,-1,20,20,1,3,1,5,1.0,1.0,1.6,0.4,5,0.4,1.2,1.8,0.2,5,1.0,1.2,2.1,0.2,10,0.6,1.0,1.8,0.1,10,1.0,1.2,2.4,0.2,5,0.4,0.8,2.0,0.2,5
2021-01-30,2020-21,Everton,Newcastle United,0,2,A,1574.1,1454.7,119.5,7,16,9,18,20,1,2,2,5,2.0,1.2,0.8,0.2,5,0.0,0.4,2.0,0.0,5,2.0,1.3,0.8,0.3,10,0.5,0.7,1.9,0.1,10,1.4,0.8,0.8,0.2,5,0.0,0.4,2.6,0.0,5
2021-01-31,2020-21,Chelsea,Burnley,2,0,H,1606.2,1523.7,82.5,10,15,5,20,19,4,0,1,5,1.0,0.6,1.2,0.4,5,1.8,1.0,0.8,0.4,5,1.1,1.1,1.3,0.3,10,1.7,0.9,0.7,0.4,10,1.6,1.6,1.0,0.4,5,1.4,0.4,0.4,0.6,5
2021-01-31,2020-21,Leicester City,Leeds United,1,3,A,1603.2,1512.2,91.0,3,12,9,20,19,1,0,0,1,2.2,1.6,0.6,0.4,5,1.8,1.6,1.0,0.4,5,2.1,1.7,0.8,0.4,10,1.5,1.8,1.8,0.3,10,2.0,1.8,0.8,0.6,5,1.2,2.0,2.6,0.2,5
2021-01-31,2020-21,West Ham United,Liverpool,1,3,A,1548.9,1770.5,-221.6,5,4,-1,20,20,0,4,1,5,2.6,1.4,0.6,0.6,5,1.0,0.6,0.6,0.4,5,1.8,1.3,1.3,0.3,10,1.6,1.8,0.6,0.4,10,1.6,1.4,1.4,0.2,5,1.6,2.2,0.6,0.4,5
2021-01-31,2020-21,Brighton and Hove Albion,Tottenham,1,0,H,1457.4,1624.7,-167.3,17,6,-11,20,19,1,4,0,5,1.0,0.8,1.0,0.4,5,1.6,1.8,1.2,0.2,5,0.8,0.8,1.3,0.3,10,1.3,1.3,1.1,0.3,10,0.6,1.0,1.4,0.2,5,1.2,1.2,1.0,0.2,5
2021-02-02,2020-21,Sheffield United,West Bromwich Albion,2,1,H,1438.5,1380.1,58.3,20,19,-1,21,21,0,1,0,1,1.2,0.8,1.4,0.2,5,0.8,1.2,3.0,0.0,5,0.7,0.7,1.6,0.1,10,0.6,0.9,2.7,0.0,10,0.6,1.0,1.8,0.2,5,1.0,1.4,1.6,0.0,5
2021-02-02,2020-21,Wolverhampton Wanderers,Arsenal,2,1,H,1532.9,1585.6,-52.8,14,10,-4,21,21,2,1,2,5,0.4,1.2,1.8,0.2,5,2.2,2.0,0.2,0.8,5,0.6,1.0,1.5,0.1,10,1.8,1.6,0.6,0.5,10,0.8,1.2,1.6,0.0,5,1.8,1.8,1.0,0.4,5
2021-02-02,2020-21,Manchester United,Southampton,9,0,H,1674.4,1529.1,145.3,2,11,9,21,20,2,0,3,5,1.6,0.8,0.6,0.6,5,0.8,0.4,1.2,0.4,5,2.1,1.8,1.0,0.4,10,1.2,0.8,0.9,0.4,10,2.0,2.0,1.0,0.4,5,1.2,0.8,1.0,0.2,5
2021-02-02,2020-21,Newcastle United,Crystal Palace,1,2,A,1470.3,1488.2,-17.9,15,14,-1,21,21,2,2,1,5,0.6,0.6,1.6,0.2,5,1.4,1.0,1.4,0.6,5,0.5,0.7,1.8,0.2,10,1.0,0.8,2.0,0.3,10,1.0,1.0,1.2,0.2,5,1.0,1.2,1.8,0.2,5
2021-02-03,2020-21,Liverpool,Brighton and Hove Albion,0,1,A,1777.1,1469.3,307.7,3,17,14,21,21,4,0,1,5,1.4,1.2,0.8,0.2,5,1.6,1.0,0.8,0.6,5,1.6,1.7,0.7,0.3,10,1.1,0.8,1.1,0.4,10,1.6,1.4,0.6,0.4,5,1.0,0.6,1.2,0.4,5
2021-02-03,2020-21,Leeds United,Everton,1,2,A,1527.2,1558.5,-31.4,11,8,-3,20,19,1,0,0,1,1.8,2.0,1.2,0.2,5,1.4,0.8,1.0,0.2,5,1.5,2.0,1.9,0.2,10,1.7,1.0,0.8,0.3,10,1.4,1.4,1.0,0.4,5,2.6,1.8,0.8,0.4,5
2021-02-03,2020-21,Aston Villa,West Ham United,1,3,A,1520.8,1542.2,-21.4,9,6,-3,19,21,0,1,2,3,1.2,1.2,1.4,0.4,5,2.4,1.6,1.2,0.4,5,1.7,1.4,0.8,0.6,10,1.8,1.3,1.3,0.3,10,1.4,1.8,1.2,0.6,5,2.0,1.2,1.2,0.4,5
2021-02-03,2020-21,Burnley,Manchester City,0,2,A,1518.5,1770.8,-252.2,16,1,-15,20,20,0,5,0,5,1.2,0.8,1.2,0.2,5,3.0,2.6,0.0,1.0,5,1.6,0.8,0.8,0.4,10,2.6,2.0,0.2,0.8,10,2.0,1.4,1.0,0.2,5,2.0,1.8,0.6,0.6,5
2021-02-03,2020-21,Fulham,Leicester City,0,2,A,1397.7,1588.2,-190.4,18,4,-14,20,21,1,1,1,3,0.6,0.8,1.2,0.2,5,2.0,1.6,1.0,0.4,5,0.7,0.6,1.0,0.3,10,1.8,1.6,1.0,0.4,10,0.6,0.4,0.8,0.4,5,2.2,1.6,0.8,0.2,5
2021-02-04,2020-21,Tottenham,Chelsea,0,1,A,1612.8,1611.4,1.4,7,8,1,20,21,1,3,1,5,1.4,1.6,1.2,0.2,5,1.4,0.8,1.0,0.6,5,1.2,1.3,1.2,0.2,10,1.1,1.0,1.2,0.4,10,1.4,1.4,1.2,0.4,5,0.6,0.6,1.6,0.2,5
2021-02-06,2020-21,Aston Villa,Arsenal,1,0,H,1508.6,1577.0,-68.4,9,10,1,20,22,2,1,0,3,1.2,1.2,1.6,0.4,5,1.6,1.4,0.6,0.6,5,1.4,1.4,1.1,0.5,10,1.8,1.7,0.7,0.5,10,1.4,1.4,1.0,0.6,5,1.8,2.0,1.0,0.4,5
2021-02-06,2020-21,Burnley,Brighton and Hove Albion,1,1,D,1512.6,1487.6,25.0,17,15,-2,21,22,2,1,2,5,1.2,0.8,1.4,0.2,5,2.0,0.6,0.2,0.8,5,1.3,0.7,1.0,0.3,10,1.4,0.9,0.8,0.5,10,1.8,1.2,1.2,0.2,5,1.6,0.8,0.6,0.6,5
2021-02-06,2020-21,Newcastle United,Southampton,3,2,H,1457.9,1525.2,-67.2,17,12,-5,22,21,3,1,1,5,0.6,0.8,1.8,0.2,5,0.6,0.4,3.0,0.2,5,0.5,0.6,1.5,0.2,10,0.9,0.6,1.7,0.4,10,0.4,0.8,1.4,0.2,5,1.0,0.6,2.6,0.2,5
2021-02-06,2020-21,Fulham,West Ham United,0,0,D,1390.3,1554.5,-164.2,18,5,-13,21,22,0,3,0,3,0.4,0.6,1.4,0.2,5,2.4,2.0,1.4,0.2,5,0.7,0.6,1.0,0.3,10,1.8,1.4,1.3,0.3,10,0.4,0.2,1.0,0.4,5,2.0,1.4,1.2,0.4,5
2021-02-06,2020-21,Manchester United,Everton,3,3,D,1678.3,1570.5,107.8,2,7,5,22,20,2,1,2,5,1.6,2.4,0.6,0.6,5,1.4,1.0,1.2,0.0,5,2.1,2.4,0.8,0.5,10,2.0,1.2,0.8,0.3,10,2.4,3.8,1.0,0.4,5,2.6,1.6,0.6,0.4,5
2021-02-07,2020-21,Tottenham,West Bromwich Albion,2,0,H,1599.9,1374.4,225.5,9,19,10,21,22,2,1,2,5,0.8,1.0,1.4,0.0,5,0.8,1.4,2.6,0.0,5,0.9,1.1,1.3,0.1,10,0.6,0.9,2.7,0.0,10,0.8,1.0,1.4,0.2,5,1.0,1.4,1.6,0.0,5
2021-02-07,2020-21,Wolverhampton Wanderers,Leicester City,0,0,D,1541.5,1595.6,-54.1,14,3,-11,22,22,1,2,2,5,0.8,1.0,1.4,0.2,5,2.0,1.6,0.8,0.6,5,0.9,1.2,1.5,0.1,10,1.8,1.5,1.0,0.4,10,1.4,1.6,1.6,0.0,5,2.2,1.6,0.6,0.4,5
2021-02-07,2020-21,Liverpool,Manchester City,1,4,A,1758.8,1776.6,-17.8,4,1,-3,22,21,1,2,2,5,1.4,1.2,0.8,0.2,5,3.0,2.8,0.0,1.0,5,1.5,1.6,0.7,0.3,10,2.8,2.2,0.2,0.8,10,1.0,0.6,0.8,0.2,5,2.6,2.2,0.2,0.8,5
2021-02-07,2020-21,Sheffield United,Chelsea,1,2,A,1444.2,1624.2,-180.1,20,8,-12,22,22,1,1,1,3,1.8,1.2,1.2,0.2,5,2.0,0.8,0.4,0.8,5,1.0,0.9,1.4,0.1,10,1.4,1.1,1.1,0.5,10,1.2,1.2,1.6,0.2,5,1.2,0.8,1.4,0.4,5
2021-02-08,2020-21,Leeds United,Crystal Palace,2,0,H,1515.2,1500.5,14.8,11,13,2,21,22,0,1,0,1,1.2,1.2,1.6,0.0,5,1.4,1.0,1.6,0.4,5,1.5,2.0,1.8,0.2,10,1.2,0.9,2.0,0.3,10,1.2,1.6,1.4,0.2,5,1.0,0.6,1.8,0.2,5
2021-02-13,2020-21,Brighton and Hove Albion,Aston Villa,0,0,D,1491.1,1517.7,-26.6,15,9,-6,23,21,1,1,1,3,2.2,0.8,0.2,0.8,5,1.8,1.4,1.2,0.6,5,1.4,1.0,0.9,0.4,10,1.6,1.5,1.1,0.5,10,1.2,1.0,1.0,0.4,5,0.8,1.0,1.6,0.2,5
2021-02-13,2020-21,Manchester City,Tottenham,3,0,H,1789.0,1602.6,186.4,1,8,7,22,22,2,2,1,5,3.0,2.8,0.2,0.8,5,1.2,1.2,1.2,0.2,5,3.0,2.5,0.2,0.8,10,1.1,1.2,1.2,0.2,10,3.0,2.0,0.0,1.0,5,1.0,1.2,1.2,0.0,5
2021-02-13,2020-21,Leicester City,Liverpool,3,1,H,1596.9,1746.5,-149.6,3,4,1,23,23,0,4,1,5,1.6,1.2,0.8,0.6,5,1.2,1.4,1.6,0.0,5,1.9,1.5,0.8,0.5,10,1.2,1.5,1.0,0.3,10,1.4,1.4,1.4,0.4,5,2.0,2.6,0.6,0.4,5
2021-02-13,2020-21,Crystal Palace,Burnley,0,3,A,1493.7,1509.2,-15.5,13,17,4,23,22,3,2,0,5,1.2,1.0,2.0,0.2,5,1.4,1.0,1.4,0.2,5,1.1,0.8,2.1,0.3,10,1.3,0.8,1.1,0.2,10,1.4,1.2,2.2,0.4,5,0.8,0.2,0.8,0.4,5
2021-02-14,2020-21,Southampton,Wolverhampton Wanderers,1,2,A,1516.1,1540.2,-24.1,12,14,2,22,23,1,2,2,5,0.0,0.6,3.6,0.0,5,1.0,0.8,1.0,0.4,5,0.6,0.5,2.0,0.3,10,0.7,1.0,1.4,0.2,10,0.8,0.4,1.0,0.4,5,0.4,0.8,1.4,0.2,5
2021-02-14,2020-21,West Bromwich Albion,Manchester United,1,1,D,1371.7,1672.9,-301.2,19,3,-16,23,23,1,3,1,5,0.2,0.8,2.6,0.0,5,1.6,3.0,1.2,0.4,5,0.5,0.8,2.8,0.0,10,1.9,2.1,0.9,0.5,10,0.2,0.4,3.8,0.0,5,1.8,1.0,0.6,0.6,5
2021-02-14,2020-21,Arsenal,Leeds United,4,2,H,1567.9,1522.0,45.8,11,10,-1,23,22,0,0,1,1,1.4,1.4,0.8,0.4,5,1.8,1.6,1.0,0.2,5,1.7,1.6,0.7,0.5,10,1.8,2.1,1.6,0.3,10,1.8,1.4,0.4,0.6,5,1.8,2.4,2.2,0.2,5
2021-02-14,2020-21,Everton,Fulham,0,2,A,1575.8,1392.1,183.7,7,18,11,21,22,2,1,0,3,1.6,1.6,1.6,0.0,5,0.6,0.6,1.2,0.4,5,2.0,1.4,1.0,0.3,10,0.7,0.5,0.9,0.4,10,1.4,0.8,1.0,0.2,5,0.8,0.8,1.2,0.2,5
2021-02-15,2020-21,West Ham United,Sheffield United,3,0,H,1552.6,1436.5,116.2,6,20,14,23,23,1,1,1,3,2.0,1.8,1.4,0.2,5,1.2,1.2,1.6,0.0,5,1.8,1.3,1.2,0.4,10,1.0,0.8,1.3,0.1,10,1.6,1.4,1.4,0.2,5,0.8,0.6,1.2,0.0,5
2021-02-15,2020-21,Chelsea,Newcastle United,2,0,H,1632.0,1467.0,165.0,6,17,11,23,23,4,1,0,5,2.0,1.0,0.6,0.6,5,1.2,1.4,1.6,0.2,5,1.7,1.2,1.0,0.5,10,0.7,0.8,1.6,0.2,10,1.6,1.4,0.8,0.6,5,0.6,0.4,1.6,0.2,5
2021-02-17,2020-21,Burnley,Fulham,1,1,D,1521.6,1408.8,112.7,16,18,2,23,23,1,1,0,2,1.4,1.4,1.4,0.2,5,1.2,0.8,0.8,0.6,5,1.3,0.9,1.0,0.3,10,0.9,0.7,0.9,0.4,10,1.4,1.0,1.2,0.2,5,1.4,1.2,0.8,0.4,5
2021-02-17,2020-21,Everton,Manchester City,1,3,A,1559.1,1792.2,-233.1,7,1,-6,22,23,0,5,0,5,1.0,1.2,1.8,0.0,5,3.0,3.0,0.2,0.8,5,1.7,1.3,1.2,0.2,10,3.0,2.7,0.2,0.8,10,0.8,0.6,1.4,0.0,5,3.0,3.0,0.4,0.6,5
2021-02-19,2020-21,Wolverhampton Wanderers,Leeds United,1,0,H,1552.3,1516.0,36.3,12,11,-1,24,23,1,0,0,1,1.6,0.8,0.6,0.4,5,1.8,2.0,1.6,0.2,5,1.0,1.1,1.3,0.2,10,1.5,1.8,1.8,0.3,10,1.0,1.2,1.4,0.2,5,1.8,2.4,1.8,0.2,5
2021-02-20,2020-21,Liverpool,Everton,0,2,A,1735.1,1552.8,182.3,6,7,1,24,23,2,0,3,5,1.2,1.6,2.0,0.0,5,0.8,1.2,2.2,0.0,5,0.9,0.9,1.3,0.2,10,1.4,1.2,1.5,0.1,10,0.4,0.4,1.4,0.2,5,2.6,2.0,1.0,0.4,5
2021-02-20,2020-21,Fulham,Sheffield United,1,0,H,1414.3,1432.0,-17.7,18,20,2,24,24,0,0,1,1,1.2,1.0,1.0,0.4,5,1.2,1.0,1.6,0.0,5,0.9,0.7,0.9,0.4,10,0.9,0.7,1.5,0.1,10,0.4,0.2,1.0,0.4,5,0.6,0.4,1.6,0.0,5
2021-02-20,2020-21,Southampton,Chelsea,1,1,D,1504.0,1635.6,-131.6,13,4,-9,23,24,1,2,2,5,0.0,0.8,3.6,0.0,5,2.6,1.4,0.2,0.8,5,0.5,0.5,2.1,0.3,10,1.7,1.1,1.0,0.5,10,0.8,0.6,1.2,0.4,5,1.8,1.0,1.2,0.4,5
2021-02-20,2020-21,Burnley,West Bromwich Albion,0,0,D,1516.1,1377.0,139.2,15,19,4,24,24,1,2,2,5,1.0,1.0,1.2,0.2,5,0.4,0.8,2.4,0.0,5,1.4,1.0,1.0,0.3,10,0.6,0.9,2.6,0.0,10,1.0,1.0,1.4,0.0,5,0.8,1.2,1.8,0.0,5
2021-02-21,2020-21,West Ham United,Tottenham,2,1,H,1557.1,1599.4,-42.3,5,9,4,24,23,1,3,1,5,2.0,2.0,1.2,0.4,5,0.6,0.6,1.6,0.2,5,2.1,1.6,0.9,0.5,10,1.1,1.1,1.3,0.2,10,2.0,1.8,1.2,0.4,5,0.8,1.0,1.6,0.0,5
2021-02-21,2020-21,Aston Villa,Leicester City,1,2,A,1519.8,1608.4,-88.6,8,3,-5,22,24,1,2,0,3,1.4,1.0,1.2,0.6,5,1.6,1.4,1.0,0.4,5,1.4,1.2,1.1,0.5,10,1.9,1.6,0.9,0.4,10,2.0,1.4,0.6,0.8,5,1.8,1.2,0.6,0.4,5
2021-02-21,2020-21,Arsenal,Manchester City,0,1,A,1573.9,1798.5,-224.6,10,1,-9,24,24,0,5,0,5,1.4,1.6,1.2,0.2,5,3.0,2.6,0.4,0.6,5,2.0,1.9,0.7,0.5,10,3.0,2.8,0.3,0.7,10,2.2,2.0,0.6,0.6,5,3.0,3.4,0.6,0.4,5
2021-02-21,2020-21,Manchester United,Newcastle United,3,1,H,1667.7,1463.4,204.3,3,17,14,24,24,4,1,0,5,1.2,2.8,1.2,0.4,5,1.2,1.4,1.6,0.2,5,1.9,2.0,0.8,0.5,10,0.7,0.8,1.6,0.2,10,2.0,3.2,1.2,0.4,5,0.6,0.4,1.6,0.2,5
2021-02-22,2020-21,Brighton and Hove Albion,Crystal Palace,1,2,A,1489.0,1481.3,7.7,16,14,-2,24,24,2,1,2,5,1.8,0.6,0.2,0.8,5,1.2,1.0,1.8,0.2,5,1.4,0.9,0.8,0.5,10,1.1,0.8,1.7,0.3,10,1.2,0.8,0.8,0.6,5,0.8,0.4,2.0,0.2,5
2021-02-23,2020-21,Leeds United,Southampton,3,0,H,1509.7,1504.9,4.9,12,14,2,24,24,0,0,0,0,1.2,1.6,1.6,0.2,5,0.2,0.8,3.2,0.0,5,1.5,1.6,1.3,0.3,10,0.6,0.6,2.1,0.3,10,1.8,1.8,1.0,0.4,5,0.4,0.6,3.0,0.2,5
2021-02-27,2020-21,Leeds United,Aston Villa,0,1,A,1516.8,1509.4,7.4,10,8,-2,25,23,1,0,0,1,1.2,1.6,1.4,0.4,5,1.4,0.8,1.0,0.6,5,1.5,1.8,1.3,0.3,10,1.1,1.0,1.3,0.4,10,1.8,1.4,0.6,0.6,5,0.8,0.8,1.4,0.4,5
2021-02-27,2020-21,Newcastle United,Wolverhampton Wanderers,1,1,D,1460.5,1558.6,-98.2,17,12,-5,25,25,0,1,4,5,1.2,1.4,1.8,0.2,5,2.0,1.0,0.6,0.4,5,0.6,0.9,1.9,0.1,10,1.2,1.1,1.2,0.3,10,0.8,1.2,1.6,0.2,5,1.0,1.0,1.2,0.2,5
2021-02-27,2020-21,Manchester City,West Ham United,2,1,H,1805.1,1565.5,239.6,1,4,3,25,25,4,0,1,5,3.0,2.6,0.4,0.6,5,2.0,1.8,1.0,0.4,5,3.0,2.6,0.2,0.8,10,2.3,1.6,0.8,0.5,10,3.0,2.2,0.0,1.0,5,2.2,1.4,0.6,0.6,5
2021-02-27,2020-21,West Bromwich Albion,Brighton and Hove Albion,1,0,H,1382.9,1476.0,-93.0,19,16,-3,25,25,1,1,1,3,0.6,0.8,1.4,0.2,5,1.6,0.8,0.6,0.6,5,0.6,0.8,2.5,0.1,10,1.3,0.8,0.8,0.5,10,0.4,0.6,3.4,0.0,5,1.6,1.0,0.8,0.4,5
2021-02-28,2020-21,Tottenham,Burnley,4,0,H,1591.0,1510.2,80.9,9,15,6,24,25,3,1,1,5,0.6,0.6,1.4,0.2,5,1.2,1.0,0.8,0.4,5,1.1,1.2,1.3,0.2,10,1.2,0.9,1.0,0.3,10,1.4,1.4,1.0,0.4,5,1.2,0.8,0.8,0.4,5
2021-02-28,2020-21,Chelsea,Manchester United,0,0,D,1634.7,1670.7,-36.0,5,2,-3,25,25,0,2,3,5,2.6,1.6,0.4,0.6,5,1.8,3.2,1.0,0.4,5,1.8,1.1,0.8,0.5,10,1.9,2.2,0.9,0.4,10,1.6,1.2,0.8,0.6,5,1.8,0.8,0.4,0.6,5
2021-02-28,2020-21,Crystal Palace,Fulham,0,0,D,1494.3,1422.0,72.3,13,18,5,25,25,3,0,0,3,1.8,1.0,1.4,0.2,5,1.6,0.8,0.6,0.6,5,1.4,1.0,1.5,0.3,10,1.1,0.8,0.9,0.4,10,1.4,1.2,1.4,0.4,5,1.4,1.2,0.8,0.4,5
2021-02-28,2020-21,Leicester City,Arsenal,1,3,A,1618.7,1567.4,51.3,3,11,8,25,25,3,1,1,5,2.0,1.6,1.0,0.4,5,0.8,1.0,1.2,0.2,5,2.1,1.6,0.8,0.4,10,1.7,1.6,0.7,0.5,10,2.0,2.0,1.2,0.4,5,1.8,1.8,0.8,0.4,5
2021-02-28,2020-21,Sheffield United,Liverpool,0,2,A,1424.3,1718.4,-294.1,20,6,-14,25,25,0,3,0,3,0.6,0.6,1.6,0.0,5,0.6,1.0,2.2,0.0,5,0.9,0.7,1.5,0.1,10,0.8,0.8,1.4,0.2,10,1.2,1.0,1.4,0.2,5,1.4,1.4,1.2,0.2,5
2021-03-01,2020-21,Everton,Southampton,1,0,H,1569.5,1497.8,71.7,7,14,7,24,25,2,2,1,5,1.4,1.6,1.8,0.2,5,0.2,0.8,3.6,0.0,5,1.4,1.2,1.4,0.2,10,0.5,0.6,2.4,0.2,10,0.2,0.4,1.8,0.0,5,0.2,0.4,3.4,0.2,5
2021-03-02,2020-21,Manchester City,Wolverhampton Wanderers,4,1,H,1807.6,1558.7,248.9,1,12,11,26,26,2,2,1,5,3.0,2.6,0.6,0.4,5,2.2,1.2,0.6,0.4,5,3.0,2.7,0.3,0.7,10,1.3,1.2,1.2,0.3,10,3.0,2.4,0.2,0.8,5,1.2,1.2,1.2,0.2,5
2021-03-03,2020-21,Burnley,Leicester City,1,1,D,1504.9,1604.6,-99.7,15,3,-12,26,26,1,3,1,5,1.2,1.0,1.2,0.4,5,2.0,1.6,1.0,0.4,5,1.2,0.9,1.3,0.3,10,2.0,1.6,1.0,0.4,10,1.2,1.0,1.2,0.2,5,2.2,1.4,0.6,0.4,5
2021-03-03,2020-21,Sheffield United,Aston Villa,1,0,H,1419.4,1522.4,-103.1,20,9,-11,26,24,1,1,1,3,0.6,0.6,1.8,0.0,5,1.4,0.8,1.0,0.6,5,0.9,0.7,1.6,0.1,10,1.3,1.0,1.2,0.5,10,1.2,1.0,1.6,0.2,5,1.4,0.8,1.0,0.6,5
2021-03-03,2020-21,Crystal Palace,Manchester United,0,0,D,1489.7,1672.5,-182.8,13,2,-11,26,26,2,2,1,5,1.4,0.8,1.4,0.2,5,1.8,3.2,1.0,0.4,5,1.4,0.9,1.4,0.4,10,1.7,2.0,0.8,0.5,10,1.4,1.0,1.2,0.6,5,1.4,0.6,0.4,0.6,5
2021-03-04,2020-21,Fulham,Tottenham,0,1,A,1426.6,1596.2,-169.7,18,8,-10,26,25,0,2,1,3,1.8,0.8,0.2,0.8,5,1.2,1.4,1.2,0.4,5,1.1,0.7,0.8,0.5,10,1.3,1.5,1.2,0.3,10,0.8,0.4,1.0,0.4,5,0.8,1.0,1.6,0.0,5
2021-03-04,2020-21,West Bromwich Albion,Everton,0,1,A,1392.7,1574.9,-182.2,19,7,-12,26,25,0,3,2,5,1.0,0.6,1.0,0.4,5,1.4,1.4,1.6,0.4,5,0.9,0.9,2.0,0.2,10,1.4,1.2,1.4,0.2,10,1.0,0.8,2.4,0.2,5,2.6,2.0,1.0,0.4,5
2021-03-04,2020-21,Liverpool,Chelsea,0,1,A,1723.3,1632.8,90.5,7,6,-1,26,26,4,0,1,5,0.6,0.8,2.0,0.2,5,2.2,1.2,0.4,0.6,5,1.0,1.0,1.4,0.2,10,1.8,1.0,0.7,0.6,10,0.2,0.2,1.6,0.2,5,2.0,1.0,0.8,0.4,5
2021-03-06,2020-21,Burnley,Arsenal,1,1,D,1504.9,1581.5,-76.5,15,10,-5,27,26,1,3,1,5,1.2,1.0,1.2,0.4,5,1.2,1.6,1.4,0.0,5,1.3,1.0,1.3,0.3,10,1.7,1.8,0.8,0.4,10,0.8,0.6,1.0,0.2,5,1.8,2.2,1.0,0.2,5
2021-03-06,2020-21,Sheffield United,Southampton,0,2,A,1429.5,1492.4,-62.9,20,14,-6,27,26,0,3,0,3,0.6,0.4,1.6,0.2,5,0.2,0.8,2.0,0.0,5,1.2,0.8,1.4,0.2,10,0.4,0.6,2.5,0.1,10,1.2,1.0,1.6,0.2,5,0.0,0.4,3.6,0.0,5
2021-03-06,2020-21,Aston Villa,Wolverhampton Wanderers,0,0,D,1512.4,1556.3,-43.9,9,12,3,25,27,1,2,0,3,1.4,0.6,0.6,0.6,5,1.6,1.0,1.2,0.4,5,1.3,0.9,1.1,0.5,10,1.2,1.0,1.3,0.3,10,1.8,1.6,1.0,0.6,5,1.0,0.8,1.4,0.2,5
2021-03-06,2020-21,Brighton and Hove Albion,Leicester City,1,2,A,1466.2,1604.6,-138.4,16,3,-13,26,27,0,3,2,5,1.0,0.6,0.8,0.4,5,1.6,1.4,1.2,0.2,5,1.3,0.8,0.8,0.5,10,1.8,1.5,1.0,0.4,10,1.2,1.0,1.0,0.6,5,1.8,1.2,0.6,0.4,5
2021-03-07,2020-21,Tottenham,Crystal Palace,4,1,H,1604.3,1492.0,112.2,8,13,5,26,27,3,0,2,5,1.8,1.6,1.0,0.6,5,1.0,0.4,1.2,0.4,5,1.3,1.3,1.2,0.3,10,1.2,0.7,1.4,0.4,10,1.4,1.6,1.0,0.4,5,1.4,0.8,1.6,0.2,5
2021-03-07,2020-21,Manchester City,Manchester United,0,2,A,1809.9,1670.2,139.8,1,3,2,27,27,2,2,1,5,3.0,2.6,0.6,0.4,5,1.4,1.4,1.0,0.4,5,3.0,2.7,0.4,0.6,10,1.5,1.9,0.8,0.5,10,3.0,2.4,0.4,0.6,5,1.4,0.6,0.4,0.6,5
2021-03-07,2020-21,West Bromwich Albion,Newcastle United,0,0,D,1385.1,1460.4,-75.4,19,17,-2,27,26,1,1,1,3,1.0,0.4,0.8,0.4,5,0.8,1.2,2.0,0.0,5,0.9,0.9,1.7,0.2,10,0.7,0.9,1.8,0.1,10,1.0,0.8,1.8,0.2,5,0.6,0.6,2.0,0.2,5
2021-03-07,2020-21,Liverpool,Fulham,0,1,A,1708.3,1418.5,289.8,8,18,10,27,27,2,0,1,3,0.6,0.8,2.0,0.2,5,1.6,0.8,0.4,0.6,5,1.0,1.0,1.4,0.2,10,1.1,0.7,0.8,0.5,10,0.0,0.2,1.8,0.0,5,1.4,1.0,0.6,0.6,5
2021-03-08,2020-21,Chelsea,Everton,2,0,H,1647.8,1582.6,65.2,4,5,1,27,26,1,3,1,5,2.2,1.2,0.4,0.6,5,1.8,1.0,1.0,0.6,5,2.1,1.0,0.4,0.7,10,1.7,1.3,1.3,0.3,10,1.6,1.0,0.6,0.8,5,2.6,2.0,1.0,0.4,5
2021-03-08,2020-21,West Ham United,Leeds United,2,0,H,1563.0,1503.8,59.2,7,11,4,26,26,1,0,0,1,2.0,1.8,0.8,0.4,5,1.2,1.4,1.2,0.4,5,2.2,1.7,1.0,0.4,10,1.2,1.3,1.4,0.2,10,2.4,1.8,1.0,0.4,5,1.2,1.4,2.0,0.0,5
2021-03-10,2020-21,Manchester City,Southampton,5,2,H,1794.0,1503.4,290.5,1,14,13,28,27,4,1,0,5,2.4,2.0,1.0,0.2,5,0.8,0.8,1.4,0.2,5,2.7,2.5,0.6,0.5,10,0.4,0.7,2.5,0.1,10,2.4,2.0,0.8,0.4,5,0.6,0.8,3.2,0.2,5
2021-03-12,2020-21,Newcastle United,Aston Villa,1,1,D,1461.1,1510.8,-49.6,16,9,-7,27,26,0,2,1,3,1.0,1.0,1.6,0.2,5,1.0,0.4,0.6,0.6,5,0.8,0.9,1.7,0.2,10,1.4,0.9,0.9,0.6,10,0.8,1.4,1.8,0.0,5,1.4,0.8,0.8,0.6,5
2021-03-13,2020-21,Leeds United,Chelsea,0,0,D,1498.1,1653.4,-155.3,11,4,-7,27,28,0,1,0,1,0.6,1.0,1.6,0.2,5,2.2,1.2,0.2,0.8,5,1.2,1.3,1.3,0.2,10,2.1,1.1,0.4,0.7,10,1.2,1.2,0.8,0.4,5,2.0,1.0,0.8,0.4,5
2021-03-13,2020-21,Crystal Palace,West Bromwich Albion,1,0,H,1487.5,1384.3,103.1,13,19,6,28,28,3,1,1,5,1.0,0.6,1.6,0.4,5,1.2,0.4,0.4,0.6,5,1.1,0.8,1.8,0.3,10,0.7,0.6,1.5,0.3,10,1.0,0.6,1.2,0.6,5,0.8,1.0,1.6,0.2,5
2021-03-13,2020-21,Everton,Burnley,1,2,A,1577.0,1504.3,72.8,6,15,9,27,28,3,1,1,5,1.8,1.0,1.0,0.6,5,0.8,0.6,1.4,0.2,5,1.4,1.1,1.4,0.3,10,1.1,1.0,1.4,0.2,10,0.8,0.6,1.6,0.2,5,1.2,0.8,1.4,0.4,5
2021-03-13,2020-21,Fulham,Manchester City,0,3,A,1436.6,1795.9,-359.2,18,1,-17,28,29,0,3,0,3,1.6,0.6,0.4,0.6,5,2.4,2.4,1.2,0.2,5,1.4,0.7,0.6,0.6,10,2.7,2.5,0.8,0.4,10,0.8,0.4,1.0,0.4,5,3.0,3.0,0.4,0.6,5
2021-03-14,2020-21,Manchester United,West Ham United,1,0,H,1686.1,1568.7,117.4,2,5,3,28,27,2,2,1,5,1.8,1.2,0.4,0.6,5,2.0,1.6,0.6,0.6,5,1.7,2.1,0.8,0.5,10,2.2,1.8,1.0,0.4,10,2.0,3.6,1.4,0.2,5,2.0,1.6,1.0,0.4,5
2021-03-14,2020-21,Southampton,Brighton and Hove Albion,1,2,A,1501.5,1457.3,44.2,14,17,3,28,27,3,0,2,5,0.8,1.0,2.0,0.2,5,0.4,0.6,1.2,0.2,5,0.4,0.9,2.8,0.1,10,1.2,0.6,0.7,0.5,10,0.8,0.8,1.4,0.2,5,1.4,0.6,0.6,0.4,5
2021-03-14,2020-21,Leicester City,Sheffield United,5,0,H,1613.5,1418.4,195.1,3,20,17,28,28,3,0,0,3,2.0,1.8,1.4,0.0,5,0.6,0.2,1.6,0.2,5,1.8,1.5,1.1,0.3,10,0.9,0.7,1.6,0.1,10,1.8,1.8,1.4,0.4,5,0.6,0.4,1.6,0.0,5
2021-03-14,2020-21,Arsenal,Tottenham,2,1,H,1582.1,1608.8,-26.7,10,7,-3,27,27,1,2,2,5,1.4,1.6,1.2,0.0,5,1.8,2.0,1.2,0.4,5,1.5,1.5,0.9,0.3,10,1.5,1.6,1.2,0.3,10,1.6,1.4,0.6,0.6,5,1.2,1.0,1.4,0.2,5
2021-03-15,2020-21,Wolverhampton Wanderers,Liverpool,0,1,A,1557.9,1690.2,-132.3,13,8,-5,28,28,0,5,0,5,1.6,1.0,1.2,0.4,5,0.6,0.6,1.4,0.2,5,1.3,0.9,1.1,0.4,10,0.9,1.0,1.5,0.1,10,1.4,1.2,1.2,0.4,5,1.8,1.8,1.2,0.2,5
2021-03-19,2020-21,Fulham,Leeds United,1,2,A,1433.0,1499.7,-66.7,18,12,-6,29,28,0,1,0,1,1.4,0.4,0.8,0.6,5,0.8,0.6,0.8,0.4,5,1.3,0.7,0.9,0.5,10,1.3,1.3,1.2,0.3,10,0.8,0.2,1.2,0.4,5,1.2,1.4,1.8,0.0,5
2021-03-20,2020-21,Brighton and Hove Albion,Newcastle United,3,0,H,1471.2,1459.7,11.5,16,17,1,28,28,2,0,3,5,0.8,0.8,1.2,0.2,5,0.6,0.6,1.4,0.2,5,1.5,0.8,0.7,0.5,10,0.9,1.0,1.5,0.2,10,1.0,0.6,0.8,0.6,5,0.8,0.6,1.4,0.4,5
2021-03-21,2020-21,West Ham United,Arsenal,3,3,D,1564.3,1590.1,-25.8,5,10,5,28,28,1,4,0,5,1.8,1.6,0.8,0.4,5,2.0,2.0,1.2,0.0,5,1.9,1.7,1.1,0.3,10,1.7,1.7,1.0,0.2,10,2.4,2.0,1.0,0.4,5,1.4,1.6,1.2,0.0,5
2021-03-21,2020-21,Aston Villa,Tottenham,0,2,A,1512.2,1600.9,-88.7,10,8,-2,27,28,0,2,0,2,1.0,0.6,0.8,0.4,5,1.8,2.2,1.0,0.4,5,1.2,0.8,1.0,0.5,10,1.2,1.4,1.3,0.3,10,1.4,1.0,1.0,0.6,5,0.6,0.6,1.6,0.2,5
2021-04-03,2020-21,Chelsea,West Bromwich Albion,2,5,A,1651.8,1379.6,272.2,4,19,15,29,29,4,0,1,5,1.8,0.8,0.2,0.8,5,1.0,0.2,0.4,0.6,5,2.2,1.1,0.2,0.8,10,0.7,0.5,1.4,0.3,10,2.2,1.2,0.0,1.0,5,0.2,0.4,1.4,0.2,5
2021-04-03,2020-21,Leeds United,Sheffield United,2,1,H,1510.6,1415.3,95.3,11,20,9,29,29,1,0,0,1,1.4,1.0,0.8,0.4,5,0.6,0.2,2.0,0.2,5,1.3,1.3,1.2,0.3,10,0.9,0.6,1.8,0.1,10,1.4,1.2,0.6,0.6,5,0.6,0.4,2.2,0.0,5
2021-04-03,2020-21,Leicester City,Manchester City,0,2,A,1616.6,1799.5,-183.0,3,1,-2,29,30,2,3,0,5,2.0,2.2,1.2,0.2,5,2.4,2.8,1.2,0.2,5,1.8,1.8,1.1,0.3,10,2.7,2.7,0.8,0.4,10,1.8,2.4,1.4,0.4,5,3.0,2.6,0.4,0.6,5
2021-04-03,2020-21,Arsenal,Liverpool,0,3,A,1592.2,1699.3,-107.2,9,7,-2,29,29,1,3,1,5,1.6,1.8,1.4,0.0,5,1.2,0.6,0.8,0.4,5,1.5,1.7,1.3,0.1,10,1.2,1.1,1.4,0.2,10,2.0,1.8,0.8,0.4,5,2.4,2.0,1.0,0.4,5
2021-04-04,2020-21,Southampton,Burnley,3,2,H,1487.6,1518.9,-31.3,14,15,1,29,29,1,2,2,5,0.6,1.0,2.2,0.2,5,1.2,0.8,1.4,0.2,5,0.4,0.9,2.7,0.1,10,1.1,0.9,1.3,0.2,10,0.2,0.8,1.8,0.0,5,1.8,1.2,1.4,0.4,5
2021-04-04,2020-21,Newcastle United,Tottenham,2,2,D,1452.8,1611.2,-158.4,17,7,-10,29,29,1,3,1,5,0.6,0.6,1.6,0.2,5,2.4,2.4,0.6,0.6,5,0.9,1.0,1.6,0.2,10,1.5,1.5,1.0,0.4,10,1.0,1.4,1.6,0.0,5,1.2,1.0,1.4,0.4,5
2021-04-04,2020-21,Aston Villa,Fulham,3,1,H,1501.9,1422.0,79.9,11,18,7,28,30,1,0,0,1,1.0,0.4,0.8,0.4,5,0.8,0.4,1.2,0.4,5,1.2,0.6,0.9,0.5,10,1.2,0.6,0.9,0.5,10,0.8,0.6,1.4,0.4,5,1.8,1.2,0.6,0.6,5
2021-04-04,2020-21,Manchester United,Brighton and Hove Albion,2,1,H,1690.6,1478.1,212.5,2,16,14,29,29,4,1,0,5,2.2,1.2,0.2,0.8,5,1.2,1.4,1.2,0.2,5,1.7,2.0,0.7,0.6,10,1.5,1.0,0.7,0.5,10,2.0,3.4,1.2,0.4,5,2.0,1.0,0.6,0.4,5
2021-04-05,2020-21,Everton,Crystal Palace,1,1,D,1562.4,1492.2,70.2,8,12,4,28,29,3,0,2,5,1.8,1.0,0.8,0.6,5,1.6,0.8,1.0,0.6,5,1.3,1.1,1.5,0.3,10,1.4,0.9,1.4,0.4,10,0.6,0.6,1.8,0.2,5,1.2,1.0,2.4,0.0,5
2021-04-05,2020-21,Wolverhampton Wanderers,West Ham United,2,3,A,1548.8,1562.2,-13.3,14,7,-7,29,29,4,1,0,5,1.0,0.6,1.2,0.4,5,1.4,1.6,1.4,0.2,5,1.3,0.7,0.9,0.4,10,1.7,1.8,1.3,0.3,10,1.4,1.0,1.0,0.4,5,1.4,1.4,1.2,0.2,5
2021-04-09,2020-21,Fulham,Wolverhampton Wanderers,0,1,A,1416.8,1536.4,-119.6,18,14,-4,31,30,0,2,1,3,0.6,0.6,1.8,0.2,5,0.4,0.8,1.8,0.2,5,1.2,0.7,1.0,0.5,10,1.2,0.9,1.2,0.3,10,0.8,0.4,1.2,0.4,5,1.0,0.8,1.4,0.2,5
2021-04-10,2020-21,Manchester City,Leeds United,1,2,A,1807.2,1515.5,291.7,1,11,10,31,30,0,0,1,1,2.4,2.8,1.0,0.4,5,1.4,0.8,1.0,0.2,5,2.7,2.7,0.8,0.4,10,1.3,1.2,1.2,0.3,10,2.4,2.8,1.2,0.2,5,1.2,1.4,1.8,0.0,5
2021-04-10,2020-21,Liverpool,Aston Villa,2,1,H,1709.1,1507.1,202.0,7,10,3,30,29,2,1,0,3,1.8,1.2,0.4,0.6,5,1.0,0.8,1.0,0.2,5,1.2,1.1,1.3,0.3,10,1.2,0.8,1.0,0.4,10,0.0,0.2,1.8,0.0,5,1.6,0.6,0.4,0.6,5
2021-04-10,2020-21,Crystal Palace,Chelsea,1,4,A,1496.8,1633.9,-137.2,13,6,-7,30,30,0,5,0,5,1.2,0.6,1.0,0.6,5,1.6,1.0,1.0,0.8,5,1.5,0.8,1.2,0.4,10,2.1,1.3,0.7,0.7,10,1.6,0.4,0.6,0.8,5,2.2,1.0,0.4,0.6,5
2021-04-11,2020-21,Burnley,Newcastle United,1,2,A,1510.8,1454.4,56.4,15,17,2,30,30,1,3,1,5,1.0,1.2,2.0,0.0,5,0.8,0.8,1.4,0.2,5,1.1,1.1,1.4,0.2,10,1.0,1.1,1.6,0.2,10,1.0,0.8,0.8,0.2,5,0.8,0.6,1.6,0.4,5
2021-04-11,2020-21,West Ham United,Leicester City,3,2,H,1574.6,1608.9,-34.3,6,3,-3,30,30,1,2,2,5,1.4,1.8,1.6,0.2,5,1.4,1.8,1.4,0.2,5,1.7,1.8,1.3,0.3,10,1.7,1.7,1.2,0.3,10,2.0,2.2,1.4,0.4,5,2.2,1.4,0.6,0.4,5
2021-04-11,2020-21,Tottenham,Manchester United,1,3,A,1609.6,1693.4,-83.9,7,2,-5,30,30,2,2,1,5,2.0,2.0,1.0,0.4,5,2.2,1.0,0.2,0.8,5,1.6,1.7,1.1,0.4,10,2.0,2.1,0.6,0.6,10,1.8,2.2,1.0,0.4,5,1.4,0.6,0.2,0.8,5
2021-04-11,2020-21,Sheffield United,Arsenal,0,3,A,1410.4,1582.4,-172.0,20,11,-9,30,30,1,1,1,3,0.6,0.4,2.2,0.2,5,1.6,1.8,1.8,0.0,5,0.6,0.5,1.9,0.1,10,1.2,1.4,1.5,0.1,10,1.2,0.8,1.4,0.2,5,1.0,1.6,1.6,0.0,5
2021-04-12,2020-21,West Bromwich Albion,Southampton,3,0,H,1397.5,1495.6,-98.1,19,14,-5,30,30,1,4,0,5,1.4,1.2,0.8,0.4,5,1.2,1.6,2.0,0.2,5,1.0,1.0,1.1,0.3,10,0.7,1.2,2.8,0.1,10,1.2,0.8,0.8,0.4,5,0.6,1.2,2.4,0.2,5
2021-04-12,2020-21,Brighton and Hove Albion,Everton,0,0,D,1475.3,1557.9,-82.6,16,8,-8,30,29,2,3,0,5,1.2,1.4,1.2,0.2,5,1.4,0.8,1.0,0.4,5,1.4,1.1,0.9,0.4,10,1.4,1.2,1.4,0.3,10,1.4,1.2,0.8,0.6,5,2.0,1.6,1.2,0.4,5
2021-04-16,2020-21,Everton,Tottenham,2,2,D,1558.4,1599.1,-40.7,8,7,-1,30,31,1,2,2,5,1.0,0.6,1.0,0.4,5,1.4,2.0,1.6,0.2,5,1.2,1.0,1.3,0.4,10,1.6,1.8,1.3,0.4,10,0.8,0.8,1.6,0.2,5,1.4,1.4,1.2,0.4,5
2021-04-17,2020-21,Newcastle United,West Ham United,3,2,H,1468.7,1582.7,-114.1,17,4,-13,31,31,2,2,1,5,1.2,1.0,1.4,0.2,5,2.0,2.2,1.6,0.2,5,1.0,1.1,1.7,0.1,10,2.0,2.0,1.2,0.3,10,1.2,1.6,1.6,0.0,5,1.4,1.4,1.2,0.2,5
2021-04-17,2020-21,Wolverhampton Wanderers,Sheffield United,1,0,H,1545.8,1402.4,143.4,12,20,8,31,31,1,1,1,3,0.8,0.8,1.6,0.4,5,0.6,0.4,2.4,0.2,5,1.5,1.0,1.1,0.4,10,0.6,0.5,2.1,0.1,10,1.4,1.0,1.0,0.4,5,0.0,0.2,2.4,0.0,5
2021-04-18,2020-21,Arsenal,Fulham,1,1,D,1590.3,1407.3,183.0,9,18,9,31,32,3,0,0,3,1.6,1.8,1.6,0.2,5,0.6,0.6,1.8,0.2,5,1.4,1.7,1.5,0.1,10,1.1,0.7,1.1,0.4,10,1.4,1.2,1.4,0.2,5,1.6,1.0,0.8,0.6,5
2021-04-18,2020-21,Manchester United,Burnley,3,1,H,1703.9,1496.6,207.3,2,17,15,31,31,3,1,1,5,2.6,1.6,0.4,0.6,5,1.0,1.4,1.6,0.0,5,2.2,2.4,0.7,0.5,10,1.1,1.2,1.4,0.2,10,2.6,3.6,1.0,0.4,5,1.2,1.4,2.0,0.2,5
2021-04-19,2020-21,Leeds United,Liverpool,1,1,D,1533.6,1712.1,-178.5,10,6,-4,31,31,0,1,0,1,2.0,1.2,1.0,0.2,5,1.8,1.2,0.6,0.4,5,1.6,1.3,1.1,0.3,10,1.2,1.0,1.3,0.3,10,2.0,1.4,0.4,0.6,5,2.4,2.0,0.8,0.6,5
2021-04-20,2020-21,Chelsea,Brighton and Hove Albion,0,0,D,1642.9,1474.8,168.1,5,16,11,31,31,4,0,1,5,2.0,1.8,1.2,0.6,5,1.4,1.4,1.0,0.4,5,2.1,1.5,0.8,0.6,10,1.2,1.0,0.9,0.4,10,2.0,1.6,1.0,0.8,5,1.4,1.0,1.0,0.2,5
2021-04-21,2020-21,Tottenham,Southampton,2,1,H,1600.8,1485.7,115.1,7,14,7,32,31,3,2,0,5,1.0,1.6,1.8,0.2,5,1.2,1.6,2.4,0.2,5,1.4,1.8,1.5,0.3,10,0.7,1.2,2.2,0.1,10,1.8,2.2,1.0,0.4,5,0.6,0.8,2.4,0.2,5
2021-04-21,2020-21,Aston Villa,Manchester City,1,2,A,1504.1,1789.1,-285.0,11,1,-10,30,32,0,3,0,3,1.0,1.0,1.2,0.2,5,1.8,2.2,1.2,0.4,5,1.2,0.8,0.9,0.4,10,2.4,2.4,0.9,0.4,10,1.4,1.0,1.0,0.4,5,3.0,2.6,0.4,0.6,5
2021-04-22,2020-21,Leicester City,West Bromwich Albion,3,0,H,1600.8,1407.5,193.4,3,19,16,31,31,3,1,1,5,1.4,2.0,1.4,0.2,5,1.4,1.6,0.8,0.4,5,1.7,1.8,1.2,0.3,10,1.2,1.1,0.9,0.4,10,1.2,2.0,1.8,0.2,5,0.8,1.2,1.4,0.2,5
2021-04-23,2020-21,Arsenal,Everton,0,1,A,1583.6,1556.7,26.9,9,8,-1,32,31,2,2,1,5,1.6,1.8,1.6,0.2,5,0.6,0.8,1.4,0.2,5,1.5,1.7,1.4,0.1,10,1.2,0.9,1.2,0.4,10,1.4,1.4,1.6,0.0,5,1.6,1.2,1.0,0.6,5
2021-04-24,2020-21,Liverpool,Newcastle United,1,1,D,1709.9,1479.1,230.8,7,15,8,32,32,4,0,1,5,2.0,1.4,0.6,0.4,5,1.6,1.6,1.8,0.0,5,1.3,1.1,1.3,0.3,10,1.3,1.3,1.7,0.1,10,0.6,0.6,1.8,0.0,5,0.8,0.6,1.8,0.2,5
2021-04-24,2020-21,West Ham United,Chelsea,0,1,A,1572.3,1636.4,-64.0,5,4,-1,32,32,2,2,1,5,1.4,2.2,2.2,0.0,5,1.6,1.6,1.2,0.6,5,1.7,1.9,1.4,0.3,10,1.9,1.4,0.8,0.6,10,2.6,2.6,1.2,0.4,5,2.2,1.6,0.6,0.4,5
2021-04-24,2020-21,Sheffield United,Brighton and Hove Albion,1,0,H,1398.5,1481.2,-82.7,20,16,-4,32,32,1,0,2,3,0.0,0.2,2.6,0.0,5,1.6,1.2,0.6,0.6,5,0.3,0.3,2.1,0.1,10,1.0,0.9,0.9,0.4,10,0.6,0.4,1.8,0.2,5,1.0,0.8,1.0,0.2,5
2021-04-25,2020-21,Wolverhampton Wanderers,Burnley,0,4,A,1549.8,1493.7,56.1,12,17,5,32,32,1,2,2,5,1.4,0.8,0.8,0.6,5,0.8,1.4,2.0,0.0,5,1.5,0.9,1.0,0.5,10,1.0,1.2,1.6,0.2,10,1.4,0.8,0.8,0.6,5,1.2,1.6,2.2,0.2,5
2021-04-25,2020-21,Leeds United,Manchester United,0,0,D,1535.9,1706.8,-170.9,10,2,-8,32,32,0,1,0,1,2.2,1.4,0.8,0.2,5,3.0,2.2,0.6,0.4,5,1.4,1.2,1.2,0.2,10,2.2,1.8,0.8,0.4,10,1.6,1.2,0.6,0.4,5,1.8,1.2,0.4,0.6,5
2021-04-25,2020-21,Aston Villa,West Bromwich Albion,2,2,D,1499.0,1404.3,94.7,11,19,8,31,32,1,0,0,1,0.8,1.2,1.6,0.0,5,1.4,1.6,1.2,0.4,5,0.9,0.8,1.1,0.3,10,1.2,1.0,1.0,0.4,10,0.8,1.0,1.4,0.2,5,0.8,1.0,1.6,0.2,5
2021-04-26,2020-21,Leicester City,Crystal Palace,2,1,H,1603.9,1487.8,116.1,3,13,10,32,31,2,2,1,5,1.8,2.4,1.2,0.4,5,1.0,0.8,1.8,0.4,5,1.7,1.9,1.2,0.3,10,1.2,0.8,1.6,0.3,10,1.8,2.4,1.2,0.4,5,1.4,1.2,1.8,0.0,5
2021-04-30,2020-21,Southampton,Leicester City,1,1,D,1481.2,1608.4,-127.2,15,3,-12,32,33,2,3,0,5,0.6,1.4,2.8,0.0,5,1.8,2.4,1.2,0.4,5,0.7,1.1,2.1,0.1,10,1.9,2.1,1.3,0.2,10,0.8,1.2,1.6,0.0,5,1.6,1.4,1.2,0.2,5
2021-05-01,2020-21,Everton,Aston Villa,1,2,A,1570.2,1493.9,76.3,8,11,3,32,32,0,1,1,2,1.2,1.0,1.0,0.4,5,0.8,1.4,1.8,0.0,5,1.5,1.0,1.0,0.5,10,0.9,1.0,1.3,0.2,10,1.0,1.2,1.6,0.2,5,1.0,0.6,0.8,0.4,5
2021-05-01,2020-21,Chelsea,Fulham,2,0,H,1647.4,1414.0,233.4,4,18,14,33,33,3,0,0,3,1.6,1.4,1.2,0.6,5,0.2,0.6,2.0,0.0,5,1.9,1.3,0.7,0.7,10,0.9,0.6,1.2,0.3,10,1.6,1.2,1.0,0.8,5,1.2,0.8,1.0,0.4,5
2021-05-01,2020-21,Crystal Palace,Manchester City,0,2,A,1483.4,1794.2,-310.9,13,1,-12,32,33,1,3,1,5,0.8,1.0,2.2,0.2,5,2.4,2.6,1.0,0.4,5,0.9,0.7,1.7,0.3,10,2.4,2.3,1.0,0.3,10,1.0,0.4,1.4,0.6,5,3.0,2.2,0.4,0.6,5
2021-05-01,2020-21,Brighton and Hove Albion,Leeds United,2,0,H,1471.7,1537.9,-66.2,17,10,-7,33,33,1,0,0,1,1.0,0.8,0.6,0.6,5,2.2,1.4,0.8,0.2,5,0.9,0.8,0.9,0.4,10,1.5,1.0,0.8,0.3,10,1.0,1.0,0.8,0.6,5,1.2,1.2,1.8,0.0,5
2021-05-02,2020-21,Newcastle United,Arsenal,0,2,A,1486.5,1570.1,-83.6,17,11,-6,33,33,0,5,0,5,1.6,1.6,1.8,0.0,5,1.0,1.4,1.6,0.2,5,1.1,1.1,1.6,0.1,10,1.5,1.7,1.4,0.1,10,1.8,2.0,1.6,0.0,5,1.6,2.0,1.2,0.2,5
2021-05-02,2020-21,Tottenham,Sheffield United,4,0,H,1605.3,1408.0,197.3,7,20,13,33,33,1,1,1,3,1.6,1.8,1.6,0.2,5,0.6,0.4,2.2,0.2,5,1.7,2.0,1.3,0.3,10,0.6,0.3,1.9,0.2,10,2.4,2.6,1.0,0.4,5,0.0,0.2,2.4,0.0,5
2021-05-03,2020-21,West Bromwich Albion,Wolverhampton Wanderers,1,1,D,1409.4,1535.6,-126.1,19,12,-7,33,33,1,0,0,1,1.4,2.0,1.6,0.2,5,1.2,0.8,1.6,0.4,5,1.3,1.2,1.0,0.4,10,1.4,0.9,1.4,0.4,10,1.6,1.0,0.4,0.6,5,1.6,1.0,1.2,0.4,5
2021-05-03,2020-21,Burnley,West Ham United,1,2,A,1507.9,1561.3,-53.4,16,6,-10,33,33,3,2,0,5,1.2,2.0,1.8,0.2,5,1.4,2.2,2.2,0.0,5,1.0,1.3,1.6,0.2,10,1.6,1.9,1.5,0.2,10,0.8,0.8,1.0,0.2,5,0.8,1.2,1.6,0.2,5
2021-05-07,2020-21,Leicester City,Newcastle United,2,4,A,1607.6,1476.0,131.6,3,17,14,34,34,4,1,0,5,1.4,1.6,1.4,0.2,5,1.6,1.6,1.6,0.0,5,1.7,1.9,1.3,0.2,10,1.1,1.1,1.6,0.1,10,1.8,2.2,1.2,0.4,5,1.0,0.8,1.6,0.2,5
2021-05-08,2020-21,Liverpool,Southampton,2,0,H,1702.5,1482.0,220.5,7,16,9,33,33,4,1,0,5,2.2,1.6,0.6,0.4,5,0.8,1.2,2.0,0.0,5,1.4,1.1,1.0,0.3,10,0.8,1.1,2.0,0.1,10,0.8,0.6,1.2,0.0,5,0.6,1.0,2.2,0.2,5
2021-05-08,2020-21,Leeds United,Tottenham,3,1,H,1528.9,1608.3,-79.5,11,7,-4,34,34,0,1,0,1,1.6,1.0,1.0,0.2,5,1.6,2.2,1.6,0.2,5,1.5,1.0,0.9,0.3,10,2.0,2.3,1.1,0.4,10,1.2,0.6,0.6,0.4,5,1.6,1.6,1.2,0.4,5
2021-05-08,2020-21,Sheffield United,Crystal Palace,0,2,A,1404.9,1478.8,-73.8,20,14,-6,34,33,2,1,0,3,0.6,0.4,2.0,0.2,5,0.8,0.8,1.8,0.2,5,0.6,0.3,2.0,0.2,10,0.9,0.7,1.7,0.3,10,1.2,0.4,1.4,0.4,5,0.8,1.0,2.0,0.0,5
2021-05-08,2020-21,Manchester City,Chelsea,1,2,A,1798.8,1650.0,148.8,1,4,3,34,34,3,2,0,5,2.4,2.0,0.6,0.6,5,2.0,1.8,1.2,0.6,5,2.4,2.2,0.9,0.4,10,1.9,1.3,0.7,0.7,10,1.8,2.4,1.6,0.0,5,2.2,1.4,0.4,0.6,5
2021-05-09,2020-21,Arsenal,West Bromwich Albion,3,1,H,1580.6,1410.2,170.4,10,19,9,34,34,3,1,1,5,1.4,1.2,1.0,0.4,5,1.6,2.2,1.6,0.2,5,1.5,1.5,1.2,0.2,10,1.3,1.2,1.0,0.4,10,0.8,0.6,1.4,0.0,5,1.0,1.4,1.6,0.2,5
2021-05-09,2020-21,West Ham United,Everton,0,1,A,1572.6,1555.5,17.1,5,9,4,34,33,2,2,1,5,1.8,2.0,1.8,0.0,5,1.2,1.0,1.0,0.4,5,1.6,1.8,1.6,0.1,10,1.5,1.0,0.9,0.5,10,2.0,2.0,1.4,0.2,5,2.0,0.8,0.4,0.8,5
2021-05-09,2020-21,Wolverhampton Wanderers,Brighton and Hove Albion,2,1,H,1534.8,1480.8,54.1,12,15,3,34,34,0,1,4,5,1.4,1.0,1.6,0.4,5,1.0,0.6,0.6,0.6,5,1.2,0.8,1.4,0.4,10,1.1,1.0,0.9,0.4,10,1.2,0.8,1.6,0.4,5,0.8,0.6,1.0,0.2,5
2021-05-09,2020-21,Aston Villa,Manchester United,1,3,A,1508.6,1704.8,-196.2,11,2,-9,33,33,0,2,1,3,1.4,1.8,1.6,0.0,5,2.6,1.8,0.6,0.4,5,1.2,1.1,1.2,0.2,10,2.2,1.5,0.5,0.5,10,1.0,1.2,1.4,0.2,5,1.8,1.0,0.2,0.8,5
2021-05-10,2020-21,Fulham,Burnley,0,2,A,1411.5,1496.6,-85.1,18,17,-1,34,34,1,1,1,3,0.2,0.6,1.8,0.0,5,0.6,1.8,2.0,0.2,5,0.8,0.5,1.3,0.3,10,0.9,1.3,1.7,0.2,10,0.6,0.4,1.4,0.2,5,1.2,1.8,2.2,0.2,5
2021-05-11,2020-21,Manchester United,Leicester City,1,2,A,1712.1,1591.8,120.3,2,4,2,34,35,4,0,1,5,2.6,2.2,0.8,0.2,5,1.4,2.0,1.8,0.2,5,2.4,1.7,0.5,0.5,10,1.4,1.9,1.6,0.2,10,2.6,2.4,1.2,0.2,5,1.6,1.6,1.4,0.0,5
2021-05-11,2020-21,Southampton,Crystal Palace,3,1,H,1479.2,1489.5,-10.3,17,13,-4,34,34,2,1,2,5,0.8,1.0,2.0,0.0,5,0.8,1.0,1.8,0.2,5,0.7,1.0,2.1,0.1,10,1.2,0.9,1.4,0.4,10,1.0,1.4,1.6,0.0,5,1.4,1.4,1.6,0.2,5
2021-05-12,2020-21,Chelsea,Arsenal,0,1,A,1666.1,1584.1,82.1,4,9,5,35,35,2,2,1,5,2.6,1.8,0.4,0.6,5,2.0,1.8,0.6,0.4,5,2.1,1.4,0.7,0.7,10,1.8,1.8,1.2,0.2,10,1.6,1.2,1.0,0.8,5,2.2,2.4,1.0,0.4,5
2021-05-13,2020-21,Aston Villa,Everton,0,0,D,1501.3,1568.7,-67.5,11,9,-2,34,34,2,0,1,3,0.8,1.4,2.0,0.0,5,1.6,1.0,0.8,0.6,5,0.9,1.1,1.5,0.1,10,1.5,0.9,0.9,0.5,10,0.8,1.4,2.0,0.0,5,2.0,0.6,0.4,0.8,5
2021-05-13,2020-21,Manchester United,Liverpool,2,4,A,1696.5,1705.2,-8.7,2,6,4,35,34,0,2,3,5,2.0,2.0,1.0,0.2,5,2.2,1.8,0.6,0.4,5,2.1,1.5,0.6,0.5,10,1.7,1.2,0.7,0.4,10,2.4,2.0,1.0,0.2,5,2.0,1.6,0.8,0.6,5
2021-05-14,2020-21,Newcastle United,Manchester City,3,4,A,1491.8,1782.7,-290.8,16,1,-15,35,35,1,3,1,5,2.0,2.0,1.6,0.0,5,1.8,1.6,1.0,0.4,5,1.4,1.4,1.5,0.1,10,2.1,2.2,1.1,0.3,10,1.2,1.4,1.6,0.0,5,3.0,2.0,0.2,0.8,5
2021-05-15,2020-21,Burnley,Leeds United,0,4,A,1507.0,1538.3,-31.3,15,10,-5,35,35,0,1,0,1,1.2,1.8,1.4,0.4,5,1.6,1.2,1.0,0.2,5,1.1,1.5,1.7,0.2,10,1.5,1.0,1.0,0.2,10,0.6,0.8,1.2,0.2,5,1.2,0.8,1.4,0.0,5
2021-05-15,2020-21,Southampton,Fulham,3,1,H,1486.7,1401.1,85.7,14,18,4,35,35,1,1,1,3,0.8,1.0,1.8,0.0,5,0.2,0.4,1.8,0.0,5,1.0,1.3,1.9,0.1,10,0.5,0.4,1.5,0.2,10,1.6,1.8,1.4,0.0,5,1.0,0.6,1.2,0.4,5
2021-05-15,2020-21,Brighton and Hove Albion,West Ham United,1,1,D,1474.9,1559.4,-84.5,17,6,-11,35,35,1,0,4,5,1.0,0.6,0.6,0.6,5,1.2,1.4,1.6,0.0,5,1.1,1.0,0.9,0.4,10,1.3,1.6,1.6,0.1,10,1.4,1.4,0.8,0.6,5,1.2,1.6,1.8,0.0,5
2021-05-16,2020-21,West Bromwich Albion,Liverpool,1,2,A,1406.7,1717.8,-311.1,19,5,-14,35,35,0,2,3,5,1.0,1.4,1.8,0.2,5,2.2,2.0,1.0,0.2,5,1.2,1.3,1.3,0.3,10,2.0,1.6,0.7,0.4,10,1.6,1.0,0.4,0.6,5,2.6,2.2,0.6,0.6,5
2021-05-16,2020-21,Everton,Sheffield United,0,1,A,1569.7,1394.2,175.5,8,20,12,35,35,2,1,0,3,1.6,1.0,0.8,0.6,5,0.6,0.2,2.0,0.2,5,1.3,0.8,0.9,0.5,10,0.6,0.3,2.1,0.2,10,1.0,1.2,1.4,0.2,5,0.0,0.2,2.6,0.0,5
2021-05-16,2020-21,Tottenham,Wolverhampton Wanderers,2,0,H,1598.9,1540.6,58.3,7,12,5,35,35,2,2,1,5,1.4,2.0,1.8,0.2,5,2.0,1.0,1.2,0.4,5,1.7,2.0,1.4,0.3,10,1.2,0.9,1.5,0.3,10,2.4,3.0,1.0,0.4,5,1.2,0.8,1.2,0.4,5
2021-05-16,2020-21,Crystal Palace,Aston Villa,3,2,H,1482.1,1500.4,-18.3,14,11,-3,35,35,1,2,0,3,0.6,1.0,2.2,0.2,5,1.0,1.2,1.6,0.2,5,0.9,0.8,1.6,0.4,10,1.0,1.1,1.4,0.2,10,1.0,0.4,1.2,0.6,5,1.4,1.0,1.0,0.2,5
2021-05-18,2020-21,Manchester United,Fulham,1,1,D,1683.9,1395.9,288.0,2,18,16,36,36,3,0,0,3,1.4,1.8,1.6,0.2,5,0.2,0.4,1.8,0.0,5,2.0,1.7,1.0,0.4,10,0.4,0.5,1.8,0.1,10,1.8,1.8,1.6,0.2,5,0.8,0.8,1.8,0.2,5
2021-05-18,2020-21,Southampton,Leeds United,0,2,A,1491.8,1550.2,-58.4,14,10,-4,36,36,0,1,0,1,1.4,1.6,1.4,0.0,5,1.6,1.6,0.8,0.4,5,1.3,1.6,1.9,0.1,10,1.8,1.4,0.9,0.3,10,2.0,2.2,1.4,0.0,5,1.8,1.6,1.2,0.2,5
2021-05-18,2020-21,Brighton and Hove Albion,Manchester City,3,2,H,1474.5,1787.7,-313.2,17,1,-16,36,36,0,5,0,5,1.0,0.8,0.8,0.4,5,1.8,2.0,1.6,0.2,5,1.2,1.1,0.9,0.4,10,2.1,2.4,1.3,0.3,10,1.6,1.4,0.6,0.6,5,3.0,2.6,0.8,0.6,5
2021-05-18,2020-21,Chelsea,Leicester City,2,1,H,1651.3,1607.4,43.9,4,3,-1,36,36,0,2,3,5,2.0,1.0,0.4,0.6,5,2.0,2.0,1.4,0.2,5,2.0,1.4,0.8,0.6,10,1.7,2.0,1.4,0.2,10,1.4,1.2,1.2,0.6,5,1.6,1.6,1.4,0.0,5
2021-05-19,2020-21,Everton,Wolverhampton Wanderers,1,0,H,1553.1,1534.9,18.2,9,12,3,36,36,2,2,1,5,1.4,0.6,0.6,0.6,5,1.4,0.8,1.6,0.2,5,1.0,0.7,1.0,0.4,10,1.1,0.8,1.6,0.3,10,0.4,1.0,1.6,0.0,5,1.0,0.6,1.4,0.4,5
2021-05-19,2020-21,Newcastle United,Sheffield United,1,0,H,1486.8,1410.8,76.0,17,20,3,36,36,2,1,0,3,1.4,2.2,2.2,0.0,5,1.2,0.4,1.4,0.4,5,1.3,1.6,1.8,0.1,10,0.9,0.4,1.9,0.3,10,1.0,1.8,2.2,0.0,5,0.6,0.4,2.4,0.2,5
2021-05-19,2020-21,Tottenham,Aston Villa,1,2,A,1604.7,1492.7,112.0,6,11,5,36,36,3,0,0,3,2.0,2.2,1.2,0.4,5,1.0,1.4,1.8,0.2,5,1.7,2.1,1.4,0.3,10,0.9,1.3,1.7,0.1,10,2.4,2.6,1.0,0.4,5,0.8,1.2,1.6,0.0,5
2021-05-19,2020-21,Crystal Palace,Arsenal,1,3,A,1489.7,1598.9,-109.1,13,10,-3,36,36,1,0,4,5,1.2,1.4,1.8,0.2,5,2.0,1.4,0.6,0.4,5,1.1,1.1,1.8,0.3,10,1.8,1.6,1.1,0.3,10,1.4,1.0,1.6,0.4,5,2.2,2.0,0.8,0.6,5
2021-05-19,2020-21,Burnley,Liverpool,0,3,A,1495.0,1722.3,-227.3,17,5,-12,36,36,1,3,1,5,1.2,1.6,1.8,0.4,5,2.2,2.0,1.0,0.2,5,1.1,1.5,1.7,0.2,10,2.0,1.6,0.8,0.3,10,0.4,0.8,2.0,0.0,5,2.6,2.2,0.8,0.4,5
2021-05-19,2020-21,West Bromwich Albion,West Ham United,1,3,A,1402.1,1559.8,-157.7,19,7,-12,36,36,1,2,2,5,0.4,1.0,2.2,0.0,5,0.8,1.0,1.4,0.0,5,0.9,1.3,1.5,0.2,10,1.4,1.6,1.5,0.1,10,1.0,1.0,0.8,0.4,5,1.4,1.6,1.6,0.0,5
2021-05-23,2020-21,Sheffield United,Burnley,1,0,H,1405.5,1488.5,-83.1,20,17,-3,37,37,1,1,1,3,1.2,0.4,1.4,0.4,5,1.2,1.4,1.8,0.4,5,0.6,0.3,2.0,0.2,10,1.0,1.4,1.9,0.2,10,1.2,0.4,1.4,0.4,5,1.8,2.2,1.4,0.4,5
2021-05-23,2020-21,Manchester City,Everton,5,0,H,1772.2,1559.8,212.4,1,8,7,37,37,5,0,0,5,1.8,2.2,1.8,0.2,5,1.4,0.6,0.6,0.6,5,1.8,2.2,1.5,0.3,10,1.3,0.8,0.8,0.5,10,1.2,2.2,1.8,0.0,5,1.6,0.4,0.4,0.8,5
2021-05-23,2020-21,West Ham United,Southampton,3,0,H,1568.2,1480.6,87.5,6,14,8,37,37,4,0,1,5,1.4,1.2,1.0,0.0,5,1.4,1.4,1.4,0.0,5,1.4,1.7,1.6,0.0,10,1.0,1.4,2.1,0.0,10,1.4,1.6,1.4,0.2,5,0.6,1.0,2.4,0.2,5
2021-05-23,2020-21,Liverpool,Crystal Palace,2,0,H,1728.8,1480.0,248.8,4,13,9,37,37,5,0,0,5,2.6,2.4,0.8,0.4,5,1.2,1.4,2.0,0.2,5,2.3,1.9,0.7,0.4,10,1.0,1.2,2.1,0.2,10,1.4,1.0,0.8,0.2,5,0.8,1.2,2.0,0.2,5
2021-05-23,2020-21,Wolverhampton Wanderers,Manchester United,1,2,A,1528.2,1675.9,-147.7,12,2,-10,37,37,1,1,3,5,0.8,0.6,1.8,0.0,5,1.0,1.4,1.6,0.2,5,1.1,0.7,1.3,0.3,10,2.0,1.8,1.1,0.3,10,1.2,1.0,1.8,0.2,5,2.2,1.6,0.4,0.6,5
2021-05-23,2020-21,Leeds United,West Bromwich Albion,3,1,H,1561.4,1393.8,167.7,10,19,9,37,37,1,0,0,1,2.0,1.8,0.6,0.6,5,0.4,1.2,2.2,0.0,5,2.1,1.6,0.7,0.4,10,0.9,1.4,1.7,0.2,10,1.8,1.2,0.6,0.4,5,0.8,1.6,2.2,0.0,5
2021-05-23,2020-21,Fulham,Newcastle United,0,2,A,1404.0,1492.2,-88.2,18,15,-3,37,37,0,1,2,3,0.4,0.6,1.8,0.0,5,1.4,1.8,1.8,0.2,5,0.5,0.6,1.8,0.1,10,1.5,1.7,1.8,0.1,10,0.0,0.2,1.8,0.0,5,1.6,1.4,1.4,0.2,5
2021-05-23,2020-21,Aston Villa,Chelsea,2,1,H,1508.1,1657.4,-149.3,11,4,-7,37,37,0,2,1,3,1.4,1.4,1.6,0.2,5,2.4,1.4,0.6,0.4,5,1.1,1.4,1.7,0.1,10,2.0,1.5,0.9,0.5,10,1.0,1.4,1.6,0.2,5,2.6,1.6,0.4,0.6,5
2021-05-23,2020-21,Arsenal,Brighton and Hove Albion,2,0,H,1608.6,1489.9,118.7,10,16,6,37,37,1,2,2,5,2.4,1.8,0.6,0.4,5,1.4,1.4,1.2,0.2,5,2.0,1.8,1.1,0.3,10,1.5,1.3,0.9,0.4,10,1.4,1.2,1.4,0.0,5,0.8,0.8,1.2,0.2,5
2021-05-23,2020-21,Leicester City,Tottenham,2,4,A,1601.3,1589.2,12.1,5,8,3,37,37,2,3,0,5,1.4,1.6,1.8,0.0,5,1.8,2.0,1.2,0.4,5,1.6,2.0,1.5,0.2,10,1.4,1.8,1.5,0.3,10,1.8,2.4,1.4,0.4,5,1.0,1.6,1.8,0.2,5
2021-08-13,2021-22,Brentford,Arsenal,2,0,H,1500.0,1613.0,-113.0,1,1,0,0,0,0,0,0,0,0.0,0.0,0.0,0.0,0,3.0,2.2,0.4,0.6,5,0.0,0.0,0.0,0.0,0,2.0,1.8,1.0,0.4,10,0.0,0.0,0.0,0.0,0,2.6,2.4,0.8,0.6,5
2021-08-14,2021-22,Manchester United,Leeds United,5,1,H,1684.5,1564.9,119.6,3,3,0,0,0,1,0,1,2,1.4,1.8,1.8,0.0,5,2.4,2.4,0.8,0.4,5,2.0,1.8,1.2,0.2,10,2.3,1.9,0.8,0.3,10,1.4,1.8,1.8,0.0,5,2.4,2.0,0.8,0.4,5
2021-08-14,2021-22,Burnley,Brighton and Hove Albion,1,2,A,1479.0,1485.5,-6.5,5,5,0,0,0,1,1,3,5,0.6,0.6,2.0,0.2,5,1.4,1.4,1.4,0.2,5,0.9,1.3,1.9,0.2,10,1.2,1.1,1.0,0.4,10,0.2,0.6,2.4,0.0,5,0.2,0.4,1.4,0.2,5
2021-08-14,2021-22,Chelsea,Crystal Palace,3,0,H,1646.0,1477.6,168.3,7,7,0,0,0,5,0,0,5,1.8,1.4,1.0,0.2,5,1.2,1.4,2.0,0.2,5,1.7,1.4,1.1,0.4,10,1.0,1.1,1.9,0.2,10,1.4,1.2,1.4,0.4,5,0.8,1.0,1.6,0.2,5
2021-08-14,2021-22,Everton,Southampton,3,1,H,1557.0,1475.6,81.4,9,9,0,0,0,2,2,1,5,1.4,0.4,1.2,0.6,5,1.2,1.2,1.8,0.0,5,1.3,0.7,1.1,0.5,10,1.0,1.2,1.9,0.0,10,1.0,1.0,1.2,0.2,5,0.0,0.6,3.0,0.0,5
2021-08-14,2021-22,Leicester City,Wolverhampton Wanderers,1,0,H,1588.2,1519.5,68.6,11,11,0,0,0,1,1,3,5,0.8,1.6,2.4,0.0,5,0.8,0.8,1.4,0.0,5,1.3,2.0,1.8,0.2,10,1.0,0.8,1.5,0.2,10,1.2,1.8,2.2,0.2,5,1.0,0.4,0.8,0.4,5
2021-08-14,2021-22,Watford,Aston Villa,3,2,H,1439.6,1519.5,-79.9,13,13,0,0,0,1,1,0,2,1.2,1.4,2.4,0.0,5,1.4,1.4,1.6,0.2,5,0.7,0.9,2.1,0.0,10,1.4,1.6,1.6,0.1,10,1.4,1.2,2.0,0.0,5,1.4,1.6,1.6,0.0,5
2021-08-14,2021-22,Norwich City,Liverpool,0,3,A,1372.6,1731.2,-358.6,15,15,0,0,0,0,2,0,2,0.0,0.2,2.8,0.0,5,3.0,2.6,0.6,0.6,5,0.0,0.1,2.4,0.0,10,2.6,2.1,0.6,0.5,10,0.0,0.0,2.2,0.0,5,2.6,2.6,0.8,0.4,5
2021-08-15,2021-22,Tottenham,Manchester City,1,0,H,1602.3,1775.0,-172.7,17,17,0,0,0,2,2,1,5,1.8,2.4,1.4,0.4,5,1.8,2.8,1.6,0.4,5,1.7,2.1,1.5,0.3,10,2.1,2.7,1.3,0.4,10,1.8,2.0,1.2,0.4,5,2.4,2.4,1.4,0.4,5
2021-08-15,2021-22,Newcastle United,West Ham United,2,4,A,1502.5,1573.3,-70.7,19,19,0,0,0,3,1,1,5,1.8,2.0,1.6,0.4,5,2.0,1.8,0.8,0.2,5,1.7,1.8,1.7,0.2,10,1.7,2.0,1.5,0.1,10,1.4,1.8,2.0,0.2,5,2.0,2.2,1.6,0.0,5
2021-08-21,2021-22,Liverpool,Burnley,2,0,H,1734.9,1466.4,268.5,3,12,9,1,1,3,1,1,5,3.0,2.8,0.6,0.6,5,0.6,0.6,2.0,0.2,5,2.6,2.3,0.6,0.5,10,0.6,1.2,2.0,0.2,10,2.0,1.4,0.6,0.4,5,1.2,1.8,1.4,0.4,5
2021-08-21,2021-22,Aston Villa,Newcastle United,2,0,H,1510.1,1491.7,18.4,11,14,3,1,1,2,0,2,4,1.4,1.6,1.6,0.2,5,1.8,2.4,2.0,0.4,5,1.1,1.5,1.8,0.1,10,1.7,2.0,1.8,0.2,10,1.0,1.2,1.6,0.2,5,2.0,1.8,1.4,0.2,5
2021-08-21,2021-22,Crystal Palace,Brentford,0,0,D,1474.1,1510.4,-36.3,17,6,-11,1,1,0,0,0,0,0.6,1.0,2.6,0.0,5,3.0,2.0,0.0,1.0,1,0.7,1.0,2.2,0.1,10,3.0,2.0,0.0,1.0,1,1.2,1.2,2.2,0.2,5,0.0,0.0,0.0,0.0,0
2021-08-21,2021-22,Leeds United,Everton,2,2,D,1560.5,1562.2,-1.6,20,6,-14,1,1,1,1,0,2,2.4,2.6,1.4,0.4,5,1.4,0.8,1.4,0.4,5,2.0,1.8,1.2,0.3,10,1.5,0.9,1.1,0.5,10,2.2,1.8,0.8,0.2,5,1.6,0.4,1.0,0.8,5
2021-08-21,2021-22,Manchester City,Norwich City,5,0,H,1763.0,1368.9,394.1,15,19,4,1,1,1,1,0,2,1.2,2.4,1.8,0.2,5,0.0,0.0,3.0,0.0,5,1.8,2.2,1.2,0.4,10,0.0,0.1,2.6,0.0,10,1.2,2.4,1.6,0.2,5,0.0,0.2,2.6,0.0,5
2021-08-21,2021-22,Brighton and Hove Albion,Watford,2,0,H,1498.1,1449.0,49.1,10,9,-1,1,1,2,1,2,5,1.4,1.4,1.6,0.0,5,1.2,1.6,2.6,0.0,5,1.2,1.0,1.1,0.3,10,1.0,1.2,2.2,0.0,10,2.2,1.8,0.6,0.6,5,0.0,0.6,2.2,0.0,5
2021-08-22,2021-22,Southampton,Manchester United,1,1,D,1470.4,1688.9,-218.5,16,5,-11,1,1,0,3,2,5,1.2,1.4,2.0,0.0,5,1.4,2.2,1.8,0.0,5,1.0,1.2,2.0,0.0,10,2.0,2.2,1.3,0.1,10,2.0,2.0,1.4,0.0,5,2.6,2.0,0.6,0.4,5
2021-08-22,2021-22,Wolverhampton Wanderers,Tottenham,0,1,A,1514.1,1614.4,-100.3,16,11,-5,1,1,2,2,1,5,0.6,0.6,1.4,0.0,5,1.8,1.8,1.4,0.4,5,1.0,0.8,1.5,0.2,10,1.7,2.0,1.5,0.3,10,1.2,1.2,2.0,0.2,5,1.6,2.2,1.8,0.2,5
2021-08-22,2021-22,Arsenal,Chelsea,0,2,A,1602.7,1649.5,-46.8,16,8,-8,1,1,3,1,1,5,2.4,1.8,0.8,0.4,5,1.8,1.6,1.0,0.2,5,1.9,1.5,0.9,0.4,10,1.9,1.7,1.1,0.4,10,1.4,1.2,1.2,0.2,5,2.0,1.6,0.8,0.4,5
2021-08-23,2021-22,West Ham United,Leicester City,4,1,H,1584.1,1593.7,-9.6,9,11,2,1,1,2,2,1,5,2.0,2.2,1.0,0.2,5,1.2,1.6,2.2,0.2,5,1.9,2.1,1.4,0.1,10,1.3,1.6,1.8,0.2,10,1.4,1.8,1.4,0.2,5,1.4,1.6,1.6,0.0,5
2021-08-28,2021-22,Liverpool,Chelsea,1,1,D,1737.0,1661.0,76.0,3,2,-1,2,2,4,1,0,5,3.0,2.4,0.2,0.8,5,1.8,1.6,0.8,0.4,5,2.6,2.2,0.6,0.5,10,2.2,1.7,0.6,0.5,10,2.6,1.8,0.4,0.6,5,2.4,2.0,0.8,0.4,5
2021-08-28,2021-22,West Ham United,Crystal Palace,2,2,D,1591.5,1472.3,119.2,3,14,11,2,2,1,2,2,5,2.6,3.0,1.0,0.2,5,0.8,0.8,2.0,0.2,5,1.9,2.2,1.3,0.1,10,0.7,0.9,2.1,0.2,10,1.8,2.0,1.0,0.2,5,0.6,0.8,2.0,0.2,5
2021-08-28,2021-22,Norwich City,Leicester City,1,2,A,1367.8,1586.2,-218.4,20,12,-8,2,2,1,0,1,2,0.0,0.0,3.2,0.0,5,1.2,1.4,2.2,0.2,5,0.0,0.1,2.8,0.0,10,1.3,1.7,2.0,0.2,10,0.0,0.0,2.2,0.0,5,0.8,1.4,2.2,0.0,5
2021-08-28,2021-22,Newcastle United,Southampton,2,2,D,1484.9,1473.6,11.3,18,14,-4,2,2,4,1,0,5,1.2,1.6,2.0,0.4,5,0.8,1.0,2.0,0.0,5,1.6,1.8,1.8,0.2,10,0.8,1.0,1.9,0.0,10,1.2,1.8,2.4,0.2,5,0.0,0.4,2.6,0.0,5
2021-08-28,2021-22,Brighton and Hove Albion,Everton,0,2,A,1504.1,1564.9,-60.8,4,8,4,2,2,2,2,1,5,2.0,1.6,1.2,0.2,5,1.4,1.2,1.8,0.2,5,1.5,1.1,0.9,0.4,10,1.5,1.1,1.3,0.4,10,2.2,1.6,0.6,0.6,5,1.6,0.8,1.4,0.6,5
2021-08-28,2021-22,Aston Villa,Brentford,1,1,D,1516.8,1512.2,4.6,11,9,-2,2,2,0,0,0,0,1.8,2.0,1.6,0.2,5,2.0,1.0,0.0,1.0,2,1.4,1.6,1.6,0.2,10,2.0,1.0,0.0,1.0,2,1.6,1.4,1.2,0.4,5,1.0,0.0,0.0,1.0,1
2021-08-28,2021-22,Manchester City,Arsenal,5,0,H,1764.1,1591.1,172.9,11,19,8,2,2,5,0,0,5,1.8,3.2,1.4,0.4,5,1.8,1.2,1.0,0.4,5,1.8,2.4,1.2,0.4,10,1.9,1.5,0.8,0.4,10,1.8,3.4,1.2,0.4,5,2.4,1.8,0.6,0.6,5
2021-08-29,2021-22,Burnley,Leeds United,1,1,D,1464.3,1557.8,-93.5,18,16,-2,2,2,0,2,0,2,0.0,0.2,2.4,0.0,5,2.0,2.4,1.6,0.4,5,0.6,1.0,1.9,0.2,10,1.8,1.8,1.3,0.3,10,0.0,0.6,2.6,0.0,5,1.8,1.8,1.6,0.4,5
2021-08-29,2021-22,Tottenham,Watford,1,0,H,1624.4,1443.1,181.3,6,12,6,2,2,2,1,2,5,2.4,1.8,0.8,0.6,5,0.6,1.2,2.8,0.0,5,1.9,1.9,1.3,0.4,10,0.9,1.1,2.3,0.0,10,2.4,2.0,0.6,0.6,5,0.0,0.6,2.4,0.0,5
2021-08-29,2021-22,Wolverhampton Wanderers,Manchester United,0,1,A,1504.1,1685.6,-181.5,18,10,-8,2,2,1,2,2,5,0.0,0.2,1.4,0.0,5,1.6,2.2,1.6,0.0,5,1.0,0.6,1.3,0.2,10,1.8,2.1,1.3,0.1,10,1.2,0.8,1.6,0.2,5,2.2,1.8,0.8,0.2,5
2021-09-11,2021-22,Crystal Palace,Tottenham,3,0,H,1477.9,1627.7,-149.8,14,1,-13,3,3,0,3,2,5,0.4,0.6,2.0,0.2,5,2.4,1.6,0.8,0.6,5,0.8,1.0,1.9,0.2,10,2.2,1.9,1.0,0.5,10,0.8,1.0,2.2,0.2,5,1.6,2.0,1.8,0.2,5
2021-09-11,2021-22,Arsenal,Norwich City,1,0,H,1587.7,1361.1,226.6,20,19,-1,3,3,1,0,1,2,1.2,1.0,2.0,0.2,5,0.0,0.2,3.4,0.0,5,1.6,1.2,1.3,0.3,10,0.0,0.2,2.9,0.0,10,1.4,1.2,1.0,0.2,5,0.0,0.2,3.4,0.0,5
2021-09-11,2021-22,Brentford,Brighton and Hove Albion,0,1,A,1515.1,1493.0,22.1,10,8,-2,3,3,0,0,0,0,1.6666666666666667,1.0,0.3333333333333333,0.6666666666666666,3,1.8,1.4,1.4,0.2,5,1.6666666666666667,1.0,0.3333333333333333,0.6666666666666666,3,1.4,1.1,1.1,0.3,10,3.0,2.0,0.0,1.0,1,0.8,0.6,1.2,0.2,5
2021-09-11,2021-22,Leicester City,Manchester City,0,1,A,1593.0,1767.5,-174.6,9,8,-1,3,3,1,4,0,5,1.2,1.4,2.2,0.2,5,1.8,3.4,0.8,0.6,5,1.6,1.7,1.8,0.2,10,1.8,2.7,1.2,0.4,10,1.8,2.0,1.8,0.4,5,1.8,2.0,1.6,0.2,5
2021-09-11,2021-22,Manchester United,Newcastle United,4,1,H,1693.3,1481.8,211.5,5,18,13,3,3,4,1,0,5,2.2,2.0,0.8,0.2,5,1.4,1.4,1.6,0.4,5,1.8,1.9,1.2,0.2,10,1.4,1.8,1.9,0.2,10,1.4,2.4,1.8,0.0,5,2.0,1.8,1.2,0.2,5
2021-09-11,2021-22,Southampton,West Ham United,0,0,D,1476.7,1586.0,-109.2,15,5,-10,3,3,0,4,1,5,0.4,0.8,2.2,0.0,5,2.6,3.2,1.2,0.2,5,0.9,1.2,1.8,0.0,10,1.7,2.1,1.3,0.1,10,1.6,1.6,1.2,0.0,5,2.0,2.4,1.6,0.0,5
2021-09-11,2021-22,Watford,Wolverhampton Wanderers,0,2,A,1439.8,1496.4,-56.6,14,19,5,3,3,2,2,0,4,0.6,1.0,2.4,0.0,5,0.0,0.2,1.2,0.0,5,0.9,1.1,2.3,0.0,10,0.7,0.5,1.4,0.1,10,1.8,1.6,2.2,0.0,5,0.8,0.4,1.0,0.2,5
2021-09-11,2021-22,Chelsea,Aston Villa,3,0,H,1665.7,1513.9,151.8,6,12,6,3,3,2,1,1,4,2.0,1.8,0.8,0.4,5,2.0,1.8,1.2,0.2,5,2.0,1.4,0.6,0.5,10,1.5,1.6,1.5,0.2,10,2.0,1.4,0.4,0.6,5,1.2,1.8,2.0,0.0,5
2021-09-12,2021-22,Leeds United,Liverpool,0,3,A,1558.0,1732.4,-174.4,17,7,-10,3,3,0,1,1,2,1.6,1.8,1.8,0.2,5,2.6,2.2,0.2,0.8,5,1.6,1.7,1.3,0.3,10,2.4,2.1,0.6,0.5,10,1.8,1.8,1.0,0.2,5,2.6,2.6,0.8,0.4,5
2021-09-13,2021-22,Everton,Burnley,3,1,H,1576.0,1464.1,112.0,8,18,10,3,3,2,2,1,5,2.0,1.6,1.6,0.4,5,0.2,0.4,1.8,0.0,5,1.7,1.1,1.1,0.5,10,0.7,1.0,1.8,0.2,10,1.4,1.4,1.2,0.2,5,1.2,1.4,1.2,0.4,5
2021-09-17,2021-22,Newcastle United,Leeds United,1,1,D,1479.0,1550.1,-71.1,19,17,-2,4,4,0,2,0,2,0.8,1.4,2.4,0.2,5,1.0,1.4,2.4,0.0,5,1.1,1.6,2.1,0.2,10,1.5,1.6,1.5,0.3,10,0.8,1.6,2.4,0.2,5,1.4,1.6,1.6,0.4,5
2021-09-18,2021-22,Wolverhampton Wanderers,Brentford,0,2,A,1507.6,1501.7,5.9,13,10,-3,4,4,0,0,0,0,0.6,0.6,1.0,0.2,5,1.25,0.75,0.5,0.5,4,0.7,0.6,1.4,0.1,10,1.25,0.75,0.5,0.5,4,0.6,0.6,1.8,0.0,5,1.0,0.5,0.5,0.5,2
2021-09-18,2021-22,Burnley,Arsenal,0,1,A,1459.5,1590.3,-130.8,19,17,-2,4,4,1,2,2,5,0.2,0.6,1.8,0.0,5,1.2,0.6,1.8,0.4,5,0.7,1.0,1.8,0.2,10,1.8,1.2,1.2,0.4,10,0.2,0.6,2.4,0.0,5,1.8,1.2,1.6,0.4,5
2021-09-18,2021-22,Liverpool,Crystal Palace,3,0,H,1740.2,1489.3,250.9,3,12,9,4,4,5,0,0,5,2.6,2.2,0.2,0.8,5,1.0,1.0,1.4,0.4,5,2.6,2.3,0.5,0.6,10,1.1,1.2,1.7,0.3,10,2.2,1.6,0.4,0.6,5,0.8,1.0,2.0,0.2,5
2021-09-18,2021-22,Manchester City,Southampton,0,0,D,1775.4,1477.0,298.4,5,14,9,4,4,4,1,0,5,2.4,3.2,0.2,0.8,5,0.6,0.8,1.8,0.2,5,2.1,2.7,1.0,0.5,10,1.0,1.1,1.6,0.1,10,1.8,3.4,0.8,0.6,5,0.2,0.8,2.4,0.0,5
2021-09-18,2021-22,Norwich City,Watford,1,3,A,1358.4,1428.5,-70.1,20,16,-4,4,4,0,2,0,2,0.0,0.2,3.2,0.0,5,0.6,1.0,2.0,0.0,5,0.0,0.2,2.6,0.0,10,0.9,1.0,2.2,0.0,10,0.0,0.2,2.4,0.0,5,0.0,0.6,2.4,0.0,5
2021-09-18,2021-22,Aston Villa,Everton,3,0,H,1510.1,1580.6,-70.5,14,5,-9,4,4,2,0,2,4,1.4,1.4,1.6,0.2,5,2.0,2.0,1.8,0.2,5,1.4,1.4,1.6,0.2,10,1.7,1.3,1.2,0.4,10,1.6,1.2,1.0,0.4,5,1.6,1.0,1.4,0.6,5
2021-09-19,2021-22,Brighton and Hove Albion,Leicester City,2,1,H,1506.4,1585.1,-78.7,6,12,6,4,4,0,4,1,5,1.8,1.0,1.0,0.4,5,1.2,1.2,2.0,0.2,5,1.6,1.2,1.1,0.3,10,1.3,1.4,1.9,0.1,10,2.0,1.6,1.0,0.4,5,1.4,1.4,1.8,0.0,5
2021-09-19,2021-22,West Ham United,Manchester United,1,2,A,1585.7,1696.2,-110.5,8,4,-4,4,4,1,3,1,5,2.2,2.6,1.0,0.4,5,2.6,2.6,0.8,0.2,5,1.8,1.9,1.0,0.2,10,1.8,2.0,1.2,0.2,10,1.4,1.8,1.0,0.2,5,2.2,1.4,0.6,0.4,5
2021-09-19,2021-22,Tottenham,Chelsea,0,3,A,1616.3,1669.5,-53.2,7,5,-2,4,4,0,4,1,5,2.4,1.4,1.0,0.6,5,2.0,2.0,0.6,0.6,5,2.1,1.7,1.1,0.5,10,2.2,1.7,0.6,0.5,10,2.4,1.8,0.4,0.8,5,2.0,1.4,0.8,0.4,5
2021-09-25,2021-22,Brentford,Liverpool,3,3,D,1514.7,1742.6,-227.9,9,2,-7,5,5,0,0,0,0,1.6,1.0,0.4,0.6,5,2.6,2.4,0.2,0.8,5,1.6,1.0,0.4,0.6,5,2.8,2.5,0.4,0.7,10,1.5,1.0,0.5,0.5,2,3.0,3.0,0.6,0.6,5
2021-09-25,2021-22,Watford,Newcastle United,1,1,D,1439.4,1478.2,-38.8,11,18,7,5,5,2,1,2,5,1.2,1.2,1.6,0.0,5,0.4,1.2,2.6,0.0,5,1.2,1.3,2.0,0.0,10,1.1,1.6,2.1,0.2,10,1.8,1.4,2.0,0.0,5,1.4,1.6,1.8,0.2,5
2021-09-25,2021-22,Leeds United,West Ham United,1,2,A,1550.9,1576.0,-25.1,18,9,-9,5,5,0,2,0,2,0.6,1.0,2.4,0.0,5,1.6,2.2,1.4,0.2,5,1.5,1.7,1.6,0.2,10,1.8,2.0,1.1,0.2,10,1.6,1.6,1.4,0.2,5,2.2,2.0,1.0,0.2,5
2021-09-25,2021-22,Leicester City,Burnley,2,2,D,1575.7,1450.4,125.3,12,19,7,5,5,3,1,1,5,1.2,1.0,1.6,0.2,5,0.2,0.6,1.8,0.0,5,1.0,1.3,2.0,0.1,10,0.4,0.6,1.9,0.1,10,1.2,1.4,2.0,0.2,5,1.2,1.4,1.2,0.4,5
2021-09-25,2021-22,Everton,Norwich City,2,0,H,1571.5,1347.6,223.9,7,20,13,5,5,1,1,0,2,2.0,2.0,1.4,0.2,5,0.0,0.4,2.8,0.0,5,1.7,1.2,1.3,0.4,10,0.0,0.3,2.8,0.0,10,1.8,1.6,1.0,0.2,5,0.0,0.2,2.8,0.0,5
2021-09-25,2021-22,Manchester United,Aston Villa,0,1,A,1705.9,1519.2,186.6,3,10,7,5,5,3,0,1,4,2.6,2.6,0.8,0.2,5,1.4,1.6,1.4,0.4,5,2.0,2.2,1.3,0.1,10,1.4,1.5,1.5,0.3,10,1.4,2.6,1.8,0.0,5,1.2,1.6,2.2,0.0,5
2021-09-25,2021-22,Chelsea,Manchester City,0,1,A,1680.8,1767.2,-86.4,2,7,5,5,5,2,3,0,5,2.6,2.4,0.2,0.8,5,2.0,2.2,0.2,0.8,5,2.2,1.9,0.6,0.5,10,1.9,2.5,0.9,0.6,10,2.4,2.0,0.4,0.6,5,1.8,1.8,1.4,0.4,5
2021-09-26,2021-22,Southampton,Wolverhampton Wanderers,0,1,A,1485.2,1494.7,-9.5,15,16,1,5,5,1,2,2,5,0.8,0.8,1.2,0.4,5,0.6,0.4,1.0,0.2,5,1.0,1.0,1.5,0.2,10,0.7,0.6,1.2,0.1,10,1.6,1.4,1.0,0.2,5,0.8,0.6,1.0,0.2,5
2021-09-26,2021-22,Arsenal,Tottenham,3,1,H,1599.5,1604.9,-5.5,14,10,-4,5,5,1,2,2,5,1.2,0.4,1.8,0.4,5,1.8,0.6,1.2,0.6,5,2.1,1.3,1.1,0.5,10,1.8,1.5,1.3,0.5,10,1.8,1.2,0.8,0.4,5,1.4,1.6,2.0,0.2,5
2021-09-27,2021-22,Crystal Palace,Brighton and Hove Albion,1,1,D,1487.0,1515.7,-28.8,15,6,-9,5,5,2,1,2,5,1.0,1.0,1.6,0.4,5,2.4,1.4,0.8,0.4,5,1.1,1.2,1.8,0.3,10,1.9,1.4,1.1,0.3,10,1.4,1.4,1.4,0.4,5,1.2,0.8,1.2,0.2,5
2021-10-02,2021-22,Manchester United,Everton,1,1,D,1689.1,1574.1,114.9,4,5,1,6,6,1,1,3,5,2.0,1.6,0.8,0.2,5,2.0,1.8,1.2,0.4,5,1.7,1.9,1.3,0.1,10,1.7,1.3,1.3,0.4,10,1.4,2.4,1.6,0.0,5,1.0,0.8,2.0,0.4,5
2021-10-02,2021-22,Burnley,Norwich City,0,0,D,1456.1,1344.9,111.2,19,20,1,6,6,2,0,0,2,0.4,0.8,1.8,0.0,5,0.0,0.4,2.6,0.0,5,0.5,0.7,1.9,0.1,10,0.0,0.2,2.8,0.0,10,0.2,0.4,2.2,0.0,5,0.0,0.0,2.8,0.0,5
2021-10-02,2021-22,Chelsea,Southampton,3,1,H,1670.4,1472.6,197.8,5,16,11,6,6,1,1,3,5,2.0,1.8,0.4,0.6,5,0.8,0.6,0.8,0.4,5,1.9,1.7,0.7,0.4,10,1.0,1.0,1.4,0.2,10,1.8,1.6,0.6,0.4,5,0.4,0.6,2.0,0.2,5
2021-10-02,2021-22,Leeds United,Watford,1,0,H,1538.8,1437.6,101.1,19,12,-7,6,6,0,0,0,0,0.6,1.0,1.8,0.0,5,0.8,0.8,1.4,0.0,5,1.5,1.8,1.6,0.2,10,1.0,1.2,2.0,0.0,10,1.4,1.8,1.8,0.0,5,0.6,1.2,2.0,0.0,5
2021-10-02,2021-22,Wolverhampton Wanderers,Newcastle United,2,1,H,1507.2,1479.9,27.3,14,19,5,6,6,0,0,5,5,1.2,0.6,0.8,0.4,5,0.6,1.0,2.0,0.0,5,0.9,0.6,1.1,0.2,10,1.2,1.7,2.0,0.2,10,0.6,0.6,1.4,0.0,5,1.4,1.6,1.8,0.2,5
2021-10-02,2021-22,Brighton and Hove Albion,Arsenal,0,0,D,1517.8,1606.8,-89.0,6,11,5,6,6,2,2,1,5,2.0,1.2,0.8,0.4,5,1.8,1.0,1.6,0.4,5,1.7,1.3,1.2,0.2,10,2.1,1.4,1.2,0.4,10,2.0,1.6,1.2,0.2,5,1.8,1.0,1.6,0.4,5
2021-10-03,2021-22,Liverpool,Manchester City,2,2,D,1739.1,1777.6,-38.6,2,6,4,6,6,1,3,1,5,2.2,2.4,0.8,0.6,5,2.6,2.4,0.0,1.0,5,2.6,2.6,0.7,0.6,10,1.9,2.4,0.9,0.6,10,2.6,2.0,0.2,0.8,5,1.8,1.6,1.4,0.4,5
2021-10-03,2021-22,West Ham United,Brentford,1,2,A,1588.1,1518.2,69.9,7,10,3,6,6,0,0,0,0,1.6,1.8,1.2,0.2,5,1.2,1.2,1.0,0.4,5,1.8,2.0,1.1,0.2,10,1.5,1.3333333333333333,0.8333333333333334,0.5,6,1.4,2.0,1.2,0.2,5,1.6666666666666667,1.0,0.3333333333333333,0.6666666666666666,3
2021-10-03,2021-22,Crystal Palace,Leicester City,2,2,D,1485.0,1570.0,-85.0,15,13,-2,6,6,1,3,1,5,1.2,1.2,1.2,0.4,5,0.8,1.2,2.0,0.0,5,0.9,1.1,1.9,0.2,10,1.0,1.4,2.1,0.1,10,1.6,1.6,1.2,0.4,5,1.2,1.4,2.0,0.0,5
2021-10-03,2021-22,Tottenham,Aston Villa,2,1,H,1597.6,1536.0,61.6,12,9,-3,6,6,3,1,0,4,1.2,0.6,1.8,0.4,5,2.0,1.4,0.8,0.6,5,1.5,1.2,1.6,0.4,10,1.7,1.5,1.2,0.4,10,1.8,1.0,1.0,0.6,5,1.2,1.4,2.0,0.2,5
2021-10-16,2021-22,Watford,Liverpool,0,5,A,1432.9,1737.3,-304.5,15,2,-13,7,7,1,4,0,5,0.8,0.8,1.2,0.0,5,1.8,2.4,1.2,0.4,5,0.7,1.0,2.0,0.0,10,2.4,2.4,0.7,0.6,10,1.4,1.2,2.0,0.0,5,2.6,2.8,0.8,0.6,5
2021-10-16,2021-22,Aston Villa,Wolverhampton Wanderers,2,3,A,1530.4,1513.7,16.7,10,12,2,7,7,1,2,1,4,1.4,1.2,1.2,0.4,5,1.8,1.0,0.8,0.4,5,1.6,1.6,1.4,0.3,10,0.9,0.6,1.1,0.2,10,2.2,1.6,0.4,0.6,5,1.2,0.6,0.8,0.4,5
2021-10-16,2021-22,Leicester City,Manchester United,4,2,H,1570.4,1683.6,-113.2,13,4,-9,7,7,1,3,1,5,1.0,1.4,1.6,0.0,5,2.0,1.6,0.8,0.2,5,1.1,1.4,1.9,0.1,10,1.8,1.9,1.2,0.1,10,0.8,1.4,2.2,0.2,5,2.6,1.8,0.8,0.2,5
2021-10-16,2021-22,Manchester City,Burnley,2,0,H,1779.4,1450.7,328.7,3,18,15,7,7,5,0,0,5,2.2,1.8,0.4,0.8,5,0.6,0.8,1.4,0.2,5,2.0,2.5,0.9,0.6,10,0.3,0.5,1.9,0.1,10,2.0,3.2,0.4,0.8,5,0.8,1.0,1.6,0.2,5
2021-10-16,2021-22,Norwich City,Brighton and Hove Albion,0,0,D,1350.3,1517.4,-167.1,20,6,-14,7,7,0,2,0,2,0.2,0.4,1.6,0.2,5,1.6,0.8,0.8,0.4,5,0.1,0.2,2.4,0.1,10,1.8,1.2,1.0,0.3,10,0.0,0.4,2.8,0.0,5,1.4,1.0,1.2,0.2,5
2021-10-16,2021-22,Southampton,Leeds United,1,0,H,1469.6,1543.6,-74.0,17,16,-1,7,7,0,2,0,2,0.6,0.6,1.2,0.4,5,1.0,0.8,1.4,0.2,5,0.7,0.8,1.6,0.2,10,1.5,1.6,1.5,0.3,10,1.0,0.8,1.0,0.2,5,1.6,1.8,1.4,0.4,5
2021-10-16,2021-22,Brentford,Chelsea,0,1,A,1532.7,1673.5,-140.7,7,3,-4,7,7,0,0,0,0,1.6,1.6,1.2,0.2,5,2.0,2.0,0.6,0.4,5,1.7142857142857142,1.4285714285714286,0.8571428571428571,0.42857142857142855,7,1.9,1.8,0.7,0.4,10,1.3333333333333333,1.6666666666666667,1.3333333333333333,0.3333333333333333,3,2.0,1.8,0.8,0.4,5
2021-10-17,2021-22,Everton,West Ham United,0,1,A,1579.6,1573.6,6.1,6,10,4,7,7,3,1,1,5,2.0,1.6,1.0,0.4,5,1.0,1.2,1.4,0.2,5,1.7,1.4,1.4,0.3,10,1.8,2.1,1.2,0.2,10,2.4,1.8,0.6,0.4,5,2.2,2.0,1.0,0.2,5
2021-10-17,2021-22,Newcastle United,Tottenham,2,3,A,1473.4,1603.2,-129.8,18,10,-8,7,7,1,2,2,5,0.6,1.2,2.0,0.0,5,1.2,0.8,2.0,0.2,5,0.9,1.4,2.0,0.2,10,1.8,1.3,1.4,0.4,10,1.0,1.8,2.2,0.2,5,1.2,1.4,2.2,0.2,5
2021-10-18,2021-22,Arsenal,Crystal Palace,2,2,D,1607.1,1484.5,122.6,13,14,1,7,7,1,1,3,5,2.0,1.0,1.2,0.6,5,1.2,1.6,1.6,0.2,5,1.9,1.1,1.1,0.5,10,1.0,1.2,1.8,0.2,10,2.4,1.8,0.8,0.4,5,0.2,0.6,2.6,0.0,5
2021-10-22,2021-22,Arsenal,Aston Villa,3,1,H,1601.5,1517.1,84.3,12,13,1,8,8,1,3,0,4,2.2,1.4,0.6,0.6,5,1.2,1.4,1.6,0.4,5,1.7,1.2,1.3,0.4,10,1.6,1.6,1.4,0.3,10,2.0,1.6,1.0,0.4,5,1.2,1.2,1.8,0.2,5
2021-10-23,2021-22,Southampton,Burnley,2,2,D,1478.8,1449.1,29.7,15,18,3,8,8,2,2,1,5,1.0,0.4,0.8,0.6,5,0.4,0.6,1.6,0.2,5,0.7,0.6,1.5,0.3,10,0.3,0.5,1.7,0.1,10,1.0,0.4,0.8,0.4,5,0.2,0.6,2.0,0.0,5
2021-10-23,2021-22,Brighton and Hove Albion,Manchester City,1,4,A,1515.5,1780.9,-265.4,4,3,-1,8,8,1,4,0,5,1.8,0.8,0.4,0.6,5,2.2,1.2,0.4,0.8,5,1.8,1.1,0.9,0.4,10,2.0,2.3,0.6,0.7,10,2.0,1.4,1.0,0.4,5,1.4,1.2,1.2,0.4,5
2021-10-23,2021-22,Everton,Watford,2,5,A,1566.7,1428.1,138.5,8,16,8,8,8,2,2,1,5,1.4,1.2,1.2,0.2,5,0.8,0.8,2.0,0.0,5,1.7,1.4,1.4,0.3,10,0.7,0.9,2.2,0.0,10,2.4,1.8,0.6,0.4,5,0.6,1.0,1.6,0.0,5
2021-10-23,2021-22,Crystal Palace,Newcastle United,1,1,D,1490.2,1464.3,25.9,15,19,4,8,8,3,2,0,5,1.2,1.6,1.6,0.2,5,0.4,1.2,2.2,0.0,5,0.8,1.1,1.8,0.2,10,0.9,1.3,1.9,0.2,10,1.2,1.4,1.2,0.4,5,0.8,1.0,1.8,0.2,5
2021-10-23,2021-22,Chelsea,Norwich City,7,0,H,1682.3,1352.2,330.1,2,20,18,8,8,2,0,0,2,2.4,2.0,0.4,0.6,5,0.4,0.2,1.2,0.4,5,2.2,1.9,0.6,0.5,10,0.2,0.2,2.3,0.2,10,2.4,2.2,0.6,0.4,5,0.2,0.0,2.6,0.2,5
2021-10-23,2021-22,Leeds United,Wolverhampton Wanderers,1,1,D,1534.3,1526.9,7.4,17,11,-6,8,8,0,2,0,2,0.8,0.6,1.4,0.2,5,2.4,1.6,1.0,0.4,5,1.2,1.2,1.6,0.2,10,1.2,0.9,1.1,0.2,10,1.4,1.4,1.6,0.2,5,1.8,1.2,0.8,0.4,5
2021-10-24,2021-22,Brentford,Leicester City,1,2,A,1523.9,1580.8,-56.9,11,12,1,8,8,0,0,0,0,1.4,1.4,1.2,0.2,5,1.0,1.8,1.8,0.0,5,1.5,1.25,0.875,0.375,8,1.1,1.6,2.0,0.1,10,1.0,1.25,1.25,0.25,4,0.8,1.4,2.2,0.0,5
2021-10-24,2021-22,West Ham United,Tottenham,1,0,H,1586.5,1612.4,-25.8,7,5,-2,8,8,2,2,1,5,1.4,1.0,1.0,0.4,5,1.2,1.2,2.4,0.0,5,2.0,2.1,1.1,0.3,10,1.8,1.4,1.6,0.3,10,1.4,2.2,1.4,0.2,5,1.8,1.8,2.0,0.2,5
2021-10-24,2021-22,Manchester United,Liverpool,0,5,A,1673.2,1742.0,-68.8,7,3,-4,8,8,0,2,3,5,1.4,1.8,1.6,0.0,5,2.2,3.2,1.0,0.6,5,1.8,1.9,1.2,0.1,10,2.4,2.7,0.6,0.7,10,1.6,2.2,1.0,0.0,5,2.6,3.4,0.6,0.8,5
2021-10-30,2021-22,Watford,Southampton,0,1,A,1444.1,1475.3,-31.2,14,16,2,9,9,0,2,3,5,1.4,1.8,2.0,0.0,5,1.0,0.8,1.2,0.4,5,1.0,1.4,2.0,0.0,10,0.8,0.8,1.5,0.3,10,0.8,0.8,2.8,0.0,5,0.4,0.8,2.2,0.2,5
2021-10-30,2021-22,Leicester City,Arsenal,0,2,A,1592.0,1606.6,-14.6,9,10,1,9,9,3,1,1,5,1.6,2.2,1.8,0.0,5,2.2,1.8,0.8,0.4,5,1.4,1.7,1.9,0.1,10,1.7,1.2,1.3,0.4,10,1.4,1.8,1.8,0.2,5,1.4,0.8,1.6,0.4,5
2021-10-30,2021-22,Burnley,Brentford,3,1,H,1452.7,1512.7,-60.0,18,12,-6,9,9,0,0,0,0,0.6,0.8,1.4,0.2,5,1.4,1.6,1.4,0.2,5,0.4,0.7,1.6,0.1,10,1.3333333333333333,1.2222222222222223,1.0,0.3333333333333333,9,0.4,0.4,1.4,0.2,5,2.0,1.25,0.5,0.5,4
2021-10-30,2021-22,Liverpool,Brighton and Hove Albion,2,2,D,1752.9,1510.0,243.0,2,6,4,9,9,3,1,1,5,2.2,3.6,1.0,0.6,5,1.2,0.8,1.2,0.4,5,2.4,2.9,0.6,0.7,10,1.5,0.9,1.1,0.4,10,2.2,2.0,0.6,0.6,5,1.6,0.8,0.8,0.4,5
2021-10-30,2021-22,Manchester City,Crystal Palace,0,2,A,1786.5,1486.7,299.8,3,16,13,9,9,4,0,1,5,2.2,1.8,0.6,0.6,5,0.8,1.2,1.8,0.0,5,2.3,2.5,0.4,0.7,10,0.9,1.1,1.6,0.2,10,2.6,3.4,0.0,1.0,5,0.4,0.8,2.4,0.0,5
2021-10-30,2021-22,Newcastle United,Chelsea,0,3,A,1467.7,1683.9,-216.1,19,2,-17,9,9,1,4,0,5,0.6,1.2,1.6,0.0,5,2.4,2.8,0.4,0.6,5,0.7,1.3,2.0,0.1,10,2.2,2.4,0.5,0.6,10,1.0,1.6,2.0,0.2,5,2.0,1.6,0.6,0.6,5
2021-10-30,2021-22,Tottenham,Manchester United,0,3,A,1604.5,1662.3,-57.8,7,8,1,9,9,1,3,1,5,1.2,1.2,2.0,0.0,5,0.8,1.0,2.4,0.0,5,1.8,1.3,1.5,0.3,10,1.7,1.8,1.6,0.1,10,1.8,1.0,1.2,0.4,5,2.0,1.6,1.4,0.2,5
2021-10-31,2021-22,Aston Villa,West Ham United,1,4,A,1512.0,1594.4,-82.5,15,4,-11,9,9,0,2,2,4,1.2,1.6,1.6,0.4,5,1.8,1.2,1.0,0.4,5,1.3,1.5,1.6,0.3,10,2.0,1.9,1.0,0.4,10,2.0,2.0,1.0,0.4,5,2.6,2.0,0.8,0.4,5
2021-10-31,2021-22,Norwich City,Leeds United,1,2,A,1350.7,1531.3,-180.6,20,18,-2,9,9,0,0,0,0,0.4,0.2,2.4,0.4,5,1.0,0.8,1.0,0.2,5,0.2,0.2,2.8,0.2,10,1.0,1.1,1.7,0.1,10,0.2,0.4,2.0,0.2,5,1.0,1.0,1.6,0.2,5
2021-11-01,2021-22,Wolverhampton Wanderers,Everton,2,1,H,1529.9,1550.7,-20.8,11,9,-2,9,9,2,3,0,5,2.0,1.4,1.2,0.2,5,0.8,1.0,2.0,0.2,5,1.3,1.0,1.1,0.2,10,1.4,1.5,1.9,0.2,10,0.6,0.6,1.4,0.0,5,1.0,1.0,2.2,0.2,5
2021-11-05,2021-22,Southampton,Aston Villa,1,0,H,1487.2,1501.5,-14.3,14,15,1,10,10,3,1,0,4,1.4,1.0,1.2,0.4,5,0.6,1.2,2.4,0.2,5,1.1,0.9,1.2,0.4,10,1.0,1.4,1.9,0.3,10,1.2,0.8,0.8,0.4,5,0.6,1.0,2.2,0.2,5
2021-11-06,2021-22,Manchester United,Manchester City,0,2,A,1673.5,1768.3,-94.8,5,3,-2,10,10,3,1,1,5,0.8,1.2,2.2,0.2,5,2.0,1.8,1.0,0.4,5,1.7,1.9,1.5,0.2,10,2.0,2.0,0.6,0.6,10,1.4,2.0,1.8,0.0,5,2.0,1.6,0.8,0.4,5
2021-11-06,2021-22,Brentford,Norwich City,1,2,A,1503.8,1343.0,160.9,13,20,7,10,10,0,0,0,0,0.8,1.4,2.0,0.0,5,0.4,0.2,2.2,0.4,5,1.2,1.2,1.2,0.3,10,0.2,0.3,2.5,0.2,10,0.8,1.2,1.4,0.2,5,0.2,0.0,3.0,0.2,5
2021-11-06,2021-22,Chelsea,Burnley,1,1,D,1690.6,1461.5,229.1,1,18,17,10,10,4,0,1,5,2.4,2.8,0.4,0.6,5,1.2,1.4,1.4,0.2,5,2.5,2.6,0.3,0.7,10,0.7,1.0,1.6,0.1,10,2.4,3.2,0.4,0.6,5,0.4,1.0,2.2,0.0,5
2021-11-06,2021-22,Crystal Palace,Wolverhampton Wanderers,2,0,H,1504.9,1537.7,-32.8,14,7,-7,10,10,2,2,1,5,1.4,1.6,1.2,0.2,5,2.6,1.8,1.0,0.2,5,1.2,1.3,1.4,0.3,10,1.6,1.1,1.0,0.2,10,1.4,1.4,0.8,0.4,5,2.0,1.4,0.8,0.4,5
2021-11-06,2021-22,Brighton and Hove Albion,Newcastle United,1,1,D,1517.5,1461.0,56.6,7,20,13,10,10,2,0,3,5,0.8,0.8,1.4,0.4,5,0.4,1.0,2.0,0.0,5,1.6,1.1,1.1,0.4,10,0.4,1.1,2.3,0.0,10,1.4,1.0,1.4,0.4,5,0.4,0.8,2.0,0.0,5
2021-11-07,2021-22,Leeds United,Leicester City,1,1,D,1539.0,1579.6,-40.6,17,12,-5,10,10,1,1,0,2,1.4,1.0,1.0,0.2,5,1.6,2.0,1.8,0.0,5,1.0,1.0,1.7,0.1,10,1.4,1.5,1.7,0.1,10,1.0,1.0,1.6,0.2,5,1.4,1.6,2.0,0.0,5
2021-11-07,2021-22,West Ham United,Liverpool,3,2,H,1604.9,1745.4,-140.4,4,3,-1,10,10,0,4,1,5,2.4,1.8,0.8,0.4,5,1.8,3.4,1.4,0.4,5,2.0,2.0,1.1,0.3,10,2.2,2.9,0.8,0.6,10,1.4,1.8,1.4,0.2,5,2.6,3.8,0.6,0.8,5
2021-11-07,2021-22,Arsenal,Watford,1,0,H,1619.0,1432.1,186.9,7,17,10,10,10,4,0,1,5,2.2,2.0,0.8,0.4,5,0.8,1.2,2.0,0.0,5,1.7,1.2,1.3,0.4,10,1.0,1.2,1.8,0.0,10,2.0,1.8,1.2,0.2,5,1.2,1.6,1.4,0.0,5
2021-11-07,2021-22,Everton,Tottenham,0,0,D,1543.0,1593.3,-50.3,12,11,-1,10,10,1,1,3,5,0.8,1.2,1.8,0.2,5,1.2,1.2,2.0,0.0,5,1.4,1.6,1.6,0.2,10,1.5,0.9,1.6,0.3,10,1.8,2.0,1.6,0.2,5,1.2,1.0,1.8,0.2,5
2021-11-20,2021-22,Wolverhampton Wanderers,West Ham United,1,0,H,1529.6,1616.1,-86.5,8,3,-5,11,11,3,2,0,5,2.0,1.6,1.4,0.0,5,2.4,2.0,1.0,0.4,5,1.6,1.1,1.1,0.2,10,2.0,1.9,1.1,0.3,10,1.2,0.8,1.2,0.0,5,2.6,2.2,0.8,0.4,5
2021-11-20,2021-22,Watford,Manchester United,4,1,H,1428.9,1663.4,-234.4,17,7,-10,11,11,1,4,0,5,0.6,1.0,2.0,0.0,5,0.8,1.2,2.4,0.2,5,0.7,0.9,1.7,0.0,10,1.4,1.4,1.6,0.2,10,0.8,0.8,2.2,0.0,5,2.0,1.8,1.2,0.4,5
2021-11-20,2021-22,Liverpool,Arsenal,4,0,H,1734.2,1622.2,112.0,4,5,1,11,11,4,1,0,5,1.6,3.2,1.4,0.4,5,2.2,1.6,0.6,0.6,5,1.9,2.8,1.1,0.5,10,2.0,1.3,1.1,0.5,10,1.8,2.0,1.0,0.4,5,1.4,0.6,1.4,0.6,5
2021-11-20,2021-22,Norwich City,Southampton,2,1,H,1359.3,1494.8,-135.5,20,13,-7,11,11,0,2,0,2,1.0,0.6,2.0,0.4,5,2.0,1.2,1.0,0.6,5,0.5,0.5,2.3,0.2,10,1.4,0.9,0.9,0.5,10,0.2,0.6,2.0,0.2,5,1.0,1.0,1.6,0.4,5
2021-11-20,2021-22,Burnley,Crystal Palace,3,3,D,1468.9,1513.0,-44.1,18,10,-8,11,11,3,2,0,5,1.2,1.2,1.2,0.2,5,1.8,1.8,1.0,0.4,5,0.8,1.0,1.5,0.1,10,1.5,1.5,1.1,0.4,10,1.0,1.0,1.0,0.2,5,1.0,1.2,2.0,0.2,5
2021-11-20,2021-22,Newcastle United,Brentford,3,3,D,1465.2,1487.5,-22.3,20,15,-5,11,11,0,0,0,0,0.4,1.0,2.0,0.0,5,0.6,1.0,1.8,0.0,5,0.5,1.0,2.0,0.0,10,0.9,1.1,1.4,0.2,10,0.4,1.4,2.6,0.0,5,1.6,1.2,1.0,0.4,5
2021-11-20,2021-22,Aston Villa,Brighton and Hove Albion,2,0,H,1493.9,1513.3,-19.4,17,7,-10,11,11,1,1,2,4,0.0,1.0,2.6,0.0,5,0.8,0.8,1.4,0.4,5,1.0,1.2,1.7,0.3,10,1.4,1.0,1.1,0.4,10,1.4,1.8,1.6,0.4,5,1.8,1.2,0.8,0.4,5
2021-11-20,2021-22,Leicester City,Chelsea,0,3,A,1581.3,1683.3,-102.0,12,1,-11,11,11,1,1,3,5,1.6,1.8,1.6,0.0,5,2.6,3.0,0.4,0.6,5,1.2,1.5,1.8,0.0,10,2.3,2.4,0.4,0.6,10,1.4,1.4,1.4,0.2,5,2.6,2.0,0.2,0.8,5
2021-11-21,2021-22,Manchester City,Everton,3,0,H,1778.5,1541.5,236.9,3,11,8,11,11,5,0,0,5,2.0,2.0,1.0,0.4,5,0.4,0.8,1.8,0.2,5,2.3,2.2,0.5,0.7,10,1.2,1.3,1.5,0.3,10,2.0,2.4,0.4,0.8,5,1.0,1.2,1.6,0.2,5
2021-11-21,2021-22,Tottenham,Leeds United,2,1,H,1594.7,1537.3,57.4,10,17,7,11,11,1,1,0,2,1.4,1.0,1.4,0.2,5,1.6,1.0,0.8,0.2,5,1.3,0.8,1.6,0.3,10,1.1,1.0,1.3,0.1,10,1.8,0.8,1.4,0.4,5,1.0,1.0,1.8,0.0,5
2021-11-27,2021-22,Arsenal,Newcastle United,2,0,H,1617.7,1463.0,154.7,5,20,15,12,12,5,0,0,5,2.0,1.6,1.4,0.4,5,0.6,1.4,2.2,0.0,5,2.0,1.3,1.3,0.5,10,0.6,1.3,2.1,0.0,10,2.6,2.0,0.8,0.4,5,0.6,1.0,1.8,0.0,5
2021-11-27,2021-22,Crystal Palace,Aston Villa,1,2,A,1514.6,1501.6,13.0,10,16,6,12,12,2,2,0,4,1.8,2.0,1.2,0.4,5,0.6,1.2,2.2,0.2,5,1.5,1.8,1.4,0.3,10,1.0,1.2,1.7,0.3,10,1.8,1.8,0.8,0.4,5,0.6,0.6,1.8,0.2,5
2021-11-27,2021-22,Liverpool,Southampton,4,0,H,1738.8,1483.8,255.0,3,14,11,12,12,4,1,0,5,2.0,3.6,1.0,0.6,5,2.0,1.2,0.8,0.6,5,1.9,3.0,1.1,0.5,10,1.3,0.9,1.0,0.5,10,1.8,2.4,1.0,0.4,5,1.0,1.0,1.4,0.4,5
2021-11-27,2021-22,Norwich City,Wolverhampton Wanderers,0,0,D,1370.3,1539.2,-168.9,19,6,-13,12,12,0,2,0,2,1.4,1.0,2.2,0.2,5,2.0,1.4,1.2,0.2,5,0.8,0.7,1.9,0.2,10,1.9,1.2,1.0,0.3,10,0.8,1.0,1.6,0.2,5,2.0,1.4,1.0,0.4,5
2021-11-27,2021-22,Brighton and Hove Albion,Leeds United,0,0,D,1505.6,1531.6,-26.0,9,17,8,12,12,2,0,0,2,0.6,0.8,1.8,0.2,5,1.0,1.0,1.2,0.0,5,1.1,0.8,1.3,0.3,10,1.0,0.9,1.3,0.1,10,1.0,0.8,1.6,0.2,5,1.0,1.0,1.2,0.0,5
2021-11-28,2021-22,Chelsea,Manchester United,1,1,D,1693.2,1649.7,43.5,1,9,8,12,12,0,2,3,5,2.6,3.0,0.2,0.8,5,0.6,1.2,3.0,0.2,5,2.3,2.5,0.4,0.6,10,1.3,1.4,1.9,0.2,10,2.0,2.8,0.6,0.4,5,1.8,1.8,1.8,0.4,5
2021-11-28,2021-22,Manchester City,West Ham United,2,1,H,1781.0,1606.5,174.5,3,4,1,12,12,4,0,1,5,2.4,2.2,0.6,0.6,5,2.4,1.8,0.8,0.4,5,2.3,2.0,0.5,0.7,10,1.7,1.5,1.1,0.3,10,2.0,2.0,0.4,0.8,5,2.0,1.4,0.6,0.4,5
2021-11-28,2021-22,Brentford,Everton,1,0,H,1489.7,1539.0,-49.4,15,12,-3,12,12,0,0,0,0,0.2,1.2,2.2,0.0,5,0.2,0.6,2.2,0.2,5,0.9,1.4,1.7,0.1,10,1.1,1.1,1.6,0.3,10,0.2,1.0,1.8,0.0,5,0.8,0.8,1.8,0.2,5
2021-11-28,2021-22,Leicester City,Watford,4,2,H,1571.4,1442.6,128.7,14,16,2,12,12,3,1,1,5,1.4,1.4,1.8,0.0,5,1.2,1.8,2.0,0.0,5,1.2,1.4,1.7,0.0,10,1.0,1.3,1.6,0.0,10,0.8,1.2,2.0,0.0,5,1.2,1.6,1.2,0.0,5
2021-11-30,2021-22,Newcastle United,Norwich City,1,1,D,1459.2,1372.3,86.9,20,19,-1,13,13,0,1,1,2,0.6,1.0,2.0,0.0,5,1.4,1.0,2.2,0.2,5,0.5,1.1,2.1,0.0,10,0.9,0.6,1.7,0.3,10,0.6,1.6,2.4,0.0,5,0.8,0.4,2.2,0.2,5
2021-11-30,2021-22,Leeds United,Crystal Palace,1,0,H,1533.7,1501.4,32.2,17,11,-6,13,13,1,1,0,2,1.2,1.0,1.0,0.2,5,1.6,1.8,1.2,0.4,5,1.0,0.8,1.2,0.2,10,1.4,1.7,1.4,0.3,10,1.0,0.8,1.4,0.2,5,1.2,1.8,2.0,0.2,5
2021-12-01,2021-22,Southampton,Leicester City,2,2,D,1481.5,1575.6,-94.1,16,10,-6,13,13,2,2,1,5,1.4,1.0,1.6,0.4,5,1.4,1.4,1.8,0.0,5,1.2,0.7,1.2,0.5,10,1.2,1.6,1.8,0.0,10,1.6,0.8,0.6,0.6,5,1.6,1.6,1.4,0.0,5
2021-12-01,2021-22,Watford,Chelsea,1,2,A,1438.4,1689.3,-250.9,17,1,-16,13,13,1,4,0,5,1.2,2.2,1.8,0.0,5,2.2,3.0,0.4,0.6,5,1.0,1.5,1.9,0.0,10,2.3,2.5,0.4,0.6,10,0.8,1.0,2.0,0.0,5,2.6,2.2,0.2,0.8,5
2021-12-01,2021-22,West Ham United,Brighton and Hove Albion,1,1,D,1603.1,1503.5,99.6,4,10,6,13,13,0,0,5,5,1.8,1.8,1.2,0.2,5,0.6,0.8,1.8,0.2,5,1.6,1.4,1.1,0.3,10,1.2,0.8,1.1,0.4,10,1.4,1.6,1.6,0.2,5,1.2,0.8,1.0,0.4,5
2021-12-01,2021-22,Wolverhampton Wanderers,Burnley,0,0,D,1537.3,1467.3,69.9,6,19,13,13,12,0,3,2,5,1.6,0.8,0.8,0.4,5,1.2,1.8,1.8,0.0,5,2.0,1.2,0.9,0.4,10,0.9,1.3,1.6,0.1,10,1.8,1.0,1.0,0.2,5,0.6,1.2,2.0,0.0,5
2021-12-01,2021-22,Aston Villa,Manchester City,1,2,A,1514.8,1784.4,-269.7,13,2,-11,13,13,0,4,0,4,1.2,1.2,1.8,0.2,5,2.4,2.2,0.8,0.4,5,1.2,1.3,1.7,0.3,10,2.3,1.7,0.6,0.6,10,1.4,1.8,1.6,0.4,5,2.6,2.0,0.6,0.6,5
2021-12-01,2021-22,Everton,Liverpool,1,4,A,1530.5,1741.1,-210.6,14,3,-11,13,13,1,1,3,5,0.2,0.6,2.2,0.2,5,2.0,3.4,1.0,0.6,5,0.8,0.9,1.7,0.2,10,2.1,3.3,1.0,0.6,10,1.4,1.4,1.4,0.4,5,2.0,3.6,1.2,0.6,5
2021-12-02,2021-22,Tottenham,Brentford,2,0,H,1600.5,1498.2,102.2,9,11,2,12,13,0,0,0,0,1.4,1.0,1.4,0.2,5,0.8,1.4,2.0,0.2,5,1.3,0.9,1.7,0.2,10,1.1,1.4,1.6,0.2,10,1.8,1.0,1.6,0.2,5,1.6,1.8,1.6,0.2,5
2021-12-02,2021-22,Manchester United,Arsenal,3,2,H,1653.6,1621.4,32.2,10,5,-5,13,13,0,3,2,5,0.8,1.0,2.4,0.2,5,2.4,1.6,1.0,0.6,5,1.1,1.4,2.0,0.1,10,2.3,1.5,0.8,0.6,10,0.8,1.0,2.0,0.0,5,1.4,0.6,1.8,0.6,5
2021-12-04,2021-22,Wolverhampton Wanderers,Liverpool,0,1,A,1532.7,1748.0,-215.3,8,3,-5,14,14,0,5,0,5,1.6,0.6,0.6,0.6,5,2.0,3.2,1.2,0.4,5,1.8,1.0,0.9,0.4,10,2.1,3.4,1.1,0.5,10,2.0,1.0,0.8,0.4,5,2.0,3.8,1.4,0.4,5
2021-12-04,2021-22,Southampton,Brighton and Hove Albion,1,1,D,1481.3,1508.7,-27.4,16,9,-7,14,14,3,1,1,5,1.4,1.0,1.6,0.4,5,0.8,0.8,1.2,0.2,5,1.2,0.9,1.4,0.4,10,1.0,0.8,1.2,0.3,10,1.6,1.2,1.0,0.4,5,0.8,0.8,1.2,0.2,5
2021-12-04,2021-22,Watford,Manchester City,1,3,A,1432.5,1789.9,-357.4,17,3,-14,14,14,0,5,0,5,0.6,1.4,1.8,0.0,5,2.4,1.8,0.8,0.4,5,1.0,1.6,1.9,0.0,10,2.3,1.8,0.7,0.5,10,0.8,1.2,2.0,0.0,5,2.6,2.2,0.8,0.4,5
2021-12-04,2021-22,West Ham United,Chelsea,3,2,H,1597.9,1695.2,-97.3,4,3,-1,14,14,2,3,0,5,1.4,1.8,1.4,0.0,5,2.2,2.0,0.6,0.4,5,1.6,1.5,1.2,0.2,10,2.3,2.4,0.5,0.5,10,1.4,1.4,1.4,0.2,5,3.0,2.4,0.2,0.8,5
2021-12-04,2021-22,Newcastle United,Burnley,1,0,H,1454.3,1471.9,-17.5,20,18,-2,14,13,3,1,1,5,0.6,1.0,2.0,0.0,5,1.4,1.8,1.4,0.2,5,0.6,1.1,1.8,0.0,10,0.9,1.2,1.5,0.2,10,0.6,1.4,2.2,0.0,5,0.8,1.0,1.4,0.2,5
2021-12-05,2021-22,Leeds United,Brentford,2,2,D,1540.0,1493.5,46.6,16,12,-4,14,14,0,0,0,0,1.6,1.0,0.8,0.4,5,0.8,1.2,2.0,0.2,5,1.3,0.9,0.9,0.3,10,1.1,1.4,1.7,0.2,10,1.6,1.0,0.8,0.4,5,1.4,1.6,1.8,0.2,5
2021-12-05,2021-22,Manchester United,Crystal Palace,1,0,H,1660.0,1495.1,164.9,7,12,5,14,14,2,2,1,5,1.4,1.6,1.8,0.2,5,1.4,1.6,1.2,0.4,5,1.1,1.3,2.1,0.1,10,1.1,1.4,1.5,0.2,10,0.8,0.8,2.2,0.0,5,1.0,1.4,1.8,0.2,5
2021-12-05,2021-22,Tottenham,Norwich City,3,0,H,1605.2,1377.2,228.0,7,20,13,13,14,1,0,1,2,1.4,0.8,1.0,0.4,5,1.6,1.2,1.0,0.2,5,1.3,1.0,1.7,0.2,10,1.0,0.7,1.7,0.3,10,1.8,1.2,1.6,0.2,5,1.0,0.6,2.2,0.2,5
2021-12-05,2021-22,Aston Villa,Leicester City,2,1,H,1509.3,1575.8,-66.5,13,10,-3,14,14,1,3,0,4,1.2,1.2,1.6,0.2,5,1.0,1.4,2.0,0.0,5,1.2,1.4,1.6,0.3,10,1.3,1.8,1.9,0.0,10,1.2,1.8,1.8,0.4,5,1.2,1.6,1.6,0.0,5
2021-12-06,2021-22,Everton,Arsenal,2,1,H,1523.6,1615.1,-91.5,16,7,-9,14,14,3,1,1,5,0.2,0.4,2.0,0.2,5,1.8,1.4,1.4,0.6,5,0.5,0.7,2.0,0.2,10,2.0,1.6,1.1,0.5,10,0.8,1.0,2.0,0.4,5,1.4,1.0,1.4,0.6,5
2021-12-10,2021-22,Brentford,Watford,2,1,H,1497.5,1428.8,68.7,13,17,4,15,15,0,0,0,0,1.0,1.4,1.8,0.2,5,0.6,1.6,2.2,0.0,5,0.9,1.4,1.9,0.1,10,0.7,1.4,2.1,0.0,10,0.8,1.2,1.6,0.2,5,1.2,2.0,1.8,0.0,5
2021-12-11,2021-22,Manchester City,Wolverhampton Wanderers,1,0,H,1793.6,1525.9,267.7,1,8,7,15,15,3,2,0,5,3.0,2.4,0.6,0.4,5,1.0,0.2,0.6,0.6,5,2.5,2.1,0.8,0.4,10,1.8,1.0,0.8,0.4,10,2.0,1.4,0.6,0.6,5,1.6,1.0,1.0,0.4,5
2021-12-11,2021-22,Arsenal,Southampton,3,0,H,1605.3,1479.3,126.0,7,16,9,15,15,3,0,2,5,1.2,1.2,1.8,0.4,5,1.0,1.0,1.8,0.2,5,1.7,1.6,1.3,0.4,10,1.2,1.0,1.5,0.3,10,2.6,2.2,0.8,0.4,5,0.8,0.6,1.8,0.4,5
2021-12-11,2021-22,Chelsea,Leeds United,3,2,H,1685.3,1536.1,149.2,3,15,12,15,15,1,0,1,2,1.6,1.8,1.2,0.2,5,1.2,1.0,1.0,0.4,5,2.0,2.3,0.8,0.4,10,1.3,1.0,1.0,0.3,10,1.6,2.4,0.8,0.2,5,1.0,0.8,1.0,0.2,5
2021-12-11,2021-22,Liverpool,Aston Villa,1,0,H,1754.8,1518.3,236.5,3,11,8,15,15,3,1,0,4,2.4,3.0,0.8,0.6,5,1.8,1.4,1.0,0.2,5,2.1,3.2,1.1,0.5,10,1.2,1.3,1.7,0.2,10,2.2,3.0,0.8,0.6,5,1.2,1.0,1.4,0.2,5
2021-12-11,2021-22,Norwich City,Manchester United,0,1,A,1374.6,1663.5,-289.0,20,7,-13,15,15,0,2,0,2,1.6,1.0,1.2,0.2,5,1.4,1.2,1.8,0.2,5,1.0,0.6,1.7,0.3,10,1.1,1.2,2.0,0.2,10,1.0,0.8,1.2,0.4,5,1.4,1.8,2.0,0.2,5
2021-12-12,2021-22,Crystal Palace,Everton,3,1,H,1491.5,1533.3,-41.8,14,13,-1,15,15,0,2,3,5,0.8,1.2,1.4,0.2,5,0.8,0.6,1.8,0.2,5,1.1,1.4,1.3,0.2,10,0.8,0.9,1.8,0.2,10,1.2,1.4,1.2,0.2,5,0.2,0.4,2.0,0.0,5
2021-12-12,2021-22,Leicester City,Newcastle United,4,0,H,1566.7,1462.0,104.7,12,19,7,15,15,3,2,0,5,1.0,1.6,2.0,0.0,5,1.2,1.2,1.4,0.2,5,1.3,1.8,1.9,0.0,10,0.8,1.1,1.7,0.1,10,1.4,2.0,2.2,0.0,5,0.6,0.8,1.4,0.0,5
2021-12-12,2021-22,Burnley,West Ham United,0,0,D,1464.2,1607.8,-143.6,18,4,-14,14,15,3,2,0,5,1.2,1.4,1.2,0.2,5,1.4,1.6,1.6,0.0,5,0.9,1.1,1.3,0.2,10,1.9,1.7,1.2,0.2,10,1.2,1.4,1.2,0.2,5,1.8,1.6,1.0,0.2,5
2021-12-14,2021-22,Norwich City,Aston Villa,0,2,A,1369.5,1515.8,-146.3,20,13,-7,16,16,0,2,0,2,1.0,0.6,1.2,0.2,5,1.8,1.4,1.0,0.2,5,1.0,0.6,1.6,0.3,10,0.9,1.2,1.8,0.1,10,1.0,0.6,0.8,0.4,5,0.6,0.8,1.6,0.0,5
2021-12-14,2021-22,Manchester City,Leeds United,7,0,H,1795.7,1532.2,263.5,1,15,14,16,16,0,1,1,2,3.0,2.2,0.6,0.4,5,1.0,1.2,1.4,0.4,5,2.5,2.1,0.8,0.4,10,1.3,1.1,1.1,0.3,10,2.4,1.6,0.6,0.6,5,0.8,1.0,1.4,0.2,5
2021-12-15,2021-22,Brighton and Hove Albion,Wolverhampton Wanderers,0,1,A,1510.7,1523.8,-13.0,12,10,-2,15,16,0,1,4,5,0.8,0.6,1.0,0.2,5,1.0,0.2,0.4,0.6,5,0.8,0.7,1.2,0.3,10,1.5,0.9,0.9,0.3,10,1.2,0.8,1.2,0.4,5,1.0,0.8,1.2,0.2,5
2021-12-15,2021-22,Crystal Palace,Southampton,2,2,D,1499.8,1475.0,24.9,13,15,2,16,16,1,2,2,5,0.8,1.4,1.6,0.0,5,0.4,0.8,2.4,0.0,5,1.3,1.6,1.3,0.2,10,1.2,1.0,1.7,0.3,10,1.6,1.8,1.2,0.2,5,0.6,0.6,2.4,0.2,5
2021-12-15,2021-22,Arsenal,West Ham United,2,0,H,1609.6,1606.6,3.0,6,4,-2,16,16,3,1,1,5,1.2,1.6,1.8,0.4,5,1.0,1.0,1.2,0.2,5,1.7,1.6,1.2,0.5,10,1.7,1.5,1.1,0.3,10,2.6,2.2,0.6,0.6,5,1.4,1.2,0.8,0.4,5
2021-12-16,2021-22,Chelsea,Everton,1,1,D,1689.1,1525.0,164.2,3,14,11,16,16,2,3,0,5,2.0,2.2,1.4,0.2,5,0.6,0.8,2.4,0.0,5,2.3,2.6,0.9,0.4,10,0.5,0.8,2.1,0.1,10,2.2,3.0,1.0,0.2,5,0.2,0.6,2.0,0.0,5
2021-12-16,2021-22,Liverpool,Newcastle United,3,1,H,1757.3,1457.3,300.0,2,19,17,16,16,3,0,2,5,3.0,2.8,0.2,0.8,5,1.0,1.0,2.0,0.2,5,2.3,3.0,0.8,0.6,10,0.7,1.0,2.0,0.1,10,2.2,2.6,0.8,0.6,5,0.4,0.6,2.0,0.0,5
2021-12-18,2021-22,Leeds United,Arsenal,1,4,A,1530.0,1616.7,-86.7,16,4,-12,17,17,0,1,1,2,1.0,1.0,2.4,0.4,5,1.8,2.0,1.0,0.6,5,1.0,1.0,1.8,0.2,10,1.9,1.8,1.2,0.5,10,1.8,1.2,0.8,0.4,5,0.8,1.0,1.8,0.4,5
2021-12-19,2021-22,Newcastle United,Manchester City,0,4,A,1455.5,1797.9,-342.5,19,1,-18,17,17,1,3,1,5,0.8,0.6,2.0,0.2,5,3.0,3.0,0.6,0.4,5,0.7,1.0,2.1,0.1,10,2.7,2.6,0.6,0.5,10,1.0,1.4,2.0,0.2,5,2.6,2.6,1.0,0.2,5
2021-12-19,2021-22,Wolverhampton Wanderers,Chelsea,0,0,D,1536.2,1682.7,-146.5,8,3,-5,17,17,1,2,2,5,1.0,0.2,0.4,0.6,5,1.6,1.8,1.6,0.0,5,1.5,0.8,0.8,0.4,10,2.1,2.4,0.9,0.4,10,2.0,1.0,0.6,0.4,5,2.4,2.2,0.8,0.6,5
2021-12-19,2021-22,Tottenham,Liverpool,2,2,D,1607.8,1759.1,-151.3,7,2,-5,14,17,0,5,0,5,2.0,1.4,0.8,0.6,5,3.0,2.6,0.4,0.6,5,1.6,1.3,1.4,0.3,10,2.5,3.1,0.7,0.6,10,2.4,1.8,1.0,0.4,5,2.4,3.4,0.8,0.6,5
2021-12-26,2021-22,Aston Villa,Chelsea,1,3,A,1524.5,1681.4,-156.9,10,3,-7,17,18,1,3,1,5,1.8,1.4,1.0,0.2,5,1.6,1.6,1.4,0.2,5,1.2,1.3,1.6,0.2,10,1.9,2.3,0.9,0.4,10,1.2,1.6,2.0,0.2,5,2.0,2.0,0.8,0.6,5
2021-12-26,2021-22,Brighton and Hove Albion,Brentford,2,0,H,1498.3,1502.9,-4.7,13,12,-1,16,16,1,0,0,1,0.6,0.4,1.0,0.2,5,1.6,1.6,1.6,0.2,5,0.7,0.6,1.2,0.3,10,1.1,1.3,1.7,0.1,10,0.6,0.4,1.2,0.4,5,1.0,1.6,2.2,0.0,5
2021-12-26,2021-22,West Ham United,Southampton,2,3,A,1599.4,1478.4,121.0,5,15,10,17,17,3,0,2,5,1.0,1.0,1.4,0.2,5,0.6,1.0,2.4,0.0,5,1.7,1.4,1.1,0.3,10,1.3,1.1,1.6,0.3,10,2.0,1.8,1.4,0.2,5,0.8,0.8,2.2,0.2,5
2021-12-26,2021-22,Norwich City,Arsenal,0,5,A,1360.9,1627.1,-266.2,20,4,-16,17,18,0,2,1,3,0.4,0.2,1.4,0.2,5,1.8,2.4,1.2,0.4,5,0.9,0.6,1.8,0.2,10,2.1,2.0,1.1,0.5,10,0.8,0.6,1.2,0.2,5,1.2,1.8,2.0,0.2,5
2021-12-26,2021-22,Tottenham,Crystal Palace,3,0,H,1609.3,1496.4,112.9,7,12,5,15,17,2,1,2,5,2.2,1.8,0.6,0.6,5,0.8,1.2,1.4,0.0,5,1.7,1.5,1.3,0.3,10,1.3,1.6,1.3,0.2,10,2.0,1.8,1.2,0.4,5,1.0,1.4,1.4,0.2,5
2021-12-26,2021-22,Manchester City,Leicester City,6,3,H,1801.9,1571.4,230.5,1,10,9,18,16,4,1,0,5,3.0,3.4,0.4,0.6,5,1.4,2.2,1.8,0.2,5,2.7,2.8,0.6,0.5,10,1.5,2.0,1.7,0.1,10,2.4,2.6,0.6,0.6,5,1.2,1.6,1.6,0.0,5
2021-12-27,2021-22,Newcastle United,Manchester United,1,1,D,1451.5,1668.6,-217.1,19,7,-12,18,16,1,4,0,5,0.8,0.6,2.4,0.2,5,2.0,1.4,1.4,0.4,5,0.7,0.8,2.2,0.1,10,1.4,1.3,1.9,0.3,10,1.0,1.0,2.2,0.2,5,1.4,1.6,1.8,0.4,5
2021-12-28,2021-22,Crystal Palace,Norwich City,3,0,H,1491.8,1355.3,136.5,12,20,8,18,18,1,0,1,2,0.8,1.0,1.6,0.0,5,0.2,0.2,2.4,0.0,5,1.2,1.4,1.4,0.2,10,0.8,0.6,2.3,0.1,10,1.6,1.8,1.2,0.2,5,1.0,0.6,2.4,0.2,5
2021-12-28,2021-22,Southampton,Tottenham,1,1,D,1494.0,1613.9,-119.8,14,5,-9,18,16,2,3,0,5,1.2,1.6,2.0,0.0,5,2.6,2.4,0.6,0.6,5,1.3,1.3,1.8,0.2,10,2.0,1.7,1.0,0.4,10,1.8,1.4,1.0,0.4,5,0.8,0.8,1.8,0.2,5
2021-12-28,2021-22,Watford,West Ham United,1,4,A,1423.3,1583.8,-160.5,17,6,-11,16,18,1,4,0,5,0.6,1.8,2.4,0.0,5,1.0,1.2,1.6,0.2,5,0.6,1.4,2.2,0.0,10,1.4,1.5,1.4,0.2,10,0.6,1.2,2.4,0.0,5,0.8,1.0,1.2,0.2,5
2021-12-28,2021-22,Leicester City,Liverpool,1,0,H,1568.8,1757.6,-188.8,11,2,-9,17,18,1,3,1,5,1.4,2.8,2.4,0.2,5,2.6,2.2,0.8,0.4,5,1.4,2.1,2.1,0.1,10,2.3,2.8,0.9,0.5,10,1.8,2.4,1.8,0.2,5,2.0,2.8,1.2,0.4,5
2021-12-29,2021-22,Chelsea,Brighton and Hove Albion,1,1,D,1689.8,1505.6,184.2,3,11,8,19,17,3,0,2,5,1.6,1.8,1.4,0.2,5,1.2,0.8,0.6,0.4,5,1.9,1.9,1.0,0.3,10,0.9,0.8,1.2,0.3,10,1.8,2.6,1.0,0.2,5,0.8,0.8,1.2,0.2,5
2021-12-29,2021-22,Brentford,Manchester City,0,1,A,1495.6,1804.5,-308.9,14,1,-13,17,19,0,0,0,0,1.4,1.0,1.4,0.2,5,3.0,4.2,0.8,0.6,5,0.8,1.1,1.8,0.1,10,2.7,3.0,0.8,0.5,10,1.2,1.0,1.2,0.2,5,3.0,3.0,0.6,0.4,5
2021-12-30,2021-22,Manchester United,Burnley,3,1,H,1665.3,1465.4,199.9,7,18,11,17,15,3,1,1,5,2.2,1.4,0.8,0.4,5,0.8,0.8,1.0,0.4,5,1.4,1.3,1.9,0.3,10,1.0,1.1,1.2,0.3,10,1.4,1.0,2.0,0.2,5,0.6,0.6,1.2,0.2,5
2022-01-01,2021-22,Arsenal,Manchester City,1,2,A,1632.6,1809.1,-176.5,4,1,-3,19,20,0,5,0,5,2.4,3.0,0.6,0.6,5,3.0,3.8,0.6,0.8,5,2.1,2.2,1.0,0.6,10,3.0,3.1,0.6,0.6,10,3.0,2.2,0.2,0.8,5,3.0,2.4,0.4,0.6,5
2022-01-01,2021-22,Watford,Tottenham,0,1,A,1415.0,1613.3,-198.3,17,7,-10,17,17,1,2,2,5,0.0,1.2,3.0,0.0,5,2.2,2.2,0.6,0.6,5,0.6,1.5,2.5,0.0,10,1.8,1.6,1.0,0.4,10,0.6,1.4,2.2,0.0,5,1.0,1.0,1.4,0.2,5
2022-01-01,2021-22,Crystal Palace,West Ham United,2,3,A,1495.9,1592.1,-96.2,11,6,-5,19,19,2,1,2,5,1.4,1.6,1.4,0.2,5,1.4,1.8,1.6,0.2,5,1.4,1.6,1.3,0.3,10,1.4,1.8,1.5,0.1,10,2.0,2.2,1.0,0.4,5,0.8,1.0,1.2,0.2,5
2022-01-02,2021-22,Chelsea,Liverpool,2,2,D,1683.0,1745.1,-62.1,2,3,1,20,19,1,3,1,5,1.8,1.6,1.0,0.2,5,2.0,1.4,0.8,0.4,5,1.7,1.7,1.1,0.2,10,2.0,2.3,1.0,0.4,10,1.4,1.4,1.2,0.0,5,1.4,1.8,1.4,0.2,5
2022-01-02,2021-22,Leeds United,Burnley,3,1,H,1519.6,1462.4,57.2,16,18,2,18,16,2,0,1,3,0.8,1.2,3.2,0.2,5,0.6,0.8,1.4,0.4,5,1.0,1.1,2.1,0.2,10,0.9,1.0,1.3,0.3,10,1.2,1.2,1.6,0.2,5,0.6,0.8,1.4,0.2,5
2022-01-02,2021-22,Brentford,Aston Villa,2,1,H,1491.0,1516.1,-25.1,14,12,-2,18,18,0,0,1,1,0.8,0.8,1.6,0.0,5,1.2,1.2,1.4,0.2,5,0.8,1.1,1.8,0.1,10,1.2,1.2,1.6,0.2,10,1.2,1.0,1.2,0.2,5,1.2,1.0,1.2,0.2,5
2022-01-02,2021-22,Everton,Brighton and Hove Albion,2,3,A,1531.4,1512.3,19.0,15,10,-5,17,18,3,1,1,5,0.8,1.0,2.0,0.0,5,1.2,1.0,0.8,0.2,5,0.5,0.8,2.1,0.1,10,0.9,0.9,1.3,0.2,10,0.8,1.0,2.2,0.2,5,0.8,1.0,1.4,0.0,5
2022-01-03,2021-22,Manchester United,Wolverhampton Wanderers,0,1,A,1668.3,1537.5,130.8,7,9,2,18,18,3,0,2,5,2.6,1.8,0.8,0.4,5,1.0,0.2,0.4,0.6,5,1.7,1.4,1.6,0.3,10,1.3,0.5,0.6,0.5,10,1.8,1.4,2.0,0.2,5,1.0,0.4,0.8,0.4,5
2022-01-11,2021-22,Southampton,Brentford,4,1,H,1494.6,1498.9,-4.3,14,12,-2,19,19,0,0,0,0,1.2,1.4,1.8,0.0,5,1.4,1.2,1.4,0.0,5,1.3,1.2,1.7,0.2,10,1.1,1.2,1.7,0.1,10,1.4,1.4,1.2,0.2,5,0.4,1.2,2.4,0.0,5
2022-01-12,2021-22,West Ham United,Norwich City,2,0,H,1602.2,1351.2,251.0,5,20,15,20,19,2,0,0,2,1.4,1.8,1.6,0.2,5,0.0,0.0,2.8,0.0,5,1.4,1.7,1.6,0.1,10,0.8,0.6,1.9,0.1,10,2.0,2.0,1.6,0.2,5,0.8,0.6,3.0,0.0,5
2022-01-14,2021-22,Brighton and Hove Albion,Crystal Palace,1,1,D,1525.6,1485.8,39.8,9,12,3,19,20,0,2,3,5,1.6,1.4,1.0,0.2,5,1.4,2.0,1.8,0.2,5,1.2,1.1,1.1,0.2,10,1.1,1.6,1.6,0.2,10,1.0,0.8,1.2,0.4,5,0.8,1.0,1.6,0.2,5
2022-01-15,2021-22,Manchester City,Chelsea,1,0,H,1817.0,1681.9,135.0,1,2,1,21,21,3,2,0,5,3.0,4.0,0.8,0.6,5,1.4,1.4,1.0,0.2,5,3.0,3.1,0.7,0.5,10,1.7,1.8,1.2,0.2,10,3.0,3.8,0.8,0.6,5,2.0,2.0,1.0,0.4,5
2022-01-15,2021-22,Newcastle United,Watford,1,1,D,1454.7,1407.8,47.0,19,17,-2,19,18,1,1,3,5,0.8,0.6,2.4,0.2,5,0.0,0.8,2.4,0.0,5,0.7,0.8,2.2,0.1,10,0.6,1.5,2.1,0.0,10,1.2,1.2,1.8,0.2,5,0.6,1.6,2.0,0.0,5
2022-01-15,2021-22,Norwich City,Everton,2,1,H,1348.9,1518.1,-169.2,20,15,-5,20,18,1,2,0,3,0.0,0.0,2.6,0.0,5,0.8,1.4,2.4,0.0,5,0.8,0.5,1.9,0.1,10,0.5,1.0,2.3,0.1,10,0.8,0.4,1.8,0.2,5,0.2,0.6,2.0,0.0,5
2022-01-15,2021-22,Wolverhampton Wanderers,Southampton,3,1,H,1553.4,1501.9,51.4,9,12,3,19,20,3,0,2,5,1.4,0.4,0.4,0.6,5,1.6,2.0,1.8,0.0,5,1.5,0.5,0.5,0.6,10,1.3,1.5,1.8,0.1,10,1.6,0.6,0.4,0.6,5,0.8,1.2,2.6,0.0,5
2022-01-15,2021-22,Aston Villa,Manchester United,2,2,D,1508.2,1652.5,-144.3,14,7,-7,19,19,1,3,1,5,1.2,1.2,1.4,0.2,5,2.0,1.2,0.6,0.4,5,1.2,1.2,1.5,0.2,10,1.7,1.4,1.2,0.3,10,1.2,1.4,2.0,0.2,5,1.6,1.4,1.2,0.4,5
2022-01-16,2021-22,West Ham United,Leeds United,2,3,A,1604.5,1525.4,79.2,4,16,12,21,19,3,0,0,3,1.8,2.2,1.6,0.2,5,0.8,1.6,3.4,0.0,5,1.4,1.6,1.4,0.2,10,1.2,1.3,2.1,0.2,10,2.0,2.2,1.6,0.2,5,0.8,1.0,2.6,0.2,5
2022-01-16,2021-22,Liverpool,Brentford,3,0,H,1746.2,1491.6,254.7,3,14,11,20,20,0,0,1,1,1.6,1.6,1.2,0.2,5,1.2,1.0,1.8,0.0,5,2.0,2.3,1.0,0.4,10,1.1,1.2,1.8,0.1,10,2.6,2.8,0.6,0.6,5,0.4,1.2,2.6,0.0,5
2022-01-18,2021-22,Brighton and Hove Albion,Chelsea,1,1,D,1521.8,1677.8,-156.0,9,3,-6,20,22,0,2,3,5,1.6,1.4,1.0,0.2,5,1.2,1.2,1.0,0.2,5,1.2,1.0,1.0,0.2,10,1.4,1.5,1.3,0.1,10,1.2,0.8,0.6,0.4,5,1.4,1.4,1.2,0.2,5
2022-01-19,2021-22,Leicester City,Tottenham,2,3,A,1581.3,1620.5,-39.2,10,6,-4,18,18,2,3,0,5,1.4,2.2,2.0,0.4,5,2.2,2.0,0.6,0.6,5,1.4,1.8,1.9,0.2,10,1.8,1.4,0.8,0.5,10,1.8,1.8,1.4,0.4,5,1.6,1.0,0.8,0.4,5
2022-01-19,2021-22,Brentford,Manchester United,1,3,A,1489.3,1651.3,-162.0,14,7,-7,21,20,0,0,0,0,0.6,0.6,2.2,0.0,5,1.6,1.4,1.0,0.2,5,1.1,1.1,1.9,0.1,10,1.5,1.3,1.4,0.2,10,1.8,1.2,1.0,0.2,5,1.2,1.2,1.6,0.2,5
2022-01-21,2021-22,Watford,Norwich City,0,3,A,1411.8,1360.9,50.9,17,18,1,19,21,3,0,0,3,0.2,0.8,2.2,0.0,5,0.6,0.4,2.6,0.0,5,0.4,1.1,2.0,0.0,10,0.8,0.5,1.9,0.1,10,0.6,1.4,2.2,0.0,5,0.8,0.6,2.0,0.0,5
2022-01-22,2021-22,Everton,Aston Villa,0,1,A,1506.1,1509.5,-3.4,16,13,-3,19,20,0,3,2,5,0.8,1.4,2.0,0.0,5,0.8,1.2,1.6,0.2,5,0.5,0.9,2.0,0.1,10,1.3,1.3,1.3,0.2,10,0.8,1.4,2.6,0.2,5,1.2,1.0,1.0,0.2,5
2022-01-22,2021-22,Brentford,Wolverhampton Wanderers,1,2,A,1481.0,1559.3,-78.2,14,8,-6,22,20,1,0,0,1,0.6,0.8,2.4,0.0,5,2.0,1.0,0.4,0.6,5,1.0,0.9,1.9,0.1,10,1.5,0.6,0.5,0.6,10,1.8,1.2,1.2,0.2,5,1.4,0.4,0.6,0.6,5
2022-01-22,2021-22,Leeds United,Newcastle United,0,1,A,1540.1,1450.8,89.4,15,19,4,20,20,2,0,1,3,1.2,1.8,3.4,0.0,5,0.4,0.6,2.6,0.0,5,1.2,1.4,2.2,0.2,10,0.8,0.9,2.0,0.1,10,1.6,1.6,1.6,0.2,5,0.4,0.6,2.2,0.0,5
2022-01-22,2021-22,Manchester United,West Ham United,1,0,H,1659.5,1589.8,69.7,7,4,-3,21,22,3,1,1,5,1.6,1.8,1.2,0.0,5,1.8,2.6,1.8,0.2,5,1.8,1.6,1.3,0.2,10,1.4,1.8,1.6,0.2,10,1.8,1.4,1.2,0.2,5,1.4,1.6,1.4,0.2,5
2022-01-22,2021-22,Southampton,Manchester City,1,1,D,1496.0,1821.1,-325.0,13,1,-12,21,22,1,3,1,5,1.6,2.2,1.8,0.0,5,3.0,2.8,0.8,0.6,5,1.0,1.5,2.1,0.0,10,3.0,2.9,0.7,0.5,10,1.8,1.8,1.0,0.2,5,3.0,2.4,0.6,0.4,5
2022-01-23,2021-22,Chelsea,Tottenham,2,0,H,1676.2,1632.3,44.0,3,6,3,23,19,4,0,1,5,1.2,1.4,1.2,0.0,5,2.2,2.0,1.0,0.4,5,1.4,1.5,1.3,0.1,10,2.1,1.7,0.9,0.5,10,1.4,1.6,1.4,0.0,5,1.6,1.0,0.8,0.4,5
2022-01-23,2021-22,Leicester City,Brighton and Hove Albion,1,1,D,1569.6,1523.4,46.2,11,9,-2,19,21,3,1,1,5,1.2,2.2,2.2,0.4,5,1.8,1.6,1.0,0.2,5,1.1,1.8,2.1,0.2,10,1.2,1.0,1.0,0.2,10,1.8,2.2,1.6,0.4,5,1.2,1.2,1.4,0.0,5
2022-01-23,2021-22,Arsenal,Burnley,0,0,D,1624.8,1456.7,168.1,7,20,13,20,17,2,1,2,5,2.4,3.0,0.6,0.6,5,0.4,0.4,1.4,0.4,5,1.8,2.1,1.2,0.5,10,0.8,1.1,1.6,0.2,10,2.4,1.8,0.4,0.8,5,0.4,0.6,1.6,0.2,5
2022-01-23,2021-22,Crystal Palace,Liverpool,1,3,A,1489.6,1748.5,-258.9,13,3,-10,21,21,0,5,0,5,1.0,1.6,1.8,0.2,5,1.6,2.0,1.2,0.2,5,0.9,1.5,1.7,0.1,10,2.3,2.4,0.7,0.5,10,1.4,2.2,1.6,0.2,5,1.6,1.8,1.2,0.2,5
2022-02-05,2021-22,Burnley,Watford,0,0,D,1463.1,1397.7,65.5,20,19,-1,18,20,3,1,1,5,0.4,0.4,1.4,0.4,5,0.2,0.6,2.2,0.0,5,0.9,1.1,1.4,0.3,10,0.4,1.1,2.2,0.0,10,1.2,1.2,1.0,0.4,5,0.8,1.8,2.0,0.0,5
2022-02-08,2021-22,Newcastle United,Everton,3,1,H,1465.7,1493.4,-27.7,19,16,-3,21,20,3,1,1,5,1.0,0.8,1.8,0.2,5,0.2,1.0,2.0,0.0,5,1.0,0.9,1.9,0.2,10,0.5,0.8,1.9,0.1,10,1.2,0.8,1.4,0.2,5,0.2,0.6,2.0,0.0,5
2022-02-08,2021-22,West Ham United,Watford,1,0,H,1584.3,1402.1,182.2,5,19,14,23,21,4,1,0,5,1.8,2.2,1.4,0.2,5,0.4,0.4,1.8,0.2,5,1.4,1.7,1.5,0.2,10,0.5,1.1,2.1,0.1,10,1.4,2.0,1.8,0.2,5,0.4,0.8,1.6,0.2,5
2022-02-08,2021-22,Burnley,Manchester United,1,1,D,1458.7,1665.0,-206.3,20,5,-15,19,22,1,4,0,5,0.6,0.4,1.2,0.6,5,2.0,1.8,1.0,0.2,5,0.9,0.9,1.2,0.4,10,2.1,1.6,0.9,0.3,10,1.4,1.2,0.8,0.6,5,1.8,1.6,1.0,0.2,5
2022-02-09,2021-22,Manchester City,Brentford,2,0,H,1815.4,1470.4,345.0,1,14,13,23,23,1,0,0,1,2.6,2.2,1.0,0.4,5,0.6,1.0,2.6,0.0,5,2.8,2.8,0.7,0.5,10,0.7,0.9,2.1,0.0,10,3.0,3.4,0.8,0.6,5,0.2,0.6,2.6,0.0,5
2022-02-09,2021-22,Norwich City,Crystal Palace,1,1,D,1374.9,1483.9,-109.0,18,13,-5,22,22,0,2,1,3,1.2,1.0,2.2,0.2,5,0.8,1.4,2.0,0.2,5,0.8,0.6,1.8,0.2,10,0.8,1.3,1.7,0.1,10,0.8,0.4,1.8,0.2,5,0.4,0.8,1.8,0.0,5
2022-02-09,2021-22,Tottenham,Southampton,2,3,A,1626.2,1501.7,124.5,7,13,6,20,22,3,1,1,5,2.0,1.6,1.0,0.4,5,1.6,2.0,1.6,0.0,5,2.1,1.7,0.8,0.5,10,1.1,1.5,2.0,0.0,10,2.6,2.4,0.6,0.6,5,0.8,1.2,2.8,0.0,5
2022-02-09,2021-22,Aston Villa,Leeds United,3,3,D,1522.2,1525.2,-3.0,12,15,3,21,21,1,1,0,2,1.4,1.4,1.4,0.4,5,1.2,1.4,3.0,0.0,5,1.6,1.4,1.2,0.3,10,1.1,1.3,2.2,0.2,10,1.4,1.6,1.6,0.2,5,0.8,1.2,2.8,0.2,5
2022-02-10,2021-22,Liverpool,Leicester City,2,0,H,1754.3,1565.6,188.6,2,12,10,22,20,3,2,0,5,1.6,2.0,1.2,0.2,5,1.4,2.2,2.0,0.4,5,2.3,2.3,0.8,0.4,10,1.2,1.9,2.0,0.2,10,3.0,3.0,0.2,0.8,5,1.0,1.8,2.4,0.0,5
2022-02-10,2021-22,Wolverhampton Wanderers,Arsenal,0,1,A,1569.9,1618.3,-48.4,8,6,-2,21,21,3,1,1,5,2.6,1.4,0.4,0.6,5,2.0,2.4,0.6,0.6,5,1.8,0.8,0.4,0.6,10,1.6,2.0,1.2,0.5,10,1.6,0.8,0.4,0.6,5,1.2,2.4,2.0,0.2,5
2022-02-12,2021-22,Watford,Brighton and Hove Albion,0,2,A,1398.8,1527.4,-128.6,19,9,-10,22,22,1,2,2,5,0.4,0.2,1.2,0.2,5,1.4,1.4,1.2,0.0,5,0.2,0.7,2.1,0.1,10,1.3,1.1,0.9,0.2,10,0.0,0.6,2.6,0.0,5,1.4,1.4,1.2,0.0,5
2022-02-12,2021-22,Everton,Leeds United,3,0,H,1485.5,1527.9,-42.4,16,15,-1,21,22,1,1,1,3,0.2,1.0,2.0,0.0,5,1.4,2.0,2.2,0.0,5,0.4,0.9,2.2,0.0,10,1.2,1.5,2.3,0.2,10,0.8,1.0,1.8,0.2,5,1.0,1.6,3.0,0.2,5
2022-02-12,2021-22,Norwich City,Manchester City,0,4,A,1375.2,1816.8,-441.6,18,1,-17,23,24,1,2,0,3,1.4,1.2,1.4,0.2,5,2.6,1.4,0.4,0.6,5,0.8,0.7,1.9,0.1,10,2.8,2.8,0.6,0.6,10,0.8,0.6,2.0,0.0,5,2.6,2.2,0.6,0.4,5
2022-02-12,2021-22,Manchester United,Southampton,1,1,D,1662.0,1517.4,144.6,6,10,4,23,23,2,0,3,5,1.6,1.4,1.0,0.2,5,1.6,2.0,1.6,0.0,5,2.1,1.6,0.9,0.3,10,1.4,1.8,1.8,0.0,10,2.4,1.6,0.8,0.4,5,1.4,1.8,2.4,0.0,5
2022-02-12,2021-22,Brentford,Crystal Palace,0,0,D,1469.0,1483.7,-14.7,14,13,-1,24,23,0,0,1,1,0.0,0.6,2.8,0.0,5,1.0,1.6,1.6,0.2,5,0.7,0.9,2.1,0.0,10,0.9,1.3,1.6,0.1,10,1.2,1.2,1.6,0.0,5,0.4,0.4,1.4,0.0,5
2022-02-13,2021-22,Leicester City,West Ham United,2,2,D,1562.4,1587.6,-25.2,13,4,-9,21,24,2,3,0,5,0.8,1.4,2.4,0.2,5,1.8,1.6,1.2,0.4,5,1.1,1.8,2.1,0.2,10,1.6,1.7,1.4,0.3,10,2.0,2.4,1.2,0.4,5,1.4,1.4,1.2,0.2,5
2022-02-13,2021-22,Tottenham,Wolverhampton Wanderers,0,2,A,1610.5,1558.4,52.1,7,8,1,21,22,3,1,1,5,1.4,1.4,1.6,0.2,5,2.0,1.2,0.6,0.4,5,2.0,1.9,1.1,0.4,10,1.5,0.7,0.5,0.5,10,2.0,2.4,1.0,0.6,5,2.0,0.8,0.4,0.6,5
2022-02-13,2021-22,Newcastle United,Aston Villa,1,0,H,1473.7,1519.5,-45.8,17,11,-6,22,22,0,3,2,5,1.6,1.2,1.4,0.2,5,1.0,1.6,2.0,0.2,5,1.2,0.9,1.7,0.2,10,1.4,1.5,1.5,0.2,10,1.6,1.2,1.4,0.2,5,1.8,1.2,0.8,0.4,5
2022-02-13,2021-22,Burnley,Liverpool,0,1,A,1461.7,1757.4,-295.8,20,2,-18,20,23,1,3,1,5,0.6,0.6,1.4,0.4,5,2.0,2.0,0.8,0.4,5,0.7,0.7,1.2,0.4,10,2.3,2.1,0.8,0.4,10,1.4,1.4,1.0,0.4,5,1.6,1.6,1.2,0.2,5
2022-02-15,2021-22,Manchester United,Brighton and Hove Albion,2,0,H,1655.9,1536.6,119.4,5,9,4,24,23,5,0,0,5,1.8,1.6,1.0,0.2,5,1.8,1.6,1.0,0.2,5,1.9,1.4,0.8,0.3,10,1.5,1.3,0.9,0.2,10,2.0,1.2,0.6,0.4,5,1.8,1.6,1.0,0.2,5
2022-02-19,2021-22,West Ham United,Newcastle United,1,1,D,1589.7,1482.1,107.6,5,17,12,25,23,1,3,1,5,1.4,1.4,1.2,0.4,5,2.2,1.4,0.6,0.4,5,1.4,1.6,1.4,0.3,10,1.5,1.0,1.5,0.3,10,1.8,2.0,1.6,0.4,5,0.8,0.6,2.0,0.2,5
2022-02-19,2021-22,Arsenal,Brentford,2,1,H,1629.8,1466.6,163.2,6,14,8,22,25,0,1,0,1,2.0,2.2,0.6,0.6,5,0.2,0.4,2.0,0.2,5,1.9,2.1,0.8,0.6,10,0.7,0.7,1.9,0.1,10,2.0,1.6,0.4,0.8,5,0.2,0.6,2.6,0.0,5
2022-02-19,2021-22,Aston Villa,Watford,0,1,A,1511.0,1389.6,121.4,12,19,7,23,23,1,2,0,3,1.0,1.4,1.6,0.2,5,0.4,0.2,1.4,0.2,5,1.1,1.3,1.5,0.2,10,0.2,0.5,1.9,0.1,10,1.0,1.8,2.2,0.0,5,0.4,0.8,1.6,0.2,5
2022-02-19,2021-22,Brighton and Hove Albion,Burnley,0,3,A,1532.2,1456.8,75.4,9,20,11,24,21,2,0,3,5,1.2,1.0,1.0,0.2,5,0.6,0.4,1.0,0.4,5,1.4,1.2,1.0,0.2,10,0.6,0.6,1.2,0.4,10,1.2,0.8,0.6,0.4,5,0.4,0.4,1.4,0.4,5
2022-02-19,2021-22,Crystal Palace,Chelsea,0,1,A,1486.1,1682.3,-196.2,13,3,-10,24,24,0,5,0,5,0.6,1.0,1.6,0.2,5,1.2,1.2,1.0,0.2,5,1.0,1.3,1.5,0.2,10,1.4,1.5,1.2,0.2,10,1.4,2.2,1.8,0.2,5,1.0,1.2,1.2,0.2,5
2022-02-19,2021-22,Liverpool,Norwich City,3,1,H,1762.3,1372.7,389.6,2,20,18,24,24,3,0,0,3,2.6,2.2,0.6,0.6,5,1.4,1.2,1.6,0.2,5,2.3,1.8,0.7,0.5,10,0.7,0.6,2.2,0.1,10,3.0,2.6,0.2,0.8,5,0.8,0.8,1.8,0.2,5
2022-02-19,2021-22,Southampton,Everton,2,0,H,1523.5,1493.8,29.7,10,16,6,24,22,1,3,1,5,1.6,2.0,1.6,0.0,5,0.6,1.4,1.8,0.2,5,1.4,1.7,1.7,0.0,10,0.7,1.2,1.9,0.1,10,1.4,1.8,1.2,0.0,5,0.2,0.8,2.0,0.0,5
2022-02-19,2021-22,Manchester City,Tottenham,2,3,A,1819.2,1596.4,222.9,1,8,7,25,22,1,3,1,5,2.6,2.0,0.4,0.6,5,1.2,1.2,1.8,0.2,5,2.8,2.9,0.5,0.7,10,1.7,1.7,1.2,0.4,10,3.0,3.4,0.6,0.8,5,1.6,1.0,1.0,0.4,5
2022-02-20,2021-22,Leeds United,Manchester United,2,4,A,1519.5,1660.3,-140.8,15,4,-11,23,25,0,2,1,3,1.4,1.8,2.0,0.0,5,2.2,1.6,0.6,0.4,5,1.1,1.5,2.6,0.1,10,1.9,1.5,0.8,0.3,10,1.4,1.4,1.6,0.2,5,1.8,1.6,1.0,0.2,5
2022-02-20,2021-22,Wolverhampton Wanderers,Leicester City,2,1,H,1572.5,1560.3,12.2,8,11,3,23,22,0,2,3,5,2.4,1.6,0.6,0.4,5,1.0,1.2,1.6,0.2,5,1.7,0.9,0.5,0.5,10,1.2,2.0,2.0,0.2,10,1.0,0.6,0.6,0.4,5,0.4,1.4,2.6,0.0,5
2022-02-23,2021-22,Liverpool,Leeds United,6,0,H,1763.5,1510.7,252.8,2,15,13,25,24,2,0,1,3,3.0,2.4,0.4,0.6,5,0.8,1.6,2.6,0.0,5,2.3,2.0,0.8,0.4,10,0.8,1.6,3.0,0.0,10,3.0,2.4,0.4,0.6,5,0.8,1.6,3.6,0.0,5
2022-02-23,2021-22,Watford,Crystal Palace,1,4,A,1405.3,1478.8,-73.5,18,13,-5,24,25,2,1,2,5,0.8,0.2,1.2,0.4,5,0.6,0.6,1.2,0.2,5,0.5,0.5,1.7,0.2,10,1.0,1.3,1.5,0.2,10,0.0,0.4,2.6,0.0,5,0.6,0.4,1.2,0.2,5
2022-02-23,2021-22,Burnley,Tottenham,1,0,H,1471.4,1613.7,-142.2,19,8,-11,22,23,1,3,1,5,1.2,0.8,0.4,0.6,5,1.2,1.6,2.2,0.0,5,0.8,0.6,0.9,0.5,10,1.7,1.8,1.4,0.3,10,0.8,0.8,1.0,0.4,5,2.0,1.6,1.4,0.2,5
2022-02-24,2021-22,Arsenal,Wolverhampton Wanderers,2,1,H,1633.4,1579.4,54.0,6,7,1,23,24,2,2,1,5,2.0,1.8,0.6,0.6,5,2.4,1.8,0.8,0.2,5,1.9,2.1,0.9,0.5,10,1.9,1.1,0.6,0.4,10,2.0,1.6,0.6,0.6,5,2.4,1.2,0.4,0.6,5
2022-02-25,2021-22,Southampton,Norwich City,2,0,H,1529.9,1371.6,158.3,10,20,10,25,25,2,1,0,3,1.6,1.6,1.4,0.2,5,1.4,1.4,1.8,0.2,5,1.6,1.8,1.6,0.1,10,0.7,0.7,2.2,0.1,10,1.8,1.8,0.8,0.2,5,0.6,0.8,2.2,0.2,5
2022-02-26,2021-22,Leeds United,Tottenham,0,4,A,1508.4,1602.5,-94.1,15,8,-7,25,24,1,2,0,3,0.2,1.0,3.4,0.0,5,0.6,1.0,2.0,0.0,5,0.7,1.4,3.4,0.0,10,1.4,1.5,1.5,0.2,10,0.8,1.6,2.4,0.0,5,1.8,1.4,1.4,0.2,5
2022-02-26,2021-22,Brentford,Newcastle United,0,2,A,1463.0,1487.5,-24.5,14,17,3,26,24,0,0,1,1,0.2,0.6,1.8,0.2,5,2.2,1.4,0.6,0.4,5,0.4,0.6,2.0,0.1,10,1.5,1.0,1.5,0.3,10,0.8,0.8,1.4,0.2,5,0.8,0.6,2.0,0.2,5
2022-02-26,2021-22,Crystal Palace,Burnley,1,1,D,1489.5,1482.6,6.9,11,18,7,26,23,1,3,1,5,1.0,1.2,1.2,0.2,5,1.6,1.0,0.4,0.6,5,1.0,1.4,1.5,0.2,10,1.0,0.7,0.9,0.5,10,0.8,1.6,1.8,0.2,5,0.8,1.0,1.4,0.4,5
2022-02-26,2021-22,Manchester United,Watford,0,0,D,1669.2,1394.5,274.7,4,19,15,26,25,3,2,0,5,2.2,1.8,0.8,0.4,5,0.8,0.4,1.4,0.4,5,1.9,1.8,1.0,0.2,10,0.5,0.5,1.8,0.2,10,2.0,1.4,0.6,0.4,5,1.0,0.6,0.8,0.4,5
2022-02-26,2021-22,Brighton and Hove Albion,Aston Villa,0,2,A,1517.5,1495.4,22.1,10,13,3,25,24,1,2,2,5,1.0,0.8,1.4,0.2,5,1.0,1.2,1.4,0.2,5,1.3,1.1,1.2,0.2,10,1.1,1.2,1.4,0.2,10,1.0,0.8,1.2,0.2,5,1.2,0.8,0.8,0.4,5
2022-02-26,2021-22,Everton,Manchester City,0,1,A,1487.4,1801.9,-314.6,17,1,-16,23,26,0,5,0,5,0.6,1.0,1.6,0.2,5,2.0,2.0,0.8,0.6,5,0.7,1.2,2.0,0.1,10,2.5,3.0,0.8,0.6,10,1.2,1.6,1.8,0.2,5,2.6,2.4,0.4,0.6,5
2022-02-27,2021-22,West Ham United,Wolverhampton Wanderers,1,0,H,1584.4,1573.6,10.8,6,8,2,26,25,2,3,0,5,1.0,1.2,1.4,0.2,5,1.8,1.4,1.0,0.2,5,1.4,1.7,1.5,0.2,10,1.9,1.2,0.7,0.4,10,1.4,1.6,1.4,0.4,5,2.4,1.4,0.6,0.6,5
2022-03-01,2021-22,Burnley,Leicester City,0,2,A,1485.6,1553.4,-67.8,18,13,-5,24,23,1,2,2,5,1.6,1.2,0.6,0.4,5,0.4,1.2,2.0,0.0,5,1.1,0.8,0.9,0.5,10,0.9,1.7,2.0,0.2,10,1.2,0.4,0.4,0.6,5,0.2,1.4,2.8,0.0,5
2022-03-05,2021-22,Liverpool,West Ham United,1,0,H,1765.8,1591.3,174.5,2,5,3,26,27,4,1,0,5,3.0,3.0,0.4,0.6,5,1.6,1.0,0.8,0.4,5,2.3,2.5,0.8,0.4,10,1.7,1.8,1.3,0.3,10,3.0,3.4,0.4,0.6,5,1.4,1.8,1.6,0.0,5
2022-03-05,2021-22,Wolverhampton Wanderers,Crystal Palace,0,2,A,1566.7,1486.5,80.1,8,11,3,26,27,2,2,1,5,1.2,1.0,1.0,0.2,5,1.2,1.2,0.8,0.2,5,1.9,1.2,0.7,0.4,10,1.0,1.3,1.4,0.2,10,1.4,1.0,0.8,0.2,5,1.2,1.2,1.2,0.2,5
2022-03-05,2021-22,Norwich City,Brentford,1,3,A,1367.9,1450.8,-82.9,20,15,-5,26,27,1,0,0,1,0.8,1.0,2.0,0.2,5,0.2,0.4,1.6,0.2,5,0.7,0.7,2.3,0.1,10,0.4,0.6,2.0,0.1,10,0.8,0.6,2.6,0.0,5,0.0,0.4,2.6,0.0,5
2022-03-05,2021-22,Newcastle United,Brighton and Hove Albion,2,1,H,1499.6,1504.1,-4.5,15,11,-4,25,26,0,2,3,5,2.6,1.6,0.4,0.6,5,0.8,0.6,1.6,0.2,5,1.5,1.1,1.5,0.3,10,1.3,1.1,1.3,0.2,10,1.6,1.2,1.4,0.2,5,1.6,1.4,1.2,0.2,5
2022-03-05,2021-22,Burnley,Chelsea,0,4,A,1474.7,1689.6,-214.9,18,3,-15,25,25,0,4,1,5,1.4,1.0,0.8,0.4,5,1.6,1.2,0.8,0.4,5,1.0,0.8,1.1,0.4,10,1.7,1.4,0.9,0.3,10,1.0,0.4,0.8,0.4,5,1.6,1.0,0.6,0.4,5
2022-03-05,2021-22,Aston Villa,Southampton,4,0,H,1508.8,1533.6,-24.8,13,9,-4,25,26,1,4,0,5,1.4,1.2,1.0,0.4,5,2.2,1.8,0.8,0.4,5,1.1,1.2,1.3,0.3,10,1.9,2.0,1.3,0.2,10,1.0,1.6,2.0,0.0,5,1.6,2.0,2.0,0.0,5
2022-03-05,2021-22,Leicester City,Leeds United,1,0,H,1564.4,1498.2,66.1,13,16,3,24,26,1,1,1,3,1.0,1.2,1.4,0.2,5,0.2,1.0,4.0,0.0,5,1.1,1.7,1.8,0.3,10,0.7,1.2,3.5,0.0,10,1.6,2.0,1.2,0.4,5,0.8,1.2,4.2,0.0,5
2022-03-06,2021-22,Watford,Arsenal,2,3,A,1402.4,1639.2,-236.8,19,6,-13,26,24,0,4,1,5,0.8,0.4,1.4,0.4,5,2.0,1.2,0.8,0.4,5,0.6,0.4,1.6,0.3,10,2.2,2.1,0.7,0.5,10,0.0,0.4,2.8,0.0,5,1.8,2.6,1.2,0.4,5
2022-03-06,2021-22,Manchester City,Manchester United,4,1,H,1806.5,1661.3,145.2,1,5,4,27,27,1,3,1,5,2.0,2.0,0.8,0.6,5,1.8,1.6,0.8,0.4,5,2.5,2.4,0.8,0.6,10,1.9,1.7,0.9,0.3,10,2.4,3.6,1.2,0.6,5,1.8,2.2,1.4,0.0,5
2022-03-07,2021-22,Tottenham,Everton,5,0,H,1612.6,1482.9,129.8,7,17,10,25,24,1,1,3,5,1.2,1.8,1.6,0.2,5,0.6,0.8,1.4,0.2,5,1.6,1.7,1.3,0.3,10,0.7,1.1,1.7,0.1,10,1.4,2.0,1.4,0.4,5,0.2,0.8,2.2,0.0,5
2022-03-10,2021-22,Norwich City,Chelsea,1,3,A,1357.4,1696.4,-339.0,20,3,-17,27,26,0,3,0,3,0.2,0.6,2.6,0.0,5,2.0,1.6,0.4,0.6,5,0.7,0.8,2.4,0.1,10,1.7,1.5,0.7,0.4,10,0.8,0.8,2.8,0.0,5,2.0,1.8,0.6,0.4,5
2022-03-10,2021-22,Southampton,Newcastle United,1,2,A,1525.7,1506.9,18.8,9,14,5,27,26,1,3,1,5,2.0,1.6,1.4,0.4,5,2.6,1.8,0.6,0.4,5,1.8,1.8,1.5,0.2,10,1.8,1.3,1.2,0.3,10,2.2,2.0,0.6,0.4,5,1.4,1.0,1.6,0.4,5
2022-03-10,2021-22,Wolverhampton Wanderers,Watford,4,0,H,1551.9,1396.2,155.7,8,19,11,27,27,3,2,0,5,1.2,1.0,1.2,0.2,5,0.8,0.8,1.8,0.4,5,1.6,1.1,0.9,0.3,10,0.6,0.5,1.5,0.3,10,1.4,1.0,1.0,0.2,5,1.2,0.4,0.4,0.6,5
2022-03-10,2021-22,Leeds United,Aston Villa,0,3,A,1492.7,1516.6,-24.0,16,11,-5,27,26,1,1,1,3,0.0,0.4,3.6,0.0,5,1.4,1.8,1.0,0.4,5,0.7,1.2,2.9,0.0,10,1.4,1.6,1.2,0.4,10,0.6,1.2,2.8,0.0,5,1.8,1.2,0.6,0.6,5
2022-03-12,2021-22,Brighton and Hove Albion,Liverpool,0,2,A,1496.8,1769.2,-272.4,13,2,-11,27,27,1,2,2,5,0.6,0.6,1.8,0.2,5,3.0,2.6,0.2,0.8,5,1.0,1.0,1.5,0.1,10,2.3,2.3,0.7,0.5,10,1.0,0.8,1.4,0.2,5,1.6,1.6,1.2,0.2,5
2022-03-12,2021-22,Brentford,Burnley,2,0,H,1461.3,1467.9,-6.6,15,18,3,28,26,0,1,0,1,0.8,0.8,1.4,0.2,5,1.4,1.0,1.4,0.4,5,0.7,0.9,2.0,0.1,10,1.0,0.7,1.2,0.4,10,0.8,0.8,1.6,0.2,5,1.0,1.2,1.4,0.4,5
2022-03-12,2021-22,Manchester United,Tottenham,3,2,H,1657.3,1616.8,40.5,5,7,2,28,26,3,1,1,5,1.6,1.6,1.4,0.4,5,1.8,2.4,1.0,0.4,5,1.6,1.5,1.2,0.3,10,1.6,1.9,1.3,0.3,10,1.6,0.8,0.4,0.6,5,1.8,2.0,1.4,0.2,5
2022-03-13,2021-22,Arsenal,Leicester City,2,0,H,1645.5,1569.9,75.6,5,12,7,25,25,2,2,1,5,2.6,1.6,0.8,0.4,5,1.4,1.2,1.2,0.4,5,2.5,2.3,0.7,0.5,10,1.4,1.7,1.6,0.4,10,2.0,1.4,0.8,0.4,5,0.6,1.4,2.4,0.2,5
2022-03-13,2021-22,West Ham United,Aston Villa,2,1,H,1587.9,1528.8,59.1,6,9,3,28,27,3,0,2,5,1.6,1.0,0.8,0.4,5,1.8,1.8,0.4,0.6,5,1.7,1.6,1.1,0.3,10,1.4,1.7,1.2,0.4,10,2.0,1.4,0.8,0.6,5,1.8,1.4,0.6,0.6,5
2022-03-13,2021-22,Southampton,Watford,1,2,A,1512.4,1392.4,120.0,10,19,9,28,28,3,0,2,5,1.4,1.2,1.4,0.4,5,0.8,0.8,2.2,0.4,5,1.5,1.6,1.5,0.2,10,0.6,0.5,1.8,0.3,10,2.0,2.0,0.8,0.4,5,1.0,0.2,1.0,0.6,5
2022-03-13,2021-22,Everton,Wolverhampton Wanderers,0,1,A,1478.7,1555.6,-77.0,17,8,-9,25,28,3,2,0,5,0.6,0.8,2.2,0.2,5,1.2,1.4,1.2,0.2,5,0.4,0.9,2.1,0.1,10,1.8,1.5,0.9,0.3,10,1.2,1.4,1.2,0.2,5,1.8,1.2,0.8,0.4,5
2022-03-13,2021-22,Chelsea,Newcastle United,1,0,H,1700.4,1520.2,180.2,3,14,11,27,27,4,1,0,5,2.6,2.2,0.4,0.6,5,2.6,1.6,0.6,0.4,5,1.9,1.7,0.7,0.4,10,2.1,1.4,1.0,0.3,10,1.8,1.8,1.2,0.2,5,2.0,1.4,1.0,0.4,5
2022-03-13,2021-22,Leeds United,Norwich City,2,1,H,1480.5,1353.4,127.1,16,20,4,28,28,1,0,0,1,0.0,0.4,3.6,0.0,5,0.0,0.6,3.0,0.0,5,0.7,1.1,2.8,0.0,10,0.7,0.9,2.2,0.1,10,0.6,1.0,2.6,0.0,5,0.6,0.8,2.0,0.2,5
2022-03-14,2021-22,Crystal Palace,Manchester City,0,0,D,1501.3,1810.4,-309.1,11,1,-10,28,28,1,3,1,5,1.6,1.4,0.6,0.4,5,2.4,2.6,0.8,0.6,5,1.3,1.5,1.1,0.3,10,2.5,2.4,0.9,0.5,10,0.8,1.4,1.6,0.2,5,2.6,1.8,0.4,0.6,5
2022-03-16,2021-22,Brighton and Hove Albion,Tottenham,0,2,A,1491.4,1610.7,-119.3,13,8,-5,28,27,2,3,0,5,0.0,0.2,2.2,0.0,5,1.8,2.8,1.2,0.4,5,0.9,0.9,1.6,0.1,10,1.5,2.0,1.5,0.3,10,0.4,0.4,1.8,0.0,5,1.2,1.8,1.6,0.2,5
2022-03-16,2021-22,Arsenal,Liverpool,0,2,A,1650.8,1774.6,-123.8,4,2,-2,26,28,1,4,0,5,3.0,2.0,0.8,0.4,5,3.0,2.6,0.2,0.8,5,2.5,2.2,0.7,0.5,10,2.5,2.3,0.5,0.6,10,2.0,1.4,0.8,0.4,5,2.0,1.6,0.8,0.4,5
2022-03-17,2021-22,Everton,Newcastle United,1,0,H,1468.0,1516.9,-48.9,17,14,-3,26,28,1,3,1,5,0.6,0.6,1.8,0.2,5,2.0,1.4,0.8,0.2,5,0.4,0.8,1.9,0.1,10,2.1,1.4,0.7,0.3,10,0.6,1.0,1.2,0.2,5,2.0,1.2,0.6,0.4,5
2022-03-18,2021-22,Wolverhampton Wanderers,Leeds United,2,3,A,1566.3,1484.8,81.5,8,16,8,29,29,2,0,1,3,1.2,1.2,1.0,0.4,5,0.6,0.4,3.0,0.0,5,1.8,1.5,0.9,0.3,10,0.7,1.0,2.8,0.0,10,1.8,1.8,1.0,0.2,5,0.8,1.2,3.0,0.0,5
2022-03-19,2021-22,Aston Villa,Arsenal,0,1,A,1523.1,1641.5,-118.4,9,4,-5,28,27,3,2,0,5,1.8,2.0,0.6,0.6,5,2.4,1.8,1.2,0.2,5,1.4,1.7,1.1,0.4,10,2.2,2.0,0.9,0.4,10,1.0,2.0,1.8,0.2,5,2.4,2.8,1.0,0.4,5
2022-03-20,2021-22,Leicester City,Brentford,2,1,H,1564.6,1468.7,95.9,12,15,3,26,29,1,0,0,1,1.4,1.2,1.2,0.4,5,1.4,1.2,1.0,0.4,5,1.1,1.3,1.8,0.3,10,0.7,0.9,1.9,0.2,10,1.6,1.4,1.2,0.4,5,0.6,1.0,2.4,0.0,5
2022-03-20,2021-22,Tottenham,West Ham United,3,1,H,1620.1,1593.6,26.5,7,6,-1,28,29,2,2,1,5,1.8,2.6,0.8,0.6,5,1.6,1.2,1.0,0.2,5,1.5,2.1,1.5,0.3,10,1.7,1.4,1.1,0.3,10,1.4,2.4,1.4,0.4,5,1.4,1.8,1.4,0.0,5
2022-04-02,2021-22,Wolverhampton Wanderers,Aston Villa,2,1,H,1551.5,1513.6,37.9,8,9,1,30,29,3,1,1,5,1.2,1.4,1.2,0.4,5,1.8,2.0,0.6,0.6,5,1.5,1.4,1.1,0.3,10,1.4,1.6,1.0,0.4,10,1.2,1.6,1.4,0.2,5,1.8,1.4,0.6,0.6,5
2022-04-02,2021-22,Manchester United,Leicester City,1,1,D,1663.5,1569.5,94.0,6,10,4,29,27,2,2,1,5,2.0,2.0,1.6,0.4,5,1.8,1.2,1.0,0.4,5,1.9,1.8,1.3,0.3,10,1.4,1.2,1.3,0.3,10,2.2,1.4,0.6,0.6,5,0.6,1.2,2.4,0.2,5
2022-04-02,2021-22,Leeds United,Southampton,1,1,D,1499.6,1496.8,2.7,16,11,-5,30,29,2,1,0,3,1.2,1.0,2.2,0.0,5,1.2,1.2,1.6,0.4,5,0.7,1.0,2.8,0.0,10,1.4,1.6,1.6,0.2,10,0.6,0.8,2.6,0.0,5,1.4,1.6,2.4,0.0,5
2022-04-02,2021-22,Burnley,Manchester City,0,2,A,1460.5,1805.0,-344.5,19,1,-18,27,29,0,5,0,5,0.8,0.4,1.8,0.2,5,2.0,2.2,0.8,0.6,5,1.0,0.6,1.1,0.4,10,2.3,1.8,0.6,0.6,10,0.8,0.4,1.6,0.2,5,2.2,1.6,0.4,0.6,5
2022-04-02,2021-22,Chelsea,Brentford,1,4,A,1703.8,1463.8,240.0,3,15,12,28,30,1,0,0,1,3.0,2.2,0.2,0.8,5,1.2,1.4,1.4,0.2,5,2.1,1.8,0.7,0.4,10,0.7,0.9,1.7,0.2,10,1.8,1.4,0.8,0.4,5,0.6,1.0,2.0,0.0,5
2022-04-02,2021-22,Brighton and Hove Albion,Norwich City,0,0,D,1482.0,1349.1,132.8,13,20,7,29,29,2,0,1,3,0.0,0.2,2.2,0.0,5,0.0,0.8,2.6,0.0,5,0.6,0.6,1.6,0.1,10,0.7,1.0,2.1,0.1,10,0.2,0.2,2.0,0.0,5,0.6,1.0,1.8,0.2,5
2022-04-02,2021-22,Liverpool,Watford,2,0,H,1783.9,1408.0,375.9,2,18,16,29,29,4,1,0,5,3.0,2.8,0.2,0.8,5,0.8,1.0,2.4,0.2,5,2.8,2.5,0.4,0.7,10,0.8,0.6,1.8,0.3,10,3.0,3.0,0.2,0.8,5,1.4,0.6,1.2,0.4,5
2022-04-03,2021-22,West Ham United,Everton,2,1,H,1587.1,1476.5,110.5,8,17,9,30,27,2,2,1,5,1.4,1.0,1.2,0.2,5,0.6,0.2,1.8,0.2,5,1.4,1.2,1.2,0.3,10,0.6,0.8,1.8,0.2,10,2.0,1.4,1.0,0.4,5,0.2,0.6,2.6,0.0,5
2022-04-03,2021-22,Tottenham,Newcastle United,5,1,H,1626.6,1508.4,118.3,6,15,9,29,29,2,1,2,5,2.4,3.2,0.8,0.6,5,1.8,1.2,0.8,0.2,5,1.5,2.1,1.4,0.3,10,2.0,1.3,0.7,0.3,10,1.8,2.6,1.2,0.4,5,1.4,1.0,0.8,0.2,5
2022-04-04,2021-22,Crystal Palace,Arsenal,3,0,H,1506.7,1651.0,-144.3,12,5,-7,29,28,0,1,4,5,1.6,1.4,0.6,0.4,5,2.4,1.6,1.0,0.4,5,1.1,1.2,1.1,0.3,10,2.2,1.7,0.8,0.5,10,0.4,0.8,1.6,0.2,5,3.0,2.8,0.6,0.6,5
2022-04-06,2021-22,Burnley,Everton,3,2,H,1456.6,1472.0,-15.4,19,17,-2,28,28,2,2,1,5,0.2,0.2,2.2,0.0,5,0.6,0.4,1.8,0.2,5,0.9,0.6,1.3,0.3,10,0.6,0.7,1.7,0.2,10,0.6,0.2,1.8,0.2,5,0.0,0.6,2.8,0.0,5
2022-04-08,2021-22,Newcastle United,Wolverhampton Wanderers,1,0,H,1503.9,1557.7,-53.8,15,8,-7,30,31,0,1,4,5,1.2,1.0,1.8,0.0,5,1.8,1.8,1.2,0.4,5,1.9,1.3,1.1,0.3,10,1.5,1.4,1.1,0.3,10,2.2,1.6,0.8,0.2,5,1.8,1.2,0.8,0.4,5
2022-04-09,2021-22,Everton,Manchester United,1,0,H,1464.3,1658.4,-194.1,17,7,-10,29,30,0,1,4,5,0.6,0.8,2.2,0.2,5,1.6,1.8,1.8,0.2,5,0.6,0.8,1.8,0.2,10,1.9,1.7,1.2,0.3,10,1.2,0.8,0.6,0.4,5,1.6,2.2,2.0,0.0,5
2022-04-09,2021-22,Arsenal,Brighton and Hove Albion,1,2,A,1639.7,1476.1,163.6,5,13,8,29,30,2,2,1,5,1.8,1.2,1.4,0.4,5,0.2,0.2,1.6,0.2,5,1.9,1.2,1.1,0.4,10,0.6,0.5,1.5,0.2,10,2.0,1.2,0.8,0.4,5,1.4,1.4,1.4,0.2,5
2022-04-09,2021-22,Southampton,Chelsea,0,6,A,1499.7,1686.2,-186.5,13,3,-10,30,29,1,2,2,5,0.8,1.0,1.8,0.2,5,2.4,2.0,1.0,0.6,5,1.2,1.3,1.6,0.2,10,1.8,1.6,1.0,0.4,10,1.4,1.4,1.0,0.4,5,2.0,1.8,0.6,0.4,5
2022-04-09,2021-22,Watford,Leeds United,0,3,A,1406.8,1496.7,-89.9,19,16,-3,30,31,0,1,0,1,0.8,0.8,2.0,0.2,5,1.4,1.2,1.6,0.0,5,0.8,0.6,1.7,0.3,10,0.8,1.1,2.8,0.0,10,0.0,0.6,2.6,0.0,5,0.8,1.2,3.0,0.0,5
2022-04-09,2021-22,Aston Villa,Tottenham,0,4,A,1507.4,1631.1,-123.7,12,4,-8,30,30,1,4,0,5,1.2,1.8,1.0,0.4,5,2.4,3.4,1.0,0.4,5,1.3,1.5,1.0,0.4,10,1.8,2.6,1.3,0.3,10,1.0,1.8,1.4,0.2,5,1.8,2.2,1.2,0.4,5
2022-04-10,2021-22,Manchester City,Liverpool,2,2,D,1808.9,1785.1,23.8,1,2,1,30,30,2,1,2,5,2.0,1.8,0.8,0.6,5,3.0,2.6,0.0,1.0,5,2.3,1.9,0.6,0.6,10,3.0,2.5,0.2,0.8,10,2.4,3.0,1.4,0.4,5,2.6,2.0,0.6,0.6,5
2022-04-10,2021-22,Norwich City,Burnley,2,0,H,1355.0,1464.2,-109.2,20,18,-2,30,29,0,2,1,3,0.2,0.6,2.0,0.2,5,0.6,0.6,2.4,0.0,5,0.8,1.0,1.9,0.2,10,1.1,0.9,1.5,0.2,10,0.8,1.0,2.4,0.0,5,1.0,1.0,1.2,0.4,5
2022-04-10,2021-22,Brentford,West Ham United,2,0,H,1481.3,1591.7,-110.4,15,6,-9,31,31,1,0,0,1,1.8,2.0,1.2,0.2,5,1.8,1.2,1.2,0.2,5,1.0,1.3,1.5,0.2,10,1.4,1.2,1.3,0.2,10,0.8,0.8,1.4,0.4,5,0.8,1.2,1.8,0.0,5
2022-04-10,2021-22,Leicester City,Crystal Palace,2,1,H,1574.5,1518.0,56.6,10,9,-1,28,30,3,0,2,5,2.0,1.2,0.8,0.4,5,2.2,2.0,0.4,0.6,5,1.2,1.2,1.4,0.2,10,1.4,1.3,0.8,0.4,10,1.6,1.6,1.4,0.2,5,1.8,1.6,0.6,0.4,5
2022-04-16,2021-22,Tottenham,Brighton and Hove Albion,0,1,A,1640.4,1492.5,147.9,4,11,7,31,31,3,2,0,5,2.4,3.2,1.0,0.4,5,0.8,0.6,1.4,0.2,5,2.1,2.8,1.0,0.4,10,0.8,0.6,1.5,0.2,10,1.8,3.0,1.4,0.2,5,1.4,1.2,1.2,0.2,5
2022-04-16,2021-22,Manchester United,Norwich City,3,2,H,1645.8,1365.3,280.5,7,20,13,31,31,3,0,0,3,1.0,1.0,1.6,0.2,5,0.8,1.0,1.6,0.4,5,1.6,1.4,1.2,0.3,10,0.8,1.0,1.8,0.3,10,1.8,1.4,0.8,0.4,5,0.8,1.0,1.4,0.4,5
2022-04-16,2021-22,Southampton,Arsenal,1,0,H,1492.2,1623.3,-131.1,14,5,-9,31,30,0,3,2,5,0.2,0.6,3.0,0.0,5,1.2,0.8,1.4,0.4,5,1.2,1.2,1.9,0.2,10,1.9,1.2,1.1,0.4,10,1.2,1.2,2.0,0.4,5,2.4,2.0,1.0,0.6,5
2022-04-16,2021-22,Watford,Brentford,1,2,A,1396.5,1491.6,-95.1,19,14,-5,31,32,0,1,0,1,0.6,0.8,2.6,0.0,5,2.4,2.4,0.8,0.4,5,0.7,0.6,2.0,0.2,10,1.3,1.4,1.2,0.3,10,0.0,0.6,3.0,0.0,5,1.2,1.8,1.6,0.0,5
2022-04-17,2021-22,Newcastle United,Leicester City,2,1,H,1512.6,1580.3,-67.7,15,9,-6,31,29,1,4,0,5,1.2,0.8,1.6,0.2,5,2.0,1.2,1.0,0.2,5,1.9,1.3,1.1,0.3,10,1.5,1.2,1.2,0.2,10,2.6,1.6,0.6,0.4,5,0.8,0.8,1.4,0.2,5
2022-04-17,2021-22,West Ham United,Burnley,1,1,D,1581.4,1453.9,127.5,7,18,11,32,30,2,2,1,5,1.2,1.0,1.6,0.0,5,0.6,0.6,2.4,0.0,5,1.4,1.0,1.2,0.2,10,1.0,0.8,1.6,0.2,10,2.6,1.4,0.6,0.4,5,1.0,0.8,1.0,0.4,5
2022-04-19,2021-22,Liverpool,Manchester United,4,0,H,1788.6,1647.8,140.8,2,5,3,31,32,3,0,2,5,2.6,1.8,0.4,0.8,5,1.4,1.6,2.0,0.0,5,2.8,2.4,0.4,0.7,10,1.6,1.6,1.4,0.2,10,3.0,2.8,0.2,0.8,5,1.4,1.8,1.8,0.0,5
2022-04-20,2021-22,Newcastle United,Crystal Palace,1,0,H,1521.7,1512.2,9.5,14,13,-1,32,31,2,2,1,5,1.2,0.8,1.6,0.2,5,1.6,1.4,0.6,0.6,5,1.9,1.2,1.1,0.3,10,1.3,1.3,0.9,0.4,10,3.0,1.8,0.6,0.4,5,1.6,1.6,0.8,0.4,5
2022-04-20,2021-22,Chelsea,Arsenal,2,4,A,1693.8,1612.4,81.4,3,5,2,30,31,2,2,1,5,2.4,3.0,1.0,0.6,5,0.6,0.4,1.6,0.2,5,2.0,2.1,0.9,0.5,10,1.8,1.2,1.2,0.3,10,1.6,1.4,1.4,0.4,5,1.8,1.0,1.2,0.4,5
2022-04-20,2021-22,Everton,Leicester City,1,1,D,1477.0,1571.2,-94.2,17,9,-8,30,30,2,2,1,5,1.2,1.0,1.2,0.4,5,1.4,1.2,1.4,0.0,5,0.9,0.9,1.7,0.3,10,1.4,1.2,1.3,0.2,10,1.8,1.0,0.4,0.6,5,0.8,1.0,1.4,0.2,5
2022-04-20,2021-22,Manchester City,Brighton and Hove Albion,3,0,H,1805.5,1508.6,296.9,2,10,8,31,32,4,1,0,5,2.2,1.8,0.6,0.6,5,1.4,0.6,1.0,0.4,5,2.1,1.9,0.7,0.6,10,1.0,0.6,1.4,0.3,10,2.0,2.2,1.2,0.4,5,1.8,1.2,1.0,0.4,5
2022-04-21,2021-22,Burnley,Southampton,2,0,H,1459.7,1503.1,-43.4,18,13,-5,31,32,2,2,1,5,0.8,0.8,1.8,0.0,5,0.8,0.8,2.2,0.2,5,1.1,0.9,1.6,0.2,10,1.4,1.2,1.8,0.3,10,1.2,0.8,2.0,0.2,5,1.0,1.2,2.2,0.0,5
2022-04-23,2021-22,Arsenal,Manchester United,3,1,H,1627.2,1643.8,-16.6,5,6,1,32,33,2,1,2,5,1.2,1.2,1.6,0.2,5,1.4,1.4,2.0,0.0,5,1.8,1.5,1.4,0.2,10,1.5,1.5,1.7,0.2,10,1.8,1.4,1.2,0.2,5,0.8,1.2,2.4,0.0,5
2022-04-23,2021-22,Leicester City,Aston Villa,0,0,D,1571.4,1498.1,73.3,9,15,6,31,31,3,2,0,5,1.6,1.4,1.2,0.0,5,0.6,1.0,1.8,0.2,5,1.5,1.3,1.2,0.2,10,1.0,1.4,1.4,0.3,10,2.2,1.6,1.0,0.2,5,1.2,1.4,1.0,0.4,5
2022-04-23,2021-22,Manchester City,Watford,5,1,H,1807.4,1386.4,421.0,1,19,18,32,32,5,0,0,5,2.2,2.2,0.6,0.6,5,0.6,0.6,2.4,0.0,5,2.1,2.1,0.7,0.6,10,0.7,0.7,2.1,0.2,10,2.0,2.6,1.2,0.4,5,1.4,0.6,1.4,0.4,5
2022-04-23,2021-22,Norwich City,Newcastle United,0,3,A,1363.2,1528.6,-165.4,20,11,-9,32,33,1,0,2,3,0.8,1.2,1.6,0.4,5,1.8,1.0,1.4,0.4,5,0.5,0.9,2.1,0.2,10,1.9,1.2,1.1,0.3,10,0.8,1.0,2.2,0.2,5,1.2,1.0,1.6,0.2,5
2022-04-23,2021-22,Brentford,Tottenham,0,0,D,1501.8,1624.3,-122.5,12,5,-7,33,32,0,1,0,1,2.4,2.2,0.8,0.4,5,2.4,2.8,0.6,0.4,5,1.6,1.5,1.1,0.3,10,2.1,2.8,0.9,0.4,10,1.4,1.0,0.8,0.6,5,1.8,2.4,0.8,0.6,5
2022-04-24,2021-22,Brighton and Hove Albion,Southampton,2,2,D,1506.8,1494.7,12.1,12,13,1,33,33,1,2,2,5,1.4,0.6,1.2,0.4,5,0.8,0.6,2.2,0.2,5,0.7,0.4,1.7,0.2,10,1.1,0.9,1.8,0.3,10,0.2,0.0,1.8,0.2,5,1.0,1.0,2.0,0.0,5
2022-04-24,2021-22,Burnley,Wolverhampton Wanderers,1,0,H,1468.1,1549.0,-81.0,18,8,-10,32,32,2,0,3,5,1.4,1.2,1.4,0.2,5,1.8,1.8,1.0,0.4,5,1.1,0.8,1.6,0.2,10,1.5,1.4,1.1,0.3,10,1.2,1.0,2.0,0.2,5,1.2,0.8,0.8,0.4,5
2022-04-24,2021-22,Chelsea,West Ham United,1,0,H,1679.0,1575.6,103.4,3,7,4,31,33,2,3,0,5,1.8,2.6,1.8,0.4,5,1.4,1.2,1.6,0.0,5,1.9,2.1,1.1,0.5,10,1.5,1.1,1.2,0.2,10,1.4,1.6,2.0,0.4,5,0.2,0.6,1.8,0.0,5
2022-04-24,2021-22,Liverpool,Everton,2,0,H,1792.6,1476.8,315.7,2,18,16,32,31,2,1,2,5,2.6,2.4,0.4,0.8,5,1.4,1.2,1.2,0.4,5,2.8,2.5,0.3,0.8,10,1.0,0.9,1.5,0.3,10,3.0,3.2,0.2,0.8,5,0.0,0.8,3.0,0.0,5
2022-04-25,2021-22,Crystal Palace,Leeds United,0,0,D,1505.2,1507.0,-1.7,14,16,2,32,32,1,2,0,3,1.4,1.2,0.6,0.6,5,2.0,1.8,1.4,0.2,5,1.3,1.2,0.7,0.4,10,1.0,1.1,2.5,0.1,10,1.0,1.0,1.0,0.4,5,1.2,1.2,2.4,0.2,5
2022-04-28,2021-22,Manchester United,Chelsea,1,1,D,1636.1,1683.7,-47.6,6,3,-3,34,32,2,0,3,5,0.8,1.0,2.2,0.0,5,1.8,2.2,1.6,0.6,5,1.4,1.5,1.9,0.2,10,2.2,2.2,1.0,0.6,10,2.2,1.8,1.0,0.4,5,2.6,3.0,0.4,0.6,5
2022-04-30,2021-22,Leeds United,Manchester City,0,4,A,1509.7,1808.3,-298.6,16,1,-15,33,33,1,1,1,3,2.2,1.8,0.8,0.4,5,2.2,2.4,0.6,0.6,5,1.1,1.1,2.2,0.2,10,2.3,2.5,0.7,0.6,10,0.8,1.0,2.6,0.0,5,2.2,1.6,0.2,0.8,5
2022-04-30,2021-22,Wolverhampton Wanderers,Brighton and Hove Albion,0,3,A,1539.6,1503.7,35.9,8,11,3,33,34,2,0,3,5,1.2,1.0,1.2,0.2,5,1.6,1.0,1.2,0.4,5,1.2,1.2,1.2,0.2,10,0.8,0.6,1.7,0.2,10,1.8,2.0,1.4,0.2,5,1.2,0.8,1.6,0.2,5
2022-04-30,2021-22,Watford,Burnley,1,2,A,1385.4,1477.5,-92.1,19,17,-2,33,33,1,2,2,5,0.6,0.8,2.6,0.0,5,2.0,1.4,1.0,0.4,5,0.7,0.8,2.4,0.2,10,1.1,0.8,1.6,0.2,10,0.0,0.8,2.8,0.0,5,1.0,1.0,1.2,0.2,5
2022-04-30,2021-22,Southampton,Crystal Palace,1,2,A,1497.8,1502.5,-4.7,13,14,1,34,33,2,1,2,5,1.0,0.8,2.2,0.2,5,1.0,0.8,0.6,0.6,5,1.1,1.0,1.9,0.3,10,1.3,1.1,0.6,0.5,10,1.2,1.0,2.0,0.4,5,1.4,1.4,0.8,0.4,5
2022-04-30,2021-22,Aston Villa,Norwich City,2,0,H,1502.7,1355.1,147.6,15,20,5,32,33,3,0,0,3,0.2,0.4,1.8,0.2,5,0.8,1.0,1.6,0.4,5,1.0,1.1,1.1,0.4,10,0.4,0.8,2.3,0.2,10,0.8,1.4,1.8,0.2,5,0.2,0.8,2.0,0.2,5
2022-04-30,2021-22,Newcastle United,Liverpool,0,1,A,1536.8,1794.2,-257.5,10,2,-8,34,33,0,3,2,5,2.4,1.6,1.2,0.6,5,2.6,2.4,0.4,0.8,5,2.1,1.4,1.0,0.4,10,2.8,2.5,0.3,0.8,10,3.0,1.4,0.4,0.6,5,2.6,2.0,0.6,0.6,5
2022-05-01,2021-22,Everton,Chelsea,1,0,H,1475.2,1685.2,-210.1,18,3,-15,32,33,2,2,1,5,0.8,1.0,1.6,0.2,5,1.4,2.2,1.8,0.4,5,0.7,0.6,1.7,0.2,10,2.2,2.2,1.0,0.6,10,1.4,0.6,0.6,0.4,5,2.6,3.0,0.4,0.6,5
2022-05-01,2021-22,Tottenham,Leicester City,3,1,H,1623.6,1566.8,56.8,5,11,6,33,32,3,2,0,5,2.0,2.4,0.6,0.4,5,1.2,1.0,1.0,0.2,5,1.9,2.5,0.7,0.5,10,1.5,1.1,1.0,0.3,10,1.8,2.6,1.0,0.2,5,1.0,1.0,1.2,0.2,5
2022-05-01,2021-22,West Ham United,Arsenal,1,2,A,1570.9,1634.8,-63.9,7,5,-2,34,33,0,4,1,5,0.8,0.8,1.6,0.0,5,1.2,1.6,1.8,0.0,5,1.2,1.0,1.3,0.1,10,1.8,1.6,1.4,0.2,10,2.2,1.4,0.8,0.2,5,1.8,1.6,1.6,0.2,5
2022-05-02,2021-22,Manchester United,Brentford,3,0,H,1634.7,1502.4,132.2,6,14,8,35,34,1,0,0,1,0.8,1.0,2.2,0.0,5,2.0,1.8,0.8,0.4,5,1.2,1.4,2.0,0.1,10,1.7,1.5,0.9,0.4,10,1.8,1.6,1.2,0.2,5,1.8,2.2,1.4,0.0,5
2022-05-07,2021-22,Brentford,Southampton,3,0,H,1498.2,1485.1,13.1,14,15,1,35,35,0,1,0,1,2.0,1.6,1.0,0.4,5,0.8,0.8,2.4,0.2,5,1.6,1.5,1.2,0.3,10,0.8,0.9,2.1,0.2,10,1.6,0.8,0.4,0.8,5,0.6,0.8,2.0,0.0,5
2022-05-07,2021-22,Burnley,Aston Villa,1,3,A,1487.7,1506.6,-18.8,16,14,-2,34,33,1,1,2,4,2.0,1.2,0.8,0.4,5,0.8,0.6,1.4,0.4,5,1.3,0.9,1.6,0.2,10,1.3,1.3,1.0,0.5,10,1.8,1.2,1.6,0.4,5,1.4,1.4,0.8,0.6,5
2022-05-07,2021-22,Chelsea,Wolverhampton Wanderers,2,2,D,1672.2,1525.9,146.3,3,8,5,34,34,2,1,2,5,1.4,2.0,1.2,0.4,5,0.6,0.8,1.8,0.0,5,1.9,2.0,1.1,0.5,10,0.9,1.0,1.4,0.2,10,1.8,1.4,1.6,0.6,5,0.6,0.4,1.0,0.2,5
2022-05-07,2021-22,Crystal Palace,Watford,1,0,H,1515.2,1375.2,139.9,14,19,5,34,34,2,2,1,5,1.4,1.2,0.8,0.4,5,0.0,0.6,2.8,0.0,5,1.5,1.3,0.7,0.4,10,0.4,0.8,2.6,0.1,10,1.2,0.8,0.4,0.6,5,0.8,0.6,2.4,0.2,5
2022-05-07,2021-22,Brighton and Hove Albion,Manchester United,4,0,H,1517.4,1638.8,-121.4,10,6,-4,35,36,0,5,0,5,2.0,1.6,1.2,0.4,5,1.4,1.6,2.0,0.2,5,1.1,0.9,1.4,0.3,10,1.2,1.3,1.8,0.2,10,0.4,0.4,1.6,0.2,5,0.6,1.2,2.8,0.0,5
2022-05-07,2021-22,Liverpool,Tottenham,1,1,D,1800.0,1629.4,170.6,2,5,3,34,34,4,0,1,5,2.6,2.2,0.4,0.8,5,2.0,2.4,0.6,0.4,5,2.8,2.5,0.3,0.8,10,2.2,2.8,0.7,0.5,10,3.0,3.0,0.0,1.0,5,2.0,2.4,0.6,0.8,5
2022-05-08,2021-22,Manchester City,Newcastle United,5,0,H,1813.1,1531.0,282.1,2,13,11,34,35,4,0,1,5,2.6,3.2,0.6,0.6,5,2.4,1.4,0.4,0.6,5,2.3,2.7,0.7,0.6,10,1.8,1.2,1.1,0.3,10,2.0,3.2,1.4,0.2,5,1.2,1.2,1.6,0.2,5
2022-05-08,2021-22,Leicester City,Everton,1,2,A,1561.0,1488.2,72.8,14,18,4,33,33,1,2,2,5,1.0,1.0,1.4,0.2,5,1.4,1.0,1.2,0.4,5,1.5,1.1,1.1,0.3,10,1.0,0.7,1.5,0.3,10,2.2,1.4,0.8,0.4,5,0.0,0.6,2.8,0.0,5
2022-05-08,2021-22,Arsenal,Leeds United,2,1,H,1645.9,1504.9,141.0,4,18,14,34,34,2,0,1,3,1.8,2.0,1.4,0.0,5,1.6,1.4,1.4,0.4,5,1.8,1.6,1.4,0.2,10,1.1,0.9,2.2,0.2,10,1.8,1.6,1.2,0.2,5,1.4,1.2,1.8,0.4,5
2022-05-08,2021-22,Norwich City,West Ham United,0,4,A,1351.2,1559.9,-208.6,20,7,-13,34,35,0,3,0,3,0.8,0.8,1.6,0.4,5,0.8,0.8,1.4,0.0,5,0.4,0.8,2.1,0.2,10,1.1,0.9,1.3,0.1,10,0.6,0.8,2.6,0.2,5,0.2,0.6,1.8,0.0,5
2022-05-10,2021-22,Aston Villa,Liverpool,1,2,A,1518.9,1793.5,-274.6,11,2,-9,34,35,1,4,0,5,1.4,1.2,1.4,0.4,5,2.2,2.0,0.6,0.6,5,1.6,1.6,1.0,0.5,10,2.6,2.3,0.3,0.8,10,1.2,1.2,1.2,0.4,5,2.6,1.6,0.4,0.8,5
2022-05-11,2021-22,Leeds United,Chelsea,0,3,A,1500.9,1666.1,-165.2,18,3,-15,35,35,0,2,1,3,1.0,1.0,1.4,0.4,5,1.0,1.2,1.6,0.2,5,1.1,1.0,1.8,0.2,10,1.7,2.1,1.3,0.4,10,0.8,0.6,2.6,0.0,5,2.0,2.8,0.6,0.4,5
2022-05-11,2021-22,Leicester City,Norwich City,3,0,H,1546.4,1344.3,202.2,14,20,6,34,35,1,1,1,3,0.4,0.8,1.6,0.2,5,0.6,0.8,2.4,0.2,5,1.2,1.0,1.3,0.2,10,0.4,0.7,2.2,0.2,10,2.0,1.2,0.8,0.4,5,0.2,0.6,1.8,0.2,5
2022-05-11,2021-22,Watford,Everton,0,0,D,1371.2,1502.8,-131.6,19,16,-3,35,34,2,2,1,5,0.0,0.6,2.6,0.0,5,2.0,1.0,0.8,0.4,5,0.4,0.7,2.3,0.1,10,1.3,0.9,1.5,0.3,10,0.0,1.0,2.8,0.0,5,0.6,1.0,2.6,0.0,5
2022-05-11,2021-22,Wolverhampton Wanderers,Manchester City,1,5,A,1532.0,1815.1,-283.2,8,1,-7,35,35,2,3,0,5,0.8,0.8,1.6,0.0,5,2.6,3.8,0.6,0.6,5,1.0,1.1,1.4,0.2,10,2.3,2.8,0.7,0.6,10,1.2,1.6,1.8,0.2,5,2.6,2.2,0.0,1.0,5
2022-05-12,2021-22,Tottenham,Arsenal,3,0,H,1635.9,1649.9,-14.0,5,4,-1,35,35,2,2,1,5,1.6,1.6,0.6,0.4,5,2.4,2.2,1.2,0.0,5,2.0,2.5,0.8,0.4,10,1.8,1.5,1.3,0.2,10,2.4,3.2,0.8,0.2,5,1.8,1.4,1.4,0.2,5
2022-05-15,2021-22,Everton,Brentford,2,3,A,1501.9,1505.1,-3.2,16,13,-3,35,36,0,1,0,1,1.6,0.8,0.8,0.4,5,2.0,1.4,0.8,0.6,5,1.4,0.9,1.0,0.4,10,1.9,1.7,1.0,0.4,10,2.0,0.8,0.4,0.6,5,1.8,2.0,1.6,0.0,5
2022-05-15,2021-22,Wolverhampton Wanderers,Norwich City,1,1,D,1526.8,1341.3,185.5,8,20,12,36,36,2,0,1,3,0.2,0.6,2.4,0.0,5,0.0,0.4,3.0,0.0,5,1.0,1.2,1.8,0.2,10,0.4,0.7,2.3,0.2,10,1.2,1.8,2.4,0.2,5,0.2,0.6,2.0,0.2,5
2022-05-15,2021-22,Watford,Leicester City,1,5,A,1372.1,1549.4,-177.3,19,11,-8,36,35,1,3,1,5,0.2,0.6,2.0,0.2,5,1.0,1.2,1.2,0.4,5,0.4,0.7,2.3,0.1,10,1.2,1.2,1.3,0.2,10,0.2,0.8,2.0,0.2,5,0.4,0.8,1.8,0.0,5
2022-05-15,2021-22,West Ham United,Manchester City,2,2,D,1566.8,1820.3,-253.5,7,1,-6,36,36,0,4,1,5,0.8,1.2,1.2,0.2,5,3.0,4.4,0.4,0.6,5,1.3,1.2,1.2,0.2,10,2.6,3.1,0.5,0.6,10,2.0,1.4,1.0,0.2,5,2.6,2.4,0.2,0.8,5
2022-05-15,2021-22,Aston Villa,Crystal Palace,1,1,D,1513.5,1519.2,-5.7,13,12,-1,35,35,3,2,0,5,1.4,1.2,1.4,0.4,5,1.4,0.8,0.8,0.4,5,1.3,1.5,1.2,0.4,10,1.8,1.4,0.6,0.5,10,1.2,1.4,1.4,0.4,5,1.8,1.8,1.0,0.2,5
2022-05-15,2021-22,Tottenham,Burnley,1,0,H,1643.5,1475.5,168.0,5,17,12,36,35,3,1,1,5,1.6,1.4,0.6,0.4,5,2.0,1.4,1.0,0.4,5,2.0,2.3,0.8,0.4,10,1.3,1.0,1.7,0.2,10,2.4,2.8,0.8,0.2,5,1.0,0.8,1.4,0.0,5
2022-05-15,2021-22,Leeds United,Brighton and Hove Albion,1,1,D,1492.8,1528.0,-35.3,18,10,-8,36,36,0,2,1,3,0.8,0.8,1.8,0.4,5,2.0,2.0,1.0,0.6,5,1.1,1.0,1.7,0.2,10,1.4,1.3,1.2,0.4,10,0.8,0.6,2.4,0.0,5,1.8,1.4,1.2,0.4,5
2022-05-16,2021-22,Newcastle United,Arsenal,2,0,H,1529.0,1642.3,-113.3,14,5,-9,36,36,0,5,0,5,1.8,1.2,1.4,0.4,5,2.4,2.2,1.6,0.0,5,1.5,1.0,1.5,0.3,10,1.5,1.3,1.6,0.1,10,2.4,1.2,0.6,0.4,5,1.2,1.2,2.0,0.0,5
2022-05-17,2021-22,Southampton,Liverpool,1,2,A,1478.3,1798.8,-320.6,15,2,-13,36,36,1,4,0,5,0.8,0.8,1.8,0.2,5,2.6,2.0,0.4,0.6,5,0.5,0.7,2.4,0.1,10,2.6,1.9,0.4,0.7,10,0.6,0.8,2.4,0.2,5,2.6,1.8,0.6,0.6,5
2022-05-19,2021-22,Everton,Crystal Palace,3,2,H,1489.2,1521.8,-32.6,16,13,-3,36,36,2,1,2,5,1.4,1.0,1.2,0.4,5,1.6,0.8,0.6,0.4,5,1.4,1.1,1.2,0.4,10,1.6,1.1,0.6,0.5,10,2.0,1.2,0.8,0.6,5,1.4,1.2,1.0,0.2,5
2022-05-19,2021-22,Aston Villa,Burnley,1,1,D,1510.8,1471.9,38.9,14,18,4,36,36,2,1,2,5,1.6,1.4,0.8,0.4,5,1.8,1.2,1.0,0.4,5,1.1,1.2,1.3,0.3,10,1.3,1.0,1.4,0.2,10,0.8,0.8,1.6,0.2,5,0.8,0.6,1.4,0.0,5
2022-05-19,2021-22,Chelsea,Leicester City,1,1,D,1674.2,1557.2,117.0,3,9,6,36,36,2,1,2,5,1.6,1.4,0.8,0.4,5,1.4,2.0,1.2,0.4,5,1.7,2.0,1.3,0.4,10,1.5,1.7,1.2,0.2,10,1.4,1.4,2.0,0.4,5,1.0,1.8,1.6,0.0,5
2022-05-22,2021-22,Leicester City,Southampton,4,1,H,1562.8,1473.9,88.9,9,15,6,37,37,2,1,2,5,1.4,2.2,1.4,0.2,5,0.2,0.8,2.2,0.0,5,1.3,1.6,1.2,0.2,10,0.5,0.8,2.2,0.1,10,2.0,1.6,0.8,0.4,5,0.4,0.6,2.4,0.0,5
2022-05-22,2021-22,Norwich City,Tottenham,0,5,A,1348.0,1647.0,-299.0,20,4,-16,37,37,0,2,1,3,0.2,0.2,2.6,0.0,5,2.2,1.6,0.4,0.6,5,0.5,0.7,2.1,0.2,10,2.3,2.2,0.5,0.5,10,0.6,0.8,2.6,0.2,5,1.6,1.8,0.8,0.6,5
2022-05-22,2021-22,Liverpool,Wolverhampton Wanderers,3,1,H,1803.2,1520.0,283.2,2,9,7,37,37,5,0,0,5,2.6,1.6,0.6,0.4,5,0.4,0.8,2.4,0.0,5,2.6,2.0,0.5,0.6,10,1.1,1.3,1.7,0.2,10,2.6,2.0,0.2,0.8,5,0.8,0.6,1.0,0.2,5
2022-05-22,2021-22,Crystal Palace,Manchester United,1,0,H,1513.7,1628.2,-114.5,13,6,-7,37,37,2,2,1,5,1.6,1.2,1.0,0.4,5,0.8,1.0,2.4,0.2,5,1.5,1.2,0.8,0.5,10,1.1,1.3,2.2,0.1,10,1.8,1.0,0.2,0.8,5,0.0,0.4,3.2,0.0,5
2022-05-22,2021-22,Manchester City,Aston Villa,3,2,H,1816.1,1507.0,309.1,2,14,12,37,37,5,0,0,5,2.6,4.2,0.8,0.4,5,1.6,1.6,1.0,0.2,5,2.4,3.2,0.7,0.5,10,0.9,1.0,1.4,0.2,10,2.6,3.8,0.8,0.4,5,1.4,1.6,1.0,0.4,5
2022-05-22,2021-22,Burnley,Newcastle United,1,2,A,1475.7,1539.4,-63.7,17,13,-4,37,37,1,3,1,5,1.4,1.0,1.2,0.2,5,1.8,1.2,1.2,0.6,5,1.4,1.1,1.3,0.2,10,1.5,1.0,1.4,0.4,10,1.8,1.4,1.4,0.4,5,0.6,0.8,2.4,0.2,5
2022-05-22,2021-22,Brighton and Hove Albion,West Ham United,3,1,H,1529.9,1571.0,-41.1,12,7,-5,37,37,0,0,5,5,1.6,2.0,1.2,0.4,5,1.0,1.6,1.2,0.2,5,1.5,1.3,1.1,0.4,10,1.1,1.3,1.4,0.1,10,1.0,1.2,1.2,0.4,5,0.6,1.0,1.4,0.2,5
2022-05-22,2021-22,Brentford,Leeds United,1,2,A,1517.8,1490.9,26.9,13,18,5,37,37,0,0,1,1,2.0,1.6,1.2,0.4,5,0.4,0.4,2.0,0.2,5,2.2,2.0,1.0,0.4,10,1.2,1.1,1.7,0.2,10,2.0,1.4,0.4,0.8,5,1.4,1.4,1.0,0.4,5
2022-05-22,2021-22,Chelsea,Watford,2,1,H,1668.7,1364.3,304.4,3,19,16,37,37,5,0,0,5,1.2,1.4,1.0,0.2,5,0.2,0.6,2.6,0.2,5,1.5,1.8,1.3,0.4,10,0.4,0.6,2.5,0.1,10,1.0,1.4,2.2,0.2,5,0.6,0.6,2.6,0.0,5
2022-05-22,2021-22,Arsenal,Everton,5,1,H,1631.9,1497.3,134.6,5,16,11,37,37,1,3,1,5,1.8,1.4,1.6,0.0,5,2.0,1.6,1.2,0.4,5,1.5,1.3,1.6,0.1,10,1.4,1.3,1.4,0.3,10,1.8,1.6,1.2,0.2,5,0.8,1.0,1.6,0.2,5
2022-08-05,2022-23,Crystal Palace,Arsenal,0,2,A,1524.2,1636.0,-111.9,1,1,0,0,0,1,1,3,5,2.0,1.4,1.0,0.4,5,1.8,1.8,1.6,0.0,5,1.5,1.1,0.8,0.5,10,1.5,1.7,1.7,0.0,10,2.2,1.0,0.0,1.0,5,1.2,1.2,1.8,0.0,5
2022-08-06,2022-23,Everton,Chelsea,0,1,A,1493.2,1670.5,-177.3,3,3,0,0,0,2,2,1,5,1.4,1.6,2.2,0.2,5,1.6,1.6,1.0,0.2,5,1.4,1.3,1.7,0.3,10,1.5,1.9,1.4,0.3,10,2.0,1.6,1.2,0.4,5,2.0,2.6,0.6,0.4,5
2022-08-06,2022-23,Tottenham,Southampton,4,1,H,1651.8,1468.8,183.0,5,5,0,0,0,2,2,1,5,2.6,2.6,0.4,0.6,5,0.2,1.0,2.6,0.0,5,2.3,2.5,0.5,0.5,10,0.5,0.8,2.4,0.1,10,2.4,2.4,0.6,0.4,5,0.4,0.8,2.4,0.0,5
2022-08-06,2022-23,Newcastle United,Nottingham Forest,2,0,H,1550.4,1500.0,50.4,7,7,0,0,0,0,0,0,0,1.8,1.4,1.4,0.4,5,0.0,0.0,0.0,0.0,0,1.8,1.2,1.4,0.4,10,0.0,0.0,0.0,0.0,0,2.4,1.2,0.4,0.6,5,0.0,0.0,0.0,0.0,0
2022-08-06,2022-23,Leeds United,Wolverhampton Wanderers,2,1,H,1504.4,1518.1,-13.6,9,9,0,0,0,1,2,1,4,0.8,0.8,2.2,0.0,5,0.4,1.0,2.8,0.0,5,1.5,1.3,1.5,0.2,10,0.8,1.0,2.0,0.1,10,1.0,0.8,2.0,0.0,5,0.8,0.8,1.4,0.2,5
2022-08-06,2022-23,Bournemouth,Aston Villa,2,0,H,1425.5,1505.3,-79.8,11,11,0,0,0,2,0,0,2,1.4,1.6,1.2,0.2,5,1.0,1.6,1.6,0.0,5,0.7,1.2,2.0,0.1,10,0.9,1.1,1.5,0.2,10,0.8,1.0,1.8,0.2,5,0.8,1.4,1.6,0.2,5
2022-08-06,2022-23,Fulham,Liverpool,2,2,D,1393.7,1805.2,-411.5,13,13,0,0,0,1,2,1,4,0.2,0.4,2.0,0.0,5,2.6,1.8,0.8,0.2,5,0.2,0.5,2.0,0.0,10,2.6,2.1,0.6,0.5,10,0.0,0.2,2.0,0.0,5,2.6,1.8,0.8,0.4,5
2022-08-07,2022-23,Leicester City,Brentford,2,2,D,1567.8,1504.3,63.5,15,15,0,0,0,2,0,0,2,2.0,2.8,1.0,0.2,5,1.4,1.4,1.4,0.4,5,1.5,1.9,1.2,0.2,10,1.9,1.8,1.1,0.4,10,2.0,2.0,0.8,0.4,5,1.8,2.0,1.8,0.0,5
2022-08-07,2022-23,Manchester United,Brighton and Hove Albion,1,2,A,1617.8,1538.2,79.6,17,17,0,0,0,4,1,0,5,0.8,1.0,1.8,0.2,5,2.2,2.6,0.8,0.4,5,1.1,1.2,1.9,0.1,10,1.8,1.6,1.0,0.4,10,2.2,2.2,1.2,0.2,5,2.0,1.4,1.0,0.4,5
2022-08-07,2022-23,West Ham United,Manchester City,0,2,A,1562.7,1817.9,-255.2,19,19,0,0,0,0,3,2,5,0.8,1.6,1.6,0.2,5,2.6,3.8,1.0,0.4,5,1.1,1.4,1.6,0.1,10,2.4,3.1,0.8,0.5,10,1.6,1.6,1.4,0.0,5,2.2,2.6,0.6,0.6,5
2022-08-13,2022-23,Brentford,Manchester United,4,0,H,1508.7,1603.0,-94.3,12,14,2,1,1,0,2,0,2,1.4,1.8,1.8,0.2,5,0.8,1.0,1.6,0.2,5,1.7,1.8,1.3,0.3,10,0.8,1.0,1.9,0.1,10,2.0,1.6,0.4,0.8,5,0.0,0.2,2.6,0.0,5
2022-08-13,2022-23,Wolverhampton Wanderers,Fulham,0,0,D,1510.5,1400.8,109.7,13,10,-3,1,1,3,0,1,4,0.4,1.2,2.6,0.0,5,0.4,0.8,2.0,0.0,5,0.5,1.0,2.2,0.0,10,0.3,0.7,1.9,0.0,10,0.8,1.2,2.6,0.0,5,0.4,0.8,2.0,0.0,5
2022-08-13,2022-23,Southampton,Leeds United,2,2,D,1465.5,1512.0,-46.4,19,7,-12,1,1,1,2,1,4,0.0,0.8,3.0,0.0,5,1.4,1.2,1.6,0.0,5,0.5,0.8,2.6,0.1,10,1.5,1.3,1.5,0.2,10,0.6,0.8,2.4,0.2,5,2.0,1.8,1.0,0.4,5
2022-08-13,2022-23,Aston Villa,Everton,2,1,H,1495.9,1485.4,10.5,18,15,-3,1,1,3,0,2,5,0.4,1.0,1.8,0.0,5,0.8,1.2,2.2,0.2,5,0.9,1.1,1.6,0.2,10,1.4,1.1,1.5,0.3,10,1.0,1.0,1.6,0.2,5,0.8,1.0,2.2,0.2,5
2022-08-13,2022-23,Brighton and Hove Albion,Newcastle United,0,0,D,1552.9,1556.4,-3.4,8,5,-3,1,1,2,1,2,5,2.6,2.6,0.6,0.4,5,1.8,1.2,1.4,0.4,5,2.1,1.8,0.9,0.4,10,2.1,1.4,1.3,0.5,10,1.6,1.8,1.0,0.4,5,1.2,1.2,2.4,0.2,5
2022-08-13,2022-23,Arsenal,Leicester City,4,2,H,1645.7,1563.4,82.3,6,13,7,1,1,3,1,1,5,1.8,1.8,1.4,0.2,5,2.2,3.0,1.0,0.2,5,1.8,1.9,1.4,0.1,10,1.3,1.9,1.3,0.2,10,1.8,2.2,1.4,0.0,5,1.0,1.8,1.6,0.0,5
2022-08-13,2022-23,Manchester City,Bournemouth,4,0,H,1823.7,1434.9,388.8,8,7,-1,1,1,5,0,0,5,2.6,3.4,1.0,0.4,5,1.8,2.0,1.2,0.2,5,2.6,3.3,0.8,0.5,10,1.0,1.3,1.8,0.2,10,2.6,3.6,1.0,0.4,5,0.6,1.4,2.2,0.0,5
2022-08-14,2022-23,Nottingham Forest,West Ham United,1,0,H,1494.1,1556.9,-62.8,18,19,1,1,1,0,0,0,0,0.0,0.0,2.0,0.0,1,0.8,1.6,1.8,0.2,5,0.0,0.0,2.0,0.0,1,0.8,1.2,1.7,0.1,10,0.0,0.0,0.0,0.0,0,0.6,1.2,1.8,0.2,5
2022-08-14,2022-23,Chelsea,Tottenham,2,2,D,1678.3,1655.1,23.2,8,7,-1,1,1,4,0,1,5,2.2,1.8,0.8,0.4,5,2.6,2.8,0.4,0.6,5,1.8,1.9,1.0,0.4,10,2.3,2.6,0.5,0.5,10,1.6,1.6,1.6,0.2,5,2.2,2.4,0.2,0.8,5
2022-08-15,2022-23,Liverpool,Crystal Palace,1,1,D,1798.1,1514.5,283.6,13,18,5,1,1,5,0,0,5,2.2,2.0,1.2,0.0,5,1.4,1.0,1.2,0.4,5,2.4,2.1,0.8,0.4,10,1.4,1.1,1.0,0.4,10,2.6,2.4,0.4,0.6,5,0.8,1.2,1.6,0.0,5
2022-08-20,2022-23,Bournemouth,Arsenal,0,3,A,1433.8,1650.9,-217.1,11,2,-9,2,2,1,3,1,5,1.2,1.2,1.8,0.2,5,1.8,2.2,1.6,0.2,5,1.0,1.3,2.0,0.2,10,2.1,2.2,1.4,0.1,10,1.4,1.4,1.4,0.4,5,1.8,1.6,1.6,0.2,5
2022-08-20,2022-23,Tottenham,Wolverhampton Wanderers,1,0,H,1658.5,1505.1,153.4,4,14,10,2,2,2,2,1,5,2.6,3.0,0.6,0.6,5,0.4,0.8,2.2,0.2,5,2.1,2.3,0.6,0.5,10,0.6,0.8,1.9,0.1,10,2.4,2.2,0.6,0.4,5,0.2,0.8,1.8,0.0,5
2022-08-20,2022-23,Crystal Palace,Aston Villa,3,1,H,1522.5,1502.8,19.7,15,9,-6,2,2,1,3,1,5,1.0,1.0,1.4,0.2,5,1.0,1.2,1.6,0.0,5,1.2,0.9,1.1,0.3,10,1.2,1.2,1.5,0.2,10,2.0,1.0,0.4,0.8,5,0.8,1.2,1.6,0.2,5
2022-08-20,2022-23,Everton,Nottingham Forest,1,1,D,1478.4,1503.0,-24.6,18,10,-8,2,2,0,0,0,0,0.6,1.4,2.6,0.0,5,1.5,0.5,1.0,0.5,2,1.1,1.1,1.7,0.2,10,1.5,0.5,1.0,0.5,2,1.4,1.4,1.4,0.2,5,0.0,0.0,2.0,0.0,1
2022-08-20,2022-23,Fulham,Brentford,3,2,H,1406.2,1518.5,-112.3,14,4,-10,2,2,0,0,0,0,0.6,0.8,1.6,0.2,5,2.0,2.6,1.2,0.4,5,0.4,0.6,1.7,0.1,10,2.0,2.1,1.1,0.4,10,0.2,0.6,1.8,0.0,5,2.0,2.2,1.8,0.0,5
2022-08-20,2022-23,Leicester City,Southampton,1,2,A,1558.2,1464.0,94.2,15,18,3,2,2,2,1,2,5,1.6,2.8,1.8,0.0,5,0.2,1.0,3.0,0.0,5,1.3,2.0,1.5,0.2,10,0.5,0.9,2.7,0.1,10,1.6,2.0,1.0,0.4,5,0.2,0.8,3.0,0.0,5
2022-08-21,2022-23,Newcastle United,Manchester City,3,3,D,1559.1,1824.8,-265.7,6,3,-3,2,2,0,5,0,5,2.0,1.2,1.2,0.6,5,2.6,3.2,1.0,0.4,5,2.2,1.3,0.8,0.6,10,2.6,3.5,0.8,0.5,10,2.4,1.4,0.4,0.6,5,2.6,3.0,0.6,0.6,5
2022-08-21,2022-23,Leeds United,Chelsea,3,0,H,1513.5,1674.9,-161.4,7,8,1,2,2,0,3,1,4,1.6,1.4,1.6,0.0,5,2.2,1.8,0.8,0.4,5,1.3,1.2,1.5,0.2,10,1.6,1.5,1.2,0.3,10,1.0,0.8,2.0,0.0,5,2.0,2.2,0.4,0.6,5
2022-08-21,2022-23,West Ham United,Brighton and Hove Albion,0,2,A,1547.9,1550.2,-2.3,19,8,-11,2,2,0,1,4,5,0.8,1.4,1.6,0.2,5,2.2,2.0,0.6,0.4,5,0.8,1.1,1.5,0.1,10,2.1,1.8,0.9,0.4,10,1.0,1.2,1.6,0.0,5,2.0,1.4,1.0,0.4,5
2022-08-22,2022-23,Manchester United,Liverpool,2,1,H,1593.2,1790.0,-196.8,19,15,-4,2,2,0,4,1,5,0.6,0.8,2.2,0.2,5,2.2,2.0,1.2,0.0,5,0.7,0.9,2.2,0.1,10,2.2,2.0,0.9,0.3,10,1.6,1.8,1.2,0.2,5,2.2,1.8,1.2,0.2,5
2022-08-27,2022-23,Southampton,Manchester United,0,1,A,1479.1,1605.9,-126.8,11,14,3,3,3,0,2,3,5,0.8,1.4,2.6,0.0,5,0.6,0.6,2.4,0.0,5,0.8,1.1,2.2,0.1,10,1.0,1.1,2.2,0.1,10,0.8,1.0,2.4,0.2,5,0.0,0.2,3.2,0.0,5
2022-08-27,2022-23,Brentford,Everton,1,1,D,1508.2,1476.3,31.9,9,17,8,3,3,2,0,0,2,1.4,2.4,1.8,0.2,5,0.8,1.2,2.2,0.0,5,1.7,1.9,1.3,0.4,10,1.1,1.1,1.7,0.2,10,2.0,2.0,0.4,0.8,5,0.8,0.8,2.0,0.2,5
2022-08-27,2022-23,Brighton and Hove Albion,Leeds United,1,0,H,1563.0,1525.3,37.7,5,4,-1,3,3,2,0,2,4,2.2,1.6,0.6,0.4,5,2.2,2.0,1.0,0.2,5,2.1,1.8,0.8,0.5,10,1.5,1.4,1.4,0.3,10,1.8,1.8,0.6,0.6,5,1.6,1.6,1.0,0.4,5
2022-08-27,2022-23,Chelsea,Leicester City,2,1,H,1663.1,1543.2,120.0,12,19,7,3,3,2,1,2,5,1.6,1.2,1.4,0.2,5,1.0,2.0,2.0,0.0,5,1.6,1.3,1.1,0.3,10,1.2,2.0,1.6,0.2,10,1.8,1.6,1.2,0.2,5,1.0,2.0,2.0,0.0,5
2022-08-27,2022-23,Liverpool,Bournemouth,9,0,H,1777.3,1427.0,350.3,16,15,-1,3,3,5,0,0,5,1.6,1.8,1.4,0.0,5,1.2,1.0,2.0,0.2,5,2.1,1.9,0.9,0.3,10,1.0,1.3,2.2,0.2,10,2.2,2.2,0.6,0.4,5,0.6,1.2,2.6,0.0,5
2022-08-27,2022-23,Manchester City,Crystal Palace,4,2,H,1820.4,1529.2,291.2,3,12,9,3,3,2,1,2,5,2.2,2.8,1.4,0.4,5,1.4,1.4,1.4,0.2,5,2.6,3.6,0.9,0.5,10,1.5,1.1,1.0,0.3,10,3.0,4.0,0.6,0.6,5,1.0,1.2,1.4,0.0,5
2022-08-27,2022-23,Arsenal,Fulham,2,1,H,1657.6,1416.6,241.1,3,11,8,3,3,3,0,1,4,2.4,2.8,1.0,0.4,5,1.2,1.2,1.4,0.2,5,2.4,2.5,1.3,0.2,10,0.7,0.8,1.6,0.1,10,2.4,3.0,1.4,0.0,5,0.6,0.6,1.4,0.2,5
2022-08-28,2022-23,Nottingham Forest,Tottenham,0,2,A,1505.1,1662.3,-157.1,12,4,-8,3,3,0,0,0,0,1.3333333333333333,0.6666666666666666,1.0,0.3333333333333333,3,2.6,2.6,0.6,0.6,5,1.3333333333333333,0.6666666666666666,1.0,0.3333333333333333,3,2.1,2.0,0.6,0.5,10,3.0,1.0,0.0,1.0,1,1.8,2.4,0.6,0.6,5
2022-08-28,2022-23,Aston Villa,West Ham United,0,1,A,1496.1,1535.2,-39.1,15,20,5,3,3,0,4,1,5,0.8,1.2,2.0,0.0,5,0.2,0.6,2.0,0.0,5,1.2,1.3,1.4,0.2,10,0.5,0.9,1.6,0.1,10,1.6,1.4,1.0,0.2,5,0.6,1.0,1.4,0.2,5
2022-08-28,2022-23,Wolverhampton Wanderers,Newcastle United,1,1,D,1501.3,1563.5,-62.2,19,10,-9,3,3,1,1,3,5,0.4,0.6,1.4,0.2,5,2.2,1.8,0.8,0.6,5,0.3,0.6,1.9,0.1,10,2.0,1.5,1.1,0.5,10,1.0,0.8,2.0,0.2,5,1.4,1.2,2.2,0.4,5
2022-08-30,2022-23,Leeds United,Everton,1,1,D,1519.0,1479.9,39.1,5,18,13,4,4,1,2,1,4,2.0,1.8,1.0,0.2,5,0.4,0.8,2.0,0.0,5,1.2,1.1,1.5,0.2,10,1.2,1.2,1.6,0.2,10,1.4,1.2,1.8,0.2,5,1.0,1.0,1.8,0.2,5
2022-08-30,2022-23,Southampton,Chelsea,2,1,H,1469.9,1667.5,-197.7,13,6,-7,4,4,1,2,2,5,0.8,1.2,2.4,0.0,5,2.0,1.4,1.4,0.2,5,0.5,1.0,2.3,0.0,10,1.6,1.4,1.2,0.2,10,0.8,1.0,1.4,0.2,5,1.4,1.0,1.0,0.4,5
2022-08-30,2022-23,Crystal Palace,Brentford,1,1,D,1527.3,1504.6,22.7,13,11,-2,4,4,0,0,2,2,1.4,1.4,1.6,0.2,5,1.0,2.0,1.6,0.2,5,1.5,1.3,1.3,0.3,10,1.5,1.8,1.4,0.3,10,2.0,1.0,0.6,0.6,5,1.4,1.8,2.2,0.0,5
2022-08-30,2022-23,Fulham,Brighton and Hove Albion,2,1,H,1414.1,1569.2,-155.1,12,4,-8,4,4,1,0,3,4,1.0,1.2,1.6,0.2,5,2.6,1.6,0.4,0.6,5,0.7,0.9,1.7,0.1,10,2.1,1.8,0.8,0.5,10,0.8,1.0,1.8,0.0,5,2.0,1.6,1.0,0.4,5
2022-08-31,2022-23,Arsenal,Aston Villa,2,1,H,1660.1,1484.4,175.7,1,16,15,4,4,2,3,0,5,3.0,3.2,0.8,0.4,5,0.6,1.0,2.0,0.0,5,2.4,2.3,1.2,0.2,10,1.1,1.3,1.5,0.1,10,3.0,3.2,1.2,0.0,5,0.8,1.2,1.8,0.2,5
2022-08-31,2022-23,Bournemouth,Wolverhampton Wanderers,0,0,D,1425.6,1500.2,-74.6,18,19,1,4,4,0,3,1,4,1.2,1.0,3.4,0.2,5,0.4,0.6,1.4,0.2,5,1.0,1.2,2.7,0.2,10,0.4,0.7,1.9,0.1,10,1.4,1.2,1.2,0.4,5,0.2,0.8,1.8,0.0,5
2022-08-31,2022-23,Manchester City,Nottingham Forest,6,0,H,1822.3,1496.8,325.5,2,14,12,4,4,0,0,0,0,2.6,3.2,1.4,0.4,5,1.0,0.5,1.25,0.25,4,2.6,3.7,1.1,0.4,10,1.0,0.5,1.25,0.25,4,3.0,4.2,1.0,0.4,5,0.5,0.5,1.5,0.0,2
2022-08-31,2022-23,West Ham United,Tottenham,1,1,D,1546.9,1670.7,-123.7,18,3,-15,4,4,2,2,1,5,0.6,0.4,1.6,0.2,5,2.6,2.8,0.6,0.6,5,0.8,1.0,1.4,0.2,10,2.4,2.2,0.5,0.6,10,0.4,0.8,1.8,0.0,5,1.8,2.0,0.6,0.6,5
2022-08-31,2022-23,Liverpool,Newcastle United,2,1,H,1778.7,1564.6,214.1,12,10,-2,4,4,3,0,2,5,1.6,3.2,1.2,0.2,5,1.8,1.6,1.0,0.4,5,2.1,2.4,0.9,0.3,10,1.8,1.4,1.1,0.5,10,2.2,3.2,0.6,0.4,5,1.6,1.2,1.4,0.4,5
2022-09-01,2022-23,Leicester City,Manchester United,0,1,A,1538.8,1615.1,-76.4,20,12,-8,4,4,2,1,2,5,0.8,2.0,2.2,0.0,5,1.2,0.8,1.6,0.2,5,1.1,2.1,1.8,0.1,10,1.0,0.9,2.0,0.2,10,1.4,2.2,1.4,0.2,5,0.6,0.4,2.4,0.2,5
2022-09-03,2022-23,Wolverhampton Wanderers,Southampton,1,0,H,1501.0,1482.6,18.4,18,9,-9,5,5,4,0,1,5,0.6,0.4,0.8,0.4,5,1.4,1.4,1.8,0.0,5,0.5,0.7,1.8,0.2,10,0.8,1.2,2.2,0.0,10,0.6,0.6,2.0,0.2,5,0.8,1.2,2.8,0.0,5
2022-09-03,2022-23,Tottenham,Fulham,2,1,H,1670.0,1425.7,244.3,3,8,5,5,5,3,0,1,4,2.2,2.0,0.8,0.4,5,1.6,1.6,1.4,0.2,5,2.4,2.3,0.6,0.5,10,0.9,1.0,1.7,0.1,10,3.0,2.4,0.4,0.6,5,0.4,0.6,1.6,0.2,5
2022-09-03,2022-23,Aston Villa,Manchester City,1,1,D,1481.0,1823.9,-342.9,19,3,-16,5,5,0,5,0,5,0.6,0.8,1.8,0.0,5,2.6,3.8,1.0,0.6,5,0.8,1.2,1.7,0.0,10,2.6,3.8,1.0,0.5,10,1.0,1.0,1.2,0.0,5,2.2,3.2,1.2,0.4,5
2022-09-03,2022-23,Nottingham Forest,Bournemouth,2,3,A,1495.2,1424.9,70.3,17,18,1,5,5,0,0,0,0,0.8,0.4,2.2,0.2,5,0.8,0.4,3.2,0.4,5,0.8,0.4,2.2,0.2,5,1.1,1.0,2.2,0.3,10,1.5,0.5,1.0,0.5,2,0.6,1.2,4.2,0.0,5
2022-09-03,2022-23,Newcastle United,Crystal Palace,0,0,D,1561.8,1523.9,37.9,13,15,2,5,5,2,2,1,5,1.2,1.4,1.2,0.4,5,1.0,1.4,1.8,0.0,5,1.5,1.4,1.3,0.4,10,1.5,1.4,1.4,0.2,10,2.0,1.6,0.8,0.6,5,1.0,1.6,2.0,0.0,5
2022-09-03,2022-23,Chelsea,West Ham United,2,1,H,1654.8,1547.6,107.2,10,16,6,5,5,3,2,0,5,1.4,1.2,1.6,0.2,5,0.8,0.4,1.2,0.2,5,1.5,1.4,1.3,0.2,10,0.8,1.0,1.4,0.2,10,1.8,1.8,1.4,0.0,5,1.2,1.2,1.0,0.4,5
2022-09-03,2022-23,Brentford,Leeds United,5,2,H,1508.0,1515.2,-7.3,13,8,-5,5,5,0,1,1,2,1.2,2.0,1.4,0.2,5,1.6,1.6,1.0,0.2,5,1.3,1.7,1.4,0.3,10,1.2,1.2,1.6,0.1,10,1.6,1.8,0.6,0.6,5,1.0,1.0,1.2,0.2,5
2022-09-03,2022-23,Everton,Liverpool,0,0,D,1483.7,1781.5,-297.8,19,8,-11,5,5,1,2,2,5,0.6,0.8,1.2,0.0,5,1.6,3.0,1.2,0.2,5,1.0,1.2,1.7,0.1,10,2.1,2.4,1.0,0.2,10,1.4,1.4,1.4,0.2,5,2.0,1.6,1.2,0.2,5
2022-09-04,2022-23,Brighton and Hove Albion,Leicester City,5,2,H,1557.6,1528.1,29.5,4,20,16,5,5,1,2,2,5,2.0,1.2,0.6,0.6,5,0.2,1.2,2.2,0.0,5,2.1,1.9,0.7,0.5,10,1.1,2.0,1.6,0.1,10,2.2,2.0,0.6,0.6,5,0.8,2.0,2.2,0.0,5
2022-09-04,2022-23,Manchester United,Arsenal,3,1,H,1625.8,1663.5,-37.7,8,1,-7,5,5,1,3,1,5,1.8,1.0,1.4,0.4,5,3.0,2.6,0.8,0.4,5,1.3,1.0,1.6,0.3,10,2.4,2.2,1.2,0.2,10,2.0,2.0,1.2,0.2,5,1.8,1.4,1.2,0.4,5
2022-09-16,2022-23,Aston Villa,Southampton,1,0,H,1487.0,1475.9,11.2,17,12,-5,6,6,2,3,0,5,0.8,1.0,1.6,0.0,5,1.4,1.2,1.2,0.0,5,0.6,1.0,1.7,0.0,10,0.7,1.0,2.1,0.0,10,1.2,1.0,1.0,0.0,5,0.6,0.8,2.6,0.0,5
2022-09-16,2022-23,Nottingham Forest,Fulham,2,3,A,1480.6,1423.3,57.4,19,10,-9,6,6,0,0,0,0,0.8,0.8,2.4,0.2,5,1.4,1.4,1.4,0.2,5,0.6666666666666666,0.6666666666666666,2.3333333333333335,0.16666666666666666,6,0.9,1.1,1.7,0.1,10,1.0,1.0,1.6666666666666667,0.3333333333333333,3,0.4,0.8,1.6,0.2,5
2022-09-17,2022-23,Wolverhampton Wanderers,Manchester City,0,3,A,1507.7,1817.8,-310.2,15,2,-13,6,6,1,4,0,5,1.2,0.4,0.4,0.6,5,2.2,3.6,1.2,0.4,5,0.8,0.8,1.5,0.3,10,2.4,3.5,1.1,0.4,10,1.2,0.8,1.4,0.4,5,1.8,2.6,1.4,0.2,5
2022-09-17,2022-23,Newcastle United,Bournemouth,1,1,D,1558.0,1439.5,118.6,11,14,3,6,6,3,0,2,5,0.8,1.0,1.2,0.4,5,0.8,0.6,3.6,0.2,5,1.3,1.1,1.3,0.4,10,1.3,1.3,2.4,0.2,10,1.6,1.4,0.8,0.6,5,1.2,1.4,3.6,0.0,5
2022-09-17,2022-23,Tottenham,Leicester City,6,2,H,1672.4,1521.6,150.7,3,20,17,6,6,4,1,0,5,2.2,1.6,0.8,0.4,5,0.0,1.2,2.8,0.0,5,2.4,2.2,0.6,0.5,10,1.1,2.1,1.9,0.1,10,3.0,2.2,0.4,0.6,5,0.8,2.2,2.6,0.0,5
2022-09-18,2022-23,Everton,West Ham United,1,0,H,1488.9,1542.9,-54.1,17,18,1,6,6,1,3,1,5,0.8,0.8,1.0,0.2,5,0.8,0.6,1.2,0.2,5,0.8,1.0,1.6,0.2,10,0.8,1.1,1.5,0.2,10,1.0,1.2,1.4,0.2,5,1.2,1.4,1.2,0.4,5
2022-09-18,2022-23,Brentford,Arsenal,0,3,A,1515.3,1655.3,-139.9,9,3,-6,6,6,1,1,0,2,1.6,2.6,1.4,0.2,5,2.4,2.4,1.4,0.2,5,1.5,2.2,1.6,0.2,10,2.1,2.1,1.4,0.2,10,2.0,2.8,1.0,0.4,5,1.2,1.2,1.6,0.4,5
2022-10-01,2022-23,Arsenal,Tottenham,3,1,H,1664.1,1676.2,-12.1,1,3,2,7,7,2,3,0,5,2.4,2.2,1.0,0.4,5,2.6,2.4,0.8,0.4,5,2.1,2.2,1.3,0.3,10,2.6,2.7,0.7,0.5,10,3.0,3.0,1.2,0.0,5,1.8,2.2,0.8,0.4,5
2022-10-01,2022-23,Bournemouth,Brentford,0,0,D,1445.0,1506.5,-61.5,12,9,-3,7,7,0,0,0,0,1.0,0.8,3.0,0.2,5,1.0,1.8,2.0,0.0,5,1.1,1.0,2.4,0.2,10,1.5,2.2,1.6,0.2,10,1.4,1.2,1.2,0.4,5,1.0,1.6,2.2,0.0,5
2022-10-01,2022-23,Crystal Palace,Chelsea,1,2,A,1527.7,1659.4,-131.8,16,8,-8,6,6,0,5,0,5,1.2,1.4,1.4,0.2,5,1.4,1.4,1.8,0.0,5,1.3,1.2,1.3,0.3,10,1.8,1.6,1.3,0.2,10,2.0,1.2,0.8,0.4,5,1.2,1.0,1.2,0.4,5
2022-10-01,2022-23,Fulham,Newcastle United,1,4,A,1437.5,1552.4,-114.9,7,11,4,7,7,0,2,2,4,1.8,2.0,1.8,0.0,5,0.8,1.2,1.4,0.2,5,1.2,1.4,1.7,0.1,10,1.4,1.2,1.3,0.4,10,1.4,1.4,1.8,0.0,5,1.0,0.8,1.8,0.2,5
2022-10-01,2022-23,Liverpool,Brighton and Hove Albion,3,3,D,1776.4,1564.1,212.3,10,4,-6,6,6,2,1,2,5,1.6,2.6,0.8,0.4,5,2.0,1.8,0.8,0.6,5,1.9,2.3,1.0,0.2,10,2.3,2.2,0.7,0.5,10,2.2,3.2,0.8,0.2,5,2.0,1.8,0.8,0.4,5
2022-10-01,2022-23,Southampton,Everton,1,2,A,1469.0,1497.6,-28.6,14,13,-1,7,7,2,2,1,5,1.2,0.8,1.0,0.0,5,1.4,0.8,0.6,0.4,5,0.7,0.9,2.0,0.0,10,1.0,1.1,1.6,0.2,10,0.8,1.2,1.6,0.0,5,0.6,0.8,1.8,0.2,5
2022-10-01,2022-23,West Ham United,Wolverhampton Wanderers,2,0,H,1534.3,1503.1,31.2,18,17,-1,7,7,3,2,0,5,0.8,0.6,1.2,0.2,5,1.0,0.4,1.0,0.4,5,0.8,1.0,1.4,0.2,10,0.7,0.6,1.6,0.3,10,0.4,0.8,1.8,0.0,5,0.4,0.8,1.6,0.2,5
2022-10-02,2022-23,Manchester City,Manchester United,6,3,H,1822.4,1634.0,188.4,2,6,4,7,6,2,2,1,5,2.2,3.4,1.2,0.4,5,2.4,1.4,1.2,0.4,5,2.4,3.3,1.1,0.4,10,1.6,1.2,1.4,0.3,10,3.0,4.4,0.8,0.6,5,1.2,0.4,1.8,0.4,5
2022-10-02,2022-23,Leeds United,Aston Villa,0,0,D,1507.8,1493.9,13.9,13,14,1,6,7,1,2,1,4,1.0,1.6,1.8,0.2,5,0.8,0.8,1.4,0.2,5,1.2,1.4,1.7,0.1,10,0.9,1.0,1.5,0.1,10,1.6,1.4,1.2,0.2,5,0.6,1.4,2.2,0.0,5
2022-10-03,2022-23,Leicester City,Nottingham Forest,4,0,H,1517.8,1466.4,51.4,20,19,-1,7,7,0,0,0,0,0.0,1.2,3.2,0.0,5,0.2,1.0,3.0,0.0,5,0.8,2.0,2.5,0.0,10,0.5714285714285714,0.8571428571428571,2.4285714285714284,0.14285714285714285,7,1.4,2.0,1.2,0.2,5,0.3333333333333333,0.3333333333333333,3.0,0.0,3
2022-10-08,2022-23,Newcastle United,Brentford,5,1,H,1562.0,1507.6,54.4,7,10,3,8,8,1,0,1,2,1.2,1.4,1.0,0.2,5,1.2,1.4,1.4,0.2,5,1.7,1.6,0.9,0.4,10,1.3,1.9,1.6,0.2,10,1.8,1.6,0.8,0.6,5,1.2,1.6,1.6,0.2,5
2022-10-08,2022-23,Manchester City,Southampton,4,0,H,1825.6,1456.9,368.7,2,16,14,8,8,2,1,2,5,2.6,4.0,1.2,0.4,5,0.6,0.6,1.2,0.0,5,2.4,3.4,1.3,0.4,10,0.7,1.0,1.9,0.0,10,3.0,4.6,1.4,0.4,5,0.6,0.8,2.2,0.0,5
2022-10-08,2022-23,Brighton and Hove Albion,Tottenham,0,1,A,1571.2,1668.7,-97.5,5,3,-2,7,8,2,3,0,5,2.0,2.4,1.4,0.4,5,2.0,2.4,1.4,0.2,5,2.1,2.2,1.0,0.4,10,2.3,2.5,1.0,0.4,10,2.6,2.6,0.6,0.6,5,1.6,2.2,1.2,0.4,5
2022-10-08,2022-23,Bournemouth,Leicester City,2,1,H,1443.9,1523.7,-79.8,13,19,6,8,8,2,2,1,5,1.2,0.8,2.4,0.4,5,0.6,1.8,2.8,0.2,5,1.2,0.9,2.2,0.3,10,0.8,1.9,2.4,0.1,10,1.0,0.4,1.0,0.6,5,0.2,1.6,3.6,0.0,5
2022-10-08,2022-23,Chelsea,Wolverhampton Wanderers,3,0,H,1668.5,1496.7,171.8,6,18,12,7,8,1,1,3,5,1.8,1.4,1.6,0.0,5,1.0,0.4,1.2,0.4,5,2.0,1.6,1.2,0.2,10,0.7,0.5,1.3,0.3,10,2.2,1.8,1.2,0.0,5,0.2,0.4,1.6,0.2,5
2022-10-09,2022-23,Arsenal,Liverpool,3,2,H,1671.6,1769.2,-97.6,2,10,8,8,7,1,4,0,5,2.4,2.2,1.2,0.2,5,1.6,3.0,1.2,0.4,5,2.4,2.5,1.1,0.3,10,1.9,2.5,1.2,0.2,10,3.0,3.2,1.2,0.0,5,1.6,1.4,1.2,0.2,5
2022-10-09,2022-23,Everton,Manchester United,1,2,A,1509.6,1630.8,-121.3,11,7,-4,8,7,1,1,3,5,1.8,1.0,0.6,0.4,5,2.4,2.0,1.6,0.4,5,1.3,1.1,1.4,0.2,10,1.5,1.4,1.9,0.3,10,1.6,1.0,0.8,0.4,5,1.2,1.0,2.2,0.4,5
2022-10-09,2022-23,Crystal Palace,Leeds United,2,1,H,1518.6,1504.7,13.9,17,13,-4,7,7,1,2,1,4,1.0,1.4,1.6,0.2,5,1.0,1.2,1.4,0.4,5,1.0,1.2,1.5,0.2,10,1.3,1.3,1.5,0.2,10,1.4,1.2,1.2,0.2,5,0.8,1.4,2.2,0.0,5
2022-10-09,2022-23,West Ham United,Fulham,3,1,H,1540.7,1427.9,112.7,16,9,-7,8,8,3,0,1,4,1.4,1.0,0.8,0.4,5,1.2,1.6,2.2,0.0,5,0.8,0.8,1.4,0.2,10,1.2,1.4,1.8,0.1,10,1.0,1.0,1.4,0.2,5,1.0,1.2,1.4,0.2,5
2022-10-10,2022-23,Nottingham Forest,Aston Villa,1,1,D,1460.5,1497.1,-36.6,20,16,-4,8,8,0,0,0,0,0.0,0.8,3.6,0.0,5,1.0,0.6,0.8,0.4,5,0.5,0.75,2.625,0.125,8,0.9,0.9,1.4,0.2,10,0.75,1.25,2.0,0.25,4,0.2,0.8,2.0,0.2,5
2022-10-14,2022-23,Brentford,Brighton and Hove Albion,2,0,H,1501.8,1561.1,-59.4,11,7,-4,9,8,0,2,0,2,1.0,1.4,2.2,0.2,5,1.4,2.0,1.6,0.2,5,1.0,1.7,1.9,0.2,10,1.8,1.8,1.1,0.3,10,1.4,2.2,1.6,0.2,5,1.6,1.8,1.4,0.2,5
2022-10-15,2022-23,Tottenham,Everton,2,0,H,1678.8,1500.2,178.6,3,12,9,9,9,2,1,2,5,2.0,2.2,1.4,0.2,5,1.6,1.0,0.8,0.4,5,2.3,2.5,1.0,0.4,10,1.0,0.9,1.4,0.2,10,3.0,2.8,0.8,0.4,5,1.0,1.2,2.0,0.0,5
2022-10-15,2022-23,Wolverhampton Wanderers,Nottingham Forest,1,0,H,1493.2,1458.7,34.5,18,19,1,9,9,0,0,0,0,0.8,0.2,1.6,0.4,5,0.2,1.0,3.4,0.0,5,0.6,0.4,1.5,0.3,10,0.5555555555555556,0.7777777777777778,2.4444444444444446,0.1111111111111111,9,1.2,0.6,1.0,0.4,5,0.25,0.25,3.25,0.0,4
2022-10-15,2022-23,Fulham,Bournemouth,2,2,D,1423.4,1453.3,-30.0,10,9,-1,9,9,1,1,0,2,1.2,1.6,2.4,0.0,5,1.8,1.2,0.8,0.4,5,1.1,1.4,2.0,0.1,10,1.5,1.1,2.1,0.3,10,1.4,1.6,2.2,0.0,5,1.4,1.4,3.4,0.0,5
2022-10-15,2022-23,Leicester City,Crystal Palace,0,0,D,1514.3,1525.4,-11.1,20,15,-5,9,8,3,0,2,5,0.6,1.8,2.8,0.2,5,1.0,1.2,1.6,0.2,5,0.7,1.9,2.5,0.1,10,1.2,1.3,1.5,0.2,10,1.4,2.2,1.2,0.2,5,0.6,1.2,1.8,0.2,5
2022-10-16,2022-23,Aston Villa,Chelsea,0,2,A,1498.9,1672.0,-173.1,16,4,-12,9,8,1,3,1,5,1.2,0.8,0.8,0.4,5,2.4,2.0,1.0,0.2,5,0.9,0.9,1.4,0.2,10,2.0,1.6,1.2,0.2,10,1.6,1.0,0.8,0.2,5,1.8,1.4,1.2,0.4,5
2022-10-16,2022-23,Leeds United,Arsenal,0,1,A,1497.8,1681.6,-183.8,15,1,-14,8,9,0,3,1,4,0.4,0.8,1.8,0.2,5,2.4,2.4,1.4,0.2,5,1.3,1.4,1.4,0.2,10,2.7,2.8,1.1,0.3,10,1.8,1.4,0.6,0.4,5,1.8,1.8,1.0,0.6,5
2022-10-16,2022-23,Manchester United,Newcastle United,0,0,D,1640.2,1567.8,72.4,5,6,1,8,9,4,0,1,5,2.4,2.0,1.6,0.4,5,1.6,2.2,1.0,0.2,5,1.5,1.3,2.0,0.2,10,1.7,1.9,1.0,0.3,10,2.0,2.0,1.0,0.2,5,1.6,1.6,1.0,0.2,5
2022-10-16,2022-23,Southampton,West Ham United,1,1,D,1455.7,1545.2,-89.5,18,13,-5,9,9,1,2,2,5,0.6,0.6,1.8,0.0,5,1.4,1.4,1.0,0.2,5,0.7,0.9,2.1,0.0,10,1.0,0.9,1.3,0.2,10,0.8,1.2,1.6,0.0,5,0.6,0.6,1.4,0.2,5
2022-10-16,2022-23,Liverpool,Manchester City,1,0,H,1759.3,1826.9,-67.6,12,2,-10,8,9,0,2,3,5,1.6,3.2,1.4,0.4,5,2.6,4.0,0.8,0.6,5,1.6,2.5,1.4,0.2,10,2.6,3.6,1.1,0.5,10,2.2,3.6,1.2,0.2,5,1.8,2.2,1.2,0.4,5
2022-10-18,2022-23,Brighton and Hove Albion,Nottingham Forest,0,0,D,1552.3,1452.4,99.9,7,20,13,9,10,0,0,0,0,0.8,1.8,2.0,0.0,5,0.2,1.0,2.4,0.0,5,1.7,1.7,1.2,0.3,10,0.5,0.7,2.3,0.1,10,2.0,1.8,0.8,0.4,5,0.2,0.2,2.8,0.0,5
2022-10-18,2022-23,Crystal Palace,Wolverhampton Wanderers,2,1,H,1527.9,1499.5,28.4,13,17,4,9,10,3,2,0,5,1.2,0.8,0.8,0.4,5,1.2,0.4,1.6,0.4,5,1.3,1.1,1.2,0.3,10,0.9,0.4,1.2,0.4,10,1.4,1.4,1.4,0.0,5,0.2,0.2,1.6,0.2,5
2022-10-19,2022-23,Bournemouth,Southampton,0,1,A,1455.3,1455.4,-0.1,11,18,7,10,10,1,2,2,5,1.8,1.6,1.2,0.2,5,0.2,0.4,1.8,0.0,5,1.3,1.0,2.2,0.3,10,0.8,0.9,1.8,0.0,10,1.6,0.8,0.8,0.6,5,0.6,0.6,2.2,0.0,5
2022-10-19,2022-23,Brentford,Chelsea,0,0,D,1510.6,1679.9,-169.3,9,4,-5,10,9,1,1,0,2,1.4,1.6,2.0,0.4,5,2.4,2.0,0.8,0.4,5,1.3,1.8,1.7,0.3,10,2.2,1.7,1.1,0.3,10,2.0,2.4,1.2,0.4,5,1.8,1.2,1.2,0.4,5
2022-10-19,2022-23,Liverpool,West Ham United,1,0,H,1768.4,1545.5,222.9,9,13,4,9,10,4,1,0,5,1.6,1.6,1.4,0.4,5,1.4,1.4,1.0,0.2,5,1.6,2.4,1.3,0.3,10,1.1,0.9,1.1,0.2,10,2.2,3.2,1.0,0.4,5,0.8,0.6,1.0,0.2,5
2022-10-19,2022-23,Newcastle United,Everton,1,0,H,1572.4,1496.8,75.6,7,15,8,10,10,3,1,1,5,1.8,2.0,0.6,0.4,5,1.4,0.8,1.0,0.4,5,1.5,1.7,0.9,0.4,10,1.0,0.8,1.1,0.2,10,1.8,2.2,1.0,0.4,5,1.0,1.0,1.4,0.0,5
2022-10-19,2022-23,Manchester United,Tottenham,2,0,H,1635.6,1682.1,-46.5,7,3,-4,9,10,3,1,1,5,2.0,1.8,1.6,0.4,5,2.4,2.4,1.2,0.4,5,1.6,1.3,1.6,0.3,10,2.3,2.2,1.0,0.4,10,2.0,1.8,0.8,0.4,5,1.6,1.4,1.2,0.4,5
2022-10-20,2022-23,Leicester City,Leeds United,2,0,H,1511.8,1490.2,21.6,20,16,-4,10,9,2,1,1,4,0.8,1.8,2.6,0.4,5,0.4,0.8,1.8,0.2,5,0.5,1.5,2.4,0.2,10,1.2,1.3,1.4,0.2,10,1.0,1.4,1.0,0.4,5,0.8,1.4,2.2,0.0,5
2022-10-20,2022-23,Fulham,Aston Villa,3,0,H,1421.4,1491.0,-69.6,12,17,5,10,10,0,2,0,2,0.8,1.6,2.6,0.0,5,1.2,0.6,0.8,0.4,5,1.2,1.6,2.0,0.1,10,0.9,0.7,1.3,0.2,10,1.6,2.0,2.2,0.0,5,0.4,0.6,1.6,0.2,5
2022-10-22,2022-23,Nottingham Forest,Liverpool,1,0,H,1457.6,1771.1,-313.5,20,7,-13,11,10,0,0,0,0,0.4,0.6,1.8,0.2,5,1.6,1.4,1.2,0.6,5,0.6,0.7,2.1,0.2,10,1.6,2.2,1.2,0.4,10,0.8,1.2,1.8,0.2,5,1.0,1.4,1.6,0.2,5
2022-10-22,2022-23,Everton,Crystal Palace,3,0,H,1491.5,1534.4,-42.9,15,11,-4,11,10,3,1,1,5,1.2,0.8,1.2,0.2,5,1.6,1.0,0.8,0.4,5,1.0,0.8,1.1,0.2,10,1.3,1.2,1.3,0.2,10,1.0,0.6,0.8,0.4,5,0.6,1.0,1.6,0.4,5
2022-10-22,2022-23,Manchester City,Brighton and Hove Albion,3,1,H,1817.8,1547.1,270.7,2,8,6,10,10,4,1,0,5,2.0,2.8,1.0,0.4,5,1.0,1.6,1.6,0.2,5,2.3,3.3,1.0,0.5,10,1.5,1.4,1.1,0.4,10,3.0,4.8,1.0,0.6,5,1.4,1.6,1.6,0.2,5
2022-10-22,2022-23,Chelsea,Manchester United,1,1,D,1677.9,1644.1,33.8,4,5,1,10,10,0,1,4,5,2.6,1.8,0.4,0.6,5,2.0,2.0,1.6,0.4,5,2.0,1.5,1.0,0.4,10,1.9,1.5,1.5,0.4,10,2.6,2.2,1.0,0.2,5,1.8,1.4,2.2,0.4,5
2022-10-23,2022-23,Aston Villa,Brentford,4,0,H,1481.9,1512.6,-30.7,17,10,-7,11,11,0,1,1,2,1.0,0.4,1.2,0.4,5,1.0,0.6,1.6,0.6,5,0.9,0.7,1.4,0.2,10,1.3,1.6,1.5,0.4,10,1.4,0.8,1.0,0.2,5,0.6,1.2,2.2,0.2,5
2022-10-23,2022-23,Leeds United,Fulham,2,3,A,1483.6,1430.5,53.0,17,9,-8,10,11,2,0,0,2,0.2,0.6,2.0,0.2,5,1.4,2.0,2.2,0.2,5,0.9,1.1,1.5,0.2,10,1.4,1.7,1.8,0.2,10,1.6,1.2,0.6,0.4,5,0.8,1.2,1.8,0.2,5
2022-10-23,2022-23,Southampton,Arsenal,1,1,D,1468.2,1689.2,-221.0,16,1,-15,11,10,1,3,1,5,0.8,0.6,1.6,0.2,5,2.4,2.2,1.2,0.4,5,1.1,0.9,1.4,0.1,10,2.7,2.4,1.0,0.4,10,1.0,1.2,1.4,0.0,5,2.4,2.0,0.6,0.8,5
2022-10-23,2022-23,Wolverhampton Wanderers,Leicester City,0,4,A,1493.1,1518.4,-25.4,18,20,2,11,11,1,2,2,5,0.6,0.4,2.0,0.2,5,1.4,1.8,1.6,0.6,5,0.9,0.4,1.2,0.4,10,0.7,1.5,2.2,0.3,10,1.6,0.6,0.8,0.6,5,0.0,1.6,3.8,0.0,5
2022-10-23,2022-23,Tottenham,Newcastle United,1,2,A,1673.6,1577.8,95.9,3,6,3,11,11,3,0,2,5,1.8,2.0,1.4,0.4,5,2.2,2.2,0.6,0.4,5,2.0,1.8,1.1,0.4,10,1.5,1.6,0.9,0.4,10,3.0,3.0,0.8,0.4,5,1.2,1.2,0.8,0.4,5
2022-10-24,2022-23,West Ham United,Bournemouth,2,0,H,1542.8,1442.5,100.3,17,13,-4,11,11,1,2,2,5,1.4,1.2,0.8,0.2,5,1.2,1.0,1.0,0.2,5,1.1,0.9,1.0,0.2,10,1.0,0.8,2.3,0.2,10,1.4,1.2,1.2,0.2,5,1.0,1.2,3.6,0.0,5
2022-10-29,2022-23,Liverpool,Leeds United,1,2,A,1755.6,1469.4,286.2,8,18,10,11,11,3,0,1,4,1.4,1.4,1.4,0.4,5,0.2,0.6,1.6,0.2,5,1.5,2.0,1.1,0.4,10,0.6,1.1,1.7,0.2,10,2.6,3.2,0.8,0.6,5,0.2,1.0,2.4,0.0,5
2022-10-29,2022-23,Fulham,Everton,0,0,D,1444.7,1499.9,-55.2,7,12,5,12,12,2,2,0,4,1.4,2.0,2.2,0.2,5,1.2,1.2,1.2,0.2,5,1.6,2.0,2.0,0.1,10,1.3,1.0,0.9,0.3,10,2.0,2.2,1.8,0.2,5,1.0,0.8,1.2,0.0,5
2022-10-29,2022-23,Newcastle United,Aston Villa,4,0,H,1592.9,1489.9,103.0,4,16,12,12,12,1,2,2,5,2.6,2.4,0.6,0.4,5,1.0,1.0,1.2,0.4,5,1.7,1.8,1.0,0.3,10,0.9,0.9,1.3,0.3,10,1.8,2.0,1.0,0.4,5,0.4,0.6,1.8,0.2,5
2022-10-29,2022-23,Crystal Palace,Southampton,1,0,H,1526.0,1471.5,54.5,13,16,3,11,12,2,2,1,5,1.4,1.0,1.4,0.2,5,1.0,0.8,1.6,0.2,5,1.3,1.2,1.4,0.2,10,1.1,0.8,1.3,0.1,10,2.0,1.8,1.2,0.0,5,1.2,0.6,1.4,0.2,5
2022-10-29,2022-23,Brighton and Hove Albion,Chelsea,4,1,H,1545.0,1674.3,-129.3,10,5,-5,11,11,0,1,4,5,0.4,0.8,1.8,0.2,5,2.2,1.6,0.4,0.6,5,1.2,1.3,1.3,0.4,10,1.8,1.5,1.1,0.3,10,1.6,1.2,0.6,0.6,5,1.4,1.0,1.2,0.4,5
2022-10-29,2022-23,Brentford,Wolverhampton Wanderers,1,1,D,1504.5,1481.0,23.6,13,19,6,12,12,1,1,0,2,1.0,0.6,1.8,0.6,5,0.6,0.4,2.2,0.2,5,1.0,1.2,1.9,0.3,10,0.8,0.4,1.6,0.3,10,1.6,1.6,1.2,0.4,5,0.2,0.2,1.6,0.2,5
2022-10-29,2022-23,Bournemouth,Tottenham,2,3,A,1437.7,1658.5,-220.8,14,4,-10,12,12,1,3,1,5,1.0,0.8,1.2,0.2,5,1.2,1.0,1.4,0.4,5,1.0,0.8,2.1,0.2,10,1.9,1.7,1.1,0.4,10,1.0,0.4,1.0,0.4,5,1.4,1.0,1.2,0.4,5
2022-10-29,2022-23,Leicester City,Manchester City,0,1,A,1530.6,1819.9,-289.4,18,2,-16,12,11,1,4,0,5,2.0,2.2,0.4,0.8,5,2.4,3.2,1.0,0.4,5,1.0,1.7,1.8,0.4,10,2.3,3.4,1.1,0.4,10,1.4,1.4,0.6,0.6,5,1.6,1.8,1.0,0.4,5
2022-10-30,2022-23,Arsenal,Nottingham Forest,5,0,H,1685.9,1473.1,212.8,2,20,18,11,12,0,0,0,0,2.6,2.2,0.8,0.4,5,1.0,0.4,1.2,0.4,5,2.5,2.3,1.1,0.3,10,0.6,0.7,2.1,0.2,10,3.0,2.8,1.4,0.0,5,0.4,0.2,2.4,0.2,5
2022-10-30,2022-23,Manchester United,West Ham United,1,0,H,1647.8,1547.6,100.2,6,13,7,11,12,4,0,1,5,1.6,1.6,1.6,0.4,5,2.0,1.6,0.6,0.4,5,2.0,1.5,1.4,0.4,10,1.4,1.1,0.9,0.3,10,2.0,1.6,0.8,0.4,5,0.8,0.6,1.0,0.2,5
2022-11-05,2022-23,Leeds United,Bournemouth,4,3,H,1487.5,1431.1,56.4,15,14,-1,12,13,0,0,0,0,0.6,1.0,1.8,0.0,5,0.8,1.2,1.8,0.0,5,0.8,1.1,1.6,0.2,10,1.0,1.0,2.1,0.2,10,1.0,1.2,1.0,0.4,5,1.0,1.2,3.2,0.0,5
2022-11-05,2022-23,Manchester City,Fulham,2,1,H,1825.0,1443.4,381.6,2,7,5,12,13,4,0,0,4,2.4,2.8,1.0,0.4,5,1.6,1.8,1.4,0.4,5,2.3,3.1,1.1,0.4,10,1.4,1.7,1.8,0.2,10,3.0,4.6,1.2,0.4,5,1.2,1.8,2.2,0.0,5
2022-11-05,2022-23,Nottingham Forest,Brentford,2,2,D,1470.2,1501.1,-30.9,20,12,-8,13,13,0,0,0,0,1.0,0.4,1.4,0.4,5,1.0,0.8,2.0,0.4,5,0.5,0.6,2.5,0.2,10,1.1,1.1,1.7,0.3,10,0.8,1.2,1.8,0.2,5,0.4,0.8,2.6,0.2,5
2022-11-05,2022-23,Wolverhampton Wanderers,Brighton and Hove Albion,2,3,A,1484.4,1555.8,-71.5,19,8,-11,13,12,2,1,2,5,0.8,0.6,2.0,0.2,5,0.8,1.0,1.4,0.2,5,0.9,0.5,1.6,0.3,10,1.4,1.7,1.4,0.3,10,1.4,0.6,1.6,0.4,5,0.8,1.4,2.0,0.2,5
2022-11-05,2022-23,Everton,Leicester City,0,2,A,1501.2,1525.5,-24.4,13,18,5,13,13,3,0,2,5,0.8,0.8,1.0,0.4,5,1.4,1.4,0.6,0.6,5,1.3,0.9,0.8,0.4,10,1.0,1.6,1.7,0.4,10,1.6,1.2,0.6,0.6,5,0.6,2.0,3.0,0.2,5
2022-11-06,2022-23,West Ham United,Crystal Palace,1,2,A,1542.8,1531.8,11.0,14,11,-3,13,12,2,1,2,5,1.4,1.2,0.8,0.2,5,2.0,1.0,1.0,0.4,5,1.4,1.1,0.8,0.3,10,1.5,1.2,1.3,0.3,10,2.0,1.6,0.8,0.4,5,0.6,0.6,1.6,0.4,5
2022-11-06,2022-23,Southampton,Newcastle United,1,4,A,1465.7,1597.6,-131.9,17,4,-13,13,13,1,3,1,5,1.0,0.6,1.4,0.2,5,2.6,2.4,0.4,0.6,5,0.8,0.6,1.3,0.1,10,1.9,1.9,0.7,0.4,10,1.0,1.0,1.2,0.0,5,1.6,1.6,1.0,0.2,5
2022-11-06,2022-23,Tottenham,Liverpool,1,2,A,1665.2,1737.5,-72.3,4,10,6,13,12,0,3,2,5,1.8,1.4,1.2,0.4,5,1.2,1.0,1.2,0.4,5,1.9,1.9,1.3,0.3,10,1.4,2.0,1.2,0.4,10,2.4,2.4,1.0,0.4,5,0.4,1.0,1.6,0.2,5
2022-11-06,2022-23,Chelsea,Arsenal,0,1,A,1663.4,1688.7,-25.3,7,2,-5,12,12,1,3,1,5,1.6,1.4,1.0,0.6,5,2.6,2.6,0.8,0.4,5,1.7,1.4,1.3,0.3,10,2.5,2.4,0.9,0.4,10,2.2,2.0,1.0,0.2,5,2.0,1.8,0.8,0.6,5
2022-11-06,2022-23,Aston Villa,Manchester United,3,1,H,1485.1,1652.6,-167.4,17,5,-12,13,12,1,3,1,5,0.8,1.0,2.0,0.2,5,2.2,1.2,0.4,0.6,5,0.9,0.8,1.4,0.3,10,2.3,1.6,1.0,0.5,10,1.4,1.2,0.8,0.4,5,2.0,1.6,1.6,0.4,5
2022-11-12,2022-23,Manchester City,Brentford,1,2,A,1826.1,1503.1,323.1,2,11,9,13,14,2,0,0,2,2.4,2.0,0.6,0.4,5,1.2,1.0,1.4,0.4,5,2.5,3.0,0.9,0.4,10,1.1,1.2,1.8,0.3,10,3.0,4.2,1.0,0.4,5,0.6,0.8,2.4,0.2,5
2022-11-12,2022-23,Bournemouth,Everton,3,0,H,1425.3,1489.0,-63.7,17,16,-1,14,14,3,1,1,5,0.2,1.4,2.4,0.0,5,0.8,0.6,1.0,0.4,5,1.0,1.3,1.6,0.2,10,1.2,0.8,0.9,0.4,10,1.0,0.8,1.0,0.4,5,1.0,0.6,1.0,0.2,5
2022-11-12,2022-23,Liverpool,Southampton,3,1,H,1748.3,1456.6,291.7,8,18,10,13,14,4,1,0,5,1.8,1.0,0.8,0.4,5,1.0,0.8,1.4,0.2,5,1.7,2.1,1.1,0.4,10,0.8,0.7,1.6,0.1,10,2.0,1.6,1.2,0.4,5,0.6,0.2,1.4,0.2,5
2022-11-12,2022-23,Nottingham Forest,Crystal Palace,1,0,H,1468.3,1544.9,-76.7,20,11,-9,14,13,0,0,0,0,1.0,0.6,1.6,0.4,5,2.0,1.0,1.0,0.4,5,0.6,0.8,2.5,0.2,10,1.5,1.1,1.3,0.3,10,1.0,1.6,1.8,0.2,5,1.0,0.8,1.6,0.4,5
2022-11-12,2022-23,Tottenham,Leeds United,4,3,H,1654.4,1493.2,161.2,4,13,9,14,13,3,1,0,4,1.2,1.4,1.6,0.2,5,1.2,1.6,2.0,0.0,5,1.6,1.8,1.5,0.2,10,0.8,1.2,1.9,0.1,10,1.8,2.4,1.4,0.2,5,0.6,1.0,2.2,0.0,5
2022-11-12,2022-23,West Ham United,Leicester City,0,2,A,1529.7,1537.7,-7.9,16,15,-1,14,14,3,1,1,5,0.8,0.8,1.0,0.2,5,2.0,1.6,0.2,0.8,5,1.1,1.1,1.0,0.2,10,1.3,1.7,1.5,0.5,10,2.0,1.8,0.8,0.4,5,1.2,2.2,2.6,0.4,5
2022-11-12,2022-23,Newcastle United,Chelsea,1,0,H,1606.7,1651.3,-44.6,4,8,4,14,13,1,4,0,5,2.6,2.2,0.4,0.6,5,1.0,0.8,1.2,0.4,5,2.1,2.2,0.7,0.4,10,1.7,1.4,1.1,0.3,10,2.2,2.2,0.4,0.6,5,1.4,1.2,1.4,0.4,5
2022-11-12,2022-23,Wolverhampton Wanderers,Arsenal,0,2,A,1473.6,1700.8,-227.3,20,1,-19,14,13,2,3,0,5,0.8,1.0,2.0,0.2,5,2.6,2.2,0.6,0.6,5,0.8,0.6,1.8,0.3,10,2.5,2.2,0.9,0.4,10,1.2,0.8,2.0,0.4,5,2.0,1.4,0.8,0.6,5
2022-11-13,2022-23,Brighton and Hove Albion,Aston Villa,1,2,A,1566.7,1497.1,69.6,7,15,8,13,14,1,2,2,5,1.4,1.6,1.6,0.2,5,1.2,1.4,2.0,0.2,5,1.4,1.8,1.6,0.2,10,1.2,1.1,1.4,0.3,10,2.0,2.0,0.8,0.4,5,0.4,0.4,2.0,0.2,5
2022-11-13,2022-23,Fulham,Manchester United,1,2,A,1442.2,1640.7,-198.5,9,5,-4,14,13,0,3,1,4,1.6,1.8,1.2,0.4,5,1.6,1.0,0.8,0.6,5,1.4,1.7,1.8,0.2,10,2.0,1.5,1.2,0.5,10,1.6,1.6,1.4,0.4,5,1.4,1.6,2.2,0.2,5
2022-12-26,2022-23,Southampton,Brighton and Hove Albion,1,3,A,1454.7,1552.1,-97.4,19,7,-12,15,14,1,1,3,5,0.8,0.8,1.8,0.2,5,1.4,1.8,1.6,0.2,5,0.5,0.6,1.8,0.1,10,1.1,1.8,1.8,0.1,10,1.0,1.2,1.8,0.0,5,0.8,1.6,2.4,0.0,5
2022-12-26,2022-23,Arsenal,West Ham United,3,1,H,1707.3,1517.1,190.2,1,16,15,14,15,4,0,1,5,2.6,2.0,0.2,0.8,5,0.6,0.6,1.2,0.2,5,2.5,2.2,0.8,0.5,10,1.0,1.0,1.1,0.2,10,3.0,3.0,1.0,0.2,5,0.2,0.4,1.2,0.0,5
2022-12-26,2022-23,Aston Villa,Liverpool,1,3,A,1511.6,1750.2,-238.6,12,7,-5,15,14,1,4,0,5,1.8,1.8,1.8,0.2,5,1.8,1.4,1.0,0.2,5,1.5,1.2,1.3,0.3,10,1.7,1.5,1.2,0.3,10,2.0,1.8,0.8,0.4,5,0.8,1.0,1.4,0.2,5
2022-12-26,2022-23,Leicester City,Newcastle United,0,3,A,1550.3,1615.1,-64.9,13,3,-10,15,15,3,2,0,5,2.4,2.0,0.2,0.8,5,3.0,2.4,0.4,0.6,5,1.6,1.9,1.4,0.6,10,2.4,2.2,0.5,0.5,10,1.4,1.2,0.4,0.6,5,2.0,2.2,1.0,0.2,5
2022-12-26,2022-23,Everton,Wolverhampton Wanderers,1,2,A,1480.1,1467.1,13.0,16,20,4,15,15,2,3,0,5,0.8,0.6,1.2,0.4,5,0.2,0.8,2.4,0.0,5,1.1,0.7,1.1,0.4,10,0.7,0.6,2.0,0.2,10,1.4,1.0,0.8,0.6,5,0.4,0.4,1.6,0.2,5
2022-12-26,2022-23,Crystal Palace,Fulham,0,3,A,1535.6,1435.0,100.6,11,9,-2,14,15,3,0,1,4,1.8,1.0,1.2,0.2,5,1.4,1.6,1.2,0.4,5,1.5,0.9,1.0,0.3,10,1.1,1.6,1.9,0.2,10,2.0,1.4,1.0,0.2,5,1.2,1.8,2.2,0.0,5
2022-12-26,2022-23,Brentford,Tottenham,2,2,D,1521.5,1658.0,-136.6,10,4,-6,15,15,0,1,1,2,1.2,1.0,1.6,0.2,5,1.2,1.8,2.2,0.0,5,1.3,1.3,1.8,0.3,10,1.8,2.1,1.7,0.2,10,1.6,1.6,1.2,0.4,5,1.4,1.2,1.6,0.2,5
2022-12-27,2022-23,Chelsea,Bournemouth,2,0,H,1642.9,1434.3,208.6,9,14,5,14,15,1,3,1,5,0.4,0.4,1.4,0.2,5,0.6,1.6,2.0,0.2,5,1.4,1.2,1.1,0.3,10,1.2,1.6,1.6,0.2,10,2.0,1.6,0.8,0.2,5,1.0,1.8,2.2,0.0,5
2022-12-27,2022-23,Manchester United,Nottingham Forest,3,0,H,1647.9,1477.6,170.3,5,19,14,14,15,0,0,0,0,2.0,1.4,1.0,0.4,5,1.6,0.8,1.4,0.6,5,2.0,1.6,1.3,0.4,10,0.9,0.9,1.9,0.3,10,2.6,1.6,0.4,0.6,5,0.2,0.0,3.2,0.2,5
2022-12-28,2022-23,Leeds United,Manchester City,1,3,A,1489.6,1807.8,-318.2,15,3,-12,14,14,1,2,1,4,1.2,2.2,2.6,0.0,5,1.8,1.4,1.0,0.2,5,0.8,1.5,2.2,0.1,10,2.2,2.7,0.9,0.4,10,1.0,1.4,1.6,0.2,5,1.6,1.6,1.0,0.4,5
2022-12-30,2022-23,West Ham United,Brentford,0,2,A,1514.0,1522.5,-8.6,16,10,-6,16,16,0,2,0,2,0.6,0.8,1.6,0.2,5,1.2,1.4,2.0,0.0,5,1.0,1.0,1.2,0.2,10,1.1,1.0,1.8,0.3,10,1.8,1.6,1.0,0.4,5,1.0,1.0,2.4,0.2,5
2022-12-30,2022-23,Liverpool,Leicester City,2,1,H,1756.4,1539.2,217.2,6,13,7,15,16,3,2,0,5,1.8,1.8,1.2,0.0,5,1.8,1.6,0.8,0.6,5,1.7,1.6,1.2,0.3,10,1.6,1.7,1.2,0.6,10,2.0,1.8,1.2,0.4,5,1.8,2.2,1.6,0.6,5
2022-12-31,2022-23,Wolverhampton Wanderers,Manchester United,0,1,A,1480.2,1651.4,-171.2,18,5,-13,16,15,1,3,1,5,0.8,1.0,2.2,0.0,5,2.0,1.6,1.0,0.4,5,0.7,0.7,2.1,0.1,10,2.0,1.8,1.3,0.4,10,0.6,0.6,2.4,0.2,5,1.4,1.8,2.4,0.0,5
2022-12-31,2022-23,Bournemouth,Crystal Palace,0,2,A,1431.4,1520.4,-89.0,14,11,-3,16,15,1,3,1,5,0.6,1.6,2.2,0.2,5,1.2,0.6,1.6,0.2,5,0.9,1.3,1.6,0.2,10,1.4,0.8,1.2,0.3,10,1.4,1.4,1.0,0.4,5,1.0,0.4,1.0,0.4,5
2022-12-31,2022-23,Fulham,Southampton,2,1,H,1450.2,1444.7,5.5,10,20,10,16,16,1,2,1,4,1.4,1.6,1.2,0.4,5,0.2,0.8,2.4,0.0,5,1.4,1.8,1.7,0.3,10,0.5,0.7,2.0,0.1,10,1.0,1.4,1.6,0.4,5,0.6,0.4,1.8,0.2,5
2022-12-31,2022-23,Manchester City,Everton,1,1,D,1812.2,1466.9,345.3,2,16,14,15,16,5,0,0,5,2.4,2.0,1.0,0.2,5,0.8,0.8,1.4,0.4,5,2.2,2.4,1.0,0.3,10,1.0,0.8,1.3,0.3,10,2.4,3.2,1.4,0.2,5,0.8,0.4,1.4,0.2,5
2022-12-31,2022-23,Newcastle United,Leeds United,0,0,D,1626.1,1485.2,141.0,3,15,12,16,15,1,2,1,4,3.0,2.8,0.4,0.6,5,1.2,2.4,2.8,0.0,5,2.6,2.5,0.5,0.5,10,0.7,1.5,2.4,0.1,10,2.6,2.4,0.4,0.6,5,0.6,1.6,2.8,0.0,5
2022-12-31,2022-23,Brighton and Hove Albion,Arsenal,2,4,A,1562.2,1710.5,-148.3,8,1,-7,15,15,2,2,1,5,1.8,2.4,1.8,0.0,5,2.6,2.4,0.4,0.6,5,1.4,2.0,1.7,0.1,10,2.5,2.3,0.8,0.5,10,1.4,2.0,1.2,0.2,5,2.6,1.6,0.2,0.8,5
2023-01-01,2022-23,Nottingham Forest,Chelsea,1,1,D,1474.1,1645.8,-171.7,19,9,-10,16,15,0,0,0,0,1.4,0.8,2.0,0.4,5,0.8,0.8,1.4,0.2,5,0.9,0.7,1.9,0.3,10,1.7,1.3,0.9,0.4,10,1.6,1.4,1.2,0.4,5,1.4,1.0,1.2,0.4,5
2023-01-01,2022-23,Tottenham,Aston Villa,0,2,A,1657.0,1505.4,151.6,5,12,7,16,16,4,1,0,5,1.4,2.2,2.2,0.0,5,1.8,2.0,1.8,0.2,5,1.6,2.1,1.8,0.2,10,1.4,1.2,1.5,0.3,10,1.8,2.8,1.8,0.2,5,1.0,0.6,1.8,0.2,5
2023-01-02,2022-23,Brentford,Liverpool,3,1,H,1535.1,1759.2,-224.1,10,6,-4,17,16,0,1,1,2,1.8,1.8,1.2,0.2,5,2.4,2.2,1.2,0.0,5,1.4,1.2,1.5,0.4,10,1.9,1.8,1.3,0.2,10,1.2,1.0,1.2,0.4,5,1.4,1.4,1.2,0.2,5
2023-01-03,2022-23,Arsenal,Newcastle United,0,0,D,1719.1,1620.1,99.0,1,3,2,16,17,4,1,0,5,3.0,3.0,0.6,0.6,5,2.6,2.4,0.2,0.8,5,2.8,2.6,0.7,0.5,10,2.6,2.4,0.4,0.6,10,3.0,3.2,1.0,0.2,5,2.6,2.6,0.6,0.4,5
2023-01-03,2022-23,Everton,Brighton and Hove Albion,1,4,A,1475.5,1553.6,-78.1,16,10,-6,17,16,3,1,1,5,0.4,0.4,1.6,0.2,5,1.8,2.6,2.0,0.0,5,0.8,0.8,1.4,0.2,10,1.1,1.7,1.9,0.1,10,1.2,1.2,1.2,0.4,5,1.4,2.0,2.2,0.0,5
2023-01-03,2022-23,Leicester City,Fulham,0,1,A,1536.5,1457.2,79.2,13,9,-4,17,17,2,1,1,4,1.2,1.0,1.2,0.4,5,1.4,1.4,1.0,0.4,5,1.6,1.6,0.8,0.6,10,1.4,1.7,1.6,0.3,10,1.4,1.2,0.8,0.6,5,1.8,2.2,1.8,0.2,5
2023-01-03,2022-23,Manchester United,Bournemouth,3,0,H,1659.4,1421.0,238.3,4,15,11,16,17,4,1,0,5,2.4,1.6,0.8,0.6,5,0.6,1.6,2.2,0.2,5,2.0,1.6,1.2,0.5,10,0.8,1.2,1.7,0.2,10,2.6,1.8,0.2,0.8,5,0.4,1.2,2.2,0.0,5
2023-01-04,2022-23,Southampton,Nottingham Forest,0,1,A,1437.6,1476.1,-38.5,20,18,-2,17,17,0,0,0,0,0.0,0.8,2.6,0.0,5,1.0,0.8,2.2,0.2,5,0.5,0.8,2.1,0.1,10,1.0,0.6,1.7,0.3,10,0.4,1.0,2.2,0.0,5,0.2,0.0,2.6,0.2,5
2023-01-04,2022-23,Leeds United,West Ham United,2,2,D,1491.2,1501.4,-10.2,15,18,3,16,17,1,3,0,4,1.4,2.0,2.2,0.2,5,0.0,0.4,2.0,0.0,5,0.8,1.3,1.9,0.2,10,1.0,1.0,1.3,0.2,10,0.8,1.4,2.0,0.2,5,0.2,0.4,1.4,0.0,5
2023-01-04,2022-23,Aston Villa,Wolverhampton Wanderers,1,1,D,1521.6,1472.2,49.3,12,19,7,17,17,1,3,1,5,1.8,1.6,1.8,0.2,5,0.8,1.0,1.6,0.0,5,1.4,1.3,1.5,0.3,10,0.7,0.7,1.9,0.1,10,1.8,1.8,1.2,0.4,5,0.8,0.8,1.8,0.0,5
2023-01-04,2022-23,Crystal Palace,Tottenham,0,4,A,1530.7,1640.8,-110.1,11,5,-6,16,17,1,2,2,5,1.8,1.0,1.0,0.4,5,1.4,2.0,2.2,0.0,5,1.6,1.0,1.2,0.3,10,1.3,1.5,1.8,0.2,10,1.8,1.2,1.4,0.2,5,1.4,1.4,1.8,0.2,5
2023-01-05,2022-23,Chelsea,Manchester City,0,1,A,1643.7,1803.6,-159.9,10,2,-8,16,16,2,3,0,5,0.8,0.8,1.4,0.2,5,2.0,1.6,1.0,0.2,5,1.5,1.2,0.9,0.4,10,2.2,2.4,1.0,0.3,10,2.0,1.6,0.6,0.4,5,2.0,1.6,0.6,0.4,5
2023-01-12,2022-23,Fulham,Chelsea,2,1,H,1472.0,1635.5,-163.5,7,10,3,18,17,0,4,0,4,1.8,1.6,1.0,0.4,5,0.8,0.6,0.8,0.2,5,1.7,1.7,1.2,0.4,10,1.2,1.0,0.9,0.4,10,1.6,1.6,1.0,0.4,5,1.0,0.8,1.2,0.4,5
2023-01-13,2022-23,Aston Villa,Leeds United,2,1,H,1517.5,1488.6,28.9,11,14,3,18,17,2,1,2,5,2.0,1.8,1.2,0.2,5,1.0,2.0,2.4,0.2,5,1.4,1.4,1.6,0.2,10,0.8,1.5,2.1,0.1,10,1.4,1.8,1.4,0.2,5,0.8,1.2,1.8,0.2,5
2023-01-14,2022-23,Wolverhampton Wanderers,West Ham United,1,0,H,1476.3,1503.9,-27.6,19,17,-2,18,18,1,4,0,5,0.8,1.0,1.6,0.0,5,0.2,0.8,2.2,0.0,5,0.8,0.8,1.8,0.1,10,0.8,1.0,1.5,0.1,10,0.6,0.6,2.0,0.2,5,0.4,0.8,1.6,0.0,5
2023-01-14,2022-23,Brentford,Bournemouth,2,0,H,1548.5,1418.5,130.0,9,17,8,18,18,0,0,1,1,2.2,2.2,1.2,0.2,5,0.6,1.2,2.2,0.2,5,1.6,1.5,1.6,0.3,10,0.7,1.2,2.0,0.1,10,1.8,1.6,0.8,0.4,5,0.2,1.0,2.6,0.0,5
2023-01-14,2022-23,Nottingham Forest,Leicester City,2,0,H,1487.9,1521.7,-33.8,16,13,-3,18,18,0,1,0,1,1.6,1.0,1.2,0.4,5,1.2,1.0,1.2,0.4,5,1.3,0.7,1.3,0.4,10,1.3,1.2,0.9,0.5,10,1.8,1.2,0.8,0.4,5,1.8,2.0,0.8,0.6,5
2023-01-14,2022-23,Manchester United,Manchester City,2,1,H,1661.9,1811.9,-150.0,4,2,-2,17,17,1,3,1,5,2.4,2.0,0.8,0.6,5,2.0,1.6,1.0,0.2,5,2.3,1.6,0.6,0.6,10,2.2,2.2,1.0,0.3,10,2.6,1.8,0.0,1.0,5,2.4,1.6,0.4,0.6,5
2023-01-14,2022-23,Brighton and Hove Albion,Liverpool,3,0,H,1564.2,1745.8,-181.6,9,8,-1,17,17,1,1,3,5,1.8,2.6,2.0,0.0,5,2.4,2.2,1.4,0.0,5,1.3,1.8,1.7,0.1,10,1.8,1.6,1.3,0.2,10,0.8,1.4,1.6,0.2,5,1.2,1.6,1.8,0.0,5
2023-01-14,2022-23,Everton,Southampton,1,2,A,1464.9,1425.8,39.0,19,20,1,18,18,3,2,0,5,0.2,0.6,2.4,0.0,5,0.0,0.8,2.6,0.0,5,0.5,0.7,1.7,0.2,10,0.5,0.7,2.0,0.1,10,0.6,1.2,2.0,0.2,5,0.6,0.6,2.0,0.2,5
2023-01-15,2022-23,Chelsea,Crystal Palace,1,0,H,1623.6,1521.0,102.7,10,12,2,18,17,5,0,0,5,0.8,0.8,1.0,0.2,5,1.2,0.8,1.8,0.2,5,0.9,0.8,1.1,0.3,10,1.6,0.9,1.4,0.3,10,1.4,1.2,0.6,0.4,5,1.4,0.8,1.0,0.4,5
2023-01-15,2022-23,Newcastle United,Fulham,1,0,H,1625.3,1483.8,141.5,4,6,2,18,19,3,0,2,5,2.2,1.6,0.2,0.8,5,2.4,1.8,0.8,0.4,5,2.4,2.0,0.3,0.7,10,2.0,1.8,1.0,0.4,10,2.6,2.2,0.2,0.8,5,1.8,1.8,1.4,0.4,5
2023-01-15,2022-23,Tottenham,Arsenal,0,2,A,1650.5,1713.9,-63.4,5,1,-4,18,17,2,3,0,5,1.4,2.2,1.8,0.2,5,2.6,2.0,0.6,0.6,5,1.6,1.8,1.5,0.3,10,2.6,2.3,0.7,0.5,10,1.2,1.6,1.8,0.2,5,2.6,1.8,0.6,0.6,5
2023-01-18,2022-23,Crystal Palace,Manchester United,1,1,D,1516.2,1673.3,-157.1,12,4,-8,18,18,2,2,1,5,0.6,0.4,1.8,0.2,5,3.0,2.2,0.4,0.6,5,1.3,0.7,1.4,0.3,10,2.3,1.6,0.6,0.6,10,1.8,1.0,1.8,0.2,5,2.0,1.4,1.2,0.2,5
2023-01-19,2022-23,Manchester City,Tottenham,4,2,H,1800.5,1639.5,161.0,2,5,3,18,19,1,4,0,5,1.4,1.4,1.2,0.2,5,1.4,2.0,1.8,0.2,5,1.9,1.7,0.9,0.3,10,1.3,1.7,1.7,0.2,10,2.0,2.2,1.0,0.2,5,2.0,2.0,1.2,0.4,5
2023-01-21,2022-23,West Ham United,Everton,2,0,H,1496.0,1451.1,44.9,18,19,1,19,19,3,2,0,5,0.2,0.6,2.0,0.0,5,0.2,0.8,2.4,0.0,5,0.5,0.7,1.5,0.1,10,0.5,0.7,1.7,0.2,10,1.2,1.2,1.4,0.2,5,0.4,0.2,1.4,0.2,5
2023-01-21,2022-23,Southampton,Aston Villa,0,1,A,1439.6,1524.0,-84.3,20,11,-9,19,19,2,3,0,5,0.6,1.0,2.0,0.0,5,2.0,1.6,1.2,0.2,5,0.8,0.9,1.7,0.1,10,1.6,1.5,1.6,0.2,10,0.4,0.8,2.0,0.0,5,1.4,1.0,1.8,0.2,5
2023-01-21,2022-23,Crystal Palace,Newcastle United,0,0,D,1517.9,1629.3,-111.4,12,4,-8,19,19,1,2,2,5,0.8,0.6,1.8,0.2,5,2.2,1.0,0.0,1.0,5,1.3,0.8,1.5,0.2,10,2.4,1.6,0.2,0.8,10,1.4,0.8,1.8,0.2,5,2.2,1.8,0.4,0.6,5
2023-01-21,2022-23,Bournemouth,Nottingham Forest,1,1,D,1414.3,1496.0,-81.7,18,13,-5,19,19,1,0,0,1,0.6,0.6,1.8,0.2,5,2.0,1.0,0.8,0.6,5,0.4,1.0,2.1,0.1,10,1.5,0.8,1.2,0.5,10,1.2,1.4,1.4,0.2,5,0.8,0.2,1.8,0.4,5
2023-01-21,2022-23,Liverpool,Chelsea,0,0,D,1733.5,1628.4,105.1,9,10,1,18,19,2,1,2,5,1.8,1.8,1.8,0.0,5,1.4,1.0,0.8,0.4,5,1.8,1.4,1.3,0.2,10,0.9,0.7,1.1,0.3,10,2.4,1.6,0.8,0.4,5,0.4,0.6,1.6,0.2,5
2023-01-21,2022-23,Leicester City,Brighton and Hove Albion,2,2,D,1513.6,1576.5,-62.9,16,7,-9,19,18,2,2,1,5,0.6,0.6,1.6,0.2,5,1.8,2.6,1.6,0.2,5,1.3,1.1,0.9,0.5,10,1.6,2.1,1.6,0.2,10,0.8,0.4,1.0,0.4,5,1.8,2.2,1.8,0.0,5
2023-01-22,2022-23,Leeds United,Brentford,0,0,D,1482.2,1552.7,-70.5,16,9,-7,18,19,1,1,1,3,0.4,1.4,2.2,0.2,5,2.6,2.2,0.8,0.4,5,0.8,1.5,2.1,0.1,10,1.9,1.6,1.1,0.4,10,0.8,1.8,2.4,0.0,5,1.4,1.4,2.4,0.2,5
2023-01-22,2022-23,Manchester City,Wolverhampton Wanderers,3,0,H,1804.1,1484.2,319.9,2,17,15,19,19,5,0,0,5,2.0,2.0,1.2,0.2,5,1.4,0.8,1.0,0.2,5,1.9,1.7,1.1,0.2,10,1.1,0.9,1.5,0.2,10,2.0,2.2,1.4,0.0,5,1.0,1.0,1.6,0.0,5
2023-01-22,2022-23,Arsenal,Manchester United,3,2,H,1725.0,1671.7,53.3,1,4,3,18,19,2,2,1,5,2.6,2.2,0.6,0.6,5,2.6,2.0,0.4,0.6,5,2.6,2.2,0.6,0.6,10,2.3,1.7,0.7,0.5,10,2.6,2.8,0.8,0.4,5,1.6,1.2,1.2,0.2,5
2023-01-23,2022-23,Fulham,Tottenham,0,1,A,1479.8,1635.8,-156.0,7,5,-2,20,20,0,4,1,5,2.4,1.6,0.6,0.4,5,0.8,1.6,2.0,0.2,5,1.9,1.6,0.9,0.4,10,1.0,1.7,2.1,0.1,10,2.0,1.6,0.8,0.4,5,1.4,2.2,2.0,0.2,5
2023-02-03,2022-23,Chelsea,Fulham,0,0,D,1633.7,1471.4,162.3,10,7,-3,20,21,4,1,0,5,1.0,0.6,0.8,0.4,5,1.8,1.0,0.8,0.2,5,0.9,0.7,1.1,0.3,10,1.6,1.3,1.0,0.3,10,1.4,0.8,0.6,0.4,5,1.8,1.6,1.0,0.4,5
2023-02-04,2022-23,Wolverhampton Wanderers,Liverpool,3,0,H,1482.6,1728.2,-245.6,17,10,-7,20,19,0,5,0,5,1.4,0.8,1.2,0.2,5,1.4,1.2,1.6,0.2,5,0.8,0.8,1.8,0.1,10,1.6,1.3,1.3,0.2,10,0.6,0.6,2.0,0.2,5,1.2,1.2,1.8,0.0,5
2023-02-04,2022-23,Everton,Arsenal,1,0,H,1445.0,1730.8,-285.8,19,1,-18,20,19,3,2,0,5,0.2,0.8,2.2,0.0,5,2.6,2.4,1.0,0.4,5,0.5,0.7,1.7,0.2,10,2.6,2.2,0.6,0.6,10,0.6,1.2,2.0,0.2,5,2.6,2.0,0.6,0.6,5
2023-02-04,2022-23,Aston Villa,Leicester City,2,4,A,1534.4,1512.5,21.9,11,15,4,20,20,2,2,1,5,2.0,1.4,1.0,0.4,5,0.2,0.6,2.0,0.0,5,1.9,1.6,1.4,0.3,10,1.3,1.3,1.1,0.4,10,2.0,2.2,1.2,0.2,5,1.8,1.8,0.8,0.6,5
2023-02-04,2022-23,Brentford,Southampton,3,0,H,1553.6,1429.2,124.4,8,20,12,20,20,1,1,0,2,2.2,1.8,0.6,0.6,5,0.6,0.8,1.6,0.0,5,1.7,1.4,1.1,0.4,10,0.7,0.8,1.7,0.1,10,1.8,1.6,0.8,0.4,5,1.2,1.0,1.4,0.2,5
2023-02-04,2022-23,Brighton and Hove Albion,Bournemouth,1,0,H,1577.6,1413.8,163.8,8,19,11,19,20,1,3,1,5,2.0,2.8,1.6,0.2,5,0.2,0.2,2.0,0.0,5,1.7,2.3,1.6,0.2,10,0.4,0.9,2.0,0.1,10,1.4,2.0,1.4,0.4,5,0.0,0.6,2.6,0.0,5
2023-02-04,2022-23,Manchester United,Crystal Palace,2,1,H,1665.8,1518.2,147.6,4,12,8,20,20,1,2,2,5,2.0,1.8,1.0,0.4,5,1.0,0.6,1.2,0.4,5,2.0,1.7,1.0,0.4,10,1.1,0.6,1.4,0.3,10,3.0,2.2,0.2,0.8,5,1.2,0.8,1.2,0.2,5
2023-02-04,2022-23,Newcastle United,West Ham United,1,1,D,1629.0,1502.0,126.9,4,17,13,20,20,2,1,2,5,1.8,0.8,0.0,1.0,5,0.8,1.0,1.6,0.2,5,2.4,1.6,0.2,0.8,10,0.7,0.8,1.4,0.2,10,2.6,1.4,0.0,1.0,5,0.2,0.6,1.6,0.0,5
2023-02-05,2022-23,Nottingham Forest,Leeds United,1,0,H,1496.5,1481.3,15.2,14,17,3,20,19,0,0,0,0,1.6,1.0,1.0,0.4,5,0.6,0.8,1.4,0.4,5,1.6,0.9,1.2,0.5,10,0.9,1.5,2.0,0.2,10,2.2,1.4,0.6,0.6,5,0.8,1.2,1.8,0.2,5
2023-02-05,2022-23,Tottenham,Manchester City,1,0,H,1644.2,1805.8,-161.5,5,2,-3,21,20,3,2,0,5,1.2,1.4,1.6,0.4,5,2.0,2.0,1.0,0.4,5,1.3,1.8,1.9,0.2,10,2.2,2.0,1.0,0.3,10,0.6,1.2,2.2,0.0,5,1.8,1.2,0.8,0.4,5
2023-02-08,2022-23,Manchester United,Leeds United,2,2,D,1669.7,1474.5,195.2,3,17,14,21,20,3,0,1,4,2.0,2.0,1.2,0.2,5,0.6,0.6,1.0,0.4,5,2.2,1.8,1.0,0.4,10,0.9,1.5,1.9,0.2,10,3.0,2.2,0.4,0.6,5,0.8,1.2,1.6,0.2,5
2023-02-11,2022-23,West Ham United,Chelsea,1,1,D,1507.8,1627.3,-119.6,17,9,-8,21,21,1,4,0,5,1.0,1.0,1.2,0.2,5,1.0,0.4,0.6,0.6,5,0.8,0.9,1.4,0.2,10,0.9,0.6,1.0,0.4,10,1.2,1.0,1.2,0.4,5,0.4,0.6,1.6,0.2,5
2023-02-11,2022-23,Arsenal,Brentford,1,1,D,1715.9,1557.9,158.0,1,7,6,20,21,2,1,0,3,2.0,1.8,1.0,0.4,5,2.6,2.0,0.2,0.8,5,2.3,2.1,0.7,0.5,10,1.9,1.7,1.1,0.4,10,2.6,2.8,1.0,0.4,5,1.6,1.2,1.4,0.4,5
2023-02-11,2022-23,Crystal Palace,Brighton and Hove Albion,1,1,D,1514.3,1581.2,-66.8,12,6,-6,21,20,2,0,3,5,0.4,0.4,1.6,0.2,5,2.0,2.4,1.4,0.4,5,1.1,0.7,1.3,0.3,10,1.9,2.4,1.6,0.2,10,1.0,0.4,1.6,0.4,5,2.0,2.6,1.8,0.0,5
2023-02-11,2022-23,Fulham,Nottingham Forest,2,0,H,1477.8,1503.3,-25.6,8,13,5,22,21,1,0,0,1,1.4,0.6,0.6,0.4,5,2.2,1.2,0.4,0.6,5,1.4,1.0,0.8,0.4,10,1.8,1.0,1.2,0.5,10,1.4,1.0,1.0,0.2,5,1.0,0.4,1.8,0.4,5
2023-02-11,2022-23,Leicester City,Tottenham,4,1,H,1525.9,1656.0,-130.1,14,5,-9,21,22,1,4,0,5,0.8,1.4,1.8,0.0,5,1.8,1.6,1.2,0.6,5,1.3,1.5,1.3,0.3,10,1.6,1.8,1.7,0.3,10,0.8,0.8,1.4,0.2,5,2.0,2.4,1.6,0.4,5
2023-02-11,2022-23,Southampton,Wolverhampton Wanderers,1,2,A,1424.9,1496.6,-71.7,20,16,-4,21,21,0,4,1,5,0.6,0.6,1.6,0.0,5,1.4,1.0,1.0,0.4,5,0.4,0.7,2.0,0.0,10,1.1,1.0,1.6,0.2,10,0.2,0.6,2.0,0.0,5,1.0,1.0,1.6,0.0,5
2023-02-11,2022-23,Bournemouth,Newcastle United,1,1,D,1410.2,1623.2,-213.0,19,4,-15,21,21,0,3,2,5,0.2,0.2,1.8,0.0,5,1.4,0.4,0.2,0.8,5,0.4,0.9,2.0,0.1,10,2.2,1.6,0.3,0.7,10,0.8,1.2,1.4,0.2,5,2.2,1.8,0.4,0.6,5
2023-02-12,2022-23,Leeds United,Manchester United,0,2,A,1481.5,1662.8,-181.3,17,3,-14,21,22,0,3,2,5,0.6,1.0,1.4,0.2,5,1.6,1.8,1.6,0.0,5,1.0,1.5,1.8,0.2,10,2.0,1.9,1.2,0.3,10,1.0,1.8,2.2,0.2,5,1.4,1.4,1.6,0.2,5
2023-02-12,2022-23,Manchester City,Aston Villa,3,1,H,1794.0,1521.1,273.0,3,11,8,21,21,4,0,1,5,1.8,1.8,1.0,0.4,5,2.0,1.6,1.2,0.4,5,1.9,1.7,1.0,0.3,10,1.9,1.8,1.5,0.3,10,2.0,2.2,1.2,0.2,5,1.8,1.0,1.6,0.4,5
2023-02-13,2022-23,Liverpool,Everton,2,0,H,1714.2,1459.9,254.3,10,18,8,20,21,2,1,2,5,0.8,0.6,2.0,0.2,5,0.8,0.8,1.8,0.2,5,1.3,1.2,1.6,0.1,10,0.8,0.8,1.6,0.3,10,2.0,1.4,0.8,0.4,5,0.4,0.2,1.4,0.2,5
2023-02-15,2022-23,Arsenal,Manchester City,1,3,A,1709.6,1796.1,-86.5,1,2,1,21,22,0,5,0,5,1.6,1.2,0.8,0.4,5,1.8,2.2,1.2,0.2,5,2.3,2.1,0.7,0.5,10,1.9,1.9,1.1,0.2,10,2.2,2.4,0.8,0.4,5,1.8,1.2,0.8,0.4,5
2023-02-18,2022-23,Newcastle United,Liverpool,0,2,A,1620.1,1716.5,-96.4,4,9,5,22,21,0,3,2,5,1.4,0.6,0.4,0.6,5,0.8,0.6,1.8,0.4,5,2.0,1.5,0.3,0.7,10,1.6,1.4,1.5,0.2,10,2.2,1.4,0.2,0.8,5,1.2,1.2,2.2,0.0,5
2023-02-18,2022-23,Wolverhampton Wanderers,Bournemouth,0,1,A,1507.4,1413.4,94.0,15,19,4,22,22,3,0,2,5,2.0,1.4,1.0,0.4,5,0.4,0.4,1.6,0.0,5,1.4,1.2,1.3,0.2,10,0.5,1.0,1.9,0.1,10,1.2,1.2,1.2,0.4,5,0.0,0.6,2.4,0.0,5
2023-02-18,2022-23,Nottingham Forest,Manchester City,1,1,D,1495.4,1806.5,-311.0,14,1,-13,22,23,0,1,0,1,2.0,1.0,0.6,0.6,5,2.4,2.6,1.0,0.2,5,1.5,0.9,1.4,0.4,10,1.9,2.0,1.1,0.2,10,2.2,1.4,0.6,0.6,5,1.8,1.6,1.0,0.2,5
2023-02-18,2022-23,Everton,Leeds United,1,0,H,1457.6,1473.8,-16.2,19,18,-1,22,22,2,1,2,5,0.6,0.6,2.0,0.2,5,0.4,0.6,1.4,0.2,5,0.5,0.5,1.8,0.2,10,0.7,1.3,1.9,0.2,10,0.6,0.8,2.0,0.2,5,0.4,1.2,1.8,0.2,5
2023-02-18,2022-23,Aston Villa,Arsenal,2,4,A,1519.0,1699.2,-180.3,11,2,-9,22,22,2,3,0,5,1.4,1.4,1.8,0.2,5,1.4,1.4,1.4,0.2,5,1.6,1.5,1.8,0.2,10,2.0,1.7,1.0,0.4,10,1.4,1.8,2.0,0.0,5,2.4,1.8,0.6,0.6,5
2023-02-18,2022-23,Brighton and Hove Albion,Fulham,0,1,A,1582.1,1485.7,96.5,6,8,2,21,23,0,2,3,5,2.2,2.2,0.8,0.4,5,1.4,0.8,0.6,0.4,5,2.0,2.4,1.4,0.2,10,1.6,1.2,0.8,0.4,10,1.8,2.2,1.4,0.4,5,1.4,1.0,0.6,0.6,5
2023-02-18,2022-23,Brentford,Crystal Palace,1,1,D,1564.2,1513.4,50.8,9,12,3,22,22,0,0,3,3,2.2,1.8,0.4,0.6,5,0.6,0.6,1.0,0.2,5,2.0,1.8,0.8,0.4,10,0.9,0.7,1.4,0.2,10,2.2,2.2,0.8,0.4,5,1.2,1.0,1.0,0.2,5
2023-02-18,2022-23,Chelsea,Southampton,0,1,A,1626.8,1414.1,212.7,10,20,10,22,22,2,1,2,5,1.2,0.6,0.6,0.6,5,0.6,0.6,1.6,0.0,5,1.0,0.6,0.7,0.4,10,0.3,0.7,2.1,0.0,10,1.4,0.6,0.4,0.6,5,0.6,0.8,2.0,0.0,5
2023-02-19,2022-23,Manchester United,Leicester City,3,0,H,1670.5,1536.8,133.7,3,14,11,23,22,1,2,2,5,1.6,1.8,1.4,0.2,5,1.4,2.0,1.6,0.0,5,2.3,2.0,0.9,0.4,10,1.3,1.5,1.4,0.2,10,2.6,2.4,0.8,0.4,5,1.8,1.8,1.2,0.4,5
2023-02-19,2022-23,Tottenham,West Ham United,2,0,H,1645.1,1508.3,136.8,5,18,13,23,22,1,2,2,5,1.2,1.0,2.0,0.4,5,1.2,1.2,1.0,0.2,5,1.3,1.6,1.9,0.3,10,0.6,0.8,1.5,0.1,10,1.2,1.2,1.8,0.2,5,0.4,0.8,1.6,0.0,5
2023-02-24,2022-23,Fulham,Wolverhampton Wanderers,1,1,D,1500.8,1492.3,8.5,6,15,9,24,23,0,3,2,5,1.4,0.6,0.4,0.6,5,1.8,1.2,1.0,0.4,5,1.9,1.2,0.6,0.5,10,1.3,1.1,1.3,0.2,10,1.8,1.4,1.0,0.2,5,1.6,1.2,1.4,0.0,5
2023-02-25,2022-23,Bournemouth,Manchester City,1,4,A,1428.4,1801.1,-372.6,17,2,-15,23,24,0,5,0,5,1.0,0.6,1.0,0.2,5,2.0,2.0,0.8,0.2,5,0.8,0.9,1.6,0.2,10,2.0,2.0,1.0,0.2,10,1.0,1.4,1.4,0.2,5,1.4,1.2,1.0,0.2,5
2023-02-25,2022-23,West Ham United,Nottingham Forest,4,0,H,1504.2,1500.9,3.4,18,13,-5,23,23,0,1,0,1,1.0,0.8,1.0,0.2,5,1.6,1.0,0.8,0.4,5,0.6,0.8,1.6,0.1,10,1.6,1.0,1.0,0.4,10,0.8,0.8,1.4,0.2,5,0.8,0.4,2.2,0.2,5
2023-02-25,2022-23,Crystal Palace,Liverpool,0,0,D,1517.5,1726.6,-209.2,12,8,-4,23,22,0,4,1,5,0.8,0.8,1.0,0.2,5,1.4,0.8,1.2,0.6,5,0.7,0.6,1.4,0.2,10,1.9,1.5,1.3,0.3,10,0.6,0.4,1.8,0.2,5,1.2,1.2,2.0,0.2,5
2023-02-25,2022-23,Leeds United,Southampton,1,0,H,1466.1,1431.2,34.9,19,20,1,23,23,2,1,2,5,0.4,0.4,1.2,0.2,5,1.2,0.8,1.4,0.2,5,0.4,0.9,1.7,0.2,10,0.6,0.8,2.0,0.1,10,1.0,1.4,2.0,0.2,5,1.2,1.0,1.8,0.2,5
2023-02-25,2022-23,Everton,Aston Villa,0,2,A,1465.2,1511.2,-46.0,18,11,-7,23,23,0,4,1,5,1.2,0.6,1.2,0.4,5,1.2,1.6,2.4,0.2,5,0.7,0.6,1.8,0.2,10,1.6,1.7,1.8,0.2,10,1.2,1.0,1.6,0.4,5,1.8,1.2,1.6,0.4,5
2023-02-25,2022-23,Leicester City,Arsenal,0,1,A,1532.6,1707.0,-174.3,14,2,-12,23,23,1,4,0,5,1.4,2.0,2.0,0.0,5,1.4,1.8,1.8,0.0,5,1.3,1.5,1.6,0.2,10,2.0,2.0,1.2,0.3,10,0.8,1.2,1.6,0.0,5,2.4,2.4,1.0,0.4,5
2023-02-26,2022-23,Tottenham,Chelsea,2,0,H,1649.2,1609.6,39.6,4,10,6,24,23,0,3,2,5,1.8,1.4,1.6,0.6,5,1.2,0.4,0.4,0.6,5,1.6,1.7,1.7,0.4,10,1.0,0.6,0.7,0.4,10,1.8,1.4,1.4,0.4,5,0.6,0.6,1.0,0.2,5
2023-03-01,2022-23,Arsenal,Everton,4,0,H,1714.9,1453.7,261.2,1,18,17,24,24,1,4,0,5,1.4,1.4,1.4,0.2,5,1.2,0.4,1.2,0.4,5,2.0,1.9,1.2,0.3,10,0.7,0.6,1.8,0.2,10,1.6,1.6,1.4,0.2,5,0.4,0.2,1.6,0.2,5
2023-03-01,2022-23,Liverpool,Wolverhampton Wanderers,2,0,H,1723.6,1495.3,228.3,7,15,8,23,24,4,1,0,5,1.6,0.8,0.6,0.8,5,1.4,1.2,1.2,0.2,5,1.7,1.3,1.2,0.4,10,1.4,1.0,1.1,0.2,10,2.0,1.6,0.8,0.4,5,1.6,1.2,1.4,0.0,5
2023-03-04,2022-23,Manchester City,Newcastle United,2,0,H,1804.5,1610.0,194.5,2,5,3,25,23,4,0,1,5,2.0,2.2,1.0,0.0,5,1.2,0.6,0.8,0.4,5,2.0,2.1,1.0,0.2,10,1.7,1.1,0.5,0.6,10,2.0,2.4,1.2,0.2,5,1.8,1.6,0.4,0.6,5
2023-03-04,2022-23,Arsenal,Bournemouth,3,2,H,1717.1,1425.0,292.1,1,19,18,25,24,4,0,1,5,2.0,2.2,1.2,0.4,5,1.0,0.8,1.4,0.2,5,2.0,2.0,1.1,0.4,10,0.8,0.7,1.6,0.2,10,1.6,1.8,1.2,0.4,5,0.6,0.2,1.6,0.2,5
2023-03-04,2022-23,Aston Villa,Crystal Palace,1,0,H,1522.8,1520.5,2.3,11,12,1,24,24,2,2,1,5,1.2,1.6,2.2,0.4,5,0.8,0.6,0.8,0.4,5,1.6,1.6,1.7,0.3,10,0.8,0.6,1.3,0.3,10,0.8,1.6,2.6,0.0,5,0.8,0.8,1.0,0.2,5
2023-03-04,2022-23,Brighton and Hove Albion,West Ham United,4,0,H,1567.0,1511.4,55.6,8,16,8,22,24,2,0,3,5,1.6,1.4,0.8,0.4,5,1.6,1.6,0.8,0.4,5,1.7,2.0,1.4,0.2,10,0.9,1.1,1.4,0.2,10,1.2,1.4,1.4,0.4,5,0.4,0.8,1.8,0.0,5
2023-03-04,2022-23,Chelsea,Leeds United,1,0,H,1603.4,1472.4,131.0,11,17,6,24,24,3,1,1,5,0.6,0.2,0.8,0.4,5,0.8,0.6,1.2,0.2,5,1.0,0.6,0.8,0.4,10,0.7,0.7,1.3,0.3,10,1.4,0.6,0.4,0.6,5,0.4,0.6,1.2,0.2,5
2023-03-04,2022-23,Wolverhampton Wanderers,Tottenham,1,0,H,1492.7,1655.4,-162.7,15,4,-11,25,25,1,3,1,5,1.4,1.2,1.0,0.2,5,2.4,1.4,0.8,0.8,5,1.4,1.0,1.1,0.2,10,1.6,1.5,1.4,0.5,10,1.2,0.8,0.8,0.4,5,1.4,2.0,2.0,0.4,5
2023-03-04,2022-23,Southampton,Leicester City,1,0,H,1424.9,1524.8,-99.8,20,15,-5,24,24,1,2,2,5,0.6,0.4,1.4,0.2,5,1.4,2.0,1.8,0.0,5,0.6,0.7,1.7,0.1,10,1.0,1.3,1.7,0.1,10,0.0,0.6,2.2,0.0,5,1.2,1.4,1.8,0.2,5
2023-03-05,2022-23,Nottingham Forest,Everton,2,2,D,1493.8,1451.5,42.3,14,18,4,24,25,0,0,1,1,1.0,0.6,1.6,0.2,5,1.2,0.4,1.6,0.4,5,1.5,0.8,1.2,0.4,10,0.7,0.6,1.9,0.2,10,2.2,1.2,0.4,0.6,5,0.2,0.2,2.4,0.0,5
2023-03-05,2022-23,Liverpool,Manchester United,7,0,H,1726.2,1674.6,51.6,6,3,-3,24,24,3,1,1,5,2.0,1.2,0.6,0.8,5,2.0,2.2,1.2,0.4,5,1.7,1.2,1.1,0.5,10,2.3,2.1,0.8,0.5,10,2.6,1.8,0.4,0.6,5,2.0,1.6,1.0,0.4,5
2023-03-06,2022-23,Brentford,Fulham,3,2,H,1560.1,1497.8,62.4,9,7,-2,23,25,0,1,0,1,1.8,1.4,0.4,0.6,5,1.6,0.8,0.4,0.6,5,2.0,1.8,0.8,0.4,10,2.0,1.2,0.5,0.5,10,2.2,2.2,0.8,0.4,5,2.0,1.0,0.2,0.8,5
2023-03-11,2022-23,Bournemouth,Liverpool,1,0,H,1423.1,1732.1,-309.0,20,5,-15,25,25,0,5,0,5,0.8,1.0,1.8,0.2,5,2.6,2.6,0.0,1.0,5,0.5,0.6,1.9,0.1,10,1.7,1.6,1.0,0.6,10,1.0,1.2,1.6,0.2,5,0.8,0.6,1.8,0.4,5
2023-03-11,2022-23,Everton,Brentford,1,0,H,1455.3,1565.8,-110.4,19,9,-10,26,24,0,2,1,3,0.8,0.6,2.0,0.2,5,1.8,1.6,0.8,0.4,5,0.8,0.7,1.9,0.2,10,2.2,1.9,0.8,0.4,10,1.2,0.8,1.6,0.4,5,1.8,1.4,0.8,0.4,5
2023-03-11,2022-23,Leeds United,Brighton and Hove Albion,2,2,D,1468.2,1572.8,-104.6,19,8,-11,25,23,0,3,2,5,0.8,0.6,1.2,0.2,5,1.6,1.6,0.8,0.4,5,0.7,0.6,1.1,0.3,10,1.7,2.1,1.2,0.3,10,1.0,0.8,1.4,0.4,5,2.2,2.6,1.4,0.0,5
2023-03-11,2022-23,Leicester City,Chelsea,1,3,A,1514.8,1607.6,-92.8,16,10,-6,25,25,1,3,1,5,1.2,1.6,1.6,0.0,5,1.0,0.4,0.8,0.4,5,0.7,1.1,1.8,0.0,10,1.0,0.5,0.8,0.4,10,0.8,1.2,1.6,0.0,5,0.6,0.6,1.2,0.2,5
2023-03-11,2022-23,Tottenham,Nottingham Forest,3,1,H,1643.6,1489.9,153.7,4,14,10,26,25,1,0,0,1,1.8,1.2,1.0,0.6,5,1.0,0.8,1.8,0.2,5,1.5,1.3,1.3,0.5,10,1.3,0.9,1.4,0.3,10,1.8,1.0,0.8,0.6,5,0.8,0.4,2.0,0.2,5
2023-03-11,2022-23,Crystal Palace,Manchester City,0,1,A,1513.4,1807.6,-294.2,12,2,-10,25,26,1,3,1,5,0.6,0.6,1.0,0.2,5,2.6,2.6,0.8,0.2,5,0.8,0.6,1.1,0.3,10,2.2,2.2,0.9,0.3,10,0.8,0.4,1.2,0.4,5,1.4,1.8,1.2,0.0,5
2023-03-12,2022-23,Fulham,Arsenal,0,3,A,1492.1,1719.0,-226.9,8,1,-7,26,26,0,4,1,5,1.6,1.2,0.8,0.6,5,2.4,2.6,1.4,0.4,5,1.7,1.1,0.8,0.4,10,2.0,1.9,1.1,0.4,10,2.0,1.4,0.8,0.2,5,2.4,2.2,1.0,0.4,5
2023-03-12,2022-23,Manchester United,Southampton,0,0,D,1668.7,1434.9,233.8,3,20,17,25,25,3,0,2,5,2.0,1.8,2.0,0.4,5,1.2,0.6,1.2,0.4,5,2.0,1.8,1.5,0.4,10,0.9,0.7,1.4,0.2,10,2.6,2.4,0.8,0.4,5,1.2,0.8,1.4,0.2,5
2023-03-12,2022-23,West Ham United,Aston Villa,1,1,D,1505.6,1529.9,-24.4,18,11,-7,25,25,5,0,0,5,1.0,1.2,1.6,0.2,5,1.2,1.6,2.2,0.4,5,0.9,1.1,1.6,0.2,10,1.6,1.5,1.6,0.4,10,1.4,1.4,1.0,0.4,5,2.4,1.6,0.8,0.6,5
2023-03-12,2022-23,Newcastle United,Wolverhampton Wanderers,2,1,H,1606.9,1504.5,102.4,6,13,7,24,26,1,1,3,5,0.6,0.4,1.2,0.2,5,1.4,0.8,1.0,0.2,5,1.4,0.7,0.6,0.6,10,1.4,0.9,1.0,0.3,10,1.6,0.6,0.6,0.6,5,1.0,0.8,1.6,0.0,5
2023-03-15,2022-23,Brighton and Hove Albion,Crystal Palace,1,0,H,1572.7,1508.4,64.2,7,12,5,24,26,0,1,4,5,1.6,1.6,0.8,0.4,5,0.6,0.4,0.8,0.2,5,1.8,2.2,1.2,0.3,10,0.5,0.4,1.2,0.2,10,1.8,2.0,1.0,0.6,5,0.8,0.8,1.0,0.2,5
2023-03-15,2022-23,Southampton,Brentford,0,2,A,1442.4,1555.5,-113.1,20,9,-11,26,25,1,2,0,3,1.4,0.6,0.6,0.6,5,1.6,1.6,1.0,0.2,5,1.0,0.6,1.1,0.3,10,1.9,1.7,0.8,0.4,10,0.6,0.6,1.4,0.2,5,1.6,1.0,0.6,0.4,5
2023-03-17,2022-23,Nottingham Forest,Newcastle United,1,2,A,1486.1,1611.6,-125.5,14,5,-9,26,25,0,1,0,1,0.4,0.8,2.4,0.0,5,1.0,0.8,1.4,0.0,5,1.3,1.0,1.4,0.3,10,1.4,0.8,0.7,0.5,10,1.8,1.4,0.8,0.4,5,1.2,0.8,0.6,0.6,5
2023-03-18,2022-23,Chelsea,Everton,2,2,D,1617.8,1465.6,152.2,10,15,5,26,27,2,2,1,5,1.4,1.0,1.0,0.2,5,1.4,0.8,1.6,0.4,5,1.2,0.7,0.8,0.4,10,1.0,0.7,1.8,0.3,10,1.4,0.4,0.4,0.6,5,0.4,0.6,2.2,0.0,5
2023-03-18,2022-23,Southampton,Tottenham,3,3,D,1432.7,1647.3,-214.6,20,4,-16,27,27,1,3,1,5,1.4,0.4,0.6,0.6,5,1.8,1.6,1.2,0.4,5,1.0,0.5,1.1,0.3,10,1.8,1.6,1.2,0.5,10,0.6,0.4,1.2,0.2,5,1.2,1.6,1.8,0.4,5
2023-03-18,2022-23,Wolverhampton Wanderers,Leeds United,2,4,A,1499.7,1468.4,31.4,13,19,6,27,26,2,2,1,5,0.8,0.6,1.2,0.2,5,0.8,0.6,1.2,0.2,5,1.4,1.0,1.1,0.3,10,0.7,0.8,1.3,0.2,10,1.8,1.0,0.4,0.6,5,0.2,0.6,1.4,0.0,5
2023-03-18,2022-23,Brentford,Leicester City,1,1,D,1565.1,1504.5,60.5,8,17,9,26,26,0,2,1,3,1.6,1.4,1.0,0.2,5,0.6,1.0,1.8,0.0,5,2.1,1.7,0.6,0.5,10,0.7,1.2,1.8,0.0,10,2.6,2.4,0.8,0.4,5,0.6,1.0,2.0,0.0,5
2023-03-18,2022-23,Aston Villa,Bournemouth,3,0,H,1532.1,1438.5,93.6,11,19,8,26,26,0,3,0,3,1.4,1.4,1.6,0.4,5,1.4,1.2,1.6,0.4,5,1.7,1.5,1.4,0.4,10,0.8,0.7,1.7,0.2,10,1.4,1.6,2.0,0.2,5,0.6,0.6,1.8,0.2,5
2023-03-19,2022-23,Arsenal,Crystal Palace,4,1,H,1725.5,1502.8,222.6,1,12,11,27,27,2,1,2,5,3.0,3.0,0.8,0.6,5,0.4,0.2,0.8,0.2,5,2.2,2.2,1.1,0.4,10,0.5,0.4,0.9,0.2,10,2.0,2.4,1.6,0.2,5,0.2,0.4,1.2,0.0,5
2023-04-01,2022-23,Manchester City,Liverpool,4,1,H,1812.5,1716.7,95.8,2,6,4,27,26,1,1,3,5,2.6,2.2,0.6,0.4,5,2.0,2.2,0.2,0.8,5,2.2,2.2,0.9,0.3,10,1.4,1.4,1.0,0.6,10,2.6,2.6,0.8,0.4,5,0.8,0.4,1.4,0.4,5
2023-04-01,2022-23,Arsenal,Leeds United,4,1,H,1728.2,1482.0,246.2,1,14,13,28,27,4,0,1,5,3.0,3.0,0.6,0.6,5,1.4,1.4,1.2,0.2,5,2.2,2.4,1.2,0.3,10,0.9,1.0,1.3,0.2,10,2.0,2.6,1.4,0.2,5,0.8,1.2,1.4,0.0,5
2023-04-01,2022-23,Bournemouth,Fulham,2,1,H,1433.5,1485.6,-52.1,19,9,-10,27,27,1,1,1,3,1.2,1.0,2.0,0.4,5,1.4,1.2,1.4,0.4,5,0.8,0.7,1.8,0.2,10,1.4,0.9,1.0,0.4,10,1.0,0.8,1.6,0.2,5,1.4,0.8,0.8,0.6,5
2023-04-01,2022-23,Brighton and Hove Albion,Brentford,3,3,D,1578.3,1560.8,17.5,7,8,1,25,27,2,1,0,3,1.6,1.6,0.8,0.4,5,1.6,1.4,1.0,0.2,5,1.8,2.0,1.1,0.4,10,1.9,1.6,0.7,0.4,10,2.4,1.8,0.2,0.8,5,1.6,1.0,0.4,0.6,5
2023-04-01,2022-23,Crystal Palace,Leicester City,2,1,H,1500.1,1508.9,-8.7,12,18,6,28,27,0,2,3,5,0.2,0.2,1.4,0.2,5,0.2,0.4,1.8,0.0,5,0.5,0.5,1.2,0.2,10,0.8,1.2,1.7,0.0,10,0.8,0.4,0.6,0.4,5,0.8,1.0,1.8,0.0,5
2023-04-01,2022-23,Nottingham Forest,Wolverhampton Wanderers,1,1,D,1476.8,1486.1,-9.3,17,13,-4,27,28,0,1,0,1,0.4,1.0,2.4,0.0,5,0.8,1.0,1.8,0.2,5,1.2,1.0,1.5,0.3,10,1.3,1.1,1.4,0.3,10,1.6,1.4,1.0,0.4,5,0.8,0.8,1.8,0.0,5
2023-04-01,2022-23,Chelsea,Aston Villa,0,2,A,1611.6,1537.0,74.6,10,11,1,27,27,3,1,1,5,1.4,1.2,1.2,0.2,5,2.0,1.8,1.0,0.6,5,1.3,0.9,0.9,0.4,10,1.7,1.6,1.4,0.4,10,1.6,0.8,0.6,0.6,5,2.0,1.4,0.8,0.6,5
2023-04-02,2022-23,West Ham United,Southampton,1,0,H,1503.4,1435.9,67.5,19,20,1,26,28,1,1,3,5,1.0,1.2,1.6,0.2,5,1.0,0.8,1.2,0.4,5,1.0,1.1,1.4,0.2,10,1.1,0.8,1.3,0.3,10,1.6,1.6,0.8,0.4,5,1.4,0.6,1.0,0.4,5
2023-04-02,2022-23,Newcastle United,Manchester United,2,0,H,1620.9,1661.3,-40.4,5,3,-2,26,26,0,3,2,5,1.4,1.0,1.4,0.0,5,1.6,1.4,1.8,0.6,5,1.4,0.7,0.8,0.4,10,1.8,1.7,1.5,0.4,10,1.6,0.8,0.8,0.4,5,1.4,1.2,2.2,0.4,5
2023-04-03,2022-23,Everton,Tottenham,1,1,D,1471.8,1644.2,-172.3,18,5,-13,28,28,1,2,2,5,1.0,1.0,2.0,0.2,5,2.0,2.0,1.0,0.4,5,1.1,0.8,1.6,0.3,10,1.6,1.5,1.5,0.4,10,1.8,0.8,0.8,0.6,5,0.8,1.4,2.4,0.2,5
2023-04-04,2022-23,Chelsea,Liverpool,0,0,D,1597.0,1711.8,-114.9,11,8,-3,28,27,1,1,3,5,1.4,1.2,1.4,0.2,5,1.4,2.0,1.0,0.6,5,1.3,0.8,0.9,0.4,10,1.4,1.4,1.1,0.6,10,1.0,0.6,1.0,0.4,5,0.8,0.6,1.6,0.4,5
2023-04-04,2022-23,Leicester City,Aston Villa,1,2,A,1501.4,1551.6,-50.2,19,9,-10,28,28,2,2,1,5,0.2,0.6,1.6,0.0,5,2.6,1.8,0.2,0.8,5,0.8,1.3,1.8,0.0,10,1.9,1.7,1.3,0.5,10,0.8,1.4,1.6,0.0,5,2.0,1.4,0.8,0.6,5
2023-04-04,2022-23,Bournemouth,Brighton and Hove Albion,0,2,A,1442.2,1575.0,-132.8,17,7,-10,28,26,3,2,0,5,1.2,1.2,2.2,0.2,5,1.6,2.0,1.2,0.4,5,1.1,0.9,1.6,0.2,10,1.9,2.1,1.0,0.4,10,1.6,1.2,1.4,0.2,5,1.8,2.4,1.4,0.0,5
2023-04-04,2022-23,Leeds United,Nottingham Forest,2,1,H,1479.6,1474.3,5.3,18,16,-2,28,28,0,1,0,1,1.4,1.6,1.8,0.2,5,0.4,1.0,2.4,0.0,5,0.9,1.0,1.5,0.2,10,1.0,1.0,1.6,0.2,10,1.2,1.0,1.2,0.4,5,0.8,0.6,2.0,0.2,5
2023-04-05,2022-23,Manchester United,Brentford,1,0,H,1653.0,1564.0,89.0,5,9,4,27,28,2,1,0,3,1.4,1.0,1.8,0.6,5,1.6,1.8,1.4,0.2,5,1.5,1.4,1.7,0.3,10,1.7,1.6,0.9,0.4,10,2.2,1.8,0.8,0.4,5,1.2,1.2,1.0,0.4,5
2023-04-05,2022-23,West Ham United,Newcastle United,1,5,A,1508.9,1629.2,-120.3,15,4,-11,27,27,1,2,2,5,1.4,1.2,1.4,0.4,5,1.8,1.2,1.2,0.2,5,1.3,1.2,1.2,0.3,10,1.6,0.9,0.8,0.4,10,2.2,1.8,0.4,0.6,5,1.2,0.6,0.8,0.4,5
2023-04-08,2022-23,Southampton,Manchester City,1,4,A,1430.4,1817.4,-387.0,20,2,-18,29,28,0,3,2,5,1.0,0.8,1.2,0.4,5,2.6,2.4,0.6,0.4,5,0.8,0.6,1.3,0.3,10,2.5,2.5,0.8,0.3,10,0.8,1.0,1.6,0.2,5,2.0,1.8,0.8,0.2,5
2023-04-08,2022-23,Manchester United,Everton,2,0,H,1658.0,1473.9,184.1,4,16,12,28,29,2,1,2,5,1.4,0.8,1.8,0.6,5,1.2,1.2,1.8,0.2,5,1.5,1.3,1.6,0.4,10,1.2,0.8,1.5,0.3,10,2.2,1.6,0.6,0.6,5,0.4,0.8,2.4,0.0,5
2023-04-08,2022-23,Aston Villa,Nottingham Forest,2,0,H,1563.1,1467.2,95.8,7,17,10,29,29,0,0,1,1,2.6,1.8,0.4,0.6,5,0.4,1.2,2.0,0.0,5,1.9,1.7,1.3,0.5,10,0.7,0.9,1.8,0.1,10,1.8,2.0,1.8,0.4,5,0.2,0.6,2.4,0.0,5
2023-04-08,2022-23,Brentford,Newcastle United,1,2,A,1559.0,1638.6,-79.6,9,4,-5,29,28,0,2,1,3,1.0,1.2,1.2,0.2,5,2.4,2.2,1.0,0.2,5,1.4,1.4,1.0,0.3,10,1.8,1.4,0.9,0.3,10,2.2,2.0,0.8,0.4,5,1.6,1.6,1.0,0.2,5
2023-04-08,2022-23,Fulham,West Ham United,0,1,A,1477.0,1499.5,-22.5,10,15,5,28,28,0,4,1,5,0.8,1.0,1.8,0.2,5,1.4,1.4,2.0,0.4,5,1.1,0.9,1.2,0.3,10,1.2,1.1,1.5,0.3,10,1.4,1.0,1.2,0.2,5,0.4,0.6,2.0,0.0,5
2023-04-08,2022-23,Leicester City,Bournemouth,0,1,A,1490.0,1433.1,56.9,19,17,-2,29,29,2,3,0,5,0.2,0.8,1.8,0.0,5,1.2,1.0,1.8,0.2,5,0.8,1.4,1.8,0.0,10,1.1,0.9,1.6,0.2,10,0.8,1.6,1.8,0.0,5,0.6,0.6,1.8,0.2,5
2023-04-08,2022-23,Tottenham,Brighton and Hove Albion,2,1,H,1642.1,1584.1,58.0,5,7,2,29,27,3,2,0,5,1.6,1.8,1.2,0.2,5,2.2,2.4,1.0,0.6,5,1.7,1.6,1.4,0.4,10,1.9,1.9,0.9,0.5,10,2.4,1.6,0.6,0.6,5,1.8,2.2,1.2,0.2,5
2023-04-08,2022-23,Wolverhampton Wanderers,Chelsea,1,0,H,1488.7,1597.4,-108.7,16,11,-5,29,29,1,1,3,5,0.8,1.0,1.8,0.2,5,1.6,1.2,1.0,0.4,5,1.1,1.1,1.5,0.2,10,1.1,0.7,0.9,0.4,10,1.8,1.4,1.0,0.6,5,1.0,1.0,1.2,0.2,5
2023-04-09,2022-23,Liverpool,Arsenal,2,2,D,1711.4,1730.6,-19.2,8,1,-7,28,29,4,1,0,5,1.4,2.0,1.0,0.6,5,3.0,3.6,0.8,0.4,5,1.5,1.4,0.8,0.7,10,2.2,2.5,1.1,0.3,10,2.6,2.6,0.2,0.8,5,2.4,2.0,0.6,0.6,5
2023-04-09,2022-23,Leeds United,Crystal Palace,1,5,A,1486.6,1507.6,-20.9,16,14,-2,29,29,2,2,1,5,1.4,1.8,2.0,0.0,5,0.6,0.6,1.6,0.0,5,1.1,1.2,1.6,0.1,10,0.7,0.6,1.2,0.2,10,1.6,1.0,1.0,0.4,5,0.2,0.6,1.8,0.0,5
2023-04-15,2022-23,Aston Villa,Newcastle United,3,0,H,1568.0,1649.2,-81.2,6,3,-3,30,29,2,2,1,5,2.6,2.0,0.4,0.6,5,3.0,2.6,0.8,0.2,5,1.9,1.8,1.3,0.5,10,1.8,1.5,1.0,0.2,10,1.8,2.0,1.6,0.6,5,2.0,2.0,1.2,0.0,5
2023-04-15,2022-23,Chelsea,Brighton and Hove Albion,1,2,A,1587.1,1578.3,8.8,11,7,-4,30,28,1,1,3,5,1.0,1.0,1.2,0.2,5,1.6,1.8,1.4,0.4,5,1.0,0.7,1.0,0.3,10,1.6,1.7,1.1,0.4,10,1.0,0.6,1.0,0.4,5,1.2,1.6,1.4,0.2,5
2023-04-15,2022-23,Everton,Fulham,1,3,A,1470.6,1464.8,5.8,17,10,-7,30,29,2,2,1,5,1.2,1.2,1.4,0.2,5,0.2,0.8,2.0,0.0,5,1.2,0.8,1.5,0.3,10,0.8,0.7,1.2,0.3,10,2.0,0.8,0.6,0.6,5,0.8,0.8,1.2,0.4,5
2023-04-15,2022-23,Southampton,Crystal Palace,0,2,A,1427.2,1519.8,-92.6,20,12,-8,30,30,1,3,1,5,0.4,0.8,2.0,0.2,5,1.2,1.6,1.6,0.0,5,0.8,0.7,1.6,0.3,10,0.9,1.1,1.3,0.1,10,0.8,1.2,2.2,0.2,5,0.8,1.4,1.6,0.0,5
2023-04-15,2022-23,Tottenham,Bournemouth,2,3,A,1647.9,1447.3,200.5,5,15,10,30,30,3,1,1,5,1.6,1.8,1.4,0.0,5,1.8,0.8,1.2,0.4,5,2.0,1.6,1.1,0.4,10,1.3,0.9,1.5,0.3,10,3.0,2.0,0.4,0.6,5,1.2,0.8,1.4,0.4,5
2023-04-15,2022-23,Wolverhampton Wanderers,Brentford,2,0,H,1498.9,1548.4,-49.5,14,9,-5,30,30,1,1,1,3,1.4,1.2,1.4,0.4,5,1.0,1.4,1.4,0.2,5,1.4,1.2,1.2,0.3,10,1.3,1.5,1.2,0.2,10,1.8,1.4,1.0,0.6,5,1.0,1.2,1.2,0.2,5
2023-04-15,2022-23,Manchester City,Leicester City,3,1,H,1820.7,1475.8,344.9,2,19,17,29,30,4,1,0,5,3.0,3.0,0.6,0.4,5,0.2,0.8,1.8,0.0,5,2.5,2.5,0.7,0.3,10,0.7,1.2,1.7,0.0,10,3.0,3.2,0.8,0.4,5,0.8,1.2,1.8,0.0,5
2023-04-16,2022-23,West Ham United,Arsenal,2,2,D,1511.7,1732.9,-221.2,15,1,-14,29,30,0,4,1,5,1.4,0.8,2.0,0.4,5,2.6,3.2,1.2,0.2,5,1.5,1.2,1.4,0.4,10,2.3,2.7,1.2,0.3,10,1.6,1.6,1.4,0.4,5,2.0,2.0,1.0,0.4,5
2023-04-16,2022-23,Nottingham Forest,Manchester United,0,2,A,1462.3,1661.3,-198.9,18,4,-14,30,29,0,1,0,1,0.2,0.8,2.0,0.0,5,1.4,0.6,1.8,0.6,5,0.6,0.8,1.9,0.1,10,1.7,1.4,1.5,0.5,10,1.2,1.2,1.2,0.2,5,0.8,1.0,2.6,0.2,5
2023-04-17,2022-23,Leeds United,Liverpool,1,6,A,1474.4,1709.1,-234.7,16,8,-8,30,29,1,3,1,5,1.4,2.0,2.8,0.0,5,1.0,2.0,1.4,0.4,5,1.1,1.3,2.0,0.1,10,1.5,1.6,1.0,0.6,10,1.4,1.2,2.0,0.2,5,1.0,0.6,1.0,0.6,5
2023-04-21,2022-23,Arsenal,Southampton,3,3,D,1729.5,1417.0,312.5,1,20,19,31,31,2,1,2,5,2.2,3.0,1.2,0.2,5,0.2,0.8,2.4,0.0,5,2.3,2.8,1.3,0.3,10,0.8,0.7,1.5,0.3,10,2.4,3.2,1.4,0.2,5,0.8,0.2,1.0,0.4,5
2023-04-22,2022-23,Liverpool,Nottingham Forest,3,2,H,1715.4,1455.1,260.3,8,18,10,30,31,0,1,0,1,1.0,1.8,1.6,0.2,5,0.2,0.6,1.8,0.0,5,1.8,2.2,0.8,0.6,10,0.3,0.7,2.1,0.0,10,2.2,2.6,0.4,0.8,5,0.0,0.4,2.6,0.0,5
2023-04-22,2022-23,Leicester City,Wolverhampton Wanderers,2,1,H,1474.3,1507.5,-33.1,19,13,-6,31,31,3,1,1,5,0.2,0.8,1.8,0.0,5,1.4,1.4,1.4,0.4,5,0.4,0.9,1.8,0.0,10,1.4,1.1,1.2,0.3,10,0.6,1.2,1.6,0.0,5,1.0,1.0,1.4,0.0,5
2023-04-22,2022-23,Brentford,Aston Villa,1,1,D,1539.8,1577.4,-37.6,9,7,-2,31,31,1,1,1,3,0.4,1.0,1.8,0.0,5,3.0,2.4,0.2,0.8,5,1.0,1.2,1.4,0.1,10,2.2,1.9,0.9,0.6,10,1.6,1.8,1.2,0.2,5,2.0,1.6,1.0,0.4,5
2023-04-22,2022-23,Fulham,Leeds United,2,1,H,1477.7,1468.1,9.7,10,16,6,30,31,1,2,0,3,0.6,1.2,2.0,0.0,5,1.2,1.8,3.6,0.0,5,1.1,1.0,1.2,0.3,10,1.0,1.2,2.4,0.1,10,0.8,0.6,1.2,0.2,5,0.8,1.4,2.0,0.0,5
2023-04-22,2022-23,Crystal Palace,Everton,0,0,D,1530.0,1457.7,72.3,12,18,6,31,31,1,3,1,5,1.8,2.0,1.4,0.2,5,1.0,1.0,1.6,0.2,5,1.2,1.2,1.1,0.2,10,0.9,0.8,1.8,0.2,10,1.2,0.6,0.6,0.4,5,0.4,0.8,2.4,0.0,5
2023-04-23,2022-23,Bournemouth,West Ham United,0,4,A,1464.3,1515.1,-50.7,14,15,1,31,30,2,2,1,5,1.8,1.2,1.6,0.2,5,1.6,1.2,1.6,0.4,5,1.6,1.2,1.6,0.3,10,1.3,1.2,1.6,0.3,10,1.4,1.0,1.6,0.2,5,0.8,0.4,1.6,0.2,5
2023-04-23,2022-23,Newcastle United,Tottenham,6,1,H,1639.7,1630.9,8.9,4,5,1,30,31,1,2,2,5,2.4,2.2,1.2,0.2,5,1.6,2.2,1.8,0.0,5,1.7,1.5,1.3,0.1,10,1.7,1.7,1.4,0.3,10,2.0,1.2,0.8,0.4,5,1.0,1.2,1.8,0.2,5
2023-04-25,2022-23,Wolverhampton Wanderers,Crystal Palace,2,0,H,1499.4,1525.4,-26.1,14,12,-2,32,32,1,4,0,5,1.4,1.4,1.4,0.4,5,2.0,2.0,1.2,0.4,5,1.1,1.0,1.3,0.3,10,1.2,1.1,1.0,0.3,10,1.8,1.2,1.0,0.6,5,1.2,1.6,1.4,0.2,5
2023-04-25,2022-23,Aston Villa,Fulham,1,0,H,1579.2,1484.7,94.5,6,9,3,32,31,2,1,0,3,2.6,2.0,0.4,0.6,5,1.2,1.2,1.6,0.0,5,2.3,1.9,0.7,0.6,10,1.4,1.2,1.2,0.3,10,2.4,2.2,0.8,0.8,5,1.4,1.4,1.2,0.4,5
2023-04-25,2022-23,Leeds United,Leicester City,1,1,D,1461.2,1482.4,-21.3,16,17,1,32,32,1,3,1,5,0.6,1.2,3.6,0.0,5,0.6,1.0,1.8,0.0,5,1.0,1.3,2.4,0.1,10,0.4,0.7,1.8,0.0,10,1.4,1.4,2.8,0.2,5,0.2,0.6,2.0,0.0,5
2023-04-26,2022-23,Manchester City,Arsenal,4,1,H,1822.1,1721.2,100.9,2,1,-1,30,32,5,0,0,5,3.0,2.8,0.6,0.4,5,1.8,3.0,1.8,0.0,5,2.5,2.5,0.8,0.2,10,2.4,3.0,1.3,0.3,10,3.0,3.0,0.6,0.4,5,2.2,2.4,1.2,0.4,5
2023-04-26,2022-23,Nottingham Forest,Brighton and Hove Albion,3,1,H,1452.9,1591.4,-138.5,19,8,-11,32,29,0,0,1,1,0.2,0.8,2.0,0.0,5,2.0,1.8,1.2,0.4,5,0.3,0.9,2.2,0.0,10,1.8,1.7,1.0,0.4,10,0.6,1.0,1.6,0.0,5,1.6,1.6,1.2,0.2,5
2023-04-26,2022-23,Chelsea,Brentford,0,2,A,1574.1,1538.1,36.0,11,10,-1,31,32,1,1,1,3,0.4,0.6,1.4,0.2,5,0.4,1.0,1.8,0.0,5,0.9,0.8,1.2,0.2,10,1.0,1.2,1.4,0.1,10,1.0,0.8,1.2,0.4,5,0.8,1.0,1.4,0.2,5
2023-04-26,2022-23,West Ham United,Liverpool,1,2,A,1526.5,1717.7,-191.2,14,7,-7,31,31,1,4,0,5,2.0,1.8,1.4,0.6,5,1.6,2.4,1.8,0.2,5,1.5,1.5,1.5,0.4,10,1.8,2.3,1.0,0.5,10,1.6,1.8,1.6,0.4,5,1.0,1.4,1.2,0.4,5
2023-04-27,2022-23,Southampton,Bournemouth,0,1,A,1425.3,1452.9,-27.6,20,15,-5,32,32,2,1,2,5,0.4,1.4,2.6,0.0,5,1.8,1.2,1.8,0.2,5,0.9,0.9,1.6,0.3,10,1.5,1.1,1.9,0.3,10,0.8,1.0,2.2,0.2,5,1.8,1.4,1.6,0.4,5
2023-04-27,2022-23,Tottenham,Manchester United,2,2,D,1623.9,1668.5,-44.6,7,4,-3,32,30,1,4,0,5,1.0,1.8,2.8,0.0,5,2.0,1.0,0.4,0.8,5,1.4,1.7,2.0,0.2,10,2.0,1.4,1.2,0.6,10,2.4,2.2,1.0,0.4,5,1.2,1.2,2.4,0.4,5
2023-04-27,2022-23,Everton,Newcastle United,1,4,A,1462.3,1646.7,-184.4,19,4,-15,32,31,1,4,0,5,0.6,0.8,1.6,0.2,5,2.4,3.0,1.2,0.2,5,1.0,0.8,1.6,0.3,10,1.9,2.0,1.3,0.1,10,1.4,0.8,1.2,0.4,5,1.8,1.8,1.6,0.0,5
2023-04-29,2022-23,Brentford,Nottingham Forest,2,1,H,1551.8,1464.0,87.8,9,17,8,33,33,0,0,1,1,0.8,0.8,1.2,0.2,5,0.6,1.2,2.0,0.0,5,1.2,1.3,1.3,0.2,10,0.5,1.1,2.2,0.0,10,1.2,1.4,1.4,0.0,5,0.0,0.8,2.8,0.0,5
2023-04-29,2022-23,Brighton and Hove Albion,Wolverhampton Wanderers,6,0,H,1580.3,1507.3,73.0,9,13,4,30,33,2,2,1,5,1.4,1.8,1.8,0.2,5,2.0,1.4,0.6,0.6,5,1.5,1.7,1.3,0.3,10,1.4,1.2,1.2,0.4,10,2.0,1.8,0.8,0.6,5,0.4,0.8,1.6,0.0,5
2023-04-29,2022-23,Crystal Palace,West Ham United,4,3,H,1517.5,1519.0,-1.5,12,15,3,33,32,1,2,2,5,2.0,1.8,0.8,0.4,5,1.4,1.8,1.8,0.4,5,1.1,1.0,1.1,0.3,10,1.4,1.5,1.6,0.4,10,1.2,0.6,0.6,0.4,5,1.4,1.2,1.4,0.4,5
2023-04-30,2022-23,Liverpool,Tottenham,4,3,H,1725.1,1622.3,102.8,7,5,-2,32,33,3,0,2,5,2.2,2.6,1.2,0.2,5,1.0,1.6,2.6,0.0,5,1.8,2.3,1.1,0.4,10,1.5,1.8,1.8,0.2,10,2.6,3.2,0.8,0.6,5,0.4,1.2,3.0,0.0,5
2023-04-30,2022-23,Newcastle United,Southampton,3,1,H,1654.3,1413.2,241.1,3,20,17,32,33,3,1,1,5,2.4,3.4,1.4,0.0,5,0.2,0.8,2.2,0.0,5,2.1,2.3,1.3,0.1,10,0.6,0.8,1.7,0.2,10,2.0,2.2,1.0,0.2,5,1.0,0.8,1.0,0.4,5
2023-04-30,2022-23,Bournemouth,Leeds United,4,1,H,1465.0,1458.9,6.0,14,16,2,33,33,0,1,0,1,1.8,1.0,1.6,0.4,5,0.8,1.2,3.0,0.0,5,1.5,1.1,1.9,0.3,10,1.1,1.4,2.4,0.1,10,1.2,0.8,2.2,0.2,5,0.6,1.2,2.0,0.0,5
2023-04-30,2022-23,Fulham,Manchester City,1,2,A,1479.8,1826.9,-347.1,10,2,-8,32,31,0,5,0,5,1.2,1.2,1.2,0.0,5,3.0,3.2,0.8,0.2,5,1.3,1.2,1.3,0.2,10,2.8,2.9,0.8,0.2,10,1.4,1.0,1.2,0.2,5,2.6,2.6,0.8,0.2,5
2023-04-30,2022-23,Manchester United,Aston Villa,1,0,H,1670.1,1584.1,86.0,4,7,3,31,33,2,2,1,5,2.0,1.4,0.8,0.6,5,2.6,1.8,0.4,0.6,5,1.8,1.4,1.3,0.6,10,2.6,1.8,0.3,0.7,10,2.2,1.6,0.4,0.8,5,2.2,1.6,0.6,0.4,5
2023-05-01,2022-23,Leicester City,Everton,2,2,D,1484.7,1454.7,30.0,18,19,1,33,33,1,2,2,5,0.8,1.0,1.6,0.0,5,0.4,0.6,2.0,0.2,5,0.5,0.8,1.6,0.0,10,0.7,0.8,2.0,0.2,10,0.6,0.8,1.6,0.0,5,0.6,0.8,2.0,0.2,5
2023-05-02,2022-23,Arsenal,Chelsea,3,1,H,1716.4,1560.4,156.1,2,12,10,33,32,4,1,0,5,1.2,2.4,2.4,0.0,5,0.2,0.2,1.4,0.2,5,2.1,2.7,1.5,0.3,10,0.8,0.7,1.3,0.2,10,2.6,3.6,1.4,0.2,5,1.0,0.8,1.0,0.2,5
2023-05-03,2022-23,Liverpool,Fulham,1,0,H,1729.8,1475.9,253.9,5,10,5,33,33,2,1,2,5,2.6,3.4,1.8,0.0,5,1.2,1.2,1.2,0.0,5,2.0,2.7,1.4,0.3,10,1.0,1.1,1.5,0.1,10,2.6,3.6,1.4,0.4,5,1.2,1.4,1.4,0.2,5
2023-05-03,2022-23,Manchester City,West Ham United,3,0,H,1830.8,1511.8,319.0,2,15,13,32,33,3,0,2,5,3.0,3.4,1.0,0.0,5,1.4,2.2,1.6,0.4,5,2.8,2.8,0.8,0.2,10,1.4,1.8,1.8,0.4,10,3.0,3.2,0.8,0.2,5,1.2,1.6,2.0,0.4,5
2023-05-04,2022-23,Brighton and Hove Albion,Manchester United,1,0,H,1585.7,1675.2,-89.5,8,4,-4,31,32,2,3,0,5,1.8,2.4,1.2,0.4,5,2.6,1.6,0.4,0.8,5,1.7,2.2,1.2,0.4,10,2.0,1.3,1.1,0.7,10,2.0,2.8,0.8,0.6,5,1.4,1.2,2.2,0.4,5
2023-05-06,2022-23,Bournemouth,Chelsea,1,3,A,1472.0,1556.6,-84.6,13,12,-1,34,33,2,2,1,5,2.4,1.8,1.4,0.4,5,0.2,0.4,1.6,0.2,5,1.8,1.4,1.6,0.3,10,0.8,0.8,1.5,0.2,10,1.8,1.4,1.6,0.2,5,0.8,1.0,1.6,0.0,5
2023-05-06,2022-23,Manchester City,Leeds United,2,1,H,1832.4,1451.9,380.5,1,17,16,33,34,3,1,1,5,3.0,3.2,0.8,0.2,5,0.2,1.0,3.6,0.0,5,2.8,2.8,0.7,0.3,10,0.8,1.4,2.8,0.0,10,3.0,3.2,0.6,0.4,5,0.6,1.4,2.6,0.0,5
2023-05-06,2022-23,Tottenham,Crystal Palace,1,0,H,1617.6,1524.8,92.8,7,12,5,34,34,3,1,1,5,0.8,2.0,3.2,0.0,5,2.0,2.2,1.2,0.4,5,1.2,1.9,2.2,0.1,10,1.3,1.4,1.4,0.2,10,2.0,2.2,1.4,0.2,5,1.2,1.6,1.6,0.2,5
2023-05-06,2022-23,Wolverhampton Wanderers,Aston Villa,1,0,H,1501.9,1579.0,-77.1,14,8,-6,34,34,2,1,2,5,1.8,1.2,1.6,0.6,5,2.0,1.4,0.4,0.6,5,1.3,1.1,1.7,0.4,10,2.3,1.6,0.4,0.6,10,2.4,1.6,0.8,0.8,5,1.6,1.2,0.8,0.2,5
2023-05-06,2022-23,Liverpool,Brentford,1,0,H,1732.1,1556.9,175.3,5,9,4,34,34,1,1,1,3,3.0,3.2,1.4,0.2,5,1.4,1.2,1.2,0.2,5,2.0,2.6,1.4,0.3,10,1.2,1.2,1.2,0.2,10,2.6,3.4,1.4,0.4,5,1.4,1.4,1.2,0.4,5
2023-05-07,2022-23,West Ham United,Manchester United,1,0,H,1510.2,1665.5,-155.3,15,4,-11,34,33,0,5,0,5,0.8,2.0,2.2,0.2,5,2.0,1.4,0.6,0.6,5,1.1,1.4,2.1,0.3,10,1.7,1.1,1.2,0.6,10,1.0,1.2,2.0,0.2,5,0.8,0.8,2.4,0.2,5
2023-05-07,2022-23,Newcastle United,Arsenal,0,2,A,1656.8,1720.2,-63.4,3,2,-1,33,34,1,3,1,5,2.4,3.0,1.4,0.0,5,1.2,2.2,2.4,0.0,5,2.4,2.6,1.2,0.1,10,2.1,2.9,1.6,0.2,10,2.4,2.6,1.0,0.2,5,1.6,1.8,1.6,0.4,5
2023-05-08,2022-23,Fulham,Leicester City,5,3,H,1473.6,1481.1,-7.5,10,16,6,34,34,2,2,1,5,1.2,1.2,1.2,0.0,5,1.0,1.2,1.6,0.0,5,0.7,1.0,1.6,0.0,10,0.6,1.0,1.7,0.0,10,0.8,0.8,1.6,0.0,5,0.4,0.8,1.6,0.0,5
2023-05-08,2022-23,Brighton and Hove Albion,Everton,1,5,A,1595.3,1458.2,137.1,7,19,12,32,34,2,2,1,5,1.8,2.2,1.2,0.4,5,0.4,0.8,2.2,0.2,5,2.0,2.3,1.1,0.5,10,0.8,1.0,2.0,0.2,10,2.6,3.0,0.6,0.8,5,0.8,1.2,1.6,0.2,5
2023-05-08,2022-23,Nottingham Forest,Southampton,4,3,H,1458.9,1410.8,48.1,19,20,1,34,34,1,0,0,1,0.6,1.2,2.0,0.0,5,0.2,1.0,2.6,0.0,5,0.5,1.2,2.0,0.0,10,0.6,0.9,1.9,0.2,10,1.0,1.4,1.6,0.0,5,0.4,0.8,1.6,0.2,5
2023-05-13,2022-23,Leeds United,Newcastle United,2,2,D,1450.7,1645.7,-195.0,19,3,-16,35,34,2,1,2,5,0.2,1.0,3.0,0.0,5,1.8,2.6,1.6,0.0,5,0.8,1.5,2.9,0.0,10,2.4,2.6,1.2,0.1,10,1.0,1.4,3.0,0.0,5,2.4,2.6,1.4,0.0,5
2023-05-13,2022-23,Aston Villa,Tottenham,2,1,H,1569.7,1622.5,-52.9,8,6,-2,35,35,2,3,0,5,1.4,1.0,0.6,0.4,5,0.8,1.8,3.0,0.2,5,2.0,1.5,0.5,0.5,10,1.2,1.8,2.2,0.1,10,3.0,2.0,0.0,1.0,5,0.4,1.6,3.0,0.0,5
2023-05-13,2022-23,Chelsea,Nottingham Forest,2,2,D,1567.1,1464.9,102.2,11,16,5,34,35,0,0,1,1,0.6,1.0,1.8,0.0,5,1.2,2.0,2.2,0.0,5,1.1,1.1,1.4,0.2,10,0.7,1.4,2.1,0.0,10,0.4,0.6,1.6,0.2,5,0.0,1.0,2.4,0.0,5
2023-05-13,2022-23,Crystal Palace,Bournemouth,2,0,H,1519.8,1461.6,58.2,12,14,2,35,35,4,1,0,5,1.4,1.2,1.2,0.4,5,1.8,1.8,2.0,0.2,5,1.3,1.4,1.4,0.2,10,1.8,1.3,1.6,0.3,10,1.6,1.2,1.0,0.4,5,1.8,1.4,1.6,0.4,5
2023-05-13,2022-23,Manchester United,Wolverhampton Wanderers,2,0,H,1653.9,1511.2,142.7,4,13,9,34,35,4,1,0,5,1.4,1.0,0.8,0.4,5,1.8,1.2,1.6,0.6,5,1.4,0.8,1.3,0.5,10,1.6,1.2,1.5,0.5,10,2.6,1.4,0.0,1.0,5,0.2,0.6,2.6,0.0,5
2023-05-13,2022-23,Southampton,Fulham,0,2,A,1404.8,1481.0,-76.2,20,10,-10,35,35,2,2,1,5,0.2,1.4,2.6,0.0,5,1.2,1.6,1.6,0.0,5,0.3,1.1,2.3,0.1,10,0.9,1.4,1.8,0.0,10,0.2,0.8,2.4,0.0,5,0.6,1.2,1.6,0.0,5
2023-05-14,2022-23,Brentford,West Ham United,2,0,H,1553.4,1521.7,31.7,10,15,5,35,35,3,0,0,3,1.4,1.0,1.0,0.2,5,1.2,1.8,1.8,0.4,5,1.2,1.2,1.2,0.2,10,1.4,1.5,1.7,0.4,10,1.6,1.6,1.4,0.0,5,1.2,1.6,2.2,0.4,5
2023-05-14,2022-23,Everton,Manchester City,0,3,A,1474.2,1833.6,-359.4,17,1,-16,35,34,0,4,1,5,1.0,1.8,2.0,0.2,5,3.0,2.8,0.8,0.2,5,1.1,1.5,1.7,0.2,10,3.0,2.9,0.7,0.3,10,0.8,0.8,2.0,0.2,5,2.6,2.4,0.8,0.2,5
2023-05-14,2022-23,Arsenal,Brighton and Hove Albion,0,3,A,1731.2,1579.4,151.8,2,8,6,35,33,3,1,1,5,1.6,2.2,2.0,0.2,5,1.8,2.2,1.8,0.4,5,2.1,2.7,1.6,0.2,10,1.7,2.0,1.6,0.4,10,2.6,3.4,1.6,0.0,5,1.4,1.6,1.6,0.2,5
2023-05-15,2022-23,Leicester City,Liverpool,0,3,A,1473.7,1735.5,-261.8,19,5,-14,35,35,2,3,0,5,1.0,1.8,2.4,0.0,5,3.0,2.2,1.2,0.4,5,0.6,1.3,2.1,0.0,10,2.0,2.0,1.4,0.3,10,0.8,1.2,1.8,0.0,5,1.4,1.8,1.4,0.2,5
2023-05-18,2022-23,Newcastle United,Brighton and Hove Albion,4,1,H,1643.1,1595.6,47.4,3,6,3,35,34,1,2,2,5,2.0,3.0,1.4,0.0,5,1.8,2.4,1.6,0.6,5,2.2,2.6,1.3,0.1,10,1.9,2.1,1.4,0.5,10,2.4,2.6,1.0,0.2,5,1.8,1.8,1.2,0.4,5
2023-05-20,2022-23,Tottenham,Brentford,1,3,A,1613.9,1559.8,54.1,7,9,2,36,36,1,0,2,3,0.8,1.6,2.8,0.2,5,2.0,1.4,0.6,0.4,5,1.2,1.9,2.3,0.1,10,1.2,1.2,1.2,0.2,10,2.0,2.0,1.4,0.2,5,0.8,1.0,1.4,0.2,5
2023-05-20,2022-23,Bournemouth,Manchester United,0,1,A,1455.8,1657.9,-202.1,14,4,-10,36,35,1,4,0,5,1.2,1.2,2.0,0.2,5,1.4,1.0,0.8,0.4,5,1.5,1.2,1.8,0.2,10,1.7,1.0,0.6,0.6,10,1.2,1.4,2.2,0.0,5,0.8,0.8,1.2,0.2,5
2023-05-20,2022-23,Fulham,Crystal Palace,2,2,D,1491.7,1525.5,-33.9,10,12,2,36,36,1,3,1,5,1.2,1.6,1.4,0.2,5,1.4,1.2,1.2,0.4,5,1.2,1.4,1.5,0.1,10,1.6,1.6,1.3,0.3,10,1.2,1.6,2.0,0.0,5,1.2,1.6,1.6,0.2,5
2023-05-20,2022-23,Liverpool,Aston Villa,1,1,D,1741.2,1578.3,162.9,5,8,3,36,36,4,1,0,5,3.0,2.2,0.8,0.6,5,1.4,0.8,0.8,0.2,5,2.3,2.3,1.3,0.4,10,2.2,1.6,0.5,0.5,10,2.6,2.2,1.4,0.4,5,1.4,1.0,0.8,0.2,5
2023-05-20,2022-23,Wolverhampton Wanderers,Everton,1,1,D,1507.3,1470.5,36.8,13,17,4,36,36,3,2,0,5,1.2,0.8,2.0,0.4,5,1.0,1.6,2.0,0.2,5,1.3,1.1,1.7,0.4,10,1.0,1.3,1.8,0.2,10,2.4,1.6,0.8,0.8,5,1.2,1.8,1.4,0.2,5
2023-05-20,2022-23,Nottingham Forest,Arsenal,1,0,H,1470.1,1715.0,-244.9,16,2,-14,36,36,0,1,0,1,1.4,2.4,2.2,0.0,5,1.4,1.8,2.2,0.2,5,0.8,1.5,2.0,0.0,10,1.8,2.4,1.7,0.2,10,1.4,1.8,1.8,0.0,5,1.6,2.0,1.6,0.4,5
2023-05-21,2022-23,West Ham United,Leeds United,3,1,H,1515.4,1453.4,62.0,15,18,3,36,36,3,1,1,5,0.6,1.0,2.2,0.2,5,0.4,1.2,2.2,0.0,5,1.3,1.4,1.8,0.4,10,0.8,1.5,2.9,0.0,10,1.4,1.2,1.8,0.4,5,0.6,1.6,2.8,0.0,5
2023-05-21,2022-23,Brighton and Hove Albion,Southampton,3,1,H,1589.6,1394.1,195.5,6,20,14,35,36,2,1,2,5,1.8,2.4,1.8,0.6,5,0.2,1.4,2.6,0.0,5,1.6,2.1,1.8,0.4,10,0.2,1.1,2.5,0.0,10,2.0,2.4,1.6,0.6,5,0.4,1.4,2.2,0.2,5
2023-05-21,2022-23,Manchester City,Chelsea,1,0,H,1837.3,1561.8,275.4,1,12,11,35,35,4,1,0,5,3.0,2.8,0.6,0.4,5,0.8,1.4,2.0,0.0,5,3.0,2.8,0.6,0.4,10,0.9,1.2,1.6,0.1,10,3.0,3.2,0.8,0.2,5,1.2,1.4,1.6,0.0,5
2023-05-22,2022-23,Newcastle United,Leicester City,0,0,D,1649.1,1468.0,181.0,3,19,16,36,36,3,2,0,5,2.0,2.6,1.4,0.0,5,1.0,1.6,2.4,0.0,5,2.2,2.8,1.3,0.1,10,0.6,1.2,2.1,0.0,10,2.4,3.0,1.0,0.2,5,0.4,1.4,2.4,0.0,5
2023-05-24,2022-23,Brighton and Hove Albion,Manchester City,1,1,D,1592.7,1839.3,-246.6,6,1,-5,36,36,1,4,0,5,1.8,1.8,2.0,0.4,5,3.0,2.2,0.4,0.6,5,1.8,2.1,1.6,0.4,10,3.0,2.7,0.6,0.4,10,2.0,2.8,1.8,0.4,5,3.0,2.8,0.6,0.4,5
2023-05-25,2022-23,Manchester United,Chelsea,4,1,H,1665.0,1559.8,105.3,4,12,8,36,36,0,0,5,5,1.8,0.8,0.4,0.6,5,0.8,1.2,1.8,0.0,5,1.9,1.1,0.6,0.6,10,0.6,0.9,1.6,0.1,10,2.6,1.2,0.0,1.0,5,1.2,1.4,1.4,0.0,5
2023-05-28,2022-23,Arsenal,Wolverhampton Wanderers,5,0,H,1701.1,1503.5,197.5,2,13,11,37,37,3,2,0,5,1.2,1.2,1.8,0.2,5,1.4,0.8,1.8,0.4,5,1.5,2.1,1.8,0.1,10,1.4,1.1,1.6,0.4,10,2.0,2.8,1.8,0.0,5,0.2,0.6,2.6,0.0,5
2023-05-28,2022-23,Aston Villa,Brighton and Hove Albion,2,1,H,1584.7,1596.7,-12.0,7,6,-1,37,37,3,1,1,5,1.4,0.8,0.8,0.2,5,1.4,1.8,2.2,0.2,5,2.0,1.4,0.6,0.4,10,1.6,2.0,1.7,0.3,10,3.0,2.2,0.2,0.8,5,1.2,1.6,2.0,0.2,5
2023-05-28,2022-23,Brentford,Manchester City,1,0,H,1574.0,1835.3,-261.3,9,1,-8,37,37,1,2,0,3,2.4,1.8,0.6,0.4,5,2.6,2.0,0.4,0.6,5,1.4,1.4,1.2,0.2,10,2.8,2.7,0.7,0.3,10,1.6,1.4,1.0,0.2,5,2.6,2.2,0.6,0.4,5
2023-05-28,2022-23,Chelsea,Newcastle United,1,1,D,1555.1,1642.4,-87.3,12,4,-8,37,37,4,1,0,5,0.8,1.4,2.2,0.0,5,1.6,1.8,1.2,0.2,5,0.5,0.8,1.8,0.1,10,2.0,2.6,1.3,0.1,10,0.4,0.6,1.6,0.2,5,2.0,2.6,1.6,0.0,5
2023-05-28,2022-23,Crystal Palace,Nottingham Forest,1,1,D,1527.4,1484.1,43.4,11,16,5,37,37,0,1,0,1,1.4,1.6,1.6,0.2,5,2.0,2.2,1.6,0.2,5,1.7,1.8,1.4,0.3,10,1.1,1.5,1.8,0.1,10,2.0,1.6,1.0,0.4,5,0.2,1.2,2.2,0.0,5
2023-05-28,2022-23,Everton,Bournemouth,1,0,H,1474.2,1448.7,25.5,17,15,-2,37,37,1,3,1,5,1.0,1.8,2.2,0.0,5,1.2,1.2,1.4,0.2,5,0.8,1.3,1.9,0.1,10,1.5,1.2,1.6,0.2,10,0.8,0.8,2.2,0.2,5,1.8,1.0,1.4,0.4,5
2023-05-28,2022-23,Leeds United,Tottenham,1,4,A,1447.7,1599.7,-152.0,19,9,-10,37,37,1,4,0,5,0.4,1.2,2.4,0.0,5,0.8,1.6,2.2,0.2,5,0.5,1.2,3.0,0.0,10,0.9,1.7,2.5,0.1,10,1.0,1.4,3.0,0.0,5,0.4,1.8,3.2,0.0,5
2023-05-28,2022-23,Leicester City,West Ham United,2,1,H,1474.7,1521.0,-46.3,18,14,-4,37,37,1,3,1,5,0.6,1.2,2.2,0.2,5,1.2,1.4,2.0,0.2,5,0.6,1.1,2.0,0.1,10,1.3,1.6,1.9,0.3,10,0.8,1.0,1.8,0.0,5,1.2,1.6,1.8,0.4,5
2023-05-28,2022-23,Manchester United,Fulham,2,1,H,1669.7,1489.8,179.9,3,10,7,37,37,4,0,1,5,1.8,1.4,0.6,0.4,5,1.4,2.0,1.6,0.2,5,2.2,1.5,0.5,0.6,10,1.3,1.6,1.4,0.1,10,3.0,2.0,0.2,0.8,5,1.2,1.2,1.0,0.2,5
2023-05-28,2022-23,Southampton,Liverpool,4,4,D,1391.0,1734.8,-343.8,20,5,-15,37,37,1,4,0,5,0.0,1.0,2.6,0.0,5,2.6,2.0,0.8,0.6,5,0.2,1.2,2.6,0.0,10,2.4,2.3,1.0,0.4,10,0.2,0.8,2.4,0.0,5,2.0,2.4,1.2,0.4,5
2023-08-11,2023-24,Burnley,Manchester City,0,3,A,1464.7,1821.0,-356.3,1,1,0,0,0,0,5,0,5,0.8,1.0,1.6,0.0,5,2.0,1.4,0.6,0.4,5,1.4,1.2,1.3,0.2,10,2.5,2.3,0.7,0.3,10,1.8,1.6,1.4,0.4,5,2.0,2.0,0.8,0.2,5
2023-08-12,2023-24,Newcastle United,Aston Villa,5,1,H,1642.7,1592.2,50.5,3,3,0,0,0,2,2,1,5,1.2,1.4,1.2,0.2,5,1.4,1.0,1.0,0.0,5,1.8,2.2,1.3,0.1,10,2.0,1.4,0.7,0.3,10,2.0,2.6,1.0,0.2,5,1.0,0.8,1.0,0.0,5
2023-08-12,2023-24,Everton,Fulham,0,1,A,1480.8,1486.5,-5.7,5,5,0,0,0,1,3,1,5,1.6,1.8,1.4,0.2,5,1.4,2.0,1.6,0.2,5,1.0,1.2,1.7,0.2,10,1.3,1.6,1.4,0.1,10,0.8,0.8,2.2,0.2,5,1.2,1.2,1.0,0.2,5
2023-08-12,2023-24,Sheffield United,Crystal Palace,0,1,A,1415.0,1523.5,-108.5,7,7,0,0,0,2,2,0,4,1.2,0.4,1.4,0.4,5,1.6,1.8,1.4,0.2,5,0.9,0.4,1.8,0.3,10,1.8,1.8,1.1,0.3,10,1.2,0.4,1.4,0.4,5,1.4,1.8,1.2,0.2,5
2023-08-12,2023-24,Bournemouth,West Ham United,1,1,D,1442.2,1512.5,-70.4,9,9,0,0,0,1,3,1,5,0.6,1.0,1.6,0.0,5,1.2,1.0,1.6,0.2,5,1.2,1.0,1.6,0.2,10,1.3,1.6,1.6,0.3,10,0.6,1.0,2.2,0.0,5,0.6,1.6,2.2,0.2,5
2023-08-12,2023-24,Arsenal,Nottingham Forest,2,1,H,1704.1,1488.0,216.1,11,11,0,0,0,1,1,0,2,1.8,2.0,1.0,0.4,5,1.6,1.8,1.6,0.2,5,1.5,2.2,1.7,0.2,10,1.1,1.5,1.8,0.1,10,2.0,3.0,1.6,0.2,5,0.4,1.2,2.0,0.0,5
2023-08-12,2023-24,Brighton and Hove Albion,Luton,4,1,H,1589.2,1500.0,89.2,13,13,0,0,0,0,0,0,0,1.4,1.8,1.6,0.2,5,0.0,0.0,0.0,0.0,0,1.6,2.0,1.7,0.3,10,0.0,0.0,0.0,0.0,0,2.0,2.4,1.4,0.4,5,0.0,0.0,0.0,0.0,0
2023-08-13,2023-24,Brentford,Tottenham,2,2,D,1588.3,1608.2,-19.9,15,15,0,0,0,1,1,2,4,2.4,1.6,0.6,0.4,5,1.2,2.0,2.0,0.2,5,1.6,1.2,0.9,0.3,10,1.1,1.8,2.3,0.1,10,2.0,1.4,0.8,0.4,5,0.8,2.0,2.8,0.0,5
2023-08-13,2023-24,Chelsea,Liverpool,1,1,D,1554.7,1728.7,-174.0,17,17,0,0,0,1,0,4,5,1.0,1.4,1.8,0.0,5,2.2,2.0,1.0,0.6,5,0.6,0.9,1.7,0.1,10,2.4,2.7,1.4,0.3,10,0.6,0.8,1.4,0.2,5,2.2,3.0,1.2,0.4,5
2023-08-14,2023-24,Manchester United,Wolverhampton Wanderers,1,0,H,1673.1,1500.5,172.6,19,19,0,0,0,4,1,0,5,2.4,1.8,0.6,0.4,5,0.8,0.4,2.8,0.2,5,2.2,1.6,0.6,0.5,10,1.4,0.9,1.7,0.4,10,3.0,2.2,0.4,0.6,5,0.2,0.4,3.2,0.0,5
2023-08-18,2023-24,Nottingham Forest,Sheffield United,2,1,H,1485.2,1405.2,80.0,14,16,2,1,1,0,0,0,0,1.6,1.8,1.6,0.2,5,1.2,0.4,0.8,0.4,5,1.1,1.5,1.8,0.1,10,0.9,0.4,1.4,0.3,10,2.0,1.8,1.4,0.2,5,0.6,0.4,1.6,0.2,5
2023-08-19,2023-24,Fulham,Brentford,0,3,A,1499.1,1586.1,-87.0,5,9,4,1,1,1,1,0,2,2.0,2.2,1.4,0.4,5,2.0,1.6,0.8,0.4,5,1.6,1.7,1.3,0.2,10,1.7,1.4,1.0,0.3,10,1.4,2.0,1.8,0.0,5,1.2,1.0,1.0,0.2,5
2023-08-19,2023-24,Liverpool,Bournemouth,3,1,H,1726.6,1441.3,285.3,14,11,-3,1,1,4,1,0,5,1.8,2.0,1.2,0.4,5,0.2,0.4,1.6,0.0,5,2.4,2.6,1.3,0.3,10,1.3,1.1,1.5,0.2,10,2.6,2.0,1.2,0.4,5,1.8,1.0,1.0,0.4,5
2023-08-19,2023-24,Wolverhampton Wanderers,Brighton and Hove Albion,1,4,A,1497.0,1594.2,-97.2,16,4,-12,1,1,2,3,0,5,0.8,0.4,1.8,0.2,5,1.4,2.0,1.8,0.0,5,1.3,0.8,1.7,0.4,10,1.6,2.2,1.7,0.3,10,2.6,1.4,0.2,0.8,5,1.2,1.6,2.0,0.2,5
2023-08-19,2023-24,Tottenham,Manchester United,2,0,H,1610.5,1676.5,-66.0,11,8,-3,1,1,0,4,1,5,1.4,1.8,1.6,0.2,5,3.0,2.0,0.4,0.6,5,1.1,1.9,2.4,0.1,10,2.2,1.5,0.6,0.5,10,1.4,1.6,1.8,0.2,5,1.4,1.0,0.8,0.4,5
2023-08-19,2023-24,Manchester City,Newcastle United,1,0,H,1824.7,1648.6,176.1,6,5,-1,1,1,4,0,1,5,2.0,1.6,0.4,0.6,5,1.8,2.4,1.0,0.2,5,2.5,2.2,0.6,0.4,10,1.8,2.5,1.3,0.1,10,3.0,2.6,0.6,0.4,5,1.6,1.8,1.6,0.0,5
2023-08-20,2023-24,Aston Villa,Everton,4,0,H,1586.3,1468.1,118.2,19,15,-4,1,1,4,0,1,5,1.4,1.2,1.8,0.0,5,1.4,1.4,1.2,0.2,5,1.7,1.3,1.1,0.3,10,0.9,1.1,1.7,0.2,10,3.0,2.0,0.4,0.6,5,1.2,1.6,1.2,0.2,5
2023-08-20,2023-24,West Ham United,Chelsea,3,1,H,1513.4,1556.8,-43.4,13,14,1,1,1,1,3,1,5,1.4,1.2,1.2,0.2,5,0.6,1.0,1.8,0.0,5,1.1,1.6,1.7,0.2,10,0.6,1.0,1.8,0.0,10,1.4,1.6,2.0,0.2,5,0.6,1.0,2.0,0.0,5
2023-08-21,2023-24,Crystal Palace,Arsenal,0,1,A,1533.3,1706.9,-173.6,9,8,-1,1,1,1,3,1,5,1.6,1.2,0.8,0.4,5,1.8,1.8,1.0,0.4,5,1.8,1.7,1.0,0.4,10,1.5,2.0,1.7,0.2,10,2.2,1.8,1.0,0.4,5,1.0,1.4,1.8,0.2,5
2023-08-25,2023-24,Chelsea,Luton,3,0,H,1548.4,1495.0,53.5,15,17,2,2,1,0,0,0,0,0.4,0.8,2.0,0.0,5,0.0,1.0,4.0,0.0,1,0.6,1.1,2.0,0.0,10,0.0,1.0,4.0,0.0,1,0.6,1.0,1.6,0.0,5,0.0,1.0,4.0,0.0,1
2023-08-26,2023-24,Bournemouth,Tottenham,0,2,A,1439.3,1619.5,-180.2,15,6,-9,2,2,2,2,1,5,0.2,0.4,1.6,0.0,5,1.4,2.0,1.6,0.2,5,1.0,1.1,1.8,0.1,10,1.1,1.9,2.3,0.2,10,0.8,1.2,2.0,0.0,5,0.8,2.2,3.0,0.0,5
2023-08-26,2023-24,Arsenal,Fulham,2,2,D,1714.8,1488.7,226.1,4,14,10,2,2,4,0,1,5,1.8,1.6,1.0,0.4,5,1.4,1.2,1.4,0.4,5,1.7,1.9,1.5,0.3,10,1.3,1.4,1.5,0.2,10,2.0,2.6,1.6,0.2,5,1.2,0.8,0.8,0.4,5
2023-08-26,2023-24,Brentford,Crystal Palace,1,1,D,1596.4,1525.4,71.1,5,13,8,2,2,0,0,4,4,2.6,2.2,0.6,0.6,5,1.6,1.2,0.8,0.4,5,2.0,1.6,0.8,0.4,10,1.5,1.2,1.0,0.4,10,2.2,1.6,0.8,0.4,5,1.4,1.0,1.0,0.4,5
2023-08-26,2023-24,Everton,Wolverhampton Wanderers,0,1,A,1463.7,1486.9,-23.2,19,18,-1,2,2,1,3,1,5,0.8,0.4,1.8,0.2,5,0.2,0.4,2.6,0.0,5,0.9,1.1,1.9,0.2,10,1.0,0.8,2.1,0.3,10,0.6,0.6,2.2,0.2,5,0.0,0.2,3.2,0.0,5
2023-08-26,2023-24,Manchester United,Nottingham Forest,3,2,H,1667.5,1490.4,177.0,14,13,-1,2,2,2,0,0,2,2.4,1.6,0.8,0.4,5,1.6,1.4,1.2,0.2,5,1.9,1.3,0.8,0.4,10,1.4,1.7,1.7,0.1,10,3.0,2.0,0.4,0.6,5,0.4,1.4,2.0,0.0,5
2023-08-26,2023-24,Brighton and Hove Albion,West Ham United,1,3,A,1604.3,1521.8,82.5,3,7,4,2,2,3,0,2,5,2.0,2.6,1.2,0.0,5,1.4,1.6,1.4,0.0,5,1.9,2.5,1.5,0.3,10,1.3,1.7,1.6,0.2,10,2.0,2.0,1.6,0.2,5,0.2,1.0,2.4,0.0,5
2023-08-27,2023-24,Burnley,Aston Villa,1,3,A,1461.0,1590.7,-129.8,18,13,-5,1,2,1,2,2,5,0.2,0.6,2.0,0.0,5,2.0,2.0,1.6,0.2,5,1.1,0.9,1.4,0.2,10,1.7,1.5,1.1,0.3,10,1.2,1.0,1.6,0.4,5,0.4,0.6,1.8,0.0,5
2023-08-27,2023-24,Sheffield United,Manchester City,1,2,A,1400.0,1828.1,-428.1,17,5,-12,2,2,0,4,0,4,1.2,0.6,0.8,0.4,5,2.0,1.2,0.4,0.6,5,0.9,0.4,1.4,0.3,10,2.5,2.0,0.5,0.5,10,1.2,0.4,1.2,0.4,5,2.0,1.8,0.6,0.4,5
2023-08-27,2023-24,Newcastle United,Liverpool,1,2,A,1645.3,1728.6,-83.4,13,9,-4,2,2,0,4,1,5,1.6,2.0,0.8,0.2,5,1.8,2.4,1.4,0.2,5,1.8,2.5,1.1,0.1,10,2.4,2.3,1.3,0.3,10,2.0,2.4,1.0,0.2,5,2.2,3.2,1.4,0.2,5
2023-09-01,2023-24,Luton,West Ham United,1,2,A,1489.1,1536.6,-47.5,19,2,-17,2,3,0,0,0,0,0.0,0.5,3.5,0.0,2,2.0,2.2,1.2,0.0,5,0.0,0.5,3.5,0.0,2,1.3,1.6,1.7,0.1,10,0.0,0.0,0.0,0.0,0,0.8,1.0,1.8,0.0,5
2023-09-02,2023-24,Brighton and Hove Albion,Newcastle United,3,1,H,1589.5,1634.8,-45.3,6,13,7,3,3,1,2,2,5,1.4,2.2,1.6,0.0,5,1.0,1.4,1.0,0.2,5,1.6,2.0,1.8,0.2,10,1.5,2.0,1.2,0.1,10,1.4,2.0,2.2,0.0,5,1.0,1.4,1.6,0.0,5
2023-09-02,2023-24,Manchester City,Fulham,5,1,H,1830.7,1496.1,334.7,3,12,9,3,3,5,0,0,5,2.0,1.4,0.6,0.4,5,1.0,1.2,1.8,0.2,5,2.5,1.8,0.5,0.5,10,1.1,1.4,1.6,0.2,10,3.0,2.2,0.4,0.6,5,1.4,1.2,1.0,0.4,5
2023-09-02,2023-24,Chelsea,Nottingham Forest,0,1,A,1554.3,1487.1,67.2,10,14,4,3,3,0,0,2,2,1.0,1.4,1.8,0.2,5,1.4,1.4,1.4,0.2,5,0.9,1.3,1.8,0.1,10,1.4,1.9,1.8,0.1,10,1.2,1.4,1.2,0.2,5,0.4,1.4,2.0,0.0,5
2023-09-02,2023-24,Burnley,Tottenham,2,5,A,1451.8,1627.3,-175.4,18,4,-14,2,3,1,3,1,5,0.2,0.6,2.0,0.0,5,2.0,2.2,1.2,0.4,5,1.1,1.0,1.5,0.2,10,1.4,1.9,2.0,0.3,10,0.6,0.8,2.2,0.2,5,1.4,2.4,1.8,0.2,5
2023-09-02,2023-24,Sheffield United,Everton,2,2,D,1397.4,1451.5,-54.2,17,18,1,3,3,2,2,0,4,0.6,0.6,1.2,0.2,5,0.8,0.4,1.4,0.2,5,0.9,0.5,1.3,0.3,10,0.9,1.0,1.7,0.2,10,1.2,0.6,1.0,0.4,5,1.2,1.6,1.6,0.2,5
2023-09-02,2023-24,Brentford,Bournemouth,2,2,D,1591.9,1431.6,160.3,10,17,7,3,3,1,0,1,2,2.2,2.0,0.8,0.4,5,0.2,0.4,1.6,0.0,5,2.1,1.7,0.7,0.4,10,0.7,0.8,1.8,0.1,10,2.2,1.6,0.8,0.4,5,1.2,1.0,1.6,0.2,5
2023-09-03,2023-24,Crystal Palace,Wolverhampton Wanderers,3,2,H,1529.9,1499.1,30.8,12,15,3,3,3,4,1,0,5,1.2,1.0,1.0,0.2,5,0.8,0.6,2.2,0.2,5,1.3,1.1,1.1,0.3,10,1.0,0.7,2.1,0.3,10,1.6,1.4,1.0,0.4,5,0.6,0.2,2.8,0.2,5
2023-09-03,2023-24,Liverpool,Aston Villa,3,0,H,1739.1,1599.9,139.2,5,9,4,3,3,4,0,1,5,1.8,2.2,1.6,0.0,5,2.0,2.2,1.6,0.2,5,2.4,2.2,1.2,0.3,10,1.7,1.5,1.2,0.2,10,2.6,2.0,1.0,0.4,5,0.8,1.0,1.8,0.0,5
2023-09-03,2023-24,Arsenal,Manchester United,3,1,H,1707.5,1670.8,36.6,6,10,4,3,3,2,2,1,5,2.0,2.0,0.8,0.4,5,2.4,2.0,1.2,0.2,5,1.7,1.9,1.5,0.3,10,2.1,1.4,0.8,0.4,10,2.0,2.4,1.4,0.2,5,0.8,0.6,1.2,0.2,5
2023-09-16,2023-24,Wolverhampton Wanderers,Liverpool,1,3,A,1492.7,1743.1,-250.4,15,3,-12,4,4,1,4,0,5,0.6,0.8,2.6,0.2,5,2.2,2.6,1.4,0.2,5,1.0,0.8,2.2,0.3,10,2.4,2.3,1.1,0.4,10,2.0,1.4,1.0,0.6,5,2.2,2.4,1.4,0.2,5
2023-09-16,2023-24,Aston Villa,Crystal Palace,3,1,H,1595.9,1536.3,59.5,10,7,-3,4,4,2,2,1,5,1.8,2.0,2.0,0.2,5,1.6,1.2,1.0,0.2,5,1.6,1.4,1.4,0.2,10,1.5,1.4,1.3,0.2,10,3.0,2.4,0.4,0.6,5,1.0,0.8,1.2,0.2,5
2023-09-16,2023-24,Fulham,Luton,1,0,H,1494.6,1477.6,16.9,13,19,6,4,3,0,0,0,0,0.8,1.0,2.4,0.2,5,0.0,0.6666666666666666,3.0,0.0,3,1.1,1.5,2.0,0.2,10,0.0,0.6666666666666666,3.0,0.0,3,1.4,2.0,2.2,0.0,5,0.0,0.5,3.5,0.0,2
2023-09-16,2023-24,Manchester United,Brighton and Hove Albion,1,3,A,1664.6,1597.9,66.7,12,6,-6,4,4,2,3,0,5,1.8,1.4,1.6,0.2,5,1.8,2.6,1.6,0.0,5,1.8,1.4,1.1,0.3,10,1.6,2.2,1.9,0.1,10,3.0,2.4,0.8,0.4,5,1.2,2.0,2.0,0.2,5
2023-09-16,2023-24,Tottenham,Sheffield United,2,1,H,1635.1,1396.0,239.1,4,17,13,4,4,2,1,1,4,2.6,3.0,1.0,0.4,5,0.8,1.0,1.4,0.2,5,1.7,2.3,1.6,0.3,10,1.0,0.7,1.4,0.3,10,1.4,1.6,1.6,0.4,5,0.6,0.4,1.6,0.2,5
2023-09-16,2023-24,West Ham United,Manchester City,1,3,A,1548.1,1832.3,-284.2,5,3,-2,4,4,0,4,1,5,2.0,2.0,1.2,0.0,5,2.4,2.2,0.6,0.4,5,1.6,1.7,1.6,0.1,10,2.5,2.1,0.5,0.5,10,2.0,2.0,1.2,0.2,5,2.0,1.8,0.6,0.4,5
2023-09-16,2023-24,Newcastle United,Brentford,1,0,H,1626.3,1585.5,40.8,14,10,-4,4,4,3,0,1,4,0.8,1.6,1.6,0.0,5,1.8,1.8,1.0,0.4,5,1.2,1.7,1.4,0.1,10,2.1,1.8,0.8,0.4,10,1.4,2.0,1.2,0.2,5,1.8,1.6,0.8,0.4,5
2023-09-17,2023-24,Everton,Arsenal,0,1,A,1452.8,1713.7,-260.9,18,5,-13,4,4,3,2,0,5,0.8,0.6,1.6,0.2,5,2.6,2.6,0.8,0.4,5,0.9,1.2,1.9,0.1,10,1.9,1.9,1.3,0.3,10,0.6,0.4,1.8,0.2,5,1.4,1.2,1.4,0.4,5
2023-09-17,2023-24,Bournemouth,Chelsea,0,0,D,1438.0,1539.8,-101.9,16,14,-2,4,4,2,2,1,5,0.4,0.8,1.8,0.0,5,1.0,1.2,1.2,0.2,5,0.8,1.0,1.6,0.1,10,0.9,1.3,1.7,0.1,10,0.8,1.2,1.6,0.0,5,0.6,1.2,2.4,0.0,5
2023-09-18,2023-24,Nottingham Forest,Burnley,1,1,D,1501.5,1444.0,57.6,12,19,7,4,3,0,0,0,0,1.4,1.4,1.4,0.2,5,0.2,1.0,2.8,0.0,5,1.7,1.8,1.5,0.2,10,1.0,1.1,1.9,0.2,10,2.4,2.0,1.4,0.2,5,1.0,0.8,1.2,0.0,5
2023-09-23,2023-24,Crystal Palace,Fulham,0,0,D,1530.6,1501.3,29.3,9,10,1,5,5,2,1,2,5,1.4,1.2,1.4,0.2,5,1.4,1.0,2.0,0.4,5,1.5,1.5,1.4,0.2,10,1.4,1.5,1.8,0.3,10,2.0,2.0,1.4,0.2,5,1.4,1.4,1.8,0.4,5
2023-09-23,2023-24,Luton,Wolverhampton Wanderers,1,1,D,1470.9,1486.8,-15.9,20,16,-4,4,5,0,0,0,0,0.0,0.5,2.5,0.0,4,0.6,1.0,2.2,0.2,5,0.0,0.5,2.5,0.0,4,0.7,0.7,2.5,0.2,10,0.0,1.0,2.0,0.0,1,0.6,0.6,2.2,0.2,5
2023-09-23,2023-24,Manchester City,Nottingham Forest,2,0,H,1837.4,1497.3,340.1,1,10,9,5,5,1,0,1,2,3.0,2.8,0.6,0.4,5,1.4,1.4,1.4,0.2,5,2.5,2.1,0.6,0.4,10,1.5,1.6,1.5,0.2,10,3.0,2.4,0.4,0.6,5,1.0,1.4,1.6,0.2,5
2023-09-23,2023-24,Brentford,Everton,1,3,A,1579.4,1447.2,132.2,11,18,7,5,5,2,1,1,4,1.2,1.6,1.2,0.2,5,0.2,0.4,1.8,0.0,5,1.8,1.6,0.9,0.3,10,0.9,1.1,1.6,0.1,10,1.8,1.6,1.0,0.4,5,1.2,2.0,2.0,0.0,5
2023-09-23,2023-24,Burnley,Manchester United,0,1,A,1448.2,1650.1,-201.9,19,13,-6,4,5,1,3,1,5,0.2,1.0,2.8,0.0,5,1.2,1.2,2.0,0.2,5,0.8,1.0,2.0,0.1,10,1.8,1.5,1.3,0.3,10,0.0,1.0,3.2,0.0,5,0.6,0.4,1.4,0.2,5
2023-09-24,2023-24,Arsenal,Tottenham,2,2,D,1719.4,1637.6,81.8,4,2,-2,5,5,4,1,0,5,2.6,1.8,0.8,0.4,5,2.6,2.6,1.0,0.4,5,2.2,1.9,0.9,0.4,10,1.9,2.3,1.5,0.3,10,2.0,2.4,1.4,0.2,5,2.0,2.8,1.4,0.2,5
2023-09-24,2023-24,Brighton and Hove Albion,Bournemouth,3,1,H,1612.4,1438.0,174.4,5,17,12,5,5,3,2,0,5,2.4,3.0,1.4,0.0,5,0.6,0.8,1.6,0.2,5,1.9,2.4,1.5,0.1,10,0.6,0.9,1.6,0.1,10,2.0,2.4,1.4,0.0,5,0.8,0.8,1.6,0.2,5
2023-09-24,2023-24,Chelsea,Aston Villa,0,1,A,1539.8,1601.6,-61.8,14,7,-7,5,5,3,2,0,5,1.0,1.0,1.0,0.4,5,1.8,2.2,2.0,0.2,5,1.0,1.2,1.4,0.2,10,1.6,1.6,1.5,0.1,10,1.2,1.4,1.0,0.2,5,0.8,1.0,2.2,0.0,5
2023-09-24,2023-24,Liverpool,West Ham United,3,1,H,1749.0,1542.9,206.1,5,7,2,5,5,4,1,0,5,2.6,2.4,0.8,0.2,5,2.0,2.0,1.4,0.0,5,2.4,2.2,0.9,0.4,10,1.6,1.5,1.5,0.1,10,2.6,1.8,0.4,0.6,5,1.4,1.4,1.4,0.0,5
2023-09-24,2023-24,Sheffield United,Newcastle United,0,8,A,1393.6,1632.5,-238.9,18,12,-6,5,5,1,3,0,4,0.2,1.0,1.8,0.0,5,1.2,1.6,1.4,0.2,5,0.7,0.7,1.6,0.2,10,1.2,1.5,1.3,0.2,10,0.8,0.8,1.4,0.2,5,1.0,1.6,1.6,0.0,5
2023-09-30,2023-24,West Ham United,Sheffield United,2,0,H,1540.0,1387.4,152.7,7,20,13,6,6,2,1,1,4,1.8,2.0,1.8,0.0,5,0.2,1.0,3.2,0.0,5,1.6,1.6,1.5,0.1,10,0.7,0.7,2.0,0.2,10,1.8,1.8,1.4,0.2,5,0.6,0.6,1.8,0.2,5
2023-09-30,2023-24,Wolverhampton Wanderers,Manchester City,2,1,H,1489.2,1838.9,-349.7,16,1,-15,6,6,0,5,0,5,0.8,1.2,2.2,0.2,5,3.0,2.6,0.6,0.4,5,0.8,0.8,2.0,0.2,10,2.5,2.1,0.5,0.5,10,1.4,1.2,1.6,0.4,5,2.0,1.8,0.8,0.2,5
2023-09-30,2023-24,Newcastle United,Burnley,2,0,H,1638.7,1441.1,197.6,8,19,11,6,5,4,0,1,5,1.2,2.2,1.2,0.4,5,0.2,0.8,2.6,0.0,5,1.5,2.3,1.1,0.3,10,0.5,0.9,2.1,0.0,10,2.0,2.2,0.8,0.4,5,1.2,1.0,1.0,0.0,5
2023-09-30,2023-24,Tottenham,Liverpool,2,1,H,1642.4,1752.0,-109.6,4,2,-2,6,6,0,3,2,5,2.6,2.6,1.0,0.4,5,3.0,2.8,0.8,0.2,5,2.0,2.2,1.3,0.3,10,2.4,2.4,1.0,0.3,10,2.0,1.6,1.2,0.4,5,2.2,2.6,1.4,0.2,5
2023-09-30,2023-24,Everton,Luton,1,2,A,1463.0,1468.5,-5.5,16,18,2,6,5,0,0,0,0,0.8,1.0,1.8,0.0,5,0.2,0.6,2.2,0.0,5,1.1,1.2,1.5,0.1,10,0.2,0.6,2.2,0.0,5,0.6,0.2,1.2,0.2,5,0.0,0.3333333333333333,2.6666666666666665,0.0,3
2023-09-30,2023-24,Aston Villa,Brighton and Hove Albion,6,1,H,1612.7,1615.8,-3.1,8,4,-4,6,6,4,0,1,5,2.4,2.2,1.0,0.4,5,2.4,2.8,1.4,0.0,5,1.9,1.7,1.4,0.2,10,1.9,2.4,1.6,0.0,10,3.0,2.4,0.6,0.4,5,1.8,2.4,1.6,0.2,5
2023-09-30,2023-24,Manchester United,Crystal Palace,0,1,A,1657.3,1527.1,130.2,9,10,1,6,6,2,1,2,5,1.2,1.2,2.0,0.2,5,1.0,1.0,1.4,0.2,5,2.1,1.6,1.2,0.4,10,1.3,1.1,1.1,0.3,10,2.4,2.2,1.4,0.2,5,1.0,1.0,1.4,0.2,5
2023-09-30,2023-24,Bournemouth,Arsenal,0,4,A,1434.6,1714.6,-280.0,18,6,-12,6,6,0,4,1,5,0.4,0.8,2.0,0.2,5,2.2,1.8,1.0,0.4,5,0.3,0.6,1.8,0.1,10,2.0,1.8,1.0,0.4,10,0.4,0.4,1.4,0.2,5,1.8,1.0,1.0,0.6,5
2023-10-01,2023-24,Nottingham Forest,Brentford,1,1,D,1495.8,1563.5,-67.7,12,14,2,6,6,0,1,1,2,1.4,1.2,1.4,0.2,5,1.0,1.4,1.4,0.2,5,1.5,1.5,1.5,0.2,10,1.5,1.5,1.1,0.3,10,2.6,2.2,1.2,0.2,5,1.8,1.6,0.6,0.4,5
2023-10-02,2023-24,Fulham,Chelsea,0,2,A,1504.9,1528.7,-23.8,12,15,3,6,6,1,3,1,5,1.0,0.8,2.0,0.4,5,0.8,0.8,1.0,0.4,5,1.5,1.5,1.7,0.4,10,0.7,0.9,1.4,0.2,10,1.4,1.8,2.0,0.2,5,0.8,1.0,1.8,0.2,5
2023-10-03,2023-24,Luton,Burnley,1,2,A,1481.1,1438.0,43.1,17,19,2,6,6,0,0,0,0,0.8,0.8,1.6,0.0,5,0.2,0.8,2.4,0.0,5,0.6666666666666666,0.8333333333333334,2.0,0.0,6,0.2,0.7,2.2,0.0,10,0.5,1.0,1.5,0.0,2,1.0,0.8,1.2,0.0,5
2023-10-07,2023-24,Luton,Tottenham,0,1,A,1467.2,1652.7,-185.4,17,2,-15,7,7,0,0,0,0,0.8,1.0,1.4,0.0,5,2.6,2.6,1.2,0.2,5,0.5714285714285714,0.8571428571428571,2.0,0.0,7,2.0,2.3,1.4,0.2,10,0.3333333333333333,1.0,1.6666666666666667,0.0,3,2.2,3.0,1.4,0.2,5
2023-10-07,2023-24,Burnley,Chelsea,1,4,A,1451.9,1540.8,-88.9,18,11,-7,7,7,0,4,1,5,0.8,1.0,2.0,0.0,5,1.4,1.0,0.4,0.6,5,0.5,0.8,2.0,0.0,10,0.9,0.9,1.2,0.3,10,0.0,0.8,2.8,0.0,5,0.8,0.8,1.6,0.4,5
2023-10-07,2023-24,Everton,Bournemouth,3,0,H,1450.3,1429.4,21.0,16,19,3,7,7,2,3,0,5,0.8,1.2,1.4,0.0,5,0.4,0.6,2.2,0.2,5,0.8,0.8,1.6,0.1,10,0.3,0.5,1.9,0.1,10,0.6,0.4,1.0,0.2,5,0.2,0.8,2.2,0.0,5
2023-10-07,2023-24,Fulham,Sheffield United,3,1,H,1492.7,1383.6,109.1,13,20,7,7,7,1,0,1,2,1.0,0.8,1.8,0.4,5,0.2,0.8,3.2,0.0,5,1.2,1.0,1.6,0.4,10,0.7,0.7,2.0,0.2,10,1.4,1.6,2.0,0.2,5,0.6,0.6,1.4,0.2,5
2023-10-07,2023-24,Manchester United,Brentford,2,1,H,1641.5,1564.5,77.0,12,14,2,7,7,3,1,0,4,1.2,1.2,1.8,0.2,5,0.6,1.0,1.6,0.0,5,1.8,1.4,1.3,0.3,10,1.6,1.6,1.1,0.3,10,1.8,1.4,1.4,0.2,5,1.4,1.4,0.8,0.2,5
2023-10-07,2023-24,Crystal Palace,Nottingham Forest,0,0,D,1542.9,1494.9,48.0,11,13,2,7,7,0,1,1,2,1.6,1.2,1.2,0.4,5,1.0,1.0,1.4,0.2,5,1.6,1.2,1.0,0.4,10,1.3,1.2,1.3,0.2,10,1.6,1.2,0.8,0.4,5,0.8,1.0,1.6,0.2,5
2023-10-08,2023-24,Arsenal,Manchester City,1,0,H,1719.8,1822.7,-102.9,3,2,-1,7,7,0,5,0,5,2.2,2.4,1.0,0.4,5,2.4,2.6,1.0,0.2,5,2.0,2.0,1.0,0.4,10,2.2,1.9,0.7,0.4,10,2.2,2.8,1.2,0.2,5,1.8,1.8,1.0,0.2,5
2023-10-08,2023-24,Wolverhampton Wanderers,Aston Villa,1,1,D,1505.3,1619.9,-114.6,16,5,-11,7,7,3,0,2,5,1.4,1.4,1.6,0.2,5,2.4,2.6,1.2,0.2,5,0.8,0.9,2.1,0.1,10,2.2,2.3,1.4,0.2,10,1.4,1.2,1.8,0.2,5,1.4,1.2,2.0,0.2,5
2023-10-08,2023-24,Brighton and Hove Albion,Liverpool,2,2,D,1608.5,1741.7,-133.2,6,4,-2,7,7,2,1,2,5,1.8,2.2,2.4,0.0,5,2.4,2.4,1.0,0.2,5,1.9,2.4,1.8,0.0,10,2.1,2.4,1.2,0.2,10,2.0,2.4,1.4,0.0,5,1.6,2.2,1.8,0.0,5
2023-10-08,2023-24,West Ham United,Newcastle United,2,2,D,1543.8,1641.8,-98.0,7,8,1,7,7,1,2,2,5,1.8,1.8,1.6,0.2,5,1.8,2.6,1.0,0.6,5,1.6,1.7,1.5,0.1,10,1.7,2.3,0.9,0.4,10,2.4,2.0,1.0,0.4,5,1.0,2.4,1.4,0.2,5
2023-10-21,2023-24,Liverpool,Everton,2,0,H,1740.7,1457.0,283.8,4,16,12,8,8,3,1,1,5,2.0,2.4,1.2,0.2,5,1.4,1.8,1.2,0.2,5,1.9,2.3,1.4,0.1,10,1.1,1.1,1.3,0.2,10,2.6,2.2,0.6,0.4,5,1.6,2.2,1.8,0.0,5
2023-10-21,2023-24,Bournemouth,Wolverhampton Wanderers,1,2,A,1422.7,1505.7,-83.0,19,14,-5,8,8,1,2,2,5,0.4,0.6,2.4,0.2,5,1.0,1.4,1.8,0.0,5,0.3,0.5,2.0,0.1,10,0.9,1.0,2.0,0.1,10,0.4,0.2,1.6,0.2,5,0.8,0.8,2.0,0.2,5
2023-10-21,2023-24,Brentford,Burnley,3,0,H,1559.2,1441.6,117.6,15,18,3,8,8,1,1,0,2,0.4,1.0,1.8,0.0,5,0.8,0.8,1.8,0.0,5,1.3,1.5,1.3,0.2,10,0.5,0.9,2.3,0.0,10,1.2,1.4,1.6,0.2,5,1.0,0.8,1.2,0.0,5
2023-10-21,2023-24,Manchester City,Brighton and Hove Albion,2,1,H,1812.6,1609.5,203.2,4,6,2,8,8,3,1,1,5,1.8,2.2,1.0,0.2,5,2.0,2.4,2.2,0.0,5,1.9,1.8,0.8,0.3,10,1.7,2.3,1.9,0.0,10,3.0,2.2,0.4,0.6,5,1.2,2.0,2.8,0.0,5
2023-10-21,2023-24,Newcastle United,Crystal Palace,4,0,H,1641.8,1538.8,103.0,8,9,1,8,8,1,1,3,5,2.0,2.8,1.0,0.6,5,1.6,1.0,1.0,0.6,5,1.5,2.1,1.0,0.4,10,1.4,1.0,1.0,0.4,10,2.0,1.8,0.6,0.6,5,1.6,1.2,1.2,0.4,5
2023-10-21,2023-24,Nottingham Forest,Luton,2,2,D,1498.9,1459.6,39.3,15,17,2,8,8,0,0,0,0,1.2,0.6,0.8,0.4,5,0.8,0.8,1.2,0.0,5,1.3,1.0,1.1,0.3,10,0.5,0.75,1.875,0.0,8,2.2,1.8,1.2,0.2,5,0.75,0.75,2.25,0.0,4
2023-10-21,2023-24,Chelsea,Arsenal,2,2,D,1551.1,1729.9,-178.8,11,4,-7,8,8,1,4,0,5,1.4,1.2,0.6,0.4,5,2.6,2.2,0.6,0.6,5,1.2,1.3,1.2,0.3,10,2.3,2.1,0.7,0.5,10,1.0,1.0,0.8,0.2,5,2.4,1.6,0.2,0.8,5
2023-10-21,2023-24,Sheffield United,Manchester United,1,2,A,1379.0,1646.8,-267.8,20,10,-10,8,8,1,2,1,4,0.2,0.8,3.4,0.0,5,1.2,1.0,1.6,0.2,5,0.4,0.7,2.3,0.1,10,1.8,1.5,1.4,0.2,10,0.8,0.8,2.6,0.2,5,1.2,0.6,1.2,0.4,5
2023-10-22,2023-24,Aston Villa,West Ham United,4,1,H,1619.5,1543.7,75.8,6,9,3,8,8,0,4,1,5,2.0,2.2,1.2,0.2,5,1.4,1.6,1.8,0.2,5,2.0,2.2,1.4,0.2,10,1.7,1.9,1.5,0.1,10,3.0,3.4,0.8,0.2,5,1.4,1.6,1.6,0.0,5
2023-10-23,2023-24,Tottenham,Fulham,2,0,H,1660.3,1497.3,162.9,4,13,9,8,8,4,0,1,5,2.6,2.4,1.2,0.2,5,1.4,1.0,1.6,0.4,5,2.3,2.3,1.2,0.3,10,1.2,1.1,1.7,0.3,10,2.4,1.6,1.0,0.4,5,1.0,1.0,1.8,0.4,5
2023-10-27,2023-24,Crystal Palace,Tottenham,1,2,A,1534.1,1663.9,-129.8,11,1,-10,9,9,1,4,0,5,1.0,0.4,1.4,0.6,5,2.6,1.8,0.8,0.4,5,1.3,0.8,1.2,0.4,10,2.6,2.4,0.9,0.4,10,1.2,0.8,0.8,0.4,5,2.2,2.4,1.2,0.4,5
2023-10-28,2023-24,Wolverhampton Wanderers,Newcastle United,2,2,D,1516.2,1646.6,-130.3,12,6,-6,9,9,1,2,2,5,1.6,1.4,1.4,0.0,5,2.6,3.4,0.4,0.8,5,1.1,1.1,2.0,0.1,10,1.7,2.5,1.0,0.4,10,1.0,1.2,2.0,0.0,5,1.0,2.4,1.4,0.2,5
2023-10-28,2023-24,Bournemouth,Burnley,2,1,H,1412.2,1437.1,-24.9,19,18,-1,9,9,1,4,0,5,0.2,0.4,2.4,0.2,5,0.6,0.6,2.2,0.0,5,0.3,0.6,2.1,0.1,10,0.4,0.8,2.5,0.0,10,0.4,0.4,1.8,0.2,5,1.0,0.8,1.6,0.0,5
2023-10-28,2023-24,Arsenal,Sheffield United,5,0,H,1727.7,1373.4,354.3,3,20,17,9,9,2,1,1,4,2.2,2.0,0.8,0.6,5,0.0,0.6,3.4,0.0,5,2.4,2.3,0.8,0.5,10,0.4,0.8,2.4,0.1,10,2.2,2.0,1.2,0.2,5,0.0,0.6,2.0,0.0,5
2023-10-28,2023-24,Chelsea,Brentford,0,2,A,1553.4,1563.6,-10.2,10,14,4,9,9,1,2,1,4,1.6,1.6,0.8,0.4,5,0.8,1.2,1.4,0.2,5,1.3,1.4,1.0,0.3,10,1.3,1.5,1.2,0.3,10,1.0,1.2,1.0,0.2,5,1.4,1.6,1.0,0.2,5
2023-10-29,2023-24,West Ham United,Everton,0,1,A,1538.4,1455.0,83.4,9,16,7,9,9,3,2,0,5,0.8,1.4,2.4,0.2,5,1.2,1.4,1.2,0.2,5,1.4,1.7,1.8,0.1,10,1.0,1.0,1.4,0.2,10,2.0,2.2,1.4,0.2,5,1.0,1.2,2.0,0.0,5
2023-10-29,2023-24,Aston Villa,Luton,3,1,H,1624.9,1463.5,161.4,5,18,13,9,9,0,0,0,0,2.6,3.0,0.8,0.2,5,1.0,1.2,1.4,0.0,5,2.2,2.5,1.4,0.2,10,0.5555555555555556,0.8888888888888888,1.8888888888888888,0.0,9,3.0,3.8,0.8,0.2,5,0.8,1.0,2.2,0.0,5
2023-10-29,2023-24,Brighton and Hove Albion,Fulham,1,1,D,1606.5,1493.7,112.8,7,14,7,9,9,0,3,2,5,1.4,2.0,2.4,0.0,5,1.4,0.8,1.0,0.4,5,1.6,2.3,2.0,0.0,10,1.1,0.9,1.7,0.3,10,2.0,2.6,1.6,0.0,5,1.0,0.8,1.8,0.4,5
2023-10-29,2023-24,Liverpool,Nottingham Forest,3,0,H,1742.7,1495.1,247.6,5,15,10,9,9,1,1,0,2,2.0,2.2,1.2,0.2,5,0.8,0.8,1.2,0.2,5,2.1,2.4,1.3,0.2,10,1.1,1.1,1.3,0.2,10,2.6,2.4,0.6,0.4,5,0.8,0.8,1.4,0.4,5
2023-10-29,2023-24,Manchester United,Manchester City,0,3,A,1652.3,1815.6,-163.3,8,5,-3,9,9,2,3,0,5,1.8,1.2,1.2,0.2,5,1.8,1.6,1.0,0.2,5,1.8,1.3,1.4,0.2,10,2.1,1.9,0.8,0.3,10,1.8,1.4,1.4,0.2,5,1.8,1.8,1.0,0.2,5
2023-11-04,2023-24,Fulham,Manchester United,0,1,A,1499.2,1644.1,-144.9,14,8,-6,10,10,0,4,1,5,1.0,0.8,1.2,0.2,5,1.8,1.0,1.2,0.2,5,1.2,0.9,1.6,0.3,10,1.5,1.1,1.6,0.2,10,1.4,1.2,1.6,0.2,5,1.8,1.0,1.2,0.4,5
2023-11-04,2023-24,Brentford,West Ham United,3,2,H,1576.1,1523.6,52.6,10,9,-1,10,10,4,0,0,4,1.4,1.6,1.2,0.4,5,0.8,1.2,2.0,0.2,5,1.3,1.6,1.2,0.3,10,1.4,1.6,1.7,0.1,10,1.2,1.8,1.6,0.2,5,1.4,1.6,2.0,0.0,5
2023-11-04,2023-24,Burnley,Crystal Palace,0,2,A,1429.3,1525.0,-95.7,19,13,-6,10,10,3,0,2,5,0.6,0.8,2.4,0.0,5,1.0,0.4,1.2,0.6,5,0.4,0.8,2.5,0.0,10,1.2,0.8,1.3,0.4,10,0.0,0.8,3.2,0.0,5,1.4,0.8,1.6,0.4,5
2023-11-04,2023-24,Everton,Brighton and Hove Albion,1,1,D,1469.8,1601.0,-131.2,15,8,-7,10,10,2,2,1,5,1.8,1.6,1.0,0.4,5,1.0,1.6,2.4,0.0,5,1.0,1.0,1.4,0.2,10,1.7,2.3,1.9,0.0,10,0.6,0.8,1.0,0.2,5,1.2,2.0,2.4,0.0,5
2023-11-04,2023-24,Manchester City,Bournemouth,6,1,H,1823.8,1420.1,403.7,3,17,14,10,10,5,0,0,5,1.8,1.6,0.8,0.4,5,0.6,0.8,2.6,0.0,5,2.4,2.2,0.7,0.4,10,0.6,0.8,2.1,0.1,10,3.0,2.2,0.4,0.6,5,0.2,0.8,2.4,0.0,5
2023-11-04,2023-24,Sheffield United,Wolverhampton Wanderers,2,1,H,1372.1,1517.1,-145.0,20,13,-7,10,10,1,2,1,4,0.0,0.4,4.0,0.0,5,1.8,1.6,1.2,0.0,5,0.1,0.7,2.9,0.0,10,1.2,1.3,1.7,0.1,10,0.2,0.8,3.0,0.0,5,1.4,1.2,1.2,0.2,5
2023-11-04,2023-24,Newcastle United,Arsenal,1,0,H,1645.7,1729.1,-83.4,8,3,-5,10,10,1,3,1,5,2.2,3.6,0.8,0.6,5,2.2,2.8,0.8,0.6,5,1.7,2.6,1.1,0.4,10,2.4,2.3,0.8,0.5,10,2.4,2.6,0.6,0.6,5,2.0,1.6,0.6,0.6,5
2023-11-05,2023-24,Luton,Liverpool,1,1,D,1459.8,1745.1,-285.3,18,4,-14,10,10,0,0,0,0,0.8,1.2,1.8,0.0,5,2.0,2.2,1.0,0.4,5,0.5,0.9,2.0,0.0,10,2.3,2.3,0.9,0.3,10,0.25,0.75,1.5,0.0,4,1.6,1.8,1.4,0.0,5
2023-11-05,2023-24,Nottingham Forest,Aston Villa,2,0,H,1492.7,1628.5,-135.8,16,5,-11,10,10,0,1,1,2,0.6,0.6,1.6,0.2,5,2.6,3.0,0.8,0.2,5,1.0,1.0,1.5,0.2,10,2.2,2.6,1.4,0.2,10,1.8,1.4,1.0,0.2,5,1.4,1.2,2.0,0.2,5
2023-11-06,2023-24,Tottenham,Chelsea,1,4,A,1673.0,1540.8,132.2,2,13,11,10,10,1,3,1,5,2.6,1.8,0.8,0.4,5,1.4,1.6,1.2,0.2,5,2.6,2.2,0.9,0.4,10,1.2,1.3,1.1,0.3,10,2.4,1.8,1.0,0.4,5,1.4,1.6,1.6,0.4,5
2023-11-11,2023-24,Wolverhampton Wanderers,Tottenham,2,1,H,1505.8,1657.2,-151.4,14,2,-12,11,11,2,3,0,5,1.6,1.6,1.4,0.0,5,2.4,1.6,1.2,0.4,5,1.2,1.4,1.8,0.1,10,2.5,2.1,1.1,0.4,10,1.0,1.4,2.2,0.0,5,2.6,2.4,1.0,0.4,5
2023-11-11,2023-24,Arsenal,Burnley,3,1,H,1719.5,1419.1,300.4,4,19,15,11,11,1,1,3,5,2.0,2.4,0.6,0.6,5,0.6,0.8,2.4,0.0,5,2.1,2.1,0.8,0.5,10,0.4,0.8,2.4,0.0,10,2.2,2.6,1.0,0.4,5,0.8,0.8,1.8,0.0,5
2023-11-11,2023-24,Crystal Palace,Everton,2,3,A,1535.1,1470.7,64.3,11,16,5,11,11,1,2,2,5,1.4,0.8,1.2,0.6,5,1.4,1.2,1.0,0.4,5,1.2,0.9,1.3,0.4,10,1.1,1.1,1.4,0.2,10,1.0,0.8,1.0,0.4,5,1.4,1.2,1.8,0.2,5
2023-11-11,2023-24,Manchester United,Luton,1,0,H,1652.8,1464.7,188.1,8,17,9,11,11,0,0,0,0,1.8,1.0,1.2,0.2,5,0.4,1.0,1.8,0.0,5,1.5,1.1,1.6,0.2,10,0.6,0.9,1.7,0.0,10,1.2,1.2,2.0,0.0,5,0.8,1.0,2.0,0.0,5
2023-11-11,2023-24,Bournemouth,Newcastle United,2,0,H,1419.0,1655.2,-236.2,18,7,-11,11,11,0,2,3,5,0.6,0.8,3.2,0.0,5,2.2,2.2,0.8,0.6,5,0.5,0.8,2.6,0.1,10,1.7,2.2,1.0,0.5,10,0.8,0.6,1.8,0.2,5,1.0,2.6,1.6,0.2,5
2023-11-12,2023-24,Aston Villa,Fulham,3,1,H,1617.5,1490.5,127.0,5,16,11,11,11,3,1,0,4,2.0,2.8,1.2,0.0,5,0.8,0.8,1.4,0.0,5,2.2,2.5,1.1,0.2,10,0.9,0.8,1.7,0.2,10,3.0,4.0,0.8,0.2,5,0.6,0.8,2.0,0.2,5
2023-11-12,2023-24,Brighton and Hove Albion,Sheffield United,1,1,D,1600.1,1383.4,216.8,8,20,12,11,11,0,2,2,4,0.6,1.2,2.4,0.0,5,0.6,0.8,2.6,0.0,5,1.5,2.0,1.9,0.0,10,0.4,0.9,2.9,0.0,10,1.6,2.0,1.6,0.0,5,0.0,0.6,2.8,0.0,5
2023-11-12,2023-24,Liverpool,Brentford,3,0,H,1740.2,1582.0,158.2,5,9,4,11,11,2,1,1,4,1.6,1.8,1.0,0.4,5,2.0,2.0,1.0,0.4,5,2.3,2.3,0.9,0.3,10,1.5,1.7,1.2,0.3,10,3.0,2.8,0.4,0.6,5,1.4,1.4,0.8,0.4,5
2023-11-12,2023-24,West Ham United,Nottingham Forest,3,2,H,1517.7,1503.7,14.0,13,15,2,11,11,1,1,0,2,0.8,1.4,2.0,0.2,5,1.2,1.0,1.2,0.4,5,1.3,1.7,1.9,0.1,10,1.3,1.1,1.3,0.3,10,1.4,1.6,1.4,0.2,5,0.8,0.6,1.6,0.4,5
2023-11-12,2023-24,Chelsea,Manchester City,4,4,D,1556.7,1824.8,-268.2,11,1,-10,11,11,1,4,0,5,2.0,2.4,1.2,0.2,5,1.8,2.4,1.0,0.2,5,1.4,1.6,1.1,0.3,10,2.4,2.5,0.8,0.3,10,0.8,1.0,1.2,0.2,5,1.8,1.8,1.0,0.2,5
2023-11-25,2023-24,Nottingham Forest,Brighton and Hove Albion,2,3,A,1496.9,1592.9,-96.0,15,8,-7,12,12,1,0,1,2,1.0,1.2,1.6,0.4,5,0.8,1.2,1.4,0.0,5,1.0,1.1,1.5,0.3,10,1.3,1.7,1.9,0.0,10,1.8,1.6,1.0,0.2,5,1.4,2.0,2.2,0.0,5
2023-11-25,2023-24,Sheffield United,Bournemouth,1,3,A,1390.6,1432.8,-42.2,19,17,-2,12,12,1,0,1,2,0.8,1.0,2.4,0.0,5,1.2,1.2,2.4,0.2,5,0.5,0.9,2.8,0.0,10,0.8,0.9,2.3,0.2,10,0.8,1.2,3.0,0.0,5,0.2,1.0,3.4,0.0,5
2023-11-25,2023-24,Brentford,Arsenal,0,1,A,1578.3,1721.4,-143.0,11,3,-8,12,12,1,2,1,4,1.8,1.8,1.4,0.4,5,2.0,2.2,0.8,0.4,5,1.2,1.4,1.5,0.2,10,2.1,2.3,0.9,0.4,10,1.6,2.0,1.6,0.2,5,2.0,1.6,0.6,0.6,5
2023-11-25,2023-24,Luton,Crystal Palace,2,1,H,1461.5,1520.7,-59.2,18,13,-5,12,12,0,0,0,0,0.4,0.8,1.6,0.0,5,0.8,1.0,1.8,0.4,5,0.6,0.9,1.5,0.0,10,1.2,1.1,1.5,0.4,10,0.4,0.8,1.4,0.0,5,1.4,1.0,1.6,0.4,5
2023-11-25,2023-24,Burnley,West Ham United,1,2,A,1417.3,1524.5,-107.2,20,9,-11,12,12,1,2,2,5,0.0,0.6,2.8,0.0,5,0.8,1.6,2.4,0.0,5,0.4,0.8,2.4,0.0,10,1.3,1.7,2.0,0.1,10,0.0,0.8,3.0,0.0,5,1.2,1.8,2.4,0.0,5
2023-11-25,2023-24,Newcastle United,Chelsea,4,1,H,1641.5,1561.2,80.3,8,10,2,12,12,1,3,1,5,1.6,1.8,1.2,0.4,5,1.6,2.8,2.0,0.0,5,1.7,2.2,1.1,0.5,10,1.5,1.9,1.2,0.3,10,2.4,1.8,0.4,0.8,5,2.0,2.2,1.0,0.4,5
2023-11-25,2023-24,Manchester City,Liverpool,1,1,D,1820.3,1743.9,76.4,2,3,1,12,12,2,1,2,5,2.0,3.0,1.4,0.2,5,2.2,2.2,0.6,0.6,5,2.2,2.8,1.2,0.2,10,2.3,2.3,0.8,0.4,10,3.0,3.2,0.6,0.4,5,1.6,1.8,1.4,0.0,5
2023-11-26,2023-24,Tottenham,Aston Villa,1,2,A,1645.7,1621.7,24.0,4,5,1,12,12,2,3,0,5,1.8,1.4,1.4,0.4,5,2.0,2.2,1.2,0.0,5,2.2,2.0,1.3,0.3,10,2.2,2.4,1.2,0.1,10,2.4,1.8,1.2,0.4,5,1.4,1.0,1.4,0.2,5
2023-11-26,2023-24,Everton,Manchester United,0,3,A,1485.1,1656.0,-170.9,14,8,-6,12,12,1,2,2,5,2.0,1.6,1.0,0.4,5,2.4,1.2,1.0,0.4,5,1.4,1.4,1.2,0.2,10,1.8,1.2,1.4,0.3,10,0.8,1.0,1.0,0.2,5,1.8,1.0,1.2,0.4,5
2023-11-27,2023-24,Fulham,Wolverhampton Wanderers,3,2,H,1486.2,1517.3,-31.1,16,12,-4,12,12,0,3,2,5,0.8,1.0,1.6,0.0,5,1.6,1.6,1.4,0.0,5,0.9,0.9,1.7,0.2,10,1.5,1.5,1.5,0.1,10,1.2,0.8,1.4,0.2,5,1.4,1.4,1.4,0.2,5
2023-12-02,2023-24,Arsenal,Wolverhampton Wanderers,2,1,H,1730.1,1509.2,220.9,1,12,11,13,13,4,1,0,5,2.0,2.2,0.8,0.4,5,1.4,1.8,1.8,0.0,5,2.3,2.2,0.7,0.5,10,1.2,1.6,1.8,0.0,10,2.6,2.8,0.8,0.4,5,0.8,1.6,2.0,0.0,5
2023-12-02,2023-24,Brentford,Luton,3,1,H,1569.5,1470.3,99.2,11,18,7,13,13,0,0,0,0,1.8,1.6,1.2,0.4,5,1.0,1.2,1.6,0.0,5,1.1,1.3,1.5,0.2,10,0.9,1.0,1.4,0.0,10,1.4,1.8,1.6,0.2,5,0.8,1.0,1.6,0.0,5
2023-12-02,2023-24,Burnley,Sheffield United,5,0,H,1407.5,1378.9,28.6,20,19,-1,13,13,1,2,1,4,0.0,0.6,2.4,0.0,5,0.8,1.0,2.4,0.0,5,0.4,0.7,2.1,0.0,10,0.5,0.9,2.9,0.0,10,0.0,0.8,2.8,0.0,5,0.2,0.6,2.6,0.0,5
2023-12-02,2023-24,Nottingham Forest,Everton,0,1,A,1486.8,1477.2,9.6,16,15,-1,13,13,0,0,2,2,0.8,1.6,2.2,0.2,5,1.4,1.0,1.6,0.2,5,1.0,1.1,1.5,0.3,10,1.4,1.4,1.4,0.2,10,1.2,1.6,1.4,0.2,5,2.0,1.8,1.4,0.2,5
2023-12-02,2023-24,Newcastle United,Manchester United,1,0,H,1646.7,1664.0,-17.3,7,6,-1,13,13,1,2,2,5,2.0,2.2,1.0,0.4,5,2.4,1.4,0.8,0.6,5,2.0,2.5,1.0,0.5,10,1.8,1.2,1.2,0.4,10,3.0,2.4,0.2,0.8,5,2.4,1.6,0.8,0.6,5
2023-12-03,2023-24,West Ham United,Crystal Palace,1,1,D,1534.3,1511.8,22.5,9,13,4,13,13,2,2,1,5,1.2,1.6,2.2,0.0,5,0.6,1.2,2.2,0.2,5,1.3,1.6,2.0,0.1,10,1.1,1.1,1.6,0.4,10,1.4,1.6,1.6,0.2,5,1.2,1.0,1.8,0.4,5
2023-12-03,2023-24,Manchester City,Tottenham,3,3,D,1815.7,1632.3,183.4,2,6,4,13,13,2,3,0,5,2.2,3.2,1.4,0.2,5,1.2,1.4,1.8,0.2,5,2.0,2.7,1.2,0.2,10,1.9,1.9,1.5,0.2,10,2.6,3.2,0.8,0.2,5,2.0,2.2,1.4,0.2,5
2023-12-03,2023-24,Liverpool,Fulham,4,3,H,1748.6,1494.2,254.4,3,15,12,13,13,2,1,2,5,2.2,2.0,0.4,0.6,5,0.8,1.0,1.8,0.0,5,2.1,2.2,0.8,0.4,10,1.1,1.0,1.7,0.2,10,3.0,2.8,0.2,0.8,5,0.4,0.6,2.2,0.2,5
2023-12-03,2023-24,Chelsea,Brighton and Hove Albion,3,2,H,1555.9,1603.0,-47.1,12,8,-4,13,13,0,2,3,5,1.0,2.2,2.6,0.0,5,1.2,1.4,1.4,0.0,5,1.2,1.7,1.6,0.2,10,1.6,1.9,1.8,0.0,10,0.4,1.2,2.0,0.0,5,1.4,1.8,2.4,0.0,5
2023-12-03,2023-24,Bournemouth,Aston Villa,2,2,D,1444.4,1635.1,-190.7,17,4,-13,13,13,3,1,0,4,1.8,1.8,2.0,0.2,5,2.4,2.4,1.2,0.0,5,1.1,1.2,2.2,0.2,10,2.2,2.3,1.2,0.1,10,1.4,1.0,1.4,0.4,5,1.4,0.8,1.4,0.2,5
2023-12-05,2023-24,Wolverhampton Wanderers,Burnley,1,0,H,1506.5,1414.0,92.5,14,19,5,14,14,0,3,2,5,0.8,1.6,2.0,0.0,5,0.6,1.6,1.8,0.2,5,1.2,1.5,1.7,0.0,10,0.6,1.1,2.0,0.1,10,1.6,1.6,1.6,0.0,5,0.6,0.8,2.2,0.0,5
2023-12-05,2023-24,Luton,Arsenal,3,4,A,1465.5,1732.8,-267.3,18,1,-17,14,14,0,0,0,0,0.8,1.0,1.8,0.0,5,2.4,2.2,0.6,0.4,5,0.9,1.1,1.6,0.0,10,2.3,2.1,0.7,0.5,10,1.0,1.0,1.2,0.0,5,2.0,1.6,0.6,0.6,5
2023-12-06,2023-24,Brighton and Hove Albion,Brentford,2,1,H,1594.5,1574.4,20.2,8,11,3,14,14,2,1,1,4,1.2,1.6,1.6,0.0,5,1.8,1.6,1.4,0.2,5,1.3,1.8,2.0,0.0,10,1.3,1.4,1.4,0.2,10,1.8,2.0,1.2,0.0,5,0.8,0.8,1.4,0.2,5
2023-12-06,2023-24,Crystal Palace,Bournemouth,0,2,A,1515.2,1447.0,68.3,14,17,3,14,14,5,0,0,5,0.8,1.4,1.6,0.2,5,2.0,2.0,2.0,0.2,5,0.9,0.9,1.5,0.4,10,1.1,1.2,2.2,0.2,10,1.0,1.2,1.4,0.4,5,0.8,1.4,3.0,0.0,5
2023-12-06,2023-24,Fulham,Nottingham Forest,5,0,H,1491.9,1473.7,18.2,16,17,1,14,14,2,0,0,2,0.8,1.6,2.2,0.0,5,0.6,1.2,2.0,0.2,5,1.1,1.2,1.6,0.2,10,0.7,1.0,1.6,0.2,10,1.8,1.4,1.2,0.2,5,0.8,0.6,1.6,0.4,5
2023-12-06,2023-24,Sheffield United,Liverpool,0,2,A,1372.5,1750.9,-378.4,20,2,-18,14,14,0,4,0,4,0.8,0.8,3.0,0.0,5,2.2,2.4,1.0,0.4,5,0.4,0.7,3.2,0.0,10,2.1,2.3,1.1,0.3,10,0.8,1.2,3.2,0.0,5,1.2,1.6,1.4,0.0,5
2023-12-06,2023-24,Aston Villa,Manchester City,1,0,H,1632.6,1808.9,-176.3,4,3,-1,14,14,0,4,1,5,2.0,2.0,1.4,0.0,5,1.8,3.4,1.8,0.2,5,2.3,2.5,1.1,0.1,10,1.8,2.5,1.4,0.2,10,3.0,3.8,1.0,0.0,5,1.4,2.2,1.6,0.2,5
2023-12-06,2023-24,Manchester United,Chelsea,2,1,H,1656.3,1564.4,91.9,8,10,2,14,14,1,0,4,5,1.8,1.0,0.8,0.6,5,1.4,2.4,2.6,0.0,5,1.8,1.1,1.0,0.4,10,1.5,2.0,1.7,0.2,10,1.2,0.8,1.6,0.2,5,2.0,2.2,1.2,0.4,5
2023-12-07,2023-24,Everton,Newcastle United,3,0,H,1490.2,1654.4,-164.2,14,7,-7,14,14,1,4,0,5,2.0,1.2,1.2,0.4,5,2.0,1.6,1.0,0.4,5,1.6,1.3,1.2,0.3,10,2.3,2.5,0.7,0.6,10,0.8,1.0,1.4,0.2,5,1.0,2.6,1.8,0.2,5
2023-12-07,2023-24,Tottenham,West Ham United,1,2,A,1639.0,1530.9,108.1,5,9,4,14,14,2,2,1,5,0.8,1.6,2.4,0.0,5,1.4,1.6,1.6,0.0,5,1.7,1.7,1.6,0.2,10,1.1,1.5,2.0,0.1,10,1.8,1.6,1.6,0.2,5,1.2,1.6,2.4,0.0,5
2023-12-09,2023-24,Wolverhampton Wanderers,Nottingham Forest,1,1,D,1511.5,1467.0,44.5,14,17,3,15,15,1,0,1,2,1.2,1.4,1.6,0.2,5,0.6,1.2,2.4,0.2,5,1.5,1.5,1.4,0.1,10,0.6,0.9,2.0,0.2,10,2.2,1.6,1.0,0.2,5,0.2,0.4,2.6,0.2,5
2023-12-09,2023-24,Aston Villa,Arsenal,1,0,H,1644.8,1738.4,-93.6,3,1,-2,15,15,1,4,0,5,2.0,1.6,1.2,0.2,5,2.4,2.0,1.2,0.2,5,2.3,2.3,1.0,0.2,10,2.3,2.4,1.0,0.4,10,3.0,3.4,0.8,0.2,5,2.0,2.2,1.2,0.4,5
2023-12-09,2023-24,Sheffield United,Brentford,1,0,H,1369.1,1567.7,-198.6,20,12,-8,15,15,0,0,0,0,0.8,0.8,2.4,0.0,5,1.2,1.4,1.8,0.0,5,0.4,0.6,3.2,0.0,10,1.3,1.5,1.5,0.2,10,0.6,0.8,3.2,0.0,5,0.8,1.0,1.6,0.2,5
2023-12-09,2023-24,Brighton and Hove Albion,Burnley,1,1,D,1601.2,1409.0,192.2,8,20,12,15,15,2,1,2,5,1.6,1.8,1.6,0.0,5,0.6,1.4,1.6,0.2,5,1.3,1.7,2.0,0.0,10,0.6,1.1,2.0,0.1,10,1.8,1.8,1.2,0.0,5,0.6,0.8,2.0,0.0,5
2023-12-09,2023-24,Crystal Palace,Liverpool,1,2,A,1500.7,1754.3,-253.5,15,3,-12,15,15,0,3,2,5,0.8,1.2,1.6,0.2,5,2.2,2.2,1.0,0.4,5,0.9,0.8,1.4,0.4,10,2.1,2.2,1.0,0.4,10,0.4,0.6,1.4,0.4,5,1.2,1.4,1.2,0.2,5
2023-12-09,2023-24,Manchester United,Bournemouth,0,3,A,1661.3,1461.5,199.8,6,16,10,15,15,4,1,0,5,2.4,1.4,0.4,0.6,5,2.0,2.0,1.8,0.4,5,2.1,1.2,0.8,0.4,10,1.3,1.4,2.2,0.2,10,1.8,1.0,1.2,0.2,5,1.2,1.4,2.6,0.2,5
2023-12-10,2023-24,Everton,Chelsea,2,0,H,1502.0,1559.5,-57.4,10,11,1,15,15,1,2,2,5,2.0,1.6,1.2,0.4,5,1.4,2.6,2.6,0.0,5,1.9,1.6,1.1,0.4,10,1.4,2.1,1.9,0.1,10,1.4,1.6,1.2,0.4,5,1.8,2.4,1.6,0.2,5
2023-12-10,2023-24,Fulham,West Ham United,5,0,H,1498.7,1546.3,-47.6,15,9,-6,15,15,0,4,1,5,1.2,2.4,2.0,0.2,5,2.0,2.0,1.6,0.0,5,1.1,1.6,1.6,0.2,10,1.4,1.6,1.8,0.1,10,1.8,2.2,1.2,0.2,5,1.2,1.6,2.4,0.0,5
2023-12-10,2023-24,Luton,Manchester City,1,2,A,1460.0,1796.8,-336.8,18,4,-14,15,15,0,0,0,0,0.8,1.4,2.0,0.0,5,1.2,2.8,2.0,0.0,5,0.8,1.3,1.9,0.0,10,1.5,2.2,1.4,0.2,10,0.8,1.4,1.8,0.0,5,0.8,1.6,1.6,0.2,5
2023-12-10,2023-24,Tottenham,Newcastle United,4,1,H,1623.7,1642.5,-18.9,5,7,2,15,15,2,2,1,5,0.2,1.4,2.6,0.0,5,1.8,1.2,1.2,0.4,5,1.4,1.6,1.7,0.2,10,2.0,2.4,1.0,0.5,10,1.2,1.4,1.8,0.2,5,1.0,2.4,1.8,0.2,5
2023-12-15,2023-24,Nottingham Forest,Tottenham,0,2,A,1470.9,1631.4,-160.4,17,5,-12,16,16,0,2,0,2,0.2,1.0,2.6,0.0,5,0.8,2.0,2.0,0.0,5,0.7,1.0,1.9,0.2,10,1.6,1.8,1.6,0.2,10,1.0,1.4,1.4,0.2,5,1.6,1.8,1.6,0.2,5
2023-12-16,2023-24,Chelsea,Sheffield United,2,0,H,1550.7,1381.9,168.8,13,20,7,16,16,2,1,1,4,0.8,1.8,2.8,0.0,5,0.8,0.6,2.2,0.2,5,1.4,2.1,2.0,0.1,10,0.7,0.7,2.4,0.1,10,1.0,1.8,2.2,0.0,5,0.2,0.4,3.2,0.0,5
2023-12-16,2023-24,Manchester City,Crystal Palace,2,2,D,1800.8,1494.9,306.0,4,16,12,16,16,3,1,1,5,1.2,2.0,2.0,0.0,5,0.2,1.0,2.0,0.0,5,1.5,2.2,1.5,0.1,10,0.8,0.9,1.6,0.3,10,2.2,2.8,1.2,0.2,5,1.4,1.0,1.4,0.4,5
2023-12-16,2023-24,Newcastle United,Fulham,3,0,H,1634.8,1507.2,127.7,7,12,5,16,16,4,0,1,5,1.2,1.2,2.0,0.2,5,1.8,3.4,1.8,0.4,5,1.7,1.7,1.4,0.4,10,1.3,2.1,1.6,0.2,10,3.0,2.4,0.2,0.8,5,0.4,1.0,2.0,0.2,5
2023-12-16,2023-24,Burnley,Everton,0,2,A,1415.9,1510.8,-94.9,19,10,-9,16,16,2,2,1,5,0.8,1.6,1.4,0.2,5,2.4,1.8,1.0,0.6,5,0.7,1.2,1.9,0.1,10,1.9,1.5,1.0,0.5,10,0.6,1.4,1.8,0.2,5,2.4,1.6,1.0,0.4,5
2023-12-17,2023-24,Liverpool,Manchester United,0,0,D,1760.1,1644.3,115.8,1,7,6,16,16,4,1,0,5,2.6,2.4,1.0,0.4,5,1.8,1.2,1.0,0.4,5,2.1,2.1,1.0,0.4,10,1.8,1.1,1.1,0.3,10,3.0,3.0,0.8,0.6,5,2.4,1.4,0.4,0.6,5
2023-12-17,2023-24,West Ham United,Wolverhampton Wanderers,3,0,H,1537.8,1507.5,30.3,10,14,4,16,16,3,2,0,5,2.0,1.6,2.0,0.0,5,1.4,1.4,1.4,0.2,5,1.4,1.5,2.0,0.1,10,1.5,1.5,1.4,0.1,10,1.6,1.6,1.2,0.2,5,0.8,1.4,1.8,0.0,5
2023-12-17,2023-24,Arsenal,Brighton and Hove Albion,2,0,H,1728.6,1594.4,134.2,2,9,7,16,16,2,2,1,5,2.4,2.0,1.2,0.2,5,1.6,1.8,1.6,0.0,5,2.2,2.2,0.9,0.4,10,1.1,1.5,2.0,0.0,10,2.6,2.6,0.8,0.4,5,0.8,1.6,2.8,0.0,5
2023-12-17,2023-24,Brentford,Aston Villa,1,2,A,1554.9,1654.6,-99.6,13,3,-10,16,16,1,1,2,4,0.6,0.8,1.6,0.0,5,2.6,1.8,0.8,0.4,5,1.3,1.4,1.3,0.2,10,2.3,2.3,1.0,0.2,10,1.8,2.0,1.4,0.2,5,1.6,1.2,1.2,0.2,5
2023-12-21,2023-24,Crystal Palace,Brighton and Hove Albion,1,1,D,1503.1,1590.2,-87.1,16,9,-7,17,17,1,1,3,5,0.4,1.0,1.8,0.0,5,1.4,1.6,1.8,0.0,5,0.6,1.0,1.8,0.2,10,1.1,1.4,1.6,0.0,10,0.2,0.8,1.8,0.2,5,0.8,1.4,2.0,0.0,5
2023-12-22,2023-24,Aston Villa,Sheffield United,1,1,D,1664.6,1378.4,286.2,3,20,17,17,17,1,2,1,4,2.6,1.6,0.8,0.4,5,0.6,0.4,2.4,0.2,5,2.3,1.9,1.0,0.2,10,0.7,0.7,2.4,0.1,10,3.0,2.4,0.6,0.4,5,0.2,0.4,3.2,0.0,5
2023-12-23,2023-24,West Ham United,Manchester United,2,0,H,1544.2,1649.9,-105.6,9,7,-2,17,17,1,4,0,5,2.0,1.6,1.6,0.2,5,1.4,1.0,1.0,0.4,5,1.4,1.6,2.0,0.1,10,1.9,1.1,1.0,0.4,10,1.6,1.8,1.2,0.2,5,2.0,1.2,0.4,0.6,5
2023-12-23,2023-24,Fulham,Burnley,0,2,A,1502.9,1405.7,97.2,12,20,8,17,17,1,2,1,4,1.8,3.2,1.8,0.4,5,0.8,1.4,1.2,0.2,5,1.3,2.1,1.7,0.2,10,0.4,1.0,2.0,0.1,10,2.4,3.2,0.8,0.4,5,0.2,0.6,2.0,0.0,5
2023-12-23,2023-24,Luton,Newcastle United,1,0,H,1455.9,1639.1,-183.2,19,7,-12,16,17,0,0,0,0,0.6,1.4,2.2,0.0,5,1.8,1.8,1.6,0.4,5,0.5,1.2,2.0,0.0,10,1.7,1.8,1.4,0.4,10,0.8,1.4,1.8,0.0,5,0.4,1.0,2.6,0.0,5
2023-12-23,2023-24,Nottingham Forest,Bournemouth,2,3,A,1462.7,1478.4,-15.8,17,15,-2,17,16,0,1,1,2,0.2,0.6,2.4,0.0,5,2.6,2.4,0.6,0.6,5,0.6,0.9,2.0,0.2,10,1.6,1.6,1.9,0.3,10,0.8,1.2,1.6,0.2,5,1.8,1.8,2.0,0.4,5
2023-12-23,2023-24,Tottenham,Everton,2,1,H,1639.6,1521.0,118.7,5,10,5,17,17,2,0,3,5,1.4,2.2,1.6,0.2,5,2.4,1.6,0.6,0.8,5,1.6,1.8,1.5,0.3,10,2.2,1.6,0.8,0.6,10,1.2,1.8,1.8,0.2,5,2.4,1.4,0.8,0.6,5
2023-12-23,2023-24,Liverpool,Arsenal,1,1,D,1754.6,1732.7,21.9,3,1,-2,17,17,3,1,1,5,2.2,1.8,1.0,0.4,5,2.4,1.8,1.0,0.4,5,2.2,2.0,0.8,0.5,10,2.2,2.0,0.9,0.4,10,2.6,2.4,0.6,0.8,5,1.4,1.4,1.4,0.2,5
2023-12-24,2023-24,Wolverhampton Wanderers,Chelsea,2,1,H,1501.1,1554.2,-53.1,15,11,-4,17,17,1,1,3,5,0.8,1.0,1.8,0.2,5,1.2,1.4,2.0,0.2,5,1.2,1.3,1.6,0.1,10,1.4,2.1,2.0,0.1,10,1.8,1.4,1.0,0.2,5,1.2,2.0,2.0,0.0,5
2023-12-26,2023-24,Burnley,Liverpool,0,2,A,1420.9,1751.2,-330.3,19,2,-17,18,18,1,3,1,5,1.4,1.6,0.8,0.4,5,2.2,1.8,1.0,0.4,5,0.7,1.1,1.6,0.2,10,2.2,1.9,0.7,0.5,10,0.6,1.4,2.0,0.2,5,1.8,1.6,1.0,0.2,5
2023-12-26,2023-24,Newcastle United,Nottingham Forest,1,3,A,1626.7,1450.3,176.4,7,17,10,18,18,2,0,0,2,1.2,1.0,1.6,0.4,5,0.2,0.6,2.4,0.0,5,1.6,1.6,1.3,0.4,10,0.5,1.1,2.3,0.1,10,3.0,2.6,0.2,0.8,5,0.4,0.6,2.4,0.2,5
2023-12-26,2023-24,Bournemouth,Fulham,3,0,H,1490.8,1487.8,3.0,13,14,1,17,18,2,1,1,4,2.6,2.6,1.0,0.4,5,1.2,2.6,1.8,0.4,5,1.9,1.9,1.7,0.3,10,1.0,1.8,1.8,0.2,10,1.4,1.4,1.8,0.2,5,0.2,1.0,2.6,0.0,5
2023-12-26,2023-24,Sheffield United,Luton,2,3,A,1386.4,1468.3,-81.8,20,18,-2,18,17,0,0,0,0,0.8,0.4,2.0,0.2,5,1.2,1.6,2.0,0.2,5,0.8,0.7,2.2,0.1,10,0.8,1.2,1.8,0.1,10,1.2,1.0,1.6,0.2,5,0.8,1.2,2.0,0.0,5
2023-12-26,2023-24,Manchester United,Aston Villa,3,2,H,1639.7,1656.5,-16.8,8,3,-5,18,18,2,2,1,5,0.8,0.4,1.4,0.2,5,2.2,1.4,0.8,0.4,5,1.6,0.9,1.1,0.4,10,2.3,1.9,1.0,0.2,10,1.8,1.0,1.6,0.2,5,1.6,1.4,1.4,0.0,5
2023-12-27,2023-24,Chelsea,Crystal Palace,2,1,H,1545.5,1502.8,42.8,12,16,4,18,18,5,0,0,5,1.2,1.4,1.6,0.2,5,0.6,1.0,1.6,0.0,5,1.1,1.8,2.1,0.1,10,0.6,1.1,1.9,0.1,10,1.6,2.2,2.0,0.2,5,1.0,1.2,1.8,0.2,5
2023-12-27,2023-24,Brentford,Wolverhampton Wanderers,1,4,A,1544.9,1509.8,35.1,15,13,-2,17,18,1,2,1,4,0.6,1.0,1.4,0.0,5,1.4,1.0,1.4,0.2,5,1.2,1.4,1.4,0.2,10,1.4,1.4,1.6,0.1,10,1.8,2.0,1.2,0.2,5,0.6,1.2,2.2,0.0,5
2023-12-27,2023-24,Everton,Manchester City,1,3,A,1516.5,1792.6,-276.1,10,5,-5,18,17,0,4,1,5,2.4,1.8,0.4,0.8,5,1.2,1.6,1.6,0.0,5,1.9,1.4,1.0,0.5,10,1.6,2.3,1.5,0.1,10,2.0,1.8,0.8,0.6,5,1.4,1.8,1.4,0.2,5
2023-12-28,2023-24,Arsenal,West Ham United,0,2,A,1736.0,1554.4,181.7,2,7,5,18,18,3,0,2,5,2.0,1.8,1.2,0.2,5,2.0,1.6,1.4,0.4,5,2.0,2.0,1.0,0.3,10,1.6,1.6,1.8,0.2,10,3.0,2.6,0.4,0.6,5,1.2,1.4,2.8,0.0,5
2023-12-28,2023-24,Brighton and Hove Albion,Tottenham,4,2,H,1590.6,1644.1,-53.5,9,5,-4,18,18,2,3,0,5,1.0,1.2,1.6,0.0,5,2.0,2.4,1.4,0.2,5,1.1,1.3,1.5,0.0,10,1.6,1.9,1.6,0.2,10,1.4,1.4,1.2,0.0,5,2.0,1.8,1.2,0.4,5
2023-12-30,2023-24,Luton,Chelsea,2,3,A,1478.8,1551.6,-72.8,18,11,-7,18,19,0,1,0,1,1.2,1.8,2.2,0.2,5,1.2,1.2,1.4,0.2,5,1.1,1.5,1.9,0.1,10,1.3,1.8,2.0,0.1,10,1.4,1.6,1.6,0.2,5,0.6,1.4,2.2,0.0,5
2023-12-30,2023-24,Aston Villa,Burnley,3,2,H,1648.9,1416.7,232.2,3,19,16,19,19,2,1,2,5,2.0,1.4,1.0,0.4,5,0.8,0.6,1.2,0.2,5,2.0,1.7,1.2,0.2,10,0.7,1.1,1.5,0.2,10,2.6,1.8,0.6,0.4,5,0.8,1.0,1.4,0.2,5
2023-12-30,2023-24,Crystal Palace,Brentford,3,1,H,1496.6,1531.2,-34.6,16,15,-1,19,18,0,0,5,5,0.4,1.0,1.8,0.0,5,0.6,1.2,2.0,0.0,5,0.6,1.2,1.7,0.1,10,1.2,1.4,1.6,0.2,10,0.2,1.0,2.0,0.0,5,0.6,0.8,1.6,0.2,5
2023-12-30,2023-24,Manchester City,Sheffield United,2,0,H,1797.9,1375.9,422.0,4,20,16,18,19,5,0,0,5,1.6,2.0,1.6,0.0,5,0.8,0.8,1.6,0.2,5,1.9,2.6,1.5,0.1,10,0.8,0.8,2.3,0.1,10,1.8,2.8,1.6,0.0,5,0.4,0.4,2.8,0.0,5
2023-12-30,2023-24,Wolverhampton Wanderers,Everton,3,0,H,1523.5,1511.2,12.3,12,11,-1,19,19,4,0,1,5,2.0,1.6,1.2,0.2,5,1.8,1.8,1.0,0.6,5,1.4,1.6,1.6,0.1,10,1.9,1.5,1.1,0.5,10,2.2,1.6,1.0,0.2,5,2.4,1.6,0.8,0.6,5
2023-12-30,2023-24,Nottingham Forest,Manchester United,2,1,H,1466.9,1647.3,-180.4,17,7,-10,19,19,0,3,0,3,0.8,1.2,2.4,0.0,5,1.4,1.0,1.6,0.2,5,0.7,1.2,2.2,0.1,10,1.6,1.0,1.2,0.4,10,0.6,1.2,1.8,0.2,5,1.4,0.8,0.6,0.6,5
2023-12-31,2023-24,Fulham,Arsenal,2,1,H,1480.7,1719.3,-238.7,15,4,-11,19,19,0,3,2,5,1.2,2.0,1.6,0.4,5,1.4,1.4,1.4,0.2,5,1.0,1.8,1.9,0.2,10,1.9,1.8,1.0,0.3,10,1.8,2.6,1.0,0.4,5,1.4,1.2,1.2,0.2,5
2023-12-31,2023-24,Tottenham,Bournemouth,3,1,H,1635.4,1497.9,137.5,5,13,8,19,18,3,1,1,5,1.8,2.2,1.6,0.2,5,2.6,2.6,0.8,0.6,5,1.3,1.9,2.0,0.1,10,2.2,2.2,1.4,0.4,10,1.2,1.8,2.0,0.0,5,2.4,2.4,1.8,0.4,5
2024-01-01,2023-24,Liverpool,Newcastle United,4,2,H,1755.4,1610.1,145.3,1,9,8,19,19,5,0,0,5,2.2,1.4,0.4,0.6,5,0.6,1.0,2.2,0.2,5,2.2,1.9,0.7,0.5,10,1.3,1.3,1.6,0.3,10,2.2,2.2,0.8,0.6,5,0.2,0.6,2.4,0.0,5
2024-01-02,2023-24,West Ham United,Brighton and Hove Albion,0,0,D,1571.1,1599.3,-28.2,6,8,2,19,19,1,3,1,5,2.4,1.8,1.2,0.6,5,1.6,1.6,1.4,0.0,5,1.9,1.7,1.4,0.3,10,1.4,1.6,1.5,0.0,10,2.0,1.8,0.8,0.4,5,1.0,1.4,1.8,0.0,5
2024-01-12,2023-24,Burnley,Luton,1,1,D,1414.1,1468.0,-53.9,19,18,-1,20,19,1,0,0,1,0.8,1.0,1.6,0.2,5,1.2,2.0,2.2,0.2,5,0.7,1.2,1.6,0.2,10,1.0,1.5,2.0,0.1,10,0.6,1.2,1.6,0.2,5,0.8,1.4,2.2,0.0,5
2024-01-13,2023-24,Newcastle United,Manchester City,2,3,A,1606.2,1798.9,-192.7,9,3,-6,20,19,0,4,1,5,0.6,1.4,2.4,0.2,5,2.0,1.8,1.0,0.2,5,1.2,1.3,1.8,0.3,10,1.9,2.6,1.4,0.2,10,2.4,2.0,0.8,0.6,5,2.0,2.4,1.4,0.2,5
2024-01-13,2023-24,Chelsea,Fulham,1,0,H,1562.4,1494.5,67.9,10,14,4,20,20,3,1,1,5,1.8,1.6,1.4,0.2,5,1.2,1.4,1.8,0.2,5,1.6,2.1,2.0,0.1,10,1.2,1.9,1.9,0.2,10,2.0,2.2,1.8,0.2,5,0.2,1.0,2.8,0.0,5
2024-01-14,2023-24,Everton,Aston Villa,0,0,D,1504.3,1651.5,-147.1,12,3,-9,20,20,0,5,0,5,1.2,1.2,1.6,0.4,5,2.0,1.8,1.4,0.2,5,1.6,1.4,1.4,0.4,10,2.0,1.7,1.3,0.2,10,1.4,1.4,1.4,0.4,5,1.4,1.6,1.8,0.0,5
2024-01-14,2023-24,Manchester United,Tottenham,2,2,D,1635.1,1639.5,-4.4,9,5,-4,20,20,3,1,1,5,0.8,0.8,1.8,0.2,5,2.4,2.6,1.4,0.2,5,1.6,1.1,1.1,0.4,10,1.3,2.0,2.0,0.1,10,1.8,1.2,1.8,0.2,5,1.4,2.0,2.0,0.2,5
2024-01-20,2023-24,Arsenal,Crystal Palace,5,0,H,1705.6,1504.8,200.8,4,15,11,20,20,3,1,1,5,0.8,0.8,1.2,0.2,5,1.0,1.6,1.6,0.0,5,1.6,1.4,1.2,0.2,10,0.9,1.4,1.6,0.1,10,2.4,2.4,0.8,0.4,5,1.0,1.4,1.4,0.2,5
2024-01-20,2023-24,Brentford,Nottingham Forest,3,2,H,1523.1,1479.2,43.9,17,16,-1,19,20,1,0,2,3,0.0,0.8,2.4,0.0,5,1.4,1.6,1.6,0.0,5,0.9,1.2,1.9,0.1,10,1.0,1.4,2.0,0.1,10,1.2,1.6,2.0,0.0,5,0.8,1.2,2.6,0.0,5
2024-01-21,2023-24,Sheffield United,West Ham United,2,2,D,1375.0,1569.0,-194.1,20,6,-14,20,20,1,3,1,5,0.8,0.8,1.6,0.2,5,2.0,1.4,1.0,0.8,5,0.8,0.8,2.0,0.1,10,2.0,1.7,1.3,0.4,10,1.2,1.2,1.8,0.2,5,1.8,1.6,2.0,0.2,5
2024-01-21,2023-24,Bournemouth,Liverpool,0,4,A,1493.9,1759.3,-265.4,13,1,-12,19,20,1,4,0,5,2.4,2.4,1.0,0.6,5,2.2,1.8,0.8,0.4,5,2.2,2.2,1.5,0.4,10,2.2,2.0,0.9,0.4,10,2.0,2.0,1.0,0.4,5,2.2,1.6,0.6,0.4,5
2024-01-22,2023-24,Brighton and Hove Albion,Wolverhampton Wanderers,0,0,D,1601.3,1530.4,70.9,8,11,3,20,20,4,1,0,5,1.2,1.2,1.2,0.2,5,2.0,2.0,1.2,0.2,5,1.4,1.5,1.4,0.1,10,1.6,1.7,1.4,0.2,10,1.8,1.8,1.2,0.0,5,0.6,1.6,2.2,0.0,5
2024-01-30,2023-24,Aston Villa,Newcastle United,1,3,A,1650.1,1598.8,51.3,4,10,6,21,21,2,3,0,5,1.6,1.6,1.4,0.2,5,0.6,1.6,2.2,0.2,5,2.1,1.7,1.1,0.3,10,0.9,1.4,2.1,0.2,10,2.6,1.8,0.8,0.4,5,0.0,0.6,2.8,0.0,5
2024-01-30,2023-24,Nottingham Forest,Arsenal,1,2,A,1473.1,1708.6,-235.5,17,3,-14,21,21,1,2,0,3,1.2,1.8,2.0,0.0,5,1.4,1.8,1.0,0.4,5,0.7,1.4,2.3,0.0,10,1.9,1.9,1.1,0.3,10,0.6,1.2,2.0,0.0,5,1.4,1.4,1.4,0.2,5
2024-01-30,2023-24,Fulham,Everton,0,0,D,1489.0,1505.7,-16.7,14,12,-2,21,21,3,1,1,5,0.6,0.4,2.0,0.0,5,0.8,0.8,1.6,0.4,5,1.2,1.9,1.9,0.2,10,1.6,1.3,1.3,0.5,10,2.4,3.0,1.0,0.4,5,1.8,1.4,1.4,0.4,5
2024-01-30,2023-24,Luton,Brighton and Hove Albion,4,0,H,1469.3,1596.7,-127.4,18,8,-10,20,21,0,1,0,1,1.4,1.6,1.6,0.2,5,1.2,1.0,1.0,0.4,5,1.1,1.5,1.8,0.1,10,1.4,1.4,1.3,0.2,10,1.2,1.8,2.0,0.2,5,1.0,1.2,1.6,0.2,5
2024-01-30,2023-24,Crystal Palace,Sheffield United,3,2,H,1501.8,1377.6,124.2,16,20,4,21,21,3,2,0,5,1.0,1.4,2.2,0.0,5,0.4,1.0,2.0,0.0,5,0.6,1.2,2.1,0.0,10,0.6,0.8,2.1,0.1,10,0.8,1.4,1.8,0.0,5,0.4,0.4,2.2,0.0,5
2024-01-31,2023-24,Tottenham,Brentford,3,2,H,1642.1,1529.2,113.0,5,16,11,21,20,1,1,3,5,2.0,2.2,1.6,0.2,5,0.6,1.2,2.4,0.0,5,1.4,2.1,1.8,0.1,10,0.9,1.3,2.1,0.0,10,1.8,2.2,1.4,0.0,5,0.6,0.8,1.8,0.2,5
2024-01-31,2023-24,Liverpool,Chelsea,4,1,H,1764.9,1567.9,197.0,1,10,9,21,21,0,0,5,5,2.2,2.2,0.6,0.6,5,2.4,1.8,1.0,0.4,5,2.4,2.3,0.8,0.5,10,1.6,1.8,1.9,0.2,10,2.2,2.4,1.2,0.4,5,0.6,1.2,2.4,0.0,5
2024-01-31,2023-24,Manchester City,Burnley,3,1,H,1806.3,1412.8,393.5,3,19,16,20,21,5,0,0,5,2.6,2.4,1.2,0.2,5,0.8,1.0,1.6,0.2,5,1.9,2.6,1.6,0.1,10,0.8,1.3,1.5,0.2,10,1.8,2.8,1.4,0.2,5,0.8,1.2,1.6,0.2,5
2024-02-01,2023-24,West Ham United,Bournemouth,1,1,D,1566.4,1488.3,78.1,6,14,8,21,20,3,0,2,5,2.2,1.8,0.4,0.8,5,1.8,2.0,1.8,0.4,5,2.1,1.7,1.2,0.4,10,1.9,2.0,1.8,0.4,10,2.2,1.8,0.6,0.6,5,2.4,2.4,1.2,0.4,5
2024-02-01,2023-24,Wolverhampton Wanderers,Manchester United,3,4,A,1534.9,1632.4,-97.5,11,9,-2,21,21,1,4,0,5,2.0,1.8,1.0,0.4,5,1.0,1.2,1.6,0.2,5,1.7,1.6,1.2,0.3,10,1.4,1.2,1.3,0.3,10,2.6,1.8,0.6,0.4,5,0.8,0.8,1.0,0.4,5
2024-02-03,2023-24,Everton,Tottenham,2,2,D,1508.0,1646.7,-138.6,12,4,-8,22,22,0,3,2,5,0.4,0.4,1.6,0.4,5,2.0,2.4,2.0,0.0,5,1.4,1.0,1.1,0.6,10,1.7,2.3,1.8,0.1,10,1.4,1.2,1.2,0.6,5,1.0,2.0,2.2,0.2,5
2024-02-03,2023-24,Brighton and Hove Albion,Crystal Palace,4,1,H,1586.0,1506.1,79.9,9,15,6,22,22,1,0,4,5,1.2,1.0,1.4,0.4,5,1.4,1.6,2.2,0.0,5,1.3,1.3,1.6,0.2,10,0.9,1.3,2.0,0.0,10,1.8,1.6,1.0,0.2,5,0.4,1.0,2.4,0.0,5
2024-02-03,2023-24,Burnley,Fulham,2,2,D,1411.7,1486.6,-74.9,19,14,-5,22,22,3,1,1,5,0.8,1.2,1.8,0.2,5,0.8,0.4,1.4,0.2,5,0.8,1.3,1.5,0.2,10,1.3,1.8,1.6,0.3,10,0.8,1.4,1.4,0.2,5,0.0,0.8,2.8,0.0,5
2024-02-03,2023-24,Newcastle United,Luton,4,4,D,1612.9,1480.1,132.8,9,18,9,22,21,0,1,0,1,0.6,1.6,2.4,0.0,5,2.0,2.2,1.2,0.4,5,1.2,1.7,2.0,0.2,10,1.3,1.8,1.7,0.2,10,1.8,2.2,1.4,0.4,5,0.8,1.2,2.0,0.0,5
2024-02-03,2023-24,Sheffield United,Aston Villa,0,5,A,1373.3,1636.0,-262.7,20,5,-15,22,22,2,1,2,5,0.4,1.4,2.2,0.0,5,1.0,1.4,1.8,0.2,5,0.5,0.9,2.3,0.1,10,1.8,1.5,1.3,0.3,10,0.8,1.2,2.0,0.2,5,1.6,1.6,1.4,0.2,5
2024-02-04,2023-24,Bournemouth,Nottingham Forest,1,1,D,1493.0,1466.8,26.2,14,18,4,21,22,2,0,1,3,1.4,1.6,2.0,0.2,5,1.2,2.0,2.0,0.0,5,2.0,2.0,1.3,0.4,10,0.7,1.3,2.2,0.0,10,2.0,1.8,1.4,0.4,5,0.8,1.6,2.6,0.0,5
2024-02-04,2023-24,Chelsea,Wolverhampton Wanderers,2,4,A,1564.9,1524.8,40.0,10,11,1,22,22,1,2,2,5,1.8,1.6,1.8,0.2,5,2.0,2.4,1.2,0.4,5,1.5,1.5,1.9,0.2,10,1.4,1.7,1.5,0.3,10,2.6,2.4,1.4,0.4,5,0.8,1.4,1.8,0.2,5
2024-02-04,2023-24,Manchester United,West Ham United,3,0,H,1642.5,1561.7,80.8,8,6,-2,22,22,3,2,0,5,1.4,2.0,2.2,0.0,5,1.8,1.4,0.6,0.6,5,1.4,1.5,1.6,0.2,10,1.9,1.5,1.1,0.4,10,2.0,1.6,1.6,0.2,5,2.0,1.6,1.8,0.2,5
2024-02-04,2023-24,Arsenal,Liverpool,3,1,H,1714.9,1768.0,-53.1,3,1,-2,22,22,1,2,2,5,1.4,1.8,1.2,0.2,5,2.6,3.0,0.8,0.4,5,1.9,1.8,1.1,0.3,10,2.4,2.4,0.9,0.4,10,2.4,2.4,0.8,0.4,5,2.6,2.2,0.4,0.6,5
2024-02-05,2023-24,Brentford,Manchester City,1,3,A,1524.6,1807.4,-282.8,16,3,-13,21,21,2,2,0,4,0.6,1.6,2.8,0.0,5,2.6,2.6,1.2,0.2,5,0.6,1.2,2.2,0.0,10,1.9,2.3,1.6,0.1,10,1.2,1.6,2.0,0.0,5,2.0,2.4,1.8,0.0,5
2024-02-10,2023-24,Nottingham Forest,Newcastle United,2,3,A,1470.3,1607.1,-136.8,17,9,-8,23,23,1,2,0,3,1.4,1.8,1.6,0.0,5,0.8,2.4,3.0,0.0,5,0.8,1.2,2.0,0.0,10,1.0,1.7,2.3,0.2,10,0.6,1.0,1.8,0.0,5,0.6,1.2,2.6,0.0,5
2024-02-10,2023-24,Wolverhampton Wanderers,Brentford,0,2,A,1538.7,1519.4,19.2,10,16,6,23,22,3,1,1,5,2.0,2.8,1.4,0.4,5,0.6,1.6,3.0,0.0,5,1.7,1.9,1.4,0.3,10,0.6,1.3,2.2,0.0,10,2.0,2.0,1.2,0.4,5,0.0,0.8,2.4,0.0,5
2024-02-10,2023-24,Tottenham,Brighton and Hove Albion,2,1,H,1645.6,1591.2,54.4,5,9,4,23,23,3,2,0,5,1.6,2.4,2.2,0.0,5,1.6,1.6,1.4,0.4,5,1.8,2.4,1.8,0.1,10,1.3,1.4,1.5,0.2,10,2.4,2.6,1.4,0.0,5,0.4,0.6,2.0,0.2,5
2024-02-10,2023-24,Fulham,Bournemouth,3,1,H,1487.3,1489.6,-2.2,14,13,-1,23,22,1,3,1,5,1.0,0.8,1.4,0.2,5,1.0,1.2,1.8,0.2,5,1.1,1.7,1.6,0.3,10,1.8,1.9,1.4,0.3,10,2.0,2.4,0.6,0.6,5,2.0,2.0,1.2,0.4,5
2024-02-10,2023-24,Liverpool,Burnley,3,1,H,1759.3,1411.0,348.3,1,19,18,23,23,4,1,0,5,2.4,3.0,1.2,0.4,5,0.4,1.2,2.2,0.0,5,2.3,2.4,1.1,0.4,10,0.9,1.4,1.5,0.2,10,2.2,2.6,1.4,0.2,5,0.8,1.2,1.6,0.2,5
2024-02-10,2023-24,Manchester City,Everton,2,0,H,1812.6,1509.1,303.4,2,12,10,22,23,4,0,1,5,3.0,2.8,1.0,0.2,5,0.6,0.6,1.6,0.4,5,2.1,2.2,1.3,0.1,10,1.5,1.2,1.0,0.6,10,1.8,2.2,1.4,0.2,5,1.4,0.8,1.0,0.6,5
2024-02-10,2023-24,Luton,Sheffield United,1,3,A,1486.0,1367.7,118.3,18,20,2,22,23,1,0,0,1,1.6,2.8,2.0,0.2,5,0.2,1.2,3.0,0.0,5,1.4,2.2,2.0,0.2,10,0.5,0.8,2.5,0.1,10,1.2,2.2,1.8,0.4,5,0.2,0.6,2.6,0.0,5
2024-02-11,2023-24,West Ham United,Arsenal,0,6,A,1556.5,1723.5,-167.1,8,3,-5,23,23,1,3,1,5,1.2,1.0,1.2,0.4,5,1.8,2.2,1.2,0.2,5,1.6,1.3,1.3,0.4,10,1.9,2.0,1.2,0.2,10,1.8,1.4,0.4,0.6,5,1.4,1.6,1.6,0.0,5
2024-02-11,2023-24,Aston Villa,Manchester United,1,2,A,1641.6,1647.7,-6.0,5,6,1,23,23,2,2,1,5,1.4,2.2,1.6,0.4,5,2.0,2.6,1.8,0.2,5,1.8,1.8,1.2,0.4,10,1.4,1.5,1.6,0.2,10,2.0,1.4,1.2,0.4,5,0.8,1.0,1.6,0.2,5
2024-02-12,2023-24,Crystal Palace,Chelsea,1,3,A,1500.9,1551.0,-50.2,16,11,-5,23,23,0,5,0,5,1.2,1.6,2.8,0.0,5,1.8,1.8,2.2,0.2,5,0.9,1.3,2.2,0.0,10,1.5,1.6,1.9,0.2,10,1.4,1.6,1.6,0.0,5,0.6,1.2,2.4,0.0,5
2024-02-17,2023-24,Nottingham Forest,West Ham United,2,0,H,1461.4,1548.4,-87.0,17,8,-9,24,24,1,2,0,3,0.8,1.6,2.0,0.0,5,0.6,0.6,2.4,0.2,5,0.8,1.4,2.2,0.0,10,1.5,1.2,1.8,0.4,10,0.6,1.4,2.2,0.0,5,1.4,1.2,2.2,0.2,5
2024-02-17,2023-24,Newcastle United,Bournemouth,2,2,D,1616.0,1482.3,133.7,7,14,7,24,23,2,1,2,5,1.4,2.8,2.8,0.0,5,0.4,0.8,2.4,0.0,5,1.0,1.9,2.5,0.1,10,1.5,1.7,1.6,0.3,10,1.4,2.2,2.0,0.4,5,1.4,1.8,1.8,0.2,5
2024-02-17,2023-24,Tottenham,Wolverhampton Wanderers,1,2,A,1651.4,1525.4,126.0,4,11,7,24,24,2,3,0,5,2.2,2.4,1.6,0.0,5,1.4,2.0,1.6,0.4,5,2.0,2.3,1.6,0.1,10,1.7,1.8,1.4,0.3,10,3.0,2.8,1.2,0.0,5,1.4,1.8,1.6,0.2,5
2024-02-17,2023-24,Burnley,Arsenal,0,5,A,1409.6,1731.6,-322.0,19,3,-16,24,24,1,2,2,5,0.4,1.4,2.4,0.0,5,2.4,3.4,0.8,0.4,5,0.6,1.0,1.8,0.1,10,1.9,2.4,1.1,0.3,10,1.0,1.6,1.4,0.2,5,1.4,2.0,1.0,0.2,5
2024-02-17,2023-24,Brentford,Liverpool,1,4,A,1532.7,1760.7,-228.0,15,2,-13,23,24,1,3,1,5,1.2,1.8,2.2,0.2,5,2.4,3.2,1.4,0.2,5,0.9,1.5,2.1,0.1,10,2.3,2.3,0.9,0.4,10,1.2,1.8,2.4,0.0,5,2.4,2.2,0.8,0.6,5
2024-02-17,2023-24,Fulham,Aston Villa,1,2,A,1494.6,1629.0,-134.4,12,5,-7,24,24,1,4,0,5,1.6,1.4,1.0,0.2,5,1.4,2.0,1.4,0.4,5,1.4,1.7,1.3,0.3,10,1.7,1.7,1.2,0.4,10,2.0,2.0,0.8,0.4,5,1.6,2.2,1.2,0.4,5
2024-02-17,2023-24,Manchester City,Chelsea,1,1,D,1814.3,1562.5,251.9,3,11,8,23,24,4,0,1,5,3.0,2.6,0.8,0.4,5,1.8,2.0,2.2,0.2,5,2.3,2.3,1.2,0.2,10,1.5,1.6,1.8,0.2,10,2.2,2.4,1.2,0.4,5,1.2,1.6,2.2,0.0,5
2024-02-18,2023-24,Luton,Manchester United,1,2,A,1470.4,1660.3,-189.9,18,6,-12,23,24,0,1,0,1,1.0,2.4,2.2,0.2,5,2.0,2.4,1.6,0.2,5,1.1,2.1,2.2,0.2,10,1.7,1.7,1.6,0.2,10,1.2,1.8,1.6,0.4,5,1.4,1.4,1.6,0.2,5
2024-02-18,2023-24,Sheffield United,Brighton and Hove Albion,0,5,A,1383.2,1585.4,-202.1,20,9,-11,24,24,2,0,3,5,0.8,1.4,2.6,0.0,5,1.0,1.0,1.4,0.4,5,0.8,1.1,2.1,0.1,10,1.3,1.3,1.4,0.2,10,0.8,1.0,2.4,0.2,5,0.4,0.4,1.8,0.2,5
2024-02-19,2023-24,Everton,Crystal Palace,1,1,D,1507.4,1489.4,17.9,12,17,5,24,24,3,1,1,5,0.6,0.4,1.4,0.4,5,1.2,1.6,3.0,0.0,5,1.2,1.1,1.2,0.5,10,0.8,1.3,2.4,0.0,10,1.6,1.6,1.0,0.6,5,0.4,1.0,2.8,0.0,5
2024-02-20,2023-24,Manchester City,Brentford,1,0,H,1806.7,1526.3,280.4,3,15,12,24,24,3,2,0,5,2.6,2.4,1.0,0.2,5,1.2,1.8,2.4,0.2,5,2.3,2.1,1.0,0.2,10,0.6,1.3,2.4,0.1,10,2.2,2.0,0.8,0.4,5,0.6,1.2,1.8,0.2,5
2024-02-21,2023-24,Liverpool,Luton,4,1,H,1767.2,1462.9,304.3,1,18,17,25,24,0,0,1,1,2.4,3.2,1.2,0.2,5,1.0,2.2,2.0,0.2,5,2.3,2.5,1.0,0.3,10,1.1,2.1,2.1,0.2,10,2.2,2.4,1.0,0.2,5,1.0,1.8,2.2,0.0,5
2024-02-24,2023-24,Aston Villa,Nottingham Forest,4,2,H,1638.0,1471.0,167.0,4,17,13,25,25,1,1,1,3,1.4,1.8,1.2,0.4,5,0.8,1.6,1.8,0.2,5,1.7,1.8,1.3,0.3,10,1.1,1.6,1.7,0.1,10,1.4,1.4,1.6,0.2,5,1.0,1.4,2.2,0.0,5
2024-02-24,2023-24,Brighton and Hove Albion,Everton,1,1,D,1592.5,1504.1,88.4,7,12,5,25,25,2,2,1,5,1.4,2.0,1.4,0.4,5,0.8,0.6,1.0,0.4,5,1.3,1.6,1.3,0.3,10,1.0,0.9,1.3,0.4,10,2.2,2.2,1.0,0.2,5,0.8,0.6,1.4,0.4,5
2024-02-24,2023-24,Crystal Palace,Burnley,3,0,H,1492.7,1405.2,87.5,16,19,3,25,25,1,2,2,5,0.8,1.2,3.0,0.0,5,0.4,1.0,2.8,0.0,5,0.9,1.4,2.3,0.0,10,0.6,1.0,2.2,0.1,10,1.4,1.8,1.8,0.0,5,0.8,1.4,2.0,0.2,5
2024-02-24,2023-24,Manchester United,Fulham,1,2,A,1667.8,1485.6,182.2,6,13,7,25,25,4,0,1,5,2.6,2.6,1.4,0.2,5,1.0,1.2,1.2,0.2,5,1.7,1.7,1.6,0.2,10,1.1,1.3,1.5,0.2,10,2.0,2.0,1.6,0.2,5,0.2,1.0,2.6,0.0,5
2024-02-24,2023-24,Bournemouth,Manchester City,0,1,A,1488.2,1808.7,-320.5,14,2,-12,24,25,0,5,0,5,0.6,1.0,2.2,0.0,5,2.6,2.0,0.6,0.4,5,1.5,1.7,1.6,0.3,10,2.6,2.2,0.9,0.3,10,1.6,1.6,1.4,0.4,5,2.4,2.2,1.2,0.0,5
2024-02-24,2023-24,Arsenal,Newcastle United,4,1,H,1736.0,1610.1,125.8,3,8,5,25,25,2,2,1,5,3.0,4.2,0.4,0.6,5,1.6,2.8,2.4,0.0,5,1.9,2.5,0.8,0.4,10,1.1,2.1,2.4,0.1,10,2.4,2.4,0.8,0.4,5,1.2,1.8,2.4,0.0,5
2024-02-25,2023-24,Wolverhampton Wanderers,Sheffield United,1,0,H,1541.1,1376.1,165.0,11,20,9,25,25,2,2,1,5,1.4,1.8,1.8,0.2,5,0.8,1.4,3.2,0.0,5,1.7,1.9,1.5,0.2,10,0.8,1.1,2.4,0.1,10,1.4,1.8,1.6,0.2,5,0.8,1.2,1.8,0.0,5
2024-02-26,2023-24,West Ham United,Brentford,4,2,H,1538.7,1524.3,14.5,10,16,6,25,25,0,5,0,5,0.4,0.6,2.8,0.0,5,0.6,1.2,2.2,0.2,5,1.2,1.0,1.9,0.4,10,0.6,1.2,2.3,0.1,10,1.6,1.2,1.4,0.6,5,0.6,1.0,1.6,0.2,5
2024-03-02,2023-24,Luton,Aston Villa,2,3,A,1461.1,1641.6,-180.4,18,4,-14,25,26,0,1,0,1,0.8,2.2,2.6,0.2,5,1.8,2.6,1.6,0.2,5,1.1,1.9,2.1,0.2,10,1.7,2.1,1.5,0.2,10,1.2,1.8,1.6,0.4,5,2.0,2.2,1.0,0.4,5
2024-03-02,2023-24,Tottenham,Crystal Palace,3,1,H,1635.7,1497.8,137.9,5,14,9,25,26,4,1,0,5,1.6,2.0,1.8,0.0,5,1.4,1.8,2.0,0.2,5,2.0,2.3,1.6,0.1,10,1.2,1.6,2.1,0.1,10,2.4,2.2,1.4,0.0,5,0.4,1.0,2.8,0.0,5
2024-03-02,2023-24,Nottingham Forest,Liverpool,0,1,A,1467.4,1769.0,-301.5,17,1,-16,26,26,1,2,0,3,0.8,1.6,2.0,0.2,5,2.4,3.2,1.4,0.0,5,1.0,1.7,2.0,0.1,10,2.3,2.7,1.0,0.3,10,1.2,1.8,1.8,0.2,5,2.4,2.6,1.0,0.4,5
2024-03-02,2023-24,Fulham,Brighton and Hove Albion,3,0,H,1502.3,1587.6,-85.3,12,7,-5,26,26,2,0,3,5,1.6,1.6,1.2,0.2,5,1.4,2.2,1.6,0.2,5,1.1,1.0,1.6,0.1,10,1.3,1.6,1.3,0.3,10,1.4,1.2,1.2,0.2,5,1.0,1.4,1.4,0.4,5
2024-03-02,2023-24,Everton,West Ham United,1,3,A,1509.0,1545.6,-36.5,13,8,-5,26,26,2,3,0,5,0.8,0.8,1.2,0.2,5,0.8,1.0,2.8,0.0,5,0.8,0.8,1.4,0.3,10,1.5,1.4,1.6,0.4,10,1.2,1.2,1.2,0.4,5,0.8,0.8,2.4,0.2,5
2024-03-02,2023-24,Brentford,Chelsea,2,2,D,1517.4,1570.1,-52.7,16,11,-5,26,25,3,1,1,5,0.6,1.2,2.4,0.2,5,1.4,1.6,2.0,0.2,5,0.6,1.4,2.6,0.1,10,1.6,1.6,1.7,0.2,10,0.6,1.4,3.0,0.0,5,1.4,1.8,2.0,0.0,5
2024-03-02,2023-24,Newcastle United,Wolverhampton Wanderers,3,0,H,1605.9,1544.7,61.2,10,9,-1,26,26,2,1,2,5,1.6,2.6,2.6,0.0,5,1.8,2.0,1.8,0.2,5,1.1,2.1,2.4,0.1,10,1.9,1.9,1.4,0.3,10,1.0,2.4,2.4,0.2,5,2.0,2.0,1.4,0.2,5
2024-03-03,2023-24,Burnley,Bournemouth,0,2,A,1400.1,1483.8,-83.6,19,14,-5,26,25,4,1,0,5,0.2,0.8,3.2,0.0,5,0.6,1.0,1.6,0.0,5,0.5,0.9,2.4,0.1,10,1.2,1.5,1.7,0.2,10,0.4,0.6,2.4,0.0,5,1.0,1.6,2.2,0.0,5
2024-03-03,2023-24,Manchester City,Manchester United,3,1,H,1813.1,1651.1,162.0,2,6,4,26,26,4,1,0,5,2.6,1.6,0.4,0.6,5,2.4,2.4,1.4,0.2,5,2.6,2.1,0.8,0.4,10,1.7,1.8,1.5,0.2,10,2.6,1.8,0.4,0.6,5,1.8,1.8,1.8,0.0,5
2024-03-04,2023-24,Sheffield United,Arsenal,0,6,A,1372.5,1740.2,-367.7,20,3,-17,26,26,1,3,1,5,0.6,1.0,3.0,0.0,5,3.0,4.0,0.6,0.4,5,0.5,1.0,2.5,0.0,10,2.2,2.9,0.8,0.4,10,0.8,1.0,3.0,0.2,5,2.0,3.0,0.8,0.4,5
2024-03-09,2023-24,Manchester United,Everton,2,0,H,1647.5,1497.2,150.2,6,13,7,27,27,3,1,1,5,1.8,1.8,1.4,0.2,5,0.6,1.0,1.8,0.0,5,1.6,1.9,1.8,0.1,10,0.5,0.7,1.7,0.2,10,1.4,1.8,1.8,0.2,5,0.4,0.4,1.6,0.2,5
2024-03-09,2023-24,Bournemouth,Sheffield United,2,2,D,1494.2,1369.0,125.3,14,20,6,26,27,1,1,1,3,1.0,1.2,1.4,0.2,5,0.6,0.6,3.6,0.0,5,1.2,1.4,1.7,0.2,10,0.5,1.0,2.9,0.0,10,1.0,1.2,1.6,0.2,5,0.8,1.2,1.6,0.0,5
2024-03-09,2023-24,Crystal Palace,Luton,1,1,D,1493.7,1453.4,40.3,15,18,3,27,26,0,1,0,1,0.8,1.4,2.2,0.2,5,0.2,1.8,3.2,0.0,5,1.1,1.5,2.2,0.1,10,1.1,2.0,2.2,0.2,10,2.0,2.2,1.4,0.2,5,1.0,2.0,2.8,0.0,5
2024-03-09,2023-24,Wolverhampton Wanderers,Fulham,2,1,H,1539.0,1511.9,27.1,10,12,2,27,27,2,1,2,5,1.8,1.4,1.6,0.2,5,2.0,2.2,1.2,0.2,5,1.9,1.9,1.4,0.3,10,1.4,1.3,1.3,0.2,10,1.8,1.8,1.4,0.4,5,0.8,0.8,2.0,0.0,5
2024-03-09,2023-24,Arsenal,Brentford,2,1,H,1743.8,1516.1,227.7,3,16,13,27,27,3,1,1,5,3.0,4.8,0.4,0.6,5,0.8,1.4,2.2,0.2,5,2.2,3.3,0.8,0.4,10,0.7,1.5,2.6,0.1,10,2.4,2.8,0.8,0.4,5,0.6,1.4,2.2,0.2,5
2024-03-10,2023-24,Liverpool,Manchester City,1,1,D,1773.7,1816.7,-43.0,2,3,1,27,27,1,1,3,5,2.4,2.6,1.2,0.2,5,2.6,1.6,0.4,0.6,5,2.5,2.8,1.0,0.3,10,2.8,2.2,0.7,0.4,10,2.6,3.2,1.2,0.0,5,3.0,2.4,1.0,0.2,5
2024-03-10,2023-24,West Ham United,Burnley,2,2,D,1557.4,1389.7,167.7,7,20,13,27,27,3,0,2,5,1.2,1.4,2.8,0.0,5,0.2,0.6,3.0,0.0,5,1.5,1.4,1.7,0.3,10,0.5,0.9,2.4,0.1,10,1.6,1.4,1.8,0.4,5,0.6,1.2,2.4,0.2,5
2024-03-10,2023-24,Brighton and Hove Albion,Nottingham Forest,1,0,H,1578.0,1462.7,115.3,10,17,7,27,27,1,1,1,3,1.4,2.2,1.4,0.2,5,0.8,1.4,1.8,0.2,5,1.3,1.6,1.4,0.3,10,1.0,1.7,1.9,0.1,10,1.8,2.0,1.0,0.2,5,1.0,1.8,2.0,0.0,5
2024-03-10,2023-24,Aston Villa,Tottenham,0,4,A,1649.3,1639.7,9.5,4,5,1,27,26,3,2,0,5,2.4,3.0,1.4,0.2,5,2.0,2.2,1.6,0.0,5,1.7,2.2,1.6,0.2,10,2.0,2.2,1.6,0.1,10,1.4,2.0,2.0,0.0,5,1.2,2.2,2.2,0.2,5
2024-03-11,2023-24,Chelsea,Newcastle United,3,2,H,1571.5,1611.5,-40.0,11,10,-1,26,27,2,2,1,5,1.0,1.8,2.4,0.0,5,1.6,2.6,2.4,0.2,5,1.7,1.8,1.7,0.2,10,1.1,2.1,2.4,0.1,10,2.4,2.0,1.4,0.4,5,1.2,1.8,2.4,0.0,5
2024-03-13,2023-24,Bournemouth,Luton,4,3,H,1488.5,1457.2,31.3,13,18,5,27,27,0,0,0,0,1.0,1.4,1.6,0.2,5,0.2,1.2,2.6,0.0,5,1.0,1.3,1.7,0.2,10,0.9,2.0,2.3,0.1,10,1.0,1.2,1.6,0.2,5,1.2,2.0,2.4,0.0,5
2024-03-16,2023-24,Burnley,Brentford,2,1,H,1396.1,1513.5,-117.3,19,16,-3,28,28,1,2,0,3,0.2,0.6,3.0,0.0,5,0.2,1.2,2.6,0.0,5,0.3,0.9,2.6,0.0,10,0.7,1.5,2.4,0.1,10,0.4,0.6,2.4,0.0,5,0.6,1.4,2.0,0.2,5
2024-03-16,2023-24,Luton,Nottingham Forest,1,1,D,1450.9,1458.2,-7.3,18,17,-1,28,28,0,0,1,1,0.2,1.6,2.8,0.0,5,0.6,1.2,1.8,0.2,5,0.6,2.0,2.5,0.1,10,1.0,1.5,1.7,0.1,10,0.6,2.0,2.2,0.2,5,0.8,1.6,2.0,0.0,5
2024-03-16,2023-24,Fulham,Tottenham,3,0,H,1505.4,1652.8,-147.4,12,5,-7,28,27,0,4,1,5,1.8,2.0,1.2,0.2,5,2.0,2.4,1.2,0.2,5,1.4,1.4,1.3,0.2,10,2.0,2.4,1.6,0.1,10,2.0,1.8,0.8,0.4,5,1.6,2.4,1.6,0.4,5
2024-03-17,2023-24,West Ham United,Aston Villa,1,1,D,1550.9,1636.2,-85.3,7,4,-3,28,28,3,1,1,5,1.4,1.8,2.6,0.0,5,1.8,2.0,2.2,0.0,5,1.3,1.4,1.9,0.2,10,1.6,2.1,1.9,0.2,10,1.2,1.4,2.2,0.2,5,2.0,2.4,1.2,0.4,5
2024-03-30,2023-24,Brentford,Manchester United,1,1,D,1503.0,1651.3,-148.3,16,6,-10,29,28,1,4,0,5,0.2,1.2,2.2,0.0,5,1.8,1.6,1.4,0.2,5,0.7,1.5,2.3,0.1,10,1.9,2.1,1.6,0.2,10,0.8,1.6,3.0,0.0,5,1.8,2.0,2.0,0.0,5
2024-03-30,2023-24,Tottenham,Luton,2,1,H,1641.4,1448.3,193.2,5,18,13,28,29,1,0,0,1,1.8,2.0,1.4,0.2,5,0.4,1.6,2.6,0.0,5,1.7,2.2,1.8,0.1,10,0.7,1.9,2.3,0.1,10,2.4,2.4,1.4,0.0,5,0.6,2.0,2.8,0.0,5
2024-03-30,2023-24,Sheffield United,Fulham,3,3,D,1374.7,1516.7,-142.0,20,12,-8,28,29,0,2,1,3,0.8,1.0,3.0,0.0,5,1.8,2.0,1.0,0.4,5,0.5,1.1,3.0,0.0,10,1.7,1.7,1.0,0.3,10,0.2,0.8,4.2,0.0,5,0.8,1.0,1.8,0.0,5
2024-03-30,2023-24,Aston Villa,Wolverhampton Wanderers,2,0,H,1636.6,1545.5,91.2,5,9,4,29,28,0,3,2,5,2.0,2.0,2.0,0.0,5,1.8,1.0,1.4,0.2,5,1.7,2.0,1.7,0.2,10,1.9,1.9,1.4,0.3,10,1.2,1.8,2.6,0.0,5,2.0,2.0,1.4,0.2,5
2024-03-30,2023-24,Chelsea,Burnley,2,2,D,1579.8,1406.6,173.1,11,19,8,27,29,4,0,1,5,1.6,2.2,2.0,0.0,5,0.8,0.8,2.6,0.0,5,1.7,1.9,1.9,0.1,10,0.6,1.1,2.5,0.0,10,2.4,2.0,1.4,0.4,5,0.2,1.2,2.8,0.0,5
2024-03-30,2023-24,Bournemouth,Everton,2,1,H,1494.9,1493.4,1.5,13,14,1,28,28,3,2,0,5,1.6,2.0,1.6,0.2,5,0.4,0.6,1.8,0.0,5,1.0,1.4,2.0,0.1,10,0.5,0.6,1.7,0.2,10,1.0,1.4,2.2,0.0,5,0.4,0.2,1.6,0.2,5
2024-03-30,2023-24,Newcastle United,West Ham United,4,3,H,1603.2,1550.5,52.8,10,7,-3,28,29,1,1,3,5,1.4,2.2,2.2,0.2,5,1.6,2.0,1.6,0.0,5,1.1,2.3,2.6,0.1,10,1.1,1.3,2.0,0.1,10,1.0,2.4,2.4,0.2,5,1.4,1.4,1.6,0.2,5
2024-03-30,2023-24,Nottingham Forest,Crystal Palace,1,1,D,1460.8,1489.9,-29.1,17,15,-2,29,28,1,0,2,3,0.8,1.0,1.4,0.2,5,1.0,1.4,1.6,0.2,5,0.8,1.3,1.7,0.1,10,1.1,1.5,2.2,0.1,10,1.2,1.4,1.4,0.2,5,0.2,0.8,3.0,0.0,5
2024-03-31,2023-24,Liverpool,Brighton and Hove Albion,2,1,H,1772.1,1582.5,189.6,2,9,7,28,28,1,1,3,5,2.6,2.6,0.8,0.2,5,1.4,1.6,1.2,0.4,5,2.5,2.8,1.0,0.3,10,1.5,1.6,1.3,0.4,10,2.6,3.2,1.2,0.0,5,0.8,1.2,1.8,0.4,5
2024-03-31,2023-24,Manchester City,Arsenal,0,0,D,1818.3,1746.4,71.9,3,2,-1,28,28,4,1,0,5,2.2,1.4,0.6,0.4,5,3.0,4.6,0.4,0.6,5,2.6,2.0,0.7,0.4,10,2.4,3.4,0.8,0.4,10,2.6,2.0,0.6,0.4,5,2.4,4.0,0.6,0.6,5
2024-04-02,2023-24,Newcastle United,Everton,1,1,D,1609.1,1486.2,122.8,8,14,6,29,29,3,2,0,5,1.4,2.4,2.4,0.2,5,0.4,0.8,1.8,0.0,5,1.4,2.6,2.6,0.1,10,0.5,0.6,1.6,0.2,10,1.6,3.0,2.4,0.2,5,0.4,0.4,1.4,0.2,5
2024-04-02,2023-24,Nottingham Forest,Fulham,3,1,H,1458.8,1515.5,-56.7,17,12,-5,30,30,0,3,0,3,0.4,0.8,1.6,0.0,5,2.0,2.4,1.2,0.4,5,0.6,1.2,1.7,0.1,10,1.5,1.8,1.2,0.3,10,0.8,1.2,1.4,0.2,5,1.0,1.6,1.8,0.0,5
2024-04-02,2023-24,Bournemouth,Crystal Palace,1,0,H,1502.1,1491.9,10.2,13,15,2,29,29,1,4,0,5,2.0,2.0,1.4,0.2,5,1.2,1.4,1.2,0.2,5,1.3,1.5,1.8,0.1,10,1.2,1.5,2.1,0.1,10,1.6,1.8,1.6,0.0,5,0.4,0.8,2.8,0.0,5
2024-04-02,2023-24,Burnley,Wolverhampton Wanderers,1,1,D,1413.2,1540.5,-127.3,19,10,-9,30,29,3,1,1,5,1.0,1.2,2.0,0.0,5,1.8,1.0,1.4,0.2,5,0.7,1.1,2.4,0.0,10,1.6,1.5,1.5,0.3,10,1.0,1.0,2.2,0.0,5,1.4,1.2,1.6,0.2,5
2024-04-02,2023-24,West Ham United,Tottenham,1,1,D,1544.6,1644.5,-99.9,8,5,-3,30,29,2,2,1,5,1.6,2.6,2.0,0.0,5,1.8,2.0,1.4,0.2,5,1.0,1.6,2.4,0.0,10,2.0,2.2,1.5,0.1,10,1.2,1.6,2.4,0.0,5,1.0,2.0,2.2,0.2,5
2024-04-03,2023-24,Arsenal,Luton,2,0,H,1751.0,1445.1,305.9,2,18,16,29,30,1,0,0,1,2.6,3.4,0.4,0.6,5,0.4,1.6,2.2,0.0,5,2.5,3.4,0.6,0.5,10,0.6,1.9,2.4,0.1,10,2.4,2.8,1.0,0.2,5,0.4,2.0,3.0,0.0,5
2024-04-03,2023-24,Brentford,Brighton and Hove Albion,0,0,D,1504.3,1579.3,-75.0,17,9,-8,30,29,1,3,1,5,0.4,1.4,2.2,0.0,5,1.4,1.6,1.2,0.4,5,0.5,1.3,2.2,0.1,10,1.2,1.3,1.3,0.4,10,1.0,1.6,2.4,0.0,5,0.6,1.4,2.2,0.2,5
2024-04-03,2023-24,Manchester City,Aston Villa,4,1,H,1813.7,1641.6,172.1,3,4,1,29,30,3,1,1,5,2.2,1.2,0.4,0.6,5,2.0,2.0,1.8,0.2,5,2.4,1.8,0.7,0.4,10,1.7,1.9,1.5,0.3,10,2.2,1.4,0.4,0.6,5,2.2,2.2,0.8,0.4,5
2024-04-04,2023-24,Liverpool,Sheffield United,3,1,H,1775.3,1375.9,399.4,2,20,18,29,29,5,0,0,5,2.6,2.4,0.8,0.2,5,0.4,1.0,3.4,0.0,5,2.5,2.8,1.1,0.2,10,0.6,1.2,3.0,0.0,10,2.6,2.8,1.0,0.0,5,0.8,1.4,1.8,0.0,5
2024-04-04,2023-24,Chelsea,Manchester United,4,3,H,1573.2,1649.9,-76.7,12,6,-6,28,29,0,2,3,5,1.8,2.2,1.6,0.0,5,1.4,1.4,1.4,0.2,5,1.8,2.0,1.9,0.1,10,1.7,1.9,1.5,0.2,10,2.0,2.0,1.8,0.2,5,2.0,2.0,1.8,0.0,5
2024-04-06,2023-24,Wolverhampton Wanderers,West Ham United,1,2,A,1539.7,1544.6,-4.9,11,7,-4,30,31,2,3,0,5,1.4,0.8,1.4,0.2,5,1.2,2.0,1.8,0.0,5,1.4,1.3,1.6,0.2,10,1.0,1.5,2.3,0.0,10,1.8,1.8,1.4,0.4,5,0.8,1.6,2.4,0.0,5
2024-04-06,2023-24,Brighton and Hove Albion,Arsenal,0,3,A,1580.0,1752.7,-172.7,9,2,-7,30,30,2,2,1,5,1.0,0.6,1.2,0.4,5,2.6,2.8,0.4,0.6,5,1.2,1.3,1.3,0.4,10,2.8,3.5,0.4,0.6,10,2.2,2.0,0.8,0.4,5,2.6,3.8,0.2,0.8,5
2024-04-06,2023-24,Luton,Bournemouth,2,1,H,1443.4,1509.0,-65.7,18,12,-6,31,30,0,1,0,1,0.4,1.2,2.0,0.0,5,2.6,2.2,1.2,0.4,5,0.3,1.5,2.6,0.0,10,1.6,1.6,1.4,0.2,10,0.8,1.8,1.8,0.2,5,1.0,1.4,1.8,0.2,5
2024-04-06,2023-24,Aston Villa,Brentford,3,3,D,1638.2,1503.6,134.6,4,17,13,31,31,2,1,2,5,1.4,1.4,2.2,0.2,5,0.6,1.0,1.4,0.2,5,1.6,2.0,1.9,0.2,10,0.6,1.1,1.9,0.2,10,1.2,1.6,2.2,0.2,5,0.6,1.2,1.8,0.2,5
2024-04-06,2023-24,Everton,Burnley,1,0,H,1491.9,1414.0,77.9,14,19,5,30,31,2,2,1,5,0.4,0.8,1.8,0.0,5,1.2,1.4,1.6,0.0,5,0.6,0.7,1.4,0.2,10,0.7,1.1,2.4,0.0,10,0.6,1.0,1.8,0.2,5,0.4,1.2,2.6,0.0,5
2024-04-06,2023-24,Fulham,Newcastle United,0,1,A,1506.7,1603.4,-96.7,13,8,-5,31,30,0,4,1,5,1.4,2.2,1.6,0.4,5,1.4,2.2,2.2,0.2,5,1.5,1.9,1.4,0.3,10,1.5,2.5,2.3,0.1,10,2.0,2.0,0.6,0.6,5,1.2,2.2,2.8,0.0,5
2024-04-06,2023-24,Crystal Palace,Manchester City,2,4,A,1485.0,1817.2,-332.2,15,3,-12,30,30,1,2,2,5,1.0,1.2,1.2,0.2,5,2.2,1.8,0.6,0.4,5,0.9,1.2,2.1,0.1,10,2.4,1.9,0.6,0.4,10,2.0,2.2,1.4,0.2,5,2.6,2.2,1.0,0.2,5
2024-04-07,2023-24,Manchester United,Liverpool,2,2,D,1640.6,1776.4,-135.8,6,2,-4,30,30,1,3,1,5,0.8,1.6,2.0,0.2,5,2.6,2.2,0.8,0.2,5,1.7,2.1,1.7,0.2,10,2.5,2.7,1.0,0.2,10,2.0,2.2,1.2,0.4,5,2.4,2.4,0.8,0.6,5
2024-04-07,2023-24,Sheffield United,Chelsea,2,2,D,1374.8,1582.5,-207.7,20,9,-11,30,29,1,3,1,5,0.4,1.2,3.0,0.0,5,1.8,2.4,2.0,0.0,5,0.6,1.3,3.1,0.0,10,1.8,2.2,2.1,0.1,10,0.4,1.0,4.2,0.0,5,1.6,2.0,2.0,0.0,5
2024-04-07,2023-24,Tottenham,Nottingham Forest,3,1,H,1644.6,1467.5,177.0,5,17,12,30,31,3,0,0,3,2.0,2.0,1.2,0.2,5,1.0,1.0,1.0,0.0,5,1.8,2.0,1.5,0.1,10,0.9,1.3,1.5,0.1,10,2.4,2.2,1.4,0.0,5,0.4,1.2,2.0,0.0,5
2024-04-13,2023-24,Newcastle United,Tottenham,4,0,H,1613.5,1647.9,-34.4,8,4,-4,31,31,2,3,0,5,2.0,2.2,1.4,0.4,5,2.0,2.0,1.2,0.2,5,1.8,2.4,2.0,0.2,10,2.0,2.1,1.4,0.1,10,1.8,2.8,2.0,0.2,5,1.2,1.8,1.6,0.2,5
2024-04-13,2023-24,Brentford,Sheffield United,2,0,H,1509.5,1377.8,131.7,16,20,4,32,31,0,1,0,1,0.6,1.2,1.6,0.2,5,0.6,1.6,3.2,0.0,5,0.7,1.3,1.9,0.2,10,0.6,1.3,3.1,0.0,10,0.6,1.0,2.0,0.2,5,0.8,1.6,2.0,0.0,5
2024-04-13,2023-24,Burnley,Brighton and Hove Albion,1,1,D,1408.7,1572.1,-163.4,19,10,-9,32,31,1,1,3,5,1.2,1.4,1.4,0.0,5,0.8,0.4,1.6,0.4,5,0.7,1.0,2.2,0.0,10,1.1,1.3,1.6,0.3,10,1.0,1.0,2.2,0.0,5,0.8,1.4,1.4,0.4,5
2024-04-13,2023-24,Manchester City,Luton,5,1,H,1821.4,1452.4,369.0,3,18,15,31,32,1,0,0,1,2.2,2.4,1.0,0.2,5,0.8,1.4,2.0,0.0,5,2.4,2.0,0.7,0.4,10,0.5,1.3,2.3,0.0,10,2.2,1.8,0.6,0.4,5,0.2,1.2,2.6,0.0,5
2024-04-13,2023-24,Nottingham Forest,Wolverhampton Wanderers,2,2,D,1464.2,1527.0,-62.9,17,11,-6,32,31,0,1,2,3,1.0,1.2,1.4,0.0,5,0.8,0.8,1.8,0.0,5,0.9,1.3,1.6,0.1,10,1.3,1.4,1.8,0.1,10,1.4,1.6,1.2,0.2,5,1.4,1.4,1.8,0.0,5
2024-04-13,2023-24,Bournemouth,Manchester United,2,2,D,1500.0,1641.6,-141.6,12,7,-5,31,31,2,3,0,5,2.0,2.0,1.6,0.2,5,1.0,1.8,2.0,0.2,5,1.5,1.6,1.5,0.2,10,1.7,2.1,1.7,0.2,10,2.0,1.8,1.4,0.2,5,1.4,1.8,2.0,0.0,5
2024-04-14,2023-24,Arsenal,Aston Villa,0,2,A,1760.7,1632.3,128.4,2,4,2,31,32,4,1,0,5,2.6,2.6,0.2,0.8,5,1.0,1.4,2.4,0.2,5,2.8,3.3,0.4,0.6,10,1.7,2.2,1.9,0.2,10,3.0,3.2,0.6,0.4,5,2.0,2.4,1.6,0.2,5
2024-04-14,2023-24,Liverpool,Crystal Palace,0,1,A,1775.3,1480.8,294.5,3,17,14,31,31,3,0,2,5,2.2,1.8,1.0,0.2,5,0.4,1.0,2.0,0.0,5,2.3,2.5,1.2,0.1,10,0.9,1.4,2.0,0.1,10,2.6,2.6,1.0,0.0,5,0.4,0.8,2.0,0.0,5
2024-04-14,2023-24,West Ham United,Fulham,0,2,A,1557.3,1496.7,60.6,8,13,5,32,32,3,1,1,5,1.2,1.8,1.8,0.0,5,0.8,1.6,1.8,0.2,5,1.2,1.6,2.3,0.0,10,1.4,1.9,1.5,0.2,10,1.2,1.6,2.4,0.0,5,1.0,1.8,2.2,0.0,5
2024-04-15,2023-24,Chelsea,Everton,6,0,H,1579.5,1497.2,82.3,9,14,5,30,31,1,2,2,5,1.8,2.6,2.2,0.0,5,0.8,0.8,1.6,0.2,5,1.6,2.1,2.1,0.1,10,0.8,0.8,1.4,0.2,10,2.0,2.4,2.2,0.2,5,0.4,0.6,1.6,0.0,5
2024-04-20,2023-24,Luton,Brentford,1,5,A,1451.1,1513.7,-62.5,18,16,-2,33,33,0,1,0,1,0.8,1.0,2.2,0.0,5,1.2,1.4,1.2,0.4,5,0.5,1.3,2.5,0.0,10,0.7,1.3,1.9,0.2,10,0.8,1.4,2.0,0.0,5,0.2,1.4,2.4,0.0,5
2024-04-20,2023-24,Sheffield United,Burnley,1,4,A,1373.7,1410.5,-36.8,20,19,-1,32,33,2,2,1,5,0.6,1.6,2.4,0.0,5,1.2,1.2,1.2,0.0,5,0.6,1.1,3.0,0.0,10,0.7,0.9,2.1,0.0,10,0.4,1.0,4.2,0.0,5,0.4,1.0,2.2,0.0,5
2024-04-20,2023-24,Wolverhampton Wanderers,Arsenal,0,2,A,1528.1,1744.9,-216.8,11,2,-9,32,32,0,5,0,5,1.0,1.2,1.6,0.0,5,2.0,1.4,0.6,0.6,5,1.4,1.3,1.6,0.1,10,2.5,3.1,0.5,0.6,10,1.2,1.4,1.8,0.2,5,2.6,4.0,0.0,1.0,5
2024-04-21,2023-24,Everton,Nottingham Forest,2,0,H,1492.0,1463.1,28.9,15,17,2,32,33,1,0,2,3,0.8,0.6,2.2,0.2,5,1.2,1.6,1.6,0.0,5,0.7,0.8,2.0,0.1,10,0.9,1.4,1.7,0.1,10,1.2,1.0,1.2,0.4,5,0.4,1.0,2.0,0.0,5
2024-04-21,2023-24,Aston Villa,Bournemouth,3,1,H,1648.1,1501.2,146.9,4,13,9,33,32,1,3,1,5,1.6,1.8,1.6,0.4,5,2.0,2.0,1.6,0.2,5,1.7,1.9,1.9,0.2,10,1.5,1.7,1.6,0.2,10,1.4,2.0,2.2,0.2,5,1.0,1.4,1.6,0.2,5
2024-04-21,2023-24,Crystal Palace,West Ham United,5,2,H,1498.9,1543.0,-44.0,16,8,-8,32,33,2,1,2,5,1.0,1.0,1.4,0.2,5,1.0,1.4,1.8,0.0,5,0.9,1.2,1.8,0.2,10,1.2,1.6,2.2,0.0,10,1.4,2.0,2.0,0.2,5,1.2,1.6,2.2,0.0,5
2024-04-21,2023-24,Fulham,Liverpool,1,3,A,1511.0,1757.2,-246.2,12,3,-9,33,32,1,2,2,5,1.4,1.8,1.4,0.4,5,1.6,1.6,1.2,0.0,5,1.6,1.9,1.3,0.3,10,2.0,2.1,1.2,0.1,10,1.8,2.0,0.8,0.4,5,2.0,2.4,1.2,0.4,5
2024-04-23,2023-24,Arsenal,Chelsea,5,0,H,1751.7,1584.7,167.0,1,9,8,33,31,3,1,1,5,2.0,1.4,0.4,0.8,5,2.2,3.4,1.8,0.2,5,2.5,3.0,0.4,0.7,10,1.6,2.6,2.1,0.1,10,2.4,2.2,1.0,0.2,5,1.2,1.8,2.0,0.0,5
2024-04-24,2023-24,Manchester United,Sheffield United,4,2,H,1640.4,1361.9,278.5,7,20,13,32,33,3,1,1,5,1.2,2.0,1.8,0.2,5,0.4,1.4,2.8,0.0,5,1.5,1.9,1.6,0.2,10,0.6,1.2,2.9,0.0,10,1.6,2.0,1.2,0.4,5,0.8,1.2,1.8,0.0,5
2024-04-24,2023-24,Everton,Liverpool,2,0,H,1498.5,1763.2,-264.8,14,2,-12,33,33,0,4,1,5,1.4,1.0,1.8,0.4,5,2.0,2.0,1.2,0.0,5,0.9,0.8,1.8,0.2,10,2.3,2.3,1.0,0.1,10,1.6,1.4,1.2,0.4,5,2.0,2.2,1.4,0.2,5
2024-04-24,2023-24,Wolverhampton Wanderers,Bournemouth,0,1,A,1521.3,1497.3,24.0,11,13,2,33,33,3,1,1,5,0.4,0.8,1.8,0.0,5,1.4,1.4,1.6,0.2,5,1.1,0.9,1.6,0.1,10,1.5,1.7,1.6,0.2,10,1.2,0.8,1.4,0.2,5,0.8,1.4,2.0,0.2,5
2024-04-24,2023-24,Crystal Palace,Newcastle United,2,0,H,1507.3,1621.7,-114.3,15,7,-8,33,32,0,2,3,5,1.4,1.8,1.6,0.2,5,2.0,2.4,1.4,0.4,5,1.2,1.6,1.6,0.2,10,1.8,2.5,1.9,0.3,10,1.4,2.4,2.0,0.2,5,1.8,2.0,2.0,0.2,5
2024-04-25,2023-24,Brighton and Hove Albion,Manchester City,0,4,A,1570.3,1822.6,-252.3,11,3,-8,32,32,0,4,1,5,1.0,0.6,1.2,0.4,5,2.2,2.8,1.0,0.2,5,1.2,1.4,1.3,0.3,10,2.4,2.2,0.7,0.4,10,1.6,1.2,1.0,0.4,5,2.6,2.4,1.2,0.2,5
2024-04-27,2023-24,West Ham United,Liverpool,2,2,D,1534.5,1748.8,-214.3,8,3,-5,34,34,1,4,0,5,0.8,1.6,2.6,0.0,5,1.4,1.6,1.4,0.0,5,1.2,1.8,2.1,0.0,10,2.0,2.0,1.1,0.1,10,1.2,1.6,1.6,0.0,5,2.0,2.0,1.2,0.2,5
2024-04-27,2023-24,Fulham,Crystal Palace,1,1,D,1504.9,1517.7,-12.8,13,15,2,34,34,1,1,3,5,0.8,1.4,2.0,0.2,5,1.8,2.0,1.4,0.4,5,1.3,1.7,1.5,0.3,10,1.5,1.7,1.3,0.3,10,1.2,1.6,1.2,0.4,5,1.0,0.8,1.2,0.2,5
2024-04-27,2023-24,Manchester United,Burnley,1,1,D,1642.4,1422.3,220.1,6,19,13,33,34,4,0,1,5,1.2,2.4,2.2,0.0,5,1.2,1.6,1.2,0.0,5,1.5,2.0,1.8,0.1,10,1.0,1.2,1.9,0.0,10,2.0,2.4,1.2,0.4,5,1.0,1.6,1.8,0.0,5
2024-04-27,2023-24,Newcastle United,Sheffield United,5,1,H,1611.3,1359.8,251.4,7,20,13,33,34,4,1,0,5,2.0,2.0,1.2,0.4,5,0.2,1.2,3.0,0.0,5,1.7,2.1,1.7,0.3,10,0.3,1.1,3.2,0.0,10,2.2,2.8,1.2,0.4,5,0.2,1.0,2.4,0.0,5
2024-04-27,2023-24,Wolverhampton Wanderers,Luton,2,1,H,1507.9,1440.0,67.9,13,18,5,34,34,0,0,1,1,0.4,0.8,1.6,0.0,5,0.6,1.0,3.0,0.0,5,1.1,0.9,1.5,0.1,10,0.5,1.3,2.8,0.0,10,1.2,0.8,1.2,0.2,5,0.2,1.2,2.8,0.0,5
2024-04-27,2023-24,Everton,Brentford,1,0,H,1512.9,1524.7,-11.9,14,16,2,34,34,2,2,1,5,2.0,1.2,1.4,0.6,5,1.8,2.2,1.0,0.4,5,1.2,1.0,1.6,0.3,10,1.0,1.7,1.6,0.2,10,2.0,1.4,0.8,0.6,5,0.8,2.4,2.4,0.0,5
2024-04-27,2023-24,Aston Villa,Chelsea,2,2,D,1652.0,1581.2,70.8,4,9,5,34,32,2,3,0,5,2.0,2.2,1.6,0.4,5,1.6,2.8,2.4,0.2,5,2.0,2.1,1.8,0.2,10,1.6,2.5,2.2,0.1,10,2.0,2.4,2.0,0.2,5,1.2,1.6,2.2,0.0,5
2024-04-28,2023-24,Tottenham,Arsenal,2,3,A,1639.8,1755.2,-115.4,5,1,-4,32,34,1,3,1,5,1.4,1.2,2.0,0.0,5,2.4,2.4,0.4,0.8,5,1.7,1.8,1.6,0.1,10,2.5,2.9,0.4,0.7,10,2.4,2.2,1.2,0.0,5,2.6,3.2,0.0,1.0,5
2024-04-28,2023-24,Bournemouth,Brighton and Hove Albion,3,0,H,1510.7,1564.4,-53.7,11,12,1,34,33,1,4,0,5,1.4,1.2,1.4,0.4,5,0.4,0.4,2.0,0.2,5,1.7,1.6,1.4,0.3,10,0.9,1.0,1.6,0.3,10,2.2,2.2,1.6,0.2,5,1.0,1.4,1.2,0.4,5
2024-04-28,2023-24,Nottingham Forest,Manchester City,0,2,A,1456.6,1828.5,-371.9,17,2,-15,34,33,0,2,1,3,1.0,1.4,1.8,0.0,5,2.6,3.4,0.8,0.4,5,0.9,1.2,1.6,0.1,10,2.4,2.4,0.7,0.4,10,1.6,1.6,1.0,0.2,5,2.6,2.6,0.8,0.4,5
2024-05-02,2023-24,Chelsea,Tottenham,2,0,H,1585.7,1630.2,-44.5,9,5,-4,33,33,3,1,1,5,1.6,2.8,2.4,0.2,5,1.4,1.6,2.0,0.0,5,1.7,2.5,2.0,0.1,10,1.6,1.8,1.7,0.1,10,2.0,3.4,2.2,0.2,5,1.0,1.4,2.0,0.2,5
2024-05-03,2023-24,Luton,Everton,1,1,D,1434.5,1520.4,-85.8,18,13,-5,35,35,1,0,0,1,0.6,1.0,3.0,0.0,5,2.4,1.2,1.2,0.8,5,0.5,1.3,2.6,0.0,10,1.4,1.0,1.5,0.4,10,0.8,1.4,2.4,0.0,5,0.4,0.6,2.4,0.0,5
2024-05-04,2023-24,Arsenal,Bournemouth,3,0,H,1764.8,1519.4,245.4,1,10,9,35,35,4,0,1,5,2.4,2.6,0.8,0.6,5,1.4,1.6,1.4,0.4,5,2.5,2.7,0.6,0.6,10,2.0,1.9,1.3,0.4,10,2.4,2.6,0.8,0.4,5,1.4,1.4,1.4,0.4,5
2024-05-04,2023-24,Brentford,Fulham,0,0,D,1517.2,1502.5,14.7,16,14,-2,35,35,2,1,0,3,1.6,2.0,1.0,0.4,5,0.8,1.0,1.6,0.2,5,1.0,1.7,1.6,0.2,10,1.4,1.7,1.4,0.3,10,1.2,1.2,1.4,0.4,5,1.4,1.8,1.8,0.2,5
2024-05-04,2023-24,Burnley,Newcastle United,1,4,A,1429.6,1613.6,-184.0,19,7,-12,35,34,0,5,0,5,1.2,1.4,1.0,0.0,5,2.0,2.2,0.8,0.4,5,1.1,1.3,1.5,0.0,10,1.7,2.3,1.6,0.3,10,1.0,0.8,2.0,0.0,5,1.2,1.4,2.2,0.2,5
2024-05-04,2023-24,Sheffield United,Nottingham Forest,1,3,A,1357.5,1453.2,-95.7,20,17,-3,35,35,0,1,0,1,0.2,1.2,3.4,0.0,5,0.8,1.2,2.0,0.0,5,0.3,1.2,3.2,0.0,10,0.6,1.0,1.8,0.0,10,0.4,1.2,4.0,0.0,5,0.2,0.8,2.2,0.0,5
2024-05-04,2023-24,Manchester City,Wolverhampton Wanderers,5,1,H,1832.0,1513.4,318.5,2,11,9,34,35,4,1,0,5,3.0,3.8,0.8,0.4,5,0.8,1.0,1.6,0.0,5,2.6,2.5,0.6,0.5,10,1.1,0.9,1.5,0.1,10,2.6,2.6,0.6,0.4,5,1.0,1.0,1.8,0.0,5
2024-05-05,2023-24,Brighton and Hove Albion,Aston Villa,1,0,H,1555.7,1647.4,-91.7,14,4,-10,34,35,0,5,0,5,0.4,0.2,2.2,0.2,5,1.6,2.2,2.0,0.2,5,0.9,0.9,1.7,0.3,10,1.8,2.1,1.9,0.2,10,1.4,1.2,1.8,0.2,5,2.0,1.8,1.6,0.2,5
2024-05-05,2023-24,Chelsea,West Ham United,5,0,H,1594.1,1537.7,56.4,8,9,1,34,35,2,2,1,5,1.6,2.4,1.8,0.4,5,1.0,1.4,2.2,0.0,5,1.7,2.4,1.9,0.2,10,1.3,2.0,2.1,0.0,10,2.6,3.4,1.4,0.4,5,1.2,2.0,2.6,0.0,5
2024-05-05,2023-24,Liverpool,Tottenham,4,2,H,1745.6,1621.8,123.8,3,5,2,35,34,2,1,2,5,1.0,1.4,1.6,0.0,5,0.8,1.2,2.2,0.0,5,1.8,1.8,1.2,0.1,10,1.3,1.6,1.8,0.1,10,2.0,2.0,1.0,0.0,5,0.8,1.0,2.0,0.2,5
2024-05-06,2023-24,Crystal Palace,Manchester United,4,0,H,1520.2,1635.2,-115.0,15,8,-7,35,34,2,2,1,5,2.0,2.2,1.4,0.4,5,1.2,2.4,2.2,0.0,5,1.5,1.7,1.3,0.3,10,1.3,1.9,1.8,0.1,10,2.0,2.6,1.4,0.4,5,1.0,1.8,2.2,0.0,5
2024-05-11,2023-24,West Ham United,Luton,3,1,H,1531.9,1434.1,97.8,9,18,9,36,36,1,0,0,1,0.8,1.2,3.0,0.0,5,0.8,1.2,2.8,0.0,5,1.0,1.6,2.4,0.0,10,0.6,1.2,2.4,0.0,10,0.8,1.2,1.6,0.0,5,0.0,1.2,3.0,0.0,5
2024-05-11,2023-24,Wolverhampton Wanderers,Crystal Palace,1,3,A,1511.8,1530.6,-18.9,12,15,3,36,36,1,4,0,5,0.8,1.0,2.2,0.0,5,2.6,2.6,0.6,0.6,5,0.8,0.9,2.0,0.0,10,1.5,1.8,1.3,0.3,10,1.2,1.0,1.4,0.0,5,1.0,0.8,1.2,0.2,5
2024-05-11,2023-24,Tottenham,Burnley,2,1,H,1617.5,1421.9,195.6,5,19,14,35,36,4,1,0,5,0.6,1.4,2.8,0.0,5,1.0,1.4,1.6,0.0,5,1.3,1.7,2.0,0.1,10,1.1,1.4,1.6,0.0,10,1.8,2.2,1.6,0.0,5,1.2,1.8,1.4,0.0,5
2024-05-11,2023-24,Nottingham Forest,Chelsea,2,3,A,1463.3,1599.9,-136.6,17,7,-10,36,35,1,0,2,3,0.8,1.2,2.0,0.0,5,2.0,3.0,1.4,0.6,5,0.9,1.1,1.5,0.0,10,1.9,2.8,1.8,0.3,10,1.0,1.2,1.4,0.0,5,0.8,1.4,2.4,0.0,5
2024-05-11,2023-24,Everton,Sheffield United,1,0,H,1520.8,1347.4,173.4,14,20,6,36,36,2,2,1,5,2.0,1.2,1.4,0.6,5,0.0,1.0,3.6,0.0,5,1.4,1.0,1.5,0.4,10,0.3,1.3,3.4,0.0,10,2.4,1.4,0.6,0.8,5,0.2,1.2,3.2,0.0,5
2024-05-11,2023-24,Bournemouth,Brentford,1,2,A,1517.0,1514.0,3.0,11,16,5,36,36,0,1,2,3,1.4,1.4,1.6,0.4,5,1.6,2.0,1.0,0.4,5,1.7,1.7,1.6,0.3,10,1.1,1.5,1.2,0.3,10,2.6,2.4,1.2,0.4,5,0.8,2.0,1.8,0.0,5
2024-05-11,2023-24,Fulham,Manchester City,0,4,A,1505.7,1833.6,-327.9,15,2,-13,36,35,0,5,0,5,1.0,0.8,1.0,0.4,5,3.0,4.0,0.8,0.4,5,1.2,1.5,1.3,0.4,10,2.6,2.9,0.7,0.4,10,1.4,1.6,1.0,0.4,5,2.6,2.4,0.6,0.6,5
2024-05-11,2023-24,Newcastle United,Brighton and Hove Albion,1,1,D,1621.2,1565.5,55.7,7,12,5,35,35,2,1,2,5,2.4,2.8,0.8,0.4,5,0.8,0.4,2.2,0.2,5,1.9,2.5,1.5,0.3,10,0.9,0.5,1.7,0.3,10,2.6,3.4,1.0,0.4,5,0.4,0.4,1.8,0.2,5
2024-05-12,2023-24,Manchester United,Arsenal,0,1,A,1624.7,1767.2,-142.4,8,2,-6,35,36,2,3,0,5,1.2,1.8,2.2,0.0,5,2.4,2.6,0.8,0.6,5,1.0,1.7,2.1,0.1,10,2.5,2.6,0.5,0.7,10,1.6,2.0,1.4,0.2,5,2.6,2.8,0.4,0.8,5
2024-05-13,2023-24,Aston Villa,Liverpool,3,3,D,1637.6,1750.0,-112.3,4,3,-1,36,36,0,4,1,5,1.6,2.0,1.4,0.2,5,1.4,1.8,1.6,0.0,5,1.5,1.7,1.8,0.2,10,1.8,1.8,1.3,0.1,10,1.6,2.0,2.0,0.2,5,1.6,1.6,1.4,0.2,5
2024-05-14,2023-24,Tottenham,Manchester City,0,2,A,1620.6,1837.8,-217.3,5,2,-3,36,36,3,1,1,5,0.6,1.2,2.8,0.0,5,3.0,4.0,0.4,0.6,5,1.3,1.6,2.0,0.1,10,2.6,3.2,0.7,0.4,10,2.4,2.4,1.4,0.0,5,2.6,3.0,0.6,0.6,5
2024-05-15,2023-24,Brighton and Hove Albion,Chelsea,1,2,A,1569.7,1608.9,-39.2,10,7,-3,36,36,2,1,2,5,1.0,0.6,1.8,0.2,5,2.0,2.4,1.8,0.4,5,0.9,0.5,1.7,0.3,10,2.1,2.9,1.8,0.3,10,1.4,0.6,1.6,0.4,5,1.2,1.8,2.6,0.0,5
2024-05-15,2023-24,Manchester United,Newcastle United,3,2,H,1616.0,1617.0,-1.1,8,7,-1,36,36,1,2,2,5,1.0,1.4,2.0,0.0,5,2.0,2.8,1.0,0.2,5,1.0,1.6,2.0,0.1,10,2.0,2.5,1.2,0.3,10,1.6,1.8,1.2,0.2,5,1.2,1.6,2.0,0.2,5
2024-05-19,2023-24,Sheffield United,Tottenham,0,3,A,1343.9,1613.8,-269.9,20,5,-15,37,37,1,3,1,5,0.0,1.0,3.4,0.0,5,0.6,1.2,2.4,0.0,5,0.3,1.3,2.9,0.0,10,1.0,1.2,2.2,0.0,10,0.4,1.4,3.6,0.0,5,0.2,0.6,2.8,0.0,5
2024-05-19,2023-24,Manchester City,West Ham United,3,1,H,1844.6,1536.8,307.8,1,9,8,37,37,4,0,1,5,3.0,3.4,0.2,0.8,5,0.8,1.4,3.0,0.0,5,2.6,3.1,0.6,0.5,10,1.0,1.6,2.4,0.0,10,2.6,3.4,0.8,0.2,5,1.2,2.0,3.2,0.0,5
2024-05-19,2023-24,Luton,Fulham,2,4,A,1429.3,1501.4,-72.2,18,15,-3,37,37,0,1,0,1,0.2,1.0,3.2,0.0,5,1.0,0.8,1.6,0.4,5,0.5,1.2,2.6,0.0,10,0.9,1.2,1.7,0.3,10,1.0,1.4,2.2,0.0,5,1.0,1.4,1.6,0.4,5
2024-05-19,2023-24,Crystal Palace,Aston Villa,5,0,H,1542.9,1638.0,-95.1,14,4,-10,37,37,1,3,1,5,2.6,3.0,0.8,0.4,5,1.6,2.0,1.4,0.2,5,1.8,2.0,1.1,0.3,10,1.3,1.7,1.9,0.2,10,2.0,2.8,1.4,0.4,5,1.4,1.4,1.6,0.2,5
2024-05-19,2023-24,Liverpool,Wolverhampton Wanderers,2,0,H,1749.6,1499.5,250.1,3,15,12,37,37,4,1,0,5,1.6,2.4,2.0,0.0,5,0.6,0.8,2.4,0.0,5,1.6,2.0,1.6,0.0,10,0.8,1.0,2.0,0.0,10,2.0,2.0,1.2,0.0,5,0.4,0.8,2.6,0.0,5
2024-05-19,2023-24,Burnley,Nottingham Forest,1,2,A,1418.8,1454.4,-35.5,19,17,-2,37,37,0,0,1,1,1.0,1.6,1.8,0.0,5,0.8,1.4,2.0,0.0,5,1.1,1.5,1.6,0.0,10,0.9,1.3,1.7,0.0,10,1.0,1.0,1.8,0.0,5,0.8,1.0,1.6,0.0,5
2024-05-19,2023-24,Brighton and Hove Albion,Manchester United,0,2,A,1558.0,1623.2,-65.2,11,8,-3,37,37,4,1,0,5,0.8,0.6,2.0,0.2,5,1.4,1.6,2.0,0.0,5,0.9,0.6,1.6,0.3,10,1.3,1.8,1.9,0.1,10,1.2,0.6,1.8,0.4,5,0.4,1.4,2.8,0.0,5
2024-05-19,2023-24,Brentford,Newcastle United,2,4,A,1526.9,1609.8,-82.9,16,8,-8,37,37,0,4,1,5,2.0,1.8,0.6,0.4,5,1.4,2.4,1.6,0.0,5,1.3,1.5,1.1,0.3,10,1.7,2.4,1.5,0.2,10,1.4,1.0,0.6,0.6,5,1.2,1.8,1.8,0.2,5
2024-05-19,2023-24,Arsenal,Everton,2,1,H,1776.0,1524.2,251.7,2,12,10,37,37,3,2,0,5,3.0,2.8,0.4,0.8,5,2.6,1.4,0.2,0.8,5,2.5,2.1,0.5,0.7,10,1.7,1.0,1.2,0.5,10,2.4,2.4,0.6,0.6,5,0.4,0.6,2.4,0.0,5
2024-05-19,2023-24,Chelsea,Bournemouth,2,1,H,1620.6,1504.1,116.5,7,13,6,37,37,2,1,2,5,2.6,2.8,1.0,0.4,5,1.2,1.2,1.6,0.4,5,2.1,2.8,1.7,0.3,10,1.6,1.6,1.6,0.3,10,2.6,3.8,1.0,0.6,5,1.2,1.0,1.6,0.4,5
2024-08-16,2024-25,Manchester United,Fulham,1,0,H,1634.2,1512.2,121.9,1,1,0,0,0,3,1,1,5,1.4,1.2,1.6,0.2,5,1.0,1.2,2.0,0.2,5,1.3,1.8,1.9,0.1,10,1.2,1.5,1.7,0.3,10,1.6,2.0,1.6,0.0,5,1.6,2.0,1.6,0.4,5
2024-08-17,2024-25,West Ham United,Aston Villa,1,2,A,1535.1,1628.1,-93.1,3,3,0,0,0,2,1,2,5,0.8,1.6,3.2,0.0,5,1.0,1.6,2.4,0.0,5,0.9,1.5,2.5,0.0,10,1.3,1.7,2.0,0.2,10,1.2,1.4,1.4,0.0,5,0.8,0.8,2.2,0.2,5
2024-08-17,2024-25,Nottingham Forest,Bournemouth,1,1,D,1466.2,1499.7,-33.5,5,5,0,0,0,0,2,2,4,1.2,1.4,1.8,0.0,5,1.2,1.2,1.4,0.4,5,1.2,1.5,1.7,0.0,10,1.3,1.3,1.5,0.3,10,1.0,1.6,1.8,0.0,5,0.6,0.8,2.0,0.2,5
2024-08-17,2024-25,Newcastle United,Southampton,1,0,H,1620.3,1397.1,223.2,7,7,0,0,0,4,0,1,5,2.0,3.2,1.6,0.0,5,0.2,1.8,3.2,0.0,5,2.0,2.6,1.4,0.2,10,0.2,1.3,2.7,0.0,10,2.2,3.0,1.2,0.2,5,0.2,1.6,2.8,0.0,5
2024-08-17,2024-25,Everton,Brighton and Hove Albion,0,3,A,1521.9,1547.0,-25.1,9,9,0,0,0,1,2,2,5,2.0,1.2,0.6,0.6,5,0.8,0.6,1.6,0.2,5,1.7,1.1,1.2,0.5,10,0.6,0.5,1.8,0.2,10,3.0,1.4,0.0,1.0,5,0.6,0.6,1.4,0.2,5
2024-08-17,2024-25,Ipswich Town,Liverpool,0,2,A,1500.0,1751.9,-251.9,11,11,0,0,0,0,0,0,0,0.0,0.0,0.0,0.0,0,1.6,2.2,1.8,0.2,5,0.0,0.0,0.0,0.0,0,1.8,2.1,1.5,0.1,10,0.0,0.0,0.0,0.0,0,1.2,2.0,2.0,0.0,5
2024-08-17,2024-25,Arsenal,Wolverhampton Wanderers,2,0,H,1778.3,1497.1,281.2,13,13,0,0,0,5,0,0,5,3.0,2.8,0.6,0.6,5,0.6,0.8,2.4,0.0,5,2.5,2.1,0.5,0.7,10,0.5,0.8,2.1,0.0,10,2.4,2.4,0.6,0.6,5,0.4,0.8,2.4,0.0,5
2024-08-18,2024-25,Brentford,Crystal Palace,2,1,H,1516.4,1552.8,-36.4,15,15,0,0,0,0,1,4,5,1.4,1.8,1.4,0.2,5,2.6,3.0,0.4,0.6,5,1.3,1.6,1.3,0.3,10,2.0,2.4,1.0,0.4,10,1.2,1.0,1.0,0.6,5,1.6,1.2,0.8,0.2,5
2024-08-18,2024-25,Chelsea,Manchester City,0,2,A,1625.1,1846.3,-221.3,17,17,0,0,0,0,3,2,5,3.0,2.8,0.8,0.4,5,3.0,3.2,0.4,0.6,5,2.3,2.8,1.6,0.3,10,2.8,3.3,0.6,0.5,10,3.0,3.8,0.8,0.6,5,3.0,3.2,0.4,0.8,5
2024-08-19,2024-25,Leicester City,Tottenham,1,1,D,1483.2,1619.3,-136.1,19,19,0,0,0,1,4,0,5,1.0,1.4,2.2,0.2,5,1.2,1.4,1.8,0.2,5,0.9,1.2,1.9,0.1,10,1.3,1.5,1.9,0.1,10,1.4,1.2,1.6,0.0,5,0.8,1.2,2.2,0.2,5
2024-08-24,2024-25,Aston Villa,Arsenal,0,2,A,1638.3,1780.3,-142.0,5,3,-2,1,1,2,3,0,5,1.0,1.4,2.4,0.0,5,3.0,2.2,0.6,0.6,5,1.5,1.8,2.0,0.2,10,2.7,2.3,0.5,0.7,10,1.8,2.6,1.8,0.2,5,2.6,1.8,0.4,0.8,5
2024-08-24,2024-25,Tottenham,Everton,4,0,H,1618.3,1509.8,108.5,12,20,8,1,1,3,0,2,5,1.4,1.6,1.6,0.2,5,1.4,0.8,1.2,0.4,5,1.1,1.4,1.9,0.1,10,1.7,1.0,1.3,0.5,10,1.8,1.8,1.6,0.0,5,0.4,0.8,2.4,0.0,5
2024-08-24,2024-25,Southampton,Nottingham Forest,0,1,A,1394.4,1464.3,-69.9,16,10,-6,1,1,0,2,0,2,0.2,1.6,2.8,0.0,5,1.4,1.6,1.6,0.0,5,0.2,1.3,2.7,0.0,10,1.2,1.5,1.7,0.0,10,0.2,1.0,2.6,0.0,5,1.4,1.4,1.6,0.0,5
2024-08-24,2024-25,Crystal Palace,West Ham United,0,2,A,1544.6,1524.9,19.7,14,13,-1,1,1,3,1,1,5,2.0,2.8,0.8,0.4,5,0.8,1.4,2.6,0.0,5,1.9,2.4,1.1,0.4,10,0.8,1.5,2.6,0.0,10,2.4,3.6,1.2,0.6,5,0.6,1.6,3.6,0.0,5
2024-08-24,2024-25,Fulham,Leicester City,2,1,H,1507.9,1484.2,23.6,14,13,-1,1,1,3,2,0,5,1.0,1.0,1.6,0.2,5,1.0,1.2,2.0,0.2,5,0.9,1.2,1.8,0.2,10,1.0,1.2,1.8,0.1,10,0.8,1.0,1.8,0.2,5,0.4,1.2,2.2,0.2,5
2024-08-24,2024-25,Brighton and Hove Albion,Manchester United,2,1,H,1559.1,1638.5,-79.5,4,9,5,1,1,4,1,0,5,1.4,1.2,1.0,0.4,5,1.8,1.2,1.4,0.4,5,0.9,0.7,1.6,0.3,10,1.5,1.8,1.8,0.2,10,0.6,0.4,2.2,0.2,5,1.0,1.6,2.2,0.2,5
2024-08-24,2024-25,Manchester City,Ipswich Town,4,1,H,1853.0,1494.1,358.9,6,16,10,1,1,0,0,0,0,3.0,3.2,0.4,0.6,5,0.0,0.0,2.0,0.0,1,3.0,3.5,0.6,0.5,10,0.0,0.0,2.0,0.0,1,2.6,3.4,0.8,0.2,5,0.0,0.0,0.0,0.0,0
2024-08-25,2024-25,Bournemouth,Newcastle United,1,1,D,1501.5,1623.0,-121.4,13,9,-4,1,1,1,1,3,5,0.8,1.2,1.6,0.2,5,2.0,2.4,1.4,0.2,5,1.1,1.2,1.5,0.3,10,2.0,2.3,1.1,0.3,10,2.0,1.8,1.0,0.4,5,1.8,2.2,1.6,0.2,5
2024-08-25,2024-25,Wolverhampton Wanderers,Chelsea,2,6,A,1495.1,1618.4,-123.3,16,17,1,1,1,3,1,1,5,0.6,0.8,2.6,0.0,5,2.4,2.4,1.2,0.2,5,0.5,0.8,2.1,0.0,10,2.0,2.4,1.5,0.3,10,0.6,0.8,1.8,0.0,5,1.6,1.8,2.4,0.0,5
2024-08-25,2024-25,Liverpool,Brentford,2,0,H,1757.8,1524.6,233.2,8,10,2,1,1,4,1,0,5,2.2,2.6,1.4,0.4,5,1.4,1.2,1.4,0.2,5,1.8,2.1,1.4,0.2,10,1.6,1.7,1.2,0.3,10,2.4,2.2,1.0,0.2,5,1.4,2.2,1.6,0.0,5
2024-08-31,2024-25,Arsenal,Brighton and Hove Albion,1,1,D,1789.1,1568.5,220.6,4,2,-2,2,2,3,2,0,5,3.0,2.0,0.2,0.8,5,1.4,1.4,1.2,0.2,5,2.7,2.3,0.5,0.7,10,1.1,0.9,1.7,0.2,10,2.4,2.4,0.6,0.6,5,1.2,1.0,1.0,0.4,5
2024-08-31,2024-25,Brentford,Southampton,3,1,H,1522.1,1383.5,138.5,13,16,3,2,2,3,1,0,4,1.4,1.2,1.6,0.2,5,0.2,1.0,2.2,0.0,5,1.5,1.6,1.3,0.3,10,0.2,1.2,2.4,0.0,10,1.6,1.2,1.0,0.6,5,0.2,1.6,2.8,0.0,5
2024-08-31,2024-25,Everton,Bournemouth,2,3,A,1505.1,1502.2,3.0,20,14,-6,2,2,2,3,0,5,0.8,0.6,2.0,0.2,5,0.4,0.8,1.8,0.0,5,1.6,0.9,1.6,0.5,10,0.9,1.2,1.6,0.2,10,2.4,1.2,0.6,0.8,5,0.8,0.8,1.8,0.2,5
2024-08-31,2024-25,Ipswich Town,Fulham,1,1,D,1492.8,1514.5,-21.7,18,13,-5,2,2,0,0,0,0,0.0,0.5,3.0,0.0,2,1.4,1.2,1.6,0.2,5,0.0,0.5,3.0,0.0,2,1.1,1.1,1.6,0.2,10,0.0,0.0,2.0,0.0,1,1.4,1.4,1.2,0.4,5
2024-08-31,2024-25,Leicester City,Aston Villa,1,2,A,1477.7,1629.5,-151.9,15,14,-1,2,2,2,2,1,5,1.0,0.8,1.4,0.2,5,0.8,1.0,2.4,0.0,5,1.0,1.3,1.9,0.1,10,1.2,1.6,2.2,0.1,10,1.6,1.4,1.6,0.0,5,1.2,1.0,2.2,0.2,5
2024-08-31,2024-25,Nottingham Forest,Wolverhampton Wanderers,1,1,D,1475.2,1485.8,-10.6,9,19,10,2,2,0,1,3,4,2.0,1.8,1.2,0.2,5,0.0,0.8,3.6,0.0,5,1.4,1.5,1.6,0.1,10,0.4,0.9,2.6,0.0,10,1.0,1.6,1.8,0.0,5,0.4,0.8,2.4,0.0,5
2024-08-31,2024-25,West Ham United,Manchester City,1,3,A,1538.2,1854.3,-316.1,13,3,-10,2,2,0,4,1,5,1.2,1.4,2.2,0.2,5,3.0,3.0,0.4,0.6,5,1.1,1.4,2.2,0.1,10,3.0,3.5,0.6,0.5,10,1.0,1.4,1.6,0.0,5,3.0,2.8,0.0,1.0,5
2024-09-01,2024-25,Manchester United,Liverpool,0,3,A,1629.1,1760.4,-131.3,13,4,-9,2,2,1,2,2,5,1.8,1.4,1.0,0.4,5,2.6,2.6,1.0,0.6,5,1.5,1.6,1.6,0.2,10,1.8,2.0,1.3,0.3,10,2.0,1.8,1.2,0.2,5,1.6,2.0,1.6,0.2,5
2024-09-01,2024-25,Newcastle United,Tottenham,2,1,H,1622.4,1622.9,-0.5,10,9,-1,2,2,3,2,0,5,1.6,1.8,1.4,0.2,5,2.0,2.0,0.8,0.4,5,2.0,2.3,1.1,0.3,10,1.3,1.7,1.8,0.2,10,2.2,2.4,0.6,0.4,5,0.8,1.2,2.2,0.2,5
2024-09-01,2024-25,Chelsea,Crystal Palace,1,1,D,1627.8,1531.3,96.5,12,18,6,2,2,5,0,0,5,2.4,2.6,1.6,0.0,5,1.8,2.6,1.0,0.4,5,2.2,2.8,1.5,0.3,10,1.9,2.4,1.2,0.4,10,2.4,3.0,0.6,0.6,5,1.4,1.2,1.0,0.2,5
2024-09-14,2024-25,Southampton,Manchester United,0,3,A,1379.5,1620.0,-240.6,19,14,-5,3,3,0,2,3,5,0.2,1.2,2.4,0.0,5,1.8,1.4,1.4,0.4,5,0.2,1.3,2.5,0.0,10,1.4,1.4,1.7,0.2,10,0.2,0.8,2.0,0.0,5,0.8,1.6,2.4,0.2,5
2024-09-14,2024-25,Brighton and Hove Albion,Ipswich Town,0,0,D,1575.8,1490.6,85.2,3,17,14,3,3,0,0,0,0,1.4,1.4,1.2,0.2,5,0.3333333333333333,0.6666666666666666,2.3333333333333335,0.0,3,1.2,1.0,1.5,0.2,10,0.3333333333333333,0.6666666666666666,2.3333333333333335,0.0,3,1.2,0.8,1.8,0.2,5,0.0,1.0,4.0,0.0,1
2024-09-14,2024-25,Crystal Palace,Leicester City,2,2,D,1536.4,1469.1,67.3,17,16,-1,3,3,1,2,2,5,1.4,2.0,1.2,0.2,5,1.0,1.0,1.2,0.2,5,2.0,2.3,0.9,0.4,10,1.0,1.3,1.8,0.1,10,2.4,3.2,0.8,0.6,5,0.4,1.2,2.2,0.2,5
2024-09-14,2024-25,Fulham,West Ham United,1,1,D,1516.7,1533.7,-17.0,13,14,1,3,3,2,2,1,5,1.4,1.4,1.8,0.0,5,1.2,1.6,1.8,0.2,5,1.2,1.1,1.4,0.2,10,1.0,1.4,2.4,0.1,10,0.8,0.8,2.0,0.0,5,1.2,1.4,2.8,0.2,5
2024-09-14,2024-25,Liverpool,Nottingham Forest,0,1,A,1769.5,1472.6,296.9,2,10,8,3,3,3,1,0,4,2.6,2.4,0.6,0.8,5,1.6,1.4,1.2,0.2,5,2.0,2.1,1.1,0.4,10,1.2,1.3,1.6,0.1,10,2.4,2.2,0.8,0.4,5,1.8,1.4,1.4,0.2,5
2024-09-14,2024-25,Manchester City,Brentford,2,1,H,1858.8,1526.1,332.7,1,7,6,3,3,3,2,0,5,3.0,2.8,0.6,0.4,5,1.8,1.8,1.8,0.0,5,3.0,3.4,0.5,0.5,10,1.7,1.9,1.4,0.2,10,3.0,4.2,1.0,0.0,5,1.4,2.0,1.6,0.0,5
2024-09-14,2024-25,Aston Villa,Everton,3,2,H,1638.1,1492.3,145.8,9,20,11,3,3,4,0,1,5,1.4,1.4,2.4,0.0,5,0.6,0.8,2.4,0.2,5,1.5,1.7,1.9,0.1,10,1.3,1.0,1.9,0.4,10,1.2,2.2,2.2,0.0,5,0.4,0.6,2.8,0.0,5
2024-09-14,2024-25,Bournemouth,Chelsea,0,1,A,1515.0,1622.6,-107.6,10,13,3,3,3,0,3,2,5,1.0,1.4,1.6,0.0,5,2.0,2.2,1.4,0.0,5,1.2,1.4,1.6,0.2,10,2.0,2.3,1.6,0.2,10,1.6,1.6,1.0,0.4,5,2.0,2.6,2.4,0.0,5
2024-09-15,2024-25,Tottenham,Arsenal,0,1,A,1615.7,1781.8,-166.1,13,6,-7,3,3,1,3,1,5,1.4,1.8,1.0,0.4,5,2.6,1.6,0.4,0.6,5,1.0,1.5,1.9,0.2,10,2.5,2.1,0.6,0.6,10,1.8,2.2,1.4,0.2,5,3.0,2.2,0.4,0.8,5
2024-09-15,2024-25,Wolverhampton Wanderers,Newcastle United,1,2,A,1488.3,1629.6,-141.2,18,8,-10,3,3,0,3,2,5,0.2,0.8,2.8,0.0,5,2.0,2.0,1.4,0.2,5,0.5,0.9,2.5,0.0,10,2.0,2.4,1.2,0.2,10,0.6,1.0,2.6,0.0,5,1.4,2.2,1.8,0.0,5
2024-09-21,2024-25,Tottenham,Brentford,3,1,H,1607.6,1524.6,83.0,13,9,-4,4,4,1,1,3,5,1.4,1.8,0.8,0.4,5,1.2,1.6,2.0,0.0,5,1.0,1.5,1.6,0.2,10,1.6,1.7,1.3,0.2,10,1.2,1.6,1.4,0.2,5,1.2,1.6,1.4,0.0,5
2024-09-21,2024-25,Crystal Palace,Manchester United,0,0,D,1531.9,1626.2,-94.3,16,10,-6,4,4,3,1,1,5,1.0,1.8,1.4,0.2,5,1.8,1.4,1.0,0.6,5,1.8,2.4,1.1,0.3,10,1.6,1.5,1.5,0.3,10,2.0,2.6,0.8,0.6,5,1.4,1.6,1.6,0.4,5
2024-09-21,2024-25,Southampton,Ipswich Town,1,1,D,1373.3,1495.4,-122.1,19,17,-2,4,4,0,0,0,0,0.2,1.0,2.4,0.0,5,0.5,0.5,1.75,0.25,4,0.1,1.0,2.5,0.0,10,0.5,0.5,1.75,0.25,4,0.2,0.8,2.2,0.0,5,0.5,0.5,2.0,0.5,2
2024-09-21,2024-25,Liverpool,Bournemouth,3,0,H,1751.3,1505.3,246.1,4,12,8,4,4,4,1,0,5,2.4,1.8,0.2,0.8,5,1.0,1.2,1.4,0.0,5,2.0,2.1,1.1,0.4,10,1.1,1.2,1.5,0.2,10,1.8,1.6,0.8,0.4,5,1.4,1.2,1.6,0.2,5
2024-09-21,2024-25,Leicester City,Everton,1,1,D,1473.6,1488.4,-14.7,17,20,3,4,4,1,1,3,5,1.0,1.4,1.6,0.0,5,0.0,1.0,3.0,0.0,5,0.8,1.3,1.9,0.1,10,1.3,1.2,1.6,0.4,10,1.0,1.2,1.8,0.0,5,0.2,0.8,3.2,0.0,5
2024-09-21,2024-25,Fulham,Newcastle United,3,1,H,1514.3,1638.4,-124.1,12,4,-8,4,4,0,5,0,5,1.6,1.6,1.2,0.0,5,2.6,2.0,1.0,0.2,5,1.3,1.2,1.4,0.2,10,2.0,2.2,1.3,0.1,10,1.0,1.0,2.0,0.0,5,2.0,2.6,1.6,0.0,5
2024-09-21,2024-25,Aston Villa,Wolverhampton Wanderers,3,1,H,1642.0,1479.5,162.5,5,18,13,4,4,1,2,2,5,1.8,1.4,2.2,0.0,5,0.2,0.8,2.6,0.0,5,1.7,1.7,1.8,0.1,10,0.4,0.8,2.5,0.0,10,1.6,2.2,2.0,0.0,5,0.4,0.8,2.4,0.0,5
2024-09-21,2024-25,West Ham United,Chelsea,0,3,A,1536.0,1632.4,-96.4,14,10,-4,4,4,1,3,1,5,0.8,1.2,1.8,0.2,5,2.0,2.0,1.2,0.2,5,0.8,1.3,2.4,0.1,10,2.3,2.4,1.1,0.3,10,0.8,1.4,2.0,0.0,5,2.6,2.8,1.4,0.2,5
2024-09-22,2024-25,Brighton and Hove Albion,Nottingham Forest,2,2,D,1570.9,1490.8,80.1,7,9,2,4,4,2,1,1,4,1.6,1.2,0.8,0.4,5,2.2,1.2,0.6,0.4,5,1.2,0.9,1.4,0.3,10,1.5,1.3,1.3,0.2,10,1.4,0.8,1.0,0.4,5,2.4,1.4,0.8,0.4,5
2024-09-22,2024-25,Manchester City,Arsenal,2,2,D,1860.3,1789.9,70.4,2,5,3,4,4,3,1,1,5,3.0,2.8,0.8,0.2,5,2.6,1.6,0.4,0.6,5,3.0,3.1,0.5,0.5,10,2.8,2.2,0.4,0.7,10,3.0,3.8,1.0,0.0,5,3.0,1.8,0.4,0.8,5
2024-09-28,2024-25,Newcastle United,Manchester City,1,1,D,1627.7,1855.8,-228.1,6,1,-5,5,5,0,4,1,5,2.0,1.4,1.2,0.2,5,2.6,2.6,1.0,0.2,5,2.0,2.3,1.4,0.1,10,2.8,2.9,0.7,0.4,10,2.6,2.6,0.6,0.4,5,3.0,2.6,0.2,0.8,5
2024-09-28,2024-25,Arsenal,Leicester City,4,2,H,1794.5,1471.2,323.3,4,15,11,5,5,5,0,0,5,2.2,1.6,0.6,0.6,5,0.6,1.2,1.6,0.0,5,2.6,2.2,0.6,0.6,10,0.8,1.3,1.9,0.1,10,2.6,2.6,0.4,0.6,5,0.6,1.4,2.0,0.2,5
2024-09-28,2024-25,Brentford,West Ham United,1,1,D,1519.4,1525.9,-6.5,12,14,2,5,5,4,1,0,5,1.2,1.4,1.8,0.0,5,0.8,1.0,1.8,0.2,5,1.3,1.6,1.6,0.1,10,0.8,1.3,2.5,0.1,10,2.0,1.8,1.2,0.4,5,0.8,1.2,2.8,0.2,5
2024-09-28,2024-25,Chelsea,Brighton and Hove Albion,4,2,H,1642.5,1566.1,76.4,6,7,1,5,5,2,2,1,5,2.0,2.2,1.0,0.4,5,1.8,1.6,0.8,0.4,5,2.5,2.5,0.9,0.4,10,1.3,1.1,1.2,0.3,10,2.0,2.0,0.8,0.4,5,1.2,1.2,1.2,0.2,5
2024-09-28,2024-25,Everton,Crystal Palace,2,1,H,1490.8,1531.8,-41.0,19,15,-4,5,5,3,0,2,5,0.2,1.0,2.8,0.0,5,0.6,0.8,1.4,0.2,5,1.1,1.1,1.7,0.3,10,1.6,1.9,0.9,0.4,10,1.8,1.2,1.2,0.6,5,1.6,1.4,1.0,0.2,5
2024-09-28,2024-25,Nottingham Forest,Fulham,0,1,A,1495.6,1525.0,-29.5,8,9,1,5,5,1,3,0,4,1.8,1.2,0.8,0.4,5,1.6,1.4,1.0,0.0,5,1.5,1.3,1.3,0.2,10,1.3,1.3,1.5,0.1,10,0.6,1.2,1.8,0.0,5,1.6,1.4,0.8,0.4,5
2024-09-28,2024-25,Wolverhampton Wanderers,Liverpool,1,2,A,1475.9,1753.7,-277.9,20,4,-16,5,5,1,4,0,5,0.2,1.0,2.8,0.0,5,2.4,2.0,0.2,0.8,5,0.4,0.9,2.6,0.0,10,2.0,2.1,1.0,0.5,10,0.6,1.2,2.6,0.0,5,1.6,2.0,1.4,0.4,5
2024-09-29,2024-25,Manchester United,Tottenham,0,3,A,1626.4,1612.7,13.6,11,10,-1,5,5,2,1,2,5,1.4,1.0,1.0,0.6,5,1.4,1.8,1.0,0.2,5,1.4,1.1,1.3,0.4,10,1.3,1.6,1.4,0.2,10,1.4,1.0,1.4,0.2,5,0.8,1.4,1.8,0.2,5
2024-09-29,2024-25,Ipswich Town,Aston Villa,2,2,D,1494.8,1645.6,-150.8,18,5,-13,5,5,0,0,0,0,0.6,0.6,1.6,0.2,5,2.4,2.0,1.4,0.0,5,0.6,0.6,1.6,0.2,5,1.7,1.8,1.9,0.0,10,0.5,0.5,1.5,0.0,2,1.8,1.2,1.6,0.2,5
2024-09-30,2024-25,Bournemouth,Southampton,3,1,H,1502.9,1373.9,128.9,13,19,6,5,5,2,2,1,5,1.0,1.0,1.6,0.0,5,0.2,0.4,1.8,0.0,5,1.1,1.1,1.5,0.2,10,0.2,1.1,2.5,0.0,10,1.0,1.4,1.2,0.2,5,0.0,1.2,2.8,0.0,5
2024-10-05,2024-25,Crystal Palace,Liverpool,0,1,A,1523.4,1759.0,-235.6,18,1,-17,6,6,1,2,2,5,0.6,0.8,1.4,0.2,5,2.4,2.0,0.4,0.6,5,1.3,1.8,1.1,0.3,10,2.3,2.3,0.9,0.5,10,1.6,2.2,0.8,0.6,5,2.2,2.4,1.2,0.4,5
2024-10-05,2024-25,Arsenal,Southampton,3,1,H,1796.1,1369.7,426.4,3,19,16,6,6,2,1,2,5,2.2,2.0,1.0,0.4,5,0.2,0.6,2.2,0.0,5,2.6,2.1,0.8,0.5,10,0.2,1.1,2.5,0.0,10,2.6,2.4,0.8,0.4,5,0.0,1.2,2.8,0.0,5
2024-10-05,2024-25,Brentford,Wolverhampton Wanderers,5,3,H,1516.8,1470.6,46.2,12,19,7,6,6,1,3,1,5,0.8,1.2,1.8,0.0,5,0.2,1.2,2.8,0.0,5,1.1,1.2,1.6,0.1,10,0.4,1.0,2.7,0.0,10,1.6,1.6,1.4,0.2,5,0.2,0.6,2.6,0.0,5
2024-10-05,2024-25,Leicester City,Bournemouth,1,0,H,1469.6,1507.1,-37.5,17,12,-5,6,6,2,3,0,5,0.4,1.4,2.2,0.0,5,1.4,1.4,1.6,0.0,5,0.7,1.3,2.1,0.1,10,1.1,1.3,1.6,0.1,10,1.0,1.0,1.6,0.0,5,0.8,1.0,2.2,0.0,5
2024-10-05,2024-25,Manchester City,Fulham,3,2,H,1852.2,1537.0,315.2,3,6,3,6,6,5,0,0,5,2.2,2.4,1.2,0.0,5,2.2,1.6,0.8,0.2,5,2.6,2.8,0.8,0.3,10,1.6,1.3,1.2,0.2,10,2.6,3.2,1.2,0.0,5,1.6,1.2,0.8,0.4,5
2024-10-05,2024-25,West Ham United,Ipswich Town,4,1,H,1528.6,1496.3,32.3,15,16,1,6,6,0,0,0,0,1.0,1.0,1.6,0.2,5,0.8,1.0,1.6,0.2,5,0.9,1.2,2.1,0.1,10,0.6666666666666666,0.8333333333333334,1.6666666666666667,0.16666666666666666,6,0.8,1.4,2.2,0.0,5,0.6666666666666666,0.6666666666666666,1.6666666666666667,0.3333333333333333,3
2024-10-05,2024-25,Everton,Newcastle United,0,0,D,1499.1,1631.2,-132.1,16,7,-9,6,6,2,2,1,5,0.8,1.4,2.4,0.0,5,1.6,1.4,1.4,0.0,5,1.1,1.1,1.8,0.2,10,1.8,1.9,1.4,0.1,10,1.8,1.2,1.4,0.4,5,1.4,2.0,2.0,0.0,5
2024-10-06,2024-25,Aston Villa,Manchester United,0,0,D,1644.1,1613.2,30.9,5,14,9,6,6,1,3,1,5,2.0,2.0,1.6,0.0,5,0.8,0.8,1.6,0.4,5,1.5,1.7,2.0,0.0,10,1.3,1.0,1.5,0.4,10,1.6,2.2,2.0,0.0,5,1.4,1.2,1.2,0.6,5
2024-10-06,2024-25,Chelsea,Nottingham Forest,1,1,D,1647.8,1483.6,164.3,5,11,6,6,6,1,1,2,4,2.6,3.0,1.0,0.4,5,1.6,1.0,0.8,0.4,5,2.5,2.7,1.1,0.3,10,1.5,1.3,1.2,0.2,10,2.0,2.4,1.2,0.2,5,2.6,1.8,0.8,0.4,5
2024-10-06,2024-25,Brighton and Hove Albion,Tottenham,3,2,H,1560.8,1625.9,-65.1,11,8,-3,6,6,2,3,0,5,1.2,1.4,1.6,0.2,5,1.8,2.2,0.8,0.4,5,1.3,1.3,1.3,0.3,10,1.6,1.9,1.2,0.3,10,1.0,1.0,1.4,0.2,5,1.4,2.0,1.4,0.4,5
2024-10-19,2024-25,Southampton,Leicester City,2,3,A,1368.8,1477.8,-109.0,19,15,-4,7,7,2,1,2,5,0.2,0.8,2.6,0.0,5,1.0,1.4,1.8,0.2,5,0.2,0.9,2.4,0.0,10,1.0,1.1,1.6,0.2,10,0.4,1.0,2.2,0.0,5,0.4,1.6,2.6,0.2,5
2024-10-19,2024-25,Bournemouth,Arsenal,2,0,H,1498.9,1797.0,-298.2,14,3,-11,7,7,0,4,1,5,1.2,1.2,1.6,0.0,5,2.2,2.2,1.2,0.2,5,0.8,1.0,1.7,0.0,10,2.6,2.1,0.7,0.5,10,1.4,1.6,1.0,0.2,5,2.6,1.8,0.8,0.6,5
2024-10-19,2024-25,Newcastle United,Brighton and Hove Albion,0,1,A,1630.3,1569.8,60.5,7,6,-1,7,7,2,1,2,5,1.6,1.2,1.2,0.2,5,1.2,1.6,1.8,0.2,5,1.6,1.5,1.3,0.2,10,1.3,1.5,1.5,0.2,10,2.2,2.0,0.8,0.2,5,1.0,1.4,1.8,0.2,5
2024-10-19,2024-25,Manchester United,Brentford,2,1,H,1616.8,1522.8,94.0,15,12,-3,7,7,3,1,1,5,1.0,0.6,1.2,0.6,5,1.4,2.2,2.0,0.0,5,1.4,1.0,1.1,0.5,10,1.4,1.7,1.8,0.1,10,1.2,0.8,1.8,0.2,5,0.6,0.8,1.8,0.0,5
2024-10-19,2024-25,Ipswich Town,Everton,0,2,A,1489.9,1500.0,-10.1,17,16,-1,7,7,0,0,0,0,0.8,1.0,1.6,0.2,5,1.0,1.4,1.6,0.2,5,0.5714285714285714,0.8571428571428571,2.0,0.14285714285714285,7,0.9,1.0,1.8,0.2,10,0.6666666666666666,1.0,1.6666666666666667,0.0,3,0.4,1.0,2.2,0.0,5
2024-10-19,2024-25,Fulham,Aston Villa,1,3,A,1535.3,1640.5,-105.2,8,6,-2,7,7,1,4,0,5,1.6,1.6,1.2,0.2,5,2.2,2.0,1.2,0.2,5,1.5,1.4,1.4,0.2,10,1.5,1.5,1.8,0.1,10,1.6,1.4,1.6,0.0,5,1.4,1.2,2.0,0.0,5
2024-10-19,2024-25,Tottenham,West Ham United,4,1,H,1616.9,1534.9,82.0,11,15,4,7,7,2,1,2,5,1.2,1.8,1.4,0.2,5,1.0,1.4,1.8,0.0,5,1.6,1.9,1.1,0.3,10,1.1,1.4,2.0,0.1,10,1.8,1.8,1.0,0.2,5,1.0,1.0,2.0,0.2,5
2024-10-20,2024-25,Wolverhampton Wanderers,Manchester City,1,2,A,1464.6,1853.9,-389.3,19,2,-17,7,7,1,4,0,5,0.2,1.4,2.6,0.0,5,2.2,2.2,1.4,0.0,5,0.1,1.1,3.1,0.0,10,2.6,2.6,0.9,0.3,10,0.6,1.4,2.8,0.0,5,2.6,2.4,0.4,0.6,5
2024-10-20,2024-25,Liverpool,Chelsea,2,1,H,1765.3,1641.4,123.9,2,6,4,7,7,1,0,4,5,2.4,1.8,0.4,0.6,5,2.2,2.0,0.8,0.4,5,2.5,2.2,0.7,0.6,10,2.3,2.3,1.2,0.2,10,2.4,2.2,0.6,0.6,5,3.0,3.0,1.0,0.4,5
2024-10-21,2024-25,Nottingham Forest,Crystal Palace,1,0,H,1490.0,1517.2,-27.2,12,18,6,7,7,1,0,3,4,1.2,1.0,1.0,0.2,5,0.6,0.8,1.2,0.2,5,1.6,1.4,1.1,0.2,10,1.2,1.7,1.1,0.3,10,0.4,0.8,1.6,0.0,5,1.0,1.4,1.4,0.0,5
2024-10-25,2024-25,Leicester City,Nottingham Forest,1,3,A,1487.6,1497.9,-10.4,14,8,-6,8,8,1,1,0,2,1.6,1.8,1.8,0.2,5,1.6,1.0,0.8,0.4,5,1.3,1.4,1.5,0.2,10,1.6,1.2,1.0,0.3,10,1.6,1.2,1.0,0.2,5,2.2,1.4,0.8,0.4,5
2024-10-26,2024-25,Aston Villa,Bournemouth,1,1,D,1650.4,1514.0,136.4,4,11,7,8,8,2,2,1,5,2.2,2.2,1.2,0.2,5,1.2,1.0,1.2,0.2,5,1.8,1.8,1.8,0.1,10,1.1,1.2,1.4,0.1,10,1.6,1.8,1.6,0.2,5,0.8,1.0,1.8,0.0,5
2024-10-26,2024-25,Brentford,Ipswich Town,4,3,H,1517.9,1477.4,40.5,13,17,4,8,8,0,0,0,0,0.8,1.8,2.2,0.0,5,0.6,0.8,1.8,0.2,5,1.3,1.8,2.0,0.0,10,0.5,0.75,2.0,0.125,8,2.0,2.6,2.0,0.0,5,0.5,0.75,2.25,0.25,4
2024-10-26,2024-25,Brighton and Hove Albion,Wolverhampton Wanderers,2,2,D,1584.1,1461.4,122.7,6,20,14,8,8,4,0,1,5,1.6,1.6,1.6,0.4,5,0.0,1.4,2.8,0.0,5,1.5,1.5,1.4,0.3,10,0.1,1.1,2.8,0.0,10,1.6,1.4,1.4,0.2,5,0.2,1.0,2.6,0.0,5
2024-10-26,2024-25,Manchester City,Southampton,1,0,H,1857.1,1359.1,498.0,2,20,18,8,8,3,0,2,5,2.2,2.0,1.4,0.0,5,0.2,1.0,2.6,0.0,5,2.6,2.4,1.0,0.2,10,0.2,1.1,2.5,0.0,10,2.6,2.8,1.4,0.0,5,0.0,0.8,2.6,0.0,5
2024-10-26,2024-25,Everton,Fulham,1,1,D,1512.5,1525.5,-13.0,16,12,-4,8,8,0,3,2,5,1.6,1.4,1.0,0.4,5,1.4,1.6,1.6,0.2,5,1.1,1.1,1.7,0.3,10,1.4,1.5,1.7,0.1,10,1.4,1.0,1.4,0.4,5,1.4,1.6,1.4,0.2,5
2024-10-27,2024-25,Arsenal,Liverpool,2,2,D,1781.9,1769.6,12.2,4,2,-2,8,8,2,1,2,5,2.0,2.0,1.4,0.2,5,2.4,1.6,0.6,0.4,5,2.3,1.8,0.9,0.4,10,2.5,2.0,0.6,0.6,10,2.6,2.4,1.0,0.2,5,2.6,2.2,0.8,0.6,5
2024-10-27,2024-25,West Ham United,Manchester United,2,1,H,1529.7,1621.7,-92.0,16,13,-3,8,8,2,3,0,5,1.0,1.4,2.0,0.0,5,1.6,1.0,0.8,0.6,5,1.1,1.5,1.9,0.1,10,1.7,1.2,1.1,0.5,10,1.2,1.8,2.0,0.0,5,1.6,1.2,0.4,0.8,5
2024-10-27,2024-25,Chelsea,Newcastle United,2,1,H,1637.1,1616.0,21.1,7,12,5,8,8,2,2,1,5,2.0,2.0,1.0,0.4,5,1.0,0.8,1.2,0.2,5,2.0,2.1,1.2,0.2,10,1.5,1.4,1.3,0.2,10,1.6,1.6,1.4,0.0,5,1.6,1.6,1.4,0.2,5
2024-10-27,2024-25,Crystal Palace,Tottenham,1,0,H,1509.2,1622.1,-112.9,18,8,-10,8,8,0,5,0,5,0.4,0.6,1.2,0.2,5,1.8,2.4,1.2,0.2,5,0.9,1.3,1.2,0.2,10,1.6,2.1,1.1,0.3,10,1.0,1.4,1.0,0.4,5,1.4,2.0,1.2,0.4,5
2024-11-02,2024-25,Newcastle United,Arsenal,1,0,H,1609.3,1778.7,-169.4,12,3,-9,9,9,2,2,1,5,0.4,0.6,1.4,0.2,5,1.6,2.2,1.8,0.0,5,1.5,1.3,1.2,0.2,10,2.1,1.9,1.1,0.3,10,1.6,1.0,0.8,0.2,5,2.0,1.2,0.8,0.6,5
2024-11-02,2024-25,Bournemouth,Manchester City,2,1,H,1519.9,1857.7,-337.8,12,1,-11,9,9,0,5,0,5,1.4,1.2,1.2,0.2,5,2.2,1.8,1.2,0.2,5,1.2,1.2,1.3,0.1,10,2.6,2.3,1.0,0.2,10,1.4,1.4,1.0,0.2,5,2.6,2.0,0.6,0.4,5
2024-11-02,2024-25,Ipswich Town,Leicester City,1,1,D,1471.2,1475.0,-3.8,18,15,-3,9,9,0,0,0,0,0.4,1.4,2.6,0.0,5,1.4,1.6,2.0,0.2,5,0.4444444444444444,1.0,2.2222222222222223,0.1111111111111111,9,1.2,1.5,1.8,0.1,10,0.5,0.75,1.75,0.0,4,1.0,1.6,2.0,0.2,5
2024-11-02,2024-25,Liverpool,Brighton and Hove Albion,2,1,H,1772.8,1578.5,194.3,2,6,4,9,9,2,1,2,5,2.6,2.0,0.8,0.4,5,1.6,2.0,2.0,0.2,5,2.5,1.9,0.5,0.6,10,1.6,1.6,1.4,0.3,10,2.4,1.8,0.4,0.6,5,1.6,1.6,1.2,0.4,5
2024-11-02,2024-25,Nottingham Forest,West Ham United,3,0,H,1510.4,1539.5,-29.1,6,13,7,9,9,2,2,0,4,1.6,1.4,1.0,0.2,5,1.4,1.6,2.0,0.0,5,1.9,1.3,0.8,0.3,10,1.1,1.4,1.9,0.1,10,1.0,1.0,1.2,0.2,5,1.0,1.2,1.8,0.2,5
2024-11-02,2024-25,Southampton,Everton,1,0,H,1358.4,1510.1,-151.6,20,16,-4,9,9,2,3,0,5,0.2,1.0,2.2,0.0,5,1.8,1.2,0.6,0.4,5,0.2,1.0,2.3,0.0,10,0.9,1.1,1.8,0.2,10,0.4,1.4,2.4,0.0,5,0.8,1.2,2.0,0.2,5
2024-11-02,2024-25,Wolverhampton Wanderers,Crystal Palace,2,2,D,1467.0,1519.6,-52.5,20,17,-3,9,9,1,4,0,5,0.2,1.6,2.8,0.0,5,0.8,0.4,0.8,0.4,5,0.2,1.2,2.7,0.0,10,0.9,1.1,1.1,0.3,10,0.0,1.2,3.0,0.0,5,0.8,1.2,1.4,0.0,5
2024-11-03,2024-25,Tottenham,Aston Villa,4,1,H,1611.7,1644.5,-32.7,10,5,-5,9,9,2,3,0,5,1.8,2.4,1.2,0.2,5,1.8,1.8,1.0,0.2,5,1.6,2.1,1.0,0.3,10,1.8,1.6,1.6,0.1,10,1.8,2.2,1.0,0.2,5,2.0,1.8,2.0,0.0,5
2024-11-03,2024-25,Manchester United,Chelsea,1,1,D,1612.0,1643.8,-31.8,13,6,-7,9,9,2,1,2,5,1.0,0.6,1.2,0.4,5,2.0,2.2,1.2,0.2,5,1.4,1.0,1.1,0.5,10,2.0,2.1,1.2,0.2,10,1.8,1.2,1.8,0.2,5,2.4,2.6,1.0,0.4,5
2024-11-04,2024-25,Fulham,Brentford,2,1,H,1528.0,1524.0,3.9,12,11,-1,9,9,1,2,1,4,1.4,1.6,1.6,0.2,5,1.4,2.4,2.4,0.0,5,1.5,1.6,1.4,0.1,10,1.3,2.0,2.2,0.0,10,1.4,1.4,2.0,0.0,5,0.6,1.0,2.0,0.0,5
2024-11-09,2024-25,Brighton and Hove Albion,Manchester City,2,1,H,1575.4,1841.8,-266.4,8,2,-6,10,10,0,4,1,5,1.4,1.8,2.0,0.2,5,2.0,1.6,1.2,0.2,5,1.6,1.7,1.4,0.3,10,2.3,2.1,1.1,0.2,10,1.8,1.8,1.4,0.2,5,2.0,1.8,1.0,0.2,5
2024-11-09,2024-25,Liverpool,Aston Villa,2,0,H,1775.9,1636.4,139.5,1,7,6,10,10,3,0,2,5,2.6,1.8,1.0,0.2,5,1.2,1.4,1.6,0.2,5,2.5,1.9,0.6,0.5,10,1.8,1.7,1.5,0.1,10,2.4,1.8,0.6,0.4,5,2.0,2.0,1.8,0.0,5
2024-11-09,2024-25,West Ham United,Everton,0,0,D,1531.5,1498.6,32.9,14,16,2,10,10,3,2,0,5,1.4,1.6,2.0,0.0,5,1.6,1.0,0.6,0.4,5,1.1,1.3,1.9,0.1,10,0.9,1.0,1.7,0.2,10,1.2,1.6,2.0,0.0,5,0.8,1.0,1.8,0.2,5
2024-11-09,2024-25,Crystal Palace,Fulham,0,2,A,1521.0,1535.0,-14.1,17,9,-8,10,10,0,1,4,5,0.8,0.8,1.2,0.2,5,1.4,1.4,1.6,0.2,5,0.7,0.8,1.3,0.2,10,1.5,1.4,1.3,0.1,10,1.0,0.6,1.0,0.4,5,1.0,1.0,1.2,0.2,5
2024-11-09,2024-25,Wolverhampton Wanderers,Southampton,2,0,H,1465.7,1369.9,95.8,20,19,-1,10,10,5,0,0,5,0.4,1.8,2.6,0.0,5,0.6,1.0,2.0,0.2,5,0.3,1.4,2.7,0.0,10,0.4,0.7,1.9,0.1,10,0.2,1.4,2.8,0.0,5,0.0,0.6,2.2,0.0,5
2024-11-09,2024-25,Brentford,Bournemouth,3,2,H,1516.9,1535.9,-18.9,12,10,-2,10,10,2,0,2,4,1.4,2.4,2.2,0.0,5,2.0,1.6,0.8,0.2,5,1.3,1.9,2.0,0.0,10,1.5,1.3,1.2,0.1,10,2.6,3.0,1.8,0.0,5,1.0,1.0,1.6,0.0,5
2024-11-10,2024-25,Manchester United,Leicester City,3,0,H,1610.0,1477.7,132.3,13,15,2,10,10,2,2,1,5,1.0,0.8,1.4,0.2,5,1.4,1.6,2.0,0.2,5,1.2,0.9,1.2,0.4,10,1.0,1.4,1.8,0.1,10,1.4,0.8,1.6,0.2,5,1.0,1.8,2.2,0.0,5
2024-11-10,2024-25,Nottingham Forest,Newcastle United,1,3,A,1518.4,1621.3,-102.9,3,13,10,10,10,1,3,0,4,2.0,1.6,0.6,0.4,5,1.0,0.6,0.8,0.4,5,1.9,1.4,0.7,0.4,10,1.5,1.0,1.0,0.3,10,1.6,1.2,0.6,0.4,5,1.0,1.0,1.4,0.2,5
2024-11-10,2024-25,Tottenham,Ipswich Town,1,2,A,1619.8,1468.5,151.3,10,19,9,10,10,0,0,0,0,1.8,2.6,1.2,0.2,5,0.4,1.4,2.6,0.0,5,1.6,2.2,1.1,0.2,10,0.5,1.0,2.1,0.1,10,2.4,3.0,0.8,0.2,5,0.4,1.2,2.6,0.2,5
2024-11-10,2024-25,Chelsea,Arsenal,1,1,D,1645.7,1766.8,-121.1,5,6,1,10,10,0,4,1,5,1.6,1.8,1.4,0.0,5,1.4,1.8,1.6,0.0,5,1.8,2.0,1.2,0.2,10,1.8,1.7,1.1,0.3,10,1.6,1.6,1.4,0.0,5,1.4,1.0,1.0,0.4,5
2024-11-23,2024-25,Fulham,Wolverhampton Wanderers,1,4,A,1547.5,1470.6,76.9,7,19,12,11,11,1,2,2,5,1.4,1.6,1.6,0.2,5,1.0,2.0,2.2,0.2,5,1.8,1.6,1.2,0.2,10,0.6,1.6,2.5,0.1,10,2.0,1.8,1.4,0.0,5,0.4,1.4,2.6,0.0,5
2024-11-23,2024-25,Everton,Brentford,0,0,D,1502.2,1524.6,-22.4,16,11,-5,11,11,3,1,1,5,1.2,0.6,0.4,0.6,5,1.8,2.8,2.4,0.0,5,1.0,1.0,1.4,0.3,10,1.3,2.0,2.1,0.0,10,1.0,1.0,1.6,0.2,5,0.0,0.8,2.2,0.0,5
2024-11-23,2024-25,Bournemouth,Brighton and Hove Albion,1,2,A,1528.2,1589.8,-61.6,12,6,-6,11,11,2,3,0,5,1.4,1.4,1.2,0.2,5,2.0,1.8,1.4,0.2,5,1.4,1.4,1.4,0.1,10,1.6,1.6,1.5,0.2,10,2.0,1.6,0.8,0.2,5,1.4,1.6,1.4,0.4,5
2024-11-23,2024-25,Manchester City,Tottenham,0,4,A,1827.3,1603.6,223.7,2,11,9,11,11,2,2,1,5,1.8,1.6,1.4,0.2,5,1.2,2.2,1.6,0.0,5,2.0,2.0,1.3,0.1,10,1.5,2.2,1.2,0.2,10,2.6,2.4,1.2,0.2,5,0.8,1.4,1.4,0.2,5
2024-11-23,2024-25,Arsenal,Nottingham Forest,3,0,H,1766.2,1508.5,257.7,6,7,1,11,11,3,1,0,4,1.0,1.2,1.4,0.0,5,2.0,1.8,1.0,0.4,5,1.6,1.6,1.2,0.2,10,1.8,1.4,0.9,0.4,10,2.2,2.4,1.2,0.2,5,2.2,1.6,0.8,0.4,5
2024-11-23,2024-25,Leicester City,Chelsea,1,2,A,1473.6,1646.3,-172.7,16,6,-10,11,11,0,4,1,5,1.4,1.2,1.8,0.2,5,1.2,1.2,1.2,0.0,5,0.9,1.3,2.0,0.1,10,1.9,2.1,1.1,0.2,10,1.0,1.0,1.4,0.2,5,2.0,2.4,1.0,0.4,5
2024-11-23,2024-25,Aston Villa,Crystal Palace,2,2,D,1632.4,1508.5,123.8,10,19,9,11,11,2,2,1,5,1.0,1.0,1.6,0.2,5,0.8,0.6,1.2,0.2,5,1.5,1.5,1.6,0.1,10,0.7,0.7,1.3,0.2,10,1.6,1.4,1.2,0.2,5,0.4,1.0,1.6,0.0,5
2024-11-24,2024-25,Southampton,Liverpool,2,3,A,1365.0,1779.9,-414.9,20,1,-19,11,11,0,4,1,5,0.6,0.8,1.8,0.2,5,2.6,1.8,0.8,0.4,5,0.4,0.7,2.0,0.1,10,2.5,1.9,0.6,0.5,10,0.8,0.8,1.6,0.2,5,2.6,2.0,0.6,0.6,5
2024-11-24,2024-25,Ipswich Town,Manchester United,1,1,D,1484.7,1614.2,-129.5,19,12,-7,11,11,0,0,0,0,0.8,1.4,2.4,0.0,5,1.6,1.4,0.8,0.4,5,0.8,1.2,2.0,0.1,10,1.2,1.1,1.2,0.4,10,0.6,0.8,1.6,0.0,5,1.0,1.0,0.8,0.6,5
2024-11-25,2024-25,Newcastle United,West Ham United,0,2,A,1631.2,1527.9,103.4,9,14,5,11,11,2,0,3,5,1.4,1.0,0.8,0.4,5,1.4,1.4,1.8,0.2,5,1.5,1.2,1.1,0.2,10,1.2,1.2,1.7,0.2,10,2.0,1.0,0.6,0.4,5,1.0,1.0,1.8,0.2,5
2024-11-29,2024-25,Brighton and Hove Albion,Southampton,1,1,D,1600.9,1362.2,238.7,5,20,15,12,12,3,0,2,5,2.0,1.6,1.2,0.2,5,0.6,1.0,1.8,0.2,5,1.6,1.6,1.5,0.2,10,0.4,0.9,2.2,0.1,10,1.8,1.8,1.4,0.2,5,0.0,0.6,2.4,0.0,5
2024-11-30,2024-25,Brentford,Leicester City,4,1,H,1526.8,1465.6,61.2,11,16,5,12,12,0,2,2,4,1.4,1.8,1.8,0.2,5,0.8,1.2,2.2,0.0,5,1.4,2.0,1.9,0.1,10,0.9,1.3,2.0,0.1,10,2.6,3.2,2.0,0.0,5,1.0,1.6,2.4,0.0,5
2024-11-30,2024-25,Crystal Palace,Newcastle United,1,1,D,1514.2,1616.0,-101.7,19,11,-8,12,12,1,2,2,5,1.0,1.0,1.4,0.2,5,1.2,1.0,1.2,0.2,5,0.8,0.9,1.3,0.2,10,1.4,1.1,1.2,0.2,10,1.0,0.6,1.0,0.4,5,1.4,1.4,1.4,0.2,5
2024-11-30,2024-25,Nottingham Forest,Ipswich Town,1,0,H,1506.2,1485.5,20.7,8,19,11,12,12,0,0,0,0,1.8,1.6,1.4,0.4,5,1.0,1.4,1.8,0.0,5,1.5,1.3,1.2,0.3,10,0.9,1.2,1.7,0.1,10,1.4,1.2,1.0,0.4,5,1.0,1.4,2.0,0.2,5
2024-11-30,2024-25,Wolverhampton Wanderers,Bournemouth,2,4,A,1485.3,1517.1,-31.8,18,13,-5,12,12,2,2,1,5,1.6,2.2,1.4,0.2,5,1.4,1.6,1.4,0.2,5,0.9,1.8,2.0,0.1,10,1.3,1.4,1.5,0.1,10,0.8,1.4,1.6,0.2,5,0.8,1.2,2.0,0.0,5
2024-11-30,2024-25,West Ham United,Arsenal,2,5,A,1543.1,1768.4,-225.3,14,5,-9,12,12,1,3,1,5,1.4,1.0,1.6,0.4,5,1.0,1.2,1.2,0.2,5,1.2,1.2,1.7,0.2,10,1.6,1.7,1.2,0.2,10,1.4,1.4,1.6,0.2,5,1.0,0.8,1.2,0.2,5
2024-12-01,2024-25,Tottenham,Fulham,1,1,D,1620.9,1532.8,88.2,8,12,4,12,12,4,1,0,5,1.8,2.6,1.0,0.2,5,1.4,1.4,1.8,0.2,5,1.5,2.2,1.2,0.2,10,1.5,1.5,1.5,0.2,10,1.8,2.4,1.2,0.0,5,1.6,1.4,1.0,0.4,5
2024-12-01,2024-25,Chelsea,Aston Villa,3,0,H,1654.2,1626.7,27.6,5,9,4,12,12,2,2,1,5,1.6,1.4,1.2,0.0,5,1.0,1.4,2.0,0.0,5,1.9,1.7,1.0,0.2,10,1.6,1.7,1.6,0.1,10,1.8,1.8,1.2,0.0,5,1.4,1.6,2.0,0.0,5
2024-12-01,2024-25,Manchester United,Everton,4,0,H,1613.3,1500.1,113.3,13,15,2,12,12,4,1,0,5,1.6,1.6,1.0,0.2,5,1.2,0.6,0.4,0.6,5,1.3,1.1,1.1,0.4,10,1.1,1.0,1.0,0.4,10,1.4,1.2,1.6,0.2,5,1.0,1.0,1.0,0.4,5
2024-12-01,2024-25,Liverpool,Manchester City,2,0,H,1782.7,1810.0,-27.3,1,5,4,12,12,1,1,3,5,2.6,2.2,1.2,0.2,5,1.2,1.0,1.8,0.2,5,2.5,2.0,0.8,0.4,10,1.7,1.6,1.6,0.1,10,2.4,1.8,0.6,0.4,5,1.4,1.6,1.4,0.0,5
2024-12-03,2024-25,Leicester City,West Ham United,3,1,H,1460.0,1536.6,-76.6,16,14,-2,13,13,2,2,1,5,0.2,0.8,2.6,0.0,5,1.4,1.2,1.8,0.4,5,0.9,1.3,2.2,0.1,10,1.2,1.3,1.9,0.2,10,0.8,1.0,1.6,0.2,5,1.0,1.0,1.8,0.2,5
2024-12-03,2024-25,Ipswich Town,Crystal Palace,0,1,A,1478.9,1514.3,-35.4,19,17,-2,13,13,0,0,0,0,1.0,1.4,1.6,0.0,5,1.2,1.2,1.4,0.2,5,0.8,1.1,1.7,0.1,10,0.8,0.9,1.3,0.2,10,0.8,1.0,1.4,0.0,5,0.6,1.2,1.6,0.0,5
2024-12-04,2024-25,Everton,Wolverhampton Wanderers,4,0,H,1495.5,1473.3,22.2,17,18,1,13,13,0,4,1,5,0.6,0.2,1.2,0.4,5,1.6,2.4,1.8,0.2,5,1.1,0.8,1.1,0.4,10,0.8,1.9,2.3,0.1,10,1.2,1.0,1.0,0.4,5,1.0,2.2,2.4,0.0,5
2024-12-04,2024-25,Manchester City,Nottingham Forest,3,0,H,1802.1,1512.9,289.2,5,6,1,13,13,3,0,1,4,0.6,0.6,2.0,0.2,5,1.8,1.6,1.4,0.4,5,1.4,1.3,1.7,0.1,10,1.7,1.3,1.1,0.4,10,2.0,1.6,1.8,0.2,5,1.6,1.4,1.4,0.2,5
2024-12-04,2024-25,Newcastle United,Liverpool,3,3,D,1615.9,1790.6,-174.7,11,1,-10,13,13,0,5,0,5,1.4,1.2,1.2,0.2,5,2.6,2.2,1.0,0.4,5,1.2,1.0,1.2,0.2,10,2.5,1.9,0.8,0.4,10,1.4,0.8,1.0,0.2,5,2.6,2.2,1.0,0.4,5
2024-12-04,2024-25,Southampton,Chelsea,1,5,A,1369.7,1660.7,-291.0,20,4,-16,13,13,2,2,1,5,0.8,0.8,1.4,0.2,5,2.2,1.8,0.8,0.2,5,0.5,0.9,2.0,0.1,10,2.1,1.9,0.9,0.3,10,0.8,1.2,2.0,0.2,5,2.0,1.6,0.8,0.4,5
2024-12-04,2024-25,Arsenal,Manchester United,2,0,H,1775.0,1617.9,157.1,4,10,6,13,13,4,1,0,5,1.6,2.2,1.2,0.2,5,1.6,2.0,0.8,0.4,5,1.8,2.1,1.3,0.2,10,1.6,1.5,0.8,0.5,10,2.2,2.6,1.2,0.2,5,1.2,1.0,0.6,0.6,5
2024-12-04,2024-25,Aston Villa,Brentford,3,1,H,1620.2,1532.5,87.7,12,8,-4,13,13,2,1,2,5,0.4,0.8,2.4,0.0,5,2.0,2.4,1.6,0.2,5,1.3,1.5,1.8,0.1,10,1.4,2.1,1.9,0.1,10,1.8,1.8,1.2,0.2,5,0.2,0.8,1.8,0.2,5
2024-12-05,2024-25,Fulham,Brighton and Hove Albion,3,1,H,1537.7,1593.4,-55.7,12,5,-7,13,13,3,0,2,5,1.6,1.4,1.4,0.2,5,1.6,1.6,1.4,0.0,5,1.5,1.5,1.5,0.2,10,1.6,1.6,1.5,0.2,10,1.4,1.6,2.0,0.0,5,1.4,1.4,1.6,0.2,5
2024-12-05,2024-25,Bournemouth,Tottenham,1,0,H,1529.0,1616.0,-87.0,13,9,-4,13,13,1,3,1,5,1.4,2.0,1.8,0.0,5,1.4,2.0,1.0,0.2,5,1.3,1.5,1.5,0.1,10,1.6,2.2,1.1,0.2,10,1.8,1.6,1.0,0.2,5,1.2,2.0,1.2,0.4,5
2024-12-07,2024-25,Crystal Palace,Manchester City,2,2,D,1526.1,1804.0,-277.9,17,4,-13,14,14,0,3,2,5,1.2,1.2,1.4,0.2,5,0.6,1.0,2.0,0.2,5,1.0,0.8,1.1,0.3,10,1.4,1.4,1.6,0.2,10,1.0,0.4,0.8,0.4,5,0.8,1.0,1.6,0.0,5
2024-12-07,2024-25,Manchester United,Nottingham Forest,2,3,A,1614.2,1511.0,103.2,13,7,-6,14,14,3,1,0,4,1.6,1.8,0.8,0.4,5,1.2,1.0,1.8,0.4,5,1.3,1.2,1.0,0.4,10,1.4,1.2,1.4,0.3,10,2.0,2.0,1.0,0.4,5,1.0,1.2,2.0,0.0,5
2024-12-07,2024-25,Aston Villa,Southampton,1,0,H,1625.3,1364.7,260.5,8,20,12,14,14,4,1,0,5,0.8,1.2,2.4,0.0,5,0.8,1.0,2.2,0.2,5,1.3,1.5,1.7,0.1,10,0.5,1.0,2.2,0.1,10,1.8,1.8,1.0,0.2,5,0.2,0.6,2.0,0.0,5
2024-12-07,2024-25,Brentford,Newcastle United,4,2,H,1527.4,1618.0,-90.6,11,12,1,14,14,0,5,0,5,1.4,1.8,1.6,0.2,5,1.6,1.6,1.4,0.2,5,1.4,2.1,2.0,0.1,10,1.0,1.1,1.4,0.2,10,2.6,3.4,2.0,0.0,5,1.0,1.2,1.4,0.2,5
2024-12-08,2024-25,Fulham,Arsenal,1,1,D,1546.5,1778.7,-232.2,9,3,-6,14,14,1,2,2,5,2.0,1.8,1.4,0.2,5,2.0,2.2,0.8,0.4,5,1.7,1.7,1.5,0.2,10,1.8,2.2,1.3,0.2,10,1.8,2.0,2.0,0.0,5,1.0,1.6,1.6,0.0,5
2024-12-08,2024-25,Ipswich Town,Bournemouth,1,2,A,1467.0,1538.6,-71.6,18,10,-8,14,14,0,0,0,0,1.0,0.8,1.0,0.0,5,1.8,2.0,1.6,0.2,5,0.7,1.1,1.8,0.0,10,1.6,1.6,1.4,0.2,10,0.6,0.8,1.4,0.0,5,0.8,1.4,2.0,0.0,5
2024-12-08,2024-25,Leicester City,Brighton and Hove Albion,2,2,D,1469.3,1584.7,-115.4,17,9,-8,14,14,1,2,2,5,0.8,1.2,2.2,0.0,5,1.4,1.4,1.6,0.0,5,1.1,1.4,2.1,0.1,10,1.5,1.7,1.8,0.1,10,1.4,1.4,1.4,0.2,5,1.2,1.4,2.0,0.2,5
2024-12-08,2024-25,Tottenham,Chelsea,3,4,A,1606.4,1665.7,-59.4,11,3,-8,14,14,1,3,1,5,1.4,2.0,1.0,0.2,5,2.2,2.4,0.8,0.2,5,1.6,2.2,1.1,0.2,10,2.1,2.3,1.0,0.2,10,2.0,2.6,1.2,0.0,5,2.0,2.4,1.0,0.2,5
2024-12-09,2024-25,West Ham United,Wolverhampton Wanderers,2,1,H,1527.3,1466.7,60.5,14,19,5,14,14,4,1,0,5,0.8,1.0,2.2,0.4,5,1.4,2.0,2.2,0.2,5,1.1,1.3,2.1,0.2,10,0.8,1.8,2.5,0.1,10,1.4,1.6,2.0,0.2,5,0.8,2.0,3.0,0.0,5
2024-12-14,2024-25,Wolverhampton Wanderers,Ipswich Town,1,2,A,1461.0,1456.2,4.8,19,18,-1,15,15,0,0,0,0,1.2,1.8,2.2,0.2,5,0.8,0.8,1.2,0.0,5,0.8,1.8,2.4,0.1,10,0.6,1.1,1.9,0.0,10,0.8,1.6,2.0,0.2,5,0.8,1.4,2.2,0.0,5
2024-12-14,2024-25,Newcastle United,Leicester City,4,0,H,1608.3,1469.7,138.6,12,16,4,15,15,3,1,1,5,1.0,1.8,2.2,0.0,5,0.8,1.4,2.4,0.0,5,1.0,1.2,1.5,0.2,10,1.1,1.5,2.2,0.1,10,1.0,1.0,1.4,0.2,5,0.8,1.4,2.8,0.0,5
2024-12-14,2024-25,Nottingham Forest,Aston Villa,2,1,H,1526.2,1627.5,-101.3,5,6,1,15,15,1,2,1,4,1.2,1.0,2.2,0.2,5,1.4,1.2,1.6,0.2,5,1.6,1.3,1.4,0.3,10,1.3,1.3,1.6,0.2,10,1.8,1.2,0.8,0.6,5,0.8,1.2,2.4,0.0,5
2024-12-14,2024-25,Arsenal,Everton,0,0,D,1775.1,1502.1,272.9,3,15,12,15,14,4,1,0,5,2.2,2.4,0.8,0.4,5,1.0,0.8,1.0,0.6,5,1.8,2.1,1.2,0.2,10,1.4,1.0,0.8,0.5,10,2.6,2.8,1.0,0.4,5,1.0,0.6,1.2,0.4,5
2024-12-14,2024-25,Liverpool,Fulham,2,2,D,1788.5,1550.1,238.4,1,11,10,14,15,3,1,1,5,2.6,2.4,1.2,0.4,5,1.6,1.6,1.4,0.2,5,2.6,2.2,1.0,0.4,10,1.5,1.5,1.5,0.2,10,3.0,2.2,0.4,0.6,5,1.6,1.4,1.0,0.4,5
2024-12-15,2024-25,Chelsea,Brentford,2,1,H,1676.9,1537.2,139.7,2,10,8,15,15,0,3,2,5,2.6,3.0,1.2,0.2,5,2.0,2.4,1.6,0.2,5,2.1,2.4,1.3,0.1,10,1.7,2.4,1.9,0.1,10,2.2,2.2,1.0,0.2,5,0.2,0.8,2.0,0.2,5
2024-12-15,2024-25,Southampton,Tottenham,0,5,A,1362.5,1595.2,-232.7,20,12,-8,15,15,1,2,2,5,0.2,0.8,2.4,0.0,5,0.8,1.8,1.6,0.2,5,0.4,0.9,2.2,0.1,10,1.3,2.2,1.4,0.2,10,0.8,1.4,2.4,0.2,5,1.2,1.8,1.0,0.4,5
2024-12-15,2024-25,Brighton and Hove Albion,Crystal Palace,1,3,A,1584.2,1530.8,53.4,7,17,10,15,15,2,0,3,5,1.6,1.6,1.6,0.0,5,1.2,1.2,1.4,0.2,5,1.5,1.7,1.8,0.1,10,1.0,1.0,1.3,0.2,10,1.8,2.0,1.6,0.0,5,1.0,1.2,1.4,0.2,5
2024-12-15,2024-25,Manchester City,Manchester United,1,2,A,1799.3,1598.9,200.4,5,13,8,15,15,4,1,0,5,0.8,1.2,2.0,0.2,5,1.4,2.0,1.2,0.4,5,1.4,1.4,1.6,0.2,10,1.2,1.4,1.3,0.3,10,2.0,1.8,1.6,0.4,5,0.6,0.4,1.0,0.4,5
2024-12-16,2024-25,Bournemouth,West Ham United,1,1,D,1549.4,1532.9,16.5,7,14,7,15,15,0,3,2,5,1.8,2.0,1.6,0.2,5,1.4,1.4,1.8,0.4,5,1.9,1.8,1.2,0.2,10,1.4,1.5,1.9,0.2,10,2.4,1.8,0.8,0.4,5,0.8,1.0,2.2,0.2,5
2024-12-21,2024-25,Crystal Palace,Arsenal,1,5,A,1545.0,1767.1,-222.2,15,3,-12,16,16,1,4,0,5,1.8,1.8,1.2,0.2,5,2.2,2.2,0.6,0.6,5,1.3,1.2,1.2,0.2,10,1.6,1.7,1.0,0.3,10,1.0,0.8,1.2,0.2,5,1.0,1.4,1.4,0.0,5
2024-12-21,2024-25,West Ham United,Brighton and Hove Albion,1,1,D,1536.2,1570.1,-33.9,14,9,-5,16,16,1,3,1,5,1.4,1.6,2.0,0.2,5,1.0,1.4,2.0,0.0,5,1.4,1.5,1.9,0.2,10,1.5,1.6,1.7,0.1,10,2.0,2.0,1.6,0.2,5,1.4,1.4,1.6,0.2,5
2024-12-21,2024-25,Ipswich Town,Newcastle United,0,4,A,1469.2,1612.3,-143.2,18,12,-6,16,16,0,0,0,0,0.8,0.8,1.2,0.0,5,1.0,2.0,2.0,0.2,5,0.8,1.1,1.8,0.0,10,1.2,1.5,1.4,0.3,10,0.4,0.6,1.4,0.0,5,1.0,1.4,1.6,0.2,5
2024-12-21,2024-25,Brentford,Nottingham Forest,0,2,A,1533.1,1536.3,-3.1,12,4,-8,16,16,2,0,2,4,1.4,2.0,1.6,0.2,5,1.8,1.2,1.8,0.2,5,1.6,2.4,2.0,0.1,10,1.9,1.5,1.4,0.3,10,3.0,4.0,2.2,0.0,5,1.4,1.4,2.0,0.0,5
2024-12-21,2024-25,Aston Villa,Manchester City,2,1,H,1617.5,1782.3,-164.8,9,5,-4,16,16,1,3,1,5,1.4,1.4,1.6,0.2,5,0.8,1.2,2.0,0.2,5,1.2,1.2,1.6,0.2,10,1.3,1.4,1.7,0.2,10,1.8,1.4,0.8,0.4,5,0.8,1.2,1.8,0.0,5
2024-12-22,2024-25,Everton,Chelsea,0,0,D,1510.0,1680.9,-170.9,16,2,-14,15,16,2,2,1,5,1.2,0.8,0.8,0.8,5,3.0,3.2,1.2,0.2,5,1.4,0.9,0.7,0.6,10,2.1,2.2,1.2,0.1,10,1.8,1.4,0.4,0.6,5,2.0,2.6,1.6,0.0,5
2024-12-22,2024-25,Fulham,Southampton,0,0,D,1557.6,1356.1,201.4,10,20,10,16,16,2,2,1,5,1.2,1.6,1.8,0.0,5,0.2,0.8,3.0,0.0,5,1.3,1.6,1.7,0.1,10,0.4,0.8,2.4,0.1,10,1.4,1.6,2.0,0.0,5,0.2,0.4,1.6,0.0,5
2024-12-22,2024-25,Leicester City,Wolverhampton Wanderers,0,3,A,1465.7,1448.1,17.6,17,19,2,16,16,3,1,1,5,0.8,1.4,2.6,0.0,5,0.6,1.6,2.6,0.0,5,1.1,1.3,2.2,0.1,10,0.8,1.8,2.4,0.1,10,1.4,1.6,1.6,0.2,5,0.8,2.0,2.8,0.0,5
2024-12-22,2024-25,Manchester United,Bournemouth,0,3,A,1615.9,1546.2,69.7,13,8,-5,16,16,3,1,1,5,1.4,1.8,1.4,0.2,5,2.0,1.8,1.2,0.2,5,1.5,1.6,1.1,0.3,10,1.7,1.6,1.2,0.2,10,2.0,2.4,1.0,0.4,5,1.4,1.8,1.6,0.0,5
2024-12-22,2024-25,Tottenham,Liverpool,3,6,A,1601.6,1781.0,-179.5,11,1,-10,16,15,1,3,1,5,1.4,2.6,1.2,0.4,5,2.2,2.4,1.4,0.4,5,1.3,2.4,1.4,0.2,10,2.4,2.1,1.2,0.3,10,1.4,2.6,1.8,0.0,5,2.2,2.2,1.6,0.2,5
2024-12-26,2024-25,Wolverhampton Wanderers,Manchester United,2,0,H,1461.4,1601.4,-140.0,18,13,-5,17,17,1,4,0,5,0.6,1.4,2.4,0.2,5,1.2,1.6,1.8,0.2,5,1.1,1.8,1.9,0.2,10,1.4,1.6,1.4,0.2,10,0.8,1.6,2.0,0.2,5,1.0,0.8,1.2,0.2,5
2024-12-26,2024-25,Southampton,West Ham United,0,1,A,1363.1,1534.3,-171.2,20,14,-6,17,17,1,2,2,5,0.4,0.4,2.4,0.2,5,1.0,1.4,2.2,0.0,5,0.5,0.7,2.1,0.2,10,1.2,1.2,1.9,0.2,10,0.6,1.2,3.2,0.2,5,0.8,1.0,2.2,0.2,5
2024-12-26,2024-25,Nottingham Forest,Tottenham,1,0,H,1549.0,1593.8,-44.8,4,11,7,17,17,0,4,0,4,2.4,1.6,1.2,0.4,5,0.8,2.4,2.4,0.2,5,2.1,1.6,1.3,0.4,10,1.3,2.5,1.7,0.2,10,2.4,1.6,0.8,0.6,5,1.2,2.2,1.0,0.4,5
2024-12-26,2024-25,Liverpool,Leicester City,3,1,H,1788.8,1452.4,336.3,1,18,17,16,17,3,2,0,5,2.2,3.2,2.0,0.2,5,0.8,1.2,2.8,0.0,5,2.4,2.5,1.4,0.3,10,0.8,1.2,2.5,0.0,10,2.6,2.0,0.8,0.4,5,0.8,1.0,2.8,0.0,5
2024-12-26,2024-25,Chelsea,Fulham,1,2,A,1678.9,1550.6,128.3,2,9,7,17,17,3,1,1,5,2.6,2.8,1.0,0.4,5,1.4,1.4,1.0,0.2,5,2.1,2.1,1.1,0.2,10,1.4,1.4,1.4,0.2,10,2.2,1.8,0.8,0.2,5,1.2,1.6,1.4,0.2,5
2024-12-26,2024-25,Bournemouth,Crystal Palace,0,0,D,1560.7,1538.3,22.4,5,16,11,17,17,2,3,0,5,2.6,2.2,0.8,0.4,5,1.6,1.6,1.8,0.2,5,2.0,1.9,1.1,0.3,10,1.3,1.3,1.6,0.2,10,2.0,1.4,0.8,0.4,5,1.6,1.6,1.2,0.2,5
2024-12-26,2024-25,Manchester City,Everton,1,1,D,1770.5,1512.1,258.4,8,16,8,17,16,4,0,1,5,0.8,1.4,1.6,0.2,5,1.2,0.8,0.8,0.8,5,1.0,1.2,1.7,0.2,10,1.2,0.7,0.6,0.7,10,1.8,1.6,1.6,0.4,5,1.0,0.4,1.0,0.6,5
2024-12-26,2024-25,Newcastle United,Aston Villa,3,0,H,1621.1,1629.3,-8.2,9,8,-1,17,17,4,1,0,5,1.6,2.8,1.6,0.4,5,1.8,1.4,1.4,0.2,5,1.4,1.9,1.4,0.3,10,1.4,1.4,1.7,0.1,10,1.4,1.6,1.2,0.4,5,0.6,1.0,2.4,0.0,5
2024-12-27,2024-25,Brighton and Hove Albion,Brentford,0,0,D,1572.0,1520.4,51.5,10,12,2,17,17,2,1,2,5,0.6,1.2,2.0,0.0,5,1.2,2.0,2.0,0.0,5,1.3,1.4,1.6,0.1,10,1.3,1.9,1.9,0.1,10,1.6,1.8,1.8,0.0,5,0.2,0.8,1.8,0.2,5
2024-12-27,2024-25,Arsenal,Ipswich Town,1,0,H,1773.8,1460.4,313.4,4,19,15,17,17,0,0,0,0,2.2,2.6,0.8,0.4,5,0.6,0.6,1.8,0.0,5,1.6,1.9,1.0,0.3,10,0.8,1.0,1.8,0.0,10,2.2,2.0,0.6,0.6,5,1.2,1.6,2.2,0.0,5
2024-12-29,2024-25,West Ham United,Liverpool,0,5,A,1542.3,1790.3,-248.0,13,1,-12,18,17,0,4,1,5,1.6,1.2,1.2,0.2,5,2.2,3.2,1.8,0.2,5,1.5,1.2,1.5,0.3,10,2.4,2.7,1.5,0.2,10,1.6,1.4,1.6,0.2,5,2.2,3.0,2.0,0.2,5
2024-12-29,2024-25,Tottenham,Wolverhampton Wanderers,2,2,D,1585.4,1472.5,112.9,12,17,5,18,18,1,4,0,5,0.6,2.2,2.4,0.2,5,1.2,1.4,1.6,0.4,5,1.0,2.1,1.7,0.2,10,1.4,1.9,1.7,0.3,10,0.8,2.4,2.8,0.0,5,1.4,2.0,1.8,0.2,5
2024-12-29,2024-25,Fulham,Bournemouth,2,2,D,1566.4,1557.4,9.0,8,6,-2,18,18,2,2,1,5,1.8,1.6,1.0,0.2,5,2.2,1.4,0.4,0.6,5,1.7,1.5,1.2,0.2,10,1.8,1.7,1.1,0.3,10,1.6,1.4,1.4,0.2,5,2.0,2.4,1.4,0.2,5
2024-12-29,2024-25,Crystal Palace,Southampton,2,1,H,1541.7,1355.2,186.6,16,20,4,18,18,3,1,1,5,1.6,1.4,1.6,0.4,5,0.2,0.2,2.4,0.2,5,1.4,1.3,1.5,0.3,10,0.5,0.5,1.9,0.2,10,1.0,1.0,2.0,0.2,5,0.4,0.2,1.0,0.2,5
2024-12-29,2024-25,Leicester City,Manchester City,0,2,A,1450.9,1762.7,-311.8,18,8,-10,18,18,0,5,0,5,0.8,1.2,2.6,0.0,5,1.0,1.6,1.4,0.2,5,0.5,1.0,2.6,0.0,10,0.8,1.1,1.7,0.2,10,0.8,1.4,2.2,0.0,5,0.2,1.0,2.0,0.0,5
2024-12-29,2024-25,Everton,Nottingham Forest,0,2,A,1519.8,1557.4,-37.6,16,4,-12,17,18,2,0,2,4,1.2,1.0,1.0,0.6,5,2.4,1.6,1.2,0.4,5,1.2,0.8,0.7,0.6,10,2.1,1.6,1.3,0.4,10,1.4,1.0,0.2,0.8,5,1.8,1.6,1.8,0.2,5
2024-12-30,2024-25,Aston Villa,Brighton and Hove Albion,2,2,D,1621.9,1567.9,54.0,9,10,1,18,18,4,1,0,5,1.8,1.4,1.4,0.2,5,0.6,1.0,1.8,0.2,5,1.1,1.1,1.9,0.1,10,1.1,1.3,1.6,0.1,10,2.2,1.8,1.0,0.2,5,1.0,1.4,1.8,0.0,5
2024-12-30,2024-25,Ipswich Town,Chelsea,2,0,H,1458.7,1663.1,-204.4,19,4,-15,18,18,0,0,0,0,0.6,0.6,1.8,0.0,5,2.0,2.4,1.4,0.2,5,0.8,1.0,1.7,0.0,10,2.1,2.1,1.1,0.2,10,0.4,0.6,1.8,0.0,5,2.2,2.4,1.2,0.2,5
2024-12-30,2024-25,Manchester United,Newcastle United,0,2,A,1590.2,1628.5,-38.3,14,7,-7,18,18,1,2,2,5,0.6,0.8,2.2,0.0,5,2.0,3.2,1.4,0.6,5,1.1,1.4,1.5,0.2,10,1.7,2.2,1.3,0.4,10,1.4,2.0,1.4,0.4,5,1.4,2.2,1.6,0.2,5
2025-01-01,2024-25,Brentford,Arsenal,1,3,A,1524.5,1775.5,-250.9,12,3,-9,18,18,0,4,1,5,0.8,1.2,1.8,0.2,5,2.2,1.8,0.4,0.6,5,1.4,1.8,1.7,0.2,10,1.9,2.0,0.8,0.4,10,2.4,3.0,2.0,0.0,5,1.6,2.4,1.2,0.0,5
2025-01-04,2024-25,Southampton,Brentford,0,5,A,1351.9,1518.6,-166.7,20,12,-8,19,19,1,4,0,5,0.2,0.2,1.8,0.2,5,0.8,1.2,1.8,0.2,5,0.5,0.6,2.0,0.2,10,1.1,1.5,1.7,0.2,10,0.6,0.8,2.8,0.2,5,0.4,0.6,1.4,0.4,5
2025-01-04,2024-25,Brighton and Hove Albion,Arsenal,1,1,D,1572.0,1781.4,-209.3,11,2,-9,19,19,1,3,1,5,0.8,1.2,1.6,0.2,5,2.2,2.0,0.6,0.4,5,1.1,1.3,1.6,0.1,10,2.1,2.1,0.7,0.4,10,1.2,1.2,1.4,0.2,5,2.2,3.0,1.2,0.0,5
2025-01-04,2024-25,Manchester City,West Ham United,4,1,H,1767.3,1536.3,231.0,6,13,7,19,19,5,0,0,5,1.0,1.4,1.4,0.2,5,1.6,1.0,1.6,0.2,5,0.8,1.2,1.7,0.2,10,1.2,1.0,1.9,0.3,10,1.4,1.2,1.4,0.4,5,1.4,1.0,1.4,0.4,5
2025-01-04,2024-25,Bournemouth,Everton,1,0,H,1560.4,1508.0,52.4,7,16,9,19,18,3,2,0,5,1.8,1.6,0.8,0.4,5,1.2,1.0,0.6,0.6,5,1.8,1.8,1.2,0.3,10,0.9,0.6,0.9,0.5,10,1.6,1.0,0.8,0.4,5,0.6,0.2,1.2,0.4,5
2025-01-04,2024-25,Aston Villa,Leicester City,2,1,H,1617.7,1446.4,171.3,9,19,10,19,19,3,1,1,5,1.4,1.2,1.6,0.2,5,0.2,0.6,2.8,0.0,5,1.1,1.2,2.0,0.1,10,0.5,0.9,2.5,0.0,10,2.2,2.0,1.2,0.2,5,0.2,0.6,3.0,0.0,5
2025-01-04,2024-25,Tottenham,Newcastle United,1,2,A,1579.9,1640.3,-60.4,12,7,-5,19,19,1,4,0,5,0.8,2.6,2.6,0.2,5,2.4,3.0,0.8,0.8,5,1.1,2.3,1.8,0.2,10,2.0,2.3,1.1,0.5,10,0.4,2.0,3.0,0.0,5,2.0,2.4,1.2,0.4,5
2025-01-04,2024-25,Crystal Palace,Chelsea,1,1,D,1544.9,1650.2,-105.3,15,4,-11,19,19,0,4,1,5,1.6,1.6,1.8,0.2,5,1.4,1.4,1.6,0.2,5,1.4,1.4,1.6,0.2,10,1.8,1.9,1.2,0.2,10,1.0,1.2,2.2,0.0,5,2.0,2.2,1.4,0.2,5
2025-01-05,2024-25,Fulham,Ipswich Town,2,2,D,1563.3,1471.6,91.7,9,18,9,19,19,0,0,1,1,1.4,1.4,1.2,0.2,5,1.2,1.0,1.6,0.2,5,1.7,1.6,1.3,0.2,10,1.1,0.9,1.3,0.1,10,1.2,1.4,1.6,0.2,5,1.2,1.4,1.6,0.0,5
2025-01-05,2024-25,Liverpool,Manchester United,2,2,D,1796.2,1578.4,217.8,1,14,13,18,19,2,1,2,5,2.2,3.8,1.8,0.2,5,0.6,0.8,2.2,0.0,5,2.4,3.0,1.4,0.3,10,1.1,1.3,1.5,0.2,10,2.6,2.2,0.8,0.4,5,0.8,0.8,1.6,0.0,5
2025-01-06,2024-25,Wolverhampton Wanderers,Nottingham Forest,0,3,A,1478.0,1569.2,-91.2,17,3,-14,19,19,1,0,4,5,1.4,1.8,1.2,0.4,5,3.0,2.0,0.6,0.6,5,1.4,1.9,1.7,0.3,10,2.1,1.5,1.2,0.5,10,1.4,1.8,1.6,0.4,5,1.8,1.4,1.6,0.4,5
2025-01-14,2024-25,Brentford,Manchester City,2,2,D,1526.7,1769.9,-243.1,11,6,-5,20,20,2,3,0,5,0.8,1.4,1.4,0.4,5,1.4,1.8,1.2,0.2,5,1.4,1.9,1.5,0.3,10,1.1,1.5,1.6,0.2,10,1.8,2.4,2.0,0.0,5,0.8,1.2,1.6,0.2,5
2025-01-14,2024-25,Chelsea,Bournemouth,2,2,D,1650.1,1566.3,83.8,4,7,3,20,20,4,0,1,5,1.0,0.8,1.2,0.2,5,1.8,1.4,0.6,0.6,5,1.8,1.9,1.2,0.2,10,1.8,1.7,1.1,0.4,10,2.0,1.8,1.0,0.2,5,2.0,2.6,1.6,0.2,5
2025-01-14,2024-25,West Ham United,Fulham,3,2,H,1533.7,1558.3,-24.6,14,9,-5,20,20,2,2,1,5,1.0,0.8,2.2,0.2,5,1.4,1.6,1.4,0.2,5,1.2,1.1,2.0,0.3,10,1.5,1.6,1.4,0.2,10,1.0,1.0,2.4,0.2,5,1.8,1.6,1.0,0.2,5
2025-01-14,2024-25,Nottingham Forest,Liverpool,1,1,D,1579.4,1789.0,-209.6,3,1,-2,20,19,2,3,0,5,3.0,2.0,0.2,0.8,5,2.2,3.6,1.6,0.2,5,2.1,1.5,1.2,0.5,10,2.4,3.0,1.4,0.3,10,2.4,1.6,0.8,0.6,5,2.2,3.8,2.0,0.2,5
2025-01-15,2024-25,Newcastle United,Wolverhampton Wanderers,3,0,H,1651.4,1467.7,183.7,5,17,12,20,20,3,0,2,5,3.0,3.0,0.2,0.8,5,1.4,1.6,1.4,0.4,5,2.0,2.4,1.2,0.4,10,1.3,1.7,1.8,0.3,10,2.0,2.2,1.0,0.6,5,1.4,2.0,1.8,0.2,5
2025-01-15,2024-25,Everton,Aston Villa,0,1,A,1502.2,1621.2,-119.0,16,8,-8,19,20,0,4,1,5,0.6,0.2,0.8,0.4,5,1.4,1.4,1.8,0.0,5,0.8,0.5,0.9,0.5,10,1.4,1.3,1.7,0.1,10,1.2,1.0,0.6,0.6,5,0.0,0.4,2.8,0.0,5
2025-01-15,2024-25,Leicester City,Crystal Palace,0,2,A,1442.9,1545.1,-102.2,19,15,-4,20,20,1,1,3,5,0.0,0.4,2.8,0.0,5,1.6,1.4,1.6,0.2,5,0.4,0.9,2.6,0.0,10,1.4,1.3,1.5,0.2,10,0.8,1.2,2.0,0.0,5,1.8,1.6,1.0,0.4,5
2025-01-15,2024-25,Arsenal,Tottenham,2,1,H,1778.3,1568.8,209.5,3,13,10,20,20,4,0,1,5,2.2,2.0,0.6,0.4,5,0.8,2.2,2.2,0.2,5,2.2,2.2,0.7,0.4,10,0.8,2.0,1.9,0.2,10,2.2,1.6,0.4,0.8,5,1.2,1.8,0.6,0.4,5
2025-01-16,2024-25,Manchester United,Southampton,3,1,H,1585.7,1343.8,241.8,15,20,5,20,20,2,0,3,5,0.8,0.8,2.0,0.0,5,0.2,0.2,2.6,0.2,5,1.1,1.4,1.6,0.2,10,0.2,0.5,2.5,0.1,10,1.2,1.8,1.6,0.4,5,0.4,0.4,1.2,0.2,5
2025-01-16,2024-25,Ipswich Town,Brighton and Hove Albion,0,2,A,1476.6,1575.1,-98.4,17,11,-6,20,20,0,0,1,1,1.4,1.2,1.6,0.2,5,0.8,1.0,1.4,0.2,5,1.1,1.0,1.4,0.1,10,1.2,1.3,1.5,0.1,10,0.8,0.8,1.6,0.2,5,1.2,1.6,1.8,0.0,5
2025-01-18,2024-25,Newcastle United,Bournemouth,1,4,A,1654.7,1571.1,83.6,4,8,4,21,21,0,1,4,5,3.0,2.8,0.2,0.8,5,1.8,1.6,0.8,0.6,5,2.0,2.4,1.1,0.5,10,1.9,1.7,1.0,0.4,10,2.0,2.6,1.0,0.6,5,2.2,2.6,1.4,0.2,5
2025-01-18,2024-25,Brentford,Liverpool,0,2,A,1530.6,1786.0,-255.3,11,1,-10,21,20,1,4,0,5,1.0,1.6,1.4,0.4,5,2.2,3.4,1.4,0.2,5,1.2,1.8,1.5,0.3,10,2.2,2.9,1.4,0.3,10,1.4,2.2,2.0,0.0,5,2.2,3.6,1.8,0.2,5
2025-01-18,2024-25,Leicester City,Fulham,0,2,A,1433.0,1550.4,-117.5,19,10,-9,21,21,1,4,0,5,0.0,0.4,2.4,0.0,5,1.2,1.6,1.6,0.2,5,0.4,0.9,2.5,0.0,10,1.2,1.6,1.7,0.1,10,0.8,1.0,2.0,0.0,5,1.6,1.8,1.4,0.2,5
2025-01-18,2024-25,West Ham United,Crystal Palace,0,2,A,1541.6,1555.0,-13.5,13,15,2,21,21,1,3,1,5,1.4,1.2,2.4,0.2,5,1.6,1.2,1.4,0.4,5,1.4,1.4,2.2,0.2,10,1.7,1.5,1.3,0.3,10,1.4,1.6,2.8,0.0,5,2.2,1.6,0.6,0.6,5
2025-01-18,2024-25,Arsenal,Aston Villa,2,2,D,1781.2,1630.6,150.6,2,8,6,21,21,3,2,0,5,2.6,2.4,0.8,0.2,5,2.0,1.4,1.4,0.2,5,2.4,2.3,0.7,0.4,10,1.7,1.4,1.5,0.2,10,2.6,1.6,0.2,0.8,5,0.6,0.4,2.0,0.2,5
2025-01-19,2024-25,Everton,Tottenham,3,2,H,1492.7,1565.9,-73.2,16,15,-1,20,21,0,3,2,5,0.4,0.2,1.0,0.2,5,0.2,1.4,2.6,0.0,5,0.8,0.5,0.9,0.5,10,0.8,2.0,1.9,0.2,10,1.0,0.8,0.6,0.6,5,1.2,2.0,0.8,0.4,5
2025-01-19,2024-25,Manchester United,Brighton and Hove Albion,1,3,A,1588.1,1585.1,3.0,13,10,-3,21,21,1,4,0,5,0.8,1.0,2.0,0.0,5,1.4,1.2,0.8,0.4,5,1.1,1.4,1.7,0.1,10,1.2,1.3,1.4,0.2,10,1.2,1.8,1.8,0.2,5,1.2,1.6,1.6,0.2,5
2025-01-19,2024-25,Nottingham Forest,Southampton,3,2,H,1582.5,1341.4,241.1,3,20,17,21,21,3,0,0,3,2.6,1.8,0.2,0.8,5,0.2,0.4,2.2,0.2,5,2.2,1.5,1.0,0.5,10,0.2,0.6,2.6,0.1,10,2.0,1.2,1.0,0.4,5,0.4,0.6,1.4,0.2,5
2025-01-19,2024-25,Ipswich Town,Manchester City,0,6,A,1466.6,1766.0,-299.4,18,8,-10,21,21,0,1,0,1,0.8,0.8,1.8,0.2,5,1.6,2.0,1.2,0.2,5,0.8,0.8,1.5,0.1,10,1.2,1.6,1.6,0.2,10,0.6,0.6,1.8,0.2,5,1.0,1.4,1.6,0.2,5
2025-01-20,2024-25,Chelsea,Wolverhampton Wanderers,3,1,H,1645.2,1464.5,180.8,6,17,11,21,21,2,3,0,5,0.6,0.8,1.4,0.2,5,1.4,1.4,1.6,0.4,5,1.8,2.0,1.3,0.2,10,1.0,1.5,2.1,0.2,10,1.6,1.8,1.2,0.2,5,0.8,1.2,2.2,0.2,5
2025-01-25,2024-25,Wolverhampton Wanderers,Arsenal,0,1,A,1461.1,1775.0,-313.9,17,2,-15,22,22,0,5,0,5,0.8,1.0,2.2,0.2,5,2.2,1.8,1.0,0.2,5,0.7,1.2,2.3,0.2,10,2.2,2.2,0.9,0.3,10,1.2,1.4,1.8,0.4,5,2.2,3.0,1.2,0.0,5
2025-01-25,2024-25,Manchester City,Chelsea,3,1,H,1770.8,1648.5,122.2,5,4,-1,22,22,3,0,2,5,2.2,3.0,0.8,0.4,5,1.0,1.4,1.6,0.0,5,1.5,2.2,1.2,0.3,10,1.8,2.1,1.3,0.2,10,1.4,1.8,1.6,0.2,5,1.6,2.0,1.4,0.2,5
2025-01-25,2024-25,Southampton,Newcastle United,1,3,A,1338.9,1639.8,-300.9,20,6,-14,22,22,0,4,1,5,0.0,0.8,2.8,0.0,5,2.4,2.2,1.0,0.6,5,0.2,0.6,2.6,0.1,10,2.0,2.5,1.3,0.5,10,0.0,0.6,3.8,0.0,5,2.0,2.2,1.2,0.4,5
2025-01-25,2024-25,Brighton and Hove Albion,Everton,0,1,A,1598.0,1501.9,96.1,9,16,7,22,21,2,1,2,5,1.8,1.6,0.8,0.4,5,0.8,0.8,1.4,0.0,5,1.2,1.4,1.4,0.2,10,1.0,0.8,1.1,0.4,10,1.2,1.0,1.2,0.2,5,0.6,0.2,1.2,0.4,5
2025-01-25,2024-25,Bournemouth,Nottingham Forest,5,0,H,1586.0,1585.0,1.0,7,3,-4,22,22,2,0,3,5,1.8,1.8,1.0,0.4,5,2.6,2.0,0.6,0.6,5,2.2,2.0,0.9,0.4,10,2.5,1.8,0.9,0.5,10,1.6,0.8,0.6,0.6,5,2.4,2.0,1.0,0.6,5
2025-01-25,2024-25,Liverpool,Ipswich Town,4,1,H,1791.8,1461.8,330.0,1,18,17,21,22,1,0,0,1,2.2,2.6,0.8,0.4,5,0.8,0.8,2.2,0.2,5,2.2,2.9,1.4,0.3,10,0.7,0.7,2.0,0.1,10,2.2,2.2,1.0,0.4,5,1.4,1.2,1.2,0.0,5
2025-01-26,2024-25,Crystal Palace,Brentford,1,2,A,1567.5,1524.8,42.7,12,11,-1,22,22,1,1,3,5,2.2,1.4,0.4,0.6,5,1.0,1.6,1.4,0.4,5,1.9,1.5,1.1,0.4,10,1.1,1.8,1.7,0.2,10,1.2,1.4,2.0,0.0,5,1.0,1.4,1.0,0.6,5
2025-01-26,2024-25,Tottenham,Leicester City,1,2,A,1556.7,1423.5,133.2,15,19,4,22,22,3,1,1,5,0.2,1.2,2.0,0.0,5,0.0,0.4,2.2,0.0,5,0.5,1.8,2.2,0.1,10,0.4,0.8,2.5,0.0,10,0.4,2.0,3.0,0.0,5,0.0,0.6,3.2,0.0,5
2025-01-26,2024-25,Aston Villa,West Ham United,1,1,D,1636.8,1529.1,107.7,8,14,6,22,22,2,1,2,5,1.6,1.4,1.6,0.2,5,1.2,1.0,2.6,0.2,5,1.7,1.4,1.5,0.2,10,1.1,1.2,2.4,0.1,10,2.6,2.0,1.0,0.2,5,1.4,1.2,1.6,0.4,5
2025-01-26,2024-25,Fulham,Manchester United,0,1,A,1559.9,1575.3,-15.3,10,14,4,22,22,1,4,0,5,1.6,2.0,1.6,0.2,5,0.8,1.2,2.0,0.0,5,1.5,1.7,1.3,0.2,10,1.0,1.4,1.9,0.1,10,1.4,1.6,1.2,0.2,5,1.0,1.0,1.6,0.0,5
2025-02-01,2024-25,Nottingham Forest,Brighton and Hove Albion,7,0,H,1577.8,1582.9,-5.1,3,9,6,23,23,1,2,2,5,2.0,1.8,1.6,0.4,5,1.6,1.6,1.0,0.2,5,2.2,1.7,1.4,0.4,10,1.1,1.3,1.4,0.2,10,2.6,1.6,0.8,0.4,5,1.8,2.0,1.2,0.2,5
2025-02-01,2024-25,Bournemouth,Liverpool,0,2,A,1593.1,1793.3,-200.2,7,1,-6,23,22,1,4,0,5,2.2,2.8,1.0,0.4,5,2.2,2.8,0.8,0.4,5,2.2,2.1,0.7,0.5,10,2.2,3.0,1.3,0.3,10,2.2,1.6,0.2,0.8,5,2.2,3.4,1.4,0.4,5
2025-02-01,2024-25,Everton,Leicester City,4,0,H,1517.0,1439.3,77.7,16,17,1,22,23,1,1,3,5,1.2,0.8,1.2,0.2,5,0.6,0.6,1.8,0.0,5,1.2,0.9,1.1,0.4,10,0.7,0.9,2.2,0.0,10,1.4,1.4,1.0,0.4,5,0.6,1.0,2.8,0.0,5
2025-02-01,2024-25,Ipswich Town,Southampton,1,2,A,1460.2,1334.1,126.1,19,20,1,23,23,0,0,1,1,0.8,1.0,2.8,0.2,5,0.0,1.0,3.2,0.0,5,0.7,0.8,2.3,0.1,10,0.1,0.6,2.8,0.1,10,0.6,0.6,2.8,0.2,5,0.2,0.8,1.8,0.2,5
2025-02-01,2024-25,Newcastle United,Fulham,1,2,A,1644.6,1547.5,97.1,5,10,5,23,23,4,1,0,5,2.4,2.2,1.2,0.4,5,1.0,1.6,1.6,0.2,5,2.2,2.7,1.3,0.5,10,1.4,1.6,1.3,0.2,10,2.0,2.8,1.4,0.6,5,1.6,1.8,1.4,0.2,5
2025-02-01,2024-25,Wolverhampton Wanderers,Aston Villa,2,0,H,1456.6,1631.5,-174.8,18,8,-10,23,23,1,2,2,5,0.2,0.6,2.4,0.0,5,1.8,1.6,1.2,0.2,5,0.7,1.0,2.0,0.2,10,1.8,1.5,1.3,0.2,10,0.6,1.0,2.0,0.2,5,0.8,0.8,2.0,0.2,5
2025-02-02,2024-25,Manchester United,Crystal Palace,0,2,A,1587.6,1553.6,34.1,12,13,1,23,23,1,2,2,5,1.4,1.4,1.6,0.2,5,2.0,1.6,0.8,0.4,5,1.0,1.1,1.9,0.1,10,1.8,1.5,1.2,0.4,10,0.6,1.2,2.4,0.0,5,2.6,1.6,0.2,0.8,5
2025-02-02,2024-25,Arsenal,Manchester City,5,1,H,1779.5,1775.1,4.4,2,4,2,23,23,1,2,2,5,2.2,1.8,1.0,0.2,5,2.6,3.4,0.8,0.4,5,2.2,1.8,0.7,0.4,10,1.8,2.5,1.1,0.3,10,2.2,1.4,0.6,0.6,5,1.6,2.6,1.2,0.4,5
2025-02-02,2024-25,Brentford,Tottenham,0,2,A,1538.7,1540.8,-2.1,11,16,5,23,23,1,2,2,5,1.4,2.0,1.6,0.2,5,0.2,1.4,2.2,0.0,5,1.1,1.6,1.7,0.2,10,0.4,1.8,2.3,0.1,10,0.8,1.4,2.2,0.0,5,0.6,1.6,1.4,0.2,5
2025-02-03,2024-25,Chelsea,West Ham United,2,1,H,1644.2,1534.5,109.7,6,15,9,23,23,3,1,1,5,1.0,1.4,1.8,0.0,5,0.8,1.0,2.8,0.0,5,1.5,1.9,1.6,0.1,10,1.2,1.1,2.0,0.1,10,2.0,2.2,1.2,0.2,5,1.0,1.0,1.8,0.2,5
2025-02-12,2024-25,Everton,Liverpool,2,2,D,1522.3,1800.5,-278.2,16,1,-15,23,23,1,3,1,5,1.8,1.6,0.8,0.4,5,2.2,2.2,0.8,0.4,5,1.5,1.3,0.7,0.5,10,2.2,3.0,1.3,0.3,10,1.4,1.4,1.0,0.4,5,2.6,3.2,0.8,0.6,5
2025-02-14,2024-25,Brighton and Hove Albion,Chelsea,3,0,H,1575.6,1648.8,-73.2,10,4,-6,24,24,2,3,0,5,1.4,1.2,2.0,0.2,5,1.6,1.8,1.6,0.0,5,1.1,1.2,1.8,0.2,10,1.5,1.6,1.6,0.1,10,0.6,0.6,1.2,0.2,5,1.0,1.2,1.8,0.2,5
2025-02-15,2024-25,Leicester City,Arsenal,0,2,A,1434.0,1786.6,-352.6,18,2,-16,24,24,0,5,0,5,0.6,0.6,2.2,0.0,5,2.2,2.2,1.0,0.2,5,0.4,0.6,2.5,0.0,10,2.2,2.1,0.8,0.3,10,0.2,0.4,2.2,0.0,5,2.2,2.2,0.8,0.2,5
2025-02-15,2024-25,Aston Villa,Ipswich Town,1,1,D,1619.3,1444.5,174.8,9,19,10,24,24,0,0,1,1,1.6,1.2,1.2,0.2,5,0.2,0.8,3.2,0.0,5,1.5,1.2,1.4,0.2,10,0.7,0.9,2.4,0.1,10,2.2,1.6,1.0,0.2,5,0.8,1.0,1.8,0.0,5
2025-02-15,2024-25,Fulham,Nottingham Forest,2,1,H,1562.7,1585.1,-22.4,10,3,-7,24,24,4,1,0,5,1.4,1.6,1.4,0.2,5,2.0,2.8,1.6,0.4,5,1.4,1.5,1.3,0.2,10,2.5,2.4,1.1,0.5,10,0.8,1.0,1.2,0.2,5,2.4,2.0,1.4,0.6,5
2025-02-15,2024-25,Manchester City,Newcastle United,4,0,H,1768.0,1629.5,138.6,5,6,1,24,24,3,0,2,5,2.0,3.2,1.8,0.2,5,1.8,2.0,1.6,0.2,5,1.5,2.3,1.6,0.2,10,2.1,2.5,1.2,0.5,10,2.0,2.4,1.0,0.2,5,2.4,2.6,1.2,0.4,5
2025-02-15,2024-25,Southampton,Bournemouth,1,3,A,1349.9,1585.9,-236.1,20,7,-13,24,24,2,3,0,5,0.6,1.2,3.0,0.0,5,2.0,2.4,1.0,0.4,5,0.4,0.7,2.4,0.1,10,1.9,2.0,0.9,0.4,10,0.0,0.4,3.8,0.0,5,2.2,2.6,1.2,0.2,5
2025-02-15,2024-25,West Ham United,Brentford,0,1,A,1529.9,1526.0,3.9,16,11,-5,24,24,1,3,1,5,0.8,1.2,2.2,0.0,5,1.4,1.8,1.4,0.2,5,1.2,1.1,1.9,0.1,10,1.1,1.5,1.6,0.2,10,1.4,1.2,2.2,0.0,5,1.4,1.8,1.2,0.4,5
2025-02-15,2024-25,Crystal Palace,Everton,1,2,A,1567.3,1527.1,40.2,12,15,3,24,24,0,3,2,5,2.0,1.6,0.6,0.6,5,2.0,2.0,1.0,0.4,5,1.8,1.6,1.2,0.4,10,1.3,1.1,0.9,0.4,10,1.0,1.4,2.2,0.0,5,1.0,0.4,1.2,0.4,5
2025-02-16,2024-25,Tottenham,Manchester United,1,0,H,1553.6,1574.0,-20.4,15,14,-1,24,24,2,1,2,5,0.6,1.4,1.8,0.2,5,1.4,1.4,1.6,0.2,5,0.7,2.0,2.2,0.2,10,1.0,1.1,1.9,0.1,10,0.2,2.0,3.2,0.0,5,1.4,1.0,1.4,0.2,5
2025-02-16,2024-25,Liverpool,Wolverhampton Wanderers,2,1,H,1795.8,1468.7,327.0,1,17,16,24,24,4,1,0,5,2.2,2.2,0.8,0.4,5,0.6,0.6,2.0,0.2,5,2.2,2.9,1.2,0.3,10,1.0,1.2,1.6,0.3,10,2.2,2.6,1.2,0.2,5,0.8,1.4,2.0,0.2,5
2025-02-19,2024-25,Aston Villa,Liverpool,2,2,D,1612.7,1797.4,-184.6,9,1,-8,25,25,0,3,2,5,1.2,1.0,1.2,0.2,5,2.6,2.4,0.8,0.4,5,1.3,1.2,1.5,0.1,10,2.4,2.9,1.1,0.3,10,1.8,1.6,1.2,0.0,5,2.2,2.4,0.6,0.6,5
2025-02-21,2024-25,Leicester City,Brentford,0,4,A,1430.3,1538.9,-108.6,19,11,-8,25,25,2,1,2,5,0.6,0.4,2.2,0.0,5,1.4,1.0,1.4,0.2,5,0.3,0.4,2.5,0.0,10,1.1,1.2,1.4,0.3,10,0.0,0.0,2.2,0.0,5,2.0,1.8,0.6,0.6,5
2025-02-22,2024-25,Everton,Manchester United,2,2,D,1540.9,1566.2,-25.3,14,15,1,25,25,0,5,0,5,2.6,2.4,1.0,0.4,5,1.2,1.0,1.4,0.2,5,1.5,1.3,1.0,0.3,10,1.0,0.9,1.7,0.1,10,1.4,1.8,1.4,0.2,5,1.4,1.0,1.2,0.2,5
2025-02-22,2024-25,Arsenal,West Ham United,0,1,A,1790.4,1517.0,273.4,2,16,14,25,25,3,1,1,5,2.6,2.4,0.8,0.4,5,0.8,1.0,1.6,0.0,5,2.4,2.2,0.7,0.4,10,0.9,0.9,1.9,0.1,10,2.2,2.0,0.8,0.4,5,1.0,1.0,1.6,0.2,5
2025-02-22,2024-25,Bournemouth,Wolverhampton Wanderers,0,1,A,1592.2,1467.2,125.0,5,17,12,25,25,3,1,1,5,2.0,2.8,1.2,0.2,5,0.6,0.8,1.8,0.2,5,1.9,2.1,0.9,0.4,10,1.0,1.2,1.6,0.3,10,1.6,1.4,0.6,0.6,5,0.8,1.4,2.0,0.2,5
2025-02-22,2024-25,Fulham,Crystal Palace,0,2,A,1570.5,1553.4,17.0,8,14,6,25,25,2,0,3,5,1.8,1.6,1.2,0.2,5,1.8,1.6,0.8,0.6,5,1.6,1.6,1.3,0.2,10,1.7,1.5,1.2,0.4,10,1.2,1.2,1.2,0.2,5,2.6,1.8,0.2,0.8,5
2025-02-22,2024-25,Ipswich Town,Tottenham,1,4,A,1451.1,1561.3,-110.2,18,14,-4,25,25,1,0,0,1,0.2,0.6,3.0,0.0,5,1.2,1.4,1.4,0.4,5,0.8,0.9,2.3,0.1,10,1.0,1.8,1.8,0.3,10,0.6,0.6,2.8,0.2,5,1.2,2.0,1.2,0.4,5
2025-02-22,2024-25,Southampton,Brighton and Hove Albion,0,4,A,1343.6,1584.8,-241.2,20,11,-9,25,25,0,2,3,5,0.6,1.4,2.6,0.0,5,1.8,1.6,1.8,0.4,5,0.4,0.8,2.6,0.1,10,1.3,1.3,1.6,0.3,10,0.0,0.4,3.4,0.0,5,1.6,1.6,2.2,0.2,5
2025-02-22,2024-25,Aston Villa,Chelsea,2,1,H,1615.1,1639.5,-24.4,10,6,-4,26,25,2,2,1,5,0.8,1.2,1.6,0.0,5,1.4,1.6,2.0,0.0,5,1.4,1.3,1.5,0.1,10,1.2,1.2,1.6,0.1,10,1.4,1.6,1.4,0.0,5,0.4,0.4,1.8,0.2,5
2025-02-23,2024-25,Newcastle United,Nottingham Forest,4,3,H,1625.5,1577.3,48.1,8,3,-5,25,25,4,1,0,5,1.2,1.6,2.2,0.2,5,1.4,2.4,2.0,0.2,5,2.1,2.3,1.2,0.5,10,2.2,2.2,1.1,0.5,10,1.8,2.4,1.2,0.6,5,1.8,1.6,1.4,0.6,5
2025-02-23,2024-25,Manchester City,Liverpool,0,2,A,1772.1,1795.0,-22.9,4,1,-3,25,26,1,2,2,5,2.0,3.2,1.6,0.4,5,2.2,2.4,1.2,0.2,5,1.7,2.5,1.4,0.3,10,2.2,2.5,1.0,0.3,10,2.0,2.6,1.0,0.2,5,1.8,1.8,1.0,0.4,5
2025-02-25,2024-25,Wolverhampton Wanderers,Fulham,1,2,A,1482.9,1557.2,-74.4,17,10,-7,26,26,2,1,2,5,1.2,1.0,1.2,0.4,5,1.8,1.2,1.0,0.2,5,1.3,1.2,1.4,0.4,10,1.5,1.4,1.3,0.2,10,1.2,1.0,1.2,0.4,5,2.0,2.0,1.4,0.2,5
2025-02-25,2024-25,Chelsea,Southampton,4,0,H,1631.7,1337.4,294.3,7,20,13,26,26,3,2,0,5,1.2,1.4,2.0,0.0,5,0.6,1.2,2.8,0.0,5,0.9,1.1,1.7,0.1,10,0.4,0.8,2.5,0.1,10,2.0,2.0,1.4,0.0,5,0.8,1.2,1.8,0.2,5
2025-02-25,2024-25,Brighton and Hove Albion,Bournemouth,2,1,H,1590.9,1576.5,14.4,10,7,-3,26,26,4,1,0,5,1.8,2.0,1.8,0.4,5,1.8,2.4,1.0,0.2,5,1.6,1.6,1.3,0.4,10,1.8,2.0,0.9,0.4,10,1.0,1.0,1.0,0.4,5,2.2,2.8,1.2,0.2,5
2025-02-25,2024-25,Crystal Palace,Aston Villa,4,1,H,1566.7,1623.0,-56.3,13,10,-3,26,27,2,2,1,5,1.8,1.6,0.8,0.6,5,1.2,1.2,1.4,0.0,5,1.7,1.4,1.1,0.5,10,1.4,1.3,1.5,0.1,10,0.8,1.2,2.2,0.0,5,0.8,0.8,1.8,0.2,5
2025-02-26,2024-25,Brentford,Everton,1,1,D,1548.6,1538.8,9.9,11,14,3,26,26,0,3,2,5,1.8,1.4,1.0,0.4,5,2.2,2.2,1.0,0.4,5,1.4,1.5,1.2,0.4,10,1.5,1.5,1.2,0.2,10,0.2,0.6,2.2,0.0,5,1.6,0.8,0.6,0.4,5
2025-02-26,2024-25,Manchester United,Ipswich Town,3,2,H,1568.3,1441.4,127.0,15,18,3,26,26,0,0,1,1,0.8,0.8,1.6,0.2,5,0.2,0.8,3.4,0.0,5,0.8,0.9,1.8,0.1,10,0.5,0.8,2.6,0.1,10,0.6,0.8,2.2,0.0,5,1.0,1.2,1.8,0.0,5
2025-02-26,2024-25,Nottingham Forest,Arsenal,0,0,D,1571.3,1772.5,-201.2,3,2,-1,26,26,1,4,0,5,1.2,2.8,2.6,0.2,5,2.0,2.0,0.8,0.4,5,1.9,2.3,1.4,0.5,10,2.3,2.2,0.8,0.3,10,2.6,2.8,0.8,0.4,5,2.6,2.4,0.6,0.4,5
2025-02-26,2024-25,Tottenham,Manchester City,0,1,A,1571.0,1759.9,-188.9,13,5,-8,26,26,2,2,1,5,1.8,2.0,1.2,0.4,5,1.8,2.8,1.6,0.4,5,1.0,1.7,1.9,0.2,10,1.7,2.4,1.4,0.3,10,0.8,1.6,2.4,0.2,5,1.4,2.4,1.8,0.4,5
2025-02-26,2024-25,Liverpool,Newcastle United,2,0,H,1807.2,1631.4,175.7,1,6,5,27,26,4,0,1,5,2.2,2.0,1.0,0.4,5,1.2,1.8,2.8,0.0,5,2.2,2.4,0.9,0.4,10,2.1,2.3,1.5,0.4,10,2.2,2.6,1.4,0.0,5,2.4,2.2,1.2,0.4,5
2025-02-27,2024-25,West Ham United,Leicester City,2,0,H,1534.9,1420.5,114.4,16,19,3,26,26,1,3,1,5,0.8,0.6,1.2,0.2,5,0.6,0.4,2.6,0.0,5,1.1,0.9,1.8,0.2,10,0.3,0.4,2.5,0.0,10,0.8,0.8,2.2,0.0,5,0.6,0.8,2.8,0.0,5
2025-03-08,2024-25,Brentford,Aston Villa,0,1,A,1545.6,1614.2,-68.7,11,10,-1,27,28,0,3,2,5,2.0,1.6,0.8,0.4,5,1.0,1.2,2.0,0.0,5,1.5,1.6,1.1,0.4,10,1.4,1.4,1.6,0.1,10,0.4,0.8,2.0,0.0,5,0.8,0.8,2.2,0.2,5
2025-03-08,2024-25,Nottingham Forest,Manchester City,1,0,H,1574.2,1767.4,-193.2,3,4,1,27,27,0,4,1,5,0.8,2.2,2.2,0.4,5,1.8,1.8,1.6,0.4,5,1.7,2.1,1.4,0.5,10,2.0,2.4,1.2,0.4,10,2.2,2.4,0.6,0.6,5,2.0,2.4,1.4,0.6,5
2025-03-08,2024-25,Brighton and Hove Albion,Fulham,2,1,H,1597.7,1568.0,29.8,9,10,1,27,27,0,4,1,5,1.8,1.8,1.8,0.4,5,1.8,1.2,1.2,0.0,5,1.8,1.7,1.3,0.4,10,1.7,1.6,1.4,0.1,10,1.6,1.2,0.6,0.4,5,2.4,2.0,1.2,0.2,5
2025-03-08,2024-25,Crystal Palace,Ipswich Town,1,0,H,1575.4,1437.1,138.3,12,18,6,27,27,1,0,0,1,1.8,2.0,1.0,0.4,5,0.2,1.2,2.8,0.0,5,2.0,1.7,0.7,0.5,10,0.5,1.0,2.5,0.1,10,1.4,1.8,1.4,0.0,5,0.4,1.2,2.2,0.0,5
2025-03-08,2024-25,Liverpool,Southampton,3,1,H,1810.6,1335.6,475.0,1,20,19,28,27,4,0,1,5,2.2,2.0,1.0,0.4,5,0.6,0.8,3.0,0.0,5,2.2,2.1,0.9,0.4,10,0.3,0.8,2.9,0.0,10,2.6,2.6,1.0,0.2,5,0.6,1.2,2.6,0.0,5
2025-03-08,2024-25,Wolverhampton Wanderers,Everton,1,1,D,1472.1,1541.8,-69.7,17,16,-1,27,27,3,1,1,5,1.2,1.0,1.0,0.4,5,1.8,2.2,1.2,0.2,5,1.0,1.0,1.6,0.3,10,1.5,1.5,1.2,0.2,10,1.2,1.0,1.2,0.4,5,1.6,1.0,0.8,0.2,5
2025-03-09,2024-25,Tottenham,Bournemouth,2,2,D,1563.5,1569.7,-6.2,13,9,-4,27,27,3,2,0,5,1.8,1.6,0.8,0.4,5,1.2,1.8,1.2,0.2,5,1.0,1.4,1.4,0.2,10,1.5,1.8,1.1,0.3,10,0.8,1.0,1.4,0.2,5,1.6,2.4,1.6,0.0,5
2025-03-09,2024-25,Chelsea,Leicester City,1,0,H,1633.6,1416.0,217.6,5,19,14,27,27,4,0,1,5,1.2,1.6,1.8,0.2,5,0.6,0.4,2.6,0.0,5,1.1,1.5,1.7,0.1,10,0.3,0.4,2.4,0.0,10,2.0,2.4,1.2,0.2,5,0.6,0.8,2.4,0.0,5
2025-03-09,2024-25,Manchester United,Arsenal,1,1,D,1572.6,1769.7,-197.1,15,2,-13,27,27,1,4,0,5,1.4,1.2,1.4,0.2,5,2.0,1.6,0.4,0.6,5,1.1,1.2,1.7,0.1,10,2.1,1.7,0.7,0.4,10,1.2,1.4,2.0,0.0,5,2.2,1.4,0.4,0.6,5
2025-03-10,2024-25,West Ham United,Newcastle United,0,1,A,1539.4,1628.0,-88.6,16,9,-7,27,27,1,2,2,5,1.4,1.0,0.8,0.4,5,1.2,1.6,2.4,0.0,5,1.3,1.0,1.7,0.3,10,1.8,1.9,1.7,0.3,10,1.2,1.0,2.0,0.2,5,1.8,1.4,1.6,0.2,5
2025-03-15,2024-25,Bournemouth,Brentford,1,2,A,1572.3,1534.7,37.7,9,12,3,28,28,0,3,2,5,0.8,1.2,1.6,0.0,5,1.4,1.2,0.8,0.4,5,1.5,2.0,1.3,0.2,10,1.4,1.6,1.2,0.3,10,1.4,1.2,0.6,0.6,5,2.6,2.4,0.2,0.8,5
2025-03-15,2024-25,Southampton,Wolverhampton Wanderers,1,2,A,1334.9,1471.3,-136.4,20,17,-3,28,28,0,5,0,5,0.6,0.8,3.0,0.0,5,1.4,1.2,1.0,0.4,5,0.3,0.9,3.1,0.0,10,0.8,0.9,1.7,0.2,10,0.0,0.4,3.2,0.0,5,0.8,1.0,2.0,0.2,5
2025-03-15,2024-25,Manchester City,Brighton and Hove Albion,2,2,D,1754.8,1604.2,150.6,5,7,2,28,28,3,1,1,5,1.2,1.2,1.6,0.4,5,2.4,2.2,1.8,0.4,5,1.9,2.3,1.2,0.4,10,2.0,1.9,1.4,0.3,10,2.0,2.4,1.0,0.2,5,2.0,2.2,2.0,0.4,5
2025-03-15,2024-25,Everton,West Ham United,1,1,D,1542.7,1529.1,13.6,15,16,1,28,28,2,2,1,5,1.4,1.6,1.4,0.0,5,1.2,0.8,0.8,0.4,5,1.6,1.6,1.1,0.2,10,1.0,0.9,1.8,0.2,10,1.6,2.2,1.4,0.2,5,1.4,1.0,1.4,0.4,5
2025-03-15,2024-25,Ipswich Town,Nottingham Forest,2,4,A,1433.1,1586.8,-153.7,18,3,-15,28,28,0,1,0,1,0.2,1.0,2.2,0.0,5,1.4,2.4,1.2,0.6,5,0.5,1.0,2.5,0.1,10,1.7,2.1,1.4,0.5,10,0.6,0.8,2.8,0.2,5,1.2,1.8,2.2,0.4,5
2025-03-16,2024-25,Arsenal,Chelsea,1,0,H,1766.9,1636.3,130.6,2,4,2,28,28,3,0,2,5,1.6,1.6,0.6,0.4,5,1.8,1.6,1.2,0.4,5,1.9,1.7,0.8,0.3,10,1.4,1.5,1.5,0.2,10,2.0,2.0,1.0,0.2,5,0.2,0.6,2.2,0.0,5
2025-03-16,2024-25,Fulham,Tottenham,2,0,H,1561.5,1560.9,0.7,10,13,3,28,28,1,3,1,5,1.8,1.4,1.4,0.0,5,2.0,1.8,0.8,0.4,5,1.4,1.5,1.5,0.1,10,1.1,1.6,1.5,0.2,10,1.0,1.2,1.6,0.0,5,1.2,1.8,1.4,0.2,5
2025-03-16,2024-25,Leicester City,Manchester United,0,3,A,1413.2,1575.3,-162.1,19,15,-4,28,28,1,3,1,5,0.0,0.0,2.6,0.0,5,1.0,1.2,1.6,0.0,5,0.3,0.3,2.2,0.0,10,1.2,1.3,1.6,0.1,10,0.0,0.0,2.4,0.0,5,1.0,1.0,1.4,0.2,5
2025-04-01,2024-25,Arsenal,Fulham,2,1,H,1771.1,1568.7,202.4,2,8,6,29,29,2,1,2,5,1.6,0.8,0.4,0.6,5,1.8,1.4,1.2,0.2,5,1.9,1.5,0.7,0.4,10,1.6,1.5,1.3,0.2,10,2.0,2.0,1.0,0.2,5,1.8,1.8,1.4,0.2,5
2025-04-01,2024-25,Wolverhampton Wanderers,West Ham United,1,0,H,1480.2,1532.2,-52.0,17,16,-1,29,29,1,4,0,5,1.4,1.2,1.2,0.2,5,1.4,0.8,0.6,0.4,5,1.0,0.9,1.6,0.2,10,1.1,1.0,1.4,0.2,10,0.8,0.8,1.4,0.2,5,1.0,1.0,1.6,0.2,5
2025-04-01,2024-25,Nottingham Forest,Manchester United,1,0,H,1595.3,1583.6,11.7,3,13,10,29,29,2,3,0,5,1.4,1.8,1.6,0.4,5,1.6,1.8,1.2,0.2,5,1.7,2.3,1.6,0.4,10,1.5,1.6,1.4,0.2,10,2.2,2.4,0.6,0.6,5,1.6,1.6,1.0,0.4,5
2025-04-02,2024-25,Southampton,Crystal Palace,1,1,D,1325.9,1579.5,-253.6,20,12,-8,29,28,0,4,1,5,0.0,0.6,3.2,0.0,5,2.4,2.0,0.6,0.6,5,0.3,0.9,3.1,0.0,10,2.2,1.8,0.7,0.5,10,0.0,0.6,3.4,0.0,5,2.6,1.6,0.0,1.0,5
2025-04-02,2024-25,Newcastle United,Brentford,2,1,H,1638.4,1548.4,89.9,6,11,5,28,29,4,1,0,5,1.2,1.2,2.2,0.2,5,2.0,1.6,0.6,0.4,5,1.8,1.7,1.7,0.3,10,1.7,1.7,1.0,0.3,10,1.8,2.4,1.8,0.4,5,3.0,2.8,0.4,0.6,5
2025-04-02,2024-25,Liverpool,Everton,1,0,H,1811.3,1539.5,271.7,1,15,14,29,29,2,1,2,5,2.6,2.2,0.8,0.4,5,1.4,1.4,1.2,0.0,5,2.4,2.2,0.8,0.4,10,1.7,1.7,1.1,0.2,10,2.6,2.6,1.0,0.2,5,1.6,1.0,0.8,0.2,5
2025-04-02,2024-25,Brighton and Hove Albion,Aston Villa,0,3,A,1610.4,1625.1,-14.8,7,9,2,29,29,1,3,1,5,2.6,2.6,0.8,0.4,5,1.6,1.4,1.6,0.2,5,2.0,1.9,1.4,0.3,10,1.6,1.3,1.4,0.2,10,2.0,1.6,0.8,0.2,5,1.4,1.0,1.6,0.4,5
2025-04-02,2024-25,Bournemouth,Ipswich Town,1,2,A,1558.6,1424.6,134.0,10,18,8,29,29,1,0,0,1,0.8,1.4,1.6,0.0,5,0.2,1.2,2.6,0.0,5,1.4,1.9,1.3,0.2,10,0.2,1.0,2.9,0.0,10,1.2,1.4,1.0,0.4,5,0.4,1.2,2.2,0.0,5
2025-04-02,2024-25,Manchester City,Leicester City,2,0,H,1748.6,1405.0,343.6,6,19,13,29,29,5,0,0,5,1.4,1.4,1.0,0.4,5,0.0,0.0,2.4,0.0,5,1.7,2.3,1.4,0.3,10,0.3,0.3,2.3,0.0,10,2.0,2.6,1.2,0.2,5,0.6,0.6,2.0,0.0,5
2025-04-03,2024-25,Chelsea,Tottenham,1,0,H,1632.1,1553.7,78.4,6,14,8,29,29,3,1,1,5,1.2,1.2,1.2,0.4,5,1.4,1.4,1.2,0.2,5,1.4,1.5,1.4,0.2,10,1.0,1.4,1.5,0.2,10,2.6,2.4,0.8,0.4,5,1.2,1.8,1.6,0.2,5
2025-04-05,2024-25,Everton,Arsenal,1,1,D,1537.4,1774.1,-236.7,15,2,-13,30,30,1,3,1,5,0.8,1.0,1.2,0.0,5,1.6,0.8,0.6,0.4,5,1.7,1.7,1.1,0.2,10,2.1,1.6,0.7,0.4,10,1.8,2.4,1.4,0.2,5,1.8,1.0,0.4,0.6,5
2025-04-05,2024-25,Crystal Palace,Brighton and Hove Albion,2,1,H,1575.3,1598.0,-22.6,12,8,-4,29,30,1,2,2,5,2.0,1.8,0.8,0.4,5,2.0,2.0,1.4,0.2,5,2.0,1.7,0.7,0.5,10,1.9,1.8,1.6,0.3,10,1.4,1.6,1.2,0.2,5,2.0,2.2,2.0,0.4,5
2025-04-05,2024-25,Ipswich Town,Wolverhampton Wanderers,1,2,A,1440.5,1488.8,-48.4,18,17,-1,30,30,1,0,0,1,0.6,1.4,2.6,0.0,5,2.0,1.2,0.8,0.4,5,0.4,1.0,2.8,0.0,10,1.3,1.0,1.3,0.3,10,0.0,0.8,3.6,0.0,5,1.2,1.0,1.8,0.2,5
2025-04-05,2024-25,West Ham United,Bournemouth,2,2,D,1523.6,1542.7,-19.1,16,10,-6,30,30,2,0,3,5,1.4,0.8,0.6,0.4,5,0.2,1.0,1.8,0.0,5,1.1,0.9,1.1,0.2,10,1.1,1.9,1.5,0.1,10,1.2,1.0,1.2,0.2,5,1.6,2.4,1.6,0.0,5
2025-04-05,2024-25,Aston Villa,Nottingham Forest,2,1,H,1637.5,1602.1,35.4,7,3,-4,30,30,2,2,1,5,2.0,1.8,1.4,0.4,5,2.0,1.8,1.2,0.6,5,1.6,1.4,1.3,0.3,10,1.7,2.1,1.6,0.4,10,1.8,1.6,1.2,0.0,5,1.2,2.2,2.6,0.2,5
2025-04-06,2024-25,Brentford,Chelsea,0,0,D,1543.4,1637.4,-94.0,12,4,-8,30,30,2,1,2,5,1.4,1.6,1.0,0.2,5,1.8,1.4,0.6,0.6,5,1.4,1.3,1.2,0.2,10,1.6,1.5,1.3,0.3,10,0.4,0.6,1.6,0.0,5,0.2,0.6,2.0,0.0,5
2025-04-06,2024-25,Fulham,Liverpool,3,2,H,1565.7,1813.4,-247.6,10,1,-9,30,30,0,3,2,5,1.2,1.2,1.4,0.2,5,2.6,2.0,0.6,0.6,5,1.5,1.4,1.3,0.2,10,2.6,2.2,0.7,0.5,10,1.4,1.2,1.2,0.2,5,2.2,2.0,0.8,0.6,5
2025-04-06,2024-25,Tottenham,Southampton,3,1,H,1548.4,1330.1,218.4,16,20,4,30,30,2,1,2,5,0.8,1.2,1.4,0.0,5,0.2,0.6,2.8,0.0,5,1.0,1.3,1.4,0.2,10,0.4,1.0,2.7,0.0,10,0.8,1.0,1.4,0.2,5,0.6,1.2,2.8,0.0,5
2025-04-06,2024-25,Manchester United,Manchester City,0,0,D,1576.7,1750.0,-173.4,14,5,-9,30,30,2,3,0,5,1.6,1.8,1.2,0.2,5,1.4,1.0,1.0,0.4,5,1.4,1.4,1.3,0.2,10,1.7,2.1,1.3,0.4,10,1.4,1.6,1.8,0.0,5,1.4,2.0,1.6,0.4,5
2025-04-07,2024-25,Leicester City,Newcastle United,0,3,A,1403.5,1643.4,-239.8,19,7,-12,30,29,1,3,1,5,0.0,0.0,2.4,0.0,5,1.8,1.4,2.0,0.2,5,0.3,0.2,2.3,0.0,10,1.8,1.7,1.8,0.2,10,0.0,0.0,2.6,0.0,5,1.8,1.2,1.6,0.2,5
2025-04-12,2024-25,Southampton,Aston Villa,0,3,A,1327.3,1643.8,-316.5,20,7,-13,31,31,1,4,0,5,0.2,0.8,2.6,0.0,5,2.4,1.8,1.2,0.4,5,0.4,1.0,2.7,0.0,10,1.6,1.5,1.4,0.2,10,0.2,0.8,2.6,0.0,5,1.4,1.4,1.6,0.4,5
2025-04-12,2024-25,Nottingham Forest,Everton,0,1,A,1595.9,1541.2,54.7,3,15,12,31,31,1,2,2,5,2.0,1.4,0.8,0.6,5,0.8,0.8,1.0,0.0,5,1.6,2.1,1.7,0.4,10,1.5,1.5,1.0,0.2,10,2.6,2.4,0.4,0.8,5,1.6,1.0,0.8,0.2,5
2025-04-12,2024-25,Arsenal,Brentford,1,1,D,1770.4,1543.2,227.1,2,12,10,31,31,4,0,1,5,1.8,1.0,0.6,0.4,5,1.0,0.8,1.0,0.2,5,1.9,1.5,0.7,0.4,10,1.4,1.1,1.0,0.3,10,2.0,2.0,1.0,0.2,5,2.4,2.0,0.8,0.4,5
2025-04-12,2024-25,Manchester City,Crystal Palace,5,2,H,1748.0,1583.1,164.8,7,12,5,31,30,3,0,2,5,1.6,1.0,0.6,0.6,5,2.6,2.0,0.6,0.4,5,1.7,1.9,1.1,0.5,10,2.2,1.8,0.7,0.5,10,2.0,2.2,1.0,0.4,5,2.6,1.8,0.2,0.8,5
2025-04-12,2024-25,Brighton and Hove Albion,Leicester City,2,2,D,1590.1,1397.4,192.8,9,19,10,31,31,2,0,3,5,1.4,1.4,1.8,0.0,5,0.0,0.0,2.2,0.0,5,1.6,1.7,1.8,0.2,10,0.3,0.2,2.4,0.0,10,1.8,1.4,1.2,0.2,5,0.6,0.4,2.0,0.0,5
2025-04-13,2024-25,Chelsea,Ipswich Town,2,2,D,1637.6,1429.0,208.6,6,18,12,31,31,0,1,0,1,2.0,1.2,0.2,0.8,5,0.6,1.4,2.2,0.0,5,1.6,1.3,1.1,0.4,10,0.4,1.1,2.8,0.0,10,3.0,2.2,0.4,0.6,5,0.8,1.2,2.0,0.0,5
2025-04-13,2024-25,Liverpool,West Ham United,2,1,H,1799.4,1521.3,278.0,1,16,15,31,31,4,0,1,5,2.4,2.0,0.8,0.6,5,1.0,1.0,1.0,0.2,5,2.3,2.2,1.0,0.4,10,0.9,0.8,1.1,0.2,10,3.0,2.4,0.6,0.4,5,1.0,0.8,1.0,0.2,5
2025-04-13,2024-25,Wolverhampton Wanderers,Tottenham,4,2,H,1500.3,1551.2,-50.9,17,15,-2,31,31,3,1,1,5,2.0,1.4,1.0,0.2,5,0.8,1.0,1.4,0.0,5,1.6,1.2,1.1,0.3,10,1.3,1.5,1.3,0.2,10,1.4,1.0,0.8,0.4,5,1.2,1.6,1.4,0.2,5
2025-04-13,2024-25,Newcastle United,Manchester United,4,1,H,1649.6,1578.7,70.8,7,13,6,30,31,3,1,1,5,2.4,2.0,1.2,0.4,5,1.6,1.4,0.8,0.4,5,1.8,1.8,1.7,0.3,10,1.2,1.1,1.2,0.3,10,1.8,2.2,2.0,0.2,5,1.4,1.2,0.8,0.4,5
2025-04-14,2024-25,Bournemouth,Fulham,1,0,H,1545.0,1579.7,-34.8,10,8,-2,31,31,2,1,2,5,0.4,1.4,2.0,0.0,5,1.8,1.8,1.4,0.2,5,1.1,1.9,1.5,0.1,10,1.8,1.5,1.2,0.2,10,0.6,1.4,1.4,0.2,5,1.8,1.6,1.2,0.2,5
2025-04-16,2024-25,Newcastle United,Crystal Palace,5,0,H,1655.0,1579.6,75.4,4,12,8,31,31,1,1,3,5,2.4,2.0,0.8,0.4,5,2.0,2.0,1.6,0.2,5,1.8,1.9,1.8,0.2,10,1.9,1.8,1.2,0.4,10,1.8,2.4,2.2,0.0,5,2.0,1.8,1.2,0.6,5
2025-04-19,2024-25,Brentford,Brighton and Hove Albion,4,2,H,1550.6,1583.3,-32.7,11,10,-1,32,32,1,1,3,5,1.0,0.8,1.0,0.2,5,1.0,1.4,2.0,0.0,5,1.5,1.2,0.9,0.3,10,1.4,1.6,1.9,0.2,10,0.4,0.2,1.2,0.2,5,1.4,2.0,2.4,0.2,5
2025-04-19,2024-25,Crystal Palace,Bournemouth,0,0,D,1574.2,1553.1,21.1,12,8,-4,32,32,2,2,1,5,1.4,1.2,2.4,0.2,5,1.0,1.4,1.6,0.2,5,1.6,1.6,1.7,0.3,10,1.1,1.6,1.4,0.2,10,1.8,1.8,1.2,0.2,5,1.6,2.4,1.6,0.0,5
2025-04-19,2024-25,Everton,Manchester City,0,2,A,1555.4,1751.5,-196.2,13,5,-8,32,32,0,3,2,5,1.2,0.8,0.8,0.2,5,1.6,1.8,1.0,0.4,5,1.5,1.5,1.0,0.2,10,1.7,1.8,1.3,0.4,10,1.4,2.0,1.2,0.2,5,1.4,1.6,1.2,0.6,5
2025-04-19,2024-25,West Ham United,Southampton,1,1,D,1519.3,1322.8,196.4,17,20,3,32,32,2,1,2,5,0.4,0.8,1.4,0.0,5,0.2,0.8,2.4,0.0,5,0.9,0.9,1.1,0.2,10,0.4,0.8,2.7,0.0,10,0.8,0.8,1.2,0.2,5,0.6,1.2,2.8,0.0,5
2025-04-19,2024-25,Aston Villa,Newcastle United,4,1,H,1648.3,1660.3,-12.0,7,3,-4,32,32,1,4,0,5,2.4,2.0,1.0,0.6,5,3.0,3.0,0.4,0.6,5,1.8,1.6,1.2,0.3,10,2.1,2.3,1.4,0.3,10,1.8,1.6,1.2,0.0,5,1.8,1.4,1.4,0.4,5
2025-04-20,2024-25,Leicester City,Liverpool,0,1,A,1404.2,1801.4,-397.2,19,1,-18,32,32,1,4,0,5,0.2,0.4,2.2,0.0,5,2.4,2.0,1.0,0.4,5,0.4,0.4,2.4,0.0,10,2.3,2.0,1.0,0.4,10,0.0,0.0,2.8,0.0,5,1.6,2.0,1.4,0.4,5
2025-04-20,2024-25,Manchester United,Wolverhampton Wanderers,0,1,A,1573.3,1508.9,64.4,14,17,3,32,32,4,1,0,5,1.0,1.0,1.2,0.4,5,2.6,2.0,1.0,0.2,5,1.2,1.1,1.3,0.3,10,1.9,1.5,1.0,0.3,10,1.0,1.0,1.6,0.2,5,1.8,1.4,1.4,0.2,5
2025-04-20,2024-25,Fulham,Chelsea,1,2,A,1571.6,1630.5,-58.9,9,7,-2,32,32,2,2,1,5,1.2,1.4,1.4,0.2,5,1.6,0.8,0.6,0.6,5,1.5,1.3,1.3,0.1,10,1.4,1.2,1.2,0.4,10,1.8,1.4,1.2,0.2,5,0.2,0.4,1.8,0.2,5
2025-04-20,2024-25,Ipswich Town,Arsenal,0,4,A,1436.1,1763.0,-326.9,18,2,-16,32,32,0,1,0,1,0.8,1.4,2.0,0.0,5,1.8,1.2,0.8,0.2,5,0.5,1.3,2.4,0.0,10,1.9,1.4,0.6,0.4,10,0.0,1.0,3.6,0.0,5,1.8,1.0,0.4,0.6,5
2025-04-21,2024-25,Tottenham,Nottingham Forest,1,2,A,1542.6,1581.7,-39.1,16,6,-10,32,32,4,1,0,5,0.8,1.4,2.0,0.0,5,1.8,1.4,1.0,0.4,5,1.3,1.5,1.4,0.2,10,1.3,1.8,1.6,0.4,10,1.4,1.4,1.2,0.2,5,0.6,1.8,3.0,0.0,5
2025-04-22,2024-25,Manchester City,Aston Villa,2,1,H,1758.8,1655.8,103.0,5,7,2,33,33,2,2,1,5,2.2,2.2,0.8,0.6,5,3.0,2.6,0.4,0.6,5,1.7,1.7,1.2,0.5,10,2.0,1.9,1.2,0.3,10,2.0,2.6,1.2,0.4,5,1.8,1.6,1.2,0.6,5
2025-04-23,2024-25,Arsenal,Crystal Palace,2,2,D,1767.3,1570.9,196.4,2,12,10,33,33,5,0,0,5,2.2,1.8,0.6,0.4,5,1.0,1.0,2.4,0.2,5,1.9,1.7,0.6,0.4,10,1.7,1.5,1.5,0.4,10,2.0,1.8,0.8,0.2,5,1.4,1.4,2.2,0.4,5
2025-04-26,2024-25,Chelsea,Everton,1,0,H,1641.7,1548.1,93.6,6,13,7,33,33,2,1,2,5,1.6,1.0,0.8,0.4,5,1.0,0.6,1.0,0.2,5,1.7,1.3,1.0,0.4,10,1.2,1.1,1.2,0.1,10,2.6,2.0,0.6,0.6,5,1.6,1.0,0.8,0.2,5
2025-04-26,2024-25,Brighton and Hove Albion,West Ham United,3,2,H,1575.2,1512.3,62.8,10,17,7,33,33,2,1,2,5,0.4,1.4,2.6,0.0,5,0.6,1.0,1.4,0.0,5,1.4,1.8,2.2,0.2,10,0.9,0.9,1.1,0.2,10,2.0,1.8,1.4,0.2,5,0.8,0.8,1.2,0.2,5
2025-04-26,2024-25,Newcastle United,Ipswich Town,3,0,H,1652.8,1431.8,221.0,6,18,12,33,33,1,0,0,1,2.4,3.0,1.2,0.4,5,0.8,1.4,2.6,0.0,5,1.8,2.1,1.7,0.3,10,0.5,1.2,2.4,0.0,10,2.4,3.2,1.4,0.2,5,1.0,1.4,1.6,0.0,5
2025-04-26,2024-25,Southampton,Fulham,1,2,A,1329.8,1560.4,-230.7,20,10,-10,33,33,1,2,2,5,0.4,0.8,2.0,0.0,5,1.2,1.4,1.4,0.2,5,0.5,0.8,2.5,0.0,10,1.5,1.4,1.4,0.1,10,0.2,0.6,2.6,0.0,5,1.2,1.2,1.4,0.0,5
2025-04-26,2024-25,Wolverhampton Wanderers,Leicester City,3,0,H,1523.3,1401.2,122.1,15,19,4,33,33,2,3,0,5,3.0,2.0,0.8,0.4,5,0.2,0.4,2.2,0.0,5,2.2,1.6,0.9,0.4,10,0.1,0.2,2.4,0.0,10,2.0,1.8,1.0,0.4,5,0.2,0.4,2.2,0.0,5
2025-04-27,2024-25,Bournemouth,Manchester United,1,1,D,1556.5,1558.9,-2.4,10,15,5,33,33,2,2,1,5,1.0,1.0,1.2,0.4,5,0.8,0.8,1.2,0.4,5,0.9,1.1,1.4,0.2,10,0.9,1.0,1.4,0.2,10,0.6,0.6,1.4,0.2,5,0.8,1.2,1.6,0.2,5
2025-04-27,2024-25,Liverpool,Tottenham,5,1,H,1804.5,1530.9,273.6,1,16,15,33,33,4,1,0,5,2.4,1.8,1.0,0.4,5,0.6,1.2,2.0,0.0,5,2.3,1.9,1.0,0.4,10,1.3,1.5,1.4,0.2,10,3.0,2.0,0.6,0.4,5,1.2,1.6,1.6,0.2,5
2025-05-01,2024-25,Nottingham Forest,Brentford,0,2,A,1593.4,1558.7,34.7,6,11,5,33,33,1,2,2,5,1.8,1.6,1.2,0.2,5,1.6,1.6,1.2,0.2,5,1.6,2.0,1.2,0.4,10,1.5,1.4,1.0,0.3,10,2.0,1.8,0.2,0.8,5,2.0,1.8,0.8,0.4,5
2025-05-02,2024-25,Manchester City,Wolverhampton Wanderers,1,0,H,1763.6,1527.7,235.9,4,13,9,34,34,4,1,0,5,2.6,2.2,0.6,0.6,5,3.0,2.2,0.6,0.6,5,2.0,1.8,0.8,0.5,10,2.2,1.7,0.9,0.4,10,2.0,2.2,1.4,0.2,5,2.4,1.4,0.8,0.4,5
2025-05-03,2024-25,Arsenal,Bournemouth,1,2,A,1760.4,1553.7,206.6,2,10,8,34,34,4,1,0,5,1.8,2.0,1.0,0.2,5,1.2,1.0,1.0,0.4,5,1.7,1.4,0.7,0.4,10,1.0,1.2,1.3,0.2,10,1.6,1.2,1.0,0.2,5,1.2,1.6,1.4,0.2,5
2025-05-03,2024-25,Leicester City,Southampton,2,0,H,1396.8,1323.4,73.5,19,20,1,34,34,2,2,1,5,0.2,0.4,2.2,0.0,5,0.4,0.8,2.0,0.0,5,0.1,0.2,2.3,0.0,10,0.2,0.7,2.6,0.0,10,0.0,0.0,2.6,0.0,5,0.8,1.0,2.4,0.0,5
2025-05-03,2024-25,Aston Villa,Fulham,1,0,H,1651.1,1566.8,84.3,7,9,2,34,34,4,1,0,5,2.4,2.6,0.8,0.4,5,1.2,1.4,1.6,0.0,5,2.0,2.0,1.2,0.3,10,1.5,1.4,1.4,0.1,10,2.2,2.2,1.2,0.0,5,1.2,1.2,1.4,0.0,5
2025-05-03,2024-25,Everton,Ipswich Town,2,2,D,1543.1,1429.1,114.0,15,18,3,34,34,1,0,0,1,0.8,0.4,1.0,0.2,5,0.8,1.0,2.4,0.0,5,1.1,0.9,1.1,0.1,10,0.5,1.1,2.5,0.0,10,0.8,1.2,1.6,0.0,5,0.8,1.2,2.0,0.0,5
2025-05-04,2024-25,Brentford,Manchester United,4,3,H,1572.4,1561.6,10.8,11,15,4,34,34,1,3,1,5,1.6,1.6,1.0,0.4,5,0.4,0.4,1.4,0.2,5,1.8,1.6,0.8,0.4,10,1.0,1.1,1.3,0.2,10,1.0,1.0,1.2,0.2,5,1.0,1.4,1.6,0.2,5
2025-05-04,2024-25,Brighton and Hove Albion,Newcastle United,1,1,D,1580.8,1655.5,-74.7,11,4,-7,34,34,2,1,2,5,0.8,1.6,2.6,0.0,5,2.4,3.2,1.0,0.6,5,1.7,2.1,1.7,0.2,10,2.1,2.3,1.5,0.4,10,2.0,1.8,1.8,0.0,5,1.2,1.0,2.0,0.4,5
2025-05-04,2024-25,West Ham United,Tottenham,1,1,D,1506.7,1528.8,-22.0,17,16,-1,34,34,1,2,2,5,0.4,1.2,1.8,0.0,5,0.6,1.4,2.6,0.0,5,0.9,1.0,1.2,0.2,10,1.0,1.4,1.9,0.1,10,1.0,1.0,1.0,0.2,5,0.6,1.4,2.6,0.0,5
2025-05-04,2024-25,Chelsea,Liverpool,3,1,H,1646.6,1806.5,-159.9,5,1,-4,34,34,0,2,3,5,2.2,1.2,0.6,0.6,5,2.4,2.2,1.0,0.4,5,1.7,1.2,0.9,0.5,10,2.5,2.2,0.9,0.4,10,2.6,1.8,0.4,0.8,5,1.6,1.8,1.4,0.4,5
2025-05-05,2024-25,Crystal Palace,Nottingham Forest,1,1,D,1577.8,1579.7,-1.9,12,6,-6,34,34,0,2,3,5,1.0,1.2,2.6,0.2,5,1.2,0.8,1.2,0.2,5,1.5,1.5,1.7,0.3,10,1.3,1.3,1.4,0.3,10,2.0,1.6,0.8,0.4,5,1.2,2.2,2.2,0.0,5
2025-05-10,2024-25,Fulham,Everton,1,3,A,1561.7,1537.6,24.1,11,14,3,35,35,2,0,3,5,1.2,1.2,1.4,0.0,5,1.0,0.8,1.2,0.2,5,1.2,1.2,1.4,0.1,10,0.9,0.9,1.2,0.1,10,1.8,1.6,1.4,0.2,5,1.0,0.6,0.8,0.2,5
2025-05-10,2024-25,Ipswich Town,Brentford,0,1,A,1434.6,1579.3,-144.7,18,9,-9,35,35,0,1,0,1,0.4,1.0,2.6,0.0,5,2.2,2.2,1.2,0.4,5,0.5,1.2,2.6,0.0,10,1.8,1.9,1.1,0.3,10,0.0,1.0,3.2,0.0,5,2.0,2.0,0.8,0.4,5
2025-05-10,2024-25,Southampton,Manchester City,0,0,D,1318.0,1766.1,-448.1,20,3,-17,35,35,0,3,2,5,0.2,0.6,2.2,0.0,5,2.6,2.0,0.6,0.6,5,0.2,0.6,2.5,0.0,10,2.0,1.5,0.8,0.5,10,0.2,0.6,2.4,0.0,5,1.4,0.8,1.2,0.6,5
2025-05-10,2024-25,Wolverhampton Wanderers,Brighton and Hove Albion,0,2,A,1525.1,1580.1,-54.9,14,10,-4,35,35,0,3,2,5,2.4,2.0,0.8,0.4,5,1.0,1.8,2.2,0.0,5,2.2,1.6,0.8,0.4,10,1.5,1.9,1.8,0.1,10,2.0,2.0,1.0,0.4,5,0.8,1.8,3.0,0.2,5
2025-05-10,2024-25,Bournemouth,Aston Villa,0,1,A,1570.8,1656.2,-85.4,10,7,-3,35,35,1,2,2,5,1.8,1.2,0.8,0.4,5,2.4,2.2,0.8,0.4,5,1.0,1.1,1.3,0.2,10,2.2,2.0,1.1,0.4,10,0.8,0.8,1.2,0.2,5,1.8,1.8,1.2,0.6,5
2025-05-11,2024-25,Liverpool,Arsenal,2,2,D,1794.8,1743.3,51.6,1,2,1,35,35,0,2,3,5,1.8,2.2,1.6,0.2,5,1.2,1.8,1.2,0.2,5,2.2,2.1,1.1,0.4,10,1.4,1.3,0.9,0.3,10,3.0,2.6,0.6,0.4,5,1.8,1.6,0.4,0.6,5
2025-05-11,2024-25,Tottenham,Crystal Palace,0,2,A,1531.0,1575.0,-44.1,16,12,-4,35,35,4,1,0,5,0.8,1.6,2.6,0.0,5,0.6,1.0,2.6,0.2,5,0.8,1.4,2.0,0.0,10,1.6,1.5,1.6,0.3,10,1.4,1.4,1.2,0.2,5,1.0,1.4,2.6,0.2,5
2025-05-11,2024-25,Newcastle United,Chelsea,2,0,H,1656.3,1658.3,-2.0,4,5,1,35,35,2,2,1,5,2.0,2.8,1.2,0.4,5,2.2,1.6,0.8,0.4,5,2.2,2.4,1.2,0.4,10,2.0,1.5,0.7,0.5,10,3.0,3.6,1.0,0.4,5,0.8,0.6,1.4,0.2,5
2025-05-11,2024-25,Manchester United,West Ham United,0,2,A,1554.7,1504.5,50.2,15,17,2,35,35,2,3,0,5,0.4,1.0,2.0,0.2,5,0.6,1.4,1.8,0.0,5,1.0,1.4,1.6,0.2,10,1.0,1.1,1.2,0.2,10,1.0,0.8,1.2,0.2,5,0.8,1.0,1.4,0.2,5
2025-05-11,2024-25,Nottingham Forest,Leicester City,2,2,D,1582.5,1402.2,180.3,7,19,12,35,35,2,1,0,3,0.8,0.8,1.4,0.0,5,0.8,0.8,1.8,0.2,5,1.4,1.3,1.3,0.3,10,0.4,0.4,2.1,0.1,10,1.4,0.4,0.6,0.6,5,0.2,0.4,2.0,0.0,5
2025-05-16,2024-25,Aston Villa,Tottenham,2,0,H,1666.6,1519.4,147.3,6,17,11,36,36,3,2,0,5,2.4,2.0,0.6,0.6,5,0.2,1.0,2.8,0.0,5,2.4,1.9,0.9,0.5,10,0.5,1.0,2.1,0.0,10,2.6,2.2,1.0,0.2,5,0.2,0.8,2.6,0.0,5
2025-05-16,2024-25,Chelsea,Manchester United,1,0,H,1651.1,1540.6,110.4,6,16,10,36,36,1,2,2,5,2.0,1.6,1.2,0.2,5,0.2,1.0,2.4,0.0,5,2.0,1.4,0.7,0.5,10,0.9,1.2,1.6,0.2,10,2.6,1.6,0.6,0.6,5,0.8,1.6,2.0,0.2,5
2025-05-18,2024-25,Arsenal,Newcastle United,1,0,H,1747.4,1663.5,83.9,2,3,1,36,36,2,2,1,5,1.2,2.0,1.4,0.2,5,2.0,2.4,1.0,0.6,5,1.5,1.5,1.0,0.3,10,2.2,2.2,0.9,0.5,10,1.6,1.4,1.2,0.2,5,1.4,1.2,1.4,0.4,5
2025-05-18,2024-25,Everton,Southampton,2,0,H,1551.1,1325.6,225.5,13,20,7,36,36,2,3,0,5,1.4,1.2,1.2,0.2,5,0.4,0.4,1.6,0.2,5,1.1,1.0,1.1,0.1,10,0.3,0.6,2.1,0.1,10,0.8,1.2,1.6,0.0,5,0.2,0.6,2.6,0.0,5
2025-05-18,2024-25,West Ham United,Nottingham Forest,1,2,A,1518.6,1575.8,-57.2,15,7,-8,36,36,2,3,0,5,1.0,1.4,1.4,0.2,5,1.0,1.0,1.4,0.0,5,1.0,1.2,1.2,0.2,10,1.5,1.2,1.1,0.3,10,1.2,1.2,1.0,0.2,5,1.4,2.2,2.0,0.0,5
2025-05-18,2024-25,Brentford,Fulham,2,3,A,1588.0,1548.3,39.8,8,11,3,36,36,2,2,1,5,2.6,2.4,1.2,0.4,5,0.6,0.8,1.6,0.0,5,1.8,1.6,1.1,0.3,10,1.2,1.3,1.5,0.1,10,1.6,1.8,1.4,0.2,5,0.6,0.8,1.4,0.0,5
2025-05-18,2024-25,Leicester City,Ipswich Town,2,0,H,1408.9,1425.9,-17.0,19,18,-1,36,36,0,0,1,1,1.0,1.2,1.6,0.2,5,0.4,0.8,2.4,0.0,5,0.5,0.6,1.9,0.1,10,0.5,1.1,2.3,0.0,10,0.6,0.4,2.2,0.2,5,1.0,1.2,1.8,0.0,5
2025-05-19,2024-25,Brighton and Hove Albion,Liverpool,3,2,H,1591.4,1790.7,-199.4,9,1,-8,36,36,1,2,2,5,1.6,2.0,1.8,0.2,5,2.0,2.2,1.4,0.2,5,1.5,1.7,1.8,0.1,10,2.2,2.1,1.1,0.4,10,1.6,1.6,1.8,0.0,5,1.4,1.6,1.6,0.4,5
2025-05-20,2024-25,Manchester City,Bournemouth,3,1,H,1758.5,1560.4,198.1,6,11,5,36,36,4,1,0,5,2.6,2.0,0.6,0.6,5,1.6,0.8,0.6,0.4,5,2.1,1.5,0.6,0.6,10,1.0,1.1,1.3,0.2,10,2.6,2.4,1.0,0.4,5,1.2,1.4,1.4,0.2,5
2025-05-20,2024-25,Crystal Palace,Wolverhampton Wanderers,4,2,H,1586.6,1513.9,72.8,12,14,2,36,36,3,1,1,5,1.2,1.0,1.6,0.4,5,1.8,1.6,1.0,0.4,5,1.6,1.5,1.6,0.3,10,1.9,1.5,1.0,0.3,10,2.2,1.6,0.6,0.4,5,2.4,1.2,0.6,0.4,5
2025-05-25,2024-25,Wolverhampton Wanderers,Brentford,1,1,D,1508.5,1574.2,-65.7,14,9,-5,37,37,2,2,1,5,1.2,1.2,1.4,0.4,5,2.4,2.6,1.6,0.4,5,1.9,1.6,1.2,0.3,10,1.7,1.7,1.3,0.3,10,2.0,1.8,1.0,0.4,5,2.0,1.4,0.8,0.4,5
2025-05-25,2024-25,Tottenham,Brighton and Hove Albion,1,4,A,1515.5,1604.2,-88.7,17,8,-9,37,37,3,2,0,5,0.2,0.6,2.4,0.0,5,2.0,2.2,1.8,0.2,5,0.5,1.0,2.2,0.0,10,1.5,1.8,1.9,0.1,10,0.8,1.2,1.6,0.0,5,1.4,2.2,1.6,0.4,5
2025-05-25,2024-25,Nottingham Forest,Chelsea,0,1,A,1587.0,1655.6,-68.6,7,5,-2,37,37,1,1,3,5,1.6,1.4,1.4,0.0,5,2.4,1.4,0.8,0.4,5,1.7,1.4,1.2,0.2,10,2.0,1.1,0.7,0.5,10,1.4,0.8,1.0,0.4,5,0.8,0.6,1.2,0.2,5
2025-05-25,2024-25,Southampton,Arsenal,1,2,A,1322.9,1752.5,-429.6,20,2,-18,37,37,1,2,2,5,0.4,0.4,1.4,0.2,5,1.6,2.0,1.2,0.4,5,0.3,0.6,1.9,0.1,10,1.7,1.6,1.0,0.3,10,0.4,0.6,1.6,0.2,5,1.4,1.6,0.8,0.4,5
2025-05-25,2024-25,Newcastle United,Everton,0,1,A,1658.4,1553.7,104.7,5,13,8,37,37,2,1,2,5,1.4,1.4,1.2,0.4,5,1.4,1.4,1.2,0.2,5,2.2,2.2,0.8,0.5,10,1.3,1.1,1.0,0.2,10,3.0,3.2,0.4,0.6,5,1.4,1.0,0.8,0.2,5
2025-05-25,2024-25,Fulham,Manchester City,0,2,A,1562.1,1761.5,-199.5,10,4,-6,37,37,0,5,0,5,1.2,1.4,1.8,0.0,5,2.6,1.6,0.4,0.6,5,1.2,1.4,1.6,0.1,10,2.1,1.7,0.7,0.5,10,1.2,1.4,1.8,0.2,5,1.6,0.6,0.2,0.8,5
2025-05-25,2024-25,Liverpool,Crystal Palace,1,1,D,1777.9,1592.0,185.9,1,12,11,37,37,2,1,2,5,1.4,2.2,1.8,0.2,5,1.8,1.8,1.0,0.4,5,1.9,2.1,1.4,0.3,10,1.6,1.5,1.7,0.3,10,2.6,2.6,1.0,0.2,5,1.0,1.4,2.6,0.2,5
2025-05-25,2024-25,Ipswich Town,West Ham United,1,3,A,1418.2,1507.4,-89.1,19,15,-4,37,37,0,1,0,1,0.2,0.4,2.4,0.0,5,1.0,1.4,1.4,0.2,5,0.5,0.9,2.2,0.0,10,0.7,1.1,1.4,0.1,10,0.0,0.8,3.0,0.0,5,0.8,1.2,1.4,0.2,5
2025-05-25,2024-25,Bournemouth,Leicester City,2,0,H,1557.3,1416.5,140.8,11,18,7,37,37,3,2,0,5,1.0,0.8,1.2,0.2,5,1.4,1.2,1.2,0.4,5,1.0,1.1,1.4,0.2,10,0.8,0.8,1.7,0.2,10,0.8,0.8,1.2,0.2,5,0.4,0.8,2.0,0.0,5
2025-05-25,2024-25,Manchester United,Aston Villa,2,0,H,1536.0,1670.5,-134.5,16,6,-10,37,37,3,1,1,5,0.2,0.8,1.8,0.0,5,2.4,1.8,0.6,0.6,5,0.6,0.9,1.5,0.2,10,2.4,1.9,0.8,0.6,10,1.0,0.8,1.2,0.2,5,2.4,1.8,0.4,0.8,5
2025-08-15,2025-26,Liverpool,Bournemouth,4,2,H,1771.2,1561.3,209.8,1,1,0,0,0,4,1,0,5,1.0,2.2,2.0,0.0,5,1.4,1.2,1.2,0.2,5,1.7,2.0,1.5,0.2,10,1.2,1.1,1.2,0.3,10,2.2,2.2,1.0,0.2,5,1.2,1.4,1.6,0.2,5
2025-08-16,2025-26,Tottenham,Burnley,3,0,H,1505.2,1407.0,98.2,3,3,0,0,0,4,1,0,5,0.2,0.6,2.8,0.0,5,0.8,1.6,2.0,0.0,5,0.4,0.9,2.4,0.0,10,1.0,1.4,1.6,0.0,10,0.8,1.4,2.2,0.0,5,1.0,1.6,1.4,0.0,5
2025-08-16,2025-26,Sunderland,West Ham United,3,0,H,1369.4,1517.7,-148.2,5,5,0,0,0,0,1,1,2,0.6,0.6,2.0,0.2,5,1.4,1.8,1.4,0.2,5,0.4,0.5,1.9,0.1,10,1.0,1.4,1.4,0.1,10,0.4,0.4,1.6,0.2,5,1.2,1.6,1.4,0.2,5
2025-08-16,2025-26,Wolverhampton Wanderers,Manchester City,0,4,A,1507.5,1768.7,-261.3,7,7,0,0,0,1,4,0,5,0.8,1.2,1.6,0.2,5,2.6,1.6,0.4,0.6,5,1.9,1.6,1.2,0.3,10,2.4,1.9,0.6,0.6,10,2.0,1.8,1.0,0.4,5,1.6,0.8,0.2,0.8,5
2025-08-16,2025-26,Aston Villa,Newcastle United,0,0,D,1659.5,1643.1,16.5,9,9,0,0,0,2,3,0,5,1.8,1.0,0.8,0.6,5,1.4,1.2,0.6,0.4,5,2.4,1.8,0.6,0.6,10,1.9,2.1,0.9,0.4,10,3.0,2.2,0.6,0.4,5,1.4,1.2,1.2,0.4,5
2025-08-16,2025-26,Brighton and Hove Albion,Fulham,1,1,D,1614.5,1554.9,59.6,11,11,0,0,0,1,3,1,5,2.6,2.6,1.2,0.2,5,1.2,1.2,1.8,0.0,5,1.5,2.0,1.9,0.1,10,1.2,1.3,1.6,0.1,10,1.6,1.8,2.0,0.0,5,1.2,1.2,1.4,0.0,5
2025-08-17,2025-26,Chelsea,Crystal Palace,0,0,D,1666.5,1598.8,67.7,13,13,0,0,0,3,0,2,5,2.4,1.2,0.6,0.6,5,1.8,2.0,1.2,0.2,5,2.0,1.1,0.7,0.5,10,1.4,1.5,1.8,0.2,10,2.6,1.6,0.6,0.6,5,1.0,1.4,2.6,0.2,5
2025-08-17,2025-26,Nottingham Forest,Brentford,3,1,H,1576.1,1575.2,0.9,15,15,0,0,0,1,3,1,5,1.0,1.0,1.4,0.0,5,2.0,2.0,1.4,0.4,5,1.4,1.3,1.3,0.1,10,1.8,1.8,1.3,0.3,10,0.8,0.6,1.2,0.2,5,1.6,1.2,0.8,0.4,5
2025-08-17,2025-26,Manchester United,Arsenal,0,1,A,1547.0,1755.1,-208.1,17,17,0,0,0,0,4,1,5,0.8,1.2,1.6,0.2,5,1.6,1.6,1.4,0.2,5,0.8,1.0,1.4,0.3,10,1.9,1.7,1.0,0.3,10,1.0,0.6,0.8,0.4,5,1.8,2.0,1.0,0.2,5
2025-08-18,2025-26,Leeds United,Everton,1,0,H,1439.2,1569.0,-129.8,19,19,0,0,0,0,3,2,5,0.2,1.2,3.0,0.0,5,2.0,1.6,0.8,0.4,5,0.5,1.2,3.0,0.0,10,1.5,1.1,0.9,0.3,10,0.4,1.2,3.6,0.0,5,1.8,1.0,0.6,0.4,5
2025-08-22,2025-26,West Ham United,Chelsea,1,5,A,1506.3,1662.1,-155.8,19,12,-7,1,1,1,3,1,5,1.4,1.4,1.4,0.2,5,2.0,1.0,0.6,0.6,5,0.9,1.3,1.6,0.1,10,2.1,1.1,0.6,0.6,10,0.6,1.0,1.4,0.0,5,1.4,0.6,0.8,0.4,5
2025-08-23,2025-26,Burnley,Sunderland,2,0,H,1402.2,1380.8,21.4,18,4,-14,1,1,1,0,1,2,0.2,0.8,2.4,0.0,5,1.2,1.2,1.8,0.4,5,0.7,1.2,1.8,0.0,10,0.7,0.8,1.8,0.2,10,1.0,1.2,1.8,0.0,5,0.6,0.6,2.0,0.2,5
2025-08-23,2025-26,Manchester City,Tottenham,0,2,A,1774.4,1510.0,264.4,2,3,1,1,1,2,2,1,5,2.6,2.0,0.2,0.8,5,0.8,1.0,1.8,0.2,5,2.6,2.1,0.4,0.7,10,0.7,1.2,2.2,0.1,10,3.0,2.6,0.8,0.4,5,0.2,0.8,2.6,0.0,5
2025-08-23,2025-26,Bournemouth,Wolverhampton Wanderers,1,0,H,1558.5,1501.8,56.7,17,19,2,1,1,3,2,0,5,1.2,1.4,1.8,0.2,5,0.2,0.6,2.4,0.0,5,1.2,1.2,1.4,0.3,10,1.6,1.4,1.5,0.3,10,1.4,1.0,0.8,0.4,5,1.8,1.4,1.4,0.2,5
2025-08-23,2025-26,Brentford,Aston Villa,1,0,H,1568.0,1656.3,-88.3,18,13,-5,1,1,0,3,2,5,1.4,1.8,2.0,0.2,5,2.0,0.8,0.4,0.8,5,1.5,1.7,1.5,0.3,10,2.2,1.7,0.6,0.6,10,1.4,2.0,1.8,0.2,5,1.8,1.6,0.8,0.6,5
2025-08-23,2025-26,Arsenal,Leeds United,5,0,H,1762.1,1450.1,312.1,7,8,1,1,1,5,0,0,5,2.0,1.4,1.0,0.4,5,0.8,1.2,2.2,0.2,5,1.9,1.7,1.0,0.3,10,0.5,1.1,2.9,0.1,10,1.6,1.4,1.2,0.2,5,0.0,1.0,3.0,0.0,5
2025-08-24,2025-26,Everton,Brighton and Hove Albion,2,0,H,1558.2,1610.2,-52.0,18,12,-6,1,1,2,1,2,5,2.0,1.6,0.8,0.4,5,2.2,2.2,1.0,0.2,5,1.4,1.0,0.9,0.3,10,1.5,1.9,1.8,0.1,10,1.2,1.2,1.2,0.2,5,1.4,2.2,1.8,0.2,5
2025-08-24,2025-26,Crystal Palace,Nottingham Forest,1,1,D,1603.3,1583.3,20.0,15,6,-9,1,1,0,1,4,5,1.8,1.6,0.8,0.4,5,1.6,1.6,1.2,0.0,5,1.4,1.4,1.7,0.3,10,1.4,1.2,1.2,0.1,10,2.2,1.6,0.8,0.4,5,2.0,2.0,1.4,0.0,5
2025-08-24,2025-26,Fulham,Manchester United,1,1,D,1559.2,1540.1,19.1,14,18,4,1,1,1,4,0,5,0.8,1.0,1.8,0.0,5,0.6,1.0,1.6,0.2,5,1.0,1.2,1.7,0.0,10,0.5,0.7,1.5,0.2,10,1.2,1.4,1.8,0.2,5,0.2,1.0,2.2,0.0,5
2025-08-25,2025-26,Newcastle United,Liverpool,2,3,A,1646.3,1774.1,-127.7,15,5,-10,1,1,0,4,1,5,1.0,0.6,0.6,0.4,5,1.0,2.0,2.2,0.0,5,1.7,1.9,0.8,0.5,10,1.7,2.1,1.6,0.2,10,2.4,2.8,0.4,0.6,5,1.2,1.6,1.8,0.4,5
2025-08-30,2025-26,Chelsea,Fulham,2,0,H,1670.5,1555.9,114.6,4,13,9,2,2,3,1,1,5,2.0,1.4,0.6,0.6,5,1.0,1.2,1.8,0.0,5,2.1,1.5,0.7,0.5,10,1.1,1.2,1.6,0.0,10,2.2,1.4,0.6,0.6,5,1.4,1.2,1.2,0.0,5
2025-08-30,2025-26,Manchester United,Burnley,3,2,H,1543.4,1408.8,134.5,16,10,-6,2,2,3,0,2,5,0.8,0.6,1.0,0.2,5,0.6,1.0,2.2,0.2,5,0.6,0.8,1.5,0.2,10,0.9,1.2,1.6,0.1,10,0.8,0.4,0.8,0.4,5,0.8,1.2,1.6,0.0,5
2025-08-30,2025-26,Sunderland,Brentford,2,1,H,1374.2,1577.7,-203.5,8,11,3,2,2,0,0,0,0,0.6,0.8,2.2,0.2,5,1.4,1.2,1.4,0.4,5,0.7,0.8,1.8,0.2,10,1.8,1.7,1.3,0.4,10,0.8,1.0,1.6,0.2,5,1.6,1.2,1.0,0.4,5
2025-08-30,2025-26,Tottenham,Bournemouth,0,1,A,1527.8,1564.2,-36.4,3,10,7,2,2,2,2,1,5,1.2,1.2,1.6,0.4,5,1.2,1.2,1.6,0.4,5,1.0,1.4,2.1,0.2,10,1.5,1.2,1.2,0.4,10,1.2,1.6,1.8,0.2,5,1.0,1.4,2.0,0.2,5
2025-08-30,2025-26,Wolverhampton Wanderers,Everton,2,3,A,1496.0,1566.8,-70.7,19,10,-9,2,2,2,1,2,5,0.2,0.6,2.4,0.0,5,2.4,1.6,0.4,0.6,5,1.3,1.3,1.6,0.2,10,1.7,1.2,0.8,0.4,10,1.4,1.6,1.8,0.2,5,1.8,1.0,0.6,0.4,5
2025-08-30,2025-26,Leeds United,Newcastle United,0,0,D,1448.4,1637.1,-188.8,13,16,3,2,2,1,1,3,5,0.8,1.0,2.8,0.2,5,0.8,0.8,1.0,0.4,5,0.5,1.0,2.9,0.1,10,1.4,1.8,1.1,0.4,10,1.0,1.2,2.6,0.2,5,1.0,1.0,1.2,0.4,5
2025-08-31,2025-26,Brighton and Hove Albion,Manchester City,2,1,H,1601.6,1756.6,-155.0,18,11,-7,2,2,1,2,2,5,2.0,2.0,1.2,0.2,5,2.0,1.8,0.6,0.6,5,1.5,1.9,1.7,0.1,10,2.3,1.9,0.6,0.6,10,1.8,2.0,1.6,0.0,5,2.2,1.6,0.0,1.0,5
2025-08-31,2025-26,Nottingham Forest,West Ham United,0,3,A,1586.6,1497.9,88.7,8,20,12,2,2,3,2,0,5,1.6,1.6,1.2,0.0,5,1.2,1.4,2.2,0.2,5,1.2,1.2,1.3,0.0,10,0.9,1.4,2.0,0.1,10,0.8,1.0,1.4,0.0,5,1.2,1.6,1.8,0.2,5
2025-08-31,2025-26,Liverpool,Arsenal,1,0,H,1783.3,1763.8,19.4,4,2,-2,2,2,0,1,4,5,1.6,2.4,2.0,0.0,5,2.6,2.2,0.6,0.6,5,1.7,2.3,1.8,0.1,10,1.9,2.0,0.9,0.4,10,2.2,2.8,1.4,0.0,5,2.2,2.0,0.8,0.4,5
2025-08-31,2025-26,Aston Villa,Crystal Palace,0,3,A,1646.6,1600.0,46.7,19,16,-3,2,2,2,2,1,5,1.4,0.6,0.6,0.6,5,1.8,1.6,0.8,0.4,5,1.9,1.4,0.7,0.5,10,1.2,1.3,1.7,0.3,10,2.6,1.8,0.4,0.6,5,1.2,1.0,1.6,0.4,5
2025-09-13,2025-26,Brentford,Chelsea,2,2,D,1564.8,1675.0,-110.2,15,2,-13,3,3,2,1,2,5,0.8,1.2,1.8,0.2,5,2.6,1.8,0.2,0.8,5,1.7,1.8,1.5,0.3,10,2.3,1.7,0.7,0.5,10,2.0,2.2,1.6,0.4,5,2.0,1.6,0.8,0.4,5
2025-09-13,2025-26,West Ham United,Tottenham,0,3,A,1512.8,1516.0,-3.2,16,4,-12,3,3,1,2,2,5,1.2,1.6,2.2,0.2,5,1.2,1.2,1.4,0.4,5,1.1,1.5,1.8,0.2,10,0.7,1.1,2.1,0.2,10,0.6,1.2,2.2,0.0,5,0.8,1.2,2.4,0.2,5
2025-09-13,2025-26,Newcastle United,Wolverhampton Wanderers,1,0,H,1634.6,1485.2,149.4,17,20,3,3,3,4,0,1,5,0.4,0.4,1.0,0.4,5,0.2,1.0,2.6,0.0,5,1.2,1.4,1.0,0.5,10,1.0,1.3,1.8,0.2,10,1.8,2.4,0.8,0.6,5,1.2,1.0,1.4,0.2,5
2025-09-13,2025-26,Fulham,Leeds United,1,0,H,1551.4,1450.9,100.5,18,14,-4,3,3,2,2,0,4,1.0,1.0,1.6,0.0,5,0.8,0.6,2.4,0.4,5,0.8,0.9,1.6,0.0,10,0.6,0.9,2.3,0.2,10,0.8,1.2,2.0,0.0,5,0.0,0.8,3.2,0.0,5
2025-09-13,2025-26,Everton,Aston Villa,0,0,D,1577.6,1632.7,-55.0,6,19,13,3,3,0,4,1,5,2.4,1.6,0.6,0.6,5,0.8,0.4,1.2,0.4,5,1.9,1.4,0.9,0.4,10,1.6,1.2,0.9,0.5,10,1.6,1.4,1.0,0.4,5,1.2,1.0,1.0,0.4,5
2025-09-13,2025-26,Crystal Palace,Sunderland,0,0,D,1614.0,1387.1,226.9,8,6,-2,3,3,1,1,0,2,1.8,1.8,0.8,0.4,5,1.2,1.2,2.0,0.2,5,1.5,1.4,1.2,0.4,10,1.0,1.0,1.6,0.2,10,1.8,1.6,1.0,0.2,5,0.6,0.6,2.0,0.2,5
2025-09-13,2025-26,Bournemouth,Brighton and Hove Albion,2,1,H,1576.0,1613.1,-37.1,8,13,5,3,3,1,4,0,5,1.8,1.4,1.4,0.6,5,2.0,2.0,1.4,0.0,5,1.7,1.1,1.0,0.5,10,1.8,2.0,1.6,0.1,10,2.0,1.0,0.4,0.6,5,1.2,1.8,1.8,0.2,5
2025-09-13,2025-26,Arsenal,Nottingham Forest,3,0,H,1757.1,1571.7,185.5,7,12,5,3,3,3,1,1,5,2.4,1.8,0.4,0.6,5,1.4,1.2,1.4,0.0,5,1.8,1.9,0.9,0.4,10,1.2,1.1,1.4,0.0,10,1.6,2.0,1.0,0.4,5,1.6,1.4,1.2,0.0,5
2025-09-14,2025-26,Burnley,Liverpool,0,1,A,1404.7,1789.9,-385.3,17,3,-14,3,3,0,5,0,5,0.6,1.2,2.0,0.2,5,2.0,2.2,1.6,0.2,5,0.8,1.3,1.8,0.1,10,2.0,2.2,1.5,0.2,10,1.0,1.2,1.6,0.2,5,1.2,1.8,2.2,0.2,5
2025-09-14,2025-26,Manchester City,Manchester United,3,0,H,1745.0,1547.5,197.6,16,11,-5,3,3,2,2,1,5,1.8,2.0,1.0,0.4,5,1.4,1.2,1.0,0.2,5,2.2,2.0,0.8,0.5,10,0.8,1.1,1.7,0.1,10,2.4,2.2,1.2,0.2,5,0.4,1.2,2.2,0.0,5
2025-09-20,2025-26,Liverpool,Everton,2,1,H,1793.2,1576.3,216.9,1,7,6,4,4,3,1,1,5,2.6,2.0,1.0,0.4,5,2.0,1.2,0.6,0.6,5,2.0,2.1,1.4,0.3,10,1.7,1.3,0.9,0.4,10,2.2,2.6,1.2,0.2,5,1.8,1.4,1.0,0.2,5
2025-09-20,2025-26,Brighton and Hove Albion,Tottenham,2,2,D,1604.9,1528.7,76.2,13,3,-10,4,4,3,2,0,5,1.4,1.6,1.4,0.0,5,1.8,1.8,1.0,0.6,5,1.7,1.9,1.6,0.1,10,1.0,1.2,1.7,0.3,10,2.2,2.0,1.4,0.0,5,1.4,1.4,1.6,0.4,5
2025-09-20,2025-26,Burnley,Nottingham Forest,1,1,D,1401.5,1568.4,-167.0,17,15,-2,4,4,0,1,1,2,0.6,1.0,1.8,0.2,5,0.8,0.8,1.8,0.0,5,0.8,1.3,1.8,0.1,10,1.2,1.1,1.6,0.0,10,0.8,1.0,1.6,0.2,5,1.6,1.2,1.4,0.0,5
2025-09-20,2025-26,West Ham United,Crystal Palace,1,2,A,1500.1,1606.6,-106.5,18,9,-9,4,4,1,3,1,5,1.2,1.4,2.4,0.2,5,1.4,1.0,0.4,0.6,5,1.1,1.4,1.9,0.2,10,1.6,1.4,0.7,0.5,10,0.4,0.8,2.4,0.0,5,1.8,1.6,0.6,0.6,5
2025-09-20,2025-26,Wolverhampton Wanderers,Leeds United,1,3,A,1481.4,1446.1,35.3,20,17,-3,4,4,1,3,1,5,0.2,0.6,2.0,0.0,5,0.8,0.4,2.0,0.4,5,0.7,0.9,1.7,0.2,10,0.6,0.8,2.2,0.2,10,0.8,1.2,2.0,0.2,5,0.0,0.6,3.0,0.0,5
2025-09-20,2025-26,Manchester United,Chelsea,2,1,H,1544.4,1674.7,-130.3,17,6,-11,4,4,2,2,1,5,1.4,1.2,1.4,0.2,5,2.2,2.0,0.6,0.6,5,0.8,1.0,1.6,0.1,10,2.3,1.7,0.7,0.5,10,1.2,1.0,1.2,0.2,5,2.0,2.0,1.2,0.2,5
2025-09-20,2025-26,Fulham,Brentford,3,1,H,1556.2,1565.1,-8.9,13,16,3,4,4,2,2,1,5,1.0,0.6,1.2,0.2,5,1.0,1.2,1.6,0.2,5,1.1,1.0,1.5,0.1,10,1.7,1.9,1.6,0.3,10,0.8,0.8,1.6,0.2,5,1.4,1.2,1.2,0.4,5
2025-09-21,2025-26,Arsenal,Manchester City,1,1,D,1760.4,1748.1,12.3,3,12,9,4,4,2,1,2,5,2.4,2.2,0.4,0.6,5,1.8,2.0,0.8,0.6,5,2.0,2.1,0.8,0.5,10,2.2,1.8,0.6,0.6,10,2.0,2.4,0.8,0.6,5,2.0,1.8,0.4,0.8,5
2025-09-21,2025-26,Sunderland,Aston Villa,1,1,D,1394.4,1633.9,-239.5,9,19,10,4,4,0,0,0,0,1.4,1.2,1.6,0.4,5,0.4,0.0,1.2,0.4,5,1.0,0.8,1.4,0.3,10,1.4,0.9,0.9,0.5,10,1.4,1.4,1.2,0.2,5,0.8,0.4,1.0,0.4,5
2025-09-21,2025-26,Bournemouth,Newcastle United,0,0,D,1584.3,1638.5,-54.2,5,13,8,4,4,2,0,3,5,2.4,1.6,1.0,0.6,5,1.0,0.6,0.8,0.6,5,1.7,1.2,1.1,0.4,10,1.2,1.0,1.0,0.5,10,2.0,1.2,0.6,0.4,5,0.6,0.4,1.2,0.4,5
2025-09-27,2025-26,Brentford,Manchester United,3,1,H,1557.6,1555.3,2.3,17,11,-6,5,5,1,3,1,5,0.8,1.2,2.0,0.2,5,1.4,1.2,1.6,0.0,5,1.4,1.6,1.7,0.3,10,1.1,1.2,1.6,0.1,10,2.0,2.6,2.0,0.2,5,0.4,1.0,2.0,0.0,5
2025-09-27,2025-26,Chelsea,Brighton and Hove Albion,1,3,A,1663.8,1600.2,63.6,6,15,9,5,5,3,2,0,5,1.6,2.0,1.0,0.4,5,1.0,1.2,1.6,0.0,5,2.0,1.6,0.8,0.5,10,1.8,1.9,1.4,0.1,10,2.6,1.4,0.2,0.8,5,1.2,1.8,1.8,0.2,5
2025-09-27,2025-26,Crystal Palace,Liverpool,2,1,H,1616.4,1796.0,-179.6,5,1,-4,5,5,1,2,2,5,1.8,1.2,0.4,0.6,5,3.0,2.2,1.0,0.4,5,1.8,1.6,0.8,0.4,10,2.0,2.2,1.5,0.2,10,1.4,1.2,0.8,0.4,5,1.8,1.6,1.6,0.4,5
2025-09-27,2025-26,Leeds United,Bournemouth,2,2,D,1459.8,1582.9,-123.2,13,5,-8,5,5,1,1,0,2,1.4,0.8,1.4,0.4,5,2.0,1.2,1.0,0.6,5,0.8,1.0,2.2,0.2,10,1.7,1.2,1.1,0.4,10,1.2,1.0,1.4,0.4,5,1.4,1.2,1.6,0.4,5
2025-09-27,2025-26,Manchester City,Burnley,5,1,H,1751.2,1403.4,347.9,11,17,6,5,5,5,0,0,5,1.4,1.8,1.0,0.4,5,0.8,1.0,1.6,0.2,5,2.0,1.7,0.7,0.5,10,0.8,1.3,1.8,0.1,10,2.4,1.8,0.8,0.4,5,0.8,1.6,2.0,0.0,5
2025-09-27,2025-26,Nottingham Forest,Sunderland,0,1,A,1566.5,1398.2,168.3,16,8,-8,5,5,0,0,0,0,1.0,1.0,1.8,0.0,5,1.6,1.2,0.8,0.4,5,1.0,1.0,1.6,0.0,10,1.1,0.9,1.4,0.3,10,0.8,1.0,1.8,0.0,5,0.8,0.6,1.8,0.4,5
2025-09-27,2025-26,Tottenham,Wolverhampton Wanderers,1,1,D,1533.4,1467.6,65.8,7,20,13,5,5,0,4,1,5,2.0,2.0,0.6,0.6,5,0.0,0.6,2.4,0.0,5,1.1,1.3,1.7,0.3,10,0.4,0.9,2.0,0.1,10,0.6,1.0,1.8,0.2,5,0.6,0.6,1.4,0.2,5
2025-09-28,2025-26,Aston Villa,Fulham,3,1,H,1630.1,1563.6,66.5,18,9,-9,5,5,5,0,0,5,0.6,0.2,1.0,0.4,5,1.6,1.2,1.0,0.2,5,1.2,0.6,0.9,0.5,10,1.4,1.2,1.4,0.1,10,2.0,1.4,0.8,0.6,5,1.4,1.2,1.4,0.0,5
2025-09-28,2025-26,Newcastle United,Arsenal,1,2,A,1639.8,1757.3,-117.5,15,7,-8,5,5,2,3,0,5,1.2,0.6,0.6,0.8,5,2.0,2.0,0.4,0.6,5,1.3,0.9,0.6,0.6,10,1.8,1.8,0.9,0.4,10,1.8,1.6,0.8,0.6,5,2.0,1.8,0.8,0.4,5
2025-09-29,2025-26,Everton,West Ham United,1,1,D,1573.6,1490.3,83.3,12,19,7,5,5,1,2,2,5,1.4,1.2,1.0,0.4,5,0.6,1.0,2.6,0.2,5,1.7,1.4,0.9,0.4,10,1.0,1.4,2.0,0.2,10,1.6,1.2,0.8,0.6,5,1.8,2.0,1.4,0.4,5
2025-10-03,2025-26,Bournemouth,Fulham,3,1,H,1582.3,1558.0,24.2,6,11,5,6,6,3,1,1,5,2.2,1.2,0.6,0.6,5,1.4,1.2,1.4,0.2,5,1.7,1.3,1.2,0.4,10,1.1,1.1,1.6,0.1,10,2.0,1.0,0.4,0.6,5,0.8,1.0,1.8,0.0,5
2025-10-04,2025-26,Chelsea,Liverpool,2,1,H,1649.4,1783.7,-134.3,8,1,-7,6,6,1,2,2,5,1.4,2.2,1.6,0.2,5,2.4,1.6,1.0,0.4,5,1.7,1.6,1.1,0.4,10,1.7,1.8,1.6,0.2,10,2.0,1.4,0.8,0.6,5,1.2,1.6,2.0,0.2,5
2025-10-04,2025-26,Manchester United,Sunderland,2,0,H,1548.1,1414.7,133.4,14,7,-7,6,6,2,0,0,2,1.4,1.4,2.0,0.0,5,1.6,0.8,0.8,0.4,5,1.0,1.2,1.8,0.1,10,1.4,1.0,1.3,0.4,10,1.8,1.4,1.2,0.2,5,0.8,0.4,1.8,0.4,5
2025-10-04,2025-26,Leeds United,Tottenham,1,2,A,1460.4,1529.0,-68.5,13,5,-8,6,6,1,4,0,5,1.0,1.0,1.8,0.2,5,1.6,1.6,0.8,0.4,5,0.9,1.1,2.0,0.2,10,1.2,1.3,1.3,0.3,10,1.2,1.2,1.6,0.4,5,1.6,1.6,1.0,0.4,5
2025-10-04,2025-26,Arsenal,West Ham United,2,0,H,1766.8,1495.1,271.6,4,19,15,6,6,2,2,1,5,2.0,2.2,0.6,0.4,5,0.8,1.2,2.2,0.2,5,2.0,1.8,0.8,0.4,10,1.1,1.3,1.8,0.2,10,2.0,2.2,0.6,0.6,5,2.0,1.8,1.0,0.4,5
2025-10-05,2025-26,Aston Villa,Burnley,2,1,H,1635.7,1401.9,233.7,16,18,2,6,6,3,1,1,5,1.0,0.8,1.2,0.2,5,0.8,1.2,2.0,0.2,5,1.5,0.8,0.8,0.5,10,0.5,1.0,2.2,0.1,10,2.0,1.2,0.8,0.6,5,0.2,1.0,2.8,0.0,5
2025-10-05,2025-26,Everton,Crystal Palace,2,1,H,1568.7,1628.7,-59.9,11,5,-6,6,6,3,0,2,5,1.6,1.4,1.0,0.4,5,2.2,1.6,0.6,0.4,5,1.8,1.5,0.9,0.4,10,2.0,1.6,0.7,0.4,10,1.8,1.4,0.6,0.6,5,2.2,1.6,0.4,0.6,5
2025-10-05,2025-26,Newcastle United,Nottingham Forest,2,0,H,1630.3,1550.0,80.2,16,17,1,6,6,4,1,0,5,1.0,0.8,1.0,0.6,5,0.4,0.4,1.8,0.0,5,1.0,0.7,0.8,0.5,10,1.0,1.0,1.5,0.0,10,1.2,1.2,1.2,0.4,5,1.2,1.0,1.4,0.0,5
2025-10-05,2025-26,Wolverhampton Wanderers,Brighton and Hove Albion,1,1,D,1472.1,1614.6,-142.6,20,13,-7,6,6,0,3,2,5,0.2,0.8,1.8,0.0,5,1.4,1.6,1.6,0.0,5,0.2,0.7,2.1,0.0,10,1.8,1.9,1.3,0.1,10,0.2,0.8,2.6,0.0,5,1.8,2.0,1.2,0.2,5
2025-10-05,2025-26,Brentford,Manchester City,0,1,A,1564.8,1752.6,-187.9,16,9,-7,6,6,1,3,1,5,1.4,1.6,1.6,0.2,5,1.4,2.0,1.2,0.2,5,1.4,1.7,1.8,0.2,10,2.0,2.0,0.7,0.5,10,2.0,2.4,1.8,0.2,5,1.6,1.6,0.6,0.6,5
2025-10-18,2025-26,Fulham,Arsenal,0,1,A,1551.5,1768.9,-217.4,14,1,-13,7,7,1,2,2,5,1.2,1.2,1.8,0.2,5,2.0,1.6,0.6,0.4,5,1.1,1.2,1.8,0.1,10,2.3,1.9,0.6,0.5,10,1.4,1.2,1.4,0.2,5,2.0,1.4,1.0,0.2,5
2025-10-18,2025-26,Nottingham Forest,Chelsea,0,3,A,1544.8,1660.4,-115.6,17,7,-10,7,7,1,2,2,5,0.2,0.2,2.0,0.0,5,1.4,1.6,1.6,0.2,5,0.9,0.9,1.6,0.0,10,1.7,1.5,1.1,0.4,10,0.8,1.0,1.6,0.0,5,1.4,1.8,1.4,0.2,5
2025-10-18,2025-26,Brighton and Hove Albion,Newcastle United,2,1,H,1613.4,1635.5,-22.1,12,11,-1,7,7,2,1,2,5,1.6,1.8,1.4,0.0,5,1.6,0.8,0.4,0.8,5,1.8,1.9,1.3,0.1,10,1.2,0.8,0.7,0.6,10,1.8,1.8,1.4,0.0,5,0.8,0.2,0.4,0.6,5
2025-10-18,2025-26,Burnley,Leeds United,2,0,H,1399.4,1449.5,-50.1,18,15,-3,7,7,0,3,1,4,0.2,1.0,2.4,0.0,5,1.0,1.2,1.2,0.2,5,0.4,1.0,2.3,0.1,10,0.9,1.1,2.0,0.2,10,0.8,1.0,1.6,0.2,5,0.6,1.0,2.4,0.0,5
2025-10-18,2025-26,Crystal Palace,Bournemouth,3,3,D,1619.8,1588.9,31.0,7,5,-2,7,7,1,2,2,5,2.0,1.6,0.8,0.4,5,2.2,1.6,0.8,0.4,5,1.9,1.6,0.8,0.4,10,1.7,1.4,1.2,0.4,10,1.8,1.6,1.0,0.2,5,1.4,1.6,2.0,0.2,5
2025-10-18,2025-26,Manchester City,Everton,2,0,H,1760.1,1577.6,182.6,6,9,3,7,7,4,0,1,5,2.0,2.2,0.8,0.4,5,1.6,1.4,1.2,0.2,5,2.0,2.0,0.7,0.5,10,2.0,1.5,0.8,0.4,10,2.4,2.4,0.8,0.4,5,1.8,1.6,1.2,0.2,5
2025-10-18,2025-26,Sunderland,Wolverhampton Wanderers,2,0,H,1410.6,1473.3,-62.7,9,20,11,7,7,0,0,0,0,1.6,0.8,0.8,0.4,5,0.4,1.0,1.8,0.0,5,1.1,0.8,1.5,0.3,10,0.3,0.8,2.1,0.0,10,1.4,1.2,1.0,0.2,5,0.2,0.6,1.6,0.0,5
2025-10-19,2025-26,Liverpool,Manchester United,1,2,A,1772.7,1552.3,220.5,3,11,8,7,7,2,0,3,5,1.8,1.2,1.0,0.4,5,1.8,1.6,1.8,0.2,5,1.7,1.8,1.5,0.2,10,1.3,1.1,1.4,0.2,10,2.2,2.0,1.2,0.2,5,0.2,1.0,2.4,0.0,5
2025-10-19,2025-26,Tottenham,Aston Villa,1,2,A,1539.9,1638.2,-98.4,5,13,8,7,7,2,3,0,5,1.6,1.6,1.0,0.2,5,1.6,1.2,1.2,0.2,5,1.4,1.4,1.3,0.3,10,1.5,0.9,0.9,0.4,10,0.8,1.0,1.6,0.2,5,1.0,0.4,0.8,0.4,5
2025-10-20,2025-26,West Ham United,Brentford,0,2,A,1493.0,1557.2,-64.2,19,16,-3,7,7,1,3,1,5,0.8,1.0,1.6,0.2,5,0.8,1.4,1.8,0.0,5,1.0,1.2,1.9,0.2,10,1.1,1.3,1.6,0.2,10,0.2,0.8,2.6,0.0,5,0.8,1.0,1.8,0.2,5
2025-10-24,2025-26,Leeds United,West Ham United,2,1,H,1441.0,1482.0,-41.1,16,19,3,8,8,1,3,1,5,0.8,1.2,1.6,0.0,5,0.2,0.4,2.0,0.0,5,0.8,0.9,2.0,0.2,10,0.7,1.0,2.1,0.1,10,1.0,1.0,1.6,0.4,5,1.4,1.4,1.4,0.2,5
2025-10-25,2025-26,Chelsea,Sunderland,1,2,A,1670.0,1419.5,250.4,5,7,2,8,8,2,0,0,2,1.4,1.8,1.6,0.2,5,1.6,0.8,0.6,0.6,5,2.0,1.8,0.9,0.5,10,1.4,1.0,1.3,0.4,10,2.0,1.2,0.8,0.6,5,0.8,0.4,1.8,0.4,5
2025-10-25,2025-26,Newcastle United,Fulham,2,1,H,1627.7,1544.7,83.0,15,16,1,8,8,3,2,0,5,1.4,1.0,0.8,0.6,5,1.2,1.2,1.6,0.2,5,0.9,0.7,0.9,0.5,10,1.1,1.1,1.6,0.1,10,1.2,1.2,1.2,0.4,5,0.8,1.2,2.2,0.0,5
2025-10-25,2025-26,Manchester United,Brighton and Hove Albion,4,2,H,1569.6,1621.2,-51.7,9,10,1,8,8,1,4,0,5,1.8,1.4,1.6,0.2,5,1.6,1.8,1.4,0.0,5,1.6,1.3,1.3,0.2,10,1.8,1.9,1.4,0.0,10,2.4,1.8,0.8,0.4,5,1.4,1.8,1.4,0.0,5
2025-10-25,2025-26,Brentford,Liverpool,3,2,H,1568.3,1755.5,-187.2,15,5,-10,8,8,0,5,0,5,1.4,1.6,1.4,0.2,5,1.2,1.2,1.4,0.2,5,1.1,1.4,1.6,0.2,10,1.6,1.7,1.5,0.2,10,1.4,1.6,1.4,0.2,5,1.2,1.6,1.8,0.2,5
2025-10-26,2025-26,Arsenal,Crystal Palace,1,0,H,1775.6,1616.2,159.4,1,9,8,8,8,4,0,1,5,2.6,1.8,0.4,0.6,5,1.6,1.6,1.4,0.2,5,2.5,1.8,0.4,0.6,10,1.7,1.7,1.1,0.3,10,2.6,2.4,0.2,0.8,5,1.6,1.4,0.8,0.4,5
2025-10-26,2025-26,Aston Villa,Manchester City,1,0,H,1648.3,1763.4,-115.2,12,3,-9,8,8,2,3,0,5,2.2,1.6,0.8,0.2,5,2.6,2.4,0.4,0.6,5,1.5,1.0,1.0,0.3,10,2.2,2.2,0.7,0.5,10,2.0,1.4,1.0,0.4,5,2.0,1.8,0.6,0.6,5
2025-10-26,2025-26,Bournemouth,Nottingham Forest,2,0,H,1592.5,1535.3,57.2,5,18,13,8,8,2,0,3,5,1.8,2.0,1.4,0.2,5,0.2,0.2,2.0,0.0,5,1.8,1.7,1.4,0.4,10,0.8,0.7,1.7,0.0,10,2.6,1.6,0.4,0.6,5,1.0,0.8,1.6,0.0,5
2025-10-26,2025-26,Wolverhampton Wanderers,Burnley,2,3,A,1464.4,1408.0,56.4,20,17,-3,8,8,1,2,2,5,0.4,0.6,1.6,0.0,5,0.8,1.0,1.8,0.2,5,0.3,0.8,2.1,0.0,10,0.7,1.1,1.9,0.2,10,0.4,1.0,2.4,0.0,5,0.0,1.0,3.0,0.0,5
2025-10-26,2025-26,Everton,Tottenham,0,3,A,1574.3,1529.8,44.5,14,8,-6,8,8,1,2,2,5,1.0,0.8,1.2,0.2,5,1.6,1.8,1.2,0.2,5,1.7,1.2,0.9,0.4,10,1.4,1.5,1.3,0.3,10,2.2,1.4,0.4,0.6,5,2.0,1.8,1.0,0.4,5
2025-11-01,2025-26,Liverpool,Aston Villa,2,0,H,1743.0,1658.7,84.3,7,8,1,9,9,2,0,3,5,0.6,1.4,2.0,0.0,5,2.6,1.8,0.8,0.2,5,1.6,1.7,1.5,0.2,10,1.5,0.9,1.0,0.3,10,2.0,1.8,1.2,0.2,5,1.0,0.6,1.0,0.2,5
2025-11-01,2025-26,Tottenham,Chelsea,0,1,A,1543.8,1652.3,-108.5,4,9,5,9,9,1,4,0,5,1.6,1.8,1.2,0.2,5,1.2,1.6,1.6,0.2,5,1.7,1.8,1.1,0.4,10,1.7,1.8,1.1,0.4,10,0.8,1.2,1.6,0.2,5,2.0,2.4,1.0,0.4,5
2025-11-01,2025-26,Nottingham Forest,Manchester United,2,2,D,1529.5,1578.2,-48.7,18,8,-10,9,9,3,2,0,5,0.2,0.2,1.8,0.0,5,2.4,2.2,1.4,0.2,5,0.5,0.5,1.8,0.0,10,1.9,1.7,1.4,0.2,10,0.6,0.6,1.8,0.0,5,0.8,0.8,1.8,0.0,5
2025-11-01,2025-26,Crystal Palace,Brentford,2,0,H,1612.5,1580.7,31.8,10,11,1,9,9,1,2,2,5,1.4,1.6,1.6,0.0,5,1.8,1.8,1.4,0.2,5,1.4,1.3,1.0,0.3,10,1.4,1.5,1.5,0.2,10,1.8,2.0,1.4,0.2,5,0.8,1.2,1.8,0.2,5
2025-11-01,2025-26,Burnley,Arsenal,0,2,A,1422.2,1779.3,-357.1,16,1,-15,9,9,0,3,2,5,1.4,1.6,2.0,0.2,5,2.6,1.4,0.4,0.6,5,1.0,1.3,1.9,0.2,10,2.5,1.8,0.4,0.6,10,1.4,1.2,0.8,0.4,5,2.4,1.2,0.6,0.4,5
2025-11-01,2025-26,Brighton and Hove Albion,Leeds United,3,0,H,1612.6,1449.3,163.3,13,15,2,9,9,2,0,3,5,1.6,2.0,1.8,0.0,5,1.4,1.6,1.6,0.0,5,1.5,1.8,1.6,0.0,10,1.1,1.0,1.8,0.2,10,2.2,2.0,1.4,0.0,5,0.6,0.8,2.4,0.0,5
2025-11-01,2025-26,Fulham,Wolverhampton Wanderers,3,0,H,1539.6,1450.2,89.4,17,20,3,9,9,2,2,1,5,0.6,1.2,2.0,0.0,5,0.4,1.0,2.0,0.0,5,0.8,0.9,1.6,0.1,10,0.3,0.8,2.0,0.0,10,1.4,1.0,1.0,0.2,5,0.2,0.6,1.8,0.0,5
2025-11-02,2025-26,West Ham United,Newcastle United,3,1,H,1473.7,1632.9,-159.2,19,13,-6,9,9,1,3,1,5,0.2,0.6,1.8,0.0,5,1.4,1.2,1.0,0.4,5,0.7,1.0,2.1,0.1,10,1.2,0.9,0.9,0.5,10,0.0,0.6,2.8,0.0,5,0.6,0.2,0.6,0.6,5
2025-11-02,2025-26,Manchester City,Bournemouth,3,1,H,1753.0,1598.2,154.8,8,2,-6,9,9,4,1,0,5,2.0,1.8,0.6,0.4,5,1.8,2.0,1.2,0.4,5,1.9,1.9,0.7,0.5,10,2.1,1.8,1.1,0.5,10,2.4,2.6,0.8,0.4,5,1.0,1.8,2.4,0.2,5
2025-11-03,2025-26,Sunderland,Everton,1,1,D,1437.2,1560.4,-123.2,7,15,8,9,9,0,2,0,2,2.0,1.2,0.8,0.4,5,0.8,0.8,1.8,0.0,5,1.7,1.2,1.2,0.4,10,1.4,1.0,1.2,0.3,10,2.0,1.6,0.8,0.4,5,1.2,1.0,1.4,0.2,5
2025-11-08,2025-26,Tottenham,Manchester United,2,2,D,1534.0,1579.6,-45.6,6,8,2,10,10,3,0,2,5,1.4,1.4,1.0,0.2,5,2.0,2.2,1.6,0.2,5,1.7,1.7,0.8,0.4,10,1.7,1.7,1.6,0.1,10,0.8,1.0,1.0,0.2,5,1.0,1.2,2.0,0.0,5
2025-11-08,2025-26,Everton,Fulham,2,0,H,1559.7,1544.6,15.1,14,15,1,10,10,1,2,2,5,1.0,0.8,1.6,0.0,5,0.6,1.2,1.8,0.2,5,1.2,1.0,1.3,0.2,10,1.1,1.2,1.4,0.2,10,1.6,1.0,1.0,0.4,5,0.2,0.8,2.2,0.0,5
2025-11-08,2025-26,West Ham United,Burnley,3,2,H,1485.4,1418.5,66.9,18,17,-1,10,10,2,0,3,5,0.8,1.0,1.6,0.0,5,1.2,1.4,2.2,0.2,5,0.7,1.0,2.1,0.1,10,1.0,1.2,1.9,0.2,10,0.6,1.0,2.6,0.0,5,0.6,1.4,3.0,0.0,5
2025-11-08,2025-26,Sunderland,Arsenal,2,2,D,1437.8,1783.0,-345.2,5,1,-4,10,10,0,2,0,2,2.0,1.2,0.8,0.4,5,3.0,1.6,0.2,0.8,5,1.8,1.2,0.8,0.4,10,2.5,1.8,0.3,0.7,10,2.2,1.8,0.6,0.4,5,2.4,1.2,0.4,0.6,5
2025-11-08,2025-26,Chelsea,Wolverhampton Wanderers,3,0,H,1662.1,1445.1,216.9,8,20,12,10,10,2,3,0,5,1.8,1.6,1.2,0.4,5,0.4,0.8,2.0,0.0,5,1.7,1.8,1.1,0.4,10,0.2,0.7,2.2,0.0,10,1.4,1.2,1.2,0.4,5,0.2,0.2,1.6,0.0,5
2025-11-09,2025-26,Manchester City,Liverpool,3,0,H,1756.7,1748.2,8.6,3,6,3,10,10,1,2,2,5,2.4,2.2,0.6,0.4,5,0.6,1.4,1.8,0.2,5,1.9,2.0,0.8,0.4,10,1.8,1.8,1.4,0.3,10,2.4,2.6,0.8,0.4,5,1.2,1.6,1.8,0.2,5
2025-11-09,2025-26,Nottingham Forest,Leeds United,3,1,H,1528.0,1445.7,82.3,19,16,-3,10,10,1,1,0,2,0.2,0.4,2.0,0.0,5,0.8,1.0,2.0,0.0,5,0.6,0.7,1.9,0.0,10,1.1,0.9,1.7,0.2,10,0.8,1.0,2.0,0.0,5,0.6,0.6,2.4,0.0,5
2025-11-09,2025-26,Brentford,Newcastle United,3,1,H,1574.3,1621.2,-46.8,13,14,1,10,10,1,4,0,5,1.8,1.6,1.2,0.2,5,1.2,1.4,1.6,0.2,5,1.3,1.4,1.6,0.2,10,1.2,1.0,1.1,0.5,10,2.0,1.8,1.2,0.2,5,0.6,0.4,1.0,0.6,5
2025-11-09,2025-26,Aston Villa,Bournemouth,4,0,H,1653.6,1594.5,59.1,13,6,-7,10,10,3,0,2,5,2.4,1.6,1.0,0.2,5,1.6,2.2,1.8,0.2,5,1.5,0.9,1.0,0.3,10,1.8,1.7,1.4,0.4,10,2.0,1.2,1.0,0.4,5,1.0,1.8,2.4,0.2,5
2025-11-09,2025-26,Crystal Palace,Brighton and Hove Albion,0,0,D,1618.9,1616.2,2.7,10,12,2,10,10,2,2,1,5,1.4,1.6,1.4,0.2,5,2.0,2.2,1.4,0.2,5,1.6,1.4,0.9,0.4,10,1.5,1.7,1.5,0.1,10,1.8,1.6,1.0,0.4,5,0.8,1.4,2.0,0.0,5
2025-11-22,2025-26,Burnley,Chelsea,0,2,A,1412.9,1664.8,-251.9,17,3,-14,11,11,0,3,2,5,1.2,1.6,1.8,0.2,5,2.4,2.0,0.6,0.6,5,1.0,1.4,1.9,0.2,10,1.9,2.1,1.1,0.4,10,1.4,1.0,0.8,0.4,5,2.0,2.4,1.0,0.4,5
2025-11-22,2025-26,Bournemouth,West Ham United,2,2,D,1588.7,1490.9,97.8,9,18,9,11,11,0,1,4,5,1.4,1.8,2.2,0.2,5,1.2,1.4,1.8,0.0,5,1.8,1.5,1.4,0.4,10,1.0,1.3,2.0,0.1,10,2.6,1.6,0.4,0.6,5,0.8,1.0,1.6,0.2,5
2025-11-22,2025-26,Brighton and Hove Albion,Brentford,2,1,H,1619.1,1582.8,36.2,11,12,1,11,11,1,1,3,5,1.6,1.6,1.2,0.4,5,1.8,1.6,1.2,0.2,5,1.5,1.6,1.4,0.2,10,1.6,1.6,1.4,0.2,10,2.2,2.0,1.0,0.2,5,0.6,1.0,2.0,0.2,5
2025-11-22,2025-26,Fulham,Sunderland,1,0,H,1537.8,1443.9,93.9,15,4,-11,11,11,0,0,0,0,0.6,1.0,1.6,0.2,5,1.6,1.4,1.2,0.2,5,1.0,1.1,1.5,0.2,10,1.6,1.1,1.0,0.3,10,2.0,1.6,0.6,0.4,5,1.4,0.6,1.0,0.4,5
2025-11-22,2025-26,Liverpool,Nottingham Forest,0,3,A,1741.2,1533.2,208.0,10,19,9,11,11,3,1,1,5,0.6,1.2,2.0,0.2,5,0.8,1.0,2.0,0.0,5,1.5,1.4,1.5,0.3,10,0.6,0.7,1.9,0.0,10,2.4,2.0,1.0,0.4,5,0.4,0.4,1.8,0.0,5
2025-11-22,2025-26,Wolverhampton Wanderers,Crystal Palace,0,2,A,1442.3,1616.0,-173.7,20,11,-9,11,11,1,3,1,5,0.2,0.6,2.4,0.0,5,1.0,1.2,1.2,0.4,5,0.2,0.7,2.1,0.0,10,1.6,1.4,0.9,0.4,10,0.2,1.2,2.8,0.0,5,1.4,1.2,0.8,0.4,5
2025-11-22,2025-26,Newcastle United,Manchester City,2,1,H,1612.7,1763.7,-151.0,15,3,-12,11,11,0,4,1,5,1.2,1.4,1.8,0.2,5,2.4,1.8,0.4,0.6,5,1.1,1.1,1.4,0.4,10,1.9,1.9,0.8,0.4,10,1.8,1.6,1.2,0.4,5,1.4,1.4,0.8,0.4,5
2025-11-23,2025-26,Leeds United,Aston Villa,1,2,A,1440.5,1659.3,-218.8,18,9,-9,11,11,0,3,2,5,0.6,0.8,2.2,0.0,5,2.4,1.8,0.8,0.4,5,0.8,0.9,2.0,0.1,10,1.7,1.3,1.0,0.3,10,1.6,1.2,1.0,0.4,5,1.0,0.6,1.0,0.2,5
2025-11-23,2025-26,Arsenal,Tottenham,4,1,H,1776.9,1532.5,244.5,1,9,8,11,11,4,0,1,5,2.6,1.6,0.4,0.8,5,1.4,1.6,1.2,0.2,5,2.3,1.9,0.5,0.6,10,1.5,1.6,1.0,0.3,10,2.6,2.4,0.2,0.8,5,2.6,2.4,0.6,0.6,5
2025-11-24,2025-26,Manchester United,Everton,0,1,A,1581.2,1566.5,14.7,10,13,3,11,11,4,0,1,5,2.2,2.4,1.4,0.2,5,1.4,1.0,1.4,0.2,5,1.8,1.9,1.7,0.1,10,1.5,1.2,1.2,0.3,10,2.4,2.2,1.2,0.2,5,0.8,1.0,1.6,0.0,5
2025-11-29,2025-26,Manchester City,Leeds United,3,2,H,1752.3,1433.8,318.5,3,18,15,12,12,4,1,0,5,1.8,1.8,0.8,0.4,5,0.6,0.8,2.2,0.0,5,1.9,2.0,0.8,0.4,10,0.8,1.0,1.7,0.1,10,3.0,3.2,0.4,0.6,5,0.6,0.8,2.0,0.0,5
2025-11-29,2025-26,Tottenham,Fulham,1,2,A,1530.0,1542.7,-12.7,9,15,6,12,12,2,2,1,5,0.8,1.4,1.8,0.2,5,1.2,1.0,1.0,0.4,5,1.2,1.5,1.4,0.2,10,1.2,1.1,1.4,0.3,10,0.4,0.8,1.4,0.0,5,0.0,0.6,2.4,0.0,5
2025-11-29,2025-26,Everton,Newcastle United,1,4,A,1579.7,1624.2,-44.5,11,15,4,12,12,2,1,2,5,1.4,0.8,1.2,0.4,5,1.2,1.4,2.0,0.0,5,1.5,1.1,1.2,0.3,10,1.4,1.1,1.2,0.4,10,1.6,1.0,1.0,0.4,5,0.4,0.6,1.6,0.4,5
2025-11-29,2025-26,Brentford,Burnley,3,1,H,1576.6,1407.1,169.5,15,19,4,12,12,2,2,0,4,1.8,1.8,1.4,0.2,5,1.2,1.4,1.8,0.2,5,1.3,1.6,1.6,0.1,10,0.7,1.2,2.1,0.1,10,2.0,2.2,1.4,0.0,5,0.6,1.8,3.0,0.0,5
2025-11-29,2025-26,Sunderland,Bournemouth,3,2,H,1439.0,1583.6,-144.6,7,9,2,12,12,1,1,0,2,1.6,1.4,1.0,0.2,5,1.0,1.6,2.4,0.2,5,1.6,1.1,0.9,0.3,10,1.6,1.6,1.6,0.3,10,1.8,1.6,1.0,0.2,5,1.0,1.4,2.4,0.2,5
2025-11-30,2025-26,Crystal Palace,Manchester United,1,2,A,1624.0,1568.0,56.0,6,12,6,12,12,3,1,1,5,1.6,1.4,0.8,0.6,5,1.6,2.0,1.6,0.0,5,1.8,1.5,0.8,0.5,10,1.7,1.8,1.7,0.1,10,1.8,1.4,0.8,0.6,5,1.0,1.4,2.2,0.0,5
2025-11-30,2025-26,Aston Villa,Wolverhampton Wanderers,1,0,H,1666.0,1434.4,231.6,5,20,15,12,12,2,2,1,5,2.4,1.8,0.8,0.4,5,0.0,0.4,2.6,0.0,5,2.0,1.5,1.0,0.3,10,0.2,0.7,2.2,0.0,10,2.4,2.0,1.0,0.4,5,0.2,0.2,2.0,0.0,5
2025-11-30,2025-26,Nottingham Forest,Brighton and Hove Albion,0,2,A,1550.3,1625.3,-75.0,16,8,-8,12,12,2,2,1,5,1.4,1.6,1.6,0.2,5,2.0,1.8,1.2,0.4,5,0.8,0.9,1.8,0.1,10,1.8,1.8,1.3,0.2,10,0.8,1.0,2.0,0.0,5,1.0,1.4,1.6,0.2,5
2025-11-30,2025-26,West Ham United,Liverpool,0,2,A,1496.1,1724.1,-228.0,17,13,-4,12,12,0,4,1,5,1.4,1.8,1.8,0.0,5,0.6,1.0,2.2,0.2,5,1.1,1.4,1.7,0.1,10,1.2,1.1,1.6,0.3,10,1.2,1.4,2.0,0.0,5,0.6,1.0,2.0,0.2,5
2025-11-30,2025-26,Chelsea,Arsenal,1,1,D,1670.7,1779.3,-108.6,4,1,-3,12,12,0,3,2,5,2.4,2.0,0.4,0.8,5,2.6,2.0,0.6,0.6,5,1.9,1.8,1.0,0.5,10,2.3,1.8,0.6,0.5,10,1.8,1.8,1.2,0.4,5,2.0,1.4,0.8,0.4,5
2025-12-02,2025-26,Fulham,Manchester City,4,5,A,1555.2,1753.9,-198.7,15,2,-13,13,13,0,5,0,5,1.8,1.4,1.0,0.4,5,1.8,2.0,1.2,0.2,5,1.5,1.3,1.3,0.3,10,2.2,2.2,0.8,0.4,10,2.4,1.6,0.4,0.6,5,0.8,0.8,1.2,0.2,5
2025-12-02,2025-26,Bournemouth,Everton,0,1,A,1572.3,1568.1,4.2,11,14,3,13,13,3,2,0,5,0.8,1.4,2.4,0.2,5,1.4,1.0,1.6,0.4,5,1.3,1.7,1.9,0.2,10,1.2,0.9,1.4,0.3,10,2.2,1.8,0.8,0.4,5,1.4,1.2,1.4,0.2,5
2025-12-02,2025-26,Newcastle United,Tottenham,2,2,D,1635.7,1517.6,118.2,14,13,-1,13,13,4,1,0,5,1.8,2.0,1.8,0.0,5,0.8,1.4,1.8,0.2,5,1.6,1.5,1.3,0.3,10,1.2,1.6,1.5,0.2,10,2.4,1.6,0.8,0.4,5,2.0,2.2,1.4,0.4,5
2025-12-03,2025-26,Leeds United,Chelsea,3,1,H,1432.1,1671.0,-238.8,18,3,-15,13,13,1,3,1,5,0.6,1.2,2.4,0.0,5,2.0,1.6,0.6,0.6,5,0.7,1.2,2.0,0.0,10,1.7,1.7,1.1,0.4,10,1.0,1.2,1.4,0.2,5,2.0,1.8,0.8,0.6,5
2025-12-03,2025-26,Wolverhampton Wanderers,Nottingham Forest,0,1,A,1431.8,1539.6,-107.7,20,17,-3,13,13,0,1,4,5,0.0,0.4,2.4,0.0,5,1.4,1.6,1.4,0.2,5,0.2,0.5,2.0,0.0,10,0.8,0.9,1.7,0.1,10,0.2,1.2,2.4,0.0,5,0.8,0.8,1.6,0.2,5
2025-12-03,2025-26,Liverpool,Sunderland,1,1,D,1730.6,1450.3,280.3,8,6,-2,13,13,1,0,1,2,1.2,1.2,1.8,0.4,5,1.6,1.6,1.4,0.0,5,1.2,1.2,1.6,0.3,10,1.6,1.2,1.0,0.3,10,1.8,1.2,1.2,0.4,5,1.4,0.6,0.8,0.4,5
2025-12-03,2025-26,Brighton and Hove Albion,Aston Villa,3,4,A,1636.1,1668.6,-32.5,6,4,-2,13,13,1,3,1,5,2.0,1.8,1.0,0.6,5,2.4,1.6,0.6,0.6,5,1.8,1.8,1.2,0.3,10,2.3,1.6,0.7,0.4,10,2.6,2.2,1.0,0.2,5,1.6,1.0,1.0,0.2,5
2025-12-03,2025-26,Arsenal,Brentford,2,0,H,1779.1,1580.1,199.0,1,12,11,13,13,3,0,2,5,2.2,2.0,0.8,0.4,5,1.8,2.0,1.6,0.0,5,2.4,1.9,0.6,0.5,10,1.6,1.8,1.5,0.1,10,2.6,2.2,0.4,0.6,5,0.6,1.0,1.8,0.2,5
2025-12-03,2025-26,Burnley,Crystal Palace,0,1,A,1403.6,1609.7,-206.2,19,10,-9,13,13,1,2,2,5,0.6,1.2,2.4,0.0,5,1.4,1.0,0.6,0.6,5,0.7,1.1,2.1,0.1,10,1.5,1.3,1.0,0.4,10,0.8,0.6,1.2,0.2,5,1.8,1.6,0.8,0.4,5
2025-12-04,2025-26,Manchester United,West Ham United,1,1,D,1582.2,1489.6,92.6,9,18,9,13,13,1,4,0,5,1.6,2.0,1.6,0.0,5,1.4,1.8,1.8,0.0,5,1.7,1.7,1.6,0.1,10,0.8,1.1,1.9,0.0,10,2.4,2.2,1.2,0.2,5,1.0,1.4,1.4,0.2,5
2025-12-06,2025-26,Aston Villa,Arsenal,2,1,H,1680.5,1782.1,-101.6,3,1,-2,14,14,2,2,1,5,2.4,2.2,1.2,0.4,5,2.2,2.2,0.8,0.4,5,2.5,2.0,1.0,0.3,10,2.4,1.8,0.6,0.5,10,3.0,2.2,0.4,0.6,5,2.2,1.6,0.8,0.4,5
2025-12-06,2025-26,Bournemouth,Chelsea,0,0,D,1559.4,1657.2,-97.8,14,4,-10,14,14,0,3,2,5,0.2,1.0,2.6,0.0,5,2.0,1.6,0.8,0.6,5,1.0,1.5,1.9,0.2,10,1.6,1.6,1.2,0.4,10,1.6,1.4,0.8,0.4,5,1.8,1.6,1.0,0.6,5
2025-12-06,2025-26,Everton,Nottingham Forest,3,0,H,1581.0,1549.4,31.6,10,16,6,14,14,3,1,1,5,2.0,1.2,1.0,0.6,5,2.0,1.8,1.0,0.4,5,1.4,1.0,1.4,0.3,10,1.1,1.0,1.4,0.2,10,1.4,1.2,1.8,0.2,5,1.4,1.0,1.0,0.4,5
2025-12-06,2025-26,Manchester City,Sunderland,3,0,H,1761.1,1458.2,302.9,3,7,4,14,14,2,0,0,2,2.4,3.0,1.8,0.2,5,1.2,1.4,1.4,0.0,5,2.2,2.4,1.2,0.3,10,1.6,1.3,1.1,0.2,10,3.0,3.2,0.8,0.4,5,1.4,0.8,1.0,0.2,5
2025-12-06,2025-26,Newcastle United,Burnley,2,1,H,1630.2,1396.5,233.7,13,19,6,14,14,5,0,0,5,1.4,2.0,2.0,0.0,5,0.0,0.6,2.2,0.0,5,1.4,1.6,1.5,0.2,10,0.7,1.1,2.1,0.1,10,2.0,1.8,1.2,0.2,5,0.6,1.6,3.0,0.0,5
2025-12-06,2025-26,Tottenham,Brentford,2,0,H,1523.1,1577.0,-53.9,13,14,1,14,14,3,1,1,5,0.4,1.2,2.2,0.0,5,1.2,1.4,1.6,0.0,5,1.0,1.5,1.7,0.1,10,1.5,1.6,1.5,0.1,10,0.4,1.0,1.6,0.0,5,0.6,0.8,1.8,0.2,5
2025-12-06,2025-26,Leeds United,Liverpool,3,3,D,1445.9,1722.6,-276.6,17,12,-5,14,14,1,3,1,5,0.6,1.4,2.4,0.0,5,1.4,1.0,1.4,0.4,5,1.0,1.5,2.0,0.0,10,1.0,1.2,1.7,0.2,10,1.4,1.8,1.6,0.0,5,0.6,1.2,2.0,0.2,5
2025-12-07,2025-26,Brighton and Hove Albion,West Ham United,1,1,D,1624.1,1494.6,129.5,10,18,8,14,14,2,1,2,5,2.0,2.0,1.0,0.6,5,1.6,1.8,1.6,0.0,5,1.8,2.0,1.4,0.3,10,0.9,1.2,1.7,0.0,10,2.0,2.4,1.6,0.2,5,0.6,1.0,1.6,0.0,5
2025-12-07,2025-26,Fulham,Crystal Palace,1,2,A,1548.0,1616.8,-68.8,15,6,-9,14,14,1,1,3,5,1.8,2.0,1.6,0.4,5,2.0,1.2,0.4,0.8,5,1.2,1.6,1.8,0.2,10,1.7,1.4,1.0,0.4,10,1.8,2.2,1.4,0.4,5,1.8,1.2,0.8,0.4,5
2025-12-08,2025-26,Wolverhampton Wanderers,Manchester United,1,4,A,1422.1,1577.2,-155.1,20,12,-8,14,14,2,3,0,5,0.0,0.0,2.0,0.0,5,1.2,1.4,1.4,0.0,5,0.2,0.5,2.0,0.0,10,1.8,1.8,1.4,0.1,10,0.2,0.8,2.0,0.0,5,1.6,1.8,1.8,0.0,5
2025-12-13,2025-26,Chelsea,Everton,2,0,H,1657.2,1587.4,69.9,5,7,2,15,15,2,1,2,5,1.6,1.4,0.8,0.6,5,2.4,1.6,0.8,0.8,5,1.7,1.5,1.0,0.5,10,1.7,1.2,1.2,0.4,10,1.4,1.6,1.4,0.2,5,1.4,0.8,1.0,0.4,5
2025-12-13,2025-26,Liverpool,Brighton and Hove Albion,2,0,H,1717.9,1618.3,99.5,10,8,-2,15,15,2,2,1,5,1.0,1.2,2.0,0.2,5,1.6,1.6,1.2,0.4,5,0.8,1.3,1.9,0.2,10,1.8,1.9,1.3,0.3,10,1.4,1.2,1.4,0.2,5,1.6,1.6,1.2,0.4,5
2025-12-13,2025-26,Burnley,Fulham,2,3,A,1394.0,1537.1,-143.1,19,15,-4,15,15,3,0,2,5,0.0,0.8,2.2,0.0,5,1.2,1.6,2.0,0.2,5,0.6,1.1,2.2,0.1,10,0.9,1.4,1.9,0.2,10,0.8,0.6,1.2,0.2,5,0.6,1.0,2.2,0.0,5
2025-12-13,2025-26,Arsenal,Wolverhampton Wanderers,2,1,H,1772.1,1413.6,358.4,1,20,19,15,15,5,0,0,5,1.6,2.0,1.2,0.2,5,0.0,0.2,2.2,0.0,5,2.3,1.8,0.7,0.5,10,0.2,0.5,2.1,0.0,10,2.6,2.0,0.4,0.6,5,0.2,0.2,2.0,0.0,5
2025-12-14,2025-26,Crystal Palace,Manchester City,0,3,A,1627.7,1762.9,-135.3,5,2,-3,15,15,0,3,2,5,2.0,1.2,0.6,0.6,5,2.4,3.0,1.6,0.4,5,1.7,1.4,1.0,0.4,10,2.4,2.6,1.1,0.4,10,1.6,1.6,1.2,0.4,5,1.4,1.6,1.6,0.2,5
2025-12-14,2025-26,Nottingham Forest,Tottenham,3,0,H,1543.0,1531.8,11.2,17,11,-6,15,15,2,3,0,5,1.8,1.4,1.2,0.4,5,1.0,1.6,2.0,0.2,5,1.0,0.9,1.6,0.2,10,1.2,1.5,1.5,0.2,10,0.8,1.0,1.8,0.0,5,1.6,2.0,1.8,0.2,5
2025-12-14,2025-26,Sunderland,Newcastle United,1,0,H,1456.4,1632.7,-176.3,10,12,2,15,15,0,0,0,0,1.0,1.2,1.8,0.0,5,2.0,2.2,1.6,0.0,5,1.5,1.2,1.3,0.2,10,1.6,1.8,1.6,0.1,10,1.8,1.8,1.2,0.2,5,0.8,1.4,1.8,0.2,5
2025-12-14,2025-26,West Ham United,Aston Villa,2,3,A,1500.4,1690.5,-190.1,18,3,-15,15,15,0,2,3,5,1.2,1.4,1.6,0.0,5,3.0,2.6,1.0,0.4,5,1.0,1.2,1.6,0.0,10,2.7,2.1,1.0,0.3,10,1.2,1.4,1.8,0.0,5,2.0,1.8,1.6,0.0,5
2025-12-14,2025-26,Brentford,Leeds United,1,1,D,1568.3,1450.6,117.7,15,17,2,15,15,1,1,2,4,1.2,1.4,1.6,0.0,5,0.8,2.0,2.4,0.0,5,1.5,1.5,1.4,0.1,10,0.8,1.5,2.2,0.0,10,2.4,2.4,1.2,0.0,5,0.6,1.2,2.4,0.0,5
2025-12-15,2025-26,Manchester United,Bournemouth,4,4,D,1585.6,1559.3,26.3,8,15,7,15,15,1,2,2,5,1.6,1.8,1.2,0.0,5,0.4,0.8,2.0,0.2,5,1.8,2.0,1.4,0.1,10,1.0,1.5,1.9,0.2,10,2.0,1.8,1.0,0.2,5,0.4,1.6,3.0,0.0,5
2025-12-20,2025-26,Leeds United,Crystal Palace,4,1,H,1456.2,1618.7,-162.5,17,5,-12,16,16,2,2,1,5,1.0,2.0,2.0,0.0,5,1.8,1.2,1.2,0.4,5,0.8,1.4,2.1,0.0,10,1.4,1.2,1.2,0.4,10,1.4,2.0,1.8,0.0,5,1.8,1.2,0.8,0.4,5
2025-12-20,2025-26,Tottenham,Liverpool,1,2,A,1524.9,1722.7,-197.8,11,6,-5,16,16,1,4,0,5,0.8,1.2,2.2,0.2,5,1.6,1.6,1.4,0.4,5,1.1,1.4,1.7,0.2,10,1.1,1.4,1.7,0.3,10,0.8,1.2,1.4,0.2,5,0.8,1.6,2.2,0.2,5
2025-12-20,2025-26,Wolverhampton Wanderers,Brentford,0,2,A,1412.3,1562.8,-150.5,20,15,-5,16,16,2,2,1,5,0.0,0.4,2.0,0.0,5,0.8,1.0,1.6,0.0,5,0.1,0.5,2.2,0.0,10,1.3,1.3,1.4,0.1,10,0.2,0.8,2.2,0.0,5,0.6,0.6,1.6,0.2,5
2025-12-20,2025-26,Everton,Arsenal,0,1,A,1581.9,1773.4,-191.5,9,1,-8,16,16,0,3,2,5,1.8,1.2,1.2,0.6,5,2.0,2.0,1.0,0.2,5,1.6,1.1,1.3,0.4,10,2.3,1.8,0.7,0.5,10,1.8,1.6,1.6,0.4,5,1.6,1.4,1.0,0.4,5
2025-12-20,2025-26,Brighton and Hove Albion,Sunderland,0,0,D,1613.5,1468.6,144.9,10,8,-2,16,16,0,0,0,0,1.4,1.6,1.6,0.2,5,1.4,1.0,1.4,0.2,5,1.5,1.6,1.4,0.3,10,1.5,1.2,1.3,0.2,10,2.0,2.2,1.4,0.2,5,0.8,0.6,1.6,0.0,5
2025-12-20,2025-26,Bournemouth,Burnley,1,1,D,1562.8,1385.2,177.6,14,19,5,16,16,2,3,0,5,0.6,1.6,2.0,0.2,5,0.0,0.8,2.2,0.0,5,1.0,1.7,2.1,0.2,10,0.6,1.2,2.0,0.1,10,1.6,1.4,0.8,0.4,5,0.6,1.6,2.4,0.0,5
2025-12-20,2025-26,Newcastle United,Chelsea,2,2,D,1620.6,1662.7,-42.1,13,5,-8,16,16,2,2,1,5,2.0,2.0,1.2,0.0,5,1.6,1.2,0.8,0.6,5,1.6,1.7,1.5,0.1,10,2.0,1.6,0.7,0.6,10,2.6,2.0,1.0,0.2,5,2.0,1.4,0.6,0.8,5
2025-12-20,2025-26,Manchester City,West Ham United,3,0,H,1771.9,1493.0,279.0,2,18,16,16,16,5,0,0,5,2.4,3.0,1.6,0.4,5,0.6,1.2,1.8,0.0,5,2.4,2.4,1.0,0.5,10,0.9,1.3,1.8,0.0,10,3.0,2.8,0.6,0.6,5,0.6,1.0,1.6,0.0,5
2025-12-21,2025-26,Aston Villa,Manchester United,2,1,H,1698.0,1582.1,115.9,3,7,4,16,16,0,4,1,5,3.0,2.4,1.4,0.2,5,1.6,2.2,1.6,0.0,5,2.7,2.1,1.1,0.3,10,1.9,2.3,1.5,0.1,10,3.0,2.0,0.4,0.6,5,2.2,2.4,1.4,0.0,5
2025-12-22,2025-26,Fulham,Nottingham Forest,1,0,H,1545.8,1549.9,-4.1,15,17,2,16,16,4,1,0,5,1.8,2.2,2.0,0.2,5,1.8,1.4,1.0,0.6,5,1.2,1.6,1.8,0.2,10,1.3,1.2,1.5,0.3,10,1.2,1.8,1.6,0.4,5,1.2,0.8,1.4,0.4,5
2025-12-26,2025-26,Manchester United,Newcastle United,1,0,H,1577.6,1618.9,-41.3,7,11,4,17,17,1,4,0,5,1.6,2.4,1.8,0.0,5,1.6,2.0,1.4,0.0,5,1.6,2.2,1.7,0.0,10,1.4,1.7,1.7,0.0,10,1.6,2.2,1.6,0.2,5,0.6,1.4,2.0,0.0,5
2025-12-27,2025-26,Chelsea,Aston Villa,1,2,A,1664.4,1702.5,-38.1,4,3,-1,17,17,1,3,1,5,1.2,1.2,1.2,0.4,5,3.0,2.4,1.4,0.2,5,1.8,1.6,0.8,0.6,10,2.7,2.1,1.1,0.3,10,2.0,1.8,0.8,0.4,5,2.4,2.2,1.8,0.0,5
2025-12-27,2025-26,West Ham United,Fulham,0,1,A,1490.9,1553.1,-62.2,18,13,-5,17,17,2,2,1,5,0.4,0.8,2.0,0.0,5,1.8,2.2,2.0,0.2,5,0.9,1.3,1.9,0.0,10,1.5,1.6,1.5,0.3,10,1.2,1.6,2.0,0.0,5,1.2,1.4,2.0,0.0,5
2025-12-27,2025-26,Liverpool,Wolverhampton Wanderers,2,1,H,1730.0,1403.8,326.2,6,20,14,17,17,5,0,0,5,2.2,2.0,1.0,0.4,5,0.0,0.4,2.0,0.0,5,1.4,1.5,1.6,0.3,10,0.0,0.4,2.3,0.0,10,1.4,1.2,1.2,0.4,5,0.0,0.2,2.2,0.0,5
2025-12-27,2025-26,Brentford,Bournemouth,4,1,H,1571.3,1556.2,15.2,13,15,2,17,17,4,0,1,5,1.4,1.2,1.2,0.2,5,0.6,1.4,1.8,0.2,5,1.6,1.5,1.3,0.2,10,0.8,1.5,2.1,0.2,10,2.0,2.0,1.2,0.0,5,0.4,2.0,3.4,0.0,5
2025-12-27,2025-26,Arsenal,Brighton and Hove Albion,2,1,H,1780.8,1607.5,173.4,1,11,10,17,17,2,1,2,5,2.0,1.4,0.8,0.4,5,1.0,1.2,1.4,0.4,5,2.3,1.7,0.7,0.5,10,1.5,1.5,1.3,0.4,10,3.0,2.2,0.4,0.6,5,1.0,1.0,1.4,0.4,5
2025-12-27,2025-26,Nottingham Forest,Manchester City,1,2,A,1542.6,1773.9,-231.4,17,3,-14,17,17,1,3,1,5,1.2,0.8,1.2,0.4,5,3.0,3.4,1.2,0.6,5,1.3,1.2,1.4,0.3,10,2.4,2.6,1.0,0.5,10,1.4,1.6,1.6,0.2,5,1.8,2.0,1.4,0.4,5
2025-12-27,2025-26,Burnley,Everton,0,0,D,1391.8,1574.5,-182.7,19,12,-7,17,17,2,3,0,5,0.2,1.0,2.0,0.0,5,1.2,1.0,1.4,0.4,5,0.7,1.2,1.9,0.1,10,1.3,0.9,1.3,0.4,10,0.6,0.8,1.6,0.2,5,1.4,0.6,1.0,0.4,5
2025-12-28,2025-26,Sunderland,Leeds United,1,1,D,1474.7,1468.0,6.7,7,16,9,17,17,0,0,0,0,1.6,1.0,1.2,0.4,5,1.6,2.6,1.8,0.0,5,1.6,1.2,1.1,0.3,10,1.1,1.7,2.0,0.0,10,2.2,1.8,1.0,0.4,5,0.2,0.8,2.4,0.0,5
2025-12-28,2025-26,Crystal Palace,Tottenham,0,1,A,1606.9,1517.7,89.3,9,14,5,17,17,2,3,0,5,1.2,1.0,2.0,0.2,5,0.8,1.2,1.8,0.2,5,1.4,1.2,1.4,0.4,10,0.8,1.3,1.8,0.2,10,1.0,1.2,1.6,0.4,5,1.4,1.6,2.0,0.2,5
2025-12-30,2025-26,Arsenal,Aston Villa,4,1,H,1784.3,1714.2,70.0,1,3,2,18,18,1,3,1,5,2.4,1.6,0.8,0.4,5,3.0,2.6,1.6,0.0,5,2.3,1.8,0.8,0.4,10,2.7,2.1,1.1,0.3,10,3.0,2.2,0.6,0.4,5,2.4,2.2,1.8,0.0,5
2025-12-30,2025-26,Manchester United,Wolverhampton Wanderers,1,1,D,1586.0,1402.2,183.8,6,20,14,18,18,3,2,0,5,1.6,2.2,1.6,0.2,5,0.0,0.6,2.2,0.0,5,1.6,2.1,1.6,0.1,10,0.0,0.5,2.3,0.0,10,1.6,2.0,1.6,0.2,5,0.0,0.4,2.2,0.0,5
2025-12-30,2025-26,West Ham United,Brighton and Hove Albion,2,2,D,1479.8,1604.0,-124.2,18,13,-5,18,18,1,1,3,5,0.4,0.8,1.8,0.0,5,0.4,1.0,1.8,0.2,5,0.9,1.3,1.8,0.0,10,1.2,1.4,1.4,0.4,10,1.2,1.6,1.8,0.0,5,0.8,1.0,1.6,0.4,5
2025-12-30,2025-26,Burnley,Newcastle United,1,3,A,1394.2,1610.6,-216.4,19,14,-5,18,18,0,5,0,5,0.4,0.8,1.4,0.2,5,1.0,1.2,1.4,0.0,5,0.5,1.0,1.9,0.1,10,1.4,1.6,1.6,0.0,10,0.2,0.4,1.6,0.2,5,0.6,1.2,1.8,0.0,5
2025-12-30,2025-26,Chelsea,Bournemouth,2,2,D,1652.6,1549.4,103.2,6,15,9,18,18,2,0,3,5,1.0,1.2,1.4,0.4,5,0.6,1.2,2.0,0.2,5,1.5,1.4,1.0,0.5,10,0.7,1.3,2.2,0.2,10,1.4,1.6,1.0,0.4,5,0.2,1.6,3.6,0.0,5
2025-12-30,2025-26,Nottingham Forest,Everton,0,2,A,1536.2,1572.2,-36.0,17,14,-3,18,18,1,4,0,5,1.2,1.0,1.2,0.4,5,1.4,0.8,0.6,0.6,5,1.3,1.3,1.3,0.3,10,1.4,0.9,1.1,0.5,10,1.4,1.8,1.4,0.2,5,1.6,0.6,0.6,0.6,5
2026-01-01,2025-26,Crystal Palace,Fulham,1,1,D,1591.9,1564.2,27.7,11,12,1,18,18,2,1,2,5,1.2,0.8,1.8,0.2,5,1.8,2.0,1.8,0.4,5,1.3,0.9,1.2,0.4,10,1.8,1.7,1.4,0.4,10,0.8,0.6,1.2,0.4,5,1.8,1.4,1.4,0.2,5
2026-01-01,2025-26,Liverpool,Leeds United,0,0,D,1731.5,1470.9,260.6,4,16,12,18,18,3,1,1,5,2.2,2.0,1.2,0.2,5,1.8,2.4,1.4,0.0,5,1.7,1.6,1.5,0.3,10,1.2,1.8,1.9,0.0,10,2.0,1.4,1.0,0.4,5,0.4,1.0,2.2,0.0,5
2026-01-01,2025-26,Brentford,Tottenham,0,0,D,1578.1,1532.6,45.5,11,13,2,18,18,0,4,1,5,1.4,1.4,1.2,0.2,5,1.4,1.2,1.4,0.4,5,1.6,1.7,1.4,0.1,10,1.1,1.3,1.6,0.3,10,2.6,2.8,1.2,0.0,5,1.4,1.4,1.8,0.4,5
2026-01-01,2025-26,Sunderland,Manchester City,0,0,D,1471.7,1780.3,-308.6,7,2,-5,18,18,0,3,0,3,1.2,0.6,1.0,0.4,5,3.0,3.2,1.0,0.6,5,1.4,1.1,1.2,0.2,10,2.4,2.6,1.1,0.4,10,1.8,1.6,1.2,0.2,5,1.8,2.2,1.6,0.2,5
2026-01-03,2025-26,Aston Villa,Nottingham Forest,3,1,H,1708.8,1524.4,184.4,3,17,14,19,19,3,2,0,5,2.4,2.0,1.8,0.0,5,0.6,0.8,1.6,0.2,5,2.4,2.1,1.5,0.2,10,1.3,1.3,1.3,0.3,10,3.0,2.0,0.4,0.6,5,1.2,0.8,1.2,0.4,5
2026-01-03,2025-26,Brighton and Hove Albion,Burnley,2,0,H,1603.3,1387.4,215.9,14,19,5,19,19,1,1,3,5,0.6,0.8,1.4,0.2,5,0.4,1.0,1.8,0.2,5,1.3,1.4,1.2,0.4,10,0.2,0.8,2.0,0.1,10,1.6,1.8,1.2,0.4,5,0.8,1.6,2.2,0.0,5
2026-01-03,2025-26,Wolverhampton Wanderers,West Ham United,3,0,H,1408.9,1480.5,-71.6,20,18,-2,19,19,2,3,0,5,0.2,0.8,2.2,0.0,5,0.4,1.0,2.0,0.0,5,0.1,0.4,2.1,0.0,10,1.0,1.4,1.8,0.0,10,0.0,0.6,2.4,0.0,5,0.6,1.0,1.8,0.0,5
2026-01-03,2025-26,Bournemouth,Arsenal,2,3,A,1554.7,1789.7,-235.1,15,1,-14,19,19,2,3,0,5,0.8,1.6,2.2,0.2,5,2.4,2.0,1.0,0.2,5,0.5,1.3,2.4,0.1,10,2.3,2.1,0.9,0.3,10,1.2,1.0,0.8,0.4,5,1.6,1.4,1.0,0.4,5
2026-01-04,2025-26,Manchester City,Chelsea,1,1,D,1775.0,1647.3,127.6,3,5,2,19,19,3,0,2,5,2.6,2.2,0.2,0.8,5,1.2,1.4,1.2,0.4,5,2.5,2.6,1.0,0.5,10,1.6,1.5,1.0,0.5,10,3.0,3.0,0.6,0.6,5,1.6,1.2,1.0,0.6,5
2026-01-04,2025-26,Fulham,Liverpool,2,2,D,1567.7,1723.8,-156.0,12,4,-8,19,19,1,3,1,5,2.0,1.4,1.0,0.4,5,2.2,1.8,1.0,0.4,5,1.9,1.7,1.3,0.4,10,1.8,1.4,1.2,0.4,10,1.8,2.0,1.4,0.6,5,1.4,1.8,2.0,0.2,5
2026-01-04,2025-26,Tottenham,Sunderland,1,1,D,1536.6,1477.1,59.5,13,7,-6,19,19,1,0,1,2,1.4,0.8,1.0,0.6,5,1.2,0.4,0.8,0.6,5,0.9,1.0,1.6,0.3,10,1.2,0.9,1.1,0.3,10,0.8,1.2,1.4,0.2,5,1.0,0.6,1.2,0.2,5
2026-01-04,2025-26,Everton,Brentford,2,4,A,1584.0,1574.2,9.8,9,12,3,19,19,3,0,2,5,1.4,1.0,0.6,0.6,5,1.6,1.4,0.8,0.4,5,1.7,1.1,0.8,0.6,10,1.4,1.4,1.2,0.2,10,1.2,1.2,1.6,0.4,5,0.6,0.6,1.6,0.2,5
2026-01-04,2025-26,Leeds United,Manchester United,1,1,D,1478.7,1579.2,-100.5,16,6,-10,19,19,0,3,2,5,1.4,1.8,1.2,0.2,5,1.6,2.2,1.6,0.2,5,1.0,1.6,1.8,0.1,10,1.4,1.8,1.5,0.1,10,2.0,2.6,1.6,0.0,5,1.6,2.2,1.6,0.0,5
2026-01-04,2025-26,Newcastle United,Crystal Palace,2,0,H,1617.4,1588.4,28.9,14,13,-1,19,19,2,1,2,5,1.4,1.4,1.2,0.0,5,0.8,0.8,2.0,0.0,5,1.4,1.7,1.6,0.0,10,1.4,1.0,1.2,0.4,10,2.2,2.0,1.4,0.0,5,1.8,1.2,1.2,0.4,5
2026-01-06,2025-26,West Ham United,Nottingham Forest,1,2,A,1471.3,1521.1,-49.8,18,17,-1,20,20,2,3,0,5,0.2,0.8,2.4,0.0,5,0.6,1.0,1.6,0.2,5,0.7,1.1,2.0,0.0,10,1.2,1.2,1.4,0.3,10,0.8,1.4,2.0,0.0,5,1.2,1.0,1.4,0.4,5
2026-01-07,2025-26,Bournemouth,Tottenham,3,2,H,1548.4,1532.3,16.1,15,13,-2,20,20,2,2,1,5,0.6,2.0,2.8,0.0,5,1.0,0.6,1.2,0.4,5,0.5,1.4,2.4,0.1,10,1.0,1.1,1.6,0.3,10,0.6,1.0,1.4,0.2,5,1.0,0.8,1.8,0.4,5
2026-01-07,2025-26,Brentford,Sunderland,3,0,H,1587.2,1481.4,105.9,7,8,1,20,20,0,1,0,1,2.2,2.2,0.8,0.4,5,1.4,0.6,0.4,0.6,5,1.7,1.8,1.2,0.2,10,1.2,0.9,1.1,0.3,10,2.2,2.2,0.8,0.2,5,0.6,0.4,1.2,0.2,5
2026-01-07,2025-26,Crystal Palace,Aston Villa,0,0,D,1582.0,1712.0,-130.1,14,3,-11,20,20,3,1,1,5,0.2,0.4,2.2,0.0,5,2.4,2.2,1.8,0.0,5,1.1,0.8,1.4,0.3,10,2.7,2.4,1.4,0.2,10,0.4,0.4,1.4,0.2,5,2.4,2.4,2.2,0.0,5
2026-01-07,2025-26,Everton,Wolverhampton Wanderers,1,1,D,1570.9,1418.1,152.8,13,20,7,20,20,2,2,1,5,0.8,0.8,1.4,0.4,5,0.8,1.2,1.4,0.2,5,1.6,1.2,1.1,0.6,10,0.4,0.7,1.8,0.1,10,1.2,1.6,1.8,0.4,5,0.2,0.6,1.8,0.0,5
2026-01-07,2025-26,Fulham,Chelsea,2,1,H,1569.3,1653.1,-83.8,12,6,-6,20,20,1,4,0,5,2.2,1.6,1.0,0.4,5,1.2,1.6,1.4,0.2,5,1.7,1.6,1.5,0.3,10,1.4,1.5,1.1,0.4,10,1.4,1.8,1.8,0.4,5,1.2,1.2,1.2,0.4,5
2026-01-07,2025-26,Manchester City,Brighton and Hove Albion,1,1,D,1769.2,1606.1,163.1,3,12,9,20,20,2,2,1,5,2.2,1.8,0.4,0.6,5,1.0,1.0,1.2,0.4,5,2.3,2.4,1.0,0.5,10,1.3,1.3,1.2,0.4,10,2.6,2.6,0.6,0.6,5,1.0,1.0,1.2,0.4,5
2026-01-07,2025-26,Burnley,Manchester United,2,2,D,1384.6,1579.2,-194.6,19,7,-12,20,20,0,3,2,5,0.4,0.8,1.8,0.2,5,1.2,1.6,1.6,0.2,5,0.2,0.8,2.0,0.1,10,1.4,1.7,1.4,0.1,10,0.2,0.6,1.8,0.2,5,1.6,2.0,1.4,0.0,5
2026-01-07,2025-26,Newcastle United,Leeds United,4,3,H,1623.8,1478.7,145.1,10,16,6,20,20,1,0,4,5,1.4,1.4,1.0,0.2,5,1.4,1.4,0.8,0.2,5,1.7,1.8,1.3,0.1,10,1.1,1.7,1.6,0.1,10,2.2,2.0,1.2,0.2,5,0.6,1.0,1.6,0.2,5
2026-01-08,2025-26,Arsenal,Liverpool,0,0,D,1796.0,1722.2,73.9,1,4,3,20,20,1,1,3,5,3.0,2.4,1.0,0.2,5,2.2,1.6,0.8,0.4,5,2.3,2.2,1.1,0.2,10,1.6,1.4,1.4,0.3,10,3.0,2.8,0.8,0.2,5,1.6,1.8,1.8,0.2,5
2026-01-17,2025-26,Nottingham Forest,Arsenal,0,0,D,1532.5,1791.4,-258.8,17,1,-16,21,21,0,4,1,5,0.6,0.8,1.8,0.0,5,2.6,2.0,0.8,0.4,5,1.2,1.1,1.4,0.3,10,2.3,2.0,0.9,0.3,10,1.2,1.4,1.4,0.2,5,1.6,1.6,1.4,0.2,5
2026-01-17,2025-26,Tottenham,West Ham United,1,2,A,1525.5,1459.9,65.6,14,18,4,21,21,2,1,2,5,1.0,1.0,1.2,0.4,5,0.2,0.6,2.2,0.0,5,0.9,1.1,1.7,0.3,10,0.4,0.9,2.0,0.0,10,1.0,1.4,1.4,0.2,5,0.6,0.8,2.0,0.0,5
2026-01-17,2025-26,Sunderland,Crystal Palace,2,1,H,1476.7,1582.8,-106.1,10,13,3,21,21,1,1,1,3,0.8,0.4,1.0,0.4,5,0.4,0.4,1.6,0.2,5,1.1,0.7,1.2,0.3,10,1.1,0.8,1.4,0.3,10,1.8,1.4,1.0,0.4,5,1.8,1.2,1.4,0.4,5
2026-01-17,2025-26,Liverpool,Burnley,1,1,D,1726.8,1387.3,339.5,4,19,15,21,21,5,0,0,5,1.8,1.2,0.8,0.4,5,0.6,0.8,1.6,0.2,5,1.7,1.4,1.1,0.4,10,0.3,0.8,1.9,0.1,10,1.6,1.0,1.0,0.4,5,0.2,1.0,2.2,0.0,5
2026-01-17,2025-26,Chelsea,Brentford,2,0,H,1643.6,1591.9,51.6,9,5,-4,21,21,1,1,3,5,0.6,1.4,1.8,0.0,5,2.6,2.6,0.6,0.6,5,1.1,1.3,1.3,0.3,10,1.7,1.8,1.1,0.3,10,1.6,1.8,1.0,0.4,5,1.2,1.4,1.6,0.2,5
2026-01-17,2025-26,Manchester United,Manchester City,2,0,H,1576.6,1762.8,-186.3,9,2,-7,21,21,1,3,1,5,1.2,1.2,1.2,0.2,5,1.8,1.4,0.6,0.4,5,1.4,1.7,1.4,0.1,10,2.1,2.2,1.1,0.4,10,1.2,1.4,1.4,0.2,5,2.0,2.2,1.4,0.4,5
2026-01-17,2025-26,Leeds United,Fulham,1,0,H,1474.8,1578.9,-104.1,16,10,-6,21,21,2,3,0,5,1.2,1.8,1.4,0.2,5,2.2,1.4,0.8,0.4,5,1.1,1.9,1.7,0.1,10,2.0,1.8,1.4,0.3,10,1.6,2.4,1.6,0.0,5,2.0,1.4,1.2,0.2,5
2026-01-18,2025-26,Wolverhampton Wanderers,Newcastle United,0,0,D,1424.3,1627.7,-203.4,20,9,-11,21,21,0,4,1,5,1.0,1.2,1.2,0.2,5,2.0,2.2,1.4,0.2,5,0.5,0.8,1.6,0.1,10,2.0,2.1,1.3,0.1,10,0.6,0.8,1.8,0.2,5,1.2,1.6,1.4,0.0,5
2026-01-18,2025-26,Aston Villa,Everton,0,1,A,1711.2,1564.7,146.5,3,12,9,21,21,3,0,2,5,2.0,1.6,1.4,0.2,5,1.0,1.0,1.2,0.4,5,2.5,2.0,1.4,0.2,10,1.4,1.1,1.2,0.5,10,3.0,2.4,0.6,0.4,5,2.0,0.8,0.4,0.8,5
2026-01-19,2025-26,Brighton and Hove Albion,Bournemouth,1,1,D,1612.5,1555.1,57.4,12,15,3,21,21,3,2,0,5,1.2,1.2,1.0,0.4,5,1.0,1.8,2.4,0.0,5,1.3,1.4,1.3,0.3,10,0.8,1.7,2.2,0.1,10,1.6,1.6,1.2,0.4,5,0.4,1.8,3.4,0.0,5
2026-01-24,2025-26,West Ham United,Sunderland,3,1,H,1474.3,1486.9,-12.5,18,9,-9,22,22,1,1,1,3,0.8,1.0,1.8,0.0,5,1.2,0.8,1.2,0.2,5,0.6,0.9,1.9,0.0,10,1.4,0.9,1.2,0.3,10,0.2,1.0,2.0,0.0,5,0.6,0.4,1.6,0.2,5
2026-01-24,2025-26,Burnley,Tottenham,2,2,D,1395.8,1511.1,-115.3,19,14,-5,22,22,1,4,0,5,0.6,0.8,1.6,0.2,5,1.0,1.0,1.2,0.4,5,0.4,0.9,1.8,0.1,10,0.9,1.1,1.5,0.3,10,0.4,1.0,1.8,0.2,5,1.0,1.0,1.6,0.4,5
2026-01-24,2025-26,Fulham,Brighton and Hove Albion,2,1,H,1568.7,1608.3,-39.5,11,12,1,22,22,2,1,2,5,1.6,1.2,1.0,0.2,5,1.2,1.4,1.2,0.2,5,1.7,1.7,1.5,0.2,10,1.1,1.3,1.3,0.3,10,1.4,2.0,2.0,0.2,5,1.0,1.2,1.4,0.2,5
2026-01-24,2025-26,Manchester City,Wolverhampton Wanderers,2,0,H,1750.4,1427.2,323.2,2,20,18,22,22,4,1,0,5,1.2,0.8,1.0,0.2,5,1.2,1.2,0.8,0.4,5,2.1,2.1,1.1,0.4,10,0.6,0.8,1.4,0.2,10,2.2,2.2,0.8,0.4,5,0.4,0.8,1.4,0.0,5
2026-01-24,2025-26,Bournemouth,Liverpool,3,2,H,1559.4,1718.3,-158.9,15,4,-11,22,22,0,5,0,5,1.0,1.8,2.4,0.0,5,1.4,1.0,0.8,0.4,5,0.8,1.6,2.1,0.1,10,1.8,1.5,0.9,0.4,10,1.0,1.2,1.4,0.2,5,1.8,1.8,1.2,0.4,5
2026-01-25,2025-26,Newcastle United,Aston Villa,0,2,A,1624.8,1695.1,-70.2,9,3,-6,22,22,3,1,1,5,2.0,1.8,1.0,0.4,5,1.4,1.2,1.4,0.2,5,1.8,1.9,1.2,0.2,10,2.2,1.8,1.4,0.2,10,2.2,2.4,1.6,0.2,5,2.0,2.0,2.0,0.2,5
2026-01-25,2025-26,Arsenal,Manchester United,2,3,A,1787.1,1589.0,198.1,1,5,4,22,22,4,0,1,5,2.2,1.8,0.8,0.4,5,1.8,1.4,0.8,0.4,5,2.1,1.6,0.8,0.4,10,1.7,1.9,1.3,0.2,10,2.6,2.0,0.6,0.4,5,1.6,2.0,1.4,0.0,5
2026-01-25,2025-26,Crystal Palace,Chelsea,1,3,A,1572.7,1649.4,-76.8,15,6,-9,22,22,0,2,3,5,0.4,0.4,1.2,0.2,5,1.0,1.4,1.4,0.2,5,0.8,0.7,1.6,0.2,10,1.1,1.3,1.3,0.3,10,0.4,0.4,1.4,0.2,5,0.6,1.0,1.6,0.2,5
2026-01-25,2025-26,Brentford,Nottingham Forest,0,2,A,1586.0,1536.8,49.2,8,17,9,22,22,2,2,1,5,2.0,2.2,1.0,0.4,5,0.8,0.8,1.6,0.2,5,1.7,1.7,1.1,0.3,10,1.0,0.8,1.4,0.3,10,2.2,2.2,0.6,0.4,5,1.2,0.8,1.6,0.2,5
2026-01-26,2025-26,Everton,Leeds United,1,1,D,1580.8,1484.9,95.9,11,16,5,22,22,2,1,2,5,1.6,1.2,1.0,0.6,5,1.2,1.2,1.2,0.4,5,1.4,1.1,1.2,0.5,10,1.4,1.9,1.5,0.2,10,0.8,1.4,2.0,0.2,5,0.6,1.4,1.8,0.2,5
2026-01-31,2025-26,Brighton and Hove Albion,Everton,1,1,D,1600.0,1575.7,24.3,12,10,-2,23,23,1,2,2,5,1.2,1.4,1.2,0.2,5,1.6,1.4,1.2,0.4,5,0.8,1.2,1.5,0.2,10,1.5,1.1,0.9,0.5,10,1.2,1.4,1.2,0.4,5,2.0,0.8,0.4,0.8,5
2026-01-31,2025-26,Leeds United,Arsenal,0,4,A,1490.0,1770.2,-280.1,16,1,-15,23,23,0,5,0,5,1.2,1.2,1.2,0.4,5,1.6,1.8,1.2,0.4,5,1.5,1.8,1.3,0.2,10,2.0,1.7,1.0,0.4,10,2.2,2.4,1.2,0.2,5,1.6,1.2,1.0,0.4,5
2026-01-31,2025-26,Wolverhampton Wanderers,Bournemouth,0,2,A,1425.6,1571.1,-145.5,20,13,-7,23,23,2,3,0,5,1.2,1.0,0.8,0.4,5,1.6,2.2,2.0,0.0,5,0.6,0.8,1.5,0.2,10,1.1,1.7,2.0,0.1,10,0.8,0.8,1.4,0.4,5,0.6,2.0,2.8,0.0,5
2026-01-31,2025-26,Chelsea,West Ham United,3,2,H,1660.1,1481.9,178.2,5,18,13,23,23,4,1,0,5,1.6,1.8,1.2,0.2,5,1.4,1.6,1.8,0.0,5,1.3,1.5,1.3,0.3,10,0.9,1.2,1.8,0.0,10,1.6,1.6,1.0,0.4,5,1.0,0.8,1.8,0.0,5
2026-01-31,2025-26,Liverpool,Newcastle United,4,1,H,1706.6,1614.0,92.6,6,10,4,23,23,4,0,1,5,0.8,1.0,1.2,0.4,5,2.0,1.8,1.2,0.4,5,1.5,1.5,1.2,0.3,10,1.5,1.5,1.3,0.2,10,1.8,1.2,0.6,0.4,5,1.4,1.4,0.8,0.2,5
2026-02-01,2025-26,Aston Villa,Brentford,0,1,A,1705.9,1572.0,133.9,3,9,6,23,23,3,1,1,5,1.4,1.2,1.2,0.4,5,1.4,1.4,1.2,0.4,5,2.2,1.9,1.4,0.2,10,1.4,1.4,1.2,0.3,10,2.4,1.6,0.8,0.2,5,1.2,1.2,1.6,0.2,5
2026-02-01,2025-26,Manchester United,Fulham,3,2,H,1605.9,1577.0,28.9,6,8,2,23,23,3,1,1,5,1.8,1.8,1.2,0.2,5,1.6,1.4,1.2,0.0,5,1.7,2.0,1.4,0.2,10,1.7,1.7,1.5,0.2,10,1.8,1.8,1.2,0.4,5,2.0,1.4,1.0,0.2,5
2026-02-01,2025-26,Nottingham Forest,Crystal Palace,1,1,D,1550.9,1562.0,-11.1,17,15,-2,23,23,1,0,4,5,1.4,1.0,1.2,0.4,5,0.4,0.6,1.6,0.2,5,1.3,1.0,1.2,0.4,10,0.8,0.7,1.7,0.2,10,0.8,0.8,1.2,0.4,5,1.2,1.0,1.8,0.2,5
2026-02-01,2025-26,Tottenham,Manchester City,2,2,D,1510.6,1752.0,-241.4,15,2,-13,23,23,2,2,1,5,0.6,1.2,1.6,0.2,5,1.2,0.8,0.8,0.4,5,1.0,1.2,1.5,0.3,10,2.1,2.0,0.9,0.5,10,0.8,1.2,1.4,0.2,5,2.0,2.0,1.4,0.4,5
2026-02-02,2025-26,Sunderland,Burnley,3,0,H,1479.3,1396.2,83.1,11,19,8,23,23,0,2,1,3,1.0,0.8,1.6,0.2,5,0.6,1.2,2.0,0.0,5,1.1,0.7,1.3,0.3,10,0.5,1.0,1.7,0.1,10,2.2,1.4,0.8,0.4,5,0.4,0.8,1.8,0.0,5
2026-02-06,2025-26,Leeds United,Nottingham Forest,3,1,H,1484.8,1548.4,-63.6,16,17,1,24,24,1,2,0,3,1.0,1.2,2.0,0.2,5,1.6,1.2,1.0,0.4,5,1.2,1.5,1.6,0.2,10,1.1,1.0,1.3,0.3,10,1.6,1.8,1.8,0.2,5,1.2,1.0,1.6,0.2,5
2026-02-07,2025-26,Newcastle United,Brentford,2,3,A,1609.0,1587.9,21.2,11,7,-4,24,24,3,2,0,5,1.4,1.4,1.8,0.4,5,1.8,1.6,1.2,0.4,5,1.4,1.4,1.5,0.2,10,1.7,1.5,1.0,0.4,10,2.0,2.0,1.6,0.2,5,1.8,1.4,1.2,0.4,5
2026-02-07,2025-26,Wolverhampton Wanderers,Chelsea,1,3,A,1416.9,1663.5,-246.6,20,5,-15,24,24,2,3,0,5,1.0,0.8,1.0,0.4,5,2.0,2.0,1.2,0.2,5,0.6,0.8,1.6,0.2,10,1.6,1.7,1.2,0.3,10,0.8,0.8,1.6,0.4,5,1.2,1.4,1.2,0.2,5
2026-02-07,2025-26,Fulham,Everton,1,2,A,1570.6,1579.1,-8.6,9,10,1,24,24,1,2,2,5,1.4,1.6,1.6,0.0,5,1.2,1.2,1.4,0.2,5,1.7,1.5,1.3,0.2,10,1.3,1.1,1.0,0.4,10,2.0,1.6,1.2,0.2,5,1.6,0.8,0.6,0.6,5
2026-02-07,2025-26,Manchester United,Tottenham,2,0,H,1612.4,1514.5,97.9,5,14,9,24,24,0,3,2,5,2.2,2.2,1.4,0.2,5,0.6,1.6,2.0,0.0,5,1.9,2.2,1.5,0.2,10,1.0,1.2,1.5,0.3,10,2.2,2.2,1.4,0.4,5,1.0,1.0,1.6,0.4,5
2026-02-07,2025-26,Bournemouth,Aston Villa,1,1,D,1579.8,1690.1,-110.3,12,3,-9,24,24,0,3,2,5,2.0,2.2,1.6,0.2,5,1.4,1.0,0.6,0.4,5,1.4,1.9,1.9,0.2,10,1.9,1.5,1.2,0.2,10,1.6,1.8,1.6,0.2,5,2.0,1.6,1.4,0.4,5
2026-02-07,2025-26,Arsenal,Sunderland,3,0,H,1775.4,1484.5,290.9,1,9,8,24,24,2,0,1,3,1.6,1.8,1.0,0.6,5,1.4,1.4,1.6,0.2,5,2.0,1.9,1.0,0.4,10,1.3,0.9,1.2,0.4,10,2.0,2.0,1.2,0.2,5,0.4,0.4,2.0,0.2,5
2026-02-07,2025-26,Burnley,West Ham United,0,2,A,1391.1,1478.5,-87.5,19,18,-1,24,24,0,2,3,5,0.6,1.0,2.0,0.0,5,1.2,1.6,2.0,0.0,5,0.5,1.0,1.9,0.1,10,0.8,1.3,2.0,0.0,10,0.6,1.4,2.0,0.2,5,0.8,1.0,2.2,0.0,5
2026-02-08,2025-26,Brighton and Hove Albion,Crystal Palace,0,1,A,1596.6,1564.5,32.1,13,15,2,24,24,1,2,2,5,1.2,1.2,1.0,0.2,5,0.4,0.6,1.6,0.2,5,0.9,1.0,1.2,0.2,10,0.6,0.7,1.8,0.1,10,1.4,1.0,0.6,0.4,5,0.8,1.0,2.0,0.0,5
2026-02-08,2025-26,Liverpool,Manchester City,1,2,A,1711.6,1748.1,-36.6,6,2,-4,24,24,2,1,2,5,1.2,1.8,1.4,0.2,5,1.2,1.2,1.2,0.2,5,1.7,1.8,1.2,0.3,10,1.9,1.7,0.7,0.5,10,2.2,1.8,0.6,0.4,5,1.6,1.4,1.0,0.4,5
2026-02-10,2025-26,Tottenham,Newcastle United,1,2,A,1509.6,1595.7,-86.0,15,12,-3,25,25,1,3,1,5,0.4,1.4,2.2,0.0,5,0.8,1.4,2.4,0.2,5,0.7,1.0,1.7,0.2,10,1.1,1.4,1.7,0.2,10,1.0,1.4,1.4,0.2,5,0.8,0.8,1.4,0.2,5
2026-02-10,2025-26,Chelsea,Leeds United,2,2,D,1669.5,1493.7,175.7,5,16,11,25,25,3,2,0,5,2.4,2.4,1.2,0.2,5,1.4,1.6,2.0,0.2,5,1.8,2.0,1.3,0.2,10,1.4,1.5,1.4,0.2,10,2.0,2.0,1.2,0.4,5,0.8,1.2,1.4,0.2,5
2026-02-10,2025-26,Everton,Bournemouth,1,2,A,1591.7,1580.0,11.7,8,12,4,25,25,2,3,0,5,1.8,1.2,0.8,0.2,5,2.2,2.0,1.2,0.2,5,1.3,1.0,1.1,0.3,10,1.4,2.0,2.0,0.1,10,1.0,1.4,1.4,0.2,5,1.2,2.0,2.2,0.2,5
2026-02-10,2025-26,West Ham United,Manchester United,1,1,D,1488.9,1617.2,-128.4,18,5,-13,25,25,3,1,1,5,1.8,2.0,1.4,0.2,5,2.6,2.4,1.2,0.4,5,1.0,1.4,1.9,0.1,10,1.9,2.0,1.4,0.3,10,0.8,1.6,1.8,0.0,5,1.6,2.2,1.6,0.0,5
2026-02-11,2025-26,Sunderland,Liverpool,0,1,A,1482.6,1699.7,-217.2,11,6,-5,25,25,0,1,2,3,1.2,1.2,2.0,0.2,5,1.0,1.6,1.4,0.2,5,1.3,0.9,1.2,0.4,10,1.6,1.6,1.1,0.3,10,2.2,1.4,0.4,0.6,5,1.2,1.8,1.8,0.2,5
2026-02-11,2025-26,Nottingham Forest,Wolverhampton Wanderers,0,0,D,1539.4,1410.9,128.5,17,20,3,25,25,2,0,3,5,1.6,1.2,1.0,0.4,5,0.4,0.4,1.6,0.2,5,1.1,1.1,1.3,0.3,10,0.6,0.8,1.5,0.2,10,1.0,1.0,1.0,0.4,5,0.4,0.8,1.6,0.0,5
2026-02-11,2025-26,Aston Villa,Brighton and Hove Albion,1,0,H,1689.8,1582.9,106.8,3,14,11,25,25,3,1,1,5,1.0,0.6,0.6,0.4,5,0.6,0.8,1.2,0.0,5,1.7,1.4,1.2,0.2,10,0.8,0.9,1.2,0.2,10,1.8,1.4,1.0,0.0,5,0.4,1.0,1.8,0.0,5
2026-02-11,2025-26,Crystal Palace,Burnley,2,3,A,1578.1,1380.7,197.4,13,19,6,25,25,3,0,2,5,1.0,0.8,1.2,0.4,5,0.6,1.0,2.0,0.0,5,0.6,0.6,1.7,0.2,10,0.5,0.9,1.9,0.1,10,0.4,0.4,1.6,0.2,5,0.4,0.6,1.8,0.0,5
2026-02-11,2025-26,Manchester City,Fulham,3,0,H,1759.9,1558.0,201.9,2,12,10,25,25,5,0,0,5,1.6,1.4,1.2,0.2,5,1.2,1.4,1.6,0.0,5,1.9,1.6,0.8,0.4,10,1.7,1.5,1.3,0.2,10,2.2,2.0,0.4,0.6,5,1.4,1.4,1.4,0.2,5
2026-02-12,2025-26,Brentford,Arsenal,1,1,D,1601.2,1777.3,-176.1,7,1,-6,25,25,0,4,1,5,1.8,1.4,1.2,0.4,5,1.6,1.8,0.6,0.8,5,2.0,1.8,1.0,0.4,10,2.3,2.1,0.8,0.5,10,1.6,1.6,0.8,0.4,5,2.0,1.8,0.8,0.6,5
2026-02-18,2025-26,Wolverhampton Wanderers,Arsenal,2,2,D,1416.6,1775.2,-358.5,20,1,-19,26,26,0,5,0,5,0.4,0.2,1.4,0.4,5,1.6,2.0,0.8,0.6,5,0.7,0.7,1.3,0.3,10,2.1,2.0,0.8,0.5,10,0.8,0.8,1.4,0.4,5,2.2,1.8,0.6,0.6,5
2026-02-21,2025-26,Aston Villa,Leeds United,1,1,D,1694.4,1500.3,194.1,3,15,12,26,26,3,0,2,5,1.4,0.8,0.6,0.4,5,1.6,1.4,1.6,0.2,5,1.7,1.2,1.0,0.3,10,1.4,1.6,1.5,0.2,10,1.8,1.2,0.8,0.2,5,0.8,1.4,1.6,0.2,5
2026-02-21,2025-26,Brentford,Brighton and Hove Albion,0,2,A,1603.4,1578.3,25.1,7,14,7,26,26,1,2,2,5,1.4,1.0,1.4,0.2,5,0.4,0.6,1.2,0.0,5,2.0,1.8,1.0,0.4,10,0.8,0.9,1.1,0.2,10,1.6,1.6,0.8,0.4,5,0.4,1.0,1.6,0.0,5
2026-02-21,2025-26,Chelsea,Burnley,1,1,D,1662.9,1397.6,265.2,5,19,14,26,26,3,0,2,5,2.6,2.6,1.2,0.2,5,1.0,1.2,2.0,0.0,5,1.6,2.0,1.5,0.1,10,0.8,1.0,1.8,0.1,10,1.6,2.0,1.6,0.2,5,1.0,1.0,1.8,0.0,5
2026-02-21,2025-26,West Ham United,Bournemouth,0,0,D,1489.7,1593.2,-103.5,18,9,-9,26,26,0,0,5,5,2.0,2.0,1.2,0.2,5,2.2,1.8,1.0,0.2,5,1.1,1.3,1.7,0.1,10,1.6,1.8,1.7,0.1,10,1.0,1.4,1.4,0.0,5,1.6,1.6,1.6,0.2,5
2026-02-21,2025-26,Manchester City,Newcastle United,2,1,H,1762.9,1606.1,156.9,2,10,8,26,26,3,1,1,5,2.0,1.8,1.0,0.4,5,0.8,1.0,2.0,0.2,5,1.9,1.6,0.8,0.4,10,1.4,1.6,1.7,0.2,10,2.2,2.0,0.4,0.6,5,1.4,1.2,1.4,0.2,5
2026-02-22,2025-26,Crystal Palace,Wolverhampton Wanderers,1,0,H,1561.2,1423.0,138.2,14,20,6,26,27,4,0,1,5,0.8,1.2,1.8,0.2,5,0.4,0.6,1.8,0.2,5,0.6,0.8,1.7,0.2,10,0.8,0.9,1.3,0.3,10,0.4,0.8,1.6,0.2,5,0.6,0.6,1.2,0.2,5
2026-02-22,2025-26,Nottingham Forest,Liverpool,0,1,A,1533.6,1706.5,-172.9,17,6,-11,26,26,2,2,1,5,1.2,0.8,0.8,0.6,5,1.4,1.8,1.4,0.2,5,0.9,0.8,1.3,0.3,10,1.6,1.5,1.1,0.3,10,0.6,0.4,1.0,0.4,5,1.6,1.4,1.2,0.4,5
2026-02-22,2025-26,Sunderland,Fulham,1,3,A,1475.8,1555.0,-79.2,11,14,3,26,26,0,1,0,1,1.2,1.2,1.6,0.2,5,0.6,1.0,2.0,0.0,5,1.0,0.8,1.3,0.3,10,1.4,1.2,1.4,0.2,10,1.6,1.2,0.6,0.4,5,0.8,0.8,1.6,0.2,5
2026-02-22,2025-26,Tottenham,Arsenal,1,4,A,1499.2,1768.8,-269.6,16,1,-15,26,27,0,4,1,5,0.4,1.2,2.0,0.0,5,1.6,2.4,1.2,0.4,5,0.7,1.1,1.6,0.2,10,1.9,2.1,1.0,0.4,10,0.4,1.2,1.8,0.0,5,1.8,2.0,1.0,0.4,5
2026-02-23,2025-26,Everton,Manchester United,0,1,A,1578.6,1616.4,-37.8,9,5,-4,26,26,1,3,1,5,1.6,1.2,1.0,0.2,5,2.6,2.2,1.0,0.4,5,1.3,1.1,1.1,0.3,10,1.9,1.7,1.1,0.3,10,0.4,1.0,1.8,0.0,5,1.2,1.6,1.6,0.0,5
2026-02-27,2025-26,Wolverhampton Wanderers,Aston Villa,2,0,H,1418.9,1687.5,-268.6,20,3,-17,28,27,1,3,1,5,0.4,0.6,1.6,0.2,5,1.6,1.0,0.6,0.4,5,0.8,0.8,1.2,0.3,10,1.5,1.1,1.0,0.3,10,1.0,1.2,1.4,0.4,5,1.6,1.2,1.2,0.4,5
2026-02-28,2025-26,Leeds United,Manchester City,0,1,A,1507.2,1766.6,-259.4,15,2,-13,27,27,0,5,0,5,1.2,1.4,1.8,0.0,5,2.6,2.2,0.8,0.4,5,1.2,1.3,1.5,0.2,10,1.9,1.5,0.9,0.3,10,2.0,1.8,1.4,0.2,5,1.6,1.2,1.2,0.2,5
2026-02-28,2025-26,Newcastle United,Everton,2,3,A,1602.4,1566.8,35.5,11,9,-2,27,27,1,2,2,5,0.6,1.2,2.4,0.0,5,1.0,1.0,1.2,0.0,5,1.3,1.5,1.7,0.2,10,1.3,1.1,1.1,0.3,10,1.4,2.0,2.0,0.2,5,2.2,1.2,0.4,0.6,5
2026-02-28,2025-26,Bournemouth,Sunderland,1,1,D,1593.1,1465.2,127.8,9,12,3,27,27,1,2,0,3,2.2,1.6,0.8,0.4,5,0.6,1.0,2.0,0.2,5,1.6,1.7,1.6,0.2,10,0.9,0.9,1.6,0.2,10,1.6,2.0,1.8,0.0,5,0.4,0.4,2.0,0.2,5
2026-02-28,2025-26,Burnley,Brentford,3,4,A,1405.5,1589.9,-184.4,19,7,-12,27,27,2,3,0,5,1.0,1.2,2.0,0.0,5,1.4,1.0,1.4,0.2,5,0.8,1.0,1.8,0.1,10,1.7,1.6,1.2,0.3,10,0.6,1.0,1.8,0.2,5,2.4,2.0,1.2,0.4,5
2026-02-28,2025-26,Liverpool,West Ham United,5,2,H,1714.4,1489.8,224.6,6,18,12,27,27,4,0,1,5,1.8,1.8,1.2,0.4,5,1.6,1.6,1.0,0.4,5,1.6,1.4,1.0,0.4,10,1.2,1.3,1.4,0.2,10,1.6,1.6,1.0,0.2,5,1.2,1.2,2.0,0.2,5
2026-03-01,2025-26,Brighton and Hove Albion,Nottingham Forest,2,1,H,1591.7,1525.7,66.0,14,17,3,27,27,3,1,1,5,0.8,0.8,1.0,0.2,5,1.0,0.8,1.0,0.4,5,1.0,1.1,1.1,0.2,10,0.9,0.8,1.3,0.3,10,1.2,0.8,0.6,0.4,5,1.2,1.2,1.6,0.2,5
2026-03-01,2025-26,Fulham,Tottenham,2,1,H,1565.6,1493.8,71.8,11,16,5,27,27,3,1,1,5,1.2,1.6,2.0,0.0,5,0.4,1.2,2.4,0.0,5,1.4,1.4,1.5,0.1,10,0.7,1.1,1.8,0.2,10,2.0,1.6,1.2,0.2,5,1.0,1.0,1.4,0.4,5
2026-03-01,2025-26,Manchester United,Crystal Palace,2,1,H,1628.2,1565.2,63.0,4,14,10,27,27,1,3,1,5,2.6,2.0,1.0,0.4,5,1.4,1.2,1.4,0.4,5,2.2,1.7,0.9,0.4,10,0.9,0.8,1.3,0.3,10,2.6,1.8,0.6,0.6,5,0.8,0.8,1.8,0.2,5
2026-03-01,2025-26,Arsenal,Chelsea,2,1,H,1774.3,1655.1,119.3,1,6,5,28,27,2,0,3,5,2.2,2.8,0.8,0.4,5,2.2,2.4,1.4,0.0,5,1.9,2.3,1.0,0.4,10,1.6,1.9,1.4,0.1,10,2.0,2.2,1.0,0.4,5,1.6,2.0,1.4,0.0,5
2026-03-03,2025-26,Bournemouth,Brentford,0,0,D,1587.3,1597.5,-10.2,10,7,-3,28,28,0,4,1,5,1.8,1.2,0.6,0.4,5,2.0,1.8,1.6,0.2,5,1.7,1.7,1.3,0.2,10,1.7,1.6,1.4,0.3,10,1.6,2.0,1.8,0.0,5,2.4,2.4,1.8,0.2,5
2026-03-03,2025-26,Everton,Burnley,2,0,H,1580.5,1397.9,182.7,8,19,11,28,28,3,1,1,5,1.4,1.4,1.4,0.0,5,0.8,1.4,2.4,0.0,5,1.5,1.4,1.3,0.2,10,0.7,1.3,2.2,0.0,10,0.4,1.0,1.8,0.0,5,1.0,1.0,1.8,0.0,5
2026-03-03,2025-26,Leeds United,Sunderland,0,1,A,1501.5,1471.0,30.5,15,12,-3,28,28,0,0,1,1,1.0,1.2,1.8,0.0,5,0.8,1.0,1.6,0.2,5,1.1,1.2,1.5,0.2,10,0.9,0.9,1.6,0.2,10,1.4,1.0,1.4,0.2,5,0.4,0.6,2.2,0.0,5
2026-03-03,2025-26,Wolverhampton Wanderers,Liverpool,2,1,H,1433.4,1717.1,-283.7,20,5,-15,29,28,0,5,0,5,1.0,1.0,1.2,0.4,5,2.4,2.4,1.0,0.4,5,1.0,0.9,1.1,0.4,10,1.6,1.7,1.1,0.4,10,1.0,1.0,1.4,0.4,5,1.6,1.2,1.0,0.6,5
2026-03-04,2025-26,Newcastle United,Manchester United,2,1,H,1588.7,1633.8,-45.2,13,3,-10,28,28,3,2,0,5,0.6,1.6,2.6,0.0,5,2.6,1.8,0.8,0.4,5,1.3,1.7,1.9,0.2,10,2.2,1.8,1.0,0.3,10,1.2,2.0,2.2,0.2,5,1.8,1.6,1.2,0.2,5
2026-03-04,2025-26,Manchester City,Nottingham Forest,2,2,D,1772.4,1520.2,252.2,2,17,15,28,28,4,1,0,5,2.6,2.0,0.8,0.4,5,0.4,0.6,1.4,0.2,5,1.9,1.4,0.8,0.4,10,0.9,0.8,1.3,0.3,10,2.2,1.8,0.6,0.4,5,1.2,1.4,1.8,0.2,5
2026-03-04,2025-26,Fulham,West Ham United,0,1,A,1571.0,1487.1,83.9,10,18,8,28,28,3,1,1,5,1.2,1.6,2.0,0.0,5,1.0,1.4,1.8,0.4,5,1.4,1.5,1.6,0.0,10,1.2,1.5,1.8,0.2,10,2.0,1.8,1.4,0.0,5,1.2,1.6,2.4,0.2,5
2026-03-04,2025-26,Brighton and Hove Albion,Arsenal,0,1,A,1597.3,1778.7,-181.4,13,1,-12,28,29,0,3,2,5,1.4,1.0,0.8,0.2,5,2.2,2.4,1.0,0.2,5,1.3,1.2,1.0,0.2,10,1.9,2.1,1.0,0.4,10,1.6,1.2,0.8,0.2,5,1.8,2.2,0.8,0.4,5
2026-03-04,2025-26,Aston Villa,Chelsea,1,4,A,1673.0,1650.6,22.4,4,6,2,28,28,3,1,1,5,1.0,0.6,1.0,0.2,5,1.6,2.0,1.6,0.0,5,1.2,0.9,1.1,0.3,10,1.6,1.9,1.4,0.1,10,1.4,1.0,0.8,0.2,5,1.4,1.8,1.4,0.0,5
2026-03-05,2025-26,Tottenham,Crystal Palace,1,3,A,1488.3,1559.6,-71.3,16,14,-2,28,28,3,2,0,5,0.2,1.0,2.4,0.0,5,1.4,1.2,1.2,0.4,5,0.4,1.1,2.0,0.1,10,0.9,0.9,1.4,0.3,10,0.4,1.2,2.2,0.0,5,0.8,0.8,1.4,0.2,5
2026-03-14,2025-26,Burnley,Bournemouth,0,0,D,1394.6,1584.8,-190.2,19,9,-10,29,29,2,2,1,5,0.8,1.4,2.2,0.0,5,1.4,0.8,0.6,0.4,5,0.7,1.2,2.1,0.0,10,1.7,1.5,1.1,0.3,10,0.4,1.6,2.6,0.0,5,1.8,1.4,0.8,0.4,5
2026-03-14,2025-26,Sunderland,Brighton and Hove Albion,0,1,A,1484.6,1589.6,-105.0,11,14,3,29,29,0,0,1,1,0.8,0.6,1.6,0.2,5,1.2,0.8,0.8,0.2,5,1.1,1.0,1.6,0.2,10,1.2,1.0,0.9,0.2,10,1.4,1.2,1.0,0.4,5,1.0,1.2,1.2,0.2,5
2026-03-14,2025-26,Arsenal,Everton,2,0,H,1786.4,1583.8,202.6,1,8,7,30,29,3,0,2,5,2.2,2.0,1.0,0.2,5,1.8,1.6,1.2,0.2,5,1.9,1.9,0.8,0.5,10,1.5,1.4,1.3,0.2,10,2.0,2.2,1.0,0.4,5,2.6,1.8,0.8,0.4,5
2026-03-14,2025-26,Chelsea,Newcastle United,0,1,A,1664.0,1597.1,66.9,5,13,8,29,29,2,2,1,5,1.6,2.2,1.4,0.0,5,1.2,1.8,2.0,0.0,5,1.8,2.1,1.3,0.1,10,1.3,1.6,1.9,0.2,10,1.8,2.0,1.4,0.2,5,1.4,1.4,1.6,0.2,5
2026-03-14,2025-26,West Ham United,Manchester City,1,1,D,1502.0,1764.7,-262.7,18,2,-16,29,29,0,5,0,5,1.6,1.2,1.2,0.6,5,2.6,2.0,0.8,0.4,5,1.4,1.4,1.6,0.3,10,1.9,1.6,1.0,0.3,10,1.2,1.4,1.2,0.2,5,1.6,1.0,1.0,0.4,5
2026-03-15,2025-26,Crystal Palace,Leeds United,0,0,D,1570.4,1487.9,82.5,14,15,1,29,29,2,2,1,5,1.8,1.6,1.2,0.4,5,1.0,1.2,1.2,0.0,5,1.1,1.1,1.4,0.3,10,1.0,1.2,1.6,0.1,10,1.0,1.0,1.4,0.4,5,0.8,1.4,1.6,0.2,5
2026-03-15,2025-26,Manchester United,Aston Villa,3,1,H,1625.4,1659.6,-34.2,3,4,1,29,29,3,1,1,5,2.0,1.4,0.8,0.4,5,1.0,0.8,1.6,0.2,5,2.1,1.8,1.1,0.3,10,1.2,0.9,1.1,0.3,10,2.6,2.0,0.8,0.4,5,1.0,0.8,1.4,0.4,5
2026-03-15,2025-26,Nottingham Forest,Fulham,0,0,D,1527.8,1556.2,-28.3,18,12,-6,29,29,1,4,0,5,0.4,0.8,1.6,0.2,5,1.2,1.2,1.6,0.0,5,1.0,1.0,1.3,0.3,10,1.3,1.4,1.6,0.0,10,0.6,0.2,0.8,0.4,5,0.8,1.2,1.8,0.0,5
2026-03-15,2025-26,Liverpool,Tottenham,1,1,D,1702.3,1477.5,224.7,6,16,10,29,29,4,1,0,5,1.8,1.8,1.2,0.4,5,0.0,0.8,2.6,0.0,5,1.5,1.8,1.3,0.3,10,0.3,1.2,2.3,0.0,10,1.6,2.2,1.2,0.2,5,0.4,1.0,1.8,0.2,5
2026-03-16,2025-26,Brentford,Wolverhampton Wanderers,2,2,D,1600.1,1448.3,151.8,7,20,13,29,30,3,1,1,5,1.6,1.6,1.6,0.2,5,1.6,1.2,0.8,0.4,5,1.7,1.6,1.4,0.3,10,1.0,0.8,1.2,0.3,10,1.0,0.8,1.0,0.4,5,0.6,0.4,1.0,0.2,5
2026-03-20,2025-26,Bournemouth,Manchester United,2,2,D,1582.2,1633.5,-51.3,10,3,-7,30,30,2,0,3,5,1.4,0.6,0.4,0.6,5,2.0,1.6,1.0,0.2,5,1.8,1.3,0.8,0.4,10,2.3,2.0,1.1,0.3,10,1.8,1.6,1.2,0.2,5,1.6,1.6,1.4,0.2,5
2026-03-21,2025-26,Brighton and Hove Albion,Liverpool,2,1,H,1599.4,1694.9,-95.5,12,5,-7,30,30,1,3,1,5,1.8,1.0,0.6,0.4,5,2.0,1.8,1.0,0.4,5,1.2,0.9,0.9,0.2,10,1.5,1.7,1.2,0.3,10,1.0,0.8,1.0,0.0,5,1.4,1.0,1.0,0.6,5
2026-03-21,2025-26,Fulham,Burnley,3,1,H,1558.2,1397.1,161.1,12,19,7,30,30,1,2,2,5,1.4,1.0,1.2,0.2,5,1.0,1.4,1.8,0.2,5,1.3,1.2,1.4,0.1,10,0.8,1.2,1.9,0.1,10,1.8,1.4,1.2,0.0,5,1.0,1.0,1.8,0.0,5
2026-03-21,2025-26,Everton,Chelsea,3,0,H,1580.8,1649.6,-68.7,10,6,-4,30,30,1,3,1,5,1.2,1.2,1.4,0.2,5,1.0,1.6,1.4,0.0,5,1.5,1.2,1.1,0.2,10,1.7,2.0,1.3,0.1,10,1.0,1.0,1.0,0.2,5,1.8,2.4,1.4,0.0,5
2026-03-21,2025-26,Leeds United,Brentford,0,0,D,1492.8,1593.9,-101.1,15,8,-7,30,30,1,1,3,5,0.6,0.6,1.0,0.2,5,1.2,1.4,1.6,0.2,5,1.0,1.1,1.5,0.2,10,1.5,1.4,1.4,0.3,10,1.2,0.8,1.4,0.2,5,2.0,1.6,1.4,0.4,5
2026-03-22,2025-26,Newcastle United,Sunderland,1,2,A,1611.6,1474.7,136.8,11,13,2,30,30,0,1,0,1,1.8,1.6,1.4,0.2,5,0.8,0.6,1.2,0.2,5,1.3,1.5,1.9,0.2,10,1.0,0.9,1.6,0.2,10,1.2,2.0,2.4,0.0,5,0.8,0.6,2.0,0.2,5
2026-03-22,2025-26,Aston Villa,West Ham United,2,0,H,1651.5,1506.3,145.2,4,18,14,30,30,3,0,2,5,0.8,0.8,2.0,0.2,5,1.2,1.0,1.4,0.4,5,0.9,0.7,1.3,0.3,10,1.5,1.5,1.4,0.3,10,0.8,0.6,1.4,0.2,5,1.8,1.8,1.8,0.4,5
2026-03-22,2025-26,Tottenham,Nottingham Forest,0,3,A,1484.9,1525.8,-40.9,16,17,1,30,30,2,3,0,5,0.2,1.0,2.4,0.0,5,0.6,0.6,1.0,0.4,5,0.3,1.2,2.3,0.0,10,1.1,0.9,1.0,0.4,10,0.2,1.2,2.6,0.0,5,1.4,1.6,1.6,0.2,5
2026-04-10,2025-26,West Ham United,Wolverhampton Wanderers,4,0,H,1502.4,1454.5,48.0,18,20,2,31,31,3,2,0,5,1.0,0.8,1.6,0.4,5,1.6,1.6,1.2,0.2,5,1.5,1.4,1.4,0.3,10,1.0,0.9,1.3,0.3,10,1.2,1.2,1.0,0.2,5,0.6,0.6,1.2,0.2,5
2026-04-11,2025-26,Arsenal,Bournemouth,1,2,A,1789.4,1580.8,208.6,1,13,12,31,31,3,2,0,5,2.6,2.2,0.8,0.4,5,1.0,0.6,0.6,0.6,5,2.1,2.1,0.8,0.5,10,1.6,1.2,0.8,0.4,10,2.0,1.8,0.8,0.6,5,1.8,1.0,0.4,0.6,5
2026-04-11,2025-26,Brentford,Everton,2,2,D,1593.8,1589.9,3.9,7,8,1,31,31,1,2,2,5,1.2,1.2,1.4,0.4,5,1.8,1.6,1.0,0.4,5,1.3,1.1,1.4,0.3,10,1.7,1.4,1.0,0.3,10,1.0,1.2,1.4,0.2,5,2.0,1.4,1.2,0.2,5
2026-04-11,2025-26,Burnley,Brighton and Hove Albion,0,2,A,1393.5,1609.3,-215.8,19,11,-8,31,31,1,2,2,5,0.4,1.0,2.0,0.2,5,2.4,1.4,0.6,0.4,5,0.7,1.1,2.0,0.1,10,1.4,1.0,0.9,0.2,10,0.6,1.4,2.0,0.2,5,1.4,1.0,0.8,0.4,5
2026-04-11,2025-26,Liverpool,Fulham,2,0,H,1685.1,1561.9,123.2,5,11,6,31,31,2,1,2,5,1.4,1.8,1.4,0.2,5,2.0,1.6,0.8,0.2,5,1.4,1.8,1.4,0.2,10,1.3,1.3,1.4,0.1,10,1.6,2.4,1.4,0.0,5,0.8,1.0,1.6,0.2,5
2026-04-12,2025-26,Chelsea,Manchester City,0,3,A,1640.5,1760.3,-119.9,6,2,-4,31,30,0,2,3,5,0.8,1.2,1.6,0.0,5,2.2,1.8,0.8,0.4,5,1.7,1.9,1.4,0.1,10,1.9,1.6,1.0,0.3,10,1.6,1.6,1.2,0.2,5,1.6,1.2,1.2,0.2,5
2026-04-12,2025-26,Sunderland,Tottenham,1,0,H,1490.7,1473.2,17.5,12,18,6,31,31,0,1,2,3,1.4,1.0,1.2,0.2,5,0.2,0.8,2.6,0.0,5,1.3,1.1,1.4,0.2,10,0.3,1.0,2.3,0.0,10,1.2,1.2,1.2,0.2,5,0.4,1.2,2.0,0.0,5
2026-04-12,2025-26,Nottingham Forest,Aston Villa,1,1,D,1537.5,1655.4,-118.0,16,4,-12,31,31,2,3,0,5,1.0,1.2,1.0,0.4,5,0.8,1.0,2.0,0.2,5,1.1,1.0,0.9,0.5,10,1.1,0.9,1.3,0.3,10,0.8,0.2,0.4,0.6,5,1.0,0.8,1.2,0.4,5
2026-04-12,2025-26,Crystal Palace,Newcastle United,2,1,H,1565.6,1595.6,-30.0,14,13,-1,30,31,1,3,1,5,1.4,1.4,1.2,0.4,5,1.2,1.4,1.6,0.2,5,1.2,1.1,1.2,0.4,10,1.0,1.2,1.8,0.2,10,1.0,0.8,1.2,0.6,5,1.4,1.0,1.4,0.4,5
2026-04-13,2025-26,Manchester United,Leeds United,1,2,A,1634.9,1492.8,142.1,3,15,12,31,31,3,0,2,5,2.0,1.8,1.2,0.2,5,0.6,0.2,0.6,0.4,5,2.3,2.0,1.1,0.3,10,1.1,0.8,1.1,0.3,10,3.0,2.4,0.8,0.4,5,0.8,1.4,1.6,0.2,5
2026-04-18,2025-26,Brentford,Fulham,0,0,D,1590.9,1557.5,33.4,7,12,5,32,32,1,3,1,5,1.4,1.6,1.4,0.4,5,1.4,1.0,1.0,0.2,5,1.4,1.3,1.4,0.3,10,1.3,1.3,1.5,0.1,10,0.6,1.0,1.8,0.0,5,0.8,1.0,1.8,0.2,5
2026-04-18,2025-26,Leeds United,Wolverhampton Wanderers,3,0,H,1508.8,1448.5,60.3,15,20,5,32,32,4,0,1,5,1.0,0.4,0.6,0.4,5,1.4,1.2,1.6,0.2,5,1.1,0.9,1.2,0.2,10,0.9,0.9,1.7,0.2,10,0.8,0.6,1.4,0.2,5,0.4,0.4,1.8,0.2,5
2026-04-18,2025-26,Newcastle United,Bournemouth,1,2,A,1587.6,1597.9,-10.3,14,11,-3,32,32,0,2,3,5,1.2,1.4,1.6,0.2,5,1.4,1.0,0.8,0.4,5,0.9,1.3,2.0,0.1,10,1.8,1.3,0.8,0.4,10,0.6,1.4,2.2,0.0,5,2.2,1.2,0.4,0.6,5
2026-04-18,2025-26,Tottenham,Brighton and Hove Albion,2,2,D,1466.4,1616.1,-149.7,18,10,-8,32,32,1,3,1,5,0.2,0.6,2.0,0.0,5,2.4,1.4,0.6,0.4,5,0.3,0.9,2.2,0.0,10,1.6,1.1,0.8,0.3,10,0.2,1.0,2.8,0.0,5,1.8,1.2,0.6,0.6,5
2026-04-18,2025-26,Chelsea,Manchester United,0,1,A,1631.0,1618.9,12.1,6,3,-3,32,32,2,2,1,5,0.6,1.0,2.0,0.0,5,1.4,1.8,1.6,0.0,5,1.4,1.7,1.7,0.0,10,2.0,1.9,1.3,0.2,10,1.0,1.2,1.8,0.0,5,1.6,1.6,1.4,0.2,5
2026-04-19,2025-26,Aston Villa,Sunderland,4,3,H,1654.9,1497.4,157.5,4,11,7,32,32,0,0,1,1,0.8,1.0,2.0,0.2,5,2.0,1.0,0.6,0.4,5,1.2,1.0,1.3,0.3,10,1.3,1.0,1.3,0.3,10,1.4,1.0,1.2,0.4,5,1.4,1.0,1.6,0.2,5
2026-04-19,2025-26,Everton,Liverpool,1,2,A,1592.9,1689.4,-96.5,10,5,-5,32,32,1,3,1,5,2.0,2.0,1.2,0.4,5,1.4,2.0,1.4,0.2,5,1.5,1.5,1.2,0.2,10,1.6,1.9,1.3,0.3,10,1.4,1.4,0.8,0.4,5,1.2,1.2,1.4,0.4,5
2026-04-19,2025-26,Nottingham Forest,Burnley,4,1,H,1538.0,1386.7,151.3,16,19,3,32,32,1,0,2,3,1.2,1.4,1.0,0.4,5,0.2,0.8,2.2,0.2,5,1.1,1.1,1.0,0.4,10,0.6,1.0,2.1,0.1,10,0.8,0.4,0.6,0.4,5,0.8,1.0,2.2,0.0,5
2026-04-19,2025-26,Manchester City,Arsenal,2,1,H,1769.7,1772.3,-2.6,2,1,-1,31,32,0,2,3,5,2.2,1.8,0.8,0.4,5,2.4,2.0,0.8,0.4,5,2.1,1.8,0.9,0.4,10,2.0,2.2,1.0,0.4,10,2.2,2.0,0.8,0.4,5,2.2,2.4,0.8,0.4,5
2026-04-20,2025-26,Crystal Palace,West Ham United,0,0,D,1573.6,1508.4,65.2,13,17,4,31,32,3,1,1,5,2.0,1.4,0.8,0.4,5,1.4,1.6,1.6,0.4,5,1.4,1.3,1.3,0.3,10,1.5,1.6,1.3,0.4,10,1.4,1.2,1.4,0.4,5,1.2,1.4,2.0,0.4,5
2026-04-21,2025-26,Brighton and Hove Albion,Chelsea,3,0,H,1614.7,1617.9,-3.2,9,6,-3,33,33,2,3,0,5,2.0,1.4,0.8,0.4,5,0.6,0.8,1.8,0.0,5,1.7,1.2,0.8,0.3,10,1.1,1.4,1.7,0.0,10,1.4,1.0,1.0,0.0,5,1.8,2.2,1.6,0.0,5
2026-04-22,2025-26,Burnley,Manchester City,0,1,A,1382.9,1777.0,-394.1,19,2,-17,33,32,0,5,0,5,0.2,0.4,2.2,0.2,5,2.2,1.8,0.8,0.4,5,0.5,0.9,2.3,0.1,10,2.4,2.0,0.8,0.4,10,0.4,1.0,2.0,0.2,5,2.2,1.8,0.8,0.4,5
2026-04-22,2025-26,Bournemouth,Leeds United,2,2,D,1610.5,1514.5,96.0,9,15,6,33,33,1,1,1,3,1.8,1.2,0.8,0.4,5,1.6,1.0,0.4,0.6,5,1.8,1.2,0.7,0.4,10,1.3,1.1,1.1,0.3,10,1.4,1.4,1.2,0.2,5,1.4,1.2,1.0,0.2,5
2026-04-24,2025-26,Sunderland,Nottingham Forest,0,5,A,1493.7,1541.8,-48.1,11,16,5,33,33,1,0,0,1,1.8,1.4,1.2,0.4,5,1.8,2.0,0.8,0.4,5,1.3,1.2,1.4,0.3,10,1.1,1.3,1.1,0.3,10,1.2,1.0,1.0,0.4,5,1.4,1.8,1.4,0.4,5
2026-04-25,2025-26,Fulham,Aston Villa,1,0,H,1561.2,1658.6,-97.4,12,4,-8,33,33,0,5,0,5,1.0,0.6,0.8,0.4,5,1.4,1.8,2.2,0.2,5,1.1,1.1,1.4,0.2,10,1.2,1.2,1.6,0.2,10,1.8,1.6,1.2,0.0,5,1.0,1.0,1.4,0.2,5
2026-04-25,2025-26,Liverpool,Crystal Palace,3,1,H,1699.5,1569.2,130.3,5,13,8,33,32,2,2,1,5,1.4,1.4,1.2,0.2,5,1.6,1.2,0.8,0.4,5,1.9,1.9,1.1,0.3,10,1.5,1.2,1.1,0.4,10,2.0,2.6,1.2,0.2,5,1.4,1.4,1.2,0.2,5
2026-04-25,2025-26,West Ham United,Everton,2,1,H,1512.8,1582.8,-69.9,17,11,-6,33,33,1,1,3,5,1.6,1.2,0.6,0.6,5,1.4,1.6,1.2,0.4,5,1.3,1.3,1.2,0.5,10,1.4,1.5,1.3,0.2,10,1.8,1.8,0.6,0.4,5,1.6,1.6,1.6,0.0,5
2026-04-25,2025-26,Wolverhampton Wanderers,Tottenham,0,1,A,1442.8,1467.8,-25.1,20,18,-2,33,33,3,0,2,5,1.4,1.2,2.0,0.2,5,0.4,0.8,2.0,0.0,5,0.9,0.9,1.8,0.2,10,0.3,0.9,2.2,0.0,10,1.4,1.4,1.6,0.2,5,0.4,0.8,1.6,0.0,5
2026-04-25,2025-26,Arsenal,Newcastle United,1,0,H,1765.0,1575.1,189.9,2,14,12,33,33,3,2,0,5,1.8,1.4,1.0,0.4,5,1.2,1.2,1.4,0.2,5,2.0,2.1,0.9,0.4,10,0.9,1.4,2.0,0.1,10,1.8,2.0,1.2,0.4,5,1.2,1.2,1.8,0.2,5
2026-04-27,2025-26,Manchester United,Brentford,2,1,H,1632.0,1587.3,44.7,3,9,6,33,33,2,2,1,5,1.4,1.6,1.4,0.2,5,1.0,0.8,0.8,0.6,5,2.0,1.7,1.1,0.3,10,1.5,1.3,1.2,0.4,10,2.4,2.2,1.2,0.2,5,2.2,1.6,1.0,0.6,5
2026-05-01,2025-26,Leeds United,Burnley,3,1,H,1519.6,1379.8,139.8,15,19,4,34,34,3,1,1,5,1.8,1.4,0.6,0.6,5,0.2,0.4,2.0,0.2,5,1.4,1.3,0.9,0.3,10,0.5,0.9,2.1,0.1,10,1.4,1.2,0.6,0.4,5,0.8,1.2,2.4,0.0,5
2026-05-02,2025-26,Brentford,West Ham United,3,0,H,1581.2,1522.0,59.2,9,17,8,34,34,3,1,1,5,0.8,1.0,1.2,0.4,5,1.6,1.4,0.8,0.4,5,1.2,1.3,1.4,0.3,10,1.6,1.3,1.0,0.5,10,0.8,1.0,1.4,0.2,5,1.4,1.0,1.4,0.6,5
2026-05-02,2025-26,Newcastle United,Brighton and Hove Albion,3,1,H,1571.9,1622.0,-50.0,15,7,-8,34,34,0,3,2,5,0.6,0.8,1.4,0.2,5,2.6,2.0,0.6,0.6,5,0.9,1.3,1.7,0.1,10,1.9,1.4,0.7,0.4,10,0.6,1.6,2.2,0.0,5,2.0,1.4,0.6,0.6,5
2026-05-02,2025-26,Wolverhampton Wanderers,Sunderland,1,1,D,1430.7,1482.2,-51.5,20,12,-8,34,34,0,1,0,1,0.8,0.8,2.2,0.0,5,1.2,1.2,2.2,0.2,5,0.9,0.9,1.7,0.2,10,1.0,0.9,1.9,0.2,10,1.4,1.4,1.4,0.2,5,1.4,1.4,1.8,0.2,5
2026-05-02,2025-26,Arsenal,Fulham,3,0,H,1768.2,1571.1,197.1,1,10,9,34,34,2,1,2,5,1.8,1.2,0.8,0.6,5,1.6,0.8,0.6,0.6,5,2.0,1.8,0.9,0.4,10,1.4,1.0,1.1,0.3,10,2.4,1.8,0.6,0.6,5,1.0,0.6,1.2,0.4,5
2026-05-03,2025-26,Aston Villa,Tottenham,1,2,A,1648.7,1480.0,168.7,5,18,13,34,34,3,2,0,5,1.4,1.6,1.6,0.2,5,1.0,0.8,1.4,0.2,5,1.2,1.2,1.6,0.2,10,0.5,0.8,2.0,0.1,10,2.0,1.8,1.6,0.4,5,0.8,0.6,1.2,0.2,5
2026-05-03,2025-26,Manchester United,Liverpool,3,2,H,1638.1,1703.7,-65.6,3,4,1,34,34,1,1,3,5,2.0,1.8,1.2,0.2,5,2.0,1.8,1.0,0.2,5,2.0,1.6,1.0,0.3,10,1.9,1.8,1.1,0.3,10,2.4,2.0,1.0,0.2,5,1.8,1.2,1.0,0.4,5
2026-05-03,2025-26,Bournemouth,Crystal Palace,3,0,H,1605.4,1565.0,40.4,8,14,6,34,33,2,0,3,5,1.8,1.6,1.2,0.2,5,1.6,1.2,1.0,0.4,5,1.6,1.2,0.9,0.3,10,1.5,1.2,1.1,0.4,10,1.0,1.2,1.2,0.2,5,1.4,1.4,1.4,0.2,5
2026-05-04,2025-26,Chelsea,Nottingham Forest,1,3,A,1610.6,1553.3,57.3,9,16,7,34,34,3,1,1,5,0.0,0.0,2.2,0.0,5,2.2,2.6,0.4,0.6,5,0.8,1.1,1.8,0.0,10,1.3,1.7,1.0,0.4,10,0.4,0.6,1.6,0.0,5,1.4,2.4,1.4,0.4,5
2026-05-04,2025-26,Everton,Manchester City,3,3,D,1573.6,1780.1,-206.5,11,2,-9,34,33,0,4,1,5,0.8,1.4,1.6,0.2,5,2.2,1.8,0.8,0.4,5,1.3,1.5,1.4,0.2,10,2.4,1.9,0.8,0.4,10,1.2,1.4,1.0,0.4,5,2.6,1.6,0.4,0.6,5
2026-05-09,2025-26,Liverpool,Chelsea,1,1,D,1694.7,1596.4,98.3,4,9,5,35,35,2,2,1,5,1.8,2.0,1.4,0.2,5,0.0,0.2,2.6,0.0,5,1.9,1.9,1.2,0.3,10,0.5,0.9,2.0,0.0,10,2.0,2.4,1.2,0.2,5,1.2,1.6,2.0,0.0,5
2026-05-09,2025-26,Brighton and Hove Albion,Wolverhampton Wanderers,3,0,H,1613.4,1429.3,184.1,8,20,12,35,35,2,0,3,5,2.0,2.0,1.2,0.4,5,0.4,0.6,2.2,0.0,5,1.9,1.5,0.9,0.4,10,1.0,0.9,1.5,0.2,10,1.8,1.4,0.8,0.2,5,0.4,0.4,2.0,0.2,5
2026-05-09,2025-26,Fulham,Bournemouth,0,1,A,1568.0,1611.5,-43.5,11,7,-4,35,35,1,3,1,5,1.4,0.8,1.2,0.4,5,2.2,2.2,1.2,0.2,5,1.4,0.9,1.2,0.3,10,1.8,1.4,0.8,0.4,10,1.8,1.4,1.0,0.2,5,2.2,1.2,0.6,0.4,5
2026-05-09,2025-26,Sunderland,Manchester United,0,0,D,1483.6,1647.1,-163.5,12,3,-9,35,35,0,3,0,3,1.4,1.4,2.2,0.2,5,2.0,1.8,1.4,0.2,5,1.1,1.0,1.7,0.2,10,2.0,1.7,1.2,0.2,10,0.6,0.4,2.0,0.2,5,1.6,1.2,1.0,0.4,5
2026-05-09,2025-26,Manchester City,Brentford,3,0,H,1777.1,1586.9,190.2,2,8,6,34,35,4,0,1,5,2.2,2.0,1.0,0.4,5,1.2,1.2,0.8,0.6,5,2.4,2.0,0.9,0.4,10,1.2,1.3,1.2,0.4,10,2.6,2.2,0.8,0.4,5,1.6,1.6,1.4,0.4,5
2026-05-10,2025-26,Nottingham Forest,Newcastle United,1,1,D,1567.5,1580.5,-13.0,16,13,-3,35,35,1,4,0,5,2.6,3.2,0.6,0.4,5,0.6,1.2,1.6,0.0,5,1.6,1.9,0.8,0.4,10,1.2,1.4,1.5,0.1,10,1.2,1.0,0.6,0.4,5,1.2,1.0,1.2,0.2,5
2026-05-10,2025-26,Burnley,Aston Villa,2,2,D,1375.7,1632.2,-256.5,19,5,-14,35,35,0,4,1,5,0.0,0.6,2.6,0.0,5,1.4,1.6,1.4,0.2,5,0.5,1.0,2.2,0.1,10,1.1,1.2,1.7,0.2,10,0.2,0.6,1.8,0.2,5,0.4,0.6,1.6,0.0,5
2026-05-10,2025-26,Crystal Palace,Everton,2,2,D,1558.8,1576.6,-17.8,16,10,-6,34,35,0,4,1,5,1.0,0.6,1.4,0.4,5,1.0,2.0,1.8,0.2,5,1.4,1.1,1.3,0.4,10,1.1,1.6,1.6,0.2,10,1.6,1.0,0.8,0.6,5,1.4,1.6,1.8,0.0,5
2026-05-10,2025-26,West Ham United,Arsenal,0,1,A,1516.3,1771.3,-255.0,18,1,-17,35,35,2,3,0,5,1.4,1.2,1.2,0.4,5,1.8,1.6,0.8,0.6,5,1.3,1.1,1.3,0.4,10,2.0,1.8,0.9,0.4,10,1.8,1.6,0.6,0.4,5,1.6,1.8,1.2,0.2,5
2026-05-11,2025-26,Tottenham,Leeds United,1,1,D,1496.5,1523.6,-27.2,17,16,-1,35,35,5,0,0,5,1.4,1.0,1.4,0.2,5,2.2,2.0,0.8,0.4,5,0.8,1.0,1.9,0.1,10,1.4,1.3,0.9,0.3,10,0.2,1.0,2.8,0.0,5,1.4,1.4,1.2,0.2,5
2026-05-13,2025-26,Manchester City,Crystal Palace,3,0,H,1780.3,1556.5,223.8,2,15,13,35,35,3,0,2,5,2.6,2.4,0.8,0.6,5,1.0,1.0,1.8,0.2,5,2.4,2.1,0.8,0.5,10,1.2,1.2,1.5,0.3,10,2.6,2.4,0.8,0.4,5,1.2,1.2,1.8,0.2,5
2026-05-15,2025-26,Aston Villa,Liverpool,4,2,H,1628.0,1689.5,-61.5,5,4,-1,36,36,0,3,2,5,1.0,1.6,1.8,0.0,5,2.0,2.0,1.2,0.2,5,0.9,1.3,1.9,0.1,10,1.7,1.9,1.3,0.2,10,1.4,1.8,2.0,0.2,5,1.2,1.4,1.6,0.2,5
2026-05-17,2025-26,Manchester United,Nottingham Forest,3,2,H,1645.3,1565.1,80.2,3,16,13,36,36,1,3,1,5,2.0,1.4,1.0,0.4,5,2.2,2.8,0.8,0.2,5,2.0,1.6,1.1,0.3,10,1.6,2.0,0.9,0.3,10,2.4,2.2,1.4,0.0,5,2.0,2.8,1.0,0.4,5
2026-05-17,2025-26,Brentford,Crystal Palace,2,2,D,1583.8,1553.8,29.9,8,15,7,36,36,2,2,1,5,1.0,1.2,1.4,0.4,5,0.4,0.6,2.2,0.2,5,1.1,1.2,1.4,0.4,10,1.2,1.0,1.5,0.3,10,1.2,1.4,1.2,0.4,5,0.6,1.0,2.4,0.0,5
2026-05-17,2025-26,Everton,Sunderland,1,3,A,1578.9,1485.4,93.5,10,12,2,36,36,2,0,1,3,0.6,1.8,2.2,0.0,5,1.0,1.0,2.0,0.4,5,1.2,1.7,1.6,0.2,10,1.2,1.0,1.6,0.3,10,1.4,1.8,1.2,0.4,5,1.6,1.6,1.4,0.2,5
2026-05-17,2025-26,Leeds United,Brighton and Hove Albion,1,0,H,1525.7,1616.6,-91.0,15,7,-8,36,36,0,2,3,5,2.2,2.2,1.0,0.2,5,2.0,2.2,1.0,0.6,5,1.4,1.2,0.8,0.3,10,2.2,1.8,0.8,0.5,10,1.4,1.2,0.6,0.4,5,2.0,1.6,1.0,0.6,5
2026-05-17,2025-26,Wolverhampton Wanderers,Fulham,1,1,D,1426.0,1556.4,-130.4,20,12,-8,36,36,2,3,0,5,0.2,0.2,2.4,0.0,5,0.8,0.2,1.2,0.4,5,0.9,0.9,1.8,0.1,10,1.4,0.9,1.0,0.3,10,1.6,1.4,1.0,0.2,5,1.0,0.6,1.2,0.4,5
2026-05-17,2025-26,Newcastle United,West Ham United,3,1,H,1582.9,1510.4,72.5,14,18,4,36,36,2,2,1,5,0.8,1.2,1.4,0.0,5,1.4,1.2,1.0,0.4,5,1.0,1.3,1.5,0.1,10,1.2,1.0,1.3,0.4,10,1.2,1.8,1.8,0.0,5,0.8,0.6,2.0,0.4,5
2026-05-18,2025-26,Arsenal,Burnley,1,0,H,1777.1,1380.0,397.1,1,19,18,36,36,4,0,1,5,1.8,1.4,0.8,0.6,5,0.2,0.8,2.4,0.0,5,2.2,1.8,0.8,0.5,10,0.3,0.9,2.2,0.1,10,2.4,1.8,0.6,0.6,5,0.2,0.8,2.6,0.0,5
2026-05-19,2025-26,Chelsea,Tottenham,2,1,H,1601.5,1494.4,107.1,10,17,7,36,36,5,0,0,5,0.2,0.4,2.2,0.0,5,1.6,1.2,1.0,0.2,5,0.5,0.8,1.9,0.0,10,0.9,1.0,1.8,0.1,10,0.2,0.4,1.8,0.0,5,1.4,1.0,1.0,0.2,5
2026-05-19,2025-26,Bournemouth,Manchester City,1,1,D,1623.1,1783.0,-159.9,6,2,-4,36,36,1,4,0,5,2.6,2.0,0.8,0.4,5,2.6,2.4,0.8,0.6,5,1.8,1.3,0.7,0.5,10,2.4,2.1,0.8,0.5,10,1.4,1.6,1.0,0.4,5,2.2,1.8,0.8,0.6,5
2026-05-24,2025-26,Nottingham Forest,Bournemouth,1,1,D,1559.8,1624.8,-65.0,16,6,-10,37,37,0,3,2,5,2.0,3.0,1.2,0.2,5,2.2,1.8,0.8,0.4,5,1.6,2.2,1.1,0.3,10,1.8,1.4,0.8,0.4,10,1.2,1.2,0.8,0.2,5,2.2,1.0,0.4,0.6,5
2026-05-24,2025-26,Manchester City,Aston Villa,1,2,A,1781.3,1636.9,144.4,2,4,2,37,37,2,3,0,5,2.2,2.2,0.8,0.6,5,1.4,2.2,2.0,0.0,5,2.2,2.0,0.8,0.5,10,1.1,1.6,2.0,0.1,10,2.6,2.4,0.8,0.4,5,0.4,0.8,1.8,0.0,5
2026-05-24,2025-26,Sunderland,Chelsea,2,1,H,1500.5,1606.2,-105.7,10,8,-2,37,37,1,2,0,3,1.0,1.4,2.2,0.2,5,0.8,0.8,1.8,0.0,5,1.5,1.2,1.4,0.3,10,0.7,0.9,1.9,0.0,10,0.8,0.4,1.8,0.4,5,0.8,1.2,2.0,0.0,5
2026-05-24,2025-26,Liverpool,Brentford,1,1,D,1680.6,1580.2,100.4,5,10,5,37,37,4,1,0,5,1.4,2.0,2.0,0.0,5,1.0,1.2,1.4,0.4,5,1.4,2.0,1.7,0.1,10,1.2,1.4,1.4,0.4,10,2.2,2.4,1.0,0.2,5,1.0,1.0,1.6,0.4,5
2026-05-24,2025-26,Tottenham,Everton,1,0,H,1489.7,1563.9,-74.1,17,12,-5,37,37,3,1,1,5,1.6,1.4,1.2,0.2,5,0.4,1.6,2.4,0.0,5,0.9,1.0,1.6,0.1,10,1.2,1.8,1.8,0.2,10,0.4,1.0,2.6,0.0,5,1.0,1.6,2.0,0.0,5
2026-05-24,2025-26,Crystal Palace,Arsenal,1,2,A,1557.4,1778.2,-220.8,15,1,-14,37,37,0,4,1,5,0.4,1.0,2.6,0.0,5,2.4,1.4,0.4,0.8,5,1.0,1.1,1.7,0.2,10,2.4,1.7,0.6,0.6,10,1.8,1.0,0.6,0.6,5,2.0,1.8,1.0,0.4,5
2026-05-24,2025-26,Burnley,Wolverhampton Wanderers,1,1,D,1378.9,1426.9,-48.0,19,20,1,37,37,2,1,2,5,0.2,0.8,2.2,0.0,5,0.4,0.4,1.8,0.0,5,0.2,0.8,2.2,0.1,10,0.9,0.8,1.7,0.1,10,0.4,1.0,1.8,0.2,5,0.2,0.4,2.6,0.0,5
2026-05-24,2025-26,Brighton and Hove Albion,Manchester United,0,3,A,1606.9,1650.5,-43.6,8,3,-5,37,37,3,2,0,5,1.4,1.8,1.2,0.4,5,2.6,1.8,1.0,0.4,5,1.9,1.6,0.9,0.4,10,2.0,1.8,1.3,0.2,10,2.4,2.0,0.6,0.4,5,1.6,1.0,0.8,0.6,5
2026-05-24,2025-26,Fulham,Newcastle United,2,0,H,1555.6,1588.4,-32.8,13,11,-2,37,37,2,3,0,5,1.0,0.4,1.0,0.4,5,1.4,1.6,1.2,0.0,5,1.2,0.7,1.0,0.3,10,1.3,1.5,1.4,0.1,10,1.8,1.2,0.8,0.2,5,0.8,0.8,1.2,0.2,5
2026-05-24,2025-26,West Ham United,Leeds United,3,0,H,1505.0,1535.4,-30.4,18,14,-4,37,37,2,2,1,5,0.8,0.6,1.6,0.2,5,2.2,2.0,0.8,0.4,5,1.1,1.1,1.6,0.3,10,1.6,1.2,0.7,0.4,10,1.6,1.4,0.6,0.4,5,1.4,1.2,1.0,0.2,5
