name,position,team,xP,assists,bonus,bps,clean_sheets,creativity,element,expected_assists,expected_goal_involvements,expected_goals,expected_goals_conceded,fixture,goals_conceded,goals_scored,ict_index,influence,kickoff_time,minutes,opponent_team,own_goals,penalties_missed,penalties_saved,red_cards,round,saves,selected,starts,team_a_score,team_h_score,threat,total_points,transfers_balance,transfers_in,transfers_out,value,was_home,yellow_cards,season,gw,price,modified,mng_clean_sheets,mng_draw,mng_goals_scored,mng_loss,mng_underdog_draw,mng_underdog_win,mng_win,clearances_blocks_interceptions,defensive_contribution,recoveries,tackles,pos,clean_name,s_idx,roll_mins_3,roll_mins_5,roll_pts_3,roll_pts_5,roll_xgi_5,roll_xg_5,roll_xa_5,roll_cs_5,roll_saves_5,exp_mins,p_start,xp_baseline_pts,xp_baseline_price,xp_baseline_xgi,xp_ennovera,starting_xi,is_captain,is_vice_captain
Amadou Onana,MID,Everton,3.0,0,0,2,0,3.1,577,0.0,0.0,0.0,0.0,96,2,0,1.8,0.0,2022-10-09T18:00:00Z,90,14,0,0,0,0,10,0,20862,0,2,1,16.0,1,1890,3602,1712,49,True,1,2022-23,10,4.9,,,,,,,,,,,,,MID,amadou onana,0,84.33333333333333,84.2,3.333333333333333,3.0,0.0,0.0,0.0,0.6,0.0,84.28,1.0,4.626666666666667,3.43,3.0,2.6,0,0,0
Bernardo Veiga de Carvalho e Silva,MID,Man City,5.7,0,0,11,1,2.8,311,0.0,0.0,0.0,0.0,97,0,0,1.2,4.8,2022-10-08T14:00:00Z,77,17,0,0,0,0,10,0,1319418,0,0,4,4.0,3,-83437,82900,166337,70,True,0,2022-23,10,7.0,,,,,,,,,,,,,MID,bernardo veiga de carvalho e silva,0,77.66666666666667,82.6,4.666666666666667,5.8,0.0,0.0,0.0,0.6,0.0,79.64,0.9955,6.533333333333334,4.877949999999999,3.0,3.33,1,0,0
Bruno Borges Fernandes,MID,Man Utd,1.5,0,0,10,0,36.6,333,0.0,0.0,0.0,0.0,96,1,0,5.1,8.2,2022-10-09T18:00:00Z,90,8,0,0,0,0,10,0,227988,0,2,1,6.0,2,-18750,6742,25492,98,False,0,2022-23,10,9.8,,,,,,,,,,,,,MID,bruno borges fernandes,0,90.0,90.0,3.6666666666666665,4.0,0.0,0.0,0.0,0.4,0.0,90.0,1.0,6.8533333333333335,6.86,3.0,4.36,1,0,0
Che Adams,FWD,Southampton,2.0,0,0,6,0,2.4,411,0.0,0.0,0.0,0.0,97,4,0,1.2,5.6,2022-10-08T14:00:00Z,90,13,0,0,0,0,10,0,96204,0,0,4,4.0,2,-2397,12170,14567,64,False,0,2022-23,10,6.4,,,,,,,,,,,,,FWD,che adams,0,83.33333333333333,86.0,3.0,2.6,0.0,0.0,0.0,0.0,0.0,84.39999999999999,1.0,4.960000000000001,4.48,3.0,2.49,0,0,0
David De Gea Quintana,GK,Man Utd,1.0,0,0,14,0,0.0,327,0.0,0.0,0.0,0.0,96,1,0,1.0,10.4,2022-10-09T18:00:00Z,90,8,0,0,0,0,10,1,665621,0,2,1,0.0,2,-12775,23372,36147,49,False,0,2022-23,10,4.9,,,,,,,,,,,,,GK,david de gea quintana,0,90.0,90.0,2.6666666666666665,3.8,0.0,0.0,0.0,0.4,3.2,90.0,1.0,4.093333333333334,3.43,4.6,4.73,1,0,0
Ed Turns,DEF,Brighton,0.8,0,0,0,0,0.0,640,0.0,0.0,0.0,0.0,93,0,0,0.0,0.0,2022-10-08T16:30:00Z,0,18,0,0,0,0,10,0,0,0,1,0,0.0,0,0,0,0,40,True,0,2022-23,10,4.0,,,,,,,,,,,,,DEF,ed turns,0,69.0,66.75,3.0,3.75,0.2499999999999996,0.2149999999999998,0.0350000000000001,0.75,0.0,68.1,0.85125,4.0,2.3835,7.249999999999998,5.89,1,1,0
Illan Meslier,GK,Leeds,6.5,0,0,15,0,0.0,238,0.0,0.0,0.0,0.0,95,2,0,2.1,21.4,2022-10-09T13:00:00Z,90,7,0,0,0,0,10,3,273485,0,1,2,0.0,2,25368,35303,9935,45,False,0,2022-23,10,4.5,,,,,,,,,,,,,GK,illan meslier,0,90.0,90.0,4.666666666666667,4.8,0.0,0.0,0.0,0.4,3.2,90.0,1.0,5.533333333333334,3.15,4.6,4.56,0,0,0
Ivan Toney,FWD,Brentford,2.7,0,0,22,0,14.4,80,0.0,0.0,0.0,0.0,98,5,1,9.7,43.4,2022-10-08T14:00:00Z,90,15,0,0,0,0,10,0,2448031,0,1,5,39.0,5,-118791,212367,331158,73,False,1,2022-23,10,7.3,,,,,,,,,,,,,FWD,ivan toney,0,90.0,90.0,6.666666666666667,4.6,0.0,0.0,0.0,0.2,0.0,90.0,1.0,8.253333333333334,5.109999999999999,3.0,2.85,1,0,0
Jarrod Bowen,MID,West Ham,7.7,0,0,21,0,22.3,465,0.0,0.0,0.0,0.0,100,1,1,16.3,43.0,2022-10-09T13:00:00Z,90,9,0,0,0,0,10,0,509766,0,1,3,98.0,7,112580,134653,22073,81,True,0,2022-23,10,8.1,,,,,,,,,,,,,MID,jarrod bowen,0,90.0,90.0,6.0,4.6,0.0,0.0,0.0,0.4,0.0,90.0,1.0,8.040000000000001,5.669999999999999,3.0,3.68,1,0,0
João Cancelo,DEF,Man City,10.3,1,3,53,1,44.8,306,0.0,0.0,0.0,0.0,97,0,1,15.1,71.0,2022-10-08T14:00:00Z,69,17,0,0,0,0,10,0,5506710,0,0,4,35.0,18,45432,222535,177103,72,True,0,2022-23,10,7.2,,,,,,,,,,,,,DEF,joão cancelo,0,90.0,79.4,4.0,5.0,0.0,0.0,0.0,0.4,0.0,85.76,1.0,6.08,5.04,4.6,4.62,1,0,0
Kieran Trippier,DEF,Newcastle,6.3,1,2,27,0,56.2,357,0.0,0.0,0.0,0.0,98,1,0,8.6,27.8,2022-10-08T14:00:00Z,83,4,0,0,0,0,10,0,5474654,0,1,5,2.0,7,520225,549076,28851,55,True,0,2022-23,10,5.5,,,,,,,,,,,,,DEF,kieran trippier,0,87.33333333333333,88.4,6.666666666666667,4.4,0.0,0.0,0.0,0.4,0.0,87.76,1.0,7.533333333333334,3.85,4.6,3.92,1,0,0
Mohamed Salah,MID,Liverpool,4.0,0,0,5,0,12.0,283,0.0,0.0,0.0,0.0,91,2,0,1.8,1.8,2022-10-09T15:30:00Z,68,1,0,0,0,0,10,0,3017511,0,2,3,4.0,2,-717057,19774,736831,127,False,0,2022-23,10,12.7,,,,,,,,,,,,,MID,mohamed salah,0,90.0,90.0,6.0,5.8,0.0,0.0,0.0,0.4,0.0,90.0,1.0,9.88,8.889999999999999,3.0,5.51,1,0,1
Nathan Patterson,DEF,Everton,0.0,0,0,0,0,0.0,197,0.0,0.0,0.0,0.0,96,0,0,0.0,0.0,2022-10-09T18:00:00Z,0,14,0,0,0,0,10,0,586163,0,2,1,0.0,0,-90660,7503,98163,41,True,0,2022-23,10,4.1,,,,,,,,,,,,,DEF,nathan patterson,0,60.0,72.0,4.0,3.0,0.0,0.0,0.0,0.4,0.0,64.8,0.8099999999999999,4.84,2.3246999999999995,4.6,3.49,1,0,0
Ollie Watkins,FWD,Aston Villa,2.5,0,0,-3,0,15.0,40,0.0,0.0,0.0,0.0,99,1,0,6.4,6.4,2022-10-10T19:00:00Z,90,16,0,0,0,0,10,0,258318,0,1,1,43.0,2,37052,61896,24844,72,False,0,2022-23,10,7.2,,,,,,,,,,,,,FWD,ollie watkins,0,90.0,90.0,2.0,2.0,0.0,0.0,0.0,0.4,0.0,90.0,1.0,4.48,5.04,3.0,2.82,0,0,0
Virgil van Dijk,DEF,Liverpool,1.5,0,0,13,0,1.8,280,0.0,0.0,0.0,0.0,91,3,0,2.8,22.0,2022-10-09T15:30:00Z,90,1,0,0,0,0,10,0,1331966,0,2,3,4.0,1,-102496,18362,120858,64,False,0,2022-23,10,6.4,,,,,,,,,,,,,DEF,virgil van dijk,0,90.0,90.0,2.6666666666666665,4.2,0.0,0.0,0.0,0.4,0.0,90.0,1.0,4.693333333333333,4.48,4.6,4.32,1,0,0
Alex Iwobi,MID,Everton,5.0,0,0,7,0,2.7,186,0.0,0.0,0.0,0.0,109,2,0,0.6,3.4,2022-10-15T16:30:00Z,90,18,0,0,0,0,11,0,62720,0,0,2,0.0,2,13625,17340,3715,55,False,0,2022-23,11,5.5,,,,,,,,,,,,,MID,alex iwobi,0,90.0,90.0,6.666666666666667,5.6,0.0,0.0,0.0,0.4,0.0,90.0,1.0,7.533333333333334,3.85,3.0,2.65,0,0,0
Brennan Johnson,FWD,Nott'm Forest,0.8,0,0,-2,0,1.8,394,0.0,0.0,0.0,0.0,110,1,0,4.5,6.6,2022-10-15T14:00:00Z,90,20,0,1,0,0,11,0,127873,0,0,1,37.0,0,-10899,3862,14761,58,False,0,2022-23,11,5.8,,,,,,,,,,,,,FWD,brennan johnson,0,90.0,82.2,2.0,2.8,0.0,0.0,0.0,0.0,0.0,86.88,1.0,3.92,4.06,3.0,2.3,0,0,0
Bruno Borges Fernandes,MID,Man Utd,1.7,0,0,10,1,42.2,333,0.0,0.0,0.0,0.0,107,0,0,7.3,16.6,2022-10-16T13:00:00Z,90,15,0,0,0,0,11,0,221219,0,0,0,14.0,2,-9630,5900,15530,98,True,1,2022-23,11,9.8,,,,,,,,,,,,,MID,bruno borges fernandes,0,90.0,90.0,3.333333333333333,4.2,0.0,0.0,0.0,0.4,0.0,90.0,1.0,6.586666666666668,6.86,3.0,4.36,1,0,0
Bukayo Saka,MID,Arsenal,9.3,0,1,28,1,18.3,13,0.0,0.0,0.0,0.0,104,0,1,7.5,37.4,2022-10-16T13:00:00Z,81,11,0,0,0,0,11,0,1437635,0,1,0,19.0,9,257682,283723,26041,78,False,0,2022-23,11,7.8,,,,,,,,,,,,,MID,bukayo saka,0,90.0,89.4,8.666666666666666,7.6,0.0,0.0,0.0,0.2,0.0,89.76,1.0,10.053333333333336,5.46,3.0,3.46,1,0,0
Christian Eriksen,MID,Man Utd,2.3,0,0,0,0,0.0,519,0.0,0.0,0.0,0.0,107,0,0,0.0,0.0,2022-10-16T13:00:00Z,0,15,0,0,0,0,11,0,349884,0,0,0,0.0,0,-15547,9800,25347,63,True,0,2022-23,11,6.3,,,,,,,,,,,,,MID,christian eriksen,0,87.33333333333333,88.4,3.6666666666666665,3.4,0.0,0.0,0.0,0.4,0.0,87.76,1.0,5.453333333333333,4.409999999999999,3.0,2.95,1,0,0
Ed Turns,DEF,Brighton,0.0,0,0,0,0,0.0,640,0.0,0.0,0.0,0.0,102,0,0,0.0,0.0,2022-10-14T19:00:00Z,0,4,0,0,0,0,11,0,760,0,0,2,0.0,0,404,469,65,40,False,0,2022-23,11,4.0,,,,,,,,,,,,,DEF,ed turns,0,36.0,53.75,1.5,2.25,0.2074999999999995,0.1724999999999998,0.0350000000000001,0.75,0.0,43.1,0.53875,2.8000000000000003,1.5084999999999995,5.037499999999998,3.47,1,0,0
Ederson Santana de Moraes,GK,Man City,4.0,0,0,16,0,0.0,307,0.0,0.0,0.0,0.0,106,1,0,1.6,15.8,2022-10-16T15:30:00Z,90,12,0,0,0,0,11,1,1555297,0,0,1,0.0,2,-93535,23983,117518,55,False,0,2022-23,11,5.5,,,,,,,,,,,,,GK,ederson santana de moraes,0,90.0,90.0,4.666666666666667,4.4,0.0,0.0,0.0,0.6,1.4,90.0,1.0,5.933333333333334,3.85,5.4,5.41,1,0,1
Ivan Toney,FWD,Brentford,5.0,0,3,54,1,16.7,80,0.0,0.0,0.0,0.0,102,0,2,14.8,72.8,2022-10-14T19:00:00Z,90,5,0,0,0,0,11,0,2518602,0,0,2,58.0,12,50656,182368,131712,73,True,1,2022-23,11,7.3,,,,,,,,,,,,,FWD,ivan toney,0,90.0,90.0,2.6666666666666665,5.2,0.0,0.0,0.0,0.2,0.0,90.0,1.0,5.053333333333333,5.109999999999999,3.0,2.85,1,0,0
João Cancelo,DEF,Man City,7.5,0,0,10,0,6.3,306,0.0,0.0,0.0,0.0,106,1,0,3.5,5.0,2022-10-16T15:30:00Z,90,12,0,0,0,0,11,0,5882296,0,0,1,24.0,2,334508,392136,57628,73,False,0,2022-23,11,7.3,,,,,,,,,,,,,DEF,joão cancelo,0,83.0,81.2,9.333333333333334,8.4,0.0,0.0,0.0,0.6,0.0,82.28,1.0,10.386666666666668,5.109999999999999,5.4,5.63,1,1,0
Kofi Balmer,DEF,Crystal Palace,1.3,0,0,0,0,0.0,642,0.0,0.0,0.0,0.0,105,0,0,0.0,0.0,2022-10-15T11:30:00Z,0,10,0,0,0,0,11,0,0,0,0,0,0.0,0,0,0,0,40,False,0,2022-23,11,4.0,,,,,,,,,,,,,DEF,kofi balmer,0,90.0,90.0,4.5,5.5,0.1324999999999991,0.0349999999999997,0.0975,0.25,0.0,90.0,1.0,5.2,2.8,4.662499999999996,3.41,1,0,0
Mohamed Salah,MID,Liverpool,5.0,0,0,15,1,5.7,283,0.0,0.0,0.0,0.0,106,0,1,5.9,30.4,2022-10-16T15:30:00Z,89,13,0,0,0,0,11,0,2730746,0,0,1,23.0,8,-304283,48436,352719,127,True,0,2022-23,11,12.7,,,,,,,,,,,,,MID,mohamed salah,0,82.66666666666667,85.6,3.333333333333333,4.6,0.0,0.0,0.0,0.4,0.0,83.84,1.0,7.746666666666667,8.889999999999999,3.0,5.29,1,0,0
Norberto Murara Neto,GK,Bournemouth,3.5,0,0,13,0,0.0,574,0.0,0.0,0.0,0.0,103,2,0,1.4,13.8,2022-10-15T14:00:00Z,90,9,0,0,0,0,11,2,46036,0,2,2,0.0,1,8705,12402,3697,45,False,0,2022-23,11,4.5,,,,,,,,,,,,,GK,norberto murara neto,0,90.0,90.0,5.0,4.2,0.0,0.0,0.0,0.4,3.6,90.0,1.0,5.8,3.15,4.6,4.69,0,0,0
Ollie Watkins,FWD,Aston Villa,1.5,0,0,-1,0,17.9,40,0.0,0.0,0.0,0.0,101,2,0,4.1,4.4,2022-10-16T13:00:00Z,90,6,0,0,0,0,11,0,229338,0,2,0,19.0,2,-27074,6332,33406,72,True,0,2022-23,11,7.2,,,,,,,,,,,,,FWD,ollie watkins,0,90.0,90.0,2.0,2.0,0.0,0.0,0.0,0.4,0.0,90.0,1.0,4.48,5.04,3.0,2.82,0,0,0
Rúben Gato Alves Dias,DEF,Man City,3.5,0,0,18,0,0.7,312,0.0,0.0,0.0,0.0,106,1,0,2.6,19.2,2022-10-16T15:30:00Z,90,12,0,0,0,0,11,0,941768,0,0,1,6.0,2,-45095,28980,74075,59,False,0,2022-23,11,5.9,,,,,,,,,,,,,DEF,rúben gato alves dias,0,60.0,72.0,4.0,4.0,0.0,0.0,0.0,0.6,0.0,64.8,0.8099999999999999,5.5600000000000005,3.3452999999999995,5.4,4.95,1,0,0
Virgil van Dijk,DEF,Liverpool,3.3,0,2,26,1,0.2,280,0.0,0.0,0.0,0.0,106,0,0,2.3,22.8,2022-10-16T15:30:00Z,90,13,0,0,0,0,11,0,1282513,0,0,1,0.0,8,-62824,25544,88368,64,True,0,2022-23,11,6.4,,,,,,,,,,,,,DEF,virgil van dijk,0,90.0,90.0,2.333333333333333,4.2,0.0,0.0,0.0,0.4,0.0,90.0,1.0,4.426666666666668,4.48,4.6,4.32,1,0,0
Alisson Ramses Becker,GK,Liverpool,0.0,0,3,42,1,0.0,281,0.0,0.0,0.0,0.0,118,0,0,4.9,49.0,2022-10-19T18:30:00Z,90,19,0,0,1,0,12,3,1515650,0,0,1,0.0,15,44210,65295,21085,54,True,0,2022-23,12,5.4,,,,,,,,,,,,,GK,alisson ramses becker,0,90.0,90.0,6.0,5.6,0.0,0.0,0.0,0.4,3.6,90.0,1.0,6.960000000000001,3.78,4.6,5.08,1,0,1
Brennan Johnson,FWD,Nott'm Forest,0.0,0,0,4,1,0.3,394,0.0,0.0,0.0,0.0,114,0,0,0.3,0.0,2022-10-18T18:30:00Z,85,5,0,0,0,0,12,0,112356,0,0,0,4.0,2,-10732,2169,12901,58,False,0,2022-23,12,5.8,,,,,,,,,,,,,FWD,brennan johnson,0,90.0,88.8,1.3333333333333333,2.6,0.0,0.0,0.0,0.0,0.0,89.52000000000001,1.0,3.3866666666666667,4.06,3.0,2.31,0,0,0
Bruno Borges Fernandes,MID,Man Utd,0.0,0,3,42,1,115.2,333,0.0,0.0,0.0,0.0,119,0,1,21.9,61.0,2022-10-19T19:15:00Z,90,18,0,0,0,0,12,0,229432,0,0,2,43.0,11,-1136,7668,8804,98,True,0,2022-23,12,9.8,,,,,,,,,,,,,MID,bruno borges fernandes,0,90.0,90.0,1.6666666666666667,3.0,0.0,0.0,0.0,0.4,0.0,90.0,1.0,5.253333333333334,6.86,3.0,4.36,1,0,0
Conor Coady,DEF,Everton,0.0,0,0,12,0,0.3,475,0.0,0.0,0.0,0.0,120,1,0,2.4,23.4,2022-10-19T18:30:00Z,90,15,0,0,0,0,12,0,672508,0,0,1,0.0,2,50236,75017,24781,49,False,0,2022-23,12,4.9,,,,,,,,,,,,,DEF,conor coady,0,90.0,90.0,3.6666666666666665,4.4,0.0,0.0,0.0,0.4,0.0,90.0,1.0,4.8933333333333335,3.43,4.6,3.67,1,0,0
Danny Ward,GK,Leicester,0.0,0,3,26,1,0.0,254,0.0,0.0,0.0,0.0,117,0,0,1.6,16.2,2022-10-20T19:15:00Z,90,11,0,0,0,0,12,2,2723920,0,0,2,0.0,9,8163,37534,29371,41,True,0,2022-23,12,4.1,,,,,,,,,,,,,GK,danny ward,0,90.0,90.0,5.0,3.4,0.0,0.0,0.0,0.4,3.6,90.0,1.0,5.64,2.87,4.6,4.69,0,0,0
Dominic Solanke,FWD,Bournemouth,0.0,0,0,-2,0,12.5,66,0.0,0.0,0.0,0.0,112,1,0,3.0,0.0,2022-10-19T18:30:00Z,90,17,0,0,0,0,12,0,603220,0,1,0,22.0,2,199548,211727,12179,58,True,0,2022-23,12,5.8,,,,,,,,,,,,,FWD,dominic solanke,0,89.33333333333333,89.6,7.333333333333333,7.2,0.0,0.0,0.0,0.2,0.0,89.44,1.0,8.186666666666667,4.06,3.0,2.31,0,0,0
Eberechi Eze,MID,Crystal Palace,0.0,0,3,32,0,36.3,169,0.0,0.0,0.0,0.0,115,1,1,11.3,42.8,2022-10-18T19:15:00Z,89,20,0,0,0,0,12,0,344181,0,1,2,34.0,10,44272,59600,15328,56,True,0,2022-23,12,5.6,,,,,,,,,,,,,MID,eberechi eze,0,84.33333333333333,77.8,5.0,4.2,0.0,0.0,0.0,0.6,0.0,81.72,1.0,6.24,3.92,3.0,2.85,1,0,0
Fabian Schär,DEF,Newcastle,0.0,0,0,19,1,0.8,366,0.0,0.0,0.0,0.0,120,0,0,8.3,16.4,2022-10-19T18:30:00Z,90,8,0,0,0,0,12,0,1405101,0,0,1,66.0,5,164183,188987,24804,48,True,1,2022-23,12,4.8,,,,,,,,,,,,,DEF,fabian schär,0,87.33333333333333,88.4,5.333333333333333,4.8,0.0,0.0,0.0,0.6,0.0,87.76,1.0,6.1866666666666665,3.36,5.4,4.64,1,0,0
Harry Kane,FWD,Spurs,0.0,0,0,0,0,12.0,427,0.0,0.0,0.0,0.0,119,2,0,9.1,11.2,2022-10-19T19:15:00Z,90,14,0,0,0,0,12,0,3054404,0,0,2,68.0,2,290882,342176,51294,115,False,0,2022-23,12,11.5,,,,,,,,,,,,,FWD,harry kane,0,89.66666666666667,87.2,7.333333333333333,8.2,0.0,0.0,0.0,0.6,0.0,88.68,1.0,10.466666666666669,8.049999999999999,3.0,4.32,1,0,0
James Maddison,MID,Leicester,0.0,0,0,0,0,0.0,261,0.0,0.0,0.0,0.0,117,0,0,0.0,0.0,2022-10-20T19:15:00Z,0,11,0,0,0,0,12,0,784777,0,0,2,0.0,0,-984736,20966,1005702,82,True,0,2022-23,12,8.2,,,,,,,,,,,,,MID,james maddison,0,88.0,88.8,7.0,6.0,0.0,0.0,0.0,0.4,0.0,88.32,1.0,8.88,5.739999999999999,3.0,3.7,1,0,0
Jeffrey Schlupp,MID,Crystal Palace,0.0,0,0,15,0,34.8,161,0.0,0.0,0.0,0.0,115,1,0,5.4,17.4,2022-10-18T19:15:00Z,90,20,0,0,0,0,12,0,14497,0,1,2,2.0,2,101,590,489,48,True,0,2022-23,12,4.8,,,,,,,,,,,,,MID,jeffrey schlupp,0,65.33333333333333,72.2,2.0,2.4,0.0,0.0,0.0,0.6,0.0,68.08,0.851,3.52,2.85936,3.0,2.54,0,0,0
Kieran Trippier,DEF,Newcastle,0.0,0,3,36,1,71.4,357,0.0,0.0,0.0,0.0,120,0,0,10.6,29.0,2022-10-19T18:30:00Z,90,8,0,0,0,0,12,0,6403411,0,0,1,6.0,9,332148,344656,12508,57,True,0,2022-23,12,5.7,,,,,,,,,,,,,DEF,kieran trippier,0,85.0,87.0,6.666666666666667,6.6,0.0,0.0,0.0,0.6,0.0,85.80000000000001,1.0,7.613333333333334,3.99,5.4,5.01,1,0,0
Mohamed Salah,MID,Liverpool,0.0,0,0,2,1,14.3,283,0.0,0.0,0.0,0.0,118,0,0,9.3,5.4,2022-10-19T18:30:00Z,90,19,0,0,0,0,12,0,4291826,0,0,1,73.0,3,797928,824446,26518,127,True,0,2022-23,12,12.7,,,,,,,,,,,,,MID,mohamed salah,0,82.33333333333333,85.4,5.0,5.6,0.0,0.0,0.0,0.4,0.0,83.56,1.0,9.08,8.889999999999999,3.0,5.28,1,1,0
Timothy Castagne,DEF,Leicester,0.0,0,0,21,1,12.1,258,0.0,0.0,0.0,0.0,117,0,0,5.0,17.6,2022-10-20T19:15:00Z,90,11,0,0,0,0,12,0,577880,0,0,2,20.0,6,161629,172641,11012,45,True,0,2022-23,12,4.5,,,,,,,,,,,,,DEF,timothy castagne,0,82.0,76.2,7.0,4.6,0.0,0.0,0.0,0.6,0.0,79.68,0.996,7.4,3.1374000000000004,5.4,4.51,1,0,0
Virgil van Dijk,DEF,Liverpool,0.0,0,1,29,1,0.8,280,0.0,0.0,0.0,0.0,118,0,0,2.3,19.8,2022-10-19T18:30:00Z,90,19,0,0,0,0,12,0,1733887,0,0,1,2.0,7,190537,211482,20945,64,True,0,2022-23,12,6.4,,,,,,,,,,,,,DEF,virgil van dijk,0,90.0,90.0,3.333333333333333,3.4,0.0,0.0,0.0,0.4,0.0,90.0,1.0,5.226666666666668,4.48,4.6,4.32,1,0,0
Alisson Ramses Becker,GK,Liverpool,8.9,0,0,20,0,0.0,281,0.0,0.0,0.0,0.0,126,1,0,3.8,38.4,2022-10-22T11:30:00Z,90,16,0,0,0,0,13,6,1632184,0,0,1,0.0,4,187293,201523,14230,54,False,0,2022-23,13,5.4,,,,,,,,,,,,,GK,alisson ramses becker,0,90.0,90.0,10.333333333333334,8.2,0.0,0.0,0.0,0.6,4.0,90.0,1.0,10.426666666666668,3.78,5.4,6.24,1,1,0
Bernardo Veiga de Carvalho e Silva,MID,Man City,5.8,2,1,26,0,15.0,311,0.0,0.0,0.0,0.0,125,1,0,4.8,25.0,2022-10-22T14:00:00Z,90,5,0,0,0,0,13,0,949707,0,1,3,8.0,9,-29051,39561,68612,69,True,0,2022-23,13,6.9,,,,,,,,,,,,,MID,bernardo veiga de carvalho e silva,0,85.66666666666667,80.0,3.333333333333333,3.8,0.0,0.0,0.0,0.6,0.0,83.4,1.0,5.426666666666668,4.83,3.0,3.34,1,0,0
Danny Welbeck,FWD,Brighton,1.6,0,0,4,0,1.5,103,0.0,0.0,0.0,0.0,125,3,0,1.2,2.6,2022-10-22T14:00:00Z,78,13,0,0,0,0,13,0,150076,0,1,3,8.0,2,-36581,2845,39426,65,False,0,2022-23,13,6.5,,,,,,,,,,,,,FWD,danny welbeck,0,90.0,90.0,2.0,3.2,0.0,0.0,0.0,0.2,0.0,90.0,1.0,4.2,4.55,3.0,2.57,0,0,0
David Raya Martin,GK,Brentford,5.6,0,0,24,0,0.0,81,0.0,0.0,0.0,0.0,121,4,0,4.9,49.4,2022-10-23T13:00:00Z,90,2,0,0,0,0,13,7,841367,0,0,4,0.0,2,81698,99425,17727,46,False,0,2022-23,13,4.6,,,,,,,,,,,,,GK,david raya martin,0,90.0,90.0,6.666666666666667,5.6,0.0,0.0,0.0,0.6,3.6,90.0,1.0,7.173333333333334,3.22,5.4,5.75,0,0,0
Erling Haaland,FWD,Man City,12.0,0,3,55,0,11.7,318,0.0,0.0,0.0,0.0,125,1,2,13.6,66.4,2022-10-22T14:00:00Z,79,5,0,0,0,0,13,0,8983808,0,1,3,58.0,13,342204,352788,10584,122,True,0,2022-23,13,12.2,,,,,,,,,,,,,FWD,erling haaland,0,90.0,90.0,10.333333333333334,9.2,0.0,0.0,0.0,0.4,0.0,90.0,1.0,13.146666666666668,8.54,3.0,4.61,1,0,0
Fabian Schär,DEF,Newcastle,4.1,0,0,12,0,1.3,366,0.0,0.0,0.0,0.0,128,1,0,6.6,35.0,2022-10-23T15:30:00Z,90,18,0,0,0,0,13,0,1260723,0,2,1,30.0,2,15311,78937,63626,49,False,0,2022-23,13,4.9,,,,,,,,,,,,,DEF,fabian schär,0,90.0,88.4,5.0,4.6,0.0,0.0,0.0,0.6,0.0,89.36000000000001,1.0,5.96,3.43,5.4,4.68,1,0,0
Harvey Barnes,MID,Leicester,5.8,0,0,26,1,2.2,264,0.0,0.0,0.0,0.0,130,0,1,6.0,36.8,2022-10-23T13:00:00Z,78,20,0,0,0,0,13,0,180799,0,4,0,21.0,8,-7571,13877,21448,69,False,0,2022-23,13,6.9,,,,,,,,,,,,,MID,harvey barnes,0,86.0,87.6,4.333333333333333,4.6,0.0,0.0,0.0,0.6,0.0,86.64,1.0,6.226666666666667,4.83,3.0,3.37,1,0,0
Ivan Toney,FWD,Brentford,4.4,0,0,11,0,16.5,80,0.0,0.0,0.0,0.0,121,4,0,2.6,4.8,2022-10-23T13:00:00Z,90,2,0,0,0,0,13,0,2952473,0,0,4,5.0,2,135297,239645,104348,74,False,0,2022-23,13,7.4,,,,,,,,,,,,,FWD,ivan toney,0,90.0,90.0,6.333333333333333,4.4,0.0,0.0,0.0,0.6,0.0,90.0,1.0,8.026666666666667,5.18,3.0,2.89,0,0,0
James Justin,DEF,Leicester,5.2,0,0,24,1,2.2,268,0.0,0.0,0.0,0.0,130,0,0,2.1,17.0,2022-10-23T13:00:00Z,87,20,0,0,0,0,13,0,216433,0,4,0,2.0,6,15347,26233,10886,43,False,0,2022-23,13,4.3,,,,,,,,,,,,,DEF,james justin,0,88.33333333333333,89.0,4.666666666666667,4.4,0.0,0.0,0.0,0.6,0.0,88.6,1.0,5.453333333333334,3.01,5.4,4.51,1,0,0
Kieran Trippier,DEF,Newcastle,5.7,0,0,21,0,26.1,357,0.0,0.0,0.0,0.0,128,1,0,6.1,34.8,2022-10-23T15:30:00Z,90,18,0,0,0,0,13,0,6355674,0,2,1,0.0,2,113438,165584,52146,57,False,0,2022-23,13,5.7,,,,,,,,,,,,,DEF,kieran trippier,0,87.66666666666667,87.0,7.333333333333333,6.8,0.0,0.0,0.0,0.6,0.0,87.4,1.0,8.146666666666668,3.99,5.4,5.02,1,0,0
Mathias Jensen,MID,Brentford,2.4,0,0,10,0,54.0,88,0.0,0.0,0.0,0.0,121,4,0,8.0,19.0,2022-10-23T13:00:00Z,77,2,0,0,0,0,13,0,222939,0,0,4,7.0,2,-13412,6959,20371,50,False,0,2022-23,13,5.0,,,,,,,,,,,,,MID,mathias jensen,0,80.33333333333333,79.8,2.333333333333333,2.4,0.0,0.0,0.0,0.6,0.0,80.12,1.0,3.866666666666667,3.5,3.0,2.63,0,0,0
Mohamed Salah,MID,Liverpool,5.5,0,0,1,0,10.8,283,0.0,0.0,0.0,0.0,126,1,0,8.1,6.0,2022-10-22T11:30:00Z,90,16,0,0,0,0,13,0,3635813,0,0,1,64.0,2,90640,221071,130431,128,False,0,2022-23,13,12.8,,,,,,,,,,,,,MID,mohamed salah,0,82.33333333333333,85.4,4.333333333333333,4.2,0.0,0.0,0.0,0.6,0.0,83.56,1.0,8.586666666666668,8.959999999999999,3.0,5.52,1,0,1
Trevoh Chalobah,DEF,Chelsea,4.5,0,0,10,0,1.4,141,0.0,0.0,0.0,0.0,122,1,0,2.1,9.0,2022-10-22T16:30:00Z,90,14,0,0,0,0,13,0,78536,0,1,1,11.0,2,7001,12498,5497,47,True,0,2022-23,13,4.7,,,,,,,,,,,,,DEF,trevoh chalobah,0,90.0,54.0,6.0,3.6,0.0,0.0,0.0,0.6,0.0,75.6,0.945,6.680000000000001,3.10905,5.4,4.58,1,0,0
Virgil van Dijk,DEF,Liverpool,5.3,0,0,8,0,4.5,280,0.0,0.0,0.0,0.0,126,1,0,5.8,21.4,2022-10-22T11:30:00Z,90,16,0,0,0,0,13,0,1628769,0,0,1,32.0,2,133390,163242,29852,64,False,0,2022-23,13,6.4,,,,,,,,,,,,,DEF,virgil van dijk,0,90.0,90.0,5.333333333333333,4.4,0.0,0.0,0.0,0.6,0.0,90.0,1.0,6.826666666666667,4.48,5.4,5.34,1,0,0
Youri Tielemans,MID,Leicester,3.6,0,0,31,1,0.6,259,0.0,0.0,0.0,0.0,130,0,1,5.1,43.2,2022-10-23T13:00:00Z,90,20,0,0,0,0,13,0,165754,0,4,0,7.0,8,-11768,3110,14878,63,False,0,2022-23,13,6.3,,,,,,,,,,,,,MID,youri tielemans,0,87.0,86.0,2.333333333333333,3.4,0.0,0.0,0.0,0.6,0.0,86.6,1.0,4.386666666666667,4.409999999999999,3.0,3.14,1,0,0
Daniel Amartey,DEF,Leicester,2.8,0,0,15,0,0.1,257,0.0,0.0,0.0,0.0,137,1,0,3.3,15.6,2022-10-29T11:30:00Z,90,13,0,0,0,0,14,0,23902,0,1,0,17.0,2,831,1879,1048,43,True,0,2022-23,14,4.3,,,,,,,,,,,,,DEF,daniel amartey,0,90.0,58.6,7.0,4.2,0.0,0.0,0.0,0.6,0.0,77.44,0.968,7.32,2.91368,5.4,4.51,1,0,0
Danny Welbeck,FWD,Brighton,1.7,0,0,0,0,0.0,103,0.0,0.0,0.0,0.0,134,0,0,0.0,0.0,2022-10-29T14:00:00Z,0,6,0,0,0,0,14,0,135899,0,1,4,0.0,0,-15799,5343,21142,65,True,0,2022-23,14,6.5,,,,,,,,,,,,,FWD,danny welbeck,0,86.0,87.6,2.0,2.6,0.0,0.0,0.0,0.2,0.0,86.64,1.0,4.2,4.55,3.0,2.54,0,0,0
David Raya Martin,GK,Brentford,5.2,0,0,15,0,0.0,81,0.0,0.0,0.0,0.0,133,1,0,2.9,29.0,2022-10-29T14:00:00Z,90,20,0,0,0,0,14,3,889931,0,1,1,0.0,3,45137,62945,17808,46,True,0,2022-23,14,4.6,,,,,,,,,,,,,GK,david raya martin,0,90.0,90.0,7.333333333333333,5.6,0.0,0.0,0.0,0.6,4.2,90.0,1.0,7.706666666666667,3.22,5.4,5.95,1,1,0
Fabian Schär,DEF,Newcastle,4.8,0,0,22,1,10.7,366,0.0,0.0,0.0,0.0,140,0,0,2.3,11.8,2022-10-29T14:00:00Z,82,2,0,0,0,0,14,0,1344532,0,0,4,0.0,6,75346,127035,51689,49,True,0,2022-23,14,4.9,,,,,,,,,,,,,DEF,fabian schär,0,90.0,88.4,5.0,4.6,0.0,0.0,0.0,0.6,0.0,89.36000000000001,1.0,5.96,3.43,5.4,4.68,1,0,0
Harry Kane,FWD,Spurs,6.5,0,0,-4,0,14.3,427,0.0,0.0,0.0,0.0,132,2,0,6.3,3.4,2022-10-29T14:00:00Z,90,3,0,0,0,0,14,0,2708926,0,3,2,45.0,1,331204,382231,51027,115,False,1,2022-23,14,11.5,,,,,,,,,,,,,FWD,harry kane,0,90.0,89.8,6.333333333333333,6.4,0.0,0.0,0.0,0.4,0.0,89.92,1.0,9.666666666666668,8.049999999999999,3.0,4.35,1,0,0
Harvey Barnes,MID,Leicester,4.2,0,0,6,0,1.1,264,0.0,0.0,0.0,0.0,137,1,0,3.1,6.6,2022-10-29T11:30:00Z,90,13,0,0,0,0,14,0,172956,0,1,0,23.0,2,-9176,15628,24804,69,True,0,2022-23,14,6.9,,,,,,,,,,,,,MID,harvey barnes,0,82.0,85.2,6.333333333333333,5.8,0.0,0.0,0.0,0.8,0.0,83.28,1.0,7.826666666666666,4.83,3.0,3.33,1,0,0
Ivan Toney,FWD,Brentford,3.8,0,0,-2,0,2.1,80,0.0,0.0,0.0,0.0,133,1,0,5.1,2.2,2022-10-29T14:00:00Z,90,20,0,0,0,0,14,0,3126384,0,1,1,47.0,1,158070,269883,111813,75,True,1,2022-23,14,7.5,,,,,,,,,,,,,FWD,ivan toney,0,90.0,90.0,5.333333333333333,4.4,0.0,0.0,0.0,0.6,0.0,90.0,1.0,7.266666666666667,5.25,3.0,2.92,0,0,0
James Justin,DEF,Leicester,3.7,0,0,16,0,14.9,268,0.0,0.0,0.0,0.0,137,1,0,3.4,14.2,2022-10-29T11:30:00Z,90,13,0,0,0,0,14,0,223016,0,1,0,5.0,2,4675,19333,14658,43,True,0,2022-23,14,4.3,,,,,,,,,,,,,DEF,james justin,0,89.0,88.4,6.333333333333333,5.2,0.0,0.0,0.0,0.8,0.0,88.76,1.0,6.786666666666666,3.01,6.2,4.51,1,0,0
Kepa Arrizabalaga,GK,Chelsea,5.3,0,0,6,0,0.0,133,0.0,0.0,0.0,0.0,134,3,0,1.4,13.6,2022-10-29T14:00:00Z,45,5,0,0,0,0,14,1,424376,0,1,4,0.0,0,103021,112914,9893,45,False,0,2022-23,14,4.5,,,,,,,,,,,,,GK,kepa arrizabalaga,0,90.0,90.0,7.0,5.8,0.0,0.0,0.0,0.6,4.2,90.0,1.0,7.4,3.15,5.4,5.91,0,0,0
Kieran Trippier,DEF,Newcastle,7.0,1,2,49,1,56.6,357,0.0,0.0,0.0,0.0,140,0,0,10.4,41.0,2022-10-29T14:00:00Z,90,2,0,0,0,0,14,0,6588057,0,0,4,6.0,11,197944,214144,16200,58,True,0,2022-23,14,5.8,,,,,,,,,,,,,DEF,kieran trippier,0,90.0,87.0,5.666666666666667,6.2,0.0,0.0,0.0,0.6,0.0,88.80000000000001,1.0,6.8533333333333335,4.06,5.4,5.07,1,0,0
Mohamed Salah,MID,Liverpool,5.5,0,0,23,0,15.0,283,0.0,0.0,0.0,0.0,138,2,1,15.6,40.6,2022-10-29T18:45:00Z,90,11,0,0,0,0,14,0,3412918,0,2,1,100.0,7,-228412,73841,302253,128,True,0,2022-23,14,12.8,,,,,,,,,,,,,MID,mohamed salah,0,89.66666666666667,85.4,4.333333333333333,4.0,0.0,0.0,0.0,0.4,0.0,87.96000000000001,1.0,8.586666666666668,8.959999999999999,3.0,5.48,1,0,1
Omari Hutchinson,MID,Chelsea,1.8,0,0,0,0,0.0,653,0.0,0.0,0.0,0.0,134,0,0,0.0,0.0,2022-10-29T14:00:00Z,0,5,0,0,0,0,14,0,0,0,1,4,0.0,0,0,0,0,45,False,0,2022-23,14,4.5,,,,,,,,,,,,,MID,omari hutchinson,0,90.0,67.5,2.0,2.25,0.2749999999999985,0.0849999999999997,0.1899999999999999,0.0,0.0,81.0,1.0,3.4000000000000004,3.15,4.374999999999993,3.31,1,0,0
Son Heung-min,MID,Spurs,3.8,0,0,12,0,85.1,428,0.0,0.0,0.0,0.0,132,2,0,14.5,19.6,2022-10-29T14:00:00Z,90,3,0,0,0,0,14,0,1078253,0,3,2,40.0,2,-58245,41644,99889,117,False,0,2022-23,14,11.7,,,,,,,,,,,,,MID,son heung-min,0,90.0,84.0,2.333333333333333,3.0,0.0,0.0,0.0,0.4,0.0,87.6,1.0,6.546666666666667,8.19,3.0,5.04,1,0,0
Trevoh Chalobah,DEF,Chelsea,3.5,0,0,7,0,1.3,141,0.0,0.0,0.0,0.0,134,4,0,0.5,3.6,2022-10-29T14:00:00Z,90,5,1,0,0,0,14,0,103080,0,1,4,0.0,-2,22308,26532,4224,47,False,0,2022-23,14,4.7,,,,,,,,,,,,,DEF,trevoh chalobah,0,90.0,72.0,4.666666666666667,4.0,0.0,0.0,0.0,0.6,0.0,82.8,1.0,5.613333333333334,3.29,5.4,4.59,1,0,0
Vitaly Janelt,MID,Brentford,2.3,0,0,10,0,1.7,86,0.0,0.0,0.0,0.0,133,1,0,1.4,8.0,2022-10-29T14:00:00Z,90,20,0,0,0,0,14,0,15720,0,1,1,4.0,2,-518,1342,1860,55,True,0,2022-23,14,5.5,,,,,,,,,,,,,MID,vitaly janelt,0,90.0,81.0,2.6666666666666665,2.4,0.0,0.0,0.0,0.6,0.0,86.4,1.0,4.333333333333334,3.85,3.0,2.83,0,0,0
Bruno Borges Fernandes,MID,Man Utd,0.0,0,0,0,0,0.0,333,0.0,0.0,0.0,0.0,141,0,0,0.0,0.0,2022-11-06T14:00:00Z,0,2,0,0,0,0,15,0,208825,0,1,3,0.0,0,-52814,6628,59442,98,False,0,2022-23,15,9.8,,,,,,,,,,,,,MID,bruno borges fernandes,0,90.0,90.0,5.0,3.8,0.0,0.0,0.0,0.6,0.0,90.0,1.0,7.92,6.86,3.0,4.56,1,0,0
Daniel Amartey,DEF,Leicester,5.8,0,0,30,1,13.5,257,0.0,0.0,0.0,0.0,143,0,0,3.3,19.2,2022-11-05T17:30:00Z,90,8,0,0,0,0,15,0,26264,0,2,0,0.0,6,2002,3123,1121,43,False,0,2022-23,15,4.3,,,,,,,,,,,,,DEF,daniel amartey,0,90.0,76.6,5.666666666666667,4.6,0.0,0.0,0.0,0.6,0.0,84.64,1.0,6.253333333333334,3.01,5.4,4.51,1,0,0
Danny Ward,GK,Leicester,6.4,0,0,25,1,0.0,254,0.0,0.0,0.0,0.0,143,0,0,2.1,20.8,2022-11-05T17:30:00Z,90,8,0,0,0,0,15,2,2849225,0,2,0,0.0,6,30712,56386,25674,41,False,0,2022-23,15,4.1,,,,,,,,,,,,,GK,danny ward,0,90.0,90.0,6.666666666666667,5.4,0.0,0.0,0.0,0.6,2.8,90.0,1.0,6.973333333333334,2.87,5.4,5.44,0,0,0
Diego Da Silva Costa,FWD,Wolves,0.0,0,0,0,0,0.0,625,0.0,0.0,0.0,0.0,150,0,0,0.0,0.0,2022-11-05T15:00:00Z,0,5,0,0,0,0,15,0,36195,0,3,2,0.0,0,-23932,676,24608,55,True,0,2022-23,15,5.5,,,,,,,,,,,,,FWD,diego da silva costa,0,81.0,76.0,1.0,1.2,0.0,0.0,0.0,0.2,0.0,79.0,0.9875,3.0,3.801875,3.0,2.16,0,0,0
Diogo Dalot Teixeira,DEF,Man Utd,5.2,0,0,14,0,7.6,342,0.0,0.0,0.0,0.0,141,3,0,2.4,12.6,2022-11-06T14:00:00Z,90,2,0,0,0,0,15,0,1668889,0,1,3,4.0,0,442197,457093,14896,48,False,1,2022-23,15,4.8,,,,,,,,,,,,,DEF,diogo dalot teixeira,0,90.0,90.0,5.666666666666667,5.6,0.0,0.0,0.0,0.6,0.0,90.0,1.0,6.453333333333334,3.36,5.4,4.64,1,0,0
Harry Kane,FWD,Spurs,5.1,0,2,24,0,12.2,427,0.0,0.0,0.0,0.0,148,2,1,8.2,34.6,2022-11-06T16:30:00Z,90,12,0,0,0,0,15,0,2761012,0,2,1,35.0,8,43365,240646,197281,116,True,0,2022-23,15,11.6,,,,,,,,,,,,,FWD,harry kane,0,90.0,89.8,3.6666666666666665,5.4,0.0,0.0,0.0,0.4,0.0,89.92,1.0,7.573333333333333,8.12,3.0,4.39,1,0,0
Ivan Toney,FWD,Brentford,0.0,0,0,0,0,0.0,80,0.0,0.0,0.0,0.0,146,0,0,0.0,0.0,2022-11-05T15:00:00Z,0,16,0,0,0,0,15,0,1638678,0,2,2,0.0,0,-1466181,20329,1486510,74,False,0,2022-23,15,7.4,,,,,,,,,,,,,FWD,ivan toney,0,90.0,90.0,1.6666666666666667,4.4,0.0,0.0,0.0,0.4,0.0,90.0,1.0,4.293333333333334,5.18,3.0,2.89,1,0,0
James Justin,DEF,Leicester,5.6,0,1,31,1,3.5,268,0.0,0.0,0.0,0.0,143,0,0,2.3,19.2,2022-11-05T17:30:00Z,90,8,0,0,0,0,15,0,236599,0,2,0,0.0,7,11985,22619,10634,43,False,0,2022-23,15,4.3,,,,,,,,,,,,,DEF,james justin,0,89.0,88.4,5.0,4.4,0.0,0.0,0.0,0.6,0.0,88.76,1.0,5.72,3.01,5.4,4.51,1,0,0
Kepa Arrizabalaga,GK,Chelsea,0.0,0,0,0,0,0.0,133,0.0,0.0,0.0,0.0,142,0,0,0.0,0.0,2022-11-06T12:00:00Z,0,1,0,0,0,0,15,0,303711,0,1,0,0.0,0,-116285,4214,120499,45,True,0,2022-23,15,4.5,,,,,,,,,,,,,GK,kepa arrizabalaga,0,75.0,81.0,3.6666666666666665,5.4,0.0,0.0,0.0,0.6,4.0,77.4,0.9675,4.733333333333333,3.047625,5.4,5.84,1,1,0
Kieran Trippier,DEF,Newcastle,8.0,1,3,37,1,18.5,357,0.0,0.0,0.0,0.0,147,0,0,5.1,32.6,2022-11-06T14:00:00Z,79,17,0,0,0,0,15,0,6864281,0,4,1,0.0,12,238047,247397,9350,59,False,0,2022-23,15,5.9,,,,,,,,,,,,,DEF,kieran trippier,0,90.0,88.6,7.333333333333333,7.0,0.0,0.0,0.0,0.6,0.0,89.44,1.0,8.226666666666667,4.13,5.4,5.12,1,0,0
Lewis Hall,MID,Chelsea,1.3,0,0,0,0,0.0,661,0.0,0.0,0.0,0.0,142,0,0,0.0,0.0,2022-11-06T12:00:00Z,0,1,0,0,0,0,15,0,0,0,1,0,0.0,0,0,0,0,45,True,0,2022-23,15,4.5,,,,,,,,,,,,,MID,lewis hall,0,90.0,45.5,8.0,4.25,0.1374999999999989,0.1324999999999998,0.0049999999999999,0.25,0.0,72.2,0.9025,8.200000000000001,2.8428750000000003,3.6874999999999942,2.84,0,0,0
Mohamed Salah,MID,Liverpool,7.5,0,3,41,0,3.7,283,0.0,0.0,0.0,0.0,148,1,2,13.8,71.2,2022-11-06T16:30:00Z,90,18,0,0,0,0,15,0,3189108,0,2,1,63.0,15,-230891,66696,297587,128,False,0,2022-23,15,12.8,,,,,,,,,,,,,MID,mohamed salah,0,90.0,85.4,4.0,4.4,0.0,0.0,0.0,0.4,0.0,88.16,1.0,8.32,8.959999999999999,3.0,5.49,1,0,1
Sean Longstaff,MID,Newcastle,3.2,0,0,6,0,6.7,370,0.0,0.0,0.0,0.0,147,1,0,1.6,5.0,2022-11-06T14:00:00Z,90,17,0,0,0,0,15,0,213409,0,4,1,4.0,2,-25506,7172,32678,44,False,0,2022-23,15,4.4,,,,,,,,,,,,,MID,sean longstaff,0,90.0,90.0,3.6666666666666665,3.2,0.0,0.0,0.0,0.6,0.0,90.0,1.0,4.693333333333333,3.08,3.0,2.45,0,0,0
Son Heung-min,MID,Spurs,0.0,0,0,0,0,0.0,428,0.0,0.0,0.0,0.0,148,0,0,0.0,0.0,2022-11-06T16:30:00Z,0,12,0,0,0,0,15,0,762269,0,2,1,0.0,0,-311621,7387,319008,117,True,0,2022-23,15,11.7,,,,,,,,,,,,,MID,son heung-min,0,90.0,87.8,2.0,3.0,0.0,0.0,0.0,0.4,0.0,89.12,1.0,6.279999999999999,8.19,3.0,5.09,1,0,0
Sven Botman,DEF,Newcastle,4.8,0,0,15,0,0.1,377,0.0,0.0,0.0,0.0,147,1,0,2.1,18.4,2022-11-06T14:00:00Z,90,17,0,0,0,0,15,0,279987,0,4,1,2.0,2,22550,36778,14228,44,False,0,2022-23,15,4.4,,,,,,,,,,,,,DEF,sven botman,0,83.33333333333333,86.0,5.0,4.8,0.0,0.0,0.0,0.6,0.0,84.39999999999999,1.0,5.76,3.08,5.4,4.51,1,0,0
Danny Ward,GK,Leicester,6.7,0,3,35,1,0.0,254,0.00032,0.00032,0.0,1.4004,159,0,0,4.6,46.0,2022-11-12T15:00:00Z,90,19,0,0,0,0,16,6,2918468,1,2,0,0.0,11,60166,83766,23600,41,False,0,2022-23,16,4.1,,,,,,,,,,,,,GK,danny ward,0,90.0,90.0,5.666666666666667,6.4,0.0,0.0,0.0,0.8,2.8,90.0,1.0,6.173333333333334,2.87,6.2,5.44,1,0,1
David Raya Martin,GK,Brentford,1.7,0,0,20,0,0.0,81,0.0233,0.0233,0.0,1.6078,155,1,0,3.3,33.0,2022-11-12T12:30:00Z,90,13,0,0,0,0,16,5,837925,1,2,1,0.0,3,-61217,11272,72489,46,False,0,2022-23,16,4.6,,,,,,,,,,,,,GK,david raya martin,0,90.0,90.0,2.333333333333333,5.4,0.0,0.0,0.0,0.4,5.4,90.0,1.0,3.706666666666667,3.22,4.6,5.33,0,0,0
Diogo Dalot Teixeira,DEF,Man Utd,0.0,0,0,0,0,0.0,342,0.0,0.0,0.0,0.0,153,0,0,0.0,0.0,2022-11-13T16:30:00Z,0,9,0,0,0,0,16,0,1273701,0,2,1,0.0,0,-375584,49900,425484,48,False,0,2022-23,16,4.8,,,,,,,,,,,,,DEF,diogo dalot teixeira,0,90.0,90.0,3.6666666666666665,5.2,0.0,0.0,0.0,0.6,0.0,90.0,1.0,4.8533333333333335,3.36,5.4,4.64,1,0,0
Dominic Solanke,FWD,Bournemouth,3.0,1,0,10,1,10.8,66,0.00538,0.43218,0.4268,0.8243,151,0,0,8.8,6.2,2022-11-12T15:00:00Z,90,8,0,0,0,0,16,0,792326,1,0,3,71.0,5,308782,343040,34258,58,True,0,2022-23,16,5.8,,,,,,,,,,,,,FWD,dominic solanke,0,74.0,80.0,3.0,4.6,0.0,0.0,0.0,0.0,0.0,76.4,0.955,4.720000000000001,3.8773,3.0,2.25,0,0,0
Gabriel Fernando de Jesus,FWD,Arsenal,4.8,0,0,9,1,9.3,28,0.13071,0.50271,0.372,0.4928,160,0,0,7.0,6.2,2022-11-12T19:45:00Z,90,20,0,0,0,0,16,0,6357613,1,2,0,54.0,2,-71731,202097,273828,80,False,0,2022-23,16,8.0,,,,,,,,,,,,,FWD,gabriel fernando de jesus,0,90.0,88.2,4.333333333333333,4.0,0.0,0.0,0.0,0.6,0.0,89.28,1.0,6.666666666666667,5.6,3.0,3.09,1,0,0
Granit Xhaka,MID,Arsenal,2.8,0,0,3,0,0.2,3,0.00226,0.00226,0.0,0.0,160,0,0,0.0,0.0,2022-11-12T19:45:00Z,15,20,0,0,0,0,16,0,420636,1,2,0,0.0,1,-11525,23835,35360,51,False,0,2022-23,16,5.1,,,,,,,,,,,,,MID,granit xhaka,0,84.66666666666667,86.8,5.333333333333333,4.2,0.0,0.0,0.0,0.6,0.0,85.52000000000001,1.0,6.306666666666667,3.5699999999999994,3.0,2.68,0,0,0
Harry Kane,FWD,Spurs,7.2,1,2,45,0,23.7,427,0.03902,0.60012,0.5611,1.2076,158,3,1,10.7,40.6,2022-11-12T15:00:00Z,90,11,0,0,0,0,16,0,2825707,1,3,4,43.0,11,54563,199648,145085,116,True,0,2022-23,16,11.6,,,,,,,,,,,,,FWD,harry kane,0,90.0,90.0,5.666666666666667,5.6,0.0,0.0,0.0,0.2,0.0,90.0,1.0,9.173333333333334,8.12,3.0,4.39,1,0,0
James Justin,DEF,Leicester,0.0,0,0,0,0,0.0,268,0.0,0.0,0.0,0.0,159,0,0,0.0,0.0,2022-11-12T15:00:00Z,0,19,0,0,0,0,16,0,203788,0,2,0,0.0,0,-32979,27328,60307,43,False,0,2022-23,16,4.3,,,,,,,,,,,,,DEF,james justin,0,89.0,89.4,5.0,5.6,0.0,0.0,0.0,0.8,0.0,89.16,1.0,5.72,3.01,6.2,4.51,1,0,0
Kevin De Bruyne,MID,Man City,7.7,0,0,11,0,49.5,301,0.54814,0.64564,0.0975,1.2862,155,2,0,10.2,19.0,2022-11-12T12:30:00Z,90,4,0,0,0,0,16,0,4109121,1,2,1,33.0,2,27040,149266,122226,126,True,0,2022-23,16,12.6,,,,,,,,,,,,,MID,kevin de bruyne,0,90.0,85.8,9.0,7.0,0.0,0.0,0.0,0.4,0.0,88.32,1.0,12.24,8.819999999999999,3.0,5.41,1,0,0
Kieran Trippier,DEF,Newcastle,9.5,0,2,27,1,40.2,357,0.19575,0.19575,0.0,0.2957,156,0,0,6.1,18.4,2022-11-12T17:30:00Z,90,6,0,0,0,0,16,0,6988416,1,0,1,2.0,7,106887,144257,37370,59,True,1,2022-23,16,5.9,,,,,,,,,,,,,DEF,kieran trippier,0,86.33333333333333,87.8,8.333333333333334,8.0,0.0,0.0,0.0,0.8,0.0,86.91999999999999,1.0,9.026666666666667,4.13,6.2,5.1,1,0,0
Mohamed Salah,MID,Liverpool,9.0,0,0,-2,0,5.1,283,0.02508,0.80338,0.7783,1.0531,154,1,0,7.5,8.2,2022-11-12T15:00:00Z,90,17,0,0,0,0,16,0,3491354,1,1,3,62.0,2,275117,303573,28456,128,True,0,2022-23,16,12.8,,,,,,,,,,,,,MID,mohamed salah,0,90.0,89.8,8.0,7.0,0.0,0.0,0.0,0.4,0.0,89.92,1.0,11.52,8.959999999999999,3.0,5.55,1,1,0
Sean Longstaff,MID,Newcastle,1.8,0,0,1,1,17.8,370,0.02468,0.45608,0.4314,0.2957,156,0,0,6.4,7.2,2022-11-12T17:30:00Z,90,6,0,0,0,0,16,0,197914,1,0,1,39.0,2,-16291,4564,20855,44,True,1,2022-23,16,4.4,,,,,,,,,,,,,MID,sean longstaff,0,90.0,90.0,3.333333333333333,3.2,0.0,0.0,0.0,0.6,0.0,90.0,1.0,4.426666666666668,3.08,3.0,2.45,0,0,0
Sven Botman,DEF,Newcastle,4.5,0,1,26,1,1.0,377,0.00498,0.00498,0.0,0.2957,156,0,0,1.7,15.8,2022-11-12T17:30:00Z,86,6,0,0,0,0,16,0,288079,1,0,1,0.0,7,7102,23280,16178,44,True,0,2022-23,16,4.4,,,,,,,,,,,,,DEF,sven botman,0,83.33333333333333,86.0,3.333333333333333,4.8,0.0,0.0,0.0,0.6,0.0,84.39999999999999,1.0,4.426666666666668,3.08,5.4,4.51,1,0,0
William Saliba,DEF,Arsenal,7.5,0,0,26,1,2.2,26,0.01422,0.01422,0.0,0.4928,160,0,0,1.8,15.6,2022-11-12T19:45:00Z,90,20,0,0,0,0,16,0,3743718,1,2,0,0.0,6,193262,226894,33632,53,False,0,2022-23,16,5.3,,,,,,,,,,,,,DEF,william saliba,0,85.0,87.0,5.666666666666667,4.6,0.0,0.0,0.0,0.6,0.0,85.80000000000001,1.0,6.653333333333334,3.71,5.4,4.84,1,0,0
Youri Tielemans,MID,Leicester,4.0,0,0,-6,0,0.7,259,0.02026,0.86176,0.8415,1.0092,159,0,0,4.0,15.6,2022-11-12T15:00:00Z,54,19,0,1,0,0,16,0,186892,1,2,0,24.0,-1,22257,27610,5353,63,False,0,2022-23,16,6.3,,,,,,,,,,,,,MID,youri tielemans,0,90.0,88.2,7.0,5.2,0.0,0.0,0.0,0.8,0.0,89.28,1.0,8.120000000000001,4.409999999999999,3.0,3.16,1,0,0
Benjamin White,DEF,Arsenal,2.5,0,0,20,0,22.5,10,0.32862,0.32862,0.0,1.0694,161,1,0,4.6,19.0,2022-12-26T20:00:00Z,90,19,0,0,0,0,17,0,1507857,1,1,3,4.0,2,466749,779158,312409,47,True,0,2022-23,17,4.7,,,,,,,,,,,,,DEF,benjamin white,0,90.0,83.2,6.333333333333333,6.2,0.1247359999999997,0.00752,0.1172160000000002,0.8,0.0,87.28,1.0,6.946666666666666,3.29,6.823679999999999,5.05,1,0,0
Christian Eriksen,MID,Man Utd,5.5,1,0,18,1,30.8,519,0.15057,0.24307,0.0925,0.5881,169,0,0,6.7,20.8,2022-12-27T20:00:00Z,76,16,0,0,0,0,17,0,344751,1,0,3,15.0,5,35459,78469,43010,63,True,1,2022-23,17,6.3,,,,,,,,,,,,,MID,christian eriksen,0,86.0,68.0,7.666666666666667,5.4,0.2345419999999996,0.2043600000000001,0.0301820000000001,0.4,0.0,78.80000000000001,0.985,8.653333333333334,4.34385,4.172709999999999,3.67,1,0,0
Daniel Amartey,DEF,Leicester,1.0,0,0,13,0,1.9,257,0.00989,0.00989,0.0,1.902,168,3,0,2.2,20.2,2022-12-26T15:00:00Z,90,15,0,0,0,0,17,0,125817,1,3,0,0.0,1,72802,125346,52544,43,True,0,2022-23,17,4.3,,,,,,,,,,,,,DEF,daniel amartey,0,90.0,90.0,5.0,6.0,0.0072939999999996,0.00694,0.000354,0.8,0.0,90.0,1.0,5.72,3.01,6.236469999999999,4.57,1,0,0
Danny Ings,FWD,Aston Villa,0.0,0,0,3,0,0.3,30,0.00277,0.00277,0.0,0.0517,162,0,0,0.2,1.2,2022-12-26T17:30:00Z,4,12,0,0,0,0,17,0,201134,0,3,1,0.0,1,57936,114258,56322,66,True,0,2022-23,17,6.6,,,,,,,,,,,,,FWD,danny ings,0,61.0,68.2,5.333333333333333,6.0,0.2270319999999997,0.217,0.010032,0.2,0.0,63.88,0.7985,6.906666666666666,3.689069999999999,4.135159999999999,2.93,0,0,0
Danny Ward,GK,Leicester,1.0,0,0,16,0,0.0,254,0.00012,0.00012,0.0,1.902,168,3,0,1.6,16.0,2022-12-26T15:00:00Z,90,15,0,0,0,0,17,2,3491200,1,3,0,0.0,1,555285,758313,203028,41,True,0,2022-23,17,4.1,,,,,,,,,,,,,GK,danny ward,0,90.0,90.0,6.666666666666667,7.4,6.399999999977797e-05,0.0,6.400000000008882e-05,0.8,3.8,90.0,1.0,6.973333333333334,2.87,6.20032,5.78,0,0,0
Dean Henderson,GK,Nott'm Forest,0.0,0,0,0,0,0.0,398,0.0,0.0,0.0,0.0,169,0,0,0.0,0.0,2022-12-27T20:00:00Z,0,14,0,0,0,0,17,0,1063441,0,0,3,0.0,0,-294484,96532,391016,47,False,0,2022-23,17,4.7,,,,,,,,,,,,,GK,dean henderson,0,90.0,90.0,2.333333333333333,5.8,9.99999999964473e-06,0.0,1.000000000008882e-05,0.6,3.6,90.0,1.0,3.746666666666667,3.29,5.400049999999999,5.8,1,1,0
Fabian Schär,DEF,Newcastle,6.0,0,0,24,1,0.3,366,0.00384,0.11994,0.1161,0.5162,168,0,0,2.0,15.6,2022-12-26T15:00:00Z,90,10,0,0,0,0,17,0,1221004,1,3,0,4.0,6,-36196,241188,277384,49,False,0,2022-23,17,4.9,,,,,,,,,,,,,DEF,fabian schär,0,87.33333333333333,88.4,5.0,4.4,0.0129759999999996,0.0119799999999997,0.0009960000000001,0.6,0.0,87.76,1.0,5.96,3.43,5.464879999999998,4.68,1,0,0
Harry Kane,FWD,Spurs,7.5,0,1,25,0,4.3,427,0.01552,0.40322,0.3877,2.1526,163,2,1,9.3,36.4,2022-12-26T12:30:00Z,90,4,0,0,0,0,17,0,3106845,1,2,2,52.0,7,260483,788060,527577,116,False,0,2022-23,17,11.6,,,,,,,,,,,,,FWD,harry kane,0,90.0,90.0,6.666666666666667,6.0,0.1200239999999994,0.1122199999999997,0.0078040000000001,0.0,0.0,90.0,1.0,9.973333333333333,8.12,3.600119999999997,4.39,1,0,0
Kevin De Bruyne,MID,Man City,3.0,0,0,17,0,59.1,301,0.46787,0.62457,0.1567,0.5856,167,1,0,8.9,17.4,2022-12-28T20:00:00Z,90,11,0,0,0,0,17,0,4357075,1,3,1,12.0,2,219622,706636,487014,126,False,0,2022-23,17,12.6,,,,,,,,,,,,,MID,kevin de bruyne,0,90.0,90.0,6.666666666666667,6.2,0.1291279999999993,0.0194999999999997,0.109628,0.2,0.0,90.0,1.0,10.373333333333337,8.819999999999999,3.6456399999999967,5.37,1,0,0
Kieffer Moore,FWD,Bournemouth,1.5,0,0,3,0,2.2,62,0.01507,0.01507,0.0,1.7392,164,2,0,0.2,0.0,2022-12-27T17:30:00Z,84,6,0,0,0,0,17,0,163019,1,0,2,2.0,2,27806,101724,73918,54,False,0,2022-23,17,5.4,,,,,,,,,,,,,FWD,kieffer moore,0,82.0,59.6,7.0,4.6,0.1757579999999993,0.1709999999999998,0.004758,0.2,0.0,73.03999999999999,0.913,7.760000000000001,3.45114,3.878789999999997,2.75,0,0,0
Kieran Trippier,DEF,Newcastle,12.0,1,3,46,1,60.9,357,0.15758,0.15758,0.0,0.5162,168,0,0,10.3,41.8,2022-12-26T15:00:00Z,90,10,0,0,0,0,17,0,7227104,1,3,0,0.0,12,189946,296734,106788,59,False,0,2022-23,17,5.9,,,,,,,,,,,,,DEF,kieran trippier,0,86.33333333333333,87.8,10.0,8.2,0.0391499999999993,0.0,0.03915,0.8,0.0,86.91999999999999,1.0,10.36,4.13,6.395749999999997,5.1,1,0,0
Martin Ødegaard,MID,Arsenal,11.5,2,3,41,0,67.8,7,0.2591,0.6384,0.3793,1.0694,161,1,0,14.7,38.8,2022-12-26T20:00:00Z,90,19,0,0,0,0,17,0,1836698,1,1,3,40.0,11,437883,672601,234718,64,True,0,2022-23,17,6.4,,,,,,,,,,,,,MID,martin ødegaard,0,88.66666666666667,84.0,9.666666666666666,7.4,0.2396919999999992,0.2331199999999999,0.006572,0.8,0.0,86.80000000000001,1.0,10.293333333333331,4.48,4.198459999999996,4.21,1,0,0
Mohamed Salah,MID,Liverpool,13.0,1,2,33,0,43.9,283,0.04369,0.94749,0.9038,1.2996,162,1,1,14.8,55.8,2022-12-26T17:30:00Z,90,2,0,0,0,0,17,0,3599066,1,3,1,48.0,12,100322,630382,530060,128,False,0,2022-23,17,12.8,,,,,,,,,,,,,MID,mohamed salah,0,90.0,90.0,8.0,5.8,0.1606759999999991,0.1556599999999998,0.005016,0.2,0.0,90.0,1.0,11.52,8.959999999999999,3.803379999999996,5.45,1,0,1
Sean Longstaff,MID,Newcastle,3.0,0,0,5,1,1.5,370,0.00977,0.00977,0.0,0.5162,168,0,0,1.1,7.6,2022-12-26T15:00:00Z,90,10,0,0,0,0,17,0,162471,1,3,0,2.0,3,-36273,15025,51298,44,False,0,2022-23,17,4.4,,,,,,,,,,,,,MID,sean longstaff,0,90.0,90.0,2.333333333333333,3.0,0.091215999999999,0.0862799999999999,0.004936,0.6,0.0,90.0,1.0,3.626666666666667,3.08,3.456079999999995,3.06,0,0,0
William Saliba,DEF,Arsenal,2.5,0,0,9,0,1.0,26,0.00784,0.42284,0.415,1.0694,161,1,0,5.1,16.8,2022-12-26T20:00:00Z,90,19,0,0,0,0,17,0,3873055,1,1,3,33.0,2,104894,532294,427400,53,True,0,2022-23,17,5.3,,,,,,,,,,,,,DEF,william saliba,0,85.0,87.0,7.0,5.6,0.002843999999999,0.0,0.002844,0.8,0.0,85.80000000000001,1.0,7.720000000000001,3.71,6.214219999999996,4.84,1,0,0
Benjamin White,DEF,Arsenal,2.0,0,0,6,0,0.3,10,0.00079,0.00079,0.0,0.3613,172,0,0,0.9,6.4,2022-12-31T17:30:00Z,59,5,0,0,0,0,18,0,1540150,1,4,2,2.0,1,30308,67393,37085,47,False,0,2022-23,18,4.7,,,,,,,,,,,,,DEF,benjamin white,0,90.0,86.2,5.0,5.4,0.1904599999999997,0.00752,0.1829400000000002,0.6,0.0,88.48,1.0,5.88,3.29,6.352299999999999,5.33,1,0,0
Christian Eriksen,MID,Man Utd,4.0,0,0,14,1,20.3,519,0.06712,0.06712,0.0,0.3905,180,0,0,2.7,6.8,2022-12-31T12:30:00Z,60,20,0,0,0,0,18,0,348773,1,1,0,0.0,3,2497,13721,11224,63,False,0,2022-23,18,6.3,,,,,,,,,,,,,MID,christian eriksen,0,85.33333333333333,82.6,6.666666666666667,6.2,0.2831559999999996,0.2228600000000001,0.0602960000000001,0.6,0.0,84.24,1.0,7.853333333333333,4.409999999999999,4.415779999999998,4.11,1,0,0
Daniel Amartey,DEF,Leicester,0.0,0,0,15,0,0.3,257,0.00147,0.00147,0.0,2.1245,174,2,0,2.6,25.4,2022-12-30T20:00:00Z,90,12,0,0,0,0,18,0,122850,1,1,2,0.0,1,-2779,5907,8686,43,False,0,2022-23,18,4.3,,,,,,,,,,,,,DEF,daniel amartey,0,90.0,90.0,4.666666666666667,4.4,0.0092719999999996,0.00694,0.002332,0.6,0.0,90.0,1.0,5.453333333333334,3.01,5.446359999999999,4.57,1,0,0
Danny Ward,GK,Leicester,1.0,0,1,20,0,0.0,254,0.00014,0.00014,0.0,2.1245,174,2,0,3.9,38.6,2022-12-30T20:00:00Z,90,12,0,0,0,0,18,5,3466571,1,1,2,0.0,3,-25652,24355,50007,41,False,0,2022-23,18,4.1,,,,,,,,,,,,,GK,danny ward,0,90.0,90.0,6.0,5.8,8.799999999977795e-05,0.0,8.800000000008882e-05,0.6,3.8,90.0,1.0,6.44,2.87,5.400439999999999,5.78,1,1,0
Darwin Núñez Ribeiro,FWD,Liverpool,4.5,1,0,9,0,24.5,297,0.09565,0.77205,0.6764,0.9925,174,1,0,10.6,9.2,2022-12-30T20:00:00Z,90,10,0,0,0,0,18,0,1839309,1,1,2,72.0,5,-76701,85078,161779,90,True,0,2022-23,18,9.0,,,,,,,,,,,,,FWD,darwin núñez ribeiro,0,86.33333333333333,69.8,7.333333333333333,4.8,0.4450559999999998,0.37786,0.0671960000000001,0.0,0.0,79.72,0.9965,9.466666666666669,6.27795,5.225279999999999,4.29,1,0,0
Fabian Schär,DEF,Newcastle,6.0,0,0,17,1,4.2,366,0.19894,0.52454,0.3256,0.4746,176,0,0,4.1,7.6,2022-12-31T15:00:00Z,90,11,0,0,0,0,18,0,1283324,1,0,0,29.0,6,57864,85844,27980,49,True,0,2022-23,18,4.9,,,,,,,,,,,,,DEF,fabian schär,0,90.0,88.4,5.0,4.6,0.0369639999999996,0.0351999999999997,0.0017640000000001,0.6,0.0,89.36000000000001,1.0,5.96,3.43,5.584819999999998,4.83,1,0,0
Harry Kane,FWD,Spurs,5.0,0,0,4,0,3.4,427,0.01989,0.24909,0.2292,1.0022,178,2,0,2.9,1.2,2023-01-01T14:00:00Z,90,2,0,0,0,0,18,0,3143973,1,2,0,24.0,2,29716,90952,61236,116,True,0,2022-23,18,11.6,,,,,,,,,,,,,FWD,harry kane,0,90.0,90.0,8.666666666666666,7.0,0.2006679999999994,0.1897599999999997,0.0109080000000001,0.0,0.0,90.0,1.0,11.573333333333334,8.12,4.003339999999997,4.39,1,0,0
Ivan Toney,FWD,Brentford,8.5,1,3,43,1,26.3,80,0.17975,0.90595,0.7262,1.2066,179,0,1,14.3,60.6,2022-12-30T19:45:00Z,90,19,0,0,0,0,18,0,2743492,1,2,0,56.0,12,240170,325610,85440,75,False,0,2022-23,18,7.5,,,,,,,,,,,,,FWD,ivan toney,0,60.0,72.0,6.0,4.2,0.3875659999999993,0.3669199999999996,0.020646,0.0,0.0,64.8,0.8099999999999999,7.800000000000001,4.2525,4.937829999999996,3.65,0,0,0
James Ward-Prowse,MID,Southampton,6.0,0,2,26,0,16.8,407,0.24429,0.33619,0.0919,1.5336,173,2,1,6.3,38.8,2022-12-31T15:00:00Z,90,9,1,0,0,0,18,0,493174,1,1,2,7.0,7,-3592,6344,9936,62,False,0,2022-23,18,6.2,,,,,,,,,,,,,MID,james ward-prowse,0,90.0,90.0,4.0,3.2,0.2526519999999992,0.1971599999999997,0.055492,0.0,0.0,90.0,1.0,5.680000000000001,4.34,4.263259999999996,3.72,0,0,0
Kieran Trippier,DEF,Newcastle,10.0,0,3,37,1,88.9,357,0.32194,0.38904,0.0671,0.4746,176,0,0,11.5,18.4,2022-12-31T15:00:00Z,90,11,0,0,0,0,18,0,7342630,1,0,0,8.0,8,93607,103565,9958,59,True,1,2022-23,18,5.9,,,,,,,,,,,,,DEF,kieran trippier,0,86.33333333333333,87.8,10.333333333333334,8.8,0.0706659999999993,0.0,0.070666,0.8,0.0,86.91999999999999,1.0,10.626666666666669,4.13,6.553329999999997,5.22,1,0,0
Martin Ødegaard,MID,Arsenal,12.5,1,3,46,0,44.3,7,0.77473,0.83703,0.0623,1.0047,172,2,1,13.0,58.8,2022-12-31T17:30:00Z,86,5,0,0,0,0,18,0,2070142,1,4,2,27.0,13,223732,240431,16699,65,False,0,2022-23,18,6.5,,,,,,,,,,,,,MID,martin ødegaard,0,88.66666666666667,87.6,10.0,8.4,0.3673719999999992,0.3089799999999999,0.058392,0.6,0.0,88.24000000000001,1.0,10.6,4.55,4.836859999999996,4.76,1,0,0
Mohamed Salah,MID,Liverpool,8.0,0,0,4,0,11.4,283,0.04975,0.88115,0.8314,0.9925,174,1,0,7.4,11.0,2022-12-30T20:00:00Z,90,10,0,0,0,0,18,0,3793703,1,1,2,52.0,2,181941,194471,12530,128,True,0,2022-23,18,12.8,,,,,,,,,,,,,MID,mohamed salah,0,90.0,90.0,9.666666666666666,7.6,0.3501739999999992,0.3364199999999998,0.013754,0.0,0.0,90.0,1.0,12.853333333333335,8.959999999999999,4.750869999999996,5.48,1,0,1
Nick Pope,GK,Newcastle,6.0,0,0,23,1,0.0,376,9e-05,9e-05,0.0,0.4746,176,0,0,1.1,10.8,2022-12-31T15:00:00Z,90,11,0,0,0,0,18,1,2323021,1,0,0,0.0,6,51919,77788,25869,53,True,0,2022-23,18,5.3,,,,,,,,,,,,,GK,nick pope,0,90.0,90.0,4.666666666666667,4.4,0.0002759999999989,0.0,0.0002759999999999,0.6,2.2,90.0,1.0,5.8533333333333335,3.71,5.401379999999994,5.59,0,0,0
Saïd Benrahma,MID,West Ham,4.5,0,0,7,0,42.3,464,0.15301,0.15301,0.0,1.6274,179,2,0,5.9,12.6,2022-12-30T19:45:00Z,90,4,0,0,0,0,18,0,110695,1,2,0,4.0,2,15897,18978,3081,56,True,0,2022-23,18,5.6,,,,,,,,,,,,,MID,saïd benrahma,0,81.0,84.6,5.333333333333333,5.2,0.2457439999999991,0.2379799999999999,0.007764,0.2,0.0,82.44,1.0,6.506666666666666,3.92,4.228719999999996,3.76,0,0,0
William Saliba,DEF,Arsenal,2.0,0,0,9,0,0.2,26,0.0007,0.129,0.1283,1.1451,172,2,0,1.8,13.4,2022-12-31T17:30:00Z,90,5,0,0,0,0,18,0,3883623,1,4,2,4.0,1,1665,74562,72897,53,False,0,2022-23,18,5.3,,,,,,,,,,,,,DEF,william saliba,0,90.0,87.0,5.333333333333333,5.0,0.087411999999999,0.0829999999999999,0.004412,0.6,0.0,88.80000000000001,1.0,6.386666666666667,3.71,5.837059999999996,5.25,1,0,0
Aaron Ramsdale,GK,Arsenal,4.2,0,0,22,1,0.0,15,0.00165,0.00165,0.0,1.0801,181,0,0,0.7,7.4,2023-01-03T19:45:00Z,90,15,0,0,0,0,19,1,1308952,1,0,0,0.0,6,-45467,10521,55988,49,True,0,2022-23,19,4.9,,,,,,,,,,,,,GK,aaron ramsdale,0,90.0,90.0,3.6666666666666665,4.6,0.002578,0.0,0.0025779999999999,0.6,2.2,90.0,1.0,4.8933333333333335,3.43,5.41289,5.42,0,0,0
Aleksandar Mitrović,FWD,Fulham,9.5,0,0,0,0,0.0,210,0.0,0.0,0.0,0.0,64,0,0,0.0,0.0,2023-01-12T20:00:00Z,0,6,0,0,0,0,19,0,3777005,0,1,2,0.0,0,947878,994049,46171,71,True,0,2022-23,19,7.1,,,,,,,,,,,,,FWD,aleksandar mitrović,0,88.0,52.8,6.666666666666667,4.0,0.5136519999999999,0.46892,0.044732,0.4,0.0,73.92,0.924,8.173333333333334,4.59228,5.56826,4.35,0,0,0
Dan Burn,DEF,Newcastle,5.5,0,0,20,1,1.2,358,0.0045,0.0045,0.0,1.1332,181,0,0,1.9,11.4,2023-01-03T19:45:00Z,90,1,0,0,0,0,19,0,222883,1,0,0,6.0,6,2778,9526,6748,45,False,0,2022-23,19,4.5,,,,,,,,,,,,,DEF,dan burn,0,90.0,90.0,6.0,5.2,0.1289919999999997,0.11752,0.0114720000000001,0.8,0.0,90.0,1.0,6.6000000000000005,3.15,6.844959999999999,5.47,1,0,0
Darwin Núñez Ribeiro,FWD,Liverpool,3.7,0,0,-4,0,2.3,297,0.01458,0.81618,0.8016,1.9671,183,3,0,7.1,0.4,2023-01-02T17:30:00Z,90,4,0,0,0,0,19,0,1728272,1,1,3,68.0,1,-113998,91400,205398,90,False,1,2022-23,19,9.0,,,,,,,,,,,,,FWD,darwin núñez ribeiro,0,87.66666666666667,87.8,6.666666666666667,5.8,0.5994659999999997,0.5131399999999999,0.0863260000000001,0.0,0.0,87.72,1.0,8.933333333333334,6.3,5.997329999999998,5.3,1,0,0
David De Gea Quintana,GK,Man Utd,7.0,0,0,27,1,0.0,327,0.0048,0.0048,0.0,0.4937,189,0,0,3.6,35.8,2023-01-03T20:00:00Z,90,3,0,0,0,0,19,4,1021733,1,0,3,0.0,7,66116,79638,13522,49,True,0,2022-23,19,4.9,,,,,,,,,,,,,GK,david de gea quintana,0,90.0,90.0,6.0,5.4,0.0001719999999996,0.0,0.000172,0.6,3.4,90.0,1.0,6.760000000000001,3.43,5.400859999999998,5.82,1,0,1
Fabian Schär,DEF,Newcastle,5.5,0,0,24,1,20.5,366,0.06889,0.39349,0.3246,1.1332,181,0,0,4.9,11.0,2023-01-03T19:45:00Z,90,1,0,0,0,0,19,0,1334526,1,0,0,17.0,6,49825,81562,31737,49,False,0,2022-23,19,4.9,,,,,,,,,,,,,DEF,fabian schär,0,90.0,88.4,6.333333333333333,5.4,0.1418719999999996,0.1003199999999997,0.0415520000000001,0.8,0.0,89.36000000000001,1.0,7.026666666666666,3.43,6.909359999999998,5.46,1,0,0
Ivan Toney,FWD,Brentford,2.4,0,0,0,0,0.0,80,0.0,0.0,0.0,0.0,183,0,0,0.0,0.0,2023-01-02T17:30:00Z,0,12,0,0,0,0,19,0,2396801,0,1,3,0.0,0,-339392,104037,443429,75,True,0,2022-23,19,7.5,,,,,,,,,,,,,FWD,ivan toney,0,90.0,72.0,10.0,6.2,0.5687559999999994,0.5121599999999995,0.056596,0.2,0.0,82.8,1.0,11.0,5.25,5.843779999999997,4.93,1,0,0
Kevin De Bruyne,MID,Man City,2.5,0,0,18,1,49.0,301,0.38496,0.56736,0.1824,0.4098,184,0,0,9.4,21.0,2023-01-05T20:00:00Z,90,6,0,0,0,0,19,0,3996343,1,1,0,24.0,3,-239274,28130,267404,125,False,0,2022-23,19,12.5,,,,,,,,,,,,,MID,kevin de bruyne,0,90.0,90.0,1.6666666666666667,4.6,0.3576819999999993,0.0969999999999997,0.2606819999999999,0.2,0.0,90.0,1.0,6.333333333333334,8.75,4.788409999999997,5.42,1,0,0
Kiernan Dewsbury-Hall,MID,Leicester,3.7,0,0,0,0,0.0,266,0.0,0.0,0.0,0.0,188,0,0,0.0,0.0,2023-01-03T19:45:00Z,0,9,0,0,0,0,19,0,90875,0,1,0,0.0,0,7240,9735,2495,49,True,0,2022-23,19,4.9,,,,,,,,,,,,,MID,kiernan dewsbury-hall,0,82.66666666666667,74.0,4.666666666666667,3.6,0.2755599999999993,0.1592399999999998,0.11632,0.4,0.0,79.2,0.99,5.693333333333334,3.3957,4.377799999999997,3.63,0,0,0
Luke Shaw,DEF,Man Utd,10.7,0,3,40,1,29.6,332,0.10317,0.44537,0.3422,0.4937,189,0,1,9.4,47.4,2023-01-03T20:00:00Z,90,3,0,0,0,0,19,0,1211079,1,0,3,17.0,15,357707,370143,12436,50,True,0,2022-23,19,5.0,,,,,,,,,,,,,DEF,luke shaw,0,90.0,84.8,6.333333333333333,5.6,0.1037859999999991,0.0,0.103786,0.6,0.0,87.92,1.0,7.066666666666666,3.5,5.918929999999996,5.09,1,0,0
Martin Ødegaard,MID,Arsenal,9.2,0,0,7,1,43.3,7,0.18336,0.40036,0.217,1.0801,181,0,0,6.3,6.8,2023-01-03T19:45:00Z,90,15,0,0,0,0,19,0,2459245,1,0,0,13.0,2,378103,394955,16852,66,True,1,2022-23,19,6.6,,,,,,,,,,,,,MID,martin ødegaard,0,88.66666666666667,88.4,13.333333333333334,10.6,0.5347779999999992,0.3214399999999999,0.213338,0.6,0.0,88.56,1.0,13.306666666666668,4.619999999999999,5.6738899999999965,5.48,1,0,0
Mohamed Salah,MID,Liverpool,6.3,0,0,12,0,32.2,283,0.44719,0.49699,0.0498,1.9671,183,3,0,6.6,6.2,2023-01-02T17:30:00Z,90,4,0,0,0,0,19,0,3862989,1,1,3,28.0,2,62191,137388,75197,129,False,0,2022-23,19,12.9,,,,,,,,,,,,,MID,mohamed salah,0,90.0,90.0,5.333333333333333,7.6,0.5264039999999992,0.5026999999999999,0.023704,0.0,0.0,90.0,1.0,9.426666666666666,9.03,5.632019999999996,6.63,1,1,0
Rodrigo Hernandez,MID,Man City,4.8,0,0,13,1,7.1,315,0.04716,0.04716,0.0,0.3704,184,0,0,3.2,21.0,2023-01-05T20:00:00Z,85,6,0,0,0,0,19,0,171133,1,1,0,4.0,3,184,3654,3470,56,False,0,2022-23,19,5.6,,,,,,,,,,,,,MID,rodrigo hernandez,0,90.0,90.0,4.0,3.4,0.402145999999999,0.2686599999999999,0.133486,0.2,0.0,90.0,1.0,5.44,3.92,5.010729999999995,4.54,0,0,0
Sven Botman,DEF,Newcastle,5.5,0,0,23,1,0.4,377,0.00302,0.00302,0.0,1.1332,181,0,0,1.8,16.0,2023-01-03T19:45:00Z,90,1,0,0,0,0,19,0,466567,1,0,0,2.0,6,15759,29913,14154,44,False,0,2022-23,19,4.4,,,,,,,,,,,,,DEF,sven botman,0,88.66666666666667,85.2,6.333333333333333,5.4,0.076705999999999,0.0737599999999999,0.002946,0.8,0.0,87.28,1.0,6.826666666666666,3.08,6.583529999999996,5.08,1,0,0
William Saliba,DEF,Arsenal,3.8,0,1,25,1,1.6,26,0.01278,0.01278,0.0,1.0801,181,0,0,1.7,15.2,2023-01-03T19:45:00Z,90,15,0,0,0,0,19,0,3811156,1,0,0,0.0,7,-72896,53658,126554,53,True,0,2022-23,19,5.3,,,,,,,,,,,,,DEF,william saliba,0,90.0,87.0,3.0,4.8,0.113211999999999,0.1086599999999999,0.004552,0.6,0.0,88.80000000000001,1.0,4.5200000000000005,3.71,5.966059999999995,5.45,1,0,0
Bernd Leno,GK,Fulham,0.7,0,0,0,0,0.0,2,0.0,0.0,0.0,0.0,4,0,0,0.0,0.0,2022-08-06T11:30:00Z,0,12,0,0,0,0,1,0,116351,0,2,2,0.0,0,0,0,0,45,True,0,2022-23,1,4.5,,,,,,,,,,,,,GK,bernd leno,0,90.0,90.0,7.0,6.5,0.3899999999999996,0.2174999999999999,0.1725000000000003,0.75,0.0,90.0,1.0,7.4,3.15,7.949999999999998,6.93,1,0,0
Bryan Gil Salvatierra,MID,Spurs,2.1,0,0,0,0,0.0,554,0.0,0.0,0.0,0.0,8,0,0,0.0,0.0,2022-08-06T14:00:00Z,0,17,0,0,0,0,1,0,1410,0,1,4,0.0,0,0,0,0,50,True,0,2022-23,1,5.0,,,,,,,,,,,,,MID,bryan gil salvatierra,0,90.0,86.0,5.0,4.5,0.4199999999999997,0.1449999999999999,0.2750000000000002,0.0,0.0,88.4,1.0,6.0,3.5,5.099999999999999,4.17,0,0,0
Harry Kane,FWD,Spurs,4.4,0,0,4,0,22.2,427,0.0,0.0,0.0,0.0,8,1,0,7.1,14.6,2022-08-06T14:00:00Z,90,17,0,0,0,0,1,0,2286082,0,1,4,34.0,2,0,0,0,115,True,0,2022-23,1,11.5,,,,,,,,,,,,,FWD,harry kane,0,0.0,0.0,0.0,0.0,0.0,0.0,0.0,0.0,0.0,90.0,1.0,4.6000000000000005,8.049999999999999,3.0,4.36,0,0,0
Ilkay Gündogan,MID,Man City,3.6,0,0,11,1,26.4,300,0.0,0.0,0.0,0.0,10,0,0,5.1,3.8,2022-08-07T15:30:00Z,77,19,0,0,0,0,1,0,75393,0,2,0,21.0,3,0,0,0,75,False,0,2022-23,1,7.5,,,,,,,,,,,,,MID,ilkay gündogan,0,90.0,90.0,2.0,2.0,0.4099999999999991,0.3749999999999996,0.035,0.0,0.0,90.0,1.0,4.6,5.25,5.049999999999995,5.08,1,0,0
Jan Bednarek,DEF,Southampton,1.4,0,0,18,0,21.0,410,0.0,0.0,0.0,0.0,8,4,0,4.0,14.6,2022-08-06T14:00:00Z,90,18,0,0,0,0,1,0,42818,0,1,4,4.0,0,0,0,0,45,False,0,2022-23,1,4.5,,,,,,,,,,,,,DEF,jan bednarek,0,84.5,85.75,6.5,5.5,0.462499999999999,0.4399999999999996,0.0225000000000001,0.5,0.0,85.0,1.0,7.0,3.15,7.312499999999995,7.33,1,0,1
Jannik Vestergaard,DEF,Leicester,1.0,0,0,0,0,0.0,253,0.0,0.0,0.0,0.0,6,0,0,0.0,0.0,2022-08-07T13:00:00Z,0,4,0,0,0,0,1,0,799742,0,2,2,0.0,0,0,0,0,40,True,0,2022-23,1,4.0,,,,,,,,,,,,,DEF,jannik vestergaard,0,90.0,90.0,4.0,4.0,0.314999999999999,0.2674999999999996,0.0475000000000001,0.5,0.0,90.0,1.0,4.800000000000001,2.8,6.574999999999996,6.29,1,0,0
Junior Stanislas,MID,Bournemouth,1.1,0,0,3,0,0.0,58,0.0,0.0,0.0,0.0,2,0,0,0.0,0.0,2022-08-06T14:00:00Z,1,2,0,0,0,0,1,0,9491,0,0,2,0.0,1,0,0,0,50,True,0,2022-23,1,5.0,,,,,,,,,,,,,MID,junior stanislas,0,76.5,73.5,5.0,6.0,0.4624999999999991,0.3624999999999996,0.1000000000000001,0.75,0.0,75.3,0.94125,6.0,3.294375,5.312499999999996,4.86,1,0,0
Kevin De Bruyne,MID,Man City,4.7,1,0,24,1,43.0,301,0.0,0.0,0.0,0.0,10,0,0,8.7,24.4,2022-08-07T15:30:00Z,87,19,0,0,0,0,1,0,1151254,0,2,0,20.0,6,0,0,0,120,False,0,2022-23,1,12.0,,,,,,,,,,,,,MID,kevin de bruyne,0,90.0,90.0,3.0,3.5,0.0474999999999991,0.0324999999999997,0.015,0.25,0.0,90.0,1.0,7.200000000000001,8.399999999999999,3.237499999999996,5.14,1,0,0
Kevin Mbabu,DEF,Fulham,0.4,0,0,0,0,0.0,532,0.0,0.0,0.0,0.0,4,0,0,0.0,0.0,2022-08-06T11:30:00Z,0,12,0,0,0,0,1,0,14856,0,2,2,0.0,0,0,0,0,45,True,0,2022-23,1,4.5,,,,,,,,,,,,,DEF,kevin mbabu,0,79.0,82.75,3.0,4.75,0.8299999999999991,0.4349999999999998,0.395,0.75,0.0,80.5,1.0,4.2,3.15,10.149999999999997,9.03,1,1,0
Marek Rodák,GK,Fulham,0.7,0,0,11,0,0.0,213,0.0,0.0,0.0,0.0,4,2,0,1.0,10.2,2022-08-06T11:30:00Z,90,12,0,0,0,0,1,1,12206,0,2,2,0.0,1,0,0,0,45,True,0,2022-23,1,4.5,,,,,,,,,,,,,GK,marek rodák,0,83.5,85.5,2.0,2.25,0.289999999999999,0.1049999999999998,0.1850000000000001,0.5,0.0,84.30000000000001,1.0,3.4000000000000004,3.15,6.449999999999995,5.49,0,0,0
Michail Antonio,FWD,West Ham,1.4,0,0,1,0,0.3,458,0.0,0.0,0.0,0.0,10,1,0,2.0,0.0,2022-08-07T15:30:00Z,56,13,0,0,0,0,1,0,393620,0,2,0,22.0,1,0,0,0,75,True,0,2022-23,1,7.5,,,,,,,,,,,,,FWD,michail antonio,0,85.5,69.5,14.0,7.75,0.589999999999999,0.2974999999999999,0.2925,0.25,0.0,79.1,0.98875,14.0,5.1909375,5.949999999999995,4.45,1,0,0
Raúl Jiménez,FWD,Wolves,0.0,0,0,0,0,0.0,476,0.0,0.0,0.0,0.0,5,0,0,0.0,0.0,2022-08-06T14:00:00Z,0,11,0,0,0,0,1,0,28953,0,1,2,0.0,0,0,0,0,70,False,0,2022-23,1,7.0,,,,,,,,,,,,,FWD,raúl jiménez,0,80.5,67.25,6.0,6.5,0.3824999999999987,0.3199999999999998,0.0624999999999999,0.75,0.0,75.2,0.94,7.600000000000001,4.606,4.912499999999993,3.66,0,0,0
Richie Laryea,DEF,Nott'm Forest,1.4,0,0,0,0,0.0,392,0.0,0.0,0.0,0.0,7,0,0,0.0,0.0,2022-08-06T14:00:00Z,0,15,0,0,0,0,1,0,3740,0,0,2,0.0,0,0,0,0,45,False,0,2022-23,1,4.5,,,,,,,,,,,,,DEF,richie laryea,0,90.0,80.0,4.5,5.5,0.5424999999999988,0.5174999999999998,0.0249999999999999,0.25,0.0,86.0,1.0,5.4,3.15,6.712499999999993,6.68,1,0,0
Son Heung-min,MID,Spurs,4.2,1,0,23,0,52.5,428,0.0,0.0,0.0,0.0,8,1,0,14.5,36.2,2022-08-06T14:00:00Z,90,17,0,0,0,0,1,0,1929156,0,1,4,56.0,5,0,0,0,120,True,0,2022-23,1,12.0,,,,,,,,,,,,,MID,son heung-min,0,0.0,0.0,0.0,0.0,0.0,0.0,0.0,0.0,0.0,90.0,1.0,4.800000000000001,8.399999999999999,3.0,5.14,1,0,0
William Saliba,DEF,Arsenal,2.4,0,2,30,1,0.1,26,0.0,0.0,0.0,0.0,1,0,0,2.2,22.2,2022-08-05T19:00:00Z,90,7,0,0,0,0,1,0,163701,0,2,0,0.0,8,0,0,0,45,False,0,2022-23,1,4.5,,,,,,,,,,,,,DEF,william saliba,0,77.0,71.5,7.5,6.5,0.6949999999999987,0.565,0.13,0.25,0.0,74.8,0.935,7.8,2.94525,7.474999999999993,6.84,1,0,0
Dan Burn,DEF,Newcastle,6.8,0,3,26,1,1.8,358,0.005,0.005,0.0,1.1372,197,0,0,1.5,13.6,2023-01-15T14:00:00Z,90,9,0,0,0,0,20,0,251662,1,0,1,0.0,9,25898,36180,10282,45,True,0,2022-23,20,4.5,,,,,,,,,,,,,DEF,dan burn,0,90.0,90.0,6.0,5.2,0.1298919999999997,0.11752,0.0123720000000001,0.8,0.0,90.0,1.0,6.6000000000000005,3.15,6.849459999999999,5.48,1,0,0
Daniel Adu-Adjei,FWD,Bournemouth,1.2,0,0,0,0,0.0,695,0.0,0.0,0.0,0.0,192,0,0,0.0,0.0,2023-01-14T17:30:00Z,0,4,0,0,0,0,20,0,0,0,0,2,0.0,0,0,0,0,45,False,0,2022-23,20,4.5,,,,,,,,,,,,,FWD,daniel adu-adjei,0,56.0,72.75,8.0,5.75,0.5224999999999996,0.4175,0.1050000000000001,0.25,0.0,62.7,0.7837500000000001,8.200000000000001,2.4688125000000003,5.612499999999998,3.84,0,0,0
Darwin Núñez Ribeiro,FWD,Liverpool,1.5,0,0,0,0,0.0,297,0.0,0.0,0.0,0.0,193,0,0,0.0,0.0,2023-01-14T15:00:00Z,0,5,0,0,0,0,20,0,1191377,0,0,3,0.0,0,-528624,55259,583883,89,False,0,2022-23,20,8.9,,,,,,,,,,,,,FWD,darwin núñez ribeiro,0,89.0,87.8,2.6666666666666665,5.6,0.7627019999999998,0.67346,0.0892420000000001,0.0,0.0,88.52,1.0,5.693333333333333,6.23,6.813509999999999,6.24,1,0,0
David De Gea Quintana,GK,Man Utd,9.4,0,0,9,0,0.0,327,0.00045,0.00045,0.0,0.6487,196,1,0,0.3,3.4,2023-01-14T12:30:00Z,90,13,0,0,0,0,20,0,1092843,1,1,2,0.0,2,56786,110631,53845,49,True,0,2022-23,20,4.9,,,,,,,,,,,,,GK,david de gea quintana,0,90.0,90.0,7.0,5.2,0.0011319999999996,0.0,0.001132,0.6,3.4,90.0,1.0,7.56,3.43,5.405659999999998,5.82,1,0,0
David De Gea Quintana,GK,Man Utd,9.4,0,0,15,0,0.0,327,6e-05,6e-05,0.0,0.5469,63,1,0,2.8,27.8,2023-01-18T20:00:00Z,90,7,0,0,0,0,20,4,1092843,1,1,1,0.0,3,56786,110631,53845,49,False,0,2022-23,20,4.9,,,,,,,,,,,,,GK,david de gea quintana,0,90.0,90.0,5.333333333333333,5.4,0.0012219999999996,0.0,0.001222,0.6,3.2,90.0,1.0,6.226666666666667,3.43,5.406109999999998,5.75,1,0,0
Erling Haaland,FWD,Man City,13.1,0,0,24,0,0.8,318,0.09571,1.23191,1.1362,0.8393,68,2,1,10.0,35.4,2023-01-19T20:00:00Z,89,18,0,0,0,0,20,0,9422424,1,2,4,64.0,6,42770,56060,13290,122,True,0,2022-23,20,12.2,,,,,,,,,,,,,FWD,erling haaland,0,90.0,90.0,3.333333333333333,4.8,0.8106759999999996,0.7199199999999998,0.0907560000000001,0.2,0.0,90.0,1.0,7.546666666666667,8.54,7.053379999999998,7.0,1,1,0
Fabian Schär,DEF,Newcastle,6.0,0,0,25,1,11.9,366,0.03657,0.08257,0.046,1.1372,197,0,0,2.9,16.0,2023-01-15T14:00:00Z,90,9,0,0,0,0,20,0,1456154,1,0,1,1.0,6,112050,157315,45265,50,True,0,2022-23,20,5.0,,,,,,,,,,,,,DEF,fabian schär,0,90.0,90.0,6.0,5.4,0.2205699999999996,0.1652399999999997,0.0553300000000001,0.8,0.0,90.0,1.0,6.800000000000001,3.5,7.3028499999999985,6.03,1,0,0
Gabriel dos Santos Magalhães,DEF,Arsenal,3.2,0,0,19,1,0.9,16,0.00626,0.00626,0.0,1.5397,199,0,0,1.9,16.4,2023-01-15T16:30:00Z,90,18,0,0,0,0,20,0,1518408,1,2,0,2.0,5,-43219,38082,81301,52,False,1,2022-23,20,5.2,,,,,,,,,,,,,DEF,gabriel dos santos magalhães,0,90.0,90.0,2.6666666666666665,5.6,0.1447319999999995,0.1260999999999996,0.0186320000000002,0.6,0.0,90.0,1.0,4.213333333333333,3.64,6.123659999999997,5.58,1,0,0
Kieran Trippier,DEF,Newcastle,9.2,0,3,26,1,61.9,357,0.32094,0.35134,0.0304,1.1372,197,0,0,7.5,8.8,2023-01-15T14:00:00Z,90,9,0,0,0,0,20,0,7479821,1,0,1,4.0,9,82075,103179,21104,60,True,0,2022-23,20,6.0,,,,,,,,,,,,,DEF,kieran trippier,0,90.0,87.8,9.333333333333334,9.4,0.2037819999999993,0.0134199999999998,0.190362,1.0,0.0,89.12,1.0,9.866666666666667,4.199999999999999,8.018909999999996,5.77,1,0,0
Marcus Rashford,MID,Man Utd,14.6,0,0,1,0,14.8,335,0.03692,0.69992,0.663,0.5469,63,1,0,5.3,6.0,2023-01-18T20:00:00Z,90,7,0,0,0,0,20,0,4753747,1,1,1,32.0,2,746131,785606,39475,70,False,0,2022-23,20,7.0,,,,,,,,,,,,,MID,marcus rashford,0,75.0,80.0,7.666666666666667,7.8,0.7097679999999991,0.5775399999999999,0.132228,0.4,0.0,77.0,0.9625,8.933333333333334,4.71625,6.548839999999995,6.09,1,0,0
Martin Ødegaard,MID,Arsenal,8.8,0,1,27,1,31.3,7,0.14389,0.28569,0.1418,1.5397,199,0,1,9.3,43.8,2023-01-15T16:30:00Z,90,18,0,0,0,0,20,0,2736033,1,2,0,18.0,9,267751,343453,75702,67,False,0,2022-23,20,6.7,,,,,,,,,,,,,MID,martin ødegaard,0,88.66666666666667,88.4,8.666666666666666,9.0,0.6148499999999992,0.3648399999999999,0.2500100000000001,0.6,0.0,88.56,1.0,9.613333333333332,4.69,6.074249999999996,5.92,1,0,0
Mohamed Salah,MID,Liverpool,5.5,0,0,4,0,11.4,283,0.07432,0.10672,0.0324,2.238,193,3,0,2.7,5.4,2023-01-14T15:00:00Z,90,5,0,0,0,0,20,0,3309325,1,0,3,10.0,2,-530891,46486,577377,129,False,0,2022-23,20,12.9,,,,,,,,,,,,,MID,mohamed salah,0,90.0,90.0,5.333333333333333,6.6,0.6258019999999991,0.5126599999999999,0.113142,0.0,0.0,90.0,1.0,9.426666666666666,9.03,6.129009999999996,6.69,1,0,1
Rodrigo Hernandez,MID,Man City,9.5,0,0,17,0,15.8,315,0.06248,0.06248,0.0,1.7499,196,2,0,2.8,11.8,2023-01-14T12:30:00Z,90,14,0,0,0,0,20,0,181169,1,1,2,0.0,2,8048,13545,5497,56,False,0,2022-23,20,5.6,,,,,,,,,,,,,MID,rodrigo hernandez,0,88.33333333333333,89.0,4.333333333333333,3.4,0.411577999999999,0.2686599999999999,0.142918,0.2,0.0,88.6,1.0,5.706666666666667,3.92,5.057889999999995,4.54,0,0,0
Rodrigo Hernandez,MID,Man City,9.5,1,0,27,0,34.2,315,0.43857,0.53357,0.095,0.8393,68,2,0,8.5,39.2,2023-01-19T20:00:00Z,90,18,0,0,0,0,20,0,181169,1,2,4,12.0,5,8048,13545,5497,56,True,0,2022-23,20,5.6,,,,,,,,,,,,,MID,rodrigo hernandez,0,88.33333333333333,89.0,2.333333333333333,3.4,0.424073999999999,0.2686599999999999,0.155414,0.2,0.0,88.6,1.0,4.1066666666666665,3.92,5.120369999999995,4.59,0,0,0
William Saliba,DEF,Arsenal,4.0,0,0,26,1,0.3,26,0.00342,0.00342,0.0,1.5397,199,0,0,1.4,13.8,2023-01-15T16:30:00Z,90,18,0,0,0,0,20,0,3794569,1,2,0,0.0,6,-21014,91329,112343,53,False,0,2022-23,20,5.3,,,,,,,,,,,,,DEF,william saliba,0,90.0,90.0,3.333333333333333,4.8,0.115767999999999,0.1086599999999999,0.007108,0.6,0.0,90.0,1.0,4.786666666666667,3.71,5.978839999999995,5.46,1,0,0
Aaron Ramsdale,GK,Arsenal,5.1,0,0,8,0,0.0,15,0.00121,0.00121,0.0,0.3316,201,2,0,1.0,9.8,2023-01-22T16:30:00Z,90,14,0,0,0,0,21,2,1326171,1,2,3,0.0,1,36936,66258,29322,49,True,0,2022-23,21,4.9,,,,,,,,,,,,,GK,aaron ramsdale,0,90.0,90.0,6.333333333333333,5.6,0.002996,0.0,0.002996,0.6,3.2,90.0,1.0,7.026666666666666,3.43,5.41498,5.75,1,0,0
Brennan Johnson,FWD,Nott'm Forest,4.5,1,0,17,0,26.4,394,0.09864,0.36954,0.2709,1.3582,202,1,0,9.5,23.8,2023-01-21T15:00:00Z,90,3,0,0,0,0,21,0,156078,1,1,1,45.0,5,62167,68742,6575,56,False,0,2022-23,21,5.6,,,,,,,,,,,,,FWD,brennan johnson,0,83.0,85.8,6.0,5.0,0.5972779999999996,0.4726,0.1246780000000002,0.6,0.0,84.12,1.0,7.040000000000001,3.92,5.986389999999998,4.9,0,0,0
Carlos Henrique Casimiro,MID,Man Utd,0.0,0,0,0,0,0.0,593,0.0,0.0,0.0,0.0,201,0,0,0.0,0.0,2023-01-22T16:30:00Z,0,1,0,0,0,0,21,0,291372,0,2,3,0.0,0,-34697,18900,53597,49,False,0,2022-23,21,4.9,,,,,,,,,,,,,MID,carlos henrique casimiro,0,90.0,90.0,5.666666666666667,5.4,0.5362679999999996,0.3186,0.2176680000000002,0.6,0.0,90.0,1.0,6.493333333333334,3.43,5.681339999999999,5.53,1,0,0
Dan Burn,DEF,Newcastle,6.6,0,0,27,1,1.9,358,0.03965,0.08655,0.0469,0.296,203,0,0,3.5,14.4,2023-01-21T17:30:00Z,90,7,0,0,0,0,21,0,340570,1,0,0,19.0,6,85472,95193,9721,45,False,0,2022-23,21,4.5,,,,,,,,,,,,,DEF,dan burn,0,90.0,90.0,7.0,6.6,0.1308919999999997,0.11752,0.0133720000000001,1.0,0.0,90.0,1.0,7.4,3.15,7.6544599999999985,5.48,1,0,0
David De Gea Quintana,GK,Man Utd,4.0,0,0,12,0,0.0,327,0.00038,0.00038,0.0,2.9293,201,3,0,2.1,20.8,2023-01-22T16:30:00Z,90,1,0,0,0,0,21,2,1085458,1,2,3,0.0,1,-3019,44335,47354,49,False,0,2022-23,21,4.9,,,,,,,,,,,,,GK,david de gea quintana,0,90.0,90.0,4.0,5.2,0.0011959999999996,0.0,0.001196,0.6,2.8,90.0,1.0,5.16,3.43,5.405979999999998,5.62,0,0,0
Erling Haaland,FWD,Man City,8.7,0,3,81,1,0.3,318,0.04642,1.43492,1.3885,0.1456,208,0,3,17.6,101.6,2023-01-22T14:00:00Z,60,20,0,0,0,0,21,0,9443086,1,0,3,74.0,17,-2390,26826,29216,122,True,0,2022-23,21,12.2,,,,,,,,,,,,,FWD,erling haaland,0,89.66666666666667,89.8,3.333333333333333,5.8,0.9830379999999996,0.9417999999999996,0.0412380000000001,0.2,0.0,89.72,1.0,7.546666666666667,8.54,7.915189999999998,8.26,1,1,0
Fabian Schär,DEF,Newcastle,6.0,0,0,26,1,11.5,366,0.03527,0.36747,0.3322,0.296,203,0,0,7.1,25.2,2023-01-21T17:30:00Z,90,7,0,0,0,0,21,0,1632526,1,0,0,34.0,6,166536,196530,29994,51,False,0,2022-23,21,5.1,,,,,,,,,,,,,DEF,fabian schär,0,90.0,90.0,6.0,6.2,0.2370839999999996,0.1744399999999997,0.0626440000000001,1.0,0.0,90.0,1.0,6.840000000000001,3.5699999999999994,8.185419999999997,6.13,1,0,0
Gabriel dos Santos Magalhães,DEF,Arsenal,3.3,0,0,17,0,1.6,16,0.01084,0.11424,0.1034,0.3316,201,2,0,3.9,21.8,2023-01-22T16:30:00Z,90,14,0,0,0,0,21,0,1522313,1,2,3,16.0,1,-7023,38306,45329,52,True,0,2022-23,21,5.2,,,,,,,,,,,,,DEF,gabriel dos santos magalhães,0,90.0,90.0,3.6666666666666665,3.6,0.1459839999999995,0.1260999999999996,0.0198840000000002,0.6,0.0,90.0,1.0,5.013333333333334,3.64,6.129919999999997,5.58,1,0,0
Kai Havertz,FWD,Chelsea,3.8,0,0,7,1,11.7,145,0.13043,0.41163,0.2812,1.219,207,0,0,2.8,2.4,2023-01-21T12:30:00Z,80,12,0,0,0,0,21,0,574840,1,0,0,14.0,2,-53934,39707,93641,78,False,0,2022-23,21,7.8,,,,,,,,,,,,,FWD,kai havertz,0,89.33333333333333,89.6,3.333333333333333,4.8,0.5952679999999992,0.5140999999999998,0.081168,0.4,0.0,89.44,1.0,5.786666666666667,5.46,5.976339999999996,5.23,0,0,0
Kieran Trippier,DEF,Newcastle,9.0,0,3,35,1,124.0,357,1.07638,1.07638,0.0,0.296,203,0,0,16.9,42.6,2023-01-21T17:30:00Z,90,7,0,0,0,0,21,0,7594889,1,0,0,2.0,8,78097,85597,7500,60,False,1,2022-23,21,6.0,,,,,,,,,,,,,DEF,kieran trippier,0,90.0,90.0,8.333333333333334,8.8,0.2740499999999993,0.0194999999999998,0.25455,1.0,0.0,90.0,1.0,9.066666666666668,4.199999999999999,8.370249999999997,6.05,1,0,0
Marcus Rashford,MID,Man Utd,7.2,0,0,20,0,3.1,335,0.00753,0.13313,0.1256,2.9293,201,3,1,7.1,40.0,2023-01-22T16:30:00Z,90,1,0,0,0,0,21,0,5111990,1,2,3,28.0,7,362875,403160,40285,71,False,0,2022-23,21,7.1,,,,,,,,,,,,,MID,marcus rashford,0,90.0,80.0,6.666666666666667,7.8,0.755239999999999,0.6273599999999999,0.12788,0.4,0.0,86.0,1.0,8.173333333333334,4.97,6.776199999999995,6.84,1,0,1
Martin Ødegaard,MID,Arsenal,8.5,1,0,18,0,17.6,7,0.03587,0.45357,0.4177,0.3316,201,2,0,5.3,7.0,2023-01-22T16:30:00Z,90,14,0,0,0,0,21,0,3303060,1,2,3,28.0,5,539548,563011,23463,68,True,0,2022-23,21,6.8,,,,,,,,,,,,,MID,martin ødegaard,0,88.66666666666667,89.2,8.0,10.2,0.6719879999999991,0.3931999999999999,0.2787880000000001,0.6,0.0,88.88,1.0,9.12,4.76,6.359939999999996,6.25,1,0,0
Mohamed Salah,MID,Liverpool,4.7,0,0,12,1,15.9,283,0.06207,0.12187,0.0598,1.5902,207,0,0,4.7,7.4,2023-01-21T12:30:00Z,90,6,0,0,0,0,21,0,3073329,1,0,0,24.0,3,-266371,37390,303761,128,True,0,2022-23,21,12.8,,,,,,,,,,,,,MID,mohamed salah,0,90.0,90.0,2.0,4.0,0.6471459999999991,0.5191399999999999,0.128006,0.0,0.0,90.0,1.0,6.720000000000001,8.959999999999999,6.235729999999996,6.73,1,0,0
Riyad Mahrez,MID,Man City,8.5,1,0,20,1,28.5,303,0.18502,0.28122,0.0962,0.4263,208,0,0,7.5,21.6,2023-01-22T14:00:00Z,80,20,0,0,0,0,21,0,680349,1,0,3,25.0,6,251557,282297,30740,76,True,0,2022-23,21,7.6,,,,,,,,,,,,,MID,riyad mahrez,0,70.0,77.4,8.333333333333334,7.8,0.762025999999999,0.3662999999999999,0.3957259999999999,0.0,0.0,72.96000000000001,0.912,9.706666666666669,4.85184,6.810129999999995,5.52,1,0,0
Serge Aurier,DEF,Nott'm Forest,5.3,0,0,14,0,23.8,628,0.15285,0.32875,0.1759,1.1593,202,1,0,5.0,13.6,2023-01-21T15:00:00Z,74,3,0,0,0,0,21,0,164084,1,1,1,13.0,2,123539,129935,6396,45,False,0,2022-23,21,4.5,,,,,,,,,,,,,DEF,serge aurier,0,90.0,86.6,8.666666666666666,6.8,0.124125999999999,0.0564,0.067726,0.6,0.0,88.64,1.0,8.733333333333334,3.15,6.020629999999995,5.22,0,0,0
Ben Mee,DEF,Brentford,8.7,0,1,36,1,0.8,526,0.01,0.29,0.28,0.63,212,0,1,7.4,48.2,2023-02-04T15:00:00Z,90,17,0,0,0,0,22,0,1202090,1,0,3,25.0,13,197503,236673,39170,48,True,0,2022-23,22,4.8,,,,,,,,,,,,,DEF,ben mee,0,90.0,90.0,5.0,4.4,0.0247059999999997,0.01558,0.0091260000000002,0.6,0.0,90.0,1.0,5.92,3.36,5.523529999999998,4.67,0,0,0
Brennan Johnson,FWD,Nott'm Forest,8.2,0,3,34,1,24.5,394,0.08,0.12,0.05,0.79,218,0,1,8.8,46.4,2023-02-05T14:00:00Z,90,11,0,0,0,0,22,0,181834,1,0,1,17.0,9,24009,46590,22581,56,True,0,2022-23,22,5.6,,,,,,,,,,,,,FWD,brennan johnson,0,86.0,85.8,7.0,5.0,0.6133719999999996,0.5023000000000001,0.1110720000000002,0.4,0.0,85.92,1.0,7.84,3.92,6.066859999999998,5.08,0,0,0
Dan Burn,DEF,Newcastle,5.7,0,0,19,0,14.7,358,0.03,0.03,0.0,1.01,217,1,0,4.6,21.6,2023-02-04T17:30:00Z,90,19,0,0,0,0,22,0,459261,1,1,1,10.0,2,111365,131650,20285,46,True,0,2022-23,22,4.6,,,,,,,,,,,,,DEF,dan burn,0,90.0,90.0,7.0,6.6,0.1365239999999997,0.1166199999999999,0.0199040000000001,1.0,0.0,90.0,1.0,7.44,3.22,7.682619999999998,5.5,0,0,0
David Raya Martin,GK,Brentford,7.3,0,0,32,1,0.0,81,0.01,0.01,0.0,0.63,212,0,0,3.1,30.6,2023-02-04T15:00:00Z,90,17,0,0,0,0,22,5,1012532,1,0,3,0.0,7,85416,111874,26458,47,True,0,2022-23,22,4.7,,,,,,,,,,,,,GK,david raya martin,0,90.0,90.0,6.0,6.0,0.0050199999999996,0.0,0.00502,0.6,4.4,90.0,1.0,6.680000000000001,3.29,5.425099999999999,6.06,1,0,0
Eddie Nketiah,FWD,Arsenal,6.2,0,0,9,0,11.1,11,0.08,0.27,0.2,1.66,215,1,0,3.2,4.0,2023-02-04T12:30:00Z,90,8,0,0,0,0,22,0,934782,1,0,1,17.0,2,540750,573325,32575,67,False,0,2022-23,22,6.7,,,,,,,,,,,,,FWD,eddie nketiah,0,90.0,90.0,5.333333333333333,6.0,0.8811039999999997,0.8352799999999998,0.0458240000000001,0.4,0.0,90.0,1.0,6.946666666666667,4.69,7.405519999999998,6.97,1,0,0
Erling Haaland,FWD,Man City,7.3,0,0,5,0,11.0,318,0.01,0.01,0.0,1.48,219,1,0,1.8,7.4,2023-02-05T16:30:00Z,90,18,0,0,0,0,22,0,9525877,1,0,1,0.0,2,37846,49198,11352,122,False,0,2022-23,22,12.2,,,,,,,,,,,,,FWD,erling haaland,0,79.66666666666667,83.8,8.333333333333334,6.6,0.8793999999999997,0.83798,0.0414200000000001,0.4,0.0,81.32000000000001,1.0,11.546666666666669,8.54,7.3969999999999985,7.12,1,1,0
Ethan Pinnock,DEF,Brentford,6.0,0,0,25,1,0.7,92,0.01,0.01,0.0,0.63,212,0,0,2.2,17.6,2023-02-04T15:00:00Z,90,17,0,0,0,0,22,0,28280,1,0,3,4.0,6,7714,10455,2741,44,True,0,2022-23,22,4.4,,,,,,,,,,,,,DEF,ethan pinnock,0,90.0,90.0,4.666666666666667,4.4,0.2118799999999996,0.1897999999999998,0.0220800000000001,0.6,0.0,90.0,1.0,5.493333333333334,3.08,6.459399999999999,6.08,1,0,0
Fabian Schär,DEF,Newcastle,4.7,0,0,5,0,2.1,366,0.02,0.16,0.14,1.01,217,1,0,2.1,10.8,2023-02-04T17:30:00Z,90,19,0,0,0,0,22,0,1891925,1,1,1,8.0,2,244146,289650,45504,52,True,0,2022-23,22,5.2,,,,,,,,,,,,,DEF,fabian schär,0,90.0,90.0,6.0,6.0,0.2976019999999996,0.2288999999999997,0.0687020000000001,1.0,0.0,90.0,1.0,6.880000000000001,3.64,8.488009999999997,6.58,1,0,0
Harvey Barnes,MID,Leicester,5.7,2,0,28,0,25.6,264,0.27,0.33,0.06,1.68,211,2,0,6.8,25.4,2023-02-04T15:00:00Z,90,2,0,0,0,0,22,0,153789,1,4,2,17.0,8,-3008,10256,13264,67,False,0,2022-23,22,6.7,,,,,,,,,,,,,MID,harvey barnes,0,90.0,86.0,3.6666666666666665,3.0,0.4916619999999994,0.4642599999999996,0.0274020000000001,0.0,0.0,88.4,1.0,5.613333333333333,4.69,5.458309999999997,5.52,1,0,0
Hugo Lloris,GK,Spurs,4.3,0,3,31,1,0.0,425,0.0,0.0,0.0,0.97,219,0,0,3.1,30.6,2023-02-05T16:30:00Z,90,13,0,0,0,0,22,5,467116,1,0,1,0.0,10,-17622,2482,20104,55,True,0,2022-23,22,5.5,,,,,,,,,,,,,GK,hugo lloris,0,90.0,90.0,3.0,3.4,0.0015419999999993,0.0,0.0015420000000001,0.4,3.4,90.0,1.0,4.6000000000000005,3.85,4.607709999999997,5.06,0,0,0
James Ward-Prowse,MID,Southampton,6.3,0,0,10,0,18.0,407,0.04,0.13,0.09,2.13,212,3,0,2.8,6.4,2023-02-04T15:00:00Z,90,4,0,0,0,0,22,0,596361,1,0,3,4.0,2,-10327,39832,50159,62,False,0,2022-23,22,6.2,,,,,,,,,,,,,MID,james ward-prowse,0,90.0,90.0,6.333333333333333,6.2,0.5864079999999993,0.3747999999999997,0.2116080000000001,0.0,0.0,90.0,1.0,7.546666666666667,4.34,5.932039999999996,5.59,1,0,0
Kieran Trippier,DEF,Newcastle,6.3,0,0,21,0,52.8,357,0.22,0.22,0.0,1.01,217,1,0,7.3,18.2,2023-02-04T17:30:00Z,90,19,0,0,0,0,22,0,7740218,1,1,1,2.0,2,106288,116335,10047,61,True,0,2022-23,22,6.1,,,,,,,,,,,,,DEF,kieran trippier,0,90.0,90.0,8.333333333333334,9.0,0.4501759999999993,0.0194999999999998,0.4306759999999999,1.0,0.0,90.0,1.0,9.106666666666667,4.27,9.250879999999997,6.82,1,0,0
Marcus Rashford,MID,Man Utd,15.6,1,2,30,0,5.3,335,0.07,0.85,0.78,1.37,216,1,1,10.2,35.8,2023-02-04T15:00:00Z,90,7,0,0,0,0,22,0,5783882,1,1,2,61.0,12,627143,636278,9135,72,True,0,2022-23,22,7.2,,,,,,,,,,,,,MID,marcus rashford,0,90.0,81.0,6.333333333333333,6.4,0.6826499999999991,0.5694999999999999,0.11315,0.2,0.0,86.4,1.0,7.946666666666667,5.04,6.413249999999995,6.32,1,0,1
Marcus Rashford,MID,Man Utd,15.6,0,1,24,0,37.6,335,0.03,0.23,0.2,0.61,76,2,1,11.4,42.8,2023-02-08T20:00:00Z,90,11,0,0,0,0,22,0,5783882,1,2,2,34.0,8,627143,636278,9135,72,True,0,2022-23,22,7.2,,,,,,,,,,,,,MID,marcus rashford,0,90.0,90.0,7.0,7.8,0.7216179999999991,0.6701199999999998,0.051498,0.2,0.0,90.0,1.0,8.48,5.04,6.608089999999995,7.05,1,0,1
Mohamed Salah,MID,Liverpool,3.3,0,0,3,0,3.5,283,0.03,0.18,0.15,2.09,220,3,0,2.2,0.0,2023-02-04T15:00:00Z,90,20,0,0,0,0,22,0,2649363,1,0,3,20.0,2,-426738,20670,447408,127,False,0,2022-23,22,12.7,,,,,,,,,,,,,MID,mohamed salah,0,90.0,90.0,2.333333333333333,4.2,0.5108439999999992,0.3754399999999999,0.135404,0.2,0.0,90.0,1.0,6.946666666666667,8.889999999999999,5.554219999999996,5.74,1,0,0
Bruno Borges Fernandes,MID,Man Utd,6.0,0,0,13,1,27.0,333,0.07,0.56,0.49,1.83,225,0,0,9.5,21.4,2023-02-12T14:00:00Z,90,11,0,0,0,0,23,0,1375274,1,2,0,47.0,3,-237857,157676,395533,99,False,0,2022-23,23,9.9,,,,,,,,,,,,,MID,bruno borges fernandes,0,90.0,90.0,5.666666666666667,7.2,0.5625899999999997,0.3703999999999999,0.1921900000000002,0.0,0.0,90.0,1.0,8.493333333333334,6.93,5.812949999999999,5.48,0,0,0
Dan Burn,DEF,Newcastle,4.3,0,0,14,0,23.1,358,0.02,0.02,0.0,1.83,222,1,0,4.3,19.6,2023-02-11T17:30:00Z,90,3,0,0,0,0,23,0,475817,1,1,1,0.0,2,16650,35517,18867,46,False,0,2022-23,23,4.6,,,,,,,,,,,,,DEF,dan burn,0,90.0,90.0,5.666666666666667,5.8,0.1416839999999997,0.1166199999999999,0.0250640000000001,0.8,0.0,90.0,1.0,6.373333333333334,3.22,6.908419999999999,5.52,0,0,0
David Raya Martin,GK,Brentford,7.2,0,2,24,0,0.0,81,0.01,0.01,0.0,1.68,221,1,0,4.6,45.8,2023-02-11T15:00:00Z,90,1,0,0,0,0,23,6,1019273,1,1,1,0.0,6,7620,41637,34017,47,False,0,2022-23,23,4.7,,,,,,,,,,,,,GK,david raya martin,0,90.0,90.0,7.333333333333333,6.8,0.0049179999999996,0.0,0.004918,0.8,4.2,90.0,1.0,7.746666666666667,3.29,6.224589999999998,6.0,0,0,0
Eddie Nketiah,FWD,Arsenal,10.4,0,0,0,0,20.6,11,0.09,0.12,0.02,2.37,221,1,0,5.1,7.2,2023-02-11T15:00:00Z,90,4,0,0,0,0,23,0,1363903,1,1,1,23.0,2,423472,462613,39141,68,True,0,2022-23,23,6.8,,,,,,,,,,,,,FWD,eddie nketiah,0,90.0,90.0,5.666666666666667,5.2,0.8386599999999996,0.7841599999999999,0.0565000000000001,0.4,0.0,90.0,1.0,7.253333333333334,4.76,7.193299999999998,6.69,1,0,1
Eddie Nketiah,FWD,Arsenal,10.4,1,0,-3,0,0.6,11,0.0,0.51,0.51,1.71,111,3,0,1.8,0.0,2023-02-15T19:30:00Z,90,13,0,0,0,0,23,0,1363903,1,3,1,22.0,4,423472,462613,39141,68,True,1,2022-23,23,6.8,,,,,,,,,,,,,FWD,eddie nketiah,0,90.0,90.0,5.666666666666667,4.0,0.7145219999999997,0.6449399999999998,0.0695820000000001,0.4,0.0,90.0,1.0,7.253333333333334,4.76,6.572609999999998,5.88,1,0,1
Erling Haaland,FWD,Man City,15.5,1,0,11,0,10.4,318,0.01,0.17,0.16,0.12,228,0,0,3.2,13.2,2023-02-12T16:30:00Z,45,2,0,0,0,0,23,0,9556620,1,1,3,8.0,4,9388,25885,16497,122,True,0,2022-23,23,12.2,,,,,,,,,,,,,FWD,erling haaland,0,79.66666666666667,83.8,8.333333333333334,5.8,0.7537439999999995,0.7115199999999998,0.0422240000000001,0.4,0.0,81.32000000000001,1.0,11.546666666666669,8.54,6.768719999999997,6.46,1,0,0
Ethan Pinnock,DEF,Brentford,4.2,0,0,13,0,0.3,92,0.07,0.12,0.05,1.68,221,1,0,3.0,20.6,2023-02-11T15:00:00Z,90,1,0,0,0,0,23,0,28994,1,1,1,9.0,2,31,3936,3905,44,False,0,2022-23,23,4.4,,,,,,,,,,,,,DEF,ethan pinnock,0,90.0,90.0,6.0,5.4,0.1993099999999996,0.1767399999999998,0.0225700000000001,0.8,0.0,90.0,1.0,6.5600000000000005,3.08,7.1965499999999984,5.98,1,0,0
Fabian Schär,DEF,Newcastle,4.3,0,0,13,0,4.6,366,0.12,0.27,0.15,1.83,222,1,0,2.3,11.6,2023-02-11T17:30:00Z,90,3,0,0,0,0,23,0,1943173,1,1,1,7.0,2,50530,104494,53964,52,False,0,2022-23,23,5.2,,,,,,,,,,,,,DEF,fabian schär,0,90.0,90.0,4.666666666666667,5.2,0.3056139999999996,0.2336799999999997,0.0719340000000001,0.8,0.0,90.0,1.0,5.813333333333334,3.64,7.728069999999998,6.63,1,0,0
Harvey Barnes,MID,Leicester,7.0,0,0,20,0,17.4,264,0.17,0.53,0.36,1.28,226,1,1,9.4,41.0,2023-02-11T15:00:00Z,90,18,0,0,0,0,23,0,155599,1,1,4,36.0,6,1100,11397,10297,67,True,1,2022-23,23,6.7,,,,,,,,,,,,,MID,harvey barnes,0,90.0,90.0,5.666666666666667,4.2,0.5519139999999993,0.4762599999999996,0.0756540000000001,0.0,0.0,90.0,1.0,7.213333333333335,4.69,5.7595699999999965,5.71,1,0,0
Hugo Lloris,GK,Spurs,0.0,0,0,0,0,0.0,425,0.0,0.0,0.0,0.0,226,0,0,0.0,0.0,2023-02-11T15:00:00Z,0,10,0,0,0,0,23,0,442049,0,1,4,0.0,0,-26158,2952,29110,55,False,0,2022-23,23,5.5,,,,,,,,,,,,,GK,hugo lloris,0,90.0,90.0,6.333333333333333,5.2,0.0015359999999993,0.0,0.0015360000000001,0.6,4.0,90.0,1.0,7.266666666666667,3.85,5.4076799999999965,6.28,1,0,0
Jarrod Bowen,MID,West Ham,7.7,1,0,17,0,43.2,465,0.84,0.88,0.04,1.15,230,1,0,8.3,24.8,2023-02-11T12:30:00Z,90,6,0,0,0,0,23,0,282763,1,1,1,15.0,5,5030,17849,12819,80,True,0,2022-23,23,8.0,,,,,,,,,,,,,MID,jarrod bowen,0,90.0,90.0,6.666666666666667,5.4,0.5746159999999991,0.4090399999999997,0.1655760000000001,0.2,0.0,90.0,1.0,8.533333333333335,5.6,5.873079999999995,5.63,1,0,0
Kieran Trippier,DEF,Newcastle,5.0,0,0,10,0,43.5,357,0.07,0.07,0.0,1.83,222,1,0,6.9,25.8,2023-02-11T17:30:00Z,90,3,0,0,0,0,23,0,7793322,1,1,1,0.0,2,37166,52054,14888,61,False,0,2022-23,23,6.1,,,,,,,,,,,,,DEF,kieran trippier,0,90.0,90.0,6.333333333333333,7.0,0.4626599999999993,0.0194999999999998,0.44316,0.8,0.0,90.0,1.0,7.506666666666666,4.27,8.513299999999997,6.87,1,1,0
Marcus Rashford,MID,Man Utd,7.4,0,0,26,1,12.1,335,0.03,0.24,0.21,1.83,225,0,1,7.3,37.4,2023-02-12T14:00:00Z,90,11,0,0,0,0,23,0,5989419,1,2,0,23.0,8,199268,221731,22463,72,False,0,2022-23,23,7.2,,,,,,,,,,,,,MID,marcus rashford,0,90.0,90.0,9.0,7.8,0.6426959999999992,0.6005799999999999,0.042116,0.0,0.0,90.0,1.0,10.08,5.04,6.213479999999995,6.57,1,0,0
Solly March,MID,Brighton,5.0,0,3,46,0,57.5,107,0.68,0.99,0.31,0.89,223,1,1,15.0,55.8,2023-02-11T15:00:00Z,90,7,0,0,0,0,23,0,619936,1,1,1,37.0,10,-78420,53108,131528,52,False,0,2022-23,23,5.2,,,,,,,,,,,,,MID,solly march,0,89.33333333333333,84.2,8.0,7.2,0.512799999999999,0.3462,0.1666,0.6,0.0,87.28,1.0,8.48,3.64,5.563999999999995,5.41,0,0,0
Thiago Emiliano da Silva,DEF,Chelsea,4.7,0,0,20,0,1.7,128,0.01,0.01,0.0,1.29,230,1,0,3.4,32.4,2023-02-11T12:30:00Z,90,19,0,0,0,0,23,0,1030570,1,1,1,0.0,2,51659,72949,21290,55,False,0,2022-23,23,5.5,,,,,,,,,,,,,DEF,thiago emiliano da silva,0,90.0,90.0,6.666666666666667,4.6,0.1293819999999991,0.1146199999999999,0.0147619999999999,0.6,0.0,90.0,1.0,7.533333333333334,3.85,6.046909999999995,5.53,1,0,0
Benoît Badiashile,DEF,Chelsea,3.5,0,0,20,0,10.8,689,0.06,0.06,0.0,0.83,234,1,0,2.7,14.0,2023-02-18T15:00:00Z,90,17,0,0,0,0,24,0,121648,1,1,0,2.0,2,28976,37887,8911,50,True,0,2022-23,24,5.0,,,,,,,,,,,,,DEF,benoît badiashile,0,90.0,72.0,4.333333333333333,4.2,0.1404639999999997,0.12568,0.0147840000000002,0.6,0.0,82.8,1.0,5.466666666666667,3.5,6.102319999999999,5.47,1,0,0
Bruno Borges Fernandes,MID,Man Utd,6.8,2,3,51,1,117.3,333,1.06,1.16,0.1,1.42,236,0,0,20.9,66.0,2023-02-19T14:00:00Z,90,10,0,0,0,0,24,0,1277091,1,0,3,26.0,12,-103773,50382,154155,99,True,0,2022-23,24,9.9,,,,,,,,,,,,,MID,bruno borges fernandes,0,90.0,90.0,5.0,6.0,0.5921819999999997,0.3883799999999999,0.2038020000000002,0.2,0.0,90.0,1.0,7.960000000000001,6.93,5.960909999999998,5.65,1,0,0
Bukayo Saka,MID,Arsenal,6.3,0,0,15,0,8.5,13,0.32,0.63,0.32,0.51,231,2,1,11.9,47.6,2023-02-18T12:30:00Z,90,2,0,0,0,0,24,0,3730364,1,4,2,63.0,6,300965,322564,21599,84,False,1,2022-23,24,8.4,,,,,,,,,,,,,MID,bukayo saka,0,90.0,90.0,5.666666666666667,6.4,0.5889939999999998,0.3163199999999999,0.2706740000000002,0.2,0.0,90.0,1.0,7.893333333333334,5.88,5.944969999999999,5.44,1,0,0
David Raya Martin,GK,Brentford,5.3,0,0,19,0,0.0,81,0.0,0.0,0.0,1.11,232,1,0,2.6,25.8,2023-02-18T15:00:00Z,90,7,0,0,0,0,24,3,1107985,1,1,1,0.0,3,82016,93009,10993,47,True,0,2022-23,24,4.7,,,,,,,,,,,,,GK,david raya martin,0,90.0,90.0,7.666666666666667,6.2,0.0067239999999996,0.0,0.006724,0.6,4.4,90.0,1.0,8.013333333333334,3.29,5.433619999999998,6.07,1,0,0
Eddie Nketiah,FWD,Arsenal,3.0,0,0,5,0,11.3,11,0.22,1.37,1.15,0.51,231,2,0,6.3,0.2,2023-02-18T12:30:00Z,90,2,0,0,0,0,24,0,1305603,1,4,2,51.0,2,-51560,79210,130770,68,False,0,2022-23,24,6.8,,,,,,,,,,,,,FWD,eddie nketiah,0,90.0,90.0,2.6666666666666665,4.6,0.7846359999999997,0.7266999999999999,0.0579360000000001,0.2,0.0,90.0,1.0,4.8533333333333335,4.76,6.923179999999999,6.35,1,0,1
Ethan Pinnock,DEF,Brentford,3.3,0,0,16,0,1.1,92,0.01,0.01,0.0,1.11,232,1,0,2.8,21.0,2023-02-18T15:00:00Z,90,7,0,0,0,0,24,0,32222,1,1,1,6.0,2,2967,5059,2092,44,True,0,2022-23,24,4.4,,,,,,,,,,,,,DEF,ethan pinnock,0,90.0,90.0,4.666666666666667,4.4,0.1591179999999996,0.1420599999999998,0.0170580000000001,0.6,0.0,90.0,1.0,5.493333333333334,3.08,6.1955899999999975,5.69,1,0,0
Fabian Schär,DEF,Newcastle,1.7,0,0,5,0,1.3,366,0.01,0.41,0.41,2.37,237,2,0,2.5,4.6,2023-02-18T17:30:00Z,90,12,0,0,0,0,24,0,1874826,1,2,0,19.0,1,-70402,46433,116835,52,True,0,2022-23,24,5.2,,,,,,,,,,,,,DEF,fabian schär,0,90.0,90.0,3.333333333333333,4.4,0.2547059999999996,0.1985599999999997,0.0561460000000001,0.6,0.0,90.0,1.0,4.746666666666667,3.64,6.673529999999998,6.29,1,0,0
Harry Kane,FWD,Spurs,5.0,1,0,15,1,26.4,427,0.09,0.26,0.18,0.48,239,0,0,5.7,18.0,2023-02-19T16:30:00Z,90,19,0,0,0,0,24,0,4266696,1,0,2,13.0,5,18788,100062,81274,118,True,0,2022-23,24,11.8,,,,,,,,,,,,,FWD,harry kane,0,90.0,90.0,5.333333333333333,4.6,0.5062099999999994,0.4563999999999996,0.0498100000000001,0.4,0.0,90.0,1.0,8.986666666666668,8.26,5.531049999999997,5.42,0,0,0
Harvey Barnes,MID,Leicester,5.3,0,0,1,0,14.3,264,0.08,0.56,0.47,4.23,236,3,0,5.3,10.4,2023-02-19T14:00:00Z,90,14,0,0,0,0,24,0,174541,1,0,3,28.0,2,17468,23078,5610,67,False,0,2022-23,24,6.7,,,,,,,,,,,,,MID,harvey barnes,0,90.0,90.0,7.0,5.0,0.6166699999999994,0.5108199999999997,0.1058500000000001,0.0,0.0,90.0,1.0,8.280000000000001,4.69,6.083349999999997,6.07,1,0,0
Ivan Toney,FWD,Brentford,4.0,0,0,2,0,2.1,80,0.03,0.14,0.11,1.11,232,1,0,3.7,5.0,2023-02-18T15:00:00Z,90,7,0,0,0,0,24,0,3465586,1,1,1,30.0,2,242553,300408,57855,77,True,0,2022-23,24,7.7,,,,,,,,,,,,,FWD,ivan toney,0,90.0,70.2,3.6666666666666665,4.0,0.7144899999999993,0.5540999999999996,0.1603900000000001,0.6,0.0,82.08,1.0,6.013333333333334,5.39,6.572449999999996,5.4,0,0,0
Jarrod Bowen,MID,West Ham,3.0,0,0,4,0,21.8,465,0.15,0.3,0.15,1.48,239,2,0,5.7,11.4,2023-02-19T16:30:00Z,90,18,0,0,0,0,24,0,291792,1,0,2,24.0,2,6919,19128,12209,80,False,0,2022-23,24,8.0,,,,,,,,,,,,,MID,jarrod bowen,0,90.0,90.0,7.666666666666667,6.0,0.6448179999999992,0.3618199999999997,0.2829980000000001,0.2,0.0,90.0,1.0,9.333333333333334,5.6,6.224089999999996,5.8,1,0,0
Kepa Arrizabalaga,GK,Chelsea,5.2,0,0,18,0,0.0,133,0.0,0.0,0.0,0.83,234,1,0,2.9,29.2,2023-02-18T15:00:00Z,90,17,0,0,0,0,24,3,1000429,1,1,0,0.0,2,63588,78806,15218,47,True,1,2022-23,24,4.7,,,,,,,,,,,,,GK,kepa arrizabalaga,0,90.0,90.0,7.0,6.4,0.0001679999999993,0.0,0.000168,0.6,2.8,90.0,1.0,7.48,3.29,5.400839999999997,5.53,0,0,0
Kieran Trippier,DEF,Newcastle,1.7,0,0,21,0,77.5,357,0.53,0.53,0.0,1.62,237,2,0,10.0,22.0,2023-02-18T17:30:00Z,63,12,0,0,0,0,24,0,7752616,1,2,0,0.0,1,-53168,26255,79423,61,True,0,2022-23,24,6.1,,,,,,,,,,,,,DEF,kieran trippier,0,90.0,90.0,4.0,5.8,0.3988519999999994,0.0060799999999998,0.392772,0.6,0.0,90.0,1.0,5.640000000000001,4.27,7.394259999999997,6.66,1,1,0
Solly March,MID,Brighton,5.0,0,0,21,0,67.1,107,0.27,0.55,0.28,0.31,233,1,0,11.4,21.6,2023-02-18T15:00:00Z,90,9,0,0,0,0,24,0,744893,1,1,0,25.0,2,118310,142473,24163,51,True,0,2022-23,24,5.1,,,,,,,,,,,,,MID,solly march,0,89.33333333333333,87.2,5.0,9.0,0.658211999999999,0.40026,0.257952,0.6,0.0,88.47999999999999,1.0,6.04,3.5699999999999994,6.2910599999999945,6.19,1,0,0
Thiago Emiliano da Silva,DEF,Chelsea,3.2,0,0,0,0,0.0,128,0.0,0.0,0.0,0.0,234,0,0,0.0,0.0,2023-02-18T15:00:00Z,0,17,0,0,0,0,24,0,1058278,0,1,0,0.0,0,22579,52138,29559,55,True,0,2022-23,24,5.5,,,,,,,,,,,,,DEF,thiago emiliano da silva,0,90.0,90.0,4.666666666666667,4.6,0.1190099999999991,0.10364,0.0153699999999999,0.6,0.0,90.0,1.0,5.933333333333334,3.85,5.995049999999996,5.44,0,0,0
Andrew Robertson,DEF,Liverpool,8.6,0,0,0,0,0.0,284,0.0,0.0,0.0,0.0,67,0,0,0.0,0.0,2023-03-01T20:00:00Z,0,20,0,0,0,0,25,0,969269,0,0,2,0.0,0,252586,277119,24533,68,True,0,2022-23,25,6.8,,,,,,,,,,,,,DEF,andrew robertson,0,90.0,89.0,6.0,5.0,0.2382479999999997,0.108,0.1302480000000001,0.8,0.0,89.6,1.0,7.520000000000001,4.76,7.391239999999999,5.89,1,0,0
Benoît Badiashile,DEF,Chelsea,2.2,0,0,0,0,0.0,689,0.0,0.0,0.0,0.0,249,0,0,0.0,0.0,2023-02-26T13:30:00Z,0,18,0,0,0,0,25,0,109265,0,0,2,0.0,0,-7935,10165,18100,50,False,0,2022-23,25,5.0,,,,,,,,,,,,,DEF,benoît badiashile,0,90.0,90.0,3.0,4.6,0.1524639999999997,0.12568,0.0267840000000002,0.6,0.0,90.0,1.0,4.4,3.5,6.162319999999999,5.6,1,0,0
Bernd Leno,GK,Fulham,6.2,0,0,9,0,0.0,2,0.0,0.0,0.0,0.8,244,1,0,1.3,13.0,2023-02-24T20:00:00Z,90,20,0,0,0,0,25,1,442547,1,1,1,0.0,2,103514,118268,14754,45,True,0,2022-23,25,4.5,,,,,,,,,,,,,GK,bernd leno,0,90.0,90.0,7.666666666666667,5.6,0.0005919999999997,0.0,0.0005920000000002,0.6,3.2,90.0,1.0,7.933333333333334,3.15,5.402959999999998,5.58,0,0,0
Bukayo Saka,MID,Arsenal,13.6,0,0,6,1,25.6,13,0.05,0.17,0.11,0.02,246,0,0,5.4,8.2,2023-02-25T15:00:00Z,90,10,0,0,0,0,25,0,4442181,1,1,0,20.0,3,459003,472657,13654,84,False,0,2022-23,25,8.4,,,,,,,,,,,,,MID,bukayo saka,0,90.0,90.0,7.0,6.4,0.6704919999999998,0.3738199999999999,0.2966720000000002,0.0,0.0,90.0,1.0,8.96,5.88,6.352459999999999,5.94,1,0,0
Cody Gakpo,MID,Liverpool,9.0,0,0,-1,1,14.3,680,0.03,0.21,0.18,0.6,242,0,0,2.2,0.0,2023-02-25T19:45:00Z,84,7,0,0,0,0,25,0,890678,1,0,0,8.0,3,597835,624348,26513,78,False,0,2022-23,25,7.8,,,,,,,,,,,,,MID,cody gakpo,0,73.66666666666667,78.4,5.333333333333333,4.2,0.5652679999999997,0.5426200000000001,0.0226480000000001,0.4,0.0,75.56,0.9445,7.386666666666667,5.15697,5.826339999999998,5.7,1,0,0
Cody Gakpo,MID,Liverpool,9.0,0,0,2,0,0.8,680,0.0,0.0,0.0,0.0,67,0,0,0.1,0.4,2023-03-01T20:00:00Z,14,20,0,0,0,0,25,0,890678,0,0,2,0.0,1,597835,624348,26513,78,True,0,2022-23,25,7.8,,,,,,,,,,,,,MID,cody gakpo,0,73.66666666666667,77.2,5.666666666666667,4.4,0.5896399999999996,0.5627200000000001,0.0269200000000001,0.6,0.0,75.08000000000001,0.9385,7.653333333333334,5.124210000000001,5.948199999999998,5.99,1,0,0
Eddie Nketiah,FWD,Arsenal,6.0,0,0,2,0,0.3,11,0.0,0.0,0.0,0.02,246,0,0,0.2,1.2,2023-02-25T15:00:00Z,20,10,0,0,0,0,25,0,1543965,0,1,0,0.0,1,132476,219245,86769,68,False,0,2022-23,25,6.8,,,,,,,,,,,,,FWD,eddie nketiah,0,90.0,90.0,2.6666666666666665,4.6,0.7932419999999997,0.7123399999999999,0.0809020000000001,0.0,0.0,90.0,1.0,4.8533333333333335,4.76,6.966209999999999,6.32,1,1,0
Emerson Leite de Souza Junior,DEF,Spurs,7.2,0,2,34,1,14.3,445,0.04,0.1,0.06,0.41,249,0,0,6.2,24.6,2023-02-26T13:30:00Z,90,6,0,0,0,0,25,0,302036,1,0,2,23.0,7,69379,77823,8444,49,True,1,2022-23,25,4.9,,,,,,,,,,,,,DEF,emerson leite de souza junior,0,65.0,72.4,7.333333333333333,7.6,0.1500539999999996,0.0975399999999998,0.0545140000000001,0.6,0.0,67.96000000000001,0.8495000000000001,7.826666666666667,2.9137850000000007,6.150269999999998,5.26,1,0,0
Erling Haaland,FWD,Man City,6.3,1,1,40,1,3.2,318,0.01,0.57,0.55,1.16,241,0,1,8.6,37.6,2023-02-25T17:30:00Z,71,3,0,0,0,0,25,0,9520984,1,4,1,45.0,10,-38087,18665,56752,122,False,0,2022-23,25,12.2,,,,,,,,,,,,,FWD,erling haaland,0,75.0,75.0,4.0,6.2,0.5529839999999997,0.5256999999999998,0.0272840000000001,0.2,0.0,75.0,0.9375,8.08,8.00625,5.764919999999998,5.2,0,0,0
Harvey Barnes,MID,Leicester,4.0,0,0,6,0,6.5,264,0.04,0.04,0.0,0.64,246,1,0,2.1,6.6,2023-02-25T15:00:00Z,90,1,0,0,0,0,25,0,208145,1,1,0,8.0,2,22766,35476,12710,67,True,0,2022-23,25,6.7,,,,,,,,,,,,,MID,harvey barnes,0,90.0,90.0,5.333333333333333,5.0,0.6168599999999994,0.5024199999999996,0.1124400000000001,0.0,0.0,90.0,1.0,6.946666666666667,4.69,6.084299999999997,6.04,1,0,0
James Tarkowski,DEF,Everton,9.1,0,0,11,0,3.6,199,0.21,0.35,0.15,1.94,243,2,0,2.2,8.8,2023-02-25T15:00:00Z,90,2,0,0,0,0,25,0,1341758,1,2,0,10.0,1,681922,693905,11983,44,True,0,2022-23,25,4.4,,,,,,,,,,,,,DEF,james tarkowski,0,90.0,90.0,8.0,5.0,0.2365399999999992,0.1595599999999997,0.07498,0.4,0.0,90.0,1.0,8.16,3.08,5.782699999999997,5.05,1,0,0
James Tarkowski,DEF,Everton,9.1,0,0,7,0,0.8,199,0.0,0.0,0.0,2.79,61,4,0,3.8,35.0,2023-03-01T19:45:00Z,90,1,0,0,0,0,25,0,1341758,1,0,4,2.0,-1,681922,693905,11983,44,False,1,2022-23,25,4.4,,,,,,,,,,,,,DEF,james tarkowski,0,90.0,90.0,3.333333333333333,5.0,0.2806099999999992,0.1659999999999996,0.1146100000000001,0.4,0.0,90.0,1.0,4.426666666666668,3.08,6.0030499999999964,5.27,1,0,0
Jarrod Bowen,MID,West Ham,3.8,1,0,26,1,31.2,465,0.51,0.81,0.3,0.42,250,0,0,8.8,26.4,2023-02-25T15:00:00Z,90,16,0,0,0,0,25,0,368899,1,0,4,30.0,6,33934,49779,15845,80,True,0,2022-23,25,8.0,,,,,,,,,,,,,MID,jarrod bowen,0,90.0,90.0,3.0,5.4,0.6980119999999992,0.3918199999999997,0.3061920000000001,0.2,0.0,90.0,1.0,5.6000000000000005,5.6,6.490059999999996,6.1,1,0,1
Kai Havertz,FWD,Chelsea,1.5,0,0,5,0,35.8,145,0.02,0.02,0.0,0.71,249,2,0,5.3,9.2,2023-02-26T13:30:00Z,90,18,0,0,0,0,25,0,419416,1,0,2,8.0,1,-40739,7271,48010,76,False,1,2022-23,25,7.6,,,,,,,,,,,,,FWD,kai havertz,0,68.66666666666667,74.8,1.6666666666666667,2.6,0.5996739999999992,0.4253599999999997,0.174314,0.6,0.0,71.12,0.889,4.373333333333333,4.72948,5.998369999999996,4.38,0,0,0
Kepa Arrizabalaga,GK,Chelsea,3.8,0,0,11,0,0.0,133,0.0,0.0,0.0,0.71,249,2,0,1.2,12.2,2023-02-26T13:30:00Z,90,18,0,0,0,0,25,1,909039,1,0,2,0.0,1,-30458,28680,59138,47,False,0,2022-23,25,4.7,,,,,,,,,,,,,GK,kepa arrizabalaga,0,90.0,90.0,4.666666666666667,6.6,0.0001239999999993,0.0,0.000124,0.6,3.2,90.0,1.0,5.613333333333334,3.29,5.400619999999996,5.66,1,0,0
Ben Mee,DEF,Brentford,1.3,0,0,9,0,0.3,526,0.0,0.06,0.06,1.42,253,2,0,2.0,13.0,2023-03-06T20:00:00Z,90,9,0,0,0,0,26,0,1786117,1,2,3,7.0,1,433645,504876,71231,50,True,0,2022-23,26,5.0,,,,,,,,,,,,,DEF,ben mee,0,90.0,90.0,5.333333333333333,5.8,0.1153799999999997,0.08558,0.0278000000000002,0.6,0.0,90.0,1.0,6.266666666666667,3.5,5.976899999999999,5.29,1,0,0
Bernd Leno,GK,Fulham,5.2,0,0,19,0,0.0,2,0.0,0.0,0.0,2.34,253,3,0,2.5,25.0,2023-03-06T20:00:00Z,90,4,0,0,0,0,26,3,384759,1,2,3,0.0,2,-2333,23574,25907,45,False,0,2022-23,26,4.5,,,,,,,,,,,,,GK,bernd leno,0,90.0,90.0,6.333333333333333,5.4,0.0003879999999997,0.0,0.0003880000000002,0.6,2.6,90.0,1.0,6.866666666666666,3.15,5.401939999999998,5.38,0,0,0
Bruno Borges Fernandes,MID,Man Utd,4.3,0,0,6,0,15.5,333,0.19,0.29,0.1,2.65,256,7,0,3.1,1.0,2023-03-05T16:30:00Z,90,12,0,0,0,0,26,0,936996,1,0,7,14.0,2,55310,124364,69054,98,False,0,2022-23,26,9.8,,,,,,,,,,,,,MID,bruno borges fernandes,0,90.0,90.0,5.666666666666667,6.4,0.6640959999999996,0.3599999999999999,0.3040960000000002,0.4,0.0,90.0,1.0,8.453333333333335,6.86,6.320479999999998,5.98,1,0,0
Bukayo Saka,MID,Arsenal,7.3,0,0,9,0,47.2,13,0.22,0.93,0.71,1.32,251,2,0,13.6,19.6,2023-03-04T15:00:00Z,90,3,0,0,0,0,26,0,4522096,1,2,3,69.0,2,315448,335344,19896,85,True,0,2022-23,26,8.5,,,,,,,,,,,,,MID,bukayo saka,0,87.0,88.2,7.0,7.2,0.5779999999999997,0.3859999999999999,0.1920000000000002,0.4,0.0,87.47999999999999,1.0,9.0,5.949999999999999,5.889999999999999,5.59,1,0,0
David Raya Martin,GK,Brentford,3.7,0,0,13,0,0.0,81,0.0,0.0,0.0,1.42,253,2,0,1.9,19.0,2023-03-06T20:00:00Z,90,9,0,0,0,0,26,3,1481116,1,2,3,0.0,2,342541,379377,36836,48,True,0,2022-23,26,4.8,,,,,,,,,,,,,GK,david raya martin,0,90.0,90.0,5.333333333333333,6.2,0.0052519999999996,0.0,0.005252,0.6,4.2,90.0,1.0,6.1866666666666665,3.36,5.426259999999998,6.04,1,0,0
Fabian Schär,DEF,Newcastle,0.5,0,0,0,0,0.0,366,0.0,0.0,0.0,0.0,257,0,0,0.0,0.0,2023-03-04T12:30:00Z,0,13,0,0,0,0,26,0,1636183,0,0,2,0.0,0,8507,100173,91666,51,False,0,2022-23,26,5.1,,,,,,,,,,,,,DEF,fabian schär,0,90.0,90.0,1.6666666666666667,3.4,0.2580079999999996,0.2156399999999997,0.0443680000000001,0.4,0.0,90.0,1.0,3.373333333333333,3.5699999999999994,5.890039999999997,5.36,1,0,0
Harry Kane,FWD,Spurs,4.6,0,0,5,0,25.8,427,0.08,0.39,0.31,0.44,260,1,0,5.0,6.8,2023-03-04T15:00:00Z,90,20,0,0,0,0,26,0,4316628,1,0,1,17.0,2,267184,317236,50052,117,False,0,2022-23,26,11.7,,,,,,,,,,,,,FWD,harry kane,0,90.0,90.0,4.333333333333333,5.4,0.5023899999999994,0.4686399999999997,0.0357500000000001,0.8,0.0,90.0,1.0,8.146666666666667,8.19,5.511949999999997,5.48,1,0,0
Ivan Toney,FWD,Brentford,6.3,0,2,26,0,10.8,80,0.45,1.36,0.91,1.42,253,2,1,7.1,33.6,2023-03-06T20:00:00Z,90,9,0,0,0,0,26,0,3594853,1,2,3,27.0,8,581217,707763,126546,77,True,0,2022-23,26,7.7,,,,,,,,,,,,,FWD,ivan toney,0,90.0,88.2,4.0,4.4,0.7424899999999993,0.5760999999999996,0.1663900000000001,0.6,0.0,89.28,1.0,6.28,5.39,6.712449999999997,5.86,1,0,0
James Tarkowski,DEF,Everton,1.8,0,0,8,0,0.9,199,0.03,0.03,0.0,0.91,258,2,0,3.0,25.2,2023-03-05T14:00:00Z,90,16,0,0,0,0,26,0,823603,1,2,2,4.0,0,-198750,18036,216786,44,False,1,2022-23,26,4.4,,,,,,,,,,,,,DEF,james tarkowski,0,90.0,90.0,2.6666666666666665,4.8,0.2779999999999992,0.1659999999999996,0.1120000000000001,0.4,0.0,90.0,1.0,3.8933333333333335,3.08,5.989999999999997,5.26,0,0,0
Jarrod Bowen,MID,West Ham,3.5,0,0,-1,0,1.3,465,0.05,0.24,0.19,3.56,254,4,0,2.2,0.0,2023-03-04T15:00:00Z,90,5,0,0,0,0,26,0,326500,1,0,4,21.0,1,-1564,20506,22070,80,False,1,2022-23,26,8.0,,,,,,,,,,,,,MID,jarrod bowen,0,90.0,90.0,4.333333333333333,6.2,0.7979299999999991,0.4018199999999997,0.3961100000000001,0.4,0.0,90.0,1.0,6.666666666666667,5.6,6.989649999999996,6.65,1,1,0
Kieran Trippier,DEF,Newcastle,0.8,0,0,8,0,18.9,357,0.16,0.19,0.03,1.34,257,2,0,4.5,16.6,2023-03-04T12:30:00Z,90,13,0,0,0,0,26,0,7206953,1,0,2,9.0,1,59638,119546,59908,60,False,0,2022-23,26,6.0,,,,,,,,,,,,,DEF,kieran trippier,0,81.0,84.6,1.6666666666666667,4.4,0.4495439999999993,0.0060799999999998,0.4434639999999999,0.4,0.0,82.44,1.0,3.733333333333334,4.199999999999999,6.847719999999997,5.62,1,0,0
Marcus Rashford,MID,Man Utd,7.7,0,0,2,0,1.3,335,0.01,0.64,0.64,2.38,256,6,0,3.3,4.4,2023-03-05T16:30:00Z,84,12,0,0,0,0,26,0,6063174,1,0,7,27.0,2,312190,327874,15684,73,False,0,2022-23,26,7.3,,,,,,,,,,,,,MID,marcus rashford,0,82.66666666666667,85.6,10.333333333333334,10.0,0.508625999999999,0.4791199999999999,0.029506,0.4,0.0,83.84,1.0,11.186666666666667,5.109999999999999,5.543129999999995,5.61,1,0,0
Ollie Watkins,FWD,Aston Villa,5.8,0,0,3,1,0.6,40,0.01,0.66,0.66,0.07,252,0,0,0.6,1.0,2023-03-04T15:00:00Z,84,7,0,0,0,0,26,0,1001810,1,0,1,4.0,2,341753,400101,58348,73,True,0,2022-23,26,7.3,,,,,,,,,,,,,FWD,ollie watkins,0,85.66666666666667,87.4,7.0,8.0,0.5883579999999988,0.56578,0.0245779999999999,0.4,0.0,86.36,1.0,8.52,5.109999999999999,5.941789999999994,5.34,0,0,0
Pervis Estupiñán,DEF,Brighton,7.0,0,0,27,1,24.1,586,0.06,0.08,0.02,0.38,254,0,0,3.8,11.0,2023-03-04T15:00:00Z,75,19,0,0,0,0,26,0,828445,1,0,4,3.0,6,347482,404147,56665,47,True,0,2022-23,26,4.7,,,,,,,,,,,,,DEF,pervis estupiñán,0,80.33333333333333,84.2,7.0,7.2,0.1549359999999988,0.0359399999999998,0.1209959999999999,0.6,0.0,81.88,1.0,7.48,3.29,6.174679999999993,5.23,0,0,0
Solly March,MID,Brighton,5.0,0,0,9,1,13.7,107,0.06,0.29,0.23,0.38,254,0,0,7.0,16.8,2023-03-04T15:00:00Z,75,19,0,0,0,0,26,0,831280,1,0,4,39.0,3,213267,310038,96771,51,True,0,2022-23,26,5.1,,,,,,,,,,,,,MID,solly march,0,89.33333333333333,89.6,5.0,7.2,0.6840659999999991,0.4008599999999999,0.283206,0.4,0.0,89.44,1.0,6.04,3.5699999999999994,6.420329999999995,6.14,1,0,1
Alexis Mac Allister,MID,Brighton,13.0,0,0,24,0,11.8,116,0.33,0.98,0.65,1.54,265,2,1,9.2,32.6,2023-03-11T15:00:00Z,90,11,0,0,0,0,27,0,763352,1,2,2,48.0,7,410180,425836,15656,55,False,0,2022-23,27,5.5,,,,,,,,,,,,,MID,alexis mac allister,0,90.0,72.0,5.666666666666667,3.6,0.7518379999999998,0.64202,0.113818,0.2,0.0,82.8,1.0,6.733333333333334,3.85,6.759189999999999,6.61,1,1,0
Alexis Mac Allister,MID,Brighton,13.0,0,0,5,1,13.4,116,0.03,0.17,0.14,1.15,73,0,0,6.0,5.4,2023-03-15T19:30:00Z,87,7,0,0,0,0,27,0,763352,1,0,1,41.0,3,410180,425836,15656,55,True,0,2022-23,27,5.5,,,,,,,,,,,,,MID,alexis mac allister,0,90.0,72.0,7.666666666666667,4.8,0.9079999999999998,0.7540000000000001,0.158,0.2,0.0,82.8,1.0,8.333333333333334,3.85,7.539999999999999,7.48,1,1,0
Bernd Leno,GK,Fulham,3.7,0,0,17,0,0.0,2,0.0,0.0,0.0,2.38,264,3,0,3.1,31.4,2023-03-12T14:00:00Z,90,1,0,0,0,0,27,4,371508,1,3,0,0.0,2,-14240,12399,26639,45,True,0,2022-23,27,4.5,,,,,,,,,,,,,GK,bernd leno,0,90.0,90.0,5.0,5.4,0.0,0.0,0.0,0.6,2.8,90.0,1.0,5.8,3.15,5.4,5.44,1,0,0
Bruno Borges Fernandes,MID,Man Utd,6.2,0,0,17,1,26.9,333,0.12,0.19,0.07,1.14,267,0,0,6.2,17.0,2023-03-12T14:00:00Z,90,17,0,0,0,0,27,0,858205,1,0,0,18.0,3,-78754,43012,121766,97,True,0,2022-23,27,9.7,,,,,,,,,,,,,MID,bruno borges fernandes,0,90.0,90.0,5.666666666666667,5.8,0.7179999999999996,0.3799999999999999,0.3380000000000002,0.4,0.0,90.0,1.0,8.413333333333334,6.789999999999999,6.589999999999998,6.25,1,0,0
Gavin Bazunu,GK,Southampton,9.4,0,0,12,0,0.0,422,0.0,0.0,0.0,2.01,69,2,0,1.8,18.2,2023-03-15T19:30:00Z,90,4,0,0,0,0,27,2,79548,1,2,0,0.0,1,7692,10126,2434,45,True,0,2022-23,27,4.5,,,,,,,,,,,,,GK,gavin bazunu,0,90.0,90.0,5.333333333333333,5.2,0.0019999999999994,0.0,0.0020000000000002,0.6,2.2,90.0,1.0,6.066666666666666,3.15,5.409999999999997,5.25,0,0,0
Ivan Toney,FWD,Brentford,12.1,0,0,-6,0,5.6,80,0.03,0.46,0.43,1.03,263,1,0,2.3,0.0,2023-03-11T15:00:00Z,90,8,0,0,0,0,27,0,4462625,1,0,1,19.0,2,843235,892596,49361,78,False,0,2022-23,27,7.8,,,,,,,,,,,,,FWD,ivan toney,0,90.0,90.0,6.333333333333333,4.2,0.8521099999999994,0.5964599999999997,0.25565,0.4,0.0,90.0,1.0,8.186666666666667,5.46,7.260549999999997,6.38,1,0,0
Ivan Toney,FWD,Brentford,12.1,1,3,42,1,11.7,80,0.13,1.05,0.92,0.51,69,0,1,11.9,60.2,2023-03-15T19:30:00Z,90,17,0,0,0,0,27,0,4462625,1,2,0,47.0,11,843235,892596,49361,78,False,1,2022-23,27,7.8,,,,,,,,,,,,,FWD,ivan toney,0,90.0,90.0,4.0,4.4,0.9139999999999994,0.6539999999999997,0.26,0.2,0.0,90.0,1.0,6.32,5.46,7.569999999999997,6.74,1,0,0
Jan Bednarek,DEF,Southampton,7.8,0,0,9,0,1.0,410,0.01,0.01,0.0,2.01,69,2,0,0.9,5.6,2023-03-15T19:30:00Z,90,4,0,0,0,0,27,0,27922,1,2,0,2.0,0,5031,6103,1072,42,True,1,2022-23,27,4.2,,,,,,,,,,,,,DEF,jan bednarek,0,90.0,90.0,5.0,4.2,0.0699999999999992,0.0519999999999997,0.0180000000000001,0.6,0.0,90.0,1.0,5.68,2.94,5.7499999999999964,4.99,0,0,0
Kenny Tete,DEF,Fulham,2.0,0,0,11,0,7.3,215,0.04,0.09,0.04,2.38,264,3,0,2.3,14.2,2023-03-12T14:00:00Z,90,1,0,0,0,0,27,0,59212,1,3,0,1.0,1,-6969,1065,8034,44,True,0,2022-23,27,4.4,,,,,,,,,,,,,DEF,kenny tete,0,87.33333333333333,88.4,3.0,4.2,0.1119999999999993,0.0219999999999997,0.088,0.6,0.0,87.76,1.0,4.16,3.08,5.959999999999997,5.04,0,0,0
Marcus Rashford,MID,Man Utd,7.2,0,0,3,1,1.7,335,0.02,0.17,0.15,1.14,267,0,0,3.8,17.0,2023-03-12T14:00:00Z,90,17,0,0,0,0,27,0,6142978,1,0,0,19.0,3,69853,118043,48190,74,True,0,2022-23,27,7.4,,,,,,,,,,,,,MID,marcus rashford,0,80.66666666666667,84.4,8.333333333333334,9.0,0.6099999999999991,0.582,0.03,0.4,0.0,82.16,1.0,9.626666666666669,5.18,6.049999999999995,6.2,1,0,0
Mohamed Salah,MID,Liverpool,8.6,0,0,-4,0,8.4,283,0.41,1.28,0.86,0.86,261,1,0,3.1,3.6,2023-03-11T12:30:00Z,90,3,0,1,0,0,27,0,3256771,1,0,1,19.0,0,267829,320063,52234,128,False,0,2022-23,27,12.8,,,,,,,,,,,,,MID,mohamed salah,0,90.0,89.8,10.666666666666666,9.8,0.7659999999999991,0.5019999999999999,0.268,1.0,0.0,89.92,1.0,13.653333333333334,8.959999999999999,6.829999999999996,6.99,1,0,1
Ollie Watkins,FWD,Aston Villa,6.0,0,2,28,0,12.0,40,0.06,0.8,0.74,2.22,270,1,1,14.3,51.2,2023-03-12T14:00:00Z,84,19,0,0,0,0,27,0,961872,1,1,1,80.0,8,-38026,133183,171209,73,False,0,2022-23,27,7.3,,,,,,,,,,,,,FWD,ollie watkins,0,83.66666666666667,86.2,5.333333333333333,6.8,0.6119999999999989,0.5919999999999999,0.0239999999999999,0.4,0.0,84.68,1.0,7.1866666666666665,5.109999999999999,6.059999999999994,5.41,0,0,0
Pervis Estupiñán,DEF,Brighton,11.6,0,0,16,0,6.3,586,0.02,0.04,0.02,1.54,265,2,0,2.5,10.4,2023-03-11T15:00:00Z,90,11,0,0,0,0,27,0,1365716,1,2,2,8.0,1,520045,535422,15377,48,False,0,2022-23,27,4.8,,,,,,,,,,,,,DEF,pervis estupiñán,0,75.33333333333333,81.2,7.0,7.2,0.1660079999999988,0.0399399999999998,0.1280679999999999,0.6,0.0,77.68,0.971,7.52,3.26256,6.230039999999994,5.24,1,0,0
Trent Alexander-Arnold,DEF,Liverpool,7.6,0,0,19,0,30.3,285,0.1,0.17,0.07,0.8,261,1,0,5.6,19.2,2023-03-11T12:30:00Z,64,3,0,0,0,0,27,0,2262864,1,0,1,6.0,2,17815,80616,62801,73,False,0,2022-23,27,7.3,,,,,,,,,,,,,DEF,trent alexander-arnold,0,83.0,85.8,6.333333333333333,7.4,0.2159999999999991,0.036,0.18,1.0,0.0,84.12,1.0,7.986666666666666,5.109999999999999,8.079999999999995,6.03,1,0,0
Virgil van Dijk,DEF,Liverpool,8.6,0,0,8,0,13.7,280,0.04,0.42,0.38,0.86,261,1,0,6.7,21.2,2023-03-11T12:30:00Z,90,3,0,0,0,0,27,0,1304532,1,0,1,32.0,2,51873,70145,18272,65,False,0,2022-23,27,6.5,,,,,,,,,,,,,DEF,virgil van dijk,0,90.0,72.0,10.0,7.2,0.139999999999999,0.134,0.006,0.8,0.0,82.8,1.0,10.6,4.55,6.899999999999995,5.7,1,0,0
Armel Bella-Kotchap,DEF,Southampton,3.5,0,0,3,0,0.0,423,0.0,0.0,0.0,0.39,279,0,0,0.0,0.0,2023-03-18T15:00:00Z,7,18,0,0,0,0,28,0,25237,1,3,3,0.0,1,4068,5139,1071,45,True,0,2022-23,28,4.5,,,,,,,,,,,,,DEF,armel bella-kotchap,0,90.0,90.0,6.0,4.8,0.0679999999999997,0.024,0.0440000000000002,0.6,0.0,90.0,1.0,6.6000000000000005,3.15,5.739999999999998,4.88,1,0,0
Gabriel dos Santos Magalhães,DEF,Arsenal,6.9,0,0,14,0,12.8,16,0.02,0.02,0.0,0.42,271,1,0,3.0,15.2,2023-03-19T14:00:00Z,85,7,0,0,0,0,28,0,1722239,1,1,4,2.0,2,117912,140428,22516,52,True,0,2022-23,28,5.2,,,,,,,,,,,,,DEF,gabriel dos santos magalhães,0,90.0,90.0,7.0,6.2,0.1739999999999995,0.1579999999999996,0.0180000000000002,0.6,0.0,90.0,1.0,7.680000000000001,3.64,6.269999999999998,5.83,1,0,0
Gabriel Martinelli Silva,MID,Arsenal,9.1,0,0,25,0,4.3,19,0.04,0.15,0.11,0.42,271,1,1,6.2,34.6,2023-03-19T14:00:00Z,82,7,0,0,0,0,28,0,4429329,1,1,4,23.0,7,219407,266540,47133,66,True,0,2022-23,28,6.6,,,,,,,,,,,,,MID,gabriel martinelli silva,0,85.33333333333333,73.6,8.666666666666666,8.4,0.7659999999999993,0.6539999999999997,0.1160000000000002,0.6,0.0,80.63999999999999,1.0,9.573333333333334,4.619999999999999,6.8299999999999965,6.87,1,0,1
Gavin Bazunu,GK,Southampton,3.1,0,0,7,0,0.0,422,0.0,0.0,0.0,2.26,279,3,0,0.2,2.2,2023-03-18T15:00:00Z,90,18,0,0,0,0,28,0,80333,1,3,3,0.0,1,2116,4687,2571,45,True,0,2022-23,28,4.5,,,,,,,,,,,,,GK,gavin bazunu,0,90.0,90.0,4.666666666666667,5.2,0.0019999999999994,0.0,0.0020000000000002,0.6,2.6,90.0,1.0,5.533333333333334,3.15,5.409999999999997,5.39,1,0,0
Harry Kane,FWD,Spurs,7.3,0,0,27,0,2.8,427,0.07,0.84,0.77,2.4,279,3,1,8.1,32.2,2023-03-18T15:00:00Z,90,17,0,0,0,0,28,0,4868165,1,3,3,46.0,6,485899,507772,21873,118,False,0,2022-23,28,11.8,,,,,,,,,,,,,FWD,harry kane,0,90.0,90.0,7.0,5.6,0.4759999999999993,0.4059999999999997,0.0700000000000002,0.4,0.0,90.0,1.0,10.32,8.26,5.379999999999997,5.12,1,0,0
Ivan Toney,FWD,Brentford,5.8,0,0,3,0,1.8,80,0.04,0.2,0.16,1.35,273,1,0,2.5,3.2,2023-03-18T15:00:00Z,90,10,0,0,0,0,28,0,4712816,1,1,1,20.0,2,191534,266199,74665,78,True,0,2022-23,28,7.8,,,,,,,,,,,,,FWD,ivan toney,0,90.0,90.0,7.0,6.4,0.9699999999999994,0.7619999999999997,0.208,0.2,0.0,90.0,1.0,8.72,5.46,7.849999999999997,7.14,1,1,0
Jack Harrison,MID,Leeds,7.0,0,2,27,0,4.8,233,0.0,0.27,0.27,2.86,280,2,1,6.6,39.6,2023-03-18T15:00:00Z,90,20,0,0,0,0,28,0,272595,1,4,2,22.0,9,65502,73422,7920,57,False,0,2022-23,28,5.7,,,,,,,,,,,,,MID,jack harrison,0,86.33333333333333,83.2,6.333333333333333,4.8,0.3659999999999992,0.2539999999999996,0.11,0.4,0.0,85.08,1.0,7.346666666666667,3.99,4.8299999999999965,4.32,0,0,0
James Tarkowski,DEF,Everton,2.4,1,0,20,0,10.1,199,0.0,0.04,0.04,2.37,275,2,0,8.0,60.6,2023-03-18T17:30:00Z,90,6,0,0,0,0,28,0,570391,1,2,2,9.0,4,-45206,13158,58364,43,False,0,2022-23,28,4.3,,,,,,,,,,,,,DEF,james tarkowski,0,90.0,90.0,2.333333333333333,3.2,0.2159999999999992,0.1019999999999996,0.1160000000000001,0.4,0.0,90.0,1.0,3.586666666666667,3.01,5.679999999999996,4.77,1,0,0
James Ward-Prowse,MID,Southampton,2.9,0,3,32,0,72.9,407,0.15,1.12,0.97,2.26,279,3,1,16.5,60.8,2023-03-18T15:00:00Z,90,18,0,0,0,0,28,0,740244,1,3,3,31.0,10,15024,42499,27475,63,True,0,2022-23,28,6.3,,,,,,,,,,,,,MID,james ward-prowse,0,90.0,90.0,1.6666666666666667,3.4,0.3379999999999993,0.2219999999999997,0.1160000000000001,0.6,0.0,90.0,1.0,3.8533333333333335,4.409999999999999,4.689999999999996,4.45,0,0,0
Marcos Senesi,DEF,Bournemouth,3.0,0,0,16,0,14.0,576,0.01,0.03,0.02,3.2,272,3,0,3.6,16.8,2023-03-18T15:00:00Z,90,2,0,0,0,0,28,0,41282,1,0,3,5.0,0,21610,24829,3219,44,False,1,2022-23,28,4.4,,,,,,,,,,,,,DEF,marcos senesi,0,90.0,82.4,4.666666666666667,5.4,0.2239999999999991,0.2159999999999999,0.008,0.4,0.0,86.96000000000001,1.0,5.493333333333334,3.08,5.719999999999995,5.15,1,0,0
Martin Ødegaard,MID,Arsenal,4.9,0,0,13,0,22.3,7,0.3,0.55,0.25,0.6,271,1,0,5.4,14.0,2023-03-19T14:00:00Z,90,7,0,0,0,0,28,0,3870662,1,1,4,18.0,2,81514,169586,88072,69,True,0,2022-23,28,6.9,,,,,,,,,,,,,MID,martin ødegaard,0,90.0,88.6,5.666666666666667,5.6,0.6499999999999991,0.3799999999999999,0.2700000000000001,0.6,0.0,89.44,1.0,7.293333333333335,4.83,6.249999999999996,6.14,1,0,0
Norberto Murara Neto,GK,Bournemouth,3.3,0,0,19,0,0.0,574,0.0,0.0,0.0,3.2,272,3,0,4.5,45.0,2023-03-18T15:00:00Z,90,2,0,0,0,0,28,6,43552,1,0,3,0.0,3,11850,14419,2569,45,False,0,2022-23,28,4.5,,,,,,,,,,,,,GK,norberto murara neto,0,90.0,90.0,4.0,5.2,0.0019999999999988,0.0,0.0019999999999999,0.4,4.6,90.0,1.0,5.0,3.15,4.609999999999994,5.03,0,0,0
Ollie Watkins,FWD,Aston Villa,5.7,1,0,16,1,21.3,40,0.04,0.52,0.48,0.59,272,0,0,11.3,29.6,2023-03-18T15:00:00Z,90,3,0,0,0,0,28,0,1838422,1,0,3,62.0,5,687978,712899,24921,74,True,0,2022-23,28,7.4,,,,,,,,,,,,,FWD,ollie watkins,0,86.0,85.0,5.333333333333333,6.2,0.6419999999999988,0.618,0.0279999999999999,0.4,0.0,85.6,1.0,7.226666666666667,5.18,6.209999999999994,5.61,1,0,0
Rico Henry,DEF,Brentford,2.8,0,0,15,0,38.4,85,0.06,0.15,0.09,1.35,273,1,0,5.8,14.0,2023-03-18T15:00:00Z,90,10,0,0,0,0,28,0,477474,1,1,1,6.0,2,314,33677,33363,45,True,0,2022-23,28,4.5,,,,,,,,,,,,,DEF,rico henry,0,88.66666666666667,86.2,3.0,2.6,0.313999999999999,0.1959999999999999,0.1179999999999999,0.2,0.0,87.68,1.0,4.2,3.15,5.369999999999995,4.54,1,0,0
Son Heung-min,MID,Spurs,4.7,1,0,21,0,40.1,428,0.2,0.62,0.42,2.4,279,3,0,7.5,25.8,2023-03-18T15:00:00Z,90,17,0,0,0,0,28,0,1107515,1,3,3,9.0,5,242887,252421,9534,116,False,0,2022-23,28,11.6,,,,,,,,,,,,,MID,son heung-min,0,61.333333333333336,59.2,4.0,4.0,0.369999999999999,0.24,0.132,0.0,0.0,60.48,0.756,7.84,6.138719999999999,4.849999999999995,4.05,0,0,0
Alexis Mac Allister,MID,Brighton,10.1,0,0,26,0,17.8,116,0.17,0.0,0.98,1.5,283,3,1,11.3,47.6,2023-04-01T14:00:00Z,90,4,0,0,0,0,29,0,980250,1,3,3,48.0,6,262761,280702,17941,55,True,1,2022-23,29,5.5,,,,,,,,,,,,,MID,alexis mac allister,0,89.0,89.4,8.0,5.4,0.9419999999999998,0.7820000000000001,0.164,0.4,0.0,89.16,1.0,8.600000000000001,3.85,7.709999999999999,8.2,1,1,1
Alexis Mac Allister,MID,Brighton,10.1,0,0,13,1,14.8,116,0.03,0.0,0.05,1.85,62,0,0,1.7,1.2,2023-04-04T18:45:00Z,72,3,0,0,0,0,29,0,980250,1,2,0,1.0,3,262761,280702,17941,55,False,0,2022-23,29,5.5,,,,,,,,,,,,,MID,alexis mac allister,0,89.0,89.4,5.333333333333333,6.4,0.6599999999999998,0.7140000000000001,0.18,0.4,0.0,89.16,1.0,6.466666666666667,3.85,6.299999999999999,7.81,1,1,1
David De Gea Quintana,GK,Man Utd,10.1,0,0,21,1,3.0,327,0.22,0.0,0.0,0.63,247,0,0,1.5,12.2,2023-04-05T19:00:00Z,90,4,0,0,0,0,29,1,1288683,1,0,1,0.0,6,120773,138996,18223,50,True,0,2022-23,29,5.0,,,,,,,,,,,,,GK,david de gea quintana,0,90.0,90.0,3.0,5.2,0.0,0.0,0.0,0.6,3.6,90.0,1.0,4.4,3.5,5.4,5.93,1,0,0
Emiliano Martínez Romero,GK,Aston Villa,12.0,0,0,14,0,0.0,31,0.0,0.0,0.0,0.48,66,1,0,2.0,20.4,2023-04-04T18:45:00Z,90,10,0,0,0,0,29,3,592011,1,2,1,0.0,3,42417,58296,15879,49,False,0,2022-23,29,4.9,,,,,,,,,,,,,GK,emiliano martínez romero,0,90.0,90.0,7.0,7.4,0.0,0.0,0.0020000000000001,0.8,3.6,90.0,1.0,7.56,3.43,6.2,5.89,0,0,0
Gabriel Martinelli Silva,MID,Arsenal,7.2,1,0,24,0,33.2,19,0.4,0.0,0.38,0.78,281,1,0,12.6,31.2,2023-04-01T14:00:00Z,90,11,0,0,0,0,29,0,4215783,1,1,4,62.0,5,-123215,118787,242002,66,True,0,2022-23,29,6.6,,,,,,,,,,,,,MID,gabriel martinelli silva,0,82.66666666666667,85.6,5.666666666666667,8.6,0.5979999999999994,0.4799999999999996,0.1200000000000002,0.6,0.0,83.84,1.0,7.173333333333334,4.619999999999999,5.989999999999997,5.96,1,0,0
Ivan Toney,FWD,Brentford,10.4,0,0,5,0,13.3,80,0.01,0.0,0.12,1.1,247,1,0,3.2,9.4,2023-04-05T19:00:00Z,90,14,0,0,0,0,29,0,4682711,1,0,1,9.0,2,27502,169525,142023,79,False,0,2022-23,29,7.9,,,,,,,,,,,,,FWD,ivan toney,0,90.0,90.0,7.333333333333333,6.4,0.6139999999999992,0.5799999999999997,0.186,0.2,0.0,90.0,1.0,9.026666666666667,5.53,6.069999999999996,6.0,1,0,0
Luke Shaw,DEF,Man Utd,3.5,0,0,16,0,30.0,332,0.08,0.0,0.0,3.57,288,2,0,4.4,14.4,2023-04-02T15:30:00Z,90,15,0,0,0,0,29,0,2724120,1,0,2,0.0,1,519764,541377,21613,52,False,0,2022-23,29,5.2,,,,,,,,,,,,,DEF,luke shaw,0,82.66666666666667,85.6,3.333333333333333,4.6,0.1939999999999991,0.0599999999999998,0.134,0.6,0.0,83.84,1.0,4.746666666666667,3.64,6.369999999999996,5.47,0,0,0
Luke Shaw,DEF,Man Utd,3.5,0,0,3,0,3.5,332,0.03,0.0,0.04,0.0,247,0,0,0.8,0.0,2023-04-05T19:00:00Z,36,4,0,0,0,0,29,0,2724120,1,0,1,5.0,0,519764,541377,21613,52,True,1,2022-23,29,5.2,,,,,,,,,,,,,DEF,luke shaw,0,90.0,85.6,1.6666666666666667,4.6,0.1759999999999991,0.0599999999999998,0.132,0.6,0.0,88.24000000000001,1.0,3.4133333333333336,3.64,6.279999999999996,5.51,0,0,0
Martin Ødegaard,MID,Arsenal,5.5,1,1,32,0,30.3,7,0.28,0.0,0.0,0.78,281,1,0,6.3,28.6,2023-04-01T14:00:00Z,84,11,0,0,0,0,29,0,3418017,1,1,4,4.0,6,-398782,51814,450596,68,True,0,2022-23,29,6.8,,,,,,,,,,,,,MID,martin ødegaard,0,90.0,88.6,3.6666666666666665,4.4,0.5719999999999992,0.3619999999999999,0.2100000000000001,0.6,0.0,89.44,1.0,5.653333333333334,4.76,5.859999999999996,5.77,0,0,0
Mohamed Salah,MID,Liverpool,4.6,0,0,21,0,11.3,283,0.02,0.0,0.22,2.28,287,3,1,6.9,33.6,2023-04-01T11:30:00Z,69,13,0,0,0,0,29,0,3121203,1,1,4,24.0,6,217696,277487,59791,128,False,1,2022-23,29,12.8,,,,,,,,,,,,,MID,mohamed salah,0,90.0,90.0,9.666666666666666,7.6,0.8479999999999992,0.5059999999999999,0.344,0.8,0.0,90.0,1.0,12.853333333333335,8.959999999999999,7.239999999999996,7.34,1,0,0
Nathan Aké,DEF,Man City,4.5,0,0,16,0,4.3,308,0.02,0.0,0.0,0.33,287,1,0,3.2,28.0,2023-04-01T11:30:00Z,90,12,0,0,0,0,29,0,387595,1,1,4,0.0,2,-1103,29061,30164,50,True,0,2022-23,29,5.0,,,,,,,,,,,,,DEF,nathan aké,0,86.33333333333333,70.0,5.666666666666667,4.0,0.2479999999999989,0.1559999999999999,0.0919999999999999,0.6,0.0,79.8,0.9975,6.533333333333334,3.49125,6.639999999999995,5.93,1,0,0
Ollie Watkins,FWD,Aston Villa,15.0,0,2,29,1,2.3,40,0.02,0.0,0.66,2.09,284,0,1,5.5,37.6,2023-04-01T16:30:00Z,90,6,0,0,0,0,29,0,1856828,1,2,0,15.0,8,174995,253473,78478,75,False,0,2022-23,29,7.5,,,,,,,,,,,,,FWD,ollie watkins,0,86.0,85.0,5.0,5.8,0.7239999999999989,0.698,0.0279999999999999,0.6,0.0,85.6,1.0,7.0,5.25,6.619999999999994,6.06,1,0,0
Ollie Watkins,FWD,Aston Villa,15.0,0,3,32,0,3.6,40,0.02,0.0,0.51,0.48,66,1,1,11.0,47.4,2023-04-04T18:45:00Z,90,10,0,0,0,0,29,0,1856828,1,2,1,59.0,9,174995,253473,78478,75,False,0,2022-23,29,7.5,,,,,,,,,,,,,FWD,ollie watkins,0,88.0,87.6,7.0,5.8,0.7079999999999989,0.8139999999999998,0.0319999999999999,0.8,0.0,87.84,1.0,8.600000000000001,5.25,6.539999999999994,6.83,1,0,0
Virgil van Dijk,DEF,Liverpool,1.4,0,0,19,0,0.2,280,0.0,0.0,0.0,2.96,287,4,0,2.9,26.8,2023-04-01T11:30:00Z,90,13,0,0,0,0,29,0,1317401,1,1,4,2.0,0,40165,57193,17028,65,False,0,2022-23,29,6.5,,,,,,,,,,,,,DEF,virgil van dijk,0,90.0,90.0,7.666666666666667,7.6,0.223999999999999,0.21,0.014,0.8,0.0,90.0,1.0,8.733333333333334,4.55,7.319999999999996,6.4,1,0,0
Virgil van Dijk,DEF,Liverpool,1.4,0,0,0,0,0.0,280,0.0,0.0,0.0,0.0,74,0,0,0.0,0.0,2023-04-04T19:00:00Z,0,6,0,0,0,0,29,0,1317401,0,0,0,0.0,0,40165,57193,17028,65,False,0,2022-23,29,6.5,,,,,,,,,,,,,DEF,virgil van dijk,0,90.0,90.0,2.6666666666666665,6.4,0.221999999999999,0.21,0.012,0.6,0.0,90.0,1.0,4.733333333333333,4.55,6.5099999999999945,6.4,1,0,0
Anthony Martial,FWD,Man Utd,0.0,0,0,0,0,0.0,345,0.0,0.0,0.0,0.0,13,0,0,0.0,0.0,2022-08-13T16:30:00Z,0,4,0,0,0,0,2,0,96690,0,0,4,0.0,0,-90969,2232,93201,69,False,0,2022-23,2,6.9,,,,,,,,,,,,,FWD,anthony martial,0,0.0,0.0,0.0,0.0,0.0,0.0,0.0,0.0,0.0,64.80000000000001,0.8100000000000002,2.76,3.912300000000001,3.0,2.47,0,0,0
Bukayo Saka,MID,Arsenal,4.5,0,0,18,0,43.9,13,0.0,0.0,0.0,0.0,11,2,0,8.1,13.8,2022-08-13T14:00:00Z,83,10,0,0,0,0,2,0,1922750,0,2,4,23.0,2,-38146,93462,131608,80,True,0,2022-23,2,8.0,,,,,,,,,,,,,MID,bukayo saka,0,84.5,64.5,6.5,4.0,0.8674999999999996,0.7549999999999999,0.1125000000000002,0.25,0.0,76.5,0.95625,8.4,5.355,7.337499999999998,6.92,1,0,1
Gabriel Fernando de Jesus,FWD,Arsenal,11.0,2,3,65,0,33.7,28,0.0,0.0,0.0,0.0,11,2,2,23.7,98.6,2022-08-13T14:00:00Z,83,10,0,0,0,0,2,0,6211795,0,2,4,105.0,19,-265945,105825,371770,80,True,0,2022-23,2,8.0,,,,,,,,,,,,,FWD,gabriel fernando de jesus,0,86.0,88.0,4.0,6.25,0.2524999999999993,0.2349999999999996,0.0175000000000002,1.0,0.0,86.80000000000001,1.0,6.4,5.6,4.262499999999997,3.59,0,0,0
Ilkay Gündogan,MID,Man City,8.0,0,2,36,1,34.2,300,0.0,0.0,0.0,0.0,17,0,1,10.2,41.6,2022-08-13T14:00:00Z,64,3,0,0,0,0,2,0,117603,0,0,4,26.0,10,9523,20981,11458,75,True,0,2022-23,2,7.5,,,,,,,,,,,,,MID,ilkay gündogan,0,83.5,86.75,2.5,2.25,0.3549999999999991,0.3274999999999996,0.0275,0.25,0.0,84.80000000000001,1.0,5.0,5.25,4.774999999999995,4.6,1,0,0
Illan Meslier,GK,Leeds,1.5,0,0,13,0,0.0,238,0.0,0.0,0.0,0.0,19,2,0,1.5,14.6,2022-08-13T14:00:00Z,90,17,0,0,0,0,2,2,223952,0,2,2,0.0,1,-2934,12154,15088,45,False,0,2022-23,2,4.5,,,,,,,,,,,,,GK,illan meslier,0,90.0,65.75,4.5,3.0,0.0624999999999991,0.0024999999999996,0.06,0.5,1.25,80.3,1.0,5.4,3.15,5.312499999999996,4.66,0,0,0
Jan Bednarek,DEF,Southampton,1.0,0,0,11,0,0.1,410,0.0,0.0,0.0,0.0,19,2,0,2.8,23.8,2022-08-13T14:00:00Z,69,11,0,0,0,0,2,0,42353,0,2,2,4.0,1,-3354,1279,4633,45,True,0,2022-23,2,4.5,,,,,,,,,,,,,DEF,jan bednarek,0,84.5,85.75,4.0,5.5,0.257499999999999,0.2349999999999996,0.0225000000000001,0.5,0.0,85.0,1.0,5.0,3.15,6.287499999999995,5.82,1,0,0
Kevin De Bruyne,MID,Man City,11.5,1,3,46,1,78.5,301,0.0,0.0,0.0,0.0,17,0,1,19.2,68.6,2022-08-13T14:00:00Z,90,3,0,0,0,0,2,0,1463650,0,0,4,45.0,14,64431,132311,67880,120,True,0,2022-23,2,12.0,,,,,,,,,,,,,MID,kevin de bruyne,0,88.5,89.25,4.5,3.75,0.0399999999999991,0.0324999999999997,0.0075,0.25,0.0,88.80000000000001,1.0,8.4,8.399999999999999,3.199999999999996,5.1,1,0,0
Kevin Mbabu,DEF,Fulham,0.0,0,0,3,0,0.0,532,0.0,0.0,0.0,0.0,20,0,0,0.0,0.0,2022-08-13T14:00:00Z,1,20,0,0,0,0,2,0,17086,0,0,0,0.0,1,-1472,1055,2527,45,False,0,2022-23,2,4.5,,,,,,,,,,,,,DEF,kevin mbabu,0,34.0,60.25,1.5,4.25,0.679999999999999,0.4149999999999997,0.265,0.75,0.0,44.5,0.55625,3.0,1.7521875,7.399999999999995,4.88,1,0,0
Marek Rodák,GK,Fulham,3.0,0,0,22,1,0.0,213,0.0,0.0,0.0,0.0,20,0,0,0.9,8.8,2022-08-13T14:00:00Z,90,20,0,0,0,0,2,1,18003,0,0,0,0.0,6,693,2335,1642,45,False,0,2022-23,2,4.5,,,,,,,,,,,,,GK,marek rodák,0,90.0,85.5,1.5,2.0,0.247499999999999,0.0899999999999998,0.1575000000000001,0.5,0.25,88.2,1.0,3.0,3.15,6.237499999999995,5.42,1,0,0
Mathias Jensen,MID,Brentford,7.0,1,3,39,1,21.3,88,0.0,0.0,0.0,0.0,13,0,1,9.7,53.2,2022-08-13T16:30:00Z,73,14,0,0,0,0,2,0,5451,0,0,4,22.0,14,-271,354,625,50,True,0,2022-23,2,5.0,,,,,,,,,,,,,MID,mathias jensen,0,68.5,78.25,5.0,4.75,0.3424999999999989,0.1849999999999999,0.1575,0.25,0.0,72.4,0.905,6.0,3.1675,4.712499999999995,3.64,0,0,0
Michail Antonio,FWD,West Ham,1.5,0,0,7,0,20.6,458,0.0,0.0,0.0,0.0,18,1,0,4.3,4.4,2022-08-14T13:00:00Z,68,16,0,0,0,0,2,0,374287,0,0,1,18.0,2,-58785,29672,88457,75,False,0,2022-23,2,7.5,,,,,,,,,,,,,FWD,michail antonio,0,71.5,79.25,6.5,7.75,0.569999999999999,0.2874999999999998,0.2825,0.25,0.0,74.6,0.9325,8.2,4.895624999999999,5.849999999999994,4.22,1,0,0
Mohamed Salah,MID,Liverpool,8.0,0,0,5,0,89.7,283,0.0,0.0,0.0,0.0,16,1,0,14.6,18.6,2022-08-15T19:00:00Z,90,7,0,0,0,0,2,0,5570821,0,1,1,38.0,2,133225,175994,42769,130,True,0,2022-23,2,13.0,,,,,,,,,,,,,MID,mohamed salah,0,80.0,44.25,9.0,4.75,0.0599999999999989,0.0574999999999998,0.0025,0.0,0.0,65.7,0.82125,12.4,7.473375,3.299999999999995,4.62,1,0,0
Pascal Struijk,DEF,Leeds,3.5,1,2,33,0,11.8,235,0.0,0.0,0.0,0.0,19,2,0,7.4,44.4,2022-08-13T14:00:00Z,90,17,0,0,0,0,2,0,9261,0,2,2,18.0,6,-634,697,1331,45,False,0,2022-23,2,4.5,,,,,,,,,,,,,DEF,pascal struijk,0,90.0,90.0,2.5,3.25,0.2849999999999985,0.1099999999999997,0.1749999999999998,0.25,0.0,90.0,1.0,3.8,3.15,5.424999999999992,4.32,1,0,0
Rúben Nascimento Vinagre,DEF,Everton,0.5,0,0,0,0,0.0,531,0.0,0.0,0.0,0.0,12,0,0,0.0,0.0,2022-08-13T11:30:00Z,0,2,0,0,0,0,2,0,5824,0,1,2,0.0,0,-338,220,558,45,False,0,2022-23,2,4.5,,,,,,,,,,,,,DEF,rúben nascimento vinagre,0,55.0,72.5,1.5,4.75,0.0724999999999988,0.0274999999999999,0.045,0.5,0.0,62.0,0.775,3.0,2.44125,5.3624999999999945,4.28,1,0,0
William Saliba,DEF,Arsenal,4.0,0,0,9,0,0.7,26,0.0,0.0,0.0,0.0,11,2,0,0.8,7.4,2022-08-13T14:00:00Z,90,10,1,0,0,0,2,0,494654,0,2,4,0.0,-1,184739,212268,27529,45,True,0,2022-23,2,4.5,,,,,,,,,,,,,DEF,william saliba,0,87.0,77.75,10.5,8.0,0.6824999999999988,0.565,0.1175,0.5,0.0,83.3,1.0,10.2,3.15,8.412499999999994,8.54,1,1,0
Alexandre Moreno Lopera,DEF,Aston Villa,4.8,0,0,24,1,29.9,694,0.22,0.22,0.0,0.25,291,0,0,5.9,22.6,2023-04-08T14:00:00Z,90,16,0,0,0,0,30,0,111693,1,0,2,6.0,5,58919,60773,1854,44,True,1,2022-23,30,4.4,,,,,,,,,,,,,DEF,alexandre moreno lopera,0,87.33333333333333,78.8,4.666666666666667,5.4,0.1459999999999998,0.034,0.17,0.6,0.0,83.92,1.0,5.493333333333334,3.08,6.129999999999999,5.42,1,0,0
Alexis Mac Allister,MID,Brighton,3.5,0,0,11,0,28.7,116,0.45,0.59,0.14,0.83,299,2,0,7.2,18.2,2023-04-08T14:00:00Z,90,18,0,0,0,0,30,0,934181,1,1,2,25.0,2,-28849,37726,66575,55,False,0,2022-23,30,5.5,,,,,,,,,,,,,MID,alexis mac allister,0,83.0,85.8,4.0,6.6,0.5339999999999998,0.604,0.178,0.6,0.0,84.12,1.0,5.4,3.85,5.669999999999999,6.99,1,0,1
Ben Chilwell,DEF,Chelsea,2.5,0,0,-1,0,1.1,139,0.0,0.05,0.05,0.0,300,0,0,0.3,0.0,2023-04-08T14:00:00Z,22,20,0,0,0,0,30,0,1308146,0,0,1,3.0,0,48480,86929,38449,60,False,1,2022-23,30,6.0,,,,,,,,,,,,,DEF,ben chilwell,0,85.66666666666667,83.8,3.333333333333333,5.6,0.3179999999999997,0.148,0.3460000000000002,0.4,0.0,84.92,1.0,5.066666666666667,4.199999999999999,6.189999999999998,5.95,1,0,0
Benjamin White,DEF,Arsenal,4.3,0,0,9,0,0.8,10,0.0,0.0,0.0,3.96,296,2,0,1.2,11.0,2023-04-09T15:30:00Z,90,12,0,0,0,0,30,0,1582014,1,2,2,0.0,0,219438,239266,19828,48,False,1,2022-23,30,4.8,,,,,,,,,,,,,DEF,benjamin white,0,83.66666666666667,77.2,6.333333333333333,6.4,0.1199999999999997,0.1679999999999999,0.1020000000000002,0.4,0.0,81.08000000000001,1.0,6.986666666666666,3.36,5.199999999999999,5.06,0,0,0
David De Gea Quintana,GK,Man Utd,4.7,0,0,21,1,0.0,327,0.0,0.0,0.0,1.02,297,0,0,0.8,8.4,2023-04-08T11:30:00Z,90,8,0,0,0,0,30,1,1309922,1,0,2,0.0,6,29142,46147,17005,50,True,0,2022-23,30,5.0,,,,,,,,,,,,,GK,david de gea quintana,0,90.0,90.0,5.333333333333333,4.4,0.0,0.0,0.044,0.6,2.6,90.0,1.0,6.266666666666667,3.5,5.4,5.72,0,0,0
Emiliano Martínez Romero,GK,Aston Villa,7.5,0,3,29,1,0.0,31,0.0,0.0,0.0,0.25,291,0,0,1.9,19.2,2023-04-08T14:00:00Z,90,16,0,0,0,0,30,2,706781,1,0,2,0.0,9,114104,119102,4998,49,True,0,2022-23,30,4.9,,,,,,,,,,,,,GK,emiliano martínez romero,0,90.0,90.0,7.0,6.2,0.0,0.0,0.0020000000000001,0.6,3.4,90.0,1.0,7.56,3.43,5.4,5.82,1,0,0
Gabriel Martinelli Silva,MID,Arsenal,8.3,1,3,35,0,48.9,19,0.42,0.57,0.15,3.96,296,2,1,15.2,65.8,2023-04-09T15:30:00Z,90,12,0,0,0,0,30,0,4262782,1,2,2,37.0,13,17266,87814,70548,66,False,0,2022-23,30,6.6,,,,,,,,,,,,,MID,gabriel martinelli silva,0,82.66666666666667,85.6,6.666666666666667,7.6,0.5379999999999994,0.5139999999999997,0.1820000000000002,0.4,0.0,83.84,1.0,7.9733333333333345,4.619999999999999,5.689999999999997,6.22,1,0,0
Harry Kane,FWD,Spurs,7.3,0,3,36,0,24.9,427,0.18,0.43,0.25,1.43,299,1,1,9.4,42.4,2023-04-08T14:00:00Z,90,5,0,0,0,0,30,0,4519676,1,1,2,27.0,9,-19207,111193,130400,117,True,0,2022-23,30,11.7,,,,,,,,,,,,,FWD,harry kane,0,90.0,90.0,8.666666666666666,6.8,0.5739999999999993,0.7659999999999998,0.0640000000000002,0.2,0.0,90.0,1.0,11.613333333333332,8.19,5.8699999999999966,7.2,1,1,0
James Ward-Prowse,MID,Southampton,2.5,0,0,17,0,16.2,407,0.12,0.12,0.0,2.64,298,4,0,3.4,18.0,2023-04-08T16:30:00Z,90,13,0,0,0,0,30,0,649248,1,4,1,0.0,2,-25203,8318,33521,63,True,0,2022-23,30,6.3,,,,,,,,,,,,,MID,james ward-prowse,0,90.0,90.0,4.666666666666667,3.4,0.4759999999999992,0.3959999999999997,0.094,0.4,0.0,90.0,1.0,6.253333333333334,4.409999999999999,5.379999999999996,5.34,0,0,0
Joël Veltman,DEF,Brighton,3.5,0,0,14,0,17.5,109,0.03,0.06,0.03,0.83,299,2,0,3.7,11.2,2023-04-08T14:00:00Z,84,18,0,0,0,0,30,0,453127,1,1,2,8.0,1,-11365,9607,20972,46,False,0,2022-23,30,4.6,,,,,,,,,,,,,DEF,joël veltman,0,83.66666666666667,83.0,4.333333333333333,5.4,0.1559999999999993,0.1879999999999997,0.014,0.6,0.0,83.4,1.0,5.306666666666667,3.22,6.179999999999996,5.92,1,0,0
Kai Havertz,FWD,Chelsea,3.5,0,0,8,0,12.9,145,0.02,0.22,0.2,0.48,300,1,0,4.1,13.8,2023-04-08T14:00:00Z,60,20,0,0,0,0,30,0,579982,1,0,1,14.0,2,-140736,11390,152126,76,False,0,2022-23,30,7.6,,,,,,,,,,,,,FWD,kai havertz,0,90.0,90.0,4.0,4.6,0.5399999999999993,0.7879999999999997,0.096,0.4,0.0,90.0,1.0,6.24,5.319999999999999,5.699999999999996,6.82,1,0,0
Lewis Dunk,DEF,Brighton,5.5,0,1,26,0,15.2,106,0.04,0.23,0.19,0.83,299,2,1,10.6,53.4,2023-04-08T14:00:00Z,90,18,0,0,0,0,30,0,556057,1,1,2,37.0,8,-10730,9333,20063,47,False,0,2022-23,30,4.7,,,,,,,,,,,,,DEF,lewis dunk,0,90.0,90.0,4.666666666666667,4.2,0.0399999999999991,0.0959999999999998,0.0339999999999999,0.6,0.0,90.0,1.0,5.613333333333334,3.29,5.599999999999996,5.4,0,0,0
Marcus Rashford,MID,Man Utd,6.0,1,0,3,1,13.3,335,0.11,0.98,0.87,1.02,297,0,0,11.0,25.2,2023-04-08T11:30:00Z,80,8,0,0,0,0,30,0,6092180,1,0,2,71.0,6,144352,177103,32751,73,True,0,2022-23,30,7.3,,,,,,,,,,,,,MID,marcus rashford,0,90.0,84.4,5.0,6.4,0.3799999999999991,0.426,0.03,0.6,0.0,87.76,1.0,6.92,5.109999999999999,4.899999999999995,5.62,1,0,0
Martin Ødegaard,MID,Arsenal,3.3,0,0,5,0,1.8,7,0.01,0.06,0.05,2.15,296,1,0,1.5,4.0,2023-04-09T15:30:00Z,79,12,0,0,0,0,30,0,3395392,1,2,2,9.0,2,-60902,44522,105424,67,False,0,2022-23,30,6.7,,,,,,,,,,,,,MID,martin ødegaard,0,88.0,88.8,5.0,5.0,0.5219999999999991,0.3319999999999999,0.246,0.4,0.0,88.32,1.0,6.68,4.69,5.609999999999996,5.48,1,0,0
Ollie Watkins,FWD,Aston Villa,7.2,0,2,25,1,5.3,40,0.06,0.75,0.69,0.25,291,0,1,11.0,38.8,2023-04-08T14:00:00Z,90,16,0,0,0,0,30,0,2222772,1,0,2,66.0,7,382992,407797,24805,76,True,1,2022-23,30,7.6,,,,,,,,,,,,,FWD,ollie watkins,0,90.0,87.6,7.333333333333333,6.4,0.3959999999999988,0.6099999999999999,0.0299999999999999,0.6,0.0,89.03999999999999,1.0,8.906666666666666,5.319999999999999,4.979999999999994,5.74,1,0,0
Alexandre Moreno Lopera,DEF,Aston Villa,5.3,1,1,32,1,34.5,694,0.71,0.71,0.0,0.54,301,0,0,7.2,27.2,2023-04-15T11:30:00Z,90,15,0,0,0,0,31,0,125839,1,0,3,10.0,10,13830,19945,6115,44,True,0,2022-23,31,4.4,,,,,,,,,,,,,DEF,alexandre moreno lopera,0,87.33333333333333,83.0,4.333333333333333,5.4,0.1519999999999998,0.034,0.176,0.6,0.0,85.6,1.0,5.226666666666667,3.08,6.159999999999998,5.47,1,0,0
Alexis Mac Allister,MID,Brighton,3.2,0,0,9,0,33.8,116,0.07,0.57,0.5,0.6,302,1,0,6.1,4.8,2023-04-15T14:00:00Z,90,6,0,0,0,0,31,0,911684,1,2,1,22.0,2,-24316,37219,61535,55,False,0,2022-23,31,5.5,,,,,,,,,,,,,MID,alexis mac allister,0,84.0,85.8,3.6666666666666665,4.2,0.3479999999999998,0.392,0.202,0.4,0.0,84.72,1.0,5.133333333333334,3.85,4.739999999999999,5.56,1,0,0
David De Gea Quintana,GK,Man Utd,5.0,0,0,24,1,0.0,327,0.0,0.0,0.0,0.68,306,0,0,0.6,6.0,2023-04-16T15:30:00Z,90,16,0,0,0,0,31,0,1341723,1,2,0,0.0,6,27365,46130,18765,50,False,0,2022-23,31,5.0,,,,,,,,,,,,,GK,david de gea quintana,0,90.0,90.0,4.666666666666667,4.2,0.0,0.0,0.044,0.6,2.2,90.0,1.0,5.733333333333334,3.5,5.4,5.58,0,0,0
Emiliano Martínez Romero,GK,Aston Villa,6.7,0,0,25,1,0.0,31,0.0,0.0,0.0,0.54,301,0,0,1.8,18.4,2023-04-15T11:30:00Z,90,15,0,0,0,0,31,2,736526,1,0,3,0.0,6,27730,46442,18712,50,True,0,2022-23,31,5.0,,,,,,,,,,,,,GK,emiliano martínez romero,0,90.0,90.0,7.666666666666667,6.6,0.0,0.0,0.0020000000000001,0.6,3.8,90.0,1.0,8.133333333333333,3.5,5.4,6.0,1,0,0
Ezri Konsa Ngoyo,DEF,Aston Villa,4.3,0,0,25,1,0.7,44,0.02,0.02,0.0,0.54,301,0,0,1.1,7.8,2023-04-15T11:30:00Z,90,15,0,0,0,0,31,0,70474,1,0,3,2.0,6,3797,8390,4593,44,True,0,2022-23,31,4.4,,,,,,,,,,,,,DEF,ezri konsa ngoyo,0,90.0,90.0,4.333333333333333,4.2,0.0839999999999996,0.0419999999999997,0.0460000000000001,0.6,0.0,90.0,1.0,5.226666666666667,3.08,5.819999999999999,5.03,1,0,0
Gabriel Martinelli Silva,MID,Arsenal,8.2,1,0,21,0,42.1,19,0.68,0.77,0.09,1.75,309,2,0,10.2,31.4,2023-04-16T13:00:00Z,84,19,0,0,0,0,31,0,4881573,1,2,2,28.0,5,608125,622762,14637,68,False,0,2022-23,31,6.8,,,,,,,,,,,,,MID,gabriel martinelli silva,0,87.33333333333333,85.6,8.333333333333334,7.0,0.4399999999999994,0.3739999999999996,0.2240000000000002,0.2,0.0,86.64,1.0,9.386666666666668,4.76,5.1999999999999975,5.5,1,0,0
Harry Kane,FWD,Spurs,6.5,0,0,0,0,23.2,427,0.07,0.68,0.61,0.94,308,3,0,7.0,5.6,2023-04-15T14:15:00Z,90,3,0,0,0,0,31,0,4531383,1,3,2,41.0,2,5465,90494,85029,117,True,0,2022-23,31,11.7,,,,,,,,,,,,,FWD,harry kane,0,90.0,90.0,7.333333333333333,7.4,0.5699999999999994,0.7319999999999997,0.0940000000000002,0.0,0.0,90.0,1.0,10.546666666666669,8.19,5.849999999999997,7.0,1,1,0
Ibrahima Konaté,DEF,Liverpool,2.0,0,0,19,0,2.6,290,0.01,0.01,0.0,1.34,304,1,0,2.5,22.8,2023-04-17T19:00:00Z,90,11,0,0,0,0,31,0,89028,1,6,1,0.0,2,19214,23839,4625,48,False,0,2022-23,31,4.8,,,,,,,,,,,,,DEF,ibrahima konaté,0,90.0,90.0,2.333333333333333,2.8,0.1839999999999993,0.1779999999999996,0.0060000000000001,0.4,0.0,90.0,1.0,3.786666666666667,3.36,5.519999999999997,4.92,0,0,0
Ivan Toney,FWD,Brentford,4.2,0,0,3,0,1.3,80,0.0,0.5,0.5,0.73,310,2,0,4.4,6.0,2023-04-15T14:00:00Z,90,20,0,0,0,0,31,0,4141078,1,0,2,37.0,2,-157836,64338,222174,78,False,0,2022-23,31,7.8,,,,,,,,,,,,,FWD,ivan toney,0,90.0,90.0,5.0,5.6,0.7039999999999993,0.7819999999999997,0.1,0.2,0.0,90.0,1.0,7.12,5.46,6.519999999999996,6.81,1,0,1
Joe Willock,MID,Newcastle,4.3,0,0,5,0,1.8,373,0.0,0.0,0.0,1.59,301,2,0,0.6,3.8,2023-04-15T11:30:00Z,67,2,0,0,0,0,31,0,127084,1,0,3,0.0,2,20526,28265,7739,47,False,0,2022-23,31,4.7,,,,,,,,,,,,,MID,joe willock,0,65.0,75.0,4.333333333333333,5.2,0.2659999999999993,0.5419999999999998,0.1400000000000001,0.2,0.0,69.0,0.8625,5.346666666666667,2.837625,4.3299999999999965,5.35,1,0,0
Kai Havertz,FWD,Chelsea,1.5,0,0,0,0,0.0,145,0.0,0.0,0.0,0.0,302,0,0,0.0,0.0,2023-04-15T14:00:00Z,0,5,0,0,0,0,31,0,484628,0,2,1,0.0,0,-96249,8071,104320,75,True,0,2022-23,31,7.5,,,,,,,,,,,,,FWD,kai havertz,0,80.0,84.0,2.0,4.6,0.4959999999999992,0.7599999999999998,0.082,0.2,0.0,81.6,1.0,4.6,5.25,5.479999999999996,6.19,1,0,0
Marcus Rashford,MID,Man Utd,0.0,0,0,0,0,0.0,335,0.0,0.0,0.0,0.0,306,0,0,0.0,0.0,2023-04-16T15:30:00Z,0,16,0,0,0,0,31,0,4275266,0,2,0,0.0,0,-1808277,14650,1822927,72,False,0,2022-23,31,7.2,,,,,,,,,,,,,MID,marcus rashford,0,86.66666666666667,86.8,6.0,4.6,0.3579999999999991,0.3839999999999999,0.05,0.6,0.0,86.72,1.0,7.6800000000000015,5.04,4.789999999999996,5.29,0,0,0
Mohamed Salah,MID,Liverpool,7.0,0,2,45,0,7.3,283,0.05,0.67,0.62,1.32,304,1,2,12.1,65.2,2023-04-17T19:00:00Z,80,11,0,0,0,0,31,0,3083036,1,6,1,48.0,14,95351,157308,61957,128,False,0,2022-23,31,12.8,,,,,,,,,,,,,MID,mohamed salah,0,61.333333333333336,72.8,4.0,6.6,0.9439999999999992,0.7579999999999999,0.234,0.2,0.0,65.92,0.8240000000000001,8.32,7.38304,7.719999999999996,6.69,1,0,0
Nathan Aké,DEF,Man City,2.3,0,0,0,0,0.0,308,0.0,0.0,0.0,0.0,305,0,0,0.0,0.0,2023-04-15T16:30:00Z,0,10,0,0,0,0,31,0,544087,0,1,3,0.0,0,61623,78668,17045,51,True,0,2022-23,31,5.1,,,,,,,,,,,,,DEF,nathan aké,0,86.66666666666667,85.8,3.333333333333333,4.2,0.0919999999999989,0.0199999999999999,0.0759999999999999,0.6,0.0,86.32,1.0,4.706666666666667,3.5699999999999994,5.859999999999995,5.0,1,0,0
Pedro Porro,DEF,Spurs,2.2,0,0,12,0,52.2,733,0.26,0.28,0.02,0.94,308,3,0,7.6,19.0,2023-04-15T14:15:00Z,90,3,0,0,0,0,31,0,126584,1,3,2,5.0,1,47635,50832,3197,48,True,0,2022-23,31,4.8,,,,,,,,,,,,,DEF,pedro porro,0,88.33333333333333,87.2,3.6666666666666665,4.4,0.3599999999999989,0.2159999999999998,0.1639999999999999,0.2,0.0,87.88,1.0,4.8533333333333335,3.36,5.599999999999994,4.89,0,0,0
Alexandre Moreno Lopera,DEF,Aston Villa,5.0,0,0,5,0,0.8,694,0.0,0.03,0.03,2.19,313,1,0,0.9,4.2,2023-04-22T14:00:00Z,65,4,0,0,0,0,32,0,476116,1,1,1,4.0,2,177780,181643,3863,45,False,0,2022-23,32,4.5,,,,,,,,,,,,,DEF,alexandre moreno lopera,0,88.0,88.4,5.666666666666667,5.8,0.2559999999999998,0.034,0.28,0.8,0.0,88.16,1.0,6.333333333333334,3.15,7.479999999999999,5.92,1,0,0
Andreas Hoelgebaum Pereira,MID,Fulham,5.0,0,3,27,0,11.2,346,0.03,1.25,1.22,0.85,316,1,1,10.8,43.6,2023-04-22T11:30:00Z,85,11,0,0,0,0,32,0,1675306,1,1,2,53.0,10,52259,76191,23932,43,True,0,2022-23,32,4.3,,,,,,,,,,,,,MID,andreas hoelgebaum pereira,0,81.0,81.6,3.333333333333333,4.0,0.3759999999999998,0.448,0.036,0.0,0.0,81.24000000000001,1.0,4.386666666666667,3.01,4.879999999999999,4.96,1,0,0
Dominic Solanke,FWD,Bournemouth,5.5,0,0,5,0,17.0,66,0.05,0.37,0.32,2.34,312,4,0,8.0,11.6,2023-04-23T13:00:00Z,90,19,0,0,0,0,32,0,513750,1,4,0,51.0,2,158209,164519,6310,56,True,0,2022-23,32,5.6,,,,,,,,,,,,,FWD,dominic solanke,0,89.0,89.2,6.333333333333333,6.0,0.3159999999999996,0.6599999999999999,0.1140000000000001,0.2,0.0,89.08,1.0,7.306666666666667,3.92,4.579999999999998,6.11,1,0,0
Emiliano Martínez Romero,GK,Aston Villa,6.0,0,0,10,0,0.0,31,0.0,0.0,0.0,0.25,313,0,0,1.5,14.6,2023-04-22T14:00:00Z,45,4,0,0,0,0,32,2,870077,1,1,1,0.0,1,78930,89401,10471,50,False,0,2022-23,32,5.0,,,,,,,,,,,,,GK,emiliano martínez romero,0,90.0,90.0,6.0,7.2,0.0,0.0,0.0020000000000001,0.8,3.4,90.0,1.0,6.800000000000001,3.5,6.2,5.86,1,0,0
Gabriel Martinelli Silva,MID,Arsenal,9.0,0,2,40,0,80.1,19,0.47,0.74,0.27,1.42,311,3,1,17.5,51.8,2023-04-21T19:00:00Z,84,17,0,0,0,0,32,0,5292806,1,3,3,43.0,9,221574,239592,18018,69,True,0,2022-23,32,6.9,,,,,,,,,,,,,MID,gabriel martinelli silva,0,88.0,84.4,7.666666666666667,7.6,0.5279999999999994,0.3539999999999996,0.3300000000000002,0.2,0.0,86.56,1.0,8.893333333333334,4.83,5.639999999999997,5.8,1,0,0
Harry Kane,FWD,Spurs,5.5,0,0,29,0,2.5,427,0.01,0.38,0.37,3.64,320,6,1,7.8,37.2,2023-04-23T13:00:00Z,90,15,0,0,0,0,32,0,4186247,1,1,6,38.0,6,-176983,63120,240103,116,False,0,2022-23,32,11.6,,,,,,,,,,,,,FWD,harry kane,0,90.0,90.0,6.0,7.4,0.6279999999999994,0.7919999999999997,0.0920000000000001,0.0,0.0,90.0,1.0,9.44,8.12,6.139999999999997,7.34,1,1,0
Ivan Toney,FWD,Brentford,5.2,0,3,33,0,36.3,80,0.39,0.79,0.4,1.91,313,1,1,11.8,39.0,2023-04-22T14:00:00Z,90,2,0,0,0,0,32,0,4014848,1,1,1,43.0,9,-125040,76663,201703,77,True,0,2022-23,32,7.7,,,,,,,,,,,,,FWD,ivan toney,0,90.0,90.0,2.6666666666666665,3.8,0.5939999999999992,0.6979999999999997,0.074,0.0,0.0,90.0,1.0,5.213333333333333,5.39,5.969999999999996,6.3,1,0,0
Joe Willock,MID,Newcastle,4.5,1,0,23,0,39.3,373,0.27,0.66,0.39,1.01,320,1,0,7.5,25.4,2023-04-23T13:00:00Z,90,18,0,0,0,0,32,0,126030,1,1,6,10.0,5,-1006,8228,9234,47,True,0,2022-23,32,4.7,,,,,,,,,,,,,MID,joe willock,0,59.66666666666666,70.4,1.6666666666666667,4.4,0.1639999999999993,0.4539999999999998,0.1260000000000001,0.2,0.0,63.96,0.7995,3.213333333333334,2.630355,3.8199999999999967,4.64,0,0,0
José Malheiro de Sá,GK,Wolves,5.0,0,0,12,0,0.0,478,0.0,0.0,0.0,2.42,317,2,0,3.6,35.8,2023-04-22T14:00:00Z,90,10,0,0,0,0,32,5,647403,1,1,2,0.0,1,21234,25752,4518,50,False,1,2022-23,32,5.0,,,,,,,,,,,,,GK,josé malheiro de sá,0,90.0,90.0,6.333333333333333,4.4,0.0,0.0,0.0,0.4,3.2,90.0,1.0,7.066666666666666,3.5,4.6,4.78,0,0,0
Kieran Trippier,DEF,Newcastle,4.3,0,0,16,0,70.3,357,0.39,0.39,0.0,0.68,320,1,0,8.6,15.6,2023-04-23T13:00:00Z,69,18,0,0,0,0,32,0,7673757,1,1,6,0.0,2,-9525,33952,43477,62,True,0,2022-23,32,6.2,,,,,,,,,,,,,DEF,kieran trippier,0,88.66666666666667,89.2,1.6666666666666667,3.8,0.1419999999999993,0.0,0.28,0.2,0.0,88.88,1.0,3.813333333333334,4.34,4.509999999999997,4.67,0,0,0
Kurt Zouma,DEF,West Ham,5.5,0,0,26,1,0.3,461,0.0,0.0,0.0,1.14,312,0,0,3.1,31.0,2023-04-23T13:00:00Z,90,3,0,0,0,0,32,0,187174,1,4,0,0.0,6,25329,28342,3013,44,False,0,2022-23,32,4.4,,,,,,,,,,,,,DEF,kurt zouma,0,90.0,90.0,4.333333333333333,4.2,0.0779999999999992,0.1699999999999998,0.008,0.4,0.0,90.0,1.0,5.226666666666667,3.08,4.989999999999997,4.85,1,0,0
Mohamed Salah,MID,Liverpool,7.1,0,0,30,0,28.8,283,0.31,0.74,0.43,0.82,318,2,1,10.4,37.4,2023-04-22T14:00:00Z,90,16,0,0,0,0,32,0,3933432,1,2,3,38.0,7,517065,528279,11214,129,True,0,2022-23,32,12.9,,,,,,,,,,,,,MID,mohamed salah,0,65.0,70.8,6.666666666666667,5.2,0.8639999999999992,0.768,0.144,0.0,0.0,67.32,0.8414999999999999,10.493333333333334,7.598744999999998,7.319999999999996,6.85,1,0,1
Pedro Porro,DEF,Spurs,0.5,0,0,15,0,26.5,733,0.02,0.09,0.07,3.64,320,6,0,4.5,9.6,2023-04-23T13:00:00Z,90,15,0,0,0,0,32,0,114739,1,1,6,9.0,-1,-8838,4142,12980,48,False,0,2022-23,32,4.8,,,,,,,,,,,,,DEF,pedro porro,0,90.0,89.0,1.6666666666666667,3.4,0.3579999999999989,0.1719999999999998,0.2059999999999999,0.0,0.0,89.6,1.0,3.2533333333333334,3.36,4.789999999999994,4.77,0,0,0
Son Heung-min,MID,Spurs,4.7,0,0,5,0,21.3,428,0.01,0.17,0.16,3.54,320,6,0,3.2,2.6,2023-04-23T13:00:00Z,82,15,0,0,0,0,32,0,773980,1,1,6,8.0,2,13006,33038,20032,116,False,0,2022-23,32,11.6,,,,,,,,,,,,,MID,son heung-min,0,87.0,86.8,6.333333333333333,6.6,0.5259999999999991,0.316,0.214,0.2,0.0,86.91999999999999,1.0,9.706666666666669,8.12,5.629999999999996,5.09,1,0,0
Tyrone Mings,DEF,Aston Villa,4.8,0,0,14,0,1.6,39,0.03,0.05,0.02,2.75,313,1,0,2.1,18.0,2023-04-22T14:00:00Z,90,4,0,0,0,0,32,0,1413868,1,1,1,1.0,2,245671,260149,14478,46,False,0,2022-23,32,4.6,,,,,,,,,,,,,DEF,tyrone mings,0,90.0,90.0,4.666666666666667,6.8,0.059999999999999,0.054,0.01,0.8,0.0,90.0,1.0,5.573333333333334,3.22,6.499999999999996,4.97,1,0,0
Alexandre Moreno Lopera,DEF,Aston Villa,5.3,0,1,22,1,24.1,694,0.07,0.09,0.02,0.1,321,0,0,4.3,13.8,2023-04-25T18:45:00Z,76,9,0,0,0,0,33,0,341191,1,0,1,5.0,7,37690,53638,15948,45,True,0,2022-23,33,4.5,,,,,,,,,,,,,DEF,alexandre moreno lopera,0,81.66666666666667,83.4,5.666666666666667,5.0,0.1919999999999998,0.032,0.218,0.6,0.0,82.36000000000001,1.0,6.333333333333334,3.15,6.359999999999999,5.58,1,0,0
Andreas Hoelgebaum Pereira,MID,Fulham,4.4,0,0,1,0,5.4,346,0.01,0.11,0.1,0.72,321,1,0,0.4,0.0,2023-04-25T18:45:00Z,67,2,0,0,0,0,33,0,1624701,1,0,1,4.0,2,13972,58760,44788,44,False,0,2022-23,33,4.4,,,,,,,,,,,,,MID,andreas hoelgebaum pereira,0,82.33333333333333,80.6,4.666666666666667,4.4,0.4899999999999997,0.562,0.036,0.0,0.0,81.64,1.0,5.493333333333334,3.08,5.449999999999999,5.67,1,0,0
Antony Matheus dos Santos,MID,Man Utd,4.6,0,0,15,0,0.0,609,0.12,0.14,0.02,1.54,325,1,0,0.0,0.0,2023-04-27T19:15:00Z,70,18,0,0,0,0,33,0,343571,1,2,2,0.0,2,5730,10971,5241,73,False,0,2022-23,33,7.3,,,,,,,,,,,,,MID,antony matheus dos santos,0,78.0,73.6,6.0,4.8,0.4459999999999997,0.402,0.1980000000000002,0.8,0.0,76.24,0.953,7.720000000000001,4.869829999999999,5.229999999999999,5.47,1,0,0
Ashley Young,DEF,Aston Villa,4.7,0,0,17,1,16.1,538,0.02,0.04,0.02,0.1,321,0,0,2.8,8.0,2023-04-25T18:45:00Z,84,9,0,0,0,0,33,0,97066,1,0,1,4.0,5,3402,6837,3435,43,True,1,2022-23,33,4.3,,,,,,,,,,,,,DEF,ashley young,0,81.66666666666667,83.8,5.0,4.6,0.0199999999999997,0.018,0.0320000000000002,0.6,0.0,82.52000000000001,1.0,5.72,3.01,5.499999999999998,4.76,0,0,0
Emiliano Martínez Romero,GK,Aston Villa,4.3,0,0,21,1,0.0,31,0.0,0.0,0.0,0.1,321,0,0,0.5,5.4,2023-04-25T18:45:00Z,90,9,0,0,0,0,33,0,763680,1,0,1,0.0,5,-54353,11481,65834,50,True,1,2022-23,33,5.0,,,,,,,,,,,,,GK,emiliano martínez romero,0,75.0,81.0,5.333333333333333,6.0,0.0,0.0,0.0020000000000001,0.6,3.2,77.4,0.9675,6.266666666666667,3.38625,5.4,5.77,1,0,0
Gabriel Fernando de Jesus,FWD,Arsenal,5.5,0,0,4,0,2.1,28,0.0,0.0,0.0,1.89,329,3,0,0.8,1.6,2023-04-26T19:00:00Z,80,13,0,0,0,0,33,0,3280369,1,1,4,4.0,2,-173341,15949,189290,82,False,0,2022-23,33,8.2,,,,,,,,,,,,,FWD,gabriel fernando de jesus,0,78.33333333333333,63.8,5.333333333333333,5.8,0.7139999999999994,1.0379999999999996,0.0320000000000002,0.0,0.0,72.52,0.9065,7.546666666666667,5.203309999999999,6.569999999999997,7.08,1,0,1
Harry Kane,FWD,Spurs,7.0,2,3,46,0,0.0,427,0.54,0.81,0.27,2.13,325,2,0,0.0,0.0,2023-04-27T19:15:00Z,90,14,0,0,0,0,33,0,3788882,1,2,2,0.0,11,-573380,8859,582239,115,True,0,2022-23,33,11.5,,,,,,,,,,,,,FWD,harry kane,0,90.0,90.0,5.666666666666667,6.0,0.4659999999999994,0.6559999999999997,0.0680000000000002,0.0,0.0,90.0,1.0,9.133333333333336,8.049999999999999,5.3299999999999965,6.54,1,0,0
Ivan Toney,FWD,Brentford,4.7,0,0,0,1,6.9,80,0.0,0.03,0.03,1.08,328,0,0,1.5,0.0,2023-04-26T18:45:00Z,82,6,0,0,0,0,33,0,3765162,1,2,0,9.0,2,-260198,35741,295939,76,False,0,2022-23,33,7.6,,,,,,,,,,,,,FWD,ivan toney,0,90.0,90.0,5.0,5.2,0.7119999999999993,0.7459999999999997,0.144,0.0,0.0,90.0,1.0,7.04,5.319999999999999,6.559999999999997,6.78,1,0,0
Joelinton Cássio Apolinário de Lira,MID,Newcastle,7.8,0,2,25,0,0.0,371,0.04,0.36,0.32,0.66,322,1,1,0.0,0.0,2023-04-27T18:45:00Z,90,8,0,0,0,0,33,0,205245,1,4,1,0.0,9,49368,58242,8874,60,False,0,2022-23,33,6.0,,,,,,,,,,,,,MID,joelinton cássio apolinário de lira,0,86.33333333333333,74.2,7.0,7.0,0.2839999999999994,0.6019999999999998,0.0200000000000001,0.0,0.0,81.48,1.0,8.0,4.199999999999999,4.419999999999997,6.03,1,0,0
Kieran Trippier,DEF,Newcastle,4.0,0,0,13,0,0.0,357,0.06,0.06,0.0,0.66,322,1,0,0.0,0.0,2023-04-27T18:45:00Z,90,8,0,0,0,0,33,0,7702715,1,4,1,0.0,2,-17061,36257,53318,62,False,0,2022-23,33,6.2,,,,,,,,,,,,,DEF,kieran trippier,0,83.0,85.0,1.6666666666666667,3.8,0.1939999999999993,0.0,0.332,0.2,0.0,83.8,1.0,3.813333333333334,4.34,4.769999999999997,4.77,0,0,0
Kurt Zouma,DEF,West Ham,3.8,0,0,14,0,1.4,461,0.0,0.0,0.0,2.0,326,2,0,2.2,20.4,2023-04-26T18:45:00Z,90,12,0,0,0,0,33,0,187837,1,2,1,0.0,1,13592,23487,9895,44,True,0,2022-23,33,4.4,,,,,,,,,,,,,DEF,kurt zouma,0,90.0,90.0,4.333333333333333,5.0,0.0419999999999992,0.1359999999999998,0.006,0.6,0.0,90.0,1.0,5.226666666666667,3.08,5.609999999999996,5.6,1,0,0
Lukasz Fabianski,GK,West Ham,3.7,0,0,11,0,0.0,455,0.0,0.0,0.0,2.0,326,2,0,1.5,15.0,2023-04-26T18:45:00Z,90,12,0,0,0,0,33,2,132332,1,2,1,0.0,1,7500,13487,5987,49,True,0,2022-23,33,4.9,,,,,,,,,,,,,GK,lukasz fabianski,0,90.0,90.0,5.333333333333333,4.8,0.0,0.0,0.0,0.6,3.2,90.0,1.0,6.226666666666667,3.43,5.4,5.75,0,0,0
Mohamed Salah,MID,Liverpool,6.3,0,0,13,0,22.5,283,0.12,0.23,0.11,0.78,326,1,0,5.1,8.2,2023-04-26T18:45:00Z,90,19,0,0,0,0,33,0,3747901,1,2,1,20.0,2,145628,212176,66548,130,False,0,2022-23,33,13.0,,,,,,,,,,,,,MID,mohamed salah,0,86.66666666666667,70.8,8.666666666666666,6.6,0.7559999999999991,0.6819999999999999,0.124,0.0,0.0,80.32,1.0,12.133333333333333,9.1,6.779999999999996,7.24,1,1,0
Solly March,MID,Brighton,5.0,1,0,28,0,47.6,107,0.18,0.34,0.16,2.48,324,3,0,11.2,25.0,2023-04-26T18:30:00Z,90,16,0,0,0,0,33,0,1375297,1,1,3,39.0,5,174212,206040,31828,52,False,0,2022-23,33,5.2,,,,,,,,,,,,,MID,solly march,0,90.0,90.0,5.0,5.8,0.1699999999999991,0.248,0.308,0.4,0.0,90.0,1.0,6.08,3.64,3.849999999999995,5.23,0,0,0
Trent Alexander-Arnold,DEF,Liverpool,4.5,1,0,23,0,35.8,285,0.11,0.16,0.05,0.78,326,1,0,7.1,33.4,2023-04-26T18:45:00Z,90,19,0,0,0,0,33,0,2669300,1,2,1,2.0,5,169167,203226,34059,75,False,0,2022-23,33,7.5,,,,,,,,,,,,,DEF,trent alexander-arnold,0,90.0,72.0,6.333333333333333,3.8,0.435999999999999,0.004,0.4699999999999999,0.0,0.0,82.8,1.0,8.066666666666666,5.25,5.179999999999995,5.66,1,0,0
Alexandre Moreno Lopera,DEF,Aston Villa,5.2,0,0,6,0,1.3,694,0.03,0.13,0.1,1.09,339,1,0,2.9,8.4,2023-04-30T13:00:00Z,74,14,0,0,0,0,34,0,314274,1,0,1,19.0,2,-14503,22315,36818,45,False,0,2022-23,34,4.5,,,,,,,,,,,,,DEF,alexandre moreno lopera,0,77.0,81.0,6.333333333333333,5.2,0.2099999999999998,0.036,0.232,0.6,0.0,78.6,0.9825,6.866666666666666,3.094875,6.449999999999999,5.61,1,0,0
Alexis Mac Allister,MID,Brighton,7.2,0,0,5,0,22.0,116,0.26,0.32,0.06,0.18,334,0,0,3.4,7.2,2023-04-29T14:00:00Z,25,20,0,0,0,0,34,0,804929,0,0,6,5.0,1,14864,55252,40388,55,True,0,2022-23,34,5.5,,,,,,,,,,,,,MID,alexis mac allister,0,90.0,86.4,2.0,3.0,0.3659999999999998,0.3940000000000001,0.218,0.2,0.0,88.56,1.0,3.8,3.85,4.829999999999999,5.69,1,0,0
David De Gea Quintana,GK,Man Utd,9.6,0,0,21,1,0.0,327,0.0,0.0,0.0,0.56,339,0,0,1.3,13.4,2023-04-30T13:00:00Z,90,2,0,0,0,0,34,1,1450487,1,0,1,0.0,6,88616,113644,25028,50,True,0,2022-23,34,5.0,,,,,,,,,,,,,GK,david de gea quintana,0,90.0,90.0,4.666666666666667,4.4,0.0,0.0,0.044,0.6,2.2,90.0,1.0,5.733333333333334,3.5,5.4,5.58,0,0,0
Diogo Dalot Teixeira,DEF,Man Utd,10.4,0,0,9,0,1.5,342,0.01,0.01,0.0,2.29,274,1,0,0.8,6.6,2023-05-04T19:00:00Z,90,5,0,0,0,0,34,0,720771,1,0,1,0.0,1,109871,123435,13564,47,False,1,2022-23,34,4.7,,,,,,,,,,,,,DEF,diogo dalot teixeira,0,90.0,72.0,8.0,6.0,0.1799999999999996,0.1519999999999999,0.0420000000000001,0.6,0.0,82.8,1.0,8.280000000000001,3.29,6.299999999999998,5.76,1,0,0
Dominic Solanke,FWD,Bournemouth,5.9,0,2,27,0,11.9,66,0.19,0.6,0.41,1.67,332,1,1,10.4,38.4,2023-04-30T13:00:00Z,88,11,0,0,0,0,34,0,442597,1,1,4,54.0,8,47485,77598,30113,56,True,0,2022-23,34,5.6,,,,,,,,,,,,,FWD,dominic solanke,0,90.0,89.4,7.333333333333333,5.2,0.3819999999999997,0.47,0.0900000000000001,0.4,0.0,89.76,1.0,8.106666666666667,3.92,4.909999999999998,4.95,0,0,0
Gabriel Fernando de Jesus,FWD,Arsenal,5.5,0,1,28,0,26.8,28,0.45,0.8,0.35,0.74,331,1,1,12.3,36.8,2023-05-02T19:00:00Z,90,6,0,0,0,0,34,0,3174965,1,1,3,59.0,7,-96389,19551,115940,81,True,0,2022-23,34,8.1,,,,,,,,,,,,,FWD,gabriel fernando de jesus,0,78.66666666666667,74.8,3.6666666666666665,6.0,0.6719999999999995,0.9979999999999996,0.0300000000000002,0.0,0.0,77.12,0.964,6.173333333333334,5.465879999999999,6.359999999999998,7.2,1,0,0
Ivan Toney,FWD,Brentford,4.3,0,1,26,0,13.2,80,0.1,0.14,0.04,0.75,333,1,1,6.1,34.4,2023-04-29T14:00:00Z,90,16,0,0,0,0,34,0,3561440,1,1,2,13.0,7,-154064,69492,223556,75,True,0,2022-23,34,7.5,,,,,,,,,,,,,FWD,ivan toney,0,87.33333333333333,88.4,4.333333333333333,3.8,0.7179999999999993,0.6559999999999997,0.088,0.2,0.0,87.76,1.0,6.466666666666667,5.25,6.589999999999996,5.93,1,0,0
Joelinton Cássio Apolinário de Lira,MID,Newcastle,8.3,0,0,5,0,17.7,371,0.04,0.23,0.19,0.83,340,1,0,4.3,11.0,2023-04-30T13:00:00Z,90,17,0,0,0,0,34,0,242022,1,1,3,14.0,1,37742,57638,19896,60,True,1,2022-23,34,6.0,,,,,,,,,,,,,MID,joelinton cássio apolinário de lira,0,86.33333333333333,87.8,7.666666666666667,8.6,0.3559999999999994,0.6139999999999998,0.0260000000000001,0.0,0.0,86.91999999999999,1.0,8.533333333333335,4.199999999999999,4.779999999999998,6.36,1,0,0
José Malheiro de Sá,GK,Wolves,4.2,0,0,10,0,0.0,478,0.0,0.0,0.0,3.28,334,6,0,1.6,16.4,2023-04-29T14:00:00Z,90,5,0,0,0,0,34,2,626382,1,0,6,0.0,-1,-10712,12090,22802,50,False,0,2022-23,34,5.0,,,,,,,,,,,,,GK,josé malheiro de sá,0,90.0,90.0,5.333333333333333,5.6,0.0,0.0,0.0,0.6,3.8,90.0,1.0,6.266666666666667,3.5,5.4,6.0,1,0,0
Max Kilman,DEF,Wolves,3.8,0,0,18,0,1.6,484,0.0,0.0,0.0,3.28,334,6,0,2.4,18.0,2023-04-29T14:00:00Z,90,5,0,0,0,0,34,0,377167,1,0,6,4.0,-1,-10610,16399,27009,43,False,0,2022-23,34,4.3,,,,,,,,,,,,,DEF,max kilman,0,90.0,90.0,4.333333333333333,4.4,0.0459999999999991,0.0459999999999998,0.016,0.6,0.0,90.0,1.0,5.1866666666666665,3.01,5.629999999999996,4.94,0,0,0
Mohamed Salah,MID,Liverpool,16.4,0,0,24,0,8.4,283,0.1,1.01,0.91,1.99,338,3,1,8.9,37.0,2023-04-30T15:30:00Z,90,18,0,0,0,0,34,0,3938062,1,3,4,44.0,7,133703,244875,111172,130,True,0,2022-23,34,13.0,,,,,,,,,,,,,MID,mohamed salah,0,86.66666666666667,75.0,7.666666666666667,5.8,0.801999999999999,0.6599999999999999,0.144,0.0,0.0,82.0,1.0,11.333333333333334,9.1,7.009999999999995,7.21,1,1,1
Mohamed Salah,MID,Liverpool,16.4,0,3,31,1,31.0,283,0.11,1.29,1.18,0.57,276,0,1,11.9,44.2,2023-05-03T19:00:00Z,83,9,0,0,0,0,34,0,3938062,1,0,1,44.0,11,133703,244875,111172,130,True,0,2022-23,34,13.0,,,,,,,,,,,,,MID,mohamed salah,0,90.0,88.0,5.333333333333333,7.0,1.0039999999999991,0.842,0.162,0.0,0.0,89.2,1.0,9.466666666666669,9.1,8.019999999999996,8.89,1,1,1
Pervis Estupiñán,DEF,Brighton,8.0,0,1,28,1,35.4,586,0.02,0.04,0.02,1.38,274,0,0,6.3,19.0,2023-05-04T19:00:00Z,90,14,0,0,0,0,34,0,1576013,1,0,1,9.0,7,96739,142306,45567,48,True,0,2022-23,34,4.8,,,,,,,,,,,,,DEF,pervis estupiñán,0,84.0,86.4,4.0,3.8,0.2219999999999988,0.1639999999999998,0.0899999999999999,0.4,0.0,84.96000000000001,1.0,5.12,3.36,5.709999999999994,5.05,0,0,0
Solly March,MID,Brighton,7.6,0,0,5,0,2.5,107,0.0,0.08,0.08,0.41,334,0,0,1.4,5.6,2023-04-29T14:00:00Z,55,20,0,0,0,0,34,0,1701721,1,0,6,6.0,1,276629,304283,27654,53,True,0,2022-23,34,5.3,,,,,,,,,,,,,MID,solly march,0,90.0,90.0,5.666666666666667,5.0,0.219999999999999,0.2659999999999999,0.3399999999999999,0.2,0.0,90.0,1.0,6.653333333333334,3.71,4.099999999999995,5.31,1,0,0
Trent Alexander-Arnold,DEF,Liverpool,12.6,0,1,30,1,32.1,285,0.19,0.34,0.15,0.69,276,0,0,7.3,30.6,2023-05-03T19:00:00Z,90,9,0,0,0,0,34,0,3072201,1,0,1,10.0,7,323895,347813,23918,76,True,0,2022-23,34,7.6,,,,,,,,,,,,,DEF,trent alexander-arnold,0,90.0,90.0,4.666666666666667,5.6,0.5059999999999991,0.018,0.488,0.0,0.0,90.0,1.0,6.773333333333333,5.319999999999999,5.529999999999996,6.0,1,0,0
Alexandre Moreno Lopera,DEF,Aston Villa,4.6,0,0,11,0,16.3,694,0.06,0.06,0.0,0.69,350,1,0,3.5,13.0,2023-05-06T14:00:00Z,84,20,0,0,0,0,35,0,351955,1,0,1,6.0,2,22625,34692,12067,45,False,0,2022-23,35,4.5,,,,,,,,,,,,,DEF,alexandre moreno lopera,0,71.66666666666667,79.0,3.6666666666666665,5.2,0.2359999999999998,0.03,0.206,0.6,0.0,74.6,0.9325,4.733333333333333,2.9373749999999994,6.579999999999998,5.42,1,0,0
Alexis Mac Allister,MID,Brighton,4.8,0,1,29,0,31.3,116,0.19,1.32,1.13,2.28,342,5,1,14.6,47.6,2023-05-08T16:30:00Z,90,8,0,0,0,0,35,0,895236,1,5,1,67.0,8,81485,110474,28989,55,True,0,2022-23,35,5.5,,,,,,,,,,,,,MID,alexis mac allister,0,68.33333333333333,77.0,4.666666666666667,3.6,0.6239999999999999,0.372,0.252,0.2,0.0,71.8,0.8975,5.933333333333334,3.455375,6.119999999999999,5.01,1,0,0
Bruno Borges Fernandes,MID,Man Utd,4.6,0,0,13,0,63.9,333,0.42,0.51,0.09,1.31,349,1,0,8.7,14.8,2023-05-07T18:00:00Z,90,19,0,0,0,0,35,0,863822,1,0,1,8.0,2,45370,70131,24761,94,False,0,2022-23,35,9.4,,,,,,,,,,,,,MID,bruno borges fernandes,0,90.0,90.0,6.0,4.8,0.7299999999999998,0.3299999999999999,0.4000000000000002,0.6,0.0,90.0,1.0,8.56,6.58,6.649999999999999,6.37,1,0,0
Craig Dawson,DEF,Wolves,4.2,0,1,24,1,0.2,459,0.0,0.0,0.0,1.57,350,0,0,2.1,18.4,2023-05-06T14:00:00Z,90,2,0,0,0,0,35,0,98261,1,0,1,2.0,7,-875,8284,9159,48,True,0,2022-23,35,4.8,,,,,,,,,,,,,DEF,craig dawson,0,75.0,81.0,2.0,4.0,0.0619999999999995,0.058,0.0040000000000001,0.6,0.0,77.4,0.9675,3.52,3.2508,5.709999999999997,4.93,1,0,0
David De Gea Quintana,GK,Man Utd,4.0,0,0,13,0,0.0,327,0.0,0.0,0.0,1.31,349,1,0,2.3,22.6,2023-05-07T18:00:00Z,90,19,0,0,0,0,35,3,1479421,1,0,1,0.0,3,49188,67478,18290,50,False,0,2022-23,35,5.0,,,,,,,,,,,,,GK,david de gea quintana,0,90.0,90.0,3.6666666666666665,4.6,0.0,0.0,0.0,0.6,2.4,90.0,1.0,4.933333333333334,3.5,5.4,5.53,0,0,0
Eberechi Eze,MID,Crystal Palace,6.7,0,0,7,0,4.8,169,0.02,0.15,0.13,0.88,348,1,0,1.8,6.8,2023-05-06T14:00:00Z,90,18,0,0,0,0,35,0,704081,1,0,1,6.0,2,52139,90443,38304,55,False,0,2022-23,35,5.5,,,,,,,,,,,,,MID,eberechi eze,0,90.0,90.0,4.666666666666667,7.6,0.5019999999999996,0.4059999999999999,0.0960000000000001,0.4,0.0,90.0,1.0,5.933333333333334,3.85,5.509999999999998,5.41,1,0,0
Emiliano Buendía Stati,MID,Aston Villa,3.0,0,0,9,0,24.4,42,0.02,0.42,0.4,0.69,350,1,0,8.2,12.2,2023-05-06T14:00:00Z,80,20,0,0,0,0,35,0,100192,1,0,1,45.0,2,-3023,6414,9437,57,False,0,2022-23,35,5.7,,,,,,,,,,,,,MID,emiliano buendía stati,0,85.0,83.8,3.333333333333333,3.2,0.4819999999999996,0.2379999999999998,0.2440000000000001,0.6,0.0,84.52000000000001,1.0,4.946666666666667,3.99,5.409999999999998,4.93,0,0,0
Erling Haaland,FWD,Man City,9.8,0,0,-7,0,4.5,318,0.03,0.92,0.89,0.23,345,1,0,5.7,2.8,2023-05-06T14:00:00Z,90,11,0,0,0,0,35,0,9522804,1,1,2,50.0,2,80114,91144,11030,124,True,0,2022-23,35,12.4,,,,,,,,,,,,,FWD,erling haaland,0,90.0,76.6,10.0,10.8,1.1679999999999997,1.106,0.0620000000000001,0.4,0.0,84.64,1.0,12.96,8.68,8.839999999999998,8.82,1,1,0
Ezri Konsa Ngoyo,DEF,Aston Villa,4.0,0,0,17,0,1.8,44,0.01,0.01,0.0,0.69,350,1,0,2.2,20.4,2023-05-06T14:00:00Z,90,20,0,0,0,0,35,0,124552,1,0,1,0.0,2,19093,23825,4732,44,False,0,2022-23,35,4.4,,,,,,,,,,,,,DEF,ezri konsa ngoyo,0,90.0,90.0,4.0,4.6,0.0499999999999996,0.0439999999999997,0.0060000000000001,0.6,0.0,90.0,1.0,4.960000000000001,3.08,5.649999999999999,4.88,0,0,0
Gabriel Fernando de Jesus,FWD,Arsenal,4.5,0,0,1,1,13.1,28,0.06,0.14,0.08,1.24,346,0,0,4.6,5.2,2023-05-07T15:30:00Z,86,15,0,0,0,0,35,0,3188179,1,2,0,28.0,2,-2087,44354,46441,81,False,0,2022-23,35,8.1,,,,,,,,,,,,,FWD,gabriel fernando de jesus,0,86.66666666666667,81.0,3.6666666666666665,5.0,0.8319999999999995,0.7179999999999996,0.1140000000000002,0.0,0.0,84.4,1.0,6.173333333333334,5.669999999999999,7.1599999999999975,6.2,1,0,0
Ivan Toney,FWD,Brentford,3.9,0,0,6,0,13.9,80,0.02,0.07,0.05,2.08,344,1,0,2.1,6.0,2023-05-06T16:30:00Z,90,12,0,0,0,0,35,0,3417942,1,0,1,1.0,2,-198726,35034,233760,74,False,0,2022-23,35,7.4,,,,,,,,,,,,,FWD,ivan toney,0,87.33333333333333,88.4,6.0,4.8,0.7459999999999993,0.6399999999999997,0.106,0.2,0.0,87.76,1.0,7.760000000000002,5.18,6.729999999999997,5.9,1,0,0
José Malheiro de Sá,GK,Wolves,4.8,0,2,25,1,0.0,478,0.0,0.0,0.0,1.57,350,0,0,2.2,22.0,2023-05-06T14:00:00Z,90,2,0,0,0,0,35,3,616478,1,0,1,0.0,9,-15261,6762,22023,50,True,0,2022-23,35,5.0,,,,,,,,,,,,,GK,josé malheiro de sá,0,90.0,90.0,2.6666666666666665,4.2,0.0,0.0,0.0,0.6,3.0,90.0,1.0,4.133333333333333,3.5,5.4,5.73,1,0,0
Max Kilman,DEF,Wolves,3.8,0,1,24,1,0.4,484,0.0,0.0,0.0,1.57,350,0,0,1.9,18.6,2023-05-06T14:00:00Z,90,2,0,0,0,0,35,0,373136,1,0,1,0.0,7,-10996,10872,21868,43,True,0,2022-23,35,4.3,,,,,,,,,,,,,DEF,max kilman,0,90.0,90.0,2.0,3.8,0.0459999999999991,0.0419999999999998,0.004,0.6,0.0,90.0,1.0,3.3200000000000003,3.01,5.629999999999996,4.85,0,0,0
Mohamed Salah,MID,Liverpool,8.5,0,2,31,1,40.4,283,0.14,0.97,0.83,0.19,344,0,1,14.1,46.2,2023-05-06T16:30:00Z,90,4,0,0,0,0,35,0,4027775,1,0,1,54.0,10,135958,177892,41934,130,True,0,2022-23,35,13.0,,,,,,,,,,,,,MID,mohamed salah,0,87.66666666666667,86.6,6.666666666666667,8.2,0.7879999999999991,0.6499999999999999,0.138,0.2,0.0,87.24000000000001,1.0,10.533333333333337,9.1,6.939999999999996,7.47,1,0,1
Pervis Estupiñán,DEF,Brighton,3.8,0,0,9,0,21.6,586,0.07,0.11,0.04,2.28,342,5,0,3.9,8.8,2023-05-08T16:30:00Z,90,8,0,0,0,0,35,0,1839585,1,5,1,9.0,0,274395,289241,14846,49,True,0,2022-23,35,4.9,,,,,,,,,,,,,DEF,pervis estupiñán,0,84.0,86.4,5.666666666666667,4.0,0.2299999999999988,0.1639999999999998,0.0659999999999999,0.4,0.0,84.96000000000001,1.0,6.493333333333334,3.43,5.749999999999995,4.96,1,0,0
Alexis Mac Allister,MID,Brighton,0.0,0,0,1,0,14.0,116,0.02,0.02,0.0,1.31,248,2,0,1.7,3.4,2023-05-18T18:30:00Z,34,15,0,0,0,0,36,0,1614540,0,1,4,0.0,0,702823,716558,13735,56,False,1,2022-23,36,5.6,,,,,,,,,,,,,MID,alexis mac allister,0,90.0,77.0,7.333333333333333,5.0,0.6639999999999998,0.474,0.19,0.4,0.0,84.8,1.0,8.106666666666667,3.92,6.319999999999999,6.04,1,0,0
Callum Wilson,FWD,Newcastle,0.0,1,3,39,0,31.2,356,0.29,1.59,1.3,0.49,248,1,1,14.4,54.4,2023-05-18T18:30:00Z,90,5,0,0,0,0,36,0,1564605,1,1,4,58.0,12,735246,749033,13787,71,True,0,2022-23,36,7.1,,,,,,,,,,,,,FWD,callum wilson,0,64.66666666666667,60.8,8.666666666666666,8.8,0.9939999999999998,0.984,0.0100000000000002,0.0,0.0,63.120000000000005,0.789,9.773333333333332,3.92133,7.969999999999999,6.08,1,0,0
Craig Dawson,DEF,Wolves,0.0,0,0,8,0,0.7,459,0.02,0.09,0.07,2.68,359,2,0,1.8,13.2,2023-05-13T14:00:00Z,90,14,0,0,0,0,36,0,93531,1,0,2,4.0,0,-4702,2834,7536,48,False,1,2022-23,36,4.8,,,,,,,,,,,,,DEF,craig dawson,0,75.0,81.0,4.0,4.2,0.0519999999999995,0.048,0.0040000000000001,0.6,0.0,77.4,0.9675,5.12,3.2508,5.659999999999998,4.86,0,0,0
Dwight McNeil,MID,Everton,0.0,0,0,19,0,44.3,534,0.31,0.36,0.05,0.76,356,3,0,7.9,29.0,2023-05-14T13:00:00Z,90,13,0,0,0,0,36,0,45704,1,3,0,6.0,2,20648,22665,2017,51,True,0,2022-23,36,5.1,,,,,,,,,,,,,MID,dwight mcneil,0,90.0,90.0,10.333333333333334,8.8,0.6019999999999996,0.4279999999999999,0.1740000000000001,0.2,0.0,90.0,1.0,10.306666666666668,3.5699999999999994,6.009999999999998,5.71,1,0,0
Erling Haaland,FWD,Man City,0.0,0,1,30,1,0.8,318,0.01,0.37,0.36,1.78,356,0,1,7.5,33.2,2023-05-14T13:00:00Z,77,8,0,0,0,0,36,0,9510588,1,3,0,41.0,7,-17580,22486,40066,124,False,0,2022-23,36,12.4,,,,,,,,,,,,,FWD,erling haaland,0,90.0,81.0,6.0,8.8,1.1459999999999997,1.0799999999999998,0.0660000000000001,0.2,0.0,86.4,1.0,9.760000000000002,8.68,8.729999999999997,8.82,1,1,0
Gabriel Fernando de Jesus,FWD,Arsenal,0.0,0,0,5,0,21.3,28,0.05,0.11,0.06,1.08,351,1,0,5.7,10.6,2023-05-14T15:30:00Z,76,5,0,0,0,0,36,0,3163606,1,3,0,25.0,2,-25961,28222,54183,81,True,0,2022-23,36,8.1,,,,,,,,,,,,,FWD,gabriel fernando de jesus,0,85.33333333333333,82.4,3.6666666666666665,4.0,0.6679999999999995,0.5439999999999997,0.1240000000000002,0.2,0.0,84.16,1.0,6.173333333333334,5.669999999999999,6.339999999999997,5.29,0,0,0
James Maddison,MID,Leicester,0.0,0,0,6,0,6.9,261,0.01,0.18,0.17,2.04,358,3,0,3.5,10.8,2023-05-15T19:00:00Z,90,12,0,0,0,0,36,0,528571,1,3,0,17.0,2,-26669,7425,34094,78,True,0,2022-23,36,7.8,,,,,,,,,,,,,MID,james maddison,0,90.0,72.0,5.666666666666667,3.8,0.8959999999999992,0.7219999999999998,0.174,0.0,0.0,82.8,1.0,7.653333333333334,5.46,7.479999999999996,7.34,1,0,0
Jason Steele,GK,Brighton,0.0,0,0,25,0,0.0,102,0.0,0.0,0.0,3.16,248,4,0,4.6,45.6,2023-05-18T18:30:00Z,90,15,0,0,0,0,36,5,622277,1,1,4,0.0,1,27910,52201,24291,40,False,0,2022-23,36,4.0,,,,,,,,,,,,,GK,jason steele,0,90.0,90.0,4.333333333333333,5.8,0.0,0.0,0.0,0.6,2.6,90.0,1.0,5.066666666666666,2.8,5.4,5.38,0,0,0
José Malheiro de Sá,GK,Wolves,0.0,0,0,0,0,0.0,478,0.0,0.0,0.0,0.0,359,0,0,0.0,0.0,2023-05-13T14:00:00Z,0,14,0,0,0,0,36,0,609534,0,0,2,0.0,0,-8075,6803,14878,50,False,0,2022-23,36,5.0,,,,,,,,,,,,,GK,josé malheiro de sá,0,90.0,90.0,5.333333333333333,4.8,0.0,0.0,0.0,0.6,3.4,90.0,1.0,6.266666666666667,3.5,5.4,5.86,1,0,0
Kieran Trippier,DEF,Newcastle,0.0,0,0,14,0,46.8,357,0.32,0.41,0.09,2.06,357,2,0,8.1,25.8,2023-05-13T11:30:00Z,90,11,0,0,0,0,36,0,7563219,1,2,2,8.0,1,70614,108521,37907,61,False,0,2022-23,36,6.1,,,,,,,,,,,,,DEF,kieran trippier,0,90.0,85.8,1.6666666666666667,1.6,0.4379999999999994,0.0,0.438,0.0,0.0,88.32,1.0,3.773333333333333,4.27,5.189999999999997,5.28,1,0,0
Kieran Trippier,DEF,Newcastle,0.0,2,2,38,0,46.2,357,0.35,0.35,0.0,0.4,248,1,0,7.3,27.2,2023-05-18T18:30:00Z,90,5,0,0,0,0,36,0,7563219,1,1,4,0.0,10,70614,108521,37907,61,True,0,2022-23,36,6.1,,,,,,,,,,,,,DEF,kieran trippier,0,90.0,85.8,1.3333333333333333,1.6,0.4659999999999993,0.0179999999999998,0.4479999999999999,0.0,0.0,88.32,1.0,3.506666666666667,4.27,5.3299999999999965,5.32,1,0,0
Max Kilman,DEF,Wolves,0.0,0,0,16,0,10.8,484,0.0,0.12,0.12,2.68,359,2,0,3.1,12.2,2023-05-13T14:00:00Z,90,14,0,0,0,0,36,0,369972,1,0,2,8.0,1,-3484,13954,17438,43,False,0,2022-23,36,4.3,,,,,,,,,,,,,DEF,max kilman,0,90.0,90.0,4.0,3.8,0.0459999999999991,0.0419999999999998,0.004,0.6,0.0,90.0,1.0,4.92,3.01,5.629999999999996,4.85,0,0,0
Mohamed Salah,MID,Liverpool,0.0,3,0,33,1,52.7,283,0.42,1.36,0.94,0.45,358,0,0,15.8,57.0,2023-05-15T19:00:00Z,87,10,0,0,0,0,36,0,4111608,1,3,0,48.0,12,76997,105527,28530,131,False,0,2022-23,36,13.1,,,,,,,,,,,,,MID,mohamed salah,0,87.66666666666667,88.6,9.333333333333334,7.4,0.8479999999999992,0.692,0.156,0.4,0.0,88.03999999999999,1.0,12.706666666666669,9.17,7.239999999999996,7.91,1,0,1
Morgan Gibbs-White,MID,Nott'm Forest,0.0,0,0,10,0,14.5,493,0.09,0.09,0.0,1.14,354,2,0,2.4,9.2,2023-05-13T14:00:00Z,90,6,0,0,0,0,36,0,104449,1,2,2,0.0,2,13162,24946,11784,55,False,0,2022-23,36,5.5,,,,,,,,,,,,,MID,morgan gibbs-white,0,90.0,89.4,7.666666666666667,7.4,0.6979999999999988,0.4139999999999998,0.284,0.0,0.0,89.76,1.0,8.333333333333334,3.85,6.489999999999994,6.15,1,0,0
Pervis Estupiñán,DEF,Brighton,0.0,0,0,16,0,27.2,586,0.06,0.06,0.0,3.16,248,4,0,4.4,13.0,2023-05-18T18:30:00Z,90,15,0,0,0,0,36,0,1987023,1,1,4,4.0,0,143866,183632,39766,49,False,0,2022-23,36,4.9,,,,,,,,,,,,,DEF,pervis estupiñán,0,90.0,86.4,8.0,6.8,0.2679999999999988,0.1619999999999998,0.1059999999999999,0.6,0.0,88.56,1.0,8.360000000000001,3.43,6.739999999999995,6.19,1,0,0
Ben Mee,DEF,Brentford,4.2,0,0,17,0,0.4,526,0.0,0.0,0.0,1.89,368,1,0,5.5,46.2,2023-05-20T11:30:00Z,90,18,0,0,0,0,37,0,1655711,1,3,1,8.0,2,-50156,36320,86476,49,False,0,2022-23,37,4.9,,,,,,,,,,,,,DEF,ben mee,0,90.0,90.0,5.0,4.6,0.2579999999999997,0.236,0.0220000000000002,0.4,0.0,90.0,1.0,5.96,3.43,5.889999999999999,5.42,1,0,0
Bryan Mbeumo,FWD,Brentford,7.0,1,3,67,0,15.2,95,0.54,0.98,0.44,1.89,368,1,2,17.2,89.6,2023-05-20T11:30:00Z,90,18,0,0,0,0,37,0,398686,1,3,1,67.0,16,46892,63093,16201,56,False,0,2022-23,37,5.6,,,,,,,,,,,,,FWD,bryan mbeumo,0,90.0,77.6,4.0,5.0,0.5199999999999998,0.3759999999999999,0.1440000000000001,0.2,0.0,85.03999999999999,1.0,5.44,3.92,5.599999999999999,4.48,0,0,0
Callum Wilson,FWD,Newcastle,8.5,0,0,-4,1,0.3,356,0.0,0.41,0.41,0.0,366,0,0,2.6,0.0,2023-05-22T19:00:00Z,67,10,0,0,0,0,37,0,1921621,1,0,0,31.0,2,359101,413069,53968,72,True,0,2022-23,37,7.2,,,,,,,,,,,,,FWD,callum wilson,0,79.66666666666667,74.0,8.666666666666666,10.2,1.2499999999999996,1.186,0.0640000000000002,0.0,0.0,77.4,0.9675,9.813333333333334,4.8762,9.249999999999998,8.06,1,0,1
David De Gea Quintana,GK,Man Utd,9.9,0,0,15,0,0.0,327,0.0,0.0,0.0,1.93,319,1,0,2.8,28.0,2023-05-25T19:00:00Z,90,6,0,0,0,0,37,4,1724295,1,1,4,0.0,3,184028,203581,19553,51,True,0,2022-23,37,5.1,,,,,,,,,,,,,GK,david de gea quintana,0,90.0,90.0,5.333333333333333,5.0,0.0,0.0,0.0,0.6,2.6,90.0,1.0,6.306666666666667,3.5699999999999994,5.4,5.64,1,0,0
Dwight McNeil,MID,Everton,6.8,0,0,17,0,29.4,534,0.46,0.46,0.0,1.55,370,1,0,5.1,21.2,2023-05-20T14:00:00Z,90,20,0,0,0,0,37,0,72317,1,1,1,0.0,2,25183,30644,5461,51,False,0,2022-23,37,5.1,,,,,,,,,,,,,MID,dwight mcneil,0,90.0,90.0,8.333333333333334,7.2,0.5899999999999996,0.4079999999999999,0.1820000000000001,0.2,0.0,90.0,1.0,8.706666666666667,3.5699999999999994,5.949999999999998,5.61,1,0,0
Erling Haaland,FWD,Man City,12.4,0,0,2,0,0.3,318,0.04,0.14,0.1,0.19,365,0,0,0.4,0.0,2023-05-21T15:00:00Z,16,6,0,0,0,0,37,0,9565582,0,0,1,6.0,1,39191,51874,12683,124,True,0,2022-23,37,12.4,,,,,,,,,,,,,FWD,erling haaland,0,85.66666666666667,87.4,5.666666666666667,7.8,0.9219999999999996,0.8539999999999999,0.0680000000000001,0.4,0.0,86.36,1.0,9.493333333333336,8.68,7.609999999999998,7.56,1,0,0
James Maddison,MID,Leicester,3.0,0,0,4,0,18.0,261,0.13,0.13,0.0,1.04,366,0,0,2.7,8.6,2023-05-22T19:00:00Z,45,15,0,0,0,0,37,0,502271,0,0,0,0.0,1,-24708,4918,29626,78,False,0,2022-23,37,7.8,,,,,,,,,,,,,MID,james maddison,0,90.0,72.0,4.333333333333333,3.8,0.7919999999999991,0.6499999999999997,0.142,0.0,0.0,82.8,1.0,6.586666666666667,5.46,6.959999999999996,6.77,1,0,0
Jason Steele,GK,Brighton,6.7,0,0,8,0,0.0,102,0.0,0.0,0.0,0.65,362,1,0,0.4,4.0,2023-05-21T13:00:00Z,90,17,0,0,0,0,37,0,681104,1,1,3,0.0,2,52309,69146,16837,40,True,0,2022-23,37,4.0,,,,,,,,,,,,,GK,jason steele,0,90.0,90.0,1.6666666666666667,4.0,0.0,0.0,0.0,0.6,3.0,90.0,1.0,2.9333333333333336,2.8,5.4,5.51,0,0,0
Kaoru Mitoma,MID,Brighton,5.5,0,0,0,0,18.3,124,0.07,1.54,1.47,1.78,314,1,0,11.6,11.8,2023-05-24T19:00:00Z,90,13,0,0,0,0,37,0,3313233,1,1,1,86.0,2,35816,116586,80770,57,True,0,2022-23,37,5.7,,,,,,,,,,,,,MID,kaoru mitoma,0,89.33333333333333,89.6,3.333333333333333,3.6,0.4999999999999993,0.3899999999999998,0.11,0.4,0.0,89.44,1.0,4.946666666666667,3.99,5.4999999999999964,5.34,0,0,0
Mohamed Salah,MID,Liverpool,9.5,1,0,13,0,21.0,283,0.42,0.52,0.1,1.39,364,1,0,10.9,24.4,2023-05-20T14:00:00Z,90,2,0,0,0,0,37,0,4046340,1,1,1,64.0,5,-54001,92075,146076,131,True,0,2022-23,37,13.1,,,,,,,,,,,,,MID,mohamed salah,0,86.66666666666667,88.0,11.0,8.4,0.9719999999999992,0.7939999999999999,0.178,0.6,0.0,87.2,1.0,14.0,9.17,7.859999999999996,8.73,1,1,0
Morgan Gibbs-White,MID,Nott'm Forest,5.3,1,0,11,1,1.1,493,0.01,0.21,0.2,0.64,367,0,0,3.0,5.8,2023-05-20T16:30:00Z,90,1,0,0,0,0,37,0,109908,1,0,1,23.0,5,4893,21387,16494,55,True,1,2022-23,37,5.5,,,,,,,,,,,,,MID,morgan gibbs-white,0,90.0,90.0,6.0,7.4,0.599999999999999,0.4139999999999998,0.186,0.0,0.0,90.0,1.0,7.000000000000001,3.85,5.999999999999995,5.75,1,0,0
Pervis Estupiñán,DEF,Brighton,10.1,0,0,16,0,43.5,586,0.16,0.26,0.1,0.65,362,1,0,7.5,18.2,2023-05-21T13:00:00Z,90,17,0,0,0,0,37,0,2337731,1,1,3,13.0,2,309090,319564,10474,50,True,0,2022-23,37,5.0,,,,,,,,,,,,,DEF,pervis estupiñán,0,90.0,90.0,5.666666666666667,6.6,0.2639999999999988,0.1499999999999998,0.1139999999999999,0.6,0.0,90.0,1.0,6.533333333333334,3.5,6.7199999999999935,6.16,1,0,0
Trent Alexander-Arnold,DEF,Liverpool,6.9,0,0,11,0,35.2,285,0.07,0.17,0.1,1.39,364,1,0,6.2,19.4,2023-05-20T14:00:00Z,90,2,0,0,0,0,37,0,3363588,1,1,1,7.0,1,116055,150114,34059,77,True,1,2022-23,37,7.7,,,,,,,,,,,,,DEF,trent alexander-arnold,0,90.0,90.0,9.0,7.2,0.2899999999999991,0.08,0.21,0.6,0.0,90.0,1.0,10.28,5.39,6.849999999999996,6.39,1,0,0
Victor Lindelöf,DEF,Man Utd,8.9,0,0,15,0,0.3,337,0.04,0.04,0.0,1.93,319,1,0,2.3,22.6,2023-05-25T19:00:00Z,90,6,0,0,0,0,37,0,164018,1,1,4,0.0,2,64738,69615,4877,41,True,0,2022-23,37,4.1,,,,,,,,,,,,,DEF,victor lindelöf,0,90.0,90.0,5.0,4.6,0.091999999999999,0.032,0.06,0.6,0.0,90.0,1.0,5.64,2.87,5.859999999999995,5.01,0,0,0
Virgil van Dijk,DEF,Liverpool,5.7,0,0,19,0,12.6,280,0.05,0.05,0.0,1.39,364,1,0,4.2,27.4,2023-05-20T14:00:00Z,90,2,0,0,0,0,37,0,1356795,1,1,1,2.0,2,7695,25361,17666,66,True,0,2022-23,37,6.6,,,,,,,,,,,,,DEF,virgil van dijk,0,90.0,90.0,7.666666666666667,5.2,0.153999999999999,0.064,0.09,0.6,0.0,90.0,1.0,8.773333333333333,4.619999999999999,6.169999999999995,5.54,1,0,0
Ben Mee,DEF,Brentford,3.6,0,0,22,1,0.0,526,0.04,0.19,0.15,0.64,373,0,0,0.0,0.0,2023-05-28T15:30:00Z,90,13,0,0,0,0,38,0,1641987,1,0,1,0.0,6,-21069,29152,50221,48,True,0,2022-23,38,4.8,,,,,,,,,,,,,DEF,ben mee,0,90.0,90.0,5.0,4.6,0.2579999999999997,0.236,0.0220000000000002,0.4,0.0,90.0,1.0,5.92,3.36,5.889999999999999,5.42,0,0,0
Callum Wilson,FWD,Newcastle,7.3,0,0,1,0,0.0,356,0.0,0.0,0.0,1.0,374,0,0,0.0,0.0,2023-05-28T15:30:00Z,21,6,0,0,0,0,38,0,1970869,0,1,1,0.0,1,63350,160025,96675,73,False,0,2022-23,38,7.3,,,,,,,,,,,,,FWD,callum wilson,0,76.33333333333333,70.2,8.666666666666666,8.0,1.2299999999999998,1.168,0.0620000000000002,0.2,0.0,73.88,0.9235,9.853333333333332,4.719085,9.15,7.7,1,0,1
David Raya Martin,GK,Brentford,3.4,0,0,23,1,0.0,81,0.0,0.0,0.0,0.64,373,0,0,0.0,0.0,2023-05-28T15:30:00Z,90,13,0,0,0,0,38,2,1642126,1,0,1,0.0,6,-29715,22482,52197,48,True,0,2022-23,38,4.8,,,,,,,,,,,,,GK,david raya martin,0,90.0,90.0,4.666666666666667,5.0,0.0059999999999996,0.0,0.006,0.4,4.0,90.0,1.0,5.653333333333334,3.36,4.629999999999998,4.95,0,0,0
Dwight McNeil,MID,Everton,6.5,0,0,11,1,0.0,534,0.23,0.23,0.0,0.49,376,0,0,0.0,0.0,2023-05-28T15:30:00Z,90,3,0,0,0,0,38,0,248625,1,0,1,0.0,3,163102,169041,5939,52,True,0,2022-23,38,5.2,,,,,,,,,,,,,MID,dwight mcneil,0,90.0,90.0,8.333333333333334,7.0,0.6399999999999996,0.3759999999999999,0.2640000000000001,0.0,0.0,90.0,1.0,8.746666666666668,3.64,6.1999999999999975,5.74,1,0,0
James Maddison,MID,Leicester,3.2,0,0,6,0,0.0,261,0.1,0.49,0.39,1.34,378,1,0,0.0,0.0,2023-05-28T15:30:00Z,90,19,0,0,0,0,38,0,643190,1,1,2,0.0,2,124938,132913,7975,78,True,0,2022-23,38,7.8,,,,,,,,,,,,,MID,james maddison,0,75.0,81.0,4.0,4.0,0.8179999999999993,0.6499999999999997,0.168,0.0,0.0,77.4,0.9675,6.32,5.2825500000000005,7.089999999999996,6.56,1,0,0
Jamie Vardy,FWD,Leicester,2.2,0,0,3,0,0.0,255,0.0,0.0,0.0,0.32,378,1,0,0.0,0.0,2023-05-28T15:30:00Z,13,19,0,0,0,0,38,0,267218,0,1,2,0.0,1,36670,40108,3438,91,True,0,2022-23,38,9.1,,,,,,,,,,,,,FWD,jamie vardy,0,75.66666666666667,67.4,1.3333333333333333,3.4,0.7999999999999992,0.7839999999999997,0.0160000000000001,0.2,0.0,72.36,0.9045,4.706666666666667,5.761664999999999,6.999999999999996,5.97,1,0,0
Kaoru Mitoma,MID,Brighton,2.8,0,0,2,0,0.0,124,0.01,0.01,0.0,0.52,372,0,0,0.0,0.0,2023-05-28T15:30:00Z,25,2,0,0,0,0,38,0,3092395,0,1,2,0.0,1,-202961,41772,244733,57,False,0,2022-23,38,5.7,,,,,,,,,,,,,MID,kaoru mitoma,0,89.33333333333333,89.6,3.0,3.4,0.6599999999999993,0.5459999999999998,0.114,0.2,0.0,89.44,1.0,4.680000000000001,3.99,6.299999999999996,6.32,1,0,0
Kieran Trippier,DEF,Newcastle,4.3,0,0,1,0,0.0,357,0.04,0.08,0.04,2.21,374,1,0,0.0,0.0,2023-05-28T15:30:00Z,90,6,1,0,0,0,38,0,7126347,1,1,1,0.0,0,7112,90760,83648,60,False,0,2022-23,38,6.0,,,,,,,,,,,,,DEF,kieran trippier,0,90.0,90.0,6.666666666666667,4.6,0.4899999999999993,0.0179999999999998,0.472,0.2,0.0,90.0,1.0,7.733333333333334,4.199999999999999,6.2499999999999964,5.43,1,0,0
Kyle Walker,DEF,Man City,4.4,0,0,16,0,0.0,299,0.13,0.15,0.02,0.41,373,1,0,0.0,0.0,2023-05-28T15:30:00Z,90,4,0,0,0,0,38,0,523279,1,0,1,0.0,2,25580,31030,5450,47,False,0,2022-23,38,4.7,,,,,,,,,,,,,DEF,kyle walker,0,90.0,79.2,4.666666666666667,4.2,0.0599999999999992,0.0039999999999998,0.056,0.6,0.0,85.68,1.0,5.613333333333334,3.29,5.699999999999996,4.79,0,0,0
Mark Gillespie,GK,Newcastle,2.1,0,0,0,0,0.0,776,0.0,0.0,0.0,0.0,374,0,0,0.0,0.0,2023-05-28T15:30:00Z,0,6,0,0,0,0,38,0,0,0,1,1,0.0,0,0,0,0,40,False,0,2022-23,38,4.0,,,,,,,,,,,,,GK,mark gillespie,0,90.0,90.0,5.5,6.25,0.0,0.0,0.0,0.5,3.75,90.0,1.0,6.0,2.8,5.0,5.25,1,0,0
Mohamed Salah,MID,Liverpool,9.3,1,0,8,0,0.0,283,0.28,1.36,1.08,1.77,380,4,0,0.0,0.0,2023-05-28T15:30:00Z,90,17,0,0,0,0,38,0,4276453,1,4,4,0.0,5,196621,227975,31354,131,False,0,2022-23,38,13.1,,,,,,,,,,,,,MID,mohamed salah,0,89.0,88.0,9.0,9.0,1.0299999999999991,0.7919999999999999,0.238,0.6,0.0,88.6,1.0,12.44,9.17,8.149999999999995,8.82,1,1,0
Morgan Gibbs-White,MID,Nott'm Forest,5.4,1,0,12,0,0.0,493,0.08,0.17,0.09,1.43,375,1,0,0.0,0.0,2023-05-28T15:30:00Z,88,7,0,0,0,0,38,0,146277,1,1,1,0.0,4,32930,40630,7700,55,False,1,2022-23,38,5.5,,,,,,,,,,,,,MID,morgan gibbs-white,0,90.0,90.0,6.0,6.0,0.5459999999999988,0.4239999999999999,0.122,0.2,0.0,90.0,1.0,7.000000000000001,3.85,5.729999999999994,5.55,1,0,0
Ollie Watkins,FWD,Aston Villa,3.2,0,3,34,0,0.0,40,0.03,1.04,1.01,1.49,372,1,1,0.0,0.0,2023-05-28T15:30:00Z,90,5,0,0,0,0,38,0,1467171,1,1,2,0.0,9,33970,115289,81319,73,True,0,2022-23,38,7.3,,,,,,,,,,,,,FWD,ollie watkins,0,88.66666666666667,89.2,1.6666666666666667,1.8,0.4579999999999988,0.4019999999999999,0.0559999999999999,0.4,0.0,88.88,1.0,4.253333333333334,5.109999999999999,5.289999999999994,4.5,0,0,0
Trent Alexander-Arnold,DEF,Liverpool,7.0,1,1,39,0,0.0,285,0.62,0.75,0.13,1.77,380,4,0,0.0,0.0,2023-05-28T15:30:00Z,90,17,0,0,0,0,38,0,3534230,1,4,4,0.0,4,160898,185610,24712,78,False,0,2022-23,38,7.8,,,,,,,,,,,,,DEF,trent alexander-arnold,0,90.0,90.0,7.0,6.4,0.2919999999999991,0.09,0.202,0.6,0.0,90.0,1.0,8.72,5.46,6.859999999999996,6.39,1,0,0
Virgil van Dijk,DEF,Liverpool,5.3,0,0,0,0,0.0,280,0.0,0.0,0.0,0.0,380,0,0,0.0,0.0,2023-05-28T15:30:00Z,0,17,0,0,0,0,38,0,1419612,0,4,4,0.0,0,53902,68962,15060,66,False,0,2022-23,38,6.6,,,,,,,,,,,,,DEF,virgil van dijk,0,90.0,90.0,6.333333333333333,5.2,0.135999999999999,0.038,0.098,0.6,0.0,90.0,1.0,7.706666666666667,4.619999999999999,6.079999999999995,5.58,1,0,0
Aaron Hickey,DEF,Brentford,2.8,0,0,3,0,0.3,510,0.0,0.0,0.0,0.0,24,2,0,0.2,2.0,2022-08-20T14:00:00Z,59,9,0,0,0,0,3,0,42584,0,2,3,0.0,0,7965,11646,3681,50,False,0,2022-23,3,5.0,,,,,,,,,,,,,DEF,aaron hickey,0,81.0,77.25,3.5,3.25,0.1725,0.03,0.1425,0.5,0.0,79.5,0.99375,4.800000000000001,3.478125,5.8625,4.74,1,0,0
Adam Webster,DEF,Brighton,4.7,0,0,22,1,0.9,108,0.0,0.0,0.0,0.0,30,0,0,1.5,10.0,2022-08-21T13:00:00Z,90,19,0,0,0,0,3,0,18298,0,2,0,4.0,6,1038,4094,3056,45,False,0,2022-23,3,4.5,,,,,,,,,,,,,DEF,adam webster,0,90.0,89.75,4.0,6.25,0.0049999999999999,0.0,0.005,0.75,0.0,89.9,1.0,5.0,3.15,6.025,4.53,1,0,0
Antonee Robinson,DEF,Fulham,2.2,0,0,9,0,21.4,217,0.0,0.0,0.0,0.0,24,2,0,3.3,11.4,2022-08-20T14:00:00Z,90,4,0,0,0,0,3,0,16456,0,2,3,0.0,1,1589,2756,1167,45,True,0,2022-23,3,4.5,,,,,,,,,,,,,DEF,antonee robinson,0,90.0,85.75,3.5,3.0,0.0524999999999997,0.025,0.0275000000000002,0.5,0.0,88.30000000000001,1.0,4.6000000000000005,3.15,5.262499999999998,4.3,1,0,0
Bukayo Saka,MID,Arsenal,4.7,0,0,12,1,29.9,13,0.0,0.0,0.0,0.0,21,0,0,5.0,12.0,2022-08-20T16:30:00Z,87,3,0,0,0,0,3,0,1658605,0,3,0,8.0,3,-310888,67472,378360,80,False,0,2022-23,3,8.0,,,,,,,,,,,,,MID,bukayo saka,0,86.5,66.75,4.0,4.0,0.6549999999999996,0.6499999999999999,0.0050000000000002,0.25,0.0,78.6,0.9825,6.4,5.501999999999999,6.274999999999998,6.4,1,0,1
Diogo Teixeira da Silva,FWD,Liverpool,0.0,0,0,0,0,0.0,288,0.0,0.0,0.0,0.0,27,0,0,0.0,0.0,2022-08-22T19:00:00Z,0,14,0,0,0,0,3,0,34014,0,1,2,0.0,0,-7033,1949,8982,89,False,0,2022-23,3,8.9,,,,,,,,,,,,,FWD,diogo teixeira da silva,0,0.0,0.0,0.0,0.0,0.0,0.0,0.0,0.0,0.0,88.80000000000001,1.0,3.5600000000000005,6.23,3.0,3.4,1,0,0
Gabriel Fernando de Jesus,FWD,Arsenal,9.3,1,0,15,1,23.1,28,0.0,0.0,0.0,0.0,21,0,0,10.3,25.6,2022-08-20T16:30:00Z,90,3,0,0,0,0,3,0,7496318,0,3,0,54.0,4,853585,882488,28903,81,False,1,2022-23,3,8.1,,,,,,,,,,,,,FWD,gabriel fernando de jesus,0,82.5,86.25,10.5,9.5,0.0874999999999993,0.0749999999999995,0.0125000000000002,0.75,0.0,84.0,1.0,11.64,5.669999999999999,3.437499999999997,3.05,0,0,0
José Malheiro de Sá,GK,Wolves,6.2,0,0,14,0,0.0,478,0.0,0.0,0.0,0.0,29,1,0,2.3,22.8,2022-08-20T11:30:00Z,90,18,0,0,0,0,3,3,398294,0,0,1,0.0,3,31032,58999,27967,50,False,0,2022-23,3,5.0,,,,,,,,,,,,,GK,josé malheiro de sá,0,90.0,63.5,8.5,4.75,0.1449999999999991,0.1399999999999997,0.005,0.5,1.5,79.4,0.9925,8.8,3.4737500000000003,5.724999999999996,5.52,1,0,0
Kevin De Bruyne,MID,Man City,9.3,1,0,25,0,70.4,301,0.0,0.0,0.0,0.0,28,3,0,13.6,38.2,2022-08-21T15:30:00Z,90,15,0,0,0,0,3,0,2104831,0,3,3,27.0,5,407691,481367,73676,121,False,0,2022-23,3,12.1,,,,,,,,,,,,,MID,kevin de bruyne,0,88.5,89.25,10.0,6.5,0.0174999999999991,0.0099999999999997,0.0075,0.5,0.0,88.80000000000001,1.0,12.84,8.469999999999999,3.087499999999996,5.33,1,0,0
Lloyd Kelly,DEF,Bournemouth,3.3,0,0,13,0,14.7,73,0.0,0.0,0.0,0.0,21,3,0,3.8,23.0,2022-08-20T16:30:00Z,90,1,0,0,0,0,3,0,137690,0,3,0,0.0,1,-14221,16429,30650,45,True,0,2022-23,3,4.5,,,,,,,,,,,,,DEF,lloyd kelly,0,90.0,90.0,6.0,5.25,0.0299999999999989,0.0224999999999998,0.0074999999999999,0.5,0.0,90.0,1.0,6.6000000000000005,3.15,5.149999999999995,4.21,1,0,0
Marek Rodák,GK,Fulham,1.8,0,0,0,0,0.0,213,0.0,0.0,0.0,0.0,24,0,0,0.0,0.0,2022-08-20T14:00:00Z,0,4,0,0,0,0,3,0,24740,0,2,3,0.0,0,3471,5582,2111,45,True,0,2022-23,3,4.5,,,,,,,,,,,,,GK,marek rodák,0,90.0,86.75,3.5,2.75,0.204999999999999,0.0549999999999998,0.1500000000000001,0.5,0.5,88.7,1.0,4.6000000000000005,3.15,6.024999999999995,5.21,0,0,0
Mathias Jensen,MID,Brentford,6.8,1,0,15,0,26.4,88,0.0,0.0,0.0,0.0,24,2,0,5.0,21.6,2022-08-20T14:00:00Z,59,9,0,0,0,0,3,0,256597,0,2,3,2.0,4,207883,239860,31977,50,False,0,2022-23,3,5.0,,,,,,,,,,,,,MID,mathias jensen,0,65.5,75.0,7.5,6.5,0.3149999999999989,0.1624999999999998,0.1525,0.5,0.0,69.3,0.86625,8.0,3.031875,4.574999999999995,3.69,1,0,0
Michail Antonio,FWD,West Ham,1.7,0,0,4,0,11.1,458,0.0,0.0,0.0,0.0,30,2,0,1.9,1.6,2022-08-21T13:00:00Z,74,5,0,0,0,0,3,0,314428,0,2,0,6.0,2,-71167,23797,94964,74,True,0,2022-23,3,7.4,,,,,,,,,,,,,FWD,michail antonio,0,62.0,73.75,1.5,7.75,0.3524999999999989,0.1824999999999998,0.17,0.25,0.0,66.69999999999999,0.8337499999999999,4.16,4.318825,4.762499999999995,3.16,0,0,0
Miguel Almirón Rejala,MID,Newcastle,3.3,0,0,19,0,11.5,369,0.0,0.0,0.0,0.0,28,3,1,10.2,31.2,2022-08-21T15:30:00Z,82,13,0,0,0,0,3,0,116140,0,3,3,59.0,7,-14210,18169,32379,50,True,0,2022-23,3,5.0,,,,,,,,,,,,,MID,miguel almirón rejala,0,85.0,87.5,3.0,2.0,0.0024999999999989,0.0,0.0025,0.5,0.0,86.0,1.0,4.4,3.5,3.012499999999995,2.54,0,0,0
Mohamed Salah,MID,Liverpool,7.8,0,1,23,0,45.1,283,0.0,0.0,0.0,0.0,27,2,1,15.6,44.0,2022-08-22T19:00:00Z,90,14,0,0,0,0,3,0,5661806,0,1,2,67.0,8,-84176,135020,219196,130,False,0,2022-23,3,13.0,,,,,,,,,,,,,MID,mohamed salah,0,90.0,66.75,7.0,5.25,0.0599999999999989,0.0574999999999998,0.0025,0.0,0.0,80.7,1.0,10.8,9.1,3.299999999999995,5.18,1,0,0
William Saliba,DEF,Arsenal,8.0,0,2,39,1,0.8,26,0.0,0.0,0.0,0.0,21,0,1,6.8,50.4,2022-08-20T16:30:00Z,90,3,0,0,0,0,3,0,521329,0,3,0,17.0,14,6206,95924,89718,45,False,0,2022-23,3,4.5,,,,,,,,,,,,,DEF,william saliba,0,90.0,83.5,3.5,5.5,0.4099999999999987,0.37,0.04,0.5,0.0,87.4,1.0,4.6000000000000005,3.15,7.049999999999994,6.97,1,1,0
Adam Webster,DEF,Brighton,5.3,0,0,17,1,0.4,108,0.0,0.0,0.0,0.0,34,0,0,3.0,17.4,2022-08-27T14:00:00Z,90,11,0,0,0,0,4,0,28006,0,0,1,12.0,5,6482,8993,2511,45,True,1,2022-23,4,4.5,,,,,,,,,,,,,DEF,adam webster,0,90.0,89.75,4.666666666666667,5.0,0.0024999999999999,0.0,0.0025,0.75,0.0,89.9,1.0,5.533333333333334,3.15,6.012499999999999,4.52,1,0,0
Antonee Robinson,DEF,Fulham,1.0,0,0,17,0,4.8,217,0.0,0.0,0.0,0.0,31,2,0,3.7,31.8,2022-08-27T16:30:00Z,90,1,0,0,0,0,4,0,15791,0,1,2,0.0,0,-1660,792,2452,45,False,1,2022-23,4,4.5,,,,,,,,,,,,,DEF,antonee robinson,0,90.0,85.75,2.6666666666666665,2.75,0.0324999999999997,0.015,0.0175000000000002,0.5,0.0,88.30000000000001,1.0,3.9333333333333336,3.15,5.162499999999999,4.19,1,0,0
Bukayo Saka,MID,Arsenal,5.0,1,0,19,0,25.4,13,0.0,0.0,0.0,0.0,31,1,0,9.8,28.0,2022-08-27T16:30:00Z,90,9,0,0,0,0,4,0,1344008,0,1,2,45.0,5,-350292,28075,378367,79,True,0,2022-23,4,7.9,,,,,,,,,,,,,MID,bukayo saka,0,86.66666666666667,84.75,3.6666666666666665,4.5,0.6474999999999996,0.6424999999999998,0.0050000000000002,0.5,0.0,85.9,1.0,6.093333333333334,5.53,6.237499999999998,6.93,1,1,0
Carlos Henrique Casimiro,MID,Man Utd,2.2,0,0,6,0,0.0,593,0.0,0.0,0.0,0.0,39,0,0,0.9,9.4,2022-08-27T11:30:00Z,10,17,0,0,0,0,4,0,89575,0,1,0,0.0,1,71021,76797,5776,50,False,0,2022-23,4,5.0,,,,,,,,,,,,,MID,carlos henrique casimiro,0,78.0,81.25,4.0,3.25,0.1449999999999995,0.0475,0.0975000000000002,0.75,0.0,79.3,0.99125,5.2,3.469375,3.724999999999998,3.1,0,0,0
Diogo Teixeira da Silva,FWD,Liverpool,0.0,0,0,0,0,0.0,288,0.0,0.0,0.0,0.0,36,0,0,0.0,0.0,2022-08-27T14:00:00Z,0,3,0,0,0,0,4,0,31172,0,0,9,0.0,0,-3829,848,4677,89,True,0,2022-23,4,8.9,,,,,,,,,,,,,FWD,diogo teixeira da silva,0,0.0,0.0,0.0,0.0,0.0,0.0,0.0,0.0,0.0,88.80000000000001,1.0,3.5600000000000005,6.23,3.0,3.4,1,0,0
Gabriel Fernando de Jesus,FWD,Arsenal,7.5,0,0,0,0,27.6,28,0.0,0.0,0.0,0.0,31,1,0,11.5,8.2,2022-08-27T16:30:00Z,88,9,0,0,0,0,4,0,7962228,0,1,2,79.0,1,237640,268237,30597,82,True,1,2022-23,4,8.2,,,,,,,,,,,,,FWD,gabriel fernando de jesus,0,85.0,86.25,8.333333333333334,7.75,0.0099999999999993,0.0,0.0100000000000002,0.75,0.0,85.5,1.0,9.946666666666667,5.739999999999999,3.0499999999999967,3.11,1,0,0
Illan Meslier,GK,Leeds,3.0,0,0,15,0,0.0,238,0.0,0.0,0.0,0.0,34,1,0,2.5,25.0,2022-08-27T14:00:00Z,90,5,0,0,0,0,4,3,235468,0,0,1,0.0,3,13735,28413,14678,45,False,0,2022-23,4,4.5,,,,,,,,,,,,,GK,illan meslier,0,90.0,90.0,3.6666666666666665,4.25,0.0249999999999991,0.0024999999999996,0.0225,0.5,2.5,90.0,1.0,4.733333333333333,3.15,5.124999999999996,4.95,0,0,0
João Cancelo,DEF,Man City,5.8,0,0,16,0,22.3,306,0.0,0.0,0.0,0.0,37,2,0,3.5,13.0,2022-08-27T14:00:00Z,60,7,0,0,0,0,4,0,4624067,0,2,4,0.0,1,6770,194375,187605,71,True,0,2022-23,4,7.1,,,,,,,,,,,,,DEF,joão cancelo,0,90.0,90.0,6.0,5.25,0.0024999999999991,0.0,0.0025,0.5,1.0,90.0,1.0,7.640000000000001,4.97,5.012499999999996,5.14,1,0,0
Kevin De Bruyne,MID,Man City,7.8,0,0,12,0,43.5,301,0.0,0.0,0.0,0.0,37,2,0,8.9,15.8,2022-08-27T14:00:00Z,88,7,0,0,0,0,4,0,2522376,0,2,4,30.0,2,276871,361418,84547,122,True,0,2022-23,4,12.2,,,,,,,,,,,,,MID,kevin de bruyne,0,89.0,89.25,8.333333333333334,7.0,0.0024999999999991,0.0,0.0025,0.5,0.0,89.1,1.0,11.546666666666669,8.54,3.012499999999996,5.38,1,0,0
Kieffer Moore,FWD,Bournemouth,1.5,0,0,7,0,1.8,62,0.0,0.0,0.0,0.0,36,9,0,3.8,11.4,2022-08-27T14:00:00Z,90,12,0,0,0,0,4,0,127591,0,0,9,25.0,2,-1952,22293,24245,55,False,0,2022-23,4,5.5,,,,,,,,,,,,,FWD,kieffer moore,0,89.66666666666667,67.25,3.333333333333333,2.5,0.0,0.0,0.0,0.25,0.0,80.7,1.0,4.866666666666667,3.85,3.0,2.17,0,0,0
Mathias Jensen,MID,Brentford,5.2,0,0,9,0,45.6,88,0.0,0.0,0.0,0.0,33,1,0,7.0,15.8,2022-08-27T14:00:00Z,90,8,0,0,0,0,4,0,314192,0,1,1,9.0,2,52898,100369,47471,51,True,0,2022-23,4,5.1,,,,,,,,,,,,,MID,mathias jensen,0,63.333333333333336,67.25,6.333333333333333,7.0,0.2024999999999989,0.0799999999999998,0.1225,0.25,0.0,64.9,0.81125,7.1066666666666665,2.8961624999999995,4.012499999999995,2.86,0,0,0
Mathias Jorgensen,DEF,Brentford,1.2,0,0,15,0,11.7,595,0.0,0.0,0.0,0.0,33,1,0,3.9,24.8,2022-08-27T14:00:00Z,67,8,0,0,0,0,4,0,0,0,1,1,2.0,2,0,0,0,40,True,0,2022-23,4,4.0,,,,,,,,,,,,,DEF,mathias jorgensen,0,76.0,83.0,3.0,4.75,0.299999999999999,0.0249999999999998,0.275,0.25,0.0,78.80000000000001,0.985,4.0,2.758,5.499999999999995,3.91,1,0,0
Mohamed Salah,MID,Liverpool,7.7,0,0,-5,1,28.1,283,0.0,0.0,0.0,0.0,36,0,0,8.3,2.4,2022-08-27T14:00:00Z,90,3,0,0,0,0,4,0,5784665,0,0,9,52.0,3,-19068,140231,159299,130,True,0,2022-23,4,13.0,,,,,,,,,,,,,MID,mohamed salah,0,90.0,85.0,7.333333333333333,7.0,0.0599999999999989,0.0574999999999998,0.0025,0.0,0.0,88.0,1.0,11.066666666666666,9.1,3.299999999999995,5.46,1,0,0
Nick Pope,GK,Newcastle,5.5,0,0,16,0,0.0,376,0.0,0.0,0.0,0.0,40,1,0,2.5,24.6,2022-08-28T13:00:00Z,90,20,0,0,0,0,4,3,632874,0,1,1,0.0,3,109553,143612,34059,50,False,0,2022-23,4,5.0,,,,,,,,,,,,,GK,nick pope,0,90.0,67.5,6.333333333333333,4.75,0.0,0.0,0.0,0.5,3.0,81.0,1.0,7.066666666666666,3.5,5.0,5.2,1,0,0
William Saliba,DEF,Arsenal,8.0,1,2,28,0,11.5,26,0.0,0.0,0.0,0.0,31,1,0,4.3,29.8,2022-08-27T16:30:00Z,90,9,0,0,0,0,4,0,1109607,0,1,2,2.0,7,458557,508914,50357,46,True,0,2022-23,4,4.6,,,,,,,,,,,,,DEF,william saliba,0,90.0,88.5,7.0,8.5,0.2649999999999988,0.2274999999999999,0.0375,0.5,0.0,89.4,1.0,7.44,3.22,6.324999999999994,5.92,1,0,1
Aleksandar Mitrović,FWD,Fulham,6.3,0,3,30,0,20.8,210,0.0,0.0,0.0,0.0,44,1,1,10.1,48.2,2022-08-30T18:30:00Z,90,5,0,0,0,0,5,0,1973096,0,1,2,32.0,9,213534,317049,103515,67,True,0,2022-23,5,6.7,,,,,,,,,,,,,FWD,aleksandar mitrović,0,90.0,90.0,4.0,6.25,0.0,0.0,0.0,0.25,0.0,90.0,1.0,5.880000000000001,4.69,3.0,2.64,0,0,0
Bukayo Saka,MID,Arsenal,4.7,1,0,19,0,42.7,13,0.0,0.0,0.0,0.0,41,1,0,11.6,24.6,2022-08-31T18:30:00Z,87,2,0,0,0,0,5,0,1189232,0,1,2,49.0,5,-182936,22544,205480,79,True,0,2022-23,5,7.9,,,,,,,,,,,,,MID,bukayo saka,0,86.66666666666667,87.5,3.333333333333333,4.0,0.0,0.0,0.0,0.5,0.0,87.0,1.0,5.826666666666667,5.53,3.0,3.66,1,0,0
Eric Dier,DEF,Spurs,5.3,0,1,17,0,0.7,430,0.0,0.0,0.0,0.0,47,1,0,2.3,22.0,2022-08-31T18:45:00Z,90,19,0,0,0,0,5,0,500096,0,1,1,0.0,3,6593,35644,29051,50,False,0,2022-23,5,5.0,,,,,,,,,,,,,DEF,eric dier,0,90.0,90.0,4.333333333333333,5.25,0.0,0.0,0.0,0.5,0.0,90.0,1.0,5.466666666666667,3.5,5.0,4.22,1,0,0
Ivan Toney,FWD,Brentford,5.6,0,0,3,0,24.3,80,0.0,0.0,0.0,0.0,43,1,0,4.7,4.8,2022-08-30T18:30:00Z,90,7,0,0,0,0,5,0,1842651,0,1,1,18.0,1,-81239,186083,267322,72,False,1,2022-23,5,7.2,,,,,,,,,,,,,FWD,ivan toney,0,90.0,90.0,6.333333333333333,6.75,0.0,0.0,0.0,0.25,0.0,90.0,1.0,7.946666666666667,5.04,3.0,2.82,1,0,0
Joelinton Cássio Apolinário de Lira,MID,Newcastle,1.6,0,0,14,0,10.8,371,0.0,0.0,0.0,0.0,48,2,0,3.1,20.4,2022-08-31T19:00:00Z,90,12,0,0,0,0,5,0,59240,0,1,2,0.0,2,-6705,2911,9616,60,False,0,2022-23,5,6.0,,,,,,,,,,,,,MID,joelinton cássio apolinário de lira,0,90.0,90.0,1.6666666666666667,2.75,0.0,0.0,0.0,0.5,0.0,90.0,1.0,3.733333333333334,4.199999999999999,3.0,2.95,1,0,0
João Cancelo,DEF,Man City,7.7,0,0,31,1,9.2,306,0.0,0.0,0.0,0.0,49,0,1,6.1,37.2,2022-08-31T18:30:00Z,67,16,0,0,0,0,5,0,4427428,0,0,6,15.0,12,-248679,89088,337767,71,True,0,2022-23,5,7.1,,,,,,,,,,,,,DEF,joão cancelo,0,80.0,82.5,4.0,4.75,0.0,0.0,0.0,0.5,0.0,81.0,1.0,6.04,4.97,5.0,5.02,1,0,0
Joël Veltman,DEF,Brighton,4.1,0,0,8,0,1.8,109,0.0,0.0,0.0,0.0,44,2,0,0.7,5.2,2022-08-30T18:30:00Z,63,9,0,0,0,0,5,0,354907,0,1,2,0.0,1,117954,179207,61253,46,False,0,2022-23,5,4.6,,,,,,,,,,,,,DEF,joël veltman,0,83.0,84.75,7.333333333333333,6.0,0.0,0.0,0.0,0.75,0.0,83.69999999999999,1.0,7.706666666666667,3.22,6.0,4.55,1,0,0
Kevin De Bruyne,MID,Man City,7.1,0,0,2,0,13.8,301,0.0,0.0,0.0,0.0,49,0,0,4.5,14.2,2022-08-31T18:30:00Z,21,16,0,0,0,0,5,0,2650570,0,0,6,17.0,1,56993,244366,187373,122,True,0,2022-23,5,12.2,,,,,,,,,,,,,MID,kevin de bruyne,0,89.33333333333333,88.75,7.0,6.75,0.0,0.0,0.0,0.5,0.0,89.1,1.0,10.48,8.54,3.0,5.38,1,0,0
Kieffer Moore,FWD,Bournemouth,2.1,0,0,4,0,0.3,62,0.0,0.0,0.0,0.0,42,0,0,0.1,1.0,2022-08-31T18:30:00Z,13,20,0,0,0,0,5,0,129837,0,0,0,0.0,1,-1470,20754,22224,55,True,0,2022-23,5,5.5,,,,,,,,,,,,,FWD,kieffer moore,0,89.66666666666667,89.75,2.0,3.0,0.0,0.0,0.0,0.25,0.0,89.7,1.0,3.8,3.85,3.0,2.21,0,0,0
Kieran Trippier,DEF,Newcastle,2.6,0,0,11,0,0.8,357,0.0,0.0,0.0,0.0,48,2,0,2.9,21.2,2022-08-31T19:00:00Z,90,12,0,0,0,0,5,0,2665460,0,1,2,7.0,0,-55631,203465,259096,51,False,1,2022-23,5,5.1,,,,,,,,,,,,,DEF,kieran trippier,0,90.0,90.0,5.0,5.5,0.0,0.0,0.0,0.5,0.0,90.0,1.0,6.04,3.5699999999999994,5.0,4.26,1,0,0
Lewis Dunk,DEF,Brighton,4.7,0,0,4,0,1.1,106,0.0,0.0,0.0,0.0,44,2,0,1.1,10.2,2022-08-30T18:30:00Z,90,9,1,0,0,0,5,0,559364,0,1,2,0.0,-1,211721,236194,24473,46,False,0,2022-23,5,4.6,,,,,,,,,,,,,DEF,lewis dunk,0,90.0,90.0,6.666666666666667,5.5,0.0,0.0,0.0,0.75,0.0,90.0,1.0,7.173333333333334,3.22,6.0,4.55,1,0,0
Mohamed Salah,MID,Liverpool,8.0,2,2,28,0,64.3,283,0.0,0.0,0.0,0.0,48,1,0,14.7,44.0,2022-08-31T19:00:00Z,90,15,0,0,0,0,5,0,5360861,0,1,2,39.0,10,-466694,61038,527732,130,True,0,2022-23,5,13.0,,,,,,,,,,,,,MID,mohamed salah,0,90.0,90.0,4.333333333333333,6.25,0.0,0.0,0.0,0.25,0.0,90.0,1.0,8.666666666666668,9.1,3.0,5.53,1,1,0
Nick Pope,GK,Newcastle,3.8,0,0,21,0,0.0,376,0.0,0.0,0.0,0.0,48,2,0,3.4,34.2,2022-08-31T19:00:00Z,90,12,0,0,0,0,5,4,615296,0,1,2,0.0,2,-24950,33601,58551,50,False,0,2022-23,5,5.0,,,,,,,,,,,,,GK,nick pope,0,90.0,90.0,5.333333333333333,5.5,0.0,0.0,0.0,0.5,3.75,90.0,1.0,6.266666666666667,3.5,5.0,5.47,1,0,1
Pierre-Emile Højbjerg,MID,Spurs,4.3,0,0,14,0,15.3,433,0.0,0.0,0.0,0.0,47,1,0,3.7,14.8,2022-08-31T18:45:00Z,90,19,0,0,0,0,5,0,161196,0,1,1,7.0,2,-9430,13777,23207,55,False,0,2022-23,5,5.5,,,,,,,,,,,,,MID,pierre-emile højbjerg,0,90.0,90.0,5.0,4.25,0.0,0.0,0.0,0.5,0.0,90.0,1.0,6.2,3.85,3.0,2.75,0,0,0
Robert Sánchez,GK,Brighton,5.9,0,0,15,0,0.0,113,0.0,0.0,0.0,0.0,44,2,0,1.5,14.6,2022-08-30T18:30:00Z,90,9,0,0,0,0,5,2,1697107,0,1,2,0.0,1,285461,317016,31555,46,False,0,2022-23,5,4.6,,,,,,,,,,,,,GK,robert sánchez,0,90.0,90.0,7.333333333333333,6.5,0.0,0.0,0.0,0.75,2.75,90.0,1.0,7.706666666666667,3.22,6.0,5.47,0,0,0
Benjamin White,DEF,Arsenal,3.6,0,0,8,0,6.4,10,0.0,0.0,0.0,0.0,56,3,0,1.5,8.4,2022-09-04T15:30:00Z,79,14,0,0,0,0,6,0,557430,0,1,3,0.0,1,23639,60655,37016,45,False,0,2022-23,6,4.5,,,,,,,,,,,,,DEF,benjamin white,0,76.0,78.4,5.333333333333333,4.4,0.0,0.0,0.0,0.6,0.0,76.96000000000001,0.962,6.066666666666666,3.0303,5.4,4.51,1,0,0
Bruno Borges Fernandes,MID,Man Utd,4.0,1,2,21,0,31.3,333,0.0,0.0,0.0,0.0,56,1,0,8.5,32.6,2022-09-04T15:30:00Z,90,1,0,0,0,0,6,0,220295,0,1,3,21.0,7,-3279,19266,22545,98,True,0,2022-23,6,9.8,,,,,,,,,,,,,MID,bruno borges fernandes,0,90.0,89.8,4.0,3.0,0.0,0.0,0.0,0.4,0.0,89.92,1.0,7.120000000000001,6.86,3.0,4.36,1,0,0
Ederson Santana de Moraes,GK,Man City,4.2,0,0,13,0,0.0,307,0.0,0.0,0.0,0.0,51,1,0,0.8,7.6,2022-09-03T16:30:00Z,90,2,0,0,0,0,6,0,1792932,0,1,1,0.0,2,-8185,99678,107863,55,False,0,2022-23,6,5.5,,,,,,,,,,,,,GK,ederson santana de moraes,0,90.0,90.0,2.6666666666666665,4.2,0.0,0.0,0.0,0.6,1.2,90.0,1.0,4.333333333333334,3.85,5.4,5.35,0,0,0
João Cancelo,DEF,Man City,6.2,0,0,11,0,18.1,306,0.0,0.0,0.0,0.0,51,1,0,6.7,16.4,2022-09-03T16:30:00Z,90,2,0,0,0,0,6,0,4813510,0,1,1,32.0,2,248793,340374,91581,71,False,0,2022-23,6,7.1,,,,,,,,,,,,,DEF,joão cancelo,0,72.33333333333333,79.4,4.333333333333333,6.2,0.0,0.0,0.0,0.6,0.0,75.16,0.9395,6.306666666666667,4.669315,5.4,5.46,1,0,0
Joël Veltman,DEF,Brighton,4.8,0,0,13,0,5.6,109,0.0,0.0,0.0,0.0,53,2,0,1.4,6.6,2022-09-04T13:00:00Z,90,10,0,0,0,0,6,0,539582,0,2,5,2.0,1,154728,194150,39422,46,True,0,2022-23,6,4.6,,,,,,,,,,,,,DEF,joël veltman,0,74.0,80.4,5.0,5.0,0.0,0.0,0.0,0.6,0.0,76.56,0.957,5.84,3.08154,5.4,4.55,1,0,0
Lewis Dunk,DEF,Brighton,4.0,0,0,15,0,0.7,106,0.0,0.0,0.0,0.0,53,2,0,3.9,16.6,2022-09-04T13:00:00Z,90,10,0,0,0,0,6,0,576291,0,2,5,22.0,1,16094,72206,56112,46,True,0,2022-23,6,4.6,,,,,,,,,,,,,DEF,lewis dunk,0,90.0,90.0,4.0,4.2,0.0,0.0,0.0,0.6,0.0,90.0,1.0,5.04,3.22,5.4,4.55,1,0,0
Mohamed Salah,MID,Liverpool,6.2,0,0,8,1,37.3,283,0.0,0.0,0.0,0.0,55,0,0,9.3,14.6,2022-09-03T11:30:00Z,90,8,0,0,0,0,6,0,5299328,0,0,0,41.0,3,-160589,147858,308447,130,False,0,2022-23,6,13.0,,,,,,,,,,,,,MID,mohamed salah,0,90.0,90.0,7.0,7.0,0.0,0.0,0.0,0.2,0.0,90.0,1.0,10.8,9.1,3.0,5.53,1,1,0
Pedro Lomba Neto,MID,Wolves,2.6,0,0,14,1,28.4,486,0.0,0.0,0.0,0.0,60,0,0,5.4,7.8,2022-09-03T14:00:00Z,81,17,0,0,0,0,6,0,661924,0,0,1,18.0,3,-85734,29765,115499,52,True,0,2022-23,6,5.2,,,,,,,,,,,,,MID,pedro lomba neto,0,81.0,82.2,2.333333333333333,2.4,0.0,0.0,0.0,0.6,0.0,81.48,1.0,3.946666666666667,3.64,3.0,2.7,0,0,0
Pierre-Emerick Aubameyang,FWD,Chelsea,0.0,0,0,0,0,0.0,617,0.0,0.0,0.0,0.0,54,0,0,0.0,0.0,2022-09-03T14:00:00Z,0,19,0,0,0,0,6,0,7948,0,1,2,0.0,0,6680,10296,3616,90,True,0,2022-23,6,9.0,,,,,,,,,,,,,FWD,pierre-emerick aubameyang,0,0.0,0.0,0.0,0.0,0.0,0.0,0.0,0.0,0.0,90.0,1.0,3.6,6.3,3.0,3.46,1,0,0
Raheem Sterling,MID,Chelsea,6.7,0,0,9,0,7.2,304,0.0,0.0,0.0,0.0,54,1,0,1.9,4.2,2022-09-03T14:00:00Z,90,19,0,0,0,0,6,0,1013750,0,1,2,8.0,2,272750,330136,57386,100,True,0,2022-23,6,10.0,,,,,,,,,,,,,MID,raheem sterling,0,83.33333333333333,84.6,8.0,6.4,0.0,0.0,0.0,0.2,0.0,83.83999999999999,1.0,10.4,7.0,3.0,4.19,1,0,0
Robert Sánchez,GK,Brighton,4.8,0,0,11,0,0.0,113,0.0,0.0,0.0,0.0,53,2,0,2.0,19.6,2022-09-04T13:00:00Z,90,10,0,0,0,0,6,2,1853775,0,2,5,0.0,1,138519,204123,65604,47,True,0,2022-23,6,4.7,,,,,,,,,,,,,GK,robert sánchez,0,90.0,90.0,5.666666666666667,5.4,0.0,0.0,0.0,0.6,2.6,90.0,1.0,6.413333333333334,3.29,5.4,5.46,1,0,1
Rúben Gato Alves Dias,DEF,Man City,4.2,0,0,13,0,1.8,312,0.0,0.0,0.0,0.0,51,1,0,2.8,24.0,2022-09-03T16:30:00Z,90,2,0,0,0,0,6,0,1067985,0,1,1,2.0,2,-30814,60250,91064,60,False,0,2022-23,6,6.0,,,,,,,,,,,,,DEF,rúben gato alves dias,0,83.0,80.4,2.6666666666666665,4.0,0.0,0.0,0.0,0.6,0.0,81.96000000000001,1.0,4.533333333333333,4.199999999999999,5.4,5.11,1,0,0
Sasa Kalajdzic,FWD,Wolves,1.6,0,0,-1,0,0.0,608,0.0,0.0,0.0,0.0,60,0,0,0.7,0.0,2022-09-03T14:00:00Z,45,17,0,0,0,0,6,0,4739,0,0,1,9.0,1,4099,4642,543,55,True,0,2022-23,6,5.5,,,,,,,,,,,,,FWD,sasa kalajdzic,0,90.0,90.0,1.5,3.75,0.1724999999999988,0.0749999999999999,0.0975,0.0,0.0,90.0,1.0,3.4000000000000004,3.85,3.8624999999999945,2.69,0,0,0
Wilfried Gnonto,FWD,Leeds,0.8,0,0,0,0,0.0,619,0.0,0.0,0.0,0.0,52,0,0,0.0,0.0,2022-09-03T14:00:00Z,0,4,0,0,0,0,6,0,1708,0,2,5,0.0,0,1274,1437,163,50,False,0,2022-23,6,5.0,,,,,,,,,,,,,FWD,wilfried gnonto,0,88.5,89.25,4.0,3.0,0.0749999999999987,0.0549999999999999,0.02,0.5,0.0,88.80000000000001,1.0,5.2,3.5,3.374999999999994,2.25,0,0,0
Willian Borges da Silva,MID,Fulham,1.1,0,0,0,0,2.6,614,0.0,0.0,0.0,0.0,59,1,0,0.3,0.8,2022-09-03T14:00:00Z,30,18,0,0,0,0,6,0,7487,0,1,2,0.0,1,6323,7553,1230,55,False,0,2022-23,6,5.5,,,,,,,,,,,,,MID,willian borges da silva,0,90.0,90.0,6.5,6.5,0.1224999999999987,0.0,0.1225,1.0,0.0,90.0,1.0,7.4,3.85,3.612499999999994,3.24,1,0,0
Aleksandar Mitrović,FWD,Fulham,6.3,0,0,1,0,6.9,210,0.0,0.0,0.0,0.0,78,2,0,8.2,6.6,2022-09-16T19:00:00Z,89,16,0,0,0,0,8,0,3297573,0,3,2,68.0,2,511912,557341,45429,69,False,0,2022-23,8,6.9,,,,,,,,,,,,,FWD,aleksandar mitrović,0,90.0,90.0,7.0,5.2,0.0,0.0,0.0,0.2,0.0,90.0,1.0,8.360000000000001,4.83,3.0,2.71,0,0,0
Harry Kane,FWD,Spurs,9.0,1,1,38,0,32.3,427,0.0,0.0,0.0,0.0,79,2,1,14.7,57.8,2022-09-17T16:30:00Z,90,10,0,0,0,0,8,0,2134886,0,2,6,57.0,10,238532,314312,75780,114,True,0,2022-23,8,11.4,,,,,,,,,,,,,FWD,harry kane,0,85.66666666666667,87.4,8.0,7.6,0.0,0.0,0.0,0.6,0.0,86.36,1.0,10.96,7.979999999999999,3.0,4.22,1,0,0
Jarrod Bowen,MID,West Ham,2.2,0,0,11,0,44.3,465,0.0,0.0,0.0,0.0,75,1,0,12.0,15.4,2022-09-18T13:15:00Z,90,8,0,0,0,0,8,0,472883,0,0,1,60.0,2,178754,240637,61883,81,False,0,2022-23,8,8.1,,,,,,,,,,,,,MID,jarrod bowen,0,90.0,88.8,2.333333333333333,2.2,0.0,0.0,0.0,0.2,0.0,89.52000000000001,1.0,5.106666666666667,5.669999999999999,3.0,3.58,1,0,0
Joelinton Cássio Apolinário de Lira,MID,Newcastle,2.5,0,0,5,0,5.4,371,0.0,0.0,0.0,0.0,77,1,0,3.8,4.0,2022-09-17T14:00:00Z,90,3,0,0,0,0,8,0,115027,0,1,1,29.0,1,31203,36542,5339,60,True,1,2022-23,8,6.0,,,,,,,,,,,,,MID,joelinton cássio apolinário de lira,0,90.0,90.0,2.333333333333333,2.0,0.0,0.0,0.0,0.4,0.0,90.0,1.0,4.266666666666668,4.199999999999999,3.0,2.85,0,0,0
Jonathan Castro Otto,DEF,Wolves,2.5,0,0,11,0,1.3,477,0.0,0.0,0.0,0.0,80,3,0,1.9,13.8,2022-09-17T11:30:00Z,90,13,0,0,0,0,8,0,76340,0,3,0,4.0,1,110,7358,7248,44,True,0,2022-23,8,4.4,,,,,,,,,,,,,DEF,jonathan castro otto,0,90.0,87.4,4.333333333333333,4.2,0.0,0.0,0.0,0.6,0.0,88.96000000000001,1.0,5.226666666666667,3.08,5.4,4.51,1,0,0
José Malheiro de Sá,GK,Wolves,3.2,0,0,19,0,0.0,478,0.0,0.0,0.0,0.0,80,3,0,2.7,27.0,2022-09-17T11:30:00Z,90,13,0,0,0,0,8,4,565753,0,3,0,0.0,2,-2192,22414,24606,50,True,0,2022-23,8,5.0,,,,,,,,,,,,,GK,josé malheiro de sá,0,90.0,90.0,5.0,6.6,0.0,0.0,0.0,0.6,2.8,90.0,1.0,6.0,3.5,5.4,5.66,1,1,0
João Cancelo,DEF,Man City,7.0,0,3,39,1,35.7,306,0.0,0.0,0.0,0.0,80,0,0,8.1,28.2,2022-09-17T11:30:00Z,90,20,0,0,0,0,8,0,5430281,0,3,0,17.0,9,274634,304467,29833,72,False,0,2022-23,8,7.2,,,,,,,,,,,,,DEF,joão cancelo,0,72.33333333333333,79.4,5.0,5.2,0.0,0.0,0.0,0.4,0.0,75.16,0.9395,6.880000000000001,4.73508,4.6,4.48,1,0,0
Kieran Trippier,DEF,Newcastle,4.3,1,0,20,0,47.8,357,0.0,0.0,0.0,0.0,77,1,0,6.7,10.2,2022-09-17T14:00:00Z,90,3,0,0,0,0,8,0,4798777,0,1,1,9.0,5,858929,871522,12593,53,True,0,2022-23,8,5.3,,,,,,,,,,,,,DEF,kieran trippier,0,90.0,90.0,3.333333333333333,4.6,0.0,0.0,0.0,0.4,0.0,90.0,1.0,4.786666666666667,3.71,4.6,3.84,1,0,0
Nathan Collins,DEF,Wolves,2.8,0,0,-4,0,0.1,516,0.0,0.0,0.0,0.0,80,3,0,0.8,7.6,2022-09-17T11:30:00Z,32,13,0,0,0,1,8,0,187376,0,3,0,0.0,-3,33377,46670,13293,45,True,0,2022-23,8,4.5,,,,,,,,,,,,,DEF,nathan collins,0,90.0,90.0,6.0,5.4,0.0,0.0,0.0,0.6,0.0,90.0,1.0,6.6000000000000005,3.15,5.4,4.51,1,0,0
Nick Pope,GK,Newcastle,5.3,0,0,12,0,0.0,376,0.0,0.0,0.0,0.0,77,1,0,1.0,10.2,2022-09-17T14:00:00Z,90,3,0,0,0,0,8,2,2107464,0,1,1,0.0,2,624232,644512,20280,52,True,0,2022-23,8,5.2,,,,,,,,,,,,,GK,nick pope,0,90.0,90.0,5.666666666666667,6.0,0.0,0.0,0.0,0.4,5.6,90.0,1.0,6.613333333333334,3.64,4.6,5.66,0,0,0
Ollie Watkins,FWD,Aston Villa,1.5,0,0,10,1,12.2,40,0.0,0.0,0.0,0.0,71,0,0,5.1,17.6,2022-09-16T19:00:00Z,90,17,0,0,0,0,8,0,214492,0,0,1,21.0,2,-16312,14914,31226,73,True,0,2022-23,8,7.3,,,,,,,,,,,,,FWD,ollie watkins,0,90.0,90.0,2.0,4.6,0.0,0.0,0.0,0.0,0.0,90.0,1.0,4.52,5.109999999999999,3.0,2.85,1,0,0
Pierre-Emile Højbjerg,MID,Spurs,5.3,1,0,30,0,23.5,433,0.0,0.0,0.0,0.0,79,2,0,5.9,32.8,2022-09-17T16:30:00Z,90,10,0,0,0,0,8,0,319525,0,2,6,3.0,5,82219,93276,11057,55,True,0,2022-23,8,5.5,,,,,,,,,,,,,MID,pierre-emile højbjerg,0,90.0,90.0,4.666666666666667,5.2,0.0,0.0,0.0,0.4,0.0,90.0,1.0,5.933333333333334,3.85,3.0,2.65,0,0,0
Rúben Gato Alves Dias,DEF,Man City,4.8,0,0,27,1,0.8,312,0.0,0.0,0.0,0.0,80,0,0,1.7,15.8,2022-09-17T11:30:00Z,90,20,0,0,0,0,8,0,1080581,0,3,0,0.0,6,16293,59734,43441,60,False,0,2022-23,8,6.0,,,,,,,,,,,,,DEF,rúben gato alves dias,0,90.0,80.4,3.0,3.2,0.0,0.0,0.0,0.4,0.0,86.16,1.0,4.800000000000001,4.199999999999999,4.6,4.12,1,0,0
Son Heung-min,MID,Spurs,7.0,0,3,55,0,0.4,428,0.0,0.0,0.0,0.0,79,0,3,14.3,104.4,2022-09-17T16:30:00Z,31,10,0,0,0,0,8,0,1101949,0,2,6,38.0,19,148426,210666,62240,117,True,0,2022-23,8,11.7,,,,,,,,,,,,,MID,son heung-min,0,82.0,79.8,2.333333333333333,2.4,0.0,0.0,0.0,0.4,0.0,81.12,1.0,6.546666666666667,8.19,3.0,4.83,1,0,1
Willian Borges da Silva,MID,Fulham,4.0,1,1,24,0,42.3,614,0.0,0.0,0.0,0.0,78,1,0,7.0,25.6,2022-09-16T19:00:00Z,69,16,0,0,0,0,8,0,13138,0,3,2,2.0,6,2332,3377,1045,55,False,0,2022-23,8,5.5,,,,,,,,,,,,,MID,willian borges da silva,0,60.0,75.0,4.5,5.0,0.1199999999999987,0.0,0.12,0.75,0.0,66.0,0.825,5.800000000000001,3.17625,3.599999999999994,3.02,1,0,0
Adam Webster,DEF,Brighton,-1.0,0,0,13,0,0.9,108,0.0,0.0,0.0,0.0,87,3,0,1.8,14.8,2022-10-01T14:00:00Z,90,12,1,0,0,0,9,0,67480,0,3,3,2.0,-1,-3060,4505,7565,45,False,0,2022-23,9,4.5,,,,,,,,,,,,,DEF,adam webster,0,90.0,90.0,2.333333333333333,3.8,0.0,0.0,0.0,0.6,0.0,90.0,1.0,3.666666666666667,3.15,5.4,4.51,1,0,0
Benjamin White,DEF,Arsenal,4.0,1,0,27,0,31.4,10,0.0,0.0,0.0,0.0,81,1,0,6.9,34.8,2022-10-01T11:30:00Z,88,18,0,0,0,0,9,0,560494,0,1,3,3.0,5,-6394,33022,39416,45,True,0,2022-23,9,4.5,,,,,,,,,,,,,DEF,benjamin white,0,76.0,78.4,5.0,4.6,0.0,0.0,0.0,0.6,0.0,76.96000000000001,0.962,5.8,3.0303,5.4,4.51,1,0,0
Bernardo Veiga de Carvalho e Silva,MID,Man City,6.5,1,0,22,0,40.1,311,0.0,0.0,0.0,0.0,88,3,0,11.4,31.6,2022-10-02T13:00:00Z,90,14,0,0,0,0,9,0,1399674,0,3,6,42.0,5,42000,145776,103776,70,True,0,2022-23,9,7.0,,,,,,,,,,,,,MID,bernardo veiga de carvalho e silva,0,77.66666666666667,82.6,5.0,7.4,0.0,0.0,0.0,0.6,0.0,79.64,0.9955,6.800000000000001,4.877949999999999,3.0,3.33,1,0,0
Bruno Borges Fernandes,MID,Man Utd,3.0,0,0,3,0,2.9,333,0.0,0.0,0.0,0.0,88,6,0,2.6,4.2,2022-10-02T13:00:00Z,90,13,0,0,0,0,9,0,243991,0,3,6,19.0,1,-4740,10452,15192,98,False,1,2022-23,9,9.8,,,,,,,,,,,,,MID,bruno borges fernandes,0,90.0,90.0,6.0,4.0,0.0,0.0,0.0,0.4,0.0,90.0,1.0,8.72,6.86,3.0,4.36,1,0,0
David De Gea Quintana,GK,Man Utd,0.0,0,0,12,0,0.0,327,0.0,0.0,0.0,0.0,88,6,0,2.4,23.6,2022-10-02T13:00:00Z,90,13,0,0,0,0,9,3,671369,0,3,6,0.0,0,241,29549,29308,49,False,0,2022-23,9,4.9,,,,,,,,,,,,,GK,david de gea quintana,0,90.0,90.0,5.333333333333333,4.0,0.0,0.0,0.0,0.4,3.2,90.0,1.0,6.226666666666667,3.43,4.6,4.73,0,0,0
Ivan Toney,FWD,Brentford,2.0,0,0,-5,1,4.5,80,0.0,0.0,0.0,0.0,82,0,0,8.4,4.6,2022-10-01T14:00:00Z,90,3,0,0,0,0,9,0,2581114,0,0,0,75.0,1,484252,590393,106141,73,False,1,2022-23,9,7.3,,,,,,,,,,,,,FWD,ivan toney,0,90.0,90.0,6.666666666666667,6.0,0.0,0.0,0.0,0.0,0.0,90.0,1.0,8.253333333333334,5.109999999999999,3.0,2.85,0,0,0
Joël Veltman,DEF,Brighton,0.0,0,0,11,0,0.5,109,0.0,0.0,0.0,0.0,87,3,0,2.0,19.4,2022-10-01T14:00:00Z,90,12,0,0,0,0,9,0,489203,0,3,3,0.0,1,-31119,14592,45711,46,False,0,2022-23,9,4.6,,,,,,,,,,,,,DEF,joël veltman,0,74.0,80.4,2.6666666666666665,4.8,0.0,0.0,0.0,0.6,0.0,76.56,0.957,3.973333333333333,3.08154,5.4,4.55,1,0,0
Lewis Dunk,DEF,Brighton,0.0,0,0,12,0,0.3,106,0.0,0.0,0.0,0.0,87,3,0,2.0,18.0,2022-10-01T14:00:00Z,90,12,0,0,0,0,9,0,467092,0,3,3,2.0,1,-39405,9062,48467,46,False,0,2022-23,9,4.6,,,,,,,,,,,,,DEF,lewis dunk,0,90.0,90.0,2.333333333333333,4.0,0.0,0.0,0.0,0.6,0.0,90.0,1.0,3.706666666666667,3.22,5.4,4.55,1,0,0
Luis Díaz,MID,Liverpool,5.0,1,0,16,0,12.7,293,0.0,0.0,0.0,0.0,87,1,0,4.1,20.0,2022-10-01T14:00:00Z,45,5,0,0,0,0,9,0,2829541,0,3,3,8.0,4,34362,234919,200557,82,True,0,2022-23,9,8.2,,,,,,,,,,,,,MID,luis díaz,0,90.0,90.0,6.333333333333333,6.0,0.0,0.0,0.0,0.4,0.0,90.0,1.0,8.346666666666666,5.739999999999999,3.0,3.72,1,0,0
Marcus Bettinelli,GK,Chelsea,1.7,0,0,0,0,0.0,635,0.0,0.0,0.0,0.0,83,0,0,0.0,0.0,2022-10-01T14:00:00Z,0,7,0,0,0,0,9,0,0,0,2,1,0.0,0,0,0,0,40,False,0,2022-23,9,4.0,,,,,,,,,,,,,GK,marcus bettinelli,0,90.0,90.0,6.0,7.5,0.1574999999999989,0.0324999999999998,0.125,0.5,0.0,90.0,1.0,6.4,2.8,5.787499999999994,4.78,1,0,1
Mohamed Salah,MID,Liverpool,6.0,1,0,3,0,13.1,283,0.0,0.0,0.0,0.0,87,3,0,10.1,18.4,2022-10-01T14:00:00Z,90,5,0,0,0,0,9,0,3748869,0,3,3,69.0,5,-83071,226728,309799,128,True,0,2022-23,9,12.8,,,,,,,,,,,,,MID,mohamed salah,0,90.0,90.0,5.333333333333333,5.2,0.0,0.0,0.0,0.4,0.0,90.0,1.0,9.386666666666668,8.959999999999999,3.0,5.55,1,1,0
Ollie Watkins,FWD,Aston Villa,2.0,0,0,-4,1,15.9,40,0.0,0.0,0.0,0.0,85,0,0,11.5,8.2,2022-10-02T15:30:00Z,90,11,0,0,0,0,9,0,218180,0,0,0,91.0,2,-1987,23421,25408,72,False,0,2022-23,9,7.2,,,,,,,,,,,,,FWD,ollie watkins,0,90.0,90.0,2.0,2.8,0.0,0.0,0.0,0.2,0.0,90.0,1.0,4.48,5.04,3.0,2.82,0,0,0
Pedro Lomba Neto,MID,Wolves,1.5,0,0,2,0,10.8,486,0.0,0.0,0.0,0.0,90,0,0,1.2,1.4,2022-10-01T16:30:00Z,23,19,0,0,0,0,9,0,482729,0,0,2,0.0,1,-53819,10785,64604,51,False,0,2022-23,9,5.1,,,,,,,,,,,,,MID,pedro lomba neto,0,85.33333333333333,81.8,2.6666666666666665,2.4,0.0,0.0,0.0,0.6,0.0,83.91999999999999,1.0,4.173333333333334,3.5699999999999994,3.0,2.67,0,0,0
Pierre-Emerick Aubameyang,FWD,Chelsea,9.5,0,3,30,0,12.2,617,0.0,0.0,0.0,0.0,83,1,1,6.7,34.0,2022-10-01T14:00:00Z,74,7,0,0,0,0,9,0,62600,0,2,1,21.0,9,21413,28881,7468,90,False,0,2022-23,9,9.0,,,,,,,,,,,,,FWD,pierre-emerick aubameyang,0,0.0,0.0,0.0,0.0,0.0,0.0,0.0,0.0,0.0,90.0,1.0,3.6,6.3,3.0,3.46,1,0,0
Virgil van Dijk,DEF,Liverpool,2.0,0,0,10,0,0.6,280,0.0,0.0,0.0,0.0,87,3,0,3.4,16.2,2022-10-01T14:00:00Z,90,5,0,0,0,0,9,0,1425709,0,3,3,17.0,1,1201,48236,47035,64,True,0,2022-23,9,6.4,,,,,,,,,,,,,DEF,virgil van dijk,0,90.0,90.0,6.333333333333333,4.4,0.0,0.0,0.0,0.4,0.0,90.0,1.0,7.626666666666667,4.48,4.6,4.32,1,0,0
Benjamin White,DEF,Arsenal,6.0,0,0,24,1,2.6,29,0.01,0.05,0.04,0.03,91,0,0,3.1,11.6,2023-10-28T14:00:00Z,65,17,0,0,0,0,10,0,1479984,1,0,5,17.0,6,134728,193115,58387,56,True,0,2023-24,10,5.6,,,,,,,,,,,,,DEF,benjamin white,1,90.0,90.0,7.666666666666667,6.8,0.1639999999999997,0.104,0.0600000000000002,0.6,0.0,90.0,1.0,8.373333333333333,3.92,6.219999999999999,5.57,1,0,0
Carlton Morris,FWD,Luton,1.3,0,0,0,0,0.1,326,0.0,0.0,0.0,1.97,92,3,0,0.0,0.0,2023-10-29T14:00:00Z,75,2,0,0,0,0,10,0,518199,1,1,3,0.0,2,-143696,12416,156112,55,False,0,2023-24,10,5.5,,,,,,,,,,,,,FWD,carlton morris,1,87.0,85.6,1.6666666666666667,4.4,0.4619999999999996,0.416,0.0460000000000002,0.0,0.0,86.44,1.0,3.5333333333333337,3.85,5.309999999999999,4.35,0,0,0
Cole Palmer,MID,Chelsea,6.7,0,0,13,0,63.1,362,0.56,1.0,0.44,2.16,95,2,0,9.7,16.6,2023-10-28T11:30:00Z,90,4,0,0,0,0,10,0,394646,1,2,0,17.0,2,283813,311763,27950,50,True,0,2023-24,10,5.0,,,,,,,,,,,,,MID,cole palmer,1,81.66666666666667,58.8,7.666666666666667,5.0,0.5879999999999995,0.448,0.1400000000000001,0.2,0.0,72.52,0.9065,8.133333333333333,3.17275,5.939999999999998,5.0,0,0,0
Dan Burn,DEF,Newcastle,2.8,0,0,7,0,1.0,407,0.0,0.07,0.07,0.98,100,2,0,3.4,15.6,2023-10-28T16:30:00Z,90,20,0,0,0,0,10,0,1332171,1,2,2,17.0,0,122166,185594,63428,47,False,1,2023-24,10,4.7,,,,,,,,,,,,,DEF,dan burn,1,90.0,90.0,4.333333333333333,6.2,0.1919999999999997,0.1359999999999999,0.0560000000000001,0.8,0.0,90.0,1.0,5.346666666666667,3.29,7.159999999999998,5.81,1,0,0
Douglas Luiz Soares de Paulo,MID,Aston Villa,8.5,1,2,28,0,40.8,43,0.13,0.13,0.0,0.17,92,1,0,8.1,37.8,2023-10-29T14:00:00Z,89,12,0,0,0,0,10,0,840846,1,1,3,2.0,7,459976,485179,25203,55,True,0,2023-24,10,5.5,,,,,,,,,,,,,MID,douglas luiz soares de paulo,1,90.0,90.0,8.333333333333334,7.4,0.5519999999999995,0.4419999999999999,0.1100000000000001,0.2,0.0,90.0,1.0,8.866666666666667,3.85,5.759999999999998,5.62,1,0,0
Erling Haaland,FWD,Man City,9.2,1,3,63,1,12.8,355,0.47,2.51,2.04,1.03,98,0,2,20.8,89.2,2023-10-29T15:30:00Z,90,14,0,0,0,0,10,0,8540943,1,3,0,106.0,16,-351614,27851,379465,140,False,0,2023-24,10,14.0,,,,,,,,,,,,,FWD,erling haaland,1,90.0,90.0,4.0,4.8,0.7619999999999996,0.7139999999999997,0.0480000000000001,0.2,0.0,90.0,1.0,8.8,9.8,6.809999999999998,7.19,1,0,1
James Ward-Prowse,MID,West Ham,2.0,0,0,15,0,40.8,664,0.09,0.09,0.0,0.74,99,1,0,5.2,10.8,2023-10-29T13:00:00Z,72,9,0,0,0,0,10,0,1183823,1,1,0,0.0,2,-177249,34430,211679,63,True,0,2023-24,10,6.3,,,,,,,,,,,,,MID,james ward-prowse,1,90.0,90.0,2.6666666666666665,3.4,0.6139999999999992,0.1639999999999997,0.4500000000000002,0.2,0.0,90.0,1.0,4.653333333333333,4.409999999999999,6.069999999999996,5.16,1,0,0
Joachim Andersen,DEF,Crystal Palace,3.0,1,0,14,0,10.6,220,0.03,0.1,0.07,1.12,96,2,0,5.3,33.2,2023-10-27T19:00:00Z,90,18,0,0,0,0,10,0,1829116,1,2,1,9.0,3,42382,150020,107638,49,True,1,2023-24,10,4.9,,,,,,,,,,,,,DEF,joachim andersen,1,90.0,90.0,7.0,5.6,0.1719999999999993,0.1019999999999997,0.0700000000000001,0.6,0.0,90.0,1.0,7.56,3.43,6.259999999999996,5.6,1,0,0
Kieran Trippier,DEF,Newcastle,5.8,0,0,9,0,39.7,430,0.57,0.57,0.0,0.98,100,2,0,5.6,12.0,2023-10-28T16:30:00Z,90,20,0,0,0,0,10,0,5077713,1,2,2,4.0,0,161242,249401,88159,70,False,1,2023-24,10,7.0,,,,,,,,,,,,,DEF,kieran trippier,1,82.66666666666667,81.4,9.333333333333334,10.8,0.4919999999999994,0.0099999999999998,0.482,0.8,0.0,82.16,1.0,10.266666666666667,4.9,8.659999999999997,7.07,1,0,0
Marc Guéhi,DEF,Crystal Palace,3.3,0,0,12,0,0.8,228,0.01,0.17,0.16,1.12,96,2,0,2.6,19.6,2023-10-27T19:00:00Z,90,18,0,0,0,0,10,0,318262,1,2,1,6.0,1,54186,82115,27929,45,True,0,2023-24,10,4.5,,,,,,,,,,,,,DEF,marc guéhi,1,90.0,72.0,5.333333333333333,4.8,0.0919999999999991,0.0759999999999999,0.016,0.6,0.0,82.8,1.0,6.066666666666666,3.15,5.859999999999996,5.12,1,0,0
Mohamed Salah,MID,Liverpool,13.5,0,0,19,1,32.3,308,0.13,0.71,0.58,0.45,97,0,1,8.8,35.4,2023-10-29T14:00:00Z,90,16,0,0,0,0,10,0,4320178,1,0,3,20.0,8,504474,521527,17053,128,True,0,2023-24,10,12.8,,,,,,,,,,,,,MID,mohamed salah,1,84.33333333333333,86.6,10.666666666666666,10.4,1.2779999999999991,0.828,0.45,0.2,0.0,85.24,1.0,13.653333333333334,8.959999999999999,9.389999999999995,9.27,1,1,0
Nick Pope,GK,Newcastle,3.8,0,0,17,0,0.0,424,0.0,0.0,0.0,0.98,100,2,0,2.9,29.2,2023-10-28T16:30:00Z,90,20,0,0,0,0,10,4,1196135,1,2,2,0.0,2,3585,31330,27745,55,False,0,2023-24,10,5.5,,,,,,,,,,,,,GK,nick pope,1,90.0,90.0,4.666666666666667,5.2,0.0,0.0,0.0,0.8,1.8,90.0,1.0,5.933333333333334,3.85,6.2,5.55,0,0,0
Ollie Watkins,FWD,Aston Villa,6.5,0,0,7,0,21.5,60,0.61,1.4,0.79,0.48,92,1,0,9.0,12.2,2023-10-29T14:00:00Z,90,12,0,0,0,0,10,0,4255692,1,1,3,56.0,2,852615,872806,20191,83,True,0,2023-24,10,8.3,,,,,,,,,,,,,FWD,ollie watkins,1,90.0,90.0,13.0,10.6,0.6279999999999988,0.5059999999999999,0.1219999999999999,0.2,0.0,90.0,1.0,13.72,5.8100000000000005,6.1399999999999935,5.3,1,0,0
Sam Johnstone,GK,Crystal Palace,3.7,0,0,8,0,0.0,230,0.0,0.0,0.0,1.12,96,2,0,0.2,1.8,2023-10-27T19:00:00Z,90,18,0,0,0,0,10,0,341001,1,2,1,0.0,1,45965,75958,29993,45,True,0,2023-24,10,4.5,,,,,,,,,,,,,GK,sam johnstone,1,90.0,90.0,6.333333333333333,5.6,0.0,0.0,0.0,0.6,3.6,90.0,1.0,6.866666666666666,3.15,5.4,5.71,1,0,0
Tomáš Souček,MID,West Ham,3.7,0,0,3,0,1.9,542,0.01,0.01,0.0,0.07,99,0,0,0.5,2.8,2023-10-29T13:00:00Z,17,9,0,0,0,0,10,0,136367,0,1,0,0.0,1,17331,31166,13835,49,True,0,2023-24,10,4.9,,,,,,,,,,,,,MID,tomáš souček,1,77.0,78.0,6.0,4.2,0.5239999999999991,0.446,0.0779999999999999,0.2,0.0,77.4,0.9675,6.760000000000001,3.318525,5.619999999999996,4.96,0,0,0
Abdoulaye Doucouré,MID,Everton,2.0,0,0,0,0,2.9,249,0.01,0.11,0.1,0.53,103,1,0,2.6,0.0,2023-11-04T15:00:00Z,90,5,0,0,0,0,11,0,78344,1,1,1,23.0,1,2244,11115,8871,55,True,1,2023-24,11,5.5,,,,,,,,,,,,,MID,abdoulaye doucouré,1,90.0,83.8,4.333333333333333,4.8,0.4600000000000001,0.364,0.096,0.4,0.0,87.52000000000001,1.0,5.666666666666667,3.85,5.300000000000001,5.05,0,0,0
Bryan Mbeumo,MID,Brentford,10.7,1,0,14,0,5.8,108,0.13,0.45,0.32,2.09,101,2,0,3.7,0.2,2023-11-04T15:00:00Z,90,19,0,0,0,0,11,0,2209225,1,2,3,31.0,5,299785,343777,43992,67,True,0,2023-24,11,6.7,,,,,,,,,,,,,MID,bryan mbeumo,1,90.0,90.0,9.666666666666666,6.4,0.8419999999999999,0.4219999999999999,0.4200000000000002,0.4,0.0,90.0,1.0,10.413333333333334,4.69,7.209999999999999,6.88,1,0,0
Cole Palmer,MID,Chelsea,6.7,1,2,45,0,23.5,362,0.37,1.2,0.83,0.94,110,1,1,9.8,56.4,2023-11-06T20:00:00Z,90,18,0,0,0,0,11,0,459708,1,4,1,18.0,12,67311,103904,36593,50,False,0,2023-24,11,5.0,,,,,,,,,,,,,MID,cole palmer,1,86.0,71.4,6.666666666666667,5.2,0.7499999999999997,0.5020000000000001,0.2480000000000001,0.2,0.0,80.16,1.0,7.333333333333334,3.5,6.749999999999998,6.04,1,0,0
Dan Burn,DEF,Newcastle,2.3,0,0,0,0,0.7,407,0.0,0.0,0.0,0.37,107,0,0,1.4,13.0,2023-11-04T17:30:00Z,45,1,0,0,0,0,11,0,1253318,1,0,1,0.0,1,-75244,46865,122109,47,True,0,2023-24,11,4.7,,,,,,,,,,,,,DEF,dan burn,1,90.0,90.0,2.333333333333333,5.0,0.2019999999999996,0.15,0.0520000000000001,0.6,0.0,90.0,1.0,3.746666666666667,3.29,6.409999999999998,5.9,1,0,0
Dominic Calvert-Lewin,FWD,Everton,4.3,0,0,5,0,3.1,246,0.0,0.06,0.06,0.53,103,1,0,0.7,0.0,2023-11-04T15:00:00Z,89,5,0,0,0,0,11,0,150455,1,1,1,5.0,2,34323,44493,10170,58,True,0,2023-24,11,5.8,,,,,,,,,,,,,FWD,dominic calvert-lewin,1,76.66666666666667,69.4,4.333333333333333,4.8,0.5479999999999996,0.5259999999999999,0.0220000000000001,0.6,0.0,73.76,0.922,5.786666666666667,3.74332,5.739999999999998,4.48,0,0,0
Erling Haaland,FWD,Man City,9.3,0,0,4,0,1.6,355,0.02,0.46,0.44,0.18,106,0,0,2.4,0.4,2023-11-04T15:00:00Z,45,3,0,0,0,0,11,0,8693052,1,1,6,22.0,1,86091,126514,40423,140,True,0,2023-24,11,14.0,,,,,,,,,,,,,FWD,erling haaland,1,90.0,90.0,8.666666666666666,6.8,0.7459999999999996,0.6099999999999998,0.1360000000000001,0.4,0.0,90.0,1.0,12.533333333333337,9.8,6.729999999999998,6.58,1,0,0
Hwang Hee-chan,MID,Wolves,5.8,1,0,20,0,44.3,557,0.07,0.33,0.26,1.06,109,2,0,8.4,25.2,2023-11-04T15:00:00Z,90,17,0,0,0,0,11,0,518266,1,1,2,14.0,5,342922,352742,9820,55,False,0,2023-24,11,5.5,,,,,,,,,,,,,MID,hwang hee-chan,1,88.33333333333333,79.0,7.0,6.0,0.4739999999999993,0.3199999999999996,0.1540000000000001,0.0,0.0,84.6,1.0,7.800000000000001,3.85,5.3699999999999966,4.8,0,0,0
Joachim Andersen,DEF,Crystal Palace,3.2,0,0,24,1,0.3,220,0.0,0.06,0.06,1.12,102,0,0,4.4,26.8,2023-11-04T15:00:00Z,90,6,0,0,0,0,11,0,2133339,1,2,0,17.0,5,280524,314030,33506,50,False,1,2023-24,11,5.0,,,,,,,,,,,,,DEF,joachim andersen,1,90.0,90.0,3.0,6.0,0.1539999999999993,0.1159999999999998,0.0380000000000001,0.6,0.0,90.0,1.0,4.4,3.5,6.169999999999996,5.57,1,0,0
Kieran Trippier,DEF,Newcastle,6.3,0,3,24,1,16.9,430,0.2,0.2,0.0,0.56,107,0,0,3.9,20.0,2023-11-04T17:30:00Z,90,1,0,0,0,0,11,0,4902141,1,0,1,2.0,9,-165556,55427,220983,70,True,0,2023-24,11,7.0,,,,,,,,,,,,,DEF,kieran trippier,1,82.66666666666667,81.4,5.333333333333333,9.2,0.5639999999999994,0.0079999999999998,0.5559999999999999,0.6,0.0,82.16,1.0,7.066666666666666,4.9,8.219999999999997,7.35,1,0,1
Marc Guéhi,DEF,Crystal Palace,2.5,0,0,22,1,0.3,228,0.0,0.0,0.0,1.12,102,0,0,1.1,10.8,2023-11-04T15:00:00Z,90,6,0,0,0,0,11,0,461824,1,2,0,0.0,5,137129,150736,13607,46,False,1,2023-24,11,4.6,,,,,,,,,,,,,DEF,marc guéhi,1,90.0,90.0,3.333333333333333,5.0,0.1259999999999991,0.1079999999999999,0.018,0.6,0.0,90.0,1.0,4.506666666666667,3.22,6.029999999999996,5.43,1,0,0
Mohamed Salah,MID,Liverpool,9.7,0,0,8,0,38.7,308,0.09,0.68,0.59,0.81,105,1,0,6.8,7.8,2023-11-05T16:30:00Z,90,12,0,0,0,0,11,0,4511117,1,1,1,21.0,2,178282,198417,20135,129,False,0,2023-24,11,12.9,,,,,,,,,,,,,MID,mohamed salah,1,90.0,86.6,13.0,10.0,1.0779999999999992,0.8959999999999999,0.182,0.4,0.0,88.64,1.0,14.0,9.03,8.389999999999997,9.29,1,1,0
Nick Pope,GK,Newcastle,5.0,0,0,21,1,0.0,424,0.0,0.0,0.0,0.56,107,0,0,1.0,10.0,2023-11-04T17:30:00Z,90,1,0,0,0,0,11,1,1152400,1,0,1,0.0,6,-44249,7978,52227,55,True,0,2023-24,11,5.5,,,,,,,,,,,,,GK,nick pope,1,90.0,90.0,3.333333333333333,4.4,0.0,0.0,0.0,0.6,2.2,90.0,1.0,4.866666666666667,3.85,5.4,5.68,1,0,0
Ollie Watkins,FWD,Aston Villa,5.0,0,0,0,0,6.8,60,0.07,0.37,0.3,0.41,108,2,0,4.5,2.8,2023-11-05T14:00:00Z,90,16,0,0,0,0,11,0,4316975,1,0,2,35.0,2,74295,196695,122400,84,False,0,2023-24,11,8.4,,,,,,,,,,,,,FWD,ollie watkins,1,90.0,90.0,6.0,10.0,0.7779999999999988,0.5419999999999999,0.2359999999999999,0.2,0.0,90.0,1.0,8.16,5.88,6.8899999999999935,5.98,1,0,0
Sam Johnstone,GK,Crystal Palace,4.2,0,2,29,1,0.0,230,0.0,0.0,0.0,1.12,102,0,0,3.6,35.8,2023-11-04T15:00:00Z,90,6,0,0,0,0,11,5,444415,1,2,0,0.0,9,93576,106664,13088,46,False,0,2023-24,11,4.6,,,,,,,,,,,,,GK,sam johnstone,1,90.0,90.0,3.6666666666666665,5.6,0.0,0.0,0.0,0.6,3.2,90.0,1.0,4.773333333333333,3.22,5.4,5.62,0,0,0
Valintino Adedokun,DEF,Brentford,1.3,0,0,0,0,0.0,733,0.0,0.0,0.0,0.0,101,0,0,0.0,0.0,2023-11-04T15:00:00Z,0,19,0,0,0,0,11,0,0,0,2,3,0.0,0,0,0,0,40,True,0,2023-24,11,4.0,,,,,,,,,,,,,DEF,valintino adedokun,1,65.0,68.0,3.5,2.25,0.3649999999999988,0.3225,0.0425,0.5,0.0,66.2,0.8275,4.4,2.317,6.824999999999994,5.98,1,0,0
Bryan Mbeumo,MID,Brentford,6.2,0,0,1,0,48.2,108,0.47,1.02,0.55,1.53,117,3,0,8.9,8.6,2023-11-12T14:00:00Z,90,11,0,0,0,0,12,0,2264899,1,0,3,32.0,2,62208,191492,129284,68,False,0,2023-24,12,6.8,,,,,,,,,,,,,MID,bryan mbeumo,1,90.0,90.0,10.666666666666666,7.2,0.8639999999999999,0.4539999999999999,0.4100000000000002,0.4,0.0,90.0,1.0,11.253333333333334,4.76,7.319999999999999,7.06,1,0,0
Cole Palmer,MID,Chelsea,5.7,0,0,23,0,11.8,362,0.04,1.27,1.23,2.9,115,4,1,9.5,42.4,2023-11-12T16:30:00Z,90,13,0,0,0,0,12,0,585033,1,4,4,41.0,6,119193,146159,26966,51,True,1,2023-24,12,5.1,,,,,,,,,,,,,MID,cole palmer,1,87.66666666666667,85.0,6.666666666666667,7.4,0.9459999999999996,0.632,0.3140000000000001,0.2,0.0,86.6,1.0,7.373333333333334,3.5699999999999994,7.729999999999999,7.47,1,0,1
Dominic Calvert-Lewin,FWD,Everton,4.3,0,0,3,0,11.1,246,0.05,0.05,0.0,2.04,116,2,0,1.9,0.0,2023-11-11T15:00:00Z,76,8,0,0,0,0,12,0,164432,1,3,2,8.0,2,12864,29342,16478,58,False,0,2023-24,12,5.8,,,,,,,,,,,,,FWD,dominic calvert-lewin,1,79.0,81.8,4.333333333333333,4.2,0.4379999999999996,0.4159999999999999,0.0220000000000001,0.6,0.0,80.12,1.0,5.786666666666667,4.06,5.189999999999998,4.14,0,0,0
Fabian Schär,DEF,Newcastle,4.2,0,0,12,0,1.3,427,0.01,0.04,0.03,2.49,113,2,0,1.8,15.2,2023-11-11T17:30:00Z,90,3,0,0,0,0,12,0,775809,1,0,2,1.0,1,140239,159128,18889,52,False,0,2023-24,12,5.2,,,,,,,,,,,,,DEF,fabian schär,1,90.0,90.0,5.666666666666667,5.0,0.1579999999999996,0.0879999999999997,0.0700000000000001,0.6,0.0,90.0,1.0,6.613333333333334,3.64,6.189999999999998,5.49,1,0,0
Hwang Hee-chan,MID,Wolves,4.7,0,0,-6,0,3.3,557,0.04,0.3,0.26,0.7,120,1,0,1.4,2.8,2023-11-11T12:30:00Z,90,18,0,0,0,0,12,0,523945,1,1,2,8.0,2,16752,73152,56400,55,True,0,2023-24,12,5.5,,,,,,,,,,,,,MID,hwang hee-chan,1,90.0,88.0,5.333333333333333,6.8,0.5379999999999993,0.3719999999999996,0.1660000000000001,0.0,0.0,89.2,1.0,6.466666666666667,3.85,5.689999999999996,5.35,1,0,0
Joachim Andersen,DEF,Crystal Palace,3.0,0,0,19,0,2.1,220,0.02,0.02,0.0,1.6,116,3,0,3.6,32.2,2023-11-11T15:00:00Z,90,9,0,0,0,0,12,0,2372850,1,3,2,2.0,1,231584,261625,30041,51,True,0,2023-24,12,5.1,,,,,,,,,,,,,DEF,joachim andersen,1,90.0,90.0,2.6666666666666665,5.8,0.1519999999999993,0.1159999999999998,0.0360000000000001,0.6,0.0,90.0,1.0,4.173333333333334,3.5699999999999994,6.159999999999997,5.57,1,0,0
Kieran Trippier,DEF,Newcastle,3.8,0,0,7,0,13.7,430,0.03,0.03,0.0,2.49,113,2,0,2.9,11.0,2023-11-11T17:30:00Z,90,3,0,0,0,0,12,0,5172443,1,0,2,4.0,1,207984,232314,24330,70,False,0,2023-24,12,7.0,,,,,,,,,,,,,DEF,kieran trippier,1,82.66666666666667,85.6,6.333333333333333,7.4,0.4679999999999993,0.0079999999999998,0.4600000000000001,0.6,0.0,83.84,1.0,7.866666666666667,4.9,7.739999999999997,7.04,1,0,0
Marc Guéhi,DEF,Crystal Palace,2.3,0,0,14,0,3.2,228,0.01,0.01,0.0,1.6,116,3,0,2.8,25.0,2023-11-11T15:00:00Z,90,9,0,0,0,0,12,0,535239,1,3,2,0.0,1,73419,87774,14355,46,True,0,2023-24,12,4.6,,,,,,,,,,,,,DEF,marc guéhi,1,90.0,90.0,2.0,4.4,0.1139999999999991,0.1079999999999999,0.006,0.6,0.0,90.0,1.0,3.44,3.22,5.969999999999995,5.38,1,0,0
Mohamed Salah,MID,Liverpool,9.2,0,3,43,1,23.3,308,0.21,1.15,0.94,1.57,117,0,2,14.3,69.4,2023-11-12T14:00:00Z,90,4,0,0,0,0,12,0,4667474,1,0,3,50.0,16,139478,170993,31515,129,True,0,2023-24,12,12.9,,,,,,,,,,,,,MID,mohamed salah,1,90.0,86.6,8.666666666666666,8.4,0.9579999999999992,0.8119999999999999,0.146,0.4,0.0,88.64,1.0,12.093333333333334,9.03,7.789999999999996,8.73,1,1,0
Nick Pope,GK,Newcastle,4.5,0,1,26,0,0.0,424,0.0,0.0,0.0,2.49,113,2,0,5.4,54.4,2023-11-11T17:30:00Z,90,3,0,0,0,0,12,8,1188274,1,0,2,0.0,4,19940,34832,14892,55,False,0,2023-24,12,5.5,,,,,,,,,,,,,GK,nick pope,1,90.0,90.0,5.0,4.4,0.0,0.0,0.0,0.6,2.2,90.0,1.0,6.2,3.85,5.4,5.68,1,0,0
Nicolas Jackson,FWD,Chelsea,6.7,0,0,25,0,0.7,211,0.01,0.67,0.66,2.83,115,4,1,7.9,37.2,2023-11-12T16:30:00Z,90,13,0,0,0,0,12,0,478639,1,4,4,41.0,5,41308,55570,14262,68,True,1,2023-24,12,6.8,,,,,,,,,,,,,FWD,nicolas jackson,1,68.0,49.8,6.333333333333333,5.0,0.6759999999999989,0.6079999999999999,0.0679999999999999,0.0,0.0,60.72,0.759,7.786666666666667,3.61284,6.379999999999995,4.42,0,0,0
Ollie Watkins,FWD,Aston Villa,3.3,0,1,22,0,12.7,60,0.08,1.99,1.91,0.93,112,1,1,9.7,33.4,2023-11-12T14:00:00Z,90,10,0,0,0,0,12,0,4474116,1,1,3,51.0,6,127064,210592,83528,84,True,1,2023-24,12,8.4,,,,,,,,,,,,,FWD,ollie watkins,1,90.0,90.0,5.0,8.6,0.7839999999999988,0.5619999999999998,0.2219999999999999,0.0,0.0,90.0,1.0,7.36,5.88,6.919999999999995,6.04,1,0,0
Sam Johnstone,GK,Crystal Palace,3.7,0,0,9,0,0.0,230,0.0,0.0,0.0,1.6,116,3,0,1.2,11.6,2023-11-11T15:00:00Z,90,9,0,0,0,0,12,1,557569,1,3,2,0.0,1,104137,115600,11463,46,True,0,2023-24,12,4.6,,,,,,,,,,,,,GK,sam johnstone,1,90.0,90.0,3.6666666666666665,5.8,0.0,0.0,0.0,0.6,3.2,90.0,1.0,4.773333333333333,3.22,5.4,5.62,0,0,0
Son Heung-min,MID,Spurs,4.7,0,0,4,0,12.9,516,0.05,0.17,0.12,2.15,120,2,0,2.1,6.4,2023-11-11T12:30:00Z,90,20,0,0,0,0,12,0,4221092,1,1,2,2.0,2,230434,297378,66944,97,False,0,2023-24,12,9.7,,,,,,,,,,,,,MID,son heung-min,1,87.0,80.8,8.666666666666666,7.2,0.659999999999999,0.478,0.182,0.4,0.0,84.52,1.0,10.813333333333333,6.789999999999999,6.299999999999995,6.02,1,0,0
William Saliba,DEF,Arsenal,7.0,0,1,27,0,5.5,20,0.03,0.67,0.64,0.3,111,1,1,8.6,47.6,2023-11-11T15:00:00Z,90,6,0,0,0,0,12,0,2929972,1,1,3,33.0,9,292317,319162,26845,53,True,0,2023-24,12,5.3,,,,,,,,,,,,,DEF,william saliba,1,90.0,90.0,3.333333333333333,4.6,0.069999999999999,0.0039999999999999,0.066,0.6,0.0,90.0,1.0,4.786666666666667,3.71,5.749999999999995,5.04,0,0,0
Abdoulaye Doucouré,MID,Everton,3.8,0,0,0,0,33.7,249,0.11,0.37,0.26,2.18,123,3,0,5.3,4.0,2023-11-26T16:30:00Z,89,14,0,0,0,0,13,0,83493,1,3,0,15.0,1,17743,22865,5122,55,True,1,2023-24,13,5.5,,,,,,,,,,,,,MID,abdoulaye doucouré,1,90.0,90.0,5.0,5.0,0.486,0.434,0.052,0.4,0.0,90.0,1.0,6.2,3.85,5.43,5.42,1,0,0
Alisson Ramses Becker,GK,Liverpool,4.8,0,0,16,0,0.0,291,0.0,0.0,0.0,1.35,126,1,0,2.8,27.6,2023-11-25T12:30:00Z,90,13,0,0,0,0,13,4,1367703,1,1,1,0.0,3,46040,76466,30426,56,False,0,2023-24,13,5.6,,,,,,,,,,,,,GK,alisson ramses becker,1,90.0,90.0,6.666666666666667,5.8,0.0,0.0,0.0,0.6,2.0,90.0,1.0,7.573333333333334,3.92,5.4,5.66,1,0,0
Bryan Mbeumo,MID,Brentford,2.5,0,0,4,0,22.3,108,0.16,0.38,0.22,1.52,121,1,0,3.9,6.0,2023-11-25T17:30:00Z,90,1,0,0,0,0,13,0,2561140,1,1,0,11.0,2,284654,363751,79097,69,True,0,2023-24,13,6.9,,,,,,,,,,,,,MID,bryan mbeumo,1,90.0,90.0,6.666666666666667,7.2,0.982,0.5219999999999999,0.4600000000000002,0.4,0.0,90.0,1.0,8.093333333333334,4.83,7.909999999999999,7.73,1,0,0
Cole Palmer,MID,Chelsea,6.2,0,0,12,0,15.9,362,0.04,0.04,0.0,1.93,127,3,0,3.1,15.0,2023-11-25T15:00:00Z,74,15,0,0,0,0,13,0,1217020,1,1,4,0.0,2,607037,621443,14406,52,False,0,2023-24,13,5.2,,,,,,,,,,,,,MID,cole palmer,1,90.0,87.6,6.666666666666667,7.6,1.1079999999999997,0.8680000000000001,0.2400000000000001,0.0,0.0,89.03999999999999,1.0,7.413333333333334,3.64,8.54,8.91,1,0,1
Dominic Solanke,FWD,Bournemouth,6.2,0,0,-6,0,11.0,85,0.03,0.65,0.62,0.81,129,1,0,3.1,0.0,2023-11-25T15:00:00Z,90,17,0,0,0,0,13,0,636329,1,3,1,21.0,2,348527,361187,12660,65,False,0,2023-24,13,6.5,,,,,,,,,,,,,FWD,dominic solanke,1,88.0,87.6,5.666666666666667,5.0,0.5439999999999996,0.4739999999999999,0.0700000000000001,0.2,0.0,87.84,1.0,7.133333333333335,4.55,5.719999999999998,4.82,0,0,0
Hwang Hee-chan,MID,Wolves,4.7,0,0,22,0,0.9,557,0.01,0.95,0.94,2.84,124,3,1,5.7,30.6,2023-11-27T20:00:00Z,90,10,0,0,0,0,13,0,592039,1,2,3,25.0,7,58944,101718,42774,55,False,0,2023-24,13,5.5,,,,,,,,,,,,,MID,hwang hee-chan,1,90.0,89.0,4.666666666666667,5.6,0.5079999999999993,0.3359999999999996,0.1720000000000001,0.0,0.0,89.6,1.0,5.933333333333334,3.85,5.5399999999999965,5.14,1,0,0
Kieran Trippier,DEF,Newcastle,4.2,0,0,16,0,41.7,430,0.3,0.35,0.05,0.58,127,1,0,6.7,20.6,2023-11-25T15:00:00Z,90,7,0,0,0,0,13,0,5158252,1,1,4,5.0,1,-12601,95354,107955,70,True,1,2023-24,13,7.0,,,,,,,,,,,,,DEF,kieran trippier,1,90.0,85.6,3.333333333333333,5.2,0.3419999999999993,0.0,0.3419999999999999,0.4,0.0,88.24000000000001,1.0,5.466666666666667,4.9,6.309999999999997,5.66,1,0,0
Mohamed Salah,MID,Liverpool,7.2,1,0,21,0,39.5,308,0.21,0.21,0.0,1.35,126,1,0,7.9,29.6,2023-11-25T12:30:00Z,90,13,0,0,0,0,13,0,4948314,1,1,1,10.0,5,250086,272298,22212,130,False,0,2023-24,13,13.0,,,,,,,,,,,,,MID,mohamed salah,1,90.0,90.0,8.666666666666666,11.4,1.099999999999999,0.99,0.11,0.6,0.0,90.0,1.0,12.133333333333333,9.1,8.499999999999995,10.25,1,1,0
Nick Pope,GK,Newcastle,4.8,0,0,12,0,0.0,424,0.0,0.0,0.0,0.58,127,1,0,1.9,18.8,2023-11-25T15:00:00Z,90,7,0,0,0,0,13,3,1202398,1,1,4,0.0,3,8275,37090,28815,55,True,0,2023-24,13,5.5,,,,,,,,,,,,,GK,nick pope,1,90.0,90.0,4.0,4.0,0.0,0.0,0.0,0.4,3.4,90.0,1.0,5.4,3.85,4.6,5.06,0,0,0
Nicolas Jackson,FWD,Chelsea,7.2,0,0,5,0,2.1,211,0.07,0.07,0.0,1.93,127,3,0,1.3,4.6,2023-11-25T15:00:00Z,68,15,0,0,0,0,13,0,646970,1,1,4,6.0,2,148505,165875,17370,69,False,0,2023-24,13,6.9,,,,,,,,,,,,,FWD,nicolas jackson,1,90.0,67.8,7.666666666666667,6.0,0.8099999999999989,0.74,0.0699999999999999,0.0,0.0,81.12,1.0,8.893333333333334,4.83,7.0499999999999945,5.99,1,0,0
Ollie Watkins,FWD,Aston Villa,4.3,0,0,21,0,13.3,60,0.08,0.75,0.67,2.29,130,1,1,7.9,30.4,2023-11-26T14:00:00Z,90,18,0,0,0,0,13,0,4505665,1,2,1,35.0,5,22816,157943,135127,85,False,1,2023-24,13,8.5,,,,,,,,,,,,,FWD,ollie watkins,1,90.0,90.0,3.333333333333333,5.2,0.9859999999999988,0.7819999999999998,0.2039999999999999,0.0,0.0,90.0,1.0,6.066666666666667,5.949999999999999,7.929999999999994,7.24,1,0,0
Pedro Porro,DEF,Spurs,3.3,1,1,25,0,61.4,506,0.44,0.64,0.2,1.77,130,2,0,11.9,28.8,2023-11-26T14:00:00Z,90,2,0,0,0,0,13,0,1382559,1,2,1,29.0,5,77995,119804,41809,53,True,0,2023-24,13,5.3,,,,,,,,,,,,,DEF,pedro porro,1,90.0,90.0,2.333333333333333,3.8,0.2939999999999988,0.0859999999999998,0.2079999999999999,0.4,0.0,90.0,1.0,3.9866666666666672,3.71,6.069999999999993,5.03,1,0,0
Trent Alexander-Arnold,DEF,Liverpool,5.2,0,0,24,0,1.4,290,0.01,0.04,0.03,1.35,126,1,1,7.2,53.4,2023-11-25T12:30:00Z,90,13,0,0,0,0,13,0,866546,1,1,1,17.0,8,-910,27171,28081,79,False,0,2023-24,13,7.9,,,,,,,,,,,,,DEF,trent alexander-arnold,1,89.0,87.2,4.666666666666667,4.2,0.3059999999999991,0.06,0.246,0.6,0.0,88.28,1.0,6.893333333333334,5.53,6.929999999999996,6.56,1,0,0
Vitalii Mykolenko,DEF,Everton,6.5,0,0,4,0,2.8,260,0.02,0.15,0.13,2.18,123,3,0,1.0,0.0,2023-11-26T16:30:00Z,90,14,0,0,0,0,13,0,360359,1,3,0,9.0,1,200471,211280,10809,44,True,0,2023-24,13,4.4,,,,,,,,,,,,,DEF,vitalii mykolenko,1,90.0,89.4,9.333333333333334,7.2,0.183999999999999,0.1639999999999999,0.02,0.4,0.0,89.76,1.0,9.226666666666668,3.08,5.519999999999995,4.85,0,0,0
William Saliba,DEF,Arsenal,6.2,0,0,22,1,2.3,20,0.03,0.04,0.01,1.11,121,0,0,1.1,7.6,2023-11-25T17:30:00Z,90,4,0,0,0,0,13,0,3467448,1,1,0,1.0,6,494798,518161,23363,54,False,0,2023-24,13,5.4,,,,,,,,,,,,,DEF,william saliba,1,90.0,90.0,6.0,5.2,0.203999999999999,0.1319999999999999,0.072,0.4,0.0,90.0,1.0,6.960000000000001,3.78,5.619999999999996,4.82,0,0,0
Alisson Ramses Becker,GK,Liverpool,0.0,0,0,0,0,0.0,291,0.0,0.0,0.0,0.0,136,0,0,0.0,0.0,2023-12-03T14:00:00Z,0,10,0,0,0,0,14,0,1180701,0,3,4,0.0,0,-183737,18978,202715,56,True,0,2023-24,14,5.6,,,,,,,,,,,,,GK,alisson ramses becker,1,90.0,90.0,5.333333333333333,6.2,0.0,0.0,0.0,0.6,2.6,90.0,1.0,6.506666666666666,3.92,5.4,5.86,0,0,0
André Onana,GK,Man Utd,6.5,0,0,18,0,0.0,597,0.0,0.0,0.0,2.65,138,1,0,2.4,23.8,2023-12-02T20:00:00Z,90,15,0,0,0,0,14,3,1530826,1,0,1,0.0,3,32362,69284,36922,48,False,0,2023-24,14,4.8,,,,,,,,,,,,,GK,andré onana,1,90.0,90.0,7.666666666666667,5.6,0.0,0.0,0.0,0.6,4.8,90.0,1.0,8.053333333333335,3.36,5.4,6.24,1,0,0
Bryan Mbeumo,MID,Brentford,4.0,1,0,15,0,24.4,108,0.08,0.41,0.33,0.13,133,1,0,5.7,14.6,2023-12-02T15:00:00Z,77,12,0,0,0,0,14,0,3337118,1,1,3,18.0,5,753155,797913,44758,71,True,0,2023-24,14,7.1,,,,,,,,,,,,,MID,bryan mbeumo,1,90.0,90.0,3.0,7.2,0.9839999999999998,0.5439999999999999,0.4400000000000001,0.4,0.0,90.0,1.0,5.24,4.97,7.919999999999999,7.8,1,0,0
Cole Palmer,MID,Chelsea,5.2,0,0,5,0,10.5,362,0.0,0.02,0.02,0.82,135,1,0,3.5,7.6,2023-12-03T14:00:00Z,24,5,0,0,0,0,14,0,1413699,0,2,3,17.0,1,205151,254552,49401,53,True,0,2023-24,14,5.3,,,,,,,,,,,,,MID,cole palmer,1,84.66666666666667,85.4,6.666666666666667,5.6,0.9199999999999996,0.6920000000000002,0.2280000000000001,0.0,0.0,84.96000000000001,1.0,7.453333333333334,3.71,7.599999999999998,7.42,1,0,0
Diogo Dalot Teixeira,DEF,Man Utd,6.5,0,0,11,0,1.2,377,0.01,0.01,0.0,2.65,138,1,0,1.6,14.8,2023-12-02T20:00:00Z,90,15,0,0,0,0,14,0,443652,1,0,1,0.0,2,43893,67175,23282,50,False,0,2023-24,14,5.0,,,,,,,,,,,,,DEF,diogo dalot teixeira,1,90.0,90.0,8.0,7.2,0.0919999999999996,0.0279999999999999,0.0640000000000001,0.6,0.0,90.0,1.0,8.4,3.5,5.859999999999998,5.0,1,0,0
Erling Haaland,FWD,Man City,8.8,2,0,18,0,23.3,355,0.22,0.99,0.77,0.49,137,3,0,6.4,13.4,2023-12-03T16:30:00Z,90,18,0,0,0,0,14,0,8677883,1,3,3,27.0,7,178999,196809,17810,140,True,1,2023-24,14,14.0,,,,,,,,,,,,,FWD,erling haaland,1,75.0,81.0,8.0,9.6,1.2059999999999995,1.0999999999999996,0.1060000000000001,0.2,0.0,77.4,0.9675,12.0,9.4815,9.029999999999998,8.37,1,1,0
Harry Maguire,DEF,Man Utd,5.0,0,0,1,0,0.7,387,0.0,0.07,0.07,2.65,138,1,0,3.9,27.2,2023-12-02T20:00:00Z,90,15,0,0,0,0,14,0,280070,1,0,1,11.0,1,18139,31201,13062,43,False,1,2023-24,14,4.3,,,,,,,,,,,,,DEF,harry maguire,1,90.0,90.0,6.333333333333333,4.4,0.0319999999999993,0.0179999999999996,0.0140000000000001,0.6,0.0,90.0,1.0,6.786666666666666,3.01,5.559999999999997,4.71,0,0,0
Hwang Hee-chan,MID,Wolves,3.3,0,0,2,0,2.6,557,0.01,0.11,0.1,2.89,131,2,0,2.7,1.4,2023-12-02T15:00:00Z,90,1,0,0,0,0,14,0,589280,1,1,2,23.0,1,713,48256,47543,56,False,1,2023-24,14,5.6,,,,,,,,,,,,,MID,hwang hee-chan,1,90.0,90.0,4.666666666666667,5.0,0.6319999999999993,0.4779999999999996,0.1540000000000001,0.0,0.0,90.0,1.0,5.973333333333334,3.92,6.159999999999997,6.05,1,0,0
Jamaal Lascelles,DEF,Newcastle,5.5,0,0,24,1,1.8,419,0.02,0.24,0.22,0.36,138,0,0,2.1,7.8,2023-12-02T20:00:00Z,90,14,0,0,0,0,14,0,729044,1,0,1,11.0,6,89495,100863,11368,41,True,0,2023-24,14,4.1,,,,,,,,,,,,,DEF,jamaal lascelles,1,88.33333333333333,89.0,5.333333333333333,4.4,0.0939999999999992,0.0879999999999996,0.006,0.4,0.0,88.6,1.0,5.906666666666666,2.87,5.069999999999997,4.19,0,0,0
Konstantinos Tsimikas,DEF,Liverpool,6.0,1,0,28,0,48.3,311,0.09,0.09,0.0,1.22,136,3,0,9.2,37.8,2023-12-03T14:00:00Z,90,10,0,0,0,0,14,0,1486768,1,3,4,6.0,4,234373,249251,14878,48,True,0,2023-24,14,4.8,,,,,,,,,,,,,DEF,konstantinos tsimikas,1,67.66666666666667,70.8,6.0,6.0,0.1739999999999993,0.0039999999999998,0.17,0.6,0.0,68.92,0.8615,6.720000000000001,2.89464,6.269999999999996,5.13,1,0,0
Mohamed Salah,MID,Liverpool,7.5,1,0,18,0,53.8,308,0.26,1.03,0.77,1.22,136,3,0,11.5,31.2,2023-12-03T14:00:00Z,90,10,0,0,0,0,14,0,5142512,1,3,4,30.0,5,190003,211228,21225,131,True,0,2023-24,14,13.1,,,,,,,,,,,,,MID,mohamed salah,1,90.0,90.0,7.666666666666667,9.4,0.8379999999999992,0.6999999999999998,0.138,0.6,0.0,90.0,1.0,11.373333333333337,9.17,7.189999999999996,8.29,1,0,1
Nicolas Jackson,FWD,Chelsea,7.0,1,0,11,0,11.2,211,0.2,0.48,0.28,0.22,135,1,0,4.5,16.6,2023-12-03T14:00:00Z,71,5,0,0,0,0,14,0,643046,1,2,3,17.0,5,3255,52734,49479,69,True,0,2023-24,14,6.9,,,,,,,,,,,,,FWD,nicolas jackson,1,82.66666666666667,72.4,7.666666666666667,5.2,0.7859999999999989,0.712,0.0739999999999999,0.0,0.0,78.56,0.982,8.893333333333334,4.74306,6.929999999999994,5.73,1,0,0
Ollie Watkins,FWD,Aston Villa,3.0,1,2,38,0,26.7,60,0.04,0.18,0.14,2.02,132,2,1,11.4,55.4,2023-12-03T14:00:00Z,90,3,0,0,0,0,14,0,3964939,1,2,2,32.0,11,-535038,87945,622983,85,False,0,2023-24,14,8.5,,,,,,,,,,,,,FWD,ollie watkins,1,90.0,90.0,4.333333333333333,5.2,1.0299999999999987,0.8539999999999999,0.1759999999999999,0.0,0.0,90.0,1.0,6.866666666666667,5.949999999999999,8.149999999999993,7.54,1,0,0
William Saliba,DEF,Arsenal,5.0,0,0,8,0,1.8,20,0.01,0.01,0.0,0.71,131,1,0,1.0,8.4,2023-12-02T15:00:00Z,90,20,0,0,0,0,14,0,3692181,1,1,2,0.0,1,237051,257774,20723,55,True,1,2023-24,14,5.5,,,,,,,,,,,,,DEF,william saliba,1,90.0,90.0,5.666666666666667,5.0,0.209999999999999,0.1339999999999999,0.076,0.4,0.0,90.0,1.0,6.733333333333334,3.85,5.649999999999995,4.85,1,0,0
Willian Borges da Silva,MID,Fulham,4.7,0,0,3,0,11.4,591,0.03,0.03,0.0,1.27,136,2,0,1.7,3.8,2023-12-03T14:00:00Z,28,11,0,0,0,0,14,0,44748,0,3,4,2.0,1,5423,8122,2699,53,False,0,2023-24,14,5.3,,,,,,,,,,,,,MID,willian borges da silva,1,82.0,84.2,6.666666666666667,4.8,0.519999999999999,0.42,0.1,0.2,0.0,82.88,1.0,7.453333333333334,3.71,5.599999999999995,5.09,0,0,0
André Onana,GK,Man Utd,6.0,0,0,11,0,0.0,597,0.0,0.0,0.0,1.4,150,1,0,1.5,15.0,2023-12-06T20:15:00Z,90,7,0,0,0,0,15,2,1557197,1,1,2,0.0,2,23831,61393,37562,48,True,0,2023-24,15,4.8,,,,,,,,,,,,,GK,andré onana,1,90.0,90.0,6.666666666666667,5.6,0.0,0.0,0.0,0.6,4.4,90.0,1.0,7.253333333333334,3.36,5.4,6.11,1,0,0
Anthony Gordon,MID,Newcastle,5.5,0,0,1,0,13.9,412,0.02,0.35,0.33,3.23,144,3,0,4.6,3.0,2023-12-07T19:30:00Z,90,9,0,0,0,0,15,0,2055702,1,0,3,29.0,2,340319,382022,41703,60,False,0,2023-24,15,6.0,,,,,,,,,,,,,MID,anthony gordon,1,90.0,90.0,8.333333333333334,6.8,0.4579999999999996,0.366,0.0920000000000001,0.4,0.0,90.0,1.0,9.066666666666668,4.199999999999999,5.289999999999998,5.13,0,0,0
Bryan Mbeumo,MID,Brentford,3.8,0,0,19,0,0.1,108,0.0,0.79,0.79,0.52,142,1,1,5.1,34.0,2023-12-06T19:30:00Z,39,5,0,0,0,0,15,0,3345720,1,1,2,17.0,6,20828,106005,85177,71,False,0,2023-24,15,7.1,,,,,,,,,,,,,MID,bryan mbeumo,1,85.66666666666667,87.4,3.0,5.4,0.7539999999999998,0.5279999999999999,0.2260000000000002,0.2,0.0,86.36,1.0,5.24,4.97,6.769999999999999,6.51,1,0,0
Cole Palmer,MID,Chelsea,3.7,0,1,26,0,25.0,362,0.03,0.1,0.07,4.07,150,2,1,8.4,38.2,2023-12-06T20:15:00Z,90,14,0,0,0,0,15,0,1429197,1,1,2,21.0,8,17062,103562,86500,53,False,0,2023-24,15,5.3,,,,,,,,,,,,,MID,cole palmer,1,62.66666666666666,73.6,3.0,4.6,0.7059999999999996,0.5040000000000001,0.2020000000000001,0.0,0.0,67.03999999999999,0.8379999999999999,4.5200000000000005,3.108979999999999,6.529999999999998,5.25,1,0,0
Diogo Dalot Teixeira,DEF,Man Utd,5.7,0,0,14,0,36.4,377,0.08,0.08,0.0,1.4,150,1,0,5.2,13.2,2023-12-06T20:15:00Z,90,7,0,0,0,0,15,0,442468,1,1,2,2.0,1,-1340,23147,24487,50,True,1,2023-24,15,5.0,,,,,,,,,,,,,DEF,diogo dalot teixeira,1,90.0,90.0,6.666666666666667,5.4,0.0839999999999996,0.0219999999999999,0.0620000000000001,0.6,0.0,90.0,1.0,7.333333333333334,3.5,5.819999999999999,4.94,0,0,0
Dominic Solanke,FWD,Bournemouth,5.8,0,0,6,1,2.8,85,0.03,0.15,0.12,0.71,143,0,0,3.9,8.4,2023-12-06T19:30:00Z,87,8,0,0,0,0,15,0,647427,1,2,0,28.0,2,56390,83546,27156,65,False,0,2023-24,15,6.5,,,,,,,,,,,,,FWD,dominic solanke,1,90.0,88.8,7.0,5.0,0.7899999999999997,0.7419999999999999,0.0480000000000001,0.2,0.0,89.52000000000001,1.0,8.200000000000001,4.55,6.949999999999998,6.38,1,0,0
Erling Haaland,FWD,Man City,9.0,0,0,-1,0,1.6,355,0.0,0.83,0.83,2.04,141,1,0,6.4,12.4,2023-12-06T20:15:00Z,90,2,0,0,0,0,15,0,8714407,1,0,1,50.0,2,30222,50373,20151,140,False,0,2023-24,15,14.0,,,,,,,,,,,,,FWD,erling haaland,1,90.0,81.0,10.0,9.4,1.3519999999999996,1.2019999999999995,0.1500000000000002,0.2,0.0,86.4,1.0,13.6,9.8,9.759999999999998,9.69,1,1,0
Harry Maguire,DEF,Man Utd,5.0,1,0,22,0,0.9,387,0.01,0.21,0.2,1.4,150,1,0,1.7,8.8,2023-12-06T20:15:00Z,90,7,0,0,0,0,15,0,285960,1,1,2,7.0,5,5181,16935,11754,43,True,0,2023-24,15,4.3,,,,,,,,,,,,,DEF,harry maguire,1,90.0,90.0,4.333333333333333,4.2,0.0419999999999993,0.0319999999999996,0.0100000000000001,0.6,0.0,90.0,1.0,5.1866666666666665,3.01,5.609999999999997,4.8,0,0,0
Kieran Trippier,DEF,Newcastle,4.3,0,0,12,0,27.5,430,0.18,0.24,0.06,3.23,144,3,0,6.2,23.8,2023-12-07T19:30:00Z,90,9,0,0,0,0,15,0,5243670,1,0,3,11.0,1,121971,140788,18817,70,False,0,2023-24,15,7.0,,,,,,,,,,,,,DEF,kieran trippier,1,90.0,90.0,4.666666666666667,4.6,0.4099999999999993,0.0279999999999998,0.382,0.4,0.0,90.0,1.0,6.533333333333334,4.9,6.649999999999997,5.87,1,0,0
Marcus Tavernier,MID,Bournemouth,5.5,0,0,3,0,15.3,86,0.06,0.06,0.0,0.25,143,0,0,2.1,1.4,2023-12-06T19:30:00Z,28,8,0,0,0,0,15,0,26774,0,2,0,4.0,1,10429,12667,2238,54,False,0,2023-24,15,5.4,,,,,,,,,,,,,MID,marcus tavernier,1,87.0,82.6,7.0,5.0,0.5579999999999992,0.3979999999999998,0.16,0.4,0.0,85.24,1.0,7.760000000000001,3.78,5.789999999999996,5.45,1,0,0
Nick Pope,GK,Newcastle,0.9,0,0,0,0,0.0,424,0.0,0.0,0.0,0.0,144,0,0,0.0,0.0,2023-12-07T19:30:00Z,0,9,0,0,0,0,15,0,1054580,0,0,3,0.0,0,-183657,15274,198931,55,False,0,2023-24,15,5.5,,,,,,,,,,,,,GK,nick pope,1,88.33333333333333,89.0,4.333333333333333,4.2,0.0,0.0,0.0,0.4,3.4,88.6,1.0,5.666666666666667,3.85,4.6,5.05,0,0,0
Ollie Watkins,FWD,Aston Villa,4.8,0,0,4,1,16.8,60,0.06,0.31,0.25,0.83,141,0,0,6.0,6.8,2023-12-06T20:15:00Z,89,13,0,0,0,0,15,0,3897974,1,0,1,36.0,1,-81963,84078,166041,84,True,1,2023-24,15,8.4,,,,,,,,,,,,,FWD,ollie watkins,1,90.0,90.0,7.333333333333333,5.2,0.9379999999999988,0.7619999999999999,0.1759999999999999,0.0,0.0,90.0,1.0,9.226666666666668,5.88,7.689999999999994,7.01,1,0,1
Phil Foden,MID,Man City,5.0,0,0,7,1,20.5,353,0.17,0.17,0.0,1.4,141,0,0,2.4,1.6,2023-12-06T20:15:00Z,72,2,0,0,0,0,15,0,1068786,1,0,1,2.0,3,54830,76034,21204,75,False,0,2023-24,15,7.5,,,,,,,,,,,,,MID,phil foden,1,84.0,77.4,4.333333333333333,5.2,0.6019999999999989,0.5139999999999999,0.0879999999999999,0.2,0.0,81.36,1.0,6.466666666666667,5.25,6.0099999999999945,5.65,1,0,0
Trent Alexander-Arnold,DEF,Liverpool,11.0,1,3,50,1,105.0,290,0.4,0.42,0.02,0.66,147,0,0,15.2,41.8,2023-12-06T19:30:00Z,90,17,0,0,0,0,15,0,1113499,1,2,0,5.0,12,149074,154702,5628,80,False,0,2023-24,15,8.0,,,,,,,,,,,,,DEF,trent alexander-arnold,1,89.66666666666667,89.4,9.333333333333334,7.0,0.3619999999999991,0.076,0.286,0.4,0.0,89.56,1.0,10.666666666666668,5.6,6.409999999999995,5.77,1,0,0
Vitalii Mykolenko,DEF,Everton,5.0,0,0,20,1,0.7,260,0.01,0.01,0.0,1.58,144,0,0,0.8,5.0,2023-12-07T19:30:00Z,90,15,0,0,0,0,15,0,450229,1,0,3,2.0,6,35658,51090,15432,44,True,0,2023-24,15,4.4,,,,,,,,,,,,,DEF,vitalii mykolenko,1,90.0,90.0,5.333333333333333,7.0,0.199999999999999,0.176,0.024,0.4,0.0,90.0,1.0,6.026666666666667,3.08,5.599999999999995,4.96,1,0,0
Alex Iwobi,MID,Fulham,6.4,1,0,24,1,32.2,256,0.04,0.51,0.47,1.03,155,0,0,8.1,20.0,2023-12-10T14:00:00Z,78,19,0,0,0,0,16,0,55425,1,0,5,29.0,6,24884,26202,1318,53,True,0,2023-24,16,5.3,,,,,,,,,,,,,MID,alex iwobi,1,79.66666666666667,81.6,8.333333333333334,5.6,0.5199999999999998,0.37,0.15,0.4,0.0,80.44,1.0,8.786666666666669,3.71,5.599999999999999,5.06,1,0,0
André Onana,GK,Man Utd,5.1,0,0,14,0,0.0,597,0.0,0.0,0.0,1.48,157,3,0,1.7,16.6,2023-12-09T15:00:00Z,90,3,0,0,0,0,16,1,1655188,1,3,0,0.0,1,87415,110747,23332,48,True,0,2023-24,16,4.8,,,,,,,,,,,,,GK,andré onana,1,90.0,90.0,4.666666666666667,5.6,0.0,0.0,0.0,0.6,3.4,90.0,1.0,5.653333333333334,3.36,5.4,5.77,1,0,0
Anthony Gordon,MID,Newcastle,6.3,0,0,7,0,23.3,412,0.09,0.14,0.05,2.44,159,3,0,3.6,4.0,2023-12-10T16:30:00Z,73,18,0,0,0,0,16,0,2398709,1,1,4,9.0,2,342696,394994,52298,61,False,0,2023-24,16,6.1,,,,,,,,,,,,,MID,anthony gordon,1,90.0,90.0,8.333333333333334,6.8,0.5059999999999997,0.416,0.0900000000000001,0.4,0.0,90.0,1.0,9.106666666666667,4.27,5.529999999999999,5.46,1,0,0
Dominic Solanke,FWD,Bournemouth,5.5,0,1,28,1,1.2,85,0.03,0.9,0.87,1.16,157,0,1,8.0,35.2,2023-12-09T15:00:00Z,90,14,0,0,0,0,16,0,665840,1,3,0,44.0,7,18856,67274,48418,65,False,0,2023-24,16,6.5,,,,,,,,,,,,,FWD,dominic solanke,1,89.0,88.2,3.333333333333333,5.0,0.7839999999999997,0.736,0.0480000000000001,0.4,0.0,88.68,1.0,5.266666666666668,4.55,6.919999999999998,6.3,1,0,0
Enzo Fernández,MID,Chelsea,4.4,0,0,13,0,6.5,199,0.03,0.21,0.18,0.92,154,1,0,3.6,11.6,2023-12-10T14:00:00Z,65,9,0,0,0,0,16,0,308491,1,0,2,18.0,2,6584,17914,11330,48,False,0,2023-24,16,4.8,,,,,,,,,,,,,MID,enzo fernández,1,90.0,78.0,6.0,4.8,0.4659999999999997,0.4179999999999998,0.0480000000000001,0.0,0.0,85.2,1.0,6.720000000000001,3.36,5.329999999999998,4.95,0,0,0
Erling Haaland,FWD,Man City,7.9,0,0,0,0,0.0,355,0.0,0.0,0.0,0.0,156,0,0,0.0,0.0,2023-12-10T14:00:00Z,0,12,0,0,0,0,16,0,8812520,0,2,1,0.0,0,73122,93107,19985,140,False,0,2023-24,16,14.0,,,,,,,,,,,,,FWD,erling haaland,1,90.0,81.0,5.333333333333333,6.6,1.0159999999999996,0.9599999999999996,0.0560000000000001,0.0,0.0,86.4,1.0,9.866666666666667,9.8,8.079999999999998,8.34,1,1,0
Harry Maguire,DEF,Man Utd,4.3,0,0,15,0,1.9,387,0.02,0.08,0.06,1.48,157,3,0,5.1,24.8,2023-12-09T15:00:00Z,90,3,0,0,0,0,16,0,381700,1,3,0,24.0,1,88249,92719,4470,43,True,0,2023-24,16,4.3,,,,,,,,,,,,,DEF,harry maguire,1,90.0,90.0,4.0,5.0,0.0739999999999993,0.0659999999999997,0.0080000000000001,0.6,0.0,90.0,1.0,4.92,3.01,5.769999999999997,5.06,1,0,0
Kieran Trippier,DEF,Newcastle,3.3,0,0,13,0,31.4,430,0.27,0.27,0.0,3.26,159,4,0,5.6,22.6,2023-12-10T16:30:00Z,85,18,0,0,0,0,16,0,5242976,1,1,4,2.0,-1,652,70505,69853,70,False,1,2023-24,16,7.0,,,,,,,,,,,,,DEF,kieran trippier,1,90.0,90.0,4.666666666666667,4.8,0.3439999999999993,0.0399999999999998,0.304,0.4,0.0,90.0,1.0,6.533333333333334,4.9,6.319999999999997,5.55,1,0,0
Marcos Senesi,DEF,Bournemouth,6.7,0,3,39,1,10.7,83,0.01,0.12,0.11,1.16,157,0,1,9.9,71.2,2023-12-09T15:00:00Z,90,14,0,0,0,0,16,0,28891,1,3,0,17.0,15,12599,13780,1181,43,False,0,2023-24,16,4.3,,,,,,,,,,,,,DEF,marcos senesi,1,90.0,81.0,5.333333333333333,4.2,0.2039999999999991,0.1219999999999999,0.082,0.4,0.0,86.4,1.0,5.986666666666666,3.01,5.619999999999996,4.73,0,0,0
Mohamed Salah,MID,Liverpool,8.9,1,3,36,0,15.3,308,0.18,0.51,0.33,1.74,153,1,1,10.2,53.6,2023-12-09T12:30:00Z,90,8,0,0,0,0,16,0,5220877,1,2,1,33.0,13,27580,70573,42993,131,False,0,2023-24,16,13.1,,,,,,,,,,,,,MID,mohamed salah,1,82.0,85.2,4.333333333333333,6.2,0.7019999999999991,0.5319999999999999,0.17,0.4,0.0,83.28,1.0,8.706666666666667,9.17,6.509999999999995,6.6,1,0,1
Nick Pope,GK,Newcastle,0.0,0,0,0,0,0.0,424,0.0,0.0,0.0,0.0,159,0,0,0.0,0.0,2023-12-10T16:30:00Z,0,18,0,0,0,0,16,0,828729,0,1,4,0.0,0,-226122,963,227085,54,False,0,2023-24,16,5.4,,,,,,,,,,,,,GK,nick pope,1,58.333333333333336,71.0,3.0,3.8,0.0,0.0,0.0,0.4,2.6,63.400000000000006,0.7925000000000001,4.5600000000000005,2.9956500000000004,4.6,4.63,0,0,0
Nicolas Jackson,FWD,Chelsea,3.0,0,0,0,0,0.8,211,0.0,0.19,0.19,0.16,154,1,0,1.3,0.0,2023-12-10T14:00:00Z,23,9,0,0,0,0,16,0,654844,0,0,2,15.0,1,5103,42026,36923,69,False,0,2023-24,16,6.9,,,,,,,,,,,,,FWD,nicolas jackson,1,76.33333333333333,81.8,3.0,6.0,0.887999999999999,0.8039999999999999,0.0839999999999999,0.0,0.0,78.52,0.9815,5.16,4.740645,7.439999999999995,6.23,1,0,0
Scott McTominay,MID,Man Utd,5.3,0,0,9,0,4.7,392,0.04,0.56,0.52,1.48,157,3,0,5.3,3.8,2023-12-09T15:00:00Z,90,3,0,0,0,0,16,0,261195,1,3,0,44.0,2,128275,133530,5255,49,True,0,2023-24,16,4.9,,,,,,,,,,,,,MID,scott mctominay,1,90.0,90.0,6.333333333333333,5.0,0.4419999999999991,0.434,0.01,0.6,0.0,90.0,1.0,7.026666666666666,3.43,5.209999999999996,5.45,1,0,0
Trent Alexander-Arnold,DEF,Liverpool,9.3,0,2,26,0,79.6,290,0.42,0.42,0.0,1.74,153,1,0,11.5,33.6,2023-12-09T12:30:00Z,90,8,0,0,0,0,16,0,1383001,1,2,1,2.0,4,248923,254643,5720,81,False,0,2023-24,16,8.1,,,,,,,,,,,,,DEF,trent alexander-arnold,1,90.0,89.8,11.0,8.4,0.3999999999999991,0.066,0.3339999999999999,0.4,0.0,89.92,1.0,12.04,5.669999999999999,6.599999999999996,6.01,1,0,0
Vitalii Mykolenko,DEF,Everton,5.8,0,1,23,1,4.5,260,0.02,0.08,0.06,0.93,154,0,0,4.1,35.0,2023-12-10T14:00:00Z,90,7,0,0,0,0,16,0,546445,1,0,2,1.0,7,92035,101870,9835,45,True,0,2023-24,16,4.5,,,,,,,,,,,,,DEF,vitalii mykolenko,1,90.0,90.0,4.333333333333333,6.6,0.197999999999999,0.176,0.022,0.4,0.0,90.0,1.0,5.266666666666667,3.15,5.589999999999995,4.96,0,0,0
Alex Iwobi,MID,Fulham,6.1,0,0,3,0,2.6,256,0.03,0.15,0.12,2.4,168,2,0,2.9,5.4,2023-12-16T15:00:00Z,76,15,0,0,0,0,17,0,98390,1,0,3,21.0,2,39848,44249,4401,53,False,0,2023-24,17,5.3,,,,,,,,,,,,,MID,alex iwobi,1,75.66666666666667,79.6,7.333333333333333,6.4,0.5859999999999997,0.43,0.156,0.4,0.0,77.24,0.9655,7.986666666666667,3.582004999999999,5.929999999999999,5.32,1,0,0
Bernd Leno,GK,Fulham,3.7,0,0,23,0,0.0,275,0.0,0.0,0.0,3.97,168,3,0,4.9,49.4,2023-12-16T15:00:00Z,90,15,0,0,0,0,17,7,1648982,1,0,3,0.0,3,93439,111029,17590,47,False,0,2023-24,17,4.7,,,,,,,,,,,,,GK,bernd leno,1,90.0,90.0,5.333333333333333,4.0,0.0,0.0,0.0,0.4,4.6,90.0,1.0,6.1466666666666665,3.29,4.6,5.11,0,0,0
Bruno Borges Fernandes,MID,Man Utd,0.0,0,0,0,0,0.0,373,0.0,0.0,0.0,0.0,166,0,0,0.0,0.0,2023-12-17T16:30:00Z,0,11,0,0,0,0,17,0,1068295,0,0,0,0.0,0,-333330,1632,334962,83,False,0,2023-24,17,8.3,,,,,,,,,,,,,MID,bruno borges fernandes,1,90.0,90.0,1.0,2.4,0.6579999999999997,0.2719999999999999,0.3860000000000002,0.4,0.0,90.0,1.0,4.12,5.8100000000000005,6.289999999999998,5.72,1,0,0
Enzo Fernández,MID,Chelsea,4.7,0,0,3,0,3.0,199,0.01,0.01,0.0,0.22,165,0,0,0.4,0.6,2023-12-16T15:00:00Z,21,17,0,0,0,0,17,0,312067,0,0,2,0.0,1,2467,17121,14654,48,True,0,2023-24,17,4.8,,,,,,,,,,,,,MID,enzo fernández,1,81.66666666666667,79.6,6.0,4.4,0.4979999999999998,0.4459999999999998,0.0520000000000001,0.0,0.0,80.84,1.0,6.720000000000001,3.36,5.489999999999998,4.99,0,0,0
Erling Haaland,FWD,Man City,1.1,0,0,0,0,0.0,355,0.0,0.0,0.0,0.0,167,0,0,0.0,0.0,2023-12-16T15:00:00Z,0,8,0,0,0,0,17,0,7231415,0,2,2,0.0,0,-1477506,16216,1493722,140,True,0,2023-24,17,14.0,,,,,,,,,,,,,FWD,erling haaland,1,60.0,72.0,3.0,6.4,0.9239999999999996,0.8719999999999997,0.0520000000000001,0.0,0.0,64.8,0.8099999999999999,8.0,7.937999999999999,7.619999999999998,6.35,1,1,0
Jarrad Branthwaite,DEF,Everton,0.0,0,0,0,0,0.0,245,0.0,0.0,0.0,0.0,164,0,0,0.0,0.0,2023-12-16T17:30:00Z,0,6,0,0,0,0,17,0,279190,0,2,0,0.0,0,-16101,18892,34993,41,False,0,2023-24,17,4.1,,,,,,,,,,,,,DEF,jarrad branthwaite,1,90.0,90.0,6.666666666666667,4.4,0.1099999999999992,0.0139999999999997,0.0960000000000001,0.6,0.0,90.0,1.0,6.973333333333334,2.87,5.949999999999996,5.02,0,0,0
Jordan Pickford,GK,Everton,6.7,0,0,25,1,0.1,263,0.05,0.05,0.0,0.77,164,0,0,1.6,16.0,2023-12-16T17:30:00Z,90,6,0,0,0,0,17,2,862439,1,2,0,0.0,6,84291,97316,13025,44,False,0,2023-24,17,4.4,,,,,,,,,,,,,GK,jordan pickford,1,90.0,90.0,8.0,5.4,0.0059999999999993,0.0,0.0060000000000001,0.6,2.6,90.0,1.0,8.16,3.08,5.429999999999996,5.4,1,0,0
Kieran Trippier,DEF,Newcastle,0.0,0,0,0,0,0.0,430,0.0,0.0,0.0,0.0,168,0,0,0.0,0.0,2023-12-16T15:00:00Z,0,10,0,0,0,0,17,0,4337046,0,0,3,0.0,0,-831837,25628,857465,69,True,0,2023-24,17,6.9,,,,,,,,,,,,,DEF,kieran trippier,1,88.33333333333333,89.0,4.0,2.8,0.3579999999999993,0.0399999999999998,0.318,0.2,0.0,88.6,1.0,5.960000000000001,4.83,5.589999999999996,5.03,1,0,0
Ollie Watkins,FWD,Aston Villa,5.6,0,3,40,0,23.1,60,0.16,0.44,0.28,0.51,163,1,1,10.8,43.8,2023-12-17T14:00:00Z,90,4,0,0,0,0,17,0,4580181,1,2,1,41.0,9,547148,597978,50830,85,False,0,2023-24,17,8.5,,,,,,,,,,,,,FWD,ollie watkins,1,89.66666666666667,89.8,4.666666666666667,5.0,0.6799999999999988,0.6279999999999999,0.0519999999999999,0.4,0.0,89.72,1.0,7.133333333333335,5.949999999999999,6.399999999999994,5.98,1,0,1
Pedro Porro,DEF,Spurs,4.6,0,2,31,1,41.3,506,0.34,0.73,0.39,1.5,169,0,0,7.3,22.2,2023-12-15T20:00:00Z,90,16,0,0,0,0,17,0,2097522,1,2,0,9.0,8,566899,581789,14890,54,False,0,2023-24,17,5.4,,,,,,,,,,,,,DEF,pedro porro,1,90.0,90.0,3.333333333333333,4.0,0.4979999999999988,0.1159999999999998,0.3819999999999999,0.0,0.0,90.0,1.0,4.826666666666667,3.78,5.489999999999994,5.08,1,0,0
Raúl Jiménez,FWD,Fulham,4.3,0,0,-9,0,2.6,558,0.01,0.04,0.03,7.82,168,3,0,0.6,0.0,2023-12-16T15:00:00Z,21,15,0,0,0,1,17,0,311087,1,0,3,7.0,-2,164378,174477,10099,53,False,0,2023-24,17,5.3,,,,,,,,,,,,,FWD,raúl jiménez,1,79.66666666666667,77.4,8.0,6.8,0.5079999999999989,0.4559999999999998,0.0519999999999999,0.4,0.0,78.76,0.9845,8.52,3.652495,5.539999999999995,4.36,0,0,0
Scott McTominay,MID,Man Utd,4.8,0,0,9,1,24.4,392,0.06,0.14,0.08,2.35,166,0,0,5.4,24.2,2023-12-17T16:30:00Z,90,11,0,0,0,0,17,0,241226,1,0,0,5.0,3,-14622,27173,41795,49,False,0,2023-24,17,4.9,,,,,,,,,,,,,MID,scott mctominay,1,90.0,90.0,6.0,4.8,0.5379999999999991,0.524,0.016,0.4,0.0,90.0,1.0,6.760000000000001,3.43,5.689999999999996,5.88,1,0,0
Son Heung-min,MID,Spurs,6.6,0,0,6,1,24.3,516,0.17,0.44,0.27,0.92,169,0,0,8.4,16.2,2023-12-15T20:00:00Z,87,16,0,0,0,0,17,0,4367238,1,2,0,43.0,2,738778,787514,48736,97,False,1,2023-24,17,9.7,,,,,,,,,,,,,MID,son heung-min,1,89.0,89.4,9.666666666666666,6.6,0.5939999999999991,0.312,0.282,0.2,0.0,89.16,1.0,11.613333333333332,6.789999999999999,5.969999999999995,5.43,1,0,0
Trent Alexander-Arnold,DEF,Liverpool,9.2,0,3,39,1,85.9,290,0.42,0.65,0.23,0.63,166,0,0,12.2,27.8,2023-12-17T16:30:00Z,90,14,0,0,0,0,17,0,1762447,1,0,0,8.0,9,322910,349302,26392,82,True,0,2023-24,17,8.2,,,,,,,,,,,,,DEF,trent alexander-arnold,1,90.0,89.8,9.666666666666666,8.8,0.3359999999999991,0.056,0.2799999999999999,0.4,0.0,89.92,1.0,11.013333333333334,5.739999999999999,6.279999999999996,5.82,1,0,0
Vitalii Mykolenko,DEF,Everton,3.4,0,0,0,0,0.0,260,0.0,0.0,0.0,0.0,164,0,0,0.0,0.0,2023-12-16T17:30:00Z,0,6,0,0,0,0,17,0,687378,0,2,0,0.0,0,133136,160329,27193,46,False,0,2023-24,17,4.6,,,,,,,,,,,,,DEF,vitalii mykolenko,1,90.0,90.0,6.333333333333333,5.8,0.171999999999999,0.148,0.024,0.6,0.0,90.0,1.0,6.906666666666666,3.22,6.2599999999999945,5.77,1,0,0
Bernd Leno,GK,Fulham,4.2,0,0,11,0,0.0,275,0.0,0.0,0.0,0.41,173,2,0,0.6,5.8,2023-12-23T15:00:00Z,90,6,0,0,0,0,18,0,1844623,1,2,0,0.0,1,166493,176743,10250,48,True,0,2023-24,18,4.8,,,,,,,,,,,,,GK,bernd leno,1,90.0,90.0,6.0,4.2,0.0,0.0,0.0,0.4,5.2,90.0,1.0,6.720000000000001,3.36,4.6,5.35,0,0,0
Bukayo Saka,MID,Arsenal,4.5,0,0,3,0,37.6,19,0.08,0.12,0.04,0.95,174,1,0,6.8,11.6,2023-12-23T17:30:00Z,90,11,0,0,0,0,18,0,6086940,1,1,1,19.0,1,-40105,51687,91792,90,False,1,2023-24,18,9.0,,,,,,,,,,,,,MID,bukayo saka,1,89.33333333333333,89.6,3.333333333333333,5.2,0.6759999999999998,0.2079999999999999,0.4680000000000002,0.4,0.0,89.44,1.0,6.266666666666668,6.3,6.379999999999999,5.61,1,0,0
Dominic Calvert-Lewin,FWD,Everton,2.0,0,0,-4,0,11.1,246,0.06,0.54,0.48,1.34,178,2,0,4.9,4.2,2023-12-23T15:00:00Z,90,18,0,0,0,0,18,0,130534,1,1,2,34.0,2,2513,13497,10984,58,False,0,2023-24,18,5.8,,,,,,,,,,,,,FWD,dominic calvert-lewin,1,77.0,62.4,2.6666666666666665,2.0,0.6779999999999997,0.626,0.0540000000000001,0.6,0.0,71.16,0.8895,4.453333333333333,3.61137,6.389999999999999,4.9,0,0,0
Dominic Solanke,FWD,Bournemouth,6.8,0,3,76,0,11.3,85,0.02,0.74,0.72,0.75,177,2,3,20.0,113.6,2023-12-23T15:00:00Z,90,16,0,0,0,0,18,0,2229854,1,3,2,75.0,17,526330,554290,27960,68,False,0,2023-24,18,6.8,,,,,,,,,,,,,FWD,dominic solanke,1,89.0,89.4,5.0,6.0,0.8719999999999997,0.82,0.0520000000000001,0.6,0.0,89.16,1.0,6.720000000000001,4.76,7.3599999999999985,6.85,1,1,0
Gabriel Fernando de Jesus,FWD,Arsenal,4.7,0,0,1,0,6.3,8,0.15,0.48,0.33,0.95,174,1,0,5.8,3.6,2023-12-23T17:30:00Z,77,11,0,0,0,0,18,0,535335,1,1,1,48.0,2,78935,97781,18846,80,False,0,2023-24,18,8.0,,,,,,,,,,,,,FWD,gabriel fernando de jesus,1,83.66666666666667,76.4,7.333333333333333,5.2,0.5839999999999994,0.4419999999999996,0.1420000000000002,0.6,0.0,80.76,1.0,9.066666666666666,5.6,5.919999999999997,4.69,0,0,0
James Tarkowski,DEF,Everton,4.7,0,0,16,0,0.2,265,0.0,0.0,0.0,1.34,178,2,0,2.3,22.4,2023-12-23T15:00:00Z,90,18,0,0,0,0,18,0,504265,1,1,2,0.0,1,65708,78742,13034,45,False,0,2023-24,18,4.5,,,,,,,,,,,,,DEF,james tarkowski,1,90.0,90.0,6.0,5.4,0.0739999999999992,0.0359999999999997,0.038,0.8,0.0,90.0,1.0,6.6000000000000005,3.15,6.569999999999997,4.95,1,0,0
Jarrad Branthwaite,DEF,Everton,3.7,0,0,14,0,0.7,245,0.01,0.06,0.05,1.34,178,2,0,1.8,13.4,2023-12-23T15:00:00Z,90,18,0,0,0,0,18,0,298264,1,1,2,4.0,1,11420,19641,8221,41,False,0,2023-24,18,4.1,,,,,,,,,,,,,DEF,jarrad branthwaite,1,60.0,72.0,3.6666666666666665,4.2,0.1079999999999992,0.0139999999999997,0.0940000000000001,0.6,0.0,64.8,0.8099999999999999,4.573333333333333,2.3246999999999995,5.939999999999996,4.87,0,0,0
Marcos Senesi,DEF,Bournemouth,7.2,1,1,32,0,45.9,83,0.09,0.09,0.0,0.75,177,2,0,10.0,53.8,2023-12-23T15:00:00Z,90,16,0,0,0,0,18,0,420357,1,3,2,0.0,5,40950,61663,20713,44,False,0,2023-24,18,4.4,,,,,,,,,,,,,DEF,marcos senesi,1,90.0,90.0,9.666666666666666,7.2,0.2239999999999991,0.1439999999999999,0.08,0.6,0.0,90.0,1.0,9.493333333333334,3.08,6.519999999999996,5.97,1,0,1
Miguel Almirón Rejala,MID,Newcastle,5.0,0,0,6,0,12.0,402,0.01,0.19,0.18,1.79,175,1,0,2.8,5.4,2023-12-23T15:00:00Z,80,12,0,0,0,0,18,0,499545,1,0,1,11.0,2,43417,50971,7554,62,False,0,2023-24,18,6.2,,,,,,,,,,,,,MID,miguel almirón rejala,1,81.0,83.8,4.333333333333333,4.4,0.5339999999999991,0.4539999999999999,0.08,0.4,0.0,82.12,1.0,5.946666666666667,4.34,5.669999999999996,5.37,1,0,0
Mohamed Salah,MID,Liverpool,6.0,0,1,23,0,24.7,308,0.13,0.35,0.22,0.8,174,1,1,12.1,40.0,2023-12-23T17:30:00Z,90,1,0,0,0,0,18,0,5669668,1,1,1,56.0,7,90863,123451,32588,132,True,1,2023-24,18,13.2,,,,,,,,,,,,,MID,mohamed salah,1,82.0,85.2,6.333333333333333,5.8,0.5879999999999991,0.3759999999999999,0.212,0.4,0.0,83.28,1.0,10.346666666666668,9.239999999999998,5.939999999999996,5.63,1,0,0
Norberto Murara Neto,GK,Bournemouth,3.8,0,0,14,0,0.0,77,0.0,0.0,0.0,0.75,177,2,0,2.1,21.2,2023-12-23T15:00:00Z,90,16,0,0,0,0,18,2,339829,1,3,2,0.0,1,10671,27342,16671,46,False,0,2023-24,18,4.6,,,,,,,,,,,,,GK,norberto murara neto,1,90.0,90.0,5.333333333333333,5.4,0.0,0.0,0.0,0.6,2.6,90.0,1.0,6.1066666666666665,3.22,5.4,5.42,1,0,0
Pedro Porro,DEF,Spurs,4.2,0,0,21,0,14.2,506,0.01,0.1,0.09,1.95,178,1,0,4.3,22.4,2023-12-23T15:00:00Z,90,9,0,0,0,0,18,0,2520492,1,1,2,6.0,2,402771,418226,15455,55,True,0,2023-24,18,5.5,,,,,,,,,,,,,DEF,pedro porro,1,90.0,90.0,6.0,4.6,0.5199999999999989,0.1939999999999998,0.3259999999999999,0.2,0.0,90.0,1.0,7.000000000000001,3.85,6.399999999999994,5.86,1,0,0
Scott McTominay,MID,Man Utd,4.8,0,0,12,0,16.3,392,0.03,0.12,0.09,1.36,179,2,0,3.9,18.6,2023-12-23T12:30:00Z,90,19,0,0,0,0,18,0,235973,1,0,2,4.0,2,-6917,18162,25079,49,False,0,2023-24,18,4.9,,,,,,,,,,,,,MID,scott mctominay,1,90.0,90.0,6.333333333333333,4.8,0.5259999999999991,0.504,0.024,0.4,0.0,90.0,1.0,7.026666666666666,3.43,5.629999999999996,5.78,1,0,0
Son Heung-min,MID,Spurs,6.7,0,0,25,0,13.4,516,0.03,0.24,0.21,1.95,178,1,1,9.4,41.8,2023-12-23T15:00:00Z,90,9,0,0,0,0,18,0,4563489,1,1,2,39.0,7,202844,244987,42143,98,True,0,2023-24,18,9.8,,,,,,,,,,,,,MID,son heung-min,1,88.0,88.8,7.0,6.6,0.647999999999999,0.3419999999999999,0.306,0.4,0.0,88.32,1.0,9.52,6.86,6.239999999999995,5.79,1,0,0
Trent Alexander-Arnold,DEF,Liverpool,8.5,1,0,20,0,45.9,290,0.11,0.52,0.41,0.8,174,1,0,8.4,32.0,2023-12-23T17:30:00Z,90,1,0,0,0,0,18,0,1881124,1,1,1,6.0,5,133583,154984,21401,82,True,0,2023-24,18,8.2,,,,,,,,,,,,,DEF,trent alexander-arnold,1,90.0,90.0,8.333333333333334,9.2,0.4119999999999991,0.102,0.31,0.4,0.0,90.0,1.0,9.946666666666667,5.739999999999999,6.659999999999995,5.95,1,0,0
Dominic Calvert-Lewin,FWD,Everton,0.8,0,0,-1,0,0.8,246,0.01,0.24,0.23,0.4,187,1,0,0.3,0.0,2023-12-27T20:15:00Z,25,13,0,0,0,0,19,0,126770,0,3,1,4.0,1,-3915,8896,12811,58,True,0,2023-24,19,5.8,,,,,,,,,,,,,FWD,dominic calvert-lewin,1,79.0,64.2,3.0,2.0,0.6419999999999997,0.5860000000000001,0.0580000000000001,0.6,0.0,73.08,0.9135,4.720000000000001,3.70881,6.209999999999998,4.81,0,0,0
Dominic Solanke,FWD,Bournemouth,7.6,0,0,25,1,3.0,85,0.05,1.06,1.01,0.28,182,0,1,7.2,36.4,2023-12-26T15:00:00Z,90,10,0,0,0,0,19,0,2703198,1,0,3,33.0,6,507063,523494,16431,70,True,0,2023-24,19,7.0,,,,,,,,,,,,,FWD,dominic solanke,1,89.0,89.4,8.666666666666666,6.8,0.7579999999999998,0.728,0.0300000000000001,0.4,0.0,89.16,1.0,9.733333333333334,4.9,6.789999999999999,6.35,1,1,0
Ezri Konsa Ngoyo,DEF,Aston Villa,2.5,0,0,10,0,3.0,48,0.02,0.1,0.08,1.04,188,3,0,2.1,14.4,2023-12-26T20:00:00Z,90,14,0,0,0,0,19,0,307994,1,2,3,4.0,0,21060,32757,11697,46,False,1,2023-24,19,4.6,,,,,,,,,,,,,DEF,ezri konsa ngoyo,1,81.66666666666667,81.6,3.0,3.6,0.2259999999999996,0.1919999999999997,0.0340000000000001,0.4,0.0,81.64,1.0,4.24,3.22,5.729999999999999,4.98,1,0,0
Harry Kane,FWD,Spurs,0.0,0,0,0,0,0.0,500,0.0,0.0,0.0,0.0,184,0,0,0.0,0.0,2023-12-28T19:30:00Z,0,5,0,0,0,0,19,0,63154,0,2,4,0.0,0,-111,0,111,125,False,0,2023-24,19,12.5,,,,,,,,,,,,,FWD,harry kane,1,0.0,0.0,0.0,0.0,0.0,0.0,0.0,0.0,0.0,90.0,1.0,5.0,8.75,3.0,4.71,0,0,0
James Trafford,GK,Burnley,4.2,0,0,27,0,0.0,596,0.0,0.0,0.0,1.69,185,2,0,6.0,60.2,2023-12-26T17:30:00Z,90,11,0,0,0,0,19,8,102209,1,2,0,0.0,3,3349,5990,2641,45,True,0,2023-24,19,4.5,,,,,,,,,,,,,GK,james trafford,1,90.0,90.0,6.0,5.6,0.0,0.0,0.0,0.4,5.0,90.0,1.0,6.6000000000000005,3.15,4.6,5.16,0,0,0
Jarrad Branthwaite,DEF,Everton,2.5,0,0,12,0,0.2,245,0.0,0.0,0.0,2.6,187,3,0,1.5,14.6,2023-12-27T20:15:00Z,90,13,0,0,0,0,19,0,322568,1,3,1,0.0,0,22954,29297,6343,41,True,1,2023-24,19,4.1,,,,,,,,,,,,,DEF,jarrad branthwaite,1,60.0,72.0,2.0,4.2,0.1199999999999992,0.0239999999999997,0.0960000000000001,0.6,0.0,64.8,0.8099999999999999,3.24,2.3246999999999995,5.9999999999999964,4.94,0,0,0
Jarrod Bowen,MID,West Ham,5.0,1,0,14,1,11.3,526,0.55,0.55,0.0,2.68,181,0,0,3.5,19.4,2023-12-28T20:15:00Z,90,1,0,0,0,0,19,0,2435153,1,2,0,4.0,6,118480,161448,42968,78,False,0,2023-24,19,7.8,,,,,,,,,,,,,MID,jarrod bowen,1,89.0,89.4,6.0,5.4,0.6059999999999992,0.5359999999999997,0.0700000000000001,0.4,0.0,89.16,1.0,7.920000000000001,5.46,6.029999999999996,6.27,1,0,1
Jordan Pickford,GK,Everton,4.7,0,0,17,0,0.0,263,0.01,0.01,0.0,2.6,187,3,0,4.5,44.8,2023-12-27T20:15:00Z,90,13,0,0,0,0,19,6,946168,1,3,1,0.0,2,21977,39634,17657,44,True,1,2023-24,19,4.4,,,,,,,,,,,,,GK,jordan pickford,1,90.0,90.0,6.0,6.4,0.0179999999999993,0.0,0.0180000000000001,0.8,3.0,90.0,1.0,6.5600000000000005,3.08,6.289999999999997,5.59,1,0,0
Marcos Senesi,DEF,Bournemouth,8.0,0,0,24,1,1.1,83,0.02,0.02,0.0,0.28,182,0,0,2.7,24.0,2023-12-26T15:00:00Z,90,10,0,0,0,0,19,0,523632,1,0,3,2.0,6,106627,115268,8641,45,True,0,2023-24,19,4.5,,,,,,,,,,,,,DEF,marcos senesi,1,90.0,90.0,11.333333333333334,7.2,0.2399999999999991,0.1439999999999999,0.096,0.4,0.0,90.0,1.0,10.866666666666667,3.15,5.799999999999995,5.02,1,0,0
Miguel Almirón Rejala,MID,Newcastle,3.7,0,0,12,0,28.2,402,0.22,0.28,0.06,2.45,189,2,0,5.5,9.4,2023-12-26T12:30:00Z,54,16,0,0,0,0,19,0,496322,1,3,1,17.0,1,3817,21197,17380,62,True,0,2023-24,19,6.2,,,,,,,,,,,,,MID,miguel almirón rejala,1,77.66666666666667,82.6,4.333333333333333,3.6,0.5399999999999993,0.4899999999999999,0.05,0.4,0.0,79.64,0.9955,5.946666666666667,4.32047,5.699999999999996,5.39,1,0,0
Mohamed Salah,MID,Liverpool,6.7,0,0,7,1,5.1,308,0.15,0.42,0.27,0.76,185,0,0,5.7,6.0,2023-12-26T17:30:00Z,90,6,0,0,0,0,19,0,5803609,1,2,0,46.0,3,128537,146293,17756,133,False,0,2023-24,19,13.3,,,,,,,,,,,,,MID,mohamed salah,1,90.0,85.2,7.666666666666667,6.2,0.6159999999999991,0.4199999999999999,0.196,0.4,0.0,88.08000000000001,1.0,11.453333333333331,9.31,6.079999999999996,6.13,1,0,0
Pascal Groß,MID,Brighton,4.8,0,0,25,0,45.7,134,0.33,0.33,0.0,2.48,184,2,0,8.2,36.2,2023-12-28T19:30:00Z,90,18,0,0,0,0,19,0,365422,1,2,4,0.0,2,27146,42926,15780,64,True,0,2023-24,19,6.4,,,,,,,,,,,,,MID,pascal groß,1,90.0,78.6,5.0,5.4,0.6479999999999988,0.2739999999999998,0.3739999999999999,0.0,0.0,85.44,1.0,6.5600000000000005,4.48,6.239999999999994,5.41,1,0,0
Pedro Porro,DEF,Spurs,4.2,1,2,28,0,48.4,506,0.54,0.65,0.11,3.7,184,4,0,9.6,40.6,2023-12-28T19:30:00Z,90,5,0,0,0,0,19,0,2626444,1,2,4,7.0,5,154549,179849,25300,56,False,0,2023-24,19,5.6,,,,,,,,,,,,,DEF,pedro porro,1,90.0,90.0,5.0,4.0,0.4119999999999987,0.1719999999999998,0.2399999999999999,0.2,0.0,90.0,1.0,6.24,3.92,5.859999999999993,5.33,1,0,0
Scott McTominay,MID,Man Utd,4.5,0,0,5,0,0.2,392,0.0,0.0,0.0,0.0,188,0,0,0.5,5.0,2023-12-26T20:00:00Z,9,2,0,0,0,0,19,0,229884,0,2,3,0.0,1,-9088,16226,25314,49,True,0,2023-24,19,4.9,,,,,,,,,,,,,MID,scott mctominay,1,90.0,90.0,2.333333333333333,4.6,0.5399999999999991,0.512,0.03,0.2,0.0,90.0,1.0,3.826666666666667,3.43,5.699999999999996,5.68,1,0,0
Trent Alexander-Arnold,DEF,Liverpool,9.5,0,3,36,1,59.2,290,0.4,0.41,0.01,0.76,185,0,0,8.8,27.8,2023-12-26T17:30:00Z,90,6,0,0,0,0,19,0,2295957,1,2,0,1.0,8,420770,431501,10731,83,False,1,2023-24,19,8.3,,,,,,,,,,,,,DEF,trent alexander-arnold,1,90.0,90.0,6.0,8.6,0.5079999999999991,0.178,0.3299999999999999,0.4,0.0,90.0,1.0,8.120000000000001,5.8100000000000005,7.139999999999995,6.26,1,0,0
Alisson Ramses Becker,GK,Liverpool,4.5,0,0,16,0,0.0,291,0.0,0.0,0.0,1.28,9,1,0,2.6,26.2,2023-08-13T15:30:00Z,90,7,0,0,0,0,1,4,716489,1,1,1,0.0,3,0,0,0,55,False,0,2023-24,1,5.5,,,,,,,,,,,,,GK,alisson ramses becker,1,60.0,72.0,3.6666666666666665,5.2,0.0019999999999998,0.0,0.002,0.6,2.2,64.8,0.8099999999999999,5.133333333333334,3.1185,5.409999999999999,5.56,1,0,0
Ben Mee,DEF,Brentford,2.3,0,0,0,0,0.0,109,0.0,0.0,0.0,0.0,8,0,0,0.0,0.0,2023-08-13T13:00:00Z,0,18,0,0,0,0,1,0,570488,0,2,2,0.0,0,0,0,0,50,True,0,2023-24,1,5.0,,,,,,,,,,,,,DEF,ben mee,1,90.0,90.0,6.333333333333333,4.6,0.2159999999999997,0.19,0.0260000000000002,0.4,0.0,90.0,1.0,7.066666666666666,3.5,5.679999999999998,5.08,1,0,0
Bruno Borges Fernandes,MID,Man Utd,3.4,0,0,13,1,42.6,373,0.73,0.76,0.03,2.27,10,0,0,7.8,29.4,2023-08-14T19:00:00Z,90,20,0,0,0,0,1,0,2249613,1,0,1,6.0,3,0,0,0,85,True,0,2023-24,1,8.5,,,,,,,,,,,,,MID,bruno borges fernandes,1,86.0,87.6,7.0,5.8,0.8119999999999996,0.4759999999999998,0.3360000000000002,0.6,0.0,86.64,1.0,9.0,5.949999999999999,7.059999999999998,6.92,1,0,1
Bruno Cavaco Jordão,MID,Wolves,0.5,0,0,0,0,0.0,561,0.0,0.0,0.0,0.0,10,0,0,0.0,0.0,2023-08-14T19:00:00Z,0,14,0,0,0,0,1,0,18477,0,0,1,0.0,0,0,0,0,45,False,0,2023-24,1,4.5,,,,,,,,,,,,,MID,bruno cavaco jordão,1,90.0,90.0,6.0,5.5,0.7174999999999996,0.0849999999999999,0.6325000000000003,0.25,0.0,90.0,1.0,6.6000000000000005,3.15,6.587499999999998,5.33,1,0,0
Bénie Traoré,FWD,Sheffield Utd,1.4,0,0,1,0,0.0,593,0.08,0.08,0.0,2.01,7,1,0,0.0,0.0,2023-08-12T14:00:00Z,86,8,0,0,0,0,1,0,5860,1,1,0,0.0,2,0,0,0,55,True,0,2023-24,1,5.5,,,,,,,,,,,,,FWD,bénie traoré,1,84.5,55.75,6.0,6.0,0.4974999999999996,0.1449999999999998,0.3525000000000002,0.5,0.0,73.0,0.9125,7.000000000000001,3.513125,5.487499999999998,3.73,0,0,0
David Raya Martin,GK,Brentford,3.2,0,0,0,0,0.0,113,0.0,0.0,0.0,0.0,8,0,0,0.0,0.0,2023-08-13T13:00:00Z,0,18,0,0,0,0,1,0,458701,0,2,2,0.0,0,0,0,0,50,True,0,2023-24,1,5.0,,,,,,,,,,,,,GK,david raya martin,1,90.0,90.0,5.666666666666667,4.4,0.0039999999999996,0.0,0.004,0.4,3.6,90.0,1.0,6.533333333333334,3.5,4.619999999999998,4.91,0,0,0
Dwight McNeil,MID,Everton,0.0,0,0,0,0,0.0,259,0.0,0.0,0.0,0.0,5,0,0,0.0,0.0,2023-08-12T14:00:00Z,0,10,0,0,0,0,1,0,9121,0,1,0,0.0,0,0,0,0,55,True,0,2023-24,1,5.5,,,,,,,,,,,,,MID,dwight mcneil,1,90.0,90.0,2.333333333333333,6.0,0.6579999999999996,0.356,0.3020000000000001,0.2,0.0,90.0,1.0,4.066666666666667,3.85,6.289999999999997,5.84,1,0,0
Eberechi Eze,MID,Crystal Palace,2.8,0,0,21,1,96.2,226,0.58,1.09,0.51,0.49,7,0,0,14.5,13.4,2023-08-12T14:00:00Z,90,17,0,0,0,0,1,0,1431792,1,1,0,35.0,3,0,0,0,65,False,0,2023-24,1,6.5,,,,,,,,,,,,,MID,eberechi eze,1,90.0,90.0,7.666666666666667,6.8,0.6259999999999997,0.5139999999999999,0.1120000000000001,0.2,0.0,90.0,1.0,8.733333333333334,4.55,6.129999999999998,6.12,1,0,0
Harry Kane,FWD,Spurs,3.6,0,0,0,0,0.0,500,0.0,0.0,0.0,0.0,8,0,0,0.0,0.0,2023-08-13T13:00:00Z,0,4,0,0,0,0,1,0,373035,0,2,2,0.0,0,0,0,0,125,False,0,2023-24,1,12.5,,,,,,,,,,,,,FWD,harry kane,1,90.0,90.0,10.0,9.2,0.7119999999999994,0.5319999999999997,0.1800000000000002,0.2,0.0,90.0,1.0,13.0,8.75,6.559999999999997,5.94,1,0,0
Igor Julio dos Santos de Paulo,DEF,Brighton,2.5,0,0,0,0,0.0,606,0.0,0.0,0.0,0.0,4,0,0,0.0,0.0,2023-08-12T14:00:00Z,0,12,0,0,0,0,1,0,11676,0,1,4,0.0,0,0,0,0,45,True,0,2023-24,1,4.5,,,,,,,,,,,,,DEF,igor julio dos santos de paulo,1,82.5,69.0,1.5,5.5,0.3374999999999991,0.3199999999999995,0.0175000000000001,0.25,0.0,77.1,0.96375,3.0,3.0358125,5.687499999999996,4.93,0,0,0
Jordan Beyer,DEF,Burnley,-0.5,0,0,18,0,0.0,160,0.0,0.0,0.0,1.01,1,2,0,0.0,0.0,2023-08-11T19:00:00Z,73,13,0,0,0,0,1,0,404404,1,3,0,0.0,1,0,0,0,40,True,0,2023-24,1,4.0,,,,,,,,,,,,,DEF,jordan beyer,1,61.5,59.25,2.5,3.5,0.1324999999999992,0.0749999999999997,0.0575000000000001,0.5,0.0,60.6,0.7575000000000001,3.6,2.121,5.662499999999996,4.56,0,0,0
Mohamed Salah,MID,Liverpool,4.5,1,0,15,0,20.2,308,0.31,0.59,0.28,1.28,9,1,0,4.9,16.6,2023-08-13T15:30:00Z,76,7,0,0,0,0,1,0,2243674,1,1,1,12.0,5,0,0,0,125,False,0,2023-24,1,12.5,,,,,,,,,,,,,MID,mohamed salah,1,89.0,88.0,7.333333333333333,8.6,1.0999999999999992,0.826,0.274,0.6,0.0,88.6,1.0,10.866666666666667,8.75,8.499999999999996,9.11,1,1,0
Ollie Watkins,FWD,Aston Villa,2.1,1,0,18,0,23.4,60,0.1,0.33,0.23,3.44,6,5,0,8.5,32.2,2023-08-12T16:30:00Z,90,15,0,0,0,0,1,0,2116959,1,1,5,29.0,5,0,0,0,80,False,0,2023-24,1,8.0,,,,,,,,,,,,,FWD,ollie watkins,1,88.66666666666667,89.2,4.333333333333333,3.2,0.6159999999999989,0.5539999999999999,0.0619999999999999,0.2,0.0,88.88,1.0,6.666666666666667,5.6,6.079999999999995,5.46,1,0,0
Olu Aina,DEF,Nott'm Forest,1.5,0,0,9,0,0.0,604,0.0,0.02,0.02,0.38,2,2,0,0.0,0.0,2023-08-12T12:00:00Z,71,1,0,0,0,0,1,0,9138,1,1,2,0.0,0,0,0,0,45,False,1,2023-24,1,4.5,,,,,,,,,,,,,DEF,olu aina,1,90.0,72.25,12.0,6.75,0.5299999999999985,0.5174999999999998,0.0124999999999999,0.0,0.0,82.9,1.0,11.400000000000002,3.15,5.649999999999992,6.34,1,0,0
Trent Alexander-Arnold,DEF,Liverpool,4.5,0,0,7,0,9.1,290,0.02,0.02,0.0,1.28,9,1,0,2.3,13.6,2023-08-13T15:30:00Z,90,7,0,0,0,0,1,0,1514140,1,1,1,0.0,1,0,0,0,80,False,1,2023-24,1,8.0,,,,,,,,,,,,,DEF,trent alexander-arnold,1,90.0,90.0,6.0,6.4,0.4039999999999991,0.112,0.292,0.6,0.0,90.0,1.0,8.0,5.6,7.419999999999996,6.83,1,0,0
Alejandro Garnacho,MID,Man Utd,5.3,1,0,8,0,24.7,382,0.08,0.23,0.15,0.74,197,2,0,6.9,21.4,2023-12-30T17:30:00Z,90,16,0,0,0,0,20,0,499170,1,1,2,23.0,4,224059,234923,10864,48,False,1,2023-24,20,4.8,,,,,,,,,,,,,MID,alejandro garnacho,1,81.33333333333333,82.4,6.333333333333333,5.0,0.5279999999999998,0.44,0.088,0.2,0.0,81.75999999999999,1.0,6.986666666666666,3.36,5.639999999999999,5.12,0,0,0
Dominic Solanke,FWD,Bournemouth,6.8,0,0,-4,0,0.7,85,0.0,0.84,0.84,2.33,198,3,0,8.3,1.2,2023-12-31T14:00:00Z,90,18,0,0,0,0,20,0,2878079,1,1,3,81.0,2,179523,277174,97651,71,False,0,2023-24,20,7.1,,,,,,,,,,,,,FWD,dominic solanke,1,90.0,89.4,10.0,7.6,0.8399999999999996,0.8059999999999998,0.0340000000000001,0.6,0.0,89.76,1.0,10.84,4.97,7.199999999999998,6.84,1,0,1
Ezri Konsa Ngoyo,DEF,Aston Villa,3.3,0,0,16,0,14.3,48,0.29,0.29,0.0,0.98,191,2,0,3.4,13.2,2023-12-30T15:00:00Z,90,6,0,0,0,0,20,0,348013,1,2,3,6.0,0,37145,51466,14321,46,True,1,2023-24,20,4.6,,,,,,,,,,,,,DEF,ezri konsa ngoyo,1,90.0,85.0,1.0,3.4,0.2459999999999996,0.2079999999999997,0.0380000000000001,0.4,0.0,88.0,1.0,2.64,3.22,5.829999999999998,5.23,0,0,0
Jarrod Bowen,MID,West Ham,5.7,0,0,10,1,25.7,526,0.12,0.12,0.0,2.48,199,0,0,5.1,13.6,2024-01-02T19:30:00Z,90,5,0,0,0,0,20,0,2789501,1,0,0,12.0,3,337703,363878,26175,79,True,0,2023-24,20,7.9,,,,,,,,,,,,,MID,jarrod bowen,1,89.0,89.4,7.333333333333333,6.2,0.6299999999999992,0.4579999999999996,0.1720000000000001,0.6,0.0,89.16,1.0,9.026666666666667,5.53,6.149999999999996,6.25,1,0,0
Jordan Pickford,GK,Everton,4.8,0,0,17,0,0.0,263,0.0,0.0,0.0,2.06,200,3,0,3.5,34.8,2023-12-30T15:00:00Z,90,20,0,0,0,0,20,4,989109,1,0,3,0.0,2,37591,61419,23828,44,False,0,2023-24,20,4.4,,,,,,,,,,,,,GK,jordan pickford,1,90.0,90.0,3.333333333333333,5.4,0.0179999999999993,0.0,0.0180000000000001,0.6,3.8,90.0,1.0,4.426666666666668,3.08,5.489999999999997,5.85,1,0,0
João Pedro Junqueira de Jesus,FWD,Brighton,4.2,0,0,9,1,28.7,135,0.42,0.69,0.27,0.68,199,0,0,7.5,12.0,2024-01-02T19:30:00Z,90,19,0,0,0,0,20,0,1130195,1,0,0,34.0,2,86755,128955,42200,54,False,0,2023-24,20,5.4,,,,,,,,,,,,,FWD,joão pedro junqueira de jesus,1,70.0,73.6,6.333333333333333,4.6,0.7619999999999993,0.6359999999999998,0.126,0.0,0.0,71.44,0.893,7.226666666666667,3.37554,6.809999999999997,5.2,0,0,0
Julián Álvarez,FWD,Man City,6.3,0,1,33,1,10.2,343,0.06,1.25,1.19,0.33,196,0,1,8.6,28.0,2023-12-30T15:00:00Z,90,17,0,0,0,0,20,0,3645671,1,0,2,48.0,7,665210,713951,48741,69,True,0,2023-24,20,6.9,,,,,,,,,,,,,FWD,julián álvarez,1,90.0,84.6,5.0,4.4,0.7539999999999993,0.3639999999999997,0.39,0.2,0.0,87.84,1.0,6.76,4.83,6.769999999999997,5.51,1,0,0
Marcos Senesi,DEF,Bournemouth,8.0,0,0,10,0,18.8,83,0.26,0.28,0.02,2.33,198,3,0,4.5,19.8,2023-12-31T14:00:00Z,90,18,0,0,0,0,20,0,576695,1,1,3,6.0,0,53671,81793,28122,45,False,1,2023-24,20,4.5,,,,,,,,,,,,,DEF,marcos senesi,1,90.0,90.0,8.666666666666666,8.0,0.2399999999999991,0.1439999999999999,0.096,0.6,0.0,90.0,1.0,8.733333333333334,3.15,6.599999999999996,6.04,1,0,0
Michael Olise,MID,Crystal Palace,7.0,0,3,55,0,44.6,236,0.38,0.88,0.5,1.4,192,1,2,21.8,90.0,2023-12-30T15:00:00Z,90,4,0,0,0,0,20,0,114078,1,1,3,83.0,15,56324,60677,4353,58,True,0,2023-24,20,5.8,,,,,,,,,,,,,MID,michael olise,1,90.0,76.4,8.0,5.4,0.6439999999999991,0.3779999999999999,0.266,0.0,0.0,84.56,1.0,8.72,4.06,6.219999999999995,5.61,1,0,0
Mohamed Salah,MID,Liverpool,7.5,1,3,52,0,49.2,308,1.17,3.88,2.71,0.59,194,2,2,27.0,98.4,2024-01-01T20:00:00Z,90,15,0,1,0,0,20,0,5834415,1,2,4,122.0,16,21922,129282,107360,133,True,0,2023-24,20,13.3,,,,,,,,,,,,,MID,mohamed salah,1,90.0,85.2,4.333333333333333,5.8,0.493999999999999,0.3199999999999999,0.174,0.6,0.0,88.08000000000001,1.0,8.786666666666667,9.31,5.469999999999995,5.88,1,0,0
Norberto Murara Neto,GK,Bournemouth,5.4,0,0,14,0,0.0,77,0.0,0.0,0.0,2.33,198,3,0,2.2,22.4,2023-12-31T14:00:00Z,90,18,0,0,0,0,20,3,364578,1,1,3,0.0,2,11840,31698,19858,46,False,0,2023-24,20,4.6,,,,,,,,,,,,,GK,norberto murara neto,1,90.0,90.0,5.666666666666667,5.2,0.0,0.0,0.0,0.6,2.4,90.0,1.0,6.373333333333334,3.22,5.4,5.35,0,0,0
Pedro Porro,DEF,Spurs,4.5,0,0,15,0,15.7,506,0.1,0.13,0.03,1.6,198,1,0,6.0,34.0,2023-12-31T14:00:00Z,90,3,0,0,0,0,20,0,2844708,1,1,3,10.0,2,205930,237576,31646,57,True,0,2023-24,20,5.7,,,,,,,,,,,,,DEF,pedro porro,1,90.0,90.0,5.0,5.0,0.5199999999999989,0.1819999999999998,0.3379999999999999,0.2,0.0,90.0,1.0,6.28,3.99,6.399999999999994,5.82,1,0,0
Son Heung-min,MID,Spurs,7.0,0,2,31,0,32.0,516,0.38,0.57,0.19,1.6,198,1,1,13.1,45.4,2023-12-31T14:00:00Z,90,3,0,0,0,0,20,0,4746719,1,1,3,54.0,9,68771,168417,99646,99,True,0,2023-24,20,9.9,,,,,,,,,,,,,MID,son heung-min,1,89.0,88.8,4.666666666666667,6.6,0.629999999999999,0.404,0.2259999999999999,0.4,0.0,88.92,1.0,7.693333333333334,6.93,6.149999999999995,5.9,1,0,0
Trent Alexander-Arnold,DEF,Liverpool,6.3,0,0,10,0,33.3,290,0.23,0.76,0.53,0.59,194,2,0,5.6,15.6,2024-01-01T20:00:00Z,90,15,0,0,0,0,20,0,2671210,1,2,4,7.0,0,364556,387897,23341,84,True,1,2023-24,20,8.4,,,,,,,,,,,,,DEF,trent alexander-arnold,1,90.0,90.0,7.333333333333333,7.6,0.4839999999999991,0.134,0.35,0.6,0.0,90.0,1.0,9.226666666666668,5.88,7.819999999999995,7.2,1,1,0
Virgil van Dijk,DEF,Liverpool,5.3,0,0,15,0,1.3,313,0.01,0.08,0.07,0.59,194,2,0,1.9,10.8,2024-01-01T20:00:00Z,90,15,0,0,0,0,20,0,1185425,1,2,4,7.0,1,62759,87330,24571,62,True,0,2023-24,20,6.2,,,,,,,,,,,,,DEF,virgil van dijk,1,90.0,90.0,5.0,6.2,0.171999999999999,0.1319999999999999,0.04,0.6,0.0,90.0,1.0,6.48,4.34,6.2599999999999945,5.75,1,0,0
Alphonse Areola,GK,West Ham,8.5,0,0,13,0,0.0,524,0.0,0.0,0.0,1.44,210,1,0,2.3,23.4,2024-01-21T14:00:00Z,90,17,0,0,0,0,21,4,3855483,1,2,2,0.0,3,304256,350920,46664,42,False,0,2023-24,21,4.2,,,,,,,,,,,,,GK,alphonse areola,1,90.0,54.0,9.666666666666666,5.8,0.0,0.0,0.0,0.6,3.8,75.6,0.945,9.413333333333334,2.7783,5.4,5.78,1,0,0
Bukayo Saka,MID,Arsenal,4.5,0,0,17,1,56.2,19,0.41,0.51,0.1,0.33,201,0,0,8.4,14.4,2024-01-20T12:30:00Z,90,8,0,0,0,0,21,0,6642816,1,0,5,13.0,3,543310,717662,174352,91,True,0,2023-24,21,9.1,,,,,,,,,,,,,MID,bukayo saka,1,90.0,89.6,3.333333333333333,3.0,0.7559999999999997,0.4479999999999998,0.3080000000000002,0.2,0.0,89.84,1.0,6.306666666666667,6.369999999999999,6.779999999999999,6.48,1,0,0
Dominic Solanke,FWD,Bournemouth,2.8,0,0,5,0,2.3,85,0.0,0.08,0.08,1.22,202,3,0,2.5,1.4,2024-01-21T16:30:00Z,82,11,0,0,0,0,21,0,2887385,1,4,0,21.0,2,3991,300958,296967,71,True,0,2023-24,21,7.1,,,,,,,,,,,,,FWD,dominic solanke,1,90.0,89.4,8.333333333333334,6.8,0.7379999999999997,0.712,0.0260000000000001,0.6,0.0,89.76,1.0,9.506666666666668,4.97,6.689999999999998,6.3,1,0,0
Jarrod Bowen,MID,West Ham,2.1,0,0,0,0,0.8,526,0.01,0.37,0.36,2.23,210,2,0,2.6,0.0,2024-01-21T14:00:00Z,90,17,0,0,0,0,21,0,3006419,1,2,2,30.0,2,229138,825672,596534,81,False,0,2023-24,21,8.1,,,,,,,,,,,,,MID,jarrod bowen,1,89.0,89.4,5.666666666666667,5.4,0.5499999999999992,0.3579999999999996,0.1920000000000001,0.8,0.0,89.16,1.0,7.773333333333334,5.669999999999999,5.749999999999996,5.66,0,0,0
João Pedro Junqueira de Jesus,FWD,Brighton,6.7,0,0,11,1,10.5,135,0.11,0.47,0.36,1.38,204,0,0,8.1,11.6,2024-01-22T19:45:00Z,90,20,0,0,0,0,21,0,1434951,1,0,0,59.0,2,288188,419002,130814,54,True,0,2023-24,21,5.4,,,,,,,,,,,,,FWD,joão pedro junqueira de jesus,1,90.0,78.0,6.666666666666667,4.6,0.7979999999999994,0.5979999999999996,0.2000000000000001,0.2,0.0,85.2,1.0,7.493333333333334,3.78,6.989999999999997,5.93,1,0,0
Julián Álvarez,FWD,Man City,6.2,0,0,15,0,47.3,343,0.16,0.79,0.63,1.23,209,2,0,13.0,18.0,2024-01-13T17:30:00Z,90,15,0,0,0,0,21,0,3828811,1,3,2,65.0,2,161713,444120,282407,70,False,0,2023-24,21,7.0,,,,,,,,,,,,,FWD,julián álvarez,1,90.0,85.4,5.666666666666667,4.8,0.7899999999999994,0.5939999999999996,0.1960000000000001,0.4,0.0,88.16,1.0,7.333333333333334,4.9,6.949999999999997,6.03,1,0,0
Konstantinos Mavropanos,DEF,West Ham,5.8,0,0,6,0,0.1,676,0.0,0.03,0.03,2.23,210,2,0,1.6,12.0,2024-01-21T14:00:00Z,90,17,0,0,0,0,21,0,17392,1,2,2,4.0,1,5279,11053,5774,45,False,0,2023-24,21,4.5,,,,,,,,,,,,,DEF,konstantinos mavropanos,1,90.0,63.0,9.0,5.4,0.0559999999999993,0.0439999999999998,0.012,0.6,0.0,79.2,0.99,9.0,3.1185,5.679999999999996,4.86,0,0,0
Marcos Senesi,DEF,Bournemouth,0.0,0,0,0,0,0.0,83,0.0,0.0,0.0,0.0,202,0,0,0.0,0.0,2024-01-21T16:30:00Z,0,11,0,0,0,0,21,0,349499,0,4,0,0.0,0,-213208,19913,233121,45,True,0,2023-24,21,4.5,,,,,,,,,,,,,DEF,marcos senesi,1,90.0,90.0,3.6666666666666665,8.0,0.2359999999999991,0.1479999999999999,0.088,0.6,0.0,90.0,1.0,4.733333333333333,3.15,6.5799999999999965,6.03,1,0,0
Michael Olise,MID,Crystal Palace,3.8,0,0,0,0,0.0,236,0.0,0.0,0.0,0.0,201,0,0,0.0,0.0,2024-01-20T12:30:00Z,0,1,0,0,0,0,21,0,155184,0,0,5,0.0,0,42078,121079,79001,59,False,0,2023-24,21,5.9,,,,,,,,,,,,,MID,michael olise,1,90.0,76.4,10.0,8.0,0.7479999999999991,0.4499999999999999,0.298,0.0,0.0,84.56,1.0,10.36,4.13,6.739999999999996,6.2,1,0,0
Mohamed Salah,MID,Liverpool,0.0,0,0,0,0,0.0,308,0.0,0.0,0.0,0.0,202,0,0,0.0,0.0,2024-01-21T16:30:00Z,0,3,0,0,0,0,21,0,3063891,0,4,0,0.0,0,-2693401,53878,2747279,132,False,0,2023-24,21,13.2,,,,,,,,,,,,,MID,mohamed salah,1,90.0,90.0,8.666666666666666,8.4,1.181999999999999,0.7899999999999999,0.392,0.4,0.0,90.0,1.0,12.213333333333336,9.239999999999998,8.909999999999995,9.27,1,1,0
Norberto Murara Neto,GK,Bournemouth,3.5,0,0,14,0,0.0,77,0.0,0.0,0.0,1.61,202,4,0,1.8,18.4,2024-01-21T16:30:00Z,90,11,0,0,0,0,21,3,366814,1,4,0,0.0,1,1346,44945,43599,46,True,0,2023-24,21,4.6,,,,,,,,,,,,,GK,norberto murara neto,1,90.0,90.0,4.0,5.4,0.0,0.0,0.0,0.6,2.8,90.0,1.0,5.04,3.22,5.4,5.49,0,0,0
Pedro Porro,DEF,Spurs,4.3,1,2,32,0,77.9,506,0.52,0.56,0.04,0.84,208,2,0,14.1,54.4,2024-01-14T16:30:00Z,90,14,0,0,0,0,21,0,3369613,1,2,2,9.0,6,479625,566617,86992,58,False,0,2023-24,21,5.8,,,,,,,,,,,,,DEF,pedro porro,1,90.0,90.0,3.0,4.4,0.4199999999999989,0.1439999999999998,0.2759999999999999,0.2,0.0,90.0,1.0,4.720000000000001,4.06,5.899999999999994,5.26,1,0,0
Richarlison de Andrade,MID,Spurs,5.7,0,1,27,0,12.8,509,0.01,0.29,0.28,0.84,208,2,1,11.9,44.0,2024-01-14T16:30:00Z,90,14,0,0,0,0,21,0,1167629,1,2,2,62.0,8,546913,662918,116005,69,False,0,2023-24,21,6.9,,,,,,,,,,,,,MID,richarlison de andrade,1,69.0,70.0,5.666666666666667,8.2,0.6959999999999991,0.6379999999999999,0.0579999999999999,0.8,0.0,69.4,0.8675,7.293333333333335,4.190025,6.479999999999995,6.03,1,0,0
Trent Alexander-Arnold,DEF,Liverpool,0.0,0,0,0,0,0.0,290,0.0,0.0,0.0,0.0,202,0,0,0.0,0.0,2024-01-21T16:30:00Z,0,3,0,0,0,0,21,0,2305200,0,4,0,0.0,0,-345338,433571,778909,85,False,0,2023-24,21,8.5,,,,,,,,,,,,,DEF,trent alexander-arnold,1,90.0,90.0,4.333333333333333,5.2,0.551999999999999,0.236,0.316,0.4,0.0,90.0,1.0,6.866666666666667,5.949999999999999,7.359999999999996,6.66,1,0,1
Yerson Mosquera,DEF,Wolves,1.3,0,0,0,0,0.0,788,0.0,0.0,0.0,0.0,204,0,0,0.0,0.0,2024-01-22T19:45:00Z,0,5,0,0,0,0,21,0,0,0,0,0,0.0,0,0,0,0,40,False,0,2023-24,21,4.0,,,,,,,,,,,,,DEF,yerson mosquera,1,90.0,67.5,5.5,3.0,0.3349999999999987,0.305,0.03,0.0,0.0,81.0,1.0,6.0,2.8,4.674999999999994,4.83,0,0,0
Alisson Ramses Becker,GK,Liverpool,4.5,0,0,17,0,0.0,291,0.0,0.0,0.0,0.56,219,1,0,1.4,13.6,2024-01-31T20:15:00Z,90,7,0,0,0,0,22,2,1535321,1,1,4,0.0,2,68926,95197,26271,57,True,0,2023-24,22,5.7,,,,,,,,,,,,,GK,alisson ramses becker,1,90.0,90.0,4.333333333333333,4.2,0.0,0.0,0.0,0.6,1.0,90.0,1.0,5.746666666666667,3.99,5.4,5.37,0,0,0
Alphonse Areola,GK,West Ham,3.0,0,0,13,0,0.0,524,0.0,0.0,0.0,1.17,217,1,0,2.8,27.8,2024-02-01T19:30:00Z,90,3,0,0,0,0,22,3,3898229,1,1,1,0.0,3,48515,83158,34643,42,True,0,2023-24,22,4.2,,,,,,,,,,,,,GK,alphonse areola,1,90.0,72.0,8.0,6.4,0.0,0.0,0.0,0.6,4.6,82.8,1.0,8.08,2.94,5.4,6.04,1,0,0
Bukayo Saka,MID,Arsenal,7.0,0,3,35,0,48.0,19,0.19,0.55,0.36,0.4,215,1,1,14.5,47.2,2024-01-30T19:30:00Z,90,16,0,0,0,0,22,0,6495716,1,2,1,50.0,10,-135212,134323,269535,91,False,0,2023-24,22,9.1,,,,,,,,,,,,,MID,bukayo saka,1,90.0,89.6,4.0,3.2,0.7619999999999997,0.3899999999999999,0.3720000000000002,0.4,0.0,89.84,1.0,6.84,6.369999999999999,6.809999999999999,6.46,1,0,0
Cole Palmer,MID,Chelsea,5.5,0,0,7,0,5.6,362,0.02,0.02,0.0,2.9,219,4,0,1.4,8.8,2024-01-31T20:15:00Z,84,11,0,0,0,0,22,0,4025821,1,1,4,0.0,2,282739,357218,74479,58,False,0,2023-24,22,5.8,,,,,,,,,,,,,MID,cole palmer,1,60.0,72.0,9.333333333333334,8.6,0.8499999999999996,0.4660000000000001,0.3840000000000002,0.4,0.0,64.8,0.8099999999999999,9.786666666666669,3.2885999999999997,7.249999999999998,5.69,1,0,0
Craig Dawson,DEF,Wolves,3.5,1,0,21,0,11.3,551,0.01,0.2,0.19,2.74,218,4,0,9.2,40.2,2024-02-01T20:15:00Z,90,14,0,0,0,0,22,0,96522,1,4,3,40.0,2,4154,11691,7537,45,True,1,2023-24,22,4.5,,,,,,,,,,,,,DEF,craig dawson,1,60.0,67.8,6.333333333333333,5.4,0.1099999999999995,0.11,0.0,0.6,0.0,63.120000000000005,0.789,6.866666666666666,2.48535,5.9499999999999975,5.11,0,0,0
Dominic Solanke,FWD,Bournemouth,5.0,0,2,34,0,22.3,85,0.07,0.59,0.52,1.31,217,1,1,9.4,42.2,2024-02-01T19:30:00Z,90,19,0,0,0,0,22,0,2820938,1,1,1,29.0,8,-82008,126075,208083,71,False,0,2023-24,22,7.1,,,,,,,,,,,,,FWD,dominic solanke,1,87.33333333333333,88.4,3.333333333333333,6.8,0.7239999999999996,0.704,0.0200000000000001,0.4,0.0,87.76,1.0,5.506666666666667,4.97,6.619999999999998,6.15,1,0,0
Gabriel dos Santos Magalhães,DEF,Arsenal,7.5,0,0,12,0,8.9,5,0.04,0.04,0.0,0.4,215,1,0,2.9,19.6,2024-01-30T19:30:00Z,90,16,0,0,0,0,22,0,1931801,1,2,1,0.0,2,19779,84163,64384,50,False,0,2023-24,22,5.0,,,,,,,,,,,,,DEF,gabriel dos santos magalhães,1,86.66666666666667,88.0,6.333333333333333,7.0,0.3079999999999995,0.2719999999999997,0.0360000000000002,0.4,0.0,87.2,1.0,7.066666666666666,3.5,6.139999999999997,5.69,1,0,0
Jan Paul van Hecke,DEF,Brighton,3.5,0,0,17,0,0.6,150,0.01,0.01,0.0,2.89,214,4,0,2.6,23.4,2024-01-30T19:45:00Z,90,12,0,0,0,0,22,0,274444,1,0,4,2.0,0,41133,50480,9347,40,False,0,2023-24,22,4.0,,,,,,,,,,,,,DEF,jan paul van hecke,1,90.0,90.0,5.0,3.6,0.1959999999999992,0.1719999999999997,0.0240000000000001,0.4,0.0,90.0,1.0,5.6,2.8,5.5799999999999965,4.93,0,0,0
João Pedro Junqueira de Jesus,FWD,Brighton,2.5,0,0,6,0,27.5,135,0.16,0.27,0.11,2.5,214,4,0,5.2,15.2,2024-01-30T19:45:00Z,70,12,0,0,0,0,22,0,1526602,1,0,4,9.0,2,93018,167283,74265,55,False,0,2023-24,22,5.5,,,,,,,,,,,,,FWD,joão pedro junqueira de jesus,1,90.0,78.0,6.666666666666667,4.6,0.7679999999999995,0.5859999999999996,0.1820000000000001,0.4,0.0,85.2,1.0,7.533333333333334,3.85,6.839999999999997,5.79,1,0,0
Julián Álvarez,FWD,Man City,8.5,0,3,56,1,3.6,343,0.01,0.94,0.93,0.48,220,0,2,12.0,66.2,2024-01-31T19:30:00Z,86,6,0,0,0,0,22,0,3668726,1,1,3,50.0,13,-153275,163664,316939,70,True,0,2023-24,22,7.0,,,,,,,,,,,,,FWD,julián álvarez,1,90.0,90.0,5.666666666666667,4.8,0.9479999999999992,0.7199999999999996,0.228,0.2,0.0,90.0,1.0,7.333333333333334,4.9,7.739999999999997,6.98,1,1,0
Mohamed Salah,MID,Liverpool,0.0,0,0,0,0,0.0,308,0.0,0.0,0.0,0.0,219,0,0,0.0,0.0,2024-01-31T20:15:00Z,0,7,0,0,0,0,22,0,2350595,0,1,4,0.0,0,-795203,22714,817917,131,True,0,2023-24,22,13.1,,,,,,,,,,,,,MID,mohamed salah,1,60.0,72.0,6.333333333333333,5.8,1.079999999999999,0.724,0.356,0.4,0.0,64.8,0.8099999999999999,10.306666666666668,7.4277,8.399999999999995,6.87,1,0,1
Pascal Groß,MID,Brighton,3.0,0,0,9,0,28.2,134,0.2,0.29,0.09,2.89,214,4,0,5.3,18.8,2024-01-30T19:45:00Z,90,12,0,0,0,0,22,0,680763,1,0,4,6.0,2,-17408,49897,67305,65,False,0,2023-24,22,6.5,,,,,,,,,,,,,MID,pascal groß,1,90.0,90.0,2.6666666666666665,3.2,0.5839999999999987,0.2279999999999997,0.3559999999999998,0.4,0.0,90.0,1.0,4.733333333333333,4.55,5.919999999999994,5.3,0,0,0
Pedro Porro,DEF,Spurs,3.5,0,0,12,0,10.0,506,0.09,0.17,0.08,1.66,216,2,0,3.2,14.8,2024-01-31T19:30:00Z,90,4,0,0,0,0,22,0,3650922,1,2,3,7.0,1,284895,310843,25948,59,True,0,2023-24,22,5.9,,,,,,,,,,,,,DEF,pedro porro,1,90.0,90.0,4.333333333333333,4.6,0.4339999999999988,0.1319999999999998,0.3019999999999999,0.2,0.0,90.0,1.0,5.826666666666667,4.13,5.969999999999994,5.28,1,0,0
Richarlison de Andrade,MID,Spurs,7.5,0,0,22,0,6.3,509,0.02,0.53,0.51,1.66,216,2,1,9.8,41.4,2024-01-31T19:30:00Z,90,4,0,0,0,0,22,0,1365989,1,2,3,50.0,7,208016,254228,46212,70,True,0,2023-24,22,7.0,,,,,,,,,,,,,MID,richarlison de andrade,1,78.33333333333333,73.6,5.666666666666667,6.8,0.6099999999999991,0.5519999999999999,0.0579999999999999,0.6,0.0,76.44,0.9555,7.333333333333334,4.68195,6.049999999999995,5.91,1,0,0
Trent Alexander-Arnold,DEF,Liverpool,1.0,0,0,6,0,14.4,290,0.06,0.06,0.0,0.18,219,1,0,3.0,9.2,2024-01-31T20:15:00Z,22,7,0,0,0,0,22,0,2229944,0,1,4,6.0,1,-103803,138247,242050,85,True,0,2023-24,22,8.5,,,,,,,,,,,,,DEF,trent alexander-arnold,1,60.0,72.0,2.6666666666666665,4.4,0.4679999999999991,0.236,0.232,0.4,0.0,64.8,0.8099999999999999,5.533333333333333,4.819499999999999,6.939999999999996,5.52,1,0,0
Alphonse Areola,GK,West Ham,2.3,0,0,7,0,0.0,524,0.0,0.0,0.0,0.16,228,1,0,0.8,7.8,2024-02-04T14:00:00Z,45,14,0,0,0,0,23,2,3879631,1,0,3,0.0,1,-18218,20575,38793,42,False,0,2023-24,23,4.2,,,,,,,,,,,,,GK,alphonse areola,1,90.0,90.0,5.666666666666667,7.0,0.0,0.0,0.0,0.6,5.2,90.0,1.0,6.213333333333335,2.94,5.4,6.24,1,0,0
Bukayo Saka,MID,Arsenal,7.3,0,2,24,0,2.7,19,0.03,1.21,1.18,0.39,221,1,1,7.9,35.6,2024-02-04T16:30:00Z,78,11,0,0,0,0,23,0,6387538,1,1,3,41.0,9,-109643,48141,157784,90,True,0,2023-24,23,9.0,,,,,,,,,,,,,MID,bukayo saka,1,90.0,90.0,6.666666666666667,4.6,0.6839999999999996,0.4159999999999998,0.2680000000000002,0.2,0.0,90.0,1.0,8.933333333333334,6.3,6.419999999999998,6.1,1,0,0
Cole Palmer,MID,Chelsea,6.7,0,1,25,0,18.3,362,0.16,0.68,0.52,1.93,226,4,1,9.6,35.8,2024-02-04T14:00:00Z,90,20,0,0,0,0,23,0,4124273,1,4,2,42.0,8,97204,147147,49943,58,True,0,2023-24,23,5.8,,,,,,,,,,,,,MID,cole palmer,1,88.0,70.8,10.0,6.2,0.5759999999999995,0.394,0.1820000000000001,0.2,0.0,81.12,1.0,10.32,4.06,5.879999999999997,5.25,1,0,0
Craig Dawson,DEF,Wolves,2.7,0,0,10,0,0.1,551,0.0,0.0,0.0,1.88,226,2,0,2.7,26.6,2024-02-04T14:00:00Z,90,7,0,0,0,0,23,0,93174,1,4,2,0.0,1,-3211,1533,4744,45,False,0,2023-24,23,4.5,,,,,,,,,,,,,DEF,craig dawson,1,90.0,67.8,7.0,5.6,0.1359999999999995,0.134,0.0020000000000001,0.6,0.0,81.12,1.0,7.4,3.15,6.079999999999998,5.46,1,0,0
Darwin Núñez Ribeiro,FWD,Liverpool,3.2,0,0,0,0,0.1,293,0.0,0.02,0.02,1.42,221,2,0,1.0,4.2,2024-02-04T16:30:00Z,32,1,0,0,0,0,23,0,1529389,0,1,3,6.0,0,-171564,40135,211699,75,False,1,2023-24,23,7.5,,,,,,,,,,,,,FWD,darwin núñez ribeiro,1,81.0,69.6,6.0,5.4,1.108,0.8219999999999998,0.2860000000000001,0.4,0.0,76.44,0.9555,7.800000000000001,5.016375,8.54,6.92,1,0,1
James Ward-Prowse,MID,West Ham,7.0,0,0,15,0,54.8,664,0.23,0.5,0.27,0.8,228,3,0,7.4,14.6,2024-02-04T14:00:00Z,90,14,0,0,0,0,23,0,911638,1,0,3,5.0,2,3455,36632,33177,60,False,0,2023-24,23,6.0,,,,,,,,,,,,,MID,james ward-prowse,1,90.0,90.0,7.333333333333333,6.2,0.5079999999999993,0.3499999999999997,0.1580000000000001,0.6,0.0,90.0,1.0,8.266666666666667,4.199999999999999,5.5399999999999965,5.49,1,0,0
Jan Paul van Hecke,DEF,Brighton,2.7,0,0,13,0,2.8,150,0.02,0.02,0.0,0.32,224,1,0,2.2,19.4,2024-02-03T15:00:00Z,90,8,0,0,0,0,23,0,282697,1,1,4,0.0,2,8597,19403,10806,40,True,0,2023-24,23,4.0,,,,,,,,,,,,,DEF,jan paul van hecke,1,90.0,90.0,4.666666666666667,3.4,0.1959999999999992,0.1719999999999997,0.0240000000000001,0.4,0.0,90.0,1.0,5.333333333333334,2.8,5.5799999999999965,4.93,1,0,0
Joe Gomez,DEF,Liverpool,5.3,0,0,3,0,13.0,298,0.01,0.01,0.0,3.48,221,2,0,1.6,3.4,2024-02-04T16:30:00Z,84,1,0,0,0,0,23,0,171152,1,1,3,0.0,0,703,11310,10607,45,False,1,2023-24,23,4.5,,,,,,,,,,,,,DEF,joe gomez,1,82.66666666666667,78.6,5.666666666666667,4.8,0.0679999999999993,0.0179999999999997,0.0500000000000001,0.6,0.0,81.03999999999999,1.0,6.333333333333334,3.15,5.739999999999997,4.83,0,0,0
Jordan Pickford,GK,Everton,7.0,0,0,15,0,0.0,263,0.02,0.02,0.0,0.98,227,2,0,2.6,25.8,2024-02-03T12:30:00Z,90,18,0,0,0,0,23,4,1068404,1,2,2,0.0,2,38952,48296,9344,45,True,0,2023-24,23,4.5,,,,,,,,,,,,,GK,jordan pickford,1,90.0,90.0,7.0,5.0,0.0079999999999993,0.0,0.0080000000000001,0.4,4.6,90.0,1.0,7.4,3.15,4.639999999999997,5.06,0,0,0
João Pedro Junqueira de Jesus,FWD,Brighton,3.0,0,2,38,0,20.2,135,0.07,0.73,0.66,0.28,224,1,1,9.3,45.2,2024-02-03T15:00:00Z,87,8,0,0,0,0,23,0,1276876,1,1,4,28.0,8,-245922,10034,255956,55,True,0,2023-24,23,5.5,,,,,,,,,,,,,FWD,joão pedro junqueira de jesus,1,83.33333333333333,86.0,2.0,4.8,0.7959999999999994,0.5859999999999997,0.2100000000000001,0.4,0.0,84.39999999999999,1.0,3.8,3.85,6.979999999999997,5.86,1,0,0
Julián Álvarez,FWD,Man City,6.7,0,0,8,0,20.1,343,0.05,0.35,0.3,1.02,223,1,0,11.2,23.2,2024-02-05T20:00:00Z,90,4,0,0,0,0,23,0,3514069,1,3,1,69.0,2,-159375,134826,294201,69,False,0,2023-24,23,6.9,,,,,,,,,,,,,FWD,julián álvarez,1,88.66666666666667,89.2,7.333333333333333,6.4,0.9819999999999992,0.8119999999999997,0.17,0.4,0.0,88.88,1.0,8.626666666666667,4.83,7.909999999999997,7.21,1,1,0
Konstantinos Mavropanos,DEF,West Ham,1.0,0,0,0,0,0.0,676,0.0,0.0,0.0,0.0,228,0,0,0.0,0.0,2024-02-04T14:00:00Z,0,14,0,0,0,0,23,0,24090,0,0,3,0.0,0,-2033,287,2320,45,False,0,2023-24,23,4.5,,,,,,,,,,,,,DEF,konstantinos mavropanos,1,90.0,90.0,3.0,6.0,0.0519999999999993,0.0499999999999998,0.002,0.6,0.0,90.0,1.0,4.2,3.15,5.659999999999997,4.91,0,0,0
Martin Ødegaard,MID,Arsenal,2.3,0,0,17,0,39.8,14,0.6,0.82,0.22,0.41,221,1,0,6.8,12.0,2024-02-04T16:30:00Z,90,11,0,0,0,0,23,0,1667091,1,1,3,16.0,2,-129133,6480,135613,85,True,0,2023-24,23,8.5,,,,,,,,,,,,,MID,martin ødegaard,1,90.0,90.0,2.333333333333333,3.4,0.5379999999999991,0.1199999999999999,0.418,0.2,0.0,90.0,1.0,5.266666666666668,5.949999999999999,5.689999999999996,4.99,0,0,0
Max Kilman,DEF,Wolves,4.0,0,0,11,0,0.5,563,0.0,0.0,0.0,1.88,226,2,0,1.7,16.4,2024-02-04T14:00:00Z,90,7,0,0,0,0,23,0,100300,1,4,2,0.0,1,4098,6786,2688,45,False,0,2023-24,23,4.5,,,,,,,,,,,,,DEF,max kilman,1,90.0,90.0,8.0,5.4,0.2219999999999991,0.1979999999999998,0.024,0.4,0.0,90.0,1.0,8.200000000000001,3.15,5.709999999999996,5.14,1,0,0
Richarlison de Andrade,MID,Spurs,10.0,0,3,40,0,23.1,509,0.03,0.78,0.75,2.62,227,2,2,15.5,80.2,2024-02-03T12:30:00Z,90,9,0,0,0,0,23,0,1507130,1,2,2,52.0,15,141946,169180,27234,71,False,0,2023-24,23,7.1,,,,,,,,,,,,,MID,richarlison de andrade,1,87.0,77.4,7.666666666666667,6.4,0.635999999999999,0.5759999999999998,0.0599999999999999,0.4,0.0,83.16,1.0,8.973333333333333,4.97,6.179999999999995,6.17,1,0,0
Alphonse Areola,GK,West Ham,1.3,0,0,13,0,0.0,524,0.0,0.0,0.0,3.66,239,6,0,3.9,39.2,2024-02-11T14:00:00Z,90,1,0,0,0,0,24,6,3839275,1,6,0,0.0,0,-42786,33933,76719,42,True,1,2023-24,24,4.2,,,,,,,,,,,,,GK,alphonse areola,1,75.0,81.0,2.333333333333333,5.6,0.0,0.0,0.0,0.4,5.0,77.4,0.9675,3.546666666666667,2.84445,4.6,5.16,1,0,0
Bukayo Saka,MID,Arsenal,9.7,0,2,50,1,46.8,19,0.47,2.19,1.72,0.08,239,0,2,20.3,77.8,2024-02-11T14:00:00Z,66,19,0,0,0,0,24,0,6323499,1,6,0,78.0,15,-74059,88554,162613,90,False,0,2023-24,24,9.0,,,,,,,,,,,,,MID,bukayo saka,1,86.0,87.6,7.333333333333333,6.2,0.9019999999999998,0.6439999999999999,0.2580000000000002,0.2,0.0,86.64,1.0,9.466666666666669,6.3,7.509999999999999,7.41,1,1,0
Cole Palmer,MID,Chelsea,6.7,2,2,30,0,38.3,362,0.3,0.39,0.09,0.55,232,1,0,10.9,39.4,2024-02-12T20:00:00Z,90,8,0,0,0,0,24,0,4210247,1,3,1,31.0,10,76594,194698,118104,59,False,0,2023-24,24,5.9,,,,,,,,,,,,,MID,cole palmer,1,88.0,70.8,6.666666666666667,7.6,0.6619999999999996,0.486,0.1760000000000001,0.2,0.0,81.12,1.0,7.693333333333334,4.13,6.309999999999998,5.79,1,0,0
Darwin Núñez Ribeiro,FWD,Liverpool,5.3,0,1,25,0,34.4,293,0.44,1.34,0.9,1.33,234,1,1,14.0,43.2,2024-02-10T15:00:00Z,90,6,0,0,0,0,24,0,1756520,1,1,3,62.0,6,220302,334440,114138,75,True,1,2023-24,24,7.5,,,,,,,,,,,,,FWD,darwin núñez ribeiro,1,70.66666666666667,71.6,4.333333333333333,5.2,1.1,0.818,0.2820000000000001,0.4,0.0,71.03999999999999,0.8879999999999999,6.466666666666667,4.661999999999999,8.5,6.53,1,0,0
Gabriel dos Santos Magalhães,DEF,Arsenal,8.0,0,0,38,1,0.2,5,0.01,0.64,0.63,0.21,239,0,1,12.9,62.8,2024-02-11T14:00:00Z,90,19,0,0,0,0,24,0,2027024,1,6,0,66.0,12,65416,102969,37553,50,False,0,2023-24,24,5.0,,,,,,,,,,,,,DEF,gabriel dos santos magalhães,1,86.66666666666667,88.0,6.0,4.0,0.2999999999999995,0.2639999999999997,0.0360000000000002,0.2,0.0,87.2,1.0,6.800000000000001,3.5,5.299999999999997,4.71,0,0,0
James Ward-Prowse,MID,West Ham,5.3,0,0,7,0,2.6,664,0.01,0.01,0.0,3.66,239,6,0,0.9,6.6,2024-02-11T14:00:00Z,90,1,0,0,0,0,24,0,881879,1,6,0,0.0,2,-31841,37726,69567,60,True,0,2023-24,24,6.0,,,,,,,,,,,,,MID,james ward-prowse,1,90.0,90.0,7.0,6.0,0.5659999999999993,0.3919999999999997,0.1740000000000001,0.4,0.0,90.0,1.0,8.0,4.199999999999999,5.8299999999999965,5.65,0,0,0
Jan Paul van Hecke,DEF,Brighton,2.2,0,0,20,0,0.8,150,0.01,0.01,0.0,1.6,238,2,0,3.0,27.2,2024-02-10T15:00:00Z,90,18,0,0,0,0,24,0,303368,1,1,2,2.0,1,20105,34529,14424,40,False,0,2023-24,24,4.0,,,,,,,,,,,,,DEF,jan paul van hecke,1,90.0,90.0,2.6666666666666665,3.4,0.1639999999999992,0.1459999999999997,0.0180000000000001,0.4,0.0,90.0,1.0,3.733333333333333,2.8,5.419999999999996,4.7,0,0,0
Jarrad Branthwaite,DEF,Everton,3.7,0,0,12,0,0.1,245,0.0,0.0,0.0,1.63,236,2,0,2.7,26.4,2024-02-10T12:30:00Z,90,13,0,0,0,0,24,0,455848,1,0,2,0.0,1,78036,91137,13101,41,False,0,2023-24,24,4.1,,,,,,,,,,,,,DEF,jarrad branthwaite,1,90.0,90.0,6.333333333333333,4.0,0.1899999999999992,0.1799999999999997,0.0100000000000001,0.4,0.0,90.0,1.0,6.706666666666666,2.87,5.549999999999995,4.94,1,0,0
Joe Gomez,DEF,Liverpool,4.5,0,0,0,0,0.0,298,0.0,0.0,0.0,0.0,234,0,0,0.0,0.0,2024-02-10T15:00:00Z,0,6,0,0,0,0,24,0,230344,0,1,3,0.0,0,57514,72626,15112,46,True,0,2023-24,24,4.6,,,,,,,,,,,,,DEF,joe gomez,1,80.66666666666667,84.4,5.333333333333333,4.6,0.0579999999999993,0.0059999999999997,0.0520000000000001,0.6,0.0,82.16,1.0,6.1066666666666665,3.22,5.689999999999997,4.75,1,0,0
Jordan Pickford,GK,Everton,3.3,0,0,12,0,0.0,263,0.0,0.0,0.0,1.63,236,2,0,1.2,12.4,2024-02-10T12:30:00Z,90,13,0,0,0,0,24,1,1107669,1,0,2,0.0,1,33806,60602,26796,45,False,0,2023-24,24,4.5,,,,,,,,,,,,,GK,jordan pickford,1,90.0,90.0,7.0,5.0,0.0099999999999993,0.0,0.0100000000000001,0.4,4.6,90.0,1.0,7.4,3.15,4.649999999999997,5.07,0,0,0
João Pedro Junqueira de Jesus,FWD,Brighton,0.0,0,0,0,0,0.0,135,0.0,0.0,0.0,0.0,238,0,0,0.0,0.0,2024-02-10T15:00:00Z,0,18,0,0,0,0,24,0,1091836,0,1,2,0.0,0,-188006,33399,221405,54,False,0,2023-24,24,5.4,,,,,,,,,,,,,FWD,joão pedro junqueira de jesus,1,82.33333333333333,85.4,4.0,6.0,0.8819999999999993,0.7019999999999997,0.1800000000000001,0.4,0.0,83.56,1.0,5.36,3.78,7.409999999999997,6.33,1,0,0
Julián Álvarez,FWD,Man City,6.7,0,0,4,1,47.3,343,0.22,0.27,0.05,0.29,236,0,0,6.5,7.6,2024-02-10T12:30:00Z,76,9,0,0,0,0,24,0,3166145,1,0,2,10.0,2,-350055,81858,431913,68,True,0,2023-24,24,6.8,,,,,,,,,,,,,FWD,julián álvarez,1,88.66666666666667,89.2,5.666666666666667,6.4,1.0059999999999991,0.8499999999999996,0.156,0.4,0.0,88.88,1.0,7.253333333333334,4.76,8.029999999999998,7.37,1,0,1
Max Kilman,DEF,Wolves,3.2,0,0,11,0,14.6,563,0.33,0.48,0.15,1.94,240,2,0,4.1,15.0,2024-02-10T15:00:00Z,90,4,0,0,0,0,24,0,119753,1,2,0,11.0,1,18674,24424,5750,45,True,0,2023-24,24,4.5,,,,,,,,,,,,,DEF,max kilman,1,90.0,90.0,4.0,5.2,0.2219999999999991,0.1979999999999998,0.024,0.4,0.0,90.0,1.0,5.0,3.15,5.709999999999996,5.14,1,0,0
Phil Foden,MID,Man City,10.7,0,0,11,1,17.0,353,0.06,0.26,0.2,0.32,236,0,0,5.9,8.4,2024-02-10T12:30:00Z,90,9,0,0,0,0,24,0,3198837,1,0,2,34.0,3,362096,428526,66430,80,True,0,2023-24,24,8.0,,,,,,,,,,,,,MID,phil foden,1,85.33333333333333,87.2,9.333333333333334,9.6,0.6519999999999989,0.3359999999999998,0.3159999999999999,0.4,0.0,86.08,1.0,10.666666666666668,5.6,6.2599999999999945,5.7,1,0,0
Richarlison de Andrade,MID,Spurs,8.0,0,0,9,0,22.5,509,0.12,0.62,0.5,1.21,238,1,0,7.4,12.2,2024-02-10T15:00:00Z,90,5,0,0,0,0,24,0,1973370,1,1,2,39.0,2,456066,495670,39604,72,True,0,2023-24,24,7.2,,,,,,,,,,,,,MID,richarlison de andrade,1,90.0,83.0,10.0,7.8,0.7159999999999991,0.6499999999999999,0.0659999999999999,0.2,0.0,87.2,1.0,10.88,5.04,6.579999999999996,6.76,1,0,0
Ben Mee,DEF,Brentford,2.1,0,0,10,0,0.5,109,0.0,0.0,0.0,2.46,176,1,0,2.2,19.2,2024-02-20T19:30:00Z,90,13,0,0,0,0,25,0,215586,1,0,1,2.0,1,27364,35423,8059,48,False,1,2023-24,25,4.8,,,,,,,,,,,,,DEF,ben mee,1,90.0,90.0,2.333333333333333,3.0,0.2719999999999997,0.222,0.0500000000000002,0.2,0.0,90.0,1.0,3.786666666666667,3.36,5.159999999999998,4.51,0,0,0
Bukayo Saka,MID,Arsenal,12.7,0,3,45,1,3.9,19,0.24,1.1,0.86,0.11,242,0,2,11.7,68.8,2024-02-17T15:00:00Z,68,6,0,0,0,0,25,0,6237221,1,5,0,44.0,15,-13121,163918,177039,90,False,1,2023-24,25,9.0,,,,,,,,,,,,,MID,bukayo saka,1,78.0,82.8,11.333333333333334,8.8,1.11,0.8719999999999999,0.2380000000000002,0.4,0.0,79.91999999999999,0.999,12.666666666666668,6.293699999999999,8.549999999999999,8.4,1,1,0
Cole Palmer,MID,Chelsea,4.5,0,0,3,1,5.1,362,0.24,0.24,0.0,2.13,246,0,0,1.1,6.2,2024-02-17T17:30:00Z,70,13,0,0,0,0,25,0,3812779,1,1,1,0.0,2,-264388,119796,384184,58,False,1,2023-24,25,5.8,,,,,,,,,,,,,MID,cole palmer,1,88.0,88.8,6.666666666666667,9.6,0.7399999999999995,0.5040000000000001,0.2360000000000001,0.2,0.0,88.32,1.0,7.653333333333334,4.06,6.6999999999999975,6.49,1,0,0
Darwin Núñez Ribeiro,FWD,Liverpool,6.7,0,0,26,0,4.8,293,0.01,0.62,0.61,0.39,241,0,1,6.0,32.6,2024-02-17T12:30:00Z,45,4,0,0,0,0,25,0,2438927,1,4,1,23.0,5,548709,607481,58772,76,False,0,2023-24,25,7.6,,,,,,,,,,,,,FWD,darwin núñez ribeiro,1,70.66666666666667,73.0,2.6666666666666665,4.8,1.3299999999999996,0.98,0.3500000000000001,0.2,0.0,71.6,0.8949999999999999,5.173333333333334,4.761399999999999,9.65,7.54,1,0,1
Emiliano Martínez Romero,GK,Aston Villa,3.5,0,0,20,0,0.0,49,0.0,0.0,0.0,1.4,244,1,0,2.9,29.2,2024-02-17T15:00:00Z,90,10,0,0,0,0,25,3,1319018,1,2,1,0.0,3,-4637,46352,50989,52,False,0,2023-24,25,5.2,,,,,,,,,,,,,GK,emiliano martínez romero,1,90.0,90.0,3.6666666666666665,4.2,0.0,0.0,0.0,0.4,3.0,90.0,1.0,5.013333333333334,3.64,4.6,4.8,1,0,0
Erling Haaland,FWD,Man City,13.6,0,2,31,1,3.8,355,0.21,1.07,0.86,0.34,176,0,1,10.6,40.4,2024-02-20T19:30:00Z,90,4,0,0,0,0,25,0,8055059,1,0,1,62.0,8,781398,799056,17658,144,True,0,2023-24,25,14.4,,,,,,,,,,,,,FWD,erling haaland,1,88.33333333333333,56.8,6.666666666666667,4.2,0.7059999999999997,0.6659999999999998,0.0400000000000001,0.2,0.0,75.72,0.9465,11.093333333333334,9.54072,6.529999999999999,6.15,1,0,0
Gabriel dos Santos Magalhães,DEF,Arsenal,5.3,0,0,31,1,0.8,5,0.01,0.03,0.02,0.26,242,0,0,4.6,26.2,2024-02-17T15:00:00Z,90,6,0,0,0,0,25,0,2429400,1,5,0,19.0,6,349019,372017,22998,51,False,0,2023-24,25,5.1,,,,,,,,,,,,,DEF,gabriel dos santos magalhães,1,90.0,88.0,4.333333333333333,6.2,0.3699999999999995,0.3519999999999997,0.0180000000000002,0.4,0.0,89.2,1.0,5.506666666666667,3.5699999999999994,6.4499999999999975,6.29,1,0,0
James Tarkowski,DEF,Everton,2.5,0,0,15,0,5.7,265,0.04,0.42,0.38,0.62,243,1,0,7.0,40.6,2024-02-19T20:00:00Z,90,8,0,0,0,0,25,0,586790,1,1,1,24.0,2,-6917,26949,33866,46,True,0,2023-24,25,4.6,,,,,,,,,,,,,DEF,james tarkowski,1,90.0,90.0,2.6666666666666665,2.6,0.1999999999999992,0.0659999999999997,0.134,0.4,0.0,90.0,1.0,3.973333333333333,3.22,5.599999999999996,4.57,0,0,0
Jarrad Branthwaite,DEF,Everton,4.0,0,0,16,0,1.1,245,0.01,0.01,0.0,0.62,243,1,0,2.1,17.6,2024-02-19T20:00:00Z,90,8,0,0,0,0,25,0,556806,1,1,1,2.0,2,86996,106276,19280,42,True,0,2023-24,25,4.2,,,,,,,,,,,,,DEF,jarrad branthwaite,1,90.0,90.0,4.666666666666667,4.2,0.1899999999999992,0.1799999999999997,0.0100000000000001,0.4,0.0,90.0,1.0,5.413333333333334,2.94,5.549999999999996,4.94,1,0,0
Jordan Pickford,GK,Everton,4.0,0,1,17,0,3.1,263,0.03,0.03,0.0,0.62,243,1,0,2.7,23.4,2024-02-19T20:00:00Z,90,8,0,0,0,0,25,2,1205818,1,1,1,0.0,3,80691,110323,29632,45,True,0,2023-24,25,4.5,,,,,,,,,,,,,GK,jordan pickford,1,90.0,90.0,4.333333333333333,4.8,0.0079999999999993,0.0,0.0080000000000001,0.4,3.6,90.0,1.0,5.266666666666667,3.15,4.639999999999997,4.72,0,0,0
Max Kilman,DEF,Wolves,2.5,0,0,12,0,0.6,563,0.01,0.01,0.0,1.71,250,1,0,1.8,15.2,2024-02-17T15:00:00Z,90,18,0,0,0,0,25,0,119740,1,2,1,2.0,2,1837,11044,9207,45,False,0,2023-24,25,4.5,,,,,,,,,,,,,DEF,max kilman,1,90.0,90.0,2.6666666666666665,5.2,0.3019999999999991,0.2279999999999998,0.074,0.4,0.0,90.0,1.0,3.9333333333333336,3.15,6.109999999999996,5.58,1,0,0
Ollie Watkins,FWD,Aston Villa,10.0,0,3,59,0,14.8,60,0.25,1.18,0.93,1.4,244,1,2,13.3,70.4,2024-02-17T15:00:00Z,90,10,0,0,0,0,25,0,4978551,1,2,1,48.0,13,-479038,81725,560763,87,False,0,2023-24,25,8.7,,,,,,,,,,,,,FWD,ollie watkins,1,90.0,90.0,9.0,7.2,0.7619999999999989,0.534,0.2279999999999999,0.4,0.0,90.0,1.0,10.68,6.089999999999999,6.809999999999994,5.9,1,0,0
Pascal Groß,MID,Brighton,8.3,1,2,39,1,132.8,134,0.79,1.69,0.9,0.58,249,0,0,19.1,47.4,2024-02-18T14:00:00Z,90,17,0,0,0,0,25,0,623741,1,5,0,11.0,8,63586,99183,35597,64,False,0,2023-24,25,6.4,,,,,,,,,,,,,MID,pascal groß,1,90.0,90.0,7.666666666666667,5.8,0.6179999999999988,0.3199999999999998,0.2979999999999999,0.4,0.0,90.0,1.0,8.693333333333335,4.48,6.089999999999994,5.68,0,0,0
Phil Foden,MID,Man City,15.6,0,0,17,0,38.3,353,0.35,0.55,0.2,1.58,246,1,0,8.4,17.8,2024-02-17T17:30:00Z,90,7,0,0,0,0,25,0,3521026,1,1,1,28.0,2,241216,356106,114890,80,True,0,2023-24,25,8.0,,,,,,,,,,,,,MID,phil foden,1,85.33333333333333,87.2,9.666666666666666,8.6,0.6219999999999989,0.3019999999999999,0.3199999999999999,0.6,0.0,86.08,1.0,10.933333333333334,5.6,6.109999999999994,5.7,1,0,0
Richarlison de Andrade,MID,Spurs,6.5,0,0,2,0,0.8,509,0.02,0.45,0.43,1.24,250,2,0,2.5,0.0,2024-02-17T15:00:00Z,70,20,0,0,0,0,25,0,1655106,1,2,1,28.0,2,-248371,74819,323190,72,True,0,2023-24,25,7.2,,,,,,,,,,,,,MID,richarlison de andrade,1,90.0,88.2,8.0,8.0,0.7219999999999991,0.6839999999999999,0.0379999999999999,0.2,0.0,89.28,1.0,9.28,5.04,6.609999999999996,7.1,1,0,0
Alejandro Garnacho,MID,Man Utd,0.0,0,0,8,0,34.3,382,0.07,0.2,0.13,1.11,258,2,0,8.4,18.2,2024-02-24T15:00:00Z,90,10,0,0,0,0,26,0,1226299,1,2,1,31.0,2,273894,301676,27782,50,True,0,2023-24,26,5.0,,,,,,,,,,,,,MID,alejandro garnacho,1,90.0,90.0,7.666666666666667,5.2,0.5159999999999998,0.2759999999999999,0.24,0.2,0.0,90.0,1.0,8.133333333333333,3.5,5.579999999999999,4.95,0,0,0
Bukayo Saka,MID,Arsenal,0.0,0,2,28,1,29.7,19,0.71,0.86,0.15,0.09,251,0,1,12.2,40.6,2024-02-24T20:00:00Z,75,15,0,0,0,0,26,0,6938934,1,1,4,52.0,10,501448,534023,32575,91,True,0,2023-24,26,9.1,,,,,,,,,,,,,MID,bukayo saka,1,70.66666666666667,78.4,13.0,10.4,1.1119999999999997,0.8439999999999998,0.2680000000000002,0.6,0.0,73.76,0.922,14.0,5.873139999999999,8.559999999999999,8.08,1,1,0
David Raya Martin,GK,Arsenal,0.0,0,0,12,0,0.0,113,0.0,0.0,0.0,0.16,251,1,0,1.4,14.0,2024-02-24T20:00:00Z,90,15,0,0,0,0,26,1,748082,1,1,4,0.0,2,32959,61664,28705,50,True,0,2023-24,26,5.0,,,,,,,,,,,,,GK,david raya martin,1,90.0,90.0,4.666666666666667,4.8,0.0,0.0,0.0,0.6,1.8,90.0,1.0,5.733333333333334,3.5,5.4,5.33,1,0,0
Dominic Solanke,FWD,Bournemouth,0.0,0,0,1,0,22.7,85,0.07,0.38,0.31,1.64,253,1,0,7.4,6.6,2024-02-24T17:30:00Z,90,13,0,0,0,0,26,0,2340027,1,1,0,45.0,2,361943,458913,96970,70,True,0,2023-24,26,7.0,,,,,,,,,,,,,FWD,dominic solanke,1,90.0,88.4,6.0,5.6,0.7799999999999997,0.71,0.0700000000000001,0.0,0.0,89.36000000000001,1.0,7.600000000000001,4.9,6.899999999999999,6.25,1,0,0
Emiliano Martínez Romero,GK,Aston Villa,0.0,0,0,15,0,0.0,49,0.0,0.0,0.0,2.58,252,2,0,1.0,9.6,2024-02-24T15:00:00Z,90,16,0,0,0,0,26,1,1458284,1,2,4,0.0,1,68520,99124,30604,53,True,0,2023-24,26,5.3,,,,,,,,,,,,,GK,emiliano martínez romero,1,90.0,90.0,4.0,4.6,0.0,0.0,0.0,0.4,3.0,90.0,1.0,5.32,3.71,4.6,4.84,0,0,0
Erling Haaland,FWD,Man City,0.0,1,0,3,1,2.6,355,0.02,0.45,0.43,0.72,253,0,0,6.4,3.6,2024-02-24T17:30:00Z,74,3,0,0,0,0,26,0,8140520,1,1,0,58.0,5,138431,175052,36621,144,False,0,2023-24,26,14.4,,,,,,,,,,,,,FWD,erling haaland,1,90.0,74.8,7.666666666666667,5.8,0.9199999999999996,0.8379999999999999,0.0820000000000001,0.4,0.0,83.92,1.0,11.893333333333334,10.08,7.599999999999998,7.55,1,0,1
Fabian Schär,DEF,Newcastle,0.0,0,0,13,0,0.7,427,0.0,0.0,0.0,2.4,251,4,0,2.5,24.0,2024-02-24T20:00:00Z,90,1,0,0,0,0,26,0,866228,1,1,4,0.0,0,-30558,55911,86469,54,False,0,2023-24,26,5.4,,,,,,,,,,,,,DEF,fabian schär,1,90.0,90.0,3.333333333333333,5.6,0.2899999999999996,0.2599999999999997,0.0320000000000001,0.0,0.0,90.0,1.0,4.826666666666667,3.78,4.449999999999998,4.73,0,0,0
Gabriel dos Santos Magalhães,DEF,Arsenal,0.0,0,0,14,0,3.8,5,0.03,0.24,0.21,0.16,251,1,0,5.5,16.2,2024-02-24T20:00:00Z,90,15,0,0,0,0,26,0,2751751,1,1,4,35.0,2,318329,348761,30432,52,True,0,2023-24,26,5.2,,,,,,,,,,,,,DEF,gabriel dos santos magalhães,1,90.0,88.0,5.666666666666667,7.2,0.3719999999999995,0.3559999999999997,0.0160000000000002,0.6,0.0,89.2,1.0,6.613333333333334,3.64,7.259999999999998,7.35,1,0,0
James Tarkowski,DEF,Everton,0.0,0,0,17,0,11.1,265,0.08,0.08,0.0,1.25,254,1,0,6.0,44.6,2024-02-24T15:00:00Z,90,5,0,0,0,0,26,0,631502,1,1,1,4.0,1,29522,50439,20917,46,False,1,2023-24,26,4.6,,,,,,,,,,,,,DEF,james tarkowski,1,90.0,90.0,1.3333333333333333,3.0,0.2499999999999992,0.1219999999999997,0.128,0.4,0.0,90.0,1.0,2.9066666666666663,3.22,5.849999999999996,4.98,1,0,0
James Ward-Prowse,MID,West Ham,0.0,0,0,17,0,26.9,664,0.02,0.09,0.07,1.12,259,2,0,5.4,16.0,2024-02-26T20:00:00Z,90,4,0,0,0,0,26,0,794249,1,2,4,11.0,2,-22702,23166,45868,60,True,0,2023-24,26,6.0,,,,,,,,,,,,,MID,james ward-prowse,1,90.0,90.0,2.0,5.0,0.5559999999999993,0.3779999999999998,0.1780000000000001,0.0,0.0,90.0,1.0,4.0,4.199999999999999,5.779999999999996,5.47,1,0,0
Jan Paul van Hecke,DEF,Brighton,0.0,0,0,11,0,1.9,150,0.02,0.09,0.07,0.28,254,1,0,5.6,20.4,2024-02-24T15:00:00Z,90,9,0,0,0,0,26,0,420406,1,1,1,34.0,1,68489,79971,11482,41,True,1,2023-24,26,4.1,,,,,,,,,,,,,DEF,jan paul van hecke,1,90.0,90.0,3.0,3.0,0.1899999999999992,0.1059999999999997,0.0840000000000001,0.4,0.0,90.0,1.0,4.04,2.87,5.549999999999995,4.67,0,0,0
Jarrad Branthwaite,DEF,Everton,0.0,0,1,26,0,0.1,245,0.0,0.08,0.08,1.25,254,1,1,8.4,65.2,2024-02-24T15:00:00Z,90,5,0,0,0,0,26,0,595017,1,1,1,19.0,9,47487,67147,19660,42,False,0,2023-24,26,4.2,,,,,,,,,,,,,DEF,jarrad branthwaite,1,90.0,90.0,3.6666666666666665,4.4,0.1819999999999992,0.1719999999999997,0.0100000000000001,0.4,0.0,90.0,1.0,4.613333333333333,2.94,5.509999999999996,4.87,1,0,0
Ollie Watkins,FWD,Aston Villa,0.0,1,0,35,0,12.9,60,0.04,1.44,1.4,2.58,252,2,1,11.3,36.8,2024-02-24T15:00:00Z,90,16,0,0,0,0,26,0,5797505,1,2,4,63.0,9,484700,523543,38843,88,True,0,2023-24,26,8.8,,,,,,,,,,,,,FWD,ollie watkins,1,90.0,90.0,11.0,8.2,0.7879999999999988,0.6579999999999999,0.1299999999999999,0.4,0.0,90.0,1.0,12.32,6.16,6.939999999999994,6.21,1,0,0
Pascal Groß,MID,Brighton,0.0,1,3,31,0,87.0,134,0.29,0.34,0.05,0.28,254,1,0,13.5,43.4,2024-02-24T15:00:00Z,90,9,0,0,0,0,26,0,1138181,1,1,1,5.0,7,406363,432686,26323,65,True,1,2023-24,26,6.5,,,,,,,,,,,,,MID,pascal groß,1,90.0,90.0,9.666666666666666,6.8,0.8039999999999988,0.3759999999999998,0.4279999999999999,0.4,0.0,90.0,1.0,10.333333333333334,4.55,7.019999999999994,6.6,1,0,0
Phil Foden,MID,Man City,0.0,0,3,39,1,52.8,353,0.16,1.12,0.96,0.93,253,0,1,17.5,53.8,2024-02-24T17:30:00Z,90,3,0,0,0,0,26,0,3530618,1,1,0,68.0,11,47329,176819,129490,81,False,0,2023-24,26,8.1,,,,,,,,,,,,,MID,phil foden,1,90.0,87.2,2.6666666666666665,6.8,0.4839999999999989,0.3019999999999999,0.1819999999999998,0.6,0.0,88.88,1.0,5.373333333333333,5.669999999999999,5.419999999999995,5.23,1,0,0
Alejandro Garnacho,MID,Man Utd,1.8,0,0,8,0,1.5,382,0.01,0.01,0.0,3.2,266,2,0,1.1,3.4,2024-03-03T15:30:00Z,81,13,0,0,0,0,27,0,1054902,1,1,3,6.0,2,-103139,28056,131195,50,False,0,2023-24,27,5.0,,,,,,,,,,,,,MID,alejandro garnacho,1,90.0,90.0,3.0,5.2,0.5099999999999999,0.302,0.208,0.2,0.0,90.0,1.0,4.4,3.5,5.549999999999999,5.0,0,0,0
Anel Ahmedhodžić,DEF,Sheffield Utd,-1.0,0,0,8,0,0.3,471,0.0,0.0,0.0,2.16,269,6,0,1.6,15.4,2024-03-04T20:00:00Z,63,1,0,0,0,0,27,0,17682,1,6,0,0.0,-1,-163,171,334,43,True,0,2023-24,27,4.3,,,,,,,,,,,,,DEF,anel ahmedhodžić,1,90.0,90.0,1.0,0.6,0.2359999999999996,0.234,0.0020000000000001,0.0,0.0,90.0,1.0,2.52,3.01,4.179999999999998,4.41,0,0,0
Bukayo Saka,MID,Arsenal,13.3,2,0,23,0,36.5,19,0.26,0.52,0.26,0.03,269,0,0,7.8,17.6,2024-03-04T20:00:00Z,45,17,0,0,0,0,27,0,7138419,1,6,0,24.0,7,297152,312623,15471,92,False,0,2023-24,27,9.2,,,,,,,,,,,,,MID,bukayo saka,1,69.66666666666667,75.4,13.333333333333334,11.8,1.182,0.8539999999999999,0.3280000000000002,0.6,0.0,71.96000000000001,0.8995000000000001,14.0,5.7927800000000005,8.91,8.19,1,1,0
Dominic Solanke,FWD,Bournemouth,2.8,0,0,1,1,11.0,85,0.1,0.29,0.19,1.49,262,0,0,4.1,11.2,2024-03-03T13:00:00Z,88,6,0,0,0,0,27,0,2534527,1,2,0,19.0,2,180494,393100,212606,71,False,0,2023-24,27,7.1,,,,,,,,,,,,,FWD,dominic solanke,1,90.0,90.0,6.0,5.6,0.8399999999999996,0.756,0.0840000000000001,0.0,0.0,90.0,1.0,7.640000000000001,4.97,7.199999999999998,6.59,1,0,0
Ederson Santana de Moraes,GK,Man City,6.8,0,0,9,0,0.0,352,0.0,0.0,0.0,0.26,266,1,0,0.5,5.2,2024-03-03T15:30:00Z,90,14,0,0,0,0,27,0,1694721,1,1,3,0.0,2,18953,40989,22036,55,True,0,2023-24,27,5.5,,,,,,,,,,,,,GK,ederson santana de moraes,1,90.0,90.0,6.666666666666667,5.8,0.0019999999999996,0.0,0.0020000000000001,0.6,2.6,90.0,1.0,7.533333333333334,3.85,5.409999999999998,5.81,1,0,0
Erling Haaland,FWD,Man City,7.8,0,0,21,0,2.1,355,0.06,1.64,1.58,0.26,266,1,1,6.2,26.2,2024-03-03T15:30:00Z,90,14,0,0,0,0,27,0,8224496,1,1,3,34.0,6,123547,158108,34561,145,True,0,2023-24,27,14.5,,,,,,,,,,,,,FWD,erling haaland,1,84.66666666666667,85.8,5.0,6.6,0.9619999999999996,0.8779999999999998,0.0840000000000001,0.6,0.0,85.12,1.0,9.8,10.15,7.809999999999998,7.86,1,0,1
Gabriel dos Santos Magalhães,DEF,Arsenal,8.0,0,0,28,1,9.8,5,0.06,0.06,0.0,0.23,269,0,0,3.0,20.0,2024-03-04T20:00:00Z,90,17,0,0,0,0,27,0,2896583,1,6,0,0.0,6,185766,206104,20338,53,False,0,2023-24,27,5.3,,,,,,,,,,,,,DEF,gabriel dos santos magalhães,1,90.0,90.0,6.666666666666667,4.2,0.2199999999999994,0.1999999999999996,0.0200000000000002,0.4,0.0,90.0,1.0,7.453333333333334,3.71,5.6999999999999975,5.15,1,0,0
Harry Maguire,DEF,Man Utd,0.6,0,0,0,0,0.0,387,0.0,0.0,0.0,0.0,266,0,0,0.0,0.0,2024-03-03T15:30:00Z,0,13,0,0,0,0,27,0,219205,0,1,3,0.0,0,-25815,11608,37423,42,False,0,2023-24,27,4.2,,,,,,,,,,,,,DEF,harry maguire,1,75.0,63.8,4.333333333333333,4.0,0.3619999999999994,0.2359999999999996,0.1260000000000001,0.2,0.0,70.52,0.8815,5.1466666666666665,2.59161,5.609999999999997,4.43,1,0,0
Kai Havertz,MID,Arsenal,12.3,1,3,41,1,48.8,6,0.16,0.33,0.17,0.23,269,0,1,16.1,62.6,2024-03-04T20:00:00Z,90,17,0,0,0,0,27,0,234648,1,6,0,50.0,14,59959,63773,3814,71,False,0,2023-24,27,7.1,,,,,,,,,,,,,MID,kai havertz,1,82.66666666666667,71.4,9.666666666666666,6.8,0.6679999999999992,0.5999999999999999,0.068,0.6,0.0,78.16,0.977,10.573333333333334,4.85569,6.339999999999996,6.28,1,0,0
Luis Díaz,MID,Liverpool,6.5,0,0,12,1,20.4,303,0.1,0.62,0.52,1.05,268,0,0,6.9,7.0,2024-03-02T15:00:00Z,90,16,0,0,0,0,27,0,1175932,1,1,0,42.0,3,155243,186275,31032,75,False,0,2023-24,27,7.5,,,,,,,,,,,,,MID,luis díaz,1,86.33333333333333,87.8,7.0,7.6,0.8119999999999992,0.7239999999999999,0.088,0.0,0.0,86.91999999999999,1.0,8.600000000000001,5.25,7.059999999999996,7.27,1,0,0
Mark Flekken,GK,Brentford,3.0,0,0,16,0,0.0,101,0.01,0.01,0.0,1.81,261,2,0,2.3,23.2,2024-03-02T15:00:00Z,90,7,0,0,0,0,27,3,374454,1,2,2,0.0,2,2643,20514,17871,45,True,0,2023-24,27,4.5,,,,,,,,,,,,,GK,mark flekken,1,90.0,90.0,2.0,4.6,0.0039999999999992,0.0,0.004,0.2,6.4,90.0,1.0,3.4000000000000004,3.15,3.819999999999996,4.72,0,0,0
Max Kilman,DEF,Wolves,2.5,0,0,14,0,2.3,563,0.01,0.05,0.04,2.19,267,3,0,1.1,7.2,2024-03-02T15:00:00Z,90,15,0,0,0,0,27,0,215131,1,0,3,1.0,1,-3125,11286,14411,45,False,0,2023-24,27,4.5,,,,,,,,,,,,,DEF,max kilman,1,90.0,90.0,3.0,3.2,0.2439999999999991,0.1679999999999998,0.076,0.2,0.0,90.0,1.0,4.2,3.15,5.019999999999995,4.2,0,0,0
Ollie Watkins,FWD,Aston Villa,10.2,0,3,47,0,3.3,60,0.02,0.64,0.62,2.28,265,2,2,17.2,72.8,2024-03-02T17:30:00Z,90,12,0,0,0,0,27,0,5949010,1,3,2,96.0,13,275132,305447,30315,89,False,0,2023-24,27,8.9,,,,,,,,,,,,,FWD,ollie watkins,1,90.0,90.0,8.0,9.8,1.007999999999999,0.8779999999999999,0.1299999999999999,0.2,0.0,90.0,1.0,9.96,6.23,8.039999999999994,7.5,1,0,0
Pascal Groß,MID,Brighton,6.5,0,0,5,0,13.0,134,0.08,0.08,0.0,0.62,264,1,0,1.3,0.4,2024-03-02T15:00:00Z,31,10,0,0,0,0,27,0,1104430,0,0,3,0.0,1,66075,123002,56927,66,False,0,2023-24,27,6.6,,,,,,,,,,,,,MID,pascal groß,1,90.0,90.0,8.333333333333334,7.6,0.7299999999999989,0.3859999999999998,0.3439999999999999,0.2,0.0,90.0,1.0,9.306666666666668,4.619999999999999,6.649999999999994,6.22,1,0,0
Rúben Gato Alves Dias,DEF,Man City,5.4,0,0,13,0,10.4,350,0.04,0.04,0.0,0.26,266,1,0,2.3,12.2,2024-03-03T15:30:00Z,90,14,0,0,0,0,27,0,720783,1,1,3,0.0,2,2406,11922,9516,55,True,0,2023-24,27,5.5,,,,,,,,,,,,,DEF,rúben gato alves dias,1,90.0,90.0,4.666666666666667,4.4,0.0859999999999991,0.0619999999999999,0.024,0.6,0.0,90.0,1.0,5.933333333333334,3.85,5.829999999999995,5.12,1,0,0
Alfie Doughty,DEF,Luton,3.4,1,0,26,0,39.4,321,0.67,0.67,0.0,2.66,162,4,0,7.1,27.2,2024-03-13T19:30:00Z,90,3,0,0,0,0,28,0,1534171,1,3,4,4.0,3,587234,594692,7458,47,False,0,2023-24,28,4.7,,,,,,,,,,,,,DEF,alfie doughty,1,84.33333333333333,84.0,2.333333333333333,1.8,0.3219999999999998,0.078,0.244,0.0,0.0,84.19999999999999,1.0,3.746666666666667,3.29,4.609999999999999,4.1,1,0,0
Alphonse Areola,GK,West Ham,5.5,0,0,17,0,0.0,524,0.0,0.0,0.0,0.65,279,2,0,2.2,22.2,2024-03-10T14:00:00Z,90,6,0,0,0,0,28,3,3931586,1,2,2,0.0,2,133336,157198,23862,43,True,0,2023-24,28,4.3,,,,,,,,,,,,,GK,alphonse areola,1,90.0,81.0,6.0,3.8,0.0,0.0,0.0,0.0,5.6,86.4,1.0,6.5200000000000005,3.01,3.0,4.44,0,0,0
Anel Ahmedhodžić,DEF,Sheffield Utd,-0.5,0,0,8,0,0.1,471,0.0,0.0,0.0,1.4,273,2,0,1.6,15.4,2024-03-09T15:00:00Z,21,3,0,0,0,0,28,0,18072,0,2,2,0.0,0,343,659,316,43,False,0,2023-24,28,4.3,,,,,,,,,,,,,DEF,anel ahmedhodžić,1,81.0,84.6,0.0,0.4,0.1859999999999997,0.184,0.0020000000000001,0.0,0.0,82.44,1.0,1.72,3.01,3.9299999999999984,3.89,0,0,0
Anthony Elanga,MID,Nott'm Forest,2.8,0,0,4,0,0.4,378,0.03,0.03,0.0,0.04,274,0,0,0.5,4.2,2024-03-10T14:00:00Z,29,5,0,0,0,0,28,0,168781,0,0,1,0.0,1,9680,20776,11096,51,False,0,2023-24,28,5.1,,,,,,,,,,,,,MID,anthony elanga,1,90.0,87.4,3.333333333333333,3.8,0.6359999999999996,0.546,0.0900000000000001,0.2,0.0,88.96000000000001,1.0,4.706666666666667,3.5699999999999994,6.179999999999998,6.11,1,0,0
Bukayo Saka,MID,Arsenal,7.1,0,0,14,0,38.4,19,0.36,0.45,0.09,0.97,271,1,0,7.7,7.0,2024-03-09T17:30:00Z,90,4,0,0,0,0,28,0,7028824,1,1,2,32.0,2,-108360,73414,181774,92,True,0,2023-24,28,9.2,,,,,,,,,,,,,MID,bukayo saka,1,62.66666666666666,66.4,10.666666666666666,11.2,1.1759999999999995,0.8339999999999999,0.3420000000000002,0.6,0.0,64.16,0.8019999999999999,12.213333333333331,5.164879999999999,8.879999999999999,7.52,1,0,0
Dominic Solanke,FWD,Bournemouth,10.6,0,2,31,0,44.5,85,0.04,0.54,0.5,2.1,162,3,1,11.1,39.6,2024-03-13T19:30:00Z,90,12,0,0,0,0,28,0,3496811,1,3,4,27.0,8,938181,1004591,66410,72,True,0,2023-24,28,7.2,,,,,,,,,,,,,FWD,dominic solanke,1,89.33333333333333,89.6,1.3333333333333333,4.0,0.9739999999999996,0.8559999999999999,0.1180000000000001,0.2,0.0,89.44,1.0,3.946666666666667,5.04,7.869999999999998,7.28,1,0,0
Ederson Santana de Moraes,GK,Man City,4.9,0,0,1,0,0.0,352,0.0,0.0,0.0,1.29,277,1,0,0.0,0.0,2024-03-10T15:45:00Z,55,11,0,0,0,0,28,1,1679916,1,1,1,0.0,0,-18792,21503,40295,55,False,1,2023-24,28,5.5,,,,,,,,,,,,,GK,ederson santana de moraes,1,90.0,90.0,5.666666666666667,5.8,0.0019999999999996,0.0,0.0020000000000001,0.6,2.4,90.0,1.0,6.733333333333334,3.85,5.409999999999998,5.75,1,0,0
Erling Haaland,FWD,Man City,5.1,0,0,11,0,32.3,355,0.01,0.11,0.1,2.46,277,1,0,5.7,15.4,2024-03-10T15:45:00Z,90,11,0,0,0,0,28,0,7947646,1,1,1,9.0,2,-279011,52077,331088,144,False,0,2023-24,28,14.4,,,,,,,,,,,,,FWD,erling haaland,1,84.66666666666667,86.8,6.333333333333333,6.8,1.1359999999999997,1.052,0.0840000000000001,0.6,0.0,85.52000000000001,1.0,10.826666666666668,10.08,8.679999999999998,8.83,1,1,0
Gabriel dos Santos Magalhães,DEF,Arsenal,4.8,0,0,12,0,3.8,5,0.03,0.31,0.28,0.97,271,1,0,3.8,17.4,2024-03-09T17:30:00Z,90,4,0,0,0,0,28,0,2976488,1,1,2,17.0,1,74993,102066,27073,53,True,1,2023-24,28,5.3,,,,,,,,,,,,,DEF,gabriel dos santos magalhães,1,90.0,90.0,4.666666666666667,5.0,0.2239999999999994,0.1999999999999996,0.0240000000000002,0.6,0.0,90.0,1.0,5.8533333333333335,3.71,6.519999999999998,6.17,1,0,0
Jakub Kiwior,DEF,Arsenal,8.2,0,0,13,0,18.2,10,0.04,0.04,0.0,0.97,271,1,0,3.3,8.4,2024-03-09T17:30:00Z,78,4,0,0,0,0,28,0,156642,1,1,2,6.0,2,50679,54165,3486,43,True,0,2023-24,28,4.3,,,,,,,,,,,,,DEF,jakub kiwior,1,90.0,81.0,9.0,7.2,0.1579999999999992,0.0739999999999996,0.084,0.6,0.0,86.4,1.0,8.92,3.01,6.189999999999996,5.4,1,0,0
Jarrad Branthwaite,DEF,Everton,3.2,0,0,15,0,1.1,245,0.01,0.01,0.0,2.56,278,2,0,1.7,13.4,2024-03-09T12:30:00Z,90,14,0,0,0,0,28,0,651467,1,0,2,2.0,1,-8275,20594,28869,42,False,0,2023-24,28,4.2,,,,,,,,,,,,,DEF,jarrad branthwaite,1,90.0,90.0,4.0,4.2,0.1979999999999992,0.1879999999999997,0.0100000000000001,0.0,0.0,90.0,1.0,4.880000000000001,2.94,3.989999999999996,4.08,0,0,0
Luis Díaz,MID,Liverpool,3.7,0,0,8,0,42.6,303,0.14,0.67,0.53,1.61,277,1,0,7.3,12.0,2024-03-10T15:45:00Z,90,13,0,0,0,0,28,0,1091999,1,1,1,18.0,2,-80303,25093,105396,75,True,0,2023-24,28,7.5,,,,,,,,,,,,,MID,luis díaz,1,89.33333333333333,87.8,5.0,5.8,0.8319999999999992,0.7339999999999999,0.098,0.2,0.0,88.72,1.0,7.0,5.25,7.159999999999996,7.48,1,0,0
Ollie Watkins,FWD,Aston Villa,9.2,0,0,0,0,12.8,60,0.03,0.15,0.12,1.63,272,4,0,3.3,7.2,2024-03-10T13:00:00Z,90,18,0,0,0,0,28,0,6034294,1,4,0,13.0,2,78698,165808,87110,90,True,0,2023-24,28,9.0,,,,,,,,,,,,,FWD,ollie watkins,1,90.0,90.0,11.666666666666666,11.0,0.9939999999999988,0.8899999999999999,0.1039999999999999,0.2,0.0,90.0,1.0,12.933333333333334,6.3,7.969999999999994,7.58,1,0,1
Pascal Groß,MID,Brighton,6.0,1,2,32,1,51.5,134,0.28,0.28,0.0,0.68,274,0,0,7.6,24.8,2024-03-10T14:00:00Z,90,16,0,0,0,0,28,0,1019051,1,0,1,0.0,8,-85174,35928,121102,66,True,0,2023-24,28,6.6,,,,,,,,,,,,,MID,pascal groß,1,70.33333333333333,78.2,5.333333333333333,7.4,0.6879999999999988,0.3679999999999997,0.3199999999999999,0.2,0.0,73.47999999999999,0.9185,6.906666666666666,4.243469999999999,6.439999999999994,5.29,0,0,0
Phil Foden,MID,Man City,7.1,0,0,1,0,4.1,353,0.03,0.44,0.41,2.46,277,1,0,4.1,9.6,2024-03-10T15:45:00Z,90,11,0,0,0,0,28,0,3706499,1,1,1,27.0,2,147898,235562,87664,82,False,0,2023-24,28,8.2,,,,,,,,,,,,,MID,phil foden,1,90.0,90.0,9.666666666666666,6.8,0.845999999999999,0.5419999999999998,0.3039999999999999,0.6,0.0,90.0,1.0,11.013333333333334,5.739999999999999,7.229999999999995,7.41,1,0,0
Alfie Doughty,DEF,Luton,1.7,0,0,5,0,1.5,321,0.01,0.01,0.0,1.1,287,1,0,0.3,1.8,2024-03-16T15:00:00Z,45,16,0,0,0,0,29,0,2645597,1,1,1,0.0,1,175288,190203,14915,47,True,0,2023-24,29,4.7,,,,,,,,,,,,,DEF,alfie doughty,1,90.0,84.8,3.333333333333333,2.2,0.3599999999999999,0.06,0.3,0.0,0.0,87.92,1.0,4.546666666666667,3.29,4.799999999999999,4.26,1,0,0
Alphonse Areola,GK,West Ham,4.5,0,0,17,0,0.0,524,0.0,0.0,0.0,0.63,289,1,0,2.8,28.2,2024-03-17T14:00:00Z,90,2,0,0,0,0,29,4,3753333,1,1,1,0.0,3,28286,57977,29691,43,True,0,2023-24,29,4.3,,,,,,,,,,,,,GK,alphonse areola,1,90.0,90.0,5.666666666666667,4.0,0.0,0.0,0.0,0.0,5.8,90.0,1.0,6.253333333333334,3.01,3.0,4.51,1,0,0
Anthony Elanga,MID,Nott'm Forest,2.3,0,0,12,0,24.6,378,0.06,0.3,0.24,0.6,287,1,0,4.2,10.6,2024-03-16T15:00:00Z,90,12,0,0,0,0,29,0,559729,1,1,1,7.0,2,70886,78926,8040,51,False,0,2023-24,29,5.1,,,,,,,,,,,,,MID,anthony elanga,1,69.66666666666667,77.8,1.6666666666666667,3.6,0.6399999999999997,0.546,0.0940000000000001,0.2,0.0,72.92,0.9115,3.373333333333333,3.2540549999999997,6.199999999999998,5.4,1,0,1
Harry Kane,FWD,Spurs,0.0,0,0,0,0,0.0,500,0.0,0.0,0.0,0.0,286,0,0,0.0,0.0,2024-03-16T17:30:00Z,0,10,0,0,0,0,29,0,61898,0,0,3,0.0,0,-45,0,45,125,False,0,2023-24,29,12.5,,,,,,,,,,,,,FWD,harry kane,1,0.0,0.0,0.0,0.0,0.0,0.0,0.0,0.0,0.0,90.0,1.0,5.0,8.75,3.0,4.71,1,0,0
James Maddison,MID,Spurs,5.8,0,0,14,0,23.0,504,0.09,0.22,0.13,2.52,286,3,0,3.5,6.4,2024-03-16T17:30:00Z,65,10,0,0,0,0,29,0,2842686,1,0,3,6.0,2,473433,482588,9155,80,False,0,2023-24,29,8.0,,,,,,,,,,,,,MID,james maddison,1,84.66666666666667,85.8,5.333333333333333,4.4,0.4259999999999992,0.1979999999999996,0.228,0.2,0.0,85.12,1.0,7.466666666666667,5.6,5.129999999999996,4.33,1,0,0
Leon Bailey,MID,Aston Villa,5.5,0,0,17,0,40.6,34,0.07,0.21,0.14,2.04,289,1,0,6.9,8.2,2024-03-17T14:00:00Z,90,19,0,0,0,0,29,0,986496,1,1,1,20.0,2,73470,88325,14855,57,False,0,2023-24,29,5.7,,,,,,,,,,,,,MID,leon bailey,1,78.66666666666667,77.6,6.0,5.0,0.6019999999999992,0.2699999999999999,0.332,0.0,0.0,78.24000000000001,0.978,7.080000000000001,3.90222,6.009999999999996,4.96,1,0,0
Mads Roerslev Rasmussen,DEF,Brentford,3.5,0,0,9,0,0.7,114,0.0,0.0,0.0,2.11,283,1,0,1.5,14.0,2024-03-16T15:00:00Z,58,6,0,0,0,0,29,0,493703,1,1,2,0.0,1,75548,78738,3190,44,False,0,2023-24,29,4.4,,,,,,,,,,,,,DEF,mads roerslev rasmussen,1,65.66666666666667,69.4,4.0,3.0,0.1939999999999991,0.1439999999999998,0.05,0.0,0.0,67.16,0.8394999999999999,4.960000000000001,2.58566,3.969999999999996,3.57,0,0,0
Matty Cash,DEF,Aston Villa,1.3,0,0,4,0,2.9,36,0.02,0.02,0.0,0.79,289,0,0,2.0,9.2,2024-03-17T14:00:00Z,45,19,0,0,0,0,29,0,1808573,0,1,1,8.0,1,25480,48222,22742,46,False,0,2023-24,29,4.6,,,,,,,,,,,,,DEF,matty cash,1,90.0,90.0,0.6666666666666666,0.8,0.1679999999999991,0.0839999999999998,0.084,0.0,0.0,90.0,1.0,2.373333333333333,3.22,3.839999999999996,3.58,1,0,0
Morgan Gibbs-White,MID,Nott'm Forest,4.7,1,1,23,1,53.1,447,0.57,0.89,0.32,0.34,287,0,0,10.7,29.4,2024-03-16T15:00:00Z,81,12,0,0,0,0,29,0,604462,1,1,1,24.0,7,78804,83875,5071,57,False,0,2023-24,29,5.7,,,,,,,,,,,,,MID,morgan gibbs-white,1,85.33333333333333,87.2,3.333333333333333,3.2,0.3919999999999989,0.2519999999999999,0.14,0.2,0.0,86.08,1.0,4.946666666666667,3.99,4.959999999999995,4.35,1,0,0
Nathan Collins,DEF,Brentford,0.9,0,0,13,0,1.0,96,0.04,0.06,0.02,2.66,283,2,0,3.9,27.6,2024-03-16T15:00:00Z,90,6,0,0,0,0,29,0,531731,1,1,2,10.0,1,78307,82534,4227,45,False,0,2023-24,29,4.5,,,,,,,,,,,,,DEF,nathan collins,1,69.66666666666667,59.8,0.3333333333333333,0.2,0.0999999999999989,0.0899999999999999,0.0099999999999999,0.0,0.0,65.72,0.8215,2.066666666666667,2.587725,3.4999999999999947,3.12,0,0,0
Ollie Watkins,FWD,Aston Villa,5.2,0,0,6,0,13.8,60,0.03,0.08,0.05,2.04,289,1,0,4.4,3.8,2024-03-17T14:00:00Z,90,19,0,0,0,0,29,0,6220589,1,1,1,26.0,2,35015,130174,95159,90,False,0,2023-24,29,9.0,,,,,,,,,,,,,FWD,ollie watkins,1,90.0,90.0,8.0,7.8,0.8439999999999988,0.768,0.0759999999999999,0.0,0.0,90.0,1.0,10.0,6.3,7.2199999999999935,6.87,1,1,0
Reece Burke,DEF,Luton,1.7,1,2,31,0,12.8,318,0.21,0.21,0.0,1.71,287,1,0,5.8,43.0,2024-03-16T15:00:00Z,90,16,0,0,0,0,29,0,28942,1,1,1,2.0,7,2201,3028,827,40,True,0,2023-24,29,4.0,,,,,,,,,,,,,DEF,reece burke,1,90.0,54.0,1.3333333333333333,0.8,0.273999999999999,0.2699999999999999,0.0039999999999999,0.0,0.0,75.6,0.945,2.666666666666667,2.646,4.369999999999996,4.36,1,0,0
Rodrigo Muniz Carvalho,FWD,Fulham,6.5,0,3,55,1,0.3,279,0.0,1.42,1.42,0.51,286,0,2,12.8,68.4,2024-03-16T17:30:00Z,63,18,0,0,0,0,29,0,460327,1,0,3,59.0,13,55414,72842,17428,45,True,0,2023-24,29,4.5,,,,,,,,,,,,,FWD,rodrigo muniz carvalho,1,87.66666666666667,85.4,5.0,7.2,0.5859999999999991,0.4999999999999998,0.086,0.2,0.0,86.76,1.0,5.8,3.15,5.929999999999995,4.99,1,0,0
Son Heung-min,MID,Spurs,9.2,0,0,6,0,14.0,516,0.56,0.7,0.14,2.52,286,3,0,3.1,0.8,2024-03-16T17:30:00Z,86,10,0,0,0,0,29,0,4738668,1,0,3,16.0,2,912226,917960,5734,100,False,0,2023-24,29,10.0,,,,,,,,,,,,,MID,son heung-min,1,89.66666666666667,59.4,8.666666666666666,6.0,0.3759999999999991,0.146,0.2299999999999999,0.2,0.0,77.56,0.9695,10.933333333333334,6.7865,4.879999999999996,4.27,0,0,0
Thomas Kaminski,GK,Luton,1.7,0,0,13,0,0.0,614,0.0,0.0,0.0,1.71,287,1,0,1.8,18.4,2024-03-16T15:00:00Z,90,16,0,0,0,0,29,2,365495,1,1,1,0.0,2,16267,20087,3820,45,True,0,2023-24,29,4.5,,,,,,,,,,,,,GK,thomas kaminski,1,90.0,90.0,2.0,2.6,0.0,0.0,0.0,0.0,5.6,90.0,1.0,3.4000000000000004,3.15,3.0,4.44,0,0,0
Aaron Wan-Bissaka,DEF,Man Utd,7.0,0,0,11,0,12.2,401,0.1,0.1,0.0,1.25,18,1,0,2.0,5.8,2023-08-19T16:30:00Z,65,18,0,0,0,0,2,0,382753,1,0,2,2.0,1,159885,174411,14526,45,False,1,2023-24,2,4.5,,,,,,,,,,,,,DEF,aaron wan-bissaka,1,60.0,72.0,4.666666666666667,5.2,0.206,0.034,0.172,0.6,0.0,64.8,0.8099999999999999,5.533333333333334,2.5515,6.43,5.22,0,0,0
Bernd Leno,GK,Fulham,7.0,0,0,19,0,0.0,275,0.0,0.0,0.0,3.8,13,3,0,4.1,41.4,2023-08-19T14:00:00Z,90,4,0,0,0,0,2,5,871896,1,3,0,0.0,2,114735,134998,20263,45,True,0,2023-24,2,4.5,,,,,,,,,,,,,GK,bernd leno,1,90.0,90.0,5.666666666666667,6.8,0.0,0.0,0.0,0.4,5.0,90.0,1.0,6.333333333333334,3.15,4.6,5.16,1,0,0
Bruno Borges Fernandes,MID,Man Utd,2.5,0,0,13,0,54.4,373,0.42,1.18,0.76,1.8,18,2,0,9.3,13.0,2023-08-19T16:30:00Z,90,18,0,0,0,0,2,0,2340614,1,0,2,26.0,1,-81782,80824,162606,85,False,1,2023-24,2,8.5,,,,,,,,,,,,,MID,bruno borges fernandes,1,86.0,87.6,7.0,6.0,0.8619999999999995,0.4639999999999998,0.3980000000000002,0.8,0.0,86.64,1.0,9.0,5.949999999999999,7.309999999999998,7.1,1,0,1
Bryan Mbeumo,MID,Brentford,11.5,0,3,43,1,16.1,108,0.24,2.03,1.79,0.46,13,0,2,16.3,75.8,2023-08-19T14:00:00Z,90,10,0,0,0,0,2,0,1037007,1,3,0,71.0,16,230616,257141,26525,65,False,0,2023-24,2,6.5,,,,,,,,,,,,,MID,bryan mbeumo,1,89.33333333333333,89.6,9.333333333333334,7.6,0.7239999999999996,0.542,0.1820000000000002,0.4,0.0,89.44,1.0,10.066666666666668,4.55,6.619999999999998,6.67,1,0,0
Bénie Traoré,FWD,Sheffield Utd,1.5,0,0,-2,0,1.1,593,0.03,0.3,0.27,1.25,17,1,0,2.4,3.6,2023-08-18T18:45:00Z,81,16,0,0,0,0,2,0,7805,1,1,2,19.0,2,643,1756,1113,55,False,0,2023-24,2,5.5,,,,,,,,,,,,,FWD,bénie traoré,1,88.0,75.0,6.0,6.25,0.5049999999999996,0.1349999999999998,0.3700000000000003,0.5,0.0,82.8,1.0,7.000000000000001,3.85,5.524999999999998,4.0,0,0,0
David Raya Martin,GK,Arsenal,0.5,0,0,0,0,0.0,113,0.0,0.0,0.0,0.0,12,0,0,0.0,0.0,2023-08-21T19:00:00Z,0,8,0,0,0,0,2,0,388156,0,1,0,0.0,0,-90113,5826,95939,50,False,0,2023-24,2,5.0,,,,,,,,,,,,,GK,david raya martin,1,60.0,72.0,3.333333333333333,4.0,0.0,0.0,0.0,0.4,3.2,64.8,0.8099999999999999,4.666666666666667,2.835,4.6,4.71,0,0,0
Eberechi Eze,MID,Crystal Palace,2.0,0,0,14,0,22.9,226,0.15,0.4,0.25,2.0,12,1,0,5.5,9.2,2023-08-21T19:00:00Z,90,1,0,0,0,0,2,0,1335065,1,1,0,23.0,2,-155238,27372,182610,65,True,0,2023-24,2,6.5,,,,,,,,,,,,,MID,eberechi eze,1,90.0,90.0,3.333333333333333,5.6,0.6419999999999997,0.4519999999999999,0.1900000000000001,0.4,0.0,90.0,1.0,5.266666666666668,4.55,6.209999999999998,6.12,1,0,0
James Maddison,MID,Spurs,5.5,0,0,12,1,41.9,504,0.25,0.35,0.1,1.99,18,0,0,9.0,16.4,2023-08-19T16:30:00Z,90,14,0,0,0,0,2,0,1343823,1,0,2,32.0,3,227659,275119,47460,75,True,0,2023-24,2,7.5,,,,,,,,,,,,,MID,james maddison,1,75.0,81.0,4.0,4.6,0.6919999999999991,0.4259999999999997,0.266,0.0,0.0,77.4,0.9675,6.2,5.079375,6.459999999999996,5.6,1,0,0
Joel Ward,DEF,Crystal Palace,3.5,0,0,10,0,1.2,242,0.0,0.0,0.0,2.0,12,1,0,1.2,10.6,2023-08-21T19:00:00Z,82,1,0,0,0,0,2,0,24888,1,1,0,0.0,2,1868,3347,1479,45,True,0,2023-24,2,4.5,,,,,,,,,,,,,DEF,joel ward,1,90.0,90.0,5.0,4.6,0.2839999999999993,0.1999999999999997,0.0840000000000001,0.4,0.0,90.0,1.0,5.8,3.15,6.019999999999996,5.4,1,0,0
Mohamed Salah,MID,Liverpool,5.5,0,0,15,0,33.0,308,0.11,1.34,1.23,1.0,14,1,1,15.3,41.4,2023-08-19T14:00:00Z,85,3,0,1,0,0,2,0,2739755,1,1,3,79.0,5,163064,211617,48553,125,True,0,2023-24,2,12.5,,,,,,,,,,,,,MID,mohamed salah,1,85.33333333333333,86.6,5.0,7.4,0.9599999999999992,0.6459999999999999,0.314,0.4,0.0,85.84,1.0,9.0,8.75,7.799999999999995,7.7,1,1,0
Ollie Watkins,FWD,Aston Villa,5.0,1,0,11,1,32.4,60,0.05,0.2,0.15,0.64,11,0,0,5.2,7.2,2023-08-20T13:00:00Z,73,9,0,0,0,0,2,0,2282862,1,0,4,12.0,5,7626,147192,139566,80,True,0,2023-24,2,8.0,,,,,,,,,,,,,FWD,ollie watkins,1,88.66666666666667,89.2,4.666666666666667,3.8,0.6819999999999988,0.5999999999999999,0.0819999999999999,0.2,0.0,88.88,1.0,6.933333333333334,5.6,6.409999999999994,5.72,1,0,0
Olu Aina,DEF,Nott'm Forest,0.5,0,0,0,0,0.0,604,0.0,0.0,0.0,0.0,17,0,0,0.0,0.0,2023-08-18T18:45:00Z,0,17,0,0,0,0,2,0,14544,0,1,2,0.0,0,2329,3926,1597,45,True,0,2023-24,2,4.5,,,,,,,,,,,,,DEF,olu aina,1,80.5,70.25,7.5,6.25,0.4324999999999986,0.4249999999999998,0.0074999999999999,0.0,0.0,76.4,0.955,7.8,3.0082500000000003,5.1624999999999925,5.41,1,0,0
Raphaël Varane,DEF,Man Utd,8.0,0,0,17,0,1.8,395,0.01,0.04,0.03,1.8,18,2,0,3.8,15.4,2023-08-19T16:30:00Z,90,18,0,0,0,0,2,0,424217,1,0,2,21.0,1,124897,138535,13638,50,False,0,2023-24,2,5.0,,,,,,,,,,,,,DEF,raphaël varane,1,60.0,70.0,5.333333333333333,5.6,0.1599999999999989,0.1179999999999998,0.0419999999999999,0.6,0.0,64.0,0.8,6.266666666666667,2.8000000000000003,6.199999999999994,5.29,1,0,0
Trent Alexander-Arnold,DEF,Liverpool,2.0,0,0,18,0,37.1,290,0.12,0.25,0.13,0.45,14,1,0,9.4,18.4,2023-08-19T14:00:00Z,75,3,0,0,0,0,2,0,1689685,1,1,3,38.0,2,6308,83246,76938,80,True,0,2023-24,2,8.0,,,,,,,,,,,,,DEF,trent alexander-arnold,1,90.0,90.0,2.0,5.2,0.3399999999999991,0.082,0.258,0.4,0.0,90.0,1.0,4.800000000000001,5.6,6.299999999999995,5.67,1,0,0
Yoane Wissa,FWD,Brentford,10.0,1,2,36,1,2.5,119,0.02,1.45,1.43,0.36,13,0,1,10.5,34.4,2023-08-19T14:00:00Z,78,10,0,0,0,0,2,0,630451,1,3,0,68.0,11,121775,150094,28319,60,False,0,2023-24,2,6.0,,,,,,,,,,,,,FWD,yoane wissa,1,82.33333333333333,65.0,7.666666666666667,6.4,0.4519999999999989,0.408,0.044,0.4,0.0,75.4,0.9425,8.533333333333335,3.9585,5.2599999999999945,3.99,0,0,0
Alexis Mac Allister,MID,Liverpool,7.2,1,0,21,0,61.3,304,0.51,0.69,0.18,0.44,295,1,0,11.7,39.2,2024-03-31T13:00:00Z,90,5,0,0,0,0,30,0,397877,1,1,2,16.0,4,49286,55215,5929,58,True,1,2023-24,30,5.8,,,,,,,,,,,,,MID,alexis mac allister,1,89.33333333333333,88.0,8.333333333333334,7.0,0.6339999999999998,0.3160000000000001,0.318,0.2,0.0,88.8,1.0,8.986666666666668,4.06,6.169999999999999,5.59,1,0,0
Alphonse Areola,GK,West Ham,5.0,0,0,10,0,0.0,524,0.0,0.0,0.0,1.44,297,1,0,2.0,20.0,2024-03-30T12:30:00Z,45,15,0,0,0,0,30,3,3869497,1,3,4,0.0,2,-92671,39456,132127,43,False,0,2023-24,30,4.3,,,,,,,,,,,,,GK,alphonse areola,1,90.0,90.0,6.0,4.6,0.0,0.0,0.0,0.0,5.4,90.0,1.0,6.5200000000000005,3.01,3.0,4.37,0,0,0
Bernd Leno,GK,Fulham,4.7,0,0,10,0,0.0,275,0.0,0.0,0.0,1.87,299,3,0,1.2,12.4,2024-03-30T15:00:00Z,90,17,0,0,0,0,30,1,1709698,1,3,3,0.0,1,70275,100956,30681,48,False,0,2023-24,30,4.8,,,,,,,,,,,,,GK,bernd leno,1,90.0,90.0,5.333333333333333,4.0,0.0,0.0,0.0,0.4,4.0,90.0,1.0,6.1866666666666665,3.36,4.6,4.95,1,0,0
Bukayo Saka,MID,Arsenal,3.0,0,0,0,1,1.3,19,0.01,0.01,0.0,0.75,296,0,0,1.0,7.0,2024-03-31T15:30:00Z,77,13,0,0,0,0,30,0,6372619,1,0,0,2.0,3,-296778,76167,372945,91,False,0,2023-24,30,9.1,,,,,,,,,,,,,MID,bukayo saka,1,70.0,68.8,6.333333333333333,9.8,1.0239999999999996,0.6159999999999999,0.4080000000000002,0.6,0.0,69.52,0.869,8.706666666666667,5.53553,8.119999999999997,7.01,1,0,0
Dominic Solanke,FWD,Bournemouth,4.2,0,2,25,1,10.8,85,0.03,0.83,0.8,0.65,292,0,1,9.5,38.8,2024-03-30T15:00:00Z,84,9,0,0,0,0,30,0,2975021,1,1,2,45.0,7,-60238,147536,207774,72,True,1,2023-24,30,7.2,,,,,,,,,,,,,FWD,dominic solanke,1,89.33333333333333,89.6,3.333333333333333,4.8,0.8879999999999997,0.8119999999999999,0.0760000000000001,0.2,0.0,89.44,1.0,5.546666666666667,5.04,7.439999999999999,6.87,1,0,0
Erling Haaland,FWD,Man City,3.3,0,0,-2,1,2.4,355,0.02,0.3,0.28,0.68,296,0,0,2.2,0.0,2024-03-31T15:30:00Z,90,1,0,0,0,0,30,0,7759831,1,0,0,24.0,2,79769,185961,106192,143,True,0,2023-24,30,14.3,,,,,,,,,,,,,FWD,erling haaland,1,84.66666666666667,86.8,4.333333333333333,4.6,0.9999999999999996,0.936,0.0640000000000001,0.4,0.0,85.52000000000001,1.0,9.186666666666667,10.01,7.999999999999998,8.18,1,1,0
Gabriel dos Santos Magalhães,DEF,Arsenal,3.2,0,0,19,1,0.6,5,0.0,0.0,0.0,0.95,296,0,0,0.7,6.4,2024-03-31T15:30:00Z,90,13,0,0,0,0,30,0,2723175,1,0,0,0.0,6,-160784,38807,199591,53,False,0,2023-24,30,5.3,,,,,,,,,,,,,DEF,gabriel dos santos magalhães,1,90.0,90.0,3.0,5.4,0.2559999999999995,0.2279999999999996,0.0280000000000002,0.6,0.0,90.0,1.0,4.5200000000000005,3.71,6.679999999999998,6.41,1,0,0
Jakub Kiwior,DEF,Arsenal,6.0,0,0,20,1,10.4,10,0.03,0.03,0.0,0.71,296,0,0,2.1,8.4,2024-03-31T15:30:00Z,65,13,0,0,0,0,30,0,164308,1,0,0,2.0,6,11745,24350,12605,44,False,0,2023-24,30,4.4,,,,,,,,,,,,,DEF,jakub kiwior,1,86.0,87.6,6.666666666666667,7.0,0.1139999999999992,0.0219999999999996,0.092,0.6,0.0,86.64,1.0,7.093333333333334,3.08,5.969999999999996,5.05,1,0,0
John Stones,DEF,Man City,0.0,0,0,0,0,0.0,368,0.0,0.0,0.0,0.0,296,0,0,0.0,0.0,2024-03-31T15:30:00Z,0,1,0,0,0,0,30,0,315437,0,0,0,0.0,0,-1962,11120,13082,53,True,0,2023-24,30,5.3,,,,,,,,,,,,,DEF,john stones,1,90.0,72.0,6.0,4.6,0.2559999999999994,0.2119999999999998,0.0440000000000001,0.4,0.0,82.8,1.0,6.920000000000001,3.71,5.879999999999997,5.18,1,0,0
Luis Díaz,MID,Liverpool,5.5,0,3,29,0,26.3,303,0.49,1.13,0.64,0.39,295,1,1,13.6,37.8,2024-03-31T13:00:00Z,88,5,0,0,0,0,30,0,1058177,1,1,2,72.0,10,35296,85807,50511,75,True,0,2023-24,30,7.5,,,,,,,,,,,,,MID,luis díaz,1,89.33333333333333,87.8,4.0,5.2,0.9199999999999992,0.7979999999999998,0.122,0.2,0.0,88.72,1.0,6.2,5.25,7.599999999999996,8.0,1,0,1
Ollie Watkins,FWD,Aston Villa,5.0,0,0,-3,0,1.8,60,0.01,0.24,0.23,0.96,291,0,0,0.9,0.0,2024-03-30T17:30:00Z,45,20,0,0,0,0,30,0,5922942,1,0,2,8.0,1,-164821,72333,237154,90,True,0,2023-24,30,9.0,,,,,,,,,,,,,FWD,ollie watkins,1,90.0,90.0,5.666666666666667,7.8,0.6979999999999988,0.6239999999999999,0.0739999999999999,0.0,0.0,90.0,1.0,8.133333333333335,6.3,6.489999999999994,6.04,1,0,0
Pascal Groß,MID,Brighton,2.8,0,0,11,0,30.8,134,0.08,0.08,0.0,2.79,295,2,0,5.2,19.6,2024-03-31T13:00:00Z,90,11,0,0,0,0,30,0,773677,1,1,2,2.0,1,-125276,12779,138055,65,False,1,2023-24,30,6.5,,,,,,,,,,,,,MID,pascal groß,1,70.33333333333333,78.2,5.333333333333333,6.8,0.6479999999999988,0.3479999999999998,0.2999999999999999,0.4,0.0,73.47999999999999,0.9185,6.866666666666667,4.179174999999999,6.239999999999994,5.21,0,0,0
Phil Foden,MID,Man City,6.7,0,0,13,1,18.5,353,0.04,0.07,0.03,0.52,296,0,0,2.5,4.0,2024-03-31T15:30:00Z,60,1,0,0,0,0,30,0,3473701,1,0,0,2.0,3,4827,174322,169495,81,True,0,2023-24,30,8.1,,,,,,,,,,,,,MID,phil foden,1,90.0,90.0,9.333333333333334,6.6,0.881999999999999,0.5839999999999999,0.2979999999999999,0.4,0.0,90.0,1.0,10.706666666666669,5.669999999999999,7.409999999999995,7.47,1,0,0
Reece Burke,DEF,Luton,1.2,0,0,1,0,14.3,318,0.32,0.32,0.0,1.26,300,0,0,1.9,2.6,2024-03-30T15:00:00Z,45,18,0,0,0,0,30,0,21570,1,1,2,2.0,0,1438,3830,2392,40,False,1,2023-24,30,4.0,,,,,,,,,,,,,DEF,reece burke,1,90.0,72.0,2.6666666666666665,2.2,0.315999999999999,0.2699999999999999,0.0459999999999999,0.0,0.0,82.8,1.0,3.733333333333333,2.8,4.579999999999995,4.69,0,0,0
Tosin Adarabioyo,DEF,Fulham,4.0,0,0,9,0,0.6,286,0.01,0.06,0.05,1.87,299,3,0,2.1,9.0,2024-03-30T15:00:00Z,84,17,0,0,0,0,30,0,29183,1,3,3,11.0,1,3680,5397,1717,43,False,0,2023-24,30,4.3,,,,,,,,,,,,,DEF,tosin adarabioyo,1,90.0,72.0,4.333333333333333,2.8,0.0819999999999991,0.058,0.0239999999999999,0.4,0.0,82.8,1.0,5.1866666666666665,3.01,5.009999999999996,4.0,0,0,0
Alexis Mac Allister,MID,Liverpool,9.0,0,3,34,0,29.3,304,0.05,0.22,0.17,0.59,308,1,1,9.8,54.8,2024-04-04T18:30:00Z,90,17,0,0,0,0,31,0,454423,1,1,3,14.0,10,55600,62946,7346,58,True,0,2023-24,31,5.8,,,,,,,,,,,,,MID,alexis mac allister,1,90.0,88.0,6.666666666666667,7.4,0.7559999999999999,0.3420000000000001,0.414,0.2,0.0,89.2,1.0,7.653333333333334,4.06,6.779999999999999,6.18,1,0,0
Bart Verbruggen,GK,Brighton,6.7,0,0,25,1,0.0,152,0.0,0.0,0.0,0.5,303,0,0,1.9,19.4,2024-04-03T18:30:00Z,90,4,0,0,0,0,31,2,59813,1,0,0,0.0,6,16068,17264,1196,44,False,0,2023-24,31,4.4,,,,,,,,,,,,,GK,bart verbruggen,1,60.0,72.0,4.666666666666667,4.2,0.0,0.0,0.0,0.4,2.4,64.8,0.8099999999999999,5.493333333333334,2.4948,4.6,4.29,0,0,0
Benjamin White,DEF,Arsenal,9.2,0,0,24,1,2.7,29,0.02,0.02,0.0,0.27,301,0,0,2.0,12.8,2024-04-03T18:30:00Z,90,12,0,0,0,0,31,0,1690843,1,0,2,4.0,6,233435,244289,10854,58,True,0,2023-24,31,5.8,,,,,,,,,,,,,DEF,benjamin white,1,81.33333333333333,80.4,10.0,7.6,0.1339999999999997,0.008,0.1260000000000002,0.6,0.0,80.96000000000001,1.0,10.32,4.06,6.069999999999999,5.35,1,0,0
Bernd Leno,GK,Fulham,2.5,0,0,16,0,0.0,275,0.0,0.0,0.0,1.51,305,3,0,1.4,13.6,2024-04-02T18:30:00Z,90,16,0,0,0,0,31,1,1734335,1,1,3,0.0,1,25343,52132,26789,48,False,0,2023-24,31,4.8,,,,,,,,,,,,,GK,bernd leno,1,90.0,90.0,3.0,4.0,0.0,0.0,0.0,0.4,4.0,90.0,1.0,4.32,3.36,4.6,4.95,1,0,0
Cole Palmer,MID,Chelsea,16.0,0,3,77,0,104.7,362,0.42,2.28,1.86,1.57,307,3,3,32.6,127.6,2024-04-04T19:15:00Z,90,14,0,0,0,0,31,0,4405458,1,3,4,94.0,20,227721,253196,25475,59,True,0,2023-24,31,5.9,,,,,,,,,,,,,MID,cole palmer,1,88.33333333333333,85.0,11.0,9.0,0.7399999999999995,0.444,0.2960000000000001,0.2,0.0,87.0,1.0,11.16,4.13,6.6999999999999975,6.27,1,0,0
Erling Haaland,FWD,Man City,1.8,0,0,0,0,0.0,355,0.0,0.0,0.0,0.0,309,0,0,0.0,0.0,2024-04-03T19:15:00Z,0,2,0,0,0,0,31,0,7782722,0,1,4,0.0,0,19630,118606,98976,143,True,0,2023-24,31,14.3,,,,,,,,,,,,,FWD,erling haaland,1,90.0,86.8,3.333333333333333,4.6,0.7139999999999996,0.6499999999999998,0.0640000000000001,0.6,0.0,88.72,1.0,8.386666666666667,10.01,6.569999999999999,6.78,1,0,1
Gabriel dos Santos Magalhães,DEF,Arsenal,5.8,0,0,25,1,2.6,5,0.01,0.01,0.0,0.27,301,0,0,2.1,18.2,2024-04-03T18:30:00Z,90,12,0,0,0,0,31,0,2823227,1,0,2,0.0,6,94357,122517,28160,53,True,0,2023-24,31,5.3,,,,,,,,,,,,,DEF,gabriel dos santos magalhães,1,90.0,90.0,4.333333333333333,4.2,0.1279999999999995,0.1019999999999996,0.0260000000000002,0.6,0.0,90.0,1.0,5.586666666666667,3.71,6.039999999999997,5.41,1,0,0
Kai Havertz,MID,Arsenal,6.5,1,0,14,1,14.9,6,0.12,0.19,0.07,0.1,301,0,0,6.3,18.4,2024-04-03T18:30:00Z,65,12,0,0,0,0,31,0,436575,1,0,2,30.0,5,87589,99612,12023,72,True,1,2023-24,31,7.2,,,,,,,,,,,,,MID,kai havertz,1,90.0,85.6,8.0,10.0,0.6539999999999992,0.5859999999999999,0.068,0.8,0.0,88.24000000000001,1.0,9.28,5.04,6.269999999999996,6.69,1,0,0
Luis Díaz,MID,Liverpool,7.0,1,1,23,0,69.8,303,0.15,0.29,0.14,0.59,308,1,0,12.2,31.4,2024-04-04T18:30:00Z,90,17,0,0,0,0,31,0,1218130,1,1,3,21.0,6,157470,178576,21106,75,True,0,2023-24,31,7.5,,,,,,,,,,,,,MID,luis díaz,1,89.33333333333333,89.2,5.0,5.4,0.925999999999999,0.7259999999999999,0.2,0.2,0.0,89.28,1.0,7.0,5.25,7.6299999999999955,7.88,1,1,0
Nicolas Jackson,FWD,Chelsea,4.0,0,0,10,0,24.8,211,0.13,0.17,0.04,1.57,307,3,0,5.9,11.6,2024-04-04T19:15:00Z,90,14,0,0,0,0,31,0,535718,1,3,4,23.0,2,-18730,12227,30957,68,True,0,2023-24,31,6.8,,,,,,,,,,,,,FWD,nicolas jackson,1,90.0,85.8,5.333333333333333,4.4,0.6539999999999989,0.5379999999999999,0.1159999999999999,0.2,0.0,88.32,1.0,6.986666666666666,4.76,6.269999999999994,5.39,1,0,0
Phil Foden,MID,Man City,8.8,0,3,78,0,45.3,353,0.53,0.94,0.41,0.69,309,1,3,20.3,115.8,2024-04-03T19:15:00Z,79,2,0,0,0,0,31,0,3405836,1,1,4,42.0,20,-70053,85642,155695,81,True,0,2023-24,31,8.1,,,,,,,,,,,,,MID,phil foden,1,80.0,84.0,6.666666666666667,6.8,0.7859999999999989,0.5499999999999999,0.2359999999999999,0.6,0.0,81.6,1.0,8.573333333333334,5.669999999999999,6.929999999999994,6.74,1,0,0
Reece Burke,DEF,Luton,0.1,0,0,0,0,0.0,318,0.0,0.0,0.0,0.0,301,0,0,0.0,0.0,2024-04-03T18:30:00Z,0,1,0,0,0,0,31,0,19870,0,0,2,0.0,0,-1634,341,1975,40,False,0,2023-24,31,4.0,,,,,,,,,,,,,DEF,reece burke,1,75.0,81.0,2.333333333333333,2.2,0.379999999999999,0.2699999999999999,0.1099999999999999,0.0,0.0,77.4,0.9675,3.466666666666667,2.709,4.899999999999995,4.78,0,0,0
Rodrigo Muniz Carvalho,FWD,Fulham,5.8,0,0,1,0,11.7,279,0.01,0.42,0.41,1.51,305,3,0,4.2,0.0,2024-04-02T18:30:00Z,90,16,0,0,0,0,31,0,1056680,1,1,3,36.0,2,252432,272031,19599,47,False,0,2023-24,31,4.7,,,,,,,,,,,,,FWD,rodrigo muniz carvalho,1,81.0,83.2,7.0,6.8,0.655999999999999,0.6059999999999999,0.05,0.4,0.0,81.88,1.0,7.48,3.29,6.279999999999995,5.24,0,0,0
Rúben Gato Alves Dias,DEF,Man City,3.2,0,0,23,0,4.7,350,0.03,0.03,0.0,0.73,309,1,0,3.4,29.4,2024-04-03T19:15:00Z,90,2,0,0,0,0,31,0,744783,1,1,4,0.0,2,24056,28123,4067,55,True,0,2023-24,31,5.5,,,,,,,,,,,,,DEF,rúben gato alves dias,1,60.0,72.0,2.6666666666666665,4.0,0.055999999999999,0.0339999999999999,0.022,0.6,0.0,64.8,0.8099999999999999,4.333333333333334,3.1185,5.679999999999995,4.83,1,0,0
Trent Alexander-Arnold,DEF,Liverpool,0.0,0,0,0,0,0.0,290,0.0,0.0,0.0,0.0,308,0,0,0.0,0.0,2024-04-04T18:30:00Z,0,17,0,0,0,0,31,0,861352,0,1,3,0.0,0,-14690,837,15527,84,True,0,2023-24,31,8.4,,,,,,,,,,,,,DEF,trent alexander-arnold,1,0.0,0.0,0.0,0.0,0.0,0.0,0.0,0.0,0.0,82.80000000000001,1.0,3.3600000000000003,5.88,3.0,4.55,0,0,0
Alexander Isak,FWD,Newcastle,7.8,0,0,3,1,11.5,415,0.01,0.28,0.27,1.27,315,0,0,6.8,16.0,2024-04-06T14:00:00Z,90,10,0,0,0,0,32,0,2597890,1,1,0,40.0,2,539940,554373,14433,79,False,0,2023-24,32,7.9,,,,,,,,,,,,,FWD,alexander isak,1,90.0,80.4,9.666666666666666,7.8,0.9099999999999998,0.808,0.102,0.2,0.0,86.16,1.0,10.893333333333334,5.53,7.549999999999999,6.75,1,0,0
Alexis Mac Allister,MID,Liverpool,7.0,0,0,16,0,18.0,304,0.05,0.15,0.1,0.71,317,2,0,3.8,15.6,2024-04-07T14:30:00Z,90,14,0,0,0,0,32,0,528794,1,2,2,4.0,2,72078,80678,8600,59,False,0,2023-24,32,5.9,,,,,,,,,,,,,MID,alexis mac allister,1,90.0,89.6,8.0,7.8,0.7139999999999997,0.31,0.4040000000000001,0.2,0.0,89.84,1.0,8.760000000000002,4.13,6.569999999999999,5.95,1,0,0
Benjamin White,DEF,Arsenal,8.0,0,0,21,1,22.8,29,0.07,0.07,0.0,0.53,312,0,0,3.5,12.4,2024-04-06T16:30:00Z,90,5,0,0,0,0,32,0,1871863,1,3,0,0.0,5,177564,188837,11273,59,False,1,2023-24,32,5.9,,,,,,,,,,,,,DEF,benjamin white,1,90.0,84.8,7.666666666666667,7.6,0.1339999999999997,0.008,0.1260000000000002,0.6,0.0,87.92,1.0,8.493333333333334,4.13,6.069999999999999,5.45,1,0,0
Bernd Leno,GK,Fulham,2.6,0,0,18,0,0.0,275,0.0,0.0,0.0,0.59,315,1,0,3.3,32.6,2024-04-06T14:00:00Z,90,15,0,0,0,0,32,4,1723739,1,1,0,0.0,3,-11492,31986,43478,48,True,0,2023-24,32,4.8,,,,,,,,,,,,,GK,bernd leno,1,90.0,90.0,3.0,3.6,0.0,0.0,0.0,0.4,2.8,90.0,1.0,4.32,3.36,4.6,4.55,0,0,0
Cole Palmer,MID,Chelsea,13.7,1,0,18,0,24.3,362,0.07,0.13,0.06,0.68,318,1,0,6.6,25.4,2024-04-07T16:30:00Z,73,17,0,0,0,0,32,0,4828074,1,2,2,16.0,5,413861,420197,6336,60,False,0,2023-24,32,6.0,,,,,,,,,,,,,MID,cole palmer,1,88.33333333333333,85.0,16.0,11.0,1.1179999999999997,0.798,0.3200000000000001,0.2,0.0,87.0,1.0,14.0,4.199999999999999,8.589999999999998,8.69,1,1,0
Gabriel dos Santos Magalhães,DEF,Arsenal,5.8,0,0,18,1,1.3,5,0.01,0.7,0.69,0.53,312,0,0,7.3,16.4,2024-04-06T16:30:00Z,90,5,0,0,0,0,32,0,2923036,1,3,0,55.0,6,96134,110196,14062,53,False,0,2023-24,32,5.3,,,,,,,,,,,,,DEF,gabriel dos santos magalhães,1,90.0,90.0,4.333333333333333,4.2,0.1239999999999994,0.0979999999999996,0.0260000000000002,0.6,0.0,90.0,1.0,5.586666666666667,3.71,6.019999999999998,5.38,1,0,0
Illia Zabarnyi,DEF,Bournemouth,4.1,0,0,8,0,1.1,89,0.0,0.0,0.0,1.4,316,2,0,0.8,6.4,2024-04-06T14:00:00Z,90,12,0,0,0,0,32,0,425346,1,1,2,0.0,1,24914,35076,10162,45,False,0,2023-24,32,4.5,,,,,,,,,,,,,DEF,illia zabarnyi,1,90.0,90.0,5.333333333333333,4.6,0.1479999999999993,0.1299999999999996,0.018,0.4,0.0,90.0,1.0,6.066666666666666,3.15,5.339999999999996,4.58,0,0,0
Luis Díaz,MID,Liverpool,6.7,0,0,23,0,35.6,303,0.36,1.3,0.94,0.71,317,2,1,15.9,42.0,2024-04-07T14:30:00Z,90,14,0,0,0,0,32,0,1227329,1,2,2,81.0,7,9007,58200,49193,76,False,0,2023-24,32,7.6,,,,,,,,,,,,,MID,luis díaz,1,89.33333333333333,89.2,6.0,5.6,0.9139999999999991,0.7279999999999999,0.186,0.2,0.0,89.28,1.0,7.840000000000001,5.319999999999999,7.569999999999996,7.84,1,0,1
Nicolas Jackson,FWD,Chelsea,4.0,0,0,6,0,1.8,211,0.06,0.06,0.0,0.76,318,1,0,1.0,2.4,2024-04-07T16:30:00Z,90,17,0,0,0,0,32,0,558487,1,2,2,6.0,2,21358,36503,15145,68,False,0,2023-24,32,6.8,,,,,,,,,,,,,FWD,nicolas jackson,1,90.0,88.2,4.0,4.6,0.6719999999999989,0.5339999999999999,0.1379999999999999,0.2,0.0,89.28,1.0,5.92,4.76,6.359999999999994,5.5,1,0,0
Norberto Murara Neto,GK,Bournemouth,3.9,0,1,24,0,0.0,77,0.0,0.0,0.0,1.4,316,2,0,5.2,52.0,2024-04-06T14:00:00Z,90,12,0,0,0,0,32,7,739473,1,1,2,0.0,4,48815,61312,12497,47,False,0,2023-24,32,4.7,,,,,,,,,,,,,GK,norberto murara neto,1,90.0,90.0,3.333333333333333,4.2,0.0,0.0,0.0,0.4,3.4,90.0,1.0,4.546666666666667,3.29,4.6,4.71,1,0,0
Phil Foden,MID,Man City,7.2,0,0,0,0,0.0,353,0.0,0.0,0.0,0.0,313,0,0,0.0,0.0,2024-04-06T11:30:00Z,0,8,0,0,0,0,32,0,3938242,0,4,2,0.0,0,521061,548978,27917,82,False,0,2023-24,32,8.2,,,,,,,,,,,,,MID,phil foden,1,76.33333333333333,81.8,8.333333333333334,10.2,0.8679999999999989,0.5699999999999998,0.2979999999999999,0.4,0.0,78.52,0.9815,9.946666666666667,5.633809999999999,7.339999999999994,6.72,1,0,0
Rayan Aït-Nouri,DEF,Wolves,6.0,1,0,8,0,5.0,545,0.01,0.05,0.04,0.05,320,0,0,1.3,1.8,2024-04-06T14:00:00Z,54,19,0,0,0,0,32,0,692115,1,2,1,6.0,4,273339,281537,8198,47,True,0,2023-24,32,4.7,,,,,,,,,,,,,DEF,rayan aït-nouri,1,81.0,81.8,6.666666666666667,6.4,0.3739999999999989,0.2599999999999999,0.1139999999999999,0.2,0.0,81.32,1.0,7.213333333333334,3.29,5.669999999999994,4.84,0,0,0
Rodrigo Muniz Carvalho,FWD,Fulham,5.0,0,0,-2,0,13.0,279,0.02,0.56,0.54,0.59,315,1,0,5.2,0.0,2024-04-06T14:00:00Z,85,15,0,0,0,0,32,0,1056444,1,1,0,40.0,2,47,56328,56281,47,True,0,2023-24,32,4.7,,,,,,,,,,,,,FWD,rodrigo muniz carvalho,1,81.0,83.2,7.0,6.8,0.665999999999999,0.6179999999999999,0.048,0.4,0.0,81.88,1.0,7.48,3.29,6.329999999999995,5.29,0,0,0
Son Heung-min,MID,Spurs,7.7,1,0,21,0,29.1,516,0.22,0.46,0.24,1.56,319,1,0,8.5,24.2,2024-04-07T17:00:00Z,90,16,0,0,0,0,32,0,3871729,1,1,3,32.0,5,25924,132112,106188,101,True,0,2023-24,32,10.1,,,,,,,,,,,,,MID,son heung-min,1,87.66666666666667,88.4,4.666666666666667,7.6,0.671999999999999,0.374,0.298,0.2,0.0,87.96000000000001,1.0,7.773333333333333,7.069999999999999,6.359999999999995,5.86,1,0,0
William Saliba,DEF,Arsenal,6.2,0,0,24,1,2.3,20,0.01,0.01,0.0,0.53,312,0,0,0.9,7.0,2024-04-06T16:30:00Z,90,5,0,0,0,0,32,0,4291271,1,3,0,0.0,5,65788,83501,17713,58,False,1,2023-24,32,5.8,,,,,,,,,,,,,DEF,william saliba,1,90.0,90.0,5.333333333333333,4.8,0.043999999999999,0.0239999999999999,0.02,0.6,0.0,90.0,1.0,6.586666666666666,4.06,5.619999999999996,5.08,1,0,0
Alexander Isak,FWD,Newcastle,8.7,0,2,50,1,13.8,415,0.02,1.53,1.51,0.73,328,0,2,13.9,64.2,2024-04-13T11:30:00Z,90,18,0,0,0,0,33,0,2613419,1,0,4,61.0,12,14652,121887,107235,79,True,0,2023-24,33,7.9,,,,,,,,,,,,,FWD,alexander isak,1,90.0,85.8,8.333333333333334,7.8,0.9559999999999998,0.8540000000000001,0.102,0.4,0.0,88.32,1.0,9.826666666666668,5.53,7.779999999999999,7.13,1,0,1
Alexis Mac Allister,MID,Liverpool,5.0,0,0,10,0,34.9,304,0.2,0.32,0.12,1.87,326,1,0,6.0,23.4,2024-04-14T13:00:00Z,90,8,0,0,0,0,33,0,597288,1,1,0,2.0,2,66286,82955,16669,59,True,0,2023-24,33,5.9,,,,,,,,,,,,,MID,alexis mac allister,1,90.0,90.0,5.333333333333333,6.4,0.6559999999999998,0.33,0.326,0.2,0.0,90.0,1.0,6.626666666666667,4.13,6.279999999999999,5.76,1,0,0
André Onana,GK,Man Utd,2.2,0,0,14,0,0.0,597,0.0,0.0,0.0,1.75,322,2,0,2.9,28.6,2024-04-13T16:30:00Z,90,3,0,0,0,0,33,3,1580003,1,2,2,0.0,2,55449,71527,16078,49,False,0,2023-24,33,4.9,,,,,,,,,,,,,GK,andré onana,1,90.0,90.0,2.333333333333333,4.0,0.0039999999999996,0.0,0.0040000000000001,0.2,5.4,90.0,1.0,3.826666666666667,3.43,3.8199999999999994,4.55,0,0,0
Bart Verbruggen,GK,Brighton,4.0,0,0,15,0,0.0,152,0.0,0.0,0.0,1.7,324,1,0,1.3,13.4,2024-04-13T14:00:00Z,90,6,0,0,0,0,33,2,97055,1,1,1,0.0,2,15707,18026,2319,44,False,0,2023-24,33,4.4,,,,,,,,,,,,,GK,bart verbruggen,1,90.0,72.0,4.0,4.4,0.0,0.0,0.0,0.4,3.2,82.8,1.0,4.960000000000001,3.08,4.6,4.56,1,0,0
Benjamin White,DEF,Arsenal,6.0,0,0,21,1,21.8,29,0.03,0.03,0.0,0.4,321,0,0,5.0,24.6,2024-04-14T15:30:00Z,66,2,0,0,0,0,33,0,1971335,1,2,0,4.0,5,96896,119412,22516,59,True,1,2023-24,33,5.9,,,,,,,,,,,,,DEF,benjamin white,1,90.0,84.8,5.666666666666667,8.2,0.0979999999999997,0.008,0.0900000000000002,0.8,0.0,87.92,1.0,6.893333333333334,4.13,6.689999999999999,5.31,1,0,0
Brennan Johnson,MID,Spurs,5.7,0,0,10,0,20.8,450,0.11,0.14,0.03,2.86,328,4,0,2.9,4.8,2024-04-13T11:30:00Z,90,15,0,0,0,0,33,0,122178,1,0,4,3.0,2,33,13849,13816,58,False,0,2023-24,33,5.8,,,,,,,,,,,,,MID,brennan johnson,1,74.0,77.6,6.333333333333333,5.6,0.8919999999999997,0.6279999999999999,0.2640000000000002,0.2,0.0,75.44,0.943,7.386666666666667,3.828579999999999,7.459999999999998,6.66,1,0,0
Chris Wood,FWD,Nott'm Forest,6.0,0,0,2,0,6.7,468,0.02,0.02,0.0,1.07,329,2,0,1.6,1.2,2024-04-13T14:00:00Z,90,20,0,0,0,0,33,0,249457,1,2,2,8.0,2,72916,80793,7877,49,True,0,2023-24,33,4.9,,,,,,,,,,,,,FWD,chris wood,1,82.33333333333333,82.2,7.333333333333333,6.6,0.6219999999999997,0.518,0.1040000000000002,0.2,0.0,82.28,1.0,7.826666666666667,3.43,6.109999999999999,5.0,0,0,0
Cole Palmer,MID,Chelsea,16.5,0,3,79,1,8.3,362,0.06,2.33,2.27,1.38,325,0,4,23.5,139.6,2024-04-15T19:00:00Z,79,9,0,0,0,0,33,0,5033327,1,0,6,87.0,26,197660,214751,17091,61,True,0,2023-24,33,6.1,,,,,,,,,,,,,MID,cole palmer,1,84.33333333333333,85.6,13.333333333333334,11.6,1.0959999999999996,0.8100000000000002,0.2860000000000001,0.0,0.0,84.84,1.0,13.106666666666667,4.27,8.479999999999999,8.47,1,1,0
Dan Burn,DEF,Newcastle,3.3,0,0,18,1,1.0,407,0.01,0.14,0.13,0.73,328,0,0,1.6,8.4,2024-04-13T11:30:00Z,90,18,0,0,0,0,33,0,574700,1,0,4,7.0,6,19356,34519,15163,45,True,0,2023-24,33,4.5,,,,,,,,,,,,,DEF,dan burn,1,90.0,85.6,3.0,3.6,0.1979999999999997,0.108,0.0900000000000001,0.4,0.0,88.24000000000001,1.0,4.2,3.15,5.589999999999998,4.69,0,0,0
Gabriel dos Santos Magalhães,DEF,Arsenal,5.0,0,0,10,0,2.1,5,0.01,0.01,0.0,1.13,321,2,0,1.9,16.6,2024-04-14T15:30:00Z,90,2,0,0,0,0,33,0,3013384,1,2,0,0.0,0,85944,110099,24155,54,True,1,2023-24,33,5.4,,,,,,,,,,,,,DEF,gabriel dos santos magalhães,1,90.0,90.0,6.0,5.0,0.2159999999999994,0.1939999999999996,0.0220000000000002,0.8,0.0,90.0,1.0,6.960000000000001,3.78,7.279999999999998,6.14,1,0,0
Luis Díaz,MID,Liverpool,6.7,0,0,6,0,2.8,303,0.03,0.27,0.24,1.3,326,1,0,4.6,6.0,2024-04-14T13:00:00Z,65,8,0,0,0,0,33,0,1547614,1,1,0,37.0,2,315294,339520,24226,77,True,0,2023-24,33,7.7,,,,,,,,,,,,,MID,luis díaz,1,89.33333333333333,89.6,7.666666666666667,5.6,0.8019999999999993,0.5539999999999998,0.248,0.2,0.0,89.44,1.0,9.213333333333336,5.39,7.009999999999996,6.93,1,0,0
Mohamed Salah,MID,Liverpool,5.0,0,0,5,0,63.4,308,0.28,0.67,0.39,1.87,326,1,0,12.1,16.8,2024-04-14T13:00:00Z,90,8,0,0,0,0,33,0,4140348,1,1,0,41.0,2,130716,163217,32501,135,True,0,2023-24,33,13.5,,,,,,,,,,,,,MID,mohamed salah,1,79.66666666666667,53.6,5.333333333333333,3.4,0.6979999999999992,0.6099999999999999,0.088,0.0,0.0,69.24000000000001,0.8655000000000002,9.666666666666668,8.178975000000001,6.489999999999996,6.21,1,0,0
Rayan Aït-Nouri,DEF,Wolves,2.6,0,0,0,0,0.0,545,0.0,0.0,0.0,0.0,329,0,0,0.0,0.0,2024-04-13T14:00:00Z,0,16,0,0,0,0,33,0,752270,0,2,2,0.0,0,61316,95887,34571,48,False,0,2023-24,33,4.8,,,,,,,,,,,,,DEF,rayan aït-nouri,1,69.0,77.4,4.666666666666667,4.8,0.3059999999999988,0.2679999999999999,0.0379999999999999,0.0,0.0,72.36,0.9045,5.653333333333334,3.03912,4.529999999999994,4.38,0,0,0
Rodrigo Muniz Carvalho,FWD,Fulham,3.0,0,0,3,1,13.3,279,0.04,0.82,0.78,0.93,330,0,0,9.1,10.0,2024-04-14T13:00:00Z,90,19,0,0,0,0,33,0,976475,1,2,0,68.0,2,-80586,31619,112205,47,False,0,2023-24,33,4.7,,,,,,,,,,,,,FWD,rodrigo muniz carvalho,1,88.33333333333333,83.6,3.333333333333333,5.0,0.7159999999999991,0.704,0.012,0.2,0.0,86.44,1.0,4.546666666666667,3.29,6.579999999999996,5.82,1,0,0
William Saliba,DEF,Arsenal,5.5,0,0,13,0,1.2,20,0.01,0.01,0.0,1.13,321,2,0,1.9,17.6,2024-04-14T15:30:00Z,90,2,0,0,0,0,33,0,4335256,1,2,0,0.0,1,37325,68069,30744,59,True,0,2023-24,33,5.9,,,,,,,,,,,,,DEF,william saliba,1,90.0,90.0,6.333333333333333,5.4,0.019999999999999,0.0,0.02,0.8,0.0,90.0,1.0,7.426666666666667,4.13,6.299999999999995,5.12,1,0,0
Alexander Isak,FWD,Newcastle,7.8,0,0,11,0,14.8,415,0.04,0.1,0.06,0.88,284,2,0,4.0,11.8,2024-04-24T19:00:00Z,90,8,0,0,0,0,34,0,2766906,1,0,2,13.0,2,218394,298522,80128,80,False,0,2023-24,34,8.0,,,,,,,,,,,,,FWD,alexander isak,1,90.0,90.0,7.333333333333333,8.6,1.12,1.016,0.104,0.4,0.0,90.0,1.0,9.066666666666666,5.6,8.6,8.18,1,0,1
Bart Verbruggen,GK,Brighton,1.8,0,0,0,0,0.0,152,0.0,0.0,0.0,0.0,282,0,0,0.0,0.0,2024-04-25T19:00:00Z,0,13,0,0,0,0,34,0,86857,0,4,0,0.0,0,-7941,1752,9693,44,True,0,2023-24,34,4.4,,,,,,,,,,,,,GK,bart verbruggen,1,90.0,90.0,3.333333333333333,4.8,0.0,0.0,0.0,0.4,3.6,90.0,1.0,4.426666666666668,3.08,4.6,4.69,1,0,0
Ben Brereton,MID,Sheffield Utd,9.9,0,0,20,0,1.3,775,0.01,0.41,0.4,2.99,288,4,1,9.0,45.6,2024-04-24T19:00:00Z,90,14,0,0,0,0,34,0,84976,1,2,4,43.0,7,19562,22836,3274,50,False,0,2023-24,34,5.0,,,,,,,,,,,,,MID,ben brereton,1,90.0,84.4,1.3333333333333333,4.8,0.6679999999999998,0.49,0.1800000000000002,0.0,0.0,87.76,1.0,3.0666666666666664,3.5,6.339999999999999,6.06,1,0,0
Benjamin White,DEF,Arsenal,18.0,0,0,25,1,31.1,29,0.21,0.26,0.05,0.14,340,0,0,5.4,16.0,2024-04-20T18:30:00Z,90,20,0,0,0,0,34,0,2211411,1,2,0,7.0,6,168112,192372,24260,60,False,0,2023-24,34,6.0,,,,,,,,,,,,,DEF,benjamin white,1,82.0,85.2,5.333333333333333,6.6,0.0859999999999997,0.0,0.0860000000000002,0.8,0.0,83.28,1.0,6.666666666666667,4.199999999999999,6.629999999999999,5.28,1,0,0
Bruno Borges Fernandes,MID,Man Utd,10.9,1,3,68,0,121.0,373,1.06,1.94,0.88,0.77,288,2,2,28.5,115.0,2024-04-24T19:00:00Z,90,17,0,0,0,0,34,0,1283576,1,2,4,49.0,18,158913,177999,19086,83,True,0,2023-24,34,8.3,,,,,,,,,,,,,MID,bruno borges fernandes,1,90.0,90.0,10.666666666666666,9.0,0.7299999999999995,0.5379999999999999,0.1920000000000002,0.2,0.0,90.0,1.0,11.853333333333332,5.8100000000000005,6.649999999999998,6.61,1,0,0
Cole Palmer,MID,Chelsea,12.2,0,0,0,0,0.0,362,0.0,0.0,0.0,0.0,281,0,0,0.0,0.0,2024-04-23T19:00:00Z,0,1,0,0,0,0,34,0,4938486,0,0,5,0.0,0,85973,206860,120887,62,False,0,2023-24,34,6.2,,,,,,,,,,,,,MID,cole palmer,1,80.66666666666667,83.4,17.0,15.8,1.4179999999999997,1.204,0.2140000000000001,0.2,0.0,81.76,1.0,14.0,4.34,10.089999999999998,10.4,1,1,0
Gabriel dos Santos Magalhães,DEF,Arsenal,12.0,0,0,24,1,1.1,5,0.0,0.0,0.0,0.14,340,0,0,0.9,8.2,2024-04-20T18:30:00Z,90,20,0,0,0,0,34,0,3136247,1,2,0,0.0,6,117732,150467,32735,54,False,0,2023-24,34,5.4,,,,,,,,,,,,,DEF,gabriel dos santos magalhães,1,90.0,90.0,4.0,3.8,0.2059999999999994,0.1939999999999996,0.0120000000000002,0.6,0.0,90.0,1.0,5.36,3.78,6.429999999999998,6.14,1,0,0
Gabriel dos Santos Magalhães,DEF,Arsenal,12.0,0,0,27,1,1.3,5,0.01,0.01,0.0,1.61,281,0,0,2.2,20.8,2024-04-23T19:00:00Z,90,7,0,0,0,0,34,0,3136247,1,0,5,0.0,6,117732,150467,32735,54,True,0,2023-24,34,5.4,,,,,,,,,,,,,DEF,gabriel dos santos magalhães,1,90.0,90.0,4.0,4.8,0.1439999999999995,0.1379999999999996,0.0060000000000002,0.8,0.0,90.0,1.0,5.36,3.78,6.919999999999998,5.7,1,0,0
Mads Roerslev Rasmussen,DEF,Brentford,4.3,0,0,2,0,0.3,114,0.0,0.07,0.07,0.3,336,1,0,0.9,2.8,2024-04-20T14:00:00Z,14,12,0,0,0,0,34,0,67619,0,5,1,6.0,1,-194,4774,4968,44,False,0,2023-24,34,4.4,,,,,,,,,,,,,DEF,mads roerslev rasmussen,1,90.0,82.8,4.0,3.8,0.0479999999999991,0.0,0.048,0.6,0.0,87.12,1.0,4.960000000000001,3.08,5.639999999999995,4.71,0,0,0
Mark Flekken,GK,Brentford,5.3,0,0,12,0,0.0,101,0.0,0.0,0.0,0.59,336,1,0,2.0,19.8,2024-04-20T14:00:00Z,90,12,0,0,0,0,34,2,517243,1,5,1,0.0,2,17507,41734,24227,47,False,0,2023-24,34,4.7,,,,,,,,,,,,,GK,mark flekken,1,90.0,90.0,6.333333333333333,4.8,0.0099999999999992,0.0,0.01,0.4,3.2,90.0,1.0,6.946666666666666,3.29,4.649999999999997,4.66,0,0,0
Mathias Jorgensen,DEF,Brentford,5.1,0,0,0,0,0.0,121,0.0,0.0,0.0,0.0,336,0,0,0.0,0.0,2024-04-20T14:00:00Z,0,12,0,0,0,0,34,0,46649,0,5,1,0.0,0,31199,33214,2015,43,False,0,2023-24,34,4.3,,,,,,,,,,,,,DEF,mathias jorgensen,1,90.0,90.0,7.333333333333333,4.8,0.1519999999999991,0.1139999999999999,0.038,0.4,0.0,90.0,1.0,7.586666666666667,3.01,5.359999999999996,4.54,0,0,0
Mohamed Salah,MID,Liverpool,8.0,0,0,1,0,0.3,308,0.01,0.01,0.0,0.31,335,0,0,0.2,1.6,2024-04-21T15:30:00Z,16,10,0,0,0,0,34,0,4526806,0,3,1,0.0,1,312643,351992,39349,135,False,0,2023-24,34,13.5,,,,,,,,,,,,,MID,mohamed salah,1,79.66666666666667,71.6,3.6666666666666665,3.8,0.8319999999999992,0.688,0.144,0.0,0.0,76.44,0.9555,8.333333333333334,9.029475,7.159999999999996,7.09,1,0,0
Mohamed Salah,MID,Liverpool,8.0,0,0,6,0,15.3,308,0.15,0.82,0.67,1.09,285,2,0,8.4,3.2,2024-04-24T19:00:00Z,90,9,0,0,0,0,34,0,4526806,1,0,2,65.0,2,312643,351992,39349,135,False,0,2023-24,34,13.5,,,,,,,,,,,,,MID,mohamed salah,1,65.33333333333333,69.0,3.6666666666666665,3.8,0.7839999999999991,0.6419999999999999,0.142,0.0,0.0,66.8,0.835,8.333333333333334,7.890749999999999,6.919999999999996,6.23,1,0,0
Oliver McBurnie,FWD,Sheffield Utd,7.1,0,0,0,0,0.0,485,0.0,0.0,0.0,0.0,288,0,0,0.0,0.0,2024-04-24T19:00:00Z,0,14,0,0,0,0,34,0,106185,0,2,4,0.0,0,32226,35589,3363,54,False,0,2023-24,34,5.4,,,,,,,,,,,,,FWD,oliver mcburnie,1,85.66666666666667,74.6,4.0,4.6,0.6859999999999988,0.534,0.1519999999999999,0.0,0.0,81.24,1.0,5.36,3.78,6.429999999999994,5.22,0,0,0
Rodrigo Muniz Carvalho,FWD,Fulham,2.9,1,0,11,0,10.6,279,0.02,0.5,0.48,1.02,335,3,0,6.8,1.4,2024-04-21T15:30:00Z,90,11,0,0,0,0,34,0,690143,1,3,1,56.0,5,-220106,17485,237591,46,True,0,2023-24,34,4.6,,,,,,,,,,,,,FWD,rodrigo muniz carvalho,1,88.33333333333333,83.6,2.0,5.0,0.7639999999999991,0.7439999999999999,0.02,0.4,0.0,86.44,1.0,3.44,3.22,6.819999999999996,6.08,1,0,0
Alexander Isak,FWD,Newcastle,7.7,0,3,50,0,24.2,415,0.09,1.31,1.22,1.48,346,1,2,16.3,73.6,2024-04-27T14:00:00Z,90,17,0,0,0,0,35,0,3721304,1,1,5,65.0,13,861618,888478,26860,82,True,0,2023-24,35,8.2,,,,,,,,,,,,,FWD,alexander isak,1,90.0,90.0,5.333333333333333,7.8,1.116,1.01,0.106,0.4,0.0,90.0,1.0,7.546666666666667,5.739999999999999,8.579999999999998,8.17,1,1,0
Andreas Hoelgebaum Pereira,MID,Fulham,5.8,0,0,13,1,27.0,267,0.1,0.1,0.0,0.87,344,0,0,3.3,6.0,2024-04-27T14:00:00Z,84,8,0,0,0,0,35,0,101239,1,1,1,0.0,3,3241,10585,7344,53,True,0,2023-24,35,5.3,,,,,,,,,,,,,MID,andreas hoelgebaum pereira,1,75.66666666666667,76.2,6.666666666666667,6.2,0.7639999999999998,0.416,0.3480000000000001,0.4,0.0,75.88,0.9485,7.453333333333334,3.518934999999999,6.819999999999999,5.87,1,0,0
Benjamin White,DEF,Arsenal,7.7,0,0,9,0,1.8,29,0.01,0.01,0.0,2.37,348,2,0,2.9,25.6,2024-04-28T13:00:00Z,90,18,0,0,0,0,35,0,2281473,1,3,2,2.0,1,128455,185552,57097,60,False,0,2023-24,35,6.0,,,,,,,,,,,,,DEF,benjamin white,1,82.0,85.2,10.333333333333334,8.4,0.1499999999999997,0.0699999999999999,0.0800000000000002,1.0,0.0,83.28,1.0,10.666666666666668,4.199999999999999,7.749999999999998,5.33,1,0,0
Brennan Johnson,MID,Spurs,3.6,0,0,-1,0,2.2,450,0.01,0.19,0.18,0.78,348,1,0,2.1,2.4,2024-04-28T13:00:00Z,59,1,0,0,0,0,35,0,197594,0,3,2,16.0,1,101128,123163,22035,58,True,0,2023-24,35,5.8,,,,,,,,,,,,,MID,brennan johnson,1,89.0,78.2,4.333333333333333,4.4,0.8359999999999996,0.5579999999999999,0.2780000000000002,0.0,0.0,84.68,1.0,5.786666666666667,4.06,7.179999999999998,6.82,1,0,0
Bruno Borges Fernandes,MID,Man Utd,11.3,0,2,28,0,125.8,373,1.12,1.27,0.15,2.06,345,1,0,18.1,27.4,2024-04-27T14:00:00Z,90,6,0,0,0,0,35,0,1938492,1,1,1,28.0,4,652122,678241,26119,84,True,0,2023-24,35,8.4,,,,,,,,,,,,,MID,bruno borges fernandes,1,90.0,90.0,14.0,10.4,0.8819999999999997,0.5139999999999999,0.3680000000000002,0.0,0.0,90.0,1.0,14.0,5.88,7.409999999999998,7.19,1,0,1
Cole Palmer,MID,Chelsea,18.6,0,0,7,0,39.3,362,0.05,0.45,0.4,0.87,341,2,0,7.0,6.6,2024-04-27T19:00:00Z,90,2,0,0,0,0,35,0,5270983,1,2,2,24.0,2,134709,227790,93081,62,False,0,2023-24,35,6.2,,,,,,,,,,,,,MID,cole palmer,1,50.66666666666666,66.4,10.333333333333334,13.2,1.3899999999999997,1.182,0.2080000000000001,0.2,0.0,56.96,0.712,10.746666666666668,3.09008,7.949999999999997,6.71,1,0,0
Cole Palmer,MID,Chelsea,18.6,1,0,12,1,24.3,362,0.02,1.3,1.28,1.54,255,0,0,6.0,7.2,2024-05-02T18:30:00Z,90,18,0,0,0,0,35,0,5270983,1,0,2,28.0,6,134709,227790,93081,62,True,0,2023-24,35,6.2,,,,,,,,,,,,,MID,cole palmer,1,56.333333333333336,66.4,9.333333333333334,10.6,1.0379999999999996,0.918,0.1200000000000001,0.2,0.0,60.36,0.7545,9.946666666666667,3.2745299999999995,8.189999999999998,6.67,1,0,0
David Raya Martin,GK,Arsenal,5.5,0,0,6,0,0.0,113,0.0,0.0,0.0,2.37,348,2,0,0.0,0.0,2024-04-28T13:00:00Z,90,18,0,0,0,0,35,0,1122738,1,3,2,0.0,1,-14003,42579,56582,52,False,0,2023-24,35,5.2,,,,,,,,,,,,,GK,david raya martin,1,90.0,90.0,5.666666666666667,5.8,0.0039999999999996,0.0,0.004,0.8,1.4,90.0,1.0,6.613333333333334,3.64,6.219999999999999,5.28,0,0,0
Gabriel dos Santos Magalhães,DEF,Arsenal,4.7,0,0,14,0,0.8,5,0.03,0.03,0.0,2.37,348,2,0,1.5,13.8,2024-04-28T13:00:00Z,90,18,0,0,0,0,35,0,3077456,1,3,2,0.0,1,-55775,67390,123165,54,False,0,2023-24,35,5.4,,,,,,,,,,,,,DEF,gabriel dos santos magalhães,1,90.0,90.0,4.0,4.8,0.1459999999999995,0.1379999999999996,0.0080000000000002,0.8,0.0,90.0,1.0,5.36,3.78,6.929999999999998,5.7,1,0,0
James Tarkowski,DEF,Everton,4.2,0,0,24,1,1.2,265,0.01,0.07,0.06,0.84,343,0,0,3.4,25.8,2024-04-27T16:30:00Z,90,4,0,0,0,0,35,0,560948,1,0,1,7.0,5,10379,33996,23617,46,True,1,2023-24,35,4.6,,,,,,,,,,,,,DEF,james tarkowski,1,90.0,90.0,3.6666666666666665,3.4,0.0879999999999992,0.0559999999999997,0.032,0.6,0.0,90.0,1.0,4.773333333333333,3.22,5.839999999999996,5.08,1,0,0
Jarrad Branthwaite,DEF,Everton,6.2,0,0,23,1,0.6,245,0.02,0.02,0.0,0.84,343,0,0,2.4,17.0,2024-04-27T16:30:00Z,90,4,0,0,0,0,35,0,845495,1,0,1,6.0,6,105951,150345,44394,43,True,0,2023-24,35,4.3,,,,,,,,,,,,,DEF,jarrad branthwaite,1,78.66666666666667,83.2,6.333333333333333,5.4,0.0699999999999992,0.0559999999999997,0.0140000000000001,0.6,0.0,80.48,1.0,6.786666666666666,3.01,5.7499999999999964,4.95,0,0,0
Jordan Pickford,GK,Everton,7.2,0,3,31,1,0.0,263,0.01,0.01,0.0,0.84,343,0,0,3.1,31.2,2024-04-27T16:30:00Z,90,4,0,0,0,0,35,4,1629334,1,0,1,0.0,10,72100,128572,56472,47,True,0,2023-24,35,4.7,,,,,,,,,,,,,GK,jordan pickford,1,90.0,90.0,6.0,5.8,0.0139999999999993,0.0,0.0140000000000001,0.6,3.8,90.0,1.0,6.680000000000001,3.29,5.469999999999997,5.9,1,0,0
Joško Gvardiol,DEF,Man City,8.0,0,3,42,1,5.1,616,0.05,0.13,0.08,1.64,347,0,1,9.3,50.6,2024-04-28T15:30:00Z,90,16,0,0,0,0,35,0,652141,1,2,0,37.0,15,141602,190417,48815,49,False,0,2023-24,35,4.9,,,,,,,,,,,,,DEF,joško gvardiol,1,75.0,81.0,6.0,5.8,0.2739999999999992,0.1399999999999997,0.1340000000000001,0.4,0.0,77.4,0.9675,6.760000000000001,3.318525,5.969999999999995,4.91,0,0,0
Rodrigo Muniz Carvalho,FWD,Fulham,3.8,0,0,21,1,1.4,279,0.02,0.73,0.71,0.87,344,0,1,11.4,36.6,2024-04-27T14:00:00Z,84,8,0,0,0,0,35,0,660949,1,1,1,76.0,6,-97207,23155,120362,45,True,0,2023-24,35,4.5,,,,,,,,,,,,,FWD,rodrigo muniz carvalho,1,88.33333333333333,89.0,3.0,3.4,0.579999999999999,0.5559999999999999,0.024,0.2,0.0,88.6,1.0,4.2,3.15,5.899999999999995,5.12,0,0,0
Timo Werner,FWD,Spurs,3.6,0,0,0,0,0.8,776,0.0,0.0,0.0,0.3,348,2,0,0.5,0.2,2024-04-28T13:00:00Z,30,1,0,0,0,0,35,0,150482,1,3,2,4.0,1,52694,66272,13578,63,True,0,2023-24,35,6.3,,,,,,,,,,,,,FWD,timo werner,1,82.0,72.0,4.333333333333333,3.2,0.7559999999999991,0.414,0.3419999999999999,0.0,0.0,78.0,0.975,5.986666666666666,4.29975,6.779999999999996,5.18,1,0,0
Alexander Isak,FWD,Newcastle,9.0,1,0,28,1,11.8,415,0.08,1.72,1.64,0.68,354,0,1,12.6,40.4,2024-05-04T14:00:00Z,76,6,0,1,0,0,36,0,4183973,1,4,1,74.0,7,464029,479054,15025,83,False,0,2023-24,36,8.3,,,,,,,,,,,,,FWD,alexander isak,1,90.0,90.0,9.0,7.4,0.964,0.8800000000000001,0.084,0.4,0.0,90.0,1.0,10.52,5.8100000000000005,7.819999999999999,7.43,1,0,1
Andreas Hoelgebaum Pereira,MID,Fulham,5.8,0,0,6,1,29.6,267,0.03,0.21,0.18,0.62,352,0,0,4.8,3.4,2024-05-04T14:00:00Z,74,4,0,0,0,0,36,0,100303,1,0,0,15.0,3,-1414,5402,6816,53,False,0,2023-24,36,5.3,,,,,,,,,,,,,MID,andreas hoelgebaum pereira,1,82.33333333333333,76.2,6.666666666666667,5.8,0.7479999999999998,0.416,0.3320000000000001,0.6,0.0,79.88,0.9985,7.453333333333334,3.7044349999999993,6.739999999999998,6.2,1,0,0
Ashley Young,DEF,Everton,3.3,0,0,19,0,0.7,588,0.01,0.01,0.0,0.58,358,1,0,1.5,14.4,2024-05-03T19:00:00Z,66,12,0,0,0,0,36,0,40225,1,1,1,0.0,2,2952,3844,892,44,False,0,2023-24,36,4.4,,,,,,,,,,,,,DEF,ashley young,1,75.0,79.4,4.666666666666667,3.6,0.0499999999999997,0.034,0.0160000000000002,0.6,0.0,76.76,0.9595,5.493333333333334,2.95526,5.649999999999999,4.79,0,0,0
Bruno Borges Fernandes,MID,Man Utd,6.9,0,0,0,0,0.0,373,0.0,0.0,0.0,0.0,356,0,0,0.0,0.0,2024-05-06T19:00:00Z,0,8,0,0,0,0,36,0,1911884,0,0,4,0.0,0,-14621,129602,144223,85,False,0,2023-24,36,8.5,,,,,,,,,,,,,MID,bruno borges fernandes,1,90.0,90.0,12.333333333333334,10.8,1.0539999999999996,0.5239999999999998,0.5300000000000002,0.0,0.0,90.0,1.0,13.266666666666667,5.949999999999999,8.269999999999998,7.94,1,1,0
Bukayo Saka,MID,Arsenal,7.6,0,2,33,1,65.5,19,0.53,1.75,1.22,0.37,351,0,1,19.9,50.8,2024-05-04T11:30:00Z,85,3,0,0,0,0,36,0,6068655,1,0,3,83.0,10,57790,128724,70934,90,True,0,2023-24,36,9.0,,,,,,,,,,,,,MID,bukayo saka,1,87.0,82.8,7.0,6.6,0.6619999999999997,0.4619999999999999,0.2020000000000002,0.6,0.0,85.32,1.0,9.2,6.3,6.309999999999999,6.23,1,0,0
Cole Palmer,MID,Chelsea,8.4,0,0,44,1,50.9,362,0.58,0.91,0.33,1.0,355,0,1,13.2,51.6,2024-05-05T13:00:00Z,88,19,0,0,0,0,36,0,5366996,1,0,5,29.0,8,88581,100781,12200,62,True,0,2023-24,36,6.2,,,,,,,,,,,,,MID,cole palmer,1,60.0,66.4,2.6666666666666665,7.8,0.8419999999999994,0.8019999999999999,0.0400000000000001,0.4,0.0,62.56,0.782,4.613333333333333,3.39388,7.209999999999997,6.19,1,0,0
Gabriel dos Santos Magalhães,DEF,Arsenal,5.0,0,1,27,1,1.3,5,0.01,0.14,0.13,0.37,351,0,0,1.7,8.6,2024-05-04T11:30:00Z,90,3,0,0,0,0,36,0,3091835,1,0,3,7.0,7,7325,57942,50617,54,True,0,2023-24,36,5.4,,,,,,,,,,,,,DEF,gabriel dos santos magalhães,1,90.0,90.0,4.333333333333333,3.8,0.1499999999999995,0.1379999999999996,0.0120000000000002,0.6,0.0,90.0,1.0,5.626666666666667,3.78,6.149999999999997,5.7,1,0,0
Jarrad Branthwaite,DEF,Everton,6.5,1,0,22,0,11.2,245,0.17,0.17,0.0,0.96,358,1,0,4.0,24.8,2024-05-03T19:00:00Z,90,12,0,0,0,0,36,0,1082140,1,1,1,4.0,5,231595,245618,14023,44,False,0,2023-24,36,4.4,,,,,,,,,,,,,DEF,jarrad branthwaite,1,90.0,83.2,8.666666666666666,6.2,0.0719999999999992,0.0559999999999997,0.0160000000000001,0.8,0.0,87.28,1.0,8.693333333333333,3.08,6.559999999999996,5.0,1,0,0
Jordan Pickford,GK,Everton,6.7,0,0,16,0,0.0,263,0.01,0.01,0.0,0.96,358,1,0,3.0,29.8,2024-05-03T19:00:00Z,90,12,0,0,0,0,36,4,1797610,1,1,1,0.0,3,160806,177379,16573,48,False,0,2023-24,36,4.8,,,,,,,,,,,,,GK,jordan pickford,1,90.0,90.0,9.333333333333334,7.2,0.0079999999999993,0.0,0.0080000000000001,0.8,3.8,90.0,1.0,9.386666666666668,3.36,6.239999999999997,5.91,1,0,0
Joško Gvardiol,DEF,Man City,10.8,1,1,29,0,25.2,616,0.11,0.51,0.4,0.35,359,1,0,8.8,18.6,2024-05-04T16:30:00Z,90,20,0,0,0,0,36,0,1099340,1,1,5,44.0,6,442271,451376,9105,50,True,0,2023-24,36,5.0,,,,,,,,,,,,,DEF,joško gvardiol,1,90.0,81.0,11.0,7.0,0.2579999999999993,0.1479999999999997,0.1100000000000001,0.4,0.0,86.4,1.0,10.8,3.5,5.889999999999997,5.04,1,0,0
Julián Álvarez,FWD,Man City,5.5,0,0,27,0,2.0,343,0.0,0.32,0.32,0.0,359,0,1,5.2,33.0,2024-05-04T16:30:00Z,8,20,0,0,0,0,36,0,1794495,0,1,5,17.0,5,-34172,38835,73007,64,True,0,2023-24,36,6.4,,,,,,,,,,,,,FWD,julián álvarez,1,89.33333333333333,86.2,4.333333333333333,3.4,0.7059999999999993,0.5619999999999997,0.144,0.4,0.0,88.08,1.0,6.026666666666667,4.48,6.529999999999997,5.63,1,0,0
Kai Havertz,MID,Arsenal,8.2,1,0,23,1,35.3,6,0.16,0.43,0.27,0.37,351,0,0,10.6,20.4,2024-05-04T11:30:00Z,90,3,0,0,0,0,36,0,962251,1,0,3,50.0,5,166020,181973,15953,75,True,1,2023-24,36,7.5,,,,,,,,,,,,,MID,kai havertz,1,83.66666666666667,85.8,10.0,9.0,0.7599999999999991,0.5079999999999998,0.2540000000000001,0.6,0.0,84.52000000000001,1.0,11.0,5.25,6.799999999999995,6.7,1,0,0
Marcos Senesi,DEF,Bournemouth,4.6,0,0,11,0,0.9,83,0.01,0.01,0.0,3.89,351,2,0,2.4,23.2,2024-05-04T11:30:00Z,79,1,0,0,0,0,36,0,273950,1,0,3,0.0,1,7030,21254,14224,44,False,0,2023-24,36,4.4,,,,,,,,,,,,,DEF,marcos senesi,1,79.33333333333333,66.4,6.333333333333333,5.6,0.2119999999999991,0.1879999999999999,0.024,0.4,0.0,74.16,0.927,6.826666666666666,2.85516,5.659999999999995,4.78,0,0,0
Rodrigo Muniz Carvalho,FWD,Fulham,3.8,0,0,3,1,0.8,279,0.01,0.13,0.12,0.62,352,0,0,3.2,8.4,2024-05-04T14:00:00Z,63,4,0,0,0,0,36,0,622876,1,0,0,23.0,2,-40685,18034,58719,45,False,0,2023-24,36,4.5,,,,,,,,,,,,,FWD,rodrigo muniz carvalho,1,88.0,87.8,4.333333333333333,3.4,0.6059999999999991,0.5839999999999999,0.022,0.4,0.0,87.91999999999999,1.0,5.266666666666667,3.15,6.029999999999996,5.25,0,0,0
Đorđe Petrović,GK,Chelsea,5.0,0,0,31,1,0.0,687,0.0,0.0,0.0,1.04,355,0,0,1.3,13.4,2024-05-05T13:00:00Z,90,19,0,0,0,0,36,2,593526,1,0,5,0.0,6,82945,92078,9133,46,True,0,2023-24,36,4.6,,,,,,,,,,,,,GK,đorđe petrović,1,90.0,90.0,4.333333333333333,4.2,0.0,0.0,0.0,0.4,3.6,90.0,1.0,5.306666666666667,3.22,4.6,4.73,0,0,0
Alexander Isak,FWD,Newcastle,10.4,0,0,3,0,1.8,415,0.01,0.21,0.2,1.18,366,1,0,2.8,3.0,2024-05-11T14:00:00Z,67,5,0,0,0,0,37,0,4697648,1,1,1,23.0,2,462524,492434,29910,84,True,0,2023-24,37,8.4,,,,,,,,,,,,,FWD,alexander isak,1,85.33333333333333,87.2,7.333333333333333,7.2,0.988,0.94,0.048,0.6,0.0,86.08,1.0,9.226666666666668,5.88,7.939999999999999,7.53,1,0,1
Alexander Isak,FWD,Newcastle,10.4,0,0,-1,0,25.9,415,0.15,0.49,0.34,1.44,337,3,0,5.4,5.2,2024-05-15T19:00:00Z,90,14,0,0,0,0,37,0,4697648,1,2,3,23.0,2,462524,492434,29910,84,False,0,2023-24,37,8.4,,,,,,,,,,,,,FWD,alexander isak,1,77.66666666666667,82.6,7.333333333333333,7.2,0.974,0.926,0.048,0.4,0.0,79.64,0.9955,9.226666666666668,5.853540000000001,7.869999999999999,7.04,1,0,1
Ben Brereton,MID,Sheffield Utd,3.7,0,0,2,0,16.8,775,0.03,0.23,0.2,2.16,363,1,0,2.9,0.2,2024-05-11T14:00:00Z,90,9,0,0,0,0,37,0,22125,1,0,1,12.0,2,-3155,2065,5220,50,False,0,2023-24,37,5.0,,,,,,,,,,,,,MID,ben brereton,1,90.0,90.0,5.666666666666667,4.0,0.6219999999999997,0.5820000000000001,0.0400000000000002,0.0,0.0,90.0,1.0,6.533333333333334,3.5,6.109999999999999,6.2,1,0,0
Benjamin White,DEF,Arsenal,8.8,0,0,25,1,13.1,29,0.05,0.09,0.04,0.64,365,0,0,4.4,20.6,2024-05-12T15:30:00Z,90,14,0,0,0,0,37,0,2392024,1,1,0,10.0,6,-27486,76737,104223,61,False,0,2023-24,37,6.1,,,,,,,,,,,,,DEF,benjamin white,1,90.0,85.2,9.0,7.6,0.1999999999999996,0.088,0.1120000000000002,0.8,0.0,88.08000000000001,1.0,9.64,4.27,7.199999999999998,5.64,0,0,0
Bukayo Saka,MID,Arsenal,5.7,0,0,5,1,44.1,19,0.27,0.61,0.34,0.62,365,0,0,10.2,17.0,2024-05-12T15:30:00Z,81,14,0,0,0,0,37,0,5520258,1,1,0,41.0,2,-480537,41767,522304,89,False,1,2023-24,37,8.9,,,,,,,,,,,,,MID,bukayo saka,1,85.33333333333333,87.2,9.333333333333334,6.6,0.7699999999999998,0.5079999999999999,0.2620000000000002,0.6,0.0,86.08,1.0,11.026666666666667,6.23,6.849999999999999,6.81,1,0,0
Cole Palmer,MID,Chelsea,10.0,1,1,28,0,72.8,362,0.73,1.18,0.45,1.62,367,2,0,11.9,34.4,2024-05-11T16:30:00Z,90,16,0,0,0,0,37,0,5537713,1,3,2,12.0,6,150092,156909,6817,63,False,0,2023-24,37,6.3,,,,,,,,,,,,,MID,cole palmer,1,89.33333333333333,69.4,5.333333333333333,8.4,0.9979999999999996,0.8560000000000001,0.1420000000000001,0.6,0.0,81.36,1.0,6.786666666666667,4.409999999999999,7.989999999999997,8.25,1,1,0
Joachim Andersen,DEF,Crystal Palace,4.0,0,0,13,0,10.7,220,0.09,0.09,0.0,1.57,370,1,0,3.9,24.6,2024-05-11T14:00:00Z,90,20,0,0,0,0,37,0,1534872,1,3,1,4.0,2,-27241,44985,72226,47,False,0,2023-24,37,4.7,,,,,,,,,,,,,DEF,joachim andersen,1,90.0,90.0,4.666666666666667,5.2,0.1899999999999993,0.0759999999999997,0.1140000000000001,0.6,0.0,90.0,1.0,5.613333333333334,3.29,6.349999999999996,5.58,0,0,0
Jordan Pickford,GK,Everton,8.3,0,2,27,1,0.0,263,0.0,0.0,0.0,0.64,363,0,0,1.7,17.2,2024-05-11T14:00:00Z,90,17,0,0,0,0,37,1,1836905,1,0,1,0.0,8,45624,99916,54292,48,True,0,2023-24,37,4.8,,,,,,,,,,,,,GK,jordan pickford,1,90.0,90.0,7.666666666666667,6.2,0.0079999999999993,0.0,0.0080000000000001,0.6,4.4,90.0,1.0,8.053333333333335,3.36,5.439999999999996,6.11,1,0,0
Joško Gvardiol,DEF,Man City,23.1,0,0,25,1,3.4,616,0.02,0.1,0.08,1.33,339,0,0,2.5,16.0,2024-05-14T19:00:00Z,90,18,0,0,0,0,37,0,1644819,1,2,0,6.0,6,508892,529156,20264,51,False,0,2023-24,37,5.1,,,,,,,,,,,,,DEF,joško gvardiol,1,90.0,90.0,14.0,12.0,0.3799999999999993,0.3099999999999997,0.07,0.6,0.0,90.0,1.0,13.240000000000002,3.5699999999999994,7.299999999999997,7.22,1,0,0
Kai Havertz,MID,Arsenal,9.2,1,0,18,1,24.7,6,0.5,0.5,0.0,0.64,365,0,0,5.6,25.6,2024-05-12T15:30:00Z,90,14,0,0,0,0,37,0,859649,1,1,0,6.0,6,-83580,54286,137866,75,False,0,2023-24,37,7.5,,,,,,,,,,,,,MID,kai havertz,1,83.66666666666667,86.2,10.666666666666666,7.2,0.6259999999999991,0.4399999999999998,0.188,0.6,0.0,84.68,1.0,11.533333333333331,5.25,6.129999999999996,6.01,0,0,0
Kevin De Bruyne,MID,Man City,15.1,1,0,30,1,93.8,349,0.56,0.68,0.12,0.12,364,0,0,16.1,37.0,2024-05-11T11:30:00Z,74,10,0,0,0,0,37,0,2140414,1,4,0,30.0,6,104849,208180,103331,106,False,0,2023-24,37,10.6,,,,,,,,,,,,,MID,kevin de bruyne,1,79.0,81.4,7.333333333333333,8.4,0.7099999999999994,0.1459999999999997,0.564,0.6,0.0,79.96000000000001,0.9995,10.106666666666667,7.416289999999999,6.549999999999997,6.03,1,0,0
Manuel Akanji,DEF,Man City,12.7,0,0,25,1,1.6,341,0.03,0.03,0.0,1.33,339,0,0,1.2,10.2,2024-05-14T19:00:00Z,90,18,0,0,0,0,37,0,610493,1,2,0,0.0,6,15874,35003,19129,50,False,0,2023-24,37,5.0,,,,,,,,,,,,,DEF,manuel akanji,1,90.0,90.0,5.333333333333333,4.8,0.1999999999999991,0.1559999999999999,0.044,0.6,0.0,90.0,1.0,6.266666666666667,3.5,6.399999999999995,5.91,1,0,0
Nicolas Jackson,FWD,Chelsea,11.0,0,0,2,1,14.2,211,0.03,0.66,0.63,0.75,332,0,0,3.2,4.6,2024-05-15T18:45:00Z,89,5,0,0,0,0,37,0,1977366,1,2,1,13.0,2,751411,767599,16188,70,False,0,2023-24,37,7.0,,,,,,,,,,,,,FWD,nicolas jackson,1,90.0,90.0,9.0,6.2,0.7999999999999989,0.7659999999999998,0.0339999999999999,0.4,0.0,90.0,1.0,10.0,4.9,6.999999999999995,6.61,1,0,0
Tyrick Mitchell,DEF,Crystal Palace,4.4,0,0,15,0,1.0,234,0.02,0.18,0.16,1.25,370,1,0,1.9,9.8,2024-05-11T14:00:00Z,69,20,0,0,0,0,37,0,507767,1,3,1,8.0,2,18705,53665,34960,45,False,0,2023-24,37,4.5,,,,,,,,,,,,,DEF,tyrick mitchell,1,88.0,88.8,6.666666666666667,6.4,0.213999999999999,0.096,0.118,0.6,0.0,88.32,1.0,7.133333333333334,3.15,6.469999999999995,5.73,1,0,0
Đorđe Petrović,GK,Chelsea,7.4,0,0,12,0,0.0,687,0.0,0.0,0.0,1.62,367,2,0,1.8,17.8,2024-05-11T16:30:00Z,90,16,0,0,0,0,37,2,936843,1,3,2,0.0,1,298263,309808,11545,47,False,0,2023-24,37,4.7,,,,,,,,,,,,,GK,đorđe petrović,1,90.0,90.0,5.666666666666667,5.0,0.0,0.0,0.0,0.6,3.4,90.0,1.0,6.413333333333334,3.29,5.4,5.73,0,0,0
Alexander Isak,FWD,Newcastle,7.6,2,2,50,0,24.7,415,0.49,1.37,0.88,1.13,372,2,1,13.7,59.6,2024-05-19T15:00:00Z,80,4,0,0,0,0,38,0,4444999,1,4,2,53.0,14,-184105,56415,240520,84,False,0,2023-24,38,8.4,,,,,,,,,,,,,FWD,alexander isak,1,77.66666666666667,82.6,3.6666666666666665,5.2,0.7659999999999998,0.692,0.074,0.2,0.0,79.64,0.9955,6.293333333333334,5.853540000000001,6.829999999999999,5.84,1,0,0
Andreas Hoelgebaum Pereira,MID,Fulham,2.5,0,0,0,0,0.0,267,0.0,0.0,0.0,0.0,378,0,0,0.0,0.0,2024-05-19T15:00:00Z,0,12,0,0,0,0,38,0,94716,0,4,2,0.0,0,40,6435,6395,53,False,0,2023-24,38,5.3,,,,,,,,,,,,,MID,andreas hoelgebaum pereira,1,77.0,78.8,2.6666666666666665,5.0,0.5319999999999998,0.382,0.1500000000000001,0.6,0.0,77.72,0.9715,4.253333333333334,3.604265,5.659999999999999,5.24,0,0,0
Arijanet Muric,GK,Burnley,5.7,0,0,16,0,0.0,172,0.0,0.0,0.0,1.45,374,2,0,2.9,29.2,2024-05-19T15:00:00Z,90,16,0,0,0,0,38,4,69619,1,2,1,0.0,2,29194,31137,1943,43,True,0,2023-24,38,4.3,,,,,,,,,,,,,GK,arijanet muric,1,90.0,90.0,7.666666666666667,6.6,0.0059999999999997,0.0,0.0060000000000002,0.0,8.2,90.0,1.0,7.853333333333333,3.01,3.0299999999999985,5.33,0,0,0
Ben Brereton,MID,Sheffield Utd,2.5,0,0,-1,0,0.9,775,0.01,0.31,0.3,2.34,380,3,0,0.5,0.0,2024-05-19T15:00:00Z,69,18,0,0,0,0,38,0,19389,1,3,0,10.0,2,-3223,845,4068,50,True,0,2023-24,38,5.0,,,,,,,,,,,,,MID,ben brereton,1,90.0,90.0,4.0,4.2,0.5619999999999997,0.53,0.0320000000000002,0.0,0.0,90.0,1.0,5.2,3.5,5.809999999999999,5.81,1,0,0
Benjamin White,DEF,Arsenal,4.8,0,0,12,0,27.7,29,0.05,0.05,0.0,0.5,371,1,0,4.2,9.8,2024-05-19T15:00:00Z,68,9,0,0,0,0,38,0,2554998,1,1,2,4.0,2,123102,143812,20710,61,True,0,2023-24,38,6.1,,,,,,,,,,,,,DEF,benjamin white,1,90.0,90.0,4.333333333333333,7.8,0.2119999999999997,0.096,0.1160000000000002,0.8,0.0,90.0,1.0,5.906666666666666,4.27,7.259999999999999,5.75,1,0,0
Bukayo Saka,MID,Arsenal,5.2,0,0,0,0,0.0,19,0.0,0.0,0.0,0.0,371,0,0,0.0,0.0,2024-05-19T15:00:00Z,0,9,0,0,0,0,38,0,5341184,0,1,2,0.0,0,-228940,81398,310338,88,True,0,2023-24,38,8.8,,,,,,,,,,,,,MID,bukayo saka,1,85.33333333333333,85.4,8.0,6.6,0.7299999999999998,0.4679999999999998,0.2620000000000002,0.8,0.0,85.36,1.0,9.920000000000002,6.16,6.649999999999999,6.51,1,0,0
Cole Palmer,MID,Chelsea,6.0,1,1,23,0,50.8,362,0.19,0.34,0.15,1.58,375,1,0,10.3,29.2,2024-05-19T15:00:00Z,88,3,0,0,0,0,38,0,5600473,1,1,2,23.0,6,63100,74885,11785,63,True,0,2023-24,38,6.3,,,,,,,,,,,,,MID,cole palmer,1,89.33333333333333,89.6,7.333333333333333,6.0,0.9359999999999996,0.5760000000000001,0.3600000000000001,0.4,0.0,89.44,1.0,8.386666666666667,4.409999999999999,7.679999999999998,7.65,1,1,0
Erling Haaland,FWD,Man City,8.2,0,0,-4,0,3.0,355,0.01,0.77,0.76,0.36,379,1,0,3.1,0.0,2024-05-19T15:00:00Z,90,19,0,0,0,0,38,0,8038311,1,1,3,33.0,2,126157,157963,31806,143,True,0,2023-24,38,14.3,,,,,,,,,,,,,FWD,erling haaland,1,84.33333333333333,56.2,12.0,8.2,1.0079999999999996,0.9759999999999998,0.0320000000000001,0.4,0.0,73.08,0.9135,14.0,9.144135,8.039999999999997,7.45,1,0,1
Jordan Pickford,GK,Everton,4.5,0,0,14,0,0.0,263,0.01,0.01,0.0,2.89,371,2,0,3.1,31.0,2024-05-19T15:00:00Z,90,1,0,0,0,0,38,4,1761129,1,1,2,0.0,1,-75516,33400,108916,48,False,1,2023-24,38,4.8,,,,,,,,,,,,,GK,jordan pickford,1,90.0,90.0,7.0,7.8,0.0079999999999993,0.0,0.0080000000000001,0.8,3.8,90.0,1.0,7.52,3.36,6.239999999999997,5.91,1,0,0
Joško Gvardiol,DEF,Man City,10.3,0,0,14,0,19.3,616,0.08,0.17,0.09,0.36,379,1,0,4.4,14.0,2024-05-19T15:00:00Z,90,19,0,0,0,0,38,0,2007425,1,1,3,11.0,2,364826,376270,11444,52,True,0,2023-24,38,5.2,,,,,,,,,,,,,DEF,joško gvardiol,1,90.0,90.0,11.0,10.8,0.3099999999999993,0.2639999999999997,0.0460000000000001,0.8,0.0,90.0,1.0,10.88,3.64,7.7499999999999964,6.76,1,0,0
Manuel Akanji,DEF,Man City,6.0,0,0,14,0,16.5,341,0.26,0.37,0.11,0.31,379,1,0,4.4,13.8,2024-05-19T15:00:00Z,70,19,0,0,0,0,38,0,608626,1,1,3,14.0,2,-2447,14942,17389,50,True,0,2023-24,38,5.0,,,,,,,,,,,,,DEF,manuel akanji,1,90.0,90.0,4.666666666666667,5.6,0.1579999999999991,0.1419999999999999,0.016,0.8,0.0,90.0,1.0,5.733333333333334,3.5,6.989999999999996,5.68,0,0,0
Marcos Senesi,DEF,Bournemouth,4.5,0,0,19,0,36.3,83,0.07,0.18,0.11,0.72,375,2,0,8.2,37.2,2024-05-19T15:00:00Z,83,7,0,0,0,0,38,0,265469,1,1,2,8.0,0,-9050,12776,21826,44,False,1,2023-24,38,4.4,,,,,,,,,,,,,DEF,marcos senesi,1,86.33333333333333,81.4,6.0,4.8,0.2459999999999991,0.1879999999999999,0.058,0.4,0.0,84.36,1.0,6.5600000000000005,3.08,5.829999999999995,5.09,0,0,0
Nicolas Jackson,FWD,Chelsea,5.5,0,0,11,0,30.0,211,0.12,0.39,0.27,2.15,375,1,0,7.9,10.6,2024-05-19T15:00:00Z,90,3,0,0,0,0,38,0,1951147,1,1,2,38.0,2,39070,108750,69680,70,True,0,2023-24,38,7.0,,,,,,,,,,,,,FWD,nicolas jackson,1,89.66666666666667,89.8,7.666666666666667,6.2,0.845999999999999,0.8099999999999999,0.0359999999999999,0.6,0.0,89.72,1.0,8.933333333333334,4.9,7.229999999999995,6.85,1,0,0
Son Heung-min,MID,Spurs,5.5,1,1,31,1,53.7,516,0.44,0.57,0.13,0.7,380,0,0,13.5,34.8,2024-05-19T15:00:00Z,87,17,0,0,0,0,38,0,3755760,1,3,0,46.0,7,43049,176181,133132,100,False,0,2023-24,38,10.0,,,,,,,,,,,,,MID,son heung-min,1,90.0,90.0,3.6666666666666665,4.0,0.627999999999999,0.442,0.186,0.0,0.0,90.0,1.0,6.933333333333334,7.0,6.139999999999995,5.94,1,0,0
Takehiro Tomiyasu,DEF,Arsenal,6.5,0,1,25,0,18.1,25,0.09,0.52,0.43,0.5,371,1,1,9.9,43.8,2024-05-19T15:00:00Z,90,9,0,0,0,0,38,0,51192,1,1,2,37.0,9,18218,18965,747,45,True,0,2023-24,38,4.5,,,,,,,,,,,,,DEF,takehiro tomiyasu,1,90.0,68.2,4.333333333333333,3.8,0.1839999999999991,0.156,0.0279999999999999,0.6,0.0,81.28,1.0,5.266666666666667,3.15,6.319999999999995,5.72,1,0,0
Bernd Leno,GK,Fulham,5.8,0,2,27,0,0.0,275,0.0,0.0,0.0,3.25,21,2,0,6.0,60.4,2023-08-26T14:00:00Z,90,1,0,0,0,0,3,8,926182,1,2,2,0.0,5,14385,75968,61583,45,False,0,2023-24,3,4.5,,,,,,,,,,,,,GK,bernd leno,1,90.0,90.0,5.666666666666667,5.4,0.0,0.0,0.0,0.4,4.8,90.0,1.0,6.333333333333334,3.15,4.6,5.09,0,0,0
Bruno Borges Fernandes,MID,Man Utd,5.8,1,3,35,0,48.8,373,0.54,1.75,1.21,1.24,28,2,1,16.3,65.6,2023-08-26T14:00:00Z,90,16,0,0,0,0,3,0,2084571,1,2,3,49.0,12,-292843,59506,352349,85,True,1,2023-24,3,8.5,,,,,,,,,,,,,MID,bruno borges fernandes,1,87.66666666666667,87.6,4.666666666666667,5.0,0.8919999999999995,0.5299999999999999,0.3620000000000002,0.6,0.0,87.64,1.0,7.133333333333335,5.949999999999999,7.459999999999997,7.44,1,0,0
Bryan Mbeumo,MID,Brentford,8.3,0,0,10,0,41.0,108,0.25,0.29,0.04,0.8,23,1,0,6.3,11.0,2023-08-26T14:00:00Z,90,8,0,0,0,0,3,0,2276776,1,1,1,11.0,2,1118529,1150369,31840,67,True,0,2023-24,3,6.7,,,,,,,,,,,,,MID,bryan mbeumo,1,89.33333333333333,89.6,9.333333333333334,10.6,1.1219999999999997,0.8959999999999999,0.2260000000000002,0.6,0.0,89.44,1.0,10.146666666666668,4.69,8.61,9.45,1,1,0
Connor Roberts,DEF,Burnley,0.5,0,0,15,0,10.5,176,0.12,0.12,0.0,2.51,25,3,0,3.0,19.8,2023-08-27T13:00:00Z,90,2,0,0,0,0,3,0,26608,1,3,1,0.0,1,-1871,402,2273,45,True,0,2023-24,3,4.5,,,,,,,,,,,,,DEF,connor roberts,1,89.0,89.5,1.5,1.25,0.3674999999999994,0.2825,0.0850000000000001,0.0,0.0,89.2,1.0,3.0,3.15,4.837499999999997,5.11,1,0,0
Eberechi Eze,MID,Crystal Palace,2.3,0,0,7,0,20.8,226,0.07,0.42,0.35,0.97,23,1,0,5.9,17.0,2023-08-26T14:00:00Z,90,4,0,0,0,0,3,0,1144214,1,1,1,21.0,2,-206379,36822,243201,64,False,0,2023-24,3,6.4,,,,,,,,,,,,,MID,eberechi eze,1,90.0,90.0,2.333333333333333,5.6,0.6919999999999997,0.476,0.2160000000000001,0.4,0.0,90.0,1.0,4.426666666666668,4.48,6.459999999999999,6.39,1,0,0
Guglielmo Vicario,GK,Spurs,6.3,0,0,28,1,0.0,520,0.0,0.0,0.0,0.67,22,0,0,2.0,20.4,2023-08-26T11:30:00Z,90,3,0,0,0,0,3,3,162814,1,2,0,0.0,7,86937,102459,15522,50,False,0,2023-24,3,5.0,,,,,,,,,,,,,GK,guglielmo vicario,1,90.0,90.0,6.0,4.75,0.0799999999999992,0.0074999999999996,0.0725000000000002,0.5,2.5,90.0,1.0,6.800000000000001,3.5,5.399999999999997,5.29,1,0,0
Joel Ward,DEF,Crystal Palace,3.3,0,0,9,0,2.4,242,0.02,0.02,0.0,0.97,23,1,0,2.2,20.0,2023-08-26T14:00:00Z,90,4,0,0,0,0,3,0,26944,1,1,1,0.0,2,445,2201,1756,45,False,0,2023-24,3,4.5,,,,,,,,,,,,,DEF,joel ward,1,87.33333333333333,88.4,3.333333333333333,4.8,0.2759999999999994,0.1999999999999997,0.0760000000000001,0.4,0.0,87.76,1.0,4.466666666666667,3.15,5.979999999999997,5.32,1,0,0
Kaoru Mitoma,MID,Brighton,6.0,0,0,10,0,32.3,143,0.38,0.45,0.07,3.33,24,3,0,6.8,3.2,2023-08-26T16:30:00Z,90,19,0,0,0,0,3,0,4235929,1,3,1,32.0,1,567621,628321,60700,66,True,1,2023-24,3,6.6,,,,,,,,,,,,,MID,kaoru mitoma,1,65.0,74.6,6.0,5.0,0.8899999999999991,0.5679999999999998,0.322,0.0,0.0,68.84,0.8605,7.440000000000001,3.97551,7.449999999999996,6.14,1,0,0
Kyle Walker,DEF,Man City,6.2,0,0,20,0,46.3,369,0.43,0.47,0.04,0.73,30,1,0,7.5,17.2,2023-08-27T13:00:00Z,90,17,0,0,0,0,3,0,816739,1,2,1,11.0,2,282609,315193,32584,51,False,0,2023-24,3,5.1,,,,,,,,,,,,,DEF,kyle walker,1,90.0,90.0,4.666666666666667,4.4,0.0519999999999992,0.0039999999999998,0.048,0.6,0.0,90.0,1.0,5.773333333333333,3.5699999999999994,5.659999999999997,4.9,0,0,0
Mohamed Salah,MID,Liverpool,5.0,1,0,19,0,24.9,308,0.12,0.3,0.18,2.0,29,1,0,7.0,28.6,2023-08-27T15:30:00Z,90,15,0,0,0,0,3,0,2570086,1,2,1,16.0,5,-229297,98738,328035,125,False,0,2023-24,3,12.5,,,,,,,,,,,,,MID,mohamed salah,1,83.66666666666667,85.6,5.0,6.4,1.0339999999999994,0.7259999999999999,0.308,0.2,0.0,84.44,1.0,9.0,8.75,8.169999999999996,8.0,1,0,1
Nicolas Jackson,FWD,Chelsea,3.5,0,1,34,1,25.3,211,0.18,0.89,0.71,0.36,26,0,1,15.7,47.6,2023-08-25T19:00:00Z,82,12,0,0,0,0,3,0,1860530,1,0,3,84.0,7,337084,489435,152351,71,True,0,2023-24,3,7.1,,,,,,,,,,,,,FWD,nicolas jackson,1,90.0,67.5,1.0,1.0,0.5199999999999987,0.4974999999999999,0.0224999999999999,0.0,0.0,81.0,1.0,3.64,4.97,5.599999999999993,4.74,0,0,0
Ollie Watkins,FWD,Aston Villa,5.5,1,0,8,0,24.8,60,0.01,0.79,0.78,0.39,25,1,0,11.1,20.8,2023-08-27T13:00:00Z,85,6,0,0,0,0,3,0,2286440,1,3,1,65.0,5,-49457,158524,207981,80,False,0,2023-24,3,8.0,,,,,,,,,,,,,FWD,ollie watkins,1,84.33333333333333,85.8,6.333333333333333,4.6,0.6179999999999989,0.5299999999999999,0.0879999999999999,0.4,0.0,84.91999999999999,1.0,8.266666666666666,5.6,6.0899999999999945,5.17,1,0,0
Rico Henry,DEF,Brentford,3.7,0,0,14,0,16.2,103,0.04,0.09,0.05,0.8,23,1,0,4.7,24.8,2023-08-26T14:00:00Z,90,8,0,0,0,0,3,0,609606,1,1,1,6.0,2,200548,233325,32777,46,True,0,2023-24,3,4.6,,,,,,,,,,,,,DEF,rico henry,1,90.0,90.0,5.333333333333333,4.6,0.225999999999999,0.0059999999999999,0.2199999999999999,0.6,0.0,90.0,1.0,6.1066666666666665,3.22,6.529999999999996,5.48,1,0,0
Trent Alexander-Arnold,DEF,Liverpool,1.3,0,0,8,0,23.6,290,0.22,0.22,0.0,2.0,29,1,0,3.2,8.6,2023-08-27T15:30:00Z,90,15,0,0,0,0,3,0,1269374,1,2,1,0.0,1,-421221,16810,438031,80,False,1,2023-24,3,8.0,,,,,,,,,,,,,DEF,trent alexander-arnold,1,85.0,87.0,2.333333333333333,4.2,0.3119999999999991,0.086,0.226,0.2,0.0,85.80000000000001,1.0,5.066666666666667,5.6,5.359999999999995,4.93,0,0,0
Yoane Wissa,FWD,Brentford,7.3,0,0,-1,0,1.0,119,0.0,0.27,0.27,0.8,23,1,0,1.1,0.0,2023-08-26T14:00:00Z,90,8,0,0,0,0,3,0,1499169,1,1,1,15.0,2,759384,818259,58875,61,True,0,2023-24,3,6.1,,,,,,,,,,,,,FWD,yoane wissa,1,79.0,80.2,7.333333333333333,8.4,0.7419999999999989,0.694,0.048,0.6,0.0,79.48,0.9935,8.306666666666667,4.242245,6.709999999999995,5.58,1,0,0
Bernd Leno,GK,Fulham,3.8,0,0,10,0,0.0,275,0.0,0.0,0.0,2.26,39,5,0,0.5,4.6,2023-09-02T14:00:00Z,90,13,0,0,0,0,4,0,1032846,1,1,5,0.0,0,69108,115350,46242,45,False,0,2023-24,4,4.5,,,,,,,,,,,,,GK,bernd leno,1,90.0,90.0,6.333333333333333,4.8,0.0,0.0,0.0,0.2,6.2,90.0,1.0,6.866666666666666,3.15,3.8,4.64,0,0,0
Bruno Borges Fernandes,MID,Man Utd,4.5,0,0,14,0,42.8,373,0.07,0.07,0.0,2.27,31,3,0,6.7,20.6,2023-09-03T15:30:00Z,90,1,0,0,0,0,4,0,2133322,1,1,3,4.0,2,-5989,139360,145349,85,False,0,2023-24,4,8.5,,,,,,,,,,,,,MID,bruno borges fernandes,1,90.0,87.6,5.333333333333333,6.8,1.1459999999999997,0.7279999999999999,0.4180000000000002,0.4,0.0,89.03999999999999,1.0,7.666666666666667,5.949999999999999,8.729999999999999,8.88,1,1,0
Bryan Mbeumo,MID,Brentford,8.2,0,1,22,0,45.5,108,0.4,1.24,0.84,2.02,32,2,1,12.2,43.8,2023-09-02T14:00:00Z,90,3,0,0,0,0,4,0,2513023,1,2,2,33.0,8,204760,321449,116689,68,True,0,2023-24,4,6.8,,,,,,,,,,,,,MID,bryan mbeumo,1,90.0,89.6,8.333333333333334,9.2,0.9759999999999996,0.728,0.2480000000000001,0.4,0.0,89.84,1.0,9.386666666666668,4.76,7.879999999999998,8.23,1,0,1
Bukayo Saka,MID,Arsenal,6.2,1,0,22,0,68.2,19,0.24,0.69,0.45,0.96,31,1,0,13.5,35.0,2023-09-03T15:30:00Z,90,14,0,0,0,0,4,0,6352382,1,1,3,32.0,4,7970,144180,136210,87,True,1,2023-24,4,8.7,,,,,,,,,,,,,MID,bukayo saka,1,89.33333333333333,83.4,7.0,5.8,0.6999999999999997,0.4019999999999999,0.2980000000000002,0.2,0.0,86.96000000000001,1.0,9.08,6.089999999999999,6.499999999999998,6.0,1,0,0
Destiny Udogie,DEF,Spurs,6.3,1,1,34,0,13.4,519,0.02,0.02,0.0,1.35,34,2,0,5.4,38.8,2023-09-02T14:00:00Z,90,6,0,0,0,0,4,0,1127646,1,5,2,2.0,5,704471,723111,18640,46,False,0,2023-24,4,4.6,,,,,,,,,,,,,DEF,destiny udogie,1,80.0,60.0,6.0,4.5,0.1549999999999995,0.0374999999999998,0.1175000000000001,0.5,0.0,72.0,0.9,6.640000000000001,2.898,5.774999999999998,4.63,1,0,0
Erling Haaland,FWD,Man City,10.8,1,3,90,0,23.4,355,0.1,1.68,1.58,1.45,39,1,3,19.8,119.4,2023-09-02T14:00:00Z,90,10,0,0,0,0,4,0,8787213,1,1,5,55.0,20,27163,53175,26012,140,True,0,2023-24,4,14.0,,,,,,,,,,,,,FWD,erling haaland,1,86.33333333333333,69.8,6.333333333333333,4.8,0.8659999999999997,0.8139999999999997,0.0520000000000001,0.4,0.0,79.72,0.9965,10.666666666666668,9.7657,7.329999999999998,7.09,1,0,0
Ethan Pinnock,DEF,Brentford,2.8,0,0,12,0,0.7,112,0.01,0.25,0.24,2.02,32,2,0,2.8,20.8,2023-09-02T14:00:00Z,90,3,0,0,0,0,4,0,213623,1,2,2,6.0,1,1964,15066,13102,45,True,0,2023-24,4,4.5,,,,,,,,,,,,,DEF,ethan pinnock,1,90.0,90.0,3.333333333333333,5.4,0.1159999999999996,0.0559999999999998,0.0600000000000001,0.4,0.0,90.0,1.0,4.466666666666667,3.15,5.179999999999998,4.18,0,0,0
Guglielmo Vicario,GK,Spurs,5.7,0,0,16,0,0.0,520,0.0,0.0,0.0,1.35,34,2,0,2.4,24.4,2023-09-02T14:00:00Z,90,6,0,0,0,0,4,3,433241,1,5,2,0.0,2,217895,243852,25957,51,False,0,2023-24,4,5.1,,,,,,,,,,,,,GK,guglielmo vicario,1,90.0,90.0,6.333333333333333,5.25,0.0049999999999992,0.0,0.0050000000000002,0.5,3.25,90.0,1.0,7.1066666666666665,3.5699999999999994,5.024999999999997,5.35,1,0,0
Jarrod Bowen,MID,West Ham,8.0,0,0,20,0,6.4,526,0.1,0.6,0.5,1.43,38,1,1,9.5,36.4,2023-09-01T19:00:00Z,90,12,0,0,0,0,4,0,928955,1,2,1,52.0,7,407787,442165,34378,71,False,0,2023-24,4,7.1,,,,,,,,,,,,,MID,jarrod bowen,1,90.0,76.2,7.666666666666667,7.4,0.7239999999999992,0.4799999999999997,0.2440000000000001,0.0,0.0,84.48,1.0,8.973333333333333,4.97,6.619999999999996,6.18,1,0,0
Kaoru Mitoma,MID,Brighton,5.3,1,0,14,0,33.3,143,0.17,0.36,0.19,1.3,33,1,0,9.4,26.0,2023-09-02T16:30:00Z,90,15,0,0,0,0,4,0,3908962,1,1,3,35.0,5,-334818,93453,428271,66,True,0,2023-24,4,6.6,,,,,,,,,,,,,MID,kaoru mitoma,1,86.66666666666667,75.0,6.0,4.2,0.7679999999999993,0.4179999999999998,0.35,0.0,0.0,82.0,1.0,7.440000000000001,4.619999999999999,6.839999999999996,6.08,1,0,0
Matty Cash,DEF,Aston Villa,4.7,0,0,0,0,0.7,36,0.0,0.06,0.06,2.47,37,3,0,5.7,8.6,2023-09-03T13:00:00Z,90,11,1,0,0,0,4,0,1264751,1,0,3,48.0,-1,450873,501144,50271,46,False,0,2023-24,4,4.6,,,,,,,,,,,,,DEF,matty cash,1,88.66666666666667,89.2,7.333333333333333,5.0,0.4759999999999992,0.4179999999999998,0.058,0.2,0.0,88.88,1.0,7.706666666666667,3.22,6.179999999999995,6.03,1,0,0
Nicolas Jackson,FWD,Chelsea,2.5,0,0,-3,0,17.0,211,0.41,1.33,0.92,0.71,35,1,0,5.8,5.2,2023-09-02T14:00:00Z,90,16,0,0,0,0,4,0,2135710,1,1,0,36.0,1,232388,330495,98107,71,True,1,2023-24,4,7.1,,,,,,,,,,,,,FWD,nicolas jackson,1,87.33333333333333,88.0,3.0,2.75,0.7424999999999986,0.6749999999999999,0.0674999999999999,0.25,0.0,87.6,1.0,5.24,4.97,6.712499999999993,5.98,1,0,0
Ollie Watkins,FWD,Aston Villa,3.7,0,0,2,0,11.8,60,0.02,0.22,0.2,2.35,37,3,0,2.1,0.0,2023-09-03T13:00:00Z,72,11,0,0,0,0,4,0,2177877,1,0,3,10.0,2,-127619,85482,213101,80,False,0,2023-24,4,8.0,,,,,,,,,,,,,FWD,ollie watkins,1,82.66666666666667,84.8,5.0,4.8,0.631999999999999,0.5919999999999999,0.0399999999999999,0.4,0.0,83.52000000000001,1.0,7.2,5.6,6.159999999999995,5.45,0,0,0
Pervis Estupiñán,DEF,Brighton,4.7,0,0,12,0,22.6,131,0.04,0.07,0.03,1.3,33,1,0,4.1,11.6,2023-09-02T16:30:00Z,90,15,0,0,0,0,4,0,6148284,1,1,3,7.0,2,49375,228668,179293,53,True,0,2023-24,4,5.3,,,,,,,,,,,,,DEF,pervis estupiñán,1,90.0,81.0,6.333333333333333,4.4,0.3739999999999988,0.0819999999999998,0.2919999999999999,0.0,0.0,86.4,1.0,7.1866666666666665,3.71,4.869999999999994,4.36,0,0,0
Rico Henry,DEF,Brentford,3.0,0,0,15,0,13.0,103,0.02,0.04,0.02,2.02,32,2,0,1.9,3.4,2023-09-02T14:00:00Z,90,3,0,0,0,0,4,0,694767,1,2,2,3.0,1,67338,107578,40240,46,True,0,2023-24,4,4.6,,,,,,,,,,,,,DEF,rico henry,1,90.0,90.0,3.6666666666666665,3.8,0.211999999999999,0.0119999999999999,0.1999999999999999,0.4,0.0,90.0,1.0,4.773333333333333,3.22,5.659999999999995,4.42,1,0,0
Axel Disasi,DEF,Chelsea,4.3,0,0,23,1,1.0,611,0.0,0.0,0.0,1.19,42,0,0,2.8,26.6,2023-09-17T13:00:00Z,90,3,0,0,0,0,5,0,706232,1,0,0,0.0,5,-18376,53066,71442,51,False,1,2023-24,5,5.1,,,,,,,,,,,,,DEF,axel disasi,1,90.0,90.0,2.6666666666666665,4.75,0.3649999999999996,0.1675,0.1975000000000003,0.25,0.0,90.0,1.0,4.173333333333334,3.5699999999999994,5.824999999999998,4.86,1,0,0
Bernd Leno,GK,Fulham,4.2,0,0,22,1,0.0,275,0.0,0.0,0.0,1.28,44,0,0,1.9,19.0,2023-09-16T14:00:00Z,90,12,0,0,0,0,5,2,1245051,1,0,1,0.0,6,180024,228994,48970,46,True,0,2023-24,5,4.6,,,,,,,,,,,,,GK,bernd leno,1,90.0,90.0,2.333333333333333,4.4,0.0,0.0,0.0,0.2,5.6,90.0,1.0,3.706666666666667,3.22,3.8,4.48,0,0,0
Bruno Borges Fernandes,MID,Man Utd,5.5,0,0,8,0,30.4,373,0.47,0.54,0.07,1.89,45,3,0,5.3,13.6,2023-09-16T14:00:00Z,90,5,0,0,0,0,5,0,2051396,1,3,1,9.0,1,-121307,97868,219175,84,True,1,2023-24,5,8.4,,,,,,,,,,,,,MID,bruno borges fernandes,1,90.0,88.6,5.0,5.6,0.9279999999999996,0.5359999999999998,0.3920000000000002,0.2,0.0,89.44,1.0,7.36,5.88,7.639999999999998,7.41,1,0,0
Bryan Mbeumo,MID,Brentford,3.5,0,0,4,0,4.3,108,0.02,0.1,0.08,1.43,46,1,0,2.2,2.2,2023-09-16T16:30:00Z,90,15,0,0,0,0,5,0,2723497,1,0,1,15.0,2,174081,327361,153280,68,False,0,2023-24,5,6.8,,,,,,,,,,,,,MID,bryan mbeumo,1,90.0,89.6,8.666666666666666,7.6,1.0279999999999998,0.808,0.2200000000000002,0.4,0.0,89.84,1.0,9.653333333333334,4.76,8.139999999999999,8.66,1,1,0
Destiny Udogie,DEF,Spurs,6.8,0,0,16,0,5.7,519,0.06,0.06,0.0,0.58,48,1,0,3.4,18.2,2023-09-16T14:00:00Z,90,17,0,0,0,0,5,0,1640572,1,1,2,10.0,2,488889,527891,39002,47,True,0,2023-24,5,4.7,,,,,,,,,,,,,DEF,destiny udogie,1,80.0,82.5,7.333333333333333,5.75,0.1599999999999995,0.0374999999999998,0.1225000000000001,0.5,0.0,81.0,1.0,7.746666666666667,3.29,5.799999999999998,4.73,0,0,0
Eberechi Eze,MID,Crystal Palace,3.2,0,0,3,0,15.0,226,0.25,0.66,0.41,3.21,41,3,0,6.4,12.6,2023-09-16T14:00:00Z,90,2,0,0,0,0,5,0,909035,1,1,3,36.0,1,-88336,37499,125835,63,False,1,2023-24,5,6.3,,,,,,,,,,,,,MID,eberechi eze,1,90.0,90.0,4.0,3.4,0.6799999999999997,0.4859999999999999,0.1940000000000001,0.2,0.0,90.0,1.0,5.720000000000001,4.409999999999999,6.399999999999999,6.27,1,0,0
Enzo Fernández,MID,Chelsea,2.3,0,0,10,1,7.3,199,0.03,0.05,0.02,1.1,42,0,0,2.5,8.6,2023-09-17T13:00:00Z,80,3,0,0,0,0,5,0,388045,1,0,0,9.0,3,-35053,23566,58619,50,False,0,2023-24,5,5.0,,,,,,,,,,,,,MID,enzo fernández,1,90.0,90.0,1.3333333333333333,1.4,0.5539999999999996,0.2839999999999998,0.2700000000000001,0.2,0.0,90.0,1.0,3.0666666666666664,3.5,5.769999999999998,5.14,1,0,0
Erling Haaland,FWD,Man City,11.0,0,0,15,0,14.5,355,0.03,2.59,2.56,0.94,49,1,1,17.4,41.2,2023-09-16T14:00:00Z,90,19,0,0,0,0,5,0,9070132,1,3,1,118.0,6,88573,102747,14174,141,False,0,2023-24,5,14.1,,,,,,,,,,,,,FWD,erling haaland,1,90.0,69.8,8.666666666666666,7.8,0.9439999999999996,0.9079999999999998,0.0360000000000001,0.4,0.0,81.92,1.0,12.573333333333334,9.87,7.719999999999998,7.74,1,0,0
Ethan Pinnock,DEF,Brentford,1.2,0,0,13,0,10.5,112,0.0,0.0,0.0,1.43,46,1,0,3.9,24.2,2023-09-16T16:30:00Z,90,15,0,0,0,0,5,0,198695,1,0,1,4.0,2,-15468,5728,21196,45,False,0,2023-24,5,4.5,,,,,,,,,,,,,DEF,ethan pinnock,1,90.0,90.0,3.333333333333333,5.2,0.1659999999999996,0.1039999999999998,0.0620000000000001,0.4,0.0,90.0,1.0,4.466666666666667,3.15,5.429999999999998,4.56,0,0,0
Guglielmo Vicario,GK,Spurs,4.5,0,0,17,0,0.0,520,0.0,0.0,0.0,0.58,48,1,0,3.3,32.6,2023-09-16T14:00:00Z,90,17,0,0,0,0,5,4,569963,1,1,2,0.0,3,105529,147722,42193,51,True,0,2023-24,5,5.1,,,,,,,,,,,,,GK,guglielmo vicario,1,90.0,90.0,6.666666666666667,5.25,0.0,0.0,0.0,0.5,4.0,90.0,1.0,7.373333333333334,3.5699999999999994,5.0,5.6,1,0,0
Matty Cash,DEF,Aston Villa,5.7,0,0,6,0,10.1,36,0.04,0.72,0.68,1.17,41,1,0,4.3,14.8,2023-09-16T14:00:00Z,90,8,0,0,0,0,5,0,1639965,1,1,3,18.0,1,322364,397796,75432,47,True,1,2023-24,5,4.7,,,,,,,,,,,,,DEF,matty cash,1,90.0,89.2,7.333333333333333,4.4,0.4879999999999992,0.4299999999999999,0.058,0.2,0.0,89.68,1.0,7.746666666666667,3.29,6.239999999999996,6.16,1,0,0
Mohamed Salah,MID,Liverpool,8.2,2,2,35,0,57.4,308,1.47,1.71,0.24,0.63,50,1,0,12.1,44.2,2023-09-16T11:30:00Z,90,20,0,0,0,0,5,0,2540130,1,3,1,19.0,10,-22644,117182,139826,125,False,0,2023-24,5,12.5,,,,,,,,,,,,,MID,mohamed salah,1,88.33333333333333,86.2,6.0,5.6,0.8919999999999991,0.7139999999999999,0.178,0.2,0.0,87.47999999999999,1.0,9.8,8.75,7.4599999999999955,7.85,1,0,1
Nicolas Jackson,FWD,Chelsea,3.0,0,0,-4,1,4.8,211,0.07,0.28,0.21,1.19,42,0,0,2.8,0.0,2023-09-17T13:00:00Z,90,3,0,0,0,0,5,0,1743588,1,0,0,26.0,1,-385693,53664,439357,71,False,1,2023-24,5,7.1,,,,,,,,,,,,,FWD,nicolas jackson,1,87.33333333333333,88.0,3.0,2.5,0.8974999999999986,0.7374999999999999,0.1599999999999999,0.25,0.0,87.6,1.0,5.24,4.97,7.487499999999994,6.67,1,0,0
Pedro Porro,DEF,Spurs,4.5,0,0,17,0,55.3,506,0.25,0.28,0.03,0.57,48,1,0,7.6,17.4,2023-09-16T14:00:00Z,90,17,0,0,0,0,5,0,579740,1,1,2,3.0,2,95834,131509,35675,50,True,0,2023-24,5,5.0,,,,,,,,,,,,,DEF,pedro porro,1,89.0,71.4,5.333333333333333,5.8,0.2419999999999988,0.1179999999999998,0.1239999999999999,0.4,0.0,81.96000000000001,1.0,6.266666666666667,3.5,5.809999999999993,4.8,1,0,0
Yoane Wissa,FWD,Brentford,1.2,0,0,1,0,16.1,119,0.06,0.36,0.3,1.43,46,1,0,7.2,11.0,2023-09-16T16:30:00Z,90,15,0,0,0,0,5,0,1463252,1,0,1,45.0,1,-270633,64311,334944,61,False,1,2023-24,5,6.1,,,,,,,,,,,,,FWD,yoane wissa,1,86.0,83.4,5.0,5.2,0.5259999999999989,0.492,0.034,0.4,0.0,84.96000000000001,1.0,6.44,4.27,5.629999999999995,4.73,0,0,0
Axel Disasi,DEF,Chelsea,3.0,0,0,11,0,12.7,611,0.13,0.15,0.02,1.04,55,1,0,3.4,15.4,2023-09-24T13:00:00Z,90,2,0,0,0,0,6,0,708800,1,1,0,6.0,2,-3091,38929,42020,51,True,0,2023-24,6,5.1,,,,,,,,,,,,,DEF,axel disasi,1,90.0,90.0,4.333333333333333,4.8,0.2919999999999997,0.134,0.1580000000000002,0.4,0.0,90.0,1.0,5.506666666666667,3.5699999999999994,6.059999999999999,5.2,1,0,0
Bernd Leno,GK,Fulham,5.2,0,3,33,1,0.0,275,0.0,0.0,0.0,0.3,56,0,0,2.2,22.4,2023-09-23T14:00:00Z,90,8,0,0,0,0,6,3,1330243,1,0,0,0.0,10,82234,121109,38875,46,False,0,2023-24,6,4.6,,,,,,,,,,,,,GK,bernd leno,1,90.0,90.0,3.6666666666666665,5.0,0.0,0.0,0.0,0.4,4.8,90.0,1.0,4.773333333333333,3.22,4.6,5.13,1,0,0
Bruno Borges Fernandes,MID,Man Utd,7.2,0,2,30,1,30.4,373,0.21,0.53,0.32,1.12,54,0,1,13.6,50.8,2023-09-23T19:00:00Z,90,6,0,0,0,0,6,0,1936909,1,1,0,55.0,10,-128173,71794,199967,84,False,0,2023-24,6,8.4,,,,,,,,,,,,,MID,bruno borges fernandes,1,90.0,90.0,5.0,3.8,0.8599999999999997,0.4139999999999998,0.4460000000000002,0.2,0.0,90.0,1.0,7.36,5.88,7.299999999999998,6.84,1,0,0
Bryan Mbeumo,MID,Brentford,3.2,0,0,5,0,20.8,108,0.18,0.34,0.16,1.84,52,3,0,5.4,11.4,2023-09-23T16:30:00Z,90,9,0,0,0,0,6,0,3141164,1,3,1,22.0,1,387961,456822,68861,69,True,1,2023-24,6,6.9,,,,,,,,,,,,,MID,bryan mbeumo,1,90.0,90.0,4.0,7.0,1.0079999999999996,0.82,0.1880000000000002,0.2,0.0,90.0,1.0,5.960000000000001,4.83,8.039999999999997,8.52,1,0,1
Cristian Romero,DEF,Spurs,3.0,0,0,5,0,1.7,511,0.07,0.07,0.0,2.08,51,2,0,1.1,9.0,2023-09-24T13:00:00Z,90,1,1,0,0,0,6,0,1607234,1,2,2,0.0,-2,83579,149608,66029,48,False,1,2023-24,6,4.8,,,,,,,,,,,,,DEF,cristian romero,1,90.0,74.6,5.333333333333333,5.8,0.1599999999999996,0.136,0.0240000000000001,0.4,0.0,83.84,1.0,6.1866666666666665,3.36,5.399999999999999,4.57,0,0,0
Eberechi Eze,MID,Crystal Palace,3.5,0,0,9,1,45.0,226,0.34,0.45,0.11,0.59,56,0,0,7.9,15.4,2023-09-23T14:00:00Z,90,10,0,0,0,0,6,0,890614,1,0,0,19.0,3,-26165,64761,90926,63,True,0,2023-24,6,6.3,,,,,,,,,,,,,MID,eberechi eze,1,90.0,90.0,3.6666666666666665,3.2,0.6659999999999997,0.4299999999999999,0.2360000000000001,0.2,0.0,90.0,1.0,5.453333333333333,4.409999999999999,6.329999999999998,6.07,1,0,0
Erling Haaland,FWD,Man City,10.0,0,0,24,1,3.3,355,0.01,0.7,0.69,1.03,59,0,1,5.9,32.4,2023-09-23T14:00:00Z,90,16,0,0,0,0,6,0,9176859,1,0,2,23.0,6,39924,50069,10145,141,True,0,2023-24,6,14.1,,,,,,,,,,,,,FWD,erling haaland,1,90.0,87.8,10.0,9.0,1.4619999999999995,1.4199999999999997,0.0420000000000001,0.4,0.0,89.12,1.0,13.64,9.87,10.31,10.83,1,1,0
Guglielmo Vicario,GK,Spurs,3.0,0,0,20,0,0.0,520,0.0,0.0,0.0,2.08,51,2,0,3.0,30.2,2023-09-24T13:00:00Z,90,1,0,0,0,0,6,4,554210,1,2,2,0.0,2,-15983,37105,53088,51,False,0,2023-24,6,5.1,,,,,,,,,,,,,GK,guglielmo vicario,1,90.0,90.0,4.0,4.8,0.0,0.0,0.0,0.4,4.0,90.0,1.0,5.24,3.5699999999999994,4.6,5.09,0,0,0
Levi Colwill,DEF,Chelsea,3.3,0,0,18,0,0.6,197,0.0,0.0,0.0,1.04,55,1,0,2.5,24.8,2023-09-24T13:00:00Z,90,2,0,0,0,0,6,0,392056,1,1,0,0.0,2,-821,24865,25686,45,True,0,2023-24,6,4.5,,,,,,,,,,,,,DEF,levi colwill,1,86.33333333333333,87.8,4.666666666666667,3.4,0.2119999999999992,0.1679999999999998,0.0439999999999999,0.4,0.0,86.91999999999999,1.0,5.533333333333334,3.15,5.659999999999997,4.93,1,0,0
Matty Cash,DEF,Aston Villa,5.8,0,0,26,1,2.0,36,0.01,0.07,0.06,1.35,55,0,0,4.6,12.6,2023-09-24T13:00:00Z,90,7,0,0,0,0,6,0,1701438,1,1,0,31.0,6,60222,154343,94121,47,False,0,2023-24,6,4.7,,,,,,,,,,,,,DEF,matty cash,1,90.0,89.2,5.666666666666667,4.4,0.6319999999999991,0.5659999999999998,0.066,0.2,0.0,89.68,1.0,6.413333333333334,3.29,6.959999999999996,7.25,1,0,0
Mohamed Salah,MID,Liverpool,8.7,0,3,36,0,28.8,308,0.27,1.28,1.01,1.11,57,1,1,12.2,42.6,2023-09-24T13:00:00Z,90,19,0,0,0,0,6,0,2897929,1,1,3,51.0,10,312437,341186,28749,125,True,0,2023-24,6,12.5,,,,,,,,,,,,,MID,mohamed salah,1,90.0,86.2,7.666666666666667,6.6,0.9619999999999992,0.5459999999999999,0.416,0.2,0.0,88.48,1.0,11.133333333333333,8.75,7.809999999999995,7.52,1,0,0
Nicolas Jackson,FWD,Chelsea,1.0,0,0,-3,1,10.6,211,0.01,0.53,0.52,0.32,55,0,0,3.8,6.6,2023-09-24T13:00:00Z,67,2,0,0,0,0,6,0,1117628,1,1,0,21.0,1,-632047,11540,643587,70,True,1,2023-24,6,7.0,,,,,,,,,,,,,FWD,nicolas jackson,1,87.33333333333333,88.4,3.0,2.2,0.7739999999999989,0.6319999999999999,0.1419999999999999,0.4,0.0,87.76,1.0,5.200000000000001,4.9,6.869999999999995,6.01,1,0,0
Odsonne Edouard,FWD,Crystal Palace,6.2,0,0,2,1,2.3,225,0.01,0.01,0.0,0.59,56,0,0,1.0,3.6,2023-09-23T14:00:00Z,90,10,0,0,0,0,6,0,628899,1,0,0,4.0,2,310588,337866,27278,56,True,0,2023-24,6,5.6,,,,,,,,,,,,,FWD,odsonne edouard,1,82.66666666666667,85.6,7.666666666666667,6.4,0.6139999999999989,0.5599999999999999,0.0539999999999999,0.2,0.0,83.84,1.0,8.373333333333333,3.92,6.069999999999995,5.09,0,0,0
Pedro Lomba Neto,MID,Wolves,8.3,0,2,24,0,18.2,567,0.08,0.22,0.14,2.17,58,1,1,7.6,36.8,2023-09-23T14:00:00Z,90,12,0,0,0,0,6,0,255270,1,1,1,21.0,9,193004,206001,12997,55,False,0,2023-24,6,5.5,,,,,,,,,,,,,MID,pedro lomba neto,1,90.0,90.0,7.333333333333333,5.0,0.6479999999999989,0.2279999999999998,0.4199999999999999,0.2,0.0,90.0,1.0,8.066666666666666,3.85,6.239999999999995,5.46,1,0,0
Tim Ream,DEF,Fulham,5.0,0,0,19,1,1.5,281,0.01,0.01,0.0,0.3,56,0,0,1.4,12.0,2023-09-23T14:00:00Z,90,8,0,0,0,0,6,0,119088,1,0,0,0.0,5,32860,44142,11282,45,False,1,2023-24,6,4.5,,,,,,,,,,,,,DEF,tim ream,1,60.0,66.6,5.0,4.0,0.2079999999999991,0.192,0.0159999999999999,0.4,0.0,62.64,0.783,5.8,2.46645,5.639999999999995,4.58,0,0,0
Bernd Leno,GK,Fulham,5.7,0,0,20,0,0.0,275,0.0,0.0,0.0,1.73,64,2,0,2.1,20.6,2023-10-02T19:00:00Z,90,7,0,0,0,0,7,2,1501577,1,2,0,0.0,1,146292,179002,32710,47,True,0,2023-24,7,4.7,,,,,,,,,,,,,GK,bernd leno,1,90.0,90.0,5.333333333333333,4.6,0.0,0.0,0.0,0.4,3.6,90.0,1.0,6.1466666666666665,3.29,4.6,4.78,0,0,0
Bryan Mbeumo,MID,Brentford,1.7,0,0,15,0,62.3,108,0.22,0.43,0.21,0.47,67,1,0,9.3,13.6,2023-10-01T13:00:00Z,90,16,0,0,0,0,7,0,2809604,1,1,1,17.0,2,-309512,88441,397953,69,False,0,2023-24,7,6.9,,,,,,,,,,,,,MID,bryan mbeumo,1,90.0,90.0,3.6666666666666665,5.8,0.7999999999999997,0.582,0.2180000000000002,0.2,0.0,90.0,1.0,5.693333333333333,4.83,6.999999999999998,7.02,1,0,0
Bukayo Saka,MID,Arsenal,7.4,0,1,29,1,4.1,19,0.45,1.41,0.96,0.69,62,0,1,12.2,39.8,2023-09-30T14:00:00Z,75,3,0,0,0,0,7,0,5808416,1,4,0,78.0,9,-596518,160937,757455,87,False,0,2023-24,7,8.7,,,,,,,,,,,,,MID,bukayo saka,1,90.0,89.6,7.666666666666667,6.8,0.9339999999999996,0.566,0.3680000000000002,0.4,0.0,89.84,1.0,9.613333333333332,6.089999999999999,7.669999999999998,7.63,1,0,0
Carlton Morris,FWD,Luton,9.9,0,2,25,0,1.8,326,0.02,0.31,0.29,2.77,63,1,1,6.4,31.8,2023-09-30T14:00:00Z,77,9,0,0,0,0,7,0,897829,1,2,1,30.0,8,643163,672468,29305,56,False,0,2023-24,7,5.6,,,,,,,,,,,,,FWD,carlton morris,1,84.33333333333333,86.6,5.333333333333333,5.2,0.5879999999999996,0.498,0.0900000000000002,0.0,0.0,85.24,1.0,6.506666666666666,3.92,5.939999999999998,4.94,0,0,0
Enzo Fernández,MID,Chelsea,3.0,0,0,14,1,14.9,199,0.13,0.51,0.38,1.08,64,0,0,5.6,21.2,2023-10-02T19:00:00Z,90,10,0,0,0,0,7,0,345863,1,2,0,20.0,3,-25493,13642,39135,49,False,0,2023-24,7,4.9,,,,,,,,,,,,,MID,enzo fernández,1,79.0,83.4,2.6666666666666665,2.0,0.5479999999999997,0.3059999999999998,0.2420000000000001,0.6,0.0,80.76,1.0,4.093333333333334,3.43,5.739999999999998,5.23,1,0,0
Erling Haaland,FWD,Man City,5.7,0,0,7,0,12.6,355,0.03,0.09,0.06,0.44,70,2,0,4.6,6.0,2023-09-30T14:00:00Z,90,20,0,0,0,0,7,0,9241818,1,1,2,27.0,2,3265,28710,25445,141,False,0,2023-24,7,14.1,,,,,,,,,,,,,FWD,erling haaland,1,90.0,90.0,10.666666666666666,7.6,1.4719999999999995,1.438,0.0340000000000001,0.4,0.0,90.0,1.0,14.0,9.87,10.359999999999998,10.97,1,1,0
Guglielmo Vicario,GK,Spurs,2.2,0,0,14,0,0.0,520,0.0,0.0,0.0,1.34,68,1,0,2.2,22.4,2023-09-30T16:30:00Z,90,11,0,0,0,0,7,3,545275,1,1,2,0.0,3,-11981,28079,40060,51,True,0,2023-24,7,5.1,,,,,,,,,,,,,GK,guglielmo vicario,1,90.0,90.0,2.333333333333333,5.0,0.0,0.0,0.0,0.4,4.0,90.0,1.0,3.906666666666667,3.5699999999999994,4.6,5.09,1,0,0
Jarrod Bowen,MID,West Ham,6.5,0,1,29,1,13.3,526,0.23,0.94,0.71,1.03,69,0,1,13.3,38.6,2023-09-30T14:00:00Z,90,17,0,0,0,0,7,0,1460902,1,0,2,81.0,9,553125,611810,58685,72,True,0,2023-24,7,7.2,,,,,,,,,,,,,MID,jarrod bowen,1,90.0,90.0,5.333333333333333,6.0,0.5799999999999993,0.5419999999999996,0.0380000000000001,0.0,0.0,90.0,1.0,7.1466666666666665,5.04,5.899999999999997,6.18,1,0,0
Levi Colwill,DEF,Chelsea,6.7,1,3,38,1,11.3,197,0.06,0.06,0.0,1.08,64,0,0,4.8,34.4,2023-10-02T19:00:00Z,90,10,0,0,0,0,7,0,401224,1,2,0,2.0,12,6171,39963,33792,45,False,0,2023-24,7,4.5,,,,,,,,,,,,,DEF,levi colwill,1,86.33333333333333,87.8,3.333333333333333,3.4,0.1939999999999992,0.1519999999999998,0.0419999999999999,0.4,0.0,86.91999999999999,1.0,4.466666666666667,3.15,5.569999999999997,4.81,0,0,0
Matty Cash,DEF,Aston Villa,4.3,1,1,26,0,10.9,36,0.48,0.48,0.0,1.71,61,1,0,5.5,38.2,2023-09-30T11:30:00Z,90,5,0,0,0,0,7,0,2006160,1,1,6,6.0,6,286632,349992,63360,48,True,0,2023-24,7,4.8,,,,,,,,,,,,,DEF,matty cash,1,90.0,90.0,2.0,5.8,0.4979999999999991,0.4299999999999998,0.068,0.4,0.0,90.0,1.0,3.52,3.36,7.089999999999996,7.13,1,0,0
Mohamed Salah,MID,Liverpool,7.5,0,0,3,0,27.8,308,0.39,0.44,0.05,1.44,68,1,0,3.8,1.0,2023-09-30T16:30:00Z,73,18,0,0,0,0,7,0,3169998,1,1,2,9.0,1,232578,272616,40038,125,False,1,2023-24,7,12.5,,,,,,,,,,,,,MID,mohamed salah,1,90.0,89.0,9.333333333333334,7.6,1.0999999999999992,0.692,0.408,0.2,0.0,89.6,1.0,12.466666666666669,8.75,8.499999999999996,8.54,1,0,1
Nicolas Jackson,FWD,Chelsea,0.0,0,0,0,0,0.0,211,0.0,0.0,0.0,0.0,64,0,0,0.0,0.0,2023-10-02T19:00:00Z,0,10,0,0,0,0,7,0,583469,0,2,0,0.0,0,-530863,1741,532604,69,False,0,2023-24,7,6.9,,,,,,,,,,,,,FWD,nicolas jackson,1,82.33333333333333,83.8,1.0,2.2,0.7719999999999989,0.6299999999999999,0.1419999999999999,0.6,0.0,82.92,1.0,3.5600000000000005,4.83,6.859999999999994,5.77,1,0,0
Pedro Porro,DEF,Spurs,2.8,1,3,38,0,42.2,506,0.11,0.13,0.02,1.34,68,1,0,8.9,40.6,2023-09-30T16:30:00Z,90,11,0,0,0,0,7,0,548599,1,1,2,6.0,7,-8236,38195,46431,50,True,1,2023-24,7,5.0,,,,,,,,,,,,,DEF,pedro porro,1,90.0,89.4,2.333333333333333,3.8,0.2099999999999988,0.0799999999999998,0.1299999999999999,0.4,0.0,89.76,1.0,3.866666666666667,3.5,5.649999999999993,4.66,0,0,0
Tim Ream,DEF,Fulham,4.7,0,0,12,0,1.0,281,0.01,0.01,0.0,1.73,64,2,0,1.2,9.4,2023-10-02T19:00:00Z,90,7,0,0,0,0,7,0,189770,1,2,0,2.0,1,61430,78767,17337,45,True,0,2023-24,7,4.5,,,,,,,,,,,,,DEF,tim ream,1,90.0,66.6,6.666666666666667,3.6,0.2099999999999991,0.192,0.0179999999999999,0.4,0.0,80.64,1.0,7.133333333333334,3.15,5.649999999999995,4.9,1,0,0
Timothy Castagne,DEF,Fulham,5.0,0,0,7,0,5.0,688,0.04,0.13,0.09,1.73,64,2,0,2.8,8.8,2023-10-02T19:00:00Z,90,7,0,0,0,0,7,0,38544,1,2,0,14.0,1,15975,20316,4341,45,True,0,2023-24,7,4.5,,,,,,,,,,,,,DEF,timothy castagne,1,65.66666666666667,75.4,5.0,4.6,0.0839999999999991,0.028,0.0559999999999999,0.6,0.0,69.56,0.8695,5.8,2.738925,5.819999999999995,4.86,1,0,0
Axel Disasi,DEF,Chelsea,3.8,0,0,13,0,4.0,611,0.19,0.19,0.0,0.75,73,1,0,2.5,21.4,2023-10-07T14:00:00Z,90,6,0,0,0,0,8,0,725530,1,4,1,0.0,2,33034,79804,46770,51,False,0,2023-24,8,5.1,,,,,,,,,,,,,DEF,axel disasi,1,90.0,90.0,4.333333333333333,4.2,0.2359999999999997,0.06,0.1760000000000002,0.6,0.0,90.0,1.0,5.506666666666667,3.5699999999999994,6.579999999999998,5.72,1,0,0
Bruno Borges Fernandes,MID,Man Utd,5.2,0,0,14,0,24.7,373,0.14,0.31,0.17,0.95,78,1,0,6.5,18.4,2023-10-07T14:00:00Z,90,4,0,0,0,0,8,0,1794245,1,1,2,22.0,2,-303032,60060,363092,84,True,0,2023-24,8,8.4,,,,,,,,,,,,,MID,bruno borges fernandes,1,90.0,90.0,4.333333333333333,5.4,0.6559999999999997,0.3359999999999998,0.3200000000000002,0.2,0.0,90.0,1.0,6.826666666666667,5.88,6.279999999999999,5.78,1,0,0
Bukayo Saka,MID,Arsenal,5.1,0,0,0,0,0.0,19,0.0,0.0,0.0,0.0,71,0,0,0.0,0.0,2023-10-08T15:30:00Z,0,13,0,0,0,0,8,0,5100324,0,0,1,0.0,0,-735022,127997,863019,86,True,0,2023-24,8,8.6,,,,,,,,,,,,,MID,bukayo saka,1,85.0,87.0,9.333333333333334,8.0,1.1619999999999997,0.7259999999999999,0.4360000000000002,0.4,0.0,85.80000000000001,1.0,10.906666666666668,6.02,8.809999999999997,8.7,1,0,1
Carlton Morris,FWD,Luton,4.5,0,0,1,0,13.9,326,0.07,0.27,0.2,1.99,77,1,0,5.0,3.2,2023-10-07T11:30:00Z,90,18,0,0,0,0,8,0,699071,1,1,0,33.0,1,-154739,80196,234935,56,True,1,2023-24,8,5.6,,,,,,,,,,,,,FWD,carlton morris,1,85.66666666666667,84.0,6.333333333333333,5.2,0.4399999999999996,0.388,0.0520000000000002,0.0,0.0,85.0,1.0,7.306666666666667,3.92,5.199999999999998,4.18,0,0,0
Dan Burn,DEF,Newcastle,6.8,0,0,15,0,18.8,407,0.19,0.34,0.15,1.22,79,2,0,6.0,14.8,2023-10-08T13:00:00Z,90,19,0,0,0,0,8,0,1002483,1,2,2,26.0,1,547502,616582,69080,46,False,0,2023-24,8,4.6,,,,,,,,,,,,,DEF,dan burn,1,90.0,90.0,8.0,5.0,0.1219999999999997,0.106,0.0160000000000001,0.6,0.0,90.0,1.0,8.24,3.22,6.009999999999998,5.4,1,0,0
Eberechi Eze,MID,Crystal Palace,0.0,0,0,0,0,0.0,226,0.0,0.0,0.0,0.0,74,0,0,0.0,0.0,2023-10-07T16:30:00Z,0,16,0,0,0,0,8,0,553338,0,0,0,0.0,0,-197412,31627,229039,62,True,0,2023-24,8,6.2,,,,,,,,,,,,,MID,eberechi eze,1,89.0,89.4,3.333333333333333,4.0,0.5219999999999996,0.3079999999999999,0.2140000000000001,0.4,0.0,89.16,1.0,5.146666666666667,4.34,5.609999999999998,5.22,0,0,0
Erling Haaland,FWD,Man City,3.8,0,0,11,0,21.8,355,0.17,0.17,0.0,0.41,71,1,0,3.8,7.8,2023-10-08T15:30:00Z,90,1,0,0,0,0,8,0,9008161,1,0,1,8.0,2,-236407,28394,264801,141,False,0,2023-24,8,14.1,,,,,,,,,,,,,FWD,erling haaland,1,90.0,90.0,4.666666666666667,7.6,1.3999999999999997,1.364,0.0360000000000001,0.2,0.0,90.0,1.0,9.373333333333337,9.87,9.999999999999998,10.67,1,1,0
James Ward-Prowse,MID,West Ham,2.2,0,0,12,0,16.5,664,0.06,0.16,0.1,1.95,79,2,0,3.0,8.6,2023-10-08T13:00:00Z,90,15,0,0,0,0,8,0,1394501,1,2,2,5.0,2,48700,202219,153519,63,True,0,2023-24,8,6.3,,,,,,,,,,,,,MID,james ward-prowse,1,90.0,90.0,4.333333333333333,5.2,0.6759999999999993,0.3119999999999997,0.3640000000000001,0.2,0.0,90.0,1.0,5.986666666666666,4.409999999999999,6.379999999999996,5.8,1,0,0
Jarrod Bowen,MID,West Ham,5.5,0,0,4,0,1.8,526,0.01,0.04,0.03,1.95,79,2,0,2.8,7.4,2023-10-08T13:00:00Z,90,15,0,0,0,0,8,0,1788365,1,2,2,19.0,2,354085,496402,142317,73,True,0,2023-24,8,7.3,,,,,,,,,,,,,MID,jarrod bowen,1,90.0,90.0,6.0,7.4,0.6879999999999992,0.6079999999999997,0.0800000000000001,0.2,0.0,90.0,1.0,7.720000000000001,5.109999999999999,6.439999999999996,6.64,1,0,0
Julián Álvarez,FWD,Man City,4.2,0,0,7,1,2.3,343,0.04,0.19,0.15,0.35,71,0,0,1.6,1.6,2023-10-08T15:30:00Z,67,1,0,0,0,0,8,0,3245457,1,0,1,12.0,2,19226,311945,292719,70,False,0,2023-24,8,7.0,,,,,,,,,,,,,FWD,julián álvarez,1,78.66666666666667,83.0,6.0,6.8,0.5739999999999992,0.4279999999999997,0.1460000000000001,0.0,0.0,80.4,1.0,7.600000000000001,4.9,5.869999999999996,4.62,0,0,0
Kieran Trippier,DEF,Newcastle,12.5,1,2,33,0,72.2,430,0.43,0.43,0.0,1.22,79,2,0,11.3,36.8,2023-10-08T13:00:00Z,90,19,0,0,0,0,8,0,4611041,1,2,2,4.0,6,478922,597929,119007,68,False,0,2023-24,8,6.8,,,,,,,,,,,,,DEF,kieran trippier,1,83.0,85.8,12.666666666666666,7.8,0.3539999999999993,0.0099999999999998,0.344,0.6,0.0,84.12,1.0,12.853333333333332,4.76,7.169999999999996,6.53,1,0,0
Levi Colwill,DEF,Chelsea,5.8,0,0,20,0,3.4,197,0.01,0.01,0.0,0.75,73,1,0,1.9,13.4,2023-10-07T14:00:00Z,90,6,0,0,0,0,8,0,658033,1,4,1,2.0,2,220817,267884,47067,46,False,0,2023-24,8,4.6,,,,,,,,,,,,,DEF,levi colwill,1,86.33333333333333,87.8,6.666666666666667,5.6,0.1759999999999991,0.1259999999999999,0.0499999999999999,0.6,0.0,86.91999999999999,1.0,7.173333333333334,3.22,6.279999999999996,5.66,1,0,0
Matty Cash,DEF,Aston Villa,4.7,0,0,6,0,1.0,36,0.01,0.24,0.23,1.05,80,1,0,3.7,9.6,2023-10-08T13:00:00Z,81,20,0,0,0,0,8,0,3083294,1,1,1,26.0,2,1019073,1059823,40750,50,False,0,2023-24,8,5.0,,,,,,,,,,,,,DEF,matty cash,1,90.0,90.0,4.333333333333333,5.8,0.5399999999999993,0.4299999999999999,0.11,0.2,0.0,90.0,1.0,5.466666666666667,3.5,6.499999999999996,6.39,1,0,0
Nick Pope,GK,Newcastle,4.8,0,0,13,0,0.0,424,0.0,0.0,0.0,1.22,79,2,0,1.1,10.8,2023-10-08T13:00:00Z,90,19,0,0,0,0,8,1,1171525,1,2,2,0.0,1,6918,50379,43461,55,False,0,2023-24,8,5.5,,,,,,,,,,,,,GK,nick pope,1,90.0,90.0,6.0,4.2,0.0039999999999989,0.0039999999999999,0.0,0.6,2.2,90.0,1.0,7.000000000000001,3.85,5.419999999999995,5.68,1,0,0
Robert Sánchez,GK,Chelsea,4.8,0,0,17,0,0.0,145,0.0,0.0,0.0,0.75,73,1,0,1.4,13.6,2023-10-07T14:00:00Z,90,6,0,0,0,0,8,2,738479,1,4,1,0.0,2,76420,111560,35140,46,False,0,2023-24,8,4.6,,,,,,,,,,,,,GK,robert sánchez,1,90.0,90.0,7.0,5.8,0.0,0.0,0.0,0.6,3.2,90.0,1.0,7.44,3.22,5.4,5.62,0,0,0
Abdoulaye Doucouré,MID,Everton,4.2,0,0,13,0,3.0,249,0.0,0.0,0.0,2.24,85,2,0,2.0,16.6,2023-10-21T11:30:00Z,90,11,0,0,0,0,9,0,90741,1,0,2,0.0,2,-8458,13465,21923,55,False,0,2023-24,9,5.5,,,,,,,,,,,,,MID,abdoulaye doucouré,1,79.66666666666667,81.6,6.333333333333333,5.8,0.64,0.54,0.1,0.2,0.0,80.44,1.0,7.266666666666667,3.85,6.2,5.81,1,0,0
Alexander Isak,FWD,Newcastle,3.6,0,0,3,0,10.3,415,0.0,0.0,0.0,0.82,87,0,0,1.3,2.6,2023-10-21T14:00:00Z,20,8,0,0,0,0,9,0,2040351,0,0,4,0.0,1,-33527,172085,205612,75,True,0,2023-24,9,7.5,,,,,,,,,,,,,FWD,alexander isak,1,65.0,53.6,8.0,5.2,0.922,0.904,0.018,0.2,0.0,60.44,0.7555,9.4,3.966375,7.609999999999999,5.62,1,0,0
Carlton Morris,FWD,Luton,2.7,0,0,4,0,2.4,326,0.03,0.21,0.18,2.97,88,2,0,1.3,0.0,2023-10-21T14:00:00Z,81,16,0,0,0,0,9,0,664513,1,2,2,11.0,2,-49827,53493,103320,56,False,0,2023-24,9,5.6,,,,,,,,,,,,,FWD,carlton morris,1,85.66666666666667,84.0,3.6666666666666665,4.4,0.4379999999999996,0.398,0.0400000000000002,0.0,0.0,85.0,1.0,5.173333333333334,3.92,5.189999999999998,4.19,0,0,0
Dan Burn,DEF,Newcastle,4.8,0,0,26,1,1.9,407,0.02,0.02,0.0,1.21,87,0,0,1.7,15.0,2023-10-21T14:00:00Z,90,8,0,0,0,0,9,0,1208039,1,0,4,0.0,6,204838,243717,38879,47,True,0,2023-24,9,4.7,,,,,,,,,,,,,DEF,dan burn,1,90.0,90.0,6.333333333333333,5.0,0.1879999999999997,0.1359999999999999,0.0520000000000001,0.6,0.0,90.0,1.0,6.946666666666666,3.29,6.339999999999998,5.79,1,0,0
David Raya Martin,GK,Arsenal,5.2,0,0,17,0,0.0,113,0.0,0.0,0.0,1.36,84,2,0,2.3,23.0,2023-10-21T16:30:00Z,90,7,0,0,0,0,9,3,388574,1,2,2,0.0,2,48210,61150,12940,48,False,0,2023-24,9,4.8,,,,,,,,,,,,,GK,david raya martin,1,90.0,72.0,4.666666666666667,4.4,0.0,0.0,0.0,0.6,1.0,82.8,1.0,5.653333333333334,3.36,5.4,4.96,0,0,0
Erling Haaland,FWD,Man City,5.0,0,2,33,0,0.9,355,0.0,0.26,0.26,0.83,86,1,1,6.6,38.6,2023-10-21T14:00:00Z,90,5,0,0,0,0,9,0,8880074,1,1,2,26.0,8,-195755,40373,236128,140,True,0,2023-24,9,14.0,,,,,,,,,,,,,FWD,erling haaland,1,90.0,90.0,3.333333333333333,7.2,1.0459999999999996,0.9779999999999998,0.0680000000000001,0.2,0.0,90.0,1.0,8.266666666666667,9.8,8.229999999999997,8.72,1,1,0
James Garner,MID,Everton,3.5,0,0,9,0,0.8,250,0.02,0.03,0.01,2.24,85,2,0,1.1,9.2,2023-10-21T11:30:00Z,90,11,0,0,0,0,9,0,13605,1,0,2,1.0,2,3389,5568,2179,49,False,0,2023-24,9,4.9,,,,,,,,,,,,,MID,james garner,1,90.0,70.8,5.666666666666667,4.0,0.4559999999999992,0.1999999999999996,0.256,0.2,0.0,82.32,1.0,6.493333333333334,3.43,5.279999999999996,4.3,0,0,0
Joachim Andersen,DEF,Crystal Palace,6.5,0,0,13,0,1.0,220,0.01,0.01,0.0,2.39,87,4,0,1.4,13.2,2023-10-21T14:00:00Z,90,15,0,0,0,0,9,0,1787003,1,0,4,0.0,0,239168,291865,52697,49,False,0,2023-24,9,4.9,,,,,,,,,,,,,DEF,joachim andersen,1,90.0,90.0,9.0,5.8,0.1719999999999993,0.1019999999999997,0.0700000000000001,0.6,0.0,90.0,1.0,9.16,3.43,6.259999999999996,5.6,1,0,0
Kieran Trippier,DEF,Newcastle,9.8,1,2,36,1,42.2,430,0.48,0.48,0.0,0.39,87,0,0,6.9,27.0,2023-10-21T14:00:00Z,68,8,0,0,0,0,9,0,4898315,1,0,4,0.0,10,264001,307726,43725,69,True,1,2023-24,9,6.9,,,,,,,,,,,,,DEF,kieran trippier,1,83.0,85.8,12.0,9.0,0.4039999999999993,0.0099999999999998,0.394,0.6,0.0,84.12,1.0,12.36,4.83,7.419999999999996,6.76,1,0,0
Mohamed Salah,MID,Liverpool,11.2,0,3,40,1,34.1,308,0.05,1.44,1.39,0.13,85,0,2,15.6,71.0,2023-10-21T11:30:00Z,90,9,0,0,0,0,9,0,3788926,1,0,2,51.0,16,380449,404926,24477,127,True,0,2023-24,9,12.7,,,,,,,,,,,,,MID,mohamed salah,1,84.33333333333333,86.6,8.666666666666666,8.8,1.163999999999999,0.7099999999999999,0.454,0.2,0.0,85.24,1.0,12.013333333333334,8.889999999999999,8.819999999999995,8.53,1,0,1
Oleksandr Zinchenko,DEF,Arsenal,4.8,0,0,0,0,1.5,31,0.01,0.01,0.0,1.18,84,1,0,0.0,0.0,2023-10-21T16:30:00Z,45,7,0,0,0,0,9,0,575220,1,2,2,0.0,0,20903,43414,22511,49,False,1,2023-24,9,4.9,,,,,,,,,,,,,DEF,oleksandr zinchenko,1,77.33333333333333,77.2,4.666666666666667,4.6,0.1219999999999988,0.0559999999999999,0.0659999999999999,0.6,0.0,77.28,0.966,5.693333333333334,3.31338,6.0099999999999945,5.12,1,0,0
Sam Johnstone,GK,Crystal Palace,5.8,0,0,13,0,0.0,230,0.0,0.0,0.0,2.39,87,4,0,2.2,22.2,2023-10-21T14:00:00Z,90,15,0,0,0,0,9,3,293128,1,0,4,0.0,1,79031,96546,17515,45,False,0,2023-24,9,4.5,,,,,,,,,,,,,GK,sam johnstone,1,90.0,90.0,8.666666666666666,5.6,0.0,0.0,0.0,0.6,3.4,90.0,1.0,8.733333333333334,3.15,5.4,5.64,1,0,0
Son Heung-min,MID,Spurs,8.0,1,3,43,1,45.8,516,0.2,0.46,0.26,0.17,90,0,1,14.2,62.4,2023-10-23T19:00:00Z,81,10,0,0,0,0,9,0,3584327,1,0,2,34.0,14,166496,278386,111890,95,True,0,2023-24,9,9.5,,,,,,,,,,,,,MID,son heung-min,1,73.66666666666667,74.2,8.0,9.2,0.799999999999999,0.5800000000000001,0.22,0.2,0.0,73.88000000000001,0.9235,10.2,6.141275,6.999999999999995,6.15,1,0,0
Tim Ream,DEF,Fulham,1.3,0,0,17,0,0.7,281,0.01,0.01,0.0,1.51,90,2,0,2.8,27.2,2023-10-23T19:00:00Z,90,18,0,0,0,0,9,0,197383,1,0,2,0.0,1,-26645,3783,30428,45,False,0,2023-24,9,4.5,,,,,,,,,,,,,DEF,tim ream,1,90.0,90.0,2.6666666666666665,4.6,0.2099999999999991,0.192,0.0179999999999999,0.4,0.0,90.0,1.0,3.9333333333333336,3.15,5.649999999999995,5.06,1,0,0
Tomáš Souček,MID,West Ham,6.0,0,0,3,0,0.7,542,0.0,0.11,0.11,1.65,81,2,0,0.6,0.0,2023-10-22T15:30:00Z,66,2,0,0,0,0,9,0,119608,1,1,4,8.0,2,40759,48741,7982,49,False,0,2023-24,9,4.9,,,,,,,,,,,,,MID,tomáš souček,1,79.33333333333333,64.8,6.0,3.8,0.5019999999999991,0.424,0.0779999999999999,0.2,0.0,73.52,0.919,6.760000000000001,3.15217,5.509999999999995,4.69,0,0,0
André Onana,GK,Man Utd,1.2,0,0,9,0,0.0,383,0.0,0.0,0.0,1.11,95,1,0,1.3,13.2,2024-11-03T16:30:00Z,90,6,0,0,0,0,10,2,757291,1,1,1,0.0,2,-8441,30721,39162,50,True,0,2024-25,10,5.0,0.0,,,,,,,,,,,,GK,andré onana,2,90.0,90.0,3.0,4.2,0.0379999999999996,0.0,0.0380000000000001,0.4,2.8,90.0,1.0,4.4,3.5,4.789999999999999,4.74,1,0,0
Brennan Johnson,MID,Spurs,4.2,0,1,30,0,2.5,491,0.03,0.62,0.59,1.86,99,1,1,8.4,38.6,2024-11-03T14:00:00Z,90,2,0,0,0,0,10,0,1042042,1,1,4,43.0,8,-89997,81662,171659,67,True,0,2024-25,10,6.7,0.0,,,,,,,,,,,,MID,brennan johnson,2,90.0,82.8,3.333333333333333,5.6,0.7239999999999996,0.6619999999999998,0.0620000000000002,0.2,0.0,87.12,1.0,5.346666666666668,4.69,6.619999999999998,6.78,1,0,0
Bryan Mbeumo,MID,Brentford,6.7,0,0,8,1,2.1,99,0.01,0.01,0.0,0.9,92,0,0,0.6,3.4,2024-11-04T20:00:00Z,86,9,0,0,0,0,10,0,4324739,1,1,2,0.0,3,620628,667099,46471,78,False,0,2024-25,10,7.8,0.0,,,,,,,,,,,,MID,bryan mbeumo,2,90.0,90.0,8.333333333333334,8.4,0.7639999999999998,0.534,0.2300000000000002,0.0,0.0,90.0,1.0,9.786666666666669,5.46,6.819999999999999,6.75,1,0,0
Cole Palmer,MID,Chelsea,5.5,0,1,25,0,37.8,182,0.28,0.51,0.23,1.98,95,1,0,6.7,13.4,2024-11-03T16:30:00Z,90,14,0,0,0,0,10,0,6002657,1,1,1,16.0,3,192933,252006,59073,110,False,0,2024-25,10,11.0,0.0,,,,,,,,,,,,MID,cole palmer,2,90.0,84.6,6.0,10.2,0.9599999999999994,0.73,0.2300000000000001,0.2,0.0,87.84,1.0,9.2,7.699999999999999,7.799999999999997,7.94,1,1,0
Dean Henderson,GK,Crystal Palace,4.3,0,0,9,0,0.0,201,0.0,0.0,0.0,1.53,100,2,0,2.7,26.8,2024-11-02T17:30:00Z,90,20,0,0,0,0,10,4,1132023,1,2,2,0.0,2,34292,59704,25412,44,False,0,2024-25,10,4.4,0.0,,,,,,,,,,,,GK,dean henderson,2,90.0,90.0,4.666666666666667,4.8,0.0019999999999996,0.0019999999999999,0.0,0.4,3.6,90.0,1.0,5.493333333333334,3.08,4.609999999999998,4.71,0,0,0
Diogo Dalot Teixeira,DEF,Man Utd,0.5,0,0,4,0,0.9,369,0.01,0.01,0.0,1.11,95,1,0,2.0,19.0,2024-11-03T16:30:00Z,90,6,0,0,0,0,10,0,1082947,1,1,1,0.0,1,-13637,60576,74213,51,True,1,2024-25,10,5.1,0.0,,,,,,,,,,,,DEF,diogo dalot teixeira,2,90.0,90.0,2.6666666666666665,3.4,0.1939999999999996,0.1099999999999999,0.0840000000000001,0.4,0.0,90.0,1.0,4.173333333333334,3.5699999999999994,5.569999999999999,4.7,1,0,0
Emerson Palmieri dos Santos,DEF,West Ham,0.7,0,0,-2,0,6.5,520,0.13,0.13,0.0,1.67,97,3,0,2.4,15.2,2024-11-02T15:00:00Z,78,16,0,0,0,0,10,0,57526,1,0,3,2.0,1,-897,1432,2329,44,False,0,2024-25,10,4.4,0.0,,,,,,,,,,,,DEF,emerson palmieri dos santos,2,87.33333333333333,75.8,1.0,0.8,0.3739999999999996,0.1779999999999998,0.1960000000000002,0.0,0.0,82.72,1.0,2.5600000000000005,3.08,4.869999999999998,4.6,0,0,0
Facundo Buonanotte,MID,Leicester,3.0,0,0,17,0,33.0,117,0.08,0.31,0.23,1.0,93,1,0,9.3,17.8,2024-11-02T15:00:00Z,90,10,0,0,0,0,10,0,337772,1,1,1,42.0,1,91153,110647,19494,51,False,1,2024-25,10,5.1,0.0,,,,,,,,,,,,MID,facundo buonanotte,2,87.0,75.8,6.333333333333333,4.6,0.4919999999999996,0.3959999999999997,0.0960000000000001,0.2,0.0,82.52,1.0,7.1066666666666665,3.5699999999999994,5.459999999999998,4.91,0,0,0
Kai Havertz,FWD,Arsenal,2.7,0,0,4,0,11.8,4,0.42,0.42,0.0,0.53,96,1,0,2.1,5.6,2024-11-02T12:30:00Z,90,15,0,0,0,0,10,0,1625586,1,0,1,4.0,1,-158755,45811,204566,81,False,1,2024-25,10,8.1,0.0,,,,,,,,,,,,FWD,kai havertz,2,90.0,90.0,4.0,4.0,0.6999999999999991,0.5859999999999999,0.114,0.0,0.0,90.0,1.0,6.44,5.669999999999999,6.499999999999996,5.73,1,0,0
Leif Davis,DEF,Ipswich,4.3,0,2,24,0,40.6,267,0.22,0.31,0.09,1.55,93,1,1,11.6,56.0,2024-11-02T15:00:00Z,90,11,0,0,0,0,10,0,243713,1,1,1,19.0,10,942,16479,15537,45,True,0,2024-25,10,4.5,0.0,,,,,,,,,,,,DEF,leif davis,2,90.0,90.0,1.0,1.4,0.3319999999999991,0.0779999999999998,0.254,0.0,0.0,90.0,1.0,2.6,3.15,4.659999999999996,4.25,0,0,0
Mohamed Salah,MID,Liverpool,11.3,0,2,31,0,21.8,328,0.12,0.65,0.53,1.01,94,1,1,11.0,38.8,2024-11-02T15:00:00Z,90,5,0,0,0,0,10,0,4520911,1,1,2,49.0,9,320939,350342,29403,127,True,0,2024-25,10,12.7,0.0,,,,,,,,,,,,MID,mohamed salah,2,84.0,86.4,8.333333333333334,8.2,0.7519999999999991,0.6639999999999999,0.088,0.4,0.0,84.96000000000001,1.0,11.746666666666668,8.889999999999999,6.759999999999995,7.49,1,0,1
Nathan Collins,DEF,Brentford,1.0,0,0,7,0,1.1,88,0.0,0.0,0.0,1.37,92,2,0,3.0,24.8,2024-11-04T20:00:00Z,90,9,0,0,0,0,10,0,252669,1,1,2,4.0,1,-10138,15920,26058,45,False,0,2024-25,10,4.5,0.0,,,,,,,,,,,,DEF,nathan collins,2,90.0,90.0,4.0,3.0,0.305999999999999,0.2399999999999999,0.0659999999999999,0.0,0.0,90.0,1.0,5.0,3.15,4.529999999999995,4.72,1,0,0
Nicolas Jackson,FWD,Chelsea,5.8,0,0,12,0,12.9,180,0.05,0.13,0.08,1.98,95,1,0,5.4,16.2,2024-11-03T16:30:00Z,90,14,0,0,0,0,10,0,1903560,1,1,1,25.0,1,72742,167569,94827,79,False,1,2024-25,10,7.9,0.0,,,,,,,,,,,,FWD,nicolas jackson,2,82.33333333333333,77.6,5.666666666666667,7.6,0.7419999999999989,0.7040000000000001,0.0379999999999999,0.2,0.0,80.44,1.0,7.693333333333334,5.53,6.709999999999995,5.88,1,0,0
Raúl Jiménez,FWD,Fulham,3.7,0,0,7,0,4.1,252,0.01,0.09,0.08,0.18,92,1,0,2.9,4.6,2024-11-04T20:00:00Z,72,4,0,0,0,0,10,0,1215554,1,1,2,20.0,2,158936,226375,67439,58,True,0,2024-25,10,5.8,0.0,,,,,,,,,,,,FWD,raúl jiménez,2,85.33333333333333,82.2,4.666666666666667,5.8,0.825999999999999,0.6119999999999999,0.2139999999999999,0.4,0.0,84.08,1.0,6.053333333333334,4.06,7.129999999999995,6.01,1,0,0
Trent Alexander-Arnold,DEF,Liverpool,2.7,0,0,26,0,27.0,311,0.1,0.1,0.0,1.01,94,1,0,6.5,34.4,2024-11-02T15:00:00Z,90,5,0,0,0,0,10,0,3207568,1,1,2,4.0,2,8256,124684,116428,70,True,0,2024-25,10,7.0,0.0,,,,,,,,,,,,DEF,trent alexander-arnold,2,86.66666666666667,88.0,3.6666666666666665,4.6,0.2299999999999991,0.04,0.19,0.4,0.0,87.2,1.0,5.733333333333334,4.9,5.749999999999995,5.02,1,0,0
Brennan Johnson,MID,Spurs,4.2,0,0,0,0,5.8,491,0.02,0.79,0.77,1.72,108,2,0,2.0,0.0,2024-11-10T14:00:00Z,83,10,0,0,0,0,11,0,1276547,1,2,1,21.0,2,213573,260191,46618,67,True,0,2024-25,11,6.7,0.0,,,,,,,,,,,,MID,brennan johnson,2,90.0,87.0,3.6666666666666665,5.8,0.7379999999999998,0.6819999999999998,0.0560000000000002,0.2,0.0,88.80000000000001,1.0,5.613333333333333,4.69,6.689999999999999,7.0,1,0,0
Bryan Mbeumo,MID,Brentford,7.7,1,0,14,0,15.8,99,0.25,0.34,0.09,2.17,101,2,0,3.9,19.0,2024-11-09T15:00:00Z,90,3,0,0,0,0,11,0,4635502,1,2,3,4.0,5,299114,347703,48589,79,True,0,2024-25,11,7.9,0.0,,,,,,,,,,,,MID,bryan mbeumo,2,88.66666666666667,89.2,6.666666666666667,7.4,0.6339999999999997,0.406,0.2280000000000002,0.2,0.0,88.88,1.0,8.493333333333334,5.53,6.169999999999998,5.82,1,0,0
Cole Palmer,MID,Chelsea,3.4,0,0,9,0,12.2,182,0.01,0.16,0.15,0.99,103,1,0,4.3,6.8,2024-11-10T16:30:00Z,90,1,0,0,0,0,11,0,5684380,1,1,1,24.0,2,-299656,97643,397299,110,True,0,2024-25,11,11.0,0.0,,,,,,,,,,,,MID,cole palmer,2,90.0,90.0,5.0,9.2,0.9779999999999994,0.692,0.2860000000000001,0.0,0.0,90.0,1.0,8.4,7.699999999999999,7.889999999999997,8.06,1,1,0
Dominic Solanke-Mitchell,FWD,Spurs,7.2,0,0,6,0,1.6,82,0.02,0.4,0.38,1.74,108,2,0,6.6,18.2,2024-11-10T14:00:00Z,90,10,0,0,0,0,11,0,1853239,1,2,1,46.0,2,637587,662653,25066,77,True,0,2024-25,11,7.7,0.0,,,,,,,,,,,,FWD,dominic solanke-mitchell,2,86.66666666666667,88.0,6.666666666666667,6.2,0.6579999999999997,0.59,0.0680000000000001,0.2,0.0,87.2,1.0,8.413333333333334,5.39,6.289999999999998,5.56,1,0,0
Emerson Palmieri dos Santos,DEF,West Ham,2.7,0,0,20,1,18.9,520,0.02,0.06,0.04,1.11,109,0,0,3.6,14.6,2024-11-09T15:00:00Z,90,8,0,0,0,0,11,0,59148,1,0,0,2.0,6,1218,3474,2256,44,True,0,2024-25,11,4.4,0.0,,,,,,,,,,,,DEF,emerson palmieri dos santos,2,86.0,77.0,0.6666666666666666,0.8,0.3679999999999997,0.1779999999999998,0.1900000000000002,0.0,0.0,82.4,1.0,2.293333333333333,3.08,4.839999999999998,4.57,1,0,0
Facundo Buonanotte,MID,Leicester,1.3,0,0,6,0,50.1,117,0.38,0.38,0.0,0.7,106,3,0,6.6,13.6,2024-11-10T14:00:00Z,90,14,0,0,0,0,11,0,273372,1,0,3,2.0,1,-58284,12581,70865,51,False,1,2024-25,11,5.1,0.0,,,,,,,,,,,,MID,facundo buonanotte,2,90.0,87.0,3.0,4.8,0.5439999999999996,0.4339999999999997,0.1100000000000001,0.2,0.0,88.80000000000001,1.0,4.44,3.5699999999999994,5.719999999999998,5.44,0,0,0
James Tarkowski,DEF,Everton,3.3,0,2,29,1,0.9,236,0.01,0.07,0.06,0.83,109,0,0,5.0,29.6,2024-11-09T15:00:00Z,90,19,0,0,0,0,11,0,158149,1,0,0,19.0,8,-6920,5492,12412,48,False,0,2024-25,11,4.8,0.0,,,,,,,,,,,,DEF,james tarkowski,2,90.0,90.0,2.6666666666666665,3.6,0.1799999999999992,0.0559999999999997,0.124,0.4,0.0,90.0,1.0,4.053333333333333,3.36,5.4999999999999964,4.45,0,0,0
Kai Havertz,FWD,Arsenal,1.4,0,0,2,0,13.2,4,0.01,0.01,0.0,1.28,103,1,0,2.7,12.0,2024-11-10T16:30:00Z,90,6,0,0,0,0,11,0,1257354,1,1,1,2.0,1,-367479,10408,377887,80,False,1,2024-25,11,8.0,0.0,,,,,,,,,,,,FWD,kai havertz,2,90.0,90.0,1.6666666666666667,3.8,0.7719999999999992,0.5739999999999998,0.198,0.0,0.0,90.0,1.0,4.533333333333333,5.6,6.859999999999996,6.01,1,0,0
Matz Sels,GK,Nott'm Forest,6.0,0,0,3,0,0.0,443,0.0,0.0,0.0,1.7,107,3,0,2.5,24.6,2024-11-10T14:00:00Z,90,15,0,0,0,0,11,3,788524,1,3,1,0.0,2,166978,180287,13309,47,True,0,2024-25,11,4.7,0.0,,,,,,,,,,,,GK,matz sels,2,90.0,90.0,7.333333333333333,5.4,0.0079999999999991,0.0,0.008,0.4,3.2,90.0,1.0,7.746666666666667,3.29,4.639999999999995,4.65,0,0,0
Mohamed Salah,MID,Liverpool,12.0,1,3,39,1,27.6,328,0.28,1.06,0.78,1.38,105,0,1,13.3,57.6,2024-11-09T20:00:00Z,90,2,0,0,0,0,11,0,5069754,1,0,2,48.0,14,517240,542546,25306,128,True,0,2024-25,11,12.8,0.0,,,,,,,,,,,,MID,mohamed salah,2,90.0,86.4,10.333333333333334,8.8,0.7259999999999991,0.6479999999999999,0.078,0.2,0.0,88.56,1.0,13.386666666666668,8.959999999999999,6.629999999999996,7.51,1,0,1
Nathan Collins,DEF,Brentford,1.0,0,0,12,0,10.5,88,0.29,0.29,0.0,2.61,101,2,0,6.3,46.2,2024-11-09T15:00:00Z,90,3,0,0,0,0,11,0,255579,1,2,3,6.0,1,1307,14865,13558,45,True,0,2024-25,11,4.5,0.0,,,,,,,,,,,,DEF,nathan collins,2,90.0,90.0,1.0,3.0,0.303999999999999,0.2399999999999999,0.0639999999999999,0.0,0.0,90.0,1.0,2.6,3.15,4.519999999999995,4.71,1,0,0
Nick Pope,GK,Newcastle,3.0,0,0,9,0,0.0,413,0.0,0.0,0.0,0.63,107,1,0,1.9,19.2,2024-11-10T14:00:00Z,90,16,0,0,0,0,11,2,749230,1,3,1,0.0,2,27618,42285,14667,50,False,0,2024-25,11,5.0,0.0,,,,,,,,,,,,GK,nick pope,2,90.0,90.0,3.333333333333333,3.8,0.0,0.0,0.0,0.4,3.2,90.0,1.0,4.666666666666667,3.5,4.6,4.78,1,0,0
Nikola Milenković,DEF,Nott'm Forest,3.5,0,0,1,0,0.7,573,0.0,0.02,0.02,1.7,107,3,0,2.1,17.8,2024-11-10T14:00:00Z,90,15,0,0,0,0,11,0,119976,1,3,1,2.0,1,11218,15405,4187,45,True,0,2024-25,11,4.5,0.0,,,,,,,,,,,,DEF,nikola milenković,2,90.0,90.0,4.333333333333333,4.0,0.2039999999999989,0.1259999999999999,0.0779999999999999,0.4,0.0,90.0,1.0,5.266666666666667,3.15,5.619999999999994,4.8,1,0,0
Raúl Jiménez,FWD,Fulham,3.0,1,0,16,1,19.0,252,0.18,0.31,0.13,1.48,104,0,0,4.4,13.6,2024-11-09T15:00:00Z,74,7,0,0,0,0,11,0,1130127,1,2,0,11.0,5,-78554,48928,127482,58,False,0,2024-25,11,5.8,0.0,,,,,,,,,,,,FWD,raúl jiménez,2,84.0,82.0,3.6666666666666665,5.0,0.743999999999999,0.5299999999999999,0.2139999999999999,0.4,0.0,83.2,1.0,5.253333333333334,4.06,6.719999999999995,5.52,1,0,0
Trent Alexander-Arnold,DEF,Liverpool,2.3,0,0,6,0,11.3,311,0.03,0.03,0.0,0.15,105,0,0,1.6,4.4,2024-11-09T20:00:00Z,24,2,0,0,0,0,11,0,3117809,1,0,2,0.0,1,-95987,55130,151117,70,True,0,2024-25,11,7.0,0.0,,,,,,,,,,,,DEF,trent alexander-arnold,2,86.66666666666667,88.0,1.6666666666666667,2.8,0.2239999999999991,0.04,0.184,0.2,0.0,87.2,1.0,4.133333333333334,4.9,4.919999999999996,4.48,0,0,0
Alexander Isak,FWD,Newcastle,7.3,0,0,-3,0,15.8,401,0.03,0.74,0.71,0.91,119,2,0,4.1,0.0,2024-11-25T20:00:00Z,90,19,0,0,0,0,12,0,2223988,1,2,0,31.0,2,523212,552878,29666,85,True,0,2024-25,12,8.5,0.0,,,,,,,,,,,,FWD,alexander isak,2,90.0,72.0,8.666666666666666,5.6,0.6839999999999998,0.5720000000000001,0.112,0.2,0.0,82.8,1.0,10.333333333333334,5.949999999999999,6.419999999999999,5.37,1,0,0
Andreas Hoelgebaum Pereira,MID,Fulham,1.7,0,0,7,0,36.0,240,0.15,0.19,0.04,0.76,115,2,0,4.8,9.6,2024-11-23T15:00:00Z,58,20,0,0,0,0,12,0,162709,1,4,1,2.0,0,-7374,5074,12448,52,True,1,2024-25,12,5.2,0.0,,,,,,,,,,,,MID,andreas hoelgebaum pereira,2,74.66666666666667,71.0,2.6666666666666665,3.2,0.6539999999999997,0.432,0.2220000000000001,0.4,0.0,73.2,0.915,4.213333333333333,3.3306,6.269999999999999,5.4,1,0,0
Ashley Young,DEF,Everton,5.3,0,3,36,1,49.0,238,0.23,0.23,0.0,1.1,114,0,0,7.4,25.0,2024-11-23T15:00:00Z,90,4,0,0,0,0,12,0,140107,1,0,0,0.0,9,9382,18816,9434,45,True,0,2024-25,12,4.5,0.0,,,,,,,,,,,,DEF,ashley young,2,90.0,90.0,4.333333333333333,5.0,0.1659999999999997,0.026,0.1400000000000002,0.6,0.0,90.0,1.0,5.266666666666667,3.15,6.229999999999999,5.3,1,0,0
Brennan Johnson,MID,Spurs,4.8,0,0,23,0,0.0,491,0.0,1.13,1.13,0.71,118,0,1,7.3,34.2,2024-11-23T17:30:00Z,27,13,0,0,0,0,12,0,970052,0,4,0,39.0,6,-287482,33845,321327,67,False,0,2024-25,12,6.7,0.0,,,,,,,,,,,,MID,brennan johnson,2,87.66666666666667,88.6,3.6666666666666665,4.0,0.6719999999999997,0.642,0.0300000000000002,0.0,0.0,88.03999999999999,1.0,5.613333333333333,4.69,6.359999999999999,6.69,1,0,0
Bryan Mbeumo,MID,Brentford,2.8,0,0,6,1,25.8,99,0.12,0.12,0.0,1.2,114,0,0,5.6,19.8,2024-11-23T15:00:00Z,90,8,0,0,0,0,12,0,4434729,1,0,0,10.0,3,-182253,148625,330878,79,False,0,2024-25,12,7.9,0.0,,,,,,,,,,,,MID,bryan mbeumo,2,88.66666666666667,89.2,7.666666666666667,6.6,0.5699999999999998,0.374,0.1960000000000002,0.2,0.0,88.88,1.0,9.293333333333331,5.53,5.85,5.47,1,0,0
Danny Welbeck,FWD,Brighton,3.0,0,0,8,1,25.4,148,0.03,0.03,0.0,1.12,113,0,0,4.0,12.2,2024-11-23T15:00:00Z,85,3,0,0,0,0,12,0,2402653,1,2,1,2.0,2,164468,262300,97832,60,False,0,2024-25,12,6.0,0.0,,,,,,,,,,,,FWD,danny welbeck,2,84.0,84.4,4.666666666666667,6.2,0.5619999999999998,0.5479999999999999,0.014,0.4,0.0,84.16,1.0,6.133333333333335,4.199999999999999,5.809999999999999,5.0,0,0,0
Emerson Palmieri dos Santos,DEF,West Ham,5.3,1,0,33,1,16.5,520,0.05,0.05,0.0,1.6,119,0,0,5.5,36.2,2024-11-25T20:00:00Z,74,15,0,0,0,0,12,0,56935,1,2,0,2.0,9,-2350,1414,3764,44,False,0,2024-25,12,4.4,0.0,,,,,,,,,,,,DEF,emerson palmieri dos santos,2,86.0,86.0,2.6666666666666665,2.0,0.3739999999999997,0.1819999999999998,0.1920000000000002,0.2,0.0,86.0,1.0,3.8933333333333335,3.08,5.669999999999998,4.7,0,0,0
Erling Haaland,FWD,Man City,3.5,0,0,2,0,22.3,351,0.03,0.85,0.82,2.51,118,4,0,9.3,6.2,2024-11-23T17:30:00Z,90,18,0,0,0,0,12,0,6584276,1,4,0,64.0,2,-518598,32771,551369,152,True,0,2024-25,12,15.2,0.0,,,,,,,,,,,,FWD,erling haaland,2,90.0,90.0,4.333333333333333,3.4,0.9939999999999998,0.9679999999999996,0.0260000000000001,0.2,0.0,90.0,1.0,9.546666666666669,10.64,7.969999999999999,8.81,1,1,0
Facundo Buonanotte,MID,Leicester,0.0,0,0,0,0,0.0,117,0.0,0.0,0.0,0.0,117,0,0,0.0,0.0,2024-11-23T12:30:00Z,0,6,0,0,0,0,12,0,170129,0,2,1,0.0,0,-103446,1853,105299,50,True,0,2024-25,12,5.0,0.0,,,,,,,,,,,,MID,facundo buonanotte,2,90.0,88.2,1.3333333333333333,4.2,0.5719999999999996,0.3979999999999998,0.1740000000000001,0.2,0.0,89.28,1.0,3.0666666666666664,3.5,5.859999999999998,5.48,1,0,0
James Tarkowski,DEF,Everton,5.3,0,1,33,1,33.1,236,0.11,0.11,0.0,1.1,114,0,0,7.9,39.6,2024-11-23T15:00:00Z,90,4,0,0,0,0,12,0,172143,1,0,0,6.0,7,10550,18184,7634,48,True,0,2024-25,12,4.8,0.0,,,,,,,,,,,,DEF,james tarkowski,2,90.0,90.0,3.333333333333333,4.8,0.1399999999999992,0.0159999999999997,0.124,0.6,0.0,90.0,1.0,4.586666666666667,3.36,6.099999999999996,5.16,1,0,0
Jordan Pickford,GK,Everton,6.3,0,0,26,1,0.1,235,0.0,0.0,0.0,1.1,114,0,0,1.5,15.2,2024-11-23T15:00:00Z,90,4,0,0,0,0,12,2,1120301,1,0,0,0.0,6,24095,55721,31626,49,True,0,2024-25,12,4.9,0.0,,,,,,,,,,,,GK,jordan pickford,2,90.0,90.0,5.0,7.2,0.0039999999999993,0.0,0.0040000000000001,0.6,2.8,90.0,1.0,5.96,3.43,5.419999999999996,5.62,1,0,0
Lucas Digne,DEF,Aston Villa,1.0,0,0,4,0,1.0,36,0.0,0.0,0.0,0.24,112,0,0,0.5,3.8,2024-11-23T15:00:00Z,21,7,0,0,0,0,12,0,1105733,0,2,2,0.0,1,115527,148027,32500,47,True,0,2024-25,12,4.7,0.0,,,,,,,,,,,,DEF,lucas digne,2,77.66666666666667,81.4,3.0,4.2,0.2699999999999992,0.1039999999999998,0.1659999999999999,0.4,0.0,79.16,0.9895,4.28,3.255455,5.949999999999996,4.82,0,0,0
Matz Sels,GK,Nott'm Forest,2.3,0,0,0,0,0.0,443,0.0,0.0,0.0,1.19,111,3,0,2.8,27.8,2024-11-23T15:00:00Z,90,1,0,0,0,0,12,3,789812,1,0,3,0.0,2,8368,58834,50466,47,False,0,2024-25,12,4.7,0.0,,,,,,,,,,,,GK,matz sels,2,90.0,90.0,4.333333333333333,5.4,0.0,0.0,0.0,0.4,3.6,90.0,1.0,5.346666666666667,3.29,4.6,4.78,0,0,0
Mohamed Salah,MID,Liverpool,13.5,0,2,38,0,14.0,328,0.16,2.02,1.86,1.28,120,2,2,18.2,71.0,2024-11-24T14:00:00Z,90,17,0,0,0,0,12,0,5740030,1,3,2,97.0,13,631550,640353,8803,130,False,1,2024-25,12,13.0,0.0,,,,,,,,,,,,MID,mohamed salah,2,90.0,86.4,11.0,9.6,0.6639999999999991,0.5399999999999998,0.124,0.4,0.0,88.56,1.0,14.0,9.1,6.319999999999996,6.92,1,0,1
Nathan Collins,DEF,Brentford,2.7,0,0,26,1,0.3,88,0.0,0.0,0.0,1.2,114,0,0,3.2,29.8,2024-11-23T15:00:00Z,90,8,0,0,0,0,12,0,245140,1,0,0,2.0,6,-10982,8837,19819,45,False,0,2024-25,12,4.5,0.0,,,,,,,,,,,,DEF,nathan collins,2,90.0,90.0,1.0,2.8,0.351999999999999,0.2399999999999999,0.1119999999999999,0.0,0.0,90.0,1.0,2.6,3.15,4.7599999999999945,4.91,1,0,0
Alexander Isak,FWD,Newcastle,5.8,0,0,3,0,0.3,401,0.0,0.0,0.0,0.0,124,0,0,0.0,0.0,2024-11-30T15:00:00Z,21,7,0,0,0,0,13,0,2228854,1,1,1,0.0,1,20729,131173,110444,85,False,0,2024-25,13,8.5,0.0,,,,,,,,,,,,FWD,alexander isak,2,90.0,90.0,7.333333333333333,6.0,0.8319999999999999,0.7140000000000001,0.118,0.2,0.0,90.0,1.0,9.266666666666667,5.949999999999999,7.159999999999999,6.5,1,0,0
Andreas Hoelgebaum Pereira,MID,Fulham,0.7,0,0,0,0,0.0,240,0.0,0.0,0.0,0.0,128,0,0,0.0,0.0,2024-12-01T13:30:00Z,0,18,0,0,0,0,13,0,150170,0,1,1,0.0,0,-12485,1445,13930,52,False,0,2024-25,13,5.2,0.0,,,,,,,,,,,,MID,andreas hoelgebaum pereira,2,68.0,69.8,1.6666666666666667,1.6,0.5099999999999998,0.322,0.1880000000000001,0.4,0.0,68.72,0.859,3.4133333333333336,3.1267599999999995,5.549999999999999,4.52,0,0,0
Antoine Semenyo,MID,Bournemouth,0.0,0,0,0,0,0.0,78,0.0,0.0,0.0,0.0,130,0,0,0.0,0.0,2024-11-30T15:00:00Z,0,20,0,0,0,0,13,0,740410,0,4,2,0.0,0,-320042,4273,324315,57,False,0,2024-25,13,5.7,0.0,,,,,,,,,,,,MID,antoine semenyo,2,90.0,90.0,4.333333333333333,3.2,0.4679999999999998,0.36,0.1080000000000001,0.2,0.0,90.0,1.0,5.746666666666667,3.99,5.339999999999999,5.05,1,0,0
Ashley Young,DEF,Everton,3.8,0,0,-8,0,1.2,238,0.0,0.0,0.0,0.73,126,4,0,0.7,5.6,2024-12-01T13:30:00Z,72,14,0,0,0,0,13,0,189166,1,0,4,0.0,-1,45311,52901,7590,45,False,1,2024-25,13,4.5,0.0,,,,,,,,,,,,DEF,ashley young,2,90.0,90.0,5.333333333333333,5.6,0.2119999999999997,0.026,0.1860000000000002,0.6,0.0,90.0,1.0,6.066666666666666,3.15,6.459999999999999,5.49,1,0,0
Brennan Johnson,MID,Spurs,7.0,0,3,27,0,4.0,491,0.01,0.32,0.31,1.38,128,1,1,7.9,37.8,2024-12-01T13:30:00Z,90,9,0,0,0,0,13,0,983302,1,1,1,37.0,10,-1451,80840,82291,67,True,0,2024-25,13,6.7,0.0,,,,,,,,,,,,MID,brennan johnson,2,66.66666666666667,76.0,5.333333333333333,3.8,0.7579999999999997,0.7299999999999999,0.0280000000000002,0.0,0.0,70.4,0.8800000000000001,6.946666666666667,4.1272,6.789999999999998,6.25,1,0,0
Bruno Borges Fernandes,MID,Man Utd,9.5,2,0,31,1,28.1,366,0.18,0.21,0.03,0.45,126,0,0,7.8,39.2,2024-12-01T13:30:00Z,65,8,0,0,0,0,13,0,1791251,1,0,4,11.0,9,8461,108554,100093,85,True,0,2024-25,13,8.5,0.0,,,,,,,,,,,,MID,bruno borges fernandes,2,90.0,90.0,9.666666666666666,7.2,0.6339999999999997,0.4519999999999999,0.1820000000000002,0.2,0.0,90.0,1.0,11.133333333333333,5.949999999999999,6.169999999999998,5.99,1,0,0
Emerson Palmieri dos Santos,DEF,West Ham,4.2,0,0,1,0,1.0,520,0.0,0.13,0.13,3.38,129,5,1,5.9,44.2,2024-11-30T17:30:00Z,64,1,0,0,0,0,13,0,60481,1,5,2,14.0,5,2941,4614,1673,44,True,1,2024-25,13,4.4,0.0,,,,,,,,,,,,DEF,emerson palmieri dos santos,2,80.66666666666667,84.4,5.333333333333333,3.4,0.3619999999999997,0.1819999999999998,0.1800000000000002,0.4,0.0,82.16,1.0,6.026666666666667,3.08,6.409999999999998,5.48,1,0,0
Erling Haaland,FWD,Man City,2.8,0,0,8,0,11.8,351,0.01,0.2,0.19,3.35,125,2,0,4.6,6.0,2024-12-01T16:00:00Z,90,12,0,0,0,0,13,0,5573052,1,0,2,28.0,2,-1005996,6097,1012093,151,False,0,2024-25,13,15.1,0.0,,,,,,,,,,,,FWD,erling haaland,2,90.0,90.0,3.0,3.4,1.0959999999999996,1.082,0.0140000000000001,0.2,0.0,90.0,1.0,8.440000000000001,10.57,8.479999999999999,9.46,1,1,0
Jordan Pickford,GK,Everton,4.8,0,0,-4,0,0.0,235,0.01,0.01,0.0,0.73,126,4,0,1.3,13.2,2024-12-01T13:30:00Z,90,14,0,0,0,0,13,1,1123898,1,0,4,0.0,0,1464,30649,29185,49,False,0,2024-25,13,4.9,0.0,,,,,,,,,,,,GK,jordan pickford,2,90.0,90.0,6.333333333333333,5.4,0.0039999999999993,0.0,0.0040000000000001,0.6,2.6,90.0,1.0,7.026666666666666,3.43,5.419999999999996,5.55,1,0,0
Mohamed Salah,MID,Liverpool,12.2,1,2,32,1,18.3,328,0.52,1.78,1.26,0.77,125,0,1,10.1,49.6,2024-12-01T16:00:00Z,83,13,0,0,0,0,13,0,6148901,1,0,2,33.0,13,410125,429738,19613,131,True,0,2024-25,13,13.1,0.0,,,,,,,,,,,,MID,mohamed salah,2,90.0,90.0,12.0,11.6,1.0219999999999991,0.8699999999999999,0.152,0.2,0.0,90.0,1.0,14.0,9.17,8.109999999999996,9.15,1,0,1
Nikola Milenković,DEF,Nott'm Forest,3.5,0,0,25,1,0.2,573,0.01,0.05,0.04,0.59,127,0,0,1.7,12.8,2024-11-30T15:00:00Z,90,10,0,0,0,0,13,0,126549,1,0,1,4.0,6,5978,9935,3957,45,True,0,2024-25,13,4.5,0.0,,,,,,,,,,,,DEF,nikola milenković,2,90.0,90.0,2.6666666666666665,3.0,0.1779999999999989,0.1119999999999999,0.0659999999999999,0.4,0.0,90.0,1.0,3.9333333333333336,3.15,5.489999999999995,4.64,0,0,0
Vitalii Mykolenko,DEF,Everton,3.2,0,0,-13,0,1.4,231,0.0,0.0,0.0,0.73,126,4,0,0.7,5.2,2024-12-01T13:30:00Z,90,14,0,0,0,0,13,0,452292,1,0,4,0.0,-1,3531,22148,18617,43,False,1,2024-25,13,4.3,0.0,,,,,,,,,,,,DEF,vitalii mykolenko,2,90.0,90.0,4.666666666666667,4.6,0.091999999999999,0.0459999999999999,0.046,0.6,0.0,90.0,1.0,5.453333333333334,3.01,5.859999999999995,5.06,1,0,0
Yoane Wissa,FWD,Brentford,6.2,0,2,36,0,15.5,110,0.05,0.83,0.78,1.06,121,1,1,7.9,42.6,2024-11-30T15:00:00Z,90,11,0,0,0,0,13,0,960196,1,1,4,21.0,8,44188,106630,62442,61,True,0,2024-25,13,6.1,0.0,,,,,,,,,,,,FWD,yoane wissa,2,77.33333333333333,69.2,5.666666666666667,5.6,0.5859999999999989,0.5719999999999998,0.014,0.4,0.0,74.08,0.926,6.973333333333335,3.95402,5.929999999999994,4.75,1,0,0
Álex Moreno Lopera,DEF,Nott'm Forest,3.0,0,0,3,0,0.3,26,0.0,0.0,0.0,0.15,127,0,0,0.3,2.2,2024-11-30T15:00:00Z,13,10,0,0,0,0,13,0,94522,0,0,1,0.0,1,6416,9161,2745,44,True,0,2024-25,13,4.4,0.0,,,,,,,,,,,,DEF,álex moreno lopera,2,82.66666666666667,79.2,3.6666666666666665,3.6,0.1559999999999988,0.0159999999999999,0.14,0.4,0.0,81.28,1.0,4.693333333333333,3.08,5.379999999999994,4.13,0,0,0
Łukasz Fabiański,GK,West Ham,3.0,0,0,-14,0,0.0,521,0.0,0.0,0.0,3.6,129,5,0,0.8,8.0,2024-11-30T17:30:00Z,90,1,0,0,0,0,13,2,2052725,1,5,2,0.0,-1,28637,47188,18551,41,True,1,2024-25,13,4.1,0.0,,,,,,,,,,,,GK,łukasz fabiański,2,90.0,72.0,5.666666666666667,4.0,0.0,0.0,0.0,0.4,2.6,82.8,1.0,6.173333333333334,2.87,4.6,4.36,0,0,0
Aaron Wan-Bissaka,DEF,West Ham,7.0,0,0,0,0,21.3,388,0.2,0.24,0.04,1.67,137,3,0,4.3,16.6,2024-12-03T20:15:00Z,90,11,0,0,0,0,14,0,533743,1,1,3,5.0,1,293070,298527,5457,45,False,0,2024-25,14,4.5,0.0,,,,,,,,,,,,DEF,aaron wan-bissaka,2,82.0,85.2,9.0,6.0,0.126,0.104,0.022,0.4,0.0,83.28,1.0,9.0,3.15,5.23,4.33,0,0,0
André Onana,GK,Man Utd,4.0,0,0,13,0,0.0,383,0.0,0.0,0.0,2.16,131,2,0,3.6,35.6,2024-12-04T20:15:00Z,90,1,0,0,0,0,14,4,1060306,1,0,2,0.0,2,10198,58860,48662,52,False,0,2024-25,14,5.2,0.0,,,,,,,,,,,,GK,andré onana,2,90.0,90.0,6.0,4.2,0.0,0.0,0.0,0.4,3.0,90.0,1.0,6.880000000000001,3.64,4.6,4.8,1,0,0
Brennan Johnson,MID,Spurs,5.5,0,0,9,0,15.8,491,0.03,0.03,0.0,3.31,133,1,0,2.3,5.0,2024-12-05T20:15:00Z,90,3,0,0,0,0,14,0,1074745,1,0,1,2.0,2,82470,126753,44283,67,False,0,2024-25,14,6.7,0.0,,,,,,,,,,,,MID,brennan johnson,2,66.66666666666667,76.0,6.0,5.4,0.6359999999999996,0.6139999999999999,0.0220000000000002,0.0,0.0,70.4,0.8800000000000001,7.48,4.1272,6.179999999999998,5.63,1,0,0
Bruno Borges Fernandes,MID,Man Utd,6.5,0,0,12,0,34.0,366,0.14,0.14,0.0,2.16,131,2,0,5.5,20.6,2024-12-04T20:15:00Z,90,1,0,0,0,0,14,0,1685323,1,0,2,0.0,2,-101990,83543,185533,85,False,0,2024-25,14,8.5,0.0,,,,,,,,,,,,MID,bruno borges fernandes,2,81.66666666666667,85.0,9.333333333333334,8.0,0.6419999999999997,0.4339999999999999,0.2080000000000002,0.4,0.0,83.0,1.0,10.866666666666667,5.949999999999999,6.209999999999998,5.78,1,0,0
Daniel Muñoz,DEF,Crystal Palace,4.8,0,0,21,1,3.3,211,0.01,0.19,0.18,0.49,136,0,0,1.4,4.4,2024-12-03T19:30:00Z,90,10,0,0,0,0,14,0,201542,1,1,0,6.0,6,24454,29157,4703,47,False,0,2024-25,14,4.7,0.0,,,,,,,,,,,,DEF,daniel muñoz,2,89.33333333333333,89.6,4.333333333333333,4.2,0.4139999999999997,0.376,0.038,0.2,0.0,89.44,1.0,5.346666666666667,3.29,5.869999999999998,5.65,1,0,0
Emerson Palmieri dos Santos,DEF,West Ham,5.2,0,0,-1,0,15.5,520,0.04,0.04,0.0,0.58,137,1,0,2.3,5.8,2024-12-03T20:15:00Z,28,11,0,0,0,0,14,0,114960,0,1,3,2.0,1,49179,51555,2376,44,False,0,2024-25,14,4.4,0.0,,,,,,,,,,,,DEF,emerson palmieri dos santos,2,76.0,79.2,6.666666666666667,4.4,0.2519999999999996,0.2059999999999998,0.0460000000000002,0.4,0.0,77.28,0.966,7.093333333333334,2.97528,5.859999999999998,5.04,1,0,0
Erling Haaland,FWD,Man City,4.5,1,0,24,1,35.9,351,0.29,0.46,0.17,1.04,138,0,0,9.1,29.0,2024-12-04T19:30:00Z,90,16,0,0,0,0,14,0,5043155,1,0,3,26.0,5,-566900,36849,603749,150,True,0,2024-25,14,15.0,0.0,,,,,,,,,,,,FWD,erling haaland,2,90.0,90.0,3.0,3.4,1.1319999999999997,1.1199999999999997,0.0120000000000001,0.2,0.0,90.0,1.0,8.4,10.5,8.659999999999998,9.67,1,0,1
Francisco Evanilson de Lima Barbosa,FWD,Bournemouth,5.5,0,0,7,1,21.5,617,0.08,0.67,0.59,0.55,133,0,0,9.0,11.4,2024-12-05T20:15:00Z,84,18,0,0,0,0,14,0,320792,1,0,1,57.0,2,111688,124833,13145,60,True,0,2024-25,14,6.0,0.0,,,,,,,,,,,,FWD,francisco evanilson de lima barbosa,2,85.33333333333333,71.8,7.333333333333333,7.4,0.5059999999999996,0.4999999999999997,0.0060000000000002,0.2,0.0,79.91999999999999,0.999,8.266666666666667,4.195799999999998,5.529999999999998,4.59,0,0,0
Ismaïla Sarr,MID,Crystal Palace,4.8,0,0,5,1,16.0,585,0.05,0.05,0.0,0.49,136,0,0,2.1,1.2,2024-12-03T19:30:00Z,89,10,0,0,0,0,14,0,42657,1,1,0,4.0,2,301,8599,8298,57,False,1,2024-25,14,5.7,0.0,,,,,,,,,,,,MID,ismaïla sarr,2,88.66666666666667,84.2,5.666666666666667,4.4,0.5779999999999993,0.2919999999999997,0.286,0.2,0.0,86.88,1.0,6.813333333333334,3.99,5.889999999999997,5.23,1,0,0
Justin Kluivert,MID,Bournemouth,7.5,0,0,6,1,0.8,71,0.0,0.16,0.16,0.47,133,0,0,2.7,8.8,2024-12-05T20:15:00Z,63,18,0,0,0,0,14,0,271772,1,0,1,17.0,3,174898,187463,12565,54,True,0,2024-25,14,5.4,0.0,,,,,,,,,,,,MID,justin kluivert,2,75.0,73.0,9.666666666666666,6.8,0.7179999999999993,0.6299999999999997,0.088,0.4,0.0,74.2,0.9275,9.893333333333334,3.50595,6.589999999999996,6.09,1,0,0
Mohamed Salah,MID,Liverpool,15.5,1,3,59,0,43.3,328,0.24,0.92,0.68,2.09,139,3,2,20.4,89.8,2024-12-04T19:30:00Z,90,15,0,0,0,0,14,0,6485306,1,3,3,71.0,18,317106,329258,12152,132,False,0,2024-25,14,13.2,0.0,,,,,,,,,,,,MID,mohamed salah,2,87.66666666666667,88.6,13.333333333333334,11.8,1.193999999999999,0.962,0.232,0.4,0.0,88.03999999999999,1.0,14.0,9.239999999999998,8.969999999999995,9.72,1,1,0
Murillo Santiago Costa dos Santos,DEF,Nott'm Forest,2.8,0,0,-5,0,1.0,436,0.01,0.03,0.02,2.41,138,3,0,1.9,17.2,2024-12-04T19:30:00Z,90,13,0,0,0,0,14,0,378874,1,0,3,1.0,0,57674,75365,17691,46,False,1,2024-25,14,4.6,0.0,,,,,,,,,,,,DEF,murillo santiago costa dos santos,2,90.0,90.0,5.0,4.6,0.1719999999999989,0.1379999999999999,0.0339999999999999,0.4,0.0,90.0,1.0,5.84,3.22,5.459999999999996,4.71,1,0,0
Nikola Milenković,DEF,Nott'm Forest,1.0,0,0,-13,0,0.0,573,0.0,0.22,0.22,2.41,138,3,0,1.1,0.0,2024-12-04T19:30:00Z,90,13,0,0,0,0,14,0,132315,1,0,3,13.0,0,5524,13272,7748,45,False,1,2024-25,14,4.5,0.0,,,,,,,,,,,,DEF,nikola milenković,2,90.0,90.0,2.6666666666666665,3.0,0.1499999999999989,0.1199999999999999,0.0299999999999999,0.4,0.0,90.0,1.0,3.9333333333333336,3.15,5.349999999999994,4.55,0,0,0
Yoane Wissa,FWD,Brentford,6.2,0,0,3,0,11.3,110,0.01,0.06,0.05,1.7,132,3,0,1.4,0.0,2024-12-04T20:15:00Z,70,2,0,0,0,0,14,0,1028869,1,1,3,4.0,2,68172,141044,72872,62,False,0,2024-25,14,6.2,0.0,,,,,,,,,,,,FWD,yoane wissa,2,83.66666666666667,82.4,7.666666666666667,7.0,0.7499999999999989,0.728,0.022,0.4,0.0,83.16,1.0,8.613333333333333,4.34,6.749999999999995,5.95,1,0,0
Łukasz Fabiański,GK,West Ham,4.0,0,0,1,0,0.0,521,0.0,0.0,0.0,1.67,137,3,0,2.9,29.4,2024-12-03T20:15:00Z,90,11,0,0,0,0,14,3,2094180,1,1,3,0.0,2,35051,56343,21292,41,False,0,2024-25,14,4.1,0.0,,,,,,,,,,,,GK,łukasz fabiański,2,90.0,90.0,4.666666666666667,3.8,0.0,0.0,0.0,0.4,3.0,90.0,1.0,5.373333333333334,2.87,4.6,4.49,0,0,0
Aaron Wan-Bissaka,DEF,West Ham,6.0,0,0,11,0,31.3,388,0.13,0.13,0.0,1.63,150,1,0,5.3,19.2,2024-12-09T20:00:00Z,90,20,0,0,0,0,15,0,631964,1,1,2,2.0,2,96679,117461,20782,45,True,0,2024-25,15,4.5,0.0,,,,,,,,,,,,DEF,aaron wan-bissaka,2,90.0,85.2,7.333333333333333,5.8,0.1659999999999999,0.112,0.054,0.4,0.0,88.08000000000001,1.0,7.666666666666667,3.15,5.43,4.57,0,0,0
Alex Iwobi,MID,Fulham,6.2,0,0,9,0,2.0,247,0.01,0.01,0.0,2.03,145,1,0,0.6,3.8,2024-12-08T14:00:00Z,90,1,0,0,0,0,15,0,383411,1,1,1,0.0,2,83528,101012,17484,56,True,0,2024-25,15,5.6,0.0,,,,,,,,,,,,MID,alex iwobi,2,88.33333333333333,88.6,9.0,6.8,0.4759999999999998,0.192,0.284,0.2,0.0,88.44,1.0,9.44,3.92,5.379999999999999,4.61,0,0,0
André Onana,GK,Man Utd,3.0,0,0,-5,0,0.0,383,0.0,0.0,0.0,0.83,148,3,0,0.0,0.0,2024-12-07T17:30:00Z,90,16,0,0,0,0,15,0,1128095,1,3,2,0.0,1,49665,70726,21061,52,True,0,2024-25,15,5.2,0.0,,,,,,,,,,,,GK,andré onana,2,90.0,90.0,3.6666666666666665,4.4,0.0,0.0,0.0,0.4,3.6,90.0,1.0,5.013333333333334,3.64,4.6,5.0,1,0,0
Brennan Johnson,MID,Spurs,5.5,1,0,21,0,14.6,491,0.16,0.16,0.0,1.02,149,1,0,4.6,27.4,2024-12-08T16:30:00Z,52,6,0,0,0,0,15,0,993916,1,4,3,4.0,4,-73040,37945,110985,67,True,0,2024-25,15,6.7,0.0,,,,,,,,,,,,MID,brennan johnson,2,69.0,76.0,6.0,5.6,0.5779999999999996,0.5599999999999998,0.0180000000000002,0.0,0.0,71.8,0.8975,7.48,4.209274999999999,5.889999999999998,5.41,1,0,0
Cole Palmer,MID,Chelsea,10.2,1,3,71,0,60.3,182,0.67,2.35,1.68,2.02,149,2,2,20.1,86.6,2024-12-08T16:30:00Z,90,18,0,0,0,0,15,0,6472487,1,4,3,54.0,18,105533,184954,79421,110,False,0,2024-25,15,11.0,0.0,,,,,,,,,,,,MID,cole palmer,2,84.33333333333333,86.6,7.666666666666667,5.6,0.8579999999999994,0.686,0.1720000000000001,0.2,0.0,85.24,1.0,10.533333333333337,7.699999999999999,7.289999999999997,7.34,1,1,0
Daniel Muñoz,DEF,Crystal Palace,5.2,0,0,14,0,1.2,211,0.01,0.15,0.14,1.45,143,2,1,6.0,42.0,2024-12-07T15:00:00Z,90,13,0,0,0,0,15,0,201136,1,2,2,17.0,7,1563,12805,11242,47,True,0,2024-25,15,4.7,0.0,,,,,,,,,,,,DEF,daniel muñoz,2,90.0,89.6,6.0,4.4,0.4179999999999997,0.4,0.018,0.2,0.0,89.84,1.0,6.680000000000001,3.29,5.889999999999998,5.76,1,0,0
David Raya Martin,GK,Arsenal,5.0,0,0,5,0,0.0,15,0.0,0.0,0.0,0.16,145,1,0,1.1,11.2,2024-12-08T14:00:00Z,90,9,0,0,0,0,15,1,3222219,1,1,1,0.0,2,82924,114838,31914,55,False,0,2024-25,15,5.5,0.0,,,,,,,,,,,,GK,david raya martin,2,90.0,90.0,4.666666666666667,3.8,0.0,0.0,0.0,0.4,2.0,90.0,1.0,5.933333333333334,3.85,4.6,4.59,0,0,0
Erling Haaland,FWD,Man City,5.0,0,1,30,0,2.5,351,0.12,0.81,0.69,1.34,143,2,1,8.9,36.4,2024-12-07T15:00:00Z,90,7,0,0,0,0,15,0,4749240,1,2,2,50.0,7,-323912,38960,362872,150,False,0,2024-25,15,15.0,0.0,,,,,,,,,,,,FWD,erling haaland,2,90.0,90.0,3.0,3.2,0.7579999999999997,0.6879999999999998,0.0700000000000001,0.2,0.0,90.0,1.0,8.4,10.5,6.789999999999998,7.16,1,0,1
Francisco Evanilson de Lima Barbosa,FWD,Bournemouth,4.5,0,0,4,0,13.6,617,0.0,0.15,0.15,1.13,146,1,0,2.9,0.0,2024-12-08T14:00:00Z,73,10,0,0,0,0,15,0,514864,1,2,1,18.0,2,185701,200386,14685,61,False,0,2024-25,15,6.1,0.0,,,,,,,,,,,,FWD,francisco evanilson de lima barbosa,2,83.33333333333333,83.4,5.333333333333333,6.2,0.6319999999999996,0.6099999999999997,0.0220000000000002,0.4,0.0,83.36,1.0,6.706666666666667,4.27,6.159999999999998,5.31,1,0,0
Ismaïla Sarr,MID,Crystal Palace,3.8,0,0,8,0,1.7,585,0.12,0.18,0.06,1.45,143,2,0,1.9,7.2,2024-12-07T15:00:00Z,76,13,0,0,0,0,15,0,38125,1,2,2,10.0,2,-4395,3445,7840,57,True,0,2024-25,15,5.7,0.0,,,,,,,,,,,,MID,ismaïla sarr,2,89.33333333333333,88.8,5.666666666666667,4.2,0.5459999999999993,0.2679999999999997,0.278,0.2,0.0,89.12,1.0,6.813333333333334,3.99,5.729999999999997,5.11,1,0,0
Justin Kluivert,MID,Bournemouth,6.8,0,0,11,0,35.8,71,0.06,0.35,0.29,0.83,146,1,0,8.0,9.6,2024-12-08T14:00:00Z,62,10,0,0,0,0,15,0,479844,1,2,1,35.0,2,198764,214533,15769,55,False,0,2024-25,15,5.5,0.0,,,,,,,,,,,,MID,justin kluivert,2,71.0,73.0,8.333333333333334,7.0,0.7399999999999993,0.6539999999999997,0.086,0.4,0.0,71.80000000000001,0.8975000000000002,8.866666666666667,3.4553750000000005,6.699999999999997,6.09,1,0,0
Murillo Santiago Costa dos Santos,DEF,Nott'm Forest,2.2,0,0,2,0,14.6,436,0.02,0.15,0.13,1.6,148,2,0,2.9,10.4,2024-12-07T17:30:00Z,90,14,0,0,0,0,15,0,389039,1,3,2,4.0,1,10401,33727,23326,46,False,0,2024-25,15,4.6,0.0,,,,,,,,,,,,DEF,murillo santiago costa dos santos,2,90.0,90.0,2.6666666666666665,4.2,0.1279999999999989,0.1079999999999999,0.02,0.4,0.0,90.0,1.0,3.973333333333333,3.22,5.239999999999995,4.42,0,0,0
Nikola Milenković,DEF,Nott'm Forest,3.5,0,0,15,0,0.4,573,0.01,0.12,0.11,1.6,148,2,1,8.1,56.6,2024-12-07T17:30:00Z,90,14,0,0,0,0,15,0,127146,1,3,2,24.0,7,-5073,4363,9436,45,False,0,2024-25,15,4.5,0.0,,,,,,,,,,,,DEF,nikola milenković,2,90.0,90.0,2.333333333333333,2.8,0.1819999999999989,0.1519999999999999,0.0299999999999999,0.4,0.0,90.0,1.0,3.666666666666667,3.15,5.5099999999999945,4.8,1,0,0
Ollie Watkins,FWD,Aston Villa,6.0,0,0,6,0,11.8,58,0.41,0.78,0.37,0.1,141,0,0,4.3,0.0,2024-12-07T15:00:00Z,32,17,0,0,0,0,15,0,2660262,0,0,1,32.0,1,283325,320777,37452,90,True,0,2024-25,15,9.0,0.0,,,,,,,,,,,,FWD,ollie watkins,2,79.0,78.2,7.0,5.0,0.7659999999999988,0.7459999999999999,0.0199999999999999,0.0,0.0,78.68,0.9835,9.2,6.1960500000000005,6.829999999999994,6.13,1,0,0
William Saliba,DEF,Arsenal,9.0,0,1,21,0,3.6,18,0.01,1.2,1.19,0.16,145,1,1,9.1,47.8,2024-12-08T14:00:00Z,90,9,0,0,0,0,15,0,2756385,1,1,1,40.0,9,262951,282622,19671,61,False,0,2024-25,15,6.1,0.0,,,,,,,,,,,,DEF,william saliba,2,90.0,90.0,7.666666666666667,5.4,0.245999999999999,0.1379999999999999,0.108,0.4,0.0,90.0,1.0,8.573333333333334,4.27,5.829999999999995,5.02,1,0,0
Aaron Wan-Bissaka,DEF,West Ham,5.8,1,0,23,0,16.9,388,0.08,0.08,0.0,1.82,152,1,0,3.1,13.8,2024-12-16T20:00:00Z,90,3,0,0,0,0,16,0,671606,1,1,1,0.0,5,41716,69510,27794,46,False,0,2024-25,16,4.6,0.0,,,,,,,,,,,,DEF,aaron wan-bissaka,2,90.0,85.2,3.0,6.0,0.186,0.112,0.074,0.4,0.0,88.08000000000001,1.0,4.24,3.22,5.529999999999999,4.65,0,0,0
Ashley Young,DEF,Everton,6.5,0,0,19,1,0.6,238,0.0,0.0,0.0,1.22,151,0,0,2.0,19.0,2024-12-14T15:00:00Z,90,1,0,0,0,0,16,0,318491,1,0,0,0.0,5,65122,81751,16629,46,False,1,2024-25,16,4.6,0.0,,,,,,,,,,,,DEF,ashley young,2,84.0,86.4,7.666666666666667,6.0,0.0939999999999997,0.024,0.0700000000000002,0.6,0.0,84.96000000000001,1.0,7.973333333333334,3.22,5.869999999999999,4.96,1,0,0
Cole Palmer,MID,Chelsea,9.3,0,1,25,0,57.9,182,0.33,0.54,0.21,1.61,154,1,0,11.0,21.6,2024-12-15T19:00:00Z,90,4,0,0,0,0,16,0,6867090,1,1,2,30.0,3,354913,378627,23714,111,True,0,2024-25,16,11.1,0.0,,,,,,,,,,,,MID,cole palmer,2,84.33333333333333,86.6,13.0,8.6,1.2259999999999995,0.976,0.2500000000000001,0.2,0.0,85.24,1.0,14.0,7.77,9.129999999999995,9.43,1,0,1
Daniel Muñoz,DEF,Crystal Palace,5.2,0,0,0,0,25.3,211,0.09,0.28,0.19,1.0,153,1,0,6.2,17.4,2024-12-15T14:00:00Z,90,5,0,0,0,0,16,0,330206,1,3,1,19.0,1,119832,127883,8051,47,False,1,2024-25,16,4.7,0.0,,,,,,,,,,,,DEF,daniel muñoz,2,90.0,89.6,8.0,5.2,0.3699999999999996,0.352,0.018,0.2,0.0,89.84,1.0,8.280000000000001,3.29,5.649999999999998,5.39,1,0,0
Enzo Fernández,MID,Chelsea,8.5,1,0,22,0,38.1,168,0.08,0.19,0.11,1.61,154,1,0,9.6,31.4,2024-12-15T19:00:00Z,90,4,0,0,0,0,16,0,887138,1,1,2,26.0,5,499510,511001,11491,50,True,0,2024-25,16,5.0,0.0,,,,,,,,,,,,MID,enzo fernández,2,90.0,76.4,7.666666666666667,7.8,0.5579999999999997,0.2279999999999998,0.3300000000000002,0.2,0.0,84.56,1.0,8.133333333333333,3.5,5.789999999999999,4.83,1,0,0
Erling Haaland,FWD,Man City,4.1,0,0,7,0,10.9,351,0.01,0.15,0.14,2.08,156,2,0,2.4,6.0,2024-12-15T16:30:00Z,90,14,0,0,0,0,16,0,4340456,1,2,1,7.0,2,-399119,13162,412281,149,True,0,2024-25,16,14.9,0.0,,,,,,,,,,,,FWD,erling haaland,2,90.0,90.0,4.666666666666667,4.2,0.7399999999999997,0.6499999999999998,0.0900000000000001,0.2,0.0,90.0,1.0,9.693333333333335,10.43,6.699999999999998,6.93,1,0,0
Francisco Evanilson de Lima Barbosa,FWD,Bournemouth,4.0,0,0,13,1,32.7,617,0.31,0.44,0.13,1.25,152,0,0,8.6,7.4,2024-12-16T20:00:00Z,79,19,0,0,0,0,16,0,505756,1,1,1,46.0,2,-1149,51426,52575,61,True,0,2024-25,16,6.1,0.0,,,,,,,,,,,,FWD,francisco evanilson de lima barbosa,2,77.66666666666667,82.6,5.333333333333333,5.2,0.5679999999999996,0.5459999999999996,0.0220000000000002,0.2,0.0,79.64,0.9955,6.706666666666667,4.250785,5.839999999999998,4.83,0,0,0
Jordan Pickford,GK,Everton,4.5,0,2,30,1,0.0,235,0.0,0.0,0.0,1.22,151,0,0,4.4,44.4,2024-12-14T15:00:00Z,90,1,0,0,0,0,16,5,1031166,1,0,0,0.0,8,-35766,17574,53340,49,False,1,2024-25,16,4.9,0.0,,,,,,,,,,,,GK,jordan pickford,2,90.0,90.0,4.0,5.0,0.0059999999999993,0.0,0.0060000000000001,0.6,2.4,90.0,1.0,5.16,3.43,5.429999999999996,5.49,1,0,0
Justin Kluivert,MID,Bournemouth,6.0,0,0,7,1,3.4,71,0.03,0.13,0.1,1.25,152,0,0,2.3,5.8,2024-12-16T20:00:00Z,79,19,0,0,0,0,16,0,514472,1,1,1,14.0,3,42557,95025,52468,55,True,0,2024-25,16,5.5,0.0,,,,,,,,,,,,MID,justin kluivert,2,67.0,70.0,8.333333333333334,6.8,0.7019999999999993,0.6419999999999997,0.06,0.2,0.0,68.19999999999999,0.8524999999999998,8.866666666666667,3.282124999999999,6.509999999999996,5.65,1,0,0
Liam Delap,FWD,Ipswich,1.6,0,0,3,0,16.4,268,0.47,0.8,0.33,0.9,160,1,0,2.9,2.6,2024-12-14T15:00:00Z,83,20,0,0,0,0,16,0,516688,1,2,1,10.0,1,-51326,22470,73796,56,False,1,2024-25,16,5.6,0.0,,,,,,,,,,,,FWD,liam delap,2,82.66666666666667,79.4,1.6666666666666667,3.6,0.6039999999999992,0.5319999999999998,0.0719999999999999,0.2,0.0,81.36000000000001,1.0,3.5733333333333333,3.92,6.019999999999996,4.91,1,0,0
Mateus Gonçalo Espanha Fernandes,MID,Southampton,1.8,0,0,5,0,15.6,623,0.03,0.03,0.0,2.44,159,5,0,2.4,4.4,2024-12-15T19:00:00Z,90,18,0,0,0,0,16,0,3719,1,5,0,4.0,1,-864,228,1092,50,True,1,2024-25,16,5.0,0.0,,,,,,,,,,,,MID,mateus gonçalo espanha fernandes,2,86.0,87.6,2.0,3.0,0.3499999999999992,0.2239999999999999,0.126,0.0,0.0,86.64,1.0,3.6,3.5,4.7499999999999964,4.05,0,0,0
Mohamed Salah,MID,Liverpool,13.2,1,0,14,0,19.9,328,0.37,0.59,0.22,1.22,155,2,0,7.3,17.6,2024-12-14T15:00:00Z,90,9,0,0,0,0,16,0,6904881,1,2,2,35.0,5,345639,360514,14875,134,True,0,2024-25,16,13.4,0.0,,,,,,,,,,,,MID,mohamed salah,2,87.66666666666667,88.6,14.666666666666666,13.4,1.2859999999999991,1.022,0.264,0.4,0.0,88.03999999999999,1.0,14.0,9.38,9.429999999999996,10.15,1,1,0
Vitalii Mykolenko,DEF,Everton,5.3,0,1,27,1,0.3,231,0.01,0.01,0.0,1.22,151,0,0,1.9,17.0,2024-12-14T15:00:00Z,90,1,0,0,0,0,16,0,454545,1,0,0,2.0,7,7412,37663,30251,43,False,0,2024-25,16,4.3,0.0,,,,,,,,,,,,DEF,vitalii mykolenko,2,90.0,90.0,5.333333333333333,4.8,0.073999999999999,0.0519999999999999,0.022,0.6,0.0,90.0,1.0,5.986666666666666,3.01,5.769999999999995,5.01,1,0,0
William Saliba,DEF,Arsenal,8.1,0,0,26,1,2.6,18,0.04,0.04,0.0,0.09,151,0,0,3.3,24.4,2024-12-14T15:00:00Z,90,8,0,0,0,0,16,0,3238078,1,0,0,6.0,6,473284,494228,20944,62,True,0,2024-25,16,6.2,0.0,,,,,,,,,,,,DEF,william saliba,2,90.0,90.0,8.333333333333334,6.8,0.437999999999999,0.376,0.062,0.4,0.0,90.0,1.0,9.146666666666668,4.34,6.789999999999996,6.68,1,0,0
Łukasz Fabiański,GK,West Ham,2.6,0,0,21,0,0.0,521,0.0,0.0,0.0,1.91,152,1,0,5.9,58.8,2024-12-16T20:00:00Z,90,3,0,0,0,0,16,8,2170979,1,1,1,0.0,4,34762,55470,20708,41,False,0,2024-25,16,4.1,0.0,,,,,,,,,,,,GK,łukasz fabiański,2,90.0,90.0,1.0,3.6,0.0,0.0,0.0,0.4,3.0,90.0,1.0,2.44,2.87,4.6,4.49,0,0,0
Alexander Isak,FWD,Newcastle,8.3,0,3,92,1,29.7,401,0.2,1.73,1.53,0.63,166,0,3,23.4,111.4,2024-12-21T15:00:00Z,72,10,0,0,0,0,17,0,3361670,1,4,0,93.0,17,677156,690922,13766,88,False,0,2024-25,17,8.8,0.0,,,,,,,,,,,,FWD,alexander isak,2,84.0,72.6,10.0,6.6,0.7759999999999998,0.548,0.228,0.2,0.0,79.44,0.993,11.52,6.11688,6.879999999999999,5.5,1,0,0
Cole Palmer,MID,Chelsea,8.3,0,0,13,1,41.1,182,0.33,0.41,0.08,1.03,164,0,0,6.0,9.4,2024-12-22T14:00:00Z,90,8,0,0,0,0,17,0,7040008,1,0,0,9.0,3,154579,178527,23948,112,False,0,2024-25,17,11.2,0.0,,,,,,,,,,,,MID,cole palmer,2,86.0,86.6,9.333333333333334,8.8,1.3019999999999996,0.988,0.3140000000000001,0.2,0.0,86.24000000000001,1.0,11.946666666666667,7.839999999999999,9.509999999999998,9.85,1,0,1
Daniel Muñoz,DEF,Crystal Palace,0.0,0,0,0,0,0.0,211,0.0,0.0,0.0,0.0,163,0,0,0.0,0.0,2024-12-21T17:30:00Z,0,1,0,0,0,0,17,0,283616,0,5,1,0.0,0,-41425,21966,63391,47,True,0,2024-25,17,4.7,0.0,,,,,,,,,,,,DEF,daniel muñoz,2,90.0,90.0,4.666666666666667,5.2,0.3219999999999997,0.286,0.036,0.2,0.0,90.0,1.0,5.613333333333334,3.29,5.409999999999998,4.95,1,0,0
David Raya Martin,GK,Arsenal,4.7,0,0,13,0,0.0,15,0.0,0.0,0.0,1.59,163,1,0,3.6,36.2,2024-12-21T17:30:00Z,90,7,0,0,0,0,17,5,3419667,1,5,1,0.0,3,51382,95249,43867,56,False,0,2024-25,17,5.6,0.0,,,,,,,,,,,,GK,david raya martin,2,90.0,90.0,4.666666666666667,4.4,0.0,0.0,0.0,0.6,1.2,90.0,1.0,5.973333333333334,3.92,5.4,5.39,0,0,0
Enzo Fernández,MID,Chelsea,7.7,0,0,23,1,40.0,168,0.24,0.34,0.1,1.03,164,0,0,7.3,20.0,2024-12-22T14:00:00Z,90,8,0,0,0,0,17,0,1096866,1,0,0,13.0,3,210389,245518,35129,51,False,0,2024-25,17,5.1,0.0,,,,,,,,,,,,MID,enzo fernández,2,90.0,90.0,6.333333333333333,8.0,0.5859999999999996,0.2499999999999998,0.3360000000000001,0.2,0.0,90.0,1.0,7.1066666666666665,3.5699999999999994,5.929999999999998,5.18,1,0,0
Francisco Evanilson de Lima Barbosa,FWD,Bournemouth,3.7,0,0,10,1,7.1,617,0.12,0.16,0.04,1.51,168,0,0,2.0,5.4,2024-12-22T14:00:00Z,70,14,0,0,0,0,17,0,435471,1,3,0,7.0,2,-68875,18764,87639,61,False,0,2024-25,17,6.1,0.0,,,,,,,,,,,,FWD,francisco evanilson de lima barbosa,2,78.66666666666667,80.4,2.0,4.0,0.4599999999999996,0.3779999999999997,0.0820000000000002,0.4,0.0,79.36000000000001,0.9920000000000002,4.04,4.2358400000000005,5.299999999999998,4.09,0,0,0
Ismaïla Sarr,MID,Crystal Palace,6.7,0,0,29,0,12.9,585,0.1,0.57,0.47,2.87,163,5,1,12.1,49.2,2024-12-21T17:30:00Z,90,1,0,0,0,0,17,0,60332,1,5,1,59.0,7,23078,26681,3603,57,True,0,2024-25,17,5.7,0.0,,,,,,,,,,,,MID,ismaïla sarr,2,85.0,86.8,7.0,7.2,0.6039999999999993,0.3799999999999996,0.224,0.2,0.0,85.72,1.0,7.880000000000001,3.99,6.019999999999996,5.51,1,0,0
Jordan Pickford,GK,Everton,4.9,0,1,26,1,0.0,235,0.0,0.0,0.0,0.86,164,0,0,2.6,26.4,2024-12-22T14:00:00Z,90,6,0,0,0,0,17,4,1078706,1,0,0,0.0,7,38310,59752,21442,49,True,1,2024-25,17,4.9,0.0,,,,,,,,,,,,GK,jordan pickford,2,90.0,90.0,4.666666666666667,6.2,0.0039999999999993,0.0,0.0040000000000001,0.8,3.2,90.0,1.0,5.693333333333334,3.43,6.219999999999997,5.75,1,0,0
Joško Gvardiol,DEF,Man City,2.8,0,0,-4,0,3.4,350,0.02,0.37,0.35,1.67,161,2,0,1.2,2.6,2024-12-21T12:30:00Z,90,2,0,0,0,0,17,0,2611894,1,1,2,6.0,0,-18448,67580,86028,61,False,1,2024-25,17,6.1,0.0,,,,,,,,,,,,DEF,joško gvardiol,2,90.0,72.0,4.666666666666667,2.8,0.3379999999999993,0.2099999999999997,0.128,0.2,0.0,82.8,1.0,6.173333333333334,4.27,5.489999999999996,4.98,1,0,0
Jurriën Timber,DEF,Arsenal,5.5,0,0,6,0,2.7,6,0.02,0.02,0.0,1.55,163,1,0,1.4,7.0,2024-12-21T17:30:00Z,85,7,0,0,0,0,17,0,839136,1,5,1,4.0,1,74387,103006,28619,57,False,1,2024-25,17,5.7,0.0,,,,,,,,,,,,DEF,jurriën timber,2,90.0,89.4,7.333333333333333,5.8,0.1539999999999993,0.0619999999999996,0.092,0.6,0.0,89.76,1.0,8.146666666666668,3.99,6.169999999999996,5.38,1,0,0
Justin Kluivert,MID,Bournemouth,6.3,0,0,22,1,3.1,71,0.01,0.85,0.84,1.59,168,0,1,5.5,27.6,2024-12-22T14:00:00Z,77,14,0,0,0,0,17,0,439729,1,3,0,24.0,8,-72507,24769,97276,55,False,0,2024-25,17,5.5,0.0,,,,,,,,,,,,MID,justin kluivert,2,68.0,70.8,2.6666666666666665,6.0,0.6759999999999993,0.6359999999999997,0.04,0.4,0.0,69.12,0.8640000000000001,4.333333333333334,3.3264,6.379999999999996,5.7,1,0,0
Liam Delap,FWD,Ipswich,0.0,0,0,0,0,0.0,268,0.0,0.0,0.0,0.0,166,0,0,0.0,0.0,2024-12-21T15:00:00Z,0,15,0,0,0,0,17,0,360707,0,4,0,0.0,0,-154423,3740,158163,56,True,0,2024-25,17,5.6,0.0,,,,,,,,,,,,FWD,liam delap,2,80.33333333333333,82.2,1.3333333333333333,1.6,0.5579999999999992,0.3999999999999998,0.1579999999999999,0.2,0.0,81.08,1.0,3.306666666666666,3.92,5.789999999999996,4.54,0,0,0
Mohamed Salah,MID,Liverpool,14.5,2,3,69,0,32.6,328,0.15,2.06,1.91,1.12,169,3,2,25.2,102.0,2024-12-22T16:30:00Z,86,18,0,0,0,0,17,0,7010771,1,6,3,117.0,21,93187,127408,34221,134,False,0,2024-25,17,13.4,0.0,,,,,,,,,,,,MID,mohamed salah,2,87.66666666666667,88.6,12.0,12.6,1.2739999999999991,0.96,0.314,0.4,0.0,88.03999999999999,1.0,14.0,9.38,9.369999999999996,9.93,1,1,0
Vitalii Mykolenko,DEF,Everton,5.5,0,1,26,1,0.9,231,0.01,0.01,0.0,0.86,164,0,0,2.8,27.0,2024-12-22T14:00:00Z,90,6,0,0,0,0,17,0,507781,1,0,0,0.0,7,49476,63951,14475,43,True,0,2024-25,17,4.3,0.0,,,,,,,,,,,,DEF,vitalii mykolenko,2,90.0,90.0,5.666666666666667,5.8,0.063999999999999,0.0459999999999999,0.018,0.8,0.0,90.0,1.0,6.253333333333334,3.01,6.519999999999995,4.94,0,0,0
William Saliba,DEF,Arsenal,7.2,0,0,7,0,1.1,18,0.01,0.01,0.0,1.59,163,1,0,1.3,11.6,2024-12-21T17:30:00Z,90,7,0,0,0,0,17,0,3327741,1,5,1,0.0,2,83690,129115,45425,63,False,0,2024-25,17,6.3,0.0,,,,,,,,,,,,DEF,william saliba,2,90.0,90.0,10.0,7.6,0.393999999999999,0.376,0.018,0.6,0.0,90.0,1.0,10.52,4.409999999999999,7.369999999999996,7.67,1,0,0
Alexander Isak,FWD,Newcastle,9.3,0,2,32,1,50.4,401,0.11,1.04,0.93,0.34,177,0,1,17.6,44.2,2024-12-26T15:00:00Z,90,2,0,0,0,0,18,0,4570901,1,0,3,81.0,8,1187053,1217782,30729,90,True,0,2024-25,18,9.0,0.0,,,,,,,,,,,,FWD,alexander isak,2,78.0,69.0,12.0,9.6,0.9739999999999996,0.712,0.262,0.4,0.0,74.4,0.93,13.2,5.859,7.869999999999998,6.17,1,0,0
Ashley Young,DEF,Everton,0.0,0,0,0,0,0.0,238,0.0,0.0,0.0,0.0,176,0,0,0.0,0.0,2024-12-26T12:30:00Z,0,13,0,0,0,0,18,0,381734,0,1,1,0.0,0,-26302,44660,70962,47,False,0,2024-25,18,4.7,0.0,,,,,,,,,,,,DEF,ashley young,2,84.0,82.8,8.333333333333334,6.6,0.0679999999999997,0.018,0.0500000000000002,0.8,0.0,83.52,1.0,8.546666666666669,3.29,6.539999999999999,4.84,1,0,0
Cole Palmer,MID,Chelsea,9.7,0,3,40,0,23.6,182,0.2,0.48,0.28,1.78,174,2,1,11.3,47.4,2024-12-26T15:00:00Z,90,9,0,0,0,0,18,0,7335877,1,2,1,42.0,10,277236,332682,55446,113,True,0,2024-25,18,11.3,0.0,,,,,,,,,,,,MID,cole palmer,2,90.0,86.6,8.0,9.0,1.1719999999999997,0.826,0.3460000000000002,0.4,0.0,88.64,1.0,10.920000000000002,7.91,8.859999999999998,9.21,1,0,1
Dominik Szoboszlai,MID,Liverpool,5.6,0,0,-3,0,2.6,336,0.03,0.03,0.0,0.0,175,0,0,0.0,0.0,2024-12-26T20:00:00Z,12,11,0,0,0,0,18,0,239968,0,1,3,0.0,0,72626,79706,7080,63,True,1,2024-25,18,6.3,0.0,,,,,,,,,,,,MID,dominik szoboszlai,2,63.66666666666666,74.2,6.666666666666667,6.6,0.7439999999999996,0.4439999999999998,0.3000000000000001,0.2,0.0,67.88,0.8484999999999999,7.853333333333333,3.741884999999999,6.719999999999998,5.38,1,0,0
Jamie Vardy,FWD,Leicester,2.2,0,0,0,0,0.0,306,0.0,0.0,0.0,0.0,175,0,0,0.0,0.0,2024-12-26T20:00:00Z,0,12,0,0,0,0,18,0,916751,0,1,3,0.0,0,-166033,43723,209756,56,False,0,2024-25,18,5.6,0.0,,,,,,,,,,,,FWD,jamie vardy,2,79.33333333333333,72.0,5.0,4.8,0.5579999999999992,0.3739999999999998,0.1840000000000001,0.0,0.0,76.39999999999999,0.9549999999999998,6.24,3.743599999999999,5.789999999999996,4.35,0,0,0
Jarrod Bowen,MID,West Ham,5.8,0,0,25,1,17.3,514,0.06,0.94,0.88,1.4,179,0,1,10.8,30.0,2024-12-26T15:00:00Z,90,17,0,0,0,0,18,0,817320,1,1,0,61.0,8,47792,98484,50692,75,False,0,2024-25,18,7.5,0.0,,,,,,,,,,,,MID,jarrod bowen,2,90.0,90.0,6.666666666666667,4.8,0.6219999999999992,0.3259999999999997,0.2960000000000001,0.0,0.0,90.0,1.0,8.333333333333334,5.25,6.109999999999996,5.61,1,0,0
Jhon Durán,FWD,Aston Villa,3.2,0,0,-9,0,0.8,38,0.0,0.0,0.0,0.29,177,3,0,0.0,0.0,2024-12-26T15:00:00Z,31,15,0,0,0,1,18,0,581148,1,0,3,2.0,-2,223247,243069,19822,59,False,0,2024-25,18,5.9,0.0,,,,,,,,,,,,FWD,jhon durán,2,69.66666666666667,51.6,6.666666666666667,4.2,0.5319999999999994,0.5239999999999998,0.0080000000000001,0.4,0.0,62.440000000000005,0.7805000000000001,7.693333333333334,3.2234650000000005,5.659999999999997,4.08,0,0,0
Jordan Pickford,GK,Everton,5.5,0,1,22,0,0.0,235,0.0,0.0,0.0,2.09,176,1,0,5.5,55.0,2024-12-26T12:30:00Z,90,13,0,0,1,0,18,4,1175818,1,1,1,0.0,9,86402,110024,23622,49,False,0,2024-25,18,4.9,0.0,,,,,,,,,,,,GK,jordan pickford,2,90.0,90.0,7.0,5.4,0.0039999999999993,0.0,0.0040000000000001,0.8,2.8,90.0,1.0,7.56,3.43,6.219999999999997,5.62,1,0,0
Joško Gvardiol,DEF,Man City,3.2,0,0,-1,0,8.1,350,0.06,0.73,0.67,0.63,176,1,0,4.6,1.4,2024-12-26T12:30:00Z,90,8,0,0,0,0,18,0,2462325,1,1,1,36.0,2,-156164,73799,229963,60,True,0,2024-25,18,6.0,0.0,,,,,,,,,,,,DEF,joško gvardiol,2,90.0,72.0,2.6666666666666665,2.8,0.2379999999999992,0.2199999999999997,0.0180000000000001,0.2,0.0,82.8,1.0,4.533333333333333,4.199999999999999,4.989999999999996,4.73,0,0,0
Justin Kluivert,MID,Bournemouth,6.3,0,0,1,1,33.0,71,0.05,0.16,0.11,0.4,172,0,0,5.0,2.6,2024-12-26T15:00:00Z,71,7,0,0,0,0,18,0,599765,1,0,0,14.0,2,149018,182469,33451,55,True,1,2024-25,18,5.5,0.0,,,,,,,,,,,,MID,justin kluivert,2,72.66666666666667,71.4,4.333333333333333,7.2,0.7959999999999992,0.7599999999999998,0.036,0.6,0.0,72.16,0.902,5.666666666666667,3.4726999999999992,6.979999999999996,6.71,1,0,0
Kepa Arrizabalaga,GK,Bournemouth,5.0,0,1,29,1,0.0,152,0.0,0.0,0.0,0.45,172,0,0,3.3,33.4,2024-12-26T15:00:00Z,90,7,0,0,0,0,18,4,171824,1,0,0,0.0,8,55749,60659,4910,45,True,0,2024-25,18,4.5,0.0,,,,,,,,,,,,GK,kepa arrizabalaga,2,90.0,90.0,4.666666666666667,4.4,0.0,0.0,0.0,0.4,3.6,90.0,1.0,5.533333333333334,3.15,4.6,4.69,0,0,0
Mohamed Salah,MID,Liverpool,14.2,0,2,38,0,37.8,328,0.4,1.03,0.63,0.34,175,1,1,18.5,49.2,2024-12-26T20:00:00Z,90,11,0,0,0,0,18,0,7405833,1,1,3,98.0,9,356506,363646,7140,135,True,0,2024-25,18,13.5,0.0,,,,,,,,,,,,MID,mohamed salah,2,88.66666666666667,87.8,14.666666666666666,14.0,1.473999999999999,1.186,0.288,0.2,0.0,88.32,1.0,14.0,9.45,10.369999999999996,11.25,1,1,0
Nikola Milenković,DEF,Nott'm Forest,5.2,0,0,19,1,0.2,573,0.0,0.2,0.2,0.9,178,0,0,2.8,18.4,2024-12-26T15:00:00Z,90,18,0,0,0,0,18,0,414523,1,0,1,9.0,6,95177,111490,16313,46,True,0,2024-25,18,4.6,0.0,,,,,,,,,,,,DEF,nikola milenković,2,90.0,90.0,7.333333333333333,5.6,0.1799999999999989,0.1759999999999999,0.0039999999999999,0.4,0.0,90.0,1.0,7.706666666666667,3.22,5.499999999999995,4.88,1,0,0
Vitalii Mykolenko,DEF,Everton,4.5,0,0,1,0,1.5,231,0.01,0.01,0.0,2.09,176,1,0,1.7,15.0,2024-12-26T12:30:00Z,90,13,0,0,0,0,18,0,582775,1,1,1,0.0,1,71696,90645,18949,43,False,1,2024-25,18,4.3,0.0,,,,,,,,,,,,DEF,vitalii mykolenko,2,90.0,90.0,8.333333333333334,6.0,0.057999999999999,0.0399999999999999,0.018,0.8,0.0,90.0,1.0,8.386666666666668,3.01,6.489999999999995,4.9,1,0,0
William Saliba,DEF,Arsenal,7.2,0,1,32,1,23.8,18,0.02,0.02,0.0,0.16,171,0,0,4.5,21.0,2024-12-27T20:15:00Z,90,10,0,0,0,0,18,0,3362200,1,0,1,0.0,7,23599,103085,79486,63,True,0,2024-25,18,6.3,0.0,,,,,,,,,,,,DEF,william saliba,2,90.0,90.0,5.666666666666667,6.6,0.391999999999999,0.376,0.016,0.4,0.0,90.0,1.0,7.053333333333335,4.409999999999999,6.559999999999995,6.65,1,0,0
Alexander Isak,FWD,Newcastle,10.3,0,1,31,1,26.4,401,0.06,0.89,0.83,0.9,188,0,1,12.7,46.2,2024-12-30T20:00:00Z,90,14,0,0,0,0,19,0,5194622,1,2,0,54.0,7,624428,661827,37399,91,False,0,2024-25,19,9.1,0.0,,,,,,,,,,,,FWD,alexander isak,2,78.0,82.8,12.0,11.0,1.1819999999999995,0.898,0.284,0.6,0.0,79.91999999999999,0.999,13.240000000000002,6.363629999999999,8.909999999999998,7.53,1,0,0
Cody Gakpo,FWD,Liverpool,6.8,0,0,31,0,26.3,321,0.34,0.55,0.21,0.12,190,0,1,9.1,38.0,2024-12-29T17:15:00Z,57,19,0,0,0,0,19,0,577182,1,5,0,27.0,5,189813,207269,17456,72,False,0,2024-25,19,7.2,0.0,,,,,,,,,,,,FWD,cody gakpo,2,75.33333333333333,72.8,7.333333333333333,6.6,0.5939999999999996,0.442,0.1540000000000001,0.2,0.0,74.32,0.929,8.746666666666668,4.68216,5.969999999999998,4.5,0,0,0
Cole Palmer,MID,Chelsea,7.7,0,0,18,0,56.4,182,0.53,0.74,0.21,1.58,186,2,0,9.2,16.6,2024-12-30T19:45:00Z,90,10,0,0,0,0,19,0,7603613,1,0,2,19.0,2,245673,268837,23164,114,False,0,2024-25,19,11.4,0.0,,,,,,,,,,,,MID,cole palmer,2,90.0,87.6,5.333333333333333,8.2,1.1859999999999995,0.8160000000000001,0.3700000000000001,0.2,0.0,89.03999999999999,1.0,8.826666666666668,7.979999999999999,8.929999999999998,9.18,1,0,1
Dango Ouattara,MID,Bournemouth,5.0,0,0,28,0,14.6,74,0.29,0.54,0.25,0.68,185,1,1,8.2,44.4,2024-12-29T15:00:00Z,26,9,0,0,0,0,19,0,11010,0,2,2,23.0,6,2844,4120,1276,50,False,0,2024-25,19,5.0,0.0,,,,,,,,,,,,MID,dango ouattara,2,88.0,63.4,3.6666666666666665,4.8,0.5439999999999997,0.42,0.1240000000000001,0.4,0.0,78.16,0.977,4.933333333333334,3.4195,5.719999999999999,5.18,1,0,0
Dean Huijsen,DEF,Bournemouth,7.0,0,0,5,0,11.5,580,0.04,0.29,0.25,1.11,185,2,0,4.6,14.4,2024-12-29T15:00:00Z,90,9,0,0,0,0,19,0,303162,1,2,2,20.0,1,103402,112564,9162,44,False,0,2024-25,19,4.4,0.0,,,,,,,,,,,,DEF,dean huijsen,2,90.0,90.0,8.0,8.2,0.1079999999999996,0.0899999999999999,0.018,0.6,0.0,90.0,1.0,8.16,3.08,5.939999999999998,5.29,1,0,0
Jacob Murphy,MID,Newcastle,7.3,0,0,12,1,16.9,402,0.08,0.08,0.0,0.9,188,0,0,3.0,7.4,2024-12-30T20:00:00Z,84,14,0,0,0,0,19,0,416624,1,2,0,6.0,3,182522,199772,17250,50,False,0,2024-25,19,5.0,0.0,,,,,,,,,,,,MID,jacob murphy,2,67.66666666666667,67.0,10.666666666666666,8.2,0.6919999999999993,0.3979999999999996,0.294,0.6,0.0,67.4,0.8425,10.533333333333331,2.94875,6.459999999999996,5.4,1,0,0
Jarrod Bowen,MID,West Ham,4.2,0,0,2,0,0.8,514,0.16,0.18,0.02,2.26,190,4,0,1.2,0.0,2024-12-29T17:15:00Z,59,12,0,0,0,0,19,0,782498,1,5,0,13.0,1,-29499,68583,98082,75,True,0,2024-25,19,7.5,0.0,,,,,,,,,,,,MID,jarrod bowen,2,90.0,90.0,5.333333333333333,6.0,0.7959999999999992,0.4899999999999997,0.3060000000000001,0.2,0.0,90.0,1.0,7.266666666666667,5.25,6.979999999999996,6.77,1,0,0
Jordan Pickford,GK,Everton,6.2,0,0,9,0,0.0,235,0.01,0.01,0.0,1.48,184,2,0,4.0,40.2,2024-12-29T15:00:00Z,90,16,0,0,0,0,19,5,1432774,1,2,0,0.0,1,242693,256168,13475,50,True,1,2024-25,19,5.0,0.0,,,,,,,,,,,,GK,jordan pickford,2,90.0,90.0,8.0,6.0,0.0039999999999993,0.0,0.0040000000000001,0.6,3.2,90.0,1.0,8.4,3.5,5.419999999999996,5.8,0,0,0
Joško Gvardiol,DEF,Man City,4.2,0,0,24,1,5.7,350,0.04,0.04,0.0,1.3,187,0,0,1.5,9.2,2024-12-29T14:30:00Z,90,11,0,0,0,0,19,0,2359724,1,2,0,0.0,6,-108655,48005,156660,60,False,0,2024-25,19,6.0,0.0,,,,,,,,,,,,DEF,joško gvardiol,2,90.0,90.0,3.0,3.2,0.3839999999999993,0.3539999999999997,0.0300000000000001,0.2,0.0,90.0,1.0,4.800000000000001,4.199999999999999,5.719999999999996,5.93,1,0,0
Jørgen Strand Larsen,FWD,Wolves,2.2,0,1,28,0,1.8,566,0.0,0.22,0.22,0.95,189,0,1,5.2,33.2,2024-12-29T15:00:00Z,45,18,0,0,0,0,19,0,333343,0,2,2,17.0,6,-37152,34899,72051,56,False,0,2024-25,19,5.6,0.0,,,,,,,,,,,,FWD,jørgen strand larsen,2,87.66666666666667,82.8,2.0,2.0,0.2759999999999992,0.2699999999999997,0.006,0.4,0.0,85.72,1.0,3.84,3.92,4.379999999999996,3.47,0,0,0
Kepa Arrizabalaga,GK,Bournemouth,5.2,0,0,8,0,0.0,152,0.0,0.0,0.0,1.11,185,2,0,3.6,36.0,2024-12-29T15:00:00Z,90,9,0,0,0,0,19,4,224635,1,2,2,0.0,2,51704,60603,8899,45,False,0,2024-25,19,4.5,0.0,,,,,,,,,,,,GK,kepa arrizabalaga,2,90.0,90.0,6.333333333333333,5.8,0.0,0.0,0.0,0.6,4.2,90.0,1.0,6.866666666666666,3.15,5.4,5.91,1,0,0
Lewis Hall,DEF,Newcastle,7.0,1,3,34,1,5.2,399,0.01,0.07,0.06,0.9,188,0,0,3.3,12.8,2024-12-30T20:00:00Z,90,14,0,0,0,0,19,0,1490092,1,2,0,15.0,12,105488,138715,33227,47,False,0,2024-25,19,4.7,0.0,,,,,,,,,,,,DEF,lewis hall,2,90.0,88.4,9.333333333333334,6.0,0.3039999999999992,0.0339999999999998,0.2699999999999999,0.6,0.0,89.36000000000001,1.0,9.346666666666668,3.29,6.919999999999996,5.9,1,0,0
Mohamed Salah,MID,Liverpool,14.8,2,2,50,1,49.4,328,0.28,2.06,1.78,0.36,190,0,1,24.7,78.0,2024-12-29T17:15:00Z,90,19,0,0,0,0,19,0,7584462,1,5,0,120.0,16,168014,176025,8011,136,False,0,2024-25,19,13.6,0.0,,,,,,,,,,,,MID,mohamed salah,2,88.66666666666667,87.8,11.666666666666666,13.2,1.2759999999999991,0.94,0.3360000000000001,0.2,0.0,88.32,1.0,14.0,9.52,9.379999999999995,9.81,1,1,0
Nikola Milenković,DEF,Nott'm Forest,5.7,0,0,20,1,0.0,573,0.0,0.0,0.0,0.89,184,0,0,1.5,11.4,2024-12-29T15:00:00Z,90,8,0,0,0,0,19,0,638631,1,2,0,4.0,6,214824,225426,10602,47,False,0,2024-25,19,4.7,0.0,,,,,,,,,,,,DEF,nikola milenković,2,90.0,90.0,7.0,5.6,0.2099999999999989,0.2079999999999999,0.0019999999999999,0.4,0.0,90.0,1.0,7.48,3.29,5.649999999999995,5.14,0,0,0
William Saliba,DEF,Arsenal,7.3,0,0,14,0,3.3,18,0.08,0.08,0.0,0.29,182,1,0,1.6,13.0,2025-01-01T17:30:00Z,90,4,0,0,0,0,19,0,3370088,1,3,1,0.0,2,1303,64265,62962,63,False,0,2024-25,19,6.3,0.0,,,,,,,,,,,,DEF,william saliba,2,90.0,90.0,5.0,7.8,0.393999999999999,0.376,0.018,0.6,0.0,90.0,1.0,6.52,4.409999999999999,7.369999999999996,7.67,1,0,0
Ben Brereton Díaz,MID,Southampton,1.0,0,0,-2,0,14.0,584,0.02,0.32,0.3,0.25,5,1,0,3.3,2.6,2024-08-17T14:00:00Z,70,15,0,0,0,0,1,0,66244,1,0,1,16.0,1,0,0,0,55,False,1,2024-25,1,5.5,0.0,,,,,,,,,,,,MID,ben brereton díaz,2,90.0,90.0,5.0,4.75,0.5199999999999998,0.4950000000000001,0.0250000000000002,0.0,0.0,90.0,1.0,6.2,3.85,5.599999999999999,5.64,0,0,0
Brennan Johnson,MID,Spurs,2.8,0,0,8,0,14.4,491,0.08,0.2,0.12,0.9,10,1,0,5.9,13.6,2024-08-19T19:00:00Z,77,11,0,0,0,0,1,0,64515,1,1,1,31.0,2,0,0,0,65,False,0,2024-25,1,6.5,0.0,,,,,,,,,,,,MID,brennan johnson,2,90.0,87.4,4.333333333333333,4.0,0.6299999999999997,0.4379999999999999,0.1920000000000002,0.2,0.0,88.96000000000001,1.0,6.066666666666666,4.55,6.149999999999999,5.89,1,0,0
Chris Wood,FWD,Nott'm Forest,2.0,0,3,30,1,5.7,447,0.02,0.73,0.71,0.63,6,0,1,5.9,32.2,2024-08-17T14:00:00Z,71,3,0,0,0,0,1,0,482451,1,1,1,21.0,9,0,0,0,60,True,0,2024-25,1,6.0,0.0,,,,,,,,,,,,FWD,chris wood,2,85.66666666666667,87.4,5.666666666666667,4.2,0.7519999999999996,0.7360000000000001,0.0160000000000002,0.0,0.0,86.36,1.0,6.933333333333335,4.199999999999999,6.759999999999998,6.13,1,0,0
Cole Palmer,MID,Chelsea,2.4,0,0,18,0,37.8,182,0.19,0.26,0.07,0.77,9,2,0,6.8,20.4,2024-08-18T15:30:00Z,90,13,0,0,0,0,1,0,3210033,1,2,0,10.0,2,0,0,0,105,True,0,2024-25,1,10.5,0.0,,,,,,,,,,,,MID,cole palmer,2,89.33333333333333,89.2,6.666666666666667,6.8,0.9139999999999996,0.526,0.388,0.4,0.0,89.28,1.0,9.533333333333337,7.35,7.569999999999998,7.41,1,0,1
Daniel Muñoz,DEF,Crystal Palace,2.4,1,0,11,0,13.4,211,0.02,0.02,0.0,1.59,8,2,0,3.2,12.2,2024-08-18T13:00:00Z,90,4,0,0,0,0,1,0,387466,1,1,2,6.0,4,0,0,0,50,False,0,2024-25,1,5.0,0.0,,,,,,,,,,,,DEF,daniel muñoz,2,90.0,90.0,8.0,6.4,0.2399999999999996,0.098,0.142,0.6,0.0,90.0,1.0,8.4,3.5,6.599999999999998,5.87,1,0,0
Dean Henderson,GK,Crystal Palace,2.2,0,0,5,0,0.0,201,0.0,0.0,0.0,1.59,8,2,0,2.6,26.4,2024-08-18T13:00:00Z,90,4,0,0,0,0,1,3,1563145,1,1,2,0.0,2,0,0,0,45,False,0,2024-25,1,4.5,0.0,,,,,,,,,,,,GK,dean henderson,2,90.0,90.0,5.0,4.6,0.0,0.0,0.0,0.6,2.8,90.0,1.0,5.8,3.15,5.4,5.44,0,0,0
Erling Haaland,FWD,Man City,5.0,0,2,31,1,0.6,351,0.0,0.28,0.28,1.01,9,0,1,7.5,36.4,2024-08-18T15:30:00Z,90,6,0,0,0,0,1,0,4408007,1,2,0,38.0,7,0,0,0,150,False,1,2024-25,1,15.0,0.0,,,,,,,,,,,,FWD,erling haaland,2,87.0,74.2,5.666666666666667,8.6,1.1619999999999997,1.1279999999999997,0.0340000000000001,0.4,0.0,81.88,1.0,10.533333333333337,10.5,8.809999999999999,9.01,1,1,0
Jordan Pickford,GK,Everton,3.1,0,0,2,0,0.0,235,0.02,0.02,0.0,1.43,3,3,0,2.4,23.8,2024-08-17T14:00:00Z,90,5,0,0,0,0,1,2,1450939,1,3,0,0.0,1,0,0,0,50,True,0,2024-25,1,5.0,0.0,,,,,,,,,,,,GK,jordan pickford,2,90.0,90.0,4.0,6.4,0.0079999999999993,0.0,0.0080000000000001,0.6,4.0,90.0,1.0,5.2,3.5,5.439999999999996,6.06,1,0,0
Joško Gvardiol,DEF,Man City,4.2,0,1,30,1,3.3,350,0.02,0.05,0.03,1.01,9,0,0,3.2,23.2,2024-08-18T15:30:00Z,90,6,0,0,0,0,1,0,2793191,1,2,0,5.0,7,0,0,0,60,False,0,2024-25,1,6.0,0.0,,,,,,,,,,,,DEF,joško gvardiol,2,90.0,90.0,9.666666666666666,10.0,0.3419999999999993,0.2819999999999997,0.06,0.6,0.0,90.0,1.0,10.133333333333333,4.199999999999999,7.109999999999996,6.96,1,0,0
Leif Davis,DEF,Ipswich,0.9,0,0,-1,0,6.1,267,0.02,0.02,0.0,2.65,4,2,0,2.1,14.8,2024-08-17T11:30:00Z,90,12,0,0,0,0,1,0,155392,1,2,0,0.0,1,0,0,0,45,True,0,2024-25,1,4.5,0.0,,,,,,,,,,,,DEF,leif davis,2,90.0,67.5,5.5,4.5,0.3549999999999989,0.1599999999999998,0.1975,0.75,0.0,81.0,1.0,6.2,3.15,7.774999999999995,6.38,1,0,0
Manuel Akanji,DEF,Man City,3.8,0,0,28,1,1.6,340,0.01,0.01,0.0,1.01,9,0,0,1.8,16.2,2024-08-18T15:30:00Z,90,6,0,0,0,0,1,0,377453,1,2,0,0.0,6,0,0,0,55,False,0,2024-25,1,5.5,0.0,,,,,,,,,,,,DEF,manuel akanji,2,83.33333333333333,86.0,4.666666666666667,4.8,0.2299999999999991,0.1639999999999999,0.066,0.6,0.0,84.39999999999999,1.0,5.933333333333334,3.85,6.549999999999995,5.97,1,0,0
Martin Ødegaard,MID,Arsenal,3.9,0,0,16,1,24.0,13,0.06,0.08,0.02,0.47,2,0,0,5.4,15.0,2024-08-17T14:00:00Z,90,20,0,0,0,0,1,0,1391537,1,0,2,15.0,3,0,0,0,85,True,0,2024-25,1,8.5,0.0,,,,,,,,,,,,MID,martin ødegaard,2,90.0,89.6,5.333333333333333,5.8,0.7099999999999991,0.2579999999999999,0.4519999999999999,0.6,0.0,89.84,1.0,7.666666666666667,5.949999999999999,6.549999999999995,6.1,1,0,0
Nicolas Jackson,FWD,Chelsea,1.4,0,0,3,0,23.6,180,0.06,0.53,0.47,0.66,9,1,0,5.1,4.6,2024-08-18T15:30:00Z,65,13,0,0,0,0,1,0,159569,1,2,0,23.0,2,0,0,0,75,True,0,2024-25,1,7.5,0.0,,,,,,,,,,,,FWD,nicolas jackson,2,89.66666666666667,89.8,3.0,6.2,0.845999999999999,0.7939999999999999,0.0519999999999999,0.6,0.0,89.72,1.0,5.4,5.25,7.229999999999995,6.82,1,0,0
Sean Longstaff,MID,Newcastle,2.6,0,0,11,1,1.3,410,0.01,0.01,0.0,1.77,5,0,0,1.5,9.4,2024-08-17T14:00:00Z,90,17,0,0,0,0,1,0,103817,1,0,1,4.0,3,0,0,0,50,True,0,2024-25,1,5.0,0.0,,,,,,,,,,,,MID,sean longstaff,2,77.66666666666667,79.8,4.333333333333333,4.6,0.543999999999999,0.476,0.0679999999999999,0.2,0.0,78.52000000000001,0.9815000000000002,5.466666666666667,3.4352500000000004,5.719999999999995,5.14,0,0,0
Tyrick Mitchell,DEF,Crystal Palace,2.4,0,0,6,0,27.0,210,0.03,0.15,0.12,1.59,8,2,0,4.7,13.8,2024-08-18T13:00:00Z,90,4,0,0,0,0,1,0,224405,1,1,2,6.0,1,0,0,0,50,False,0,2024-25,1,5.0,0.0,,,,,,,,,,,,DEF,tyrick mitchell,2,83.0,84.6,6.666666666666667,5.6,0.213999999999999,0.118,0.096,0.6,0.0,83.63999999999999,1.0,7.333333333333334,3.5,6.469999999999995,5.74,0,0,0
Alexander Isak,FWD,Newcastle,9.5,0,2,30,0,16.8,401,0.02,1.43,1.41,0.77,199,1,1,9.7,37.4,2025-01-04T12:30:00Z,85,18,0,0,0,0,20,0,5783281,1,2,1,43.0,7,563936,604389,40453,92,False,1,2024-25,20,9.2,0.0,,,,,,,,,,,,FWD,alexander isak,2,84.0,82.8,10.666666666666666,10.2,1.2639999999999998,1.04,0.224,0.8,0.0,83.52,1.0,12.213333333333331,6.44,9.32,8.32,1,0,1
Cole Palmer,MID,Chelsea,8.2,0,3,31,0,61.4,182,0.41,0.6,0.19,1.08,194,1,1,12.1,39.4,2025-01-04T15:00:00Z,90,7,0,0,0,0,20,0,7635713,1,1,1,20.0,10,18367,126950,108583,114,False,0,2024-25,20,11.4,0.0,,,,,,,,,,,,MID,cole palmer,2,90.0,90.0,5.0,7.2,0.9039999999999996,0.492,0.4120000000000001,0.2,0.0,90.0,1.0,8.56,7.979999999999999,7.519999999999998,7.23,1,0,0
Dominic Solanke-Mitchell,FWD,Spurs,6.0,0,3,31,0,1.7,82,0.12,0.58,0.46,2.53,199,2,1,9.4,43.4,2025-01-04T12:30:00Z,90,15,0,0,0,0,20,0,991867,1,2,1,49.0,9,-101527,48488,150015,75,True,0,2024-25,20,7.5,0.0,,,,,,,,,,,,FWD,dominic solanke-mitchell,2,90.0,88.2,4.333333333333333,4.8,0.4459999999999995,0.3939999999999999,0.0520000000000001,0.2,0.0,89.28,1.0,6.466666666666667,5.25,5.229999999999998,4.49,0,0,0
Ismaïla Sarr,MID,Crystal Palace,5.7,0,0,11,0,21.8,585,0.11,0.11,0.0,1.24,194,1,0,4.0,14.0,2025-01-04T15:00:00Z,90,6,0,0,0,0,20,0,576595,1,1,1,4.0,2,-31917,73229,105146,59,True,0,2024-25,20,5.9,0.0,,,,,,,,,,,,MID,ismaïla sarr,2,90.0,87.2,4.0,6.2,0.5459999999999993,0.3739999999999996,0.172,0.2,0.0,88.88,1.0,5.5600000000000005,4.13,5.729999999999997,5.37,1,0,0
Jacob Murphy,MID,Newcastle,7.5,1,0,27,0,33.4,402,0.28,0.28,0.0,0.77,199,1,0,7.0,30.8,2025-01-04T12:30:00Z,85,18,0,0,0,0,20,0,559099,1,2,1,6.0,5,139757,192603,52846,51,False,0,2024-25,20,5.1,0.0,,,,,,,,,,,,MID,jacob murphy,2,74.66666666666667,69.2,7.333333333333333,8.4,0.5979999999999993,0.3079999999999996,0.29,0.8,0.0,72.48,0.906,7.906666666666667,3.23442,5.989999999999997,5.12,1,0,0
Jamie Vardy,FWD,Leicester,3.7,1,0,14,0,3.3,306,0.0,0.15,0.15,1.56,191,2,0,3.4,12.0,2025-01-04T15:00:00Z,90,2,0,0,0,0,20,0,705024,1,1,2,19.0,5,-61399,25118,86517,55,False,0,2024-25,20,5.5,0.0,,,,,,,,,,,,FWD,jamie vardy,2,60.0,65.6,1.3333333333333333,3.4,0.5739999999999992,0.3919999999999998,0.1820000000000001,0.0,0.0,62.24,0.7779999999999999,3.2666666666666666,2.9952999999999994,5.869999999999996,3.95,0,0,0
Jarrod Bowen,MID,West Ham,0.0,0,0,0,0,0.0,514,0.0,0.0,0.0,0.0,197,0,0,0.0,0.0,2025-01-04T15:00:00Z,0,13,0,0,0,0,20,0,451198,0,1,4,0.0,0,-327865,11277,339142,74,False,0,2024-25,20,7.4,0.0,,,,,,,,,,,,MID,jarrod bowen,2,79.66666666666667,83.8,5.0,5.8,0.5079999999999992,0.3879999999999997,0.1200000000000001,0.2,0.0,81.32000000000001,1.0,6.960000000000001,5.18,5.539999999999996,4.99,1,0,0
Jordan Pickford,GK,Everton,5.8,0,0,22,0,0.0,235,0.02,0.02,0.0,1.84,192,1,0,5.1,51.4,2025-01-04T15:00:00Z,90,3,0,0,0,0,20,7,1491607,1,0,1,0.0,4,55895,115670,59775,50,False,0,2024-25,20,5.0,0.0,,,,,,,,,,,,GK,jordan pickford,2,90.0,90.0,5.666666666666667,6.2,0.0039999999999993,0.0,0.0040000000000001,0.6,4.0,90.0,1.0,6.533333333333334,3.5,5.419999999999996,6.06,1,0,0
Lewis Hall,DEF,Newcastle,7.9,0,0,8,0,33.9,399,0.1,0.1,0.0,0.95,199,1,0,4.9,13.4,2025-01-04T12:30:00Z,90,18,0,0,0,0,20,0,1945160,1,2,1,2.0,2,436672,478683,42011,48,False,0,2024-25,20,4.8,0.0,,,,,,,,,,,,DEF,lewis hall,2,90.0,88.4,8.333333333333334,8.2,0.3019999999999991,0.0399999999999998,0.2619999999999999,0.8,0.0,89.36000000000001,1.0,8.586666666666668,3.36,7.709999999999996,5.91,1,0,0
Matz Sels,GK,Nott'm Forest,6.4,0,2,31,1,0.0,443,0.0,0.0,0.0,1.57,200,0,0,4.2,42.4,2025-01-06T20:00:00Z,90,20,0,0,0,0,20,5,1426540,1,3,0,0.0,9,303402,345887,42485,49,False,0,2024-25,20,4.9,0.0,,,,,,,,,,,,GK,matz sels,2,90.0,90.0,7.0,5.0,0.0,0.0,0.0,0.6,3.0,90.0,1.0,7.56,3.43,5.4,5.69,0,0,0
Mohamed Salah,MID,Liverpool,12.6,0,0,30,0,28.6,328,0.38,1.38,1.0,1.05,196,2,1,10.3,35.8,2025-01-05T16:30:00Z,90,14,0,0,0,0,20,0,7763805,1,2,2,39.0,7,145285,154173,8888,136,True,0,2024-25,20,13.6,0.0,,,,,,,,,,,,MID,mohamed salah,2,88.66666666666667,89.2,15.333333333333334,13.8,1.331999999999999,1.0439999999999998,0.288,0.2,0.0,88.88,1.0,14.0,9.52,9.659999999999997,10.36,1,1,0
Neco Williams,DEF,Nott'm Forest,6.2,0,0,26,1,4.8,437,0.01,0.01,0.0,1.57,200,0,0,1.4,9.6,2025-01-06T20:00:00Z,90,20,0,0,0,0,20,0,123046,1,3,0,0.0,6,41747,51805,10058,43,False,0,2024-25,20,4.3,0.0,,,,,,,,,,,,DEF,neco williams,2,87.0,88.2,7.666666666666667,5.0,0.1079999999999989,0.0799999999999999,0.0279999999999999,0.6,0.0,87.47999999999999,1.0,7.853333333333333,3.01,5.939999999999994,5.23,1,0,0
Nikola Milenković,DEF,Nott'm Forest,6.6,0,0,23,1,0.0,573,0.0,0.1,0.1,1.57,200,0,0,2.0,11.4,2025-01-06T20:00:00Z,90,20,0,0,0,0,20,0,793071,1,3,0,9.0,6,152063,197181,45118,47,False,0,2024-25,20,4.7,0.0,,,,,,,,,,,,DEF,nikola milenković,2,90.0,90.0,6.0,6.8,0.1659999999999989,0.1639999999999999,0.0019999999999999,0.6,0.0,90.0,1.0,6.680000000000001,3.29,6.229999999999995,5.81,1,0,0
Vitalii Mykolenko,DEF,Everton,3.6,0,0,7,0,5.5,231,0.03,0.05,0.02,1.84,192,1,0,2.4,17.6,2025-01-04T15:00:00Z,90,3,0,0,0,0,20,0,645058,1,0,1,1.0,2,12573,60192,47619,43,False,0,2024-25,20,4.3,0.0,,,,,,,,,,,,DEF,vitalii mykolenko,2,90.0,90.0,3.0,5.4,0.051999999999999,0.0059999999999999,0.046,0.6,0.0,90.0,1.0,4.12,3.01,5.659999999999995,4.75,0,0,0
William Saliba,DEF,Arsenal,5.2,0,0,8,0,1.3,18,0.01,0.01,0.0,1.52,193,1,0,2.2,20.4,2025-01-04T17:30:00Z,90,5,0,0,0,0,20,0,3331508,1,1,1,0.0,2,-50765,63683,114448,63,False,0,2024-25,20,6.3,0.0,,,,,,,,,,,,DEF,william saliba,2,90.0,90.0,3.6666666666666665,5.2,0.269999999999999,0.238,0.032,0.4,0.0,90.0,1.0,5.453333333333333,4.409999999999999,5.949999999999996,5.57,1,0,0
Alexander Isak,FWD,Newcastle,8.2,1,3,69,1,17.2,401,0.2,0.97,0.77,0.81,210,0,2,14.1,81.6,2025-01-15T19:30:00Z,77,20,0,0,0,0,21,0,6096608,1,0,3,42.0,16,287414,403671,116257,93,True,0,2024-25,21,9.3,0.0,,,,,,,,,,,,FWD,alexander isak,2,88.33333333333333,81.8,7.333333333333333,10.0,1.3459999999999996,1.2239999999999998,0.122,0.8,0.0,85.72,1.0,9.586666666666668,6.51,9.73,9.19,1,0,1
Bryan Mbeumo,MID,Brentford,6.1,0,0,14,0,55.5,99,0.36,0.67,0.31,2.2,202,2,0,10.9,14.8,2025-01-14T19:30:00Z,90,13,0,0,0,0,21,0,3661345,1,2,2,39.0,2,219943,370512,150569,78,True,0,2024-25,21,7.8,0.0,,,,,,,,,,,,MID,bryan mbeumo,2,90.0,90.0,9.666666666666666,8.0,0.6279999999999998,0.396,0.2320000000000002,0.4,0.0,90.0,1.0,10.853333333333332,5.46,6.139999999999999,5.92,1,0,0
Dean Huijsen,DEF,Bournemouth,5.7,0,0,11,0,11.0,580,0.08,0.08,0.0,2.5,208,2,0,4.6,33.2,2025-01-14T19:30:00Z,90,6,0,0,0,0,21,0,428948,1,2,2,2.0,0,29764,61902,32138,44,False,1,2024-25,21,4.4,0.0,,,,,,,,,,,,DEF,dean huijsen,2,90.0,90.0,5.666666666666667,6.6,0.1559999999999996,0.0899999999999999,0.066,0.6,0.0,90.0,1.0,6.293333333333335,3.08,6.179999999999998,5.49,1,0,0
Erling Haaland,FWD,Man City,5.5,0,0,5,0,13.1,351,0.05,0.45,0.4,2.58,202,2,0,8.9,11.8,2025-01-14T19:30:00Z,90,4,0,0,0,0,21,0,3434437,1,2,2,64.0,2,63571,125730,62159,148,False,0,2024-25,21,14.8,0.0,,,,,,,,,,,,FWD,erling haaland,2,87.66666666666667,88.6,7.0,5.0,0.6379999999999997,0.5779999999999997,0.0600000000000001,0.2,0.0,88.03999999999999,1.0,11.52,10.36,6.189999999999999,6.4,1,0,0
Illia Zabarnyi,DEF,Bournemouth,3.7,0,0,3,0,0.3,85,0.0,0.02,0.02,2.5,208,2,0,2.7,22.2,2025-01-14T19:30:00Z,90,6,0,0,0,0,21,0,65486,1,2,2,4.0,1,1148,6946,5798,44,False,0,2024-25,21,4.4,0.0,,,,,,,,,,,,DEF,illia zabarnyi,2,90.0,90.0,4.666666666666667,4.4,0.1119999999999993,0.0739999999999996,0.038,0.6,0.0,90.0,1.0,5.493333333333334,3.08,5.959999999999996,5.25,1,0,0
Ismaïla Sarr,MID,Crystal Palace,4.0,1,0,27,1,33.8,585,0.52,0.61,0.09,1.7,205,0,0,8.5,30.0,2025-01-15T19:30:00Z,90,11,0,0,0,0,21,0,555319,1,2,0,21.0,6,-27082,60086,87168,59,False,0,2024-25,21,5.9,0.0,,,,,,,,,,,,MID,ismaïla sarr,2,90.0,90.0,2.333333333333333,6.2,0.5319999999999993,0.3619999999999996,0.17,0.2,0.0,90.0,1.0,4.226666666666668,4.13,5.659999999999997,5.33,1,0,0
Jacob Murphy,MID,Newcastle,4.5,0,0,20,1,21.2,402,0.16,0.22,0.06,0.81,210,0,0,7.0,19.2,2025-01-15T19:30:00Z,77,20,0,0,0,0,21,0,629982,1,0,3,30.0,3,71273,152369,81096,51,True,0,2024-25,21,5.1,0.0,,,,,,,,,,,,MID,jacob murphy,2,82.0,74.4,4.666666666666667,8.0,0.5259999999999992,0.2459999999999996,0.2800000000000001,0.8,0.0,78.96000000000001,0.987,5.773333333333333,3.52359,5.629999999999996,4.95,0,0,0
Jordan Pickford,GK,Everton,4.4,0,0,9,0,0.0,235,0.01,0.01,0.0,1.21,203,1,0,1.7,16.6,2025-01-15T19:30:00Z,90,2,0,0,0,0,21,2,1562126,1,1,0,0.0,1,55425,106088,50663,50,True,1,2024-25,21,5.0,0.0,,,,,,,,,,,,GK,jordan pickford,2,90.0,90.0,4.666666666666667,5.8,0.0059999999999993,0.0,0.0060000000000001,0.4,5.0,90.0,1.0,5.733333333333334,3.5,4.629999999999997,5.38,0,0,0
Keane Lewis-Potter,MID,Brentford,3.5,1,0,23,0,23.5,98,0.3,0.3,0.0,2.2,202,2,0,6.6,36.4,2025-01-14T19:30:00Z,90,13,0,0,0,0,21,0,9112,1,2,2,6.0,5,738,1393,655,50,True,0,2024-25,21,5.0,0.0,,,,,,,,,,,,MID,keane lewis-potter,2,90.0,89.0,4.333333333333333,3.4,0.4059999999999993,0.2419999999999997,0.164,0.4,0.0,89.6,1.0,5.466666666666667,3.5,5.029999999999997,4.57,0,0,0
Lewis Hall,DEF,Newcastle,6.6,0,0,30,1,26.8,399,0.08,0.13,0.05,1.62,210,0,0,4.4,11.2,2025-01-15T19:30:00Z,90,20,0,0,0,0,21,0,2457233,1,0,3,6.0,6,486252,523201,36949,49,True,0,2024-25,21,4.9,0.0,,,,,,,,,,,,DEF,lewis hall,2,90.0,90.0,6.666666666666667,8.4,0.3159999999999992,0.0399999999999998,0.2759999999999999,0.8,0.0,90.0,1.0,7.293333333333334,3.43,7.779999999999997,5.98,1,0,0
Liam Delap,FWD,Ipswich,4.4,0,0,2,0,11.5,268,0.0,0.02,0.02,0.97,204,2,0,2.3,4.2,2025-01-16T19:30:00Z,83,5,0,0,0,0,21,0,409978,1,2,0,7.0,1,82060,103911,21851,56,True,1,2024-25,21,5.6,0.0,,,,,,,,,,,,FWD,liam delap,2,85.33333333333333,67.8,7.0,4.4,0.5319999999999991,0.4219999999999999,0.1099999999999999,0.2,0.0,78.32,0.979,7.84,3.837679999999999,5.659999999999996,4.38,0,0,0
Matz Sels,GK,Nott'm Forest,5.6,0,0,13,0,0.0,443,0.02,0.02,0.0,1.99,206,1,0,3.4,34.0,2025-01-14T20:00:00Z,90,12,0,0,0,0,21,5,1560987,1,1,1,0.0,3,132916,187187,54271,49,True,0,2024-25,21,4.9,0.0,,,,,,,,,,,,GK,matz sels,2,90.0,90.0,7.666666666666667,6.4,0.0,0.0,0.0,0.8,3.0,90.0,1.0,8.093333333333334,3.43,6.2,5.69,1,0,0
Mohamed Salah,MID,Liverpool,12.0,0,0,9,0,47.3,328,0.34,0.81,0.47,0.31,206,1,0,10.4,5.6,2025-01-14T20:00:00Z,90,16,0,0,0,0,21,0,7845135,1,1,1,51.0,2,49271,71381,22110,137,False,0,2024-25,21,13.7,0.0,,,,,,,,,,,,MID,mohamed salah,2,90.0,89.2,10.666666666666666,11.6,1.423999999999999,1.108,0.316,0.2,0.0,89.68,1.0,14.0,9.589999999999998,10.119999999999996,10.98,1,1,0
Neco Williams,DEF,Nott'm Forest,5.2,0,0,7,0,0.4,437,0.0,0.0,0.0,1.97,206,1,0,3.2,32.0,2025-01-14T20:00:00Z,89,12,0,0,0,0,21,0,159353,1,1,1,0.0,2,34913,46675,11762,43,True,0,2024-25,21,4.3,0.0,,,,,,,,,,,,DEF,neco williams,2,87.0,88.2,6.0,6.2,0.1059999999999989,0.0759999999999999,0.0299999999999999,0.8,0.0,87.47999999999999,1.0,6.5200000000000005,3.01,6.729999999999995,5.21,1,0,0
Nikola Milenković,DEF,Nott'm Forest,4.2,0,0,7,0,0.2,573,0.0,0.0,0.0,1.99,206,1,0,2.4,17.6,2025-01-14T20:00:00Z,90,12,0,0,0,0,21,0,848142,1,1,1,6.0,2,53767,99679,45912,48,True,0,2024-25,21,4.8,0.0,,,,,,,,,,,,DEF,nikola milenković,2,90.0,90.0,6.0,6.6,0.1619999999999989,0.1619999999999999,0.0,0.8,0.0,90.0,1.0,6.720000000000001,3.36,7.0099999999999945,5.81,1,0,0
Alexander Isak,FWD,Newcastle,0.0,0,0,10,0,12.3,401,0.07,0.13,0.06,2.26,218,4,0,3.6,11.4,2025-01-18T12:30:00Z,90,3,0,0,0,0,22,0,6503452,1,4,1,12.0,2,388996,412475,23479,94,True,0,2024-25,22,9.4,0.0,0.0,0.0,0.0,0.0,0.0,0.0,0.0,,,,,FWD,alexander isak,2,84.0,82.8,10.0,11.0,1.2119999999999995,1.094,0.118,0.8,0.0,83.52,1.0,11.76,6.58,9.06,8.31,1,0,1
Amad Diallo,MID,Man Utd,0.0,0,0,14,0,47.2,364,0.14,0.24,0.1,1.93,217,3,0,8.4,17.8,2025-01-19T14:00:00Z,90,5,0,0,0,0,22,0,2570600,1,3,1,19.0,2,561899,599979,38080,55,True,0,2024-25,22,5.5,0.0,0.0,0.0,0.0,0.0,0.0,0.0,0.0,,,,,MID,amad diallo,2,90.0,87.6,10.333333333333334,7.0,0.6599999999999999,0.3960000000000001,0.264,0.0,0.0,89.03999999999999,1.0,10.466666666666669,3.85,6.3,5.91,1,0,0
Anthony Gordon,MID,Newcastle,0.0,0,0,10,0,13.0,398,0.17,0.48,0.31,2.26,218,4,0,4.2,2.2,2025-01-18T12:30:00Z,90,3,0,0,0,0,22,0,2862444,1,4,1,27.0,2,331918,367442,35524,77,True,0,2024-25,22,7.7,0.0,0.0,0.0,0.0,0.0,0.0,0.0,0.0,,,,,MID,anthony gordon,2,79.33333333333333,81.0,7.333333333333333,7.6,0.6259999999999997,0.3980000000000001,0.2280000000000001,0.8,0.0,80.0,1.0,8.946666666666667,5.39,6.129999999999998,5.71,1,0,0
Bryan Mbeumo,MID,Brentford,0.0,0,0,17,0,14.9,99,0.12,0.36,0.24,3.43,212,2,0,11.2,18.6,2025-01-18T15:00:00Z,90,12,0,0,0,0,22,0,3577521,1,2,0,78.0,2,-88185,100420,188605,78,True,0,2024-25,22,7.8,0.0,0.0,0.0,0.0,0.0,0.0,0.0,0.0,,,,,MID,bryan mbeumo,2,90.0,90.0,9.333333333333334,6.6,0.6419999999999997,0.352,0.2900000000000002,0.4,0.0,90.0,1.0,10.586666666666668,5.46,6.209999999999998,5.86,1,0,0
Cole Palmer,MID,Chelsea,0.0,0,0,14,0,33.3,182,0.22,0.41,0.19,0.83,213,1,0,7.2,8.8,2025-01-20T20:00:00Z,83,20,0,0,0,0,22,0,7634967,1,1,3,30.0,2,-59393,61130,120523,114,True,0,2024-25,22,11.4,0.0,0.0,0.0,0.0,0.0,0.0,0.0,0.0,,,,,MID,cole palmer,2,90.0,90.0,7.333333333333333,7.0,0.6839999999999995,0.29,0.3940000000000001,0.2,0.0,90.0,1.0,10.426666666666668,7.979999999999999,6.419999999999997,5.78,1,0,0
Dean Huijsen,DEF,Bournemouth,0.0,0,0,17,0,0.4,580,0.0,0.11,0.11,0.79,218,1,0,4.5,35.4,2025-01-18T12:30:00Z,90,15,0,0,0,0,22,0,425385,1,4,1,9.0,2,-4785,25108,29893,44,False,0,2024-25,22,4.4,0.0,0.0,0.0,0.0,0.0,0.0,0.0,0.0,,,,,DEF,dean huijsen,2,90.0,90.0,3.0,6.2,0.1699999999999996,0.0899999999999999,0.08,0.6,0.0,90.0,1.0,4.16,3.08,6.249999999999998,5.55,1,0,0
Illia Zabarnyi,DEF,Bournemouth,0.0,0,0,9,0,0.4,85,0.04,0.16,0.12,0.79,218,1,0,2.6,19.6,2025-01-18T12:30:00Z,90,15,0,0,0,0,22,0,64483,1,4,1,6.0,2,-1116,2880,3996,44,False,0,2024-25,22,4.4,0.0,0.0,0.0,0.0,0.0,0.0,0.0,0.0,,,,,DEF,illia zabarnyi,2,90.0,90.0,3.0,4.2,0.0919999999999992,0.0539999999999996,0.038,0.6,0.0,90.0,1.0,4.16,3.08,5.859999999999996,5.09,1,0,0
Martin Dúbravka,GK,Newcastle,0.0,0,0,4,0,0.0,396,0.0,0.0,0.0,2.26,218,4,0,4.8,47.8,2025-01-18T12:30:00Z,90,3,0,0,0,0,22,6,317992,1,4,1,0.0,2,71329,79571,8242,43,True,0,2024-25,22,4.3,0.0,0.0,0.0,0.0,0.0,0.0,0.0,0.0,,,,,GK,martin dúbravka,2,90.0,90.0,6.333333333333333,6.2,0.0,0.0,0.0,0.8,2.6,90.0,1.0,6.786666666666666,3.01,6.2,5.38,0,0,0
Matz Sels,GK,Nott'm Forest,0.0,0,0,2,0,0.0,443,0.0,0.0,0.0,0.89,219,2,0,1.2,12.0,2025-01-19T14:00:00Z,90,17,0,0,0,0,22,1,1917396,1,2,3,0.0,1,336427,356139,19712,50,True,0,2024-25,22,5.0,0.0,0.0,0.0,0.0,0.0,0.0,0.0,0.0,,,,,GK,matz sels,2,90.0,90.0,6.0,6.6,0.0039999999999991,0.0,0.004,0.8,3.8,90.0,1.0,6.800000000000001,3.5,6.219999999999995,6.0,1,0,0
Milos Kerkez,DEF,Bournemouth,0.0,0,0,21,0,7.1,70,0.09,0.14,0.05,0.79,218,1,1,6.9,44.4,2025-01-18T12:30:00Z,90,15,0,0,0,0,22,0,841436,1,4,1,17.0,7,-4454,45828,50282,48,False,1,2024-25,22,4.8,0.0,0.0,0.0,0.0,0.0,0.0,0.0,0.0,,,,,DEF,milos kerkez,2,90.0,90.0,4.666666666666667,5.2,0.0859999999999991,0.0259999999999998,0.06,0.6,0.0,90.0,1.0,5.653333333333334,3.36,5.829999999999996,4.96,0,0,0
Mohamed Salah,MID,Liverpool,0.0,0,0,16,1,74.4,328,0.43,0.61,0.18,0.72,212,0,0,15.0,18.6,2025-01-18T15:00:00Z,90,4,0,0,0,0,22,0,7862996,1,2,0,57.0,3,5319,38035,32716,137,False,0,2024-25,22,13.7,0.0,0.0,0.0,0.0,0.0,0.0,0.0,0.0,,,,,MID,mohamed salah,2,90.0,89.2,8.333333333333334,11.0,1.4679999999999989,1.158,0.31,0.2,0.0,89.68,1.0,12.146666666666668,9.589999999999998,10.339999999999996,11.29,1,1,0
Neco Williams,DEF,Nott'm Forest,0.0,0,0,7,0,17.9,437,0.04,0.05,0.01,0.89,219,2,0,5.1,26.0,2025-01-19T14:00:00Z,90,17,0,0,0,0,22,0,230035,1,2,3,7.0,1,69131,76200,7069,43,True,0,2024-25,22,4.3,0.0,0.0,0.0,0.0,0.0,0.0,0.0,0.0,,,,,DEF,neco williams,2,86.66666666666667,88.0,4.666666666666667,6.2,0.0839999999999989,0.0579999999999999,0.0259999999999999,0.8,0.0,87.2,1.0,5.453333333333334,3.01,6.619999999999995,5.05,0,0,0
Ola Aina,DEF,Nott'm Forest,0.0,1,0,23,0,17.0,422,0.1,0.1,0.0,0.89,219,2,0,5.3,34.0,2025-01-19T14:00:00Z,90,17,0,0,0,0,22,0,3118866,1,2,3,2.0,4,300200,330837,30637,53,True,0,2024-25,22,5.3,0.0,0.0,0.0,0.0,0.0,0.0,0.0,0.0,,,,,DEF,ola aina,2,90.0,90.0,5.333333333333333,7.4,0.0999999999999989,0.0899999999999999,0.0099999999999999,0.8,0.0,90.0,1.0,6.386666666666667,3.71,6.699999999999995,5.31,1,0,0
Raúl Jiménez,FWD,Fulham,0.0,0,0,7,1,16.0,252,0.12,0.19,0.07,0.42,216,0,0,3.8,8.8,2025-01-18T15:00:00Z,70,11,0,0,0,0,22,0,1525591,1,2,0,13.0,2,59811,171384,111573,57,False,0,2024-25,22,5.7,0.0,0.0,0.0,0.0,0.0,0.0,0.0,0.0,,,,,FWD,raúl jiménez,2,82.33333333333333,69.6,7.666666666666667,5.0,0.635999999999999,0.6199999999999999,0.0159999999999999,0.0,0.0,77.24,0.9655,8.413333333333334,3.8523449999999992,6.179999999999995,5.07,0,0,0
Yoane Wissa,FWD,Brentford,0.0,0,0,10,0,32.3,110,0.17,0.47,0.3,3.43,212,2,0,9.5,33.0,2025-01-18T15:00:00Z,90,12,0,0,0,0,22,0,1098018,1,2,0,30.0,2,29064,114276,85212,62,True,0,2024-25,22,6.2,0.0,0.0,0.0,0.0,0.0,0.0,0.0,0.0,,,,,FWD,yoane wissa,2,84.66666666666667,86.8,6.333333333333333,4.4,0.7539999999999989,0.712,0.042,0.4,0.0,85.52000000000001,1.0,7.546666666666667,4.34,6.769999999999994,5.98,1,0,0
Alexander Isak,FWD,Newcastle,10.5,0,3,67,0,15.2,401,0.25,1.75,1.5,0.66,228,1,2,17.0,78.6,2025-01-25T15:00:00Z,78,17,0,0,0,0,23,0,6750889,1,3,1,76.0,13,220523,257142,36619,95,False,0,2024-25,23,9.5,0.0,0.0,0.0,0.0,0.0,0.0,0.0,0.0,,,,,FWD,alexander isak,2,84.0,86.4,8.333333333333334,8.0,0.8919999999999997,0.8,0.092,0.6,0.0,84.96000000000001,1.0,10.466666666666669,6.65,7.459999999999998,6.82,1,0,0
Amad Diallo,MID,Man Utd,8.5,0,0,11,1,5.2,364,0.01,0.01,0.0,0.67,225,0,0,0.9,3.8,2025-01-26T19:00:00Z,90,9,0,0,0,0,23,0,2639129,1,1,0,0.0,3,64841,215052,150211,56,False,0,2024-25,23,5.6,0.0,0.0,0.0,0.0,0.0,0.0,0.0,0.0,,,,,MID,amad diallo,2,90.0,87.6,10.333333333333334,7.0,0.5199999999999999,0.366,0.154,0.0,0.0,89.03999999999999,1.0,10.506666666666668,3.92,5.6,5.25,1,0,0
Bryan Mbeumo,MID,Brentford,7.4,0,0,24,0,16.7,99,0.03,1.16,1.13,1.08,224,1,1,8.5,34.6,2025-01-26T14:00:00Z,90,7,0,0,0,0,23,0,3676507,1,2,1,34.0,7,81586,229893,148307,78,False,0,2024-25,23,7.8,0.0,0.0,0.0,0.0,0.0,0.0,0.0,0.0,,,,,MID,bryan mbeumo,2,90.0,90.0,7.666666666666667,6.6,0.5979999999999999,0.3859999999999999,0.2120000000000002,0.4,0.0,90.0,1.0,9.253333333333334,5.46,5.989999999999999,5.77,1,0,0
Daniel Muñoz,DEF,Crystal Palace,4.5,1,0,24,0,21.6,211,0.64,0.66,0.02,1.53,224,2,0,6.0,30.6,2025-01-26T14:00:00Z,90,4,0,0,0,0,23,0,727086,1,2,1,8.0,4,26807,56582,29775,48,True,0,2024-25,23,4.8,0.0,0.0,0.0,0.0,0.0,0.0,0.0,0.0,,,,,DEF,daniel muñoz,2,90.0,90.0,4.666666666666667,4.4,0.2419999999999997,0.1259999999999999,0.1160000000000001,0.6,0.0,90.0,1.0,5.653333333333334,3.36,6.609999999999998,5.98,1,0,0
Enzo Maresca,AM,Chelsea,4.0,0,0,0,0,0.0,740,0.0,0.0,0.0,0.0,227,0,0,0.0,0.0,2025-01-25T17:30:00Z,0,13,0,0,0,0,23,0,0,0,1,3,0.0,1,0,0,0,15,False,0,2024-25,23,1.5,0.0,0.0,0.0,1.0,1.0,0.0,0.0,0.0,,,,,MID,enzo maresca,2,90.0,90.0,8.0,5.5,0.3999999999999995,0.1249999999999997,0.2750000000000002,0.25,0.0,90.0,1.0,7.0,1.0499999999999998,4.999999999999997,4.1,0,0,0
Erling Haaland,FWD,Man City,8.2,1,3,55,0,31.8,351,0.03,0.36,0.33,1.8,227,1,1,12.6,61.2,2025-01-25T17:30:00Z,90,6,0,0,0,0,23,0,3238682,1,1,3,33.0,12,-156829,30560,187389,147,True,0,2024-25,23,14.7,0.0,0.0,0.0,0.0,0.0,0.0,0.0,0.0,,,,,FWD,erling haaland,2,78.33333333333333,83.0,7.0,5.8,0.9339999999999996,0.8679999999999998,0.0660000000000002,0.4,0.0,80.19999999999999,1.0,11.48,10.29,7.669999999999998,7.48,1,0,1
Keane Lewis-Potter,MID,Brentford,3.6,0,0,6,0,1.7,98,0.12,0.15,0.03,1.08,224,1,0,2.8,17.2,2025-01-26T14:00:00Z,90,7,0,0,0,0,23,0,12268,1,2,1,9.0,1,1727,2684,957,50,False,1,2024-25,23,5.0,0.0,0.0,0.0,0.0,0.0,0.0,0.0,0.0,,,,,MID,keane lewis-potter,2,90.0,90.0,5.0,4.0,0.4539999999999993,0.2359999999999997,0.218,0.4,0.0,90.0,1.0,6.0,3.5,5.269999999999996,4.77,0,0,0
Lewis Hall,DEF,Newcastle,4.5,0,0,9,0,4.1,399,0.04,0.09,0.05,0.76,228,1,0,1.8,7.8,2025-01-25T15:00:00Z,90,17,0,0,0,0,23,0,3045877,1,3,1,6.0,2,294050,328232,34182,51,False,0,2024-25,23,5.1,0.0,0.0,0.0,0.0,0.0,0.0,0.0,0.0,,,,,DEF,lewis hall,2,81.66666666666667,85.0,4.0,6.0,0.1979999999999991,0.0219999999999998,0.176,0.6,0.0,83.0,1.0,5.24,3.5699999999999994,6.389999999999995,5.36,1,0,0
Martin Dúbravka,GK,Newcastle,5.5,0,0,11,0,0.0,396,0.0,0.0,0.0,0.76,228,1,0,3.1,31.0,2025-01-25T15:00:00Z,90,17,0,0,0,0,23,4,359230,1,3,1,0.0,3,39109,57159,18050,43,False,0,2024-25,23,4.3,0.0,0.0,0.0,0.0,0.0,0.0,0.0,0.0,,,,,GK,martin dúbravka,2,90.0,90.0,5.0,5.4,0.0,0.0,0.0,0.6,3.4,90.0,1.0,5.72,3.01,5.4,5.64,0,0,0
Matz Sels,GK,Nott'm Forest,3.5,0,0,-5,0,0.0,443,0.0,0.0,0.0,1.69,222,5,0,3.0,29.6,2025-01-25T15:00:00Z,90,3,0,0,0,0,23,5,2004979,1,0,5,0.0,1,81852,145152,63300,50,False,0,2024-25,23,5.0,0.0,0.0,0.0,0.0,0.0,0.0,0.0,0.0,,,,,GK,matz sels,2,90.0,90.0,4.333333333333333,5.4,0.0039999999999991,0.0,0.004,0.6,3.4,90.0,1.0,5.466666666666667,3.5,5.419999999999996,5.86,1,0,0
Mohamed Salah,MID,Liverpool,6.0,0,1,33,0,21.8,328,0.12,0.35,0.23,0.48,226,1,1,12.8,45.2,2025-01-25T15:00:00Z,90,10,0,0,0,0,23,0,7952602,1,1,4,61.0,8,57321,77380,20059,137,True,0,2024-25,23,13.7,0.0,0.0,0.0,0.0,0.0,0.0,0.0,0.0,,,,,MID,mohamed salah,2,90.0,90.0,4.0,7.4,1.1779999999999988,0.8119999999999999,0.3660000000000001,0.4,0.0,90.0,1.0,8.68,9.589999999999998,8.889999999999993,9.31,1,1,0
Neco Williams,DEF,Nott'm Forest,2.5,0,0,-7,0,1.2,437,0.0,0.06,0.06,0.87,222,3,0,0.8,2.6,2025-01-25T15:00:00Z,65,3,0,0,0,0,23,0,236194,1,0,5,4.0,1,6197,19779,13582,44,False,0,2024-25,23,4.4,0.0,0.0,0.0,0.0,0.0,0.0,0.0,0.0,,,,,DEF,neco williams,2,89.66666666666667,88.0,3.0,4.2,0.0679999999999989,0.0539999999999999,0.0139999999999999,0.6,0.0,89.0,1.0,4.16,3.08,5.739999999999995,4.98,0,0,0
Trent Alexander-Arnold,DEF,Liverpool,5.5,1,0,21,0,27.4,311,0.49,0.62,0.13,0.48,226,1,0,6.8,27.6,2025-01-25T15:00:00Z,90,10,0,0,0,0,23,0,3514368,1,1,4,13.0,5,504790,535224,30434,73,True,0,2024-25,23,7.3,0.0,0.0,0.0,0.0,0.0,0.0,0.0,0.0,,,,,DEF,trent alexander-arnold,2,88.33333333333333,89.0,4.333333333333333,6.0,0.4019999999999991,0.068,0.3339999999999999,0.4,0.0,88.6,1.0,6.386666666666667,5.109999999999999,6.609999999999996,5.73,1,0,0
Tyrick Mitchell,DEF,Crystal Palace,3.8,0,0,-1,0,11.6,210,0.02,0.02,0.0,1.53,224,2,0,1.9,7.0,2025-01-26T14:00:00Z,90,4,0,0,0,0,23,0,220735,1,2,1,0.0,1,121,10261,10140,48,True,0,2024-25,23,4.8,0.0,0.0,0.0,0.0,0.0,0.0,0.0,0.0,,,,,DEF,tyrick mitchell,2,86.0,87.6,4.666666666666667,4.6,0.189999999999999,0.04,0.15,0.6,0.0,86.64,1.0,5.653333333333334,3.36,6.349999999999995,5.42,1,0,0
Yoane Wissa,FWD,Brentford,4.6,0,0,12,0,10.9,110,0.36,0.52,0.16,1.08,224,1,0,5.2,13.8,2025-01-26T14:00:00Z,90,7,0,0,0,0,23,0,1197423,1,2,1,27.0,2,93130,190510,97380,63,False,0,2024-25,23,6.3,0.0,0.0,0.0,0.0,0.0,0.0,0.0,0.0,,,,,FWD,yoane wissa,2,90.0,86.8,6.333333333333333,4.6,0.8139999999999988,0.7519999999999999,0.062,0.4,0.0,88.72,1.0,7.586666666666666,4.409999999999999,7.069999999999994,6.41,1,0,0
Alexander Isak,FWD,Newcastle,8.7,0,0,2,0,22.9,401,0.2,0.24,0.04,1.56,238,2,0,4.1,5.8,2025-02-01T15:00:00Z,90,9,0,0,0,0,24,0,6850616,1,2,1,12.0,2,76771,140000,63229,95,True,0,2024-25,24,9.5,0.0,0.0,0.0,0.0,0.0,0.0,0.0,0.0,,,,,FWD,alexander isak,2,81.66666666666667,84.0,10.333333333333334,9.0,1.0339999999999998,0.914,0.12,0.4,0.0,82.6,1.0,12.066666666666668,6.65,8.169999999999998,7.29,1,0,1
Amad Diallo,MID,Man Utd,6.8,0,0,17,0,78.3,364,0.58,0.67,0.09,2.6,237,2,0,11.4,12.8,2025-02-02T14:00:00Z,90,7,0,0,0,0,24,0,2665964,1,2,0,23.0,2,21786,159737,137951,56,True,0,2024-25,24,5.6,0.0,0.0,0.0,0.0,0.0,0.0,0.0,0.0,,,,,MID,amad diallo,2,90.0,90.0,8.333333333333334,7.2,0.5099999999999999,0.356,0.154,0.2,0.0,90.0,1.0,8.906666666666668,3.92,5.549999999999999,5.22,0,0,0
Bryan Mbeumo,MID,Brentford,3.2,0,0,12,0,22.8,99,0.37,0.59,0.22,0.86,233,2,0,7.8,15.2,2025-02-02T14:00:00Z,90,18,0,0,0,0,24,0,3939880,1,2,0,40.0,2,243304,364587,121283,79,True,0,2024-25,24,7.9,0.0,0.0,0.0,0.0,0.0,0.0,0.0,0.0,,,,,MID,bryan mbeumo,2,90.0,90.0,3.6666666666666665,7.4,0.8099999999999998,0.6059999999999999,0.2040000000000001,0.2,0.0,90.0,1.0,6.093333333333334,5.53,7.049999999999999,7.13,1,0,0
Dango Ouattara,MID,Bournemouth,6.7,0,0,6,0,32.7,74,0.09,0.2,0.11,2.52,232,2,0,5.0,13.6,2025-02-01T15:00:00Z,90,12,0,0,0,0,24,0,150899,1,2,0,4.0,2,122930,130110,7180,50,True,0,2024-25,24,5.0,0.0,0.0,0.0,0.0,0.0,0.0,0.0,0.0,,,,,MID,dango ouattara,2,90.0,73.0,9.0,7.2,0.5119999999999998,0.3999999999999999,0.1120000000000001,0.4,0.0,83.2,1.0,9.2,3.5,5.559999999999999,5.2,0,0,0
Daniel Muñoz,DEF,Crystal Palace,6.8,1,2,36,1,11.1,211,0.24,0.34,0.1,1.12,237,0,0,4.9,32.0,2025-02-02T14:00:00Z,90,14,0,0,0,0,24,0,714155,1,2,0,6.0,11,-11607,26799,38406,48,False,0,2024-25,24,4.8,0.0,0.0,0.0,0.0,0.0,0.0,0.0,0.0,,,,,DEF,daniel muñoz,2,90.0,90.0,5.333333333333333,4.0,0.3359999999999997,0.106,0.23,0.4,0.0,90.0,1.0,6.1866666666666665,3.36,6.279999999999998,5.28,1,0,0
Dante Cassanova,DEF,Spurs,1.3,0,0,0,0,0.0,760,0.0,0.0,0.0,0.0,233,0,0,0.0,0.0,2025-02-02T14:00:00Z,0,4,0,0,0,0,24,0,0,0,2,0,0.0,0,0,0,0,40,False,0,2024-25,24,4.0,0.0,0.0,0.0,0.0,0.0,0.0,0.0,0.0,,,,,DEF,dante cassanova,2,69.5,56.5,2.0,3.75,0.2199999999999997,0.2024999999999999,0.0175000000000001,0.5,0.0,64.3,0.80375,3.2,2.2505,6.099999999999999,5.18,0,0,0
Jamie Vardy,FWD,Leicester,3.5,0,0,2,0,0.1,306,0.0,0.0,0.0,1.67,235,3,0,0.3,1.0,2025-02-01T15:00:00Z,59,8,0,0,0,0,24,0,646659,1,0,4,2.0,1,11972,48217,36245,54,False,0,2024-25,24,5.4,0.0,0.0,0.0,0.0,0.0,0.0,0.0,0.0,,,,,FWD,jamie vardy,2,85.33333333333333,87.2,4.333333333333333,4.0,0.7199999999999992,0.6059999999999997,0.1140000000000001,0.0,0.0,86.08,1.0,5.626666666666667,3.78,6.599999999999996,5.67,1,0,0
Joško Gvardiol,DEF,Man City,3.8,0,0,-1,0,5.3,350,0.03,0.2,0.17,1.0,231,5,0,7.3,30.2,2025-02-02T16:30:00Z,90,1,0,0,0,0,24,0,2112149,1,1,5,37.0,0,-4809,86758,91567,59,False,0,2024-25,24,5.9,0.0,0.0,0.0,0.0,0.0,0.0,0.0,0.0,,,,,DEF,joško gvardiol,2,90.0,90.0,5.0,4.6,0.2979999999999993,0.2599999999999997,0.0380000000000001,0.4,0.0,90.0,1.0,6.36,4.13,6.089999999999996,5.69,1,0,0
Martin Dúbravka,GK,Newcastle,4.5,0,0,5,0,0.0,396,0.0,0.0,0.0,1.56,238,2,0,1.0,10.4,2025-02-01T15:00:00Z,90,9,0,0,0,0,24,2,371784,1,2,1,0.0,1,10474,31795,21321,43,True,0,2024-25,24,4.3,0.0,0.0,0.0,0.0,0.0,0.0,0.0,0.0,,,,,GK,martin dúbravka,2,90.0,90.0,5.0,4.8,0.0,0.0,0.0,0.4,4.0,90.0,1.0,5.72,3.01,4.6,4.82,0,0,0
Matz Sels,GK,Nott'm Forest,3.7,0,0,32,1,0.0,443,0.0,0.0,0.0,0.88,239,0,0,3.9,38.6,2025-02-01T12:30:00Z,90,5,0,0,0,0,24,6,1964581,1,0,7,0.0,8,-36948,74425,111373,50,True,0,2024-25,24,5.0,0.0,0.0,0.0,0.0,0.0,0.0,0.0,0.0,,,,,GK,matz sels,2,90.0,90.0,1.6666666666666667,4.0,0.0039999999999991,0.0,0.004,0.4,3.6,90.0,1.0,3.333333333333333,3.5,4.619999999999996,4.91,1,0,0
Mohamed Salah,MID,Liverpool,18.3,0,3,59,1,31.6,328,0.39,1.27,0.88,1.53,232,0,2,16.8,76.6,2025-02-01T15:00:00Z,87,3,0,0,0,0,24,0,8039715,1,2,0,60.0,16,54460,65802,11342,137,False,0,2024-25,24,13.7,0.0,0.0,0.0,0.0,0.0,0.0,0.0,0.0,,,,,MID,mohamed salah,2,90.0,90.0,4.333333333333333,7.2,1.0419999999999991,0.7319999999999999,0.31,0.4,0.0,90.0,1.0,8.946666666666667,9.589999999999998,8.209999999999996,8.53,1,1,0
Noni Madueke,MID,Chelsea,5.5,0,0,10,0,37.7,177,0.16,0.25,0.09,0.43,234,1,0,5.4,8.0,2025-02-03T20:00:00Z,60,19,0,0,0,0,24,0,515243,1,1,2,8.0,2,37996,52997,15001,61,True,0,2024-25,24,6.1,0.0,0.0,0.0,0.0,0.0,0.0,0.0,0.0,,,,,MID,noni madueke,2,84.33333333333333,66.6,6.0,4.2,0.6479999999999989,0.5,0.1479999999999999,0.0,0.0,77.24,0.9655,7.24,4.122684999999999,6.239999999999995,5.6,1,0,0
Trent Alexander-Arnold,DEF,Liverpool,11.5,0,0,25,1,21.9,311,0.03,0.18,0.15,0.94,232,0,0,5.8,12.6,2025-02-01T15:00:00Z,69,3,0,0,0,0,24,0,3827162,1,2,0,23.0,6,259185,320731,61546,74,False,0,2024-25,24,7.4,0.0,0.0,0.0,0.0,0.0,0.0,0.0,0.0,,,,,DEF,trent alexander-arnold,2,90.0,89.0,6.0,6.6,0.4139999999999991,0.074,0.34,0.4,0.0,89.6,1.0,7.760000000000002,5.18,6.669999999999995,5.81,1,0,0
Trent Alexander-Arnold,DEF,Liverpool,11.5,0,0,-2,0,0.8,311,0.01,0.01,0.0,0.18,144,1,0,1.0,9.6,2025-02-12T19:30:00Z,29,8,0,0,0,0,24,0,3827162,0,2,2,0.0,1,259185,320731,61546,74,False,0,2024-25,24,7.4,0.0,0.0,0.0,0.0,0.0,0.0,0.0,0.0,,,,,DEF,trent alexander-arnold,2,83.0,84.8,7.333333333333333,4.8,0.4239999999999991,0.1,0.3239999999999999,0.4,0.0,83.72,1.0,8.826666666666668,5.18,6.719999999999995,5.6,1,0,0
Yoane Wissa,FWD,Brentford,3.0,0,0,2,0,5.0,110,0.04,0.83,0.79,0.86,233,2,0,2.7,0.4,2025-02-02T14:00:00Z,90,18,0,0,0,0,24,0,1219413,1,2,0,22.0,2,26744,179975,153231,63,True,0,2024-25,24,6.3,0.0,0.0,0.0,0.0,0.0,0.0,0.0,0.0,,,,,FWD,yoane wissa,2,90.0,86.8,3.333333333333333,4.6,0.8539999999999989,0.7219999999999999,0.132,0.2,0.0,88.72,1.0,5.186666666666667,4.409999999999999,7.269999999999994,6.52,1,0,0
Alexander Isak,FWD,Newcastle,5.7,0,0,8,0,2.3,401,0.0,0.04,0.04,1.9,247,4,0,1.3,1.8,2025-02-15T15:00:00Z,89,13,0,0,0,0,25,0,6545625,1,0,4,9.0,2,-298525,99648,398173,95,False,0,2024-25,25,9.5,0.0,0.0,0.0,0.0,0.0,0.0,0.0,0.0,,,,,FWD,alexander isak,2,86.0,84.0,5.666666666666667,8.0,0.904,0.756,0.148,0.2,0.0,85.2,1.0,8.333333333333334,6.65,7.52,6.6,1,0,0
Alisson Ramses Becker,GK,Liverpool,8.4,0,0,2,0,0.0,310,0.0,0.0,0.0,0.73,282,2,0,0.8,7.6,2025-02-19T19:30:00Z,90,2,0,0,0,0,25,1,1085794,1,2,2,0.0,1,48927,75365,26438,55,False,0,2024-25,25,5.5,0.0,0.0,0.0,0.0,0.0,0.0,0.0,0.0,,,,,GK,alisson ramses becker,2,90.0,90.0,4.333333333333333,4.8,0.0,0.0,0.0,0.4,3.4,90.0,1.0,5.666666666666667,3.85,4.6,5.06,0,0,0
Amad Diallo,MID,Man Utd,1.7,0,0,0,0,0.0,364,0.0,0.0,0.0,0.0,249,0,0,0.0,0.0,2025-02-16T16:30:00Z,0,18,0,0,0,0,25,0,2264139,0,0,1,0.0,0,-398305,62804,461109,56,False,0,2024-25,25,5.6,0.0,0.0,0.0,0.0,0.0,0.0,0.0,0.0,,,,,MID,amad diallo,2,90.0,90.0,2.333333333333333,7.2,0.6219999999999999,0.354,0.268,0.2,0.0,90.0,1.0,4.1066666666666665,3.92,6.109999999999999,5.68,0,0,0
Bryan Mbeumo,MID,Brentford,4.0,0,0,19,1,38.3,99,0.25,0.67,0.42,0.82,250,0,0,7.5,14.8,2025-02-15T15:00:00Z,90,19,0,0,0,0,25,0,3951274,1,1,0,22.0,3,22002,209926,187924,79,False,0,2024-25,25,7.9,0.0,0.0,0.0,0.0,0.0,0.0,0.0,0.0,,,,,MID,bryan mbeumo,2,90.0,90.0,3.6666666666666665,6.4,0.9079999999999998,0.6359999999999999,0.2720000000000002,0.2,0.0,90.0,1.0,6.093333333333334,5.53,7.539999999999999,7.62,1,1,0
Daniel Muñoz,DEF,Crystal Palace,5.3,0,0,8,0,15.3,211,0.03,0.09,0.06,0.96,243,2,0,5.3,18.8,2025-02-15T17:30:00Z,90,8,0,0,0,0,25,0,849965,1,2,1,19.0,1,117686,130764,13078,48,True,0,2024-25,25,4.8,0.0,0.0,0.0,0.0,0.0,0.0,0.0,0.0,,,,,DEF,daniel muñoz,2,90.0,90.0,7.0,5.8,0.2839999999999997,0.024,0.2600000000000001,0.6,0.0,90.0,1.0,7.52,3.36,6.819999999999999,5.79,1,0,0
Jack Moorhouse,MID,Man Utd,1.2,0,0,0,0,0.0,778,0.0,0.0,0.0,0.0,249,0,0,0.0,0.0,2025-02-16T16:30:00Z,0,18,0,0,0,0,25,0,0,0,0,1,0.0,0,0,0,0,45,False,0,2024-25,25,4.5,0.0,0.0,0.0,0.0,0.0,0.0,0.0,0.0,,,,,MID,jack moorhouse,2,84.0,86.25,5.5,6.5,0.6624999999999991,0.5574999999999996,0.1050000000000001,0.75,0.0,84.9,1.0,6.2,3.15,6.312499999999996,6.44,1,0,0
Jean-Philippe Mateta,FWD,Crystal Palace,7.3,0,1,33,0,32.0,207,0.5,1.24,0.74,0.96,243,2,1,10.8,43.8,2025-02-15T17:30:00Z,90,8,0,0,0,0,25,0,853679,1,2,1,32.0,7,237409,267384,29975,73,True,0,2024-25,25,7.3,0.0,0.0,0.0,0.0,0.0,0.0,0.0,0.0,,,,,FWD,jean-philippe mateta,2,89.66666666666667,87.4,9.333333333333334,8.8,1.0159999999999991,0.8819999999999997,0.1340000000000001,0.6,0.0,88.76,1.0,10.386666666666668,5.109999999999999,8.079999999999997,7.45,1,0,1
Joško Gvardiol,DEF,Man City,4.7,0,0,27,1,15.5,350,0.03,0.03,0.0,0.48,247,0,0,2.7,7.0,2025-02-15T15:00:00Z,86,15,0,0,0,0,25,0,2078852,1,0,4,4.0,6,-45458,56494,101952,59,True,0,2024-25,25,5.9,0.0,0.0,0.0,0.0,0.0,0.0,0.0,0.0,,,,,DEF,joško gvardiol,2,90.0,90.0,4.666666666666667,3.4,0.3299999999999993,0.2939999999999997,0.0360000000000001,0.2,0.0,90.0,1.0,6.093333333333334,4.13,5.449999999999997,5.45,1,0,0
Justin Kluivert,MID,Bournemouth,7.7,1,0,22,0,51.9,71,0.08,0.1,0.02,0.46,248,1,0,8.1,26.0,2025-02-15T15:00:00Z,76,17,0,0,0,0,25,0,2814361,1,3,1,3.0,5,973070,1016859,43789,59,False,0,2024-25,25,5.9,0.0,0.0,0.0,0.0,0.0,0.0,0.0,0.0,,,,,MID,justin kluivert,2,89.0,80.8,12.333333333333334,9.6,0.6499999999999991,0.5119999999999998,0.138,0.4,0.0,85.72,1.0,12.226666666666668,4.13,6.249999999999996,6.12,1,0,0
Marc Cucurella Saseta,DEF,Chelsea,1.8,0,0,6,0,18.1,163,0.06,0.06,0.0,1.42,242,3,0,4.2,20.0,2025-02-14T20:00:00Z,90,5,0,0,0,0,25,0,689424,1,0,3,4.0,1,-18168,17074,35242,51,False,0,2024-25,25,5.1,0.0,0.0,0.0,0.0,0.0,0.0,0.0,0.0,,,,,DEF,marc cucurella saseta,2,90.0,90.0,4.0,3.0,0.2879999999999991,0.2239999999999999,0.064,0.0,0.0,90.0,1.0,5.24,3.5699999999999994,4.439999999999996,4.59,0,0,0
Matz Sels,GK,Nott'm Forest,4.5,0,0,17,0,0.0,443,0.0,0.0,0.0,2.18,244,2,0,5.7,57.4,2025-02-15T15:00:00Z,90,9,0,0,0,0,25,8,2015280,1,1,2,0.0,3,32120,84830,52710,50,False,0,2024-25,25,5.0,0.0,0.0,0.0,0.0,0.0,0.0,0.0,0.0,,,,,GK,matz sels,2,90.0,90.0,3.333333333333333,4.4,0.0039999999999991,0.0,0.004,0.4,4.4,90.0,1.0,4.666666666666667,3.5,4.619999999999996,5.18,1,0,0
Mohamed Salah,MID,Liverpool,24.8,1,2,35,0,26.9,328,0.08,0.51,0.43,0.73,282,2,1,11.5,52.8,2025-02-19T19:30:00Z,90,2,0,0,0,0,25,0,8119622,1,2,2,35.0,12,55251,71057,15806,137,False,0,2024-25,25,13.7,0.0,0.0,0.0,0.0,0.0,0.0,0.0,0.0,,,,,MID,mohamed salah,2,89.0,89.4,12.333333333333334,9.6,0.705999999999999,0.4859999999999999,0.22,0.4,0.0,89.16,1.0,14.0,9.589999999999998,6.529999999999995,6.67,1,0,0
Trent Alexander-Arnold,DEF,Liverpool,12.0,0,0,17,1,3.3,311,0.06,0.17,0.11,1.25,246,0,0,1.6,7.6,2025-02-16T14:00:00Z,63,20,0,0,0,0,25,0,3698433,1,1,2,5.0,6,-92758,84741,177499,74,True,0,2024-25,25,7.4,0.0,0.0,0.0,0.0,0.0,0.0,0.0,0.0,,,,,DEF,trent alexander-arnold,2,62.66666666666666,73.6,4.0,5.0,0.3939999999999991,0.088,0.306,0.4,0.0,67.03999999999999,0.8379999999999999,6.16,4.340839999999999,6.569999999999995,5.12,0,0,0
Tyrick Mitchell,DEF,Crystal Palace,2.7,0,0,-6,0,1.5,210,0.01,0.01,0.0,0.69,243,1,0,0.0,0.0,2025-02-15T17:30:00Z,59,8,0,0,0,0,25,0,211821,1,2,1,0.0,1,-14,5952,5966,48,True,0,2024-25,25,4.8,0.0,0.0,0.0,0.0,0.0,0.0,0.0,0.0,,,,,DEF,tyrick mitchell,2,89.0,87.0,4.333333333333333,4.2,0.121999999999999,0.058,0.064,0.6,0.0,88.2,1.0,5.386666666666667,3.36,6.0099999999999945,5.22,1,0,0
Yoane Wissa,FWD,Brentford,2.0,0,0,5,1,6.1,110,0.03,0.4,0.37,0.82,250,0,0,4.1,3.8,2025-02-15T15:00:00Z,90,19,0,0,0,0,25,0,1324031,1,1,0,31.0,2,92022,204811,112789,63,False,0,2024-25,25,6.3,0.0,0.0,0.0,0.0,0.0,0.0,0.0,0.0,,,,,FWD,yoane wissa,2,90.0,90.0,2.0,4.6,0.9899999999999988,0.852,0.138,0.2,0.0,90.0,1.0,4.12,4.409999999999999,7.949999999999994,7.37,1,0,0
Bruno Borges Fernandes,MID,Man Utd,4.0,0,3,45,0,52.2,366,0.31,0.43,0.12,1.91,254,2,1,13.1,61.0,2025-02-22T12:30:00Z,90,8,0,0,0,0,26,0,925378,1,2,2,18.0,10,-19306,27735,47041,83,False,0,2024-25,26,8.3,0.0,0.0,0.0,0.0,0.0,0.0,0.0,0.0,,,,,MID,bruno borges fernandes,2,90.0,90.0,2.0,3.6,0.5279999999999997,0.3259999999999999,0.2020000000000002,0.2,0.0,90.0,1.0,4.92,5.8100000000000005,5.639999999999999,5.22,0,0,0
Bryan Mbeumo,MID,Brentford,6.5,1,3,44,1,35.6,99,0.71,0.9,0.19,0.51,257,0,1,15.9,61.2,2025-02-21T20:00:00Z,90,11,0,0,0,0,26,0,4240132,1,4,0,62.0,14,262097,323852,61755,79,False,0,2024-25,26,7.9,0.0,0.0,0.0,0.0,0.0,0.0,0.0,0.0,,,,,MID,bryan mbeumo,2,90.0,90.0,4.0,3.2,0.6899999999999998,0.4639999999999999,0.2260000000000002,0.2,0.0,90.0,1.0,6.36,5.53,6.449999999999999,6.25,1,0,0
Chris Wood,FWD,Nott'm Forest,8.2,1,0,22,0,32.1,447,0.68,0.7,0.02,3.05,259,4,0,6.6,24.6,2025-02-23T14:00:00Z,90,15,0,0,0,0,26,0,5099736,1,3,4,9.0,5,110025,207524,97499,71,False,0,2024-25,26,7.1,0.0,0.0,0.0,0.0,0.0,0.0,0.0,0.0,,,,,FWD,chris wood,2,87.0,86.4,9.333333333333334,9.8,0.6499999999999997,0.6380000000000001,0.0120000000000002,0.2,0.0,86.75999999999999,1.0,10.306666666666668,4.97,6.249999999999998,5.73,1,0,0
Dango Ouattara,MID,Bournemouth,8.5,0,0,13,0,26.1,74,0.11,0.18,0.07,1.94,253,1,0,7.5,21.0,2025-02-22T15:00:00Z,88,20,0,0,0,0,26,0,637380,1,1,0,28.0,2,345153,354307,9154,51,True,0,2024-25,26,5.1,0.0,0.0,0.0,0.0,0.0,0.0,0.0,0.0,,,,,MID,dango ouattara,2,89.0,89.4,10.0,7.2,0.5059999999999997,0.4119999999999999,0.0940000000000001,0.2,0.0,89.16,1.0,10.04,3.5699999999999994,5.529999999999999,5.24,1,0,0
Daniel Muñoz,DEF,Crystal Palace,7.2,0,2,31,1,4.5,211,0.01,0.12,0.11,0.21,255,0,1,7.1,41.2,2025-02-22T15:00:00Z,90,9,0,0,0,0,26,0,881321,1,2,0,25.0,13,35830,55946,20116,48,False,1,2024-25,26,4.8,0.0,0.0,0.0,0.0,0.0,0.0,0.0,0.0,,,,,DEF,daniel muñoz,2,90.0,90.0,5.333333333333333,5.6,0.2539999999999996,0.036,0.2180000000000001,0.6,0.0,90.0,1.0,6.1866666666666665,3.36,6.669999999999998,5.71,1,0,0
David Raya Martin,GK,Arsenal,5.7,0,0,13,0,0.3,15,0.0,0.0,0.0,1.07,251,1,0,1.7,16.6,2025-02-22T15:00:00Z,90,19,0,0,0,0,26,1,3007491,1,1,0,0.0,2,74917,95205,20288,55,True,0,2024-25,26,5.5,0.0,0.0,0.0,0.0,0.0,0.0,0.0,0.0,,,,,GK,david raya martin,2,90.0,90.0,6.333333333333333,4.4,0.0,0.0,0.0,0.4,2.4,90.0,1.0,7.266666666666667,3.85,4.6,4.73,1,0,0
James Tarkowski,DEF,Everton,5.4,0,0,1,0,0.2,236,0.0,0.0,0.0,0.41,254,2,0,0.9,6.8,2025-02-22T12:30:00Z,90,14,0,0,0,0,26,0,359778,1,2,2,2.0,1,64282,73393,9111,48,True,0,2024-25,26,4.8,0.0,0.0,0.0,0.0,0.0,0.0,0.0,0.0,,,,,DEF,james tarkowski,2,90.0,90.0,6.333333333333333,5.4,0.1939999999999992,0.0639999999999997,0.13,0.4,0.0,90.0,1.0,6.986666666666666,3.36,5.569999999999997,4.54,0,0,0
Jean-Philippe Mateta,FWD,Crystal Palace,6.8,1,0,14,1,13.2,207,0.04,0.43,0.39,0.21,255,0,0,6.2,23.4,2025-02-22T15:00:00Z,90,9,0,0,0,0,26,0,1047819,1,2,0,25.0,5,200764,238416,37652,73,False,0,2024-25,26,7.3,0.0,0.0,0.0,0.0,0.0,0.0,0.0,0.0,,,,,FWD,jean-philippe mateta,2,90.0,87.4,7.333333333333333,8.6,1.1759999999999993,0.9419999999999998,0.2340000000000001,0.6,0.0,88.96000000000001,1.0,8.786666666666667,5.109999999999999,8.879999999999995,8.22,1,1,0
Jordan Pickford,GK,Everton,3.8,0,0,3,0,0.0,235,0.01,0.01,0.0,0.41,254,2,0,1.0,10.0,2025-02-22T12:30:00Z,90,14,0,0,0,0,26,1,2070501,1,2,2,0.0,1,42097,66727,24630,51,True,0,2024-25,26,5.1,0.0,0.0,0.0,0.0,0.0,0.0,0.0,0.0,,,,,GK,jordan pickford,2,90.0,90.0,4.333333333333333,4.0,0.0059999999999993,0.0,0.0060000000000001,0.4,2.4,90.0,1.0,5.506666666666667,3.5699999999999994,4.629999999999997,4.55,0,0,0
Joško Gvardiol,DEF,Man City,3.3,0,0,8,0,25.1,350,0.05,0.05,0.0,0.71,258,2,0,5.3,17.6,2025-02-23T16:30:00Z,90,12,0,0,0,0,26,0,2095408,1,2,0,10.0,1,7424,55252,47828,59,True,0,2024-25,26,5.9,0.0,0.0,0.0,0.0,0.0,0.0,0.0,0.0,,,,,DEF,joško gvardiol,2,88.66666666666667,89.2,4.666666666666667,4.2,0.3319999999999993,0.2939999999999997,0.0380000000000001,0.4,0.0,88.88,1.0,6.093333333333334,4.13,6.259999999999996,5.93,1,0,0
Justin Kluivert,MID,Bournemouth,6.0,0,0,3,0,15.9,71,0.06,0.37,0.31,1.91,253,1,0,4.2,7.2,2025-02-22T15:00:00Z,72,20,0,0,0,0,26,0,3332438,1,1,0,19.0,2,533154,562913,29759,60,True,0,2024-25,26,6.0,0.0,0.0,0.0,0.0,0.0,0.0,0.0,0.0,,,,,MID,justin kluivert,2,84.33333333333333,82.2,6.666666666666667,10.0,0.5859999999999992,0.4439999999999998,0.142,0.2,0.0,83.47999999999999,1.0,7.733333333333334,4.199999999999999,5.929999999999996,5.5,1,0,0
Marc Cucurella Saseta,DEF,Chelsea,1.7,0,0,9,0,1.7,163,0.01,0.01,0.0,2.33,252,2,0,2.4,20.6,2025-02-22T17:30:00Z,90,2,0,0,0,0,26,0,676397,1,1,2,2.0,1,-15578,14129,29707,51,False,0,2024-25,26,5.1,0.0,0.0,0.0,0.0,0.0,0.0,0.0,0.0,,,,,DEF,marc cucurella saseta,2,90.0,90.0,1.3333333333333333,2.8,0.293999999999999,0.2239999999999999,0.07,0.0,0.0,90.0,1.0,3.1066666666666665,3.5699999999999994,4.469999999999995,4.61,0,0,0
Marc Guéhi,DEF,Crystal Palace,4.0,0,0,21,1,1.2,200,0.01,0.01,0.0,0.21,255,0,0,2.0,18.8,2025-02-22T15:00:00Z,90,9,0,0,0,0,26,0,984044,1,2,0,0.0,5,28476,44370,15894,46,False,1,2024-25,26,4.6,0.0,0.0,0.0,0.0,0.0,0.0,0.0,0.0,,,,,DEF,marc guéhi,2,90.0,90.0,3.6666666666666665,6.8,0.1819999999999991,0.0499999999999999,0.132,0.6,0.0,90.0,1.0,4.773333333333333,3.22,6.309999999999995,5.45,1,0,0
Mohamed Salah,MID,Liverpool,12.3,1,3,51,1,37.7,328,0.37,0.58,0.21,0.63,258,0,1,14.6,66.2,2025-02-23T16:30:00Z,90,13,0,0,0,0,26,0,8151598,1,2,0,42.0,14,22230,37444,15214,137,False,0,2024-25,26,13.7,0.0,0.0,0.0,0.0,0.0,0.0,0.0,0.0,,,,,MID,mohamed salah,2,90.0,89.4,11.0,11.4,0.6859999999999989,0.5359999999999998,0.15,0.2,0.0,89.76,1.0,14.0,9.589999999999998,6.429999999999994,6.94,1,0,1
Yoane Wissa,FWD,Brentford,3.5,0,2,37,1,1.8,110,0.02,0.59,0.58,0.51,257,0,1,7.5,34.8,2025-02-21T20:00:00Z,90,11,0,0,0,0,26,0,1511296,1,4,0,38.0,8,179326,267169,87843,63,False,0,2024-25,26,6.3,0.0,0.0,0.0,0.0,0.0,0.0,0.0,0.0,,,,,FWD,yoane wissa,2,90.0,90.0,2.0,2.8,0.771999999999999,0.65,0.122,0.2,0.0,90.0,1.0,4.12,4.409999999999999,6.859999999999995,6.13,1,0,0
Alexander Isak,FWD,Newcastle,4.5,0,0,0,0,0.0,401,0.0,0.0,0.0,0.0,269,0,0,0.0,0.0,2025-02-26T20:15:00Z,0,12,0,0,0,0,27,0,6537075,0,0,2,0.0,0,-27244,107924,135168,95,False,0,2024-25,27,9.5,0.0,0.0,0.0,0.0,0.0,0.0,0.0,0.0,,,,,FWD,alexander isak,2,88.33333333333333,86.6,5.666666666666667,6.4,0.6279999999999999,0.522,0.106,0.0,0.0,87.63999999999999,1.0,8.333333333333334,6.65,6.14,5.41,1,0,0
Alisson Ramses Becker,GK,Liverpool,4.3,0,0,23,1,0.0,310,0.0,0.0,0.0,0.23,269,0,0,1.0,9.6,2025-02-26T20:15:00Z,90,15,0,0,0,0,27,1,1069350,1,0,2,0.0,6,19027,37110,18083,55,True,0,2024-25,27,5.5,0.0,0.0,0.0,0.0,0.0,0.0,0.0,0.0,,,,,GK,alisson ramses becker,2,90.0,90.0,4.0,4.4,0.0,0.0,0.0,0.4,2.8,90.0,1.0,5.4,3.85,4.6,4.86,1,0,0
Anthony Elanga,MID,Nott'm Forest,2.3,0,0,9,1,8.5,432,0.03,0.03,0.0,0.8,264,0,0,1.5,6.2,2025-02-26T19:30:00Z,61,1,0,0,0,0,27,0,675286,1,0,0,0.0,3,-45319,28974,74293,53,True,0,2024-25,27,5.3,0.0,0.0,0.0,0.0,0.0,0.0,0.0,0.0,,,,,MID,anthony elanga,2,90.0,86.6,5.666666666666667,4.2,0.5759999999999996,0.2780000000000001,0.2980000000000001,0.2,0.0,88.64,1.0,6.653333333333334,3.71,5.879999999999998,5.16,0,0,0
Bryan Mbeumo,MID,Brentford,7.3,1,0,9,0,5.3,99,0.04,0.34,0.31,1.37,261,1,0,2.1,0.0,2025-02-26T19:30:00Z,90,8,0,0,0,0,27,0,4567774,1,1,1,16.0,5,322190,352393,30203,80,True,0,2024-25,27,8.0,0.0,0.0,0.0,0.0,0.0,0.0,0.0,0.0,,,,,MID,bryan mbeumo,2,90.0,90.0,6.333333333333333,5.6,0.7359999999999998,0.4399999999999999,0.2960000000000002,0.4,0.0,90.0,1.0,8.266666666666666,5.6,6.679999999999999,6.49,1,0,0
Chris Wood,FWD,Nott'm Forest,5.3,0,0,2,1,0.8,447,0.0,0.16,0.16,0.93,264,0,0,4.0,14.6,2025-02-26T19:30:00Z,84,1,0,0,0,0,27,0,5019221,1,0,0,25.0,2,-82443,84881,167324,72,True,0,2024-25,27,7.2,0.0,0.0,0.0,0.0,0.0,0.0,0.0,0.0,,,,,FWD,chris wood,2,87.0,86.6,10.333333333333334,9.0,0.7579999999999997,0.6100000000000001,0.1480000000000002,0.2,0.0,86.84,1.0,11.146666666666668,5.04,6.789999999999998,5.86,1,0,0
Dango Ouattara,MID,Bournemouth,4.2,0,0,4,0,34.2,74,0.06,0.6,0.54,2.42,262,2,0,9.6,1.8,2025-02-25T19:30:00Z,76,5,0,0,0,0,27,0,635321,1,1,2,60.0,2,1065,57675,56610,52,False,0,2024-25,27,5.2,0.0,0.0,0.0,0.0,0.0,0.0,0.0,0.0,,,,,MID,dango ouattara,2,88.33333333333333,89.0,3.6666666666666665,7.2,0.5259999999999997,0.426,0.1000000000000001,0.2,0.0,88.6,1.0,5.013333333333334,3.64,5.629999999999999,5.34,0,0,0
Daniel Muñoz,DEF,Crystal Palace,6.0,1,0,6,0,15.0,211,0.05,0.08,0.03,0.38,263,1,0,3.8,21.6,2025-02-25T19:30:00Z,90,2,0,0,0,0,27,0,1185562,1,1,4,1.0,4,294506,304093,9587,49,True,1,2024-25,27,4.9,0.0,0.0,0.0,0.0,0.0,0.0,0.0,0.0,,,,,DEF,daniel muñoz,2,90.0,90.0,8.333333333333334,7.0,0.2659999999999997,0.058,0.2080000000000001,0.6,0.0,90.0,1.0,8.626666666666669,3.43,6.729999999999999,5.84,1,0,0
Jean-Philippe Mateta,FWD,Crystal Palace,6.7,0,2,42,0,26.3,207,0.03,0.44,0.41,0.38,263,1,1,9.8,46.2,2025-02-25T19:30:00Z,90,2,0,0,0,0,27,0,1123004,1,1,4,25.0,8,72785,113599,40814,74,True,0,2024-25,27,7.4,0.0,0.0,0.0,0.0,0.0,0.0,0.0,0.0,,,,,FWD,jean-philippe mateta,2,90.0,89.8,8.333333333333334,8.0,1.0379999999999991,0.7999999999999996,0.2380000000000001,0.6,0.0,89.92,1.0,9.626666666666669,5.18,8.189999999999996,7.48,1,1,0
Joško Gvardiol,DEF,Man City,5.2,0,1,26,1,14.1,350,0.02,0.02,0.0,1.33,265,0,0,3.3,18.8,2025-02-26T19:30:00Z,90,18,0,0,0,0,27,0,2078884,1,1,0,0.0,7,-20398,38611,59009,59,False,0,2024-25,27,5.9,0.0,0.0,0.0,0.0,0.0,0.0,0.0,0.0,,,,,DEF,joško gvardiol,2,88.66666666666667,89.2,2.333333333333333,4.2,0.2899999999999993,0.2539999999999997,0.0360000000000001,0.4,0.0,88.88,1.0,4.226666666666668,4.13,6.049999999999997,5.62,1,0,0
Marc Cucurella Saseta,DEF,Chelsea,5.8,0,3,49,1,10.9,163,0.06,0.43,0.37,0.72,268,0,1,8.8,56.0,2025-02-25T20:15:00Z,90,17,0,0,0,0,27,0,805833,1,0,4,21.0,15,120093,136860,16767,51,True,0,2024-25,27,5.1,0.0,0.0,0.0,0.0,0.0,0.0,0.0,0.0,,,,,DEF,marc cucurella saseta,2,90.0,90.0,1.3333333333333333,2.8,0.265999999999999,0.1959999999999999,0.07,0.0,0.0,90.0,1.0,3.1066666666666665,3.5699999999999994,4.329999999999996,4.39,0,0,0
Mark Flekken,GK,Brentford,6.7,0,0,20,0,0.0,91,0.01,0.01,0.0,1.37,261,1,0,3.0,29.8,2025-02-26T19:30:00Z,90,8,0,0,0,0,27,3,1120732,1,1,1,0.0,3,72042,80526,8484,44,True,0,2024-25,27,4.4,0.0,0.0,0.0,0.0,0.0,0.0,0.0,0.0,,,,,GK,mark flekken,2,60.0,72.0,5.666666666666667,4.6,0.0019999999999992,0.0,0.002,0.4,3.2,64.8,0.8099999999999999,6.293333333333335,2.4948,4.609999999999996,4.56,0,0,0
Maxence Lacroix,DEF,Crystal Palace,4.0,0,0,4,0,0.0,650,0.0,0.02,0.02,0.38,263,1,0,2.1,17.2,2025-02-25T19:30:00Z,90,2,0,0,0,0,27,0,99756,1,1,4,4.0,2,10785,13407,2622,45,True,0,2024-25,27,4.5,0.0,0.0,0.0,0.0,0.0,0.0,0.0,0.0,,,,,DEF,maxence lacroix,2,88.33333333333333,89.0,6.666666666666667,5.4,0.2359999999999991,0.2159999999999999,0.02,0.6,0.0,88.6,1.0,7.133333333333334,3.15,6.5799999999999965,6.25,1,0,0
Mohamed Salah,MID,Liverpool,11.1,1,0,22,1,46.2,328,0.32,0.47,0.15,0.23,269,0,0,12.0,30.2,2025-02-26T20:15:00Z,90,15,0,0,0,0,27,0,8202575,1,0,2,44.0,6,37494,45426,7932,137,True,0,2024-25,27,13.7,0.0,0.0,0.0,0.0,0.0,0.0,0.0,0.0,,,,,MID,mohamed salah,2,90.0,89.4,11.333333333333334,12.6,0.731999999999999,0.5319999999999998,0.2,0.4,0.0,89.76,1.0,14.0,9.589999999999998,6.659999999999995,7.01,1,0,1
Trent Alexander-Arnold,DEF,Liverpool,5.7,0,0,26,1,2.8,311,0.02,0.02,0.0,0.23,269,0,0,2.1,18.6,2025-02-26T20:15:00Z,76,15,0,0,0,0,27,0,3775208,1,0,2,0.0,6,64493,105799,41306,74,True,0,2024-25,27,7.4,0.0,0.0,0.0,0.0,0.0,0.0,0.0,0.0,,,,,DEF,trent alexander-arnold,2,72.66666666666667,63.2,6.333333333333333,5.2,0.115999999999999,0.07,0.046,0.6,0.0,68.88,0.861,8.026666666666667,4.45998,5.979999999999995,5.48,1,0,0
Yankuba Minteh,MID,Brighton,7.2,0,0,20,0,15.5,135,0.16,0.22,0.06,1.46,262,1,0,7.1,30.2,2025-02-25T19:30:00Z,90,3,0,0,0,0,27,0,168354,1,1,2,25.0,2,43156,51909,8753,50,True,0,2024-25,27,5.0,0.0,0.0,0.0,0.0,0.0,0.0,0.0,0.0,,,,,MID,yankuba minteh,2,89.33333333333333,70.4,7.666666666666667,7.0,0.635999999999999,0.3279999999999999,0.308,0.4,0.0,81.75999999999999,1.0,8.133333333333333,3.5,6.179999999999995,5.45,1,0,0
Bryan Mbeumo,MID,Brentford,6.0,0,0,15,0,13.8,99,0.08,0.13,0.05,1.33,271,1,0,4.1,13.0,2025-03-08T17:30:00Z,90,2,0,0,0,0,28,0,4683642,1,1,0,14.0,2,113425,181469,68044,81,True,0,2024-25,28,8.1,0.0,0.0,0.0,0.0,0.0,0.0,0.0,0.0,,,,,MID,bryan mbeumo,2,90.0,90.0,7.333333333333333,6.2,0.7319999999999998,0.4539999999999999,0.2800000000000002,0.4,0.0,90.0,1.0,9.106666666666667,5.669999999999999,6.659999999999998,6.51,1,0,1
Cole Palmer,MID,Chelsea,2.5,0,0,9,1,24.7,182,0.17,1.22,1.05,0.06,273,0,0,7.4,12.4,2025-03-09T14:00:00Z,72,11,0,1,0,0,28,0,6715374,1,0,1,37.0,1,-223771,56774,280545,110,True,0,2024-25,28,11.0,0.0,0.0,0.0,0.0,0.0,0.0,0.0,0.0,,,,,MID,cole palmer,2,90.0,89.8,2.333333333333333,3.0,0.6719999999999995,0.45,0.2220000000000001,0.2,0.0,89.92,1.0,6.266666666666668,7.699999999999999,6.359999999999998,6.14,1,0,0
Dango Ouattara,MID,Bournemouth,3.5,0,0,3,0,0.4,74,0.0,0.05,0.05,0.83,278,1,0,1.6,4.6,2025-03-09T14:00:00Z,19,18,0,0,0,0,28,0,576460,0,2,2,11.0,1,-58810,14875,73685,52,False,0,2024-25,28,5.2,0.0,0.0,0.0,0.0,0.0,0.0,0.0,0.0,,,,,MID,dango ouattara,2,83.66666666666667,86.2,3.6666666666666665,6.8,0.5519999999999998,0.462,0.0900000000000001,0.2,0.0,84.68,1.0,5.013333333333334,3.64,5.759999999999999,5.38,1,0,0
David Raya Martin,GK,Arsenal,5.0,0,0,15,0,0.1,15,0.0,0.0,0.0,1.52,276,1,0,4.0,39.8,2025-03-09T16:30:00Z,90,14,0,0,0,0,28,5,2964537,1,1,1,0.0,3,-9751,34295,44046,55,False,0,2024-25,28,5.5,0.0,0.0,0.0,0.0,0.0,0.0,0.0,0.0,,,,,GK,david raya martin,2,90.0,90.0,5.0,5.4,0.0,0.0,0.0,0.6,2.4,90.0,1.0,6.2,3.85,5.4,5.75,1,0,0
Enzo Fernández,MID,Chelsea,4.7,1,0,26,1,84.3,168,0.15,0.38,0.23,0.1,273,0,0,17.6,43.0,2025-03-09T14:00:00Z,90,11,0,0,0,0,28,0,466453,1,0,1,49.0,6,2294,27680,25386,47,True,0,2024-25,28,4.7,0.0,0.0,0.0,0.0,0.0,0.0,0.0,0.0,,,,,MID,enzo fernández,2,89.66666666666667,89.8,3.6666666666666665,3.4,0.5759999999999997,0.3739999999999998,0.2020000000000001,0.2,0.0,89.72,1.0,4.8133333333333335,3.29,5.879999999999999,5.45,1,0,0
Gabriel dos Santos Magalhães,DEF,Arsenal,4.7,0,0,13,0,14.0,3,0.03,0.03,0.0,1.52,276,1,0,3.4,20.0,2025-03-09T16:30:00Z,90,14,0,0,0,0,28,0,3359159,1,1,1,0.0,2,37674,91887,54213,63,False,0,2024-25,28,6.3,0.0,0.0,0.0,0.0,0.0,0.0,0.0,0.0,,,,,DEF,gabriel dos santos magalhães,2,90.0,90.0,5.0,4.8,0.0839999999999994,0.0499999999999996,0.0340000000000002,0.6,0.0,90.0,1.0,6.52,4.409999999999999,5.819999999999997,5.3,1,0,0
Ismaïla Sarr,MID,Crystal Palace,7.8,0,3,37,1,30.3,585,0.46,1.81,1.35,1.48,274,0,1,12.0,53.6,2025-03-08T15:00:00Z,90,10,0,0,0,0,28,0,367068,1,0,1,36.0,11,181140,188658,7518,55,True,0,2024-25,28,5.5,0.0,0.0,0.0,0.0,0.0,0.0,0.0,0.0,,,,,MID,ismaïla sarr,2,83.0,82.0,6.666666666666667,5.0,0.6419999999999992,0.5019999999999997,0.14,0.4,0.0,82.6,1.0,7.533333333333334,3.85,6.209999999999996,5.92,1,0,0
Jean-Philippe Mateta,FWD,Crystal Palace,0.0,0,0,0,0,0.0,207,0.0,0.0,0.0,0.0,274,0,0,0.0,0.0,2025-03-08T15:00:00Z,0,10,0,0,0,0,28,0,858375,0,0,1,0.0,0,-259017,206866,465883,75,True,0,2024-25,28,7.5,0.0,0.0,0.0,0.0,0.0,0.0,0.0,0.0,,,,,FWD,jean-philippe mateta,2,90.0,90.0,6.666666666666667,7.0,0.8779999999999992,0.6959999999999997,0.1820000000000001,0.4,0.0,90.0,1.0,8.333333333333334,5.25,7.389999999999996,6.65,1,1,0
Joško Gvardiol,DEF,Man City,4.0,0,0,16,0,25.9,350,0.18,0.18,0.0,0.73,277,1,0,5.2,24.4,2025-03-08T12:30:00Z,90,16,0,0,0,0,28,0,2173272,1,0,1,2.0,2,86096,119305,33209,59,False,0,2024-25,28,5.9,0.0,0.0,0.0,0.0,0.0,0.0,0.0,0.0,,,,,DEF,joško gvardiol,2,88.66666666666667,89.2,4.666666666666667,4.4,0.2819999999999993,0.2539999999999997,0.0280000000000001,0.4,0.0,88.88,1.0,6.093333333333334,4.13,6.009999999999996,5.62,1,0,0
Matz Sels,GK,Nott'm Forest,4.2,0,1,27,1,10.0,443,0.01,0.01,0.0,0.86,277,0,0,2.7,16.8,2025-03-08T12:30:00Z,90,13,0,0,0,0,28,3,1956726,1,0,1,0.0,8,-1006,48304,49310,50,True,0,2024-25,28,5.0,0.0,0.0,0.0,0.0,0.0,0.0,0.0,0.0,,,,,GK,matz sels,2,90.0,90.0,3.0,3.6,0.0,0.0,0.0,0.4,4.2,90.0,1.0,4.4,3.5,4.6,5.11,0,0,0
Maxence Lacroix,DEF,Crystal Palace,4.5,0,0,22,1,0.3,650,0.0,0.0,0.0,1.48,274,0,0,2.1,19.0,2025-03-08T15:00:00Z,90,10,0,0,0,0,28,0,116947,1,0,1,2.0,6,15546,20609,5063,45,True,0,2024-25,28,4.5,0.0,0.0,0.0,0.0,0.0,0.0,0.0,0.0,,,,,DEF,maxence lacroix,2,88.33333333333333,89.0,4.0,4.4,0.217999999999999,0.1979999999999999,0.02,0.4,0.0,88.6,1.0,5.0,3.15,5.689999999999996,5.09,0,0,0
Norberto Bercique Gomes Betuncal,FWD,Everton,5.2,0,0,2,0,10.3,218,0.0,0.71,0.71,0.77,280,1,0,7.2,10.0,2025-03-08T20:00:00Z,90,20,0,0,0,0,28,0,883374,1,1,1,52.0,2,284639,314109,29470,51,False,0,2024-25,28,5.1,0.0,0.0,0.0,0.0,0.0,0.0,0.0,0.0,,,,,FWD,norberto bercique gomes betuncal,2,90.0,89.4,5.333333333333333,7.4,0.5999999999999989,0.568,0.0319999999999999,0.2,0.0,89.76,1.0,6.306666666666667,3.5699999999999994,5.999999999999995,5.27,0,0,0
Trent Alexander-Arnold,DEF,Liverpool,6.2,0,0,18,0,35.4,311,0.1,0.34,0.24,0.36,275,1,0,11.0,27.0,2025-03-08T15:00:00Z,88,17,0,0,0,0,28,0,3936813,1,1,3,48.0,2,148655,181075,32420,75,True,0,2024-25,28,7.5,0.0,0.0,0.0,0.0,0.0,0.0,0.0,0.0,,,,,DEF,trent alexander-arnold,2,77.0,64.6,6.333333333333333,5.2,0.083999999999999,0.04,0.044,0.6,0.0,72.03999999999999,0.9004999999999999,8.066666666666666,4.727624999999999,5.819999999999995,5.56,1,0,0
William Saliba,DEF,Arsenal,5.0,0,0,14,0,4.2,18,0.02,0.02,0.0,1.52,276,1,0,3.0,21.6,2025-03-09T16:30:00Z,90,14,0,0,0,0,28,0,2522306,1,1,1,4.0,2,12219,40819,28600,62,False,0,2024-25,28,6.2,0.0,0.0,0.0,0.0,0.0,0.0,0.0,0.0,,,,,DEF,william saliba,2,88.33333333333333,89.0,5.333333333333333,5.4,0.047999999999999,0.038,0.01,0.6,0.0,88.6,1.0,6.746666666666667,4.34,5.639999999999995,5.24,0,0,0
Yoane Wissa,FWD,Brentford,5.2,0,0,9,0,32.8,110,0.09,0.39,0.3,1.33,271,1,0,7.5,8.6,2025-03-08T17:30:00Z,90,2,0,0,0,0,28,0,1869790,1,1,0,34.0,2,295509,361735,66226,65,True,0,2024-25,28,6.5,0.0,0.0,0.0,0.0,0.0,0.0,0.0,0.0,,,,,FWD,yoane wissa,2,90.0,90.0,6.333333333333333,4.6,0.6719999999999989,0.5799999999999998,0.094,0.4,0.0,90.0,1.0,7.666666666666666,4.55,6.359999999999994,5.61,1,0,0
Bryan Mbeumo,MID,Brentford,3.8,1,1,23,0,29.8,99,0.32,0.44,0.12,1.67,283,1,0,7.5,22.8,2025-03-15T17:30:00Z,90,3,0,0,0,0,29,0,4983450,1,2,1,22.0,6,86480,153718,67238,81,False,0,2024-25,29,8.1,0.0,0.0,0.0,0.0,0.0,0.0,0.0,0.0,,,,,MID,bryan mbeumo,2,90.0,90.0,7.0,5.2,0.5259999999999998,0.2379999999999999,0.2900000000000002,0.4,0.0,90.0,1.0,8.84,5.669999999999999,5.629999999999999,5.09,1,0,0
Cole Palmer,MID,Chelsea,1.5,0,0,0,0,0.0,182,0.0,0.0,0.0,0.0,281,0,0,0.0,0.0,2025-03-16T13:30:00Z,0,1,0,0,0,0,29,0,5768728,0,0,1,0.0,0,-526492,39449,565941,109,False,0,2024-25,29,10.9,0.0,0.0,0.0,0.0,0.0,0.0,0.0,0.0,,,,,MID,cole palmer,2,84.0,86.2,2.0,2.8,0.8739999999999994,0.6459999999999999,0.2280000000000001,0.4,0.0,84.88,1.0,5.960000000000001,7.63,7.369999999999997,7.3,1,1,0
David Raya Martin,GK,Arsenal,4.2,0,0,25,1,0.0,15,0.0,0.0,0.0,0.36,281,0,0,2.4,23.8,2025-03-16T13:30:00Z,90,6,0,0,0,0,29,2,2923570,1,0,1,0.0,6,-1796,35905,37701,55,True,0,2024-25,29,5.5,0.0,0.0,0.0,0.0,0.0,0.0,0.0,0.0,,,,,GK,david raya martin,2,90.0,90.0,3.6666666666666665,4.2,0.0,0.0,0.0,0.4,2.6,90.0,1.0,5.133333333333334,3.85,4.6,4.79,0,0,0
Enzo Fernández,MID,Chelsea,4.5,0,0,7,0,24.0,168,0.02,0.07,0.05,0.71,281,1,0,3.1,4.6,2025-03-16T13:30:00Z,90,1,0,0,0,0,29,0,443986,1,0,1,2.0,2,-1039,21526,22565,47,False,0,2024-25,29,4.7,0.0,0.0,0.0,0.0,0.0,0.0,0.0,0.0,,,,,MID,enzo fernández,2,89.66666666666667,89.8,5.333333333333333,4.2,0.6419999999999997,0.4119999999999998,0.2300000000000001,0.4,0.0,89.72,1.0,6.1466666666666665,3.29,6.209999999999998,6.01,1,0,0
Gabriel dos Santos Magalhães,DEF,Arsenal,4.0,0,0,25,1,0.9,3,0.01,0.01,0.0,0.36,281,0,0,1.8,17.2,2025-03-16T13:30:00Z,90,6,0,0,0,0,29,0,3570779,1,0,1,0.0,5,85019,127378,42359,64,True,1,2024-25,29,6.4,0.0,0.0,0.0,0.0,0.0,0.0,0.0,0.0,,,,,DEF,gabriel dos santos magalhães,2,90.0,90.0,3.6666666666666665,3.8,0.0759999999999994,0.0379999999999996,0.0380000000000002,0.4,0.0,90.0,1.0,5.493333333333334,4.48,4.979999999999997,4.32,0,0,0
Jan Paul van Hecke,DEF,Brighton,4.0,0,0,4,0,0.3,144,0.0,0.01,0.01,1.72,288,2,0,1.9,14.8,2025-03-15T15:00:00Z,90,13,0,0,0,0,29,0,150793,1,2,2,4.0,1,21208,28672,7464,45,False,0,2024-25,29,4.5,0.0,0.0,0.0,0.0,0.0,0.0,0.0,0.0,,,,,DEF,jan paul van hecke,2,90.0,90.0,5.666666666666667,4.4,0.1159999999999992,0.0919999999999997,0.0240000000000001,0.4,0.0,90.0,1.0,6.333333333333334,3.15,5.179999999999996,4.31,0,0,0
João Pedro Junqueira de Jesus,FWD,Brighton,7.0,0,0,0,0,19.1,129,0.13,0.4,0.27,1.72,288,2,0,3.7,1.0,2025-03-15T15:00:00Z,90,13,0,0,0,0,29,0,1712394,1,2,2,17.0,1,177232,234978,57746,56,False,1,2024-25,29,5.6,0.0,0.0,0.0,0.0,0.0,0.0,0.0,0.0,,,,,FWD,joão pedro junqueira de jesus,2,83.66666666666667,62.6,9.666666666666666,6.2,0.6699999999999994,0.5719999999999997,0.098,0.2,0.0,75.24000000000001,0.9405,9.973333333333333,3.68676,6.349999999999997,4.97,1,0,0
Marc Cucurella Saseta,DEF,Chelsea,8.2,0,0,9,0,9.2,163,0.02,0.14,0.12,0.71,281,1,0,6.6,16.6,2025-03-16T13:30:00Z,90,1,0,0,0,0,29,0,1098744,1,0,1,40.0,2,95983,130580,34597,52,False,0,2024-25,29,5.2,0.0,0.0,0.0,0.0,0.0,0.0,0.0,0.0,,,,,DEF,marc cucurella saseta,2,90.0,90.0,10.333333333333334,6.8,0.1539999999999991,0.1019999999999999,0.052,0.4,0.0,90.0,1.0,10.346666666666668,3.64,5.369999999999996,4.5,1,0,0
Marshall Munetsi,MID,Wolves,5.3,0,0,8,1,13.4,770,0.01,0.01,0.0,0.63,290,0,0,1.8,4.8,2025-03-15T15:00:00Z,68,17,0,0,0,0,29,0,37669,1,2,1,0.0,3,17962,19334,1372,50,False,0,2024-25,29,5.0,0.0,0.0,0.0,0.0,0.0,0.0,0.0,0.0,,,,,MID,marshall munetsi,2,75.0,67.5,5.333333333333333,4.25,0.484999999999999,0.4824999999999999,0.0050000000000001,0.25,0.0,72.0,0.9,6.266666666666667,3.15,5.424999999999995,4.78,0,0,0
Matz Sels,GK,Nott'm Forest,4.3,0,0,2,0,0.0,443,0.0,0.0,0.0,0.42,286,2,0,0.7,7.0,2025-03-15T15:00:00Z,90,10,0,0,0,0,29,1,2348712,1,4,2,0.0,1,173993,194658,20665,51,False,0,2024-25,29,5.1,0.0,0.0,0.0,0.0,0.0,0.0,0.0,0.0,,,,,GK,matz sels,2,90.0,90.0,4.666666666666667,5.0,0.0019999999999991,0.0,0.002,0.6,3.8,90.0,1.0,5.773333333333333,3.5699999999999994,5.409999999999996,6.04,1,0,1
Mohammed Kudus,MID,West Ham,3.2,0,0,6,0,18.7,525,0.05,0.05,0.0,0.91,284,1,0,3.6,9.4,2025-03-15T15:00:00Z,90,8,0,0,0,0,29,0,294100,1,1,1,8.0,2,9284,13605,4321,62,False,0,2024-25,29,6.2,0.0,0.0,0.0,0.0,0.0,0.0,0.0,0.0,,,,,MID,mohammed kudus,2,84.0,86.4,3.6666666666666665,3.0,0.4259999999999989,0.3819999999999999,0.044,0.4,0.0,84.96000000000001,1.0,5.413333333333334,4.34,5.129999999999995,4.9,1,0,0
Neco Williams,DEF,Nott'm Forest,4.5,0,0,6,0,4.3,437,0.02,0.09,0.07,0.42,286,2,0,2.4,11.6,2025-03-15T15:00:00Z,90,10,0,0,0,0,29,0,363386,1,4,2,8.0,1,93264,98642,5378,44,False,0,2024-25,29,4.4,0.0,0.0,0.0,0.0,0.0,0.0,0.0,0.0,,,,,DEF,neco williams,2,90.0,90.0,5.0,5.6,0.1579999999999989,0.1219999999999999,0.0359999999999999,0.6,0.0,90.0,1.0,5.76,3.08,6.189999999999994,5.61,1,0,0
Nikola Milenković,DEF,Nott'm Forest,7.3,1,1,33,0,10.2,573,0.0,0.14,0.14,0.42,286,2,1,10.6,78.8,2025-03-15T15:00:00Z,90,10,0,0,0,0,29,0,1142667,1,4,2,17.0,11,166271,182614,16343,49,False,0,2024-25,29,4.9,0.0,0.0,0.0,0.0,0.0,0.0,0.0,0.0,,,,,DEF,nikola milenković,2,90.0,90.0,5.333333333333333,4.6,0.0999999999999989,0.0739999999999999,0.0259999999999999,0.6,0.0,90.0,1.0,6.226666666666667,3.43,5.899999999999995,5.2,1,0,0
Norberto Bercique Gomes Betuncal,FWD,Everton,2.0,0,0,-1,0,2.0,218,0.01,0.12,0.11,0.83,284,1,0,2.0,0.0,2025-03-15T15:00:00Z,79,19,0,0,0,0,29,0,988686,1,1,1,21.0,2,62324,109268,46944,51,True,0,2024-25,29,5.1,0.0,0.0,0.0,0.0,0.0,0.0,0.0,0.0,,,,,FWD,norberto bercique gomes betuncal,2,90.0,90.0,3.333333333333333,5.2,0.6139999999999988,0.584,0.0299999999999999,0.0,0.0,90.0,1.0,4.706666666666667,3.5699999999999994,6.069999999999994,5.36,1,0,0
Yoane Wissa,FWD,Brentford,5.8,0,2,33,0,13.6,110,0.08,0.25,0.17,1.67,283,1,1,8.9,38.0,2025-03-15T17:30:00Z,90,3,0,0,0,0,29,0,2030516,1,2,1,37.0,8,130029,211540,81511,65,False,0,2024-25,29,6.5,0.0,0.0,0.0,0.0,0.0,0.0,0.0,0.0,,,,,FWD,yoane wissa,2,90.0,90.0,6.333333333333333,4.6,0.6459999999999989,0.6079999999999999,0.04,0.4,0.0,90.0,1.0,7.666666666666666,4.55,6.229999999999995,5.63,1,0,0
André Onana,GK,Man Utd,3.5,0,0,14,0,0.0,383,0.0,0.0,0.0,2.09,13,2,0,2.5,25.4,2024-08-24T11:30:00Z,90,5,0,0,0,0,2,2,610690,1,1,2,0.0,1,7251,39700,32449,50,False,0,2024-25,2,5.0,0.0,,,,,,,,,,,,GK,andré onana,2,90.0,90.0,5.0,4.0,0.0,0.0,0.0,0.4,4.0,90.0,1.0,6.0,3.5,4.6,5.04,0,0,0
Ben Brereton Díaz,MID,Southampton,1.0,0,0,12,0,30.4,584,0.06,0.06,0.0,2.45,18,1,0,4.1,7.0,2024-08-24T14:00:00Z,90,16,0,0,0,0,2,0,72863,1,1,0,4.0,2,984,8960,7976,55,True,0,2024-25,2,5.5,0.0,,,,,,,,,,,,MID,ben brereton díaz,2,80.0,85.0,1.5,3.25,0.4974999999999997,0.4700000000000001,0.0275000000000002,0.0,0.0,82.0,1.0,3.4000000000000004,3.85,5.487499999999999,5.18,0,0,0
Brennan Johnson,MID,Spurs,2.5,0,0,3,1,2.4,491,0.03,0.21,0.18,1.0,19,0,0,1.7,0.6,2024-08-24T14:00:00Z,90,8,0,0,0,0,2,0,65871,1,0,4,14.0,3,-3718,5485,9203,65,True,0,2024-25,2,6.5,0.0,,,,,,,,,,,,MID,brennan johnson,2,85.66666666666667,87.4,3.333333333333333,4.0,0.5999999999999996,0.4119999999999999,0.1880000000000002,0.2,0.0,86.36,1.0,5.266666666666668,4.55,5.999999999999998,5.6,1,0,0
Chris Wood,FWD,Nott'm Forest,5.5,0,0,5,1,16.9,447,0.09,0.33,0.24,0.14,18,0,0,6.3,6.2,2024-08-24T14:00:00Z,74,17,0,0,0,0,2,0,801636,1,1,0,40.0,1,239192,275401,36209,61,False,1,2024-25,2,6.1,0.0,,,,,,,,,,,,FWD,chris wood,2,79.66666666666667,83.6,8.0,5.6,0.8159999999999996,0.8020000000000002,0.0140000000000002,0.2,0.0,81.24000000000001,1.0,8.84,4.27,7.079999999999998,6.23,1,0,0
David Raya Martin,GK,Arsenal,10.0,0,3,27,1,0.0,15,0.0,0.0,0.0,1.28,11,0,0,2.8,28.2,2024-08-24T16:30:00Z,90,2,0,0,0,0,2,3,2377063,1,2,0,0.0,10,-16603,71675,88278,55,False,0,2024-25,2,5.5,0.0,,,,,,,,,,,,GK,david raya martin,2,90.0,90.0,5.0,4.4,0.0,0.0,0.0,0.6,1.6,90.0,1.0,6.2,3.85,5.4,5.48,1,0,0
Eberechi Eze,MID,Crystal Palace,2.0,0,0,14,0,56.2,199,0.17,0.62,0.45,1.39,14,2,0,10.9,16.8,2024-08-24T14:00:00Z,90,19,0,0,0,0,2,0,3069358,1,2,0,36.0,2,-86986,117964,204950,70,True,0,2024-25,2,7.0,0.0,,,,,,,,,,,,MID,eberechi eze,2,88.0,69.6,9.333333333333334,6.2,0.5159999999999997,0.3339999999999999,0.1820000000000001,0.4,0.0,80.64,1.0,10.266666666666667,4.9,5.579999999999998,4.97,0,0,0
Erling Haaland,FWD,Man City,13.5,0,3,80,0,3.3,351,0.04,1.83,1.79,0.29,17,1,3,18.4,97.2,2024-08-24T14:00:00Z,89,10,0,0,0,0,2,0,5207729,1,1,4,83.0,17,222715,275319,52604,150,True,0,2024-25,2,15.0,0.0,,,,,,,,,,,,FWD,erling haaland,2,90.0,86.6,7.333333333333333,9.0,1.1239999999999997,1.0979999999999996,0.0260000000000001,0.6,0.0,88.64,1.0,11.866666666666667,10.5,8.619999999999997,9.43,1,1,0
Gabriel dos Santos Magalhães,DEF,Arsenal,7.0,0,1,25,1,1.9,3,0.02,0.02,0.0,1.28,11,0,0,2.3,21.4,2024-08-24T16:30:00Z,90,2,0,0,0,0,2,0,1248259,1,2,0,0.0,6,-25184,36723,61907,60,False,1,2024-25,2,6.0,0.0,,,,,,,,,,,,DEF,gabriel dos santos magalhães,2,79.33333333333333,83.6,4.666666666666667,4.4,0.1219999999999994,0.1039999999999996,0.0180000000000002,0.6,0.0,81.03999999999999,1.0,6.133333333333335,4.199999999999999,6.009999999999998,5.41,1,0,0
James Maddison,MID,Spurs,5.5,1,0,25,1,41.8,494,0.38,0.79,0.41,1.0,19,0,0,11.1,38.6,2024-08-24T14:00:00Z,78,8,0,0,0,0,2,0,495594,1,0,4,31.0,6,36050,69307,33257,75,True,0,2024-25,2,7.5,0.0,,,,,,,,,,,,MID,james maddison,2,85.0,74.2,4.333333333333333,3.6,0.7079999999999993,0.3519999999999997,0.356,0.2,0.0,80.68,1.0,6.466666666666667,5.25,6.5399999999999965,5.64,1,0,0
Joško Gvardiol,DEF,Man City,6.0,0,0,14,0,7.8,350,0.04,0.04,0.0,0.29,17,1,0,2.5,15.4,2024-08-24T14:00:00Z,90,10,0,0,0,0,2,0,3282799,1,1,4,2.0,2,191073,260981,69908,60,True,0,2024-25,2,6.0,0.0,,,,,,,,,,,,DEF,joško gvardiol,2,90.0,90.0,5.0,8.4,0.3259999999999993,0.2719999999999997,0.0540000000000001,0.6,0.0,90.0,1.0,6.4,4.199999999999999,7.029999999999996,6.86,1,0,1
Leif Davis,DEF,Ipswich,-1.0,0,0,-9,0,0.4,267,0.1,0.1,0.0,3.34,17,4,0,1.0,5.4,2024-08-24T14:00:00Z,90,13,0,0,0,0,2,0,157771,1,1,4,4.0,0,-5466,6110,11576,45,False,0,2024-25,2,4.5,0.0,,,,,,,,,,,,DEF,leif davis,2,90.0,90.0,2.0,4.75,0.3599999999999989,0.1599999999999998,0.2025,0.75,0.0,90.0,1.0,3.4000000000000004,3.15,7.799999999999994,6.61,1,0,0
Manuel Akanji,DEF,Man City,5.5,0,0,13,0,28.8,340,0.16,0.16,0.0,0.29,17,1,0,5.4,23.4,2024-08-24T14:00:00Z,90,10,0,0,0,0,2,0,538683,1,1,4,2.0,2,77372,100054,22682,55,True,0,2024-25,2,5.5,0.0,,,,,,,,,,,,DEF,manuel akanji,2,83.33333333333333,86.0,4.666666666666667,4.4,0.2319999999999991,0.1639999999999998,0.068,0.6,0.0,84.39999999999999,1.0,5.933333333333334,3.85,6.559999999999995,5.98,1,0,0
Nicolas Jackson,FWD,Chelsea,6.0,1,1,39,0,24.0,180,0.01,0.18,0.17,1.8,20,2,1,11.5,52.2,2024-08-25T13:00:00Z,67,20,0,0,0,0,2,0,241660,1,6,2,39.0,10,53649,79561,25912,75,False,0,2024-25,2,7.5,0.0,,,,,,,,,,,,FWD,nicolas jackson,2,81.33333333333333,84.8,2.0,5.4,0.8359999999999989,0.7739999999999999,0.0619999999999999,0.4,0.0,82.72,1.0,4.6,5.25,7.179999999999994,6.32,1,0,0
Sean Longstaff,MID,Newcastle,3.0,0,0,17,0,12.7,410,0.01,0.01,0.0,1.81,12,1,0,1.9,3.8,2024-08-25T13:00:00Z,69,3,0,0,0,0,2,0,105177,1,1,1,2.0,2,-3389,5548,8937,50,False,0,2024-25,2,5.0,0.0,,,,,,,,,,,,MID,sean longstaff,2,85.33333333333333,79.8,2.333333333333333,4.8,0.487999999999999,0.424,0.0639999999999999,0.4,0.0,83.12,1.0,3.866666666666667,3.5,5.439999999999995,5.16,0,0,0
Trent Alexander-Arnold,DEF,Liverpool,7.5,0,0,29,1,46.0,311,0.53,0.63,0.1,0.36,16,0,0,7.8,20.4,2024-08-25T15:30:00Z,71,4,0,0,0,0,2,0,2966829,1,0,2,12.0,6,76654,143724,67070,70,True,0,2024-25,2,7.0,0.0,,,,,,,,,,,,DEF,trent alexander-arnold,2,78.66666666666667,80.6,5.0,3.2,0.5159999999999991,0.15,0.366,0.4,0.0,79.44,0.993,6.800000000000001,4.8657,7.179999999999996,5.88,1,0,0
Alphonse Areola,GK,West Ham,2.7,0,0,10,0,0.0,513,0.0,0.0,0.0,1.18,295,1,0,1.7,17.0,2025-04-01T18:45:00Z,90,20,0,0,0,0,30,1,649376,1,0,1,0.0,2,150821,198775,47954,42,False,0,2024-25,30,4.2,0.0,0.0,0.0,0.0,0.0,0.0,0.0,0.0,,,,,GK,alphonse areola,2,90.0,90.0,4.0,4.2,0.0,0.0,0.0,0.4,3.0,90.0,1.0,4.880000000000001,2.94,4.6,4.49,0,0,0
Carlos Baleba,MID,Brighton,1.3,0,0,4,0,0.4,115,0.0,0.01,0.01,0.44,293,2,0,0.4,2.2,2025-04-02T18:45:00Z,18,2,0,0,0,0,30,0,17240,0,3,0,1.0,1,-92,587,679,50,True,0,2024-25,30,5.0,0.0,0.0,0.0,0.0,0.0,0.0,0.0,0.0,,,,,MID,carlos baleba,2,85.0,85.6,1.6666666666666667,2.2,0.4159999999999996,0.3279999999999999,0.0880000000000002,0.4,0.0,85.24000000000001,1.0,3.333333333333333,3.5,5.079999999999998,4.71,0,0,0
David Raya Martin,GK,Arsenal,4.2,0,0,11,0,0.1,15,0.0,0.0,0.0,0.99,291,1,0,2.1,21.2,2025-04-01T18:45:00Z,90,9,0,0,0,0,30,2,3312515,1,1,2,0.0,2,331238,388369,57131,55,True,0,2024-25,30,5.5,0.0,0.0,0.0,0.0,0.0,0.0,0.0,0.0,,,,,GK,david raya martin,2,90.0,90.0,5.0,4.8,0.0,0.0,0.0,0.6,2.4,90.0,1.0,6.2,3.85,5.4,5.75,1,0,0
Enzo Fernández,MID,Chelsea,6.8,0,3,36,1,10.8,168,0.03,0.61,0.58,0.79,296,0,1,9.1,37.6,2025-04-03T19:00:00Z,90,18,0,0,0,0,30,0,434926,1,0,1,43.0,11,-31936,25054,56990,47,True,0,2024-25,30,4.7,0.0,0.0,0.0,0.0,0.0,0.0,0.0,0.0,,,,,MID,enzo fernández,2,89.66666666666667,89.8,3.6666666666666665,3.8,0.5399999999999997,0.3099999999999998,0.2300000000000001,0.4,0.0,89.72,1.0,4.8133333333333335,3.29,5.699999999999998,5.31,1,0,0
Erling Haaland,FWD,Man City,0.0,0,0,0,0,0.0,351,0.0,0.0,0.0,0.0,298,0,0,0.0,0.0,2025-04-02T18:45:00Z,0,11,0,0,0,0,30,0,2936140,0,0,2,0.0,0,-527025,139430,666455,148,True,0,2024-25,30,14.8,0.0,0.0,0.0,0.0,0.0,0.0,0.0,0.0,,,,,FWD,erling haaland,2,90.0,71.2,5.666666666666667,4.4,0.6199999999999996,0.5299999999999998,0.0900000000000001,0.4,0.0,82.48,1.0,10.453333333333337,10.36,6.099999999999998,5.86,1,0,0
Gabriel dos Santos Magalhães,DEF,Arsenal,3.2,0,0,3,0,0.2,3,0.0,0.0,0.0,0.0,291,0,0,0.2,1.6,2025-04-01T18:45:00Z,15,9,0,0,0,0,30,0,3664431,1,1,2,0.0,1,207933,290080,82147,64,True,0,2024-25,30,6.4,0.0,0.0,0.0,0.0,0.0,0.0,0.0,0.0,,,,,DEF,gabriel dos santos magalhães,2,90.0,90.0,4.666666666666667,4.4,0.0639999999999994,0.0279999999999996,0.0360000000000002,0.6,0.0,90.0,1.0,6.293333333333335,4.48,5.719999999999997,5.34,1,0,0
Ismaïla Sarr,MID,Crystal Palace,7.0,0,0,11,0,24.6,585,0.08,0.08,0.0,0.67,300,1,0,5.2,13.4,2025-04-02T18:45:00Z,90,17,0,0,0,0,30,0,1059536,1,1,1,14.0,2,717548,760944,43396,57,False,0,2024-25,30,5.7,0.0,0.0,0.0,0.0,0.0,0.0,0.0,0.0,,,,,MID,ismaïla sarr,2,83.0,85.8,9.666666666666666,6.8,0.9739999999999992,0.7719999999999997,0.202,0.6,0.0,84.12,1.0,10.013333333333334,3.99,7.8699999999999966,8.15,1,0,1
João Pedro Junqueira de Jesus,FWD,Brighton,4.0,0,0,7,0,2.8,129,0.02,0.12,0.1,0.8,293,1,0,3.6,10.6,2025-04-02T18:45:00Z,71,2,0,0,0,0,30,0,1663491,1,3,0,23.0,2,-40888,134959,175847,56,True,0,2024-25,30,5.6,0.0,0.0,0.0,0.0,0.0,0.0,0.0,0.0,,,,,FWD,joão pedro junqueira de jesus,2,83.66666666666667,71.6,6.0,6.2,0.7039999999999994,0.6159999999999998,0.088,0.2,0.0,78.84,0.9855,7.040000000000001,3.86316,6.519999999999997,5.3,1,0,0
Maxence Lacroix,DEF,Crystal Palace,4.5,0,0,12,0,0.6,650,0.04,0.04,0.0,0.67,300,1,0,3.9,36.0,2025-04-02T18:45:00Z,90,17,0,0,0,0,30,0,123178,1,1,1,2.0,2,13529,20755,7226,45,False,0,2024-25,30,4.5,0.0,0.0,0.0,0.0,0.0,0.0,0.0,0.0,,,,,DEF,maxence lacroix,2,90.0,89.0,5.666666666666667,5.6,0.1759999999999991,0.1579999999999998,0.018,0.6,0.0,89.6,1.0,6.333333333333334,3.15,6.279999999999996,5.81,1,0,0
Mitoma Kaoru,MID,Brighton,1.7,0,0,15,0,16.3,136,0.04,0.29,0.25,1.25,293,3,0,7.4,17.4,2025-04-02T18:45:00Z,90,2,0,0,0,0,30,0,1058423,1,3,0,40.0,2,-85320,45076,130396,65,True,0,2024-25,30,6.5,0.0,0.0,0.0,0.0,0.0,0.0,0.0,0.0,,,,,MID,mitoma kaoru,2,85.66666666666667,85.0,1.6666666666666667,4.6,0.4859999999999991,0.4359999999999998,0.05,0.4,0.0,85.4,1.0,3.9333333333333336,4.55,5.429999999999996,5.3,1,0,0
Mohamed Salah,MID,Liverpool,10.0,0,0,1,1,9.3,328,0.1,0.17,0.07,0.67,297,0,0,6.4,7.6,2025-04-02T19:00:00Z,90,8,0,0,0,0,30,0,8158783,1,0,1,47.0,3,342277,356206,13929,137,True,0,2024-25,30,13.7,0.0,0.0,0.0,0.0,0.0,0.0,0.0,0.0,,,,,MID,mohamed salah,2,90.0,90.0,11.666666666666666,11.0,0.929999999999999,0.7239999999999999,0.206,0.4,0.0,90.0,1.0,14.0,9.589999999999998,7.649999999999995,8.33,1,1,0
Norberto Bercique Gomes Betuncal,FWD,Everton,0.7,0,0,-5,0,10.6,218,0.0,0.31,0.31,1.26,297,1,0,1.6,1.2,2025-04-02T19:00:00Z,78,12,0,0,0,0,30,0,631236,1,0,1,4.0,1,-307999,12149,320148,51,False,1,2024-25,30,5.1,0.0,0.0,0.0,0.0,0.0,0.0,0.0,0.0,,,,,FWD,norberto bercique gomes betuncal,2,86.33333333333333,87.8,2.0,4.0,0.5039999999999989,0.4759999999999998,0.0279999999999999,0.0,0.0,86.91999999999999,1.0,3.64,3.5699999999999994,5.519999999999994,4.63,0,0,0
Trent Alexander-Arnold,DEF,Liverpool,0.0,0,0,0,0,0.0,311,0.0,0.0,0.0,0.0,297,0,0,0.0,0.0,2025-04-02T19:00:00Z,0,8,0,0,0,0,30,0,2393162,0,0,1,0.0,0,-840376,5495,845871,73,True,0,2024-25,30,7.3,0.0,0.0,0.0,0.0,0.0,0.0,0.0,0.0,,,,,DEF,trent alexander-arnold,2,84.66666666666667,76.4,4.666666666666667,5.4,0.149999999999999,0.088,0.062,0.6,0.0,81.36000000000001,1.0,6.653333333333334,5.109999999999999,6.149999999999995,5.62,1,0,0
Tyrick Mitchell,DEF,Crystal Palace,4.0,0,0,2,0,12.8,210,0.01,0.01,0.0,0.66,300,1,0,2.2,9.6,2025-04-02T18:45:00Z,57,17,0,0,0,0,30,0,243713,1,1,1,0.0,1,20474,28525,8051,48,False,0,2024-25,30,4.8,0.0,0.0,0.0,0.0,0.0,0.0,0.0,0.0,,,,,DEF,tyrick mitchell,2,83.66666666666667,79.4,6.0,5.0,0.249999999999999,0.138,0.112,0.6,0.0,81.96000000000001,1.0,6.720000000000001,3.36,6.649999999999995,5.92,1,0,0
William Saliba,DEF,Arsenal,4.8,0,0,9,0,2.8,18,0.02,0.1,0.08,0.99,291,1,0,2.2,15.6,2025-04-01T18:45:00Z,90,9,0,0,0,0,30,0,2713621,1,1,2,4.0,2,135054,181718,46664,62,True,0,2024-25,30,6.2,0.0,0.0,0.0,0.0,0.0,0.0,0.0,0.0,,,,,DEF,william saliba,2,90.0,89.0,6.333333333333333,5.4,0.053999999999999,0.038,0.016,0.6,0.0,89.6,1.0,7.546666666666667,4.34,5.669999999999995,5.25,0,0,0
Bryan Mbeumo,MID,Brentford,5.2,0,0,13,1,25.9,99,0.5,0.63,0.13,1.23,302,0,0,5.8,4.8,2025-04-06T13:00:00Z,90,6,0,0,0,0,31,0,4198399,1,0,0,27.0,3,-194474,54997,249471,81,True,0,2024-25,31,8.1,0.0,0.0,0.0,0.0,0.0,0.0,0.0,0.0,,,,,MID,bryan mbeumo,2,90.0,90.0,5.333333333333333,7.0,0.5839999999999999,0.3079999999999999,0.2780000000000002,0.2,0.0,90.0,1.0,7.506666666666667,5.669999999999999,5.919999999999999,5.41,1,0,0
David Raya Martin,GK,Arsenal,3.8,0,0,7,0,0.0,15,0.0,0.0,0.0,1.09,304,1,0,1.3,13.2,2025-04-05T11:30:00Z,90,8,0,0,0,0,31,1,3510262,1,1,1,0.0,2,197158,236739,39581,55,False,0,2024-25,31,5.5,0.0,0.0,0.0,0.0,0.0,0.0,0.0,0.0,,,,,GK,david raya martin,2,90.0,90.0,3.6666666666666665,3.8,0.0,0.0,0.0,0.4,2.4,90.0,1.0,5.133333333333334,3.85,4.6,4.73,0,0,0
Enzo Fernández,MID,Chelsea,5.5,0,0,14,1,47.9,168,0.07,0.24,0.17,1.18,302,0,0,7.4,12.4,2025-04-06T13:00:00Z,90,4,0,0,0,0,31,0,442491,1,0,0,14.0,2,6556,31372,24816,47,False,1,2024-25,31,4.7,0.0,0.0,0.0,0.0,0.0,0.0,0.0,0.0,,,,,MID,enzo fernández,2,90.0,89.8,6.333333333333333,5.8,0.6379999999999997,0.4219999999999998,0.2160000000000001,0.6,0.0,89.92,1.0,6.946666666666666,3.29,6.189999999999999,6.22,1,0,0
Ibrahima Konaté,DEF,Liverpool,4.5,0,0,2,0,0.8,326,0.0,0.06,0.06,0.66,305,3,0,2.0,14.4,2025-04-06T13:00:00Z,66,9,0,0,0,0,31,0,879708,1,2,3,5.0,1,60425,85821,25396,53,False,0,2024-25,31,5.3,0.0,0.0,0.0,0.0,0.0,0.0,0.0,0.0,,,,,DEF,ibrahima konaté,2,90.0,90.0,4.666666666666667,4.2,0.1239999999999993,0.1059999999999996,0.0180000000000001,0.6,0.0,90.0,1.0,5.8533333333333335,3.71,6.019999999999996,5.44,1,0,0
Ismaïla Sarr,MID,Crystal Palace,2.0,0,0,6,0,2.5,585,0.01,0.01,0.0,1.0,303,1,0,1.8,11.8,2025-04-05T14:00:00Z,90,5,0,0,0,0,31,0,1254995,1,1,2,4.0,2,201295,266120,64825,57,True,0,2024-25,31,5.7,0.0,0.0,0.0,0.0,0.0,0.0,0.0,0.0,,,,,MID,ismaïla sarr,2,88.33333333333333,85.8,9.333333333333334,6.6,0.8599999999999992,0.6899999999999997,0.17,0.4,0.0,87.32,1.0,9.746666666666668,3.99,7.299999999999996,7.5,1,1,0
João Pedro Junqueira de Jesus,FWD,Brighton,1.3,0,0,2,0,14.8,129,0.03,0.03,0.0,0.17,303,0,0,1.8,1.6,2025-04-05T14:00:00Z,27,7,0,0,0,0,31,0,1626141,0,1,2,2.0,1,-37685,65755,103440,56,False,0,2024-25,31,5.6,0.0,0.0,0.0,0.0,0.0,0.0,0.0,0.0,,,,,FWD,joão pedro junqueira de jesus,2,83.66666666666667,82.4,4.0,6.4,0.6599999999999995,0.5699999999999997,0.0900000000000001,0.2,0.0,83.16,1.0,5.44,3.92,6.299999999999997,5.25,1,0,0
Marc Cucurella Saseta,DEF,Chelsea,3.2,0,0,2,0,10.3,163,0.0,0.0,0.0,0.66,302,0,0,1.2,1.2,2025-04-06T13:00:00Z,13,4,0,0,0,0,31,0,1198342,0,0,0,0.0,1,102179,132510,30331,53,False,0,2024-25,31,5.3,0.0,0.0,0.0,0.0,0.0,0.0,0.0,0.0,,,,,DEF,marc cucurella saseta,2,90.0,90.0,7.333333333333333,7.6,0.1539999999999991,0.1159999999999999,0.038,0.6,0.0,90.0,1.0,7.986666666666667,3.71,6.169999999999996,5.57,1,0,0
Matz Sels,GK,Nott'm Forest,4.5,0,0,13,0,0.0,443,0.0,0.0,0.0,3.03,301,2,0,4.7,47.2,2025-04-05T16:30:00Z,90,2,0,0,0,0,31,6,2133615,1,1,2,0.0,3,26697,88986,62289,51,False,0,2024-25,31,5.1,0.0,0.0,0.0,0.0,0.0,0.0,0.0,0.0,,,,,GK,matz sels,2,90.0,90.0,5.666666666666667,4.6,0.0019999999999991,0.0,0.002,0.6,2.2,90.0,1.0,6.573333333333334,3.5699999999999994,5.409999999999996,5.51,1,0,0
Mitoma Kaoru,MID,Brighton,1.7,0,0,8,0,17.1,136,0.01,0.04,0.03,0.44,303,2,0,2.6,2.6,2025-04-05T14:00:00Z,62,7,0,0,0,0,31,0,989025,1,1,2,6.0,2,-69984,20021,90005,65,False,0,2024-25,31,6.5,0.0,0.0,0.0,0.0,0.0,0.0,0.0,0.0,,,,,MID,mitoma kaoru,2,85.66666666666667,85.0,1.6666666666666667,3.0,0.4979999999999991,0.4439999999999998,0.054,0.2,0.0,85.4,1.0,3.9333333333333336,4.55,5.489999999999996,5.25,1,0,0
Mohamed Salah,MID,Liverpool,3.5,0,0,2,0,30.7,328,0.1,0.54,0.44,0.74,305,3,0,4.6,6.8,2025-04-06T13:00:00Z,90,9,0,0,0,0,31,0,8206662,1,2,3,8.0,2,49851,70383,20532,138,False,0,2024-25,31,13.8,0.0,0.0,0.0,0.0,0.0,0.0,0.0,0.0,,,,,MID,mohamed salah,2,90.0,90.0,8.0,10.0,0.7839999999999988,0.5639999999999998,0.22,0.6,0.0,90.0,1.0,11.920000000000002,9.66,6.919999999999995,7.46,1,0,1
Neco Williams,DEF,Nott'm Forest,3.8,1,0,14,0,51.6,437,0.32,0.63,0.31,3.03,301,2,0,9.2,29.4,2025-04-05T16:30:00Z,90,2,0,0,0,0,31,0,362046,1,1,2,11.0,4,18381,43355,24974,44,False,0,2024-25,31,4.4,0.0,0.0,0.0,0.0,0.0,0.0,0.0,0.0,,,,,DEF,neco williams,2,90.0,90.0,4.0,4.2,0.0979999999999989,0.0439999999999999,0.0539999999999999,0.6,0.0,90.0,1.0,4.960000000000001,3.08,5.889999999999994,5.08,0,0,0
Nikola Milenković,DEF,Nott'm Forest,6.5,0,0,8,0,0.2,573,0.01,0.01,0.0,3.03,301,2,0,1.6,15.8,2025-04-05T16:30:00Z,90,2,0,0,0,0,31,0,1624467,1,1,2,0.0,1,395102,437384,42282,50,False,0,2024-25,31,5.0,0.0,0.0,0.0,0.0,0.0,0.0,0.0,0.0,,,,,DEF,nikola milenković,2,90.0,90.0,7.666666666666667,6.6,0.1319999999999989,0.1059999999999999,0.0259999999999999,0.6,0.0,90.0,1.0,8.133333333333333,3.5,6.059999999999995,5.45,1,0,0
Norberto Bercique Gomes Betuncal,FWD,Everton,1.2,0,0,5,0,0.3,218,0.01,0.01,0.0,1.26,304,1,0,2.1,2.2,2025-04-05T11:30:00Z,64,1,0,0,0,0,31,0,537158,1,1,1,18.0,2,-96460,15525,111985,50,True,0,2024-25,31,5.0,0.0,0.0,0.0,0.0,0.0,0.0,0.0,0.0,,,,,FWD,norberto bercique gomes betuncal,2,82.33333333333333,85.4,1.6666666666666667,2.6,0.4539999999999988,0.434,0.0199999999999999,0.0,0.0,83.56,1.0,3.333333333333333,3.5,5.269999999999994,4.27,0,0,0
Virgil van Dijk,DEF,Liverpool,5.5,0,0,3,0,1.2,339,0.01,0.01,0.0,0.74,305,3,0,2.9,27.8,2025-04-06T13:00:00Z,90,9,0,0,0,0,31,0,2739118,1,2,3,0.0,1,202901,239854,36953,65,False,0,2024-25,31,6.5,0.0,0.0,0.0,0.0,0.0,0.0,0.0,0.0,,,,,DEF,virgil van dijk,2,90.0,90.0,5.666666666666667,4.8,0.021999999999999,0.0039999999999999,0.018,0.6,0.0,90.0,1.0,7.133333333333335,4.55,5.5099999999999945,5.39,1,0,0
Yoane Wissa,FWD,Brentford,4.5,0,0,3,1,34.2,110,0.39,0.75,0.36,1.23,302,0,0,7.3,11.2,2025-04-06T13:00:00Z,90,6,0,0,0,0,31,0,1654542,1,0,0,28.0,2,-88893,60482,149375,66,True,0,2024-25,31,6.6,0.0,0.0,0.0,0.0,0.0,0.0,0.0,0.0,,,,,FWD,yoane wissa,2,90.0,90.0,5.0,6.4,0.4979999999999989,0.4559999999999999,0.044,0.2,0.0,90.0,1.0,6.640000000000001,4.619999999999999,5.489999999999995,4.76,0,0,0
Alexander Isak,FWD,Newcastle,0.0,1,0,20,0,15.8,401,0.2,0.55,0.35,0.37,317,1,0,6.9,22.0,2025-04-13T15:30:00Z,77,14,0,0,0,0,32,0,7116302,1,1,4,31.0,5,288421,326479,38058,95,True,0,2024-25,32,9.5,0.0,0.0,0.0,0.0,0.0,0.0,0.0,0.0,,,,,FWD,alexander isak,2,71.33333333333333,60.0,4.0,5.0,0.4299999999999998,0.41,0.02,0.4,0.0,66.8,0.835,7.0,5.55275,5.149999999999999,4.08,0,0,0
Ederson Santana de Moraes,GK,Man City,0.0,1,0,12,0,13.0,347,0.14,0.14,0.0,1.68,316,2,0,3.4,21.0,2025-04-12T11:30:00Z,70,7,0,0,0,0,32,0,639795,1,2,5,0.0,4,20780,28626,7846,53,True,0,2024-25,32,5.3,0.0,0.0,0.0,0.0,0.0,0.0,0.0,0.0,,,,,GK,ederson santana de moraes,2,60.0,72.0,4.0,5.2,0.0,0.0,0.0,0.6,2.2,64.8,0.8099999999999999,5.32,3.005099999999999,5.4,5.5,0,0,0
Francisco Evanilson de Lima Barbosa,FWD,Bournemouth,0.0,0,0,2,1,2.9,617,0.01,0.54,0.53,1.07,312,0,0,2.8,4.8,2025-04-14T19:00:00Z,90,9,0,0,0,0,32,0,522176,1,0,1,20.0,2,66969,114598,47629,58,True,0,2024-25,32,5.8,0.0,0.0,0.0,0.0,0.0,0.0,0.0,0.0,,,,,FWD,francisco evanilson de lima barbosa,2,89.66666666666667,70.4,7.666666666666667,6.4,0.7779999999999996,0.7499999999999998,0.0280000000000002,0.0,0.0,81.96000000000001,1.0,8.453333333333333,4.06,6.889999999999998,5.96,1,0,0
Harvey Barnes,MID,Newcastle,0.0,1,1,36,1,4.4,392,0.02,0.23,0.21,2.0,289,0,1,6.3,34.8,2025-04-16T18:30:00Z,90,7,0,0,0,0,32,0,219271,1,0,5,24.0,12,76879,81903,5024,59,True,0,2024-25,32,5.9,0.0,0.0,0.0,0.0,0.0,0.0,0.0,0.0,,,,,MID,harvey barnes,2,90.0,74.0,9.333333333333334,7.0,0.7279999999999994,0.5379999999999997,0.1900000000000001,0.4,0.0,83.6,1.0,9.826666666666668,4.13,6.639999999999997,6.39,1,0,0
Ibrahima Konaté,DEF,Liverpool,0.0,0,0,12,0,11.8,326,0.02,0.02,0.0,1.5,315,1,0,2.9,16.8,2025-04-13T13:00:00Z,90,19,0,0,0,0,32,0,880749,1,1,2,0.0,2,1906,28236,26330,53,True,0,2024-25,32,5.3,0.0,0.0,0.0,0.0,0.0,0.0,0.0,0.0,,,,,DEF,ibrahima konaté,2,82.0,85.2,3.0,4.2,0.1239999999999993,0.1179999999999996,0.0060000000000001,0.6,0.0,83.28,1.0,4.5200000000000005,3.71,6.019999999999996,5.45,1,0,0
Ismaïla Sarr,MID,Crystal Palace,0.0,1,0,12,0,15.6,585,0.18,0.63,0.45,3.81,316,5,0,4.5,23.8,2025-04-12T11:30:00Z,90,13,0,0,0,0,32,0,1379498,1,2,5,6.0,5,112650,183656,71006,58,False,0,2024-25,32,5.8,0.0,0.0,0.0,0.0,0.0,0.0,0.0,0.0,,,,,MID,ismaïla sarr,2,90.0,85.8,5.0,6.6,0.7979999999999993,0.6419999999999997,0.156,0.4,0.0,88.32,1.0,6.32,4.06,6.989999999999997,7.18,1,1,0
Ismaïla Sarr,MID,Crystal Palace,0.0,0,0,7,0,11.4,585,0.01,0.04,0.03,1.32,289,5,0,2.1,1.6,2025-04-16T18:30:00Z,75,15,0,0,0,0,32,0,1379498,1,0,5,8.0,2,112650,183656,71006,58,False,0,2024-25,32,5.8,0.0,0.0,0.0,0.0,0.0,0.0,0.0,0.0,,,,,MID,ismaïla sarr,2,90.0,89.0,3.0,7.0,0.9199999999999992,0.7319999999999998,0.188,0.2,0.0,89.6,1.0,4.720000000000001,4.06,7.599999999999996,7.89,1,1,0
Jacob Murphy,MID,Newcastle,0.0,1,0,26,0,27.8,402,0.59,0.61,0.02,0.37,317,1,0,6.2,27.2,2025-04-13T15:30:00Z,77,14,0,0,0,0,32,0,2022370,1,1,4,7.0,5,934206,942802,8596,52,True,0,2024-25,32,5.2,0.0,0.0,0.0,0.0,0.0,0.0,0.0,0.0,,,,,MID,jacob murphy,2,75.33333333333333,77.0,8.0,6.4,0.7239999999999993,0.6159999999999997,0.108,0.4,0.0,76.0,0.95,8.48,3.458,6.6199999999999966,6.17,1,0,0
Joško Gvardiol,DEF,Man City,0.0,0,0,11,0,10.1,350,0.02,0.02,0.0,1.82,316,2,0,3.2,21.8,2025-04-12T11:30:00Z,90,7,0,0,0,0,32,0,3438954,1,2,5,0.0,1,218292,250359,32067,62,True,0,2024-25,32,6.2,0.0,0.0,0.0,0.0,0.0,0.0,0.0,0.0,,,,,DEF,joško gvardiol,2,90.0,90.0,5.333333333333333,5.0,0.1019999999999993,0.0099999999999997,0.0920000000000001,0.6,0.0,90.0,1.0,6.746666666666667,4.34,5.909999999999997,5.43,1,0,0
Marc Cucurella Saseta,DEF,Chelsea,0.0,0,0,6,0,25.1,163,0.19,0.22,0.03,1.07,314,2,0,4.9,11.0,2025-04-13T13:00:00Z,90,10,0,0,0,0,32,0,1276847,1,2,2,13.0,1,73374,103582,30208,54,True,0,2024-25,32,5.4,0.0,0.0,0.0,0.0,0.0,0.0,0.0,0.0,,,,,DEF,marc cucurella saseta,2,64.33333333333333,74.6,2.6666666666666665,7.6,0.1519999999999991,0.1159999999999999,0.036,0.6,0.0,68.44,0.8554999999999999,4.293333333333333,3.2337899999999995,6.159999999999995,5.31,0,0,0
Matz Sels,GK,Nott'm Forest,0.0,0,0,12,0,0.0,443,0.0,0.0,0.0,1.36,318,1,0,3.5,35.0,2025-04-12T14:00:00Z,90,8,0,0,0,0,32,4,2174991,1,1,0,0.0,3,37573,76067,38494,51,True,0,2024-25,32,5.1,0.0,0.0,0.0,0.0,0.0,0.0,0.0,0.0,,,,,GK,matz sels,2,90.0,90.0,4.0,5.2,0.0019999999999991,0.0,0.002,0.6,3.2,90.0,1.0,5.24,3.5699999999999994,5.409999999999996,5.84,1,0,0
Mohamed Salah,MID,Liverpool,0.0,1,0,20,1,37.1,328,0.28,0.37,0.09,1.38,315,0,0,7.3,19.6,2025-04-13T13:00:00Z,84,19,0,0,0,0,32,0,8205782,1,1,2,16.0,6,-3325,39339,42664,138,True,0,2024-25,32,13.8,0.0,0.0,0.0,0.0,0.0,0.0,0.0,0.0,,,,,MID,mohamed salah,2,90.0,90.0,6.666666666666667,8.0,0.7899999999999989,0.566,0.224,0.6,0.0,90.0,1.0,10.853333333333335,9.66,6.949999999999995,7.47,1,0,1
Neco Williams,DEF,Nott'm Forest,0.0,0,0,9,0,0.7,437,0.0,0.03,0.03,1.36,318,1,0,2.5,22.6,2025-04-12T14:00:00Z,90,8,0,0,0,0,32,0,397121,1,1,0,2.0,2,33765,44949,11184,45,True,0,2024-25,32,4.5,0.0,0.0,0.0,0.0,0.0,0.0,0.0,0.0,,,,,DEF,neco williams,2,90.0,90.0,3.333333333333333,5.0,0.1959999999999989,0.1059999999999999,0.0899999999999999,0.6,0.0,90.0,1.0,4.466666666666667,3.15,6.379999999999995,5.71,1,0,0
Virgil van Dijk,DEF,Liverpool,0.0,0,1,25,0,1.9,339,0.01,0.19,0.18,1.5,315,1,1,7.1,46.2,2025-04-13T13:00:00Z,90,19,0,0,0,0,32,0,2778431,1,1,2,23.0,9,40055,90122,50067,65,True,0,2024-25,32,6.5,0.0,0.0,0.0,0.0,0.0,0.0,0.0,0.0,,,,,DEF,virgil van dijk,2,90.0,90.0,3.6666666666666665,4.8,0.017999999999999,0.0,0.018,0.6,0.0,90.0,1.0,5.533333333333333,4.55,5.489999999999995,5.39,1,0,0
Yoane Wissa,FWD,Brentford,0.0,0,3,31,0,2.4,110,0.02,0.14,0.12,0.96,311,1,1,6.1,37.8,2025-04-12T16:30:00Z,90,1,0,0,0,0,32,0,1451383,1,1,1,21.0,9,-190147,19576,209723,65,False,0,2024-25,32,6.5,0.0,0.0,0.0,0.0,0.0,0.0,0.0,0.0,,,,,FWD,yoane wissa,2,90.0,90.0,5.0,5.2,0.5299999999999989,0.4119999999999999,0.118,0.2,0.0,90.0,1.0,6.6,4.55,5.649999999999995,4.74,0,0,0
Ezri Konsa Ngoyo,DEF,Aston Villa,5.8,0,0,8,0,0.1,44,0.01,0.01,0.0,1.0,321,1,0,0.7,6.4,2025-04-19T16:30:00Z,90,15,0,0,0,0,33,0,1032642,1,1,4,0.0,2,145287,157786,12499,44,True,0,2024-25,33,4.4,0.0,0.0,0.0,0.0,0.0,0.0,0.0,0.0,,,,,DEF,ezri konsa ngoyo,2,75.0,81.0,4.666666666666667,4.2,0.0659999999999996,0.0559999999999997,0.0100000000000001,0.6,0.0,77.4,0.9675,5.493333333333334,2.9799,5.729999999999999,4.92,1,0,0
Ezri Konsa Ngoyo,DEF,Aston Villa,5.8,0,0,6,0,0.3,44,0.0,0.07,0.07,1.33,336,2,0,1.2,6.8,2025-04-22T19:00:00Z,90,13,0,0,0,0,33,0,1032642,1,1,2,5.0,1,145287,157786,12499,44,False,0,2024-25,33,4.4,0.0,0.0,0.0,0.0,0.0,0.0,0.0,0.0,,,,,DEF,ezri konsa ngoyo,2,75.0,81.0,3.333333333333333,4.6,0.0559999999999996,0.0439999999999997,0.0120000000000001,0.6,0.0,77.4,0.9675,4.426666666666668,2.9799,5.679999999999998,4.85,1,0,0
Francisco Evanilson de Lima Barbosa,FWD,Bournemouth,6.2,0,0,9,1,12.8,617,0.03,0.23,0.2,0.37,323,0,0,5.8,12.2,2025-04-19T14:00:00Z,90,7,0,0,0,0,33,0,488612,1,0,0,33.0,2,-16921,48677,65598,58,False,0,2024-25,33,5.8,0.0,0.0,0.0,0.0,0.0,0.0,0.0,0.0,,,,,FWD,francisco evanilson de lima barbosa,2,89.66666666666667,85.8,7.666666666666667,6.6,0.8859999999999996,0.8559999999999997,0.0300000000000002,0.2,0.0,88.12,1.0,8.453333333333333,4.06,7.429999999999998,6.87,1,0,0
Harvey Barnes,MID,Newcastle,9.5,1,0,17,0,15.9,392,0.19,0.24,0.05,2.11,321,4,0,4.7,22.4,2025-04-19T16:30:00Z,75,2,0,0,0,0,33,0,292895,1,1,4,9.0,5,80118,101879,21761,59,False,0,2024-25,33,5.9,0.0,0.0,0.0,0.0,0.0,0.0,0.0,0.0,,,,,MID,harvey barnes,2,90.0,87.6,11.666666666666666,9.2,0.7739999999999994,0.5799999999999997,0.1940000000000001,0.6,0.0,89.03999999999999,1.0,11.693333333333335,4.13,6.8699999999999966,7.16,1,0,1
Ismaïla Sarr,MID,Crystal Palace,3.6,0,0,6,1,14.8,585,0.39,0.39,0.0,0.7,323,0,0,2.1,5.8,2025-04-19T14:00:00Z,90,3,0,0,0,0,33,0,1399330,1,0,0,0.0,2,18661,81208,62547,58,True,1,2024-25,33,5.8,0.0,0.0,0.0,0.0,0.0,0.0,0.0,0.0,,,,,MID,ismaïla sarr,2,85.0,87.0,3.0,4.4,0.5139999999999992,0.3659999999999996,0.148,0.2,0.0,85.80000000000001,1.0,4.720000000000001,4.06,5.569999999999997,5.12,0,0,0
Joško Gvardiol,DEF,Man City,10.2,0,0,7,0,3.8,350,0.02,0.16,0.14,1.76,336,1,0,3.6,19.6,2025-04-22T19:00:00Z,90,2,0,0,0,0,33,0,3958947,1,1,2,13.0,1,367747,396903,29156,62,True,1,2024-25,33,6.2,0.0,0.0,0.0,0.0,0.0,0.0,0.0,0.0,,,,,DEF,joško gvardiol,2,90.0,90.0,5.333333333333333,4.6,0.0699999999999993,0.0099999999999997,0.0600000000000001,0.6,0.0,90.0,1.0,6.746666666666667,4.34,5.7499999999999964,5.29,1,0,0
Jørgen Strand Larsen,FWD,Wolves,5.8,0,0,0,1,1.7,566,0.01,0.12,0.11,0.74,328,0,0,1.0,0.0,2025-04-20T13:00:00Z,73,14,0,0,0,0,33,0,475374,1,1,0,10.0,2,8153,55614,47461,54,False,0,2024-25,33,5.4,0.0,0.0,0.0,0.0,0.0,0.0,0.0,0.0,,,,,FWD,jørgen strand larsen,2,83.0,82.2,7.0,7.0,0.6399999999999992,0.5639999999999997,0.076,0.2,0.0,82.68,1.0,7.760000000000001,3.78,6.199999999999996,5.15,1,0,0
Luis Díaz,MID,Liverpool,8.3,0,0,16,1,51.0,327,0.37,0.5,0.13,0.22,327,0,0,7.7,13.6,2025-04-20T15:30:00Z,90,11,0,0,0,0,33,0,1908322,1,1,0,12.0,3,59351,124344,64993,75,False,0,2024-25,33,7.5,0.0,0.0,0.0,0.0,0.0,0.0,0.0,0.0,,,,,MID,luis díaz,2,70.0,77.2,8.0,7.6,0.7419999999999992,0.4159999999999998,0.326,0.4,0.0,72.88,0.911,9.4,4.782749999999999,6.709999999999996,5.65,1,0,0
Marco Asensio,MID,Aston Villa,6.2,0,0,4,0,1.3,762,0.0,0.0,0.0,0.42,336,1,0,0.3,1.2,2025-04-22T19:00:00Z,14,13,0,0,0,0,33,0,531073,0,1,2,0.0,1,3670,61579,57909,62,False,0,2024-25,33,6.2,0.0,0.0,0.0,0.0,0.0,0.0,0.0,0.0,,,,,MID,marco asensio,2,77.66666666666667,51.6,1.6666666666666667,3.4,0.6879999999999992,0.5499999999999999,0.138,0.2,0.0,67.24000000000001,0.8405000000000001,3.813333333333334,3.64777,6.439999999999996,5.38,1,0,0
Mohamed Salah,MID,Liverpool,5.0,0,0,-6,1,23.1,328,0.06,1.15,1.09,0.27,327,0,0,8.7,2.8,2025-04-20T15:30:00Z,90,11,0,0,0,0,33,0,8055539,1,1,0,61.0,3,-82985,29563,112548,138,False,0,2024-25,33,13.8,0.0,0.0,0.0,0.0,0.0,0.0,0.0,0.0,,,,,MID,mohamed salah,2,88.0,88.8,3.6666666666666665,6.4,0.7479999999999989,0.5419999999999999,0.206,0.6,0.0,88.32,1.0,8.453333333333333,9.66,6.739999999999995,7.22,1,1,0
Nick Pope,GK,Newcastle,5.5,0,0,6,0,0.0,413,0.0,0.0,0.0,2.26,321,4,0,4.8,48.4,2025-04-19T16:30:00Z,90,2,0,0,0,0,33,6,607961,1,1,4,0.0,2,-25251,17094,42345,49,False,0,2024-25,33,4.9,0.0,0.0,0.0,0.0,0.0,0.0,0.0,0.0,,,,,GK,nick pope,2,90.0,90.0,7.0,5.8,0.0,0.0,0.0,0.6,2.6,90.0,1.0,7.56,3.43,5.4,5.55,1,0,0
Omar Marmoush,FWD,Man City,9.8,0,0,6,0,17.0,755,0.16,0.43,0.27,1.76,336,1,0,3.6,0.6,2025-04-22T19:00:00Z,90,2,0,0,0,0,33,0,4053784,1,1,2,18.0,2,585178,596295,11117,77,True,0,2024-25,33,7.7,0.0,0.0,0.0,0.0,0.0,0.0,0.0,0.0,,,,,FWD,omar marmoush,2,87.0,87.2,3.6666666666666665,6.4,0.7799999999999988,0.6719999999999998,0.1079999999999999,0.6,0.0,87.08,1.0,6.013333333333334,5.39,6.899999999999994,6.06,1,0,0
Robert Sánchez,GK,Chelsea,3.8,0,0,9,0,0.0,185,0.0,0.0,0.0,0.25,325,1,0,0.5,4.6,2025-04-20T13:00:00Z,90,9,0,0,0,0,33,0,741825,1,2,1,0.0,2,-23325,7306,30631,45,False,0,2024-25,33,4.5,0.0,0.0,0.0,0.0,0.0,0.0,0.0,0.0,,,,,GK,robert sánchez,2,90.0,90.0,4.333333333333333,5.0,0.001999999999999,0.0,0.002,0.6,2.6,90.0,1.0,5.266666666666667,3.15,5.409999999999995,5.39,0,0,0
Rúben Gato Alves Dias,DEF,Man City,9.4,0,0,11,0,3.1,361,0.03,0.17,0.14,1.76,336,1,0,3.5,9.8,2025-04-22T19:00:00Z,90,2,0,0,0,0,33,0,453577,1,1,2,22.0,2,104230,111325,7095,54,True,0,2024-25,33,5.4,0.0,0.0,0.0,0.0,0.0,0.0,0.0,0.0,,,,,DEF,rúben gato alves dias,2,90.0,90.0,4.333333333333333,4.0,0.053999999999999,0.0259999999999999,0.028,0.6,0.0,90.0,1.0,5.626666666666667,3.78,5.669999999999996,4.91,0,0,0
Tino Livramento,DEF,Newcastle,4.7,0,0,0,0,12.9,409,0.04,0.14,0.1,2.26,321,4,0,3.7,9.2,2025-04-19T16:30:00Z,90,2,0,0,0,0,33,0,989537,1,1,4,15.0,0,-57374,42251,99625,46,False,0,2024-25,33,4.6,0.0,0.0,0.0,0.0,0.0,0.0,0.0,0.0,,,,,DEF,tino livramento,2,90.0,90.0,6.333333333333333,5.6,0.2179999999999991,0.006,0.2119999999999999,0.6,0.0,90.0,1.0,6.906666666666666,3.22,6.489999999999995,5.45,1,0,0
André Onana,GK,Man Utd,0.0,0,0,6,0,0.0,383,0.0,0.0,0.0,0.53,332,1,0,0.4,3.6,2025-04-27T13:00:00Z,90,3,0,0,0,0,34,0,611594,1,1,1,0.0,2,-1942,8083,10025,49,False,0,2024-25,34,4.9,0.0,0.0,0.0,0.0,0.0,0.0,0.0,0.0,,,,,GK,andré onana,2,60.0,72.0,4.333333333333333,4.4,0.0,0.0,0.0,0.4,2.2,64.8,0.8099999999999999,5.426666666666667,2.7783,4.6,4.35,0,0,0
Bryan Mbeumo,MID,Brentford,0.0,0,0,15,1,31.6,99,0.19,0.38,0.19,0.97,338,0,0,6.6,12.4,2025-05-01T18:30:00Z,90,16,0,0,0,0,34,0,4544262,1,2,0,22.0,2,551524,579516,27992,80,False,1,2024-25,34,8.0,0.0,0.0,0.0,0.0,0.0,0.0,0.0,0.0,,,,,MID,bryan mbeumo,2,90.0,90.0,7.666666666666667,7.4,0.7319999999999998,0.344,0.3880000000000002,0.2,0.0,90.0,1.0,9.333333333333334,5.6,6.659999999999998,6.12,1,0,0
Dean Huijsen,DEF,Bournemouth,0.0,0,0,4,0,1.6,580,0.01,0.01,0.0,2.52,332,1,0,2.5,23.6,2025-04-27T13:00:00Z,90,14,0,0,0,0,34,0,547941,1,1,1,0.0,1,39146,51799,12653,45,True,1,2024-25,34,4.5,0.0,0.0,0.0,0.0,0.0,0.0,0.0,0.0,,,,,DEF,dean huijsen,2,90.0,90.0,6.333333333333333,4.0,0.1459999999999996,0.0219999999999999,0.124,0.4,0.0,90.0,1.0,6.866666666666666,3.15,5.329999999999998,4.18,0,0,0
Francisco Evanilson de Lima Barbosa,FWD,Bournemouth,0.0,1,0,2,0,13.3,617,0.17,0.17,0.0,1.04,332,1,0,2.4,9.0,2025-04-27T13:00:00Z,69,14,0,0,0,1,34,0,606735,1,1,1,2.0,2,42732,81693,38961,58,True,0,2024-25,34,5.8,0.0,0.0,0.0,0.0,0.0,0.0,0.0,0.0,,,,,FWD,francisco evanilson de lima barbosa,2,89.66666666666667,89.8,5.666666666666667,5.4,0.7519999999999996,0.7199999999999998,0.0320000000000002,0.4,0.0,89.72,1.0,6.8533333333333335,4.06,6.759999999999998,6.18,1,0,1
Harvey Barnes,MID,Newcastle,0.0,0,0,15,1,37.8,392,0.21,0.35,0.14,0.1,337,0,0,7.5,5.4,2025-04-26T14:00:00Z,76,10,0,0,0,0,34,0,1110359,1,0,3,32.0,3,395036,404386,9350,60,True,0,2024-25,34,6.0,0.0,0.0,0.0,0.0,0.0,0.0,0.0,0.0,,,,,MID,harvey barnes,2,85.0,87.0,10.666666666666666,9.0,0.6499999999999994,0.5139999999999997,0.1360000000000001,0.4,0.0,85.80000000000001,1.0,10.933333333333334,4.199999999999999,6.2499999999999964,6.13,1,0,0
Jacob Murphy,MID,Newcastle,0.0,1,0,27,1,42.3,402,0.24,0.31,0.07,0.1,337,0,0,7.3,10.6,2025-04-26T14:00:00Z,66,10,0,0,0,0,34,0,2168429,1,0,3,20.0,6,258935,296798,37863,53,True,0,2024-25,34,5.3,0.0,0.0,0.0,0.0,0.0,0.0,0.0,0.0,,,,,MID,jacob murphy,2,67.33333333333333,67.6,7.0,8.4,0.6099999999999993,0.3519999999999996,0.2580000000000001,0.4,0.0,67.44,0.843,7.720000000000001,3.12753,6.049999999999997,4.86,1,0,0
Jørgen Strand Larsen,FWD,Wolves,0.0,0,0,27,1,2.3,566,0.02,0.78,0.76,1.1,340,0,1,6.7,28.4,2025-04-26T14:00:00Z,76,11,0,0,0,0,34,0,721502,1,0,3,36.0,6,120236,143408,23172,54,True,0,2024-25,34,5.4,0.0,0.0,0.0,0.0,0.0,0.0,0.0,0.0,,,,,FWD,jørgen strand larsen,2,77.33333333333333,82.2,4.666666666666667,7.2,0.6519999999999992,0.5779999999999997,0.074,0.4,0.0,79.28,0.991,5.893333333333334,3.74598,6.259999999999996,5.08,1,0,0
Luis Díaz,MID,Liverpool,0.0,0,0,25,0,12.2,327,0.01,0.77,0.76,0.46,335,1,1,7.8,33.2,2025-04-27T15:30:00Z,75,18,0,0,0,0,34,0,2681664,1,1,5,33.0,7,237092,271864,34772,76,True,0,2024-25,34,7.6,0.0,0.0,0.0,0.0,0.0,0.0,0.0,0.0,,,,,MID,luis díaz,2,71.66666666666667,78.0,6.0,6.6,0.7219999999999992,0.3679999999999997,0.354,0.4,0.0,74.2,0.9275,7.840000000000001,4.9343,6.609999999999996,5.54,1,0,0
Mohamed Salah,MID,Liverpool,0.0,0,1,33,0,58.4,328,0.33,0.54,0.21,0.46,335,1,1,14.6,43.6,2025-04-27T15:30:00Z,90,18,0,0,0,0,34,0,8223072,1,1,5,44.0,8,45149,64347,19198,138,True,0,2024-25,34,13.8,0.0,0.0,0.0,0.0,0.0,0.0,0.0,0.0,,,,,MID,mohamed salah,2,88.0,88.8,3.6666666666666665,5.8,0.8839999999999989,0.7299999999999999,0.154,0.6,0.0,88.32,1.0,8.453333333333333,9.66,7.419999999999995,8.47,1,1,0
Nick Pope,GK,Newcastle,0.0,0,0,21,1,10.0,413,0.0,0.0,0.0,0.1,337,0,0,1.4,3.8,2025-04-26T14:00:00Z,90,10,0,0,0,0,34,0,899248,1,0,3,0.0,6,101129,114143,13014,50,True,0,2024-25,34,5.0,0.0,0.0,0.0,0.0,0.0,0.0,0.0,0.0,,,,,GK,nick pope,2,90.0,90.0,5.666666666666667,5.0,0.0,0.0,0.0,0.4,3.4,90.0,1.0,6.533333333333334,3.5,4.6,4.84,1,0,0
Rayan Aït-Nouri,DEF,Wolves,0.0,1,2,44,1,24.6,533,0.22,0.31,0.09,1.1,340,0,0,8.0,32.0,2025-04-26T14:00:00Z,76,11,0,0,0,0,34,0,2383178,1,0,3,23.0,11,550062,556646,6584,50,True,0,2024-25,34,5.0,0.0,0.0,0.0,0.0,0.0,0.0,0.0,0.0,,,,,DEF,rayan aït-nouri,2,79.0,79.4,7.0,6.2,0.3899999999999989,0.0879999999999999,0.3019999999999999,0.4,0.0,79.16,0.9895,7.6,3.46325,6.549999999999994,5.21,1,0,0
Toti António Gomes,DEF,Wolves,0.0,0,0,24,1,21.1,567,0.0,0.0,0.0,1.15,340,0,0,4.5,23.8,2025-04-26T14:00:00Z,90,11,0,0,0,0,34,0,51200,1,0,3,0.0,5,9729,10685,956,43,True,1,2024-25,34,4.3,0.0,0.0,0.0,0.0,0.0,0.0,0.0,0.0,,,,,DEF,toti antónio gomes,2,90.0,90.0,3.6666666666666665,3.8,0.1479999999999991,0.132,0.0159999999999999,0.4,0.0,90.0,1.0,4.653333333333333,3.01,5.339999999999996,4.59,1,0,0
Trevoh Chalobah,DEF,Chelsea,0.0,0,3,31,1,1.6,159,0.01,0.01,0.0,0.44,334,0,0,2.8,24.8,2025-04-26T11:30:00Z,90,8,0,0,0,0,34,0,99481,1,0,1,2.0,9,6390,9084,2694,44,True,0,2024-25,34,4.4,0.0,0.0,0.0,0.0,0.0,0.0,0.0,0.0,,,,,DEF,trevoh chalobah,2,90.0,72.0,3.0,2.8,0.113999999999999,0.102,0.012,0.4,0.0,82.8,1.0,4.16,3.08,5.169999999999996,4.27,0,0,0
Virgil van Dijk,DEF,Liverpool,0.0,0,0,15,0,11.7,339,0.06,0.08,0.02,0.46,335,1,0,4.1,27.8,2025-04-27T15:30:00Z,90,18,0,0,0,0,34,0,3202363,1,1,5,1.0,2,148769,177244,28475,66,True,0,2024-25,34,6.6,0.0,0.0,0.0,0.0,0.0,0.0,0.0,0.0,,,,,DEF,virgil van dijk,2,90.0,90.0,5.666666666666667,5.4,0.101999999999999,0.0779999999999999,0.024,0.4,0.0,90.0,1.0,7.173333333333334,4.619999999999999,5.109999999999995,4.41,1,0,0
Yoane Wissa,FWD,Brentford,0.0,0,1,40,1,0.9,110,0.0,0.49,0.49,0.97,338,0,1,7.4,50.6,2025-05-01T18:30:00Z,90,16,0,0,0,0,34,0,1698957,1,2,0,22.0,7,219250,258454,39204,66,False,0,2024-25,34,6.6,0.0,0.0,0.0,0.0,0.0,0.0,0.0,0.0,,,,,FWD,yoane wissa,2,90.0,90.0,7.333333333333333,7.0,0.4019999999999989,0.2959999999999999,0.106,0.2,0.0,90.0,1.0,8.506666666666668,4.619999999999999,5.0099999999999945,4.01,0,0,0
Bryan Mbeumo,MID,Brentford,6.8,1,0,19,0,17.8,99,0.12,0.18,0.06,1.56,343,3,0,4.3,10.0,2025-05-04T13:00:00Z,90,14,0,0,0,0,35,0,4806663,1,3,4,15.0,5,664775,686841,22066,81,True,0,2024-25,35,8.1,0.0,0.0,0.0,0.0,0.0,0.0,0.0,0.0,,,,,MID,bryan mbeumo,2,90.0,90.0,7.333333333333333,6.6,0.7199999999999998,0.358,0.3620000000000002,0.4,0.0,90.0,1.0,9.106666666666667,5.669999999999999,6.599999999999999,6.2,1,0,0
Dan Burn,DEF,Newcastle,4.5,0,0,7,0,1.1,395,0.0,0.0,0.0,0.69,344,1,0,2.8,20.8,2025-05-04T13:00:00Z,90,5,0,0,0,0,35,0,1347267,1,1,1,6.0,2,3517,29866,26349,45,False,0,2024-25,35,4.5,0.0,0.0,0.0,0.0,0.0,0.0,0.0,0.0,,,,,DEF,dan burn,2,90.0,90.0,5.333333333333333,4.8,0.1719999999999996,0.122,0.0500000000000001,0.6,0.0,90.0,1.0,6.066666666666666,3.15,6.259999999999998,5.67,1,0,0
Francisco Evanilson de Lima Barbosa,FWD,Bournemouth,2.0,0,1,27,0,1.9,617,0.01,0.6,0.59,1.3,341,1,1,7.4,30.4,2025-05-03T16:30:00Z,86,1,0,0,0,0,35,0,427988,1,2,1,42.0,6,-116169,12121,128290,58,False,1,2024-25,35,5.8,0.0,0.0,0.0,0.0,0.0,0.0,0.0,0.0,,,,,FWD,francisco evanilson de lima barbosa,2,83.0,85.6,2.0,5.4,0.6799999999999995,0.6339999999999997,0.0460000000000002,0.4,0.0,84.03999999999999,1.0,3.92,4.06,6.399999999999998,5.46,1,0,0
Harvey Barnes,MID,Newcastle,7.9,0,0,11,0,23.7,392,0.22,0.48,0.26,0.69,344,1,0,8.3,11.6,2025-05-04T13:00:00Z,90,5,0,0,0,0,35,0,667111,1,1,1,48.0,2,-17186,39972,57158,60,False,0,2024-25,35,6.0,0.0,0.0,0.0,0.0,0.0,0.0,0.0,0.0,,,,,MID,harvey barnes,2,80.33333333333333,84.2,6.666666666666667,8.6,0.6279999999999993,0.4919999999999997,0.1360000000000001,0.6,0.0,81.88,1.0,7.733333333333334,4.199999999999999,6.139999999999997,6.01,1,0,0
Jarrod Bowen,MID,West Ham,7.5,0,2,23,0,1.8,514,0.05,0.58,0.53,0.77,350,1,1,10.9,35.4,2025-05-04T13:00:00Z,90,18,0,0,0,0,35,0,1299988,1,1,1,72.0,9,270609,300892,30283,76,True,0,2024-25,35,7.6,0.0,0.0,0.0,0.0,0.0,0.0,0.0,0.0,,,,,MID,jarrod bowen,2,88.33333333333333,89.0,7.0,6.0,0.4879999999999992,0.2359999999999997,0.2520000000000001,0.2,0.0,88.6,1.0,8.64,5.319999999999999,5.439999999999996,4.77,0,0,0
Joško Gvardiol,DEF,Man City,4.5,0,2,31,1,5.3,350,0.04,0.04,0.0,0.4,349,0,0,2.4,18.2,2025-05-02T19:00:00Z,90,20,0,0,0,0,35,0,3850488,1,0,1,0.0,8,230870,249700,18830,63,True,0,2024-25,35,6.3,0.0,0.0,0.0,0.0,0.0,0.0,0.0,0.0,,,,,DEF,joško gvardiol,2,90.0,90.0,2.6666666666666665,4.6,0.0919999999999993,0.0379999999999997,0.0540000000000001,0.6,0.0,90.0,1.0,4.653333333333333,4.409999999999999,5.859999999999996,5.3,0,0,0
Jørgen Strand Larsen,FWD,Wolves,3.0,0,0,0,0,0.0,566,0.0,0.0,0.0,0.0,349,0,0,0.0,0.0,2025-05-02T19:00:00Z,0,13,0,0,0,0,35,0,534008,0,0,1,0.0,0,-64431,23967,88398,54,False,0,2024-25,35,5.4,0.0,0.0,0.0,0.0,0.0,0.0,0.0,0.0,,,,,FWD,jørgen strand larsen,2,72.66666666666667,79.6,4.666666666666667,5.8,0.7679999999999991,0.6939999999999997,0.074,0.6,0.0,75.44,0.943,5.893333333333334,3.56454,6.839999999999995,5.48,1,0,0
Luis Díaz,MID,Liverpool,5.8,0,0,0,0,0.0,327,0.0,0.0,0.0,0.0,345,0,0,0.0,0.0,2025-05-04T15:30:00Z,0,6,0,0,0,0,35,0,2106562,0,1,3,0.0,0,-42899,46965,89864,76,False,0,2024-25,35,7.6,0.0,0.0,0.0,0.0,0.0,0.0,0.0,0.0,,,,,MID,luis díaz,2,85.0,75.0,6.333333333333333,6.8,0.6719999999999992,0.4779999999999998,0.194,0.4,0.0,81.0,1.0,8.106666666666666,5.319999999999999,6.359999999999996,5.91,1,0,0
Mohamed Salah,MID,Liverpool,5.8,0,0,9,0,28.4,328,0.31,0.4,0.09,3.13,345,3,0,5.0,5.8,2025-05-04T15:30:00Z,90,6,0,0,0,0,35,0,8135508,1,1,3,16.0,2,-47242,20685,67927,138,False,0,2024-25,35,13.8,0.0,0.0,0.0,0.0,0.0,0.0,0.0,0.0,,,,,MID,mohamed salah,2,88.0,88.8,5.666666666666667,4.4,0.5539999999999989,0.3799999999999999,0.174,0.6,0.0,88.32,1.0,10.053333333333336,9.66,5.769999999999994,6.14,1,0,0
Nick Pope,GK,Newcastle,5.5,0,0,7,0,0.0,413,0.0,0.0,0.0,0.69,344,1,0,1.1,11.2,2025-05-04T13:00:00Z,90,5,0,0,0,0,35,1,711485,1,1,1,0.0,2,-9195,11104,20299,50,False,0,2024-25,35,5.0,0.0,0.0,0.0,0.0,0.0,0.0,0.0,0.0,,,,,GK,nick pope,2,90.0,90.0,6.666666666666667,5.8,0.0,0.0,0.0,0.6,3.0,90.0,1.0,7.333333333333334,3.5,5.4,5.73,1,0,0
Omar Marmoush,FWD,Man City,3.7,0,0,4,1,2.3,755,0.03,0.15,0.12,0.4,349,0,0,1.2,0.0,2025-05-02T19:00:00Z,82,20,0,0,0,0,35,0,3429647,1,0,1,12.0,2,169392,229158,59766,76,True,0,2024-25,35,7.6,0.0,0.0,0.0,0.0,0.0,0.0,0.0,0.0,,,,,FWD,omar marmoush,2,87.0,88.2,3.6666666666666665,4.4,0.815999999999999,0.7059999999999997,0.1099999999999999,0.6,0.0,87.47999999999999,1.0,5.973333333333334,5.319999999999999,7.079999999999995,6.28,1,0,1
Rayan Aït-Nouri,DEF,Wolves,7.5,0,0,-1,0,2.6,533,0.01,0.23,0.22,0.71,349,1,0,1.9,5.2,2025-05-02T19:00:00Z,90,13,0,0,0,0,35,0,1633096,1,0,1,11.0,2,42228,103520,61292,50,False,0,2024-25,35,5.0,0.0,0.0,0.0,0.0,0.0,0.0,0.0,0.0,,,,,DEF,rayan aït-nouri,2,75.33333333333333,78.8,10.0,8.0,0.4399999999999989,0.0959999999999998,0.344,0.6,0.0,76.72,0.959,10.0,3.3565,7.599999999999994,6.38,1,1,0
Robert Sánchez,GK,Chelsea,1.9,0,0,6,0,0.0,185,0.0,0.0,0.0,1.05,345,1,0,1.1,10.6,2025-05-04T15:30:00Z,90,12,0,0,0,0,35,1,733284,1,1,3,0.0,2,-33369,3325,36694,45,True,0,2024-25,35,4.5,0.0,0.0,0.0,0.0,0.0,0.0,0.0,0.0,,,,,GK,robert sánchez,2,90.0,90.0,4.0,4.8,0.001999999999999,0.0,0.002,0.6,1.8,90.0,1.0,5.0,3.15,5.409999999999995,5.12,0,0,0
Toti António Gomes,DEF,Wolves,3.5,0,0,10,0,1.0,567,0.0,0.0,0.0,0.71,349,1,0,1.7,15.8,2025-05-02T19:00:00Z,90,13,0,0,0,0,35,0,33408,1,0,1,0.0,2,-1198,1050,2248,43,False,0,2024-25,35,4.3,0.0,0.0,0.0,0.0,0.0,0.0,0.0,0.0,,,,,DEF,toti antónio gomes,2,90.0,90.0,4.666666666666667,4.4,0.1379999999999991,0.132,0.0059999999999999,0.6,0.0,90.0,1.0,5.453333333333334,3.01,6.089999999999996,5.56,1,0,0
Trevoh Chalobah,DEF,Chelsea,2.2,0,0,8,0,0.2,159,0.0,0.0,0.0,1.05,345,1,0,1.8,17.4,2025-05-04T15:30:00Z,90,12,0,0,0,0,35,0,88907,1,1,3,0.0,1,-979,4796,5775,44,True,1,2024-25,35,4.4,0.0,0.0,0.0,0.0,0.0,0.0,0.0,0.0,,,,,DEF,trevoh chalobah,2,90.0,90.0,4.0,4.6,0.115999999999999,0.102,0.014,0.6,0.0,90.0,1.0,4.960000000000001,3.08,5.979999999999995,5.36,0,0,0
Alexander Isak,FWD,Newcastle,5.5,0,0,6,1,3.4,401,0.03,0.35,0.32,0.69,356,0,0,7.1,1.6,2025-05-11T11:00:00Z,90,6,0,0,0,0,36,0,6861917,1,0,2,66.0,2,-257192,39851,297043,96,True,0,2024-25,36,9.6,0.0,0.0,0.0,0.0,0.0,0.0,0.0,0.0,,,,,FWD,alexander isak,2,80.33333333333333,77.8,5.666666666666667,5.6,0.7979999999999998,0.734,0.064,0.4,0.0,79.32,0.9915,8.373333333333335,6.66288,6.989999999999999,6.17,1,1,0
Bryan Mbeumo,MID,Brentford,8.3,1,0,24,1,18.5,99,0.23,0.41,0.18,0.93,353,0,0,9.8,33.2,2025-05-10T14:00:00Z,90,10,0,0,0,0,36,0,5318080,1,1,0,46.0,6,493905,511288,17383,82,False,0,2024-25,36,8.2,0.0,0.0,0.0,0.0,0.0,0.0,0.0,0.0,,,,,MID,bryan mbeumo,2,90.0,90.0,8.333333333333334,6.0,0.5339999999999997,0.1959999999999999,0.3380000000000002,0.4,0.0,90.0,1.0,9.946666666666667,5.739999999999999,5.669999999999998,5.0,1,0,0
Dan Burn,DEF,Newcastle,6.3,1,2,38,1,11.8,395,0.01,0.09,0.08,0.69,356,0,0,6.9,36.6,2025-05-11T11:00:00Z,90,6,0,0,0,0,36,0,1308163,1,0,2,21.0,11,-33173,16205,49378,45,True,0,2024-25,36,4.5,0.0,0.0,0.0,0.0,0.0,0.0,0.0,0.0,,,,,DEF,dan burn,2,90.0,90.0,4.333333333333333,4.0,0.1659999999999996,0.116,0.0500000000000001,0.4,0.0,90.0,1.0,5.266666666666667,3.15,5.429999999999998,4.6,0,0,0
Eberechi Eze,MID,Crystal Palace,7.0,0,3,52,1,28.9,199,0.2,1.36,1.16,0.68,359,0,2,13.8,70.4,2025-05-11T13:15:00Z,90,18,0,0,0,0,36,0,1486489,1,2,0,39.0,16,53409,98695,45286,69,False,0,2024-25,36,6.9,0.0,0.0,0.0,0.0,0.0,0.0,0.0,0.0,,,,,MID,eberechi eze,2,65.66666666666667,66.4,6.666666666666667,5.2,0.6359999999999996,0.542,0.0940000000000001,0.0,0.0,65.96000000000001,0.8245000000000001,8.093333333333334,3.982335000000001,6.179999999999998,5.14,1,0,0
Francisco Evanilson de Lima Barbosa,FWD,Bournemouth,3.0,0,0,10,0,2.8,617,0.01,0.13,0.12,0.98,351,1,0,4.7,4.2,2025-05-10T16:30:00Z,90,2,0,0,0,0,36,0,411387,1,1,0,40.0,2,-16771,35784,52555,58,True,0,2024-25,36,5.8,0.0,0.0,0.0,0.0,0.0,0.0,0.0,0.0,,,,,FWD,francisco evanilson de lima barbosa,2,81.66666666666667,84.8,3.333333333333333,5.0,0.6539999999999996,0.6079999999999997,0.0460000000000002,0.4,0.0,82.92,1.0,4.986666666666666,4.06,6.269999999999998,5.28,1,0,0
Jarrod Bowen,MID,West Ham,9.0,0,0,25,1,4.8,514,0.01,0.3,0.29,0.73,355,0,1,6.2,36.2,2025-05-11T13:15:00Z,72,14,0,0,0,0,36,0,1393848,1,2,0,21.0,8,95329,157290,61961,77,False,0,2024-25,36,7.7,0.0,0.0,0.0,0.0,0.0,0.0,0.0,0.0,,,,,MID,jarrod bowen,2,88.33333333333333,89.0,9.333333333333334,7.4,0.5079999999999992,0.3059999999999997,0.2020000000000001,0.2,0.0,88.6,1.0,10.546666666666669,5.39,5.539999999999996,5.03,1,0,0
Joško Gvardiol,DEF,Man City,6.2,0,0,24,1,10.9,350,0.08,0.15,0.07,0.1,358,0,0,4.7,10.2,2025-05-10T14:00:00Z,90,17,0,0,0,0,36,0,4289282,1,0,0,26.0,6,415427,428211,12784,64,False,0,2024-25,36,6.4,0.0,0.0,0.0,0.0,0.0,0.0,0.0,0.0,,,,,DEF,joško gvardiol,2,90.0,90.0,5.0,5.0,0.0519999999999993,0.0279999999999997,0.0240000000000001,0.6,0.0,90.0,1.0,6.5600000000000005,4.48,5.659999999999997,5.34,1,0,0
Kepa Arrizabalaga,GK,Bournemouth,3.5,0,0,9,0,0.0,152,0.0,0.0,0.0,0.98,351,1,0,2.1,21.4,2025-05-10T16:30:00Z,90,2,0,0,0,0,36,2,364993,1,1,0,0.0,2,3745,17077,13332,46,True,0,2024-25,36,4.6,0.0,0.0,0.0,0.0,0.0,0.0,0.0,0.0,,,,,GK,kepa arrizabalaga,2,90.0,90.0,4.0,4.8,0.0039999999999993,0.0,0.004,0.4,3.4,90.0,1.0,5.04,3.22,4.6199999999999966,4.67,1,0,0
Mohamed Salah,MID,Liverpool,3.8,0,0,7,0,30.4,328,0.39,0.39,0.0,2.31,354,2,0,5.4,4.0,2025-05-11T15:30:00Z,90,1,0,0,0,0,36,0,7844933,1,2,2,20.0,2,-273562,14395,287957,137,True,0,2024-25,36,13.7,0.0,0.0,0.0,0.0,0.0,0.0,0.0,0.0,,,,,MID,mohamed salah,2,90.0,88.8,4.333333333333333,4.2,0.599999999999999,0.3839999999999999,0.216,0.4,0.0,89.52000000000001,1.0,8.946666666666667,9.589999999999998,5.999999999999995,6.0,1,0,1
Morgan Rogers,MID,Aston Villa,4.0,1,0,20,1,14.5,54,0.28,0.28,0.0,0.26,351,0,0,4.4,27.2,2025-05-10T16:30:00Z,88,3,0,0,0,0,36,0,2806591,1,1,0,2.0,6,-43585,71650,115235,57,False,0,2024-25,36,5.7,0.0,0.0,0.0,0.0,0.0,0.0,0.0,0.0,,,,,MID,morgan rogers,2,85.33333333333333,86.0,3.333333333333333,5.0,0.505999999999999,0.2759999999999999,0.23,0.4,0.0,85.6,1.0,4.946666666666667,3.99,5.529999999999995,4.95,0,0,0
Nick Pope,GK,Newcastle,6.3,0,0,27,1,0.0,413,0.0,0.0,0.0,0.69,356,0,0,2.3,22.6,2025-05-11T11:00:00Z,90,6,0,0,0,0,36,3,686779,1,0,2,0.0,7,-22822,5753,28575,50,True,0,2024-25,36,5.0,0.0,0.0,0.0,0.0,0.0,0.0,0.0,0.0,,,,,GK,nick pope,2,90.0,90.0,3.333333333333333,5.0,0.0,0.0,0.0,0.4,2.8,90.0,1.0,4.666666666666667,3.5,4.6,4.64,0,0,0
Rayan Aït-Nouri,DEF,Wolves,4.8,0,0,16,0,24.7,533,0.04,0.06,0.02,1.57,360,2,0,7.8,25.8,2025-05-10T14:00:00Z,90,5,0,0,0,0,36,0,1831530,1,2,0,27.0,1,178536,201819,23283,51,True,0,2024-25,36,5.1,0.0,0.0,0.0,0.0,0.0,0.0,0.0,0.0,,,,,DEF,rayan aït-nouri,2,82.33333333333333,80.6,6.0,6.8,0.4579999999999988,0.1399999999999999,0.3179999999999999,0.4,0.0,81.64,1.0,6.840000000000001,3.5699999999999994,6.8899999999999935,5.69,1,0,0
Rúben Gato Alves Dias,DEF,Man City,7.2,0,3,31,1,12.4,361,0.16,0.25,0.09,0.1,358,0,0,7.5,32.6,2025-05-10T14:00:00Z,90,17,0,0,0,0,36,0,561977,1,0,0,30.0,9,106096,114249,8153,55,False,0,2024-25,36,5.5,0.0,0.0,0.0,0.0,0.0,0.0,0.0,0.0,,,,,DEF,rúben gato alves dias,2,90.0,90.0,5.333333333333333,4.4,0.055999999999999,0.0319999999999999,0.024,0.6,0.0,90.0,1.0,6.466666666666667,3.85,5.679999999999995,4.95,0,0,0
Sepp van den Berg,DEF,Brentford,4.0,0,0,26,1,0.6,338,0.01,0.12,0.11,0.93,353,0,0,1.7,12.4,2025-05-10T14:00:00Z,90,10,0,0,0,0,36,0,171707,1,1,0,4.0,6,8005,11581,3576,41,False,0,2024-25,36,4.1,0.0,0.0,0.0,0.0,0.0,0.0,0.0,0.0,,,,,DEF,sepp van den berg,2,90.0,90.0,2.6666666666666665,3.0,0.211999999999999,0.208,0.004,0.4,0.0,90.0,1.0,3.773333333333333,2.87,5.659999999999995,5.13,1,0,0
Yoane Wissa,FWD,Brentford,7.0,0,0,7,1,13.4,110,0.08,0.63,0.55,0.76,353,0,0,5.2,2.4,2025-05-10T14:00:00Z,90,10,0,0,0,0,36,0,2539874,1,1,0,36.0,1,606648,623660,17012,68,False,1,2024-25,36,6.8,0.0,0.0,0.0,0.0,0.0,0.0,0.0,0.0,,,,,FWD,yoane wissa,2,90.0,90.0,8.333333333333334,7.2,0.643999999999999,0.5539999999999999,0.09,0.4,0.0,90.0,1.0,9.386666666666668,4.76,6.219999999999995,5.44,1,0,0
Alexander Isak,FWD,Newcastle,3.7,0,0,0,0,0.0,401,0.0,0.0,0.0,0.0,361,0,0,0.0,0.0,2025-05-18T15:30:00Z,0,1,0,0,0,0,37,0,6534707,0,0,1,0.0,0,-333795,26208,360003,95,False,0,2024-25,37,9.5,0.0,0.0,0.0,0.0,0.0,0.0,0.0,0.0,,,,,FWD,alexander isak,2,85.33333333333333,80.4,5.666666666666667,5.0,0.7579999999999998,0.7280000000000001,0.03,0.6,0.0,83.36,1.0,8.333333333333334,6.65,6.789999999999999,6.34,1,1,0
Daniel Muñoz,DEF,Crystal Palace,4.3,0,0,0,0,22.5,211,0.05,0.1,0.05,1.52,366,2,0,5.1,14.2,2025-05-20T19:00:00Z,90,20,0,0,0,0,37,0,2368068,1,2,4,14.0,1,66584,88897,22313,52,True,0,2024-25,37,5.2,0.0,0.0,0.0,0.0,0.0,0.0,0.0,0.0,,,,,DEF,daniel muñoz,2,90.0,90.0,4.333333333333333,3.4,0.3299999999999997,0.142,0.188,0.4,0.0,90.0,1.0,5.546666666666667,3.64,6.249999999999998,5.39,1,0,0
Danny Welbeck,FWD,Brighton,3.2,1,0,21,0,34.7,148,0.08,0.74,0.66,2.24,364,2,0,11.8,21.6,2025-05-19T19:00:00Z,83,12,0,0,0,0,37,0,708215,1,2,3,62.0,5,-5925,11610,17535,55,True,0,2024-25,37,5.5,0.0,0.0,0.0,0.0,0.0,0.0,0.0,0.0,,,,,FWD,danny welbeck,2,90.0,87.2,4.0,3.8,0.3719999999999999,0.346,0.026,0.2,0.0,88.88,1.0,5.4,3.85,4.859999999999999,3.96,0,0,0
Eberechi Eze,MID,Crystal Palace,10.7,0,0,24,0,20.5,199,0.06,0.27,0.21,0.17,366,0,1,7.7,37.4,2025-05-20T19:00:00Z,9,20,0,0,0,0,37,0,1735591,0,2,4,19.0,6,236724,253017,16293,70,True,0,2024-25,37,7.0,0.0,0.0,0.0,0.0,0.0,0.0,0.0,0.0,,,,,MID,eberechi eze,2,80.66666666666667,68.6,11.666666666666666,7.0,0.7759999999999996,0.6419999999999999,0.1340000000000001,0.2,0.0,75.84,0.948,12.133333333333336,4.6452,6.879999999999998,6.3,1,0,1
Emiliano Martínez Romero,GK,Aston Villa,7.7,0,0,23,1,0.0,47,0.0,0.0,0.0,0.51,362,0,0,1.2,12.4,2025-05-16T18:30:00Z,90,18,0,0,0,0,37,1,1514418,1,0,2,0.0,6,48170,58886,10716,50,True,0,2024-25,37,5.0,0.0,0.0,0.0,0.0,0.0,0.0,0.0,0.0,,,,,GK,emiliano martínez romero,2,90.0,90.0,6.333333333333333,5.4,0.0019999999999996,0.0,0.0020000000000001,0.6,3.0,90.0,1.0,7.066666666666666,3.5,5.409999999999998,5.73,1,0,0
Ezri Konsa Ngoyo,DEF,Aston Villa,8.7,0,3,46,1,14.1,44,0.12,0.47,0.35,0.51,362,0,1,12.2,57.6,2025-05-16T18:30:00Z,90,18,0,0,0,0,37,0,954354,1,0,2,50.0,15,20104,32318,12214,44,True,0,2024-25,37,4.4,0.0,0.0,0.0,0.0,0.0,0.0,0.0,0.0,,,,,DEF,ezri konsa ngoyo,2,90.0,90.0,4.0,4.2,0.0579999999999996,0.0439999999999997,0.0140000000000001,0.6,0.0,90.0,1.0,4.960000000000001,3.08,5.689999999999998,4.91,0,0,0
Fabian Schär,DEF,Newcastle,4.3,0,0,8,0,1.3,415,0.01,0.93,0.92,0.64,361,1,0,8.9,33.8,2025-05-18T15:30:00Z,90,1,0,0,0,0,37,0,491463,1,0,1,54.0,2,7776,27675,19899,55,False,0,2024-25,37,5.5,0.0,0.0,0.0,0.0,0.0,0.0,0.0,0.0,,,,,DEF,fabian schär,2,87.33333333333333,86.6,5.666666666666667,7.2,0.1879999999999996,0.1559999999999997,0.0320000000000001,0.6,0.0,87.03999999999999,1.0,6.733333333333334,3.85,6.339999999999998,5.82,1,0,0
Joško Gvardiol,DEF,Man City,5.8,0,0,8,0,2.8,350,0.01,0.01,0.0,1.06,369,1,0,1.6,13.0,2025-05-20T19:00:00Z,90,3,0,0,0,0,37,0,4350813,1,1,3,0.0,2,81656,113456,31800,65,True,0,2024-25,37,6.5,0.0,0.0,0.0,0.0,0.0,0.0,0.0,0.0,,,,,DEF,joško gvardiol,2,90.0,90.0,5.0,4.4,0.0779999999999993,0.0419999999999997,0.0360000000000001,0.6,0.0,90.0,1.0,6.6,4.55,5.7899999999999965,5.39,1,0,0
Kevin De Bruyne,MID,Man City,6.2,0,0,5,1,36.5,345,0.16,1.07,0.91,0.78,369,0,0,5.3,1.8,2025-05-20T19:00:00Z,68,3,0,0,0,0,37,0,1631567,1,1,3,15.0,3,-44896,59050,103946,96,True,0,2024-25,37,9.6,0.0,0.0,0.0,0.0,0.0,0.0,0.0,0.0,,,,,MID,kevin de bruyne,2,87.66666666666667,87.2,5.333333333333333,6.2,0.6799999999999994,0.3039999999999997,0.376,0.6,0.0,87.48,1.0,8.106666666666666,6.72,6.399999999999997,5.99,1,0,0
Kevin Schade,MID,Brentford,8.8,0,0,8,0,1.6,106,0.01,0.13,0.12,0.93,363,3,0,3.2,12.4,2025-05-18T14:00:00Z,75,9,0,0,0,0,37,0,406352,1,3,2,18.0,2,125875,135072,9197,52,True,0,2024-25,37,5.2,0.0,0.0,0.0,0.0,0.0,0.0,0.0,0.0,,,,,MID,kevin schade,2,69.66666666666667,77.0,11.0,7.2,0.5219999999999994,0.4719999999999998,0.05,0.4,0.0,72.60000000000001,0.9075,10.88,3.3033,5.609999999999997,5.01,1,0,0
Leandro Trossard,MID,Arsenal,3.4,0,0,11,1,15.8,23,0.05,0.1,0.05,1.64,361,0,0,3.9,12.4,2025-05-18T15:30:00Z,87,15,0,0,0,0,37,0,418031,1,0,1,11.0,3,-58221,9889,68110,68,True,0,2024-25,37,6.8,0.0,0.0,0.0,0.0,0.0,0.0,0.0,0.0,,,,,MID,leandro trossard,2,85.66666666666667,86.0,5.666666666666667,7.0,0.5079999999999991,0.3219999999999998,0.186,0.2,0.0,85.8,1.0,7.253333333333334,4.76,5.539999999999996,4.98,1,0,0
Matty Cash,DEF,Aston Villa,6.0,0,0,24,1,4.8,32,0.02,0.08,0.06,0.51,362,0,0,2.0,9.8,2025-05-16T18:30:00Z,90,18,0,0,0,0,37,0,175949,1,0,2,5.0,5,31689,33512,1823,44,True,1,2024-25,37,4.4,0.0,0.0,0.0,0.0,0.0,0.0,0.0,0.0,,,,,DEF,matty cash,2,80.0,82.8,5.0,4.6,0.0379999999999991,0.0199999999999998,0.018,0.6,0.0,81.12,1.0,5.76,3.08,5.589999999999996,4.72,0,0,0
Mohamed Salah,MID,Liverpool,4.5,0,0,-1,0,23.4,328,0.06,0.89,0.83,2.2,364,3,0,10.1,10.0,2025-05-19T19:00:00Z,90,5,0,0,0,0,37,0,7682270,1,2,3,68.0,2,-173912,19720,193632,136,False,0,2024-25,37,13.6,0.0,0.0,0.0,0.0,0.0,0.0,0.0,0.0,,,,,MID,mohamed salah,2,90.0,88.8,4.0,4.2,0.569999999999999,0.2959999999999999,0.2740000000000001,0.4,0.0,89.52000000000001,1.0,8.64,9.52,5.849999999999994,5.86,1,0,0
Nick Pope,GK,Newcastle,4.0,0,0,11,0,0.0,413,0.0,0.0,0.0,0.64,361,1,0,2.2,22.4,2025-05-18T15:30:00Z,90,1,0,0,0,0,37,3,675314,1,0,1,0.0,3,-12603,5697,18300,50,False,0,2024-25,37,5.0,0.0,0.0,0.0,0.0,0.0,0.0,0.0,0.0,,,,,GK,nick pope,2,90.0,90.0,5.0,5.8,0.0,0.0,0.0,0.6,2.6,90.0,1.0,6.0,3.5,5.4,5.6,0,0,0
Yoane Wissa,FWD,Brentford,6.2,1,2,35,0,17.9,110,0.06,1.31,1.25,0.99,363,3,1,13.1,52.6,2025-05-18T14:00:00Z,90,9,0,0,0,0,37,0,2573339,1,3,2,60.0,10,65325,150231,84906,68,True,1,2024-25,37,6.8,0.0,0.0,0.0,0.0,0.0,0.0,0.0,0.0,,,,,FWD,yoane wissa,2,90.0,90.0,5.0,7.0,0.619999999999999,0.592,0.028,0.4,0.0,90.0,1.0,6.720000000000001,4.76,6.099999999999995,5.57,1,0,0
Alexander Isak,FWD,Newcastle,2.8,0,0,3,0,9.1,401,0.03,0.2,0.17,0.99,376,1,0,4.4,4.4,2025-05-25T15:00:00Z,90,8,0,0,0,0,38,0,5624924,1,1,0,30.0,2,-886139,57108,943247,94,True,0,2024-25,38,9.4,0.0,0.0,0.0,0.0,0.0,0.0,0.0,0.0,,,,,FWD,alexander isak,2,60.0,66.2,3.6666666666666665,3.8,0.5779999999999997,0.548,0.03,0.4,0.0,62.48,0.781,6.693333333333333,5.13898,5.889999999999999,4.49,0,0,0
Alisson Ramses Becker,GK,Liverpool,3.8,0,0,20,0,0.0,310,0.0,0.0,0.0,1.75,374,1,0,3.3,33.0,2025-05-25T15:00:00Z,90,7,0,0,0,0,38,4,967701,1,1,1,0.0,3,1634,18130,16496,55,True,0,2024-25,38,5.5,0.0,0.0,0.0,0.0,0.0,0.0,0.0,0.0,,,,,GK,alisson ramses becker,2,90.0,90.0,2.6666666666666665,3.2,0.0,0.0,0.0,0.2,4.0,90.0,1.0,4.333333333333334,3.85,3.8,4.75,0,0,0
Bryan Mbeumo,MID,Brentford,5.2,0,1,26,0,33.3,99,0.11,0.38,0.27,1.12,380,1,1,11.0,50.8,2025-05-25T15:00:00Z,90,20,0,0,0,0,38,0,5356745,1,1,1,26.0,8,-23566,77786,101352,83,False,0,2024-25,38,8.3,0.0,0.0,0.0,0.0,0.0,0.0,0.0,0.0,,,,,MID,bryan mbeumo,2,90.0,90.0,5.333333333333333,7.2,0.6539999999999997,0.4039999999999999,0.2500000000000002,0.4,0.0,90.0,1.0,7.586666666666667,5.8100000000000005,6.269999999999999,6.05,1,0,0
Daniel Muñoz,DEF,Crystal Palace,2.8,0,0,1,0,0.8,211,0.01,0.01,0.0,2.17,374,1,0,2.0,17.0,2025-05-25T15:00:00Z,90,12,0,0,0,0,38,0,2183550,1,1,1,2.0,2,-147919,33126,181045,52,False,0,2024-25,38,5.2,0.0,0.0,0.0,0.0,0.0,0.0,0.0,0.0,,,,,DEF,daniel muñoz,2,90.0,90.0,4.333333333333333,3.8,0.3019999999999997,0.112,0.1900000000000001,0.4,0.0,90.0,1.0,5.546666666666667,3.64,6.109999999999998,5.16,1,0,0
Emiliano Martínez Romero,GK,Aston Villa,5.2,0,0,-3,0,0.0,47,0.0,0.0,0.0,1.11,375,2,0,3.2,32.4,2025-05-25T15:00:00Z,45,14,0,0,0,1,38,5,1529158,1,0,2,0.0,-2,19482,43072,23590,50,False,0,2024-25,38,5.0,0.0,0.0,0.0,0.0,0.0,0.0,0.0,0.0,,,,,GK,emiliano martínez romero,2,90.0,90.0,7.666666666666667,5.4,0.0019999999999996,0.0,0.0020000000000001,0.6,2.8,90.0,1.0,8.133333333333333,3.5,5.409999999999998,5.66,1,0,0
Ezri Konsa Ngoyo,DEF,Aston Villa,6.8,0,0,1,0,0.3,44,0.0,0.0,0.0,2.86,375,2,0,1.4,13.2,2025-05-25T15:00:00Z,90,14,0,0,0,0,38,0,1115072,1,0,2,0.0,1,141861,152051,10190,45,False,0,2024-25,38,4.5,0.0,0.0,0.0,0.0,0.0,0.0,0.0,0.0,,,,,DEF,ezri konsa ngoyo,2,90.0,90.0,8.666666666666666,5.8,0.1119999999999996,0.0839999999999997,0.0280000000000001,0.6,0.0,90.0,1.0,8.733333333333334,3.15,5.959999999999998,5.28,1,0,0
Fabian Schär,DEF,Newcastle,4.0,0,0,2,0,3.5,415,0.04,0.45,0.41,0.99,376,1,0,2.5,3.6,2025-05-25T15:00:00Z,90,8,0,0,0,0,38,0,595814,1,1,0,18.0,1,87855,98397,10542,55,True,1,2024-25,38,5.5,0.0,0.0,0.0,0.0,0.0,0.0,0.0,0.0,,,,,DEF,fabian schär,2,90.0,86.6,4.333333333333333,4.8,0.3359999999999996,0.3059999999999997,0.0300000000000001,0.4,0.0,88.64,1.0,5.666666666666667,3.85,6.279999999999998,5.96,1,0,0
Ismaïla Sarr,MID,Crystal Palace,4.5,0,2,27,0,10.9,585,0.1,0.78,0.68,2.17,374,1,1,8.9,44.0,2025-05-25T15:00:00Z,90,12,0,0,0,0,38,0,598335,1,1,1,34.0,9,-157571,6119,163690,55,False,0,2024-25,38,5.5,0.0,0.0,0.0,0.0,0.0,0.0,0.0,0.0,,,,,MID,ismaïla sarr,2,76.33333333333333,69.2,4.333333333333333,3.2,0.6739999999999993,0.3619999999999996,0.312,0.4,0.0,73.48,0.9185,5.666666666666667,3.536225,6.3699999999999966,5.33,1,0,0
Joško Gvardiol,DEF,Man City,6.5,0,2,33,1,12.3,350,0.04,0.2,0.16,1.74,372,0,0,6.7,17.4,2025-05-25T15:00:00Z,90,9,0,0,0,0,38,0,4432222,1,2,0,37.0,8,91116,149247,58131,65,False,0,2024-25,38,6.5,0.0,0.0,0.0,0.0,0.0,0.0,0.0,0.0,,,,,DEF,joško gvardiol,2,90.0,90.0,5.333333333333333,4.6,0.0759999999999993,0.0419999999999997,0.0340000000000001,0.6,0.0,90.0,1.0,6.866666666666667,4.55,5.779999999999997,5.39,1,0,0
Kevin De Bruyne,MID,Man City,5.0,0,0,3,0,1.3,345,0.01,0.01,0.0,0.45,372,0,0,0.2,0.8,2025-05-25T15:00:00Z,5,9,0,0,0,0,38,0,1313941,0,2,0,0.0,1,-296723,44411,341134,95,False,0,2024-25,38,9.5,0.0,0.0,0.0,0.0,0.0,0.0,0.0,0.0,,,,,MID,kevin de bruyne,2,80.33333333333333,83.6,5.666666666666667,4.4,0.7239999999999993,0.3919999999999998,0.332,0.8,0.0,81.63999999999999,1.0,8.333333333333334,6.65,6.6199999999999966,6.13,1,0,0
Kevin Schade,MID,Brentford,7.4,0,0,12,0,12.8,106,0.05,0.15,0.1,0.96,380,1,0,6.9,15.8,2025-05-25T15:00:00Z,79,20,0,0,0,0,38,0,374142,1,1,1,40.0,2,-23032,31164,54196,53,False,0,2024-25,38,5.3,0.0,0.0,0.0,0.0,0.0,0.0,0.0,0.0,,,,,MID,kevin schade,2,72.33333333333333,74.0,9.0,7.4,0.5459999999999994,0.4959999999999998,0.05,0.4,0.0,73.0,0.9125,9.32,3.385375,5.729999999999997,5.16,1,0,0
Matty Cash,DEF,Aston Villa,4.8,0,0,5,0,2.1,32,0.01,0.07,0.06,2.86,375,2,0,4.5,21.6,2025-05-25T15:00:00Z,90,14,0,0,0,0,38,0,185017,1,0,2,21.0,1,11315,16018,4703,44,False,0,2024-25,38,4.4,0.0,0.0,0.0,0.0,0.0,0.0,0.0,0.0,,,,,DEF,matty cash,2,90.0,84.0,6.0,4.4,0.0279999999999991,0.0199999999999998,0.008,0.6,0.0,87.6,1.0,6.5600000000000005,3.08,5.539999999999996,4.69,0,0,0
Mohamed Salah,MID,Liverpool,5.0,0,3,31,0,35.3,328,0.42,0.85,0.43,1.75,374,1,1,11.2,40.2,2025-05-25T15:00:00Z,90,7,0,0,0,0,38,0,7606797,1,1,1,36.0,10,-83290,79412,162702,136,True,0,2024-25,38,13.6,0.0,0.0,0.0,0.0,0.0,0.0,0.0,0.0,,,,,MID,mohamed salah,2,90.0,90.0,2.0,3.4,0.6739999999999989,0.4439999999999999,0.23,0.2,0.0,90.0,1.0,7.040000000000001,9.52,6.369999999999995,6.32,1,0,1
Norberto Bercique Gomes Betuncal,FWD,Everton,4.0,0,0,2,1,23.7,218,0.01,0.24,0.23,0.95,376,0,0,4.0,4.4,2025-05-25T15:00:00Z,87,15,0,0,0,0,38,0,440846,1,1,0,12.0,2,-84707,13892,98599,48,False,0,2024-25,38,4.8,0.0,0.0,0.0,0.0,0.0,0.0,0.0,0.0,,,,,FWD,norberto bercique gomes betuncal,2,85.33333333333333,69.2,5.333333333333333,3.8,0.4439999999999989,0.3999999999999999,0.0439999999999999,0.2,0.0,78.88,0.986,6.1866666666666665,3.31296,5.219999999999994,4.05,0,0,0
Yoane Wissa,FWD,Brentford,5.2,0,0,3,0,23.9,110,0.14,0.41,0.27,1.12,380,1,0,5.8,1.4,2025-05-25T15:00:00Z,90,20,0,0,0,0,38,0,2800186,1,1,1,33.0,1,212354,282915,70561,69,False,1,2024-25,38,6.9,0.0,0.0,0.0,0.0,0.0,0.0,0.0,0.0,,,,,FWD,yoane wissa,2,90.0,90.0,6.0,7.2,0.8539999999999989,0.818,0.036,0.4,0.0,90.0,1.0,7.56,4.83,7.269999999999994,6.9,1,1,0
Alisson Ramses Becker,GK,Liverpool,7.5,0,1,31,1,0.0,310,0.0,0.0,0.0,1.36,27,0,0,2.6,26.4,2024-09-01T15:00:00Z,90,14,0,0,0,0,3,3,1067940,1,3,0,0.0,8,-22073,64005,86078,55,False,0,2024-25,3,5.5,0.0,,,,,,,,,,,,GK,alisson ramses becker,2,90.0,90.0,6.333333333333333,4.4,0.0,0.0,0.0,0.6,2.4,90.0,1.0,7.266666666666667,3.85,5.4,5.75,1,0,0
Andrew Robertson,DEF,Liverpool,6.5,0,0,25,1,22.0,335,0.07,0.07,0.0,1.34,27,0,0,3.2,9.6,2024-09-01T15:00:00Z,82,14,0,0,0,0,3,0,529916,1,3,0,0.0,6,33734,106687,72953,60,False,0,2024-25,3,6.0,0.0,,,,,,,,,,,,DEF,andrew robertson,2,86.0,64.2,6.666666666666667,6.6,0.5159999999999998,0.242,0.2740000000000001,0.8,0.0,77.28,0.966,7.733333333333334,4.057199999999999,8.78,7.12,1,0,1
Antoine Semenyo,MID,Bournemouth,6.3,0,0,23,0,15.8,78,0.03,0.53,0.5,1.97,24,2,1,11.5,40.4,2024-08-31T14:00:00Z,90,8,0,0,0,0,3,0,316904,1,3,2,59.0,6,143450,191022,47572,55,False,1,2024-25,3,5.5,0.0,,,,,,,,,,,,MID,antoine semenyo,2,90.0,90.0,4.666666666666667,3.6,0.5339999999999998,0.204,0.3300000000000002,0.0,0.0,90.0,1.0,5.933333333333334,3.85,5.669999999999999,4.92,0,0,0
Ben Brereton Díaz,MID,Southampton,1.2,0,0,7,0,6.7,584,0.03,0.23,0.2,2.78,22,3,0,4.1,0.8,2024-08-31T14:00:00Z,90,4,0,0,0,0,3,0,60838,1,1,3,33.0,2,-12441,3403,15844,55,False,0,2024-25,3,5.5,0.0,,,,,,,,,,,,MID,ben brereton díaz,2,80.0,85.0,1.5,3.25,0.4299999999999997,0.39,0.0400000000000002,0.0,0.0,82.0,1.0,3.4000000000000004,3.85,5.149999999999999,4.72,0,0,0
Brennan Johnson,MID,Spurs,2.5,1,0,16,0,2.8,491,0.06,0.43,0.37,1.08,28,1,0,7.3,8.8,2024-09-01T12:30:00Z,45,15,0,0,0,0,3,0,53310,0,1,2,61.0,4,-13683,2907,16590,64,False,0,2024-25,3,6.4,0.0,,,,,,,,,,,,MID,brennan johnson,2,85.66666666666667,87.4,3.6666666666666665,3.6,0.5719999999999997,0.4279999999999999,0.1440000000000002,0.4,0.0,86.36,1.0,5.493333333333334,4.48,5.859999999999999,5.62,1,0,0
Chris Wood,FWD,Nott'm Forest,6.3,0,3,31,0,7.3,447,0.01,0.48,0.47,0.74,29,1,1,13.0,41.2,2024-08-31T14:00:00Z,90,20,0,0,0,0,3,0,789654,1,1,1,81.0,9,-19356,112136,131492,61,True,0,2024-25,3,6.1,0.0,,,,,,,,,,,,FWD,chris wood,2,74.33333333333333,80.4,7.666666666666667,5.4,0.7079999999999995,0.6820000000000002,0.0260000000000002,0.4,0.0,76.75999999999999,0.9595,8.573333333333334,4.097064999999999,6.539999999999997,5.4,1,0,0
Cristian Romero,DEF,Spurs,5.2,0,0,8,0,1.8,498,0.02,0.02,0.0,1.57,28,2,0,1.8,15.8,2024-09-01T12:30:00Z,90,15,0,0,0,0,3,0,907590,1,1,2,0.0,1,298210,363516,65306,51,False,0,2024-25,3,5.1,0.0,,,,,,,,,,,,DEF,cristian romero,2,90.0,90.0,7.333333333333333,4.8,0.3159999999999995,0.244,0.0720000000000001,0.4,0.0,90.0,1.0,7.906666666666667,3.5699999999999994,6.179999999999998,5.7,1,0,0
Danny Welbeck,FWD,Brighton,6.7,0,0,3,0,2.8,148,0.01,0.11,0.1,2.08,21,1,0,0.9,0.4,2024-08-31T11:30:00Z,84,1,0,0,0,0,3,0,1172309,1,1,1,6.0,2,650297,768178,117881,56,False,0,2024-25,3,5.6,0.0,,,,,,,,,,,,FWD,danny welbeck,2,86.0,73.6,7.666666666666667,6.4,0.4959999999999997,0.466,0.03,0.2,0.0,81.03999999999999,1.0,8.373333333333333,3.92,5.479999999999999,4.41,0,0,0
David Raya Martin,GK,Arsenal,7.7,0,0,8,0,0.0,15,0.01,0.01,0.0,1.83,21,1,0,3.4,33.6,2024-08-31T11:30:00Z,90,5,0,0,0,0,3,3,2865351,1,1,1,0.0,2,288962,394083,105121,55,True,1,2024-25,3,5.5,0.0,,,,,,,,,,,,GK,david raya martin,2,90.0,90.0,6.666666666666667,6.2,0.0,0.0,0.0,0.8,2.2,90.0,1.0,7.533333333333334,3.85,6.2,5.68,0,0,0
Eberechi Eze,MID,Crystal Palace,4.7,0,3,31,0,17.8,199,0.06,0.25,0.19,2.27,23,1,1,7.5,38.6,2024-09-01T12:30:00Z,90,6,0,0,0,0,3,0,2419812,1,1,1,19.0,10,-667120,81172,748292,69,False,0,2024-25,3,6.9,0.0,,,,,,,,,,,,MID,eberechi eze,2,89.0,87.6,7.333333333333333,6.6,0.6399999999999997,0.424,0.2160000000000001,0.4,0.0,88.44,1.0,8.626666666666667,4.83,6.199999999999998,5.97,1,0,0
Erling Haaland,FWD,Man City,14.7,0,3,93,0,11.1,351,0.11,1.82,1.71,0.73,30,1,3,18.4,106.8,2024-08-31T16:30:00Z,90,19,0,0,0,0,3,0,6054723,1,3,1,66.0,17,566889,642719,75830,151,False,0,2024-25,3,15.1,0.0,,,,,,,,,,,,FWD,erling haaland,2,89.66666666666667,88.0,8.666666666666666,8.2,1.0579999999999996,1.0339999999999998,0.0240000000000001,0.6,0.0,89.0,1.0,12.973333333333333,10.57,8.29,9.1,1,1,0
James Maddison,MID,Spurs,3.5,0,0,13,0,32.3,494,0.07,0.14,0.07,1.57,28,2,0,7.5,16.2,2024-09-01T12:30:00Z,81,15,0,0,0,0,3,0,509642,1,1,2,26.0,1,-3831,77815,81646,75,False,1,2024-25,3,7.5,0.0,,,,,,,,,,,,MID,james maddison,2,81.0,84.0,5.666666666666667,4.6,0.8259999999999993,0.3979999999999997,0.428,0.4,0.0,82.2,1.0,7.533333333333334,5.25,7.129999999999996,6.36,1,0,0
Joško Gvardiol,DEF,Man City,4.7,0,0,15,0,8.6,350,0.45,0.55,0.1,0.64,30,1,0,6.3,21.8,2024-08-31T16:30:00Z,87,19,0,0,0,0,3,0,3142610,1,3,1,33.0,2,-194226,138109,332335,60,False,0,2024-25,3,6.0,0.0,,,,,,,,,,,,DEF,joško gvardiol,2,90.0,90.0,3.6666666666666665,7.6,0.2319999999999993,0.1919999999999997,0.0400000000000001,0.6,0.0,90.0,1.0,5.333333333333334,4.199999999999999,6.559999999999997,6.2,1,0,0
Manuel Akanji,DEF,Man City,4.0,0,0,5,0,9.8,340,0.04,0.04,0.0,0.73,30,1,0,2.9,18.8,2024-08-31T16:30:00Z,90,19,0,0,0,0,3,0,579233,1,3,1,0.0,1,15034,77479,62445,55,False,1,2024-25,3,5.5,0.0,,,,,,,,,,,,DEF,manuel akanji,2,83.33333333333333,86.0,3.333333333333333,4.4,0.2179999999999991,0.1219999999999998,0.096,0.6,0.0,84.39999999999999,1.0,4.866666666666667,3.85,6.489999999999995,5.78,1,0,0
Trent Alexander-Arnold,DEF,Liverpool,7.2,0,0,17,1,5.4,311,0.01,0.01,0.0,0.83,27,0,0,1.4,8.4,2024-09-01T15:00:00Z,75,14,0,0,0,0,3,0,2989044,1,3,0,0.0,6,-62396,176393,238789,70,False,0,2024-25,3,7.0,0.0,,,,,,,,,,,,DEF,trent alexander-arnold,2,72.33333333333333,79.4,6.666666666666667,4.2,0.5159999999999991,0.13,0.386,0.6,0.0,75.16,0.9395,8.133333333333335,4.603549999999999,7.979999999999995,6.71,1,0,0
Alisson Ramses Becker,GK,Liverpool,6.3,0,0,7,0,0.0,310,0.0,0.0,0.0,0.44,36,1,0,1.9,18.8,2024-09-14T14:00:00Z,90,16,0,0,0,0,4,2,1403696,1,1,0,0.0,2,224532,319419,94887,55,True,0,2024-25,4,5.5,0.0,,,,,,,,,,,,GK,alisson ramses becker,2,90.0,90.0,7.0,5.6,0.0,0.0,0.0,0.8,2.2,90.0,1.0,7.800000000000001,3.85,6.2,5.68,0,0,0
Andrew Robertson,DEF,Liverpool,5.3,0,0,6,0,20.9,335,0.09,0.09,0.0,0.25,36,1,0,2.4,3.0,2024-09-14T14:00:00Z,74,16,0,0,0,0,4,0,791285,1,1,0,0.0,1,223672,338191,114519,60,True,1,2024-25,4,6.0,0.0,,,,,,,,,,,,DEF,andrew robertson,2,83.33333333333333,68.0,6.0,5.2,0.2939999999999997,0.06,0.2340000000000001,0.8,0.0,77.19999999999999,0.965,7.200000000000001,4.052999999999999,7.669999999999999,5.75,1,0,0
Antoine Semenyo,MID,Bournemouth,5.0,0,0,4,0,2.3,78,0.03,0.13,0.1,0.78,32,1,0,1.2,0.0,2024-09-14T19:00:00Z,90,6,0,0,0,0,4,0,610621,1,1,0,13.0,1,265962,389980,124018,56,True,1,2024-25,4,5.6,0.0,,,,,,,,,,,,MID,antoine semenyo,2,90.0,90.0,6.333333333333333,4.4,0.6299999999999997,0.2960000000000001,0.3340000000000002,0.0,0.0,90.0,1.0,7.306666666666667,3.92,6.149999999999999,5.57,1,0,0
Chris Wood,FWD,Nott'm Forest,4.7,0,0,4,1,10.6,447,0.01,0.14,0.13,0.85,36,0,0,3.2,4.4,2024-09-14T14:00:00Z,80,12,0,0,0,0,4,0,703849,1,1,0,17.0,2,-97701,115639,213340,61,False,0,2024-25,4,6.1,0.0,,,,,,,,,,,,FWD,chris wood,2,78.33333333333333,80.6,6.333333333333333,6.8,0.6779999999999996,0.6540000000000001,0.0240000000000001,0.4,0.0,79.24,0.9905,7.506666666666666,4.229435,6.389999999999998,5.37,1,0,0
Cristian Romero,DEF,Spurs,3.8,0,0,19,0,13.3,498,0.03,0.07,0.04,0.73,39,1,0,5.8,25.2,2024-09-15T13:00:00Z,90,1,0,0,0,0,4,0,1016643,1,1,0,19.0,2,71982,193167,121185,51,True,0,2024-25,4,5.1,0.0,,,,,,,,,,,,DEF,cristian romero,2,90.0,90.0,5.666666666666667,4.6,0.2979999999999995,0.2259999999999999,0.0720000000000001,0.4,0.0,90.0,1.0,6.573333333333334,3.5699999999999994,6.089999999999998,5.56,1,0,0
David Raya Martin,GK,Arsenal,8.2,0,2,33,1,0.0,15,0.0,0.0,0.0,0.74,39,0,0,4.1,41.0,2024-09-15T13:00:00Z,90,18,0,0,0,0,4,5,2823889,1,1,0,0.0,9,-96805,175717,272522,55,False,0,2024-25,4,5.5,0.0,,,,,,,,,,,,GK,david raya martin,2,90.0,90.0,6.666666666666667,5.4,0.0019999999999996,0.0,0.002,0.6,2.4,90.0,1.0,7.533333333333334,3.85,5.409999999999998,5.75,1,0,0
Eberechi Eze,MID,Crystal Palace,4.5,0,0,17,0,49.7,199,0.34,0.8,0.46,1.23,34,2,0,8.3,11.6,2024-09-14T14:00:00Z,90,11,0,0,0,0,4,0,2697458,1,2,2,22.0,2,183729,447894,264165,69,True,0,2024-25,4,6.9,0.0,,,,,,,,,,,,MID,eberechi eze,2,90.0,88.8,4.666666666666667,8.0,0.6339999999999997,0.422,0.2120000000000001,0.2,0.0,89.52000000000001,1.0,6.493333333333334,4.83,6.169999999999998,5.89,1,0,0
Erling Haaland,FWD,Man City,10.9,0,3,58,0,1.5,351,0.01,1.11,1.1,0.96,37,1,2,15.9,72.2,2024-09-14T14:00:00Z,90,4,0,0,0,0,4,0,6928685,1,1,2,85.0,13,684275,791306,107031,152,True,0,2024-25,4,15.2,0.0,,,,,,,,,,,,FWD,erling haaland,2,89.66666666666667,89.8,13.666666666666666,11.2,1.2879999999999998,1.2519999999999998,0.0360000000000001,0.4,0.0,89.72,1.0,14.0,10.64,9.44,10.3,1,1,0
Gabriel dos Santos Magalhães,DEF,Arsenal,8.2,0,3,40,1,0.7,3,0.0,0.27,0.27,0.74,39,0,1,9.4,58.0,2024-09-15T13:00:00Z,90,18,0,0,0,0,4,0,1208425,1,1,0,35.0,15,-115425,61041,176466,60,False,0,2024-25,4,6.0,0.0,,,,,,,,,,,,DEF,gabriel dos santos magalhães,2,90.0,83.6,4.666666666666667,4.4,0.1179999999999994,0.1019999999999996,0.0160000000000002,0.6,0.0,87.44,1.0,6.133333333333335,4.199999999999999,5.989999999999997,5.47,1,0,0
Ismeal Kabia,MID,Arsenal,2.1,0,0,0,0,0.0,659,0.0,0.0,0.0,0.0,39,0,0,0.0,0.0,2024-09-15T13:00:00Z,0,18,0,0,0,0,4,0,0,0,1,0,0.0,0,0,0,0,45,False,0,2024-25,4,4.5,0.0,,,,,,,,,,,,MID,ismeal kabia,2,60.0,63.75,4.0,4.0,0.6549999999999991,0.5924999999999995,0.0625,0.0,0.0,61.5,0.76875,5.0,2.4215625000000003,6.274999999999996,5.0,0,0,0
João Pedro Junqueira de Jesus,FWD,Brighton,5.0,0,0,0,0,0.0,129,0.0,0.0,0.0,0.0,33,0,0,0.0,0.0,2024-09-14T14:00:00Z,0,10,0,0,0,0,4,0,3431592,0,0,0,0.0,0,1191366,1305135,113769,57,True,0,2024-25,4,5.7,0.0,,,,,,,,,,,,FWD,joão pedro junqueira de jesus,2,87.0,88.2,6.0,5.0,0.5919999999999994,0.3399999999999997,0.2520000000000001,0.2,0.0,87.47999999999999,1.0,7.080000000000001,3.99,5.959999999999997,4.8,0,0,0
Kevin De Bruyne,MID,Man City,5.5,0,0,7,0,67.4,345,0.56,0.62,0.06,0.96,37,1,0,9.6,13.8,2024-09-14T14:00:00Z,90,4,0,0,0,0,4,0,1153942,1,1,2,15.0,2,-68716,154258,222974,96,True,0,2024-25,4,9.6,0.0,,,,,,,,,,,,MID,kevin de bruyne,2,88.66666666666667,84.8,5.333333333333333,4.8,0.8479999999999993,0.3359999999999997,0.512,0.4,0.0,87.12,1.0,8.106666666666666,6.72,7.239999999999997,6.54,1,0,1
Marcus Tavernier,MID,Bournemouth,4.0,0,0,9,1,34.7,83,0.26,0.36,0.1,0.48,32,0,0,7.4,14.8,2024-09-14T19:00:00Z,82,6,0,0,0,0,4,0,30733,1,1,0,24.0,3,-1922,7743,9665,55,True,0,2024-25,4,5.5,0.0,,,,,,,,,,,,MID,marcus tavernier,2,88.0,69.0,4.333333333333333,3.0,0.5139999999999991,0.4119999999999999,0.102,0.0,0.0,80.4,1.0,5.666666666666667,3.85,5.569999999999996,5.04,1,0,0
Pedro Porro,DEF,Spurs,3.5,0,0,18,0,57.1,495,0.07,0.07,0.0,0.73,39,1,0,9.7,38.0,2024-09-15T13:00:00Z,90,1,0,0,0,0,4,0,3445940,1,1,0,2.0,2,-169685,226685,396370,55,True,0,2024-25,4,5.5,0.0,,,,,,,,,,,,DEF,pedro porro,2,90.0,87.0,5.333333333333333,6.2,0.2539999999999988,0.0979999999999998,0.1559999999999998,0.4,0.0,88.80000000000001,1.0,6.466666666666667,3.85,5.869999999999994,4.89,0,0,0
Trent Alexander-Arnold,DEF,Liverpool,5.7,0,0,1,0,62.0,311,0.33,0.35,0.02,0.44,36,1,0,8.9,23.4,2024-09-14T14:00:00Z,90,16,0,0,0,0,4,0,3246316,1,1,0,4.0,1,149651,396847,247196,70,True,1,2024-25,4,7.0,0.0,,,,,,,,,,,,DEF,trent alexander-arnold,2,74.0,76.4,6.666666666666667,5.4,0.443999999999999,0.1,0.344,0.8,0.0,74.96000000000001,0.937,8.133333333333335,4.5913,8.419999999999995,6.36,1,0,0
Alisson Ramses Becker,GK,Liverpool,2.2,0,0,0,0,0.0,310,0.0,0.0,0.0,0.0,46,0,0,0.0,0.0,2024-09-21T14:00:00Z,0,3,0,0,0,0,5,0,1276919,0,0,3,0.0,0,-129360,65600,194960,55,True,0,2024-25,5,5.5,0.0,,,,,,,,,,,,GK,alisson ramses becker,2,90.0,90.0,5.333333333333333,5.8,0.0,0.0,0.0,0.8,2.2,90.0,1.0,6.466666666666667,3.85,6.2,5.68,0,0,0
Andrew Robertson,DEF,Liverpool,5.3,0,0,33,1,24.1,335,0.02,0.1,0.08,1.08,46,0,0,4.0,12.2,2024-09-21T14:00:00Z,90,3,0,0,0,0,5,0,810736,1,0,3,4.0,6,16778,60027,43249,60,True,0,2024-25,5,6.0,0.0,,,,,,,,,,,,DEF,andrew robertson,2,82.0,82.8,4.333333333333333,5.4,0.3119999999999997,0.06,0.2520000000000001,0.8,0.0,82.32,1.0,5.866666666666667,4.199999999999999,7.759999999999999,5.91,1,0,0
Antoine Semenyo,MID,Bournemouth,3.0,0,0,9,0,3.2,78,0.01,0.36,0.35,1.65,46,3,0,5.1,8.6,2024-09-21T14:00:00Z,69,12,0,0,0,0,5,0,622698,1,0,3,39.0,2,16404,77210,60806,56,False,0,2024-25,5,5.6,0.0,,,,,,,,,,,,MID,antoine semenyo,2,90.0,90.0,4.0,4.2,0.6199999999999998,0.29,0.3300000000000002,0.0,0.0,90.0,1.0,5.44,3.92,6.099999999999999,5.51,1,0,0
Chris Wood,FWD,Nott'm Forest,5.0,0,2,32,0,0.3,447,0.0,0.79,0.79,0.87,42,2,1,5.1,33.4,2024-09-22T13:00:00Z,71,5,0,0,0,0,5,0,772333,1,2,2,17.0,8,58689,121060,62371,61,False,0,2024-25,5,6.1,0.0,,,,,,,,,,,,FWD,chris wood,2,81.33333333333333,78.6,4.0,6.8,0.5399999999999996,0.514,0.0260000000000002,0.6,0.0,80.24,1.0,5.640000000000001,4.27,5.6999999999999975,4.69,0,0,0
Cristian Romero,DEF,Spurs,4.8,0,0,14,0,2.4,498,0.03,0.1,0.07,0.8,49,1,0,5.7,19.4,2024-09-21T14:00:00Z,90,4,0,0,0,0,5,0,1079613,1,1,3,35.0,2,42840,86862,44022,51,True,0,2024-25,5,5.1,0.0,,,,,,,,,,,,DEF,cristian romero,2,90.0,90.0,5.666666666666667,5.0,0.2999999999999996,0.222,0.0780000000000001,0.4,0.0,90.0,1.0,6.573333333333334,3.5699999999999994,6.099999999999998,5.55,1,0,0
David Raya Martin,GK,Arsenal,6.2,0,0,21,0,0.0,15,0.0,0.0,0.0,2.16,47,2,0,6.3,63.0,2024-09-22T15:30:00Z,90,13,0,0,0,0,5,9,2945014,1,2,2,0.0,4,76246,157350,81104,55,False,0,2024-25,5,5.5,0.0,,,,,,,,,,,,GK,david raya martin,2,90.0,90.0,7.0,6.2,0.0019999999999996,0.0,0.002,0.6,3.0,90.0,1.0,7.800000000000001,3.85,5.409999999999998,5.95,1,0,0
Diogo Dalot Teixeira,DEF,Man Utd,7.0,0,3,35,1,35.8,369,0.23,0.23,0.0,1.01,43,0,0,6.0,22.6,2024-09-21T16:30:00Z,90,7,0,0,0,0,5,0,878999,1,0,0,2.0,9,72324,104530,32206,50,False,0,2024-25,5,5.0,0.0,,,,,,,,,,,,DEF,diogo dalot teixeira,2,90.0,90.0,4.333333333333333,7.0,0.2259999999999996,0.1099999999999999,0.1160000000000001,0.6,0.0,90.0,1.0,5.466666666666667,3.5,6.529999999999998,5.86,1,0,0
Eberechi Eze,MID,Crystal Palace,4.2,0,0,8,1,32.1,199,0.13,0.63,0.5,1.7,43,0,0,6.6,11.2,2024-09-21T16:30:00Z,90,14,0,0,0,0,5,0,2536985,1,0,0,23.0,3,-159290,74889,234179,69,True,0,2024-25,5,6.9,0.0,,,,,,,,,,,,MID,eberechi eze,2,90.0,89.4,4.666666666666667,6.8,0.5079999999999997,0.356,0.1520000000000001,0.2,0.0,89.76,1.0,6.493333333333334,4.83,5.539999999999998,5.2,0,0,0
Erling Haaland,FWD,Man City,14.0,0,3,33,0,0.5,351,0.02,0.83,0.81,0.65,47,2,1,15.7,42.2,2024-09-22T15:30:00Z,90,1,0,0,0,0,5,0,7253417,1,2,2,114.0,9,274627,329275,54648,153,True,0,2024-25,5,15.3,0.0,,,,,,,,,,,,FWD,erling haaland,2,89.66666666666667,89.8,15.666666666666666,11.2,1.1619999999999997,1.1279999999999997,0.0340000000000001,0.2,0.0,89.72,1.0,14.0,10.71,8.809999999999999,9.73,1,1,0
James Maddison,MID,Spurs,5.2,1,3,48,0,46.3,494,1.08,2.0,0.92,0.8,49,1,1,16.2,59.6,2024-09-21T14:00:00Z,87,4,0,0,0,0,5,0,430205,1,1,3,56.0,12,-11791,28364,40155,75,True,1,2024-25,5,7.5,0.0,,,,,,,,,,,,MID,james maddison,2,79.33333333333333,80.6,3.0,4.0,0.7199999999999993,0.2919999999999997,0.428,0.4,0.0,79.84,0.998,5.4,5.2395,6.599999999999996,5.61,1,0,0
Jean-Philippe Mateta,FWD,Crystal Palace,4.5,0,0,3,0,10.4,207,0.0,0.0,0.0,1.42,43,0,0,1.4,2.0,2024-09-21T16:30:00Z,45,14,0,0,0,0,5,0,495230,1,0,0,2.0,1,73760,108577,34817,74,True,0,2024-25,5,7.4,0.0,,,,,,,,,,,,FWD,jean-philippe mateta,2,82.66666666666667,73.6,5.666666666666667,7.6,0.7079999999999993,0.6459999999999998,0.0620000000000001,0.2,0.0,79.03999999999999,0.988,7.493333333333334,5.117839999999999,6.5399999999999965,5.46,0,0,0
Marcus Tavernier,MID,Bournemouth,3.5,0,0,17,0,41.8,83,0.07,0.09,0.02,2.06,46,3,0,6.0,16.0,2024-09-21T14:00:00Z,90,12,0,0,0,0,5,0,35852,1,0,3,2.0,2,3763,8482,4719,55,False,0,2024-25,5,5.5,0.0,,,,,,,,,,,,MID,marcus tavernier,2,85.33333333333333,80.8,4.666666666666667,3.4,0.5859999999999992,0.4319999999999999,0.154,0.2,0.0,83.52,1.0,5.933333333333334,3.85,5.929999999999996,5.48,1,0,0
Mitoma Kaoru,MID,Brighton,3.3,1,0,21,0,34.7,136,0.22,0.22,0.0,1.53,42,2,0,5.8,15.6,2024-09-22T13:00:00Z,90,16,0,0,0,0,5,0,1081542,1,2,2,8.0,5,2864,86267,83403,67,True,0,2024-25,5,6.7,0.0,,,,,,,,,,,,MID,mitoma kaoru,2,87.66666666666667,87.75,3.6666666666666665,4.75,0.609999999999999,0.4149999999999998,0.1950000000000001,0.5,0.0,87.7,1.0,5.613333333333333,4.69,6.049999999999995,5.9,1,0,0
Nikola Milenković,DEF,Nott'm Forest,3.8,0,0,6,0,0.2,573,0.0,0.0,0.0,0.94,42,2,0,3.1,31.2,2024-09-22T13:00:00Z,90,5,0,0,0,0,5,0,28995,1,2,2,0.0,1,4466,5657,1191,45,False,0,2024-25,5,4.5,0.0,,,,,,,,,,,,DEF,nikola milenković,2,90.0,67.5,4.666666666666667,3.5,0.2499999999999986,0.2449999999999999,0.0049999999999999,0.5,0.0,81.0,1.0,5.533333333333334,3.15,6.249999999999993,5.74,1,0,0
Trent Alexander-Arnold,DEF,Liverpool,6.5,1,2,39,1,26.0,311,0.13,0.13,0.0,1.08,46,0,0,6.3,35.2,2024-09-21T14:00:00Z,90,3,0,0,0,0,5,0,3285302,1,0,3,2.0,11,10641,117298,106657,71,True,0,2024-25,5,7.1,0.0,,,,,,,,,,,,DEF,trent alexander-arnold,2,78.66666666666667,76.4,4.333333333333333,5.4,0.497999999999999,0.096,0.402,0.8,0.0,77.76,0.972,6.306666666666667,4.83084,8.689999999999994,6.67,1,0,1
André Onana,GK,Man Utd,6.5,0,0,11,0,0.0,383,0.0,0.0,0.0,4.59,57,3,0,5.2,52.2,2024-09-29T15:30:00Z,90,18,0,0,0,0,6,7,610990,1,3,0,0.0,3,31926,66843,34917,50,True,0,2024-25,6,5.0,0.0,,,,,,,,,,,,GK,andré onana,2,90.0,90.0,7.666666666666667,6.0,0.0,0.0,0.0,0.6,2.2,90.0,1.0,8.133333333333333,3.5,5.4,5.46,0,0,0
Antoine Semenyo,MID,Bournemouth,3.8,0,0,24,0,23.6,78,0.1,0.3,0.2,0.6,52,1,1,9.4,39.8,2024-09-30T19:00:00Z,88,17,0,0,0,0,6,0,1075028,1,1,3,31.0,7,432986,521955,88969,57,True,0,2024-25,6,5.7,0.0,,,,,,,,,,,,MID,antoine semenyo,2,83.0,85.8,3.0,4.4,0.5999999999999999,0.332,0.2680000000000002,0.0,0.0,84.12,1.0,4.680000000000001,3.99,5.999999999999999,5.31,1,0,0
Bryan Mbeumo,MID,Brentford,6.3,0,2,27,0,21.6,99,0.41,0.66,0.25,0.99,53,1,1,10.2,42.4,2024-09-28T14:00:00Z,90,19,0,0,0,0,6,0,2091760,1,1,1,38.0,9,1032871,1092772,59901,73,True,0,2024-25,6,7.3,0.0,,,,,,,,,,,,MID,bryan mbeumo,2,90.0,89.8,8.0,6.8,0.6079999999999998,0.352,0.2560000000000002,0.0,0.0,89.92,1.0,9.32,5.109999999999999,6.039999999999999,5.62,1,0,0
Chris Wood,FWD,Nott'm Forest,4.0,0,0,3,0,1.3,447,0.02,0.02,0.0,1.33,59,1,0,0.5,3.4,2024-09-28T14:00:00Z,90,9,0,0,0,0,6,0,1157052,1,1,0,0.0,2,368242,488821,120579,62,True,0,2024-25,6,6.2,0.0,,,,,,,,,,,,FWD,chris wood,2,80.33333333333333,77.2,6.333333333333333,5.8,0.4939999999999996,0.4680000000000001,0.0260000000000002,0.6,0.0,79.08,0.9885,7.546666666666667,4.290089999999999,5.469999999999998,4.42,0,0,0
David Raya Martin,GK,Arsenal,4.7,0,0,1,0,0.0,15,0.0,0.0,0.0,0.32,51,2,0,1.1,10.8,2024-09-28T14:00:00Z,90,11,0,0,0,0,6,1,3172537,1,2,4,0.0,1,187739,492448,304709,56,True,0,2024-25,6,5.6,0.0,,,,,,,,,,,,GK,david raya martin,2,90.0,90.0,5.0,6.6,0.0019999999999996,0.0,0.002,0.6,4.6,90.0,1.0,6.24,3.92,5.409999999999998,6.53,1,0,0
Diogo Dalot Teixeira,DEF,Man Utd,5.2,0,0,-1,0,2.8,369,0.02,0.02,0.0,4.59,57,3,0,1.9,16.6,2024-09-29T15:30:00Z,90,18,0,0,0,0,6,0,1021255,1,3,0,0.0,0,126895,190554,63659,50,True,1,2024-25,6,5.0,0.0,,,,,,,,,,,,DEF,diogo dalot teixeira,2,90.0,90.0,7.0,5.8,0.1639999999999996,0.0039999999999999,0.1600000000000001,0.6,0.0,90.0,1.0,7.6,3.5,6.219999999999998,5.34,1,0,0
Eberechi Eze,MID,Crystal Palace,4.2,0,0,15,0,25.0,199,0.09,0.3,0.21,0.89,55,2,0,5.4,12.2,2024-09-28T14:00:00Z,90,8,0,0,0,0,6,0,2155173,1,1,2,17.0,2,-396302,94044,490346,69,False,0,2024-25,6,6.9,0.0,,,,,,,,,,,,MID,eberechi eze,2,90.0,90.0,5.0,3.8,0.5519999999999996,0.4019999999999999,0.1500000000000001,0.2,0.0,90.0,1.0,6.76,4.83,5.759999999999998,5.51,1,0,0
Erling Haaland,FWD,Man City,8.5,0,0,12,0,12.3,351,0.1,0.55,0.45,1.57,58,1,0,8.4,14.8,2024-09-28T11:30:00Z,90,15,0,0,0,0,6,0,7583749,1,1,1,57.0,2,258724,286015,27291,153,False,0,2024-25,6,15.3,0.0,,,,,,,,,,,,FWD,erling haaland,2,90.0,89.8,13.0,12.6,1.174,1.138,0.0360000000000001,0.2,0.0,89.92,1.0,14.0,10.71,8.87,9.8,1,1,0
Gabriel dos Santos Magalhães,DEF,Arsenal,9.2,0,0,7,0,7.3,3,0.05,0.32,0.27,0.32,51,2,0,8.4,19.6,2024-09-28T14:00:00Z,90,11,0,0,0,0,6,0,2452527,1,2,4,57.0,1,1006599,1038827,32228,61,True,0,2024-25,6,6.1,0.0,,,,,,,,,,,,DEF,gabriel dos santos magalhães,2,90.0,90.0,8.0,7.2,0.2119999999999994,0.1999999999999996,0.0120000000000002,0.6,0.0,90.0,1.0,8.84,4.27,6.459999999999997,6.27,1,0,0
James Maddison,MID,Spurs,4.5,0,0,14,1,24.2,494,0.08,0.53,0.45,0.77,57,0,0,6.8,9.0,2024-09-29T15:30:00Z,76,14,0,0,0,0,6,0,487127,1,3,0,35.0,3,46611,93287,46676,75,False,0,2024-25,6,7.5,0.0,,,,,,,,,,,,MID,james maddison,2,82.33333333333333,80.6,5.0,5.2,0.8559999999999992,0.2839999999999997,0.5720000000000001,0.2,0.0,81.64,1.0,7.0,5.25,7.279999999999996,6.08,1,0,0
Lisandro Martínez,DEF,Man Utd,2.8,0,0,2,0,10.9,380,0.03,0.27,0.24,4.59,57,3,0,5.5,17.2,2024-09-29T15:30:00Z,90,18,0,0,0,0,6,0,520368,1,3,0,27.0,0,-5688,30272,35960,45,True,1,2024-25,6,4.5,0.0,,,,,,,,,,,,DEF,lisandro martínez,2,85.33333333333333,87.2,3.6666666666666665,3.8,0.1559999999999991,0.1099999999999998,0.0459999999999999,0.6,0.0,86.08,1.0,4.733333333333333,3.15,6.179999999999996,5.52,1,0,0
Marcus Tavernier,MID,Bournemouth,3.5,1,0,18,0,25.6,83,0.11,0.15,0.04,0.58,52,1,0,5.7,22.4,2024-09-30T19:00:00Z,75,17,0,0,0,0,6,0,46358,1,1,3,9.0,4,9278,16276,6998,55,True,1,2024-25,6,5.5,0.0,,,,,,,,,,,,MID,marcus tavernier,2,87.33333333333333,87.2,2.333333333333333,3.6,0.5499999999999992,0.4079999999999999,0.142,0.2,0.0,87.28,1.0,4.066666666666667,3.85,5.749999999999996,5.42,1,0,0
Nicolas Jackson,FWD,Chelsea,7.0,1,0,15,0,10.7,180,0.06,1.43,1.37,0.97,54,2,0,7.5,18.2,2024-09-28T14:00:00Z,78,5,0,0,0,0,6,0,1599514,1,2,4,46.0,5,812718,927970,115252,78,True,0,2024-25,6,7.8,0.0,,,,,,,,,,,,FWD,nicolas jackson,2,77.0,72.6,7.666666666666667,7.0,0.637999999999999,0.61,0.0279999999999999,0.4,0.0,75.24,0.9405,9.253333333333334,5.135129999999999,6.189999999999995,5.16,0,0,0
Nikola Milenković,DEF,Nott'm Forest,3.0,0,0,9,0,0.7,573,0.0,0.14,0.14,1.33,59,1,0,2.5,14.0,2024-09-28T14:00:00Z,90,9,0,0,0,0,6,0,36733,1,1,0,10.0,2,7081,14450,7369,45,True,0,2024-25,6,4.5,0.0,,,,,,,,,,,,DEF,nikola milenković,2,90.0,72.0,3.0,3.0,0.1999999999999989,0.1959999999999999,0.0039999999999999,0.4,0.0,82.8,1.0,4.2,3.15,5.599999999999994,4.91,0,0,0
Trent Alexander-Arnold,DEF,Liverpool,5.3,0,0,5,0,16.8,311,0.1,0.19,0.09,0.63,60,1,0,3.8,9.0,2024-09-28T16:30:00Z,90,20,0,0,0,0,6,0,3408496,1,2,1,12.0,1,91965,248046,156081,71,False,1,2024-25,6,7.1,0.0,,,,,,,,,,,,DEF,trent alexander-arnold,2,85.0,80.4,6.0,6.4,0.435999999999999,0.036,0.4,0.8,0.0,83.16,1.0,7.640000000000001,4.97,8.379999999999995,6.81,1,0,1
Andrew Robertson,DEF,Liverpool,3.0,0,0,3,0,0.6,335,0.0,0.0,0.0,0.14,66,0,0,0.2,1.8,2024-10-05T11:30:00Z,11,7,0,0,0,0,7,0,732433,0,1,0,0.0,1,-44068,22141,66209,60,False,0,2024-25,7,6.0,0.0,,,,,,,,,,,,DEF,andrew robertson,2,84.0,84.8,3.0,4.2,0.2619999999999997,0.076,0.1860000000000001,0.6,0.0,84.32,1.0,4.800000000000001,4.199999999999999,6.709999999999999,5.8,1,0,0
Antoine Semenyo,MID,Bournemouth,3.5,0,0,13,0,15.0,78,0.04,0.3,0.26,0.79,68,1,0,5.2,13.2,2024-10-05T14:00:00Z,90,11,0,0,0,0,7,0,1178610,1,0,1,24.0,2,102342,166631,64289,57,False,0,2024-25,7,5.7,0.0,,,,,,,,,,,,MID,antoine semenyo,2,82.33333333333333,85.4,3.333333333333333,4.2,0.5639999999999998,0.2840000000000001,0.2800000000000001,0.0,0.0,83.56,1.0,4.946666666666667,3.99,5.819999999999999,5.03,1,0,0
Cole Palmer,MID,Chelsea,10.5,1,2,32,0,69.9,182,0.1,0.49,0.39,0.85,65,1,0,16.2,36.0,2024-10-06T13:00:00Z,90,16,0,0,0,0,7,0,5117243,1,1,1,56.0,6,934716,966767,32051,107,True,1,2024-25,7,10.7,0.0,,,,,,,,,,,,MID,cole palmer,2,81.0,83.0,12.0,11.8,1.0219999999999996,0.7220000000000001,0.3000000000000001,0.4,0.0,81.80000000000001,1.0,13.880000000000004,7.489999999999999,8.109999999999998,7.86,1,0,1
Danny Welbeck,FWD,Brighton,4.5,0,2,31,0,25.2,148,0.02,1.15,1.13,1.37,64,2,1,10.3,35.0,2024-10-06T15:30:00Z,90,18,0,0,0,0,7,0,2049570,1,2,3,43.0,8,8107,206636,198529,58,True,0,2024-25,7,5.8,0.0,,,,,,,,,,,,FWD,danny welbeck,2,84.66666666666667,83.2,3.333333333333333,4.2,0.4799999999999998,0.434,0.046,0.2,0.0,84.08000000000001,1.0,4.986666666666666,4.06,5.399999999999999,4.38,0,0,0
David Raya Martin,GK,Arsenal,5.5,0,0,6,0,0.0,15,0.0,0.0,0.0,0.65,61,1,0,0.8,8.0,2024-10-05T14:00:00Z,90,17,0,0,0,0,7,1,3344605,1,1,3,0.0,2,123059,192663,69604,56,True,0,2024-25,7,5.6,0.0,,,,,,,,,,,,GK,david raya martin,2,90.0,90.0,4.666666666666667,5.2,0.0019999999999996,0.0,0.002,0.4,4.2,90.0,1.0,5.973333333333334,3.92,4.609999999999998,5.37,1,0,0
Dwight McNeil,MID,Everton,7.3,0,0,6,1,22.6,230,0.09,0.13,0.04,2.05,67,0,0,2.9,2.6,2024-10-05T16:30:00Z,90,15,0,0,0,0,7,0,772128,1,0,0,4.0,2,440228,472434,32206,56,True,1,2024-25,7,5.6,0.0,,,,,,,,,,,,MID,dwight mcneil,2,87.33333333333333,88.4,9.666666666666666,7.4,0.6579999999999997,0.0979999999999999,0.562,0.0,0.0,87.76,1.0,9.973333333333333,3.92,6.289999999999998,5.1,1,0,0
Erling Haaland,FWD,Man City,7.5,0,0,10,0,23.6,351,0.09,0.34,0.25,2.6,69,2,0,7.5,9.2,2024-10-05T14:00:00Z,90,9,0,0,0,0,7,0,7704044,1,2,3,42.0,2,59763,132448,72685,154,True,0,2024-25,7,15.4,0.0,,,,,,,,,,,,FWD,erling haaland,2,90.0,89.8,8.0,11.6,1.2279999999999998,1.172,0.0560000000000001,0.0,0.0,89.92,1.0,12.56,10.78,9.14,10.01,1,1,0
Ibrahima Konaté,DEF,Liverpool,6.3,0,0,23,1,1.2,326,0.01,0.01,0.0,0.64,66,0,0,2.1,19.4,2024-10-05T11:30:00Z,90,7,0,0,0,0,7,0,1146427,1,1,0,0.0,6,259338,292977,33639,52,False,0,2024-25,7,5.2,0.0,,,,,,,,,,,,DEF,ibrahima konaté,2,84.66666666666667,86.8,5.666666666666667,6.0,0.0959999999999993,0.0799999999999996,0.0160000000000001,0.6,0.0,85.52000000000001,1.0,6.613333333333334,3.64,5.879999999999997,5.19,1,0,0
James Maddison,MID,Spurs,6.8,0,3,33,0,3.0,494,0.03,0.26,0.23,1.82,64,3,1,6.7,34.0,2024-10-06T15:30:00Z,84,5,0,0,0,0,7,0,509737,1,2,3,30.0,10,14213,62696,48483,75,False,0,2024-25,7,7.5,0.0,,,,,,,,,,,,MID,james maddison,2,80.66666666666667,80.2,5.666666666666667,4.8,0.7619999999999992,0.3699999999999997,0.3920000000000001,0.4,0.0,80.48,1.0,7.533333333333334,5.25,6.809999999999996,5.97,1,0,0
Lisandro Martínez,DEF,Man Utd,2.8,0,0,0,0,0.0,380,0.0,0.0,0.0,0.0,62,0,0,0.0,0.0,2024-10-06T13:00:00Z,0,2,0,0,0,0,7,0,491160,0,0,0,0.0,0,-32962,13259,46221,45,False,0,2024-25,7,4.5,0.0,,,,,,,,,,,,DEF,lisandro martínez,2,85.33333333333333,87.2,3.6666666666666665,2.4,0.2059999999999991,0.1579999999999998,0.0479999999999999,0.4,0.0,86.08,1.0,4.733333333333333,3.15,5.629999999999996,4.86,0,0,0
Marcus Tavernier,MID,Bournemouth,3.3,0,0,5,0,30.4,83,0.06,0.2,0.14,0.79,68,1,0,4.9,11.8,2024-10-05T14:00:00Z,90,11,0,0,0,0,7,0,47725,1,0,1,7.0,2,929,6946,6017,55,False,0,2024-25,7,5.5,0.0,,,,,,,,,,,,MID,marcus tavernier,2,82.33333333333333,84.2,3.0,4.0,0.4719999999999991,0.3319999999999999,0.14,0.2,0.0,83.08,1.0,4.6000000000000005,3.85,5.359999999999996,4.78,0,0,0
Matthijs de Ligt,DEF,Man Utd,5.8,0,0,4,0,0.4,593,0.0,0.0,0.0,0.26,62,0,0,1.5,14.2,2024-10-06T13:00:00Z,45,2,0,0,0,0,7,0,503232,0,0,0,0.0,1,-13746,38272,52018,50,False,0,2024-25,7,5.0,0.0,,,,,,,,,,,,DEF,matthijs de ligt,2,88.66666666666667,69.0,7.333333333333333,4.6,0.2259999999999991,0.2239999999999998,0.002,0.4,0.0,80.80000000000001,1.0,7.866666666666667,3.5,5.729999999999995,5.12,1,0,0
Nicolas Jackson,FWD,Chelsea,6.0,0,0,7,0,4.9,180,0.03,0.53,0.5,0.59,65,1,0,5.2,8.2,2024-10-06T13:00:00Z,80,16,0,0,0,0,7,0,1965734,1,1,1,39.0,2,349030,446693,97663,79,True,0,2024-25,7,7.9,0.0,,,,,,,,,,,,FWD,nicolas jackson,2,73.0,75.2,7.333333333333333,7.6,0.817999999999999,0.79,0.0279999999999999,0.4,0.0,73.88,0.9235,9.026666666666667,5.106955,7.0899999999999945,5.96,1,0,0
Nikola Milenković,DEF,Nott'm Forest,3.5,1,0,18,0,10.6,573,0.07,0.07,0.0,2.27,65,1,0,4.4,23.2,2024-10-06T13:00:00Z,90,6,0,0,0,0,7,0,36511,1,1,1,10.0,5,-681,1769,2450,45,False,0,2024-25,7,4.5,0.0,,,,,,,,,,,,DEF,nikola milenković,2,90.0,90.0,3.0,3.4,0.2279999999999989,0.2239999999999999,0.0039999999999999,0.4,0.0,90.0,1.0,4.2,3.15,5.739999999999995,5.25,1,0,0
Robert Sánchez,GK,Chelsea,7.8,0,0,21,0,0.0,185,0.0,0.0,0.0,0.85,65,1,0,5.6,56.4,2024-10-06T13:00:00Z,90,16,0,0,0,0,7,8,1272266,1,1,1,0.0,4,127223,181778,54555,47,True,0,2024-25,7,4.7,0.0,,,,,,,,,,,,GK,robert sánchez,2,90.0,90.0,9.0,6.0,0.0,0.0,0.0,0.4,4.4,90.0,1.0,9.08,3.29,4.6,5.04,0,0,0
Adama Traoré,MID,Fulham,2.3,0,0,12,0,21.7,239,0.27,0.27,0.0,1.51,72,2,0,3.4,4.4,2024-10-19T14:00:00Z,67,2,0,0,0,0,8,0,404709,1,3,1,8.0,2,13281,47349,34068,51,True,0,2024-25,8,5.1,0.0,,,,,,,,,,,,MID,adama traoré,2,77.0,82.2,3.0,4.0,0.6139999999999999,0.428,0.186,0.2,0.0,79.08,0.9885,4.44,3.5289449999999998,6.069999999999999,5.31,0,0,0
André Onana,GK,Man Utd,3.7,0,0,10,0,13.0,383,0.19,0.19,0.0,0.86,75,1,0,2.4,10.6,2024-10-19T14:00:00Z,90,4,0,0,0,0,8,1,731027,1,1,2,0.0,2,95447,115768,20321,50,True,0,2024-25,8,5.0,0.0,,,,,,,,,,,,GK,andré onana,2,90.0,90.0,6.0,6.4,0.0,0.0,0.0,0.6,3.0,90.0,1.0,6.800000000000001,3.5,5.4,5.73,1,0,0
Anthony Gordon,MID,Newcastle,4.0,0,0,11,0,39.7,398,0.17,0.66,0.49,0.9,76,1,0,11.6,13.6,2024-10-19T14:00:00Z,84,5,0,0,0,0,8,0,1110085,1,1,0,63.0,2,-43319,45681,89000,73,True,0,2024-25,8,7.3,0.0,,,,,,,,,,,,MID,anthony gordon,2,87.33333333333333,88.4,4.0,3.2,0.6279999999999997,0.4660000000000001,0.1620000000000001,0.2,0.0,87.76,1.0,6.12,5.109999999999999,6.139999999999999,5.9,1,0,0
Brennan Johnson,MID,Spurs,7.2,0,0,0,0,22.7,491,0.04,0.93,0.89,0.78,79,1,0,7.2,2.8,2024-10-19T11:30:00Z,90,19,0,0,0,0,8,0,983486,1,1,4,46.0,2,584903,607511,22608,66,True,0,2024-25,8,6.6,0.0,,,,,,,,,,,,MID,brennan johnson,2,78.0,69.2,8.333333333333334,6.2,0.6279999999999997,0.5579999999999998,0.0700000000000002,0.2,0.0,74.48,0.931,9.306666666666668,4.30122,6.139999999999999,5.53,1,0,0
Bryan Mbeumo,MID,Brentford,6.3,0,0,15,0,33.7,99,0.05,0.08,0.03,1.33,75,2,0,6.2,24.4,2024-10-19T14:00:00Z,90,14,0,0,0,0,8,0,3066293,1,1,2,4.0,2,396157,454941,58784,75,False,0,2024-25,8,7.5,0.0,,,,,,,,,,,,MID,bryan mbeumo,2,90.0,90.0,8.333333333333334,8.2,0.8279999999999997,0.5459999999999999,0.2820000000000002,0.0,0.0,90.0,1.0,9.666666666666668,5.25,7.139999999999999,7.05,1,0,1
Cole Palmer,MID,Chelsea,10.5,0,0,8,0,16.3,182,0.17,0.55,0.38,1.94,74,2,0,3.7,2.2,2024-10-20T15:30:00Z,90,12,0,0,0,0,8,0,5339039,1,1,2,18.0,2,206797,313974,107177,108,False,0,2024-25,8,10.8,0.0,,,,,,,,,,,,MID,cole palmer,2,81.0,84.6,13.0,9.6,0.9559999999999992,0.6660000000000001,0.2900000000000001,0.4,0.0,82.44,1.0,14.0,7.56,7.779999999999997,7.51,1,1,0
Diogo Dalot Teixeira,DEF,Man Utd,2.3,0,0,6,0,3.6,369,0.01,0.18,0.17,0.86,75,1,0,2.9,8.6,2024-10-19T14:00:00Z,90,4,0,0,0,0,8,0,1073646,1,1,2,17.0,1,82350,121100,38750,51,True,1,2024-25,8,5.1,0.0,,,,,,,,,,,,DEF,diogo dalot teixeira,2,90.0,90.0,5.0,5.4,0.1519999999999996,0.0,0.1520000000000001,0.6,0.0,90.0,1.0,6.04,3.5699999999999994,6.159999999999998,5.34,1,0,0
Dominic Solanke-Mitchell,FWD,Spurs,4.8,0,0,-1,0,12.3,82,0.03,0.11,0.08,0.78,79,1,0,2.4,5.6,2024-10-19T11:30:00Z,80,19,0,0,0,0,8,0,1456142,1,1,4,6.0,2,266291,314271,47980,77,True,0,2024-25,8,7.7,0.0,,,,,,,,,,,,FWD,dominic solanke-mitchell,2,89.0,71.4,5.666666666666667,3.8,0.7019999999999996,0.6219999999999999,0.0800000000000001,0.2,0.0,81.96000000000001,1.0,7.613333333333334,5.39,6.509999999999998,5.5,1,0,0
Gabriel dos Santos Magalhães,DEF,Arsenal,2.3,0,0,5,0,1.1,3,0.0,0.02,0.02,1.82,71,2,0,2.8,21.6,2024-10-19T16:30:00Z,90,3,0,0,0,0,8,0,2960806,1,0,2,5.0,1,128228,194032,65804,62,False,0,2024-25,8,6.2,0.0,,,,,,,,,,,,DEF,gabriel dos santos magalhães,2,90.0,90.0,3.333333333333333,5.4,0.2919999999999995,0.2699999999999997,0.0220000000000002,0.2,0.0,90.0,1.0,5.146666666666667,4.34,5.259999999999997,5.3,1,0,0
Ibrahima Konaté,DEF,Liverpool,5.2,0,0,7,0,0.4,326,0.0,0.0,0.0,0.99,74,1,0,0.7,6.2,2024-10-20T15:30:00Z,90,6,0,0,0,0,8,0,1298990,1,1,2,0.0,1,143517,200810,57293,52,True,1,2024-25,8,5.2,0.0,,,,,,,,,,,,DEF,ibrahima konaté,2,90.0,86.8,7.0,5.8,0.0559999999999993,0.0419999999999996,0.0140000000000001,0.6,0.0,88.72,1.0,7.680000000000001,3.64,5.679999999999996,4.92,0,0,0
Kai Havertz,FWD,Arsenal,4.7,0,0,4,0,3.3,4,0.02,0.06,0.04,1.82,71,2,0,1.7,3.6,2024-10-19T16:30:00Z,90,3,0,0,0,0,8,0,1980343,1,0,2,10.0,2,-176824,105725,282549,83,False,0,2024-25,8,8.3,0.0,,,,,,,,,,,,FWD,kai havertz,2,90.0,90.0,5.333333333333333,5.2,0.7519999999999991,0.7259999999999998,0.026,0.2,0.0,90.0,1.0,7.586666666666667,5.8100000000000005,6.759999999999995,6.54,1,0,0
Matthijs de Ligt,DEF,Man Utd,1.3,0,0,15,0,15.5,593,0.01,0.01,0.0,0.86,75,1,0,3.7,21.4,2024-10-19T14:00:00Z,90,4,0,0,0,0,8,0,512151,1,1,2,0.0,2,-2842,33746,36588,50,True,0,2024-25,8,5.0,0.0,,,,,,,,,,,,DEF,matthijs de ligt,2,75.0,75.8,2.6666666666666665,4.6,0.2259999999999991,0.2239999999999998,0.002,0.4,0.0,75.32,0.9415,4.133333333333333,3.29525,5.729999999999995,5.0,0,0,0
Nicolas Jackson,FWD,Chelsea,3.8,0,1,28,0,2.7,180,0.0,0.33,0.33,1.94,74,2,1,5.5,31.4,2024-10-20T15:30:00Z,90,12,0,0,0,0,8,0,1775715,1,1,2,21.0,6,-187353,116073,303426,79,False,1,2024-25,8,7.9,0.0,,,,,,,,,,,,FWD,nicolas jackson,2,73.66666666666667,77.8,7.666666666666667,6.0,0.8879999999999988,0.8560000000000001,0.0319999999999999,0.4,0.0,75.32000000000001,0.9415,9.293333333333331,5.206495000000001,7.439999999999994,6.36,1,0,0
Robert Sánchez,GK,Chelsea,2.2,0,0,13,0,0.0,185,0.01,0.01,0.0,1.94,74,2,0,2.7,26.8,2024-10-20T15:30:00Z,90,12,0,0,0,0,8,3,1249875,1,1,2,0.0,2,-23545,73581,97126,47,False,0,2024-25,8,4.7,0.0,,,,,,,,,,,,GK,robert sánchez,2,90.0,90.0,5.333333333333333,6.6,0.0,0.0,0.0,0.4,5.6,90.0,1.0,6.1466666666666665,3.29,4.6,5.44,0,0,0
Trent Alexander-Arnold,DEF,Liverpool,4.2,0,0,13,0,1.0,311,0.0,0.0,0.0,0.78,74,1,0,2.2,21.4,2024-10-20T15:30:00Z,80,6,0,0,0,0,8,0,3228663,1,1,2,0.0,2,-58727,82832,141559,71,True,0,2024-25,8,7.1,0.0,,,,,,,,,,,,DEF,trent alexander-arnold,2,90.0,87.0,6.666666666666667,5.4,0.243999999999999,0.034,0.21,0.6,0.0,88.80000000000001,1.0,8.173333333333334,4.97,6.619999999999996,6.18,1,0,0
Adama Traoré,MID,Fulham,2.3,0,0,9,1,32.3,239,0.12,0.25,0.13,0.34,87,0,0,6.3,10.0,2024-10-26T16:30:00Z,67,8,0,0,0,0,9,0,395887,1,1,1,21.0,3,-9495,22983,32478,51,False,0,2024-25,9,5.1,0.0,,,,,,,,,,,,MID,adama traoré,2,75.0,77.6,2.333333333333333,2.6,0.5879999999999999,0.398,0.19,0.2,0.0,76.03999999999999,0.9505,3.906666666666667,3.393284999999999,5.94,5.03,0,0,0
André Onana,GK,Man Utd,3.0,0,0,2,0,0.0,383,0.0,0.0,0.0,2.98,90,2,0,1.1,11.0,2024-10-27T14:00:00Z,90,19,0,0,0,0,9,1,763243,1,1,2,0.0,1,28703,53737,25034,50,False,0,2024-25,9,5.0,0.0,,,,,,,,,,,,GK,andré onana,2,90.0,90.0,3.6666666666666665,6.6,0.0379999999999996,0.0,0.0380000000000001,0.6,3.2,90.0,1.0,4.933333333333334,3.5,5.589999999999998,5.89,1,0,0
Anthony Gordon,MID,Newcastle,0.5,0,0,0,0,0.0,398,0.0,0.0,0.0,0.0,85,0,0,0.0,0.0,2024-10-27T14:00:00Z,0,6,0,0,0,0,9,0,1024836,0,1,2,0.0,0,-82745,16317,99062,73,False,0,2024-25,9,7.3,0.0,,,,,,,,,,,,MID,anthony gordon,2,88.0,87.2,4.0,3.2,0.6979999999999997,0.5640000000000001,0.1340000000000001,0.2,0.0,87.68,1.0,6.12,5.109999999999999,6.489999999999998,6.43,1,0,0
Brennan Johnson,MID,Spurs,5.7,0,0,4,0,15.2,491,0.05,0.32,0.27,0.83,86,1,0,4.3,6.0,2024-10-27T14:00:00Z,90,7,0,0,0,0,9,0,1137378,1,0,1,22.0,1,161213,228963,67750,67,False,1,2024-25,9,6.7,0.0,,,,,,,,,,,,MID,brennan johnson,2,85.0,78.2,6.666666666666667,5.8,0.7279999999999996,0.6619999999999998,0.0660000000000002,0.2,0.0,82.28,1.0,8.013333333333334,4.69,6.639999999999999,6.52,1,0,0
Cole Palmer,MID,Chelsea,6.5,0,3,35,0,21.9,182,0.26,0.31,0.05,1.92,85,1,1,8.2,40.8,2024-10-27T14:00:00Z,90,15,0,0,0,0,9,0,5783880,1,1,2,19.0,10,403200,446848,43648,109,True,0,2024-25,9,10.9,0.0,,,,,,,,,,,,MID,cole palmer,2,90.0,84.6,11.0,8.8,0.9039999999999996,0.72,0.1840000000000001,0.4,0.0,87.84,1.0,13.16,7.63,7.519999999999998,7.82,1,1,0
Diogo Dalot Teixeira,DEF,Man Utd,2.0,0,0,2,0,31.0,369,0.15,0.53,0.38,2.98,90,2,0,6.1,17.8,2024-10-27T14:00:00Z,90,19,0,0,0,0,9,0,1094619,1,1,2,12.0,1,20193,67728,47535,51,False,0,2024-25,9,5.1,0.0,,,,,,,,,,,,DEF,diogo dalot teixeira,2,90.0,90.0,2.333333333333333,5.4,0.1839999999999995,0.0339999999999999,0.1500000000000001,0.6,0.0,90.0,1.0,3.906666666666667,3.5699999999999994,6.319999999999999,5.41,1,0,0
Dominic Calvert-Lewin,FWD,Everton,2.0,0,0,6,0,11.4,220,0.02,0.14,0.12,1.24,87,1,0,2.5,4.8,2024-10-26T16:30:00Z,80,9,0,0,0,0,9,0,603119,1,1,1,9.0,2,-62286,20460,82746,60,True,0,2024-25,9,6.0,0.0,,,,,,,,,,,,FWD,dominic calvert-lewin,2,90.0,90.0,1.6666666666666667,2.6,0.5819999999999996,0.576,0.0060000000000001,0.4,0.0,90.0,1.0,3.733333333333334,4.199999999999999,5.909999999999998,5.38,1,0,0
Dominic Solanke-Mitchell,FWD,Spurs,4.3,0,0,4,0,2.8,82,0.01,0.03,0.02,0.83,86,1,0,2.3,6.0,2024-10-27T14:00:00Z,90,7,0,0,0,0,9,0,1398344,1,0,1,14.0,2,-50533,60336,110869,77,False,0,2024-25,9,7.7,0.0,,,,,,,,,,,,FWD,dominic solanke-mitchell,2,86.66666666666667,87.4,4.333333333333333,4.2,0.7239999999999996,0.6379999999999999,0.0860000000000001,0.2,0.0,86.96000000000001,1.0,6.546666666666667,5.39,6.619999999999998,5.81,1,0,0
Gabriel dos Santos Magalhães,DEF,Arsenal,1.3,0,0,7,0,0.7,3,0.0,0.0,0.0,0.39,81,1,0,0.5,4.4,2024-10-27T16:30:00Z,53,12,0,0,0,0,9,0,2845807,1,2,2,0.0,1,-102913,112341,215254,63,True,0,2024-25,9,6.3,0.0,,,,,,,,,,,,DEF,gabriel dos santos magalhães,2,90.0,90.0,1.3333333333333333,5.2,0.2699999999999994,0.2499999999999997,0.0200000000000002,0.2,0.0,90.0,1.0,3.586666666666667,4.409999999999999,5.149999999999998,5.16,1,0,0
Matthijs de Ligt,DEF,Man Utd,1.0,0,0,-3,0,1.3,593,0.01,0.01,0.0,2.98,90,2,0,0.7,1.4,2024-10-27T14:00:00Z,90,19,0,0,0,0,9,0,513818,1,1,2,4.0,0,-2948,20712,23660,50,False,1,2024-25,9,5.0,0.0,,,,,,,,,,,,DEF,matthijs de ligt,2,75.0,80.2,1.3333333333333333,5.0,0.2279999999999991,0.2239999999999998,0.004,0.4,0.0,77.08000000000001,0.9635,3.0666666666666664,3.3722500000000006,5.739999999999995,5.04,0,0,0
Mohamed Salah,MID,Liverpool,8.8,0,3,33,0,15.8,328,0.08,0.46,0.38,1.03,81,2,1,10.1,38.6,2024-10-27T16:30:00Z,90,1,0,0,0,0,9,0,4158733,1,2,2,47.0,10,124097,197491,73394,126,False,0,2024-25,9,12.6,0.0,,,,,,,,,,,,MID,mohamed salah,2,84.0,86.4,8.333333333333334,6.6,0.7119999999999991,0.6139999999999999,0.098,0.4,0.0,84.96000000000001,1.0,11.706666666666669,8.819999999999999,6.559999999999995,7.15,1,0,1
Nathan Collins,DEF,Brentford,4.0,0,0,1,0,1.3,88,0.01,0.5,0.49,1.3,83,3,0,2.9,12.4,2024-10-26T14:00:00Z,90,10,0,0,0,0,9,0,267443,1,3,4,15.0,1,50066,59315,9249,45,True,0,2024-25,9,4.5,0.0,,,,,,,,,,,,DEF,nathan collins,2,90.0,90.0,4.333333333333333,2.8,0.2359999999999989,0.1699999999999999,0.0659999999999999,0.0,0.0,90.0,1.0,5.266666666666667,3.15,4.179999999999994,4.18,0,0,0
Raúl Jiménez,FWD,Fulham,4.7,0,0,10,1,37.3,252,0.24,0.71,0.47,0.41,87,0,0,8.2,11.2,2024-10-26T16:30:00Z,90,8,0,0,0,0,9,0,1056070,1,1,1,33.0,2,341726,365568,23842,57,False,0,2024-25,9,5.7,0.0,,,,,,,,,,,,FWD,raúl jiménez,2,82.66666666666667,78.6,7.0,7.2,0.7439999999999989,0.57,0.1739999999999999,0.4,0.0,81.03999999999999,1.0,7.880000000000001,3.99,6.719999999999994,5.48,1,0,0
Robert Sánchez,GK,Chelsea,2.8,0,0,3,0,0.0,185,0.0,0.0,0.0,1.92,85,1,0,1.3,12.8,2024-10-27T14:00:00Z,90,15,0,0,0,0,9,1,1263321,1,1,2,0.0,1,6631,44752,38121,47,True,1,2024-25,9,4.7,0.0,,,,,,,,,,,,GK,robert sánchez,2,90.0,90.0,2.6666666666666665,6.6,0.001999999999999,0.0,0.002,0.4,5.8,90.0,1.0,4.013333333333334,3.29,4.609999999999995,5.51,0,0,0
Trent Alexander-Arnold,DEF,Liverpool,3.0,0,0,3,0,25.7,311,0.24,0.29,0.05,1.03,81,2,0,3.9,10.2,2024-10-27T16:30:00Z,90,1,0,0,0,0,9,0,3169441,1,2,2,3.0,1,-66775,69574,136349,71,False,0,2024-25,9,7.1,0.0,,,,,,,,,,,,DEF,trent alexander-arnold,2,86.66666666666667,88.0,3.6666666666666665,4.6,0.2419999999999991,0.034,0.208,0.4,0.0,87.2,1.0,5.773333333333333,4.97,5.809999999999995,5.12,1,0,0
Brenden Aaronson,MID,Leeds,0.0,0,0,4,0,13.5,350,0.15,0.15,0.0,3.07,91,3,0,1.8,2.6,2025-11-01T15:00:00Z,90,6,0,0,0,0,10,0,24910,1,0,3,2.0,2,12583,14755,2172,54,False,0,2025-26,10,5.4,0.0,,,,,,,,0.0,1.0,1.0,0.0,MID,brenden aaronson,3,72.33333333333333,78.6,6.0,4.8,0.4339999999999996,0.298,0.1360000000000002,0.2,0.0,74.84,0.9355,6.960000000000001,3.53619,5.169999999999998,4.23,0,0,0
Bruno Borges Fernandes,MID,Man Utd,0.0,1,0,26,0,51.7,449,0.13,0.22,0.09,1.93,97,2,0,8.7,30.4,2025-11-01T15:00:00Z,90,16,0,0,0,0,10,0,2027256,1,2,2,5.0,5,-82570,77288,159858,89,False,0,2025-26,10,8.9,0.0,,,,,,,,3.0,9.0,6.0,0.0,MID,bruno borges fernandes,3,88.0,88.0,5.0,4.8,0.6119999999999998,0.4719999999999998,0.1400000000000002,0.2,0.0,88.0,1.0,7.56,6.23,6.059999999999999,5.86,1,0,0
Cody Gakpo,MID,Liverpool,0.0,0,0,11,1,25.0,384,0.14,0.31,0.17,0.41,95,0,0,4.8,5.2,2025-11-01T20:00:00Z,90,2,0,0,0,0,10,0,1773481,1,0,2,18.0,3,-68816,114925,183741,76,True,0,2025-26,10,7.6,0.0,,,,,,,,2.0,6.0,3.0,1.0,MID,cody gakpo,3,80.0,69.0,5.333333333333333,3.8,0.6719999999999996,0.4580000000000001,0.2140000000000001,0.0,0.0,75.6,0.945,7.306666666666667,5.027399999999999,6.359999999999998,5.52,1,0,0
David Raya Martín,GK,Arsenal,0.0,0,0,20,1,0.1,1,0.0,0.0,0.0,0.42,92,0,0,0.3,2.8,2025-11-01T15:00:00Z,90,3,0,0,0,0,10,0,3816996,1,2,0,0.0,6,227648,267422,39774,58,False,0,2025-26,10,5.8,0.0,,,,,,,,1.0,0.0,7.0,0.0,GK,david raya martín,3,90.0,90.0,6.0,4.4,0.0039999999999996,0.0,0.004,0.6,1.0,90.0,1.0,7.120000000000001,4.06,5.419999999999998,5.41,1,0,0
Erling Haaland,FWD,Man City,0.0,0,3,62,0,3.8,430,0.01,1.34,1.33,0.71,96,1,2,15.7,71.6,2025-11-02T16:30:00Z,81,4,0,0,0,0,10,0,8565665,1,1,3,82.0,13,202821,228200,25379,148,True,0,2025-26,10,14.8,0.0,,,,,,,,1.0,1.0,0.0,0.0,FWD,erling haaland,3,90.0,87.0,7.666666666666667,9.6,0.6959999999999996,0.6379999999999999,0.0580000000000001,0.6,0.0,88.80000000000001,1.0,12.053333333333336,10.36,6.479999999999999,6.78,1,0,1
Igor Thiago Nascimento Rodrigues,FWD,Brentford,0.0,0,0,7,0,13.0,136,0.01,0.01,0.0,0.7,93,2,0,2.4,7.2,2025-11-01T15:00:00Z,90,8,0,0,0,0,10,0,1013020,1,0,2,4.0,2,409011,447198,38187,62,False,0,2025-26,10,6.2,0.0,,,,,,,,2.0,6.0,2.0,2.0,FWD,igor thiago nascimento rodrigues,3,82.33333333333333,80.0,5.0,6.0,0.6899999999999993,0.6819999999999997,0.008,0.2,0.0,81.4,1.0,6.48,4.34,6.449999999999997,5.62,1,0,0
Iliman Ndiaye,MID,Everton,0.0,0,2,28,0,1.4,299,0.04,0.25,0.21,0.42,98,1,1,6.3,35.8,2025-11-03T20:00:00Z,61,17,0,0,0,0,10,0,1373961,1,1,1,26.0,9,-2066,75435,77501,65,False,0,2025-26,10,6.5,0.0,,,,,,,,0.0,5.0,4.0,1.0,MID,iliman ndiaye,3,88.33333333333333,86.0,4.333333333333333,4.2,0.5919999999999993,0.2119999999999997,0.3800000000000001,0.0,0.0,87.39999999999999,1.0,6.066666666666666,4.55,5.959999999999996,5.1,1,0,0
Jean-Philippe Mateta,FWD,Crystal Palace,0.0,0,3,37,1,1.8,283,0.01,0.12,0.11,0.54,93,0,1,8.4,40.4,2025-11-01T15:00:00Z,89,5,0,0,0,0,10,0,2667922,1,0,2,42.0,9,1014067,1056090,42023,78,True,0,2025-26,10,7.8,0.0,,,,,,,,2.0,5.0,2.0,1.0,FWD,jean-philippe mateta,3,83.0,85.8,7.0,5.8,1.2599999999999991,1.2319999999999998,0.0280000000000001,0.2,0.0,84.12,1.0,8.72,5.46,9.299999999999995,8.92,1,1,0
Jurriën Timber,DEF,Arsenal,0.0,0,0,20,1,1.2,8,0.01,0.2,0.19,0.42,92,0,0,2.4,5.4,2025-11-01T15:00:00Z,90,3,0,0,0,0,10,0,3109667,1,2,0,17.0,6,340003,381364,41361,61,False,0,2025-26,10,6.1,0.0,,,,,,,,2.0,4.0,3.0,2.0,DEF,jurriën timber,3,90.0,87.8,7.666666666666667,5.2,0.2339999999999992,0.1379999999999997,0.096,0.6,0.0,89.12,1.0,8.573333333333334,4.27,6.569999999999997,5.98,1,0,0
Ladislav Krejcí,DEF,Wolves,0.0,0,0,1,0,1.7,709,0.02,0.09,0.07,1.39,94,3,0,4.3,21.8,2025-11-01T15:00:00Z,90,10,0,0,0,0,10,0,8204,1,0,3,19.0,1,493,1333,840,45,False,0,2025-26,10,4.5,0.0,,,,,,,,6.0,7.0,3.0,1.0,DEF,ladislav krejcí,3,90.0,90.0,1.6666666666666667,2.8,0.3319999999999992,0.1679999999999998,0.1639999999999999,0.0,0.0,90.0,1.0,3.1333333333333337,3.15,4.659999999999997,4.57,0,0,0
Malick Thiaw,DEF,Newcastle,0.0,0,0,5,0,4.6,684,0.04,0.04,0.0,1.75,100,3,0,3.3,26.2,2025-11-02T14:00:00Z,90,19,0,0,0,0,10,0,69391,1,1,3,2.0,1,16423,20364,3941,49,False,0,2025-26,10,4.9,0.0,,,,,,,,5.0,7.0,4.0,2.0,DEF,malick thiaw,3,90.0,88.6,3.6666666666666665,4.2,0.2039999999999991,0.1479999999999998,0.056,0.4,0.0,89.44,1.0,4.8933333333333335,3.43,5.619999999999996,4.87,1,0,0
Nico O'Reilly,DEF,Man City,0.0,0,0,25,0,16.8,411,0.12,0.45,0.33,0.72,96,1,1,9.6,52.2,2025-11-02T16:30:00Z,90,4,0,0,0,0,10,0,127287,1,1,3,27.0,8,-6051,10520,16571,49,True,0,2025-26,10,4.9,0.0,,,,,,,,6.0,6.0,0.0,0.0,DEF,nico o'reilly,3,67.66666666666667,74.2,5.666666666666667,5.0,0.1779999999999989,0.0859999999999999,0.0919999999999999,0.6,0.0,70.28,0.8785000000000001,6.493333333333334,3.0132550000000005,6.289999999999994,5.34,1,0,0
Riccardo Calafiori,DEF,Arsenal,0.0,0,0,33,1,3.3,7,0.01,0.07,0.06,0.02,92,0,0,3.6,16.0,2025-11-01T15:00:00Z,71,3,0,0,0,0,10,0,1981741,1,2,0,17.0,6,104799,151960,47161,58,False,0,2025-26,10,5.8,0.0,,,,,,,,6.0,7.0,3.0,1.0,DEF,riccardo calafiori,3,81.66666666666667,80.8,6.0,4.2,0.1339999999999989,0.1039999999999999,0.0299999999999999,0.6,0.0,81.32,1.0,7.120000000000001,4.06,6.069999999999995,5.39,1,0,0
Robin Roefs,GK,Sunderland,0.0,0,0,9,0,0.0,670,0.0,0.0,0.0,0.86,98,1,0,0.9,9.0,2025-11-03T20:00:00Z,90,9,0,0,0,0,10,1,868653,1,1,1,0.0,2,130207,147483,17276,47,True,0,2025-26,10,4.7,0.0,,,,,,,,0.0,0.0,12.0,0.0,GK,robin roefs,3,90.0,90.0,4.333333333333333,5.0,0.001999999999999,0.0,0.0019999999999999,0.4,4.0,90.0,1.0,5.346666666666667,3.29,4.609999999999996,4.91,0,0,0
Yankuba Minteh,MID,Brighton,0.0,2,0,29,1,27.8,160,0.11,0.36,0.25,0.5,91,0,0,6.7,24.8,2025-11-01T15:00:00Z,87,11,0,0,0,0,10,0,533313,1,0,3,14.0,9,86376,119289,32913,60,True,0,2025-26,10,6.0,0.0,,,,,,,,0.0,5.0,2.0,3.0,MID,yankuba minteh,3,89.66666666666667,86.8,3.0,4.6,0.4039999999999989,0.2499999999999999,0.154,0.0,0.0,88.52000000000001,1.0,4.800000000000001,4.199999999999999,5.019999999999994,4.46,0,0,0
Brenden Aaronson,MID,Leeds,0.0,1,0,18,0,11.0,350,0.01,0.05,0.04,1.71,107,2,0,4.1,26.8,2025-11-09T14:00:00Z,73,16,0,0,0,0,11,0,21123,1,1,3,3.0,7,-2891,1934,4825,54,False,0,2025-26,11,5.4,0.0,,,,,,,,1.0,14.0,10.0,3.0,MID,brenden aaronson,3,80.33333333333333,78.6,5.0,4.8,0.4159999999999996,0.288,0.1280000000000002,0.2,0.0,79.63999999999999,0.9954999999999998,6.16,3.762989999999999,5.079999999999998,4.28,0,0,0
Cody Gakpo,MID,Liverpool,0.0,0,0,-2,0,1.2,384,0.02,0.17,0.15,0.27,106,1,0,1.0,0.0,2025-11-09T16:30:00Z,34,13,0,0,0,0,11,0,1632860,0,0,3,9.0,1,-134554,45041,179595,76,False,0,2025-26,11,7.6,0.0,,,,,,,,1.0,3.0,2.0,0.0,MID,cody gakpo,3,80.0,75.0,4.0,4.0,0.6979999999999996,0.4760000000000001,0.2220000000000001,0.2,0.0,78.0,0.975,6.24,5.186999999999999,6.489999999999998,5.76,1,0,0
David Raya Martín,GK,Arsenal,0.0,0,0,-2,0,0.0,1,0.0,0.0,0.0,0.44,108,2,0,0.2,1.6,2025-11-08T17:30:00Z,90,17,0,0,0,0,11,0,4024229,1,2,2,0.0,1,180430,210442,30012,59,False,0,2025-26,11,5.9,0.0,,,,,,,,0.0,0.0,2.0,0.0,GK,david raya martín,3,90.0,90.0,6.0,5.2,0.0019999999999996,0.0,0.002,0.8,0.6,90.0,1.0,7.160000000000001,4.13,6.209999999999998,5.32,1,0,0
Enzo Fernández,MID,Chelsea,0.0,0,0,19,1,35.7,237,0.52,0.75,0.23,0.03,103,0,0,8.5,9.0,2025-11-08T20:00:00Z,82,20,0,0,0,0,11,0,1870658,1,0,3,40.0,3,70013,177898,107885,67,True,0,2025-26,11,6.7,0.0,,,,,,,,0.0,8.0,8.0,0.0,MID,enzo fernández,3,60.0,72.0,1.3333333333333333,3.0,0.6179999999999997,0.4879999999999998,0.1300000000000001,0.2,0.0,64.8,0.8099999999999999,3.746666666666667,3.7988999999999993,6.089999999999998,4.93,1,0,0
Erling Haaland,FWD,Man City,0.0,0,0,28,1,1.6,430,0.09,0.94,0.85,0.71,106,0,1,8.1,37.0,2025-11-09T16:30:00Z,90,12,0,1,0,0,11,0,8719190,1,0,3,42.0,4,120567,148317,27750,148,True,0,2025-26,11,14.8,0.0,,,,,,,,1.0,2.0,0.0,1.0,FWD,erling haaland,3,87.0,88.2,9.333333333333334,10.4,0.8579999999999997,0.7999999999999998,0.0580000000000001,0.4,0.0,87.47999999999999,1.0,13.386666666666668,10.36,7.289999999999998,7.62,1,0,1
Gabriel dos Santos Magalhães,DEF,Arsenal,0.0,0,0,6,0,15.4,5,0.03,0.03,0.0,0.44,108,2,0,4.1,21.4,2025-11-08T17:30:00Z,90,17,0,0,0,0,11,0,5407553,1,2,2,4.0,1,473066,481238,8172,66,False,0,2025-26,11,6.6,0.0,,,,,,,,4.0,5.0,0.0,1.0,DEF,gabriel dos santos magalhães,3,90.0,90.0,11.0,11.0,0.2359999999999995,0.1119999999999996,0.1240000000000002,0.8,0.0,90.0,1.0,11.44,4.619999999999999,7.379999999999998,5.9,1,0,0
Igor Thiago Nascimento Rodrigues,FWD,Brentford,0.0,0,3,54,0,2.5,136,0.03,1.22,1.19,0.42,102,1,2,13.4,74.6,2025-11-09T14:00:00Z,90,15,0,0,0,0,11,0,1091263,1,1,3,57.0,13,81458,163845,82387,62,True,0,2025-26,11,6.2,0.0,,,,,,,,2.0,6.0,3.0,1.0,FWD,igor thiago nascimento rodrigues,3,90.0,85.2,5.0,6.0,0.6699999999999993,0.6619999999999997,0.008,0.2,0.0,88.08000000000001,1.0,6.48,4.34,6.349999999999996,5.82,1,0,0
Iliman Ndiaye,MID,Everton,0.0,0,0,18,1,21.1,299,0.2,0.24,0.04,0.4,105,0,0,3.9,10.6,2025-11-08T15:00:00Z,90,10,0,0,0,0,11,0,1476915,1,0,2,7.0,3,87363,145547,58184,65,True,0,2025-26,11,6.5,0.0,,,,,,,,0.0,5.0,2.0,3.0,MID,iliman ndiaye,3,78.66666666666667,81.2,5.0,4.8,0.6099999999999992,0.2539999999999996,0.3560000000000001,0.0,0.0,79.68,0.996,6.6,4.5318000000000005,6.049999999999996,5.0,1,0,0
Ismaïla Sarr,MID,Crystal Palace,0.0,0,0,12,1,22.7,267,0.12,0.25,0.13,0.38,104,0,0,5.3,13.6,2025-11-09T14:00:00Z,90,6,0,0,0,0,11,0,1589108,1,0,0,17.0,3,179025,247664,68639,67,True,0,2025-26,11,6.7,0.0,,,,,,,,5.0,6.0,1.0,0.0,MID,ismaïla sarr,3,90.0,86.4,2.333333333333333,5.0,0.3699999999999993,0.3179999999999996,0.052,0.4,0.0,88.56,1.0,4.546666666666667,4.69,4.849999999999996,4.65,0,0,0
Jean-Philippe Mateta,FWD,Crystal Palace,0.0,0,0,9,1,27.2,283,0.13,0.21,0.08,0.38,104,0,0,4.8,10.4,2025-11-09T14:00:00Z,90,6,0,0,0,0,11,0,3512165,1,0,0,10.0,2,829724,863306,33582,80,True,0,2025-26,11,8.0,0.0,,,,,,,,2.0,5.0,2.0,1.0,FWD,jean-philippe mateta,3,89.66666666666667,85.6,9.333333333333334,6.4,1.1159999999999992,1.086,0.0300000000000001,0.4,0.0,88.04,1.0,10.666666666666668,5.6,8.579999999999997,8.44,1,1,0
Jurriën Timber,DEF,Arsenal,0.0,0,0,7,0,6.3,8,0.03,0.03,0.0,0.44,108,2,0,2.7,13.0,2025-11-08T17:30:00Z,90,17,0,0,0,0,11,0,3193975,1,2,2,8.0,1,95646,161573,65927,61,False,0,2025-26,11,6.1,0.0,,,,,,,,1.0,4.0,3.0,3.0,DEF,jurriën timber,3,90.0,90.0,6.0,6.2,0.2639999999999992,0.1759999999999996,0.088,0.8,0.0,90.0,1.0,7.24,4.27,7.519999999999997,6.25,1,0,0
Nico O'Reilly,DEF,Man City,0.0,1,0,33,1,11.9,411,0.01,0.12,0.11,0.71,106,0,0,4.7,32.6,2025-11-09T16:30:00Z,90,12,0,0,0,0,11,0,151044,1,0,3,2.0,11,18766,27050,8284,49,True,0,2025-26,11,4.9,0.0,,,,,,,,5.0,10.0,4.0,5.0,DEF,nico o'reilly,3,67.66666666666667,75.0,6.666666666666667,5.4,0.2679999999999989,0.1519999999999999,0.1159999999999999,0.4,0.0,70.6,0.8825,7.293333333333334,3.026975,5.939999999999994,4.8,1,0,0
Nordi Mukiele,DEF,Sunderland,0.0,1,0,13,0,10.8,694,0.03,0.07,0.04,1.91,108,2,0,4.4,25.6,2025-11-08T17:30:00Z,90,1,0,0,0,0,11,0,692033,1,2,2,8.0,4,17845,50018,32173,42,True,0,2025-26,11,4.2,0.0,,,,,,,,4.0,6.0,4.0,2.0,DEF,nordi mukiele,3,90.0,90.0,6.666666666666667,5.8,0.1579999999999989,0.0759999999999999,0.0819999999999999,0.4,0.0,90.0,1.0,7.013333333333334,2.94,5.389999999999995,4.43,0,0,0
Reece James,DEF,Chelsea,0.0,0,0,2,0,1.3,225,0.01,0.01,0.0,0.14,103,0,0,0.1,0.0,2025-11-08T20:00:00Z,13,20,0,0,0,0,11,0,1091416,0,0,3,0.0,1,126324,145013,18689,55,True,0,2025-26,11,5.5,0.0,,,,,,,,0.0,0.0,1.0,0.0,DEF,reece james,3,90.0,90.0,8.666666666666666,6.6,0.275999999999999,0.0799999999999999,0.1959999999999999,0.4,0.0,90.0,1.0,9.133333333333333,3.85,5.979999999999995,4.94,1,0,0
Robin Roefs,GK,Sunderland,0.0,0,0,16,0,0.0,670,0.0,0.0,0.0,1.91,108,2,0,4.0,39.6,2025-11-08T17:30:00Z,90,1,0,0,0,0,11,5,874346,1,2,2,0.0,2,21001,49208,28207,47,True,0,2025-26,11,4.7,0.0,,,,,,,,1.0,0.0,11.0,0.0,GK,robin roefs,3,90.0,90.0,4.333333333333333,5.0,0.001999999999999,0.0,0.0019999999999999,0.4,4.0,90.0,1.0,5.346666666666667,3.29,4.609999999999996,4.91,0,0,0
Bukayo Saka,MID,Arsenal,0.0,0,0,16,0,27.3,16,0.09,0.2,0.11,0.07,111,1,0,6.6,17.4,2025-11-23T16:30:00Z,90,18,0,0,0,0,12,0,2270799,1,1,4,21.0,4,110434,182099,71665,101,True,0,2025-26,12,10.1,0.0,,,,,,,,3.0,14.0,8.0,3.0,MID,bukayo saka,3,81.66666666666667,85.0,6.0,6.6,0.7899999999999997,0.4059999999999998,0.3840000000000002,0.8,0.0,83.0,1.0,8.84,7.069999999999999,6.949999999999998,6.48,1,0,1
Cody Gakpo,MID,Liverpool,0.0,0,0,10,0,16.3,384,0.05,0.41,0.36,1.58,117,3,0,4.9,6.2,2025-11-22T15:00:00Z,90,16,0,0,0,0,12,0,1699604,1,3,0,26.0,2,38214,161579,123365,75,True,0,2025-26,12,7.5,0.0,,,,,,,,0.0,4.0,2.0,2.0,MID,cody gakpo,3,61.333333333333336,72.8,2.0,4.0,0.6979999999999996,0.4760000000000001,0.2220000000000001,0.2,0.0,65.92,0.8240000000000001,4.6,4.3260000000000005,6.489999999999998,5.2,1,0,0
Gabriel dos Santos Magalhães,DEF,Arsenal,0.0,0,0,0,0,0.0,5,0.0,0.0,0.0,0.0,111,0,0,0.0,0.0,2025-11-23T16:30:00Z,0,18,0,0,0,0,12,0,3689125,0,1,4,0.0,0,-1569853,95144,1664997,65,True,0,2025-26,12,6.5,0.0,,,,,,,,0.0,0.0,0.0,0.0,DEF,gabriel dos santos magalhães,3,90.0,90.0,7.333333333333333,8.6,0.1939999999999995,0.0679999999999996,0.1260000000000002,0.8,0.0,90.0,1.0,8.466666666666667,4.55,7.169999999999998,5.66,1,0,0
Gianluigi Donnarumma,GK,Man City,0.0,0,0,5,0,0.0,736,0.0,0.0,0.0,2.24,119,2,0,1.9,19.2,2025-11-22T17:30:00Z,90,15,0,0,0,0,12,3,1276190,1,1,2,0.0,1,29304,62776,33472,57,False,1,2025-26,12,5.7,0.0,,,,,,,,1.0,0.0,9.0,0.0,GK,gianluigi donnarumma,3,90.0,90.0,3.333333333333333,4.4,0.0,0.0,0.0,0.6,2.0,90.0,1.0,4.946666666666667,3.99,5.4,5.7,1,0,0
Igor Thiago Nascimento Rodrigues,FWD,Brentford,0.0,0,0,11,0,11.4,136,0.05,1.76,1.71,1.22,113,2,1,10.4,45.0,2025-11-22T15:00:00Z,90,6,0,1,0,0,12,0,1734184,1,1,2,48.0,4,586363,614479,28116,64,False,0,2025-26,12,6.4,0.0,,,,,,,,4.0,11.0,6.0,1.0,FWD,igor thiago nascimento rodrigues,3,90.0,85.4,6.666666666666667,6.0,0.7739999999999994,0.7599999999999997,0.014,0.2,0.0,88.16,1.0,7.893333333333334,4.48,6.8699999999999966,6.4,1,0,0
Iliman Ndiaye,MID,Everton,0.0,0,0,6,1,2.0,299,0.01,0.08,0.07,1.18,118,0,0,0.9,3.6,2025-11-24T20:00:00Z,80,14,0,0,0,0,12,0,1440567,1,1,0,3.0,3,-15067,91539,106606,66,False,0,2025-26,12,6.6,0.0,,,,,,,,2.0,8.0,6.0,0.0,MID,iliman ndiaye,3,80.33333333333333,83.2,4.666666666666667,5.0,0.6199999999999993,0.2499999999999997,0.3700000000000001,0.2,0.0,81.47999999999999,1.0,6.373333333333334,4.619999999999999,6.099999999999996,5.1,1,0,0
Jean-Philippe Mateta,FWD,Crystal Palace,0.0,0,0,0,0,1.8,283,0.01,0.37,0.36,0.86,120,0,0,0.3,0.0,2025-11-22T15:00:00Z,59,20,0,0,0,0,12,0,3909230,1,2,0,3.0,1,364023,431437,67414,81,False,0,2025-26,12,8.1,0.0,,,,,,,,0.0,1.0,1.0,0.0,FWD,jean-philippe mateta,3,89.66666666666667,85.6,4.333333333333333,6.4,0.9539999999999992,0.9179999999999998,0.0360000000000001,0.6,0.0,88.04,1.0,6.706666666666667,5.669999999999999,7.769999999999996,7.5,1,1,0
Marc Cucurella Saseta,DEF,Chelsea,0.0,0,0,26,1,17.0,224,0.03,0.12,0.09,0.44,114,0,0,3.9,8.8,2025-11-22T12:30:00Z,90,3,0,0,0,0,12,0,2886424,1,2,0,13.0,6,108058,150122,42064,61,False,0,2025-26,12,6.1,0.0,,,,,,,,2.0,4.0,7.0,2.0,DEF,marc cucurella saseta,3,90.0,90.0,4.666666666666667,5.8,0.2219999999999991,0.0399999999999999,0.182,0.6,0.0,90.0,1.0,6.173333333333334,4.27,6.509999999999996,5.77,1,0,0
Matheus Nunes,DEF,Man City,0.0,0,0,11,0,17.8,407,0.07,0.07,0.0,2.24,119,2,0,4.0,20.2,2025-11-22T17:30:00Z,90,15,0,0,0,0,12,0,125990,1,1,2,2.0,1,30678,34880,4202,53,False,0,2025-26,12,5.3,0.0,,,,,,,,8.0,9.0,8.0,1.0,DEF,matheus nunes,3,90.0,90.0,5.666666666666667,5.8,0.0659999999999991,0.0099999999999999,0.056,0.6,0.0,90.0,1.0,6.653333333333334,3.71,5.729999999999995,4.99,0,0,0
Morgan Gibbs-White,MID,Nott'm Forest,0.0,0,0,30,1,8.6,515,0.03,0.28,0.25,1.93,117,0,1,7.0,40.2,2025-11-22T15:00:00Z,90,12,0,0,0,0,12,0,391686,1,3,0,21.0,8,-3641,23218,26859,73,False,0,2025-26,12,7.3,0.0,,,,,,,,2.0,5.0,3.0,0.0,MID,morgan gibbs-white,3,88.33333333333333,89.0,6.666666666666667,5.2,0.4059999999999989,0.3239999999999999,0.082,0.0,0.0,88.6,1.0,8.253333333333334,5.109999999999999,5.029999999999994,4.67,0,0,0
Nick Woltemade,FWD,Newcastle,0.0,0,0,7,0,10.3,714,0.0,0.61,0.61,2.34,119,1,0,5.3,6.2,2025-11-22T17:30:00Z,84,13,0,0,0,0,12,0,2351810,1,1,2,36.0,2,-404891,58040,462931,74,True,0,2025-26,12,7.4,0.0,,,,,,,,1.0,4.0,3.0,0.0,FWD,nick woltemade,3,73.33333333333333,80.0,2.6666666666666665,4.4,0.5359999999999989,0.4939999999999999,0.0419999999999999,0.2,0.0,76.0,0.95,5.093333333333334,4.920999999999999,5.679999999999994,4.58,0,0,0
Nico O'Reilly,DEF,Man City,0.0,0,0,10,0,18.6,411,0.23,0.28,0.05,2.24,119,2,0,3.0,5.6,2025-11-22T17:30:00Z,90,15,0,0,0,0,12,0,458134,1,1,2,6.0,1,279312,289280,9968,50,False,0,2025-26,12,5.0,0.0,,,,,,,,2.0,2.0,4.0,0.0,DEF,nico o'reilly,3,69.66666666666667,76.6,6.666666666666667,7.2,0.2519999999999989,0.1679999999999999,0.0839999999999999,0.6,0.0,72.44,0.9055,7.333333333333334,3.16925,6.659999999999995,5.85,1,0,0
Pedro Lomba Neto,MID,Chelsea,0.0,0,1,29,1,28.3,236,0.12,0.51,0.39,0.44,114,0,1,12.8,41.6,2025-11-22T12:30:00Z,90,3,0,0,0,0,12,0,801671,1,2,0,58.0,8,50325,104226,53901,71,False,1,2025-26,12,7.1,0.0,,,,,,,,0.0,2.0,2.0,0.0,MID,pedro lomba neto,3,81.33333333333333,79.0,6.666666666666667,6.8,0.5499999999999988,0.2959999999999998,0.2539999999999999,0.6,0.0,80.4,1.0,8.173333333333334,4.97,5.749999999999995,5.2,1,0,0
Riccardo Calafiori,DEF,Arsenal,0.0,0,0,9,0,2.3,7,0.03,0.1,0.07,0.07,111,1,0,1.8,9.6,2025-11-23T16:30:00Z,90,18,0,0,0,0,12,0,1823439,1,1,4,6.0,2,-147040,43693,190733,58,True,0,2025-26,12,5.8,0.0,,,,,,,,4.0,7.0,3.0,3.0,DEF,riccardo calafiori,3,80.66666666666667,81.2,4.333333333333333,5.0,0.1379999999999989,0.1139999999999999,0.0239999999999999,0.8,0.0,80.88,1.0,5.786666666666667,4.06,6.889999999999995,5.46,1,0,0
Robert Lynch Sánchez,GK,Chelsea,0.0,0,0,28,1,0.0,220,0.0,0.0,0.0,0.44,114,0,0,1.6,16.0,2025-11-22T12:30:00Z,90,3,0,0,0,0,12,2,1728002,1,2,0,0.0,6,11248,48630,37382,48,False,0,2025-26,12,4.8,0.0,,,,,,,,0.0,0.0,14.0,0.0,GK,robert lynch sánchez,3,90.0,90.0,4.333333333333333,4.0,0.001999999999999,0.0,0.002,0.6,1.2,90.0,1.0,5.386666666666667,3.36,5.409999999999995,5.04,0,0,0
Bruno Guimarães Rodriguez Moura,MID,Newcastle,0.0,0,0,20,0,9.9,488,0.07,0.07,0.0,0.94,125,1,0,2.9,19.2,2025-11-29T17:30:00Z,89,9,0,0,0,0,13,0,540758,1,4,1,0.0,4,89512,101285,11773,66,False,0,2025-26,13,6.6,0.0,,,,,,,,6.0,14.0,6.0,2.0,MID,bruno guimarães rodriguez moura,3,90.0,89.0,6.0,6.0,0.4259999999999997,0.3339999999999999,0.0920000000000001,0.0,0.0,89.6,1.0,7.440000000000001,4.619999999999999,5.129999999999999,4.8,0,0,0
Daniel Muñoz Mejía,DEF,Crystal Palace,0.0,0,0,0,0,1.1,256,0.01,0.01,0.0,1.19,124,2,0,1.4,10.8,2025-11-30T12:00:00Z,90,14,0,0,0,0,13,0,2831805,1,2,1,2.0,1,460735,480950,20215,59,True,0,2025-26,13,5.9,0.0,,,,,,,,5.0,7.0,5.0,2.0,DEF,daniel muñoz mejía,3,90.0,90.0,8.666666666666666,7.6,0.2379999999999996,0.11,0.128,0.6,0.0,90.0,1.0,9.293333333333331,4.13,6.589999999999998,5.91,1,0,0
Dean Henderson,GK,Crystal Palace,0.0,0,0,16,0,0.0,253,0.0,0.0,0.0,1.19,124,2,0,3.0,30.0,2025-11-30T12:00:00Z,90,14,0,0,0,0,13,4,1002730,1,2,1,0.0,2,10286,29965,19679,50,True,0,2025-26,13,5.0,0.0,,,,,,,,4.0,0.0,12.0,0.0,GK,dean henderson,3,90.0,90.0,7.0,4.8,0.0059999999999996,0.0,0.006,0.6,2.0,90.0,1.0,7.6,3.5,5.429999999999998,5.4,1,0,0
Declan Rice,MID,Arsenal,0.0,0,0,16,0,19.3,21,0.07,0.07,0.0,0.79,123,1,0,4.7,28.0,2025-11-30T16:30:00Z,90,7,0,0,0,0,13,0,2830785,1,1,1,0.0,4,143384,214309,70925,70,False,0,2025-26,13,7.0,0.0,,,,,,,,6.0,12.0,4.0,2.0,MID,declan rice,3,90.0,88.2,7.0,6.2,0.5139999999999996,0.1939999999999999,0.3200000000000001,0.6,0.0,89.28,1.0,8.4,4.9,5.569999999999998,5.09,0,0,0
Enzo Fernández,MID,Chelsea,0.0,0,0,8,0,11.3,237,0.05,0.16,0.11,1.26,123,1,0,3.5,14.4,2025-11-30T16:30:00Z,90,1,0,0,0,0,13,0,1553883,1,1,1,9.0,2,-56,77968,78024,67,True,0,2025-26,13,6.7,0.0,,,,,,,,0.0,8.0,4.0,4.0,MID,enzo fernández,3,87.33333333333333,70.4,5.333333333333333,3.6,0.5539999999999997,0.3219999999999998,0.2320000000000001,0.6,0.0,80.56,1.0,6.946666666666667,4.69,5.769999999999999,5.28,1,0,0
Erling Haaland,FWD,Man City,0.0,0,0,9,0,10.6,430,0.01,0.14,0.13,1.54,126,2,0,5.8,16.6,2025-11-29T15:00:00Z,90,11,0,0,0,0,13,0,9068878,1,2,3,31.0,2,129287,136029,6742,149,True,0,2025-26,13,14.9,0.0,,,,,,,,4.0,5.0,0.0,1.0,FWD,erling haaland,3,87.0,88.2,6.333333333333333,6.8,1.0119999999999998,0.986,0.0260000000000001,0.4,0.0,87.47999999999999,1.0,11.026666666666667,10.43,8.059999999999999,8.68,1,1,0
Igor Thiago Nascimento Rodrigues,FWD,Brentford,0.0,0,3,46,0,1.0,136,0.01,1.18,1.17,0.95,122,1,2,13.2,67.2,2025-11-29T15:00:00Z,90,3,0,0,0,0,13,0,3000349,1,1,3,64.0,13,951719,967569,15850,66,True,0,2025-26,13,6.6,0.0,,,,,,,,4.0,5.0,1.0,0.0,FWD,igor thiago nascimento rodrigues,3,90.0,90.0,6.333333333333333,6.4,0.9919999999999992,0.9679999999999996,0.024,0.2,0.0,90.0,1.0,7.706666666666667,4.619999999999999,7.959999999999996,7.73,1,0,1
Jean-Philippe Mateta,FWD,Crystal Palace,0.0,0,0,17,0,2.3,283,0.01,1.03,1.02,1.19,124,2,1,6.7,35.0,2025-11-30T12:00:00Z,90,14,0,0,0,0,13,0,3560843,1,2,1,30.0,6,-67829,135178,203007,81,True,0,2025-26,13,8.1,0.0,,,,,,,,4.0,5.0,1.0,0.0,FWD,jean-philippe mateta,3,79.33333333333333,83.6,4.0,6.2,0.9099999999999993,0.8719999999999999,0.0380000000000001,0.4,0.0,81.03999999999999,1.0,6.44,5.669999999999999,7.549999999999996,6.81,1,0,0
Jurriën Timber,DEF,Arsenal,0.0,0,0,8,0,3.1,8,0.03,0.33,0.3,0.79,123,1,0,1.9,10.2,2025-11-30T16:30:00Z,90,7,0,0,0,0,13,0,3857248,1,1,1,6.0,2,323189,370539,47350,63,False,0,2025-26,13,6.3,0.0,,,,,,,,3.0,6.0,4.0,3.0,DEF,jurriën timber,3,90.0,90.0,4.0,4.8,0.1919999999999992,0.1379999999999996,0.054,0.6,0.0,90.0,1.0,5.720000000000001,4.409999999999999,6.359999999999996,5.81,1,0,0
Marcus Tavernier,MID,Bournemouth,0.0,0,0,10,0,50.0,84,0.13,0.33,0.2,1.28,128,3,0,7.9,11.8,2025-11-29T15:00:00Z,90,17,0,0,0,0,13,0,264633,1,2,3,17.0,1,19485,32964,13479,55,False,1,2025-26,13,5.5,0.0,,,,,,,,1.0,5.0,3.0,1.0,MID,marcus tavernier,3,90.0,90.0,3.6666666666666665,5.4,0.5159999999999991,0.3099999999999999,0.206,0.2,0.0,90.0,1.0,5.133333333333334,3.85,5.579999999999996,5.12,1,0,0
Nico O'Reilly,DEF,Man City,0.0,1,0,20,0,33.9,411,0.21,1.1,0.89,1.54,126,2,0,15.3,43.4,2025-11-29T15:00:00Z,90,11,0,0,0,0,13,0,1072018,1,2,3,76.0,4,329256,342912,13656,51,True,0,2025-26,13,5.1,0.0,,,,,,,,8.0,8.0,3.0,0.0,DEF,nico o'reilly,3,90.0,76.6,6.666666666666667,6.4,0.2979999999999989,0.1779999999999999,0.1199999999999999,0.4,0.0,84.64,1.0,7.373333333333334,3.5699999999999994,6.0899999999999945,5.27,1,0,0
Nicolò Savona,DEF,Nott'm Forest,0.0,0,0,4,0,2.3,716,0.02,0.06,0.04,1.53,127,2,0,3.4,7.4,2025-11-30T14:05:00Z,90,6,0,0,0,0,13,0,25766,1,2,0,24.0,1,13944,14681,737,45,True,0,2025-26,13,4.5,0.0,,,,,,,,3.0,3.0,2.0,0.0,DEF,nicolò savona,3,90.0,75.2,7.0,4.6,0.2639999999999989,0.2439999999999999,0.0199999999999999,0.2,0.0,84.08,1.0,7.4,3.15,5.119999999999995,4.43,0,0,0
Pedro Lomba Neto,MID,Chelsea,0.0,0,0,3,0,5.8,236,0.05,0.25,0.2,1.26,123,1,0,2.2,2.4,2025-11-30T16:30:00Z,90,1,0,0,0,0,13,0,886254,1,1,1,14.0,2,98763,137888,39125,71,True,0,2025-26,13,7.1,0.0,,,,,,,,3.0,6.0,2.0,1.0,MID,pedro lomba neto,3,83.33333333333333,82.2,6.666666666666667,8.0,0.6419999999999988,0.3679999999999998,0.2739999999999999,0.8,0.0,82.88,1.0,8.173333333333334,4.97,6.209999999999994,5.81,1,0,0
Riccardo Calafiori,DEF,Arsenal,0.0,0,0,5,0,1.2,7,0.01,0.01,0.0,0.31,123,0,0,1.6,15.0,2025-11-30T16:30:00Z,45,7,0,0,0,0,13,0,1786523,1,1,1,0.0,0,-33961,47042,81003,58,False,1,2025-26,13,5.8,0.0,,,,,,,,6.0,9.0,3.0,3.0,DEF,riccardo calafiori,3,83.66666666666667,84.4,3.0,4.2,0.119999999999999,0.0939999999999999,0.0259999999999999,0.6,0.0,83.96000000000001,1.0,4.720000000000001,4.06,5.999999999999995,5.35,1,0,0
Robert Lynch Sánchez,GK,Chelsea,0.0,0,0,16,0,10.0,220,0.01,0.01,0.0,1.26,123,1,0,3.3,22.8,2025-11-30T16:30:00Z,90,1,0,0,0,0,13,3,1622447,1,1,1,0.0,3,-38722,13768,52490,48,True,0,2025-26,13,4.8,0.0,,,,,,,,2.0,0.0,11.0,0.0,GK,robert lynch sánchez,3,90.0,90.0,6.0,4.8,0.001999999999999,0.0,0.002,0.8,1.4,90.0,1.0,6.720000000000001,3.36,6.209999999999996,5.11,0,0,0
Daniel Muñoz Mejía,DEF,Crystal Palace,0.0,0,2,43,1,11.2,256,0.17,0.56,0.39,0.95,134,0,1,9.7,47.2,2025-12-03T19:30:00Z,90,3,0,0,0,0,14,0,3049545,1,1,0,39.0,14,257759,278150,20391,60,False,0,2025-26,14,6.0,0.0,,,,,,,,6.0,7.0,5.0,1.0,DEF,daniel muñoz mejía,3,90.0,90.0,7.0,5.8,0.1179999999999997,0.102,0.016,0.6,0.0,90.0,1.0,8.0,4.199999999999999,5.989999999999998,5.49,1,0,0
Dean Henderson,GK,Crystal Palace,0.0,0,0,28,1,0.0,253,0.0,0.0,0.0,0.95,134,0,0,2.5,24.8,2025-12-03T19:30:00Z,90,3,0,0,0,0,14,3,1083424,1,1,0,0.0,7,59658,70797,11139,50,False,0,2025-26,14,5.0,0.0,,,,,,,,1.0,0.0,7.0,0.0,GK,dean henderson,3,90.0,90.0,5.666666666666667,5.0,0.0019999999999996,0.0,0.002,0.6,2.4,90.0,1.0,6.533333333333334,3.5,5.409999999999998,5.53,0,0,0
Diego Gómez Amarilla,MID,Brighton,0.0,0,0,6,0,5.5,169,0.01,0.01,0.0,2.41,133,4,0,1.8,10.2,2025-12-03T19:30:00Z,90,2,0,0,0,0,14,0,37879,1,4,3,2.0,1,-418,2383,2801,49,True,1,2025-26,14,4.9,0.0,,,,,,,,1.0,7.0,2.0,4.0,MID,diego gómez amarilla,3,78.66666666666667,69.2,2.333333333333333,4.8,0.4619999999999996,0.348,0.1140000000000001,0.6,0.0,74.88000000000001,0.9360000000000002,3.826666666666667,3.210480000000001,5.309999999999999,4.82,0,0,0
Emiliano Martínez Romero,GK,Aston Villa,0.0,0,0,0,0,0.0,32,0.0,0.0,0.0,0.0,133,0,0,0.0,0.0,2025-12-03T19:30:00Z,0,6,0,0,0,0,14,0,460265,0,4,3,0.0,0,32013,50449,18436,51,False,0,2025-26,14,5.1,0.0,,,,,,,,0.0,0.0,0.0,0.0,GK,emiliano martínez romero,3,90.0,90.0,8.0,6.6,0.0,0.0,0.0,0.6,3.0,90.0,1.0,8.440000000000001,3.5699999999999994,5.4,5.77,1,0,0
Enzo Fernández,MID,Chelsea,0.0,0,0,9,0,35.8,237,0.45,0.58,0.13,2.79,136,3,0,5.8,12.2,2025-12-03T20:15:00Z,90,11,0,0,0,0,14,0,1796427,1,1,3,10.0,2,102952,139823,36871,67,False,0,2025-26,14,6.7,0.0,,,,,,,,1.0,5.0,3.0,1.0,MID,enzo fernández,3,87.33333333333333,88.4,5.333333333333333,4.0,0.5859999999999997,0.3439999999999998,0.2420000000000001,0.6,0.0,87.76,1.0,6.946666666666667,4.69,5.929999999999999,5.72,1,0,0
Erling Haaland,FWD,Man City,0.0,2,2,52,0,27.3,430,0.3,1.21,0.91,0.91,135,4,1,13.6,64.4,2025-12-02T19:30:00Z,90,10,0,0,0,0,14,0,9052991,1,5,4,44.0,14,-5968,38963,44931,149,False,0,2025-26,14,14.9,0.0,,,,,,,,1.0,2.0,1.0,0.0,FWD,erling haaland,3,90.0,88.2,2.6666666666666665,4.6,0.8399999999999996,0.8159999999999998,0.0240000000000001,0.2,0.0,89.28,1.0,8.093333333333334,10.43,7.199999999999998,7.84,1,0,1
Ferdi Kadıoğlu,DEF,Brighton,0.0,0,0,-6,0,1.1,148,0.0,0.0,0.0,1.81,133,3,0,0.8,6.6,2025-12-03T19:30:00Z,66,2,0,0,0,0,14,0,27298,1,4,3,0.0,1,3762,4474,712,44,True,0,2025-26,14,4.4,0.0,,,,,,,,3.0,4.0,0.0,1.0,DEF,ferdi kadıoğlu,3,90.0,90.0,5.0,4.0,0.1239999999999996,0.0719999999999997,0.0520000000000001,0.6,0.0,90.0,1.0,5.76,3.08,6.019999999999998,5.29,1,0,0
Igor Thiago Nascimento Rodrigues,FWD,Brentford,0.0,0,0,4,0,11.6,136,0.0,0.0,0.0,1.19,131,1,0,1.7,3.0,2025-12-03T19:30:00Z,30,1,0,0,0,0,14,0,2857419,0,0,2,2.0,1,237872,320829,82957,67,False,0,2025-26,14,6.7,0.0,,,,,,,,1.0,2.0,1.0,0.0,FWD,igor thiago nascimento rodrigues,3,90.0,90.0,10.0,7.4,1.0559999999999992,1.0339999999999996,0.022,0.0,0.0,90.0,1.0,10.68,4.69,8.279999999999996,8.12,1,1,0
João Pedro Junqueira de Jesus,FWD,Chelsea,0.0,0,0,7,0,38.0,249,0.35,0.42,0.07,2.79,136,3,0,6.5,11.4,2025-12-03T20:15:00Z,90,11,0,0,0,0,14,0,5264451,1,1,3,16.0,2,-214391,52794,267185,74,False,0,2025-26,14,7.4,0.0,,,,,,,,2.0,5.0,2.0,1.0,FWD,joão pedro junqueira de jesus,3,70.33333333333333,77.0,3.0,4.0,0.6039999999999994,0.5239999999999998,0.0800000000000001,0.6,0.0,73.0,0.9125,5.360000000000001,4.72675,6.019999999999997,4.61,0,0,0
Jurriën Timber,DEF,Arsenal,0.0,0,0,3,0,0.3,8,0.0,0.0,0.0,0.09,131,0,0,0.7,7.0,2025-12-03T19:30:00Z,46,5,0,0,0,0,14,0,4310049,0,0,2,0.0,1,293646,317562,23916,64,True,0,2025-26,14,6.4,0.0,,,,,,,,3.0,3.0,4.0,0.0,DEF,jurriën timber,3,90.0,90.0,2.6666666666666665,4.0,0.2279999999999992,0.1979999999999996,0.03,0.4,0.0,90.0,1.0,4.693333333333333,4.48,5.739999999999997,5.27,1,0,0
Marcus Tavernier,MID,Bournemouth,0.0,0,0,4,0,3.8,84,0.02,0.02,0.0,0.61,132,1,0,1.2,4.0,2025-12-02T19:30:00Z,30,9,0,0,0,0,14,0,259686,0,1,0,4.0,1,-3931,16329,20260,55,True,0,2025-26,14,5.5,0.0,,,,,,,,0.0,2.0,1.0,1.0,MID,marcus tavernier,3,90.0,90.0,3.333333333333333,4.6,0.4599999999999992,0.3499999999999998,0.1100000000000001,0.2,0.0,90.0,1.0,4.866666666666667,3.85,5.299999999999995,4.99,0,0,0
Matty Cash,DEF,Aston Villa,0.0,1,0,15,0,29.2,36,0.34,0.34,0.0,2.21,133,3,0,6.4,35.2,2025-12-03T19:30:00Z,90,6,0,0,0,0,14,0,839228,1,4,3,0.0,4,32759,53871,21112,47,False,0,2025-26,14,4.7,0.0,,,,,,,,6.0,8.0,1.0,2.0,DEF,matty cash,3,90.0,90.0,4.666666666666667,5.8,0.1259999999999991,0.0439999999999998,0.082,0.6,0.0,90.0,1.0,5.613333333333334,3.29,6.029999999999996,5.2,1,0,0
Nico O'Reilly,DEF,Man City,0.0,0,0,-9,0,2.6,411,0.01,0.01,0.0,0.91,135,4,0,1.6,11.4,2025-12-02T19:30:00Z,90,10,0,0,0,0,14,0,939115,1,5,4,2.0,0,168404,188514,20110,52,False,0,2025-26,14,5.2,0.0,,,,,,,,4.0,8.0,1.0,4.0,DEF,nico o'reilly,3,90.0,77.8,5.333333333333333,5.0,0.4299999999999989,0.3019999999999999,0.1279999999999999,0.2,0.0,85.12,1.0,6.346666666666667,3.64,5.949999999999995,5.31,1,0,0
Pedro Lomba Neto,MID,Chelsea,0.0,0,0,21,0,2.0,236,0.01,0.17,0.16,2.17,136,1,1,7.0,32.8,2025-12-03T20:15:00Z,45,11,0,0,0,0,14,0,1046748,0,1,3,35.0,6,133793,153726,19933,72,False,0,2025-26,14,7.2,0.0,,,,,,,,0.0,1.0,1.0,0.0,MID,pedro lomba neto,3,85.33333333333333,84.8,6.333333333333333,6.0,0.5119999999999989,0.3739999999999998,0.1379999999999999,0.6,0.0,85.12,1.0,7.946666666666667,5.04,5.559999999999994,5.4,1,0,0
Phil Foden,MID,Man City,0.0,0,3,63,0,30.4,414,0.19,0.64,0.45,0.68,135,4,2,16.1,82.2,2025-12-02T19:30:00Z,90,10,0,0,0,0,14,0,1012207,1,5,4,48.0,17,300693,314671,13978,81,False,0,2025-26,14,8.1,0.0,,,,,,,,4.0,12.0,5.0,3.0,MID,phil foden,3,88.66666666666667,89.0,6.666666666666667,5.0,0.5319999999999989,0.3319999999999998,0.1999999999999999,0.2,0.0,88.80000000000001,1.0,8.573333333333334,5.669999999999999,5.659999999999995,5.21,1,0,0
Daniel Muñoz Mejía,DEF,Crystal Palace,0.0,0,0,0,0,0.0,256,0.0,0.0,0.0,0.0,145,0,0,0.0,0.0,2025-12-07T16:30:00Z,0,10,0,0,0,0,15,0,3354228,0,2,1,0.0,0,299698,323225,23527,61,False,0,2025-26,15,6.1,0.0,,,,,,,,0.0,0.0,0.0,0.0,DEF,daniel muñoz mejía,3,90.0,90.0,9.666666666666666,8.2,0.2259999999999997,0.18,0.046,0.8,0.0,90.0,1.0,10.173333333333334,4.27,7.329999999999999,6.12,1,0,0
Dean Henderson,GK,Crystal Palace,0.0,0,0,14,0,0.0,253,0.01,0.01,0.0,0.76,145,1,0,2.2,21.6,2025-12-07T16:30:00Z,90,10,0,0,0,0,15,3,1135525,1,2,1,0.0,3,59265,77078,17813,51,False,0,2025-26,15,5.1,0.0,,,,,,,,1.0,0.0,11.0,0.0,GK,dean henderson,3,90.0,90.0,5.0,6.0,0.0,0.0,0.0,0.8,2.6,90.0,1.0,6.04,3.5699999999999994,6.2,5.64,0,0,0
Diego Gómez Amarilla,MID,Brighton,0.0,0,0,13,0,25.3,169,0.09,0.47,0.38,1.14,143,1,0,5.1,10.2,2025-12-07T14:00:00Z,90,19,0,0,0,0,15,0,34817,1,1,1,15.0,2,-3009,1378,4387,49,True,0,2025-26,15,4.9,0.0,,,,,,,,1.0,11.0,8.0,2.0,MID,diego gómez amarilla,3,80.66666666666667,81.2,1.6666666666666667,4.8,0.4559999999999996,0.3399999999999999,0.1160000000000001,0.6,0.0,80.88,1.0,3.293333333333334,3.43,5.279999999999998,4.97,0,0,0
Enzo Fernández,MID,Chelsea,0.0,0,0,12,1,12.5,237,0.12,0.37,0.25,1.42,142,0,0,4.2,11.8,2025-12-06T15:00:00Z,90,4,0,0,0,0,15,0,1685952,1,0,0,18.0,3,-82170,54107,136277,67,False,0,2025-26,15,6.7,0.0,,,,,,,,1.0,6.0,4.0,1.0,MID,enzo fernández,3,90.0,88.4,5.0,4.0,0.5899999999999996,0.3439999999999997,0.2460000000000001,0.6,0.0,89.36000000000001,1.0,6.68,4.69,5.949999999999998,5.8,1,0,0
Erling Haaland,FWD,Man City,0.0,0,0,5,1,0.8,430,0.01,0.44,0.43,0.66,147,0,0,1.5,5.6,2025-12-06T15:00:00Z,68,17,0,0,0,0,15,0,9177769,1,0,3,9.0,2,88114,94687,6573,150,True,0,2025-26,15,15.0,0.0,,,,,,,,2.0,3.0,1.0,0.0,FWD,erling haaland,3,90.0,88.2,6.0,7.0,1.0339999999999996,0.952,0.0820000000000001,0.2,0.0,89.28,1.0,10.8,10.5,8.169999999999998,8.64,1,1,0
Harvey Barnes,MID,Newcastle,0.0,0,0,0,0,0.0,487,0.0,0.0,0.0,0.0,148,0,0,0.0,0.0,2025-12-06T15:00:00Z,0,3,0,0,0,0,15,0,356235,0,1,2,0.0,0,74238,94789,20551,64,True,0,2025-26,15,6.4,0.0,,,,,,,,0.0,0.0,0.0,0.0,MID,harvey barnes,3,73.0,64.0,6.666666666666667,6.0,0.5599999999999994,0.4579999999999996,0.1020000000000001,0.2,0.0,69.4,0.8675,7.893333333333334,3.8864,5.799999999999997,4.88,0,0,0
Igor Thiago Nascimento Rodrigues,FWD,Brentford,0.0,0,0,4,0,1.0,136,0.02,0.29,0.27,2.18,149,2,0,3.8,4.6,2025-12-06T15:00:00Z,90,18,0,0,0,0,15,0,3390581,1,0,2,32.0,2,521014,576321,55307,68,False,0,2025-26,15,6.8,0.0,,,,,,,,1.0,5.0,4.0,0.0,FWD,igor thiago nascimento rodrigues,3,70.0,78.0,6.0,6.6,0.8339999999999993,0.8139999999999997,0.02,0.0,0.0,73.2,0.915,7.520000000000001,4.3554,7.169999999999996,5.93,1,0,0
Jan Paul van Hecke,DEF,Brighton,0.0,1,0,23,0,31.3,151,0.17,0.24,0.07,1.14,143,1,0,7.4,34.6,2025-12-07T14:00:00Z,90,19,0,0,0,0,15,0,435890,1,1,1,8.0,5,167742,173557,5815,45,True,0,2025-26,15,4.5,0.0,,,,,,,,5.0,6.0,2.0,1.0,DEF,jan paul van hecke,3,90.0,90.0,6.666666666666667,6.4,0.2659999999999992,0.2519999999999997,0.0140000000000001,0.6,0.0,90.0,1.0,7.133333333333334,3.15,6.729999999999997,6.53,1,0,1
Jordan Pickford,GK,Everton,0.0,0,0,27,1,0.0,287,0.0,0.0,0.0,0.53,144,0,0,2.0,20.2,2025-12-06T15:00:00Z,90,16,0,0,0,0,15,2,1333530,1,0,3,0.0,6,95074,105270,10196,55,True,0,2025-26,15,5.5,0.0,,,,,,,,2.0,0.0,8.0,0.0,GK,jordan pickford,3,90.0,90.0,6.0,5.4,0.0039999999999993,0.0,0.0040000000000001,0.6,3.4,90.0,1.0,7.000000000000001,3.85,5.419999999999996,6.08,1,0,0
João Pedro Junqueira de Jesus,FWD,Chelsea,0.0,0,0,7,0,1.3,249,0.0,0.0,0.0,0.03,142,0,0,0.6,4.6,2025-12-06T15:00:00Z,32,4,0,0,0,0,15,0,4737151,0,0,0,0.0,1,-510196,29452,539648,74,False,0,2025-26,15,7.4,0.0,,,,,,,,0.0,6.0,4.0,2.0,FWD,joão pedro junqueira de jesus,3,73.0,78.2,1.3333333333333333,4.0,0.6839999999999994,0.5379999999999998,0.146,0.6,0.0,75.08,0.9385,4.026666666666667,4.86143,6.419999999999996,4.96,0,0,0
Marc Cucurella Saseta,DEF,Chelsea,0.0,0,0,25,1,13.2,224,0.04,0.09,0.05,1.42,142,0,0,3.0,7.2,2025-12-06T15:00:00Z,90,4,0,0,0,0,15,0,2886357,1,0,0,10.0,6,-49377,41478,90855,62,False,0,2025-26,15,6.2,0.0,,,,,,,,2.0,3.0,5.0,1.0,DEF,marc cucurella saseta,3,90.0,90.0,2.6666666666666665,4.2,0.1499999999999991,0.0339999999999999,0.116,0.6,0.0,90.0,1.0,4.613333333333333,4.34,6.149999999999995,5.53,1,0,0
Mikel Merino Zazón,MID,Arsenal,0.0,0,0,4,0,1.6,22,0.01,0.01,0.0,0.87,141,1,0,0.8,4.0,2025-12-06T12:30:00Z,45,2,0,0,0,0,15,0,442621,1,1,2,2.0,1,252975,260787,7812,60,False,0,2025-26,15,6.0,0.0,,,,,,,,2.0,5.0,3.0,0.0,MID,mikel merino zazón,3,89.0,80.4,9.0,6.6,0.4979999999999991,0.3499999999999999,0.148,0.2,0.0,85.56,1.0,9.6,4.199999999999999,5.489999999999996,5.0,1,0,0
Nico O'Reilly,DEF,Man City,0.0,0,0,36,1,8.4,411,0.07,0.17,0.1,0.71,147,0,0,3.3,16.4,2025-12-06T15:00:00Z,90,17,0,0,0,0,15,0,949058,1,0,3,8.0,6,14995,78904,63909,52,True,0,2025-26,15,5.2,0.0,,,,,,,,4.0,8.0,4.0,4.0,DEF,nico o'reilly,3,90.0,90.0,1.6666666666666667,4.8,0.3919999999999989,0.2759999999999999,0.1159999999999999,0.2,0.0,90.0,1.0,3.4133333333333336,3.64,5.7599999999999945,5.21,1,0,0
Nicolò Savona,DEF,Nott'm Forest,0.0,0,0,-5,0,15.7,716,0.05,0.05,0.0,0.48,144,2,0,2.6,10.6,2025-12-06T15:00:00Z,45,9,0,0,0,0,15,0,31364,1,0,3,0.0,-1,953,4300,3347,45,False,1,2025-26,15,4.5,0.0,,,,,,,,3.0,5.0,2.0,2.0,DEF,nicolò savona,3,90.0,90.0,6.333333333333333,5.6,0.2779999999999989,0.2519999999999999,0.0259999999999999,0.4,0.0,90.0,1.0,6.866666666666666,3.15,5.989999999999995,5.56,1,0,0
Phil Foden,MID,Man City,0.0,1,1,37,1,30.9,414,0.15,1.07,0.92,0.66,147,0,1,12.4,51.6,2025-12-06T15:00:00Z,68,17,0,0,0,0,15,0,2620483,1,0,3,41.0,12,1504465,1510645,6180,84,True,0,2025-26,15,8.4,0.0,,,,,,,,0.0,3.0,2.0,1.0,MID,phil foden,3,88.66666666666667,89.0,11.333333333333334,8.2,0.5459999999999989,0.3679999999999998,0.1779999999999998,0.2,0.0,88.80000000000001,1.0,12.42666666666667,5.88,5.729999999999995,5.36,1,0,0
Bruno Borges Fernandes,MID,Man Utd,0.0,1,3,48,0,67.6,449,0.42,0.65,0.23,1.92,157,4,1,16.0,73.0,2025-12-15T20:00:00Z,90,4,0,0,0,0,16,0,3426244,1,4,4,19.0,13,896345,962026,65681,92,True,0,2025-26,16,9.2,0.0,,,,,,,,5.0,10.0,3.0,2.0,MID,bruno borges fernandes,3,90.0,90.0,11.0,8.0,0.8219999999999995,0.4639999999999998,0.3580000000000002,0.0,0.0,90.0,1.0,12.48,6.44,7.109999999999998,6.81,1,0,1
Daniel Muñoz Mejía,DEF,Crystal Palace,0.0,0,0,0,0,0.0,256,0.0,0.0,0.0,0.0,155,0,0,0.0,0.0,2025-12-14T14:00:00Z,0,13,0,0,0,0,16,0,1819160,0,3,0,0.0,0,-1418426,124768,1543194,60,True,0,2025-26,16,6.0,0.0,,,,,,,,0.0,0.0,0.0,0.0,DEF,daniel muñoz mejía,3,60.0,72.0,5.0,7.0,0.2179999999999997,0.176,0.042,0.6,0.0,64.8,0.8099999999999999,6.4,3.4019999999999992,6.489999999999998,5.63,1,0,0
Dean Henderson,GK,Crystal Palace,0.0,0,0,-3,0,0.0,253,0.0,0.0,0.0,1.19,155,3,0,1.6,15.6,2025-12-14T14:00:00Z,90,13,0,0,0,0,16,3,1087846,1,3,0,0.0,1,-35647,44507,80154,51,True,1,2025-26,16,5.1,0.0,,,,,,,,0.0,0.0,6.0,0.0,GK,dean henderson,3,90.0,90.0,4.0,5.4,0.0019999999999996,0.0,0.002,0.6,2.8,90.0,1.0,5.24,3.5699999999999994,5.409999999999998,5.71,0,0,0
Dominic Calvert-Lewin,FWD,Leeds,0.0,0,3,35,0,7.0,691,0.06,0.56,0.5,0.72,152,1,1,11.0,41.0,2025-12-14T16:30:00Z,90,5,0,0,0,0,16,0,390318,1,1,1,62.0,9,273814,286489,12675,56,False,0,2025-26,16,5.6,0.0,,,,,,,,2.0,3.0,0.0,1.0,FWD,dominic calvert-lewin,3,73.33333333333333,51.0,7.333333333333333,4.8,0.5519999999999996,0.5479999999999998,0.0040000000000001,0.0,0.0,64.39999999999999,0.8049999999999999,8.106666666666667,3.1555999999999997,5.759999999999998,4.22,0,0,0
Enzo Fernández,MID,Chelsea,0.0,0,0,19,1,19.9,237,0.55,0.88,0.33,1.03,154,0,0,6.0,13.2,2025-12-13T15:00:00Z,90,9,0,0,0,0,16,0,1460354,1,0,2,27.0,3,-237064,81217,318281,66,True,0,2025-26,16,6.6,0.0,,,,,,,,3.0,11.0,7.0,1.0,MID,enzo fernández,3,90.0,88.4,2.333333333333333,4.2,0.5339999999999996,0.2979999999999997,0.2360000000000001,0.6,0.0,89.36000000000001,1.0,4.506666666666667,4.619999999999999,5.669999999999998,5.45,1,0,0
Erling Haaland,FWD,Man City,0.0,0,3,53,1,0.5,430,0.0,0.96,0.96,1.88,155,0,2,11.2,75.0,2025-12-14T14:00:00Z,90,8,0,0,0,0,16,0,9218490,1,3,0,36.0,13,35479,98945,63466,150,False,0,2025-26,16,15.0,0.0,,,,,,,,3.0,8.0,2.0,3.0,FWD,erling haaland,3,82.66666666666667,85.6,6.0,4.8,0.8539999999999998,0.7719999999999999,0.0820000000000001,0.4,0.0,83.84,1.0,10.8,10.5,7.269999999999999,7.25,1,1,0
Igor Thiago Nascimento Rodrigues,FWD,Brentford,0.0,0,0,4,0,4.4,136,0.01,0.01,0.0,1.52,152,1,0,0.9,4.4,2025-12-14T16:30:00Z,90,11,0,0,0,0,16,0,4933785,1,1,1,0.0,2,1441765,1512598,70833,71,True,0,2025-26,16,7.1,0.0,,,,,,,,3.0,6.0,3.0,0.0,FWD,igor thiago nascimento rodrigues,3,70.0,78.0,5.333333333333333,6.6,0.8899999999999991,0.8679999999999997,0.022,0.0,0.0,73.2,0.915,7.1066666666666665,4.54755,7.449999999999996,6.21,1,0,0
Jan Paul van Hecke,DEF,Brighton,0.0,0,0,4,0,8.3,151,0.09,0.09,0.0,1.89,156,2,0,2.5,16.6,2025-12-13T15:00:00Z,90,12,0,0,0,0,16,0,465107,1,0,2,0.0,1,92754,131514,38760,45,False,0,2025-26,16,4.5,0.0,,,,,,,,1.0,2.0,3.0,1.0,DEF,jan paul van hecke,3,90.0,90.0,7.666666666666667,6.0,0.2759999999999992,0.2319999999999997,0.0440000000000001,0.4,0.0,90.0,1.0,7.933333333333334,3.15,5.979999999999997,5.48,1,0,0
Jordan Pickford,GK,Everton,0.0,0,0,10,0,0.0,287,0.0,0.0,0.0,2.2,154,2,0,2.1,21.4,2025-12-13T15:00:00Z,90,7,0,0,0,0,16,3,1359344,1,0,2,0.0,2,65800,117627,51827,55,False,0,2025-26,16,5.5,0.0,,,,,,,,2.0,0.0,12.0,0.0,GK,jordan pickford,3,90.0,90.0,4.666666666666667,6.2,0.0019999999999993,0.0,0.0020000000000001,0.8,3.4,90.0,1.0,5.933333333333334,3.85,6.209999999999997,6.08,1,0,0
Marcus Tavernier,MID,Bournemouth,0.0,1,2,44,0,32.4,84,0.02,0.87,0.85,3.29,157,4,1,13.5,62.4,2025-12-15T20:00:00Z,90,14,0,0,0,0,16,0,196501,1,4,4,40.0,12,-31542,15516,47058,55,False,0,2025-26,16,5.5,0.0,,,,,,,,2.0,7.0,4.0,1.0,MID,marcus tavernier,3,70.0,78.0,2.333333333333333,3.2,0.4759999999999991,0.3779999999999998,0.098,0.2,0.0,73.2,0.915,4.066666666666667,3.52275,5.379999999999996,4.58,0,0,0
Mikel Merino Zazón,MID,Arsenal,0.0,0,0,5,0,3.5,22,0.0,0.05,0.05,0.09,151,1,0,1.4,5.8,2025-12-13T20:00:00Z,32,20,0,0,0,0,16,0,587137,0,1,2,5.0,1,156696,253845,97149,61,True,0,2025-26,16,6.1,0.0,,,,,,,,3.0,5.0,2.0,0.0,MID,mikel merino zazón,3,75.0,80.4,7.666666666666667,6.6,0.4899999999999991,0.3499999999999999,0.14,0.2,0.0,77.16,0.9645,8.573333333333334,4.118414999999999,5.449999999999996,4.69,0,0,0
Nico O'Reilly,DEF,Man City,0.0,0,0,21,1,1.9,411,0.01,0.01,0.0,1.88,155,0,0,2.5,18.6,2025-12-14T14:00:00Z,90,8,0,0,0,0,16,0,1115300,1,3,0,4.0,6,182173,256871,74698,52,False,0,2025-26,16,5.2,0.0,,,,,,,,6.0,9.0,6.0,3.0,DEF,nico o'reilly,3,90.0,90.0,3.333333333333333,4.4,0.3359999999999989,0.2299999999999999,0.1059999999999999,0.4,0.0,90.0,1.0,4.746666666666667,3.64,6.279999999999994,5.73,1,0,0
Phil Foden,MID,Man City,0.0,0,1,36,1,8.4,414,0.02,0.15,0.13,1.88,155,0,1,7.7,51.0,2025-12-14T14:00:00Z,90,8,0,0,0,0,16,0,4187497,1,3,0,18.0,11,1634966,1670976,36010,87,False,0,2025-26,16,8.7,0.0,,,,,,,,2.0,12.0,7.0,3.0,MID,phil foden,3,82.66666666666667,84.8,14.666666666666666,9.8,0.7179999999999989,0.5399999999999998,0.1779999999999999,0.4,0.0,83.52000000000001,1.0,14.0,6.089999999999999,6.5899999999999945,6.35,1,0,0
Tyrick Mitchell,DEF,Crystal Palace,0.0,0,0,-6,0,2.5,258,0.01,0.01,0.0,1.19,155,3,0,0.8,3.6,2025-12-14T14:00:00Z,90,13,0,0,0,0,16,0,305970,1,3,0,2.0,1,-26637,13492,40129,50,True,0,2025-26,16,5.0,0.0,,,,,,,,2.0,3.0,5.0,1.0,DEF,tyrick mitchell,3,88.0,88.8,3.0,5.2,0.071999999999999,0.0,0.072,0.6,0.0,88.32,1.0,4.4,3.5,5.7599999999999945,4.96,1,0,0
Vitalii Mykolenko,DEF,Everton,0.0,0,0,11,0,23.0,292,0.08,0.08,0.0,2.2,154,2,0,4.4,19.2,2025-12-13T15:00:00Z,90,7,0,0,0,0,16,0,58671,1,0,2,2.0,1,531,7705,7174,49,False,0,2025-26,16,4.9,0.0,,,,,,,,4.0,6.0,3.0,2.0,DEF,vitalii mykolenko,3,90.0,90.0,4.0,5.4,0.123999999999999,0.0119999999999999,0.112,0.8,0.0,90.0,1.0,5.16,3.43,6.819999999999995,5.11,1,0,0
Bruno Borges Fernandes,MID,Man Utd,0.0,0,0,11,0,16.7,449,0.18,0.28,0.1,1.3,161,1,0,3.1,7.2,2025-12-21T16:30:00Z,45,2,0,0,0,0,17,0,3868915,1,1,2,7.0,1,506036,563775,57739,93,False,0,2025-26,17,9.3,0.0,,,,,,,,2.0,5.0,3.0,0.0,MID,bruno borges fernandes,3,90.0,90.0,11.666666666666666,9.6,0.8879999999999997,0.462,0.4260000000000002,0.0,0.0,90.0,1.0,13.053333333333336,6.51,7.439999999999999,7.08,1,0,1
Dominic Calvert-Lewin,FWD,Leeds,0.0,0,3,60,1,13.3,691,0.08,1.36,1.29,0.41,166,0,2,19.9,72.4,2025-12-20T20:00:00Z,86,8,0,0,0,0,17,0,700214,1,1,4,113.0,13,295731,314497,18766,57,True,0,2025-26,17,5.7,0.0,,,,,,,,1.0,1.0,0.0,0.0,FWD,dominic calvert-lewin,3,88.33333333333333,65.8,8.0,6.4,0.6199999999999998,0.6039999999999999,0.0160000000000001,0.0,0.0,79.32,0.9915,8.68,3.956085,6.099999999999999,5.07,0,0,0
Enzo Fernández,MID,Chelsea,0.0,0,0,2,0,22.7,237,0.03,0.03,0.0,0.35,168,0,0,3.0,7.4,2025-12-20T12:30:00Z,36,15,0,0,0,0,17,0,1308099,0,2,2,0.0,1,-159634,44753,204387,65,False,0,2025-26,17,6.5,0.0,,,,,,,,3.0,5.0,2.0,0.0,MID,enzo fernández,3,90.0,90.0,2.6666666666666665,4.2,0.5599999999999997,0.3179999999999998,0.2420000000000001,0.6,0.0,90.0,1.0,4.733333333333333,4.55,5.799999999999999,5.63,1,0,0
Erling Haaland,FWD,Man City,0.0,1,3,66,1,10.8,430,0.07,1.09,1.02,0.98,167,0,2,15.7,78.2,2025-12-20T15:00:00Z,90,19,0,0,0,0,17,0,9359701,1,0,3,68.0,16,85243,94186,8943,150,True,0,2025-26,17,15.0,0.0,,,,,,,,0.0,0.0,0.0,0.0,FWD,erling haaland,3,82.66666666666667,85.6,9.666666666666666,6.6,0.8579999999999994,0.7939999999999998,0.0640000000000002,0.4,0.0,83.84,1.0,13.733333333333334,10.5,7.289999999999997,7.37,1,1,0
Igor Thiago Nascimento Rodrigues,FWD,Brentford,0.0,0,0,1,1,2.3,136,0.01,0.01,0.0,1.27,170,0,0,0.4,0.0,2025-12-20T15:00:00Z,90,20,0,0,0,0,17,0,4671725,1,2,0,2.0,2,-139655,247081,386736,72,False,0,2025-26,17,7.2,0.0,,,,,,,,1.0,1.0,0.0,0.0,FWD,igor thiago nascimento rodrigues,3,70.0,78.0,1.6666666666666667,4.4,0.6479999999999992,0.6299999999999997,0.018,0.0,0.0,73.2,0.915,4.213333333333334,4.6116,6.239999999999997,5.1,1,0,0
Jordan Pickford,GK,Everton,0.0,0,0,5,0,0.0,287,0.0,0.0,0.0,2.0,164,1,0,0.4,4.0,2025-12-20T20:00:00Z,90,1,0,0,0,0,17,0,1339133,1,1,0,0.0,2,-19399,31201,50600,55,True,0,2025-26,17,5.5,0.0,,,,,,,,1.0,0.0,9.0,0.0,GK,jordan pickford,3,90.0,90.0,5.0,5.2,0.0019999999999993,0.0,0.0020000000000001,0.6,3.2,90.0,1.0,6.2,3.85,5.409999999999997,6.01,1,0,0
Marc Cucurella Saseta,DEF,Chelsea,0.0,0,0,7,0,1.8,224,0.01,0.01,0.0,2.31,168,2,0,2.0,14.4,2025-12-20T12:30:00Z,90,15,0,0,0,0,17,0,2893780,1,2,2,4.0,1,-50313,52724,103037,62,False,0,2025-26,17,6.2,0.0,,,,,,,,3.0,5.0,7.0,2.0,DEF,marc cucurella saseta,3,90.0,90.0,4.333333333333333,4.0,0.1459999999999991,0.0279999999999999,0.118,0.6,0.0,90.0,1.0,5.946666666666667,4.34,6.129999999999996,5.54,1,0,0
Marcus Tavernier,MID,Bournemouth,0.0,0,0,15,0,17.8,84,0.07,0.13,0.06,0.38,162,1,0,3.2,5.2,2025-12-20T15:00:00Z,90,3,0,0,0,0,17,0,415633,1,1,1,9.0,2,183923,195057,11134,56,True,0,2025-26,17,5.6,0.0,,,,,,,,0.0,6.0,5.0,1.0,MID,marcus tavernier,3,70.0,78.0,6.0,5.2,0.5539999999999992,0.4899999999999999,0.064,0.2,0.0,73.2,0.915,7.040000000000001,3.5868,5.769999999999996,5.08,0,0,0
Neco Williams,DEF,Nott'm Forest,0.0,0,0,11,0,15.4,508,0.14,0.18,0.04,1.5,165,1,0,4.9,22.2,2025-12-22T20:00:00Z,90,10,0,0,0,0,17,0,458174,1,0,1,11.0,2,32423,43187,10764,47,False,0,2025-26,17,4.7,0.0,,,,,,,,4.0,5.0,5.0,1.0,DEF,neco williams,3,90.0,90.0,5.333333333333333,6.0,0.1279999999999989,0.0499999999999999,0.0779999999999999,0.6,0.0,90.0,1.0,6.1466666666666665,3.29,6.039999999999995,5.23,1,0,0
Nico O'Reilly,DEF,Man City,0.0,0,0,17,1,6.7,411,0.11,0.11,0.0,0.98,167,0,0,1.8,2.8,2025-12-20T15:00:00Z,90,19,0,0,0,0,17,0,1423156,1,0,3,8.0,6,257541,285437,27896,53,True,0,2025-26,17,5.3,0.0,,,,,,,,3.0,4.0,6.0,1.0,DEF,nico o'reilly,3,90.0,90.0,4.0,3.4,0.3139999999999989,0.2079999999999999,0.1059999999999999,0.4,0.0,90.0,1.0,5.32,3.71,6.169999999999995,5.56,1,0,0
Nicolò Savona,DEF,Nott'm Forest,0.0,0,0,4,0,1.9,716,0.01,0.01,0.0,1.19,165,1,0,1.7,14.8,2025-12-22T20:00:00Z,80,10,0,0,0,0,17,0,24638,1,0,1,0.0,2,1470,3431,1961,45,False,0,2025-26,17,4.5,0.0,,,,,,,,3.0,5.0,0.0,2.0,DEF,nicolò savona,3,75.0,81.0,3.333333333333333,4.6,0.1459999999999989,0.0959999999999999,0.0499999999999999,0.6,0.0,77.4,0.9675,4.466666666666667,3.047625,6.129999999999996,5.33,1,0,0
Phil Foden,MID,Man City,0.0,0,0,17,1,35.4,414,0.25,0.33,0.08,0.98,167,0,0,6.0,9.6,2025-12-20T15:00:00Z,90,19,0,0,0,0,17,0,5096888,1,0,3,15.0,3,893867,908720,14853,89,True,0,2025-26,17,8.9,0.0,,,,,,,,0.0,4.0,3.0,1.0,MID,phil foden,3,82.66666666666667,84.8,13.333333333333334,11.4,0.705999999999999,0.5479999999999998,0.1579999999999999,0.4,0.0,83.52000000000001,1.0,14.0,6.23,6.529999999999995,6.32,1,0,0
Robert Lynch Sánchez,GK,Chelsea,0.0,1,0,20,0,10.0,220,0.0,0.0,0.0,2.31,168,2,0,5.4,44.4,2025-12-20T12:30:00Z,90,15,0,0,0,0,17,3,1887223,1,2,2,0.0,4,39838,79227,39389,49,False,1,2025-26,17,4.9,0.0,,,,,,,,2.0,0.0,4.0,0.0,GK,robert lynch sánchez,3,90.0,90.0,5.666666666666667,5.2,0.001999999999999,0.0,0.002,0.6,2.8,90.0,1.0,6.493333333333334,3.43,5.409999999999995,5.62,0,0,0
Vitalii Mykolenko,DEF,Everton,0.0,0,0,5,0,1.5,292,0.01,0.01,0.0,2.0,164,1,0,1.3,11.2,2025-12-20T20:00:00Z,90,1,0,0,0,0,17,0,56275,1,1,0,0.0,1,-2295,2950,5245,49,True,1,2025-26,17,4.9,0.0,,,,,,,,2.0,5.0,5.0,3.0,DEF,vitalii mykolenko,3,90.0,90.0,3.6666666666666665,4.4,0.085999999999999,0.0119999999999999,0.074,0.6,0.0,90.0,1.0,4.8933333333333335,3.43,5.829999999999995,4.95,0,0,0
Yéremy Pino Santos,MID,Crystal Palace,0.0,0,0,6,0,14.1,712,0.06,0.18,0.12,2.6,166,3,0,3.0,8.2,2025-12-20T20:00:00Z,85,11,0,0,0,0,17,0,45982,1,1,4,8.0,2,15349,18975,3626,58,False,0,2025-26,17,5.8,0.0,,,,,,,,4.0,6.0,2.0,0.0,MID,yéremy pino santos,3,81.0,80.0,3.333333333333333,4.0,0.591999999999999,0.2639999999999999,0.328,0.4,0.0,80.6,1.0,4.986666666666666,4.06,5.959999999999995,5.09,1,0,0
Bart Verbruggen,GK,Brighton,0.0,0,0,13,0,0.0,139,0.0,0.0,0.0,3.08,171,2,0,3.7,37.2,2025-12-27T15:00:00Z,90,1,0,0,0,0,18,5,664234,1,1,2,0.0,1,11416,33051,21635,44,False,1,2025-26,18,4.4,0.0,,,,,,,,3.0,0.0,11.0,0.0,GK,bart verbruggen,3,90.0,90.0,5.0,4.6,0.0,0.0,0.0,0.4,4.2,90.0,1.0,5.76,3.08,4.6,4.89,1,0,0
Bruno Borges Fernandes,MID,Man Utd,0.0,0,0,0,0,0.0,449,0.0,0.0,0.0,0.0,177,0,0,0.0,0.0,2025-12-26T20:00:00Z,0,15,0,0,0,0,18,0,2006318,0,0,1,0.0,0,-1665201,87754,1752955,92,True,0,2025-26,18,9.2,0.0,,,,,,,,0.0,0.0,0.0,0.0,MID,bruno borges fernandes,3,75.0,81.0,10.666666666666666,9.4,0.8099999999999996,0.41,0.4000000000000002,0.0,0.0,77.4,0.9675,12.213333333333331,6.2307,7.049999999999998,5.99,1,0,0
Dominic Calvert-Lewin,FWD,Leeds,0.0,0,2,32,0,14.0,691,0.1,0.5,0.4,0.7,179,1,1,10.0,36.2,2025-12-28T14:00:00Z,84,17,0,0,0,0,18,0,1133431,1,1,1,50.0,8,399434,428902,29468,58,False,0,2025-26,18,5.8,0.0,,,,,,,,0.0,1.0,0.0,1.0,FWD,dominic calvert-lewin,3,88.66666666666667,79.2,9.333333333333334,8.8,0.8779999999999998,0.8479999999999999,0.0320000000000001,0.2,0.0,84.88000000000001,1.0,9.786666666666669,4.06,7.389999999999999,6.64,1,0,0
Enzo Le Fée,MID,Sunderland,0.0,0,0,11,0,40.9,547,0.09,0.09,0.0,2.17,179,1,0,6.1,14.2,2025-12-28T14:00:00Z,90,11,0,0,0,0,18,0,144656,1,1,1,6.0,2,39930,47758,7828,49,True,0,2025-26,18,4.9,0.0,,,,,,,,2.0,5.0,1.0,2.0,MID,enzo le fée,3,90.0,86.8,2.0,4.8,0.4159999999999996,0.2399999999999998,0.1760000000000001,0.6,0.0,88.72,1.0,3.5600000000000005,3.43,5.079999999999998,4.79,1,0,0
Erling Haaland,FWD,Man City,0.0,0,0,5,0,10.6,430,0.11,0.28,0.17,0.55,178,1,0,2.8,2.4,2025-12-27T12:30:00Z,90,16,0,0,0,0,18,0,9439331,1,2,1,15.0,2,59888,70149,10261,151,False,0,2025-26,18,15.1,0.0,,,,,,,,1.0,3.0,2.0,0.0,FWD,erling haaland,3,82.66666666666667,85.6,10.333333333333334,9.4,0.7679999999999996,0.6899999999999998,0.0780000000000002,0.6,0.0,83.84,1.0,14.0,10.57,6.839999999999998,6.82,1,1,0
Ferdi Kadıoğlu,DEF,Brighton,0.0,0,0,6,0,16.3,148,0.24,0.24,0.0,3.08,171,2,0,2.6,7.2,2025-12-27T15:00:00Z,90,1,0,0,0,0,18,0,29193,1,1,2,2.0,1,-172,2911,3083,44,False,0,2025-26,18,4.4,0.0,,,,,,,,3.0,3.0,4.0,0.0,DEF,ferdi kadıoğlu,3,87.33333333333333,83.6,2.6666666666666665,3.2,0.1399999999999996,0.0639999999999997,0.0760000000000001,0.4,0.0,85.84,1.0,3.8933333333333335,3.08,5.299999999999998,4.27,0,0,0
Jarrod Bowen,FWD,West Ham,0.0,0,0,0,0,4.9,624,0.04,0.27,0.23,1.62,180,1,0,4.7,5.8,2025-12-27T15:00:00Z,90,10,0,0,0,0,18,0,976427,1,1,0,36.0,2,73203,129042,55839,76,True,0,2025-26,18,7.6,0.0,,,,,,,,1.0,3.0,1.0,1.0,FWD,jarrod bowen,3,90.0,90.0,6.0,5.0,0.3739999999999993,0.3619999999999997,0.0120000000000001,0.0,0.0,90.0,1.0,7.840000000000001,5.319999999999999,4.8699999999999966,4.34,0,0,0
Joško Gvardiol,DEF,Man City,0.0,1,1,25,0,15.7,403,0.05,0.05,0.0,0.55,178,1,0,6.6,48.2,2025-12-27T12:30:00Z,90,16,0,0,0,0,18,0,1175621,1,2,1,2.0,8,52116,80136,28020,60,False,0,2025-26,18,6.0,0.0,,,,,,,,10.0,13.0,1.0,3.0,DEF,joško gvardiol,3,83.0,85.8,8.666666666666666,6.4,0.3139999999999993,0.2679999999999997,0.0460000000000001,0.6,0.0,84.12,1.0,9.333333333333334,4.199999999999999,6.969999999999997,6.64,1,0,1
Jurriën Timber,DEF,Arsenal,0.0,0,0,0,0,0.0,8,0.0,0.0,0.0,0.0,171,0,0,0.0,0.0,2025-12-27T15:00:00Z,0,6,0,0,0,0,18,0,4304991,0,1,2,0.0,0,89016,156936,67920,65,True,0,2025-26,18,6.5,0.0,,,,,,,,0.0,0.0,0.0,0.0,DEF,jurriën timber,3,90.0,81.2,3.6666666666666665,2.8,0.2619999999999993,0.2359999999999996,0.026,0.2,0.0,86.48,1.0,5.533333333333333,4.55,5.109999999999997,4.99,1,0,0
Matheus Santos Carneiro da Cunha,MID,Man Utd,0.0,0,0,5,1,13.3,450,0.06,0.18,0.12,1.18,177,0,0,4.7,7.4,2025-12-26T20:00:00Z,90,15,0,0,0,0,18,0,1157970,1,0,1,26.0,2,502204,514833,12629,80,True,1,2025-26,18,8.0,0.0,,,,,,,,3.0,9.0,6.0,0.0,MID,matheus santos carneiro da cunha,3,90.0,69.2,7.333333333333333,5.0,0.6959999999999991,0.5239999999999998,0.172,0.2,0.0,81.68,1.0,9.066666666666666,5.6,6.479999999999995,6.04,1,0,0
Morgan Rogers,MID,Aston Villa,0.0,0,0,7,0,40.4,47,0.44,0.5,0.06,2.14,174,1,0,5.5,7.2,2025-12-27T17:30:00Z,90,7,0,0,0,0,18,0,2868524,1,2,1,7.0,1,978232,1019171,40939,73,False,1,2025-26,18,7.3,0.0,,,,,,,,1.0,6.0,4.0,1.0,MID,morgan rogers,3,90.0,90.0,10.666666666666666,8.2,0.5019999999999989,0.3859999999999999,0.1159999999999999,0.2,0.0,90.0,1.0,11.453333333333331,5.109999999999999,5.5099999999999945,5.26,1,0,0
Neco Williams,DEF,Nott'm Forest,0.0,0,0,5,0,1.8,508,0.01,0.05,0.04,1.45,178,2,0,2.3,13.8,2025-12-27T12:30:00Z,90,13,0,0,0,0,18,0,431617,1,2,1,7.0,1,-12559,9337,21896,47,True,0,2025-26,18,4.7,0.0,,,,,,,,2.0,3.0,3.0,1.0,DEF,neco williams,3,90.0,90.0,3.333333333333333,3.8,0.1619999999999989,0.0579999999999999,0.1039999999999999,0.4,0.0,90.0,1.0,4.546666666666667,3.29,5.409999999999995,4.38,0,0,0
Nico O'Reilly,DEF,Man City,0.0,0,0,8,0,33.1,411,0.13,0.13,0.0,0.55,178,1,0,5.4,15.0,2025-12-27T12:30:00Z,90,16,0,0,0,0,18,0,1459133,1,2,1,6.0,1,75801,106051,30250,53,False,1,2025-26,18,5.3,0.0,,,,,,,,3.0,4.0,4.0,1.0,DEF,nico o'reilly,3,90.0,90.0,6.0,4.4,0.2799999999999989,0.1979999999999999,0.0819999999999999,0.6,0.0,90.0,1.0,6.920000000000001,3.71,6.799999999999995,6.4,1,0,0
Robin Roefs,GK,Sunderland,0.0,0,0,20,0,0.0,670,0.0,0.0,0.0,2.17,179,1,0,2.9,29.0,2025-12-28T14:00:00Z,90,11,0,0,0,0,18,4,1281463,1,1,1,0.0,3,91956,108262,16306,48,True,0,2025-26,18,4.8,0.0,,,,,,,,0.0,0.0,12.0,0.0,GK,robin roefs,3,90.0,90.0,5.666666666666667,4.2,0.003999999999999,0.0,0.0039999999999999,0.4,3.2,90.0,1.0,6.453333333333334,3.36,4.619999999999996,4.69,0,0,0
Yéremy Pino Santos,MID,Crystal Palace,0.0,0,0,11,0,17.8,712,0.08,0.15,0.07,0.55,175,1,0,3.7,11.0,2025-12-28T16:30:00Z,76,18,0,0,0,0,18,0,43516,1,1,0,8.0,4,-513,5802,6315,58,True,0,2025-26,18,5.8,0.0,,,,,,,,1.0,13.0,9.0,3.0,MID,yéremy pino santos,3,88.33333333333333,81.0,3.0,2.8,0.499999999999999,0.2639999999999999,0.236,0.2,0.0,85.39999999999999,1.0,4.720000000000001,4.06,5.499999999999995,4.79,1,0,0
Anthony Gordon,MID,Newcastle,0.0,1,0,14,0,3.0,485,0.02,0.11,0.09,0.95,183,1,0,1.6,5.4,2025-12-30T19:30:00Z,79,3,0,0,0,0,19,0,768816,1,3,1,8.0,5,162130,187741,25611,74,False,0,2025-26,19,7.4,0.0,,,,,,,,1.0,6.0,2.0,3.0,MID,anthony gordon,3,73.0,63.2,4.333333333333333,5.8,0.8119999999999997,0.558,0.2540000000000001,0.2,0.0,69.08,0.8634999999999999,6.426666666666668,4.47293,7.059999999999999,5.88,1,0,0
Diogo Dalot Teixeira,DEF,Man Utd,0.0,0,0,7,0,16.8,440,0.03,0.05,0.02,1.16,187,1,0,3.6,13.0,2025-12-30T20:15:00Z,90,20,0,0,0,0,19,0,790886,1,1,1,6.0,2,382189,390363,8174,45,True,0,2025-26,19,4.5,0.0,,,,,,,,3.0,4.0,8.0,1.0,DEF,diogo dalot teixeira,3,90.0,84.0,5.0,7.0,0.2799999999999996,0.1899999999999999,0.0900000000000001,0.4,0.0,87.6,1.0,5.8,3.15,5.999999999999998,5.3,1,0,0
Dominic Calvert-Lewin,FWD,Leeds,0.0,0,0,3,0,0.0,691,0.0,0.0,0.0,0.1,186,0,0,0.1,1.0,2026-01-01T17:30:00Z,20,12,0,0,0,0,19,0,1185088,0,0,0,0.0,1,134915,182606,47691,58,False,0,2025-26,19,5.8,0.0,,,,,,,,0.0,1.0,0.0,1.0,FWD,dominic calvert-lewin,3,86.66666666666667,87.0,10.0,9.0,0.9519999999999996,0.902,0.0520000000000001,0.2,0.0,86.80000000000001,1.0,10.32,4.06,7.759999999999998,7.11,1,0,1
Erling Haaland,FWD,Man City,0.0,0,0,3,1,11.3,430,0.02,0.36,0.34,0.81,189,0,0,4.8,8.0,2026-01-01T20:00:00Z,90,17,0,0,0,0,19,0,9445379,1,0,0,29.0,2,1808,28021,26213,151,False,0,2025-26,19,15.1,0.0,,,,,,,,0.0,4.0,1.0,3.0,FWD,erling haaland,3,90.0,85.6,10.333333333333334,9.4,0.7959999999999996,0.6979999999999998,0.0980000000000001,0.6,0.0,88.24000000000001,1.0,14.0,10.57,6.979999999999998,7.13,1,1,0
Gianluigi Donnarumma,GK,Man City,0.0,0,0,34,1,0.0,736,0.0,0.0,0.0,0.81,189,0,0,3.6,35.8,2026-01-01T20:00:00Z,90,17,0,0,0,0,19,4,1283678,1,0,0,0.0,7,-18533,22980,41513,57,False,0,2025-26,19,5.7,0.0,,,,,,,,0.0,0.0,7.0,0.0,GK,gianluigi donnarumma,3,90.0,90.0,5.333333333333333,4.4,0.0,0.0,0.0,0.6,2.2,90.0,1.0,6.546666666666667,3.99,5.4,5.77,1,0,0
Harry Wilson,MID,Fulham,0.0,0,0,9,0,3.9,329,0.01,0.13,0.12,1.62,185,1,0,3.7,9.0,2026-01-01T17:30:00Z,84,8,0,0,0,0,19,0,2310039,1,1,1,24.0,2,25123,152029,126906,58,False,0,2025-26,19,5.8,0.0,,,,,,,,4.0,8.0,3.0,1.0,MID,harry wilson,3,87.0,86.0,7.666666666666667,7.8,0.5379999999999994,0.1879999999999996,0.3500000000000002,0.4,0.0,86.6,1.0,8.453333333333333,4.06,5.689999999999997,4.89,0,0,0
Jake O'Brien,DEF,Everton,0.0,0,0,27,1,0.0,293,0.0,0.0,0.0,1.55,188,0,0,3.2,31.6,2025-12-30T19:30:00Z,90,16,0,0,0,0,19,0,59114,1,2,0,0.0,8,1622,4277,2655,49,False,0,2025-26,19,4.9,0.0,,,,,,,,11.0,13.0,6.0,2.0,DEF,jake o'brien,3,90.0,90.0,3.0,4.6,0.0779999999999992,0.0379999999999996,0.04,0.6,0.0,90.0,1.0,4.36,3.43,5.789999999999996,4.97,1,0,0
James Tarkowski,DEF,Everton,0.0,0,1,31,1,0.1,291,0.0,0.36,0.36,1.55,188,0,0,6.9,43.0,2025-12-30T19:30:00Z,90,16,0,0,0,0,19,0,1088382,1,2,0,26.0,9,78344,104140,25796,55,False,0,2025-26,19,5.5,0.0,,,,,,,,17.0,19.0,0.0,2.0,DEF,james tarkowski,3,90.0,90.0,4.0,6.2,0.0539999999999992,0.0079999999999997,0.046,0.6,0.0,90.0,1.0,5.4,3.85,5.669999999999996,5.02,1,0,0
Jordan Pickford,GK,Everton,0.0,0,2,37,1,0.0,287,0.01,0.01,0.0,1.55,188,0,0,3.8,37.6,2025-12-30T19:30:00Z,90,16,0,0,0,0,19,6,1432222,1,2,0,0.0,10,26488,51359,24871,55,False,0,2025-26,19,5.5,0.0,,,,,,,,0.0,0.0,16.0,0.0,GK,jordan pickford,3,90.0,90.0,3.333333333333333,4.6,0.0019999999999993,0.0,0.0020000000000001,0.6,1.4,90.0,1.0,4.866666666666667,3.85,5.409999999999997,5.41,0,0,0
Joško Gvardiol,DEF,Man City,0.0,0,0,3,0,1.3,403,0.01,0.69,0.68,0.09,189,0,0,4.7,6.8,2026-01-01T20:00:00Z,33,17,0,0,0,0,19,0,1315912,0,0,0,39.0,1,104963,131005,26042,60,False,0,2025-26,19,6.0,0.0,,,,,,,,2.0,3.0,1.0,1.0,DEF,joško gvardiol,3,90.0,85.8,7.333333333333333,6.8,0.1359999999999993,0.1139999999999997,0.0220000000000001,0.6,0.0,88.32,1.0,8.266666666666667,4.199999999999999,6.0799999999999965,5.57,1,0,0
Keane Lewis-Potter,DEF,Brentford,0.0,0,0,23,1,2.8,107,0.02,0.3,0.28,1.01,182,0,0,2.0,4.0,2026-01-01T20:00:00Z,90,18,0,0,0,0,19,0,283451,1,0,0,13.0,6,58082,74020,15938,49,True,0,2025-26,19,4.9,0.0,,,,,,,,1.0,2.0,9.0,1.0,DEF,keane lewis-potter,3,79.33333333333333,51.2,9.666666666666666,6.2,0.2159999999999993,0.1479999999999997,0.068,0.4,0.0,68.08,0.851,9.693333333333332,2.91893,5.679999999999996,4.58,0,0,0
Kevin Schade,MID,Brentford,0.0,0,0,6,1,5.4,120,0.01,0.01,0.0,0.82,182,0,0,1.1,3.8,2026-01-01T20:00:00Z,79,18,0,0,0,0,19,0,261415,1,0,0,2.0,3,118705,129931,11226,70,True,0,2025-26,19,7.0,0.0,,,,,,,,1.0,5.0,3.0,1.0,MID,kevin schade,3,60.0,65.8,7.666666666666667,5.0,0.7559999999999993,0.7419999999999998,0.014,0.2,0.0,62.32,0.779,8.933333333333334,3.8171,6.779999999999997,5.86,1,0,0
Matheus Santos Carneiro da Cunha,MID,Man Utd,0.0,0,0,9,0,6.9,450,0.02,0.13,0.11,1.16,187,1,0,1.6,1.2,2025-12-30T20:15:00Z,90,20,0,0,0,0,19,0,2036041,1,1,1,8.0,2,682357,695020,12663,81,True,0,2025-26,19,8.1,0.0,,,,,,,,0.0,4.0,3.0,1.0,MID,matheus santos carneiro da cunha,3,90.0,87.2,6.333333333333333,5.4,0.7319999999999991,0.5479999999999998,0.184,0.4,0.0,88.88,1.0,8.306666666666667,5.669999999999999,6.659999999999996,6.69,1,0,0
Morgan Rogers,MID,Aston Villa,0.0,0,0,8,0,3.1,47,0.05,0.18,0.13,2.43,181,4,0,1.2,0.0,2025-12-30T20:15:00Z,81,1,0,0,0,0,19,0,2940073,1,1,4,9.0,1,253717,355456,101739,74,False,1,2025-26,19,7.4,0.0,,,,,,,,0.0,1.0,1.0,0.0,MID,morgan rogers,3,90.0,90.0,10.333333333333334,7.8,0.5779999999999988,0.3819999999999999,0.196,0.0,0.0,90.0,1.0,11.226666666666668,5.18,5.889999999999994,5.57,1,0,0
Raúl Jiménez Rodríguez,FWD,Fulham,0.0,0,0,5,0,23.2,337,0.05,0.44,0.39,1.62,185,1,0,5.0,0.0,2026-01-01T17:30:00Z,90,8,0,0,0,0,19,0,281369,1,1,1,27.0,2,-15970,13391,29361,63,False,0,2025-26,19,6.3,0.0,,,,,,,,1.0,2.0,1.0,0.0,FWD,raúl jiménez rodríguez,3,84.0,83.0,5.333333333333333,4.6,0.5159999999999989,0.4959999999999999,0.0199999999999999,0.4,0.0,83.6,1.0,6.786666666666667,4.409999999999999,5.579999999999995,4.73,0,0,0
Chris Wood,FWD,Nott'm Forest,2.4,0,3,58,0,4.3,525,0.01,0.96,0.95,1.5,4,1,2,12.5,66.2,2025-08-17T13:00:00Z,78,5,0,0,0,0,1,0,1261678,1,1,3,54.0,13,0,0,0,75,True,0,2025-26,1,7.5,0.0,,,,,,,,0.0,2.0,2.0,0.0,FWD,chris wood,3,90.0,90.0,4.0,3.2,0.5319999999999997,0.4800000000000001,0.0520000000000001,0.0,0.0,90.0,1.0,6.2,5.25,5.659999999999998,5.01,1,0,0
Cole Palmer,MID,Chelsea,3.6,0,0,10,1,16.9,235,0.03,0.2,0.17,0.66,8,0,0,4.5,4.8,2025-08-17T13:00:00Z,90,8,0,0,0,0,1,0,6063687,1,0,0,23.0,3,0,0,0,105,True,0,2025-26,1,10.5,0.0,,,,,,,,0.0,5.0,4.0,1.0,MID,cole palmer,3,90.0,90.0,2.333333333333333,4.0,0.5659999999999995,0.284,0.2820000000000001,0.6,0.0,90.0,1.0,6.066666666666667,7.35,5.829999999999997,5.57,1,0,0
Emiliano Martínez Romero,GK,Aston Villa,0.0,0,0,0,0,0.0,32,0.0,0.0,0.0,0.0,2,0,0,0.0,0.0,2025-08-16T11:30:00Z,0,15,0,0,0,0,1,0,45391,0,0,0,0.0,0,0,0,0,50,True,0,2025-26,1,5.0,0.0,,,,,,,,0.0,0.0,0.0,0.0,GK,emiliano martínez romero,3,75.0,81.0,4.0,4.6,0.0019999999999996,0.0,0.0020000000000001,0.6,3.4,77.4,0.9675,5.2,3.38625,5.409999999999998,5.83,1,0,0
Ezri Konsa Ngoyo,DEF,Aston Villa,1.4,0,0,15,1,1.1,38,0.01,0.01,0.0,1.11,2,0,0,0.3,1.8,2025-08-16T11:30:00Z,65,15,0,0,0,1,1,0,2210503,1,0,0,0.0,3,0,0,0,45,True,0,2025-26,1,4.5,0.0,,,,,,,,3.0,3.0,1.0,0.0,DEF,ezri konsa ngoyo,3,90.0,90.0,7.0,5.6,0.1099999999999996,0.0839999999999997,0.0260000000000001,0.6,0.0,90.0,1.0,7.4,3.15,5.9499999999999975,5.27,1,0,0
Fabian Schär,DEF,Newcastle,3.8,0,0,26,1,1.9,474,0.03,0.07,0.04,0.2,2,0,0,2.0,13.8,2025-08-16T11:30:00Z,90,2,0,0,0,0,1,0,238259,1,0,0,4.0,8,0,0,0,55,False,0,2025-26,1,5.5,0.0,,,,,,,,10.0,11.0,5.0,1.0,DEF,fabian schär,3,90.0,88.4,2.6666666666666665,4.0,0.3679999999999996,0.3299999999999997,0.0380000000000001,0.4,0.0,89.36000000000001,1.0,4.333333333333334,3.85,6.439999999999998,6.2,1,0,1
Filip Jörgensen,GK,Chelsea,2.8,0,0,0,0,0.0,221,0.0,0.0,0.0,0.0,8,0,0,0.0,0.0,2025-08-17T13:00:00Z,0,8,0,0,0,0,1,0,19526,0,0,0,0.0,0,0,0,0,45,True,0,2025-26,1,4.5,0.0,,,,,,,,0.0,0.0,0.0,0.0,GK,filip jörgensen,3,90.0,90.0,4.0,6.0,0.2799999999999995,0.0674999999999996,0.2125000000000002,0.5,0.0,90.0,1.0,5.0,3.15,6.399999999999998,5.42,0,0,0
Ilia Gruev,MID,Leeds,1.0,0,0,3,0,0.3,356,0.0,0.0,0.0,0.28,10,0,0,0.2,1.6,2025-08-18T19:00:00Z,12,9,0,0,0,0,1,0,4328,0,0,1,0.0,1,0,0,0,50,True,0,2025-26,1,5.0,0.0,,,,,,,,1.0,1.0,0.0,0.0,MID,ilia gruev,3,90.0,90.0,2.0,2.75,0.3799999999999991,0.3549999999999996,0.0250000000000001,0.25,0.0,90.0,1.0,3.6,3.5,4.899999999999995,4.62,0,0,0
Ismaïla Sarr,MID,Crystal Palace,1.7,0,0,16,1,15.5,267,0.01,0.01,0.0,1.6,8,0,0,2.6,10.0,2025-08-17T13:00:00Z,90,7,0,0,0,0,1,0,502135,1,0,0,0.0,3,0,0,0,65,False,0,2025-26,1,6.5,0.0,,,,,,,,4.0,7.0,3.0,0.0,MID,ismaïla sarr,3,76.33333333333333,69.2,6.666666666666667,4.6,0.7519999999999992,0.4979999999999996,0.2540000000000001,0.2,0.0,73.48,0.9185,7.933333333333334,4.179175,6.759999999999996,5.79,1,0,0
Joško Gvardiol,DEF,Man City,0.0,0,0,0,0,0.0,403,0.0,0.0,0.0,0.0,7,0,0,0.0,0.0,2025-08-16T16:30:00Z,0,20,0,0,0,0,1,0,1096282,0,4,0,0.0,0,0,0,0,60,False,0,2025-26,1,6.0,0.0,,,,,,,,0.0,0.0,0.0,0.0,DEF,joško gvardiol,3,90.0,90.0,5.333333333333333,5.0,0.1119999999999993,0.0739999999999997,0.0380000000000001,0.6,0.0,90.0,1.0,6.666666666666667,4.199999999999999,5.959999999999997,5.28,1,0,0
Kevin Schade,MID,Brentford,1.8,0,0,1,0,0.9,120,0.04,0.04,0.0,0.37,4,0,0,1.2,4.6,2025-08-17T13:00:00Z,45,16,0,0,0,0,1,0,31063,0,1,3,6.0,1,0,0,0,70,False,0,2025-26,1,7.0,0.0,,,,,,,,2.0,7.0,3.0,2.0,MID,kevin schade,3,75.0,72.6,5.0,7.4,0.4859999999999994,0.4459999999999998,0.04,0.4,0.0,74.03999999999999,0.9255,6.800000000000001,4.534949999999999,5.429999999999997,5.0,1,0,0
Marc Cucurella Saseta,DEF,Chelsea,4.5,0,2,34,1,15.8,224,0.1,0.21,0.11,0.66,8,0,0,4.0,11.6,2025-08-17T13:00:00Z,90,8,0,0,0,0,1,0,1776709,1,0,0,13.0,8,0,0,0,60,True,0,2025-26,1,6.0,0.0,,,,,,,,2.0,4.0,4.0,2.0,DEF,marc cucurella saseta,3,90.0,90.0,8.0,6.4,0.1519999999999991,0.1159999999999999,0.036,0.6,0.0,90.0,1.0,8.8,4.199999999999999,6.159999999999995,5.6,1,0,0
Matty Cash,DEF,Aston Villa,1.4,0,0,25,1,1.1,36,0.0,0.0,0.0,1.43,2,0,0,4.1,37.6,2025-08-16T11:30:00Z,90,15,0,0,0,0,1,0,176115,1,0,0,2.0,8,0,0,0,45,True,0,2025-26,1,4.5,0.0,,,,,,,,9.0,11.0,2.0,2.0,DEF,matty cash,3,90.0,84.0,4.0,4.2,0.0419999999999991,0.0319999999999998,0.01,0.6,0.0,87.6,1.0,5.0,3.15,5.609999999999996,4.79,0,0,0
Mohamed Salah,MID,Liverpool,5.0,0,1,36,0,33.8,381,0.11,0.37,0.26,1.7,1,2,1,13.4,49.0,2025-08-15T19:00:00Z,90,4,0,0,0,0,1,0,5221323,1,2,4,51.0,8,0,0,0,145,True,0,2025-26,1,14.5,0.0,,,,,,,,1.0,10.0,9.0,0.0,MID,mohamed salah,3,90.0,90.0,4.666666666666667,4.8,0.613999999999999,0.3119999999999999,0.302,0.0,0.0,90.0,1.0,9.533333333333337,10.15,6.069999999999995,6.14,1,0,0
Norberto Bercique Gomes Betuncal,FWD,Everton,2.2,0,0,7,0,2.8,311,0.01,0.07,0.06,2.07,10,1,0,2.0,10.2,2025-08-18T19:00:00Z,90,11,0,0,0,0,1,0,858097,1,0,1,7.0,2,0,0,0,55,False,0,2025-26,1,5.5,0.0,,,,,,,,3.0,5.0,1.0,1.0,FWD,norberto bercique gomes betuncal,3,89.0,81.2,4.0,4.0,0.4799999999999988,0.4399999999999999,0.0399999999999999,0.4,0.0,85.88,1.0,5.4,3.85,5.399999999999994,4.45,0,0,0
Yoane Wissa,FWD,Brentford,0.0,0,0,0,0,0.0,135,0.0,0.0,0.0,0.0,4,0,0,0.0,0.0,2025-08-17T13:00:00Z,0,16,0,0,0,0,1,0,264591,0,1,3,0.0,0,0,0,0,75,False,0,2025-26,1,7.5,0.0,,,,,,,,0.0,0.0,0.0,0.0,FWD,yoane wissa,3,90.0,90.0,4.0,5.2,0.8099999999999989,0.752,0.058,0.4,0.0,90.0,1.0,6.2,5.25,7.0499999999999945,6.59,1,1,0
Anthony Gordon,MID,Newcastle,0.0,0,0,2,1,12.8,485,0.08,0.08,0.0,0.59,198,0,0,2.3,4.4,2026-01-04T15:00:00Z,62,8,0,0,0,0,20,0,777838,1,0,2,6.0,2,112737,155168,42431,74,True,1,2025-26,20,7.4,0.0,,,,,,,,1.0,3.0,1.0,1.0,MID,anthony gordon,3,80.0,74.2,5.666666666666667,5.6,0.6539999999999998,0.418,0.2360000000000001,0.2,0.0,77.68,0.971,7.493333333333334,5.029780000000001,6.27,5.46,1,0,0
Bukayo Saka,MID,Arsenal,0.0,1,0,19,0,36.0,16,0.23,0.25,0.02,0.06,192,1,0,6.6,21.0,2026-01-03T17:30:00Z,23,4,0,0,0,0,20,0,2783025,0,3,2,9.0,4,43117,129842,86725,103,False,0,2025-26,20,10.3,0.0,,,,,,,,0.0,1.0,0.0,1.0,MID,bukayo saka,3,87.33333333333333,86.0,5.333333333333333,6.2,0.6059999999999997,0.3839999999999999,0.2220000000000002,0.4,0.0,86.8,1.0,8.386666666666667,7.21,6.029999999999999,5.67,1,0,0
Djed Spence,DEF,Spurs,0.0,0,0,3,0,0.1,573,0.0,0.0,0.0,0.0,199,0,0,0.1,1.2,2026-01-04T15:00:00Z,2,17,0,0,0,0,20,0,151081,0,1,1,0.0,1,3917,7517,3600,43,True,0,2025-26,20,4.3,0.0,,,,,,,,0.0,0.0,1.0,0.0,DEF,djed spence,3,90.0,83.6,4.666666666666667,4.0,0.1599999999999996,0.0819999999999999,0.0780000000000001,0.6,0.0,87.44,1.0,5.453333333333334,3.01,6.1999999999999975,5.45,1,0,0
Gianluigi Donnarumma,GK,Man City,0.0,0,0,17,0,0.0,736,0.0,0.0,0.0,1.73,197,1,0,2.8,28.0,2026-01-04T17:30:00Z,90,7,0,0,0,0,20,2,1274244,1,1,1,0.0,2,-18817,20794,39611,57,True,0,2025-26,20,5.7,0.0,,,,,,,,0.0,0.0,8.0,0.0,GK,gianluigi donnarumma,3,90.0,90.0,5.333333333333333,5.8,0.0,0.0,0.0,0.8,2.8,90.0,1.0,6.546666666666667,3.99,6.2,5.97,1,0,0
Hugo Ekitiké,FWD,Liverpool,0.0,0,0,0,0,0.0,661,0.0,0.0,0.0,0.0,195,0,0,0.0,0.0,2026-01-04T15:15:00Z,0,10,0,0,0,0,20,0,4568151,0,2,2,0.0,0,-22461,133136,155597,91,False,0,2025-26,20,9.1,0.0,,,,,,,,0.0,0.0,0.0,0.0,FWD,hugo ekitiké,3,88.33333333333333,85.0,5.333333333333333,8.4,0.8199999999999992,0.6659999999999997,0.154,0.4,0.0,87.0,1.0,7.906666666666666,6.369999999999999,7.099999999999996,6.21,1,0,0
James Tarkowski,DEF,Everton,0.0,0,0,9,0,20.9,291,0.06,0.35,0.29,2.4,194,4,0,8.0,31.0,2026-01-04T15:00:00Z,90,5,0,0,0,0,20,0,1399783,1,4,2,28.0,2,290984,318705,27721,56,True,0,2025-26,20,5.6,0.0,,,,,,,,9.0,14.0,3.0,5.0,DEF,james tarkowski,3,90.0,90.0,6.666666666666667,6.0,0.0939999999999992,0.0799999999999997,0.014,0.6,0.0,90.0,1.0,7.573333333333334,3.92,5.869999999999996,5.27,1,0,0
Joško Gvardiol,DEF,Man City,0.0,0,0,13,0,6.1,403,0.02,0.02,0.0,0.49,197,0,0,1.9,13.0,2026-01-04T17:30:00Z,50,7,0,0,0,0,20,0,1263182,1,1,1,0.0,1,-11224,48766,59990,61,True,0,2025-26,20,6.1,0.0,,,,,,,,1.0,3.0,0.0,2.0,DEF,joško gvardiol,3,71.0,74.4,5.0,7.0,0.2719999999999993,0.2499999999999997,0.0220000000000001,0.6,0.0,72.36000000000001,0.9045000000000002,6.44,3.862215,6.759999999999996,6.24,1,0,0
Keane Lewis-Potter,DEF,Brentford,0.0,0,0,-6,0,10.8,107,0.07,0.07,0.0,0.3,194,2,0,1.5,2.2,2026-01-04T15:00:00Z,26,9,0,0,0,0,20,0,296078,0,4,2,2.0,0,41856,59592,17736,49,False,0,2025-26,20,4.9,0.0,,,,,,,,0.0,0.0,0.0,0.0,DEF,keane lewis-potter,3,89.33333333333333,66.0,9.666666666666666,7.2,0.2639999999999993,0.1939999999999997,0.07,0.6,0.0,80.0,1.0,9.693333333333332,3.43,6.719999999999997,6.12,1,0,0
Kevin Schade,MID,Brentford,0.0,1,0,23,1,11.7,120,0.0,0.23,0.23,0.55,194,0,0,6.9,27.4,2026-01-04T15:00:00Z,63,9,0,0,0,0,20,0,266493,1,4,2,30.0,6,42861,67898,25037,71,False,0,2025-26,20,7.1,0.0,,,,,,,,2.0,9.0,4.0,3.0,MID,kevin schade,3,86.33333333333333,69.8,8.666666666666666,5.4,0.7119999999999994,0.6959999999999998,0.016,0.4,0.0,79.72,0.9965,9.773333333333332,4.952604999999999,6.559999999999997,6.73,1,1,0
Matheus Santos Carneiro da Cunha,MID,Man Utd,0.0,0,2,27,0,15.1,450,0.03,0.18,0.15,0.9,196,1,1,8.7,42.2,2026-01-04T12:30:00Z,90,11,0,0,0,0,20,0,1672072,1,1,1,30.0,9,-72695,68626,141321,82,False,0,2025-26,20,8.2,0.0,,,,,,,,4.0,8.0,4.0,0.0,MID,matheus santos carneiro da cunha,3,90.0,90.0,4.333333333333333,5.2,0.6999999999999991,0.5199999999999998,0.18,0.2,0.0,90.0,1.0,6.746666666666666,5.739999999999999,6.499999999999996,6.44,1,0,1
Morgan Rogers,MID,Aston Villa,0.0,1,0,20,0,32.4,47,0.2,0.39,0.19,0.89,191,1,0,8.4,20.0,2026-01-03T12:30:00Z,90,16,0,0,0,0,20,0,3789331,1,1,3,32.0,5,709320,766102,56782,75,True,0,2025-26,20,7.5,0.0,,,,,,,,0.0,4.0,4.0,0.0,MID,morgan rogers,3,87.0,88.2,5.666666666666667,6.8,0.561999999999999,0.4079999999999999,0.154,0.0,0.0,87.47999999999999,1.0,7.533333333333334,5.25,5.809999999999995,5.48,1,0,0
Ollie Watkins,FWD,Aston Villa,0.0,0,1,32,0,2.3,64,0.13,0.77,0.64,0.8,191,1,1,7.5,37.0,2026-01-03T12:30:00Z,82,16,0,0,0,0,20,0,1190322,1,1,3,36.0,7,205261,225861,20600,86,True,0,2025-26,20,8.6,0.0,,,,,,,,0.0,6.0,4.0,2.0,FWD,ollie watkins,3,65.33333333333333,67.0,7.333333333333333,5.8,0.6619999999999988,0.6539999999999999,0.0079999999999999,0.0,0.0,66.0,0.825,9.306666666666668,4.966499999999999,6.309999999999994,5.01,0,0,0
Omar Alderete,DEF,Sunderland,0.0,0,0,3,0,1.0,683,0.01,0.04,0.03,1.18,199,1,0,2.5,16.6,2026-01-04T15:00:00Z,90,18,0,0,0,0,20,0,771988,1,1,1,7.0,1,72396,92106,19710,41,False,1,2025-26,20,4.1,0.0,,,,,,,,6.0,6.0,4.0,0.0,DEF,omar alderete,3,90.0,90.0,6.0,5.2,0.0759999999999988,0.0639999999999998,0.0139999999999999,0.6,0.0,90.0,1.0,6.44,2.87,5.779999999999994,5.07,0,0,0
Raúl Jiménez Rodríguez,FWD,Fulham,0.0,1,0,15,0,11.4,337,0.0,0.17,0.17,1.0,195,1,0,3.8,13.8,2026-01-04T15:15:00Z,84,12,0,0,0,0,20,0,255943,1,2,2,13.0,5,-38463,7634,46097,62,True,0,2025-26,20,6.2,0.0,,,,,,,,2.0,5.0,1.0,2.0,FWD,raúl jiménez rodríguez,3,88.0,86.4,5.333333333333333,4.6,0.569999999999999,0.5419999999999999,0.0279999999999999,0.4,0.0,87.36,1.0,6.746666666666667,4.34,5.849999999999994,5.11,0,0,0
Robin Roefs,GK,Sunderland,0.0,0,0,14,0,0.0,670,0.0,0.0,0.0,1.18,199,1,0,2.4,24.2,2026-01-04T15:00:00Z,90,18,0,0,0,0,20,3,1338477,1,1,1,0.0,3,86287,110215,23928,48,False,0,2025-26,20,4.8,0.0,,,,,,,,2.0,0.0,9.0,0.0,GK,robin roefs,3,90.0,90.0,5.666666666666667,5.4,0.001999999999999,0.0,0.0019999999999999,0.6,3.2,90.0,1.0,6.453333333333334,3.36,5.409999999999995,5.71,0,0,0
Enzo Fernández,MID,Chelsea,0.0,0,0,13,0,44.1,237,0.29,0.34,0.05,0.62,207,1,0,5.7,9.2,2026-01-07T19:30:00Z,64,10,0,0,0,0,21,0,1282140,1,1,2,4.0,1,112058,139905,27847,64,False,1,2025-26,21,6.4,0.0,,,,,,,,3.0,5.0,2.0,0.0,MID,enzo fernández,3,90.0,79.2,7.0,5.0,0.6339999999999997,0.3759999999999998,0.2580000000000002,0.2,0.0,85.68,1.0,8.16,4.48,6.169999999999998,5.62,1,0,0
Erling Haaland,FWD,Man City,0.0,0,0,18,0,12.0,430,0.02,1.55,1.53,1.16,208,1,1,12.0,42.6,2026-01-07T19:30:00Z,90,6,0,0,0,0,21,0,9487662,1,1,1,65.0,6,7913,29456,21543,151,True,0,2025-26,21,15.1,0.0,,,,,,,,1.0,3.0,1.0,1.0,FWD,erling haaland,3,90.0,90.0,2.0,7.0,0.6239999999999997,0.5799999999999998,0.0440000000000001,0.6,0.0,90.0,1.0,7.640000000000001,10.57,6.119999999999998,6.55,1,0,1
Ferdi Kadıoğlu,DEF,Brighton,0.0,0,0,15,0,6.8,148,0.02,0.23,0.21,2.55,208,1,0,4.3,18.8,2026-01-07T19:30:00Z,90,13,0,0,0,0,21,0,37811,1,1,1,17.0,2,-2960,2965,5925,44,False,0,2025-26,21,4.4,0.0,,,,,,,,2.0,5.0,5.0,3.0,DEF,ferdi kadıoğlu,3,90.0,90.0,4.666666666666667,4.2,0.2579999999999996,0.0479999999999997,0.2100000000000002,0.4,0.0,90.0,1.0,5.493333333333334,3.08,5.889999999999999,4.75,0,0,0
Florian Wirtz,MID,Liverpool,0.0,0,0,17,1,20.6,382,0.03,0.03,0.0,0.57,201,0,0,3.2,7.2,2026-01-08T20:00:00Z,90,1,0,0,0,0,21,0,1322268,1,0,0,4.0,3,-37102,44200,81302,82,False,0,2025-26,21,8.2,0.0,,,,,,,,0.0,5.0,4.0,1.0,MID,florian wirtz,3,76.66666666666667,79.4,7.666666666666667,7.2,0.6459999999999996,0.3979999999999997,0.2480000000000002,0.4,0.0,77.76,0.972,9.413333333333334,5.57928,6.229999999999998,5.49,1,0,0
Gianluigi Donnarumma,GK,Man City,0.0,0,0,11,0,0.0,736,0.0,0.0,0.0,1.16,208,1,0,2.0,20.4,2026-01-07T19:30:00Z,90,6,0,0,0,0,21,2,1320281,1,1,1,0.0,1,31037,59822,28785,57,True,1,2025-26,21,5.7,0.0,,,,,,,,0.0,0.0,6.0,0.0,GK,gianluigi donnarumma,3,90.0,90.0,3.6666666666666665,5.0,0.0,0.0,0.0,0.6,3.0,90.0,1.0,5.213333333333334,3.99,5.4,6.04,1,0,0
Harry Wilson,MID,Fulham,0.0,0,2,37,0,17.8,329,0.1,0.73,0.63,2.39,207,1,1,13.2,47.6,2026-01-07T19:30:00Z,90,7,0,0,0,0,21,0,2328185,1,1,2,67.0,9,36051,151000,114949,58,True,0,2025-26,21,5.8,0.0,,,,,,,,1.0,4.0,2.0,1.0,MID,harry wilson,3,86.0,85.8,4.333333333333333,6.2,0.5699999999999994,0.2699999999999997,0.3000000000000002,0.4,0.0,85.92,1.0,5.786666666666667,4.06,5.849999999999997,5.21,1,0,0
Keane Lewis-Potter,DEF,Brentford,0.0,0,0,19,1,16.1,107,0.13,0.2,0.07,1.43,203,0,0,2.3,1.4,2026-01-07T19:30:00Z,60,17,0,0,0,0,21,0,300858,1,0,3,5.0,6,5722,36418,30696,49,True,0,2025-26,21,4.9,0.0,,,,,,,,0.0,0.0,2.0,0.0,DEF,keane lewis-potter,3,68.0,70.8,2.6666666666666665,7.0,0.2779999999999993,0.1939999999999997,0.084,0.6,0.0,69.12,0.8640000000000001,4.093333333333334,2.9635200000000004,6.789999999999997,5.94,1,0,0
Kevin Schade,MID,Brentford,0.0,1,0,17,1,45.3,120,0.39,1.05,0.66,1.72,203,0,0,10.8,27.8,2026-01-07T19:30:00Z,90,17,0,0,0,0,21,0,327010,1,0,3,35.0,6,57102,78786,21684,71,True,0,2025-26,21,7.1,0.0,,,,,,,,1.0,5.0,3.0,1.0,MID,kevin schade,3,77.33333333333333,64.4,9.666666666666666,6.4,0.7559999999999996,0.7419999999999998,0.014,0.6,0.0,72.16,0.902,10.573333333333334,4.482939999999999,6.779999999999998,6.76,1,1,0
Matheus Nunes,DEF,Man City,0.0,0,0,9,0,3.5,407,0.02,0.02,0.0,1.16,208,1,0,1.4,8.2,2026-01-07T19:30:00Z,72,6,0,0,0,0,21,0,558419,1,1,1,2.0,2,148303,168590,20287,55,True,0,2025-26,21,5.5,0.0,,,,,,,,3.0,4.0,3.0,1.0,DEF,matheus nunes,3,90.0,90.0,5.333333333333333,7.0,0.0659999999999991,0.0039999999999999,0.062,0.6,0.0,90.0,1.0,6.466666666666667,3.85,5.729999999999995,5.08,1,0,0
Morgan Rogers,MID,Aston Villa,0.0,0,0,13,1,24.8,47,0.09,0.29,0.2,1.5,205,0,0,8.1,16.0,2026-01-07T19:30:00Z,90,8,0,0,0,0,21,0,3973049,1,0,0,40.0,3,207912,298444,90532,76,False,0,2025-26,21,7.6,0.0,,,,,,,,0.0,4.0,2.0,2.0,MID,morgan rogers,3,87.0,88.2,2.333333333333333,7.4,0.5979999999999989,0.4379999999999999,0.16,0.0,0.0,87.47999999999999,1.0,4.906666666666667,5.319999999999999,5.989999999999995,5.7,1,0,0
Nordi Mukiele,DEF,Sunderland,0.0,0,0,7,0,2.3,694,0.01,0.01,0.0,3.24,203,3,0,3.2,25.6,2026-01-07T19:30:00Z,90,5,0,0,0,0,21,0,1173181,1,0,3,4.0,3,131247,154114,22867,43,False,0,2025-26,21,4.3,0.0,,,,,,,,9.0,10.0,9.0,1.0,DEF,nordi mukiele,3,90.0,90.0,6.333333333333333,6.6,0.0799999999999988,0.0079999999999999,0.0719999999999999,0.6,0.0,90.0,1.0,6.786666666666666,3.01,5.7999999999999945,4.87,0,0,0
Ollie Watkins,FWD,Aston Villa,0.0,0,0,4,1,2.3,64,0.01,0.96,0.95,1.5,205,0,0,4.9,6.4,2026-01-07T19:30:00Z,90,8,0,0,0,0,21,0,1726587,1,0,0,40.0,2,531911,562808,30897,87,False,0,2025-26,21,8.7,0.0,,,,,,,,2.0,5.0,2.0,1.0,FWD,ollie watkins,3,68.0,70.4,8.0,6.8,0.6499999999999988,0.6159999999999999,0.0339999999999999,0.0,0.0,68.96000000000001,0.8620000000000001,9.88,5.24958,6.249999999999994,4.99,0,0,0
Omar Alderete,DEF,Sunderland,0.0,0,0,-6,0,1.0,683,0.1,0.25,0.15,2.8,203,3,0,1.7,9.6,2026-01-07T19:30:00Z,82,5,0,0,0,0,21,0,803551,1,0,3,6.0,1,32773,54135,21362,41,False,0,2025-26,21,4.1,0.0,,,,,,,,5.0,6.0,2.0,1.0,DEF,omar alderete,3,90.0,90.0,4.333333333333333,5.2,0.0799999999999988,0.0659999999999998,0.0159999999999999,0.6,0.0,90.0,1.0,5.1066666666666665,2.87,5.799999999999994,5.09,1,0,0
Raúl Jiménez Rodríguez,FWD,Fulham,0.0,0,0,29,0,33.4,337,0.2,0.55,0.35,2.39,207,1,1,11.7,43.2,2026-01-07T19:30:00Z,90,7,0,0,0,0,21,0,252592,1,1,2,40.0,5,-5754,16863,22617,62,True,1,2025-26,21,6.2,0.0,,,,,,,,2.0,7.0,3.0,2.0,FWD,raúl jiménez rodríguez,3,88.0,85.2,5.333333333333333,4.6,0.567999999999999,0.5499999999999999,0.0179999999999999,0.4,0.0,86.88,1.0,6.746666666666667,4.34,5.8399999999999945,5.14,1,0,0
Robin Roefs,GK,Sunderland,0.0,0,0,7,0,0.0,670,0.0,0.0,0.0,3.24,203,3,0,3.2,32.4,2026-01-07T19:30:00Z,90,5,0,0,0,0,21,3,1499182,1,0,3,0.0,2,154811,176859,22048,49,False,0,2025-26,21,4.9,0.0,,,,,,,,3.0,0.0,10.0,0.0,GK,robin roefs,3,90.0,90.0,4.333333333333333,5.8,0.001999999999999,0.0,0.0019999999999999,0.6,3.4,90.0,1.0,5.426666666666667,3.43,5.409999999999995,5.82,0,0,0
Bruno Guimarães Rodriguez Moura,MID,Newcastle,0.0,0,0,17,1,50.8,488,0.44,0.59,0.15,0.29,220,0,0,9.9,21.4,2026-01-18T14:00:00Z,90,20,0,0,0,0,22,0,3044261,1,0,0,27.0,3,542225,581781,39556,72,False,0,2025-26,22,7.2,0.0,,,,,,,,1.0,6.0,2.0,3.0,MID,bruno guimarães rodriguez moura,3,90.0,90.0,10.333333333333334,7.0,0.5339999999999997,0.3199999999999999,0.2140000000000002,0.2,0.0,90.0,1.0,11.146666666666668,5.04,5.669999999999998,5.22,1,0,0
Caoimhín Kelleher,GK,Brentford,0.0,0,0,0,0,0.0,101,0.0,0.0,0.0,1.59,213,2,0,0.0,0.0,2026-01-17T15:00:00Z,90,7,0,0,0,0,22,0,1271025,1,0,2,0.0,1,96678,126409,29731,46,False,0,2025-26,22,4.6,0.0,,,,,,,,1.0,0.0,6.0,0.0,GK,caoimhín kelleher,3,90.0,90.0,7.0,7.6,0.0039999999999995,0.0,0.0040000000000002,0.6,3.8,90.0,1.0,7.44,3.22,5.419999999999998,5.82,1,0,0
Enzo Le Fée,MID,Sunderland,0.0,0,1,30,0,17.7,547,0.12,0.6,0.48,0.61,218,1,1,8.4,40.8,2026-01-17T15:00:00Z,90,8,0,0,0,0,22,0,125615,1,1,2,25.0,8,-1002,12503,13505,49,True,0,2025-26,22,4.9,0.0,,,,,,,,1.0,7.0,4.0,2.0,MID,enzo le fée,3,90.0,90.0,3.0,2.6,0.5179999999999998,0.2539999999999998,0.2640000000000002,0.4,0.0,90.0,1.0,4.36,3.43,5.589999999999999,5.09,0,0,0
Erling Haaland,FWD,Man City,0.0,0,0,7,0,1.6,430,0.0,0.13,0.13,2.11,216,2,0,1.3,0.0,2026-01-17T12:30:00Z,79,14,0,0,0,0,22,0,9515178,1,0,2,12.0,2,8887,42345,33458,151,False,0,2025-26,22,15.1,0.0,,,,,,,,0.0,1.0,1.0,0.0,FWD,erling haaland,3,90.0,90.0,3.333333333333333,5.6,0.7419999999999997,0.6939999999999997,0.0480000000000001,0.4,0.0,90.0,1.0,8.706666666666667,10.57,6.709999999999998,7.21,1,0,1
Ferdi Kadıoğlu,DEF,Brighton,0.0,0,0,13,0,25.5,148,0.03,0.08,0.05,1.33,212,1,0,5.5,18.6,2026-01-19T20:00:00Z,88,4,0,0,0,0,22,0,43841,1,1,1,11.0,2,5070,8027,2957,44,True,0,2025-26,22,4.4,0.0,,,,,,,,2.0,5.0,2.0,3.0,DEF,ferdi kadıoğlu,3,90.0,90.0,5.0,4.4,0.2739999999999996,0.0739999999999997,0.2000000000000001,0.4,0.0,90.0,1.0,5.76,3.08,5.969999999999997,4.91,1,0,0
Florian Wirtz,MID,Liverpool,0.0,0,3,33,0,49.4,382,0.59,1.11,0.52,0.4,215,1,1,16.6,53.8,2026-01-17T15:00:00Z,90,3,0,0,0,0,22,0,1509937,1,1,1,63.0,10,162965,202136,39171,82,True,0,2025-26,22,8.2,0.0,,,,,,,,1.0,2.0,1.0,0.0,MID,florian wirtz,3,76.66666666666667,82.0,5.333333333333333,6.8,0.6139999999999997,0.3879999999999997,0.2260000000000001,0.4,0.0,78.80000000000001,0.985,7.546666666666667,5.6539,6.069999999999999,5.39,1,0,0
Jurriën Timber,DEF,Arsenal,0.0,0,0,17,1,2.2,8,0.02,0.12,0.1,0.34,217,0,0,0.9,0.4,2026-01-17T17:30:00Z,90,16,0,0,0,0,22,0,3596176,1,0,0,6.0,5,105007,211829,106822,63,False,1,2025-26,22,6.3,0.0,,,,,,,,2.0,2.0,1.0,0.0,DEF,jurriën timber,3,87.33333333333333,70.4,6.0,4.8,0.1739999999999992,0.1519999999999997,0.022,0.6,0.0,80.56,1.0,7.32,4.409999999999999,6.269999999999996,5.77,1,0,0
Keane Lewis-Potter,DEF,Brentford,0.0,0,0,2,0,0.8,107,0.02,0.07,0.05,0.0,213,0,0,0.8,0.2,2026-01-17T15:00:00Z,8,7,0,0,0,0,22,0,310716,0,0,2,7.0,1,9480,35829,26349,49,False,0,2025-26,22,4.9,0.0,,,,,,,,0.0,0.0,1.0,0.0,DEF,keane lewis-potter,3,58.66666666666666,70.8,4.0,7.0,0.2699999999999993,0.1659999999999998,0.104,0.6,0.0,63.52,0.7939999999999999,5.16,2.72342,6.7499999999999964,5.73,1,0,0
Kevin Schade,MID,Brentford,0.0,0,0,2,0,1.7,120,0.02,0.61,0.59,1.59,213,2,0,5.9,2.2,2026-01-17T15:00:00Z,81,7,0,0,0,0,22,0,340532,1,0,2,55.0,1,19211,61274,42063,71,False,1,2025-26,22,7.1,0.0,,,,,,,,1.0,3.0,2.0,0.0,MID,kevin schade,3,77.33333333333333,82.4,5.0,7.6,0.9659999999999996,0.8739999999999999,0.092,0.8,0.0,79.36,0.992,6.84,4.93024,7.829999999999997,8.03,1,1,0
Morgan Gibbs-White,MID,Nott'm Forest,0.0,0,0,6,1,5.2,515,0.02,0.13,0.11,2.1,217,0,0,1.4,7.0,2026-01-17T17:30:00Z,90,1,0,0,0,0,22,0,373585,1,0,0,2.0,3,-4300,16742,21042,73,True,0,2025-26,22,7.3,0.0,,,,,,,,3.0,4.0,0.0,1.0,MID,morgan gibbs-white,3,90.0,86.4,6.333333333333333,4.6,0.4779999999999988,0.3899999999999999,0.088,0.0,0.0,88.56,1.0,7.986666666666666,5.109999999999999,5.389999999999994,5.12,1,0,0
Ollie Watkins,FWD,Aston Villa,0.0,0,0,3,0,4.6,64,0.03,0.13,0.1,0.51,211,1,0,2.1,0.0,2026-01-18T16:30:00Z,90,9,0,0,0,0,22,0,1767365,1,1,0,17.0,2,51218,169493,118275,88,True,0,2025-26,22,8.8,0.0,,,,,,,,0.0,1.0,1.0,0.0,FWD,ollie watkins,3,87.33333333333333,73.6,4.666666666666667,6.2,0.8399999999999987,0.8059999999999998,0.0339999999999999,0.2,0.0,81.84,1.0,7.253333333333334,6.16,7.199999999999994,6.59,1,0,0
Omar Alderete,DEF,Sunderland,0.0,0,0,7,0,1.1,683,0.01,0.08,0.07,0.61,218,1,0,1.6,14.0,2026-01-17T15:00:00Z,90,8,0,0,0,0,22,0,840007,1,1,2,1.0,1,35435,64586,29151,41,True,1,2025-26,22,4.1,0.0,,,,,,,,7.0,8.0,1.0,1.0,DEF,omar alderete,3,87.33333333333333,88.4,3.333333333333333,4.0,0.1259999999999988,0.0959999999999998,0.0319999999999999,0.4,0.0,87.76,1.0,4.306666666666667,2.87,5.229999999999994,4.35,0,0,0
Raúl Jiménez Rodríguez,FWD,Fulham,0.0,0,0,6,1,2.7,337,0.0,0.09,0.09,1.05,214,0,0,1.6,1.8,2026-01-17T15:00:00Z,87,11,0,0,0,0,22,0,272972,1,0,1,11.0,2,16970,37242,20272,62,False,0,2025-26,22,6.2,0.0,,,,,,,,4.0,5.0,1.0,0.0,FWD,raúl jiménez rodríguez,3,88.0,87.6,4.0,5.2,0.675999999999999,0.6199999999999999,0.0559999999999999,0.4,0.0,87.84,1.0,5.680000000000001,4.34,6.379999999999996,5.59,1,0,0
Robin Roefs,GK,Sunderland,0.0,0,0,13,0,0.0,670,0.0,0.0,0.0,0.61,218,1,0,1.4,13.8,2026-01-17T15:00:00Z,90,8,0,0,0,0,22,1,1665161,1,1,2,0.0,2,155902,189391,33489,49,True,0,2025-26,22,4.9,0.0,,,,,,,,2.0,0.0,10.0,0.0,GK,robin roefs,3,90.0,90.0,4.0,4.4,0.001999999999999,0.0,0.0019999999999999,0.4,3.6,90.0,1.0,5.16,3.43,4.609999999999996,4.87,0,0,0
Rúben dos Santos Gato Alves Dias,DEF,Man City,0.0,0,0,0,0,0.0,408,0.0,0.0,0.0,0.0,216,0,0,0.0,0.0,2026-01-17T12:30:00Z,0,14,0,0,0,0,22,0,546921,0,0,2,0.0,0,-245526,416,245942,56,False,0,2025-26,22,5.6,0.0,,,,,,,,0.0,0.0,0.0,0.0,DEF,rúben dos santos gato alves dias,3,56.66666666666666,70.0,3.6666666666666665,4.0,0.053999999999999,0.0379999999999999,0.016,0.6,0.0,62.0,0.775,5.173333333333334,3.038,5.669999999999996,4.84,0,0,0
Bruno Guimarães Rodriguez Moura,MID,Newcastle,0.0,0,0,0,0,0.0,488,0.0,0.0,0.0,0.0,229,0,0,0.0,0.0,2026-01-25T14:00:00Z,0,2,0,0,0,0,23,0,2754903,0,2,0,0.0,0,-259628,88816,348444,73,True,0,2025-26,23,7.3,0.0,,,,,,,,0.0,0.0,0.0,0.0,MID,bruno guimarães rodriguez moura,3,90.0,90.0,8.0,7.2,0.6299999999999997,0.35,0.2800000000000002,0.4,0.0,90.0,1.0,9.32,5.109999999999999,6.149999999999999,5.81,1,0,0
Caoimhín Kelleher,GK,Brentford,0.0,0,0,-1,0,0.0,101,0.0,0.0,0.0,0.78,223,2,0,0.4,3.8,2026-01-25T14:00:00Z,90,16,0,0,0,0,23,0,1301839,1,2,0,0.0,1,28293,51005,22712,46,True,0,2025-26,23,4.6,0.0,,,,,,,,0.0,0.0,5.0,0.0,GK,caoimhín kelleher,3,90.0,90.0,5.333333333333333,5.2,0.0039999999999995,0.0,0.0040000000000002,0.4,3.4,90.0,1.0,6.1066666666666665,3.22,4.619999999999997,4.67,0,0,0
Cole Palmer,MID,Chelsea,0.0,0,0,0,0,0.0,235,0.0,0.0,0.0,0.0,225,0,0,0.0,0.0,2026-01-25T14:00:00Z,0,8,0,0,0,0,23,0,1559306,0,3,1,0.0,0,48869,100048,51179,104,False,0,2025-26,23,10.4,0.0,,,,,,,,0.0,0.0,0.0,0.0,MID,cole palmer,3,84.66666666666667,77.4,4.0,4.2,0.4479999999999995,0.4119999999999999,0.0360000000000001,0.2,0.0,81.76,1.0,7.36,7.279999999999999,5.2399999999999975,5.37,1,0,0
Florian Wirtz,MID,Liverpool,0.0,0,0,6,0,39.0,382,0.12,0.21,0.09,2.35,222,3,0,5.9,5.4,2026-01-24T17:30:00Z,90,4,0,0,0,0,23,0,1728009,1,2,3,15.0,2,215895,249340,33445,83,False,0,2025-26,23,8.3,0.0,,,,,,,,1.0,4.0,3.0,0.0,MID,florian wirtz,3,85.0,82.0,7.666666666666667,7.2,0.7699999999999996,0.4679999999999998,0.3020000000000001,0.4,0.0,83.80000000000001,1.0,9.453333333333331,5.8100000000000005,6.849999999999998,6.39,1,0,0
Gabriel dos Santos Magalhães,DEF,Arsenal,0.0,0,0,1,0,4.2,5,0.01,0.01,0.0,0.71,221,3,0,2.0,13.4,2026-01-25T16:30:00Z,90,14,0,0,0,0,23,0,4696723,1,3,2,2.0,1,252390,271425,19035,69,True,0,2025-26,23,6.9,0.0,,,,,,,,5.0,6.0,2.0,1.0,DEF,gabriel dos santos magalhães,3,90.0,73.0,7.666666666666667,7.8,0.1919999999999994,0.1759999999999996,0.0160000000000002,0.6,0.0,83.2,1.0,8.893333333333334,4.83,6.359999999999998,6.06,1,0,0
Harry Wilson,MID,Fulham,0.0,0,3,36,0,30.8,329,0.1,0.17,0.07,1.59,227,1,1,9.6,41.8,2026-01-24T15:00:00Z,90,6,0,0,0,0,23,0,2977083,1,1,2,23.0,10,135628,214797,79169,60,True,0,2025-26,23,6.0,0.0,,,,,,,,2.0,7.0,5.0,0.0,MID,harry wilson,3,87.0,87.0,5.666666666666667,4.8,0.5039999999999993,0.2859999999999997,0.2180000000000002,0.4,0.0,87.0,1.0,6.933333333333335,4.199999999999999,5.519999999999997,5.02,0,0,0
Igor Thiago Nascimento Rodrigues,FWD,Brentford,0.0,0,0,7,0,2.2,136,0.02,0.45,0.43,0.78,223,2,0,2.0,3.8,2026-01-25T14:00:00Z,90,16,0,0,0,0,23,0,4904018,1,2,0,14.0,2,319031,360591,41560,72,True,0,2025-26,23,7.2,0.0,,,,,,,,2.0,7.0,3.0,2.0,FWD,igor thiago nascimento rodrigues,3,87.0,88.2,10.333333333333334,7.6,0.8539999999999994,0.7519999999999997,0.102,0.4,0.0,87.47999999999999,1.0,11.146666666666668,5.04,7.269999999999997,6.51,1,0,0
James Tarkowski,DEF,Everton,0.0,0,0,17,0,4.9,291,0.01,0.01,0.0,1.23,226,1,0,3.9,31.8,2026-01-26T20:00:00Z,90,11,0,0,0,0,23,0,1792632,1,1,1,2.0,4,173831,203058,29227,58,True,0,2025-26,23,5.8,0.0,,,,,,,,11.0,12.0,3.0,1.0,DEF,james tarkowski,3,90.0,90.0,4.666666666666667,6.2,0.1639999999999992,0.1499999999999997,0.014,0.6,0.0,90.0,1.0,6.053333333333334,4.06,6.219999999999995,5.84,1,0,0
Jordan Pickford,GK,Everton,0.0,0,0,13,0,0.0,287,0.0,0.0,0.0,1.23,226,1,0,2.5,24.8,2026-01-26T20:00:00Z,90,11,0,0,0,0,23,3,1756992,1,1,1,0.0,3,92080,110347,18267,56,True,0,2025-26,23,5.6,0.0,,,,,,,,1.0,0.0,9.0,0.0,GK,jordan pickford,3,90.0,90.0,4.666666666666667,6.0,0.01,0.0,0.01,0.6,3.4,90.0,1.0,5.973333333333334,3.92,5.449999999999999,6.13,1,0,0
Jurriën Timber,DEF,Arsenal,0.0,0,0,-2,0,2.3,8,0.01,0.01,0.0,0.71,221,3,0,1.0,5.4,2026-01-25T16:30:00Z,90,14,0,0,0,0,23,0,3616868,1,3,2,2.0,1,23196,101467,78271,63,True,0,2025-26,23,6.3,0.0,,,,,,,,0.0,2.0,1.0,2.0,DEF,jurriën timber,3,90.0,70.4,4.666666666666667,4.6,0.0919999999999992,0.0799999999999997,0.012,0.6,0.0,82.16,1.0,6.253333333333334,4.409999999999999,5.859999999999996,5.29,1,0,0
Kevin Schade,MID,Brentford,0.0,0,0,12,0,18.8,120,0.26,0.42,0.16,0.78,223,2,0,5.3,10.2,2026-01-25T14:00:00Z,90,16,0,0,0,0,23,0,425592,1,2,0,24.0,2,76141,105636,29495,71,True,0,2025-26,23,7.1,0.0,,,,,,,,2.0,6.0,2.0,2.0,MID,kevin schade,3,78.0,80.6,4.333333333333333,7.2,0.9739999999999996,0.8839999999999998,0.09,0.6,0.0,79.03999999999999,0.988,6.306666666666667,4.910359999999999,7.869999999999997,8.06,1,1,0
Ollie Watkins,FWD,Aston Villa,0.0,0,2,36,1,24.8,64,0.06,0.68,0.62,2.18,229,0,1,14.7,51.8,2026-01-25T14:00:00Z,90,15,0,0,0,0,23,0,1654972,1,2,0,70.0,8,-106263,39809,146072,88,False,0,2025-26,23,8.8,0.0,,,,,,,,0.0,5.0,1.0,4.0,FWD,ollie watkins,3,87.33333333333333,76.8,3.6666666666666665,5.6,0.831999999999999,0.7959999999999999,0.0359999999999999,0.2,0.0,83.12,1.0,6.453333333333334,6.16,7.159999999999995,6.61,1,0,1
Patrick Dorgu,DEF,Man Utd,0.0,0,0,19,0,1.3,441,0.0,0.12,0.12,0.8,221,1,1,5.3,36.8,2026-01-25T16:30:00Z,80,1,0,0,0,0,23,0,1113309,1,3,2,15.0,8,242478,262869,20391,43,False,0,2025-26,23,4.3,0.0,,,,,,,,2.0,4.0,6.0,2.0,DEF,patrick dorgu,3,90.0,90.0,7.0,8.0,0.2799999999999989,0.1919999999999997,0.0879999999999999,0.4,0.0,90.0,1.0,7.32,3.01,5.999999999999995,5.36,1,0,0
Raúl Jiménez Rodríguez,FWD,Fulham,0.0,0,0,8,0,32.5,337,0.03,0.47,0.44,1.59,227,1,0,9.1,13.0,2026-01-24T15:00:00Z,90,6,0,0,0,0,23,0,281970,1,1,2,45.0,2,7990,26937,18947,62,True,0,2025-26,23,6.2,0.0,,,,,,,,4.0,7.0,3.0,0.0,FWD,raúl jiménez rodríguez,3,87.0,88.2,4.0,4.6,0.4319999999999989,0.3799999999999999,0.0519999999999999,0.4,0.0,87.47999999999999,1.0,5.680000000000001,4.34,5.159999999999995,4.2,0,0,0
Vitalii Mykolenko,DEF,Everton,0.0,0,0,8,0,29.8,292,0.04,0.05,0.01,1.23,226,1,0,4.3,12.4,2026-01-26T20:00:00Z,90,11,0,0,0,0,23,0,103282,1,1,1,1.0,2,6601,10042,3441,49,True,0,2025-26,23,4.9,0.0,,,,,,,,4.0,5.0,3.0,1.0,DEF,vitalii mykolenko,3,90.0,90.0,2.6666666666666665,4.4,0.077999999999999,0.0319999999999999,0.046,0.6,0.0,90.0,1.0,4.093333333333334,3.43,5.789999999999996,4.95,0,0,0
Dominik Szoboszlai,MID,Liverpool,5.7,0,1,29,0,41.6,387,0.16,0.24,0.08,0.36,235,1,0,8.1,32.0,2026-01-31T20:00:00Z,90,15,0,0,0,0,24,0,795158,1,1,4,7.0,5,141746,177737,35991,67,True,0,2025-26,24,6.7,0.0,,,,,,,,4.0,13.0,5.0,4.0,MID,dominik szoboszlai,3,90.0,90.0,5.333333333333333,4.2,0.4439999999999995,0.2559999999999999,0.1880000000000001,0.4,0.0,90.0,1.0,6.946666666666667,4.69,5.219999999999997,4.78,0,0,0
Enzo Fernández,MID,Chelsea,5.8,0,2,34,0,9.5,237,0.06,0.39,0.33,1.12,233,2,1,8.0,44.8,2026-01-31T17:30:00Z,90,19,0,0,0,0,24,0,2500717,1,2,3,26.0,8,693149,745010,51861,67,True,1,2025-26,24,6.7,0.0,,,,,,,,3.0,7.0,3.0,1.0,MID,enzo fernández,3,79.33333333333333,83.6,5.0,7.0,0.6279999999999998,0.4679999999999998,0.1600000000000001,0.2,0.0,81.03999999999999,1.0,6.68,4.69,6.139999999999999,5.62,1,0,0
Florian Wirtz,MID,Liverpool,7.3,1,2,46,0,29.9,382,0.45,0.67,0.22,0.36,235,1,1,12.1,62.4,2026-01-31T20:00:00Z,86,15,0,0,0,0,24,0,1595459,1,1,4,29.0,12,-121221,64056,185277,83,True,0,2025-26,24,8.3,0.0,,,,,,,,4.0,9.0,4.0,1.0,MID,florian wirtz,3,90.0,82.0,5.0,5.6,0.5859999999999996,0.3359999999999997,0.2500000000000001,0.4,0.0,86.80000000000001,1.0,7.32,5.8100000000000005,5.929999999999998,5.47,1,0,0
Francisco Evanilson de Lima Barbosa,FWD,Bournemouth,4.5,0,0,7,1,10.4,97,0.01,0.01,0.0,1.13,240,0,0,2.9,10.4,2026-01-31T15:00:00Z,84,20,0,0,0,0,24,0,497738,1,2,0,8.0,2,267045,297251,30206,71,False,0,2025-26,24,7.1,0.0,,,,,,,,3.0,5.0,1.0,1.0,FWD,francisco evanilson de lima barbosa,3,81.0,79.4,5.333333333333333,5.0,0.4839999999999995,0.4539999999999997,0.0300000000000002,0.0,0.0,80.36000000000001,1.0,7.1066666666666665,4.97,5.419999999999998,4.49,0,0,0
Gabriel dos Santos Magalhães,DEF,Arsenal,6.8,0,0,30,1,0.8,5,0.05,0.07,0.02,0.15,234,0,0,5.3,33.6,2026-01-31T15:00:00Z,90,11,0,0,0,0,24,0,5009355,1,4,0,19.0,8,286288,313255,26967,70,False,0,2025-26,24,7.0,0.0,,,,,,,,11.0,13.0,2.0,2.0,DEF,gabriel dos santos magalhães,3,90.0,87.2,5.0,7.8,0.1899999999999994,0.1719999999999996,0.0180000000000002,0.6,0.0,88.88,1.0,6.800000000000001,4.9,6.349999999999998,6.15,1,0,0
Gianluigi Donnarumma,GK,Man City,3.7,0,0,10,0,0.0,736,0.0,0.0,0.0,1.05,239,2,0,2.8,27.8,2026-02-01T16:30:00Z,90,18,0,0,0,0,24,4,1186788,1,2,2,0.0,2,-61292,22984,84276,56,False,0,2025-26,24,5.6,0.0,,,,,,,,0.0,0.0,8.0,0.0,GK,gianluigi donnarumma,3,90.0,90.0,3.6666666666666665,4.0,0.0,0.0,0.0,0.4,2.8,90.0,1.0,5.173333333333334,3.92,4.6,4.91,0,0,0
Igor Thiago Nascimento Rodrigues,FWD,Brentford,4.5,0,0,-1,1,1.4,136,0.0,0.0,0.0,2.4,231,0,0,1.0,6.4,2026-02-01T14:00:00Z,90,2,0,0,0,0,24,0,4591933,1,1,0,2.0,2,-285090,177588,462678,72,False,0,2025-26,24,7.2,0.0,,,,,,,,3.0,9.0,6.0,0.0,FWD,igor thiago nascimento rodrigues,3,87.0,88.2,5.333333333333333,7.0,0.8579999999999993,0.7999999999999996,0.058,0.4,0.0,87.47999999999999,1.0,7.1466666666666665,5.04,7.2899999999999965,6.69,1,0,1
James Justin,DEF,Leeds,3.5,0,0,-4,0,1.8,706,0.0,0.0,0.0,0.18,234,2,0,0.9,5.2,2026-01-31T15:00:00Z,45,1,0,0,0,0,24,0,63669,1,4,0,2.0,0,25233,29950,4717,39,True,0,2025-26,24,3.9,0.0,,,,,,,,3.0,3.0,0.0,0.0,DEF,james justin,3,90.0,90.0,6.0,5.6,0.1839999999999992,0.1479999999999997,0.036,0.4,0.0,90.0,1.0,6.360000000000001,2.73,5.519999999999996,4.8,0,0,0
James Tarkowski,DEF,Everton,4.5,0,0,13,0,0.9,291,0.21,0.3,0.09,1.44,232,1,0,3.8,18.6,2026-01-31T15:00:00Z,90,6,0,0,0,0,24,0,1828358,1,1,1,18.0,2,41876,130712,88836,58,False,0,2025-26,24,5.8,0.0,,,,,,,,6.0,8.0,1.0,2.0,DEF,james tarkowski,3,90.0,90.0,5.333333333333333,5.4,0.1659999999999992,0.1499999999999997,0.016,0.4,0.0,90.0,1.0,6.586666666666666,4.06,5.429999999999996,4.82,1,0,0
Jordan Pickford,GK,Everton,4.5,0,0,12,0,0.0,287,0.0,0.0,0.0,1.44,232,1,0,1.6,15.6,2026-01-31T15:00:00Z,90,6,0,0,0,0,24,1,1822811,1,1,1,0.0,2,66144,117274,51130,56,False,0,2025-26,24,5.6,0.0,,,,,,,,0.0,0.0,7.0,0.0,GK,jordan pickford,3,90.0,90.0,5.333333333333333,5.4,0.0079999999999993,0.0,0.0080000000000001,0.4,4.0,90.0,1.0,6.506666666666666,3.92,4.639999999999997,5.31,1,0,0
Jurriën Timber,DEF,Arsenal,5.2,0,0,20,1,16.5,8,0.21,0.35,0.14,0.15,234,0,0,3.4,8.6,2026-01-31T15:00:00Z,90,11,0,0,0,0,24,0,3583337,1,4,0,9.0,5,-35766,148485,184251,63,False,1,2025-26,24,6.3,0.0,,,,,,,,1.0,3.0,5.0,2.0,DEF,jurriën timber,3,90.0,88.4,4.0,4.8,0.0939999999999992,0.0799999999999997,0.014,0.6,0.0,89.36000000000001,1.0,5.720000000000001,4.409999999999999,5.869999999999996,5.35,1,0,0
Kevin Schade,MID,Brentford,1.8,0,0,-9,0,10.9,120,0.01,0.13,0.12,0.85,231,0,0,1.2,0.0,2026-02-01T14:00:00Z,41,2,0,0,0,1,24,0,327699,1,1,0,6.0,-2,-87134,15327,102461,71,False,0,2025-26,24,7.1,0.0,,,,,,,,1.0,4.0,3.0,0.0,MID,kevin schade,3,87.0,80.6,3.0,3.6,0.4639999999999993,0.3279999999999998,0.136,0.6,0.0,84.44,1.0,5.24,4.97,5.319999999999997,5.08,1,0,0
Morgan Gibbs-White,MID,Nott'm Forest,6.5,0,1,28,0,35.3,515,0.09,0.29,0.2,1.9,237,1,1,10.7,40.6,2026-02-01T14:00:00Z,90,8,0,0,0,0,24,0,422597,1,1,1,31.0,8,35987,49994,14007,73,True,0,2025-26,24,7.3,0.0,,,,,,,,0.0,3.0,2.0,1.0,MID,morgan gibbs-white,3,90.0,90.0,6.0,5.6,0.473999999999999,0.3859999999999999,0.088,0.4,0.0,90.0,1.0,7.720000000000001,5.109999999999999,5.369999999999995,5.24,1,0,0
Ollie Watkins,FWD,Aston Villa,2.2,0,0,0,0,0.0,64,0.0,0.0,0.0,0.0,231,0,0,0.0,0.0,2026-02-01T14:00:00Z,0,5,0,0,0,0,24,0,1529602,0,1,0,0.0,0,-130560,128883,259443,88,True,0,2025-26,24,8.8,0.0,,,,,,,,0.0,0.0,0.0,0.0,FWD,ollie watkins,3,90.0,88.4,4.0,4.8,0.8299999999999988,0.7839999999999998,0.0459999999999999,0.4,0.0,89.36000000000001,1.0,6.720000000000001,6.16,7.149999999999994,6.9,1,1,0
Yerson Mosquera Valdelamar,DEF,Wolves,2.8,0,0,-1,0,1.6,634,0.01,0.12,0.11,1.36,240,2,0,1.6,4.0,2026-01-31T15:00:00Z,90,4,0,0,0,0,24,0,10620,1,2,0,10.0,0,2819,3661,842,43,True,1,2025-26,24,4.3,0.0,,,,,,,,2.0,3.0,9.0,1.0,DEF,yerson mosquera valdelamar,3,90.0,90.0,3.6666666666666665,4.2,0.2259999999999989,0.204,0.022,0.4,0.0,90.0,1.0,4.653333333333333,3.01,5.729999999999995,5.17,1,0,0
Bruno Borges Fernandes,MID,Man Utd,0.0,0,2,41,1,79.2,449,0.51,1.23,0.72,0.49,248,0,1,17.3,53.2,2026-02-07T12:30:00Z,90,18,0,0,0,0,25,0,4393682,1,0,2,41.0,10,689919,702993,13074,97,True,0,2025-26,25,9.7,0.0,,,,,,,,0.0,3.0,3.0,0.0,MID,bruno borges fernandes,3,90.0,66.0,8.333333333333334,6.4,0.4459999999999997,0.0859999999999999,0.3600000000000002,0.2,0.0,80.4,1.0,10.546666666666669,6.789999999999999,5.229999999999999,4.76,1,0,0
David Raya Martín,GK,Arsenal,0.0,0,1,30,1,10.1,1,0.0,0.0,0.0,0.19,241,0,0,3.2,21.6,2026-02-07T15:00:00Z,90,17,0,0,0,0,25,2,4368114,1,0,3,0.0,7,83591,129012,45421,59,True,0,2025-26,25,5.9,0.0,,,,,,,,1.0,0.0,12.0,0.0,GK,david raya martín,3,90.0,90.0,4.333333333333333,4.0,0.0019999999999996,0.0,0.002,0.6,0.4,90.0,1.0,5.826666666666667,4.13,5.409999999999998,5.26,1,0,0
Enzo Fernández,MID,Chelsea,0.0,0,0,13,0,55.7,237,0.43,1.02,0.59,1.06,250,1,0,9.8,15.2,2026-02-07T15:00:00Z,90,20,0,0,0,0,25,0,3063308,1,3,1,27.0,2,551891,584724,32833,68,False,0,2025-26,25,6.8,0.0,,,,,,,,1.0,6.0,5.0,0.0,MID,enzo fernández,3,88.0,83.6,7.333333333333333,6.8,0.5999999999999996,0.4419999999999998,0.1580000000000002,0.2,0.0,86.24,1.0,8.586666666666668,4.76,5.999999999999998,5.67,1,0,1
Florian Wirtz,MID,Liverpool,0.0,0,0,8,0,17.7,382,0.03,0.19,0.16,2.91,247,2,0,3.5,8.6,2026-02-08T16:30:00Z,90,13,0,0,0,0,25,0,1828028,1,2,1,9.0,2,217349,255927,38578,83,True,0,2025-26,25,8.3,0.0,,,,,,,,1.0,5.0,2.0,2.0,MID,florian wirtz,3,88.66666666666667,86.2,8.0,7.4,0.5819999999999996,0.2559999999999997,0.3260000000000002,0.2,0.0,87.68,1.0,9.72,5.8100000000000005,5.909999999999998,5.18,1,0,0
Francisco Evanilson de Lima Barbosa,FWD,Bournemouth,0.0,0,0,4,0,35.9,97,0.11,0.68,0.57,0.44,242,1,0,10.7,7.2,2026-02-07T15:00:00Z,89,2,0,0,0,0,25,0,427207,1,1,1,64.0,2,-47713,22217,69930,71,True,0,2025-26,25,7.1,0.0,,,,,,,,1.0,3.0,2.0,0.0,FWD,francisco evanilson de lima barbosa,3,88.0,80.0,4.0,5.0,0.4559999999999995,0.4399999999999998,0.0160000000000002,0.2,0.0,84.8,1.0,6.04,4.97,5.279999999999998,4.56,0,0,0
Gabriel dos Santos Magalhães,DEF,Arsenal,0.0,0,0,28,1,1.7,5,0.01,0.01,0.0,0.19,241,0,0,1.9,17.2,2026-02-07T15:00:00Z,90,17,0,0,0,0,25,0,5298860,1,0,3,0.0,6,264014,276387,12373,71,True,0,2025-26,25,7.1,0.0,,,,,,,,6.0,7.0,1.0,1.0,DEF,gabriel dos santos magalhães,3,90.0,90.0,5.666666666666667,6.4,0.1199999999999994,0.0939999999999996,0.0260000000000002,0.6,0.0,90.0,1.0,7.373333333333334,4.97,5.999999999999997,5.65,1,0,0
Igor Thiago Nascimento Rodrigues,FWD,Brentford,0.0,0,0,18,0,14.8,136,0.04,0.83,0.79,2.24,249,2,1,6.7,35.4,2026-02-07T17:30:00Z,90,15,0,0,0,0,25,0,4160101,1,3,2,17.0,5,-433110,77641,510751,71,False,1,2025-26,25,7.1,0.0,,,,,,,,2.0,4.0,2.0,0.0,FWD,igor thiago nascimento rodrigues,3,90.0,88.2,2.0,7.0,0.8159999999999993,0.7599999999999996,0.056,0.4,0.0,89.28,1.0,4.44,4.97,7.0799999999999965,6.55,1,1,0
Jurriën Timber,DEF,Arsenal,0.0,0,0,24,1,3.2,8,0.02,0.02,0.0,0.19,241,0,0,1.7,11.6,2026-02-07T15:00:00Z,90,17,0,0,0,0,25,0,3790180,1,0,3,2.0,6,176086,235244,59158,64,True,0,2025-26,25,6.4,0.0,,,,,,,,3.0,7.0,6.0,4.0,DEF,jurriën timber,3,90.0,90.0,3.6666666666666665,4.0,0.1019999999999992,0.0479999999999996,0.054,0.6,0.0,90.0,1.0,5.493333333333334,4.48,5.909999999999997,5.34,1,0,0
Marc Guéhi,DEF,Man City,0.0,0,0,11,0,1.8,260,0.01,0.05,0.04,1.21,247,1,0,5.6,35.4,2026-02-08T16:30:00Z,90,12,0,0,0,0,25,0,4697277,1,2,1,19.0,3,-97311,64202,161513,52,False,1,2025-26,25,5.2,0.0,,,,,,,,11.0,12.0,3.0,1.0,DEF,marc guéhi,3,60.0,72.0,3.0,3.4,0.2199999999999991,0.1619999999999999,0.058,0.4,0.0,64.8,0.8099999999999999,4.48,2.9483999999999995,5.699999999999996,4.58,1,0,0
Matty Cash,DEF,Aston Villa,0.0,0,0,5,0,0.9,36,0.0,0.04,0.04,2.06,242,1,0,3.5,13.0,2026-02-07T15:00:00Z,90,4,0,0,0,0,25,0,1513523,1,1,1,21.0,2,17016,70078,53062,48,False,0,2025-26,25,4.8,0.0,,,,,,,,2.0,4.0,1.0,2.0,DEF,matty cash,3,90.0,89.8,3.333333333333333,4.2,0.2319999999999991,0.0639999999999998,0.168,0.4,0.0,89.92,1.0,4.586666666666667,3.36,5.759999999999996,4.69,1,0,0
Morgan Gibbs-White,MID,Nott'm Forest,0.0,0,0,12,0,33.0,515,0.03,0.11,0.08,2.5,246,3,0,5.7,11.2,2026-02-06T20:00:00Z,66,11,0,0,0,0,25,0,503921,1,1,3,13.0,2,72568,84326,11758,73,False,0,2025-26,25,7.3,0.0,,,,,,,,0.0,2.0,2.0,0.0,MID,morgan gibbs-white,3,90.0,90.0,5.666666666666667,6.8,0.3659999999999989,0.3179999999999999,0.048,0.4,0.0,90.0,1.0,7.453333333333334,5.109999999999999,4.829999999999995,4.77,1,0,0
Morgan Rogers,MID,Aston Villa,0.0,0,3,36,0,27.1,47,0.08,0.2,0.12,2.06,242,1,1,9.9,46.8,2026-02-07T15:00:00Z,90,4,0,0,0,0,25,0,3846834,1,1,1,25.0,10,-212379,88269,300648,76,False,0,2025-26,25,7.6,0.0,,,,,,,,5.0,11.0,4.0,2.0,MID,morgan rogers,3,90.0,90.0,4.0,4.0,0.4459999999999989,0.3019999999999999,0.144,0.4,0.0,90.0,1.0,6.24,5.319999999999999,5.229999999999995,4.91,1,0,0
Nick Pope,GK,Newcastle,0.0,0,0,1,0,0.0,469,0.0,0.0,0.0,1.79,249,3,0,1.6,16.4,2026-02-07T17:30:00Z,90,5,0,0,0,0,25,3,630076,1,3,2,0.0,2,-6270,7716,13986,51,True,0,2025-26,25,5.1,0.0,,,,,,,,1.0,0.0,11.0,0.0,GK,nick pope,3,90.0,90.0,3.333333333333333,3.6,0.0,0.0,0.0,0.4,3.0,90.0,1.0,4.706666666666667,3.5699999999999994,4.6,4.75,0,0,0
Raúl Jiménez Rodríguez,FWD,Fulham,0.0,1,0,16,1,16.6,337,0.01,0.56,0.55,1.6,245,0,0,5.5,13.8,2026-02-07T15:00:00Z,74,9,0,0,0,0,25,0,246098,1,2,1,25.0,5,2484,20994,18510,62,True,0,2025-26,25,6.2,0.0,,,,,,,,1.0,6.0,1.0,4.0,FWD,raúl jiménez rodríguez,3,89.0,88.2,3.333333333333333,4.0,0.479999999999999,0.4339999999999999,0.0459999999999999,0.2,0.0,88.68,1.0,5.146666666666667,4.34,5.399999999999995,4.54,0,0,0
Yerson Mosquera Valdelamar,DEF,Wolves,0.0,0,0,-2,0,11.3,634,0.01,0.19,0.18,3.44,250,3,0,5.1,25.0,2026-02-07T15:00:00Z,90,7,0,0,0,0,25,0,10411,1,3,1,15.0,1,-194,1129,1323,43,True,0,2025-26,25,4.3,0.0,,,,,,,,7.0,9.0,5.0,2.0,DEF,yerson mosquera valdelamar,3,90.0,90.0,2.6666666666666665,3.4,0.1319999999999989,0.118,0.014,0.4,0.0,90.0,1.0,3.8533333333333335,3.01,5.2599999999999945,4.47,0,0,0
Bruno Borges Fernandes,MID,Man Utd,0.0,0,0,19,0,58.8,449,0.26,0.26,0.0,1.11,260,1,0,7.8,19.6,2026-02-10T20:15:00Z,90,19,0,0,0,0,26,0,4746459,1,1,1,0.0,2,347611,369545,21934,98,False,0,2025-26,26,9.8,0.0,,,,,,,,0.0,3.0,2.0,1.0,MID,bruno borges fernandes,3,90.0,84.0,8.333333333333334,8.4,0.6919999999999997,0.2299999999999999,0.4620000000000003,0.4,0.0,87.6,1.0,10.586666666666668,6.86,6.459999999999999,5.66,1,0,1
Carlos Henrique Casimiro,MID,Man Utd,0.0,0,0,11,0,10.2,457,0.03,0.03,0.0,1.11,260,1,0,3.6,20.0,2026-02-10T20:15:00Z,90,19,0,0,0,0,26,0,294135,1,1,1,6.0,2,49726,68196,18470,56,False,0,2025-26,26,5.6,0.0,,,,,,,,3.0,10.0,3.0,4.0,MID,carlos henrique casimiro,3,83.33333333333333,80.6,6.0,5.0,0.4759999999999996,0.25,0.2260000000000002,0.6,0.0,82.24,1.0,7.040000000000001,3.92,5.379999999999998,4.87,1,0,0
David Raya Martín,GK,Arsenal,0.0,0,0,-3,0,0.0,1,0.0,0.0,0.0,0.29,310,2,0,0.0,0.0,2026-02-18T20:00:00Z,90,20,0,0,0,0,26,0,4576749,1,2,2,0.0,1,194830,245385,50555,59,False,0,2025-26,26,5.9,0.0,,,,,,,,1.0,0.0,6.0,0.0,GK,david raya martín,3,90.0,90.0,5.0,4.4,0.0019999999999996,0.0,0.002,0.6,1.0,90.0,1.0,6.36,4.13,5.409999999999998,5.46,1,0,0
Enzo Fernández,MID,Chelsea,0.0,0,0,21,0,83.0,237,0.69,0.82,0.13,1.44,253,2,0,11.8,19.8,2026-02-10T19:30:00Z,90,11,0,0,0,0,26,0,2976332,1,2,2,15.0,2,-43924,125011,168935,69,True,0,2025-26,26,6.9,0.0,,,,,,,,1.0,6.0,3.0,2.0,MID,enzo fernández,3,90.0,83.6,6.0,5.0,0.5539999999999997,0.3819999999999998,0.1720000000000001,0.2,0.0,87.44,1.0,7.56,4.83,5.769999999999999,5.38,1,0,0
Erling Haaland,FWD,Man City,0.0,0,0,29,0,0.6,430,0.0,0.12,0.12,0.62,256,0,1,4.4,32.0,2026-02-11T19:30:00Z,45,10,0,0,0,0,26,0,8866152,1,0,3,11.0,5,-96287,42325,138612,149,True,0,2025-26,26,14.9,0.0,,,,,,,,0.0,1.0,1.0,0.0,FWD,erling haaland,3,65.66666666666667,73.2,5.666666666666667,5.0,0.7379999999999997,0.6579999999999998,0.0800000000000001,0.0,0.0,68.68,0.8585,10.493333333333336,8.954155,6.689999999999998,5.76,1,1,0
Gabriel dos Santos Magalhães,DEF,Arsenal,0.0,1,0,21,0,15.0,5,0.14,0.14,0.0,0.29,310,2,0,4.8,32.8,2026-02-18T20:00:00Z,90,20,0,0,0,0,26,0,5593857,1,2,2,0.0,4,262848,289752,26904,71,False,0,2025-26,26,7.1,0.0,,,,,,,,6.0,6.0,5.0,0.0,DEF,gabriel dos santos magalhães,3,90.0,90.0,5.666666666666667,5.2,0.0779999999999994,0.0559999999999996,0.0220000000000002,0.6,0.0,90.0,1.0,7.373333333333334,4.97,5.789999999999997,5.65,1,0,0
Igor Thiago Nascimento Rodrigues,FWD,Brentford,0.0,0,0,3,0,13.6,136,0.22,0.99,0.77,0.6,252,1,0,7.8,7.2,2026-02-12T20:00:00Z,90,1,0,0,0,0,26,0,3798235,1,1,1,57.0,2,-326964,72174,399138,70,True,0,2025-26,26,7.0,0.0,,,,,,,,0.0,5.0,4.0,1.0,FWD,igor thiago nascimento rodrigues,3,90.0,88.2,3.0,4.6,0.6319999999999992,0.5739999999999996,0.058,0.4,0.0,89.28,1.0,5.200000000000001,4.9,6.159999999999997,5.47,1,0,0
José Malheiro de Sá,GK,Wolves,0.0,0,0,7,0,0.0,628,0.0,0.0,0.0,1.86,310,2,0,2.3,22.6,2026-02-18T20:00:00Z,90,1,0,0,0,0,26,2,159843,1,2,2,0.0,1,13854,16401,2547,42,True,0,2025-26,26,4.2,0.0,,,,,,,,3.0,0.0,6.0,0.0,GK,josé malheiro de sá,3,90.0,90.0,5.0,4.6,0.0,0.0,0.0,0.4,3.8,90.0,1.0,5.68,2.94,4.6,4.76,0,0,0
Jurriën Timber,DEF,Arsenal,0.0,0,0,9,0,8.1,8,0.03,0.03,0.0,0.29,310,2,0,2.7,13.2,2026-02-18T20:00:00Z,90,20,0,0,0,0,26,0,4060996,1,2,2,6.0,1,253679,321351,67672,64,False,0,2025-26,26,6.4,0.0,,,,,,,,2.0,4.0,6.0,2.0,DEF,jurriën timber,3,90.0,90.0,4.333333333333333,3.8,0.1199999999999992,0.0479999999999996,0.072,0.6,0.0,90.0,1.0,6.026666666666667,4.48,5.9999999999999964,5.41,1,0,0
Marc Guéhi,DEF,Man City,0.0,0,1,33,1,12.9,260,0.07,0.07,0.0,1.42,256,0,0,4.6,31.2,2026-02-11T19:30:00Z,90,10,0,0,0,0,26,0,4710438,1,0,3,2.0,7,-7758,93361,101119,52,True,0,2025-26,26,5.2,0.0,,,,,,,,7.0,9.0,4.0,2.0,DEF,marc guéhi,3,90.0,72.0,4.0,3.6,0.1999999999999991,0.1419999999999999,0.058,0.4,0.0,82.8,1.0,5.28,3.64,5.599999999999996,4.73,1,0,0
Mathias Jensen,MID,Brentford,0.0,0,0,18,0,52.7,126,0.35,0.35,0.0,0.6,252,1,0,6.8,12.8,2026-02-12T20:00:00Z,90,1,0,0,0,0,26,0,10730,1,1,1,2.0,1,468,784,316,49,True,1,2025-26,26,4.9,0.0,,,,,,,,0.0,7.0,5.0,2.0,MID,mathias jensen,3,83.66666666666667,83.2,4.333333333333333,3.6,0.4739999999999992,0.1999999999999999,0.274,0.4,0.0,83.48,1.0,5.426666666666667,3.43,5.369999999999996,4.58,0,0,0
Matty Cash,DEF,Aston Villa,0.0,0,0,0,0,0.0,36,0.0,0.0,0.0,0.0,251,0,0,0.0,0.0,2026-02-11T19:30:00Z,0,6,0,0,0,0,26,0,1495779,0,0,1,0.0,0,-8968,54570,63538,49,True,0,2025-26,26,4.9,0.0,,,,,,,,0.0,0.0,0.0,0.0,DEF,matty cash,3,90.0,90.0,3.333333333333333,3.6,0.2079999999999991,0.0719999999999998,0.136,0.4,0.0,90.0,1.0,4.626666666666667,3.43,5.639999999999995,4.62,0,0,0
Raúl Jiménez Rodríguez,FWD,Fulham,0.0,0,0,2,0,0.4,337,0.0,0.56,0.56,1.37,256,3,0,2.7,1.8,2026-02-11T19:30:00Z,59,13,0,0,0,0,26,0,222968,1,0,3,25.0,1,-18969,10395,29364,62,False,0,2025-26,26,6.2,0.0,,,,,,,,1.0,3.0,1.0,1.0,FWD,raúl jiménez rodríguez,3,84.66666666666667,86.2,4.333333333333333,4.0,0.5579999999999989,0.51,0.0479999999999999,0.4,0.0,85.28,1.0,5.946666666666667,4.34,5.789999999999995,4.86,1,0,0
Xavi Simons,MID,Spurs,0.0,0,0,19,0,74.2,717,0.27,0.43,0.16,2.48,259,2,0,10.5,19.0,2026-02-10T19:30:00Z,90,15,0,0,0,0,26,0,151791,1,2,1,12.0,1,1407,10073,8666,65,True,1,2025-26,26,6.5,0.0,,,,,,,,3.0,9.0,4.0,2.0,MID,xavi simons,3,90.0,90.0,4.0,3.8,0.537999999999999,0.218,0.32,0.0,0.0,90.0,1.0,5.800000000000001,4.55,5.689999999999995,4.98,1,0,0
Yerson Mosquera Valdelamar,DEF,Wolves,0.0,0,0,11,0,1.8,634,0.03,0.03,0.0,1.86,310,2,0,2.5,21.2,2026-02-18T20:00:00Z,90,1,0,0,0,0,26,0,15201,1,2,2,2.0,3,3130,3699,569,43,True,0,2025-26,26,4.3,0.0,,,,,,,,4.0,10.0,3.0,6.0,DEF,yerson mosquera valdelamar,3,90.0,90.0,2.333333333333333,3.0,0.1539999999999989,0.146,0.008,0.4,0.0,90.0,1.0,3.586666666666667,3.01,5.369999999999996,4.66,0,0,0
Cole Palmer,MID,Chelsea,0.0,0,0,14,1,27.1,235,0.22,0.62,0.4,0.28,263,0,0,7.1,12.0,2026-02-21T15:00:00Z,74,3,0,0,0,0,27,0,2265656,1,1,1,32.0,3,434001,443985,9984,106,True,0,2025-26,27,10.6,0.0,,,,,,,,1.0,9.0,6.0,2.0,MID,cole palmer,3,80.0,66.0,11.333333333333334,8.6,1.1099999999999994,0.99,0.1200000000000001,0.2,0.0,74.4,0.93,13.306666666666668,6.9006,8.549999999999997,8.35,1,1,0
Emiliano Martínez Romero,GK,Aston Villa,0.0,0,0,13,0,0.0,32,0.0,0.0,0.0,1.35,261,1,0,2.6,26.0,2026-02-21T15:00:00Z,90,11,0,0,0,0,27,3,601401,1,1,1,0.0,3,113822,122515,8693,50,True,0,2025-26,27,5.0,0.0,,,,,,,,1.0,0.0,3.0,0.0,GK,emiliano martínez romero,3,90.0,90.0,5.333333333333333,5.6,0.0039999999999996,0.0,0.0040000000000001,0.4,3.2,90.0,1.0,6.266666666666667,3.5,4.619999999999998,4.78,0,0,0
Enzo Fernández,MID,Chelsea,0.0,0,0,7,0,6.7,237,0.03,0.12,0.09,0.85,263,1,0,0.7,0.0,2026-02-21T15:00:00Z,90,3,0,0,0,0,27,0,2893400,1,1,1,1.0,2,-100603,128103,228706,69,True,0,2025-26,27,6.9,0.0,,,,,,,,1.0,4.0,3.0,0.0,MID,enzo fernández,3,90.0,88.8,4.0,5.2,0.6499999999999997,0.3979999999999998,0.2520000000000001,0.2,0.0,89.52000000000001,1.0,5.960000000000001,4.83,6.249999999999998,5.89,1,0,1
Florian Wirtz,MID,Liverpool,0.0,0,0,0,0,0.0,382,0.0,0.0,0.0,0.0,267,0,0,0.0,0.0,2026-02-22T14:00:00Z,0,16,0,0,0,0,27,0,1794121,0,1,0,0.0,0,19870,97107,77237,84,False,0,2025-26,27,8.4,0.0,,,,,,,,0.0,0.0,0.0,0.0,MID,florian wirtz,3,88.66666666666667,89.2,5.666666666666667,5.8,0.5799999999999996,0.3219999999999997,0.2580000000000002,0.2,0.0,88.88,1.0,7.893333333333334,5.88,5.899999999999999,5.38,1,0,0
Gabriel dos Santos Magalhães,DEF,Arsenal,0.0,0,0,12,0,1.8,5,0.01,0.01,0.0,0.76,269,1,0,2.0,18.2,2026-02-22T16:30:00Z,90,18,0,0,0,0,27,0,5557739,1,4,1,0.0,2,4447,73999,69552,71,False,0,2025-26,27,7.1,0.0,,,,,,,,3.0,6.0,2.0,3.0,DEF,gabriel dos santos magalhães,3,90.0,90.0,4.333333333333333,4.4,0.0759999999999994,0.0279999999999996,0.0480000000000002,0.4,0.0,90.0,1.0,6.306666666666667,4.97,4.979999999999997,4.63,0,0,0
Gianluigi Donnarumma,GK,Man City,0.0,0,1,22,0,0.0,736,0.0,0.0,0.0,0.62,266,1,0,4.7,47.0,2026-02-21T20:00:00Z,90,15,0,0,0,0,27,6,1166798,1,1,2,0.0,5,17815,44297,26482,56,True,0,2025-26,27,5.6,0.0,,,,,,,,1.0,0.0,9.0,0.0,GK,gianluigi donnarumma,3,90.0,90.0,4.0,4.4,0.0,0.0,0.0,0.4,3.2,90.0,1.0,5.44,3.92,4.6,5.04,1,0,0
Hugo Ekitiké,FWD,Liverpool,0.0,0,0,7,1,2.8,661,0.0,0.71,0.71,1.19,267,0,0,5.8,8.2,2026-02-22T14:00:00Z,90,16,0,0,0,0,27,0,3399622,1,1,0,47.0,2,102262,214958,112696,89,False,0,2025-26,27,8.9,0.0,,,,,,,,1.0,6.0,4.0,1.0,FWD,hugo ekitiké,3,86.66666666666667,76.2,5.666666666666667,4.0,0.7219999999999993,0.5679999999999996,0.1540000000000001,0.2,0.0,82.48,1.0,8.093333333333334,6.23,6.609999999999997,5.46,1,0,0
Igor Thiago Nascimento Rodrigues,FWD,Brentford,0.0,0,0,5,0,13.0,136,0.43,0.74,0.31,1.09,262,2,0,2.5,0.0,2026-02-21T15:00:00Z,90,6,0,0,0,0,27,0,4098776,1,2,0,14.0,2,210764,335391,124627,70,True,0,2025-26,27,7.0,0.0,,,,,,,,1.0,5.0,4.0,0.0,FWD,igor thiago nascimento rodrigues,3,90.0,90.0,3.0,2.6,0.5039999999999993,0.4319999999999996,0.072,0.2,0.0,90.0,1.0,5.200000000000001,4.9,5.519999999999997,4.67,0,0,0
Ismaïla Sarr,MID,Crystal Palace,0.0,0,0,5,1,2.8,267,0.02,0.42,0.4,1.63,264,0,0,2.4,7.8,2026-02-22T14:00:00Z,90,20,0,0,0,0,27,0,523875,1,0,1,13.0,2,33977,50039,16062,64,True,1,2025-26,27,6.4,0.0,,,,,,,,2.0,11.0,6.0,3.0,MID,ismaïla sarr,3,89.0,71.4,5.666666666666667,3.8,0.4619999999999993,0.4479999999999996,0.014,0.2,0.0,81.96000000000001,1.0,7.093333333333335,4.48,5.309999999999997,5.14,1,0,0
Marc Guéhi,DEF,Man City,0.0,0,0,18,0,15.7,260,0.18,0.18,0.0,0.62,266,1,0,3.4,18.4,2026-02-21T20:00:00Z,90,15,0,0,0,0,27,0,4846205,1,1,2,0.0,2,114867,170054,55187,52,True,0,2025-26,27,5.2,0.0,,,,,,,,6.0,7.0,2.0,1.0,DEF,marc guéhi,3,90.0,72.0,4.333333333333333,3.8,0.2079999999999991,0.1419999999999999,0.066,0.4,0.0,82.8,1.0,5.546666666666667,3.64,5.639999999999995,4.76,1,0,0
Nikola Milenković,DEF,Nott'm Forest,0.0,0,0,5,0,0.5,505,0.0,0.08,0.08,1.73,267,1,0,2.5,19.8,2026-02-22T14:00:00Z,90,12,0,0,0,0,27,0,417063,1,1,0,5.0,4,-5051,6082,11133,51,True,0,2025-26,27,5.1,0.0,,,,,,,,11.0,11.0,0.0,0.0,DEF,nikola milenković,3,90.0,90.0,3.333333333333333,4.8,0.0019999999999989,0.0019999999999999,0.0,0.6,0.0,90.0,1.0,4.706666666666667,3.5699999999999994,5.409999999999995,4.77,1,0,0
Ola Aina,DEF,Nott'm Forest,0.0,0,0,8,0,3.2,507,0.01,0.01,0.0,1.73,267,1,0,1.1,8.2,2026-02-22T14:00:00Z,90,12,0,0,0,0,27,0,303341,1,1,0,0.0,1,1819,10013,8194,47,True,1,2025-26,27,4.7,0.0,,,,,,,,4.0,5.0,6.0,1.0,DEF,ola aina,3,90.0,90.0,3.333333333333333,5.2,0.0859999999999988,0.0419999999999999,0.0439999999999999,0.6,0.0,90.0,1.0,4.546666666666667,3.29,5.829999999999995,5.02,1,0,0
Raúl Jiménez Rodríguez,FWD,Fulham,0.0,0,2,45,1,14.3,337,0.11,1.14,1.03,0.56,268,0,2,13.7,68.4,2026-02-22T14:00:00Z,64,17,0,0,0,0,27,0,223444,1,3,1,54.0,11,-3393,13958,17351,61,False,1,2025-26,27,6.1,0.0,,,,,,,,2.0,4.0,1.0,1.0,FWD,raúl jiménez rodríguez,3,74.33333333333333,80.0,4.0,3.2,0.559999999999999,0.5519999999999999,0.0079999999999999,0.4,0.0,76.6,0.9575,5.640000000000001,4.088524999999999,5.799999999999995,4.75,1,0,0
Virgil van Dijk,DEF,Liverpool,0.0,1,2,34,1,2.1,373,0.01,0.14,0.13,1.19,267,0,0,6.4,24.6,2026-02-22T14:00:00Z,90,16,0,0,0,0,27,0,3047045,1,1,0,37.0,11,310953,327819,16866,59,False,0,2025-26,27,5.9,0.0,,,,,,,,7.0,7.0,2.0,0.0,DEF,virgil van dijk,3,90.0,90.0,7.0,6.4,0.227999999999999,0.194,0.034,0.2,0.0,90.0,1.0,7.960000000000001,4.13,4.939999999999995,4.67,0,0,0
Xavi Simons,MID,Spurs,0.0,0,0,-4,0,12.9,717,0.01,0.07,0.06,2.07,269,4,0,2.0,0.2,2026-02-22T16:30:00Z,90,1,0,0,0,0,27,0,148142,1,4,1,7.0,2,-4367,5437,9804,65,True,0,2025-26,27,6.5,0.0,,,,,,,,1.0,4.0,3.0,0.0,MID,xavi simons,3,90.0,90.0,3.0,3.0,0.567999999999999,0.2339999999999999,0.3340000000000001,0.0,0.0,90.0,1.0,5.0,4.55,5.8399999999999945,5.14,1,0,0
Cole Palmer,MID,Chelsea,0.0,0,0,-4,0,1.5,235,0.02,0.05,0.03,1.13,271,2,0,0.3,0.0,2026-03-01T16:30:00Z,85,1,0,0,0,0,28,0,2094652,1,1,2,3.0,1,-132846,38950,171796,106,False,1,2025-26,28,10.6,0.0,,,,,,,,1.0,3.0,1.0,1.0,MID,cole palmer,3,74.66666666666667,62.8,11.666666666666666,7.4,1.0659999999999994,0.906,0.1600000000000001,0.2,0.0,69.92,0.874,13.573333333333334,6.485079999999999,8.329999999999997,7.53,1,1,0
Crysencio Summerville,MID,West Ham,0.0,0,0,4,0,14.7,615,0.05,0.32,0.27,1.84,277,5,0,6.4,9.2,2026-02-28T15:00:00Z,90,12,0,0,0,0,28,0,397982,1,2,5,40.0,1,-8241,32489,40730,57,False,1,2025-26,28,5.7,0.0,,,,,,,,3.0,11.0,6.0,2.0,MID,crysencio summerville,3,89.66666666666667,89.8,5.666666666666667,6.4,0.4999999999999996,0.386,0.1140000000000001,0.6,0.0,89.72,1.0,6.813333333333334,3.99,5.499999999999998,5.54,1,0,0
El Hadji Malick Diouf,DEF,West Ham,0.0,1,0,15,0,29.4,603,0.33,0.4,0.07,1.42,277,5,0,8.4,41.2,2026-02-28T15:00:00Z,89,12,0,0,0,0,28,0,229548,1,2,5,13.0,3,18760,24139,5379,40,False,0,2025-26,28,4.0,0.0,,,,,,,,8.0,9.0,6.0,1.0,DEF,el hadji malick diouf,3,82.33333333333333,69.4,8.0,5.2,0.1079999999999996,0.0,0.1080000000000001,0.6,0.0,77.16,0.9645,8.0,2.7006,5.939999999999998,4.9,0,0,0
Enzo Fernández,MID,Chelsea,0.0,0,0,11,0,1.7,237,0.01,0.03,0.02,1.13,271,2,0,0.4,2.6,2026-03-01T16:30:00Z,85,1,0,0,0,0,28,0,2318436,1,1,2,0.0,1,-567944,27872,595816,68,False,1,2025-26,28,6.8,0.0,,,,,,,,3.0,9.0,5.0,1.0,MID,enzo fernández,3,90.0,90.0,2.0,4.4,0.6619999999999997,0.4159999999999998,0.2460000000000001,0.0,0.0,90.0,1.0,4.32,4.76,6.309999999999999,6.01,1,0,0
Gianluigi Donnarumma,GK,Man City,0.0,0,0,23,1,0.0,736,0.0,0.0,0.0,1.49,276,0,0,1.4,14.2,2026-02-28T17:30:00Z,90,11,0,0,0,0,28,2,1192309,1,1,0,0.0,5,21324,43507,22183,56,False,1,2025-26,28,5.6,0.0,,,,,,,,1.0,0.0,9.0,0.0,GK,gianluigi donnarumma,3,90.0,90.0,5.0,5.0,0.0,0.0,0.0,0.4,3.4,90.0,1.0,6.24,3.92,4.6,5.11,1,0,0
Igor Thiago Nascimento Rodrigues,FWD,Brentford,0.0,0,1,35,0,15.5,136,0.03,0.61,0.58,0.97,274,3,1,11.3,39.4,2026-02-28T15:00:00Z,90,3,0,0,0,0,28,0,4365688,1,4,3,58.0,6,256670,369176,112506,71,False,1,2025-26,28,7.1,0.0,,,,,,,,1.0,6.0,3.0,2.0,FWD,igor thiago nascimento rodrigues,3,90.0,90.0,3.0,2.6,0.6019999999999992,0.4599999999999997,0.142,0.2,0.0,90.0,1.0,5.24,4.97,6.009999999999996,5.11,0,0,0
Ismaïla Sarr,MID,Crystal Palace,0.0,0,0,13,0,2.6,267,0.03,0.14,0.11,2.05,278,2,0,4.4,13.8,2026-03-01T14:00:00Z,90,14,0,0,0,0,28,0,466626,1,1,2,28.0,2,-52516,9030,61546,64,False,0,2025-26,28,6.4,0.0,,,,,,,,2.0,4.0,1.0,1.0,MID,ismaïla sarr,3,89.0,89.4,4.0,4.2,0.5459999999999993,0.5279999999999996,0.018,0.4,0.0,89.16,1.0,5.760000000000001,4.48,5.729999999999997,6.04,1,0,1
João Pedro Junqueira de Jesus,FWD,Chelsea,0.0,0,0,0,0,2.4,249,0.01,0.58,0.57,1.13,271,2,0,0.2,0.0,2026-03-01T16:30:00Z,90,1,0,0,0,0,28,0,5923204,1,1,2,0.0,2,-243462,116404,359866,77,False,0,2025-26,28,7.7,0.0,,,,,,,,0.0,3.0,2.0,1.0,FWD,joão pedro junqueira de jesus,3,81.0,74.4,8.333333333333334,9.4,0.7599999999999992,0.6919999999999998,0.0680000000000001,0.4,0.0,78.36000000000001,0.9795,9.746666666666668,5.279505,6.799999999999996,5.7,1,0,0
Marc Guéhi,DEF,Man City,0.0,0,0,29,1,2.8,260,0.03,0.24,0.21,1.49,276,0,0,6.6,29.8,2026-02-28T17:30:00Z,90,11,0,0,0,0,28,0,4752792,1,1,0,33.0,6,-89589,86875,176464,52,False,0,2025-26,28,5.2,0.0,,,,,,,,6.0,8.0,2.0,2.0,DEF,marc guéhi,3,90.0,90.0,4.0,4.2,0.2439999999999991,0.1419999999999999,0.102,0.4,0.0,90.0,1.0,5.28,3.64,5.819999999999995,5.03,1,0,0
Marcos Senesi Barón,DEF,Bournemouth,0.0,0,0,9,0,2.4,72,0.02,0.03,0.01,1.42,272,1,0,2.7,22.4,2026-02-28T12:30:00Z,90,17,0,0,0,0,28,0,2098553,1,1,1,2.0,4,61416,96068,34652,49,True,0,2025-26,28,4.9,0.0,,,,,,,,8.0,11.0,2.0,3.0,DEF,marcos senesi barón,3,90.0,90.0,3.0,4.0,0.2199999999999991,0.1359999999999999,0.084,0.4,0.0,90.0,1.0,4.36,3.43,5.699999999999996,4.9,0,0,0
Mohamed Salah,MID,Liverpool,0.0,0,0,7,0,7.6,381,0.3,0.49,0.19,1.86,277,2,0,2.5,3.4,2026-02-28T15:00:00Z,90,19,0,0,0,0,28,0,1853894,1,2,5,14.0,2,12594,21464,8870,140,True,0,2025-26,28,14.0,0.0,,,,,,,,0.0,6.0,4.0,2.0,MID,mohamed salah,3,85.33333333333333,85.8,3.6666666666666665,4.2,0.6179999999999989,0.3059999999999999,0.312,0.4,0.0,85.52,1.0,8.533333333333335,9.8,6.0899999999999945,5.95,1,0,0
Nico O'Reilly,DEF,Man City,0.0,0,0,25,1,7.8,411,0.02,0.43,0.41,1.39,276,0,0,8.5,23.2,2026-02-28T17:30:00Z,69,11,0,0,0,0,28,0,1283161,1,1,0,54.0,6,601504,606494,4990,50,False,0,2025-26,28,5.0,0.0,,,,,,,,3.0,5.0,1.0,2.0,DEF,nico o'reilly,3,90.0,90.0,10.666666666666666,7.8,0.2259999999999989,0.1779999999999998,0.0479999999999999,0.4,0.0,90.0,1.0,10.533333333333331,3.5,5.729999999999995,5.08,1,0,0
Raúl Jiménez Rodríguez,FWD,Fulham,0.0,0,0,10,0,15.2,337,0.02,0.45,0.43,0.65,275,1,0,3.2,6.2,2026-03-01T14:00:00Z,72,18,0,0,0,0,28,0,325677,1,1,2,11.0,2,96216,105512,9296,61,True,0,2025-26,28,6.1,0.0,,,,,,,,2.0,5.0,1.0,2.0,FWD,raúl jiménez rodríguez,3,65.66666666666667,75.4,5.666666666666667,5.0,0.7699999999999989,0.74,0.0299999999999999,0.4,0.0,69.56,0.8695,6.973333333333335,3.712765,6.849999999999994,5.32,1,0,0
Virgil van Dijk,DEF,Liverpool,0.0,0,0,22,0,11.7,373,0.14,0.34,0.2,1.86,277,2,1,10.4,57.6,2026-02-28T15:00:00Z,90,19,0,0,0,0,28,0,3746911,1,2,5,35.0,7,678939,686713,7774,60,True,0,2025-26,28,6.0,0.0,,,,,,,,7.0,8.0,3.0,1.0,DEF,virgil van dijk,3,90.0,90.0,9.333333333333334,8.2,0.235999999999999,0.22,0.016,0.4,0.0,90.0,1.0,9.866666666666667,4.199999999999999,5.779999999999996,5.4,1,0,0
Đorđe Petrović,GK,Bournemouth,0.0,0,0,13,0,0.0,67,0.0,0.0,0.0,1.42,272,1,0,2.3,22.8,2026-02-28T12:30:00Z,90,17,0,0,0,0,28,3,613445,1,1,1,0.0,3,43720,51663,7943,45,True,0,2025-26,28,4.5,0.0,,,,,,,,1.0,0.0,11.0,0.0,GK,đorđe petrović,3,90.0,90.0,5.0,5.2,0.0,0.0,0.0,0.4,4.0,90.0,1.0,5.8,3.15,4.6,4.82,0,0,0
Antoine Semenyo,MID,Man City,8.7,0,0,28,0,16.4,82,0.02,0.25,0.23,0.97,287,2,1,8.5,43.0,2026-03-04T19:30:00Z,90,16,0,0,0,0,29,0,7334400,1,2,2,26.0,7,375520,387589,12069,82,True,0,2025-26,29,8.2,0.0,,,,,,,,2.0,8.0,5.0,1.0,MID,antoine semenyo,3,88.66666666666667,89.2,8.666666666666666,7.0,0.5659999999999997,0.508,0.0580000000000001,0.4,0.0,88.88,1.0,10.213333333333331,5.739999999999999,5.829999999999998,6.12,1,0,1
Bruno Borges Fernandes,MID,Man Utd,8.2,1,3,36,0,103.7,449,1.25,1.28,0.03,2.48,288,2,0,14.4,35.0,2026-03-04T20:15:00Z,90,15,0,0,0,0,29,0,5172151,1,1,2,5.0,8,275653,295335,19682,100,False,0,2025-26,29,10.0,0.0,,,,,,,,1.0,10.0,6.0,3.0,MID,bruno borges fernandes,3,90.0,90.0,5.666666666666667,7.4,0.6239999999999997,0.3219999999999999,0.3020000000000002,0.4,0.0,90.0,1.0,8.533333333333335,7.0,6.119999999999998,5.71,1,0,0
Cole Palmer,MID,Chelsea,4.8,0,2,38,0,29.0,235,0.28,0.43,0.15,0.53,281,1,1,10.7,47.8,2026-03-04T19:30:00Z,84,2,0,0,0,0,29,0,2068223,1,4,1,30.0,9,-42865,69995,112860,106,False,0,2025-26,29,10.6,0.0,,,,,,,,3.0,11.0,7.0,1.0,MID,cole palmer,3,83.0,79.8,5.333333333333333,7.6,1.0759999999999996,0.912,0.1640000000000001,0.2,0.0,81.72,1.0,8.506666666666668,7.419999999999999,8.379999999999999,8.48,1,1,0
Crysencio Summerville,MID,West Ham,5.0,0,3,40,1,17.3,615,0.38,0.51,0.13,0.89,285,0,1,8.0,43.8,2026-03-04T19:30:00Z,90,10,0,0,0,0,29,0,372822,1,1,0,19.0,11,-26183,20066,46249,57,False,0,2025-26,29,5.7,0.0,,,,,,,,2.0,9.0,6.0,1.0,MID,crysencio summerville,3,89.66666666666667,89.8,2.333333333333333,5.0,0.5299999999999996,0.414,0.1160000000000001,0.6,0.0,89.72,1.0,4.146666666666667,3.99,5.649999999999998,5.74,1,0,0
Daniel Muñoz Mejía,DEF,Crystal Palace,3.0,0,0,3,0,0.1,256,0.0,0.05,0.05,0.04,289,0,0,0.8,2.4,2026-03-05T20:00:00Z,13,18,0,0,0,0,29,0,1077343,1,3,1,5.0,1,-201,29011,29212,59,False,0,2025-26,29,5.9,0.0,,,,,,,,1.0,2.0,1.0,1.0,DEF,daniel muñoz mejía,3,83.66666666666667,86.2,3.6666666666666665,3.6,0.2959999999999997,0.032,0.2640000000000001,0.4,0.0,84.68,1.0,5.293333333333334,4.13,6.079999999999998,4.94,0,0,0
Dean Henderson,GK,Crystal Palace,5.8,0,0,13,0,0.0,253,0.0,0.0,0.0,1.58,289,1,0,2.7,27.4,2026-03-05T20:00:00Z,90,18,0,0,0,0,29,3,1001643,1,3,1,0.0,3,29307,41601,12294,50,False,0,2025-26,29,5.0,0.0,,,,,,,,3.0,0.0,4.0,0.0,GK,dean henderson,3,90.0,90.0,6.666666666666667,6.0,0.0039999999999996,0.0,0.004,0.4,3.8,90.0,1.0,7.333333333333334,3.5,4.619999999999998,4.98,1,0,0
El Hadji Malick Diouf,DEF,West Ham,6.0,0,0,20,1,1.1,603,0.01,0.01,0.0,0.89,285,0,0,1.6,10.8,2026-03-04T19:30:00Z,90,10,0,0,0,0,29,0,266757,1,1,0,4.0,6,34936,40340,5404,40,False,0,2025-26,29,4.0,0.0,,,,,,,,4.0,4.0,4.0,0.0,DEF,el hadji malick diouf,3,86.0,83.2,6.0,5.6,0.1879999999999996,0.0139999999999998,0.1740000000000001,0.6,0.0,84.88,1.0,6.4,2.8,6.339999999999998,5.3,1,0,0
Hugo Ekitiké,FWD,Liverpool,6.2,0,0,8,0,26.6,661,0.39,0.45,0.06,0.44,290,2,0,5.1,5.2,2026-03-03T20:15:00Z,90,20,0,0,0,0,29,0,4456510,1,1,2,19.0,2,843455,853745,10290,91,False,0,2025-26,29,9.1,0.0,,,,,,,,1.0,6.0,4.0,1.0,FWD,hugo ekitiké,3,84.0,85.0,6.333333333333333,6.8,0.6839999999999993,0.6179999999999997,0.0660000000000001,0.4,0.0,84.4,1.0,8.706666666666667,6.369999999999999,6.419999999999996,5.75,1,0,0
Ismaïla Sarr,MID,Crystal Palace,5.2,0,3,42,0,1.4,267,0.01,1.17,1.16,1.58,289,1,2,12.1,75.8,2026-03-05T20:00:00Z,90,18,0,0,0,0,29,0,443075,1,3,1,44.0,15,-25700,11558,37258,63,False,0,2025-26,29,6.3,0.0,,,,,,,,3.0,5.0,1.0,1.0,MID,ismaïla sarr,3,90.0,89.4,2.0,4.2,0.4899999999999993,0.4699999999999996,0.02,0.4,0.0,89.76,1.0,4.12,4.409999999999999,5.449999999999997,5.66,1,0,0
José Malheiro de Sá,GK,Wolves,4.2,0,0,20,0,0.0,628,0.0,0.0,0.0,1.83,290,1,0,3.0,29.8,2026-03-03T20:15:00Z,90,12,0,0,0,0,29,5,161545,1,1,2,0.0,3,4919,7116,2197,42,True,0,2025-26,29,4.2,0.0,,,,,,,,5.0,0.0,15.0,0.0,GK,josé malheiro de sá,3,90.0,90.0,3.6666666666666665,5.0,0.0,0.0,0.0,0.4,4.2,90.0,1.0,4.613333333333333,2.94,4.6,4.89,0,0,0
João Pedro Junqueira de Jesus,FWD,Chelsea,9.8,1,3,92,0,10.8,249,0.0,2.61,2.61,0.53,281,1,3,23.9,118.6,2026-03-04T19:30:00Z,84,2,0,0,0,0,29,0,5865824,1,4,1,110.0,19,-82031,129840,211871,76,False,1,2025-26,29,7.6,0.0,,,,,,,,0.0,3.0,1.0,2.0,FWD,joão pedro junqueira de jesus,3,86.33333333333333,75.6,6.333333333333333,7.4,0.7439999999999992,0.6759999999999997,0.068,0.2,0.0,82.03999999999999,1.0,8.106666666666666,5.319999999999999,6.719999999999996,5.78,1,0,0
Marc Guéhi,DEF,Man City,4.5,0,0,4,0,5.3,260,0.02,0.26,0.24,0.97,287,2,0,2.8,15.2,2026-03-04T19:30:00Z,90,16,0,0,0,0,29,0,4868843,1,2,2,7.0,1,96119,135810,39691,52,True,0,2025-26,29,5.2,0.0,,,,,,,,3.0,3.0,4.0,0.0,DEF,marc guéhi,3,90.0,90.0,5.0,4.2,0.2399999999999991,0.1699999999999999,0.07,0.4,0.0,90.0,1.0,6.08,3.64,5.799999999999995,5.11,0,0,0
Nico O'Reilly,DEF,Man City,7.1,0,0,0,0,0.0,411,0.0,0.0,0.0,0.0,287,0,0,0.0,0.0,2026-03-04T19:30:00Z,0,16,0,0,0,0,29,0,1242930,0,2,2,0.0,0,-6187,77514,83701,51,True,0,2025-26,29,5.1,0.0,,,,,,,,0.0,0.0,0.0,0.0,DEF,nico o'reilly,3,83.0,85.8,12.0,7.8,0.2879999999999989,0.2499999999999999,0.0379999999999999,0.4,0.0,84.12,1.0,11.64,3.5699999999999994,6.039999999999994,5.46,1,0,0
Raúl Jiménez Rodríguez,FWD,Fulham,3.8,0,0,7,0,1.0,337,0.04,0.2,0.16,0.95,285,0,0,0.8,3.0,2026-03-04T19:30:00Z,59,19,0,0,0,0,29,0,395339,1,1,0,4.0,1,67066,83978,16912,61,True,0,2025-26,29,6.1,0.0,,,,,,,,0.0,4.0,2.0,2.0,FWD,raúl jiménez rodríguez,3,65.0,71.8,4.666666666666667,5.0,0.765999999999999,0.738,0.0279999999999999,0.4,0.0,67.72,0.8465,6.173333333333334,3.614555,6.829999999999995,5.22,0,0,0
Virgil van Dijk,DEF,Liverpool,10.0,0,0,6,0,15.0,373,0.23,0.66,0.43,0.44,290,2,0,6.5,23.6,2026-03-03T20:15:00Z,90,20,0,0,0,0,29,0,4213157,1,1,2,26.0,1,455777,464391,8614,61,False,0,2025-26,29,6.1,0.0,,,,,,,,5.0,5.0,5.0,0.0,DEF,virgil van dijk,3,90.0,90.0,11.666666666666666,7.8,0.271999999999999,0.2339999999999999,0.038,0.4,0.0,90.0,1.0,11.773333333333332,4.27,5.959999999999996,5.52,1,0,0
Bryan Mbeumo,MID,Man Utd,2.0,0,0,8,0,43.7,119,0.31,0.31,0.0,1.76,17,1,0,5.8,6.2,2025-08-24T15:30:00Z,90,10,0,0,0,0,2,0,1549781,1,1,1,8.0,2,54652,171840,117188,80,False,0,2025-26,2,8.0,0.0,,,,,,,,0.0,2.0,2.0,0.0,MID,bryan mbeumo,3,90.0,90.0,5.0,5.2,0.5039999999999998,0.3839999999999999,0.1200000000000002,0.2,0.0,90.0,1.0,7.2,5.6,5.519999999999999,5.27,1,0,0
Chris Wood,FWD,Nott'm Forest,7.5,0,0,3,0,11.0,525,0.06,0.29,0.23,1.1,15,1,0,2.0,0.0,2025-08-24T13:00:00Z,87,8,0,0,0,0,2,0,2184516,1,1,1,13.0,2,574932,667275,92343,76,False,0,2025-26,2,7.6,0.0,,,,,,,,0.0,0.0,0.0,0.0,FWD,chris wood,3,86.0,87.6,5.666666666666667,5.4,0.6559999999999997,0.6180000000000001,0.0380000000000001,0.0,0.0,86.64,1.0,7.573333333333334,5.319999999999999,6.279999999999999,5.68,1,0,0
Daniel Muñoz Mejía,DEF,Crystal Palace,5.0,1,0,18,0,24.2,256,0.32,0.32,0.0,0.93,15,1,0,5.4,28.2,2025-08-24T13:00:00Z,90,16,0,0,0,0,2,0,940645,1,1,1,2.0,5,28682,79742,51060,55,True,0,2025-26,2,5.5,0.0,,,,,,,,1.0,1.0,5.0,0.0,DEF,daniel muñoz mejía,3,90.0,90.0,3.0,4.5,0.1999999999999996,0.1025,0.0975000000000001,0.5,0.0,90.0,1.0,4.6000000000000005,3.85,5.999999999999998,5.21,1,0,0
David Raya Martín,GK,Arsenal,9.0,0,0,28,1,0.0,1,0.0,0.0,0.0,0.17,11,0,0,1.3,13.4,2025-08-23T16:30:00Z,90,11,0,0,0,0,2,1,2284634,1,0,5,0.0,6,218659,277339,58680,55,True,0,2025-26,2,5.5,0.0,,,,,,,,0.0,0.0,3.0,0.0,GK,david raya martín,3,90.0,90.0,8.5,5.0,0.0049999999999995,0.0,0.0050000000000001,0.5,3.75,90.0,1.0,9.0,3.85,5.024999999999998,5.69,1,0,0
Ezri Konsa Ngoyo,DEF,Aston Villa,0.0,0,0,0,0,0.0,38,0.0,0.0,0.0,0.0,13,0,0,0.0,0.0,2025-08-23T14:00:00Z,0,5,0,0,0,0,2,0,1707950,0,0,1,0.0,0,-517663,19195,536858,45,False,0,2025-26,2,4.5,0.0,,,,,,,,0.0,0.0,0.0,0.0,DEF,ezri konsa ngoyo,3,81.66666666666667,85.0,6.333333333333333,6.0,0.0979999999999996,0.0699999999999997,0.0280000000000001,0.8,0.0,83.0,1.0,6.866666666666666,3.15,6.689999999999999,5.12,1,0,0
Fabian Schär,DEF,Newcastle,4.0,0,0,5,0,0.3,474,0.0,0.0,0.0,0.33,19,2,0,2.2,15.2,2025-08-25T19:00:00Z,80,12,0,0,0,0,2,0,309304,1,3,2,6.0,1,11378,29123,17745,55,True,0,2025-26,2,5.5,0.0,,,,,,,,5.0,8.0,3.0,3.0,DEF,fabian schär,3,90.0,90.0,3.6666666666666665,4.4,0.3719999999999996,0.3339999999999997,0.0380000000000001,0.4,0.0,90.0,1.0,5.133333333333334,3.85,6.459999999999997,6.25,1,1,0
Ismaïla Sarr,MID,Crystal Palace,5.5,0,1,20,0,2.8,267,0.04,0.59,0.55,0.93,15,1,1,5.6,36.0,2025-08-24T13:00:00Z,90,16,0,0,0,0,2,0,493698,1,1,1,17.0,8,-38601,27142,65743,65,True,0,2025-26,2,6.5,0.0,,,,,,,,0.0,4.0,2.0,2.0,MID,ismaïla sarr,3,80.66666666666667,81.8,5.666666666666667,5.0,0.6839999999999994,0.4479999999999997,0.236,0.4,0.0,81.12,1.0,7.133333333333335,4.55,6.419999999999996,5.89,1,0,0
Marco Bizot,GK,Aston Villa,3.5,0,0,0,0,0.0,33,0.0,0.0,0.0,0.0,13,0,0,0.0,0.0,2025-08-23T14:00:00Z,0,5,0,0,0,0,2,0,105709,0,0,1,0.0,0,35734,51388,15654,45,False,0,2025-26,2,4.5,0.0,,,,,,,,0.0,0.0,0.0,0.0,GK,marco bizot,3,90.0,77.0,5.0,3.25,0.1374999999999989,0.0624999999999998,0.075,0.75,0.75,84.8,1.0,5.8,3.15,6.687499999999995,5.52,0,0,0
Mason Mount,MID,Man Utd,2.5,0,0,10,1,28.5,455,0.19,0.19,0.0,1.06,17,0,0,4.1,6.4,2025-08-24T15:30:00Z,68,10,0,0,0,0,2,0,32207,1,1,1,6.0,3,149,4964,4815,60,False,0,2025-26,2,6.0,0.0,,,,,,,,0.0,3.0,1.0,2.0,MID,mason mount,3,66.0,62.4,2.6666666666666665,3.0,0.4999999999999992,0.4019999999999999,0.098,0.4,0.0,64.56,0.807,4.533333333333333,3.3894,5.4999999999999964,4.51,0,0,0
Mohamed Salah,MID,Liverpool,7.0,1,0,24,0,28.3,381,0.21,0.21,0.0,0.93,19,2,0,5.5,21.0,2025-08-25T19:00:00Z,90,15,0,0,0,0,2,0,5757761,1,3,2,6.0,5,1223,150654,149431,145,False,0,2025-26,2,14.5,0.0,,,,,,,,1.0,2.0,1.0,0.0,MID,mohamed salah,3,90.0,90.0,6.666666666666667,4.8,0.579999999999999,0.3219999999999999,0.258,0.0,0.0,90.0,1.0,11.133333333333336,10.15,5.899999999999995,6.13,1,0,1
Morgan Gibbs-White,MID,Nott'm Forest,3.5,0,0,7,0,20.5,515,0.1,0.21,0.11,1.1,15,1,0,2.2,0.0,2025-08-24T13:00:00Z,81,8,0,0,0,0,2,0,550967,1,1,1,4.0,2,-16569,34109,50678,75,False,0,2025-26,2,7.5,0.0,,,,,,,,0.0,1.0,1.0,0.0,MID,morgan gibbs-white,3,85.33333333333333,87.2,6.0,6.4,0.4959999999999989,0.3599999999999999,0.136,0.2,0.0,86.08,1.0,7.800000000000001,5.25,5.479999999999995,5.04,1,0,0
Norberto Bercique Gomes Betuncal,FWD,Everton,1.0,0,0,-2,0,0.5,311,0.0,0.14,0.14,0.95,16,0,0,0.5,0.0,2025-08-24T13:00:00Z,26,6,0,0,0,0,2,0,829761,0,0,2,8.0,0,-68855,42243,111098,55,True,1,2025-26,2,5.5,0.0,,,,,,,,0.0,0.0,0.0,0.0,FWD,norberto bercique gomes betuncal,3,89.0,86.6,2.0,4.0,0.4879999999999988,0.446,0.0419999999999999,0.4,0.0,88.03999999999999,1.0,3.8,3.85,5.439999999999994,4.55,0,0,0
Reece James,DEF,Chelsea,3.5,0,0,7,0,15.5,225,0.13,0.13,0.0,0.44,20,0,0,1.8,2.6,2025-08-22T19:00:00Z,21,19,0,0,0,0,2,0,651078,0,5,1,0.0,1,38201,75903,37702,55,False,0,2025-26,2,5.5,0.0,,,,,,,,0.0,0.0,2.0,0.0,DEF,reece james,3,86.0,61.0,7.0,4.6,0.125999999999999,0.0339999999999999,0.0919999999999999,0.6,0.0,76.0,0.95,7.800000000000001,3.6574999999999993,6.029999999999995,5.1,1,0,0
Rúben dos Santos Gato Alves Dias,DEF,Man City,4.0,0,0,5,0,1.6,408,0.01,0.01,0.0,1.11,18,2,0,2.0,18.2,2025-08-23T11:30:00Z,90,18,0,0,0,0,2,0,408246,1,2,0,0.0,1,22902,48778,25876,55,True,0,2025-26,2,5.5,0.0,,,,,,,,5.0,7.0,2.0,2.0,DEF,rúben dos santos gato alves dias,3,88.5,89.25,4.0,4.0,0.0899999999999988,0.0099999999999999,0.08,0.75,0.0,88.80000000000001,1.0,5.4,3.85,6.449999999999994,5.15,1,0,0
Yoane Wissa,FWD,Brentford,0.0,0,0,0,0,0.0,135,0.0,0.0,0.0,0.0,13,0,0,0.0,0.0,2025-08-23T14:00:00Z,0,2,0,0,0,0,2,0,176219,0,0,1,0.0,0,-97482,4602,102084,75,True,0,2025-26,2,7.5,0.0,,,,,,,,0.0,0.0,0.0,0.0,FWD,yoane wissa,3,60.0,72.0,3.6666666666666665,3.8,0.711999999999999,0.6539999999999999,0.058,0.2,0.0,64.8,0.8099999999999999,5.933333333333334,4.2525,6.559999999999995,4.85,0,0,0
Antoine Semenyo,MID,Man City,0.0,0,0,7,0,7.8,82,0.02,0.14,0.12,0.54,300,1,0,1.1,0.0,2026-03-14T20:00:00Z,74,19,0,0,0,0,30,0,7496342,1,1,1,6.0,2,166880,197258,30378,83,False,0,2025-26,30,8.3,0.0,,,,,,,,0.0,2.0,2.0,0.0,MID,antoine semenyo,3,88.66666666666667,89.2,6.333333333333333,7.0,0.4839999999999998,0.426,0.0580000000000002,0.4,0.0,88.88,1.0,8.386666666666667,5.8100000000000005,5.419999999999999,5.58,1,0,0
Axel Disasi,DEF,West Ham,0.0,0,0,7,0,0.2,815,0.0,0.0,0.0,2.03,300,1,0,0.5,4.8,2026-03-14T20:00:00Z,90,13,0,0,0,0,30,0,11773,1,1,1,0.0,2,465,1310,845,45,True,0,2025-26,30,4.5,0.0,,,,,,,,2.0,2.0,3.0,0.0,DEF,axel disasi,3,90.0,90.0,3.333333333333333,3.6,0.1399999999999997,0.138,0.0020000000000002,0.6,0.0,90.0,1.0,4.466666666666667,3.15,6.099999999999998,5.59,1,0,0
Bruno Borges Fernandes,MID,Man Utd,0.0,2,2,38,0,84.4,449,0.37,0.45,0.08,1.0,297,1,0,13.9,49.4,2026-03-15T14:00:00Z,90,2,0,0,0,0,30,0,5379903,1,1,3,5.0,10,208900,228019,19119,101,True,0,2025-26,30,10.1,0.0,,,,,,,,2.0,9.0,6.0,1.0,MID,bruno borges fernandes,3,90.0,90.0,7.666666666666667,7.0,0.8239999999999998,0.3279999999999999,0.4960000000000003,0.4,0.0,90.0,1.0,10.173333333333334,7.069999999999999,7.119999999999999,6.56,1,0,0
Cole Palmer,MID,Chelsea,0.0,0,0,21,0,45.6,235,0.32,0.62,0.3,1.41,294,1,0,8.8,18.0,2026-03-14T17:30:00Z,90,15,0,0,0,0,30,0,2132813,1,1,0,24.0,2,60243,106126,45883,106,True,0,2025-26,30,10.6,0.0,,,,,,,,0.0,5.0,4.0,1.0,MID,cole palmer,3,81.0,78.6,4.333333333333333,9.0,1.0219999999999996,0.8119999999999999,0.2100000000000001,0.2,0.0,80.03999999999999,1.0,7.706666666666667,7.419999999999999,8.109999999999998,7.84,1,0,1
Crysencio Summerville,MID,West Ham,0.0,0,0,0,0,0.0,615,0.0,0.0,0.0,0.0,300,0,0,0.0,0.0,2026-03-14T20:00:00Z,0,13,0,0,0,0,30,0,291754,0,1,1,0.0,0,-81962,24738,106700,57,True,0,2025-26,30,5.7,0.0,,,,,,,,0.0,0.0,0.0,0.0,MID,crysencio summerville,3,90.0,89.8,5.0,5.8,0.5639999999999995,0.376,0.1880000000000001,0.8,0.0,89.92,1.0,6.28,3.99,5.819999999999998,5.79,1,0,0
Dean Henderson,GK,Crystal Palace,0.0,0,0,0,0,0.0,253,0.0,0.0,0.0,0.0,295,0,0,0.0,0.0,2026-03-15T14:00:00Z,0,11,0,0,0,0,30,0,1108408,0,0,0,0.0,0,101689,112252,10563,50,True,0,2025-26,30,5.0,0.0,,,,,,,,0.0,0.0,0.0,0.0,GK,dean henderson,3,90.0,90.0,7.333333333333333,6.2,0.0039999999999996,0.0,0.004,0.4,4.4,90.0,1.0,7.866666666666667,3.5,4.619999999999998,5.18,1,0,0
El Hadji Malick Diouf,DEF,West Ham,0.0,0,0,9,0,0.3,603,0.0,0.0,0.0,2.03,300,1,0,1.3,12.4,2026-03-14T20:00:00Z,90,13,0,0,0,0,30,0,297456,1,1,1,0.0,2,31276,36913,5637,40,True,0,2025-26,30,4.0,0.0,,,,,,,,4.0,5.0,6.0,1.0,DEF,el hadji malick diouf,3,89.66666666666667,85.2,6.0,6.6,0.1799999999999996,0.0139999999999998,0.1660000000000001,0.8,0.0,87.88000000000001,1.0,6.4,2.8,7.099999999999999,5.3,0,0,0
Hugo Ekitiké,FWD,Liverpool,0.0,0,0,4,0,12.3,661,0.04,0.54,0.5,0.58,296,1,0,2.7,3.4,2026-03-15T16:30:00Z,26,18,0,0,0,0,30,0,4555541,0,1,1,11.0,1,132890,250651,117761,92,True,0,2025-26,30,9.2,0.0,,,,,,,,1.0,3.0,2.0,0.0,FWD,hugo ekitiké,3,85.0,86.4,6.333333333333333,4.6,0.5359999999999994,0.3979999999999996,0.1380000000000001,0.4,0.0,85.56,1.0,8.746666666666666,6.44,5.679999999999997,4.61,0,0,0
Igor Thiago Nascimento Rodrigues,FWD,Brentford,0.0,0,0,24,0,2.9,136,0.01,1.86,1.85,1.39,292,2,1,8.7,38.4,2026-03-16T20:00:00Z,90,20,0,0,0,0,30,0,4585196,1,2,2,46.0,6,97260,223481,126221,72,True,0,2025-26,30,7.2,0.0,,,,,,,,4.0,7.0,1.0,2.0,FWD,igor thiago nascimento rodrigues,3,90.0,90.0,3.333333333333333,3.4,0.6419999999999992,0.4899999999999996,0.152,0.2,0.0,90.0,1.0,5.546666666666667,5.04,6.209999999999996,5.33,1,0,0
Ismaïla Sarr,MID,Crystal Palace,0.0,0,0,2,1,1.9,267,0.01,0.01,0.0,1.12,295,0,0,0.6,0.0,2026-03-15T14:00:00Z,90,11,0,0,0,0,30,0,566987,1,0,0,4.0,3,116991,125738,8747,63,True,0,2025-26,30,6.3,0.0,,,,,,,,0.0,3.0,3.0,0.0,MID,ismaïla sarr,3,90.0,89.4,6.333333333333333,5.8,0.4839999999999992,0.4659999999999996,0.018,0.4,0.0,89.76,1.0,7.586666666666666,4.409999999999999,5.419999999999996,5.64,1,0,0
José Malheiro de Sá,GK,Wolves,0.0,0,0,4,0,0.0,628,0.0,0.0,0.0,2.56,292,2,0,0.9,8.6,2026-03-16T20:00:00Z,90,5,0,0,0,0,30,1,163893,1,2,2,0.0,0,2171,7614,5443,42,False,1,2025-26,30,4.2,0.0,,,,,,,,2.0,0.0,8.0,0.0,GK,josé malheiro de sá,3,90.0,90.0,4.333333333333333,5.2,0.0,0.0,0.0,0.4,4.6,90.0,1.0,5.1466666666666665,2.94,4.6,5.02,0,0,0
João Pedro Junqueira de Jesus,FWD,Chelsea,0.0,0,0,8,0,11.3,249,0.02,0.25,0.23,1.41,294,1,0,3.5,6.6,2026-03-14T17:30:00Z,90,15,0,0,0,0,30,0,6406195,1,1,0,17.0,2,510343,533438,23095,77,True,0,2025-26,30,7.7,0.0,,,,,,,,1.0,7.0,3.0,3.0,FWD,joão pedro junqueira de jesus,3,84.33333333333333,83.4,9.333333333333334,9.2,1.1419999999999992,1.0979999999999996,0.0440000000000001,0.2,0.0,83.96000000000001,1.0,10.546666666666669,5.39,8.709999999999997,8.17,1,1,0
Malick Thiaw,DEF,Newcastle,0.0,0,1,25,1,0.8,684,0.01,0.17,0.16,1.39,294,0,0,3.9,34.6,2026-03-14T17:30:00Z,90,7,0,0,0,0,30,0,532584,1,1,0,4.0,9,-12152,17797,29949,50,False,0,2025-26,30,5.0,0.0,,,,,,,,13.0,14.0,0.0,1.0,DEF,malick thiaw,3,90.0,90.0,2.6666666666666665,4.0,0.4019999999999991,0.3219999999999999,0.08,0.0,0.0,90.0,1.0,4.133333333333333,3.5,5.009999999999996,5.42,1,0,0
Rayan Aït-Nouri,DEF,Man City,0.0,0,0,15,0,20.7,402,0.1,0.15,0.05,0.54,300,1,0,4.9,19.6,2026-03-14T20:00:00Z,59,19,0,0,0,0,30,0,585358,1,1,1,9.0,1,16819,23880,7061,57,False,0,2025-26,30,5.7,0.0,,,,,,,,2.0,5.0,7.0,3.0,DEF,rayan aït-nouri,3,85.33333333333333,87.2,5.666666666666667,5.6,0.2539999999999988,0.0579999999999999,0.1959999999999999,0.4,0.0,86.08,1.0,6.813333333333334,3.99,5.869999999999994,4.71,0,0,0
Virgil van Dijk,DEF,Liverpool,0.0,0,0,13,0,14.2,373,0.04,0.04,0.0,1.18,296,1,0,4.9,28.4,2026-03-15T16:30:00Z,90,18,0,0,0,0,30,0,4309760,1,1,1,6.0,2,115453,171893,56440,62,True,0,2025-26,30,6.2,0.0,,,,,,,,6.0,8.0,2.0,2.0,DEF,virgil van dijk,3,90.0,90.0,6.333333333333333,7.2,0.391999999999999,0.3099999999999999,0.082,0.4,0.0,90.0,1.0,7.546666666666667,4.34,6.559999999999995,6.25,1,0,0
Adrien Truffert,DEF,Bournemouth,0.0,1,0,19,0,37.2,74,0.1,0.14,0.04,1.77,302,2,0,9.0,41.6,2026-03-20T20:00:00Z,90,14,0,0,0,0,31,0,501394,1,2,2,11.0,4,54159,66106,11947,46,True,0,2025-26,31,4.6,0.0,,,,,,,,4.0,6.0,5.0,2.0,DEF,adrien truffert,3,90.0,90.0,7.666666666666667,7.2,0.2359999999999998,0.012,0.224,0.6,0.0,90.0,1.0,7.973333333333334,3.22,6.58,5.54,1,0,0
Alisson Becker,GK,Liverpool,0.0,0,0,0,0,0.0,366,0.0,0.0,0.0,0.0,303,0,0,0.0,0.0,2026-03-21T12:45:00Z,0,6,0,0,0,0,31,0,874770,0,1,2,0.0,0,16156,26715,10559,54,False,0,2025-26,31,5.4,0.0,,,,,,,,0.0,0.0,0.0,0.0,GK,alisson becker,3,90.0,90.0,2.333333333333333,4.2,0.0,0.0,0.0,0.4,2.8,90.0,1.0,4.026666666666667,3.78,4.6,4.82,0,0,0
Anthony Gordon,MID,Newcastle,0.0,0,3,28,0,12.5,485,0.02,0.48,0.46,1.52,308,1,1,7.7,38.0,2026-03-22T12:00:00Z,88,17,0,0,0,0,31,0,1478899,1,2,1,26.0,10,511099,519760,8661,73,True,0,2025-26,31,7.3,0.0,,,,,,,,2.0,6.0,3.0,1.0,MID,anthony gordon,3,86.33333333333333,84.6,6.666666666666667,5.4,0.7059999999999997,0.6440000000000001,0.0620000000000001,0.2,0.0,85.63999999999999,1.0,8.253333333333334,5.109999999999999,6.529999999999999,6.65,1,0,1
Bruno Borges Fernandes,MID,Man Utd,0.0,1,3,39,0,47.7,449,0.25,1.41,1.16,1.8,302,2,1,17.5,59.6,2026-03-20T20:00:00Z,90,4,0,0,0,0,31,0,6068501,1,2,2,68.0,13,289499,294309,4810,102,False,0,2025-26,31,10.2,0.0,,,,,,,,2.0,9.0,5.0,2.0,MID,bruno borges fernandes,3,90.0,90.0,10.333333333333334,7.0,0.6679999999999998,0.1999999999999999,0.4680000000000002,0.2,0.0,90.0,1.0,12.346666666666668,7.139999999999999,6.339999999999999,5.67,1,0,0
Cole Palmer,MID,Chelsea,0.0,0,0,14,0,17.5,235,0.09,0.13,0.04,1.18,304,3,0,2.8,7.4,2026-03-21T17:30:00Z,90,9,0,0,0,0,31,0,2515435,1,0,3,3.0,2,53003,94550,41547,106,False,0,2025-26,31,10.6,0.0,,,,,,,,0.0,4.0,2.0,2.0,MID,cole palmer,3,86.33333333333333,84.6,4.0,5.4,0.7859999999999996,0.514,0.2720000000000001,0.2,0.0,85.63999999999999,1.0,7.44,7.419999999999999,6.929999999999998,6.56,1,0,0
Dominic Calvert-Lewin,FWD,Leeds,0.0,0,0,9,1,1.3,691,0.0,0.14,0.14,0.46,306,0,0,4.8,7.2,2026-03-21T20:00:00Z,90,5,0,0,0,0,31,0,980770,1,0,0,39.0,2,-20511,36998,57509,56,True,0,2025-26,31,5.6,0.0,,,,,,,,2.0,6.0,4.0,0.0,FWD,dominic calvert-lewin,3,90.0,72.0,1.3333333333333333,1.2,0.4479999999999997,0.4359999999999999,0.0120000000000001,0.2,0.0,82.8,1.0,3.306666666666666,3.92,5.239999999999998,4.3,0,0,0
El Hadji Malick Diouf,DEF,West Ham,0.0,0,0,9,0,15.8,603,0.12,0.12,0.0,1.68,301,2,0,3.7,19.2,2026-03-22T14:15:00Z,90,2,0,0,0,0,31,0,318791,1,0,2,2.0,1,15134,19415,4281,40,False,0,2025-26,31,4.0,0.0,,,,,,,,3.0,5.0,4.0,2.0,DEF,el hadji malick diouf,3,89.66666666666667,87.6,3.6666666666666665,5.2,0.1519999999999997,0.0139999999999998,0.1380000000000001,0.6,0.0,88.84,1.0,4.533333333333333,2.8,6.159999999999998,5.19,1,0,0
Igor Thiago Nascimento Rodrigues,FWD,Brentford,0.0,0,0,12,1,27.5,136,0.03,0.08,0.05,0.52,306,0,0,6.1,26.2,2026-03-21T20:00:00Z,90,11,0,0,0,0,31,0,4988770,1,0,0,7.0,4,189262,217967,28705,73,False,0,2025-26,31,7.3,0.0,,,,,,,,6.0,15.0,6.0,3.0,FWD,igor thiago nascimento rodrigues,3,90.0,90.0,4.666666666666667,3.6,0.8479999999999993,0.7019999999999997,0.1460000000000001,0.2,0.0,90.0,1.0,6.653333333333334,5.109999999999999,7.239999999999997,6.53,1,0,0
Iliman Ndiaye,MID,Everton,0.0,0,2,34,1,4.1,299,0.02,0.12,0.1,0.93,304,0,1,7.4,41.8,2026-03-21T17:30:00Z,88,7,0,0,0,0,31,0,541578,1,0,3,28.0,10,1707,12212,10505,62,True,0,2025-26,31,6.2,0.0,,,,,,,,2.0,10.0,6.0,2.0,MID,iliman ndiaye,3,90.0,90.0,4.0,4.6,0.5099999999999992,0.2959999999999997,0.214,0.2,0.0,90.0,1.0,5.680000000000001,4.34,5.549999999999996,5.06,0,0,0
James Hill,DEF,Bournemouth,0.0,0,0,4,0,11.5,77,0.02,0.02,0.0,1.77,302,2,0,3.0,16.4,2026-03-20T20:00:00Z,90,14,1,0,0,0,31,0,961038,1,2,2,2.0,-1,2488,24645,22157,42,True,0,2025-26,31,4.2,0.0,,,,,,,,6.0,7.0,9.0,1.0,DEF,james hill,3,90.0,90.0,6.0,6.6,0.1859999999999992,0.0879999999999997,0.098,0.6,0.0,90.0,1.0,6.48,2.94,6.3299999999999965,5.61,1,0,0
João Pedro Junqueira de Jesus,FWD,Chelsea,0.0,0,0,8,0,15.7,249,0.14,0.24,0.1,0.9,304,3,0,4.1,2.8,2026-03-21T17:30:00Z,77,9,0,0,0,0,31,0,6882987,1,0,3,22.0,2,225190,257257,32067,78,False,0,2025-26,31,7.8,0.0,,,,,,,,0.0,1.0,1.0,0.0,FWD,joão pedro junqueira de jesus,3,88.0,86.6,7.666666666666667,8.0,1.1799999999999993,1.1319999999999997,0.0480000000000001,0.2,0.0,87.44,1.0,9.253333333333334,5.46,8.899999999999997,8.63,1,1,0
Malick Thiaw,DEF,Newcastle,0.0,0,0,0,0,0.1,684,0.0,0.0,0.0,2.26,308,2,0,1.9,15.0,2026-03-22T12:00:00Z,36,17,0,0,0,0,31,0,1651946,0,2,1,4.0,0,538778,545174,6396,51,True,0,2025-26,31,5.1,0.0,,,,,,,,4.0,6.0,1.0,2.0,DEF,malick thiaw,3,90.0,90.0,4.666666666666667,5.6,0.3839999999999992,0.3159999999999999,0.068,0.2,0.0,90.0,1.0,5.773333333333333,3.5699999999999994,5.719999999999996,5.32,1,0,0
Morgan Gibbs-White,MID,Nott'm Forest,0.0,0,0,26,1,2.1,515,0.01,0.64,0.63,1.14,309,0,1,5.7,38.0,2026-03-22T14:15:00Z,90,18,0,0,0,0,31,0,752159,1,3,0,17.0,8,56458,70064,13606,74,False,0,2025-26,31,7.4,0.0,,,,,,,,3.0,5.0,1.0,1.0,MID,morgan gibbs-white,3,84.0,86.4,6.666666666666667,5.0,0.3659999999999989,0.3199999999999999,0.046,0.6,0.0,84.96000000000001,1.0,8.293333333333335,5.18,4.829999999999995,4.85,0,0,0
Virgil van Dijk,DEF,Liverpool,0.0,0,0,4,0,1.7,373,0.01,0.01,0.0,2.17,303,2,0,3.4,24.0,2026-03-21T12:45:00Z,90,6,0,0,0,0,31,0,5087699,1,1,2,8.0,3,245145,268002,22857,63,False,0,2025-26,31,6.3,0.0,,,,,,,,11.0,12.0,2.0,1.0,DEF,virgil van dijk,3,90.0,90.0,3.333333333333333,7.6,0.395999999999999,0.3099999999999999,0.086,0.4,0.0,90.0,1.0,5.186666666666667,4.409999999999999,6.579999999999995,6.27,1,0,0
Đorđe Petrović,GK,Bournemouth,0.0,0,0,12,0,0.0,67,0.0,0.0,0.0,1.77,302,2,0,3.2,32.4,2026-03-20T20:00:00Z,90,14,0,0,0,0,31,4,683661,1,2,2,0.0,2,5423,22965,17542,45,True,0,2025-26,31,4.5,0.0,,,,,,,,2.0,0.0,6.0,0.0,GK,đorđe petrović,3,90.0,90.0,5.0,5.4,0.0,0.0,0.0,0.6,3.0,90.0,1.0,5.8,3.15,5.4,5.51,1,0,0
Anthony Gordon,MID,Newcastle,0.0,0,0,5,1,6.3,485,0.03,0.07,0.04,1.42,315,0,0,1.6,0.2,2026-04-12T13:00:00Z,70,8,0,0,0,0,32,0,999646,1,1,2,9.0,3,104481,235366,130885,74,False,0,2025-26,32,7.4,0.0,,,,,,,,0.0,2.0,2.0,0.0,MID,anthony gordon,3,87.33333333333333,84.8,9.333333333333334,6.4,0.6819999999999997,0.6380000000000001,0.0440000000000001,0.2,0.0,86.32,1.0,10.426666666666668,5.18,6.409999999999998,6.66,1,0,0
Antoine Semenyo,MID,Man City,0.0,0,0,13,1,18.7,82,0.03,0.32,0.29,1.14,314,0,0,6.7,10.6,2026-04-12T15:30:00Z,90,7,0,0,0,0,32,0,7289095,1,3,0,38.0,2,322359,386543,64184,82,False,1,2025-26,32,8.2,0.0,,,,,,,,1.0,3.0,2.0,0.0,MID,antoine semenyo,3,84.66666666666667,86.0,5.666666666666667,7.0,0.4759999999999998,0.416,0.0600000000000002,0.4,0.0,85.2,1.0,7.813333333333334,5.739999999999999,5.379999999999999,5.37,1,0,0
Axel Disasi,DEF,West Ham,0.0,0,0,25,1,0.5,815,0.0,0.0,0.0,0.59,320,0,0,1.6,15.6,2026-04-10T19:00:00Z,90,20,0,0,0,0,32,0,15611,1,0,4,0.0,6,2385,3272,887,45,True,0,2025-26,32,4.5,0.0,,,,,,,,3.0,6.0,2.0,3.0,DEF,axel disasi,3,90.0,90.0,3.0,2.6,0.2179999999999997,0.216,0.0020000000000002,0.4,0.0,90.0,1.0,4.2,3.15,5.69,5.18,1,0,0
Bruno Borges Fernandes,MID,Man Utd,0.0,1,0,27,0,71.8,449,0.49,0.51,0.02,2.37,317,2,0,11.4,36.4,2026-04-13T19:00:00Z,90,11,0,0,0,0,32,0,5979594,1,2,1,6.0,4,296562,315642,19080,103,True,1,2025-26,32,10.3,0.0,,,,,,,,1.0,6.0,3.0,2.0,MID,bruno borges fernandes,3,90.0,90.0,10.333333333333334,9.2,0.8979999999999997,0.4319999999999999,0.4660000000000002,0.2,0.0,90.0,1.0,12.386666666666668,7.21,7.489999999999998,7.04,1,0,1
David Raya Martín,GK,Arsenal,0.0,0,0,8,0,0.0,1,0.0,0.0,0.0,1.19,311,2,0,1.4,14.4,2026-04-11T11:30:00Z,90,4,0,0,0,0,32,1,4440947,1,2,1,0.0,1,-41455,123268,164723,60,True,0,2025-26,32,6.0,0.0,,,,,,,,0.0,0.0,12.0,0.0,GK,david raya martín,3,90.0,90.0,5.666666666666667,4.2,0.0019999999999996,0.0,0.002,0.4,2.6,90.0,1.0,6.933333333333335,4.199999999999999,4.609999999999998,5.01,0,0,0
Dominic Calvert-Lewin,FWD,Leeds,0.0,0,0,4,0,7.1,691,0.02,1.33,1.31,1.31,317,1,0,8.5,7.2,2026-04-13T19:00:00Z,90,14,0,0,0,0,32,0,1214031,1,2,1,71.0,2,163267,289431,126164,56,False,0,2025-26,32,5.6,0.0,,,,,,,,2.0,4.0,2.0,0.0,FWD,dominic calvert-lewin,3,90.0,90.0,1.3333333333333333,1.6,0.4759999999999996,0.4639999999999998,0.0120000000000001,0.4,0.0,90.0,1.0,3.306666666666666,3.92,5.379999999999998,4.68,0,0,0
Gabriel dos Santos Magalhães,DEF,Arsenal,0.0,1,0,12,0,0.6,5,0.01,0.09,0.08,1.19,311,2,0,3.8,16.0,2026-04-11T11:30:00Z,90,4,0,0,0,0,32,0,5650544,1,2,1,21.0,4,67855,209462,141607,72,True,0,2025-26,32,7.2,0.0,,,,,,,,7.0,8.0,5.0,1.0,DEF,gabriel dos santos magalhães,3,90.0,90.0,9.666666666666666,7.0,0.1679999999999994,0.0119999999999996,0.1560000000000002,0.4,0.0,90.0,1.0,10.613333333333332,5.04,5.439999999999998,4.99,0,0,0
Igor Thiago Nascimento Rodrigues,FWD,Brentford,0.0,0,3,49,0,14.9,136,0.06,1.47,1.41,1.53,312,2,2,14.1,74.4,2026-04-11T14:00:00Z,90,9,0,0,0,0,32,0,4522945,1,2,2,52.0,13,-254824,124640,379464,73,True,0,2025-26,32,7.3,0.0,,,,,,,,2.0,6.0,4.0,0.0,FWD,igor thiago nascimento rodrigues,3,90.0,90.0,4.0,4.0,0.6659999999999993,0.5579999999999996,0.1080000000000001,0.4,0.0,90.0,1.0,6.12,5.109999999999999,6.3299999999999965,5.54,1,0,0
James Hill,DEF,Bournemouth,0.0,0,0,14,0,10.4,77,0.01,0.01,0.0,2.32,311,1,0,4.1,30.4,2026-04-11T11:30:00Z,90,1,0,0,0,0,32,0,1120151,1,2,1,0.0,3,111789,184097,72308,42,False,1,2025-26,32,4.2,0.0,,,,,,,,9.0,12.0,2.0,3.0,DEF,james hill,3,90.0,90.0,5.0,4.6,0.1459999999999991,0.0879999999999997,0.058,0.6,0.0,90.0,1.0,5.68,2.94,6.129999999999996,5.44,1,0,0
João Pedro Junqueira de Jesus,FWD,Chelsea,0.0,0,0,9,0,1.0,249,0.01,0.19,0.18,2.03,314,3,0,1.2,0.2,2026-04-12T15:30:00Z,81,13,0,0,0,0,32,0,6484958,1,3,0,11.0,2,-135346,227526,362872,78,True,0,2025-26,32,7.8,0.0,,,,,,,,0.0,1.0,1.0,0.0,FWD,joão pedro junqueira de jesus,3,83.66666666666667,84.0,7.666666666666667,6.4,0.9919999999999992,0.9459999999999996,0.0460000000000001,0.2,0.0,83.80000000000001,1.0,9.253333333333334,5.46,7.959999999999996,7.35,1,1,0
Marc Guéhi,DEF,Man City,0.0,0,3,48,1,16.8,260,0.04,0.37,0.33,1.14,314,0,1,10.5,67.6,2026-04-12T15:30:00Z,90,7,0,0,0,0,32,0,4318725,1,3,0,21.0,15,-98399,57381,155780,51,False,0,2025-26,32,5.1,0.0,,,,,,,,6.0,9.0,2.0,3.0,DEF,marc guéhi,3,90.0,90.0,3.0,3.6,0.2319999999999991,0.1659999999999999,0.066,0.4,0.0,90.0,1.0,4.44,3.5699999999999994,5.759999999999996,5.06,0,0,0
Marcus Tavernier,MID,Bournemouth,0.0,0,0,14,0,17.8,84,0.05,0.06,0.01,2.32,311,1,0,3.2,10.8,2026-04-11T11:30:00Z,90,1,0,0,0,0,32,0,548745,1,2,1,3.0,2,265443,301805,36362,54,False,0,2025-26,32,5.4,0.0,,,,,,,,1.0,9.0,5.0,3.0,MID,marcus tavernier,3,90.0,72.0,2.333333333333333,3.0,0.5679999999999992,0.418,0.15,0.4,0.0,82.8,1.0,4.026666666666667,3.78,5.839999999999996,5.44,1,0,0
Morgan Gibbs-White,MID,Nott'm Forest,0.0,0,0,3,0,2.8,515,0.03,0.34,0.31,0.7,318,1,0,3.5,2.4,2026-04-12T13:00:00Z,83,2,0,0,0,0,32,0,676663,1,1,1,30.0,2,41701,74741,33040,74,True,0,2025-26,32,7.4,0.0,,,,,,,,0.0,3.0,3.0,0.0,MID,morgan gibbs-white,3,84.0,86.4,6.333333333333333,6.0,0.3919999999999989,0.3659999999999999,0.026,0.6,0.0,84.96000000000001,1.0,8.026666666666667,5.18,4.959999999999995,5.14,1,0,0
Sepp van den Berg,DEF,Brentford,0.0,0,0,10,0,14.3,113,0.09,0.09,0.0,1.53,312,2,0,5.2,37.4,2026-04-11T14:00:00Z,90,9,0,0,0,0,32,0,184862,1,2,2,0.0,3,-13133,6249,19382,46,True,0,2025-26,32,4.6,0.0,,,,,,,,11.0,11.0,7.0,0.0,DEF,sepp van den berg,3,90.0,90.0,4.333333333333333,4.4,0.245999999999999,0.18,0.066,0.4,0.0,90.0,1.0,5.306666666666667,3.22,5.829999999999995,5.17,1,0,0
Đorđe Petrović,GK,Bournemouth,0.0,0,0,10,0,0.0,67,0.0,0.0,0.0,2.32,311,1,0,1.4,14.2,2026-04-11T11:30:00Z,90,1,0,0,0,0,32,2,689469,1,2,1,0.0,2,9555,57027,47472,46,False,0,2025-26,32,4.6,0.0,,,,,,,,4.0,0.0,5.0,0.0,GK,đorđe petrović,3,90.0,90.0,4.666666666666667,5.2,0.0,0.0,0.0,0.6,2.8,90.0,1.0,5.573333333333334,3.22,5.4,5.49,1,0,0
Anthony Gordon,MID,Newcastle,0.0,0,0,0,0,0.0,485,0.0,0.0,0.0,0.0,328,0,0,0.0,0.0,2026-04-18T14:00:00Z,0,4,0,0,0,0,33,0,808739,0,2,1,0.0,0,-56073,46441,102514,74,True,0,2025-26,33,7.4,0.0,,,,,,,,0.0,0.0,0.0,0.0,MID,anthony gordon,3,82.66666666666667,83.4,8.0,6.6,0.6519999999999997,0.6040000000000001,0.0480000000000001,0.4,0.0,82.96000000000001,1.0,9.36,5.18,6.259999999999998,6.37,1,0,0
Bruno Borges Fernandes,MID,Man Utd,0.0,1,0,23,1,49.0,449,0.08,0.12,0.04,1.57,323,0,0,8.1,28.6,2026-04-18T19:00:00Z,90,7,0,0,0,0,33,0,5515014,1,1,0,3.0,6,-94747,79074,173821,103,False,0,2025-26,33,10.3,0.0,,,,,,,,0.0,3.0,2.0,1.0,MID,bruno borges fernandes,3,90.0,90.0,9.0,9.6,0.9839999999999998,0.43,0.5540000000000002,0.0,0.0,90.0,1.0,11.32,7.21,7.919999999999999,7.4,1,1,0
David Raya Martín,GK,Arsenal,0.0,0,0,8,0,0.0,1,0.0,0.0,0.0,1.36,327,2,0,2.1,21.0,2026-04-19T15:30:00Z,90,13,0,0,0,0,33,2,4135968,1,1,2,0.0,1,-121948,28089,150037,60,False,0,2025-26,33,6.0,0.0,,,,,,,,2.0,0.0,8.0,0.0,GK,david raya martín,3,90.0,90.0,5.0,4.2,0.0019999999999996,0.0,0.002,0.4,2.8,90.0,1.0,6.4,4.199999999999999,4.609999999999998,5.08,1,0,0
Dominic Calvert-Lewin,FWD,Leeds,0.0,0,0,5,0,4.9,691,0.01,0.01,0.0,1.45,332,2,0,1.9,10.0,2026-04-22T19:00:00Z,90,4,0,0,0,0,33,0,1962051,1,2,2,4.0,2,414031,442097,28066,56,False,0,2025-26,33,5.6,0.0,,,,,,,,6.0,7.0,1.0,0.0,FWD,dominic calvert-lewin,3,90.0,90.0,3.333333333333333,2.4,0.7159999999999997,0.712,0.0040000000000001,0.6,0.0,90.0,1.0,4.906666666666666,3.92,6.579999999999998,6.12,1,0,0
Igor Thiago Nascimento Rodrigues,FWD,Brentford,0.0,0,0,7,1,7.7,136,0.01,0.19,0.18,0.77,322,0,0,3.0,7.2,2026-04-18T11:30:00Z,90,10,0,0,0,0,33,0,4103681,1,0,0,15.0,2,-38872,199720,238592,73,True,0,2025-26,33,7.3,0.0,,,,,,,,3.0,9.0,3.0,3.0,FWD,igor thiago nascimento rodrigues,3,90.0,90.0,7.666666666666667,6.2,0.8119999999999992,0.7779999999999997,0.0340000000000001,0.4,0.0,90.0,1.0,9.053333333333336,5.109999999999999,7.059999999999996,6.72,1,0,0
Jack Hinshelwood,MID,Brighton,0.0,0,0,4,0,7.8,163,0.02,0.06,0.04,0.97,330,1,0,1.3,0.0,2026-04-18T16:30:00Z,74,18,0,0,0,0,33,0,78051,1,2,2,8.0,2,6232,8689,2457,51,False,0,2025-26,33,5.1,0.0,,,,,,,,0.0,2.0,2.0,0.0,MID,jack hinshelwood,3,81.0,80.2,3.6666666666666665,3.6,0.6239999999999992,0.3439999999999996,0.2800000000000001,0.4,0.0,80.68,1.0,4.973333333333334,3.5699999999999994,6.119999999999996,5.4,0,0,0
James Justin,DEF,Leeds,0.0,0,0,5,0,2.5,706,0.0,0.0,0.0,1.45,332,2,0,2.5,22.4,2026-04-22T19:00:00Z,90,4,0,0,0,0,33,0,188043,1,2,2,0.0,3,16655,20480,3825,39,False,0,2025-26,33,3.9,0.0,,,,,,,,7.0,10.0,2.0,3.0,DEF,james justin,3,90.0,86.6,7.666666666666667,6.2,0.1919999999999991,0.1379999999999997,0.054,0.6,0.0,88.64,1.0,7.693333333333333,2.73,6.359999999999996,5.79,1,0,0
Jordan Pickford,GK,Everton,0.0,0,0,8,0,10.0,287,0.0,0.0,0.0,1.45,325,2,0,3.8,28.0,2026-04-19T13:00:00Z,90,12,0,0,0,0,33,3,1664297,1,2,1,0.0,1,-41287,24074,65361,56,True,1,2025-26,33,5.6,0.0,,,,,,,,2.0,0.0,10.0,0.0,GK,jordan pickford,3,90.0,90.0,3.0,3.4,0.0019999999999993,0.0,0.0020000000000001,0.4,3.2,90.0,1.0,4.640000000000001,3.92,4.609999999999997,5.04,0,0,0
João Pedro Junqueira de Jesus,FWD,Chelsea,0.0,0,0,0,0,0.0,249,0.0,0.0,0.0,0.0,323,0,0,0.0,0.0,2026-04-18T19:00:00Z,0,14,0,0,0,0,33,0,6876672,0,1,0,0.0,0,192758,297554,104796,77,True,0,2025-26,33,7.7,0.0,,,,,,,,0.0,0.0,0.0,0.0,FWD,joão pedro junqueira de jesus,3,82.66666666666667,84.4,2.0,5.4,0.7739999999999994,0.7379999999999998,0.0360000000000001,0.0,0.0,83.36000000000001,1.0,4.68,5.39,6.8699999999999966,6.19,1,0,0
Marc Guéhi,DEF,Man City,0.0,0,0,12,0,5.5,260,0.02,0.05,0.03,1.62,327,1,0,4.4,21.6,2026-04-19T15:30:00Z,90,1,0,0,0,0,33,0,4568833,1,1,2,17.0,1,196102,258094,61992,51,True,1,2025-26,33,5.1,0.0,,,,,,,,6.0,7.0,5.0,1.0,DEF,marc guéhi,3,90.0,90.0,6.0,5.2,0.2919999999999991,0.2319999999999999,0.06,0.4,0.0,90.0,1.0,6.840000000000001,3.5699999999999994,6.059999999999995,5.55,1,0,0
Marc Guéhi,DEF,Man City,0.0,0,1,29,1,18.3,260,0.07,0.07,0.0,0.61,334,0,0,4.0,19.4,2026-04-22T19:00:00Z,90,3,0,0,0,0,33,0,4568833,1,1,0,2.0,7,196102,258094,61992,51,False,0,2025-26,33,5.1,0.0,,,,,,,,8.0,8.0,1.0,0.0,DEF,marc guéhi,3,90.0,90.0,6.0,5.0,0.265999999999999,0.2379999999999999,0.028,0.4,0.0,90.0,1.0,6.840000000000001,3.5699999999999994,5.929999999999996,5.46,1,0,0
Marcus Tavernier,MID,Bournemouth,0.0,0,1,26,0,42.3,84,0.48,1.66,1.18,1.01,328,1,1,14.3,46.0,2026-04-18T14:00:00Z,88,15,0,0,0,0,33,0,1033677,1,2,1,55.0,7,200661,212043,11382,54,False,1,2025-26,33,5.4,0.0,,,,,,,,2.0,9.0,7.0,0.0,MID,marcus tavernier,3,90.0,88.0,2.333333333333333,3.2,0.5799999999999992,0.4199999999999999,0.1600000000000001,0.4,0.0,89.2,1.0,4.026666666666667,3.78,5.899999999999996,5.75,1,0,1
Marcus Tavernier,MID,Bournemouth,0.0,0,0,15,0,30.5,84,0.11,0.17,0.06,0.47,332,1,0,5.0,8.0,2026-04-22T19:00:00Z,90,11,0,0,0,0,33,0,1033677,1,2,2,11.0,2,200661,212043,11382,54,True,0,2025-26,33,5.4,0.0,,,,,,,,0.0,7.0,6.0,1.0,MID,marcus tavernier,3,89.33333333333333,89.6,3.6666666666666665,3.2,0.8179999999999993,0.6039999999999999,0.2140000000000001,0.4,0.0,89.44,1.0,5.093333333333334,3.78,7.089999999999996,7.22,1,0,1
Nico O'Reilly,DEF,Man City,0.0,0,0,23,1,2.3,411,0.01,0.81,0.8,0.61,334,0,0,9.1,24.0,2026-04-22T19:00:00Z,90,3,0,0,0,0,33,0,2011941,1,1,0,65.0,6,252403,314769,62366,51,False,0,2025-26,33,5.1,0.0,,,,,,,,6.0,6.0,5.0,0.0,DEF,nico o'reilly,3,81.0,62.4,7.666666666666667,5.8,0.4399999999999989,0.2919999999999999,0.1479999999999999,0.4,0.0,73.56,0.9195,8.173333333333334,3.2826149999999994,6.799999999999995,5.86,1,0,0
Pascal Struijk,DEF,Leeds,0.0,0,0,11,0,0.2,343,0.0,0.0,0.0,1.45,332,2,0,4.3,42.8,2026-04-22T19:00:00Z,90,4,0,0,0,0,33,0,632521,1,2,2,0.0,3,159751,166067,6316,43,False,0,2025-26,33,4.3,0.0,,,,,,,,16.0,19.0,3.0,3.0,DEF,pascal struijk,3,87.33333333333333,88.4,4.666666666666667,4.8,0.1499999999999988,0.1019999999999998,0.0479999999999999,0.6,0.0,87.76,1.0,5.453333333333334,3.01,6.149999999999994,5.48,0,0,0
Axel Disasi,DEF,West Ham,0.0,0,0,11,0,1.4,815,0.0,0.0,0.0,1.45,339,1,0,3.2,28.6,2026-04-25T14:00:00Z,90,9,0,0,0,0,34,0,45734,1,1,2,2.0,3,13116,14251,1135,45,True,1,2025-26,34,4.5,0.0,,,,,,,,9.0,11.0,3.0,2.0,DEF,axel disasi,3,90.0,90.0,5.333333333333333,4.8,0.0819999999999997,0.082,0.0,0.6,0.0,90.0,1.0,6.066666666666666,3.15,5.809999999999999,5.15,1,0,0
Bruno Borges Fernandes,MID,Man Utd,0.0,1,0,29,0,67.5,449,0.61,0.61,0.0,1.43,337,1,0,10.4,32.8,2026-04-27T19:00:00Z,90,5,0,0,0,0,34,0,6274556,1,1,2,4.0,5,217225,228493,11268,103,True,0,2025-26,34,10.3,0.0,,,,,,,,1.0,9.0,7.0,1.0,MID,bruno borges fernandes,3,90.0,90.0,7.666666666666667,8.2,0.7539999999999997,0.2659999999999999,0.4880000000000002,0.2,0.0,90.0,1.0,10.253333333333334,7.21,6.769999999999998,6.01,1,0,1
Cody Gakpo,MID,Liverpool,0.0,0,0,4,0,2.8,384,0.02,0.02,0.0,2.26,336,1,0,1.5,0.0,2026-04-25T14:00:00Z,90,8,0,0,0,0,34,0,863721,1,1,3,12.0,2,36304,44203,7899,73,True,0,2025-26,34,7.3,0.0,,,,,,,,0.0,1.0,1.0,0.0,MID,cody gakpo,3,87.66666666666667,81.8,4.333333333333333,3.8,0.3739999999999995,0.2900000000000001,0.0840000000000001,0.6,0.0,85.32,1.0,6.386666666666667,5.109999999999999,4.869999999999997,4.65,0,0,0
Dominic Solanke-Mitchell,FWD,Spurs,0.0,0,0,9,0,3.6,596,0.09,0.09,0.0,0.13,340,0,0,2.3,11.6,2026-04-25T14:00:00Z,39,20,0,0,0,0,34,0,577368,1,1,0,8.0,1,124329,130041,5712,72,False,0,2025-26,34,7.2,0.0,,,,,,,,2.0,8.0,3.0,3.0,FWD,dominic solanke-mitchell,3,90.0,86.6,2.0,3.0,0.3599999999999996,0.3499999999999999,0.0120000000000001,0.0,0.0,88.64,1.0,4.48,5.04,4.799999999999998,4.18,0,0,0
Gabriel dos Santos Magalhães,DEF,Arsenal,0.0,0,2,29,1,14.5,5,0.01,0.01,0.0,1.0,331,0,0,4.4,27.2,2026-04-25T16:30:00Z,90,15,0,0,0,0,34,0,5933365,1,0,1,2.0,8,146121,182766,36645,71,True,0,2025-26,34,7.1,0.0,,,,,,,,8.0,9.0,2.0,1.0,DEF,gabriel dos santos magalhães,3,90.0,90.0,4.333333333333333,6.6,0.1619999999999994,0.0319999999999996,0.1300000000000002,0.4,0.0,90.0,1.0,6.306666666666667,4.97,5.4099999999999975,4.85,1,0,0
Habib Diarra,MID,Sunderland,0.0,0,0,6,0,2.5,544,0.03,0.03,0.0,0.94,338,4,0,0.6,1.4,2026-04-24T19:00:00Z,64,16,0,0,0,0,34,0,21766,1,5,0,2.0,1,4797,5655,858,53,True,1,2025-26,34,5.3,0.0,,,,,,,,0.0,6.0,5.0,1.0,MID,habib diarra,3,88.0,88.8,4.333333333333333,4.4,0.3919999999999994,0.3499999999999997,0.0420000000000002,0.4,0.0,88.32,1.0,5.586666666666667,3.71,4.959999999999997,4.76,1,0,0
Igor Thiago Nascimento Rodrigues,FWD,Brentford,0.0,0,0,-2,0,24.8,136,0.03,0.03,0.0,1.27,337,2,0,4.2,7.2,2026-04-27T19:00:00Z,90,14,0,0,0,0,34,0,4660864,1,1,2,10.0,1,130811,231110,100299,74,False,1,2025-26,34,7.4,0.0,,,,,,,,1.0,4.0,2.0,1.0,FWD,igor thiago nascimento rodrigues,3,90.0,90.0,6.333333333333333,5.4,0.7279999999999993,0.6979999999999997,0.0300000000000001,0.6,0.0,90.0,1.0,8.026666666666667,5.18,6.639999999999997,6.26,1,1,0
Jordan Pickford,GK,Everton,0.0,0,0,3,0,0.1,287,0.01,0.01,0.0,1.17,339,2,0,1.3,12.4,2026-04-25T14:00:00Z,90,19,0,0,0,0,34,1,1852567,1,1,2,0.0,1,48322,73603,25281,56,False,0,2025-26,34,5.6,0.0,,,,,,,,0.0,0.0,6.0,0.0,GK,jordan pickford,3,90.0,90.0,2.6666666666666665,3.2,0.0,0.0,0.0,0.4,3.0,90.0,1.0,4.373333333333333,3.92,4.6,4.97,0,0,0
Kiernan Dewsbury-Hall,MID,Everton,0.0,0,1,29,0,17.4,242,0.06,0.16,0.1,1.17,339,2,1,7.8,41.4,2026-04-25T14:00:00Z,90,19,0,0,0,0,34,0,906551,1,1,2,19.0,8,156209,169479,13270,51,False,0,2025-26,34,5.1,0.0,,,,,,,,2.0,10.0,7.0,1.0,MID,kiernan dewsbury-hall,3,89.33333333333333,89.6,6.0,5.8,0.4059999999999993,0.2559999999999998,0.15,0.4,0.0,89.44,1.0,6.840000000000001,3.5699999999999994,5.029999999999997,4.61,0,0,0
Konstantinos Mavropanos,DEF,West Ham,0.0,0,0,12,0,0.6,606,0.0,0.04,0.04,1.45,339,1,0,3.2,26.6,2026-04-25T14:00:00Z,90,9,0,0,0,0,34,0,667208,1,1,2,5.0,4,185859,191761,5902,45,True,0,2025-26,34,4.5,0.0,,,,,,,,11.0,11.0,3.0,0.0,DEF,konstantinos mavropanos,3,90.0,72.2,10.0,8.6,0.2439999999999993,0.2019999999999998,0.042,0.4,0.0,82.88,1.0,9.8,3.15,5.819999999999997,5.1,1,0,0
Mads Hermansen,GK,West Ham,0.0,0,0,7,0,0.0,679,0.0,0.0,0.0,1.45,339,1,0,0.8,8.2,2026-04-25T14:00:00Z,90,9,0,0,0,0,34,1,276102,1,1,2,0.0,2,47101,50001,2900,42,True,0,2025-26,34,4.2,0.0,,,,,,,,1.0,0.0,9.0,0.0,GK,mads hermansen,3,90.0,90.0,5.0,5.4,0.0,0.0,0.0,0.6,3.8,90.0,1.0,5.68,2.94,5.4,5.78,1,0,0
Michael Kayode,DEF,Brentford,0.0,0,0,3,0,1.9,110,0.02,0.58,0.56,1.27,337,2,0,3.2,11.2,2026-04-27T19:00:00Z,90,14,0,0,0,0,34,0,154424,1,1,2,19.0,1,7652,15347,7695,46,False,0,2025-26,34,4.6,0.0,,,,,,,,3.0,4.0,6.0,1.0,DEF,michael kayode,3,90.0,90.0,6.0,6.4,0.1359999999999991,0.0899999999999999,0.046,0.6,0.0,90.0,1.0,6.640000000000001,3.22,6.079999999999996,5.41,1,0,0
Morgan Gibbs-White,MID,Nott'm Forest,0.0,1,2,43,1,19.5,515,0.1,0.18,0.08,0.7,338,0,1,9.9,58.8,2026-04-24T19:00:00Z,90,17,0,0,0,0,34,0,1695692,1,5,0,21.0,13,541122,556935,15813,75,False,0,2025-26,34,7.5,0.0,,,,,,,,2.0,9.0,6.0,1.0,MID,morgan gibbs-white,3,87.0,84.6,10.0,8.2,0.5079999999999989,0.4899999999999999,0.018,0.4,0.0,86.03999999999999,1.0,11.0,5.25,5.539999999999995,5.8,1,0,0
Nathan Collins,DEF,Brentford,0.0,0,0,4,0,1.4,106,0.05,0.05,0.0,1.27,337,2,0,2.1,17.8,2026-04-27T19:00:00Z,90,14,0,0,0,0,34,0,352518,1,1,2,2.0,2,-1884,11496,13380,49,False,1,2025-26,34,4.9,0.0,,,,,,,,9.0,10.0,3.0,1.0,DEF,nathan collins,3,90.0,90.0,5.0,4.2,0.1499999999999989,0.1119999999999999,0.0379999999999999,0.6,0.0,90.0,1.0,5.96,3.43,6.149999999999995,5.54,1,0,0
Ollie Watkins,FWD,Aston Villa,0.0,0,0,5,0,10.9,64,0.02,0.41,0.39,1.01,335,1,0,3.2,4.2,2026-04-25T11:30:00Z,79,10,0,0,0,0,34,0,2823238,1,0,1,17.0,2,983064,994611,11547,87,False,0,2025-26,34,8.7,0.0,,,,,,,,1.0,2.0,1.0,0.0,FWD,ollie watkins,3,83.66666666666667,76.0,9.0,5.6,0.4799999999999988,0.4579999999999998,0.0219999999999999,0.2,0.0,80.60000000000001,1.0,10.68,6.089999999999999,5.399999999999994,4.7,1,0,0
Bernd Leno,GK,Fulham,0.0,0,0,12,0,0.0,314,0.0,0.0,0.0,3.23,341,3,0,4.5,44.6,2026-05-02T16:30:00Z,90,1,0,0,0,0,35,6,252589,1,0,3,0.0,3,2276,13737,11461,49,False,0,2025-26,35,4.9,0.0,,,,,,,,1.0,0.0,6.0,0.0,GK,bernd leno,3,90.0,90.0,6.333333333333333,5.8,0.0,0.0,0.0,0.6,2.8,90.0,1.0,7.026666666666666,3.43,5.4,5.62,0,0,0
Bruno Borges Fernandes,MID,Man Utd,0.0,1,1,30,0,71.3,449,0.91,1.02,0.11,0.89,348,2,0,11.7,16.4,2026-05-03T14:30:00Z,90,12,0,0,0,0,35,0,6171553,1,2,3,29.0,5,59745,107237,47492,104,True,1,2025-26,35,10.4,0.0,,,,,,,,3.0,8.0,5.0,0.0,MID,bruno borges fernandes,3,90.0,90.0,5.0,7.6,0.6199999999999998,0.2599999999999999,0.3600000000000002,0.2,0.0,90.0,1.0,8.16,7.279999999999999,6.099999999999999,5.43,0,0,0
David Raya Martín,GK,Arsenal,0.0,0,0,22,1,0.1,1,0.0,0.0,0.0,0.37,341,0,0,1.2,11.8,2026-05-02T16:30:00Z,90,10,0,0,0,0,35,1,4569133,1,0,3,0.0,6,138356,182009,43653,60,True,0,2025-26,35,6.0,0.0,,,,,,,,1.0,0.0,4.0,0.0,GK,david raya martín,3,90.0,90.0,4.0,5.2,0.0,0.0,0.0,0.6,2.2,90.0,1.0,5.6000000000000005,4.199999999999999,5.4,5.9,1,0,0
Dominic Calvert-Lewin,FWD,Leeds,0.0,0,1,27,0,2.2,691,0.01,0.46,0.45,0.35,347,1,1,6.8,28.6,2026-05-01T19:00:00Z,90,3,0,0,0,0,35,0,1741903,1,1,3,37.0,6,290330,330380,40050,57,True,1,2025-26,35,5.7,0.0,,,,,,,,0.0,2.0,2.0,0.0,FWD,dominic calvert-lewin,3,90.0,90.0,3.333333333333333,2.4,0.7019999999999997,0.696,0.0060000000000001,0.6,0.0,90.0,1.0,4.946666666666667,3.99,6.509999999999999,6.04,1,0,0
Erling Haaland,FWD,Man City,0.0,0,1,32,0,1.3,430,0.01,0.54,0.53,2.77,346,3,1,6.4,33.4,2026-05-04T19:00:00Z,90,9,0,0,0,0,35,0,8022714,1,3,3,29.0,7,415753,428544,12791,146,False,0,2025-26,35,14.6,0.0,,,,,,,,0.0,0.0,0.0,0.0,FWD,erling haaland,3,90.0,90.0,5.0,3.8,0.6099999999999997,0.5719999999999998,0.0380000000000001,0.4,0.0,90.0,1.0,9.84,10.22,6.049999999999998,6.44,1,1,0
Gabriel dos Santos Magalhães,DEF,Arsenal,0.0,0,0,27,1,2.1,5,0.02,0.66,0.64,0.37,341,0,0,7.8,23.6,2026-05-02T16:30:00Z,90,10,0,0,0,0,35,0,5826245,1,0,3,52.0,6,184429,207490,23061,72,True,0,2025-26,35,7.2,0.0,,,,,,,,7.0,8.0,3.0,1.0,DEF,gabriel dos santos magalhães,3,90.0,90.0,4.0,6.4,0.0439999999999994,0.0259999999999996,0.0180000000000002,0.6,0.0,90.0,1.0,6.08,5.04,5.619999999999997,5.69,1,0,0
Igor Thiago Nascimento Rodrigues,FWD,Brentford,0.0,0,0,21,1,1.3,136,0.01,1.13,1.12,0.92,344,0,1,8.7,44.4,2026-05-02T14:00:00Z,90,19,0,0,0,0,35,0,4595380,1,0,3,41.0,6,-30603,140054,170657,74,True,0,2025-26,35,7.4,0.0,,,,,,,,3.0,4.0,0.0,1.0,FWD,igor thiago nascimento rodrigues,3,90.0,90.0,5.333333333333333,5.2,0.7259999999999993,0.6979999999999997,0.028,0.4,0.0,90.0,1.0,7.226666666666667,5.18,6.629999999999996,6.26,1,0,0
Jack Hinshelwood,MID,Brighton,0.0,0,0,22,0,1.4,163,0.02,0.68,0.66,2.11,349,2,1,9.9,38.4,2026-05-02T14:00:00Z,87,15,0,0,0,0,35,0,67651,1,1,3,59.0,7,11589,17362,5773,51,False,0,2025-26,35,5.1,0.0,,,,,,,,1.0,4.0,3.0,0.0,MID,jack hinshelwood,3,79.33333333333333,81.4,4.333333333333333,4.2,0.7479999999999992,0.4839999999999996,0.2640000000000001,0.6,0.0,80.16,1.0,5.506666666666667,3.5699999999999994,6.739999999999997,6.37,1,0,0
James Justin,DEF,Leeds,0.0,0,0,12,0,1.8,706,0.03,0.05,0.02,0.57,347,1,0,3.0,14.8,2026-05-01T19:00:00Z,90,3,0,0,0,0,35,0,280031,1,1,3,13.0,2,97590,108024,10434,39,True,0,2025-26,35,3.9,0.0,,,,,,,,2.0,6.0,5.0,4.0,DEF,james justin,3,90.0,90.0,6.666666666666667,6.4,0.1899999999999991,0.1379999999999997,0.052,0.6,0.0,90.0,1.0,6.893333333333334,2.73,6.349999999999996,5.8,1,0,0
Marcus Tavernier,MID,Bournemouth,0.0,0,0,12,1,9.4,84,0.03,0.17,0.14,0.35,343,0,0,3.6,6.0,2026-05-03T13:00:00Z,85,8,0,0,0,0,35,0,685103,1,0,3,21.0,3,20707,57058,36351,54,True,0,2025-26,35,5.4,0.0,,,,,,,,0.0,6.0,6.0,0.0,MID,marcus tavernier,3,89.33333333333333,89.6,3.6666666666666665,3.2,0.5579999999999992,0.3419999999999999,0.216,0.2,0.0,89.44,1.0,5.093333333333334,3.78,5.789999999999996,5.28,0,0,0
Morgan Gibbs-White,MID,Nott'm Forest,0.0,1,0,14,0,10.8,515,0.55,0.55,0.0,0.05,345,0,0,3.3,17.8,2026-05-04T14:00:00Z,20,7,0,0,0,0,35,0,1639785,0,3,1,4.0,4,399915,448299,48384,76,False,0,2025-26,35,7.6,0.0,,,,,,,,1.0,1.0,0.0,0.0,MID,morgan gibbs-white,3,87.0,84.8,11.666666666666666,9.2,0.3979999999999989,0.3639999999999999,0.034,0.6,0.0,86.12,1.0,12.373333333333337,5.319999999999999,4.989999999999995,5.19,0,0,0
Neco Williams,DEF,Nott'm Forest,0.0,0,0,2,0,1.1,508,0.0,0.0,0.0,1.81,345,1,0,1.5,13.8,2026-05-04T14:00:00Z,45,7,0,0,0,0,35,0,587318,0,3,1,0.0,1,-9150,13559,22709,48,False,0,2025-26,35,4.8,0.0,,,,,,,,3.0,7.0,1.0,4.0,DEF,neco williams,3,90.0,90.0,6.0,7.6,0.2619999999999989,0.0719999999999999,0.1899999999999999,0.6,0.0,90.0,1.0,6.720000000000001,3.36,6.709999999999994,5.87,1,0,0
Nico O'Reilly,DEF,Man City,0.0,0,0,0,0,14.9,411,0.2,0.44,0.24,2.77,346,3,0,5.4,10.2,2026-05-04T19:00:00Z,90,9,0,0,0,0,35,0,2327715,1,3,3,29.0,1,414571,423680,9109,52,False,0,2025-26,35,5.2,0.0,,,,,,,,3.0,4.0,2.0,1.0,DEF,nico o'reilly,3,81.0,66.6,9.0,5.8,0.5159999999999989,0.3699999999999999,0.1459999999999999,0.4,0.0,75.24000000000001,0.9405,9.28,3.42342,7.179999999999994,6.42,1,0,1
Rayan Cherki,MID,Man City,0.0,1,0,21,0,40.2,417,0.23,0.49,0.26,2.77,346,3,0,9.4,24.6,2026-05-04T19:00:00Z,90,9,0,0,0,0,35,0,2008733,1,3,3,29.0,5,651888,661817,9929,65,False,0,2025-26,35,6.5,0.0,,,,,,,,0.0,3.0,2.0,1.0,MID,rayan cherki,3,83.0,72.0,7.666666666666667,5.8,0.703999999999999,0.3119999999999999,0.3919999999999999,0.4,0.0,78.6,0.9825,8.733333333333334,4.470375,6.519999999999994,5.54,1,0,0
Talla Ndiaye,DEF,Liverpool,0.0,0,0,0,0,0.0,832,0.0,0.0,0.0,0.0,348,0,0,0.0,0.0,2026-05-03T14:30:00Z,0,14,0,0,0,0,35,0,0,0,2,3,0.0,0,0,0,0,40,False,0,2025-26,35,4.0,0.0,,,,,,,,0.0,0.0,0.0,0.0,DEF,talla ndiaye,3,90.0,85.25,6.0,4.75,0.2299999999999988,0.195,0.0349999999999999,0.75,0.0,88.1,1.0,6.4,2.8,7.149999999999994,6.14,1,0,0
Bruno Borges Fernandes,MID,Man Utd,0.0,0,0,12,1,56.5,449,0.13,0.17,0.04,1.25,358,0,0,7.7,11.4,2026-05-09T14:00:00Z,90,17,0,0,0,0,36,0,6213324,1,0,0,9.0,3,37749,106989,69240,104,False,0,2025-26,36,10.4,0.0,,,,,,,,2.0,8.0,6.0,0.0,MID,bruno borges fernandes,3,90.0,90.0,5.333333333333333,6.6,0.7339999999999997,0.2659999999999999,0.4680000000000001,0.2,0.0,90.0,1.0,8.426666666666666,7.279999999999999,6.669999999999998,5.92,1,0,0
Caoimhín Kelleher,GK,Brentford,0.0,0,0,19,0,0.0,101,0.0,0.0,0.0,2.98,356,3,0,5.9,59.4,2026-05-09T16:30:00Z,90,13,0,0,0,0,36,7,1577821,1,0,3,0.0,3,-61596,17689,79285,48,False,0,2025-26,36,4.8,0.0,,,,,,,,2.0,0.0,11.0,0.0,GK,caoimhín kelleher,3,90.0,90.0,5.333333333333333,5.4,0.0,0.0,0.0,0.6,3.0,90.0,1.0,6.1866666666666665,3.36,5.4,5.64,0,0,0
David Raya Martín,GK,Arsenal,0.0,0,2,29,1,0.0,1,0.0,0.0,0.0,1.15,360,0,0,2.3,23.2,2026-05-10T15:30:00Z,90,19,0,0,0,0,36,3,4628597,1,1,0,0.0,9,61638,106155,44517,61,False,0,2025-26,36,6.1,0.0,,,,,,,,3.0,0.0,5.0,0.0,GK,david raya martín,3,90.0,90.0,5.666666666666667,5.0,0.0,0.0,0.0,0.6,2.0,90.0,1.0,6.973333333333335,4.27,5.4,5.88,1,0,0
Dominic Calvert-Lewin,FWD,Leeds,0.0,0,1,17,0,15.2,691,0.01,0.83,0.82,1.27,359,1,1,6.8,33.0,2026-05-11T19:00:00Z,90,18,0,0,0,0,36,0,1671749,1,1,1,20.0,7,-58791,74313,133104,58,False,0,2025-26,36,5.8,0.0,,,,,,,,2.0,4.0,2.0,0.0,FWD,dominic calvert-lewin,3,90.0,90.0,4.666666666666667,3.6,0.6059999999999998,0.5980000000000001,0.0080000000000001,0.4,0.0,90.0,1.0,6.053333333333334,4.06,6.029999999999999,5.48,1,0,0
Erling Haaland,FWD,Man City,0.0,0,0,0,0,0.0,430,0.0,0.0,0.0,0.0,307,0,0,0.0,0.0,2026-05-13T19:00:00Z,0,8,0,0,0,0,36,0,8441708,0,0,3,0.0,0,394067,402161,8094,147,True,0,2025-26,36,14.7,0.0,,,,,,,,0.0,0.0,0.0,0.0,FWD,erling haaland,3,90.0,90.0,8.333333333333334,6.6,0.8839999999999997,0.8419999999999999,0.0420000000000001,0.6,0.0,90.0,1.0,12.546666666666669,10.29,7.419999999999998,8.02,1,1,0
Gabriel dos Santos Magalhães,DEF,Arsenal,0.0,0,3,32,1,1.2,5,0.01,0.31,0.3,1.15,360,0,0,4.8,30.6,2026-05-10T15:30:00Z,90,19,0,0,0,0,36,0,5900073,1,1,0,16.0,11,73102,116094,42992,72,False,0,2025-26,36,7.2,0.0,,,,,,,,11.0,12.0,3.0,1.0,DEF,gabriel dos santos magalhães,3,90.0,90.0,4.666666666666667,5.4,0.1759999999999995,0.1539999999999996,0.0220000000000002,0.6,0.0,90.0,1.0,6.613333333333334,5.04,6.279999999999998,6.05,1,0,0
Jack Hinshelwood,MID,Brighton,0.0,0,0,31,1,1.8,163,0.03,0.27,0.24,0.39,351,0,1,6.2,34.0,2026-05-09T14:00:00Z,87,20,0,0,0,0,36,0,132491,1,0,3,26.0,8,60889,63001,2112,51,True,0,2025-26,36,5.1,0.0,,,,,,,,1.0,1.0,0.0,0.0,MID,jack hinshelwood,3,83.66666666666667,81.4,5.666666666666667,5.0,0.6779999999999993,0.4439999999999996,0.234,0.4,0.0,82.76,1.0,6.573333333333334,3.5699999999999994,6.389999999999996,5.93,1,0,0
Junior Kroupi,FWD,Bournemouth,0.0,0,0,-1,1,1.5,100,0.0,0.05,0.05,0.99,354,0,0,0.0,0.0,2026-05-09T14:00:00Z,78,10,0,0,0,0,36,0,837166,1,1,0,1.0,2,84019,104328,20309,46,False,0,2025-26,36,4.6,0.0,,,,,,,,1.0,2.0,1.0,0.0,FWD,junior kroupi,3,68.66666666666667,61.4,5.333333333333333,5.4,0.6259999999999992,0.5639999999999997,0.062,0.4,0.0,65.76,0.8220000000000001,6.1066666666666665,2.64684,6.129999999999996,4.43,0,0,0
Keane Lewis-Potter,DEF,Brentford,0.0,0,0,2,0,5.1,107,0.01,0.01,0.0,2.98,356,3,0,1.8,10.4,2026-05-09T16:30:00Z,90,13,0,0,0,0,36,0,195595,1,0,3,2.0,1,-5368,6440,11808,48,False,0,2025-26,36,4.8,0.0,,,,,,,,1.0,3.0,5.0,2.0,DEF,keane lewis-potter,3,90.0,90.0,6.0,5.0,0.3639999999999993,0.1579999999999997,0.206,0.6,0.0,90.0,1.0,6.720000000000001,3.36,7.219999999999997,6.61,1,0,0
Marcus Tavernier,MID,Bournemouth,0.0,0,0,11,1,28.4,84,0.06,0.28,0.22,0.99,354,0,0,7.1,16.0,2026-05-09T14:00:00Z,77,10,0,0,0,0,36,0,643618,1,1,0,27.0,2,-38340,18550,56890,54,False,1,2025-26,36,5.4,0.0,,,,,,,,3.0,7.0,3.0,1.0,MID,marcus tavernier,3,87.66666666666667,88.6,4.0,3.2,0.4759999999999992,0.3299999999999999,0.146,0.2,0.0,88.03999999999999,1.0,5.36,3.78,5.379999999999996,4.86,1,0,0
Michael Kayode,DEF,Brentford,0.0,0,0,0,0,13.5,110,0.02,0.02,0.0,2.98,356,3,0,2.9,15.2,2026-05-09T16:30:00Z,90,13,0,0,0,0,36,0,138922,1,0,3,0.0,1,-11221,2739,13960,46,False,0,2025-26,36,4.6,0.0,,,,,,,,3.0,6.0,2.0,3.0,DEF,michael kayode,3,90.0,90.0,4.666666666666667,4.8,0.1699999999999991,0.1299999999999999,0.04,0.6,0.0,90.0,1.0,5.573333333333334,3.22,6.249999999999996,5.69,1,0,0
Morgan Gibbs-White,MID,Nott'm Forest,0.0,0,0,0,0,0.0,515,0.0,0.0,0.0,0.0,357,0,0,0.0,0.0,2026-05-10T13:00:00Z,0,15,0,0,0,0,36,0,1186213,0,1,1,0.0,0,-428034,61818,489852,76,True,0,2025-26,36,7.6,0.0,,,,,,,,0.0,0.0,0.0,0.0,MID,morgan gibbs-white,3,66.0,74.2,12.333333333333334,9.4,0.4919999999999989,0.3499999999999999,0.142,0.4,0.0,69.28,0.866,12.906666666666666,4.607119999999999,5.459999999999995,4.54,0,0,0
Morgan Rogers,MID,Aston Villa,0.0,0,0,6,0,15.8,47,0.03,0.17,0.14,1.79,352,2,0,3.6,4.2,2026-05-10T13:00:00Z,90,3,0,0,0,0,36,0,3127143,1,2,2,16.0,2,-139075,66888,205963,75,False,0,2025-26,36,7.5,0.0,,,,,,,,0.0,5.0,3.0,2.0,MID,morgan rogers,3,90.0,84.6,4.0,4.6,0.4019999999999989,0.2639999999999999,0.138,0.2,0.0,87.84,1.0,6.2,5.25,5.0099999999999945,4.47,0,0,0
Nico O'Reilly,DEF,Man City,0.0,0,0,19,1,13.8,411,0.02,0.02,0.0,0.24,356,0,0,3.3,7.4,2026-05-09T16:30:00Z,90,5,0,0,0,0,36,0,2616252,1,0,3,12.0,5,277968,304055,26087,53,True,1,2025-26,36,5.3,0.0,,,,,,,,2.0,3.0,7.0,1.0,DEF,nico o'reilly,3,90.0,84.6,4.666666666666667,6.0,0.603999999999999,0.4179999999999998,0.1859999999999999,0.4,0.0,87.84,1.0,5.8533333333333335,3.71,7.619999999999996,7.43,1,0,1
Nico O'Reilly,DEF,Man City,0.0,0,0,0,0,0.0,411,0.0,0.0,0.0,0.0,307,0,0,0.0,0.0,2026-05-13T19:00:00Z,0,8,0,0,0,0,36,0,2616252,0,0,3,0.0,0,277968,304055,26087,53,True,0,2025-26,36,5.3,0.0,,,,,,,,0.0,0.0,0.0,0.0,DEF,nico o'reilly,3,90.0,84.6,4.0,6.6,0.475999999999999,0.2939999999999999,0.1819999999999999,0.6,0.0,87.84,1.0,5.32,3.71,7.779999999999996,7.49,1,0,1
Adrien Truffert,DEF,Bournemouth,0.0,1,0,17,0,27.8,74,0.19,0.19,0.0,1.67,363,1,0,6.7,33.2,2026-05-19T18:30:00Z,90,13,0,0,0,0,37,0,608214,1,1,1,6.0,4,2948,33119,30171,47,True,1,2025-26,37,4.7,0.0,,,,,,,,2.0,6.0,3.0,4.0,DEF,adrien truffert,3,90.0,90.0,6.333333333333333,6.6,0.2499999999999998,0.184,0.066,0.4,0.0,90.0,1.0,6.946666666666666,3.29,5.85,5.2,1,0,0
Bruno Borges Fernandes,MID,Man Utd,0.0,2,1,42,0,106.8,449,0.88,1.07,0.19,1.88,368,2,0,17.8,37.0,2026-05-17T11:30:00Z,90,16,0,0,0,0,37,0,6246045,1,2,3,34.0,9,24021,66843,42822,104,True,0,2025-26,37,10.4,0.0,,,,,,,,0.0,2.0,0.0,2.0,MID,bruno borges fernandes,3,90.0,90.0,4.333333333333333,4.6,0.4859999999999997,0.0419999999999999,0.4440000000000002,0.4,0.0,90.0,1.0,7.626666666666667,7.279999999999999,5.429999999999999,5.72,1,0,0
David Raya Martín,GK,Arsenal,0.0,0,0,20,1,0.0,1,0.01,0.01,0.0,0.19,361,0,0,0.2,2.2,2026-05-18T19:00:00Z,90,3,0,0,0,0,37,0,4755793,1,0,1,0.0,6,116618,140005,23387,61,True,0,2025-26,37,6.1,0.0,,,,,,,,0.0,0.0,5.0,0.0,GK,david raya martín,3,90.0,90.0,8.333333333333334,5.4,0.0,0.0,0.0,0.6,2.0,90.0,1.0,9.106666666666667,4.27,5.4,5.88,1,0,0
Dominic Calvert-Lewin,FWD,Leeds,0.0,0,2,33,1,1.9,691,0.02,0.09,0.07,3.06,367,0,1,6.0,37.0,2026-05-17T14:00:00Z,90,6,0,0,0,0,37,0,1721312,1,0,1,21.0,7,41966,110455,68489,58,True,1,2025-26,37,5.8,0.0,,,,,,,,2.0,3.0,1.0,0.0,FWD,dominic calvert-lewin,3,90.0,90.0,5.0,4.6,0.7439999999999998,0.734,0.0100000000000001,0.2,0.0,90.0,1.0,6.32,4.06,6.719999999999999,6.27,1,0,1
Enzo Le Fée,MID,Sunderland,0.0,1,3,50,0,17.7,547,0.29,0.41,0.12,1.04,366,1,1,9.1,53.8,2026-05-17T14:00:00Z,90,9,0,0,0,0,37,0,187982,1,3,1,19.0,13,-5769,7181,12950,48,False,0,2025-26,37,4.8,0.0,,,,,,,,0.0,9.0,7.0,2.0,MID,enzo le fée,3,90.0,90.0,3.0,4.2,0.4059999999999997,0.0879999999999997,0.3180000000000001,0.4,0.0,90.0,1.0,4.32,3.36,5.029999999999999,4.18,0,0,0
Erling Haaland,FWD,Man City,0.0,0,3,36,0,14.8,430,0.52,0.75,0.23,1.99,363,1,1,9.3,42.8,2026-05-19T18:30:00Z,90,4,0,0,0,0,37,0,8439401,1,1,1,35.0,9,22040,68148,46108,147,False,0,2025-26,37,14.7,0.0,,,,,,,,3.0,5.0,2.0,0.0,FWD,erling haaland,3,60.0,72.0,6.0,6.2,0.7679999999999996,0.7259999999999998,0.0420000000000001,0.4,0.0,64.8,0.8099999999999999,10.68,8.3349,6.839999999999998,5.81,1,0,0
Ferdi Kadıoğlu,DEF,Brighton,0.0,0,0,13,0,38.6,148,0.66,0.67,0.01,0.39,367,1,0,8.2,16.2,2026-05-17T14:00:00Z,90,11,0,0,0,0,37,0,184455,1,0,1,27.0,2,11228,21086,9858,44,False,0,2025-26,37,4.4,0.0,,,,,,,,3.0,3.0,1.0,0.0,DEF,ferdi kadıoğlu,3,90.0,90.0,7.333333333333333,5.8,0.1299999999999996,0.0839999999999997,0.0460000000000001,0.6,0.0,90.0,1.0,7.626666666666667,3.08,6.049999999999998,5.36,1,0,0
Gabriel dos Santos Magalhães,DEF,Arsenal,0.0,0,0,22,1,1.1,5,0.04,0.04,0.0,0.19,361,0,0,1.1,6.8,2026-05-18T19:00:00Z,90,3,0,0,0,0,37,0,6041173,1,0,1,3.0,6,128753,140618,11865,73,True,0,2025-26,37,7.3,0.0,,,,,,,,3.0,4.0,1.0,1.0,DEF,gabriel dos santos magalhães,3,90.0,90.0,8.333333333333334,5.8,0.2199999999999994,0.2079999999999996,0.0120000000000002,0.6,0.0,90.0,1.0,9.586666666666668,5.109999999999999,6.499999999999998,6.49,1,1,0
Gianluigi Donnarumma,GK,Man City,0.0,0,0,6,0,0.0,736,0.0,0.0,0.0,1.99,363,1,0,1.5,15.4,2026-05-19T18:30:00Z,90,4,0,0,0,0,37,2,1213844,1,1,1,0.0,1,-7893,9550,17443,56,False,1,2025-26,37,5.6,0.0,,,,,,,,2.0,0.0,6.0,0.0,GK,gianluigi donnarumma,3,90.0,90.0,5.0,4.6,0.0259999999999993,0.0,0.0260000000000002,0.6,1.8,90.0,1.0,6.24,3.92,5.529999999999997,5.59,0,0,0
Igor Thiago Nascimento Rodrigues,FWD,Brentford,0.0,0,0,0,0,11.8,136,0.05,0.16,0.11,1.72,364,2,0,3.6,10.0,2026-05-17T14:00:00Z,90,8,0,0,0,0,37,0,4252311,1,2,2,14.0,2,54582,146271,91689,73,True,0,2025-26,37,7.3,0.0,,,,,,,,5.0,7.0,2.0,0.0,FWD,igor thiago nascimento rodrigues,3,90.0,90.0,3.0,4.8,0.6039999999999993,0.5799999999999997,0.024,0.4,0.0,90.0,1.0,5.32,5.109999999999999,6.019999999999996,5.57,1,0,0
Iliman Ndiaye,MID,Everton,0.0,0,0,3,0,6.8,299,0.03,0.09,0.06,0.76,366,3,0,1.8,3.8,2026-05-17T14:00:00Z,90,17,0,0,0,0,37,0,623950,1,3,1,7.0,2,45075,55370,10295,62,True,0,2025-26,37,6.2,0.0,,,,,,,,2.0,4.0,2.0,0.0,MID,iliman ndiaye,3,90.0,90.0,2.0,2.4,0.3539999999999992,0.3159999999999996,0.038,0.0,0.0,90.0,1.0,4.08,4.34,4.769999999999996,4.51,0,0,0
Jack Hinshelwood,MID,Brighton,0.0,0,0,11,1,25.7,163,0.34,0.64,0.3,0.32,367,0,0,6.5,7.8,2026-05-17T14:00:00Z,81,11,0,0,0,0,37,0,201038,1,0,1,31.0,3,68187,73095,4908,52,False,0,2025-26,37,5.2,0.0,,,,,,,,2.0,5.0,2.0,1.0,MID,jack hinshelwood,3,88.0,82.4,7.666666666666667,5.6,0.5679999999999993,0.4839999999999996,0.084,0.6,0.0,85.75999999999999,1.0,8.213333333333335,3.64,5.839999999999996,5.92,1,0,0
Keane Lewis-Potter,DEF,Brentford,0.0,0,0,3,0,1.9,107,0.02,0.11,0.09,1.72,364,2,0,1.0,3.4,2026-05-17T14:00:00Z,90,8,0,0,0,0,37,0,213081,1,2,2,5.0,1,15301,19578,4277,48,True,0,2025-26,37,4.8,0.0,,,,,,,,3.0,3.0,5.0,0.0,DEF,keane lewis-potter,3,90.0,90.0,4.333333333333333,4.0,0.3379999999999993,0.1379999999999997,0.2,0.4,0.0,90.0,1.0,5.386666666666667,3.36,6.289999999999996,5.41,1,0,0
Marcus Tavernier,MID,Bournemouth,0.0,0,0,24,0,49.8,84,0.54,0.54,0.0,1.67,363,1,0,7.1,15.6,2026-05-19T18:30:00Z,90,13,0,0,0,0,37,0,555087,1,1,1,6.0,2,-87982,5724,93706,54,True,0,2025-26,37,5.4,0.0,,,,,,,,1.0,9.0,6.0,2.0,MID,marcus tavernier,3,84.0,86.0,2.333333333333333,3.2,0.4679999999999992,0.3219999999999999,0.146,0.4,0.0,84.8,1.0,4.026666666666667,3.78,5.339999999999996,4.89,0,0,0
William Saliba,DEF,Arsenal,0.0,0,2,27,1,1.8,6,0.01,0.01,0.0,0.19,361,0,0,2.1,19.6,2026-05-18T19:00:00Z,90,3,0,0,0,0,37,0,2243493,1,0,1,0.0,8,184367,202504,18137,62,True,0,2025-26,37,6.2,0.0,,,,,,,,7.0,7.0,2.0,0.0,DEF,william saliba,3,90.0,90.0,6.0,4.4,0.099999999999999,0.0,0.1,0.6,0.0,90.0,1.0,7.280000000000001,4.34,5.899999999999995,5.46,1,0,0
Adrien Truffert,DEF,Bournemouth,6.5,1,1,25,0,39.7,74,0.11,0.11,0.0,1.73,377,1,0,9.6,44.2,2026-05-24T15:00:00Z,90,16,0,0,0,0,38,0,711836,1,1,1,12.0,6,91593,103582,11989,48,False,0,2025-26,38,4.8,0.0,,,,,,,,2.0,9.0,5.0,7.0,DEF,adrien truffert,3,90.0,90.0,6.666666666666667,6.6,0.2859999999999998,0.184,0.102,0.4,0.0,90.0,1.0,7.253333333333334,3.36,6.029999999999999,5.35,1,0,0
Bruno Borges Fernandes,MID,Man Utd,7.8,1,3,50,1,48.5,449,0.15,0.22,0.07,0.79,371,0,1,13.3,65.0,2026-05-24T15:00:00Z,90,6,0,0,0,0,38,0,6300201,1,3,0,19.0,14,47099,89976,42877,104,False,0,2025-26,38,10.4,0.0,,,,,,,,1.0,9.0,6.0,2.0,MID,bruno borges fernandes,3,90.0,90.0,5.666666666666667,5.6,0.5979999999999996,0.0759999999999999,0.5220000000000002,0.4,0.0,90.0,1.0,8.693333333333335,7.279999999999999,5.989999999999998,6.05,1,0,1
Dango Ouattara,MID,Brentford,5.5,0,0,2,0,2.8,83,0.01,0.53,0.52,3.04,375,1,0,1.6,2.4,2026-05-24T15:00:00Z,90,12,0,0,0,0,38,0,214480,1,1,1,11.0,2,5241,22830,17589,56,False,0,2025-26,38,5.6,0.0,,,,,,,,4.0,7.0,2.0,1.0,MID,dango ouattara,3,67.0,76.2,7.333333333333333,5.2,0.4899999999999996,0.388,0.102,0.4,0.0,70.68,0.8835000000000001,8.106666666666667,3.46332,5.449999999999998,4.66,0,0,0
David Raya Martín,GK,Arsenal,6.2,0,0,0,0,0.0,1,0.0,0.0,0.0,0.0,373,0,0,0.0,0.0,2026-05-24T15:00:00Z,0,8,0,0,0,0,38,0,4774619,0,2,1,0.0,0,20488,88664,68176,62,False,0,2025-26,38,6.2,0.0,,,,,,,,0.0,0.0,0.0,0.0,GK,david raya martín,3,90.0,90.0,7.0,6.4,0.0019999999999996,0.0,0.002,0.8,1.8,90.0,1.0,8.080000000000002,4.34,6.209999999999998,5.85,1,0,0
Dominic Calvert-Lewin,FWD,Leeds,5.5,0,0,5,0,25.8,691,0.01,0.49,0.48,1.97,380,1,0,5.7,6.8,2026-05-24T15:00:00Z,68,19,0,0,0,0,38,0,1792682,1,0,3,24.0,2,70910,172341,101431,58,False,0,2025-26,38,5.8,0.0,,,,,,,,1.0,3.0,2.0,0.0,FWD,dominic calvert-lewin,3,90.0,90.0,6.666666666666667,5.6,0.4959999999999997,0.4859999999999999,0.0100000000000001,0.4,0.0,90.0,1.0,7.653333333333334,4.06,5.479999999999999,4.83,0,0,0
Erling Haaland,FWD,Man City,5.9,0,0,0,0,0.0,430,0.0,0.0,0.0,0.0,376,0,0,0.0,0.0,2026-05-24T15:00:00Z,0,2,0,0,0,0,38,0,8184079,0,2,1,0.0,0,-245735,65440,311175,147,True,0,2025-26,38,14.7,0.0,,,,,,,,0.0,0.0,0.0,0.0,FWD,erling haaland,3,60.0,72.0,6.666666666666667,6.8,0.7479999999999996,0.6099999999999998,0.1380000000000001,0.4,0.0,64.8,0.8099999999999999,11.213333333333336,8.3349,6.7399999999999975,5.32,1,0,0
Gabriel dos Santos Magalhães,DEF,Arsenal,7.0,0,0,7,0,0.4,5,0.0,0.0,0.0,0.93,373,1,0,1.1,10.4,2026-05-24T15:00:00Z,45,8,0,0,0,0,38,0,5938633,0,2,1,0.0,1,-80730,63485,144215,73,False,0,2025-26,38,7.3,0.0,,,,,,,,5.0,5.0,1.0,0.0,DEF,gabriel dos santos magalhães,3,90.0,90.0,7.666666666666667,6.2,0.2099999999999994,0.1919999999999996,0.0180000000000002,0.8,0.0,90.0,1.0,9.053333333333336,5.109999999999999,7.249999999999997,6.36,1,1,0
Gianluigi Donnarumma,GK,Man City,3.7,0,0,0,0,0.0,736,0.0,0.0,0.0,0.0,376,0,0,0.0,0.0,2026-05-24T15:00:00Z,0,2,0,0,0,0,38,0,1216359,0,2,1,0.0,0,-1066,20024,21090,56,True,0,2025-26,38,5.6,0.0,,,,,,,,0.0,0.0,0.0,0.0,GK,gianluigi donnarumma,3,90.0,90.0,5.0,4.4,0.0259999999999993,0.0,0.0260000000000002,0.6,2.0,90.0,1.0,6.24,3.92,5.529999999999997,5.66,0,0,0
Ismaïla Sarr,MID,Crystal Palace,2.4,0,0,4,0,2.0,267,0.02,0.02,0.0,1.17,373,1,0,0.9,3.2,2026-05-24T15:00:00Z,45,1,0,0,0,0,38,0,723488,1,2,1,4.0,1,-92355,10376,102731,64,True,0,2025-26,38,6.4,0.0,,,,,,,,1.0,3.0,2.0,0.0,MID,ismaïla sarr,3,70.0,69.0,5.0,4.2,0.6519999999999992,0.5779999999999996,0.074,0.0,0.0,69.6,0.8699999999999999,6.5600000000000005,3.8975999999999993,6.259999999999996,5.43,1,0,0
Jack Hinshelwood,MID,Brighton,5.0,0,0,10,0,11.6,163,0.02,0.02,0.0,1.6,371,3,0,2.0,4.2,2026-05-24T15:00:00Z,73,14,0,0,0,0,38,0,206955,1,3,0,4.0,2,8549,27343,18794,52,True,0,2025-26,38,5.2,0.0,,,,,,,,0.0,3.0,2.0,1.0,MID,jack hinshelwood,3,85.0,83.8,6.0,5.6,0.5419999999999993,0.4539999999999996,0.088,0.6,0.0,84.52000000000001,1.0,6.880000000000001,3.64,5.709999999999996,5.7,1,0,0
Jan Paul van Hecke,DEF,Brighton,2.8,0,0,2,0,1.6,151,0.04,0.04,0.0,1.66,371,3,0,1.9,17.6,2026-05-24T15:00:00Z,90,14,0,0,0,0,38,0,1386574,1,3,0,0.0,1,-50150,26487,76637,47,True,0,2025-26,38,4.7,0.0,,,,,,,,6.0,7.0,2.0,1.0,DEF,jan paul van hecke,3,90.0,90.0,3.333333333333333,4.4,0.2779999999999992,0.2259999999999997,0.0520000000000001,0.4,0.0,90.0,1.0,4.546666666666667,3.29,5.989999999999997,5.47,1,0,0
Marcus Tavernier,MID,Bournemouth,4.2,0,3,38,0,70.0,84,0.15,0.39,0.24,1.73,377,1,1,15.9,57.0,2026-05-24T15:00:00Z,90,16,0,0,0,0,38,0,553186,1,1,1,32.0,10,-3917,25972,29889,53,False,0,2025-26,38,5.3,0.0,,,,,,,,3.0,6.0,2.0,1.0,MID,marcus tavernier,3,84.0,86.0,2.333333333333333,3.2,0.5639999999999992,0.3199999999999999,0.244,0.4,0.0,84.8,1.0,3.9866666666666672,3.71,5.819999999999996,5.27,1,0,0
Nico O'Reilly,DEF,Man City,2.1,0,0,0,0,0.0,411,0.0,0.0,0.0,0.0,376,0,0,0.0,0.0,2026-05-24T15:00:00Z,0,2,0,0,0,0,38,0,2504870,0,2,1,0.0,0,-62356,45649,108005,53,True,0,2025-26,38,5.3,0.0,,,,,,,,0.0,0.0,0.0,0.0,DEF,nico o'reilly,3,60.0,72.0,2.333333333333333,2.8,0.3959999999999989,0.3419999999999999,0.0539999999999999,0.4,0.0,64.8,0.8099999999999999,3.9866666666666672,3.005099999999999,6.579999999999995,5.57,1,0,0
William Osula,FWD,Newcastle,6.5,0,0,9,0,0.1,500,0.0,0.0,0.0,1.22,374,1,0,0.3,1.0,2026-05-24T15:00:00Z,65,10,0,0,0,0,38,0,290681,1,0,2,2.0,2,139051,147146,8095,55,False,0,2025-26,38,5.5,0.0,,,,,,,,0.0,2.0,1.0,1.0,FWD,william osula,3,73.66666666666667,75.2,8.0,7.0,0.641999999999999,0.53,0.112,0.2,0.0,74.28,0.9285,8.600000000000001,3.5747249999999995,6.209999999999996,4.78,0,0,0
William Saliba,DEF,Arsenal,5.8,0,0,0,0,0.0,6,0.0,0.0,0.0,0.0,373,0,0,0.0,0.0,2026-05-24T15:00:00Z,0,8,0,0,0,0,38,0,2240445,0,2,1,0.0,0,3022,62158,59136,63,False,0,2025-26,38,6.3,0.0,,,,,,,,0.0,0.0,0.0,0.0,DEF,william saliba,3,90.0,90.0,6.333333333333333,5.8,0.101999999999999,0.0,0.102,0.8,0.0,90.0,1.0,7.586666666666666,4.409999999999999,6.709999999999996,5.5,1,0,0
Antoine Semenyo,MID,Bournemouth,7.7,0,0,4,1,23.4,82,0.06,0.27,0.21,0.19,29,0,0,6.5,11.6,2025-08-30T14:00:00Z,90,18,0,0,0,0,3,0,2935140,1,1,0,30.0,2,1035361,1187657,152296,73,False,1,2025-26,3,7.3,0.0,,,,,,,,0.0,10.0,8.0,2.0,MID,antoine semenyo,3,90.0,90.0,12.333333333333334,8.2,0.5059999999999998,0.452,0.0540000000000001,0.4,0.0,90.0,1.0,12.786666666666669,5.109999999999999,5.529999999999999,5.68,1,0,0
Bryan Mbeumo,MID,Man Utd,5.2,0,3,39,0,78.2,119,0.66,1.32,0.66,1.2,26,2,1,17.6,48.2,2025-08-30T14:00:00Z,90,3,0,0,0,0,3,0,1800062,1,2,3,50.0,10,130509,326650,196141,80,True,0,2025-26,3,8.0,0.0,,,,,,,,0.0,1.0,1.0,0.0,MID,bryan mbeumo,3,90.0,90.0,4.0,4.6,0.5299999999999997,0.372,0.1580000000000002,0.2,0.0,90.0,1.0,6.4,5.6,5.649999999999999,5.34,1,0,0
Chris Wood,FWD,Nott'm Forest,5.7,0,0,4,1,1.9,525,0.0,0.41,0.41,0.59,27,0,0,2.6,0.0,2025-08-31T13:00:00Z,72,19,0,0,0,0,3,0,3321006,1,3,0,25.0,2,814169,996705,182536,77,True,0,2025-26,3,7.7,0.0,,,,,,,,0.0,1.0,1.0,0.0,FWD,chris wood,3,85.0,87.0,5.666666666666667,5.4,0.6559999999999997,0.6160000000000001,0.0400000000000001,0.0,0.0,85.80000000000001,1.0,7.613333333333334,5.39,6.279999999999999,5.64,1,0,0
Daniel Muñoz Mejía,DEF,Crystal Palace,6.3,0,1,37,1,16.7,256,0.48,0.48,0.0,1.13,21,0,0,4.6,25.2,2025-08-31T18:00:00Z,90,2,0,0,0,0,3,0,1111636,1,3,0,4.0,9,122499,190277,67778,55,False,0,2025-26,3,5.5,0.0,,,,,,,,6.0,11.0,8.0,5.0,DEF,daniel muñoz mejía,3,90.0,90.0,5.0,5.5,0.2274999999999996,0.075,0.1525000000000001,0.5,0.0,90.0,1.0,6.2,3.85,6.137499999999998,5.23,1,0,0
David Raya Martín,GK,Arsenal,5.5,0,0,12,0,10.0,1,0.02,0.02,0.0,0.52,25,1,0,3.0,20.0,2025-08-31T15:30:00Z,90,12,0,0,0,0,3,2,2406964,1,0,1,0.0,2,-12311,146739,159050,55,False,0,2025-26,3,5.5,0.0,,,,,,,,0.0,0.0,12.0,0.0,GK,david raya martín,3,90.0,90.0,8.0,6.25,0.0024999999999995,0.0,0.0025000000000001,0.75,4.0,90.0,1.0,8.600000000000001,3.85,6.0124999999999975,6.28,1,0,1
Erling Haaland,FWD,Man City,8.5,0,3,29,0,0.4,430,0.0,1.4,1.4,2.3,22,2,1,12.7,30.4,2025-08-31T13:00:00Z,90,6,0,0,0,0,3,0,3747441,1,1,2,96.0,9,179096,366370,187274,141,False,0,2025-26,3,14.1,0.0,,,,,,,,0.0,1.0,1.0,0.0,FWD,erling haaland,3,82.0,83.6,7.0,5.0,0.8339999999999996,0.7159999999999999,0.1180000000000001,0.8,0.0,82.63999999999999,1.0,11.240000000000002,9.87,7.169999999999998,6.77,1,1,0
Fabian Schär,DEF,Newcastle,6.0,0,0,23,1,11.5,474,0.01,0.05,0.04,0.69,24,0,0,3.7,22.4,2025-08-30T16:30:00Z,90,11,0,0,0,0,3,0,309038,1,0,0,3.0,6,-23056,48843,71899,55,False,0,2025-26,3,5.5,0.0,,,,,,,,5.0,5.0,3.0,0.0,DEF,fabian schär,3,86.66666666666667,88.0,3.333333333333333,3.4,0.2939999999999996,0.2739999999999997,0.0200000000000001,0.4,0.0,87.2,1.0,4.866666666666667,3.85,6.069999999999999,5.68,1,0,0
Ismaïla Sarr,MID,Crystal Palace,6.0,0,0,16,1,2.3,267,0.0,1.45,1.45,1.13,21,0,1,8.0,37.4,2025-08-31T18:00:00Z,90,2,0,0,0,0,3,0,733179,1,3,0,40.0,7,204162,262152,57990,65,False,1,2025-26,3,6.5,0.0,,,,,,,,2.0,8.0,5.0,1.0,MID,ismaïla sarr,3,90.0,81.8,6.666666666666667,6.2,0.5999999999999993,0.4379999999999996,0.1620000000000001,0.4,0.0,86.72,1.0,7.933333333333334,4.55,5.9999999999999964,5.78,1,0,0
Jordan Pickford,GK,Everton,6.0,0,0,5,0,0.0,287,0.01,0.01,0.0,1.11,30,2,0,1.5,15.0,2025-08-30T14:00:00Z,90,20,0,0,0,0,3,2,1411854,1,3,2,0.0,1,131024,177358,46334,55,False,0,2025-26,3,5.5,0.0,,,,,,,,3.0,0.0,8.0,0.0,GK,jordan pickford,3,90.0,90.0,9.333333333333334,7.4,0.0019999999999993,0.0,0.0020000000000001,0.6,3.8,90.0,1.0,9.666666666666668,3.85,5.409999999999997,6.21,0,0,0
Marc Cucurella Saseta,DEF,Chelsea,6.8,0,0,31,1,26.5,224,0.03,0.03,0.0,1.02,23,0,0,5.2,25.0,2025-08-30T11:30:00Z,90,10,0,0,0,0,3,0,3239846,1,0,2,0.0,6,482840,572256,89416,61,True,0,2025-26,3,6.1,0.0,,,,,,,,6.0,9.0,3.0,3.0,DEF,marc cucurella saseta,3,82.66666666666667,85.6,7.0,7.4,0.1559999999999991,0.0619999999999999,0.094,0.6,0.0,83.84,1.0,8.040000000000001,4.27,6.179999999999996,5.34,1,0,0
Matty Cash,DEF,Aston Villa,3.3,0,0,-1,0,22.3,36,0.11,0.12,0.01,1.77,21,2,0,3.0,6.2,2025-08-31T18:00:00Z,73,8,0,0,0,0,3,0,594931,1,3,0,1.0,0,38806,110477,71671,45,True,1,2025-26,3,4.5,0.0,,,,,,,,3.0,3.0,1.0,0.0,DEF,matty cash,3,90.0,90.0,3.6666666666666665,4.4,0.0839999999999991,0.0319999999999998,0.052,0.6,0.0,90.0,1.0,4.733333333333333,3.15,5.819999999999996,4.98,0,0,0
Morgan Gibbs-White,MID,Nott'm Forest,3.0,0,0,13,0,11.2,515,0.08,0.23,0.15,2.42,27,3,0,5.0,7.6,2025-08-31T13:00:00Z,90,19,0,0,0,0,3,0,754402,1,3,0,31.0,2,117293,177897,60604,75,True,0,2025-26,3,7.5,0.0,,,,,,,,0.0,6.0,5.0,1.0,MID,morgan gibbs-white,3,84.66666666666667,85.4,3.0,6.6,0.5319999999999989,0.3819999999999999,0.15,0.2,0.0,84.96000000000001,1.0,5.4,5.25,5.659999999999995,5.2,1,0,0
Norberto Bercique Gomes Betuncal,FWD,Everton,3.0,0,1,33,0,14.1,311,0.08,0.71,0.63,0.65,30,1,1,8.5,32.2,2025-08-30T14:00:00Z,75,20,0,0,0,0,3,0,613252,1,3,2,39.0,7,-215016,20710,235726,54,False,0,2025-26,3,5.4,0.0,,,,,,,,0.0,1.0,1.0,0.0,FWD,norberto bercique gomes betuncal,3,67.66666666666667,76.6,1.3333333333333333,2.8,0.4219999999999988,0.3839999999999999,0.0379999999999999,0.4,0.0,71.24000000000001,0.8905000000000001,3.2266666666666666,3.36609,5.109999999999994,3.74,0,0,0
Reece James,DEF,Chelsea,2.8,0,0,4,0,0.3,225,0.0,0.04,0.04,0.68,23,0,0,1.1,3.4,2025-08-30T11:30:00Z,9,10,0,0,0,0,3,0,638864,0,0,2,7.0,1,-48685,50110,98795,55,True,0,2025-26,3,5.5,0.0,,,,,,,,0.0,0.0,0.0,0.0,DEF,reece james,3,63.0,64.8,4.0,4.6,0.1519999999999989,0.0339999999999999,0.1179999999999999,0.6,0.0,63.72,0.7965,5.4,3.0665249999999995,6.159999999999995,5.08,1,0,0
Sandro Tonali,MID,Newcastle,1.9,0,0,17,1,36.0,491,0.05,0.05,0.0,0.69,24,0,0,4.5,9.2,2025-08-30T16:30:00Z,90,11,0,0,0,0,3,0,141013,1,0,0,0.0,3,-48371,5645,54016,54,False,0,2025-26,3,5.4,0.0,,,,,,,,0.0,6.0,6.0,0.0,MID,sandro tonali,3,81.66666666666667,85.0,2.333333333333333,4.0,0.3739999999999991,0.1659999999999999,0.208,0.4,0.0,83.0,1.0,4.026666666666667,3.78,4.869999999999996,4.1,0,0,0
Antoine Semenyo,MID,Bournemouth,7.0,1,3,39,0,24.7,82,0.06,0.93,0.87,0.62,32,1,1,11.7,63.2,2025-09-13T14:00:00Z,90,6,0,0,0,0,4,0,4192375,1,1,2,29.0,13,1095316,1254193,158877,74,True,0,2025-26,4,7.4,0.0,,,,,,,,3.0,8.0,2.0,3.0,MID,antoine semenyo,3,90.0,90.0,7.666666666666667,8.2,0.5199999999999998,0.4680000000000001,0.0520000000000001,0.6,0.0,90.0,1.0,9.093333333333334,5.18,5.599999999999999,6.0,1,0,0
Bryan Mbeumo,MID,Man Utd,4.2,0,0,1,0,15.7,119,0.17,0.85,0.68,2.52,38,3,0,5.9,2.2,2025-09-14T15:30:00Z,90,13,0,0,0,0,4,0,1893535,1,0,3,41.0,2,108615,319642,211027,81,False,0,2025-26,4,8.1,0.0,,,,,,,,0.0,2.0,2.0,0.0,MID,bryan mbeumo,3,90.0,90.0,4.666666666666667,5.4,0.7119999999999997,0.4679999999999999,0.2440000000000002,0.0,0.0,90.0,1.0,6.973333333333335,5.669999999999999,6.559999999999999,6.36,1,0,0
Chris Wood,FWD,Nott'm Forest,1.2,0,0,4,0,11.6,525,0.04,0.07,0.03,1.75,31,2,0,3.3,4.4,2025-09-13T11:30:00Z,59,1,0,0,0,0,4,0,2578387,1,0,3,17.0,1,-525097,132233,657330,77,False,0,2025-26,4,7.7,0.0,,,,,,,,1.0,1.0,0.0,0.0,FWD,chris wood,3,79.0,83.4,5.666666666666667,4.2,0.5899999999999996,0.55,0.0400000000000001,0.2,0.0,80.76,1.0,7.613333333333334,5.39,5.949999999999998,5.07,1,0,0
Daniel Muñoz Mejía,DEF,Crystal Palace,6.8,0,0,21,1,7.2,256,0.22,0.34,0.12,0.36,35,0,0,5.9,11.2,2025-09-13T14:00:00Z,90,17,0,0,0,0,4,0,1662666,1,0,0,41.0,5,438774,521650,82876,56,True,1,2025-26,4,5.6,0.0,,,,,,,,3.0,4.0,2.0,1.0,DEF,daniel muñoz mejía,3,90.0,90.0,6.333333333333333,5.0,0.2374999999999996,0.025,0.2125000000000001,0.5,0.0,90.0,1.0,7.306666666666667,3.92,6.187499999999998,5.24,1,0,0
David Brooks,MID,Bournemouth,2.7,0,0,0,0,2.9,86,0.02,0.11,0.09,0.57,32,1,0,0.6,0.0,2025-09-13T14:00:00Z,66,6,0,0,0,0,4,0,48311,1,1,2,8.0,1,13344,21222,7878,50,True,1,2025-26,4,5.0,0.0,,,,,,,,0.0,6.0,6.0,0.0,MID,david brooks,3,70.66666666666667,63.8,3.6666666666666665,3.0,0.4959999999999997,0.216,0.2800000000000001,0.6,0.0,67.92,0.849,4.933333333333334,2.9715,5.479999999999999,4.45,0,0,0
David Raya Martín,GK,Arsenal,5.2,0,0,24,1,0.0,1,0.0,0.0,0.0,0.2,31,0,0,1.3,12.8,2025-09-13T11:30:00Z,90,16,0,0,0,0,4,1,2765759,1,0,3,0.0,6,171289,289041,117752,55,True,0,2025-26,4,5.5,0.0,,,,,,,,0.0,0.0,9.0,0.0,GK,david raya martín,3,90.0,90.0,6.0,6.25,0.0074999999999995,0.0,0.0075000000000001,0.75,3.75,90.0,1.0,7.000000000000001,3.85,6.037499999999998,6.2,1,0,0
Erling Haaland,FWD,Man City,8.5,0,3,63,1,12.9,430,0.01,1.81,1.8,1.42,38,0,2,16.2,78.8,2025-09-14T15:30:00Z,86,14,0,0,0,0,4,0,3931425,1,0,3,70.0,13,209666,435454,225788,141,True,0,2025-26,4,14.1,0.0,,,,,,,,6.0,8.0,2.0,0.0,FWD,erling haaland,3,84.0,83.6,8.0,6.4,1.0619999999999998,0.986,0.0760000000000001,0.6,0.0,83.84,1.0,12.04,9.87,8.309999999999999,8.3,1,1,0
Fabian Schär,DEF,Newcastle,5.5,0,0,28,1,11.3,474,0.03,0.03,0.0,0.5,39,0,0,4.2,28.6,2025-09-13T14:00:00Z,90,20,0,0,0,0,4,0,353352,1,0,1,2.0,8,28336,44614,16278,55,True,0,2025-26,4,5.5,0.0,,,,,,,,11.0,11.0,2.0,0.0,DEF,fabian schär,3,86.66666666666667,88.0,5.0,3.6,0.2999999999999996,0.2819999999999997,0.0180000000000001,0.4,0.0,87.2,1.0,6.2,3.85,6.099999999999998,5.74,1,0,0
Gabriel Gudmundsson,DEF,Leeds,2.2,0,0,6,0,8.2,347,0.06,0.06,0.0,0.85,37,1,0,1.4,3.4,2025-09-13T14:00:00Z,90,10,1,0,0,0,4,0,599367,1,0,1,2.0,0,169155,222984,53829,40,False,0,2025-26,4,4.0,0.0,,,,,,,,2.0,4.0,4.0,2.0,DEF,gabriel gudmundsson,3,86.33333333333333,64.75,5.666666666666667,4.25,0.0849999999999992,0.0424999999999995,0.0425000000000003,0.5,0.0,77.7,0.97125,6.133333333333335,2.7195,5.424999999999996,4.44,0,0,0
Iliman Ndiaye,MID,Everton,5.0,0,0,18,1,27.8,299,0.19,0.21,0.02,0.54,36,0,0,5.5,15.2,2025-09-13T14:00:00Z,90,2,0,0,0,0,4,0,984399,1,0,0,12.0,5,-74867,125628,200495,65,True,0,2025-26,4,6.5,0.0,,,,,,,,2.0,14.0,10.0,2.0,MID,iliman ndiaye,3,81.0,78.4,5.666666666666667,6.4,0.5039999999999993,0.4639999999999997,0.0400000000000001,0.6,0.0,79.96000000000001,0.9995,7.133333333333335,4.547725,5.519999999999997,5.48,1,0,0
Ismaïla Sarr,MID,Crystal Palace,0.0,0,0,0,0,0.0,267,0.0,0.0,0.0,0.0,35,0,0,0.0,0.0,2025-09-13T14:00:00Z,0,17,0,0,0,0,4,0,513146,0,0,0,0.0,0,-200110,150881,350991,65,True,0,2025-26,4,6.5,0.0,,,,,,,,0.0,0.0,0.0,0.0,MID,ismaïla sarr,3,90.0,84.4,6.0,6.4,0.6979999999999993,0.6019999999999996,0.096,0.4,0.0,87.76,1.0,7.4,4.55,6.489999999999997,6.63,1,0,1
Jake O'Brien,DEF,Everton,4.3,0,0,26,1,15.4,293,0.06,0.11,0.05,0.54,36,0,0,3.7,16.2,2025-09-13T14:00:00Z,90,2,0,0,0,0,4,0,61700,1,0,0,5.0,6,-4663,4193,8856,50,True,0,2025-26,4,5.0,0.0,,,,,,,,4.0,6.0,3.0,2.0,DEF,jake o'brien,3,90.0,90.0,3.0,4.4,0.0719999999999992,0.0639999999999997,0.008,0.6,0.0,90.0,1.0,4.4,3.5,5.759999999999996,5.07,1,0,0
Jean-Philippe Mateta,FWD,Crystal Palace,3.5,0,0,4,1,1.3,283,0.01,0.6,0.59,0.36,35,0,0,6.3,11.6,2025-09-13T14:00:00Z,90,17,0,0,0,0,4,0,1515398,1,0,0,50.0,2,490708,612841,122133,75,True,0,2025-26,4,7.5,0.0,,,,,,,,5.0,9.0,4.0,0.0,FWD,jean-philippe mateta,3,87.0,66.2,2.6666666666666665,2.2,0.4959999999999993,0.4239999999999997,0.0720000000000001,0.6,0.0,78.68,0.9835,5.133333333333333,5.163375,5.479999999999997,4.33,0,0,0
Jordan Pickford,GK,Everton,7.3,0,0,24,1,0.0,287,0.0,0.0,0.0,0.54,36,0,0,0.9,8.6,2025-09-13T14:00:00Z,90,2,0,0,0,0,4,1,1384508,1,0,0,0.0,6,-21243,74278,95521,55,True,0,2025-26,4,5.5,0.0,,,,,,,,1.0,0.0,9.0,0.0,GK,jordan pickford,3,90.0,90.0,6.0,7.0,0.0039999999999993,0.0,0.0040000000000001,0.6,3.2,90.0,1.0,7.000000000000001,3.85,5.419999999999996,6.01,0,0,0
Marc Cucurella Saseta,DEF,Chelsea,4.5,0,0,6,0,23.5,224,0.02,0.08,0.06,0.87,33,1,0,5.8,15.4,2025-09-13T19:00:00Z,45,5,0,0,0,0,4,0,3370876,0,2,2,19.0,1,165537,332590,167053,61,False,0,2025-26,4,6.1,0.0,,,,,,,,3.0,5.0,2.0,2.0,DEF,marc cucurella saseta,3,82.66666666666667,85.6,6.333333333333333,8.4,0.1499999999999991,0.0539999999999999,0.096,0.8,0.0,83.84,1.0,7.506666666666666,4.27,6.949999999999996,5.35,1,0,0
Antoine Semenyo,MID,Bournemouth,6.2,0,0,9,1,13.9,82,0.05,0.16,0.11,0.14,42,0,0,2.7,8.8,2025-09-21T13:00:00Z,90,15,0,0,0,0,5,0,5302856,1,0,0,4.0,5,1075146,1129346,54200,76,True,0,2025-26,5,7.6,0.0,,,,,,,,1.0,14.0,10.0,3.0,MID,antoine semenyo,3,90.0,90.0,7.0,10.4,0.6879999999999998,0.6260000000000001,0.0620000000000001,0.6,0.0,90.0,1.0,8.64,5.319999999999999,6.44,7.1,1,0,1
Bryan Mbeumo,MID,Man Utd,4.5,0,0,7,1,11.1,119,0.08,0.17,0.09,0.13,47,0,0,3.6,2.8,2025-09-20T16:30:00Z,69,7,0,0,0,0,5,0,1808773,1,1,2,22.0,3,-108374,102840,211214,81,True,0,2025-26,5,8.1,0.0,,,,,,,,1.0,2.0,1.0,0.0,MID,bryan mbeumo,3,90.0,90.0,4.666666666666667,4.8,0.6659999999999997,0.4059999999999999,0.2600000000000002,0.0,0.0,90.0,1.0,6.973333333333335,5.669999999999999,6.329999999999998,6.0,1,0,0
Chris Wood,FWD,Nott'm Forest,2.2,0,0,7,0,17.5,525,0.0,0.41,0.41,0.68,44,1,0,4.7,5.0,2025-09-20T14:00:00Z,74,3,0,0,0,0,5,0,2592022,1,1,1,24.0,2,-93288,207065,300353,76,False,0,2025-26,5,7.6,0.0,,,,,,,,2.0,4.0,2.0,0.0,FWD,chris wood,3,72.66666666666667,77.2,1.6666666666666667,4.0,0.5379999999999996,0.514,0.0240000000000001,0.2,0.0,74.48,0.931,4.373333333333333,4.95292,5.689999999999998,4.64,0,0,0
Daniel Muñoz Mejía,DEF,Crystal Palace,5.3,0,0,7,0,17.0,256,0.12,0.31,0.19,0.66,49,1,0,4.3,7.2,2025-09-20T14:00:00Z,90,19,0,0,0,0,5,0,1695220,1,2,1,19.0,2,76975,138944,61969,56,False,0,2025-26,5,5.6,0.0,,,,,,,,2.0,3.0,4.0,1.0,DEF,daniel muñoz mejía,3,90.0,90.0,6.333333333333333,6.0,0.2974999999999996,0.0424999999999999,0.2550000000000001,0.75,0.0,90.0,1.0,7.306666666666667,3.92,7.487499999999998,5.92,1,0,0
David Brooks,MID,Bournemouth,2.2,0,0,8,1,14.8,86,0.04,0.04,0.0,0.14,42,0,0,2.3,3.8,2025-09-21T13:00:00Z,62,15,0,0,0,0,5,0,46212,1,0,0,4.0,3,-1311,5246,6557,50,True,0,2025-26,5,5.0,0.0,,,,,,,,2.0,6.0,4.0,0.0,MID,david brooks,3,65.0,68.0,2.6666666666666665,3.0,0.5119999999999997,0.2339999999999999,0.2780000000000001,0.6,0.0,66.2,0.8275,4.133333333333333,2.89625,5.559999999999999,4.48,0,0,0
Enzo Fernández,MID,Chelsea,6.2,0,0,8,0,10.6,237,0.04,0.04,0.0,1.84,47,2,0,2.5,10.2,2025-09-20T16:30:00Z,90,14,0,0,0,0,5,0,1614773,1,1,2,4.0,1,143821,265441,121620,67,False,1,2025-26,5,6.7,0.0,,,,,,,,1.0,4.0,2.0,1.0,MID,enzo fernández,3,90.0,87.6,8.666666666666666,6.4,0.4719999999999997,0.3859999999999998,0.0860000000000001,0.6,0.0,89.03999999999999,1.0,9.613333333333332,4.69,5.359999999999999,5.4,1,0,0
Erling Haaland,FWD,Man City,10.3,0,3,32,1,2.1,430,0.01,0.53,0.52,0.77,41,0,1,7.2,35.4,2025-09-21T15:30:00Z,75,1,0,0,0,0,5,0,4419019,1,1,1,34.0,9,405468,479550,74082,142,False,0,2025-26,5,14.2,0.0,,,,,,,,2.0,5.0,3.0,0.0,FWD,erling haaland,3,88.66666666666667,84.4,8.0,8.6,1.3899999999999997,1.3239999999999998,0.0660000000000002,0.6,0.0,86.96000000000001,1.0,12.08,9.94,9.95,10.31,1,1,0
Guglielmo Vicario,GK,Spurs,4.0,0,0,9,0,0.0,565,0.0,0.0,0.0,1.32,43,2,0,1.3,13.0,2025-09-20T14:00:00Z,90,6,0,0,0,0,5,2,1365409,1,2,2,0.0,1,213443,253580,40137,51,False,0,2025-26,5,5.1,0.0,,,,,,,,1.0,0.0,15.0,0.0,GK,guglielmo vicario,3,90.0,90.0,6.666666666666667,6.0,0.0019999999999994,0.0,0.0020000000000002,0.6,4.2,90.0,1.0,7.373333333333334,3.5699999999999994,5.409999999999997,6.17,1,0,0
Ismaïla Sarr,MID,Crystal Palace,0.0,0,0,0,0,0.0,267,0.0,0.0,0.0,0.0,49,0,0,0.0,0.0,2025-09-20T14:00:00Z,0,19,0,0,0,0,5,0,341444,0,2,1,0.0,0,-184073,1388,185461,65,False,0,2025-26,5,6.5,0.0,,,,,,,,0.0,0.0,0.0,0.0,MID,ismaïla sarr,3,60.0,72.0,5.0,5.4,0.5659999999999993,0.5359999999999996,0.03,0.4,0.0,64.8,0.8099999999999999,6.6,3.6855,5.8299999999999965,5.06,1,0,0
Jean-Philippe Mateta,FWD,Crystal Palace,4.3,0,0,28,0,3.3,283,0.0,0.84,0.84,0.66,49,1,1,8.1,37.2,2025-09-20T14:00:00Z,90,19,0,0,0,0,5,0,1460006,1,2,1,40.0,6,-2232,138727,140959,76,False,0,2025-26,5,7.6,0.0,,,,,,,,3.0,7.0,4.0,0.0,FWD,jean-philippe mateta,3,87.0,82.4,3.0,2.4,0.5699999999999993,0.5019999999999998,0.0680000000000001,0.8,0.0,85.16,1.0,5.44,5.319999999999999,5.849999999999996,4.97,0,0,0
Jordan Pickford,GK,Everton,1.7,0,0,3,0,0.0,287,0.03,0.03,0.0,0.9,46,2,0,1.3,13.0,2025-09-20T11:30:00Z,90,12,0,0,0,0,5,1,1342585,1,1,2,0.0,1,-53954,24953,78907,55,False,0,2025-26,5,5.5,0.0,,,,,,,,1.0,0.0,6.0,0.0,GK,jordan pickford,3,90.0,90.0,7.333333333333333,7.0,0.0039999999999993,0.0,0.0040000000000001,0.6,3.0,90.0,1.0,8.066666666666666,3.85,5.419999999999996,5.95,0,0,0
Michael Keane,DEF,Everton,2.3,0,0,9,0,0.7,295,0.01,0.01,0.0,0.9,46,2,0,1.8,15.4,2025-09-20T11:30:00Z,90,12,0,0,0,0,5,0,78524,1,1,2,2.0,1,7389,15081,7692,45,False,0,2025-26,5,4.5,0.0,,,,,,,,6.0,7.0,7.0,1.0,DEF,michael keane,3,90.0,90.0,5.666666666666667,5.0,0.1199999999999991,0.1099999999999999,0.01,0.6,0.0,90.0,1.0,6.333333333333334,3.15,5.999999999999996,5.41,1,0,0
Micky van de Ven,DEF,Spurs,5.3,0,0,4,0,2.3,575,0.01,0.01,0.0,1.32,43,2,0,1.7,12.6,2025-09-20T14:00:00Z,90,6,0,0,0,0,5,0,3890468,1,2,2,2.0,1,482878,510139,27261,47,False,0,2025-26,5,4.7,0.0,,,,,,,,1.0,3.0,3.0,2.0,DEF,micky van de ven,3,86.33333333333333,82.8,7.0,5.6,0.1399999999999991,0.1359999999999999,0.004,0.6,0.0,84.91999999999999,1.0,7.48,3.29,6.099999999999996,5.53,1,0,0
Pedro Porro Sauceda,DEF,Spurs,3.7,0,0,9,0,27.2,568,0.06,0.06,0.0,1.32,43,2,0,5.1,21.8,2025-09-20T14:00:00Z,88,6,0,0,0,0,5,0,2988354,1,2,2,2.0,1,5069,131110,126041,56,False,0,2025-26,5,5.6,0.0,,,,,,,,5.0,7.0,3.0,2.0,DEF,pedro porro sauceda,3,83.33333333333333,85.0,5.0,5.25,0.2224999999999985,0.0274999999999998,0.1949999999999999,0.75,0.0,84.0,1.0,6.24,3.92,7.112499999999993,5.59,1,0,0
Riccardo Calafiori,DEF,Arsenal,3.0,0,0,7,0,6.2,7,0.05,0.19,0.14,0.89,41,1,0,2.9,3.6,2025-09-21T15:30:00Z,90,13,0,0,0,0,5,0,1636657,1,1,1,19.0,2,75801,156708,80907,57,True,0,2025-26,5,5.7,0.0,,,,,,,,2.0,5.0,6.0,3.0,DEF,riccardo calafiori,3,73.33333333333333,58.2,6.666666666666667,6.6,0.293999999999999,0.2859999999999999,0.0079999999999999,0.6,0.0,67.28,0.841,7.613333333333334,3.35559,6.869999999999996,6.29,1,0,0
Adrien Truffert,DEF,Bournemouth,5.2,0,0,15,0,5.0,74,0.02,0.02,0.0,1.84,56,2,0,3.6,29.0,2025-09-27T14:00:00Z,90,11,0,0,0,0,6,0,231856,1,2,2,2.0,3,73628,90069,16441,45,False,0,2025-26,6,4.5,0.0,,,,,,,,8.0,13.0,7.0,5.0,DEF,adrien truffert,3,90.0,90.0,6.0,4.8,0.0779999999999998,0.002,0.076,0.6,0.0,90.0,1.0,6.6000000000000005,3.15,5.789999999999999,4.84,0,0,0
Antoine Semenyo,MID,Bournemouth,8.8,0,0,22,0,16.6,82,0.05,0.26,0.21,1.84,56,2,1,6.8,42.4,2025-09-27T14:00:00Z,90,11,0,0,0,0,6,0,6177600,1,2,2,9.0,7,829701,895631,65930,77,False,0,2025-26,6,7.7,0.0,,,,,,,,1.0,7.0,4.0,2.0,MID,antoine semenyo,3,90.0,90.0,6.666666666666667,8.2,0.6079999999999999,0.556,0.0520000000000001,0.6,0.0,90.0,1.0,8.413333333333334,5.39,6.039999999999999,6.63,1,0,0
Bruno Borges Fernandes,MID,Man Utd,3.7,0,0,3,0,12.7,449,0.01,0.8,0.79,2.02,52,3,0,4.7,17.6,2025-09-27T11:30:00Z,90,5,0,1,0,0,6,0,2565237,1,1,3,17.0,-1,330650,492040,161390,90,False,1,2025-26,6,9.0,0.0,,,,,,,,4.0,11.0,6.0,1.0,MID,bruno borges fernandes,3,88.66666666666667,89.2,7.333333333333333,5.2,0.7439999999999997,0.5459999999999999,0.1980000000000002,0.0,0.0,88.88,1.0,9.466666666666669,6.3,6.719999999999999,6.64,1,0,0
Bryan Mbeumo,MID,Man Utd,2.3,0,0,10,0,40.3,119,0.07,0.07,0.0,2.02,52,3,0,6.1,10.8,2025-09-27T11:30:00Z,90,5,0,0,0,0,6,0,1865126,1,1,3,10.0,2,26590,209177,182587,81,False,0,2025-26,6,8.1,0.0,,,,,,,,0.0,2.0,0.0,2.0,MID,bryan mbeumo,3,83.0,85.8,5.0,3.8,0.6239999999999997,0.37,0.2540000000000002,0.2,0.0,84.12,1.0,7.24,5.669999999999999,6.119999999999998,5.5,1,0,0
Daniel Muñoz Mejía,DEF,Crystal Palace,3.5,0,0,12,0,11.1,256,0.01,0.38,0.37,2.14,54,1,0,7.7,19.4,2025-09-27T14:00:00Z,90,12,0,0,0,0,6,0,1472274,1,1,2,46.0,2,-190438,32270,222708,56,True,0,2025-26,6,5.6,0.0,,,,,,,,7.0,9.0,2.0,2.0,DEF,daniel muñoz mejía,3,90.0,90.0,5.333333333333333,5.2,0.2999999999999997,0.072,0.228,0.6,0.0,90.0,1.0,6.506666666666666,3.92,6.899999999999999,6.03,1,0,0
Enzo Fernández,MID,Chelsea,5.2,0,2,32,0,20.2,237,0.02,1.5,1.48,2.28,53,3,1,11.6,43.4,2025-09-27T14:00:00Z,90,6,0,0,0,0,6,0,1518490,1,3,1,52.0,9,-99655,103453,203108,67,True,0,2025-26,6,6.7,0.0,,,,,,,,0.0,6.0,3.0,3.0,MID,enzo fernández,3,90.0,87.6,5.666666666666667,6.0,0.4779999999999997,0.3859999999999998,0.0920000000000001,0.4,0.0,89.03999999999999,1.0,7.213333333333335,4.69,5.389999999999999,5.23,0,0,0
Erling Haaland,FWD,Man City,12.8,1,3,68,0,20.8,430,0.24,1.41,1.17,0.41,57,1,2,18.4,85.4,2025-09-27T14:00:00Z,90,3,0,0,0,0,6,0,5991428,1,1,5,78.0,16,1415070,1490551,75481,143,True,0,2025-26,6,14.3,0.0,,,,,,,,2.0,4.0,2.0,0.0,FWD,erling haaland,3,83.66666666666667,82.6,10.333333333333334,9.2,1.2999999999999996,1.2359999999999998,0.0640000000000002,0.6,0.0,83.24000000000001,1.0,13.986666666666668,10.01,9.499999999999998,9.62,1,1,0
Guglielmo Vicario,GK,Spurs,3.7,0,0,10,0,0.0,565,0.0,0.0,0.0,1.15,60,1,0,1.9,19.0,2025-09-27T19:00:00Z,90,20,0,0,0,0,6,2,1494946,1,1,1,0.0,2,120414,210824,90410,51,True,0,2025-26,6,5.1,0.0,,,,,,,,0.0,0.0,6.0,0.0,GK,guglielmo vicario,3,90.0,90.0,4.0,6.0,0.0019999999999994,0.0,0.0020000000000002,0.6,3.8,90.0,1.0,5.24,3.5699999999999994,5.409999999999997,6.04,1,0,0
Jaidon Anthony,MID,Burnley,5.3,0,0,30,0,36.5,200,0.08,0.18,0.1,1.41,57,3,1,10.1,45.4,2025-09-27T14:00:00Z,87,13,0,0,0,0,6,0,341577,1,1,5,19.0,6,148345,192400,44055,56,False,1,2025-26,6,5.6,0.0,,,,,,,,4.0,10.0,4.0,2.0,MID,jaidon anthony,3,89.33333333333333,88.4,6.333333333333333,6.8,0.5179999999999992,0.4119999999999996,0.106,0.4,0.0,88.96000000000001,1.0,7.306666666666667,3.92,5.589999999999996,5.46,1,0,0
Jean-Philippe Mateta,FWD,Crystal Palace,2.8,0,0,2,0,15.8,283,0.1,1.02,0.92,2.14,54,1,0,6.2,7.6,2025-09-27T14:00:00Z,90,12,0,0,0,0,6,0,1151981,1,1,2,39.0,2,-279016,72108,351124,76,True,0,2025-26,6,7.6,0.0,,,,,,,,1.0,3.0,2.0,0.0,FWD,jean-philippe mateta,3,88.0,88.2,4.333333333333333,3.2,0.6019999999999992,0.5339999999999997,0.0680000000000002,0.6,0.0,88.08,1.0,6.506666666666667,5.319999999999999,6.009999999999996,5.26,1,0,0
Micky van de Ven,DEF,Spurs,5.7,0,0,14,0,12.2,575,0.13,0.14,0.01,1.15,60,1,0,4.0,16.6,2025-09-27T19:00:00Z,90,20,0,0,0,0,6,0,4140128,1,1,1,11.0,2,222562,343287,120725,47,True,0,2025-26,6,4.7,0.0,,,,,,,,5.0,6.0,5.0,1.0,DEF,micky van de ven,3,86.33333333333333,87.8,5.333333333333333,5.6,0.1419999999999991,0.1359999999999999,0.006,0.6,0.0,86.91999999999999,1.0,6.1466666666666665,3.29,6.109999999999996,5.56,1,0,0
Nick Pope,GK,Newcastle,5.3,0,0,20,0,0.0,469,0.0,0.0,0.0,2.04,58,2,0,4.7,46.8,2025-09-28T15:30:00Z,90,1,0,0,0,0,6,5,812091,1,2,1,0.0,2,85705,143406,57701,50,True,0,2025-26,6,5.0,0.0,,,,,,,,3.0,0.0,14.0,1.0,GK,nick pope,3,90.0,90.0,6.333333333333333,6.4,0.0,0.0,0.0,0.8,2.0,90.0,1.0,7.066666666666666,3.5,6.2,5.4,0,0,0
Norberto Bercique Gomes Betuncal,FWD,Everton,1.7,0,0,4,0,1.6,311,0.0,0.18,0.18,0.88,55,1,0,2.8,5.0,2025-09-29T19:00:00Z,68,19,0,0,0,0,6,0,579036,1,1,1,21.0,2,-34393,51658,86051,54,True,0,2025-26,6,5.4,0.0,,,,,,,,1.0,3.0,1.0,1.0,FWD,norberto bercique gomes betuncal,3,64.66666666666667,62.0,3.333333333333333,2.4,0.4179999999999989,0.3999999999999999,0.0179999999999999,0.2,0.0,63.60000000000001,0.7950000000000002,4.826666666666667,3.0051000000000005,5.0899999999999945,3.57,0,0,0
Riccardo Calafiori,DEF,Arsenal,2.5,0,0,0,0,16.8,7,0.04,0.14,0.1,0.53,58,1,0,3.0,3.6,2025-09-28T15:30:00Z,69,15,0,0,0,0,6,0,1745426,1,2,1,10.0,1,84574,170270,85696,57,False,1,2025-26,6,5.7,0.0,,,,,,,,3.0,3.0,3.0,0.0,DEF,riccardo calafiori,3,82.33333333333333,76.2,3.0,7.0,0.331999999999999,0.3139999999999999,0.0179999999999999,0.6,0.0,79.88,0.9985,4.680000000000001,3.984015,7.059999999999995,6.82,1,0,1
Tyrick Mitchell,DEF,Crystal Palace,5.0,0,0,11,0,15.3,258,0.12,0.12,0.0,2.14,54,1,0,4.8,24.8,2025-09-27T14:00:00Z,90,12,0,0,0,0,6,0,237454,1,1,2,8.0,4,9296,24875,15579,50,True,0,2025-26,6,5.0,0.0,,,,,,,,8.0,13.0,3.0,5.0,DEF,tyrick mitchell,3,90.0,90.0,6.666666666666667,6.0,0.123999999999999,0.056,0.068,0.6,0.0,90.0,1.0,7.333333333333334,3.5,6.019999999999995,5.23,1,0,0
Antoine Semenyo,MID,Bournemouth,0.0,1,3,63,0,16.5,82,0.06,0.72,0.66,0.88,63,1,2,17.2,92.4,2025-10-03T19:00:00Z,90,10,0,0,0,0,7,0,6771772,1,1,3,63.0,18,552867,587033,34166,78,True,0,2025-26,7,7.8,0.0,,,,,,,,1.0,9.0,7.0,1.0,MID,antoine semenyo,3,90.0,90.0,8.333333333333334,6.6,0.4739999999999997,0.416,0.0580000000000001,0.6,0.0,90.0,1.0,9.786666666666669,5.46,5.369999999999999,5.69,1,0,0
Bruno Borges Fernandes,MID,Man Utd,0.0,0,0,17,1,37.9,449,0.3,0.47,0.17,0.71,68,0,0,6.9,18.2,2025-10-04T14:00:00Z,90,17,0,0,0,0,7,0,2399723,1,0,2,13.0,3,-165385,101549,266934,90,True,0,2025-26,7,9.0,0.0,,,,,,,,5.0,9.0,4.0,0.0,MID,bruno borges fernandes,3,88.66666666666667,89.2,3.6666666666666665,4.6,0.8139999999999997,0.674,0.1400000000000002,0.0,0.0,88.88,1.0,6.533333333333333,6.3,7.069999999999999,7.26,1,0,1
Chris Wood,FWD,Nott'm Forest,0.0,0,0,4,0,1.3,525,0.0,0.0,0.0,1.03,69,1,0,0.3,0.0,2025-10-05T13:00:00Z,63,15,0,0,0,0,7,0,1602878,1,0,2,2.0,2,-528915,13690,542605,74,False,0,2025-26,7,7.4,0.0,,,,,,,,1.0,2.0,1.0,0.0,FWD,chris wood,3,74.0,76.2,1.6666666666666667,1.8,0.3919999999999996,0.372,0.0200000000000001,0.2,0.0,74.88,0.936,4.293333333333334,4.84848,4.959999999999998,3.95,0,0,0
Daniel Muñoz Mejía,DEF,Crystal Palace,0.0,0,0,20,0,1.3,256,0.02,0.13,0.11,2.03,66,2,1,7.8,56.0,2025-10-05T13:00:00Z,90,9,0,0,0,0,7,0,1494167,1,1,2,21.0,8,-10284,79290,89574,56,False,1,2025-26,7,5.6,0.0,,,,,,,,9.0,16.0,7.0,7.0,DEF,daniel muñoz mejía,3,90.0,90.0,3.0,4.6,0.3659999999999997,0.1359999999999999,0.23,0.4,0.0,90.0,1.0,4.640000000000001,3.92,6.429999999999998,5.52,1,0,0
Enzo Fernández,MID,Chelsea,0.0,0,0,7,0,14.8,237,0.03,0.38,0.35,1.95,65,1,0,5.1,13.2,2025-10-04T16:30:00Z,90,12,0,0,0,0,7,0,1706221,1,1,2,23.0,2,154108,240220,86112,67,True,0,2025-26,7,6.7,0.0,,,,,,,,1.0,11.0,6.0,4.0,MID,enzo fernández,3,90.0,90.0,4.666666666666667,7.2,0.7579999999999997,0.6819999999999998,0.0760000000000001,0.2,0.0,90.0,1.0,6.413333333333334,4.69,6.789999999999998,7.11,1,0,0
Erling Haaland,FWD,Man City,0.0,0,2,36,1,3.4,430,0.01,0.3,0.29,0.83,64,0,1,6.2,35.4,2025-10-05T15:30:00Z,90,5,0,0,0,0,7,0,7060510,1,1,0,23.0,8,1031965,1038671,6706,144,False,0,2025-26,7,14.4,0.0,,,,,,,,2.0,2.0,0.0,0.0,FWD,erling haaland,3,83.66666666666667,86.2,12.666666666666666,9.8,1.1839999999999995,1.0719999999999998,0.1120000000000001,0.4,0.0,84.68,1.0,14.0,10.08,8.919999999999998,8.87,1,1,0
Jaidon Anthony,MID,Burnley,0.0,0,0,2,0,2.1,200,0.01,0.01,0.0,0.99,62,1,0,1.2,5.6,2025-10-05T13:00:00Z,58,2,0,0,0,0,7,0,777288,1,1,2,4.0,1,411927,439801,27874,57,False,0,2025-26,7,5.7,0.0,,,,,,,,0.0,7.0,3.0,4.0,MID,jaidon anthony,3,88.33333333333333,89.0,6.333333333333333,7.6,0.3939999999999992,0.3439999999999997,0.05,0.4,0.0,88.6,1.0,7.346666666666667,3.99,4.969999999999996,4.76,0,0,0
Jean-Philippe Mateta,FWD,Crystal Palace,0.0,0,0,3,1,1.6,283,0.0,0.59,0.59,0.43,66,0,0,3.7,6.4,2025-10-05T13:00:00Z,69,9,0,0,0,0,7,0,1211107,1,1,2,29.0,2,24358,155189,130831,75,False,0,2025-26,7,7.5,0.0,,,,,,,,2.0,2.0,0.0,0.0,FWD,jean-philippe mateta,3,90.0,88.2,3.333333333333333,3.4,0.7479999999999993,0.6599999999999997,0.0880000000000001,0.4,0.0,89.28,1.0,5.666666666666667,5.25,6.739999999999997,6.02,1,0,0
Jurriën Timber,DEF,Arsenal,0.0,1,2,43,1,16.8,8,0.03,0.19,0.16,0.49,61,0,0,6.6,20.2,2025-10-04T14:00:00Z,90,19,0,0,0,0,7,0,1910147,1,0,2,29.0,11,197000,274109,77109,58,True,0,2025-26,7,5.8,0.0,,,,,,,,3.0,9.0,3.0,6.0,DEF,jurriën timber,3,86.33333333333333,82.4,3.6666666666666665,7.4,0.4219999999999992,0.3459999999999997,0.076,0.4,0.0,84.75999999999999,1.0,5.253333333333334,4.06,6.709999999999996,6.33,1,0,0
Marcos Senesi Barón,DEF,Bournemouth,0.0,0,0,9,0,8.1,72,0.72,0.72,0.0,0.6,63,1,0,3.3,23.2,2025-10-03T19:00:00Z,77,10,0,0,0,0,7,0,2940581,1,1,3,2.0,2,705030,728338,23308,49,True,0,2025-26,7,4.9,0.0,,,,,,,,7.0,7.0,2.0,0.0,DEF,marcos senesi barón,3,90.0,90.0,6.333333333333333,8.4,0.0919999999999991,0.0279999999999999,0.064,0.6,0.0,90.0,1.0,7.026666666666666,3.43,5.859999999999996,5.0,1,0,0
Nick Pope,GK,Newcastle,0.0,0,0,31,1,0.0,469,0.0,0.0,0.0,0.29,69,0,0,2.9,29.0,2025-10-05T13:00:00Z,90,16,0,0,0,0,7,4,1062484,1,0,2,0.0,7,214146,243259,29113,51,True,0,2025-26,7,5.1,0.0,,,,,,,,1.0,0.0,8.0,0.0,GK,nick pope,3,90.0,90.0,5.333333333333333,5.0,0.0,0.0,0.0,0.6,2.4,90.0,1.0,6.306666666666667,3.5699999999999994,5.4,5.57,1,0,0
Omar Alderete,DEF,Sunderland,0.0,0,0,2,0,2.3,683,0.01,0.01,0.0,1.84,68,2,0,1.7,15.0,2025-10-04T14:00:00Z,90,14,0,0,0,0,7,0,763041,1,0,2,0.0,0,425512,441449,15937,41,False,1,2025-26,7,4.1,0.0,,,,,,,,4.0,5.0,2.0,1.0,DEF,omar alderete,3,90.0,90.0,10.0,7.0,0.1579999999999988,0.1159999999999998,0.0419999999999999,0.4,0.0,90.0,1.0,9.64,2.87,5.389999999999994,4.57,0,0,0
Tino Livramento,DEF,Newcastle,0.0,0,0,0,0,0.0,477,0.0,0.0,0.0,0.0,69,0,0,0.0,0.0,2025-10-05T13:00:00Z,0,16,0,0,0,0,7,0,862111,0,0,2,0.0,0,-267335,52655,319990,51,True,0,2025-26,7,5.1,0.0,,,,,,,,0.0,0.0,0.0,0.0,DEF,tino livramento,3,85.33333333333333,87.2,6.0,5.6,0.0599999999999991,0.0,0.0599999999999999,0.8,0.0,86.08,1.0,6.840000000000001,3.5699999999999994,6.4999999999999964,4.93,1,0,0
Yankuba Minteh,MID,Brighton,0.0,0,0,17,0,62.3,160,0.24,0.25,0.01,0.56,70,1,0,9.4,26.8,2025-10-05T13:00:00Z,90,20,0,0,0,0,7,0,428481,1,1,1,5.0,2,234938,256757,21819,59,False,0,2025-26,7,5.9,0.0,,,,,,,,2.0,10.0,6.0,2.0,MID,yankuba minteh,3,85.0,87.0,6.666666666666667,5.2,0.497999999999999,0.3039999999999999,0.194,0.0,0.0,85.80000000000001,1.0,7.693333333333334,4.13,5.489999999999995,4.9,1,0,0
Đorđe Petrović,GK,Bournemouth,0.0,0,0,13,0,0.0,67,0.0,0.0,0.0,0.88,63,1,0,1.9,19.4,2025-10-03T19:00:00Z,90,10,0,0,0,0,7,3,689759,1,1,3,0.0,3,20309,51090,30781,45,True,0,2025-26,7,4.5,0.0,,,,,,,,2.0,0.0,9.0,0.0,GK,đorđe petrović,3,90.0,90.0,3.6666666666666665,4.4,0.0,0.0,0.0,0.6,2.0,90.0,1.0,4.733333333333333,3.15,5.4,5.18,0,0,0
Antoine Semenyo,MID,Bournemouth,9.7,1,0,7,0,3.0,82,0.03,0.16,0.13,4.44,73,3,0,3.7,6.6,2025-10-18T14:00:00Z,90,8,0,0,0,0,8,0,7634441,1,3,3,27.0,4,800105,820587,20482,80,False,1,2025-26,8,8.0,0.0,,,,,,,,1.0,5.0,3.0,1.0,MID,antoine semenyo,3,90.0,90.0,10.0,9.0,0.4679999999999998,0.412,0.0560000000000001,0.4,0.0,90.0,1.0,11.2,5.6,5.339999999999999,5.49,1,0,0
Bruno Borges Fernandes,MID,Man Utd,2.3,1,3,27,0,44.8,449,0.12,0.32,0.2,2.44,75,1,0,8.3,29.2,2025-10-19T15:30:00Z,84,12,0,0,0,0,8,0,2032709,1,2,1,9.0,8,-375032,40705,415737,90,False,0,2025-26,8,9.0,0.0,,,,,,,,2.0,8.0,5.0,1.0,MID,bruno borges fernandes,3,88.66666666666667,89.2,4.0,4.8,0.7359999999999997,0.5439999999999999,0.1920000000000002,0.2,0.0,88.88,1.0,6.800000000000001,6.3,6.679999999999998,6.6,1,0,1
Daniel Muñoz Mejía,DEF,Crystal Palace,6.7,2,1,28,0,22.4,256,0.57,0.61,0.04,2.03,73,3,0,8.3,39.4,2025-10-18T14:00:00Z,90,4,0,0,0,0,8,0,1561887,1,3,3,21.0,10,49594,110069,60475,56,True,0,2025-26,8,5.6,0.0,,,,,,,,6.0,11.0,3.0,5.0,DEF,daniel muñoz mejía,3,90.0,90.0,4.0,5.2,0.3279999999999997,0.158,0.17,0.4,0.0,90.0,1.0,5.44,3.92,6.239999999999998,5.44,1,0,0
Enzo Fernández,MID,Chelsea,3.2,0,0,0,0,0.0,237,0.0,0.0,0.0,0.0,77,0,0,0.0,0.0,2025-10-18T11:30:00Z,0,16,0,0,0,0,8,0,1791870,0,3,0,0.0,0,64893,304636,239743,67,False,0,2025-26,8,6.7,0.0,,,,,,,,0.0,0.0,0.0,0.0,MID,enzo fernández,3,90.0,90.0,4.0,5.6,0.6239999999999998,0.5459999999999998,0.0780000000000001,0.2,0.0,90.0,1.0,5.880000000000001,4.69,6.119999999999999,6.19,1,0,0
Erling Haaland,FWD,Man City,12.8,0,3,62,1,1.9,430,0.02,1.0,0.98,0.81,76,0,2,16.4,77.4,2025-10-18T14:00:00Z,90,9,0,0,0,0,8,0,7826831,1,0,2,85.0,13,707569,717731,10162,146,True,0,2025-26,8,14.6,0.0,,,,,,,,2.0,4.0,2.0,0.0,FWD,erling haaland,3,85.0,86.2,11.0,11.0,1.0899999999999996,1.0359999999999998,0.0540000000000001,0.6,0.0,85.48,1.0,14.0,10.22,8.45,8.77,1,1,0
Iliman Ndiaye,MID,Everton,3.8,0,0,20,0,26.7,299,0.56,0.6,0.04,1.52,76,2,0,7.0,20.4,2025-10-18T14:00:00Z,85,13,0,0,0,0,8,0,1271587,1,0,2,23.0,4,-49774,72776,122550,65,False,0,2025-26,8,6.5,0.0,,,,,,,,2.0,17.0,11.0,4.0,MID,iliman ndiaye,3,85.0,87.0,5.0,5.4,0.4899999999999993,0.2859999999999997,0.2040000000000001,0.2,0.0,85.80000000000001,1.0,6.6,4.55,5.449999999999997,4.82,1,0,0
Jean-Philippe Mateta,FWD,Crystal Palace,7.0,0,3,66,0,9.1,283,0.03,3.7,3.67,2.03,73,3,3,25.1,103.8,2025-10-18T14:00:00Z,90,4,0,0,0,0,8,0,1212931,1,3,3,138.0,17,-9499,129530,139029,75,True,0,2025-26,8,7.5,0.0,,,,,,,,0.0,4.0,2.0,2.0,FWD,jean-philippe mateta,3,83.0,84.6,3.333333333333333,3.4,0.8339999999999993,0.7459999999999998,0.0880000000000001,0.6,0.0,83.63999999999999,1.0,5.666666666666667,5.25,7.169999999999996,6.22,1,0,0
Jurriën Timber,DEF,Arsenal,6.8,0,0,27,1,31.8,8,0.15,0.15,0.0,0.44,74,0,0,5.5,16.8,2025-10-18T16:30:00Z,90,10,0,0,0,0,8,0,2468281,1,1,0,6.0,6,509451,553581,44130,59,False,0,2025-26,8,5.9,0.0,,,,,,,,2.0,4.0,5.0,2.0,DEF,jurriën timber,3,86.33333333333333,87.8,4.666666666666667,4.8,0.2879999999999993,0.2159999999999997,0.072,0.4,0.0,86.91999999999999,1.0,6.093333333333334,4.13,6.039999999999997,5.41,1,0,0
Lucas Tolentino Coelho de Lima,MID,West Ham,2.3,0,0,6,0,6.6,612,0.08,0.12,0.04,2.31,80,2,0,1.8,8.0,2025-10-20T19:00:00Z,90,5,0,0,0,0,8,0,372394,1,2,0,3.0,2,13215,65129,51914,59,True,0,2025-26,8,5.9,0.0,,,,,,,,3.0,9.0,4.0,2.0,MID,lucas tolentino coelho de lima,3,90.0,85.4,2.0,3.6,0.4359999999999991,0.2979999999999999,0.138,0.2,0.0,88.16,1.0,3.96,4.13,5.179999999999996,4.7,0,0,0
Martin Dúbravka,GK,Burnley,4.0,0,2,32,1,0.0,470,0.0,0.0,0.0,2.63,72,0,0,3.3,32.6,2025-10-18T14:00:00Z,90,11,0,0,0,0,8,4,4185019,1,0,2,0.0,9,25111,85544,60433,40,True,0,2025-26,8,4.0,0.0,,,,,,,,3.0,0.0,7.0,0.0,GK,martin dúbravka,3,90.0,90.0,2.333333333333333,2.4,0.0,0.0,0.0,0.0,5.0,90.0,1.0,3.466666666666667,2.8,3.0,4.24,0,0,0
Nick Pope,GK,Newcastle,4.2,0,0,10,0,0.0,469,0.0,0.0,0.0,0.91,71,2,0,2.0,20.0,2025-10-18T14:00:00Z,90,6,0,0,0,0,8,3,1390465,1,1,2,0.0,2,302387,336517,34130,51,False,0,2025-26,8,5.1,0.0,,,,,,,,3.0,0.0,14.0,0.0,GK,nick pope,3,90.0,90.0,5.0,5.6,0.0,0.0,0.0,0.8,3.0,90.0,1.0,6.04,3.5699999999999994,6.2,5.77,1,0,0
Nick Woltemade,FWD,Newcastle,7.5,0,2,29,0,2.5,714,0.07,0.78,0.71,0.91,71,2,1,7.5,35.0,2025-10-18T14:00:00Z,90,6,0,0,0,0,8,0,1667416,1,1,2,37.0,8,825582,878389,52807,73,False,0,2025-26,8,7.3,0.0,,,,,,,,2.0,5.0,2.0,1.0,FWD,nick woltemade,3,79.66666666666667,75.75,5.0,6.0,0.5149999999999987,0.4824999999999999,0.0324999999999999,1.0,0.0,78.10000000000001,0.97625,6.92,4.988637499999999,5.574999999999994,4.58,0,0,0
Nico O'Reilly,DEF,Man City,6.5,1,2,37,1,17.8,411,0.17,0.44,0.27,0.81,76,0,0,5.6,23.8,2025-10-18T14:00:00Z,84,9,0,0,0,0,8,0,91401,1,0,2,14.0,11,11114,17535,6421,49,True,0,2025-26,8,4.9,0.0,,,,,,,,4.0,6.0,2.0,2.0,DEF,nico o'reilly,3,86.0,73.2,4.333333333333333,4.0,0.0619999999999989,0.0159999999999999,0.0459999999999999,0.6,0.0,80.88,1.0,5.426666666666667,3.43,5.709999999999995,4.8,1,0,0
Omar Alderete,DEF,Sunderland,5.4,0,0,20,1,11.0,683,0.01,0.01,0.0,0.83,78,0,0,2.9,17.6,2025-10-18T14:00:00Z,90,20,0,0,0,0,8,0,841370,1,0,2,0.0,6,89162,172454,83292,41,True,0,2025-26,8,4.1,0.0,,,,,,,,7.0,8.0,1.0,1.0,DEF,omar alderete,3,90.0,90.0,7.0,6.8,0.1439999999999988,0.1039999999999998,0.0399999999999999,0.4,0.0,90.0,1.0,7.24,2.87,5.319999999999995,4.47,0,0,0
Sven Botman,DEF,Newcastle,3.8,0,0,4,0,1.3,475,0.01,0.06,0.05,0.91,71,2,0,2.9,15.6,2025-10-18T14:00:00Z,90,6,0,0,0,0,8,0,78183,1,1,2,12.0,1,11323,15695,4372,49,False,0,2025-26,8,4.9,0.0,,,,,,,,5.0,6.0,3.0,1.0,DEF,sven botman,3,90.0,67.6,5.666666666666667,5.2,0.061999999999999,0.016,0.046,0.6,0.0,81.03999999999999,1.0,6.493333333333334,3.43,5.709999999999996,4.8,1,0,0
Antoine Semenyo,MID,Bournemouth,8.3,0,0,14,1,13.1,82,0.04,0.07,0.03,0.35,83,0,0,3.9,8.4,2025-10-26T14:00:00Z,90,16,0,0,0,0,9,0,7927468,1,0,2,17.0,3,268251,294843,26592,81,True,0,2025-26,9,8.1,0.0,,,,,,,,0.0,8.0,7.0,1.0,MID,antoine semenyo,3,90.0,90.0,9.666666666666666,9.4,0.4459999999999997,0.396,0.0500000000000001,0.2,0.0,90.0,1.0,10.973333333333333,5.669999999999999,5.229999999999999,5.3,1,0,0
Bruno Borges Fernandes,MID,Man Utd,5.0,0,0,27,0,30.7,449,0.19,0.57,0.38,1.12,88,2,0,11.0,30.8,2025-10-25T16:30:00Z,90,6,0,0,0,0,9,0,2093587,1,2,4,48.0,4,32630,112314,79684,89,True,0,2025-26,9,8.9,0.0,,,,,,,,5.0,15.0,7.0,3.0,MID,bruno borges fernandes,3,88.0,88.0,3.333333333333333,4.4,0.5659999999999996,0.3999999999999999,0.1660000000000002,0.2,0.0,88.0,1.0,6.226666666666668,6.23,5.829999999999998,5.49,1,0,0
Cody Gakpo,MID,Liverpool,5.8,0,0,14,0,33.1,384,0.48,0.52,0.04,2.37,84,3,0,4.0,3.6,2025-10-25T19:00:00Z,60,5,0,0,0,0,9,0,1850629,1,2,3,3.0,2,352704,396097,43393,75,False,0,2025-26,9,7.5,0.0,,,,,,,,0.0,1.0,1.0,0.0,MID,cody gakpo,3,75.0,75.0,5.0,4.0,0.6739999999999996,0.4920000000000001,0.1820000000000001,0.2,0.0,75.0,0.9375,7.0,4.921875,6.369999999999997,5.58,1,0,0
Erling Haaland,FWD,Man City,8.2,0,0,9,0,2.6,430,0.01,0.24,0.23,0.81,82,1,0,7.1,15.2,2025-10-26T14:00:00Z,90,2,0,0,0,0,9,0,8327859,1,0,1,53.0,2,470274,478726,8452,147,False,0,2025-26,9,14.7,0.0,,,,,,,,3.0,3.0,0.0,0.0,FWD,erling haaland,3,90.0,86.2,12.333333333333334,11.8,1.0099999999999998,0.952,0.0580000000000001,0.8,0.0,88.48,1.0,14.0,10.29,8.049999999999999,8.54,1,0,1
Gabriel dos Santos Magalhães,DEF,Arsenal,8.2,0,3,32,1,11.2,5,0.03,0.13,0.1,0.47,81,0,0,4.7,27.2,2025-10-26T14:00:00Z,90,8,0,0,0,0,9,0,4322773,1,0,1,9.0,9,434572,494883,60311,64,True,0,2025-26,9,6.4,0.0,,,,,,,,9.0,9.0,0.0,0.0,DEF,gabriel dos santos magalhães,3,90.0,90.0,11.333333333333334,9.0,0.1499999999999995,0.1319999999999996,0.0180000000000002,0.6,0.0,90.0,1.0,11.626666666666669,4.48,6.149999999999997,5.78,1,0,0
Iliman Ndiaye,MID,Everton,4.3,0,0,11,0,3.7,299,0.56,0.73,0.17,2.08,86,3,0,3.9,13.8,2025-10-26T16:30:00Z,90,18,0,0,0,0,9,0,1378025,1,3,0,21.0,2,95218,135650,40432,65,True,0,2025-26,9,6.5,0.0,,,,,,,,1.0,10.0,6.0,3.0,MID,iliman ndiaye,3,85.0,86.0,4.333333333333333,4.8,0.4879999999999992,0.1819999999999997,0.3060000000000001,0.2,0.0,85.4,1.0,6.066666666666666,4.55,5.439999999999996,4.54,0,0,0
Jean-Philippe Mateta,FWD,Crystal Palace,6.0,0,0,6,0,2.4,283,0.01,0.15,0.14,1.08,81,1,0,0.8,0.6,2025-10-26T14:00:00Z,90,1,0,0,0,0,9,0,1593683,1,0,1,5.0,2,364589,436003,71414,76,False,0,2025-26,9,7.6,0.0,,,,,,,,0.0,3.0,3.0,0.0,FWD,jean-philippe mateta,3,83.0,85.8,7.0,5.8,1.3499999999999992,1.3219999999999996,0.0280000000000001,0.4,0.0,84.12,1.0,8.64,5.319999999999999,9.749999999999996,9.38,1,1,0
Junior Kroupi,FWD,Bournemouth,6.0,0,0,30,1,13.9,100,0.06,0.21,0.15,0.14,83,0,1,6.3,32.4,2025-10-26T14:00:00Z,68,16,0,0,0,0,9,0,362815,1,0,2,17.0,6,136515,153019,16504,45,True,0,2025-26,9,4.5,0.0,,,,,,,,0.0,2.0,2.0,0.0,FWD,junior kroupi,3,72.0,43.2,10.0,6.0,0.5179999999999992,0.5019999999999997,0.016,0.2,0.0,60.48,0.756,9.8,2.3814,5.589999999999996,3.85,0,0,0
Jurriën Timber,DEF,Arsenal,8.7,0,0,25,1,16.7,8,0.04,0.04,0.0,0.47,81,0,0,3.1,11.8,2025-10-26T14:00:00Z,90,8,0,0,0,0,9,0,2724017,1,0,1,2.0,6,250337,290738,40401,60,True,0,2025-26,9,6.0,0.0,,,,,,,,2.0,4.0,4.0,2.0,DEF,jurriën timber,3,90.0,87.8,6.333333333333333,5.6,0.2899999999999992,0.1979999999999997,0.092,0.6,0.0,89.12,1.0,7.466666666666667,4.199999999999999,6.849999999999996,6.42,1,0,0
Nick Pope,GK,Newcastle,4.0,0,0,14,0,0.0,469,0.0,0.0,0.0,1.53,89,1,0,2.7,27.4,2025-10-25T14:00:00Z,90,10,0,0,0,0,9,4,1480976,1,1,2,0.0,3,83526,119920,36394,52,True,0,2025-26,9,5.2,0.0,,,,,,,,0.0,0.0,7.0,0.0,GK,nick pope,3,90.0,90.0,3.6666666666666665,5.0,0.0,0.0,0.0,0.6,3.4,90.0,1.0,5.013333333333334,3.64,5.4,5.95,1,0,0
Nico O'Reilly,DEF,Man City,6.2,0,0,1,0,11.1,411,0.07,0.2,0.13,0.27,82,0,0,3.7,8.6,2025-10-26T14:00:00Z,29,2,0,0,0,0,9,0,135132,0,0,1,17.0,1,40057,45588,5531,49,False,0,2025-26,9,4.9,0.0,,,,,,,,1.0,4.0,1.0,3.0,DEF,nico o'reilly,3,85.33333333333333,86.4,6.0,6.0,0.1459999999999989,0.0659999999999999,0.0799999999999999,0.8,0.0,85.75999999999999,1.0,6.760000000000001,3.43,6.929999999999994,5.32,1,0,0
Nordi Mukiele,DEF,Sunderland,7.3,0,0,8,0,0.8,694,0.01,0.01,0.0,0.9,85,1,0,1.5,12.4,2025-10-25T14:00:00Z,90,7,0,0,0,0,9,0,479348,1,2,1,2.0,2,145131,157542,12411,41,False,0,2025-26,9,4.1,0.0,,,,,,,,5.0,6.0,5.0,1.0,DEF,nordi mukiele,3,90.0,90.0,8.666666666666666,8.0,0.1219999999999988,0.0619999999999999,0.0599999999999999,0.6,0.0,90.0,1.0,8.573333333333334,2.87,6.0099999999999945,5.25,1,0,0
Omar Alderete,DEF,Sunderland,0.0,0,0,0,0,0.0,683,0.0,0.0,0.0,0.0,85,0,0,0.0,0.0,2025-10-25T14:00:00Z,0,7,0,0,0,0,9,0,793138,0,2,1,0.0,0,-44311,36754,81065,41,False,0,2025-26,9,4.1,0.0,,,,,,,,0.0,0.0,0.0,0.0,DEF,omar alderete,3,90.0,90.0,7.666666666666667,7.2,0.1339999999999988,0.0939999999999998,0.0399999999999999,0.6,0.0,90.0,1.0,7.773333333333333,2.87,6.069999999999994,5.41,1,0,0
Robin Roefs,GK,Sunderland,4.3,0,0,22,0,0.0,670,0.0,0.0,0.0,0.9,85,1,0,4.4,43.8,2025-10-25T14:00:00Z,90,7,0,0,0,0,9,6,709585,1,2,1,0.0,4,65281,84089,18808,46,False,0,2025-26,9,4.6,0.0,,,,,,,,2.0,0.0,11.0,0.0,GK,robin roefs,3,90.0,90.0,6.333333333333333,6.2,0.001999999999999,0.0,0.0019999999999999,0.6,4.0,90.0,1.0,6.906666666666666,3.22,5.409999999999995,5.89,0,0,0
Yankuba Minteh,MID,Brighton,3.0,1,0,16,0,12.3,160,0.02,0.05,0.03,1.29,88,4,0,2.7,4.4,2025-10-25T16:30:00Z,90,14,0,0,0,0,9,0,425529,1,2,4,10.0,5,-16476,37277,53753,60,False,0,2025-26,9,6.0,0.0,,,,,,,,0.0,5.0,3.0,2.0,MID,yankuba minteh,3,89.66666666666667,86.8,3.0,4.8,0.4519999999999989,0.2719999999999999,0.18,0.0,0.0,88.52000000000001,1.0,4.800000000000001,4.199999999999999,5.2599999999999945,4.71,0,0,0
