season,gw,date,home,away,y,M3_PH,M3_PD,M3_PA,M3_pred,S2_PH,S2_PD,S2_PA,S2_pred,PLAYER_PH,PLAYER_PD,PLAYER_PA,PLAYER_pred,TACTICAL_PH,TACTICAL_PD,TACTICAL_PA,TACTICAL_pred,HYBRIDRAW_PH,HYBRIDRAW_PD,HYBRIDRAW_PA,HYBRIDRAW_pred
2022-23,15,2022-08-05,Crystal Palace,Arsenal,2,0.0,0.0,0.0,0,0.40040076427696913,0.24446936878820894,0.3551298669348219,0,0.29719549808753476,0.2464938652297425,0.45631063668272265,2,0.10462307847172278,0.27597759341098604,0.6193993281172911,2,0.05285625438486155,0.1045872741146051,0.8425564715005334,2
2022-23,15,2022-08-06,Everton,Chelsea,2,0.0,0.0,0.0,0,0.3192969444772561,0.24164110928720203,0.43906194623554196,2,0.23080836639784522,0.23362994639048623,0.5355616872116685,2,0.36699891062203344,0.0954639947943455,0.5375370945836211,2,0.12519343931319185,0.047046582192411146,0.827759978494397,2
2022-23,15,2022-08-06,Tottenham,Southampton,0,0.0,0.0,0.0,0,0.5587454176392139,0.22068686388160472,0.22056771847918144,0,0.7071532160929125,0.18839621530219916,0.10445056860488834,0,0.7914224762318581,0.07940813717433066,0.12916938659381125,0,0.7265350823430249,0.0996790712442233,0.1737858464127518,0
2022-23,15,2022-08-06,Newcastle United,Nottingham Forest,0,0.0,0.0,0.0,0,0.4268476907340692,0.2429246957607328,0.330227613505198,0,0.5115745192377947,0.24528990961671035,0.24313557114549483,0,0.4128369676931843,0.22463203275580781,0.36253099955100787,0,0.5912054506682127,0.1887329504283953,0.22006159890339203,0
2022-23,15,2022-08-06,Leeds United,Wolverhampton Wanderers,0,0.0,0.0,0.0,0,0.4135510166961758,0.24661931127442752,0.33982967202939685,0,0.4612474089538005,0.253274060770756,0.2854785302754436,0,0.625637723336118,0.23318748354610466,0.14117479311777725,0,0.7493615275264269,0.2080936974675722,0.04254477500600093,0
2022-23,15,2022-08-06,Bournemouth,Aston Villa,0,0.0,0.0,0.0,0,0.4420925938785832,0.2440173418237342,0.31389006429768257,0,0.3273110054823259,0.2592159399109617,0.41347305460671246,2,0.6215399268792714,0.1510667687536341,0.2273933043670944,0,0.6568431117260738,0.16309325917696826,0.1800636290969579,0
2022-23,15,2022-08-06,Fulham,Liverpool,1,0.0,0.0,0.0,0,0.2012930125007841,0.21425574445761225,0.5844512430416037,2,0.06331831956115958,0.14454925429255724,0.7921324261462831,2,0.16282940381564207,0.24974568398472136,0.5874249121996367,2,0.07542371523693155,0.42643209610758726,0.4981441886554813,2
2022-23,15,2022-08-07,Leicester City,Brentford,1,0.0,0.0,0.0,0,0.45591885460564924,0.23901374315640272,0.3050674022379479,0,0.5226449547758724,0.24235891152964179,0.23499613369448588,0,0.30387501638614,0.47551195675529784,0.22061302685856196,1,0.2852887024428565,0.5935032084910263,0.12120808906611727,1
2022-23,15,2022-08-07,Manchester United,Brighton and Hove Albion,2,0.0,0.0,0.0,0,0.49383778630222763,0.2354540151864289,0.2707081985113434,0,0.598846145656688,0.22313858645025725,0.1780152678930548,0,0.4985457343748525,0.17309476606931654,0.32835949955583105,0,0.2252080254464842,0.03482494243744576,0.73996703211607,2
2022-23,15,2022-08-07,West Ham United,Manchester City,2,0.0,0.0,0.0,0,0.2860200296814396,0.23745441082648752,0.47652555949207287,2,0.18578997339333497,0.2114283671800041,0.602781659426661,2,0.060119798597249585,0.22502860101208635,0.7148516003906641,2,0.06927342758563439,0.10429043933090681,0.8264361330834588,2
2022-23,15,2022-08-13,Brentford,Manchester United,0,0.0,0.0,0.0,0,0.38627814106847275,0.24523678447139335,0.3684850744601338,0,0.32871951452394443,0.2516045290054132,0.41967595647064226,2,0.3352172066953112,0.21545643367840855,0.4493263596262803,2,0.5131414885692552,0.22636251025864595,0.26049600117209887,0
2022-23,15,2022-08-13,Wolverhampton Wanderers,Fulham,1,0.0,0.0,0.0,0,0.5631622029702565,0.22047209422485017,0.2163657028048933,0,0.5756553285326224,0.23631106639878524,0.1880336050685923,0,0.4799280175589962,0.4149482001563938,0.1051237822846098,0,0.3723274612213186,0.4452996773388539,0.18237286143982748,1
2022-23,15,2022-08-13,Southampton,Leeds United,1,0.0,0.0,0.0,0,0.41837814757538055,0.24312113948637337,0.33850071293824613,0,0.3515645271458899,0.2582597413368906,0.39017573151721946,2,0.18064216236491026,0.5250294986502004,0.2943283389848893,1,0.23029605803880518,0.6018101322445775,0.16789380971661738,1
2022-23,15,2022-08-13,Aston Villa,Everton,0,0.0,0.0,0.0,0,0.4673513306121902,0.24159433717805867,0.2910543322097512,0,0.4958263573928133,0.25016469655632967,0.254008946050857,0,0.7872148315238239,0.147677368815457,0.06510779966071921,0,0.8294270473965392,0.1354624828319952,0.03511046977146572,0
2022-23,15,2022-08-13,Brighton and Hove Albion,Newcastle United,1,0.0,0.0,0.0,0,0.5087898720247352,0.23322744714117818,0.25798268083408654,0,0.46966569004722897,0.24884214824625955,0.2814921617065116,0,0.4997728466016686,0.2205137834357208,0.27971336996261065,0,0.23277838549766344,0.5396907943496718,0.22753082015266476,1
2022-23,15,2022-08-13,Arsenal,Leicester City,0,0.0,0.0,0.0,0,0.5119187024030564,0.23185476216856887,0.2562265354283747,0,0.6166343384790156,0.21662277341754546,0.1667428881034389,0,0.7689360301879813,0.11010325040179546,0.1209607194102233,0,0.7582996523815654,0.07234702022306135,0.16935332739537323,0
2022-23,15,2022-08-13,Manchester City,Bournemouth,0,0.0,0.0,0.0,0,0.6952308129606657,0.17551151348021168,0.12925767355912246,0,0.8899954094235192,0.09042419248474103,0.0195803980917399,0,0.7755619043235833,0.08759474032541328,0.1368433553510033,0,0.908355920378467,0.04605570826850417,0.04558837135302887,0
2022-23,15,2022-08-14,Nottingham Forest,West Ham United,0,0.0,0.0,0.0,0,0.37575486442621764,0.24532501244647612,0.3789201231273063,2,0.36853727049627993,0.2558918892739933,0.3755708402297267,2,0.6213326186115101,0.22713148970418792,0.15153589168430193,0,0.8499865812201056,0.08997784881942124,0.06003556996047328,0
2022-23,15,2022-08-14,Chelsea,Tottenham,1,0.0,0.0,0.0,0,0.4013714144993617,0.24560719046574522,0.35302139503489294,0,0.5921521018590904,0.2192832034651134,0.18856469467579612,0,0.3453356493689606,0.5471792593441839,0.1074850912868554,1,0.20273081398137377,0.5491397007561524,0.24812948526247383,1
2022-23,15,2022-08-15,Liverpool,Crystal Palace,1,0.0,0.0,0.0,0,0.6284143032609915,0.20001442449452336,0.17157127224448504,0,0.8318299734466079,0.12592101155693708,0.0422490149964549,0,0.8021220889857843,0.12389723055448018,0.07398068045973548,0,0.690288341723566,0.24984519871926875,0.05986645955716512,0
2022-23,15,2022-08-20,Bournemouth,Arsenal,2,0.0,0.0,0.0,0,0.3450086629148462,0.246392025739214,0.4085993113459398,2,0.18767466585583897,0.22422068591446725,0.5881046482296937,2,0.07444033462355931,0.2048959631908412,0.7206637021855995,2,0.09658918276267957,0.0824297353375102,0.8209810818998102,2
2022-23,15,2022-08-20,Tottenham,Wolverhampton Wanderers,0,0.0,0.0,0.0,0,0.52288159836135,0.23018022132836538,0.2469381803102847,0,0.7042235916753499,0.18872114261679798,0.10705526570785212,0,0.8802601067701773,0.04710845245868928,0.07263144077113337,0,0.9520316641676557,0.02451115752256854,0.023457178309775794,0
2022-23,15,2022-08-20,Crystal Palace,Aston Villa,0,0.0,0.0,0.0,0,0.4425789190807527,0.2401980151474003,0.3172230657718471,0,0.45505577119616836,0.2529743952309477,0.29196983357288386,0,0.5028672661584354,0.14098155071322674,0.3561511831283378,0,0.8814606013079334,0.06426921788406871,0.05427018080799797,0
2022-23,15,2022-08-20,Everton,Nottingham Forest,1,0.0,0.0,0.0,0,0.43649758905835095,0.2453862050833683,0.31811620585828065,0,0.43281000630941396,0.25750012364707403,0.3096898700435121,0,0.38830170819320836,0.4125086554810161,0.19918963632577544,1,0.30916350400878245,0.5568930224173718,0.13394347357384565,1
2022-23,15,2022-08-20,Fulham,Brentford,0,0.0,0.0,0.0,0,0.41807790079372453,0.24640062983968816,0.3355214693665873,0,0.2962037978851964,0.2561187110500789,0.4476774910647247,2,0.22948194914174364,0.3773768520558622,0.3931411988023941,2,0.3512216242435689,0.28466900206765827,0.36410937368877283,2
2022-23,15,2022-08-20,Leicester City,Southampton,2,0.0,0.0,0.0,0,0.4385841568829647,0.2396871693715603,0.321728673745475,0,0.5422902294898111,0.24013512775729035,0.21757464275289856,0,0.31528405995904224,0.21251771889901147,0.47219822114194626,2,0.1450674371232884,0.1791021693181005,0.6758303935586111,2
2022-23,15,2022-08-21,Newcastle United,Manchester City,1,0.0,0.0,0.0,0,0.2929973896555098,0.23903153125011123,0.4679710790943788,2,0.17725237697661908,0.20824685043271443,0.6145007725906666,2,0.18267351352196892,0.27327621134444274,0.5440502751335883,2,0.22801001494058173,0.494980912290933,0.27700907276848524,1
2022-23,15,2022-08-21,Leeds United,Chelsea,0,0.0,0.0,0.0,0,0.33112417677937245,0.24503749472333328,0.4238383284972943,2,0.2808099213925995,0.24312338164266661,0.4760666969647339,2,0.5548654871955833,0.14153736880725626,0.3035971439971605,0,0.6572628681594295,0.10306207074780697,0.23967506109276351,0
2022-23,15,2022-08-21,West Ham United,Brighton and Hove Albion,2,0.0,0.0,0.0,0,0.3977662367443072,0.24512100392110922,0.35711275933458364,0,0.4676096518378202,0.24949595909523448,0.28289438906694536,0,0.38742015301018584,0.21064728959692108,0.401932557392893,2,0.24960185495381998,0.0788733054501539,0.671524839596026,2
2022-23,15,2022-08-22,Manchester United,Liverpool,0,0.0,0.0,0.0,0,0.33086362610417375,0.24372463427407265,0.4254117396217536,2,0.26161474489857883,0.231374598745956,0.5070106563554652,2,0.5803414006214473,0.14660251477374261,0.27305608460481007,0,0.7507992666546753,0.18997829394919824,0.05922243939612634,0
2022-23,15,2022-08-27,Southampton,Manchester United,2,0.0,0.0,0.0,0,0.34643331136498967,0.24466724925954722,0.4088994393754631,2,0.2777048902345321,0.24691578283045754,0.4753793269350104,2,0.28877569987417734,0.1899127568809101,0.5213115432449126,2,0.29874254755872587,0.032385414169865526,0.6688720382714087,2
2022-23,15,2022-08-27,Brentford,Everton,1,0.0,0.0,0.0,0,0.497621576121313,0.23395952461496453,0.2684188992637225,0,0.47210487126082035,0.25290815351805923,0.27498697522112026,0,0.32310117551836975,0.49345871119488527,0.18344011328674506,1,0.11324030455155693,0.7490084444090944,0.13775125103934868,1
2022-23,15,2022-08-27,Brighton and Hove Albion,Leeds United,0,0.0,0.0,0.0,0,0.46784215671955875,0.24014553365681732,0.29201230962362396,0,0.5199937747398687,0.24278553035700284,0.23722069490312844,0,0.4304769434506038,0.4714344683005352,0.09808858824886091,1,0.49652443712608085,0.33515674243615334,0.1683188204377659,0
2022-23,15,2022-08-27,Chelsea,Leicester City,0,0.0,0.0,0.0,0,0.5246312310064185,0.229296873176057,0.24607189581752448,0,0.6612442889455185,0.20317791132061588,0.13557779973386555,0,0.754180468409957,0.13773327093810064,0.10808626065194225,0,0.8664560936229695,0.06664002604685428,0.06690388033017618,0
2022-23,15,2022-08-27,Liverpool,Bournemouth,0,0.0,0.0,0.0,0,0.6953712321839296,0.1764931775593286,0.12813559025674182,0,0.875156432204903,0.10068900996466325,0.02415455783043375,0,0.8908119057533322,0.09321122840741723,0.015976865839250422,0,0.947528033708894,0.04418251461179484,0.008289451679311086,0
2022-23,15,2022-08-27,Manchester City,Crystal Palace,0,0.0,0.0,0.0,0,0.6428203328474528,0.19593874994407823,0.16124091720846898,0,0.8497550592684052,0.11525572673223991,0.03498921399935494,0,0.7654102972625112,0.21232691237383985,0.022262790363648987,0,0.8946522355349585,0.08334324818276556,0.02200451628227596,0
2022-23,15,2022-08-27,Arsenal,Fulham,0,0.0,0.0,0.0,0,0.5971945382943117,0.21018477527820176,0.19262068642748664,0,0.7586448687842505,0.16701522157673718,0.0743399096390123,0,0.7231582688660481,0.07648053202404226,0.20036119910990977,0,0.7706762920742898,0.09856187612952275,0.13076183179618736,0
2022-23,15,2022-08-28,Nottingham Forest,Tottenham,2,0.0,0.0,0.0,0,0.35049984364451836,0.24479612744418658,0.4047040289112949,2,0.263675501393403,0.24071887143771745,0.4956056271688794,2,0.20940290359300553,0.264729364482813,0.5258677319241815,2,0.28859304307426875,0.24340218334972635,0.46800477357600484,2
2022-23,15,2022-08-28,Aston Villa,West Ham United,2,0.0,0.0,0.0,0,0.44084212467183304,0.24259158285682686,0.31656629247134005,0,0.386709729382949,0.25698829117160255,0.35630197944544834,0,0.235857021322253,0.09247430767024252,0.6716686710075045,2,0.294819181593102,0.06942617312343055,0.6357546452834674,2
2022-23,15,2022-08-28,Wolverhampton Wanderers,Newcastle United,1,0.0,0.0,0.0,0,0.42044705023049456,0.2444227479533382,0.3351302018161674,0,0.3577236456959521,0.2554608153312502,0.3868155389727978,2,0.3367450152886511,0.4852530970080452,0.17800188770330375,1,0.19600030552652084,0.6497871171501187,0.1542125773233604,1
2022-23,15,2022-08-30,Leeds United,Everton,1,0.0,0.0,0.0,0,0.46721292091932154,0.23968012892531146,0.2931069501553668,0,0.5173420497218248,0.24572210265397446,0.23693584762420067,0,0.5145809766324546,0.34578957158874823,0.1396294517787972,0,0.3592726941071522,0.5859588913385418,0.05476841455430596,1
2022-23,15,2022-08-30,Southampton,Chelsea,0,0.0,0.0,0.0,0,0.33298169845668274,0.24475001197883162,0.42226828956448564,2,0.20833335938250983,0.2289967810484592,0.5626698595690309,2,0.27970410211500174,0.15358084903118271,0.5667150488538156,2,0.4087023600356707,0.12097347878391618,0.4703241611804131,2
2022-23,15,2022-08-30,Crystal Palace,Brentford,1,0.0,0.0,0.0,0,0.431911766510056,0.24556727770389714,0.3225209557860468,0,0.531302948898512,0.2424421005151321,0.22625495058635586,0,0.35093029049148833,0.5857709403756803,0.06329876913283125,1,0.10941023596442867,0.823136759853412,0.06745300418215934,1
2022-23,15,2022-08-30,Fulham,Brighton and Hove Albion,0,0.0,0.0,0.0,0,0.34767977241409265,0.24473177089009857,0.40758845669580873,2,0.22617123156871782,0.23996554262836303,0.5338632258029191,2,0.4811069789016185,0.14980918967869009,0.36908383141969137,0,0.5375956528649491,0.19323711716202277,0.269167229973028,0
2022-23,15,2022-08-31,Arsenal,Aston Villa,0,0.0,0.0,0.0,0,0.5777144460300163,0.21697640739769206,0.20530914657229168,0,0.7229279358711868,0.18160565359728878,0.09546641053152448,0,0.8119726558961808,0.05987016570053768,0.1281571784032816,0,0.8609479695310207,0.06118307223621503,0.07786895823276425,0
2022-23,15,2022-08-31,Bournemouth,Wolverhampton Wanderers,1,0.0,0.0,0.0,0,0.3737170999006416,0.24773792029958547,0.378544979799773,2,0.3522387643539302,0.2608933409529596,0.3868678946931103,2,0.2093541219023395,0.5965225271130753,0.19412335098458516,1,0.33458388599137956,0.5096840089162662,0.15573210509235427,1
2022-23,15,2022-08-31,Manchester City,Nottingham Forest,0,0.0,0.0,0.0,0,0.7104397815586103,0.16867095551176212,0.1208892629296277,0,0.8508991302671336,0.1147722021651028,0.034328667567763545,0,0.8313653363541423,0.14576581185279186,0.022868851793065796,0,0.8865357010705412,0.10024065008168806,0.013223648847770709,0
2022-23,15,2022-08-31,West Ham United,Tottenham,1,0.0,0.0,0.0,0,0.39777422932285894,0.24554185069633952,0.3566839199808016,0,0.3185540466244054,0.24635610031976451,0.43508985305583,2,0.15539892069154032,0.4050998917729524,0.4395011875355072,2,0.13475919506989256,0.5937907562950734,0.2714500486350341,1
2022-23,15,2022-08-31,Liverpool,Newcastle United,0,0.0,0.0,0.0,0,0.5939426987596981,0.21077094398933835,0.1952863572509635,0,0.7833287907592092,0.15074034204390557,0.0659308671968852,0,0.8420613057224395,0.04061396792625313,0.1173247263513074,0,0.8758914954926829,0.039366475158050564,0.08474202934926647,0
2022-23,15,2022-09-01,Leicester City,Manchester United,2,0.0,0.0,0.0,0,0.4070857455482199,0.24543219713608727,0.34748205731569287,0,0.37944418295334703,0.25197206111981757,0.36858375592683534,0,0.21098542025223194,0.3085756127178643,0.48043896702990374,2,0.09015066720131758,0.3473549884826501,0.5624943443160323,2
2022-23,15,2022-09-03,Wolverhampton Wanderers,Southampton,0,0.0,0.0,0.0,0,0.4027076732113194,0.24474473007596217,0.35254759671271857,0,0.46592690993838043,0.2538728319662868,0.2802002580953327,0,0.5787019355072286,0.2668116867081368,0.15448637778463453,0,0.8119885268962608,0.15254783898218185,0.035463634121557494,0
2022-23,15,2022-09-03,Tottenham,Fulham,0,0.0,0.0,0.0,0,0.6233461157634972,0.2013636702457407,0.175290213990762,0,0.7487503254840212,0.1712072141657512,0.08004246035022755,0,0.671448277733558,0.09821636472554172,0.2303353575409002,0,0.7754533265884618,0.042449256210022455,0.1820974172015158,0
2022-23,15,2022-09-03,Aston Villa,Manchester City,1,0.0,0.0,0.0,0,0.2507563397928426,0.22972723615291604,0.5195164240542413,2,0.10295769493271525,0.1734661164189441,0.7235761886483406,2,0.1641738695824195,0.370495095989674,0.4653310344279064,2,0.08195643761035258,0.4600116764682603,0.4580318859213871,1
2022-23,15,2022-09-03,Nottingham Forest,Bournemouth,2,0.0,0.0,0.0,0,0.4814479013977927,0.23846099852752795,0.28009110007467924,0,0.5498096992165387,0.24218045161930174,0.2080098491641596,0,0.27523058558442914,0.2833801135582969,0.44138930085727396,2,0.15502013671266668,0.12698507795126698,0.7179947853360664,2
2022-23,15,2022-09-03,Newcastle United,Crystal Palace,1,0.0,0.0,0.0,0,0.4589795524399062,0.23749115888218483,0.30352928867790907,0,0.46553002319338266,0.24983809174477645,0.28463188506184084,0,0.38585086864618273,0.3923854999782129,0.2217636313756043,1,0.24599952716233564,0.5538989921611261,0.20010148067653824,1
2022-23,15,2022-09-03,Chelsea,West Ham United,0,0.0,0.0,0.0,0,0.48925234903613635,0.23603536668444283,0.27471228427942085,0,0.6489733942735993,0.20727916298208984,0.14374744274431087,0,0.693730272464205,0.22695662238652742,0.07931310514926748,0,0.8806613273782969,0.054201732042404374,0.06513694057929865,0
2022-23,15,2022-09-03,Brentford,Leeds United,0,0.0,0.0,0.0,0,0.4647085976911619,0.24176004557661684,0.2935313567322212,0,0.47440095419815936,0.2515776028427817,0.27402144295905884,0,0.6364354680774394,0.17832700623376607,0.1852375256887946,0,0.7511957930402987,0.17903330395596112,0.06977090300374023,0
2022-23,15,2022-09-03,Everton,Liverpool,1,0.0,0.0,0.0,0,0.2742766488101921,0.23699072685681666,0.4887326243329913,2,0.13915571850623754,0.19641090318414028,0.6644333783096222,2,0.13653746780510698,0.3375761063712103,0.5258864258236827,2,0.14244825047096438,0.5612583390551595,0.29629341047387614,1
2022-23,15,2022-09-04,Brighton and Hove Albion,Leicester City,0,0.0,0.0,0.0,0,0.464915594733321,0.2402242478095626,0.29486015745711625,0,0.5189798136382906,0.2426935886689815,0.23832659769272793,0,0.7809545313072498,0.1280780592344665,0.09096740945828366,0,0.8815218669780485,0.058709799248087835,0.059768333773863744,0
2022-23,15,2022-09-04,Manchester United,Arsenal,0,0.0,0.0,0.0,0,0.42626612602744063,0.2434337920262396,0.3303000819463198,0,0.4522292679493195,0.24377268951132278,0.3039980425393577,0,0.4972286166345879,0.10922907208485433,0.3935423112805579,0,0.7628718029786163,0.06993328748169553,0.16719490953968807,0
2022-23,15,2022-09-16,Aston Villa,Southampton,0,0.0,0.0,0.0,0,0.5177576457026978,0.2311261428951537,0.2511162114021487,0,0.4392117217340702,0.25733066102227475,0.30345761724365516,0,0.6837620346523693,0.13399048436744007,0.18224748098019053,0,0.6774276914658054,0.11769880107519443,0.2048735074590001,0
2022-23,15,2022-09-16,Nottingham Forest,Fulham,2,0.0,0.0,0.0,0,0.5125361471421509,0.23154609332353646,0.2559177595343127,0,0.48401879068805564,0.2545160107197601,0.26146519859218426,0,0.4447671707064201,0.09104000959954096,0.46419281969403897,2,0.3124304615086848,0.04346616421293754,0.6441033742783777,2
2022-23,15,2022-09-17,Wolverhampton Wanderers,Manchester City,2,0.0,0.0,0.0,0,0.24550957360000347,0.2305074434663085,0.5239829829336882,2,0.1502705317027746,0.19935196239885736,0.6503775058983681,2,0.13039091600567815,0.09062076499937224,0.7789883189949497,2,0.07827471943048457,0.05924073992857666,0.8624845406409387,2
2022-23,15,2022-09-17,Newcastle United,Bournemouth,1,0.0,0.0,0.0,0,0.5623542598256699,0.22061006988357115,0.21703567029075888,0,0.6065962037467683,0.225592464060802,0.16781133219242977,0,0.3706793293884663,0.5033404191791595,0.12598025143237412,1,0.30003519640382653,0.6075426834040448,0.0924221201921286,1
2022-23,15,2022-09-17,Tottenham,Leicester City,0,0.0,0.0,0.0,0,0.5656234761549594,0.21812888262073785,0.21624764122430268,0,0.6707274515894384,0.20007267115814067,0.12919987725242107,0,0.7412258526331001,0.20860035357409956,0.0501737937928002,0,0.814460804525065,0.1109537273700666,0.07458546810486849,0
2022-23,15,2022-09-18,Everton,West Ham United,0,0.0,0.0,0.0,0,0.45632576137499126,0.24193855073759035,0.3017356878874184,0,0.38430841579668545,0.2570009890315787,0.35869059517173596,0,0.4999669222552077,0.2581908943990603,0.2418421833457319,0,0.7218777485139688,0.10405154069148381,0.17407071079454756,0
2022-23,15,2022-09-18,Brentford,Arsenal,2,0.0,0.0,0.0,0,0.40585593848408236,0.24659949595732236,0.34754456555859525,0,0.29349829048085,0.24586023587078104,0.4606414736483689,2,0.1784354109701914,0.10995074952406816,0.7116138395057404,2,0.08717022158519461,0.12443137907515162,0.7883983993396537,2
2022-23,15,2022-10-01,Arsenal,Tottenham,0,0.0,0.0,0.0,0,0.4064115615033278,0.24445665767125402,0.3491317808254181,0,0.5069459750184573,0.23564731516582696,0.25740670981571584,0,0.5644153134542943,0.28898254519415906,0.14660214135154653,0,0.7351385474281961,0.06041246711896495,0.20444898545283902,0
2022-23,15,2022-10-01,Bournemouth,Brentford,1,0.0,0.0,0.0,0,0.4543380288770173,0.2407760473320882,0.3048859237908945,0,0.33241151534466223,0.25835197159169193,0.4092365130636457,2,0.45633209359287846,0.1719048649210407,0.37176304148608086,0,0.2460572995728701,0.642871762771566,0.11107093765556401,1
2022-23,15,2022-10-01,Crystal Palace,Chelsea,2,0.0,0.0,0.0,0,0.40403568450461896,0.2451081386287988,0.3508561768665822,0,0.28631263703195753,0.24396023134915618,0.46972713161888635,2,0.18990386349104676,0.22388463429032704,0.5862115022186263,2,0.10758673299501177,0.05582321533238278,0.8365900516726054,2
2022-23,15,2022-10-01,Fulham,Newcastle United,2,0.0,0.0,0.0,0,0.37820634303371437,0.245706628514548,0.37608702845173775,0,0.2701774748143835,0.24959212513334758,0.48023040005226886,2,0.26317108407019246,0.19949371830981735,0.5373351976199903,2,0.2895360254023732,0.07708504526986305,0.6333789293277637,2
2022-23,15,2022-10-01,Liverpool,Brighton and Hove Albion,1,0.0,0.0,0.0,0,0.6445299202508774,0.19409636482792275,0.16137371492119995,0,0.7626428464651596,0.1604855138495683,0.07687163968527205,0,0.65737053414858,0.31295668700396523,0.02967277884745483,0,0.1981338878993187,0.7495877895718076,0.052278322528873676,1
2022-23,15,2022-10-01,Southampton,Everton,2,0.0,0.0,0.0,0,0.4220629352804458,0.24440024375212915,0.33353682096742504,0,0.3959407727259406,0.25939052270613117,0.3446687045679283,0,0.28063467317790974,0.2836191930589106,0.43574613376317967,2,0.14442309074991636,0.2108958061725419,0.6446811030775417,2
2022-23,15,2022-10-01,West Ham United,Wolverhampton Wanderers,0,0.0,0.0,0.0,0,0.49760759699279605,0.23481001722347244,0.26758238578373156,0,0.491817245913049,0.24870436409967953,0.2594783899872714,0,0.5886446584571754,0.10196789995751894,0.30938744158530557,0,0.761417055787677,0.061983953596296236,0.17659899061602663,0
2022-23,15,2022-10-02,Manchester City,Manchester United,0,0.0,0.0,0.0,0,0.5572754369334041,0.21986990900098968,0.22285465406560623,0,0.768673742674624,0.15565249255844268,0.0756737647669333,0,0.8636821645331103,0.10057429596206961,0.03574353950482004,0,0.8185376670237503,0.14769283011046694,0.03376950286578278,0
2022-23,15,2022-10-02,Leeds United,Aston Villa,1,0.0,0.0,0.0,0,0.45162820927353603,0.24200744400342844,0.3063643467230355,0,0.4757134627434255,0.2521140111002687,0.2721725261563057,0,0.5617841361499448,0.3192682298227862,0.11894763402726884,0,0.3864004146648736,0.5522681272842807,0.06133145805084582,1
2022-23,15,2022-10-03,Leicester City,Nottingham Forest,0,0.0,0.0,0.0,0,0.44020375091935143,0.24309180676974976,0.3167044423108989,0,0.5234429545378199,0.24549266123733848,0.23106438422484155,0,0.6003550987701388,0.21211080193781798,0.18753409929204312,0,0.7771629061432892,0.1578257394932523,0.06501135436345848,0
2022-23,15,2022-10-08,Newcastle United,Brentford,0,0.0,0.0,0.0,0,0.5158595217503703,0.23075897035461784,0.253381507895012,0,0.5258520095734512,0.241936528500196,0.23221146192635278,0,0.4806998685273125,0.13689469069534918,0.3824054407773383,0,0.8719113576796779,0.06615721896226137,0.061931423358060705,0
2022-23,15,2022-10-08,Manchester City,Southampton,0,0.0,0.0,0.0,0,0.6335113103938994,0.1978046692276714,0.1686840203784291,0,0.8733121006267967,0.10130576259970055,0.025382136773502706,0,0.7309394597524859,0.24531943005136572,0.02374111019614842,0,0.7499167165610997,0.21084323836274838,0.03924004507615198,0
2022-23,15,2022-10-08,Brighton and Hove Albion,Tottenham,2,0.0,0.0,0.0,0,0.39390816534645146,0.24496743944319416,0.36112439521035433,0,0.35251159618051753,0.24773017631952157,0.399758227499961,2,0.34173823142631976,0.2848852457326163,0.3733765228410639,2,0.3003094419197094,0.2335188614670121,0.4661716966132786,2
2022-23,15,2022-10-08,Bournemouth,Leicester City,0,0.0,0.0,0.0,0,0.3881364310844908,0.24757112363169137,0.36429244528381755,0,0.3479384536985662,0.2590737181795856,0.3929878281218483,2,0.4200317120392385,0.3653041522417978,0.21466413571896373,0,0.6240374129089554,0.2587484415416502,0.1172141455493944,0
2022-23,15,2022-10-08,Chelsea,Wolverhampton Wanderers,0,0.0,0.0,0.0,0,0.5535250891186214,0.2218790293815456,0.22459588149983292,0,0.7064091914519814,0.18766027641523195,0.10593053213278673,0,0.7655207813599424,0.19229959501675734,0.042179623623300334,0,0.9041692172417294,0.05243934508531877,0.04339143767295188,0
2022-23,15,2022-10-09,Arsenal,Liverpool,0,0.0,0.0,0.0,0,0.42755891421682385,0.24443408347975834,0.3280070023034178,0,0.4252047811331102,0.23948222484627651,0.3353129940206132,0,0.6423262987344851,0.2028152706931612,0.1548584305723537,0,0.6980635747721753,0.1781331477315196,0.1238032774963051,0
2022-23,15,2022-10-09,Everton,Manchester United,2,0.0,0.0,0.0,0,0.4526484748435965,0.24174443815588917,0.3056070870005143,0,0.2936919148655678,0.24692400473029827,0.459384080404134,2,0.177557304253816,0.12820706730986706,0.6942356284363169,2,0.16639995151913847,0.08851529275788149,0.74508475572298,2
2022-23,15,2022-10-09,Crystal Palace,Leeds United,0,0.0,0.0,0.0,0,0.538169391284567,0.22802798056435167,0.23380262815108133,0,0.49910364307401545,0.24803117358985913,0.2528651833361255,0,0.5074625078129483,0.31000534774110416,0.1825321444459475,0,0.6944639639461626,0.2274054776895543,0.07813055836428297,0
2022-23,15,2022-10-09,West Ham United,Fulham,0,0.0,0.0,0.0,0,0.4704388962696178,0.23880031138268284,0.2907607923476994,0,0.6061090020288825,0.22645313003044096,0.16743786794067647,0,0.8707655207413739,0.08679327182518835,0.042441207433437655,0,0.9096215642171748,0.05658194698852886,0.0337964887942965,0
2022-23,15,2022-10-10,Nottingham Forest,Aston Villa,1,0.0,0.0,0.0,0,0.3537924488801347,0.24440953892167042,0.401798012198195,2,0.37739131367282025,0.2598238505179563,0.3627848358092235,0,0.43906452207473473,0.2810379187590096,0.27989755916625575,0,0.15000681100713725,0.6917089372497743,0.1582842517430885,1
2022-23,15,2022-10-14,Brentford,Brighton and Hove Albion,0,0.0,0.0,0.0,0,0.3999972362819117,0.24697686757161175,0.35302589614647656,0,0.4055684907701333,0.25537997207967766,0.33905153715018904,0,0.7159214266737116,0.16286494885398042,0.12121362447230807,0,0.7568682862278785,0.07065426741373763,0.172477446358384,0
2022-23,15,2022-10-15,Tottenham,Everton,0,0.0,0.0,0.0,0,0.594915924731774,0.21124555013340718,0.19383852513481892,0,0.7206429674547703,0.18173706570604245,0.09761996683918722,0,0.8618149371518947,0.07294616684224617,0.06523889600585915,0,0.8782312543546631,0.08622302107400318,0.03554572457133367,0
2022-23,15,2022-10-15,Wolverhampton Wanderers,Nottingham Forest,0,0.0,0.0,0.0,0,0.45270331521408386,0.24149996920665653,0.3057967155792597,0,0.49040787659201157,0.25183265932628945,0.2577594640816991,0,0.44899574213570803,0.19518101178727212,0.3558232460770199,0,0.8156383228663057,0.0809373016749681,0.1034243754587262,0
2022-23,15,2022-10-15,Fulham,Bournemouth,1,0.0,0.0,0.0,0,0.46208633912039104,0.24146976311582632,0.29644389776378255,0,0.38237616586014955,0.26326834161891766,0.35435549252093285,0,0.31297022262326385,0.46127640046804963,0.22575337690868658,1,0.11839340517814322,0.5794523704421458,0.3021542243797109,1
2022-23,15,2022-10-15,Leicester City,Crystal Palace,1,0.0,0.0,0.0,0,0.4192291870559606,0.2449978840752681,0.3357729288687714,0,0.45503183929295704,0.2529676478195949,0.2920005128874481,0,0.24770383889479508,0.5717454527550636,0.18055070835014128,1,0.07940811620816811,0.7335363215381824,0.18705556225364953,1
2022-23,15,2022-10-16,Aston Villa,Chelsea,2,0.0,0.0,0.0,0,0.4264056609870202,0.24451351086680845,0.3290808281461713,0,0.24171275282112867,0.23615968565696444,0.5221275615219069,2,0.09845959212224935,0.18707176402629774,0.7144686438514528,2,0.15325766223194565,0.121172405133117,0.7255699326349374,2
2022-23,15,2022-10-16,Leeds United,Arsenal,2,0.0,0.0,0.0,0,0.3933850853290545,0.24620142152113847,0.36041349314980703,0,0.23067330539587202,0.23324249647821152,0.5360841981259165,2,0.10661317617410065,0.20297492994841004,0.6904118938774892,2,0.06492695065592326,0.04845377004570697,0.8866192792983698,2
2022-23,15,2022-10-16,Manchester United,Newcastle United,1,0.0,0.0,0.0,0,0.4634669009416343,0.23983243002477794,0.2967006690335877,0,0.6041321781391431,0.22016396561036405,0.17570385625049276,0,0.563064543135502,0.2899045680213311,0.14703088884316695,0,0.35076489808897504,0.4737608692368549,0.17547423267417,1
2022-23,15,2022-10-16,Southampton,West Ham United,1,0.0,0.0,0.0,0,0.3996955868003011,0.24493343265161463,0.35537098054808425,0,0.3062809962875329,0.25408172279581037,0.43963728091665677,2,0.12525073415559526,0.40081243927046073,0.47393682657394387,2,0.21026249541417685,0.38192859010058783,0.4078089144852353,2
2022-23,15,2022-10-16,Liverpool,Manchester City,0,0.0,0.0,0.0,0,0.33815265956430623,0.2442647420848735,0.41758259835082034,2,0.5066326143190552,0.22682275964105,0.2665446260398948,0,0.7230226586541655,0.05108337720074775,0.22589396414508678,0,0.7602374966667419,0.13707699712726135,0.1026855062059968,0
2022-23,15,2022-10-18,Brighton and Hove Albion,Nottingham Forest,1,0.0,0.0,0.0,0,0.43480909999261264,0.24363242758409873,0.32155847242328855,0,0.6116182027513862,0.2239789738841689,0.1644028233644449,0,0.20905331936657937,0.6392642206957087,0.15168245993771193,1,0.20066054565116295,0.6888295909672415,0.11050986338159544,1
2022-23,15,2022-10-18,Crystal Palace,Wolverhampton Wanderers,0,0.0,0.0,0.0,0,0.5508448433125943,0.22397542007714227,0.22517973661026336,0,0.48706536080112367,0.2497242637707291,0.2632103754281471,0,0.7825369262091763,0.125882255487739,0.09158081830308465,0,0.8112356617142914,0.11803681363009674,0.07072752465561193,0
2022-23,15,2022-10-19,Bournemouth,Southampton,2,0.0,0.0,0.0,0,0.4256244959326642,0.24260862370376218,0.33176688036357366,0,0.39470561329413323,0.261523612729543,0.3437707739763238,0,0.2336611550663519,0.2152813182965781,0.55105752663707,2,0.2067338825926971,0.10166739175384928,0.6915987256534536,2
2022-23,15,2022-10-19,Brentford,Chelsea,1,0.0,0.0,0.0,0,0.35327825666790574,0.24577992685062372,0.40094181648147076,2,0.26193046552524324,0.23956481716801986,0.498504717306737,2,0.18775703793195278,0.5502900515712259,0.2619529104968213,1,0.21512736022113232,0.5365292646378315,0.24834337514103624,1
2022-23,15,2022-10-19,Liverpool,West Ham United,0,0.0,0.0,0.0,0,0.6296979289651827,0.19896429199110952,0.17133777904370776,0,0.7726212302823319,0.15626481454088043,0.07111395517678763,0,0.8181438602713822,0.08627647158694944,0.09557966814166846,0,0.9307462725667682,0.022013857940636723,0.04723986949259514,0
2022-23,15,2022-10-19,Newcastle United,Everton,0,0.0,0.0,0.0,0,0.4076352100856217,0.24450323387268016,0.3478615560416982,0,0.5743777668239195,0.23187095425366008,0.19375127892242042,0,0.7366192213796989,0.09579713284564316,0.1675836457746578,0,0.8668342443648334,0.05994852294119711,0.07321723269396968,0
2022-23,15,2022-10-19,Manchester United,Tottenham,0,0.0,0.0,0.0,0,0.38316981753078755,0.24501890711648588,0.3718112753527266,0,0.4507937886737439,0.2427581213490037,0.3064480899772523,0,0.6659430696807822,0.15078813955806766,0.18326879076115024,0,0.7270748580913341,0.07878311975184832,0.19414202215681747,0
2022-23,15,2022-10-20,Leicester City,Leeds United,0,0.0,0.0,0.0,0,0.46976601318277666,0.2397249953181702,0.2905089914990532,0,0.4923163145542335,0.24974263833237748,0.25794104711338905,0,0.677401244455667,0.12001820577352497,0.20258054977080808,0,0.8611771987536907,0.10508163439268232,0.03374116685362695,0
2022-23,15,2022-10-20,Fulham,Aston Villa,0,0.0,0.0,0.0,0,0.43537808973618614,0.2441476604533769,0.32047424981043693,0,0.3407965164545388,0.26055645371012665,0.39864702983533445,2,0.3340147671325221,0.3635487317600141,0.30243650110746384,1,0.5694819518125231,0.25896322781775144,0.17155482036972547,0
2022-23,15,2022-10-22,Nottingham Forest,Liverpool,0,0.0,0.0,0.0,0,0.28813929301001123,0.23859327277541126,0.47326743421457734,2,0.11778036450907127,0.1855805957708127,0.696639039720116,2,0.22976424423268077,0.26900188067496766,0.5012338750923515,2,0.27996345287275604,0.171112551150676,0.5489239959765679,2
2022-23,15,2022-10-22,Everton,Crystal Palace,0,0.0,0.0,0.0,0,0.4249429144155039,0.24557421100893845,0.3294828745755576,0,0.41662299009518944,0.2563992665129657,0.3269777433918447,0,0.544508274783185,0.21476156127809012,0.24073016393872476,0,0.7178501473077337,0.10574164801654604,0.1764082046757202,0
2022-23,15,2022-10-22,Manchester City,Brighton and Hove Albion,0,0.0,0.0,0.0,0,0.6084522948326243,0.20592434125610345,0.18562336391127215,0,0.8252327331964222,0.12893874073073844,0.045828526072839326,0,0.9033378130266551,0.05108556484547032,0.0455766221278745,0,0.9432399772406291,0.03743373077904503,0.019326291980325712,0
2022-23,15,2022-10-22,Chelsea,Manchester United,1,0.0,0.0,0.0,0,0.4489556184278036,0.2419135637453015,0.3091308178268949,0,0.5858695090031735,0.22125593894951562,0.1928745520473109,0,0.21642639613683026,0.6487203840042013,0.1348532198589685,1,0.13728252403724006,0.8008304094917895,0.061887066470970406,1
2022-23,15,2022-10-23,Aston Villa,Brentford,0,0.0,0.0,0.0,0,0.3938661222355133,0.2454228180481994,0.36071105971628725,0,0.40013884308633724,0.25813685343435483,0.341724303479308,0,0.6007379207139968,0.1327141754374708,0.26654790384853233,0,0.6972066335850027,0.07922633034896591,0.22356703606603137,0
2022-23,15,2022-10-23,Leeds United,Fulham,2,0.0,0.0,0.0,0,0.4652044851055109,0.23817536214105076,0.29662015275343845,0,0.4672378107750826,0.25616990123615047,0.2765922879887669,0,0.23735754651250693,0.19443387743977814,0.5682085760477149,2,0.11749250504647824,0.053192543921244284,0.8293149510322775,2
2022-23,15,2022-10-23,Southampton,Arsenal,1,0.0,0.0,0.0,0,0.341438852509256,0.24564357678057255,0.41291757071017143,2,0.1953958620991283,0.22380113567925686,0.5808030022216149,2,0.07834001850774364,0.33839671068084654,0.5832632708114098,2,0.20886130596049274,0.3698782090736216,0.42126048496588575,2
2022-23,15,2022-10-23,Wolverhampton Wanderers,Leicester City,2,0.0,0.0,0.0,0,0.45277453986897875,0.24149665467429507,0.3057288054567261,0,0.40839977397175364,0.2572025838761492,0.33439764215209716,0,0.43585014814784545,0.14497890943480599,0.4191709424173486,0,0.40179739493101496,0.07950217596040607,0.5187004291085789,2
2022-23,15,2022-10-23,Tottenham,Newcastle United,2,0.0,0.0,0.0,0,0.4671190995013516,0.23861505411259024,0.29426584638605824,0,0.6283749323804165,0.21224955406759127,0.1593755135519922,0,0.33536296673203864,0.43119278183561555,0.2334442514323459,1,0.13768361655858063,0.2613666405260271,0.6009497429153922,2
2022-23,15,2022-10-24,West Ham United,Bournemouth,0,0.0,0.0,0.0,0,0.4662532119855467,0.23846463917955874,0.2952821488348946,0,0.5700928986437844,0.23536791385009095,0.19453918750612464,0,0.6114622960381919,0.22311440531703075,0.16542329864477737,0,0.6754519986059736,0.1735885951345577,0.15095940625946863,0
2022-23,15,2022-10-29,Liverpool,Leeds United,2,0.0,0.0,0.0,0,0.660883233267661,0.18859658870677787,0.1505201780255611,0,0.8147506945551585,0.1364142115255026,0.048835093919339094,0,0.763580212103314,0.10045668085088232,0.1359631070458037,0,0.6019093057302208,0.09366052073066812,0.30443017353911117,0
2022-23,15,2022-10-29,Fulham,Everton,1,0.0,0.0,0.0,0,0.4361193402434037,0.24397382938289944,0.319906830373697,0,0.36637010651050195,0.2602454847614267,0.37338440872807127,2,0.2155730235913924,0.5669763980279457,0.2174505783806618,1,0.20505459616385666,0.6763013105753335,0.11864409326080978,1
2022-23,15,2022-10-29,Newcastle United,Aston Villa,0,0.0,0.0,0.0,0,0.45715201553084694,0.24213090809295673,0.3007170763761962,0,0.6400792800357882,0.21342462560756048,0.1464960943566513,0,0.6261504717881882,0.19917433772251625,0.17467519048929564,0,0.8439447054325948,0.12912277002488376,0.02693252454252142,0
2022-23,15,2022-10-29,Crystal Palace,Southampton,0,0.0,0.0,0.0,0,0.49674522249599806,0.2357245083985274,0.26753026910547445,0,0.5328427042865715,0.24326706221905045,0.2238902334943779,0,0.5319798235134751,0.34528850769262365,0.12273166879390128,0,0.7195034861366035,0.15016065119615218,0.1303358626672444,0
2022-23,15,2022-10-29,Brighton and Hove Albion,Chelsea,0,0.0,0.0,0.0,0,0.37866219114219474,0.24654735432627098,0.3747904545315343,0,0.31953673640591584,0.24658383911163104,0.4338794244824531,2,0.35650059820510793,0.16392389714371905,0.479575504651173,2,0.7587821097618788,0.07016457182097299,0.17105331841714827,0
2022-23,15,2022-10-29,Brentford,Wolverhampton Wanderers,1,0.0,0.0,0.0,0,0.5069831720183593,0.2354777439492639,0.25753908403237685,0,0.5189496421738773,0.2462916033595184,0.23475875446660438,0,0.4258508842986405,0.35681296387793004,0.2173361518234295,0,0.48149562255079914,0.4226811690547191,0.0958232083944818,0
2022-23,15,2022-10-29,Bournemouth,Tottenham,2,0.0,0.0,0.0,0,0.31977068861035457,0.24207089066019924,0.4381584207294461,2,0.16728740716867394,0.215536198931377,0.617176393899949,2,0.16197858686986927,0.17996823895186684,0.6580531741782639,2,0.10687839266518089,0.026169738918930995,0.8669518684158881,2
2022-23,15,2022-10-29,Leicester City,Manchester City,2,0.0,0.0,0.0,0,0.255302819097345,0.23129578284265082,0.5134013980600043,2,0.157086927377353,0.20125100197537843,0.6416620706472685,2,0.12880485883257906,0.10391868252026346,0.7672764586471575,2,0.05007690727664524,0.07585962500532384,0.8740634677180309,2
2022-23,15,2022-10-30,Arsenal,Nottingham Forest,0,0.0,0.0,0.0,0,0.6092843274727258,0.20741106557074926,0.18330460695652495,0,0.7597849229290988,0.16509228421266414,0.07512279285823686,0,0.9235866837456124,0.049487655241152714,0.0269256610132348,0,0.9409743090496695,0.03595156458819306,0.023074126362137345,0
2022-23,15,2022-10-30,Manchester United,West Ham United,0,0.0,0.0,0.0,0,0.5690284611703189,0.2184838575856667,0.21248768124401435,0,0.6240083253430748,0.21494159799874912,0.1610500766581761,0,0.7681546624661132,0.16797778563798754,0.06386755189589925,0,0.8353784544586643,0.054283053455895965,0.11033849208543961,0
2022-23,15,2022-11-05,Leeds United,Bournemouth,0,0.0,0.0,0.0,0,0.5320737275130323,0.22844702805678838,0.23947924443017948,0,0.5082562332416534,0.25028955358511346,0.24145421317323318,0,0.71545366973916,0.03377498211790475,0.2507713481429351,0,0.7063970469978076,0.11707943254537077,0.17652352045682151,0
2022-23,15,2022-11-05,Manchester City,Fulham,0,0.0,0.0,0.0,0,0.6626535640435605,0.18850911067569792,0.14883732528074145,0,0.8858734879100718,0.09321386601115145,0.020912646078776694,0,0.9126122295043733,0.0735321248931278,0.013855645602499059,0,0.9235477168305707,0.06287854602650741,0.013573737142922057,0
2022-23,15,2022-11-05,Nottingham Forest,Brentford,1,0.0,0.0,0.0,0,0.4784365464906225,0.23728171938074968,0.2842817341286277,0,0.37658742253360117,0.259096403553625,0.36431617391277377,0,0.37482783345653226,0.3022374293200061,0.32293473722346167,0,0.2380312632707123,0.6594785339456218,0.10249020278366577,1
2022-23,15,2022-11-05,Wolverhampton Wanderers,Brighton and Hove Albion,2,0.0,0.0,0.0,0,0.4324429475350742,0.243008144357438,0.3245489081074877,0,0.3403351859287248,0.25530336724342506,0.4043614468278501,2,0.34023634936124353,0.16685191716041073,0.49291173347834577,2,0.25855652915364513,0.06768013797431985,0.673763332872035,2
2022-23,15,2022-11-05,Everton,Leicester City,2,0.0,0.0,0.0,0,0.4513675950943936,0.2425208758294874,0.30611152907611894,0,0.4354294584161082,0.25510532868967006,0.30946521289422185,0,0.29323328837210755,0.3267812890076943,0.3799854226201982,2,0.3217962430033315,0.09940354761181054,0.578800209384858,2
2022-23,15,2022-11-06,West Ham United,Crystal Palace,2,0.0,0.0,0.0,0,0.4737713489683782,0.2386601467266896,0.2875685043049322,0,0.4836569380797781,0.24830165023674367,0.2680414116834782,0,0.5855322469930602,0.11556439055649209,0.29890336245044785,0,0.21803565433616373,0.04031078667442662,0.7416535589894095,2
2022-23,15,2022-11-06,Southampton,Newcastle United,2,0.0,0.0,0.0,0,0.3911120628288901,0.2450080307189082,0.3638799064522016,0,0.25809899396697356,0.2440808360747482,0.4978201699582784,2,0.1922507930028474,0.44920004249618667,0.358549164500966,1,0.07373089170179317,0.14393986428205613,0.7823292440161508,2
2022-23,15,2022-11-06,Tottenham,Liverpool,2,0.0,0.0,0.0,0,0.3676718810534819,0.2459056583790029,0.38642246056751506,2,0.46599799839603484,0.2380088866224315,0.29599311498153374,0,0.3324595574830698,0.1280322346295876,0.5395082078873426,2,0.20035950820294077,0.2747643527963225,0.5248761390007368,2
2022-23,15,2022-11-06,Chelsea,Arsenal,2,0.0,0.0,0.0,0,0.38931031226677026,0.2450971069598692,0.3655925807733604,0,0.4927097437776357,0.2371871460100328,0.27010311021233147,0,0.4802135611330302,0.1253695002097293,0.3944169386572406,0,0.3350461808567601,0.025324210618434578,0.6396296085248053,2
2022-23,15,2022-11-06,Aston Villa,Manchester United,0,0.0,0.0,0.0,0,0.33223503022405854,0.24585832721351872,0.4219066425624228,2,0.2655924353371695,0.24287133835175234,0.4915362263110782,2,0.6457407534906848,0.17108666505836945,0.1831725814509458,0,0.6000864787314562,0.05239718055963567,0.347516340708908,0
2022-23,15,2022-11-12,Manchester City,Brentford,2,0.0,0.0,0.0,0,0.6007714702742029,0.2088320963772295,0.19039643334856768,0,0.8616030522084205,0.10828058446625198,0.030116363325327414,0,0.6013844515838308,0.03590610779155423,0.3627094406246149,0,0.596309678602652,0.07407102365113222,0.32961929774621573,0
2022-23,15,2022-11-12,Bournemouth,Everton,0,0.0,0.0,0.0,0,0.41881567357590865,0.24323899902012702,0.3379453274039642,0,0.3029570615655471,0.2573116365494593,0.43973130188499365,2,0.4351521082720475,0.3008363045864745,0.264011587141478,0,0.4901939764918953,0.23253452548459003,0.2772714980235148,0
2022-23,15,2022-11-12,Liverpool,Southampton,0,0.0,0.0,0.0,0,0.6737329327494556,0.18428594114100869,0.14198112610953584,0,0.8179515785285059,0.13500252769878557,0.047045893772708666,0,0.8084092523895942,0.17132387579561897,0.020266871814786768,0,0.8973631939971939,0.06408595023927754,0.038550855763528645,0
2022-23,15,2022-11-12,Nottingham Forest,Crystal Palace,0,0.0,0.0,0.0,0,0.39345617014736933,0.24562596820771504,0.3609178616449158,0,0.3308248037350762,0.2560583369325135,0.4131168593324103,2,0.6966322238980153,0.1385400745045235,0.16482770159746124,0,0.6785205445724395,0.0947943339067849,0.22668512152077558,0
2022-23,15,2022-11-12,Tottenham,Leeds United,0,0.0,0.0,0.0,0,0.5318534289420321,0.22723082340661613,0.24091574765135176,0,0.6862602663361321,0.1958905507518229,0.11784918291204494,0,0.727356508934267,0.0669299063565326,0.2057135847092004,0,0.808973296451533,0.04965992143153716,0.14136678211692988,0
2022-23,15,2022-11-12,West Ham United,Leicester City,2,0.0,0.0,0.0,0,0.4292047806601166,0.24410488163008134,0.32669033770980216,0,0.46096358998893355,0.2513607812051523,0.28767562880591424,0,0.24837206079873525,0.21523544312126416,0.5363924960800006,2,0.11389165751770569,0.1727458357887119,0.7133625066935825,2
2022-23,15,2022-11-12,Newcastle United,Chelsea,0,0.0,0.0,0.0,0,0.4837349446019128,0.2366075471746294,0.2796575082234577,0,0.43070838147290086,0.24629493100481897,0.3229966875222801,0,0.5328751057054638,0.12997668226256812,0.3371482120319681,0,0.7734016382932564,0.06822737078272667,0.15837099092401696,0
2022-23,15,2022-11-12,Wolverhampton Wanderers,Arsenal,2,0.0,0.0,0.0,0,0.2974266385794667,0.2395305948502242,0.4630427665703091,2,0.17785233533902337,0.21683554257134025,0.6053121220896364,2,0.12203111325055056,0.13601697492656917,0.7419519118228802,2,0.20217890788704299,0.03342314931889465,0.7643979427940625,2
2022-23,15,2022-11-13,Brighton and Hove Albion,Aston Villa,2,0.0,0.0,0.0,0,0.4796438994171802,0.2376218200344991,0.2827342805483207,0,0.5675912006357817,0.23350916895284834,0.19889963041137002,0,0.6387766213438953,0.0916157010691638,0.2696076775869409,0,0.5934138086151443,0.036102131882333806,0.37048405950252195,0
2022-23,15,2022-11-13,Fulham,Manchester United,2,0.0,0.0,0.0,0,0.35524537119234345,0.24742583359587317,0.3973287952117834,2,0.2181016220386604,0.23398711481725107,0.5479112631440886,2,0.12183807835961308,0.30152901431845525,0.5766329073219317,2,0.04755069000312462,0.17740216982713417,0.7750471401697412,2
2022-23,15,2022-12-26,Southampton,Brighton and Hove Albion,2,0.0,0.0,0.0,0,0.43646096152664,0.24239124948020602,0.3211477889931541,0,0.2885947422363228,0.2515121940193472,0.45989306374433,2,0.14581236487871205,0.18418440373143205,0.670003231389856,2,0.09492581178366957,0.1466475937214319,0.7584265944948986,2
2022-23,15,2022-12-26,Arsenal,West Ham United,0,0.0,0.0,0.0,0,0.5276548952566514,0.2282189393907803,0.24412616535256831,0,0.7449273712365004,0.1705816986295634,0.08449093013393608,0,0.8843291380052902,0.042165066904650494,0.07350579509005935,0,0.9540217640161613,0.016453490006526704,0.029524745977311886,0
2022-23,15,2022-12-26,Aston Villa,Liverpool,2,0.0,0.0,0.0,0,0.3687031154928053,0.24673631586391734,0.38456056864327737,2,0.1940327559730487,0.21901690344516214,0.5869503405817892,2,0.12177476272535666,0.2526916505179818,0.6255335867566616,2,0.05090392895156237,0.23265256211707178,0.7164435089313658,2
2022-23,15,2022-12-26,Leicester City,Newcastle United,2,0.0,0.0,0.0,0,0.42892759607591047,0.24432117677612936,0.3267512271479602,0,0.3918567893802056,0.2517107295541593,0.3564324810656352,0,0.2799771898855404,0.32129871891464334,0.3987240911998163,2,0.2245887242390829,0.17860673707533536,0.5968045386855817,2
2022-23,15,2022-12-26,Everton,Wolverhampton Wanderers,2,0.0,0.0,0.0,0,0.4837304999502034,0.23790609164093435,0.27836340840886226,0,0.4633584735697345,0.25551905988158735,0.28112246654867823,0,0.2976038188902697,0.15273510872108853,0.5496610723886417,2,0.3502570802050309,0.14015411094954647,0.5095888088454227,2
2022-23,15,2022-12-26,Crystal Palace,Fulham,2,0.0,0.0,0.0,0,0.5227707404083535,0.2285305222083859,0.24869873738326082,0,0.5613410770976647,0.23767316613964176,0.20098575676269356,0,0.44655543529694236,0.16813634575945502,0.38530821894360273,0,0.2940724680583297,0.09430532746278265,0.6116222044788876,2
2022-23,15,2022-12-26,Brentford,Tottenham,1,0.0,0.0,0.0,0,0.3318765677152349,0.24494704607599943,0.42317638620876563,2,0.3136255846230496,0.24767268171526713,0.43870173366168325,2,0.2884571345475159,0.42350159316140046,0.2880412722910837,1,0.18848240698911467,0.5693229055356103,0.242194687475275,1
2022-23,15,2022-12-27,Chelsea,Bournemouth,0,0.0,0.0,0.0,0,0.6037778365542446,0.2084268262141716,0.1877953372315837,0,0.7355763565686316,0.17733761648823926,0.08708602694312927,0,0.7783699849536508,0.14624777518511622,0.07538223986123295,0,0.8869504408545762,0.0880756415140368,0.024973917631387087,0
2022-23,15,2022-12-27,Manchester United,Nottingham Forest,0,0.0,0.0,0.0,0,0.5634906445518619,0.22015862619170537,0.2163507292564327,0,0.7037980542588672,0.18967002776988637,0.10653191797124646,0,0.9174806050390578,0.05126163287958391,0.031257762081358206,0,0.9118909245074417,0.029196288563086484,0.05891278692947175,0
2022-23,15,2022-12-28,Leeds United,Manchester City,2,0.0,0.0,0.0,0,0.2888728315834758,0.24004305855716784,0.47108410985935634,2,0.13320728186284472,0.19191418931722565,0.6748785288199297,2,0.1385656895772695,0.07535970003812048,0.78607461038461,2,0.09466811612519661,0.032642854501002,0.8726890293738014,2
2022-23,15,2022-12-30,West Ham United,Brentford,2,0.0,0.0,0.0,0,0.44655159431632163,0.24396009486718512,0.3094883108164933,0,0.4777286411697764,0.2507064709073368,0.2715648879228868,0,0.3419762435348217,0.27222684885641585,0.38579690760876245,2,0.350185801372072,0.2283580046083718,0.4214561940195561,2
2022-23,15,2022-12-30,Liverpool,Leicester City,0,0.0,0.0,0.0,0,0.5872967292270355,0.21354966360697217,0.1991536071659922,0,0.7848427774297859,0.15087834464551886,0.0642788779246952,0,0.729097520592214,0.15244257661577265,0.11845990279201334,0,0.9161523123961125,0.03060905726732859,0.053238630336558894,0
2022-23,15,2022-12-31,Wolverhampton Wanderers,Manchester United,2,0.0,0.0,0.0,0,0.3390131271259493,0.24347088881008233,0.41751598406396834,2,0.22498151942101452,0.23357486392605736,0.5414436166529282,2,0.18382991622130143,0.15412304315614514,0.6620470406225534,2,0.1016136568546673,0.05038623678412471,0.848000106361208,2
2022-23,15,2022-12-31,Bournemouth,Crystal Palace,2,0.0,0.0,0.0,0,0.4098395488531199,0.24641292162573644,0.34374752952114374,0,0.3216690756927659,0.25790545961268363,0.4204254646945505,2,0.09605925792354329,0.11171556554996989,0.7922251765264867,2,0.07259000341672196,0.07054192095107384,0.8568680756322042,2
2022-23,15,2022-12-31,Fulham,Southampton,0,0.0,0.0,0.0,0,0.44709227024832005,0.24157087665662735,0.31133685309505255,0,0.42139964489602316,0.2609282986927485,0.3176720564112284,0,0.6798660833965919,0.1202458442574166,0.19988807234599146,0,0.7081603434874534,0.09779896020688826,0.1940406963056584,0
2022-23,15,2022-12-31,Manchester City,Everton,1,0.0,0.0,0.0,0,0.650062323932481,0.1918495989801658,0.1580880770873534,0,0.8600648182114978,0.1096019546295542,0.030333227158947935,0,0.6801657379785214,0.2972103295890491,0.022623932432429553,0,0.5113799005987266,0.4688865695409135,0.019733529860359905,0
2022-23,15,2022-12-31,Newcastle United,Leeds United,1,0.0,0.0,0.0,0,0.5440535504252715,0.22381206828417935,0.23213438129054942,0,0.6504308336287173,0.2089567691288381,0.14061239724244456,0,0.5262604896268807,0.3877649668749251,0.08597454349819422,0,0.15060772136609496,0.8065473813248287,0.042844897309076355,1
2022-23,15,2022-12-31,Brighton and Hove Albion,Arsenal,2,0.0,0.0,0.0,0,0.3689941827162838,0.24486147632033484,0.38614434096338135,2,0.2804864248268533,0.2393424581140608,0.4801711170590859,2,0.23097123751441734,0.166922611067661,0.6021061514179217,2,0.10847514613496996,0.03742568470713925,0.8540991691578907,2
2022-23,15,2023-01-01,Nottingham Forest,Chelsea,1,0.0,0.0,0.0,0,0.29828480291065484,0.24080494987008735,0.4609102472192576,2,0.24796847327146604,0.2399406653674407,0.5120908613610933,2,0.33176184643745266,0.29882440747502553,0.36941374608752187,2,0.352854046481965,0.48894285984315644,0.1582030936748786,1
2022-23,15,2023-01-01,Tottenham,Aston Villa,2,0.0,0.0,0.0,0,0.5329975929803026,0.22499947804498863,0.24200292897470893,0,0.6447672890495395,0.2094644252044561,0.14576828574600437,0,0.4065494463064853,0.29880805565604635,0.29464249803746834,0,0.3306693259759079,0.12180332584626667,0.5475273481778253,2
2022-23,15,2023-01-02,Brentford,Liverpool,0,0.0,0.0,0.0,0,0.3003280313248978,0.2394459841442525,0.46022598453084973,2,0.19630487693636944,0.2185489193353745,0.5851462037282561,2,0.22899622503762726,0.10178894557826249,0.6692148293841103,2,0.24203394741591722,0.033508590562477965,0.7244574620216049,2
2022-23,15,2023-01-03,Arsenal,Newcastle United,1,0.0,0.0,0.0,0,0.5107168558927301,0.23190554531317092,0.25737759879409905,0,0.6634263327644292,0.19903125873538616,0.1375424085001847,0,0.6845222030454657,0.2707206529872332,0.04475714396730104,0,0.3708687771569256,0.5810051992073024,0.048126023635771877,1
2022-23,15,2023-01-03,Everton,Brighton and Hove Albion,2,0.0,0.0,0.0,0,0.33611782968532644,0.2461885516930923,0.41769361862158105,2,0.37968284375171596,0.257277272329422,0.3630398839188621,0,0.23822543560672926,0.15631296203112552,0.6054616023621453,2,0.17968968526958845,0.13487263922439816,0.6854376755060134,2
2022-23,15,2023-01-03,Leicester City,Fulham,2,0.0,0.0,0.0,0,0.4138459180368348,0.24359332821343213,0.34256075374973305,0,0.5493997581537866,0.23984345094000153,0.21075679090621174,0,0.3037849624748,0.3951595000152964,0.30105553750990366,1,0.25934900180935644,0.2663134522539558,0.47433754593668764,2
2022-23,15,2023-01-03,Manchester United,Bournemouth,0,0.0,0.0,0.0,0,0.5962486297507933,0.20982098589364803,0.19393038435555868,0,0.7491065681278348,0.17124809847949732,0.07964533339266791,0,0.8498150331407625,0.08451257150431238,0.0656723953549251,0,0.8535881932214183,0.07458597600540402,0.0718258307731777,0
2022-23,15,2023-01-04,Southampton,Nottingham Forest,2,0.0,0.0,0.0,0,0.4701041459554237,0.24020256607882778,0.28969328796574856,0,0.38003943604261065,0.2616599341780438,0.35830062977934557,0,0.1605533108205338,0.24279458296724296,0.5966521062122232,2,0.09051475451819405,0.15228860541703126,0.7571966400647746,2
2022-23,15,2023-01-04,Leeds United,West Ham United,1,0.0,0.0,0.0,0,0.44960687409303723,0.2429739731592131,0.3074191527477496,0,0.440842419931844,0.2562748391252964,0.3028827409428596,0,0.3156885323177689,0.5042088511134684,0.18010261656876275,1,0.3249783248923031,0.5561217566374891,0.11889991847020784,1
2022-23,15,2023-01-04,Aston Villa,Wolverhampton Wanderers,1,0.0,0.0,0.0,0,0.47833083028788825,0.23760874107063576,0.2840604286414759,0,0.5052337332246176,0.24816904907690235,0.24659721769848006,0,0.5098824882355735,0.4098336629942157,0.08028384877021083,0,0.17158896366287824,0.804484374112473,0.023926662224648863,1
2022-23,15,2023-01-04,Crystal Palace,Tottenham,2,0.0,0.0,0.0,0,0.32723182291288416,0.2441514291515758,0.42861674793554005,2,0.3416136319726658,0.25032375608315716,0.4080626119441771,2,0.19529417057623571,0.35588513457972815,0.4488206948440362,2,0.10663275426086398,0.31906295932081713,0.5743042864183189,2
2022-23,15,2023-01-05,Chelsea,Manchester City,2,0.0,0.0,0.0,0,0.27716959930850643,0.23689075662919,0.48593964406230356,2,0.3435663282358618,0.2389534987904659,0.4174801729736722,2,0.31191484815900544,0.06581994120232439,0.6222652106386701,2,0.19332344688729722,0.12545356088570533,0.6812229922269974,2
2022-23,15,2023-01-12,Fulham,Chelsea,0,0.0,0.0,0.0,0,0.3312752922190595,0.24509565484402068,0.42362905293691966,2,0.25746175090725454,0.2424390027951965,0.5000992462975489,2,0.4971674780922969,0.22890948368115657,0.2739230382265466,0,0.4055987451527605,0.1783785516389317,0.41602270320830786,2
2022-23,15,2023-01-13,Aston Villa,Leeds United,0,0.0,0.0,0.0,0,0.4756767217160679,0.23847033699886463,0.28585294128506755,0,0.48154201633943466,0.2513164248561775,0.2671415588043878,0,0.8431636675379691,0.03495623889904284,0.12188009356298819,0,0.5982532939673615,0.15992769099757756,0.241819015035061,0
2022-23,15,2023-01-14,Wolverhampton Wanderers,West Ham United,0,0.0,0.0,0.0,0,0.3820671778407171,0.24679320305010632,0.3711396191091766,0,0.4318656068800128,0.2570960958157773,0.3110382973042099,0,0.4738537874637853,0.1105452305305975,0.41560098200561724,0,0.7873070649532757,0.11298364168127939,0.09970929336544497,0
2022-23,15,2023-01-14,Brentford,Bournemouth,0,0.0,0.0,0.0,0,0.5851790438474878,0.21362730639572974,0.20119364975678264,0,0.600944288104815,0.22786412017046798,0.17119159172471704,0,0.5857205503890601,0.3017374841470246,0.11254196546391525,0,0.6120993768562558,0.2858781372148009,0.10202248592894334,0
2022-23,15,2023-01-14,Nottingham Forest,Leicester City,0,0.0,0.0,0.0,0,0.4573801613303393,0.24265812557370964,0.2999617130959511,0,0.41863085799859423,0.25714401696856515,0.32422512503284057,0,0.7721011663613744,0.1330335345603782,0.09486529907824733,0,0.8296027451270059,0.0824347147191638,0.08796254015383016,0
2022-23,15,2023-01-14,Manchester United,Manchester City,0,0.0,0.0,0.0,0,0.381933088216805,0.24486914831952222,0.3731977634636728,0,0.32402537339930876,0.23610614596908053,0.4398684806316107,2,0.28552816692839506,0.1948736659630142,0.5195981671085907,2,0.329563278053938,0.18117105793439245,0.48926566401166965,2
2022-23,15,2023-01-14,Brighton and Hove Albion,Liverpool,0,0.0,0.0,0.0,0,0.3064957708820874,0.24114284587852736,0.45236138323938513,2,0.2774831714802389,0.2371174852144112,0.48539934330535,2,0.6206440127268178,0.09122401537489137,0.2881319718982909,0,0.7546475742070355,0.06408919755589002,0.18126322823707441,0
2022-23,15,2023-01-14,Everton,Southampton,2,0.0,0.0,0.0,0,0.4380911908286469,0.2427336985791617,0.3191751105921914,0,0.47630031934392836,0.2559603630160435,0.26773931764002806,0,0.5514111695002925,0.11916580627813794,0.32942302422156955,0,0.36271903947050826,0.153333722349714,0.48394723817977775,2
2022-23,15,2023-01-15,Chelsea,Crystal Palace,0,0.0,0.0,0.0,0,0.5274971166074208,0.22993606870360708,0.24256681468897212,0,0.6438428878866957,0.21054324693522886,0.14561386517807542,0,0.5333500711817111,0.3529734167503552,0.11367651206793379,0,0.7563238391148721,0.20906842804041334,0.03460773284471452,0
2022-23,15,2023-01-15,Newcastle United,Fulham,0,0.0,0.0,0.0,0,0.5301967942499848,0.22749309348153104,0.24231011226848398,0,0.6485654619717414,0.20988962077428763,0.14154491725397103,0,0.828046002752766,0.07326003963520324,0.09869395761203069,0,0.7600319314128742,0.0993680643517072,0.14060000423541855,0
2022-23,15,2023-01-15,Tottenham,Arsenal,2,0.0,0.0,0.0,0,0.35589841194854466,0.24347357751454843,0.400628010536907,2,0.4212626661851582,0.24264085296389987,0.33609648085094196,0,0.24813124964241595,0.11301659482698576,0.6388521555305984,2,0.3286724087397137,0.021465702973411483,0.6498618882868747,2
2022-23,15,2023-01-18,Crystal Palace,Manchester United,1,0.0,0.0,0.0,0,0.431510135136251,0.24449278502704547,0.32399707983670345,0,0.2814257643328726,0.2428105593081621,0.47576367635896527,2,0.13814325159324772,0.538252924982918,0.3236038234238343,1,0.1215257143670763,0.5814486829796893,0.29702560265323447,1
2022-23,15,2023-01-19,Manchester City,Tottenham,0,0.0,0.0,0.0,0,0.581431631838349,0.21408616657639618,0.2044822015852547,0,0.7410563597005105,0.1679378899820373,0.09100575031745207,0,0.7966626408026162,0.06999746332185128,0.13333989587553252,0,0.7281741612175213,0.16000897559352004,0.11181686318895874,0
2022-23,15,2023-01-21,West Ham United,Everton,0,0.0,0.0,0.0,0,0.5778142814971929,0.21768992357014605,0.2044957949326611,0,0.5012733873938701,0.2506201534664778,0.24810645913965215,0,0.4257551228734975,0.25902279998880345,0.3152220771376991,0,0.6497329556424194,0.2168370929097422,0.13342995144783842,0
2022-23,15,2023-01-21,Southampton,Aston Villa,2,0.0,0.0,0.0,0,0.3643922526502881,0.24540419829226037,0.3902035490574517,2,0.31272343636738703,0.25640613052510974,0.43087043310750334,2,0.11486381411188121,0.2104296964634466,0.6747064894246722,2,0.10419185923089908,0.10042563571046448,0.7953825050586364,2
2022-23,15,2023-01-21,Crystal Palace,Newcastle United,1,0.0,0.0,0.0,0,0.3722102031036284,0.24627709882793652,0.381512698068435,2,0.3206082323629838,0.24979357871502472,0.4295981889219916,2,0.17214808716288482,0.5328588340665269,0.2949930787705883,1,0.1655751291989203,0.676680701554846,0.1577441692462337,1
2022-23,15,2023-01-21,Bournemouth,Nottingham Forest,1,0.0,0.0,0.0,0,0.46817382058007845,0.2401835629437058,0.29164261647621575,0,0.3140560888324568,0.25855101048513657,0.4273929006824067,2,0.27449255987804516,0.4165510492564111,0.3089563908655437,1,0.2194854153917614,0.6507260782891814,0.12978850631905717,1
2022-23,15,2023-01-21,Liverpool,Chelsea,1,0.0,0.0,0.0,0,0.4912404964600917,0.23423382850936617,0.27452567503054215,0,0.6528447542226558,0.20180062106337432,0.14535462471396987,0,0.41186137164397596,0.4532495775531764,0.13488905080284763,1,0.21863878655826255,0.6064246928681576,0.1749365205735798,1
2022-23,15,2023-01-21,Leicester City,Brighton and Hove Albion,1,0.0,0.0,0.0,0,0.39437846299690715,0.2458673039695644,0.3597542330335284,0,0.3881966773020056,0.2544731685104959,0.3573301541874984,0,0.43556093805361484,0.41653990788328116,0.1478991540631039,0,0.34433841759242434,0.6052604169521613,0.05040116545541439,1
2022-23,15,2023-01-22,Leeds United,Brentford,1,0.0,0.0,0.0,0,0.42194371722261426,0.24418609623030707,0.3338701865470786,0,0.34979816383396384,0.2560188983804511,0.394182937785585,2,0.37477728563265644,0.2695681989644939,0.3556545154028497,0,0.23938304527449286,0.5030719639572231,0.25754499076828413,1
2022-23,15,2023-01-22,Manchester City,Wolverhampton Wanderers,0,0.0,0.0,0.0,0,0.6806875647033303,0.18171803614054766,0.13759439915612204,0,0.8533439614904111,0.11371555076094804,0.03294048774864064,0,0.8634291977030218,0.10816871595362779,0.028402086343350376,0,0.8378610536488602,0.12710337769564,0.03503556865549973,0
2022-23,15,2023-01-22,Arsenal,Manchester United,0,0.0,0.0,0.0,0,0.4635433613420088,0.2399178105882602,0.29653882806973103,0,0.6293389511473555,0.20776110598095596,0.1628999428716886,0,0.8059974880584015,0.10709004865448248,0.08691246328711583,0,0.7849227491329935,0.1887930948057762,0.026284156061230343,0
2022-23,15,2023-01-23,Fulham,Tottenham,2,0.0,0.0,0.0,0,0.3889506783961638,0.24613365970176931,0.364915661902067,0,0.2554780691386392,0.24143080611010598,0.5030911247512548,2,0.3449706999798037,0.2548277163349497,0.40020158368524655,2,0.07513705005770592,0.13986359268813517,0.7849993572541589,2
2022-23,15,2023-02-03,Chelsea,Fulham,1,0.0,0.0,0.0,0,0.5466332776609943,0.22449506510319608,0.2288716572358096,0,0.6870200360096741,0.19664707512479346,0.11633288886553234,0,0.5898388662796997,0.30718446542442435,0.10297666829587598,0,0.44474796377220444,0.49214153745965317,0.06311049876814244,1
2022-23,15,2023-02-04,Wolverhampton Wanderers,Liverpool,0,0.0,0.0,0.0,0,0.2560448618146417,0.23282362906055473,0.5111315091248034,2,0.18240060243903886,0.21742158682166274,0.6001778107392983,2,0.16410499161046146,0.16475235742187944,0.6711426509676591,2,0.4470985052505388,0.20577089797340384,0.34713059677605734,0
2022-23,15,2023-02-04,Everton,Arsenal,0,0.0,0.0,0.0,0,0.3156780139527461,0.24425484617329035,0.4400671398739638,2,0.14088555733427796,0.20059350633202383,0.6585209363336982,2,0.22460356211232932,0.09320929033890128,0.6821871475487694,2,0.2851274928260714,0.09436714579649735,0.6205053613774312,2
2022-23,15,2023-02-04,Aston Villa,Leicester City,2,0.0,0.0,0.0,0,0.4182084081010716,0.2440727197897745,0.33771887210915386,0,0.4938237730617239,0.2478996632622174,0.2582765636760587,0,0.6117282012399773,0.1348873719630748,0.25338442679694784,0,0.31881879691273773,0.051785888224062736,0.6293953148631996,2
2022-23,15,2023-02-04,Brentford,Southampton,0,0.0,0.0,0.0,0,0.4408954087549373,0.24183844939418953,0.3172661418508731,0,0.607620851609522,0.22583682255431106,0.16654232583616704,0,0.6753672922180419,0.19372388650945044,0.13090882127250766,0,0.7319959064269418,0.18901485431493129,0.07898923925812683,0
2022-23,15,2023-02-04,Brighton and Hove Albion,Bournemouth,0,0.0,0.0,0.0,0,0.5445446089422219,0.22377763746467025,0.23167775359310797,0,0.6425704074404545,0.21480276339067453,0.14262682916887107,0,0.5834711103010889,0.33711998289233347,0.0794089068065776,0,0.835110340261767,0.08936674338760059,0.07552291635063242,0
2022-23,15,2023-02-04,Manchester United,Crystal Palace,0,0.0,0.0,0.0,0,0.5877775793578421,0.21319906540864791,0.19902335523351006,0,0.6780657621446868,0.19791977285394124,0.12401446500137196,0,0.7283104130513378,0.12512611501809642,0.14656347193056574,0,0.7931654536049837,0.03133073821923667,0.17550380817577968,0
2022-23,15,2023-02-04,Newcastle United,West Ham United,1,0.0,0.0,0.0,0,0.5544169912694986,0.22201282287383992,0.22357018585666144,0,0.6466747026811872,0.20973596405442904,0.1435893332643837,0,0.3624619778021594,0.5232271395355059,0.11431088266233477,1,0.1924709175977349,0.7502713942153735,0.05725768818689158,1
2022-23,15,2023-02-05,Nottingham Forest,Leeds United,0,0.0,0.0,0.0,0,0.45329807371208325,0.24073911859597596,0.30596280769194095,0,0.4572430837679273,0.2548488140580501,0.2879081021740225,0,0.7343645493608599,0.10504933428518656,0.16058611635395353,0,0.8527991509594841,0.10092610845384666,0.04627474058666927,0
2022-23,15,2023-02-05,Tottenham,Manchester City,0,0.0,0.0,0.0,0,0.37231031015374966,0.24571575919390787,0.3819739306523423,2,0.3187644066072673,0.23666393293310803,0.44457166045962465,2,0.48655466346007575,0.18185212579831828,0.33159321074160586,0,0.6689770447897302,0.08229254859440177,0.24873040661586807,0
2022-23,15,2023-02-08,Manchester United,Leeds United,1,0.0,0.0,0.0,0,0.5883798112655556,0.2117439143040244,0.19987627443042008,0,0.7085235945719143,0.1872303243578088,0.104246081070277,0,0.7158008667413702,0.23172561444802953,0.05247351881060012,0,0.4942861753498083,0.46186376368073695,0.04385006096945484,0
2022-23,15,2023-02-11,West Ham United,Chelsea,1,0.0,0.0,0.0,0,0.4207860261039207,0.24589704861034548,0.3333169252857338,0,0.32634394227854746,0.2506293130593012,0.4230267446621514,2,0.14455967832998468,0.4611348041836515,0.3943055174863639,1,0.1336355153989997,0.5453198167317408,0.32104466786925956,1
2022-23,15,2023-02-11,Arsenal,Brentford,1,0.0,0.0,0.0,0,0.5573273335469826,0.22199934453875597,0.22067332191426153,0,0.7272677313259359,0.17713786301603218,0.09559440565803187,0,0.7337444262162189,0.22450588282969766,0.04174969095408339,0,0.5200340330544283,0.44152812362872734,0.038437843316844335,0
2022-23,15,2023-02-11,Crystal Palace,Brighton and Hove Albion,1,0.0,0.0,0.0,0,0.40422684903141837,0.24712732112887753,0.34864582983970394,0,0.40215685855556055,0.25432532263864277,0.34351781880579674,0,0.4521587299496244,0.40226881276056004,0.14557245728981558,0,0.2040092118626575,0.7216884564273707,0.07430233170997175,1
2022-23,15,2023-02-11,Fulham,Nottingham Forest,0,0.0,0.0,0.0,0,0.4688103066900078,0.23858479880998262,0.2926048945000096,0,0.38773317746558633,0.25866174867532776,0.3536050738590859,0,0.7278455993033068,0.1339351594628261,0.13821924123386706,0,0.7107179338339106,0.11868499660089031,0.17059706956519904,0
2022-23,15,2023-02-11,Leicester City,Tottenham,0,0.0,0.0,0.0,0,0.3136349448822928,0.24199774756886622,0.44436730754884096,2,0.31633112463042845,0.2475973354132861,0.4360715399562855,2,0.543513510027399,0.16442703110293325,0.29205945886966767,0,0.4596294442918321,0.20575839956307804,0.3346121561450899,0
2022-23,15,2023-02-11,Southampton,Wolverhampton Wanderers,2,0.0,0.0,0.0,0,0.4262957028880596,0.24391355766934658,0.32979073944259385,0,0.32066168984061144,0.2587311231491344,0.4206071870102542,2,0.12966178848172258,0.19456356112040815,0.6757746503978693,2,0.07283298091639714,0.22245305193804807,0.7047139671455548,2
2022-23,15,2023-02-11,Bournemouth,Newcastle United,1,0.0,0.0,0.0,0,0.28714180070982487,0.23810289406175192,0.47475530522842324,2,0.17628448510164876,0.22172957436115473,0.6019859405371966,2,0.10993952249220725,0.5017575706319098,0.3883029068758829,1,0.07596223181239438,0.6281096438860209,0.29592812430158466,1
2022-23,15,2023-02-12,Leeds United,Manchester United,2,0.0,0.0,0.0,0,0.35585646685273875,0.24545014116751496,0.3986933919797463,2,0.23172269959519248,0.234738149674533,0.5335391507302746,2,0.24547824631690995,0.17209042341036063,0.5824313302727294,2,0.1779078985712252,0.11009547044738917,0.7119966309813855,2
2022-23,15,2023-02-12,Manchester City,Aston Villa,0,0.0,0.0,0.0,0,0.6349892311806948,0.19698977877411905,0.16802099004518609,0,0.8115086431661898,0.13692126583634512,0.05157009099746518,0,0.6875008807724168,0.26571153813463577,0.046787581092947554,0,0.8319275723732938,0.13172847789708805,0.03634394972961816,0
2022-23,15,2023-02-13,Liverpool,Everton,0,0.0,0.0,0.0,0,0.5497286057619589,0.22403475056551228,0.22623664367252883,0,0.8072197154573036,0.14120425014560625,0.051576034397090166,0,0.7374154402270767,0.2245648585774057,0.03801970119551751,0,0.8070401277434929,0.14488219566441657,0.04807767659209049,0
2022-23,15,2023-02-15,Arsenal,Manchester City,2,0.0,0.0,0.0,0,0.3926421202677254,0.24358495049566523,0.36377292923660937,0,0.4216834733746736,0.2367327037124578,0.3415838229128686,0,0.23293243698488908,0.14713084492462106,0.61993671809049,2,0.2520302952784595,0.17299013205556787,0.5749795726659727,2
2022-23,15,2023-02-18,Newcastle United,Liverpool,2,0.0,0.0,0.0,0,0.3600084764133804,0.2449764503802062,0.3950150732064135,2,0.3862907974959358,0.24456166211339797,0.36914754039066633,0,0.22246528241968963,0.2714221611013436,0.5061125564789667,2,0.2741447069622632,0.09347253870576246,0.6323827543319744,2
2022-23,15,2023-02-18,Wolverhampton Wanderers,Bournemouth,2,0.0,0.0,0.0,0,0.4868230033075626,0.23679275772125624,0.2763842389711813,0,0.5596174222095248,0.24005937501925584,0.20032320277121943,0,0.5310811756594489,0.13551698805934262,0.33340183628120845,0,0.3009391815716195,0.04187354094485851,0.6571872774835221,2
2022-23,15,2023-02-18,Nottingham Forest,Manchester City,1,0.0,0.0,0.0,0,0.24162866179783082,0.22830917139297652,0.5300621668091927,2,0.13344579331217796,0.191936525839933,0.6746176808478891,2,0.16792367246015527,0.3067975190357635,0.5252788085040812,2,0.14024894396837498,0.5452803003403236,0.3144707556913015,1
2022-23,15,2023-02-18,Everton,Leeds United,0,0.0,0.0,0.0,0,0.4130251565585652,0.24502972481625138,0.3419451186251834,0,0.4045245933461301,0.26061798236610745,0.3348574242877624,0,0.5956454346105448,0.15283348870475605,0.2515210766846993,0,0.6802639012443501,0.16824648066748443,0.15148961808816536,0
2022-23,15,2023-02-18,Aston Villa,Arsenal,2,0.0,0.0,0.0,0,0.29638958257548986,0.23779575005309697,0.4658146673714132,2,0.22317599781143732,0.229545413259181,0.5472785889293816,2,0.16011243190169286,0.10808444409928149,0.7318031239990257,2,0.09304547472359924,0.0705428212877612,0.8364117039886395,2
2022-23,15,2023-02-18,Brighton and Hove Albion,Fulham,2,0.0,0.0,0.0,0,0.4768809416434801,0.23852980949450278,0.2845892488620173,0,0.6116056175263983,0.2222391540804541,0.16615522839314759,0,0.400018454920605,0.29429535970075515,0.3056861853786399,0,0.38556724196923853,0.23092340586793375,0.3835093521628278,0
2022-23,15,2023-02-18,Brentford,Crystal Palace,1,0.0,0.0,0.0,0,0.4772765122100654,0.23869316567572046,0.28403032211421414,0,0.5441718925110229,0.23841074822971167,0.21741735925926534,0,0.5528284519309786,0.3566174321564309,0.09055411591259055,0,0.3091219397241491,0.615237752091557,0.07564030818429392,1
2022-23,15,2023-02-18,Chelsea,Southampton,2,0.0,0.0,0.0,0,0.5896463371378019,0.2130474944526033,0.1973061684095948,0,0.7345614957945068,0.1785914538105366,0.08684705039495659,0,0.6594612524172052,0.0989038864301663,0.24163486115262856,0,0.42319793429797686,0.11415230857735532,0.46264975712466777,2
2022-23,15,2023-02-19,Manchester United,Leicester City,0,0.0,0.0,0.0,0,0.5227606708175763,0.22920226289923096,0.24803706628319294,0,0.6612878968896825,0.20325096737100534,0.13546113573931215,0,0.7494714511696557,0.07108003346247521,0.17944851536786896,0,0.5409817376775862,0.08248563884080216,0.3765326234816116,0
2022-23,15,2023-02-19,Tottenham,West Ham United,0,0.0,0.0,0.0,0,0.5535594574404891,0.22321388736904454,0.22322665519046636,0,0.6860982234388425,0.19569741417954412,0.11820436238161337,0,0.5543492475088974,0.366366252191981,0.07928450029912165,0,0.9475687748191953,0.03349036670141055,0.018940858479394296,0
2022-23,15,2023-02-24,Fulham,Wolverhampton Wanderers,1,0.0,0.0,0.0,0,0.4102357756189088,0.24296172493256024,0.3468024994485309,0,0.4304141144696601,0.2564754101180471,0.3131104754122928,0,0.39781690861514696,0.3242321392659141,0.27795095211893894,0,0.205833843969532,0.6830135344874013,0.11115262154306677,1
2022-23,15,2023-02-25,Bournemouth,Manchester City,2,0.0,0.0,0.0,0,0.22898004179846448,0.22649698636588703,0.5445229718356485,2,0.09798681330618085,0.17281850137266694,0.7291946853211522,2,0.13064372709965028,0.05228319948260038,0.8170730734177494,2,0.08152722420741562,0.05115923947224967,0.8673135363203347,2
2022-23,15,2023-02-25,West Ham United,Nottingham Forest,0,0.0,0.0,0.0,0,0.40042105682028833,0.24608437141378847,0.35349457176592325,0,0.47080054242975716,0.25263331202034867,0.27656614554989417,0,0.46663087863197517,0.29632914436009844,0.2370399770079264,0,0.6591596931818211,0.27879855281529464,0.06204175400288425,0
2022-23,15,2023-02-25,Crystal Palace,Liverpool,1,0.0,0.0,0.0,0,0.34131525147698255,0.24647216860116955,0.41221257992184784,2,0.23526871985480077,0.23185429534552865,0.5328769847996705,2,0.18923268013514624,0.27837389903084814,0.5323934208340056,2,0.20414697225616682,0.43401152817646005,0.3618414995673732,1
2022-23,15,2023-02-25,Leeds United,Southampton,0,0.0,0.0,0.0,0,0.482295262699207,0.23686828992414916,0.28083644737664376,0,0.4616624042620016,0.2573713827874801,0.28096621295051816,0,0.6977505715437194,0.06444171863398189,0.23780770982229868,0,0.7239952654312425,0.04939432234648733,0.22661041222227016,0
2022-23,15,2023-02-25,Everton,Aston Villa,2,0.0,0.0,0.0,0,0.3610203015974001,0.24584914841634195,0.39313054998625774,2,0.3737297238345984,0.2594346100726921,0.3668356660927096,0,0.32152241721761493,0.25005482841647003,0.42842275436591515,2,0.12179239254392994,0.18369953922337687,0.6945080682326932,2
2022-23,15,2023-02-25,Leicester City,Arsenal,2,0.0,0.0,0.0,0,0.3579116580627328,0.24743374504174712,0.39465459689552007,2,0.2856708928768142,0.24168222765855785,0.47264687946462786,2,0.15386441918752738,0.076759869223562,0.7693757115889107,2,0.024282265387964894,0.06287182235577027,0.9128459122562649,2
2022-23,15,2023-02-26,Tottenham,Chelsea,0,0.0,0.0,0.0,0,0.5034042791453419,0.23223148745525324,0.26436423339940457,0,0.5457898215584227,0.23157727187402327,0.2226329065675541,0,0.5793032956262635,0.27731003995417036,0.1433866644195661,0,0.7658773925192902,0.014993416368202781,0.2191291911125071,0
2022-23,15,2023-03-01,Arsenal,Everton,0,0.0,0.0,0.0,0,0.5831544740074788,0.21377211893369236,0.2030734070588288,0,0.7937066119224274,0.14823648024650227,0.05805690783107042,0,0.7831763854086342,0.04522494505048594,0.17159866954087996,0,0.8658796602336537,0.028239986511091327,0.10588035325525504,0
2022-23,15,2023-03-01,Liverpool,Wolverhampton Wanderers,0,0.0,0.0,0.0,0,0.640691028142705,0.1962696972462992,0.16303927461099593,0,0.7713385452165625,0.1585848838382464,0.07007657094519097,0,0.919539601857395,0.05427085972079169,0.026189538421813274,0,0.8914540075343663,0.0759337142483279,0.03261227821730564,0
2022-23,15,2023-03-04,Manchester City,Newcastle United,0,0.0,0.0,0.0,0,0.5957549221180487,0.21128257999880057,0.1929624978831507,0,0.7853806453371409,0.14877530169246614,0.06584405297039306,0,0.8988768390862588,0.06308819544103492,0.03803496547270626,0,0.918435871149465,0.06573406144284655,0.015830067407688303,0
2022-23,15,2023-03-04,Arsenal,Bournemouth,0,0.0,0.0,0.0,0,0.5862312047519589,0.21362606073656668,0.20014273451147452,0,0.8184366817620524,0.1354865986569089,0.04607671958103874,0,0.8952744233895685,0.07226971313858194,0.03245586347184959,0,0.948754458198982,0.036401781716138365,0.014843760084879778,0
2022-23,15,2023-03-04,Aston Villa,Crystal Palace,0,0.0,0.0,0.0,0,0.42887216726125266,0.2435207736306949,0.3276070591080526,0,0.46652934901609155,0.25146834822660963,0.2820023027572989,0,0.6797656172378561,0.10396424700308145,0.21627013575906257,0,0.8547203198778757,0.054970470824026875,0.09030920929809738,0
2022-23,15,2023-03-04,Brighton and Hove Albion,West Ham United,0,0.0,0.0,0.0,0,0.4820813883655505,0.23711915707482006,0.2807994545596295,0,0.5388075752697561,0.23930570632985274,0.22188671840039112,0,0.8841980928775658,0.059093955355540795,0.05670795176689353,0,0.8445351855713724,0.05997055432729982,0.09549426010132783,0
2022-23,15,2023-03-04,Chelsea,Leeds United,0,0.0,0.0,0.0,0,0.5084108323581753,0.23252371074991965,0.2590654568919051,0,0.6486247236672725,0.2106505842079416,0.14072469212478597,0,0.668007777018356,0.206874611167635,0.12511761181400902,0,0.7460210169688896,0.21916003058234917,0.03481895244876126,0
2022-23,15,2023-03-04,Wolverhampton Wanderers,Tottenham,0,0.0,0.0,0.0,0,0.3983254147443705,0.24725341092109945,0.35442117433453,0,0.2678476935280373,0.24269166961151656,0.48946063686044616,2,0.2534755211595472,0.3248529801591602,0.4216714986812927,2,0.4966979539537988,0.11660057813721483,0.38670146790898635,0
2022-23,15,2023-03-04,Southampton,Leicester City,0,0.0,0.0,0.0,0,0.3858432355766226,0.24549752316506218,0.3686592412583153,0,0.2807622680299842,0.25293088007778963,0.4663068518922262,2,0.3808622436701207,0.23372554880673146,0.38541220752314775,2,0.42940621643763544,0.16091835106055108,0.4096754325018135,0
2022-23,15,2023-03-05,Nottingham Forest,Everton,1,0.0,0.0,0.0,0,0.48380243676290546,0.23691481200245298,0.27928275123464164,0,0.48793593360968357,0.25241209367177975,0.2596519727185367,0,0.5159652177966519,0.4220358400217263,0.06199894218162175,0,0.2307778386506,0.7027319794834209,0.06649018186597919,1
2022-23,15,2023-03-05,Liverpool,Manchester United,0,0.0,0.0,0.0,0,0.4797661962721935,0.2369492459491513,0.28328455777865535,0,0.6114154671087094,0.2124422224489454,0.17614231044234513,0,0.505413662205905,0.39713330741774455,0.09745303037635049,0,0.6225924995794683,0.16480373122230704,0.21260376919822466,0
2022-23,15,2023-03-06,Brentford,Fulham,0,0.0,0.0,0.0,0,0.46910135464137276,0.23838496267992182,0.29251368267870537,0,0.5395209116816535,0.239685891714059,0.2207931966042875,0,0.8172597895658711,0.10954366059481695,0.07319654983931205,0,0.8390186554105387,0.1313978082441392,0.029583536345322202,0
2022-23,15,2023-03-11,Bournemouth,Liverpool,0,0.0,0.0,0.0,0,0.22998274395003776,0.2280367313888975,0.5419805246610647,2,0.13827068422791447,0.20043319575074145,0.6612961200213441,2,0.14911337763788915,0.07198717250564347,0.7788994498564674,2,0.3452772313628082,0.20253654877820845,0.45218621985898344,2
2022-23,15,2023-03-11,Everton,Brentford,0,0.0,0.0,0.0,0,0.36872579150823676,0.2470919248757143,0.384182283616049,2,0.3071781483925989,0.25373376397586817,0.4390880876315329,2,0.31887194279870684,0.2552563457368356,0.42587171146445746,2,0.384496770446279,0.16587295551920944,0.4496302740345116,2
2022-23,15,2023-03-11,Leeds United,Brighton and Hove Albion,1,0.0,0.0,0.0,0,0.3802484989095323,0.24614601500380726,0.37360548608666033,0,0.3085501012412247,0.25280954345072554,0.43864035530804973,2,0.1333479117178806,0.49109517492426763,0.37555691335785185,1,0.08786409180293324,0.4664495724485429,0.44568633574852395,1
2022-23,15,2023-03-11,Leicester City,Chelsea,2,0.0,0.0,0.0,0,0.39570255676210986,0.2459276933858736,0.35836974985201653,0,0.34236810569906684,0.2522676879777413,0.40536420632319187,2,0.08035535797958689,0.32520706838927854,0.5944375736311345,2,0.13949540983047998,0.3604831343160014,0.5000214558535186,2
2022-23,15,2023-03-11,Tottenham,Nottingham Forest,0,0.0,0.0,0.0,0,0.5736495206338569,0.21762472182965648,0.2087257575364867,0,0.6827823112221107,0.1975032150876709,0.11971447369021838,0,0.8867870194425959,0.047967644943599626,0.06524533561380444,0,0.9065714808528283,0.055748976132419165,0.03767954301475258,0
2022-23,15,2023-03-11,Crystal Palace,Manchester City,2,0.0,0.0,0.0,0,0.3237109622936847,0.24477449318351224,0.431514544522803,2,0.14915866309976186,0.19914314686825282,0.6516981900319854,2,0.1890513655869137,0.19526432544637085,0.6156843089667156,2,0.10626059913956563,0.21250872728236292,0.6812306735780714,2
2022-23,15,2023-03-12,Fulham,Arsenal,2,0.0,0.0,0.0,0,0.3157372469733114,0.2427864284041429,0.4414763246225458,2,0.1924525262352751,0.22069111740957809,0.5868563563551468,2,0.22729374229183888,0.12435110764675746,0.6483551500614037,2,0.3151821763984015,0.07850711084071069,0.6063107127608878,2
2022-23,15,2023-03-12,Manchester United,Southampton,1,0.0,0.0,0.0,0,0.5678394494880566,0.21896481175629798,0.21319573875564551,0,0.7649753055129419,0.16360262522024882,0.07142206926680925,0,0.7929754000658168,0.15790493444514586,0.04911966548903742,0,0.5401907982405849,0.4118561316001167,0.04795307015929853,0
2022-23,15,2023-03-12,West Ham United,Aston Villa,1,0.0,0.0,0.0,0,0.4692277792413629,0.24024907094519787,0.2905231498134392,0,0.42430911091707074,0.25570498408721815,0.3199859049957111,0,0.17829804439156552,0.5348059242815641,0.28689603132687036,1,0.16063682016422934,0.6996101633553079,0.1397530164804628,1
2022-23,15,2023-03-12,Newcastle United,Wolverhampton Wanderers,0,0.0,0.0,0.0,0,0.46812051076631944,0.2412238159538062,0.2906556732798744,0,0.6602063864004588,0.20603102744642035,0.1337625861531208,0,0.8031092973218613,0.1306431779955463,0.06624752468259235,0,0.8252888461045468,0.12554820787084764,0.04916294602460565,0
2022-23,15,2023-03-15,Brighton and Hove Albion,Crystal Palace,0,0.0,0.0,0.0,0,0.5349107061595486,0.22668564029876714,0.23840365354168425,0,0.542668636872138,0.23830201113699212,0.21902935199086998,0,0.677811051685573,0.08964687664420436,0.2325420716702226,0,0.8599378728419875,0.06160742908083952,0.07845469807717309,0
2022-23,15,2023-03-15,Southampton,Brentford,2,0.0,0.0,0.0,0,0.34286385815943,0.24390838863219622,0.4132277532083737,2,0.2728426204391369,0.24959399249835498,0.4775633870625081,2,0.15733185373648614,0.10560996744330642,0.7370581788202074,2,0.06399910842494581,0.07271795512456361,0.8632829364504907,2
2022-23,15,2023-03-17,Nottingham Forest,Newcastle United,2,0.0,0.0,0.0,0,0.33730041962008017,0.24511169276488226,0.4175878876150375,2,0.3086528089924612,0.2504487182637872,0.4408984727437516,2,0.32172638934713976,0.05939226414426812,0.6188813465085922,2,0.41814594431233826,0.04962753533077749,0.5322265203568842,2
2022-23,15,2023-03-18,Chelsea,Everton,1,0.0,0.0,0.0,0,0.49723587550568027,0.23466076305663283,0.26810336143768687,0,0.6680246978841012,0.2041095196275335,0.12786578248836514,0,0.36615452638031487,0.5381822327489277,0.0956632408707574,1,0.3684724876730932,0.5870644707869029,0.04446304154000393,1
2022-23,15,2023-03-18,Southampton,Tottenham,1,0.0,0.0,0.0,0,0.3579022943100018,0.24619607390217546,0.39590163178782256,2,0.18761251399191653,0.22402974764431668,0.5883577383637668,2,0.06040331053141356,0.6884678589654707,0.25112883050311585,1,0.03148010912279452,0.8339099569764902,0.1346099339007152,1
2022-23,15,2023-03-18,Wolverhampton Wanderers,Leeds United,2,0.0,0.0,0.0,0,0.5366556339521575,0.22508942482656785,0.2382549412212746,0,0.4384644692721743,0.25673008091502353,0.3048054498128022,0,0.2790100666147879,0.08507344363587054,0.6359164897493416,2,0.22184682691924584,0.30219252161668275,0.4759606514640715,2
2022-23,15,2023-03-18,Brentford,Leicester City,1,0.0,0.0,0.0,0,0.49251162691980843,0.23461611045039305,0.27287226262979847,0,0.5235756217680689,0.242427590665624,0.23399678756630699,0,0.27204509886321526,0.5395408069345231,0.18841409420226163,1,0.12005371874134778,0.7410086062381163,0.13893767502053586,1
2022-23,15,2023-03-18,Aston Villa,Bournemouth,0,0.0,0.0,0.0,0,0.5024525198283387,0.2340050033600653,0.26354247681159604,0,0.5760370606433237,0.2344572947666545,0.18950564459002184,0,0.7146702268607077,0.13585295395782074,0.14947681918147154,0,0.7430479625558447,0.07289333957162829,0.18405869787252693,0
2022-23,15,2023-03-19,Arsenal,Crystal Palace,0,0.0,0.0,0.0,0,0.5984815683646003,0.2086200058660506,0.19289842576934907,0,0.7488016276542193,0.16871331859284225,0.08248505375293845,0,0.724456846206366,0.22986430484648787,0.045678848947146126,0,0.7554014748286723,0.20797926889833218,0.0366192562729956,0
2022-23,15,2023-04-01,Manchester City,Liverpool,0,0.0,0.0,0.0,0,0.5618689974099735,0.22024303379160534,0.2178879687984212,0,0.7058310551946161,0.17965114979976782,0.11451779500561612,0,0.8819992230170298,0.08590263023600148,0.03209814674696884,0,0.9380775338641348,0.037306871998958296,0.024615594136906907,0
2022-23,15,2023-04-01,Arsenal,Leeds United,0,0.0,0.0,0.0,0,0.5833232890930418,0.21402782726747385,0.20264888363948444,0,0.7864730322867485,0.15136236185832852,0.062164605854923,0,0.8054009992571523,0.1622793431595897,0.032319657583258034,0,0.8726690684642782,0.08773543646923443,0.0395954950664874,0
2022-23,15,2023-04-01,Bournemouth,Fulham,0,0.0,0.0,0.0,0,0.3527229665795821,0.2437418456155384,0.4035351878048796,2,0.331559534313461,0.25972881655193836,0.4087116491346007,2,0.5830630048850195,0.1073211820229846,0.30961581309199593,0,0.48660190319483776,0.2547046838346464,0.25869341297051585,0
2022-23,15,2023-04-01,Brighton and Hove Albion,Brentford,1,0.0,0.0,0.0,0,0.4601204656309154,0.24035520491500426,0.29952432945408025,0,0.49616085274537836,0.2445337734204024,0.2593053738342192,0,0.5369156485594058,0.3399455657278654,0.12313878571272871,0,0.24975334499294977,0.49638344367809195,0.25386321132895834,1
2022-23,15,2023-04-01,Crystal Palace,Leicester City,0,0.0,0.0,0.0,0,0.4809975707274735,0.24005626676055605,0.27894616251197046,0,0.4814130110391116,0.25121563838889127,0.26737135057199707,0,0.48640349700184093,0.3925034214485572,0.12109308154960173,0,0.8589694578895614,0.10410022107341929,0.036930321037019355,0
2022-23,15,2023-04-01,Nottingham Forest,Wolverhampton Wanderers,1,0.0,0.0,0.0,0,0.43123946144579084,0.2434060083404725,0.32535453021373656,0,0.4257681422938878,0.25807651099713447,0.3161553467089778,0,0.34013459321443434,0.2692651892207745,0.3906002175647911,2,0.17162459525142856,0.6600487767732299,0.1683266279753415,1
2022-23,15,2023-04-01,Chelsea,Aston Villa,2,0.0,0.0,0.0,0,0.533847948022593,0.22816773267184035,0.23798431930556666,0,0.6059711158962879,0.22135842593371843,0.1726704581699937,0,0.47784651893846397,0.12012380448915502,0.402029676572381,0,0.318402889202804,0.049169696992277225,0.6324274138049188,2
2022-23,15,2023-04-02,West Ham United,Southampton,0,0.0,0.0,0.0,0,0.4697420026360912,0.23999550138383555,0.29026249598007314,0,0.551622262047705,0.2411033161529813,0.20727442179931363,0,0.47940439916339855,0.34378318734401153,0.17681241349258991,0,0.7076005108274386,0.16564225009779718,0.12675723907476433,0
2022-23,15,2023-04-02,Newcastle United,Manchester United,0,0.0,0.0,0.0,0,0.43743535860354177,0.24340543942426576,0.3191592019721925,0,0.46301999504754116,0.2431328167092639,0.29384718824319495,0,0.49828344914101996,0.3590951506658148,0.14262140019316516,0,0.7606746385212528,0.1097409596289119,0.12958440184983522,0
2022-23,15,2023-04-03,Everton,Tottenham,1,0.0,0.0,0.0,0,0.39763662023230917,0.24540876656238284,0.35695461320530786,0,0.22227935946803679,0.23358695750212316,0.5441336830298401,2,0.13958690492532025,0.5045524423598807,0.3558606527147991,1,0.0729285743151087,0.6705564295712894,0.256514996113602,1
2022-23,15,2023-04-04,Chelsea,Liverpool,1,0.0,0.0,0.0,0,0.3668884807253648,0.24550251375257004,0.38760900552206534,2,0.3569581260088376,0.24509492706561123,0.39794694692555116,2,0.10728285991712833,0.30902557856634266,0.583691561516529,2,0.2300608225615671,0.5769055161774577,0.19303366126097518,1
2022-23,15,2023-04-04,Leicester City,Aston Villa,2,0.0,0.0,0.0,0,0.4574697067347203,0.2390885738542764,0.3034417194110033,0,0.34182355381827484,0.2548450535747241,0.4033313926070011,2,0.14720351518935534,0.1467413512484866,0.706055133562158,2,0.13769122233960765,0.10674791285993127,0.755560864800461,2
2022-23,15,2023-04-04,Bournemouth,Brighton and Hove Albion,2,0.0,0.0,0.0,0,0.33485044536519476,0.24429033614357348,0.4208592184912318,2,0.26737167322774447,0.24786572106652113,0.4847626057057344,2,0.22286091029370614,0.11038489850459403,0.6667541912016999,2,0.24391088194270652,0.20827549290464759,0.5478136251526459,2
2022-23,15,2023-04-04,Leeds United,Nottingham Forest,0,0.0,0.0,0.0,0,0.44295386627731137,0.24274344407163925,0.3143026896510493,0,0.44128754813071086,0.25755408503787863,0.3011583668314105,0,0.7060614886434908,0.15134969310032043,0.14258881825618872,0,0.704761752973208,0.18185142741781532,0.11338681960897665,0
2022-23,15,2023-04-05,Manchester United,Brentford,0,0.0,0.0,0.0,0,0.5358881354722924,0.22524222379981612,0.23886964072789146,0,0.5974523524203196,0.22129045414573295,0.18125719343394747,0,0.4983739288673918,0.26140562627725145,0.24022044485535682,0,0.8106557329179132,0.1046591865362541,0.0846850805458327,0
2022-23,15,2023-04-05,West Ham United,Newcastle United,2,0.0,0.0,0.0,0,0.4501173606373372,0.24218106883197643,0.3077015705306863,0,0.29708028255467706,0.247486032438022,0.45543368500730086,2,0.12894144928222362,0.2825126679360636,0.5885458827817127,2,0.06651593236480398,0.1480624536370865,0.7854216139981095,2
2022-23,15,2023-04-08,Southampton,Manchester City,2,0.0,0.0,0.0,0,0.24518249250878998,0.2304529371964614,0.5243645702947486,2,0.0843524075910066,0.16186552777330368,0.7537820646356896,2,0.10896755256501683,0.039749077989268675,0.8512833694457145,2,0.0885625018505264,0.043756848427133385,0.8676806497223402,2
2022-23,15,2023-04-08,Manchester United,Everton,0,0.0,0.0,0.0,0,0.536417284790839,0.22527710068262563,0.23830561452653526,0,0.6973062735536303,0.191991620396714,0.1107021060496557,0,0.7807669074900807,0.16156174412041704,0.05767134838950225,0,0.7669433177267159,0.10732178120460856,0.12573490106867552,0
2022-23,15,2023-04-08,Aston Villa,Nottingham Forest,0,0.0,0.0,0.0,0,0.4862726082329729,0.23671920927629225,0.2770081824907349,0,0.6045495698199543,0.22507983917238847,0.17037059100765717,0,0.8730004766750041,0.06185976893198142,0.06513975439301438,0,0.8682356450066506,0.03318537511410921,0.09857897987924018,0
2022-23,15,2023-04-08,Brentford,Newcastle United,2,0.0,0.0,0.0,0,0.43476019369475083,0.24256534509717348,0.32267446120807575,0,0.35707475103914227,0.2497381912457787,0.39318705771507906,2,0.36873081394566826,0.14260698026419755,0.48866220579013425,2,0.23356142092228435,0.14796432640968463,0.618474252668031,2
2022-23,15,2023-04-08,Fulham,West Ham United,2,0.0,0.0,0.0,0,0.4372957047581541,0.24436447355020371,0.31833982169164227,0,0.42226583472937773,0.25817534073424175,0.3195588245363805,0,0.40275611000632167,0.1949027481203548,0.4023411418733235,0,0.19619265370458194,0.08988348844079107,0.713923857854627,2
2022-23,15,2023-04-08,Leicester City,Bournemouth,2,0.0,0.0,0.0,0,0.5516154270661702,0.22530800856633218,0.22307656436749773,0,0.5495927456262958,0.24209709254541692,0.2083101618282874,0,0.41692441223502374,0.13547221207160295,0.4476033756933732,2,0.3716564055447844,0.1046386724683277,0.5237049219868879,2
2022-23,15,2023-04-08,Tottenham,Brighton and Hove Albion,0,0.0,0.0,0.0,0,0.5075169504139205,0.2332193199493441,0.25926372963673544,0,0.5959785404002351,0.2216506008148347,0.18237085878493015,0,0.7284877076037749,0.12462432763763982,0.1468879647585854,0,0.8714897051604427,0.041195941902118366,0.087314352937439,0
2022-23,15,2023-04-08,Wolverhampton Wanderers,Chelsea,0,0.0,0.0,0.0,0,0.4483915476659923,0.24226327842821757,0.3093451739057902,0,0.3093617789210164,0.2508656166194297,0.4397726044595539,2,0.4212996960502046,0.17707466465769137,0.401625639292104,0,0.5750585657940768,0.12508350012969952,0.2998579340762237,0
2022-23,15,2023-04-09,Liverpool,Arsenal,1,0.0,0.0,0.0,0,0.39232457089331574,0.24518002537512068,0.3624954037315635,0,0.5343294327260246,0.22768995808145234,0.23798060919252303,0,0.3288575780782055,0.3424302472864403,0.3287121746353543,1,0.2941661245245054,0.6409380144855669,0.06489586098992788,1
2022-23,15,2023-04-09,Leeds United,Crystal Palace,2,0.0,0.0,0.0,0,0.4086295284607443,0.24466889229672734,0.34670157924252826,0,0.4095342027795236,0.25779848671701067,0.3326673105034657,0,0.44503271976506115,0.1474080097317467,0.407559270503192,0,0.2937084803642246,0.09958944913960655,0.6067020704961688,2
2022-23,15,2023-04-15,Aston Villa,Newcastle United,0,0.0,0.0,0.0,0,0.38169706305987217,0.24487451560315124,0.3734284213369765,0,0.3609073850834807,0.2491544101837676,0.3899382047327517,2,0.5970289197497656,0.24800003541417237,0.154971044836062,0,0.7228443228185538,0.04234747829292516,0.23480819888852114,0
2022-23,15,2023-04-15,Chelsea,Brighton and Hove Albion,2,0.0,0.0,0.0,0,0.5020595792538389,0.2347429504781249,0.26319747026803625,0,0.5150106983540613,0.24053446709347764,0.24445483455246098,0,0.19754503087059616,0.2576060118861359,0.544848957243268,2,0.17207026212200174,0.22830495792209857,0.5996247799558997,2
2022-23,15,2023-04-15,Everton,Fulham,2,0.0,0.0,0.0,0,0.4457427472859624,0.24199482357556523,0.31226242913847224,0,0.42821991339461185,0.25918786314396286,0.31259222346142523,0,0.370090591966313,0.10152465280416588,0.5283847552295211,2,0.2309291909755248,0.12509065422701254,0.6439801547974626,2
2022-23,15,2023-04-15,Southampton,Crystal Palace,2,0.0,0.0,0.0,0,0.398289582739353,0.24635198691857943,0.3553584303420676,0,0.3110863761742665,0.2569679190666353,0.43194570475909827,2,0.08986803092923794,0.25756955751706534,0.6525624115536968,2,0.09755834078922916,0.32234691902079576,0.5800947401899751,2
2022-23,15,2023-04-15,Tottenham,Bournemouth,2,0.0,0.0,0.0,0,0.59578606621794,0.2107748204023045,0.19343911337975545,0,0.721703849549187,0.18302769625557716,0.09526845419523582,0,0.7273926978445076,0.16743712998765672,0.10517017216783565,0,0.5458750605612491,0.1610678642640396,0.29305707517471125,0
2022-23,15,2023-04-15,Wolverhampton Wanderers,Brentford,0,0.0,0.0,0.0,0,0.38589283986800194,0.2452518436705641,0.36885531646143394,0,0.3751220202316551,0.25635582267579937,0.36852215709254554,0,0.7190265964059573,0.12148427039861548,0.15948913319542712,0,0.7049836576715363,0.13079706345326902,0.16421927887519475,0
2022-23,15,2023-04-15,Manchester City,Leicester City,0,0.0,0.0,0.0,0,0.7224729438325235,0.16408275591744184,0.11344430025003467,0,0.8634097261327763,0.10743995122861133,0.0291503226386122,0,0.7027498767729212,0.13037955781575467,0.16687056541132417,0,0.8003553014459013,0.06086120648584055,0.13878349206825816,0
2022-23,15,2023-04-16,West Ham United,Arsenal,1,0.0,0.0,0.0,0,0.3456591001206317,0.2452730186017984,0.4090678812775699,2,0.19753728444816582,0.2210936016037759,0.5813691139480582,2,0.1893199868014955,0.3862678986848862,0.4244121145136183,2,0.04774295714576144,0.6826877746953445,0.26956926815889404,1
2022-23,15,2023-04-16,Nottingham Forest,Manchester United,2,0.0,0.0,0.0,0,0.2878315383609926,0.2382550705235682,0.47391339111543906,2,0.21051850252563223,0.22989608677986684,0.559585410694501,2,0.24460364136882012,0.2676769725867793,0.48771938604440046,2,0.21796697524112033,0.2711482982369392,0.5108847265219405,2
2022-23,15,2023-04-17,Leeds United,Liverpool,2,0.0,0.0,0.0,0,0.31573656922694104,0.24267409816496985,0.44158933260808897,2,0.1821392982056977,0.2179661412333238,0.5998945605609785,2,0.360406196471501,0.2005430300773406,0.4390507734511585,2,0.2404729205726412,0.12624545334714618,0.6332816260802127,2
2022-23,15,2023-04-21,Arsenal,Southampton,1,0.0,0.0,0.0,0,0.7359043567350331,0.15879590291149748,0.10529974035346937,0,0.8336473031378296,0.1267463349776645,0.039606361884506044,0,0.6456040324512408,0.3075419629752475,0.04685400457351185,0,0.38705637776599244,0.5835389263278422,0.029404695906165294,1
2022-23,15,2023-04-22,Liverpool,Nottingham Forest,0,0.0,0.0,0.0,0,0.615359961879485,0.20513759886991872,0.1795024392505961,0,0.7939207815001447,0.1482842214048557,0.057794997094999655,0,0.8165613871173714,0.13197892821122076,0.05145968467140794,0,0.8305348529702344,0.0763416111965589,0.09312353583320669,0
2022-23,15,2023-04-22,Leicester City,Wolverhampton Wanderers,0,0.0,0.0,0.0,0,0.3659925266787162,0.24403446665647008,0.3899730066648138,2,0.3743840792138126,0.25874060815226674,0.36687531263392065,0,0.4383956216639535,0.22803999808859432,0.33356438024745205,0,0.500856217637302,0.2892655011057388,0.20987828125695918,0
2022-23,15,2023-04-22,Brentford,Aston Villa,1,0.0,0.0,0.0,0,0.4116273410533853,0.24487605785708838,0.34349660108952645,0,0.42570557225427036,0.2521757067198851,0.3221187210258445,0,0.392318073161411,0.44750967073075126,0.16017225610783772,1,0.20291176047726797,0.595977237106664,0.201111002416068,1
2022-23,15,2023-04-22,Fulham,Leeds United,0,0.0,0.0,0.0,0,0.4430128378348316,0.2416269949369422,0.31536016722822624,0,0.4249433149350696,0.2589446933110605,0.3161119917538699,0,0.6236402533554094,0.11111378552959914,0.26524596111499144,0,0.6809431486140973,0.054018322344972766,0.26503852904092995,0
2022-23,15,2023-04-22,Crystal Palace,Everton,1,0.0,0.0,0.0,0,0.5183225383297146,0.2318851215973812,0.2497923400729041,0,0.5626909453368238,0.237235053394597,0.2000740012685793,0,0.48514696027863663,0.37129653964494774,0.14355650007641563,0,0.1826161120482839,0.599036813224208,0.2183470747275081,1
2022-23,15,2023-04-23,Bournemouth,West Ham United,2,0.0,0.0,0.0,0,0.4431111782392219,0.24111184459896456,0.3157769771618136,0,0.34018851084449164,0.25764786591798094,0.4021636232375274,2,0.12050506850035797,0.1692179734732951,0.7102769580263469,2,0.11068904266537016,0.25031899061052976,0.6389919667241,2
2022-23,15,2023-04-23,Newcastle United,Tottenham,0,0.0,0.0,0.0,0,0.46646670764631004,0.23875846568551332,0.29477482666817656,0,0.5251665987574141,0.23488456923583004,0.23994883200675587,0,0.6508202377408345,0.26863157609891863,0.08054818616024682,0,0.8843217120365439,0.05778133721933304,0.05789695074412308,0
2022-23,15,2023-04-25,Wolverhampton Wanderers,Crystal Palace,0,0.0,0.0,0.0,0,0.4867539517149799,0.2364975441791719,0.2767485041058484,0,0.40493049847014506,0.2566665786697855,0.3384029228600695,0,0.7118408010265883,0.10338018031979457,0.1847790186536172,0,0.7243959189404643,0.03972352533575827,0.23588055572377728,0
2022-23,15,2023-04-25,Aston Villa,Fulham,0,0.0,0.0,0.0,0,0.5008963043509445,0.2341331044956485,0.26497059115340704,0,0.596134740055082,0.2265505025681022,0.1773147573768158,0,0.892735943620023,0.06264979501601099,0.044614261363965915,0,0.6577104933795913,0.21820858785333444,0.12408091876707415,0
2022-23,15,2023-04-25,Leeds United,Leicester City,1,0.0,0.0,0.0,0,0.41993325214443195,0.24416269439191232,0.33590405346365587,0,0.40067459657672305,0.26000828805827203,0.3393171153650049,0,0.3632644625542973,0.35602028565060634,0.2807152517950964,0,0.16095382339419748,0.6841188096138586,0.15492736699194387,1
2022-23,15,2023-04-26,Manchester City,Arsenal,0,0.0,0.0,0.0,0,0.5165840355818089,0.23054013989314676,0.2528758245250445,0,0.7079727536541487,0.17871527023082118,0.11331197611503017,0,0.8487373548666839,0.12355606493732688,0.02770658019598921,0,0.8051092202353931,0.1475479859812535,0.047342793783353425,0
2022-23,15,2023-04-26,Nottingham Forest,Brighton and Hove Albion,0,0.0,0.0,0.0,0,0.34960501385038273,0.24486144047420566,0.40553354567541144,2,0.25870770925201225,0.24503329161695123,0.49625899913103666,2,0.6041734570897161,0.0883597686214769,0.3074667742888069,0,0.6402494998847197,0.07814464433058786,0.28160585578469244,0
2022-23,15,2023-04-26,Chelsea,Brentford,2,0.0,0.0,0.0,0,0.4551632022369224,0.23970657504034829,0.30513022272272927,0,0.5005143748686703,0.24464243747822845,0.25484318765310116,0,0.40608639834164156,0.34117343542614037,0.252740166232218,0,0.44379470009979977,0.2379260956457985,0.31827920425440165,0
2022-23,15,2023-04-26,West Ham United,Liverpool,2,0.0,0.0,0.0,0,0.3443702154144447,0.24724400047899608,0.4083857841065594,2,0.26448326434059455,0.2381944569012497,0.4973222787581558,2,0.2673392045747171,0.18370377933274637,0.5489570160925366,2,0.16012277265742797,0.09835682126349667,0.7415204060790754,2
2022-23,15,2023-04-27,Southampton,Bournemouth,2,0.0,0.0,0.0,0,0.48277421459884257,0.2368804563965691,0.2803453290045882,0,0.3542731998883862,0.26260843456008276,0.38311836555153106,2,0.25716093563571407,0.08625597837896078,0.6565830859853251,2,0.2028065806849291,0.16299032611179506,0.6342030932032758,2
2022-23,15,2023-04-27,Tottenham,Manchester United,1,0.0,0.0,0.0,0,0.41386862663516766,0.24488817899926058,0.34124319436557177,0,0.46141648754507414,0.24279954296135592,0.2957839694935699,0,0.2408113946465541,0.5053368837722203,0.25385172158122554,1,0.2937948705571843,0.6545157785217823,0.051689350921033356,1
2022-23,15,2023-04-27,Everton,Newcastle United,2,0.0,0.0,0.0,0,0.3454079613541212,0.24693750109341642,0.4076545375524623,2,0.24295764800613123,0.23925190827811763,0.5177904437157511,2,0.18200640764497097,0.1443307860537338,0.6736628063012952,2,0.06714733776551957,0.09145107540164187,0.8414015868328386,2
2022-23,15,2023-04-29,Brentford,Nottingham Forest,0,0.0,0.0,0.0,0,0.4979342787497696,0.23496841897853302,0.26709730227169737,0,0.5777427450618015,0.23275612331370507,0.1895011316244934,0,0.6970509347837245,0.11168357671710295,0.1912654884991726,0,0.5987715647243776,0.24355921444325723,0.15766922083236506,0
2022-23,15,2023-04-29,Brighton and Hove Albion,Wolverhampton Wanderers,0,0.0,0.0,0.0,0,0.5293828589444718,0.22925040819358083,0.24136673286194746,0,0.5848497996467795,0.22876634940232896,0.1863838509508915,0,0.688326525008212,0.1290083698342908,0.18266510515749718,0,0.7814604131682373,0.1053349275747146,0.11320465925704785,0
2022-23,15,2023-04-29,Crystal Palace,West Ham United,0,0.0,0.0,0.0,0,0.4994486094819133,0.23431625072114798,0.2662351397969387,0,0.44057977227981077,0.25429695502822147,0.3051232726919676,0,0.7653425350055651,0.10992298984196845,0.12473447515246651,0,0.772303295453844,0.128821817744616,0.09887488680154001,0
2022-23,15,2023-04-30,Liverpool,Tottenham,0,0.0,0.0,0.0,0,0.5060382399073817,0.2307670843169536,0.2631946757756647,0,0.6507851015451589,0.2024186021529563,0.1467962963018848,0,0.8008986332486462,0.16060780155328322,0.03849356519807052,0,0.9323201215357836,0.03143669790994626,0.03624318055427021,0
2022-23,15,2023-04-30,Newcastle United,Southampton,0,0.0,0.0,0.0,0,0.5968664453636859,0.2108835543505386,0.19225000028577538,0,0.7629146948805164,0.16519817668609865,0.0718871284333849,0,0.8895346081432243,0.06995013119257924,0.040515260664196445,0,0.8787990103648788,0.05757798801354933,0.06362300162157185,0
2022-23,15,2023-04-30,Bournemouth,Leeds United,0,0.0,0.0,0.0,0,0.4663175176565003,0.24040041554709318,0.29328206679640656,0,0.45188178065741147,0.257487603667935,0.2906306156746534,0,0.5274093953053209,0.3058473509627046,0.16674325373197446,0,0.6444637827450037,0.24555512703249469,0.10998109022250163,0
2022-23,15,2023-04-30,Fulham,Manchester City,2,0.0,0.0,0.0,0,0.24319325501630043,0.22999128132892202,0.5268154636547775,2,0.11549627152369868,0.18167767686746605,0.7028260516088352,2,0.10896755256501683,0.039749077989268675,0.8512833694457145,2,0.1133728996663677,0.028583833796874604,0.8580432665367577,2
2022-23,15,2023-04-30,Manchester United,Aston Villa,0,0.0,0.0,0.0,0,0.5390831303229049,0.22546063198926747,0.23545623768782778,0,0.6189876020029746,0.21457796780069832,0.166434430196327,0,0.5304580647117638,0.21985572149016966,0.24968621379806655,0,0.8469039355093408,0.033704916634611296,0.11939114785604775,0
2022-23,15,2023-05-01,Leicester City,Everton,1,0.0,0.0,0.0,0,0.43086326387777096,0.24336265072932445,0.3257740853929046,0,0.4775777323781885,0.2540182042152904,0.2684040634065212,0,0.3391311789539599,0.5017141553785877,0.1591546656674524,1,0.2980211261209321,0.5300359071691676,0.17194296670990042,1
2022-23,15,2023-05-02,Arsenal,Chelsea,0,0.0,0.0,0.0,0,0.594109296455221,0.21018477597062246,0.19570592757415642,0,0.6932982335968711,0.19003256542861025,0.11666920097451863,0,0.683081402433997,0.27339789036174617,0.043520707204256846,0,0.5821992338922554,0.26639551053165805,0.15140525557608664,0
2022-23,15,2023-05-03,Liverpool,Fulham,0,0.0,0.0,0.0,0,0.5915314442283938,0.2116827511538287,0.19678580461777756,0,0.7920196647148661,0.14863661538258094,0.05934371990255293,0,0.8408915629287537,0.08358626472253905,0.07552217234870731,0,0.8354429578008526,0.056297951739507315,0.10825909045964012,0
2022-23,15,2023-05-03,Manchester City,West Ham United,0,0.0,0.0,0.0,0,0.6103408093066551,0.20576009610352167,0.18389909458982323,0,0.8572200087817887,0.11084297816152971,0.031937013056681576,0,0.9079538728841937,0.05290243647360764,0.039143690642198754,0,0.9617323146434734,0.021043630189374867,0.017224055167151826,0
2022-23,15,2023-05-04,Brighton and Hove Albion,Manchester United,0,0.0,0.0,0.0,0,0.3352209195979805,0.244698864777251,0.42008021562476855,2,0.3906928395279529,0.24793830781928106,0.36136885265276597,0,0.8512947162715577,0.0837522918858015,0.06495299184264078,0,0.8840748909433362,0.040015000001545536,0.07591010905511815,0
2022-23,15,2023-05-06,Bournemouth,Chelsea,2,0.0,0.0,0.0,0,0.3655827997206791,0.2470856455523671,0.3873315547269539,2,0.3571551811315574,0.25681344912639714,0.3860313697420454,2,0.3345588632326448,0.249728919015658,0.41571221775169737,2,0.18852054672864624,0.0933994493229163,0.7180800039484375,2
2022-23,15,2023-05-06,Manchester City,Leeds United,0,0.0,0.0,0.0,0,0.6964971398677479,0.17540617453298674,0.12809668559926535,0,0.8892071057280416,0.09084244176066858,0.019950452511289803,0,0.8420272691207038,0.12572380743927605,0.032248923440020116,0,0.886659922869161,0.09410500581464525,0.019235071316193852,0
2022-23,15,2023-05-06,Tottenham,Crystal Palace,0,0.0,0.0,0.0,0,0.5204332845298943,0.22898830404314705,0.2505784114269587,0,0.5944661577586481,0.22435292395213452,0.18118091828921737,0,0.48382254547909953,0.22112748537317595,0.2950499691477245,0,0.8116267657886422,0.054926994720406054,0.13344623949095188,0
2022-23,15,2023-05-06,Wolverhampton Wanderers,Aston Villa,0,0.0,0.0,0.0,0,0.36444847629994465,0.24573383993967746,0.38981768376037784,2,0.3516756332742332,0.25453779736480686,0.3937865693609599,2,0.3793766235675257,0.2643919162965027,0.35623146013597157,0,0.5900978413915724,0.14260358657069389,0.2672985720377337,0
2022-23,15,2023-05-06,Liverpool,Brentford,0,0.0,0.0,0.0,0,0.5211123036953884,0.23001378093477365,0.24887391536983777,0,0.7423759672336546,0.17056906922159923,0.08705496354474619,0,0.882654323090004,0.043956944655520004,0.07338873225447602,0,0.8752048724529934,0.080277725068156,0.044517402478850485,0
2022-23,15,2023-05-07,West Ham United,Manchester United,0,0.0,0.0,0.0,0,0.3813316340764876,0.24705389778783593,0.37161446813567645,0,0.2879067988173248,0.24450524443457147,0.46758795674810383,2,0.5501143219898006,0.19031992120433852,0.25956575680586097,0,0.59887991977615,0.1798469266152667,0.22127315360858338,0
2022-23,15,2023-05-07,Newcastle United,Arsenal,2,0.0,0.0,0.0,0,0.37542789253474296,0.24672330580697488,0.37784880165828216,2,0.4776460754335221,0.23799903958103946,0.2843548849854383,0,0.17717127597934637,0.10595381477079617,0.7168749092498574,2,0.18555860648614275,0.11267247465499106,0.7017689188588663,2
2022-23,15,2023-05-08,Fulham,Leicester City,0,0.0,0.0,0.0,0,0.45691789772635005,0.24102706831359708,0.30205503396005257,0,0.4266983678883319,0.25835676816161274,0.3149448639500553,0,0.4623621018414335,0.18607952948771525,0.35155836867085116,0,0.45847718911377994,0.29725486259412887,0.2442679482920912,0
2022-23,15,2023-05-08,Brighton and Hove Albion,Everton,2,0.0,0.0,0.0,0,0.5299225700160651,0.2278060150540459,0.2422714149298889,0,0.6455762876028731,0.2121455654142301,0.14227814698289687,0,0.34874980225770325,0.13644459096382933,0.5148056067784673,2,0.3835587613684786,0.18132991299787127,0.43511132563365007,2
2022-23,15,2023-05-08,Nottingham Forest,Southampton,0,0.0,0.0,0.0,0,0.42990723931642405,0.24352003958441132,0.3265727210991647,0,0.49484015771168827,0.2539310735659871,0.2512287687223247,0,0.5997183336766594,0.31786870260202305,0.08241296372131758,0,0.8563444293470726,0.05189449632043908,0.09176107433248856,0
2022-23,15,2023-05-13,Leeds United,Newcastle United,1,0.0,0.0,0.0,0,0.35113650931107643,0.24645961437847697,0.4024038763104466,2,0.21836629875502114,0.23335458979281332,0.5482791114521656,2,0.08111453502254684,0.5878937591593468,0.33099170581810633,1,0.08127004471351565,0.8264371745900311,0.09229278069645315,1
2022-23,15,2023-05-13,Aston Villa,Tottenham,0,0.0,0.0,0.0,0,0.46983195421174284,0.23846991342392213,0.29169813236433484,0,0.40110750441544435,0.250014842146832,0.34887765343772364,0,0.7285130147853421,0.11899885666667898,0.1524881285479787,0,0.7411490828526008,0.054570669029032105,0.20428024811836715,0
2022-23,15,2023-05-13,Chelsea,Nottingham Forest,1,0.0,0.0,0.0,0,0.48713409420857556,0.23585639293434812,0.2770095128570761,0,0.5961555382947633,0.22732078980615572,0.17652367189908097,0,0.5594111438098062,0.33015898012213307,0.11042987606806087,0,0.38624286119756257,0.5820354317365115,0.03172170706592587,1
2022-23,15,2023-05-13,Crystal Palace,Bournemouth,0,0.0,0.0,0.0,0,0.4770028949397799,0.23887247435588876,0.28412463070433114,0,0.540860798177394,0.24210751230113148,0.21703168952147467,0,0.27539396264224997,0.3332897806432829,0.3913162567144672,2,0.6882314117111218,0.16192403333507155,0.14984455495380664,0
2022-23,15,2023-05-13,Manchester United,Wolverhampton Wanderers,0,0.0,0.0,0.0,0,0.5163528933208779,0.23027529552468948,0.25337181115443264,0,0.673914299265148,0.19976632589021828,0.12631937484463363,0,0.713707513770509,0.24665832576530275,0.039634160464188176,0,0.8102364948258897,0.1435898586755758,0.04617364649853447,0
2022-23,15,2023-05-13,Southampton,Fulham,2,0.0,0.0,0.0,0,0.4146717317820153,0.2460034285950798,0.339324839622905,0,0.3185872850788986,0.26039405201131866,0.4210186629097828,2,0.2106886305831831,0.20360930057125265,0.5857020688455642,2,0.09543937909455569,0.08537021499040078,0.8191904059150436,2
2022-23,15,2023-05-14,Brentford,West Ham United,0,0.0,0.0,0.0,0,0.48515504180221963,0.23597076711354184,0.27887419108423844,0,0.48791497846594034,0.24776821270016755,0.26431680883389197,0,0.5950677583592592,0.34038438990553826,0.06454785173520272,0,0.7902108344564166,0.13004224332721398,0.07974692221636931,0
2022-23,15,2023-05-14,Everton,Manchester City,2,0.0,0.0,0.0,0,0.18206218081798226,0.20499115550246402,0.6129466636795537,2,0.09550797494774574,0.1683508472342733,0.736141177817981,2,0.15754307286655597,0.12038959682079768,0.7220673303126464,2,0.10986564984425536,0.08820482685491897,0.8019295233008257,2
2022-23,15,2023-05-14,Arsenal,Brighton and Hove Albion,2,0.0,0.0,0.0,0,0.5355108219116108,0.22629975736462385,0.23818942072376534,0,0.7147463492886842,0.1813301091264295,0.10392354158488643,0,0.6726075309932508,0.09839557123066232,0.2289968977760869,0,0.4136138001949975,0.34758757670798895,0.23879862309701358,0
2022-23,15,2023-05-15,Leicester City,Liverpool,2,0.0,0.0,0.0,0,0.2690085438297729,0.2339742805466089,0.49701717562361813,2,0.1600816875945932,0.20779723471021344,0.6321210776951933,2,0.11877506537496847,0.3531160674321596,0.5281088671928719,2,0.08349155535413971,0.15563657344977044,0.7608718711960898,2
2022-23,15,2023-05-18,Newcastle United,Brighton and Hove Albion,0,0.0,0.0,0.0,0,0.46100835452918665,0.2398590947087448,0.29913255076206857,0,0.5732026026272938,0.22671988037895974,0.20007751699374648,0,0.4996836513989228,0.20885102711058195,0.29146532149049525,0,0.87587462067405,0.06632551631090043,0.05779986301504961,0
2022-23,15,2023-05-20,Tottenham,Brentford,2,0.0,0.0,0.0,0,0.5289712196830503,0.2274228785062066,0.2436059018107431,0,0.5453333732796205,0.23456414335836673,0.2201024833620128,0,0.3507857938977219,0.14460550165192776,0.5046087044503503,2,0.270839932358124,0.1212725802083378,0.6078874874335383,2
2022-23,15,2023-05-20,Bournemouth,Manchester United,2,0.0,0.0,0.0,0,0.3649701723691247,0.245692926675086,0.3893369009557892,2,0.20149820748679645,0.22725261560533697,0.5712491769078666,2,0.14416862860277924,0.2169028438119074,0.6389285275853134,2,0.11961862319253819,0.1833835013976596,0.6969978754098023,2
2022-23,15,2023-05-20,Fulham,Crystal Palace,1,0.0,0.0,0.0,0,0.4288590584503825,0.24338320981089584,0.3277577317387217,0,0.3891491184300741,0.2574850350747914,0.3533658464951344,0,0.3503605315502167,0.4001707690035391,0.24946869944624422,1,0.35957704753963027,0.47227683131528353,0.16814612114508615,1
2022-23,15,2023-05-20,Liverpool,Aston Villa,1,0.0,0.0,0.0,0,0.5389438170818612,0.22413765109967043,0.23691853181846834,0,0.7135034528272202,0.18142564970663475,0.1050708974661452,0,0.3812093091504218,0.5574487388295841,0.06134195201999405,1,0.5405010499042738,0.43632322572838156,0.0231757243673446,0
2022-23,15,2023-05-20,Wolverhampton Wanderers,Everton,1,0.0,0.0,0.0,0,0.44764427495213105,0.23944373227586896,0.3129119927719999,0,0.4515525349899127,0.25530426384026433,0.293143201169823,0,0.24818079478721122,0.37233771916215175,0.3794814860506369,2,0.1497985477697551,0.6633783603285528,0.18682309190169213,1
2022-23,15,2023-05-20,Nottingham Forest,Arsenal,0,0.0,0.0,0.0,0,0.2629939133248578,0.23444811389351286,0.5025579727816294,2,0.18701935112052945,0.21981138376815612,0.5931692651113144,2,0.1655105923444128,0.11889568345009154,0.7155937242054956,2,0.3631400114835059,0.093635266982349,0.5432247215341451,2
2022-23,15,2023-05-21,West Ham United,Leeds United,0,0.0,0.0,0.0,0,0.4478896890964408,0.2421916284892144,0.3099186824143446,0,0.5318639906125976,0.24441943801205107,0.22371657137535134,0,0.3252039284174221,0.531103575434043,0.14369249614853488,1,0.6102873882518721,0.2538435235222004,0.13586908822592753,0
2022-23,15,2023-05-21,Brighton and Hove Albion,Southampton,0,0.0,0.0,0.0,0,0.5694343002949555,0.21791167421346927,0.21265402549157514,0,0.6889853604926107,0.19850345180054949,0.1125111877068398,0,0.9321304537859152,0.0379646738428016,0.029904872371283194,0,0.901397184241287,0.05678681124640812,0.041816004512304904,0
2022-23,15,2023-05-21,Manchester City,Chelsea,0,0.0,0.0,0.0,0,0.6451889739427401,0.19554007896076053,0.15927094709649936,0,0.8486667333592743,0.11544130980328353,0.03589195683744224,0,0.7987537494967029,0.17963316663998086,0.021613083863316274,0,0.7378110917560675,0.2395007279343796,0.022688180309552945,0
2022-23,15,2023-05-22,Newcastle United,Leicester City,1,0.0,0.0,0.0,0,0.5594166873046258,0.21969247690927352,0.2208908357861008,0,0.6871431213169075,0.19611620032502325,0.11674067835806923,0,0.3379776144623519,0.6090928931815868,0.05292949235606141,1,0.27446896948201155,0.645678150632964,0.07985287988502461,1
2022-23,15,2023-05-24,Brighton and Hove Albion,Manchester City,1,0.0,0.0,0.0,0,0.3056976960906119,0.24200948389083782,0.45229282001855026,2,0.21493037337233784,0.21880995085944924,0.5662596757682129,2,0.15947660938048877,0.42592887426266074,0.4145945163568506,1,0.306945552551253,0.5130903914788038,0.17996405596994325,1
2022-23,15,2023-05-25,Manchester United,Chelsea,0,0.0,0.0,0.0,0,0.5607479297005529,0.22034195966874015,0.21891011063070692,0,0.6378717621054049,0.2099397383131127,0.15218849958148237,0,0.8712254120258089,0.08065637832779032,0.04811820964640088,0,0.8866979519636827,0.03380290703372398,0.07949914100259334,0
2022-23,15,2023-05-28,Arsenal,Wolverhampton Wanderers,0,0.0,0.0,0.0,0,0.554839602737117,0.22110542480438863,0.22405497245849443,0,0.7305212717659552,0.17711941752073965,0.09235931071330511,0,0.9120209042763869,0.04974915102747944,0.038229944696133646,0,0.8974098272439869,0.05284611510923427,0.04974405764677894,0
2022-23,15,2023-05-28,Aston Villa,Brighton and Hove Albion,0,0.0,0.0,0.0,0,0.46726240035645555,0.2397842606972069,0.29295333894633757,0,0.48019186012256354,0.24487250161631366,0.2749356382611228,0,0.7765302257645448,0.05962961680113034,0.1638401574343248,0,0.861062859471437,0.04549374038388315,0.09344340014467988,0
2022-23,15,2023-05-28,Brentford,Manchester City,0,0.0,0.0,0.0,0,0.3067644006869352,0.2421456584379031,0.45108994087516174,2,0.19652116507065082,0.21406504227374137,0.5894137926556078,2,0.21858512277457953,0.27793288427516566,0.5034819929502549,2,0.4035494593288211,0.27473739135706604,0.3217131493141129,0
2022-23,15,2023-05-28,Chelsea,Newcastle United,1,0.0,0.0,0.0,0,0.3591394881382811,0.24660847620595536,0.3942520356557634,2,0.37960067889394933,0.25064082237380164,0.36975849873224903,0,0.3390142884499891,0.3507899589257188,0.31019575262429205,1,0.11408209273679776,0.7124098683662902,0.1735080388969119,1
2022-23,15,2023-05-28,Crystal Palace,Nottingham Forest,1,0.0,0.0,0.0,0,0.49653795525982913,0.23489622506801203,0.2685658196721587,0,0.5066189170635913,0.24727620983998636,0.24610487309642223,0,0.44475278564093146,0.48770607568248037,0.06754113867658802,1,0.2967628194377246,0.6323697198124462,0.0708674607498293,1
2022-23,15,2023-05-28,Everton,Bournemouth,0,0.0,0.0,0.0,0,0.5464147135622939,0.22595854991820521,0.227626736519501,0,0.47774128053277015,0.25476889410721376,0.26748982536001603,0,0.6578669728981343,0.1801445811322489,0.16198844596961676,0,0.7464539508893218,0.08893711118572298,0.16460893792495523,0
2022-23,15,2023-05-28,Leeds United,Tottenham,2,0.0,0.0,0.0,0,0.3540935442009615,0.2457860264852307,0.400120429313808,2,0.2554040909380626,0.24418172392727688,0.5004141851346605,2,0.136947531057452,0.43464281296434043,0.4284096559782075,1,0.13107559431307378,0.25525385282388474,0.6136705528630414,2
2022-23,15,2023-05-28,Leicester City,West Ham United,0,0.0,0.0,0.0,0,0.4207375495696451,0.24553425556886005,0.33372819486149485,0,0.3927405117748675,0.25844948001792795,0.3488100082072045,0,0.6694053861145812,0.13722740628357857,0.1933672076018402,0,0.8179830083828931,0.056516471625821366,0.12550051999128561,0
2022-23,15,2023-05-28,Manchester United,Fulham,0,0.0,0.0,0.0,0,0.5494727016929197,0.22394131785726643,0.22658598044981387,0,0.725262825142473,0.180341620884894,0.09439555397263293,0,0.8985468674551653,0.05094648544645942,0.05050664709837522,0,0.8895346315470707,0.044765518924332184,0.06569984952859706,0
2022-23,15,2023-05-28,Southampton,Liverpool,1,0.0,0.0,0.0,0,0.2212576077146377,0.2218345163746003,0.556907875910762,2,0.08225434603901224,0.16447782918342801,0.7532678247775596,2,0.15965461993805766,0.20239327966150167,0.6379521004004407,2,0.0726953153921975,0.4125807703581427,0.5147239142496599,2
2023-24,15,2023-08-11,Burnley,Manchester City,2,0.0,0.0,0.0,0,0.2550062657474522,0.23348711707252365,0.5115066171800241,2,0.1100818873401595,0.17896903402513922,0.7109490786347014,2,0.13064372709965028,0.05228319948260038,0.8170730734177494,2,0.06758348342285696,0.04980068315365121,0.8826158334234918,2
2023-24,15,2023-08-12,Newcastle United,Aston Villa,0,0.0,0.0,0.0,0,0.5090509654613201,0.2316405046496673,0.25930852988901265,0,0.5640277970612407,0.22869809994106094,0.20727410299769833,0,0.5119876079951907,0.3226285631134483,0.16538382889136097,0,0.8848321541861762,0.02674224684690474,0.08842559896691903,0
2023-24,15,2023-08-12,Everton,Fulham,2,0.0,0.0,0.0,0,0.43203140622208164,0.2439913983882721,0.32397719538964637,0,0.4371853013525362,0.2573242173874478,0.305490481260016,0,0.23208448984359065,0.21999354557726405,0.5479219645791453,2,0.07086745787963365,0.17484312622422843,0.7542894158961378,2
2023-24,15,2023-08-12,Sheffield United,Crystal Palace,2,0.0,0.0,0.0,0,0.395786238039291,0.24755223995328815,0.35666152200742074,0,0.3075380247639246,0.2569687663306706,0.43549320890540477,2,0.19349514281614544,0.286288686177094,0.5202161710067605,2,0.10184717765292446,0.1864909956934501,0.7116618266536254,2
2023-24,15,2023-08-12,Bournemouth,West Ham United,1,0.0,0.0,0.0,0,0.3630246392529519,0.2476028295117906,0.3893725312352574,2,0.3742334047246806,0.26011282612804315,0.3656537691472763,0,0.29431984225291424,0.540286009170623,0.1653941485764627,1,0.4516064788883779,0.41322470469664235,0.13516881641497977,0
2023-24,15,2023-08-12,Arsenal,Nottingham Forest,0,0.0,0.0,0.0,0,0.6071673261110601,0.20749578155769965,0.1853368923312403,0,0.761132918082169,0.16384859540576457,0.07501848651206633,0,0.8283187778149322,0.1163629769333069,0.055318245251760996,0,0.894254129619157,0.06840314315555605,0.037342727225286906,0
2023-24,15,2023-08-12,Brighton and Hove Albion,Luton,0,0.0,0.0,0.0,0,0.5266875416841468,0.22842668786495998,0.24488577045089333,0,0.5829599746399037,0.22903198679971531,0.1880080385603811,0,0.547877037830553,0.11578455522804981,0.33633840694139716,0,0.8170743718950259,0.08193123755066262,0.1009943905543116,0
2023-24,15,2023-08-13,Brentford,Tottenham,1,0.0,0.0,0.0,0,0.4526954008874412,0.2413305502269792,0.30597404888557966,0,0.4657588235633502,0.2459555605625054,0.28828561587414436,0,0.5668421520325616,0.2730806709976977,0.16007717696974064,0,0.40955966678353956,0.3969294599971582,0.19351087321930227,0
2023-24,15,2023-08-13,Chelsea,Liverpool,1,0.0,0.0,0.0,0,0.30094240654223525,0.2431388359140668,0.45591875754369793,2,0.3153033210248612,0.24365764188215958,0.4410390370929792,2,0.391231588135471,0.29573665736464605,0.3130317544998829,0,0.26027977885883913,0.536809976764301,0.20291024437685987,1
2023-24,15,2023-08-14,Manchester United,Wolverhampton Wanderers,0,0.0,0.0,0.0,0,0.5520488805483157,0.22301738850295405,0.22493373094873,0,0.7187614060889841,0.18265728196561376,0.09858131194540215,0,0.8301355117778415,0.07738351215222908,0.09248097606992937,0,0.9362801195290701,0.02933931887675724,0.0343805615941729,0
2023-24,15,2023-08-18,Nottingham Forest,Sheffield United,0,0.0,0.0,0.0,0,0.48324592097494,0.23723850487745962,0.2795155741476004,0,0.534572975335842,0.24632711150045986,0.21909991316369803,0,0.6233459042012839,0.12624087757073094,0.2504132182279852,0,0.7904653299786171,0.05247704117765462,0.15705762884372848,0
2023-24,15,2023-08-19,Fulham,Brentford,2,0.0,0.0,0.0,0,0.4246829400702927,0.2431977485289104,0.33211931140079687,0,0.3266541551214399,0.2523422158246937,0.42100362905386635,2,0.07959668248680765,0.27330229794884864,0.6471010195643437,2,0.12875375074081413,0.08198266562590391,0.789263583633282,2
2023-24,15,2023-08-19,Liverpool,Bournemouth,0,0.0,0.0,0.0,0,0.5845072326108174,0.2133082305570542,0.2021845368321285,0,0.8025238804133928,0.14378440098349995,0.05369171860310728,0,0.7867188918729432,0.05005340347182314,0.16322770465523356,0,0.8695430859627236,0.030143070114270035,0.10031384392300637,0
2023-24,15,2023-08-19,Wolverhampton Wanderers,Brighton and Hove Albion,2,0.0,0.0,0.0,0,0.48455554880849283,0.23690772959070494,0.27853672160080223,0,0.3159502457699226,0.2512106618411219,0.43283909238895546,2,0.226143943612009,0.23425963508707176,0.5395964213009191,2,0.23250615052982165,0.07331056052228718,0.6941832889478912,2
2023-24,15,2023-08-19,Tottenham,Manchester United,0,0.0,0.0,0.0,0,0.34894353116265275,0.24515327709514065,0.40590319174220657,2,0.43572950244253195,0.24506178397915418,0.3192087135783139,0,0.5273920563270413,0.2695375135397023,0.2030704301332563,0,0.7190784103682126,0.15227838192798632,0.12864320770380117,0
2023-24,15,2023-08-19,Manchester City,Newcastle United,0,0.0,0.0,0.0,0,0.5437972348596194,0.22393029826296892,0.23227246687741165,0,0.7712424846331917,0.15426349086315286,0.07449402450365558,0,0.8298785132778604,0.08994458552329607,0.08017690119884349,0,0.9021277144891708,0.0702950932229836,0.027577192287845612,0
2023-24,15,2023-08-20,Aston Villa,Everton,0,0.0,0.0,0.0,0,0.5373336079382868,0.22641292744149816,0.2362534646202149,0,0.617390867695347,0.2208952469339734,0.16171388537067957,0,0.8273050125292197,0.07082403941219866,0.10187094805858159,0,0.7105010899484295,0.19188332276598463,0.09761558728558586,0
2023-24,15,2023-08-20,West Ham United,Chelsea,0,0.0,0.0,0.0,0,0.45016669131065323,0.2418934059382038,0.307939902751143,0,0.3978931789508617,0.2552082973861305,0.3468985236630079,0,0.46880949469285693,0.27648629827603594,0.2547042070311072,0,0.6564035663022344,0.16702074426907407,0.17657568942869153,0
2023-24,15,2023-08-21,Crystal Palace,Arsenal,2,0.0,0.0,0.0,0,0.3699905180048728,0.2467119120985484,0.3832975698965787,2,0.27001114441428187,0.23902360505895273,0.4909652505267654,2,0.25670479858774825,0.0740147723583978,0.6692804290538539,2,0.11633239229124517,0.15999751709198834,0.7236700906167666,2
2023-24,15,2023-08-25,Chelsea,Luton,0,0.0,0.0,0.0,0,0.5272273791796632,0.22934684015613127,0.2434257806642055,0,0.5337852226141389,0.24145901150358345,0.22475576588227777,0,0.653470450368349,0.05999210354957692,0.28653744608207415,0,0.9126636125305532,0.04742159740595279,0.039914790063494035,0
2023-24,15,2023-08-26,Bournemouth,Tottenham,2,0.0,0.0,0.0,0,0.29842601452069567,0.24078114150686145,0.4607928439724429,2,0.2313310298364672,0.2383260832245032,0.5303428869390296,2,0.1997094164042006,0.09655848039892374,0.7037321031968756,2,0.10938211659192827,0.08170683748578964,0.8089110459222821,2
2023-24,15,2023-08-26,Arsenal,Fulham,1,0.0,0.0,0.0,0,0.5803457550613592,0.21662781533815326,0.20302642960048753,0,0.7881867657413808,0.1507444381540173,0.06106879610460191,0,0.5607542954608321,0.30976392521925705,0.12948177931991078,0,0.2548369081894328,0.6970251328620914,0.04813795894847578,1
2023-24,15,2023-08-26,Brentford,Crystal Palace,1,0.0,0.0,0.0,0,0.44018382160240943,0.2432464990787409,0.3165696793188497,0,0.592077846761574,0.22601836590508853,0.1819037873333373,0,0.23215047304618197,0.645363116907774,0.122486410046044,1,0.25703802488838745,0.5469803593595199,0.19598161575209264,1
2023-24,15,2023-08-26,Everton,Wolverhampton Wanderers,2,0.0,0.0,0.0,0,0.432725460994297,0.2434799791829474,0.3237945598227555,0,0.39449741454994186,0.26009228879796,0.34541029665209816,0,0.3123952249693871,0.16641025991903277,0.5211945151115801,2,0.06830141765099335,0.18343087520878507,0.7482677071402216,2
2023-24,15,2023-08-26,Manchester United,Nottingham Forest,0,0.0,0.0,0.0,0,0.4896875957216128,0.23437957894983105,0.2759328253285562,0,0.7056987068661125,0.18811544900094082,0.10618584413294666,0,0.8141451657978696,0.08350591754677243,0.10234891665535793,0,0.8434359223815455,0.052016661869557564,0.10454741574889678,0
2023-24,15,2023-08-26,Brighton and Hove Albion,West Ham United,2,0.0,0.0,0.0,0,0.5068987622880958,0.23290293827021055,0.2601982994416937,0,0.5954314692027356,0.2248078342487178,0.1797606965485465,0,0.6549125263630927,0.1954662258616862,0.14962124777522118,0,0.4045731056778077,0.10038356980890326,0.4950433245132892,2
2023-24,15,2023-08-27,Burnley,Aston Villa,2,0.0,0.0,0.0,0,0.371262284527882,0.24665494372648028,0.38208277174563754,2,0.2755739254307529,0.2481495122428437,0.4762765623264034,2,0.27486725756539476,0.14485117793889593,0.5802815644957093,2,0.25859529962926375,0.16283172442874522,0.578572975941991,2
2023-24,15,2023-08-27,Sheffield United,Manchester City,2,0.0,0.0,0.0,0,0.17105942662655377,0.20092573725634597,0.6280148361171004,2,0.05951770960851866,0.14003486968212348,0.8004474207093578,2,0.1389042445319883,0.038413598111783416,0.8226821573562283,2,0.06576756234929809,0.02937785981606042,0.9048545778346415,2
2023-24,15,2023-08-27,Newcastle United,Liverpool,2,0.0,0.0,0.0,0,0.3735581461613362,0.24366321050915662,0.3827786433295073,2,0.38606771662965417,0.24289143012150538,0.3710408532488405,0,0.2688899075067702,0.10627831619738776,0.624831776295842,2,0.12941509210888869,0.16411804977586655,0.7064668581152449,2
2023-24,15,2023-09-01,Luton,West Ham United,2,0.0,0.0,0.0,0,0.37807463045453404,0.24644187717329327,0.37548349237217277,0,0.38925350301961376,0.2574056704931969,0.35334082648718934,0,0.2412883892330361,0.2709545267066969,0.487757084060267,2,0.21669907308841282,0.0873055636709557,0.6959953632406316,2
2023-24,15,2023-09-02,Brighton and Hove Albion,Newcastle United,0,0.0,0.0,0.0,0,0.41417388224951746,0.24650410869414552,0.33932200905633714,0,0.4659686516215154,0.24518937639471353,0.28884197198377104,0,0.5621343545454333,0.2569685379099366,0.18089710754463026,0,0.6029663903383674,0.2684021291277086,0.1286314805339239,0
2023-24,15,2023-09-02,Manchester City,Fulham,0,0.0,0.0,0.0,0,0.6312194968354025,0.19960821910966417,0.16917228405493337,0,0.872682039738162,0.1013694637019785,0.02594849655985944,0,0.9361057731575784,0.045982036752412886,0.01791219009000883,0,0.9539258965922763,0.03929333251657979,0.006780770891143749,0
2023-24,15,2023-09-02,Chelsea,Nottingham Forest,2,0.0,0.0,0.0,0,0.4892291979981356,0.2363982966644806,0.2743725053373838,0,0.5548816472532804,0.23721759701649633,0.20790075573022335,0,0.4818887974337807,0.1773225136839039,0.34078868888231534,0,0.27841360706154533,0.2545857630749341,0.46700062986352053,2
2023-24,15,2023-09-02,Burnley,Tottenham,2,0.0,0.0,0.0,0,0.3572887055858286,0.24736745929368123,0.3953438351204902,2,0.24110875902367554,0.24015128260848748,0.5187399583678369,2,0.1308299193555073,0.20128514814165843,0.6678849325028342,2,0.13132207159707812,0.11775384524108894,0.750924083161833,2
2023-24,15,2023-09-02,Sheffield United,Everton,1,0.0,0.0,0.0,0,0.39393350775704417,0.24707289267414673,0.35899359956880916,0,0.34989674500232887,0.26392719787813174,0.3861760571195394,2,0.4441824385970079,0.27589988814576494,0.2799176732572273,0,0.32314102005068346,0.5070090675951264,0.16984991235419003,1
2023-24,15,2023-09-02,Brentford,Bournemouth,1,0.0,0.0,0.0,0,0.5056399364154015,0.23397896259705803,0.2603811009875403,0,0.6898105522749981,0.19740918919108516,0.11278025853391678,0,0.3374172396353461,0.5064412995347664,0.1561414608298876,1,0.2667532783826286,0.6875776778813282,0.045669043736043254,1
2023-24,15,2023-09-03,Crystal Palace,Wolverhampton Wanderers,0,0.0,0.0,0.0,0,0.4602022486579316,0.2405182283485265,0.2992795229935418,0,0.4984808015393384,0.2479867198318725,0.2535324786287891,0,0.6127811797848975,0.26576930774206287,0.12144951247303973,0,0.8136783927656885,0.0969800257587509,0.08934158147556055,0
2023-24,15,2023-09-03,Liverpool,Aston Villa,0,0.0,0.0,0.0,0,0.5078999546334306,0.23178342943817407,0.2603166159283954,0,0.7074447959330564,0.1834782294155429,0.10907697465140068,0,0.8865146517850491,0.03538510612512511,0.07810024208982601,0,0.8804134961330264,0.04643275165154954,0.07315375221542393,0
2023-24,15,2023-09-03,Arsenal,Manchester United,0,0.0,0.0,0.0,0,0.47408581011338574,0.23707358916338087,0.28884060072323336,0,0.5805134206278839,0.22039776688329288,0.19908881248882318,0,0.7391252647187215,0.17823480084372018,0.08263993443755839,0,0.8856414329021115,0.04873401698789757,0.06562455010999094,0
2023-24,15,2023-09-16,Wolverhampton Wanderers,Liverpool,2,0.0,0.0,0.0,0,0.3631635464380416,0.24657913703540427,0.39025731652655404,2,0.17929199796167072,0.21471771615126947,0.6059902858870597,2,0.1428961820818043,0.24772975589170354,0.6093740620264922,2,0.10306488852878287,0.0703067742310219,0.8266283372401952,2
2023-24,15,2023-09-16,Aston Villa,Crystal Palace,0,0.0,0.0,0.0,0,0.47757459335315633,0.23772392996030975,0.2847014766865339,0,0.5591432010274244,0.23332981963187635,0.20752697934069925,0,0.851172400578311,0.09589628269133879,0.05293131673035032,0,0.8792351654271853,0.06472928250645962,0.056035552066355104,0
2023-24,15,2023-09-16,Fulham,Luton,0,0.0,0.0,0.0,0,0.41094414915250654,0.24458068752735962,0.3444751633201338,0,0.4598808971515899,0.2550337281493909,0.2850853746990193,0,0.7648611178209924,0.08364847385821984,0.15149040832078772,0,0.815416786606933,0.07649339617995919,0.10808981721310795,0
2023-24,15,2023-09-16,Manchester United,Brighton and Hove Albion,2,0.0,0.0,0.0,0,0.5589071683465371,0.22106769377713467,0.22002513787632838,0,0.5988968058368308,0.21968784082774645,0.18141535333542283,0,0.46073737577850377,0.18294867363408657,0.3563139505874098,0,0.2602362776317885,0.028116904722824944,0.7116468176453866,2
2023-24,15,2023-09-16,Tottenham,Sheffield United,0,0.0,0.0,0.0,0,0.5424176452251617,0.22328303469952937,0.23429932007530882,0,0.7342446985869504,0.17877454747213053,0.08698075394091899,0,0.7997791926255684,0.14178603987664015,0.05843476749779147,0,0.7782194068664123,0.18077438762883213,0.0410062055047557,0
2023-24,15,2023-09-16,West Ham United,Manchester City,2,0.0,0.0,0.0,0,0.3220650683193764,0.24499174462933138,0.43294318705129214,2,0.17747306218371492,0.20859615668983364,0.6139307811264515,2,0.20848459658052823,0.04187700422219961,0.7496383991972722,2,0.0784948680668634,0.012801438862940646,0.9087036930701958,2
2023-24,15,2023-09-16,Newcastle United,Brentford,0,0.0,0.0,0.0,0,0.4878975272573061,0.2362271052748516,0.27587536746784236,0,0.5542523353594772,0.23174018132570798,0.21400748331481484,0,0.8481506518751986,0.06455916219672839,0.08729018592807311,0,0.7615627319243672,0.14335218792031484,0.09508508015531786,0
2023-24,15,2023-09-17,Everton,Arsenal,2,0.0,0.0,0.0,0,0.27368257231239396,0.23561515006825007,0.49070227761935603,2,0.1482550921800418,0.20448168550968268,0.6472632223102756,2,0.16523294414306447,0.14007592410666606,0.6946911317502694,2,0.11507208197965191,0.048506882380776835,0.8364210356395713,2
2023-24,15,2023-09-17,Bournemouth,Chelsea,1,0.0,0.0,0.0,0,0.3743903731116222,0.24715361537752661,0.378456011510851,2,0.3053024714468337,0.2553960517099214,0.43930147684324483,2,0.22032701245621175,0.483472036253035,0.2962009512907533,1,0.24520448600326858,0.4496878966011379,0.30510761739559356,1
2023-24,15,2023-09-18,Nottingham Forest,Burnley,1,0.0,0.0,0.0,0,0.5337046426005756,0.22827076450821415,0.23802459289121025,0,0.5181952717543717,0.2477180013186757,0.23408672692695254,0,0.5300502758698111,0.2123548572202404,0.2575948669099485,0,0.31531780321215613,0.5516068012889196,0.1330753954989244,1
2023-24,15,2023-09-23,Crystal Palace,Fulham,1,0.0,0.0,0.0,0,0.4938880356638981,0.23643644322236249,0.2696755211137396,0,0.5069031273929743,0.24672264422677753,0.24637422838024817,0,0.32272925096892435,0.5948214379328038,0.08244931109827168,1,0.1282481611731151,0.851489015859879,0.020262822967006017,1
2023-24,15,2023-09-23,Luton,Wolverhampton Wanderers,1,0.0,0.0,0.0,0,0.43278322900841726,0.2437407100932283,0.3234760608983543,0,0.4146679545292954,0.2590953399709786,0.32623670549972605,0,0.47196309847032764,0.20169795168102558,0.3263389498486469,0,0.3218126746696459,0.39930021330192234,0.27888711202843175,1
2023-24,15,2023-09-23,Manchester City,Nottingham Forest,0,0.0,0.0,0.0,0,0.6641370852649033,0.18802525949052845,0.14783765524456807,0,0.8734816801068156,0.10082080377169082,0.025697516121493773,0,0.8993620738249575,0.08382164974278584,0.016816276432256767,0,0.9448752155106184,0.042009771323547246,0.013115013165834319,0
2023-24,15,2023-09-23,Brentford,Everton,2,0.0,0.0,0.0,0,0.5258802924406856,0.22971802104844571,0.24440168651086863,0,0.6535294199574737,0.21026922650908145,0.1362013535334449,0,0.7213722103290833,0.09401939425685091,0.18460839541406593,0,0.467170010635683,0.15637667720221987,0.3764533121620972,0
2023-24,15,2023-09-23,Burnley,Manchester United,2,0.0,0.0,0.0,0,0.3228515422730022,0.2429481480023825,0.434200309724615,2,0.19638444018871357,0.2263863401816872,0.5772292196295992,2,0.12103863439266586,0.21216616878863873,0.6667951968186954,2,0.11988813159135661,0.2250450053915822,0.6550668630170613,2
2023-24,15,2023-09-24,Arsenal,Tottenham,1,0.0,0.0,0.0,0,0.4753634458135294,0.2368613697307957,0.287775184455675,0,0.6348867891391511,0.20716751228710997,0.15794569857373902,0,0.46781800991543754,0.4552266401478569,0.07695534993670547,0,0.28580658655760555,0.6694416485533045,0.044751764889089996,1
2023-24,15,2023-09-24,Brighton and Hove Albion,Bournemouth,0,0.0,0.0,0.0,0,0.4856038082234129,0.2353185927282282,0.279077599048359,0,0.6784446478955305,0.20094204741732014,0.12061330468714947,0,0.7396063428292813,0.1639286263195957,0.09646503085112308,0,0.8231865734265958,0.08647984724163492,0.09033357933176928,0
2023-24,15,2023-09-24,Chelsea,Aston Villa,2,0.0,0.0,0.0,0,0.44370362324511436,0.2417362557280816,0.31456012102680403,0,0.37749854763126894,0.25231390200921416,0.37018755035951684,0,0.19448728007267518,0.09657880445920164,0.7089339154681232,2,0.23018323088514614,0.05945358234082085,0.7103631867740331,2
2023-24,15,2023-09-24,Liverpool,West Ham United,0,0.0,0.0,0.0,0,0.5426068522499632,0.2236920661281377,0.23370108162189906,0,0.7549514868436583,0.16484541385225512,0.08020309930408662,0,0.7344921671758139,0.07037348606109115,0.1951343467630949,0,0.8447701995367769,0.051752016991110476,0.10347778347211271,0
2023-24,15,2023-09-24,Sheffield United,Newcastle United,2,0.0,0.0,0.0,0,0.3194286334472805,0.24234808726261112,0.43822327929010846,2,0.1446777274585125,0.20776262274591342,0.6475596497955741,2,0.21506129894327053,0.2381118647872633,0.5468268362694662,2,0.10763414978940006,0.14773372766719461,0.7446321225434053,2
2023-24,15,2023-09-30,West Ham United,Sheffield United,0,0.0,0.0,0.0,0,0.5653869621918646,0.21968294990532863,0.2149300879028067,0,0.6377308669646067,0.21800199746561302,0.14426713556978019,0,0.8745820886370081,0.07126039683749617,0.0541575145254956,0,0.8861353201917512,0.06634409664817577,0.04752058316007294,0
2023-24,15,2023-09-30,Wolverhampton Wanderers,Manchester City,0,0.0,0.0,0.0,0,0.25377782618312983,0.2325411033275382,0.513681070489332,2,0.11477765968721935,0.18037837234393103,0.7048439679688496,2,0.1389042445319883,0.038413598111783416,0.8226821573562283,2,0.3492423099017027,0.08390159431537235,0.5668560957829251,2
2023-24,15,2023-09-30,Newcastle United,Burnley,0,0.0,0.0,0.0,0,0.5905179278258357,0.2125837231012602,0.1968983490729042,0,0.7228756348958839,0.1828313158097592,0.09429304929435668,0,0.8150063593633552,0.10272159812366294,0.08227204251298195,0,0.7838869152153721,0.18473305070220739,0.03138003408242052,0
2023-24,15,2023-09-30,Tottenham,Liverpool,0,0.0,0.0,0.0,0,0.3940064945128007,0.24435459010520513,0.36163891538199416,0,0.36040616644311135,0.24163187836123087,0.3979619551956578,2,0.3365919958709765,0.25060315132644084,0.41280485280258267,2,0.659169191046615,0.11590913950078365,0.22492166945260134,0
2023-24,15,2023-09-30,Everton,Luton,2,0.0,0.0,0.0,0,0.43763383044612403,0.24178946382157723,0.3205767057322986,0,0.40731769502713133,0.26002725412257693,0.3326550508502916,0,0.17835609146982231,0.25123791613671587,0.5704059923934618,2,0.2594782975074011,0.10700085362834315,0.6335208488642559,2
2023-24,15,2023-09-30,Aston Villa,Brighton and Hove Albion,0,0.0,0.0,0.0,0,0.4265643143379334,0.24247181110858554,0.3309638745534811,0,0.4865204890175349,0.2421564624247934,0.27132304855767164,0,0.7903211571740548,0.08561826184312203,0.12406058098282323,0,0.8659848186401855,0.042777231557850494,0.09123794980196408,0
2023-24,15,2023-09-30,Manchester United,Crystal Palace,2,0.0,0.0,0.0,0,0.532488885980626,0.2269570951818184,0.2405540188375555,0,0.6499644160640128,0.20747656277824433,0.14255902115774274,0,0.38133212355508156,0.14355093815206454,0.47511693829285384,2,0.20540227129532915,0.07873332732182281,0.715864401382848,2
2023-24,15,2023-09-30,Bournemouth,Arsenal,2,0.0,0.0,0.0,0,0.28535219319779215,0.23931992221566628,0.4753278845865415,2,0.14506441578192455,0.20352569865523976,0.6514098855628356,2,0.11867856331394108,0.18866811760352753,0.6926533190825314,2,0.14437197604884527,0.14525164878970132,0.7103763751614535,2
2023-24,15,2023-10-01,Nottingham Forest,Brentford,1,0.0,0.0,0.0,0,0.37907315393951957,0.24540449064784037,0.37552235541264,0,0.35632677480867603,0.2553984080173692,0.3882748171739548,2,0.38956124307514617,0.38166582624507167,0.22877293067978202,0,0.2673925270020526,0.4921327688933023,0.24047470410464497,1
2023-24,15,2023-10-02,Fulham,Chelsea,2,0.0,0.0,0.0,0,0.4175173170865626,0.24313621850672096,0.3393464644067164,0,0.39487511301705874,0.2565828239181023,0.3485420630648389,0,0.3676678790817114,0.1875865760468212,0.44474554487146734,2,0.268885365566455,0.14496126997489348,0.5861533644586515,2
2023-24,15,2023-10-03,Luton,Burnley,2,0.0,0.0,0.0,0,0.4172583519233113,0.24337028732278923,0.3393713607538996,0,0.4690317527382522,0.25588932095204386,0.2750789263097039,0,0.6500050313687804,0.1552269341806665,0.19476803445055296,0,0.30793995599176494,0.08931098362198654,0.6027490603862484,2
2023-24,15,2023-10-07,Luton,Tottenham,2,0.0,0.0,0.0,0,0.3569193210693691,0.244935283588601,0.39814539534203,2,0.2050991337365573,0.22845499834481234,0.5664458679186304,2,0.17131972111384366,0.13545976281942915,0.6932205160667272,2,0.21740872431030459,0.02417846098583323,0.7584128147038621,2
2023-24,15,2023-10-07,Burnley,Chelsea,2,0.0,0.0,0.0,0,0.3637302499446367,0.24616534911191623,0.390104400943447,2,0.31955253088546776,0.2560827056749027,0.4243647634396295,2,0.11301239326595154,0.31756285760971636,0.569424749124332,2,0.11868554693219342,0.08480311395452725,0.7965113391132793,2
2023-24,15,2023-10-07,Everton,Bournemouth,0,0.0,0.0,0.0,0,0.4883546803094806,0.23642513633161896,0.2752201833589005,0,0.43473606248936486,0.2608189543563481,0.304444983154287,0,0.6858020962967603,0.19464150910688516,0.11955639459635464,0,0.676317089064791,0.11451364890183653,0.20916926203337236,0
2023-24,15,2023-10-07,Fulham,Sheffield United,0,0.0,0.0,0.0,0,0.5167417869251594,0.23155604651831577,0.25170216655652483,0,0.5712246018172605,0.23866019359727972,0.19011520458545966,0,0.6065896392321205,0.0650577014699897,0.3283526592978897,0,0.7188049791691171,0.13819391445892648,0.1430011063719565,0
2023-24,15,2023-10-07,Manchester United,Brentford,0,0.0,0.0,0.0,0,0.49416863877838485,0.23601305667076308,0.269818304550852,0,0.630305199840916,0.21282240442387756,0.15687239573520634,0,0.5903542966537156,0.30488734192722206,0.10475836141906225,0,0.7960056040015281,0.0659031412241483,0.1380912547743236,0
2023-24,15,2023-10-07,Crystal Palace,Nottingham Forest,1,0.0,0.0,0.0,0,0.4956994022238808,0.23360917342612922,0.27069142434999005,0,0.49437598484394313,0.24804312390638783,0.25758089124966893,0,0.30040469764007777,0.5988837932550124,0.1007115091049098,1,0.19018894441596995,0.7175074705975927,0.0923035849864372,1
2023-24,15,2023-10-08,Arsenal,Manchester City,0,0.0,0.0,0.0,0,0.3459407911288718,0.2446116224764649,0.40944758639466344,2,0.4390071226532211,0.23476613781797295,0.32622673952880593,0,0.5387588882216817,0.27940108268751246,0.1818400290908058,0,0.7361372806304465,0.11487687393770488,0.1489858454318488,0
2023-24,15,2023-10-08,Wolverhampton Wanderers,Aston Villa,1,0.0,0.0,0.0,0,0.4072903777053586,0.2458782808193236,0.3468313414753178,0,0.31819584294372844,0.2502894952006558,0.43151466185561566,2,0.07222181183749089,0.4773013051495828,0.45047688301292627,1,0.1155544191637456,0.7094512521965556,0.17499432863969897,1
2023-24,15,2023-10-08,Brighton and Hove Albion,Liverpool,1,0.0,0.0,0.0,0,0.3915267897577308,0.24504547768043494,0.36342773256183425,0,0.33673015583408644,0.24201028128348478,0.42125956288242883,2,0.1686619748925978,0.4331664761790824,0.3981715489283197,1,0.15302550332695777,0.6401619476927376,0.20681254898030454,1
2023-24,15,2023-10-08,West Ham United,Newcastle United,1,0.0,0.0,0.0,0,0.3688176094188715,0.2448111465899639,0.3863712439911646,2,0.33832393795931137,0.2491843829552314,0.4124916790854572,2,0.34173994260726004,0.2210595290289679,0.43720052836377193,2,0.19813986768855738,0.634735333182038,0.16712479912940456,1
2023-24,15,2023-10-21,Liverpool,Everton,0,0.0,0.0,0.0,0,0.6805158782389036,0.18146989414855835,0.13801422761253812,0,0.8085028961989444,0.14017551357801517,0.05132159022304027,0,0.7715557814420935,0.07406590501764097,0.15437831354026546,0,0.7905117682417194,0.019325454516907852,0.1901627772413728,0
2023-24,15,2023-10-21,Bournemouth,Wolverhampton Wanderers,2,0.0,0.0,0.0,0,0.37895180264366507,0.24539274634237357,0.37565545101396136,0,0.30249737184572484,0.25667616346606914,0.440826464688206,2,0.22310252749202023,0.11249387459510965,0.6644035979128702,2,0.21473926617333128,0.10754462619394303,0.6777161076327258,2
2023-24,15,2023-10-21,Brentford,Burnley,0,0.0,0.0,0.0,0,0.4636640362783172,0.23926967383084938,0.29706628989083356,0,0.608626368882182,0.22488413501277396,0.16648949610504415,0,0.6144270284091299,0.27330642706390534,0.1122665445269647,0,0.6650047097152427,0.2311230129079384,0.10387227737681896,0
2023-24,15,2023-10-21,Manchester City,Brighton and Hove Albion,0,0.0,0.0,0.0,0,0.5717904212590438,0.2182456173633194,0.20996396137763668,0,0.7980976939062284,0.14247084484633515,0.05943146124743639,0,0.921219434167271,0.045478222638772804,0.033302343193956134,0,0.8586794710894491,0.09832351106231949,0.042997017848231456,0
2023-24,15,2023-10-21,Newcastle United,Crystal Palace,0,0.0,0.0,0.0,0,0.47454361304207615,0.2371131243145011,0.2883432626434229,0,0.6248485116440324,0.21501512637906597,0.16013636197690154,0,0.7128599206815692,0.2008872868740265,0.08625279244440433,0,0.8998487994070571,0.03740343767063554,0.06274776292230734,0
2023-24,15,2023-10-21,Nottingham Forest,Luton,1,0.0,0.0,0.0,0,0.5057575930790397,0.23365390932474345,0.26058849759621694,0,0.49567314945755675,0.2508350026038651,0.2534918479385782,0,0.4809787333510812,0.3799136825540483,0.13910758409487056,0,0.3556311681400412,0.5909611958273534,0.053407636032605434,1
2023-24,15,2023-10-21,Chelsea,Arsenal,1,0.0,0.0,0.0,0,0.3781802010753639,0.24728672422256265,0.3745330747020735,0,0.2707797427707443,0.23768486845658615,0.49153538877266956,2,0.1714603475923087,0.2989934815148426,0.5295461708928487,2,0.053902403974447254,0.4526489884921078,0.4934486075334451,2
2023-24,15,2023-10-21,Sheffield United,Manchester United,2,0.0,0.0,0.0,0,0.3017799449462164,0.24210347017354172,0.4561165848802418,2,0.13782107470260227,0.20443926307234941,0.6577396622250483,2,0.1983123818525012,0.24606674084463448,0.5556208773028644,2,0.14548737875859327,0.26998372008773147,0.5845289011536753,2
2023-24,15,2023-10-22,Aston Villa,West Ham United,0,0.0,0.0,0.0,0,0.5201668208213969,0.231590670588476,0.2482425085901271,0,0.6175282094632643,0.21785996947490685,0.16461182106182887,0,0.6255261699698818,0.1853222103134791,0.1891516197166391,0,0.7712497326322718,0.0896665812350648,0.13908368613266334,0
2023-24,15,2023-10-23,Tottenham,Fulham,0,0.0,0.0,0.0,0,0.5975906366200237,0.21059568041301605,0.19181368296696036,0,0.7028032309257632,0.1892680919051928,0.10792867716904408,0,0.8576587443714909,0.042110000275901456,0.10023125535260748,0,0.8881407369623379,0.031894077829140347,0.07996518520852178,0
2023-24,15,2023-10-27,Crystal Palace,Tottenham,2,0.0,0.0,0.0,0,0.34311826892737113,0.2463465686523489,0.4105351624202799,2,0.33571533021088606,0.2488211154005175,0.4154635543885964,2,0.2112633297429206,0.2270855252192617,0.5616511450378177,2,0.14207053440456413,0.22038855074340308,0.6375409148520327,2
2023-24,15,2023-10-28,Wolverhampton Wanderers,Newcastle United,1,0.0,0.0,0.0,0,0.30959259771375364,0.24206761155552872,0.4483397907307178,2,0.30729418317496643,0.24782537477080158,0.444880442054232,2,0.26184222664147877,0.43405368810162387,0.30410408525689725,1,0.16814551784330714,0.5275619392207804,0.30429254293591235,1
2023-24,15,2023-10-28,Bournemouth,Burnley,0,0.0,0.0,0.0,0,0.4499027126508006,0.24496993144512474,0.3051273559040747,0,0.42342134943017484,0.2630428528945457,0.3135357976752794,0,0.6954226939862181,0.17017023417771154,0.13440707183607026,0,0.7282959510740826,0.07911943474087746,0.19258461418503997,0
2023-24,15,2023-10-28,Arsenal,Sheffield United,0,0.0,0.0,0.0,0,0.7210603051127269,0.16411161784342645,0.11482807704384679,0,0.8373824022469972,0.12497020109527689,0.03764739665772595,0,0.7846626350212635,0.08427555203793882,0.13106181294079766,0,0.8456399028273308,0.044394355969059524,0.10996574120360962,0
2023-24,15,2023-10-28,Chelsea,Brentford,2,0.0,0.0,0.0,0,0.47869746229965426,0.23807283234828472,0.2832297053520608,0,0.45820624191713977,0.24973938679747534,0.292054371285385,0,0.6780304409046249,0.10380346309179063,0.21816609600358436,0,0.3757307330949556,0.17017804239856762,0.4540912245064769,2
2023-24,15,2023-10-29,West Ham United,Everton,2,0.0,0.0,0.0,0,0.5183781539194396,0.23066476079528783,0.25095708528527244,0,0.5591977341117748,0.23769414071058062,0.20310812517764465,0,0.21260672714501938,0.097599019773212,0.6897942530817686,2,0.1901549020073009,0.07559733595300455,0.7342477620396944,2
2023-24,15,2023-10-29,Aston Villa,Luton,0,0.0,0.0,0.0,0,0.6001976765860726,0.21087107337636884,0.18893125003755873,0,0.6988155026739031,0.19251813999532943,0.10866635733076735,0,0.8697324429414123,0.0743858070114042,0.055881750047183626,0,0.83763080874949,0.13226432046003828,0.030104870790471618,0
2023-24,15,2023-10-29,Brighton and Hove Albion,Fulham,1,0.0,0.0,0.0,0,0.5873026734667036,0.2137563241690647,0.19894100236423162,0,0.6180064683919134,0.2194521554704692,0.16254137613761746,0,0.4108112184572959,0.4107587303377656,0.17843005120493852,0,0.3698666323718273,0.5005691518631052,0.1295642157650674,1
2023-24,15,2023-10-29,Liverpool,Nottingham Forest,0,0.0,0.0,0.0,0,0.6572942116502791,0.1907792866799666,0.15192650166975435,0,0.8007490711446541,0.143683899225007,0.05556702963033891,0,0.9125694910016235,0.06909608552915919,0.01833442346921733,0,0.9488648278103472,0.04116763619210876,0.009967535997544201,0
2023-24,15,2023-10-29,Manchester United,Manchester City,2,0.0,0.0,0.0,0,0.29450750492005806,0.23933533660507475,0.4661571584748673,2,0.3272903683579617,0.2368888711799591,0.4358207604620791,2,0.1711049039010824,0.11731851663421558,0.7115765794647021,2,0.10844336440735013,0.04640990812139569,0.8451467274712542,2
2023-24,15,2023-11-04,Fulham,Manchester United,2,0.0,0.0,0.0,0,0.3952187411460511,0.24799212398907736,0.3567891348648714,0,0.29871467819812214,0.2477482673517292,0.45353705445014864,2,0.11624101062315537,0.2507410710452138,0.6330179183316309,2,0.22831615582735212,0.202453188280266,0.5692306558923819,2
2023-24,15,2023-11-04,Brentford,West Ham United,0,0.0,0.0,0.0,0,0.4541302997828301,0.23919537891600498,0.30667432130116495,0,0.5199492879296898,0.24174956585994184,0.2383011462103683,0,0.5242396050854714,0.2914531667449919,0.18430722816953668,0,0.5574278307820753,0.1939169443308783,0.24865522488704647,0
2023-24,15,2023-11-04,Burnley,Crystal Palace,2,0.0,0.0,0.0,0,0.35723147519243936,0.244544905528834,0.3982236192787268,2,0.2966127683777415,0.2546009783082011,0.44878625331405736,2,0.11906328741986977,0.1839214704432492,0.697015242136881,2,0.1351974640311348,0.06011928208478808,0.8046832538840771,2
2023-24,15,2023-11-04,Everton,Brighton and Hove Albion,1,0.0,0.0,0.0,0,0.4155379370575088,0.24415246603226268,0.3403095969102288,0,0.25769618932005217,0.24372857250977042,0.4985752381701773,2,0.1395542649117801,0.42208124439957084,0.438364490688649,2,0.2518319350990805,0.34247270426378496,0.4056953606371346,2
2023-24,15,2023-11-04,Manchester City,Bournemouth,0,0.0,0.0,0.0,0,0.655439761861362,0.18991374817453385,0.15464648996410424,0,0.8893262119880526,0.09095328484243613,0.019720503169511377,0,0.8452143569601636,0.12393203853195295,0.03085360450788355,0,0.9077054778729334,0.07857996501861499,0.013714557108451606,0
2023-24,15,2023-11-04,Sheffield United,Wolverhampton Wanderers,0,0.0,0.0,0.0,0,0.3094468528774392,0.2444386520941116,0.4461144950284492,2,0.26136252161978285,0.25241052364196626,0.4862269547382508,2,0.6588721354802516,0.14550900914959264,0.19561885537015578,0,0.6790476387827463,0.14854549909387552,0.17240686212337822,0
2023-24,15,2023-11-04,Newcastle United,Arsenal,0,0.0,0.0,0.0,0,0.39850964620783436,0.24598395401510814,0.35550639977705745,0,0.4254604601221121,0.24226414463978305,0.33227539523810484,0,0.7278226210081641,0.1500038451166541,0.12217353387518184,0,0.7850595798224561,0.09502099810811677,0.11991942206942723,0
2023-24,15,2023-11-05,Luton,Liverpool,1,0.0,0.0,0.0,0,0.3157052650916552,0.24356367951322364,0.44073105539512125,2,0.1439493451695368,0.2008030816590708,0.6552475731713924,2,0.15081207913646935,0.5394802980912448,0.3097076227722859,1,0.11170073901446544,0.6792887548259139,0.20901050615962075,1
2023-24,15,2023-11-05,Nottingham Forest,Aston Villa,0,0.0,0.0,0.0,0,0.3724834941298874,0.24535146942391506,0.3821650364461976,2,0.27682283040404904,0.24496553482652395,0.478211634769427,2,0.27564592771555424,0.28530027796649243,0.43905379431795344,2,0.543059380453117,0.3619818671315343,0.09495875241534885,0
2023-24,15,2023-11-06,Tottenham,Chelsea,2,0.0,0.0,0.0,0,0.5067061250523401,0.2321792240178285,0.2611146509298313,0,0.6619621222832558,0.20281256524952873,0.1352253124672154,0,0.5084499416830681,0.14694124534021627,0.3446088129767157,0,0.33057842884235905,0.05431497879429064,0.6151065923633502,2
2023-24,15,2023-11-11,Wolverhampton Wanderers,Tottenham,0,0.0,0.0,0.0,0,0.3354095623887665,0.2443233032067579,0.42026713440447544,2,0.2741338866948921,0.2429687998025554,0.48289731350255244,2,0.23237996138429448,0.35208184524429126,0.4155381933714143,2,0.5655590310253991,0.2883593067745168,0.14608166220008406,0
2023-24,15,2023-11-11,Arsenal,Burnley,0,0.0,0.0,0.0,0,0.6665940932673835,0.18679491961275957,0.14661098711985696,0,0.8260714821347435,0.13108704565697848,0.042841472208278046,0,0.789207005049926,0.07927565829389836,0.13151733665617557,0,0.911048936918381,0.036626406479778974,0.05232465660184004,0
2023-24,15,2023-11-11,Crystal Palace,Everton,2,0.0,0.0,0.0,0,0.47443698284332975,0.23906491933972335,0.2864980978169469,0,0.5474996407971372,0.24002998753144164,0.21247037167142122,0,0.2850523748078218,0.23352013086767842,0.4814274943244997,2,0.2653779385980704,0.07418017822446736,0.6604418831774622,2
2023-24,15,2023-11-11,Manchester United,Luton,0,0.0,0.0,0.0,0,0.5180007380011277,0.22879233764409798,0.25320692435477443,0,0.6931322982402428,0.1939034828565026,0.11296421890325464,0,0.47290330370204264,0.4668660214120202,0.06023067488593715,0,0.6659199687701741,0.17006942435004183,0.164010606879784,0
2023-24,15,2023-11-11,Bournemouth,Newcastle United,0,0.0,0.0,0.0,0,0.3017560216479074,0.24239587798405116,0.45584810036804146,2,0.18023430940018592,0.2217364830849096,0.5980292075149045,2,0.4538983704974014,0.22414414402703026,0.32195748547556835,0,0.46841515573236275,0.1897196656933966,0.3418651785742407,0
2023-24,15,2023-11-12,Aston Villa,Fulham,0,0.0,0.0,0.0,0,0.5493785205608197,0.2226960673292795,0.2279254121099007,0,0.6332259708897794,0.2144700560445412,0.1523039730656794,0,0.7022658102168737,0.1513185547724843,0.14641563501064192,0,0.8540474585609021,0.10821505238068833,0.03773748905840953,0
2023-24,15,2023-11-12,Brighton and Hove Albion,Sheffield United,1,0.0,0.0,0.0,0,0.5868492227712119,0.21307340844720868,0.2000773687815795,0,0.7148256461489856,0.18809929077305423,0.09707506307796017,0,0.5110018515714008,0.45041696646016177,0.03858118196843752,0,0.3125605274558052,0.6486324554790973,0.038807017065097475,1
2023-24,15,2023-11-12,Liverpool,Brentford,0,0.0,0.0,0.0,0,0.5259514747195666,0.2263245227819466,0.247724002498487,0,0.6950006505527164,0.1883293010237119,0.11667004842357154,0,0.7861522184607048,0.08225188489761837,0.1315958966416768,0,0.78731207371322,0.11904475418772946,0.09364317209905071,0
2023-24,15,2023-11-12,West Ham United,Nottingham Forest,0,0.0,0.0,0.0,0,0.48301619767514425,0.23726552572046036,0.2797182766043955,0,0.4725298436804715,0.2516226519456579,0.27584750437387057,0,0.8250432106000031,0.12094531069852876,0.054011478701468156,0,0.7950256133914533,0.15032530259709753,0.054649084011449085,0
2023-24,15,2023-11-12,Chelsea,Manchester City,1,0.0,0.0,0.0,0,0.3437636947756032,0.24796330618109752,0.4082729990432995,2,0.20567348077150785,0.21824691810533473,0.5760796011231574,2,0.09143097396708924,0.23211844673722187,0.6764505792956889,2,0.20174704523167655,0.42819795297257457,0.37005500179574896,1
2023-24,15,2023-11-25,Nottingham Forest,Brighton and Hove Albion,2,0.0,0.0,0.0,0,0.40249455632404285,0.24586960447698597,0.351635839198971,0,0.3330570327007368,0.2529937673502531,0.4139491999490101,2,0.05994972645499445,0.18431036801080838,0.7557399055341972,2,0.1376935115119657,0.13953104289190915,0.7227754455961253,2
2023-24,15,2023-11-25,Sheffield United,Bournemouth,2,0.0,0.0,0.0,0,0.3788540232434081,0.2466241174570973,0.37452185929949466,0,0.3553332845123977,0.2650333767578916,0.37963333872971067,2,0.38671976816882886,0.3155146185828562,0.29776561324831496,0,0.15564206480086656,0.2771869004813462,0.5671710347177873,2
2023-24,15,2023-11-25,Brentford,Arsenal,2,0.0,0.0,0.0,0,0.39632142674702914,0.24551149804501343,0.35816707520795743,0,0.3029557270780088,0.2413731334023315,0.4556711395196597,2,0.14162567508656387,0.37892688150766296,0.4794474434057731,2,0.09925023374808721,0.11664443237445712,0.7841053338774557,2
2023-24,15,2023-11-25,Luton,Crystal Palace,0,0.0,0.0,0.0,0,0.42946725882086223,0.24521609216058232,0.32531664901855556,0,0.3780436123726927,0.2590330840405252,0.3629233035867821,0,0.5030992181645695,0.18533464939017075,0.3115661324452598,0,0.647506091264898,0.07246700534668911,0.280026903388413,0
2023-24,15,2023-11-25,Burnley,West Ham United,2,0.0,0.0,0.0,0,0.40851352770461,0.24592119509114338,0.34556527720424646,0,0.2870809413464897,0.2542025067321669,0.45871655192134353,2,0.05012020770245397,0.21597608543417365,0.7339037068633724,2,0.06926375415860314,0.1769703715309034,0.7537658743104936,2
2023-24,15,2023-11-25,Newcastle United,Chelsea,0,0.0,0.0,0.0,0,0.5402384289516814,0.22657988952238525,0.23318168152593327,0,0.6210509415112669,0.21565980096761223,0.16328925752112083,0,0.6022315299094477,0.21856596934089015,0.17920250074966193,0,0.799327997302184,0.06200918059078244,0.13866282210703362,0
2023-24,15,2023-11-25,Manchester City,Liverpool,1,0.0,0.0,0.0,0,0.5501463673242688,0.2237640346225483,0.22608959805318288,0,0.6920917512960036,0.18381233921490706,0.12409590948908931,0,0.5711249647177234,0.3279942277669624,0.10088080751531427,0,0.2887750932840887,0.598811636148359,0.11241327056755229,1
2023-24,15,2023-11-26,Tottenham,Aston Villa,2,0.0,0.0,0.0,0,0.44142687279712467,0.24225284949626222,0.31632027770661314,0,0.5566573885897206,0.22928790775206656,0.21405470365821283,0,0.2765596436234765,0.43058055716508037,0.2928597992114431,1,0.408892408456634,0.11054154092162648,0.4805660506217396,2
2023-24,15,2023-11-26,Everton,Manchester United,2,0.0,0.0,0.0,0,0.39460579880904095,0.24736151669007486,0.35803268450088405,0,0.26060605265567316,0.24150006049079897,0.49789388685352776,2,0.1729226371774564,0.2515601813798909,0.5755171814426527,2,0.18235949641875351,0.16278744271002044,0.6548530608712261,2
2023-24,15,2023-11-27,Fulham,Wolverhampton Wanderers,0,0.0,0.0,0.0,0,0.40169787584856087,0.2464446615027602,0.3518574626486792,0,0.4104752834873476,0.25781387923440724,0.3317108372782452,0,0.609466621963196,0.0919993961575947,0.29853398187920926,0,0.5995464356921792,0.1642939230134518,0.2361596412943689,0
2023-24,15,2023-12-02,Arsenal,Wolverhampton Wanderers,0,0.0,0.0,0.0,0,0.5788147801581291,0.21490473924731487,0.2062804805945561,0,0.7674542244688582,0.16000295522425292,0.0725428203068889,0,0.8197367569408494,0.15340285825288077,0.02686038480626966,0,0.9328067319815849,0.055584165687519824,0.011609102330895203,0
2023-24,15,2023-12-02,Brentford,Luton,0,0.0,0.0,0.0,0,0.5823590046614505,0.21522460985296066,0.20241638548558888,0,0.5949127451094628,0.22741846453951925,0.17766879035101799,0,0.8301750006453456,0.08993026016671612,0.07989473918793837,0,0.7972465011131453,0.10160021841890238,0.10115328046795226,0
2023-24,15,2023-12-02,Burnley,Sheffield United,0,0.0,0.0,0.0,0,0.4268103531689933,0.24350181033427018,0.32968783649673655,0,0.42535014647792285,0.264977355382591,0.3096724981394861,0,0.575804858739894,0.24513913505104457,0.17905600620906145,0,0.632521213521795,0.03984886438808325,0.32762992209012165,0
2023-24,15,2023-12-02,Nottingham Forest,Everton,2,0.0,0.0,0.0,0,0.43265135150261425,0.2411099701752937,0.3262386783220919,0,0.40845524238621944,0.2588457155390554,0.3326990420747253,0,0.4597075357379813,0.1609290515460938,0.3793634127159248,0,0.1852635273929474,0.24450253109089795,0.5702339415161546,2
2023-24,15,2023-12-02,Newcastle United,Manchester United,0,0.0,0.0,0.0,0,0.42680331365644086,0.2441565754531984,0.3290401108903609,0,0.5035249115076735,0.23730097128869998,0.2591741172036265,0,0.5755442148137846,0.19845025662948115,0.2260055285567343,0,0.7025611563725338,0.06693560274562849,0.23050324088183774,0
2023-24,15,2023-12-03,West Ham United,Crystal Palace,1,0.0,0.0,0.0,0,0.45224251408434557,0.2422996191241454,0.3054578667915091,0,0.5106877491147924,0.24547240527086528,0.2438398456143423,0,0.14129738900258101,0.601306186319968,0.257396424677451,1,0.16888539996256582,0.609341879842558,0.2217727201948761,1
2023-24,15,2023-12-03,Manchester City,Tottenham,1,0.0,0.0,0.0,0,0.5513379331859892,0.22186760013059467,0.22679446668341607,0,0.7667011797055621,0.1567690183438758,0.07652980195056207,0,0.6616866029670943,0.29296968296599407,0.04534371406691164,0,0.49468629112616186,0.45142292305848225,0.053890785815356064,0
2023-24,15,2023-12-03,Liverpool,Fulham,0,0.0,0.0,0.0,0,0.6515747870298714,0.19262698333351966,0.15579822963660886,0,0.8059626285013531,0.14086266639392175,0.05317470510472489,0,0.8165120527778946,0.1569157151233382,0.026572232098767204,0,0.8891267157480912,0.09053726139227676,0.020336022859632,0
2023-24,15,2023-12-03,Chelsea,Brighton and Hove Albion,0,0.0,0.0,0.0,0,0.4506976422315936,0.24185328547517704,0.3074490722932293,0,0.41339951363557625,0.25127075236099533,0.3353297340034284,0,0.4170778597240282,0.174910314503748,0.4080118257722238,0,0.6707778436131226,0.09619140784325601,0.23303074854362152,0
2023-24,15,2023-12-03,Bournemouth,Aston Villa,1,0.0,0.0,0.0,0,0.35297364026964706,0.24591523941261006,0.40111112031774293,2,0.22399482489454534,0.2351923519080282,0.5408128231974264,2,0.2228204061194832,0.40061371216147895,0.3765658817190379,1,0.17285172003108354,0.5351800330408897,0.2919682469280268,1
2023-24,15,2023-12-05,Wolverhampton Wanderers,Burnley,0,0.0,0.0,0.0,0,0.4849046272041365,0.23639722925451778,0.27869814354134564,0,0.5492471600711388,0.24223913923884297,0.20851370069001823,0,0.6557169305688608,0.14145859348349782,0.20282447594764144,0,0.8017149488765347,0.07957330103484381,0.11871175008862137,0
2023-24,15,2023-12-05,Luton,Arsenal,2,0.0,0.0,0.0,0,0.32764085034315316,0.24547812235758468,0.42688102729926203,2,0.16656581412751026,0.21135221851249392,0.6220819673599959,2,0.18824043997842108,0.12668689784661516,0.6850726621749638,2,0.1071781659031381,0.0656757031150843,0.8271461309817777,2
2023-24,15,2023-12-06,Brighton and Hove Albion,Brentford,0,0.0,0.0,0.0,0,0.444803178467319,0.23987528320275764,0.31532153832992327,0,0.48145531418208737,0.24495028599463714,0.2735943998232755,0,0.530032518518327,0.17012265179560448,0.29984482968606857,0,0.48049472165800894,0.38887447764003236,0.13063080070195854,0
2023-24,15,2023-12-06,Crystal Palace,Bournemouth,2,0.0,0.0,0.0,0,0.5161645190125637,0.23030831483227793,0.25352716615515836,0,0.5106877612833496,0.24821430107892328,0.24109793763772713,0,0.2519165547986366,0.10997409188121747,0.6381093533201458,2,0.30444664886645295,0.0931308507165101,0.6024225004170369,2
2023-24,15,2023-12-06,Fulham,Nottingham Forest,0,0.0,0.0,0.0,0,0.43575748250001733,0.2438139732646283,0.3204285442353543,0,0.47356800081044403,0.2538110041425428,0.272620995047013,0,0.35471016565049124,0.3964910938910982,0.24879874045841044,1,0.4520020569431502,0.36155555979818943,0.18644238325866042,0
2023-24,15,2023-12-06,Sheffield United,Liverpool,2,0.0,0.0,0.0,0,0.20372172041112407,0.2170001930854428,0.5792780865034332,2,0.08081138363937354,0.1630908844751806,0.7560977318854458,2,0.14911337763788915,0.07198717250564347,0.7788994498564674,2,0.07521433986747307,0.08531811942712865,0.8394675407053983,2
2023-24,15,2023-12-06,Aston Villa,Manchester City,0,0.0,0.0,0.0,0,0.2946145927706819,0.23953828708556021,0.46584712014375795,2,0.3094935004027038,0.23617695364725658,0.4543295459500397,2,0.4525971116390053,0.07740549614529403,0.46999739221570064,2,0.6949040318167273,0.06496265019520932,0.24013331798806334,0
2023-24,15,2023-12-06,Manchester United,Chelsea,0,0.0,0.0,0.0,0,0.5248951758325798,0.22874192912403582,0.24636289504338427,0,0.6244619534780437,0.21400486389438844,0.16153318262756777,0,0.6734869005893912,0.11226859790978252,0.2142445015008263,0,0.8905566414248863,0.034928113778311586,0.07451524479680206,0
2023-24,15,2023-12-07,Everton,Newcastle United,0,0.0,0.0,0.0,0,0.3651896426866257,0.2457021367979407,0.3891082205154337,2,0.24021964960112158,0.237102031017759,0.5226783193811194,2,0.3174987556744598,0.24092154456937387,0.44157969975616634,2,0.6024444118571167,0.09050953686064275,0.30704605128224055,0
2023-24,15,2023-12-07,Tottenham,West Ham United,2,0.0,0.0,0.0,0,0.5434894300261821,0.22321235813623996,0.23329821183757798,0,0.6059162003451055,0.22045126250513616,0.17363253714975826,0,0.35111689840942145,0.22770464435521007,0.4211784572353684,2,0.3425979775114211,0.1095961683492688,0.54780585413931,2
2023-24,15,2023-12-09,Wolverhampton Wanderers,Nottingham Forest,1,0.0,0.0,0.0,0,0.49598386984675635,0.23434345912232551,0.26967267103091813,0,0.48431691237142016,0.2517324196469809,0.263950667981599,0,0.36182023761895804,0.5852526010441024,0.05292716133693951,1,0.1377854921988353,0.7684526296215645,0.09376187817960027,1
2023-24,15,2023-12-09,Aston Villa,Arsenal,0,0.0,0.0,0.0,0,0.41657664091801727,0.24355512177652944,0.3398682373054532,0,0.3855932472662558,0.24252434888919008,0.371882403844554,0,0.6195576840402182,0.2076483517949727,0.17279396416480922,0,0.7423020112444938,0.1528253895868973,0.10487259916860904,0
2023-24,15,2023-12-09,Sheffield United,Brentford,0,0.0,0.0,0.0,0,0.3154624773236644,0.24144324901219044,0.4430942736641452,2,0.16166040359644995,0.21931726017993505,0.6190223362236149,2,0.21894922547994608,0.11603967722896498,0.6650110972910889,2,0.36978782423318973,0.20303298338940817,0.427179192377402,2
2023-24,15,2023-12-09,Brighton and Hove Albion,Burnley,1,0.0,0.0,0.0,0,0.6082099408359634,0.20557443952299184,0.18621561964104466,0,0.667243086372203,0.20570967571401708,0.1270472379137799,0,0.5132455154515942,0.39505916442677724,0.09169532012162845,0,0.1812517501661024,0.7273683254872246,0.09137992434667302,1
2023-24,15,2023-12-09,Crystal Palace,Liverpool,2,0.0,0.0,0.0,0,0.2936963203997441,0.24083846540495396,0.4654652141953019,2,0.1827508112751701,0.2156949013948412,0.6015542873299887,2,0.14360440983122788,0.06819267866721691,0.7882029115015552,2,0.24834436104952518,0.12199551033562094,0.629660128614854,2
2023-24,15,2023-12-09,Manchester United,Bournemouth,2,0.0,0.0,0.0,0,0.5947297951293475,0.21048612331715746,0.19478408155349491,0,0.7196456211918753,0.18322430711720553,0.09713007169091929,0,0.5837104570082989,0.037498128867645926,0.37879141412405504,0,0.37145303555911596,0.03389786428569602,0.594649100155188,2
2023-24,15,2023-12-10,Everton,Chelsea,0,0.0,0.0,0.0,0,0.4516975249966926,0.24181624306660926,0.3064862319366981,0,0.37808758586119284,0.25567208496239135,0.36624032917641575,0,0.32487695600393357,0.2815846483024935,0.3935383956935729,2,0.7439850824496737,0.08602962842713802,0.16998528912318822,0
2023-24,15,2023-12-10,Fulham,West Ham United,0,0.0,0.0,0.0,0,0.4098834111840143,0.24462325858443773,0.34549333023154827,0,0.3731280621648018,0.25648790981718544,0.37038402801801285,0,0.4977991213410171,0.20793466088239368,0.2942662177765892,0,0.4353808656687868,0.05071678487714032,0.5139023494540729,2
2023-24,15,2023-12-10,Luton,Manchester City,2,0.0,0.0,0.0,0,0.27309251181090755,0.23697701316583428,0.4899304750232583,2,0.10801235725263911,0.17885097695075594,0.713136665796605,2,0.13308659606695816,0.038673124196626135,0.8282402797364157,2,0.12310535949999983,0.0707458163509904,0.8061488241490097,2
2023-24,15,2023-12-10,Tottenham,Newcastle United,0,0.0,0.0,0.0,0,0.42963720944059286,0.24297799059457365,0.32738479996483355,0,0.4715826758968427,0.24281178614074295,0.2856055379624143,0,0.6480245795213156,0.11942643035213528,0.2325489901265491,0,0.650452501722865,0.23534980897415986,0.11419768930297523,0
2023-24,15,2023-12-15,Nottingham Forest,Tottenham,2,0.0,0.0,0.0,0,0.3532946246567513,0.24399865763502993,0.40270671770821875,2,0.2273310787153421,0.23534192562888243,0.5373269956557755,2,0.14693768721387998,0.13378830987821683,0.7192740029079031,2,0.03535022630290809,0.11108235264023789,0.853567421056854,2
2023-24,15,2023-12-16,Chelsea,Sheffield United,0,0.0,0.0,0.0,0,0.5339269577679344,0.227267881730582,0.23880516050148368,0,0.6655745477421953,0.20835192580253653,0.12607352645526815,0,0.80470515971775,0.04936675705472977,0.1459280832275202,0,0.7905317182771624,0.06091251166951141,0.14855577005332612,0
2023-24,15,2023-12-16,Manchester City,Crystal Palace,1,0.0,0.0,0.0,0,0.6521344619083131,0.19173149603121936,0.1561340420604675,0,0.8434952480275647,0.11940369896002223,0.03710105301241304,0,0.8024474686495322,0.17665500952593735,0.020897521824530543,0,0.6572191811486432,0.2925495733911227,0.050231245460234046,0
2023-24,15,2023-12-16,Newcastle United,Fulham,0,0.0,0.0,0.0,0,0.5178507981454463,0.2302961599720157,0.25185304188253793,0,0.6518373979470079,0.20786141721073007,0.14030118484226198,0,0.6507753826004717,0.21885715897881045,0.13036745842071773,0,0.8806578652881799,0.08195341067997869,0.03738872403184155,0
2023-24,15,2023-12-16,Burnley,Everton,2,0.0,0.0,0.0,0,0.43605673596332917,0.24463656938469408,0.31930669465197664,0,0.30262103691630654,0.2570640517472147,0.4403149113364789,2,0.09833511495164297,0.10648994780231204,0.7951749372460449,2,0.06367182903445938,0.10153634684146104,0.8347918241240796,2
2023-24,15,2023-12-17,Liverpool,Manchester United,1,0.0,0.0,0.0,0,0.5218107285242859,0.22861775202963489,0.2495715194460792,0,0.6825384838016126,0.1909006332611579,0.12656088293722945,0,0.498526475995262,0.2633840051335257,0.2380895188712123,0,0.15730379258781454,0.7625319950336386,0.08016421237854694,1
2023-24,15,2023-12-17,West Ham United,Wolverhampton Wanderers,0,0.0,0.0,0.0,0,0.4836002917677336,0.2370084548529023,0.27939125337936405,0,0.4969432439233894,0.24757356579197662,0.255483190284634,0,0.7028078679807213,0.2526895212044602,0.04450261081481848,0,0.8017967234895487,0.13255835700080948,0.06564491950964181,0
2023-24,15,2023-12-17,Arsenal,Brighton and Hove Albion,0,0.0,0.0,0.0,0,0.6347510297321894,0.19828572396583247,0.16696324630197812,0,0.6930914701675487,0.1890702718028668,0.11783825802958449,0,0.8671894781678734,0.07339880223653901,0.05941171959558771,0,0.903318059120959,0.028013206717774974,0.06866873416126605,0
2023-24,15,2023-12-17,Brentford,Aston Villa,2,0.0,0.0,0.0,0,0.3880251029225525,0.24740578419385562,0.364569112883592,0,0.37296534482365573,0.2500173574266009,0.3770172977497434,2,0.0918438424739621,0.38029690848110487,0.527859249044933,2,0.1682691946826027,0.17272794189125018,0.6590028634261471,2
2023-24,15,2023-12-21,Crystal Palace,Brighton and Hove Albion,1,0.0,0.0,0.0,0,0.31653369653660557,0.2417004861149762,0.44176581734841813,2,0.344454906378874,0.25342851296877367,0.4021165806523523,2,0.15673153179980487,0.26483866283859087,0.5784298053616042,2,0.0759778039182526,0.514868353984189,0.40915384209755845,1
2023-24,15,2023-12-22,Aston Villa,Sheffield United,1,0.0,0.0,0.0,0,0.6647529434700948,0.1868607227275819,0.14838633380232313,0,0.7810895110264052,0.15647822476624373,0.06243226420735099,0,0.7311286791936953,0.2498523246659494,0.019018996140355432,0,0.5110288239380918,0.455410567312,0.03356060874990813,0
2023-24,15,2023-12-23,West Ham United,Manchester United,0,0.0,0.0,0.0,0,0.3814709335228347,0.24510908374172077,0.3734199827354445,0,0.3322400156893505,0.24838011231652246,0.419379871994127,2,0.568979564179841,0.13095427785636107,0.300066157963798,0,0.5829962873949617,0.17429898039558986,0.24270473220944858,0
2023-24,15,2023-12-23,Fulham,Burnley,2,0.0,0.0,0.0,0,0.5292728625980121,0.22904352164858371,0.24168361575340425,0,0.5589911819476457,0.2406606420436747,0.20034817600867952,0,0.3988928423005543,0.07141463747174667,0.5296925202276991,2,0.2862031941830145,0.05564284174948128,0.6581539640675043,2
2023-24,15,2023-12-23,Luton,Newcastle United,0,0.0,0.0,0.0,0,0.3415063206387563,0.2457104457439378,0.4127832336173059,2,0.2313266079813094,0.23687035399070183,0.5318030380279888,2,0.6516053951408538,0.16008401319516605,0.18831059166398012,0,0.49677217384375677,0.39358372782616535,0.10964409833007797,0
2023-24,15,2023-12-23,Nottingham Forest,Bournemouth,2,0.0,0.0,0.0,0,0.4505954552196825,0.24248760495100022,0.3069169398293173,0,0.4185442603429315,0.2595618202957764,0.3218939193612921,0,0.3724384273028483,0.32738010872700696,0.3001814639701448,0,0.15859929419598776,0.2205683233928675,0.6208323824111448,2
2023-24,15,2023-12-23,Tottenham,Everton,0,0.0,0.0,0.0,0,0.49554693981471576,0.23574902693523955,0.26870403325004477,0,0.6701036208494588,0.20133635317391016,0.12856002597663096,0,0.6469374138294025,0.27359373950015947,0.07946884667043796,0,0.891970877818545,0.07976039351478591,0.028268728666669185,0
2023-24,15,2023-12-23,Liverpool,Arsenal,1,0.0,0.0,0.0,0,0.5019425227421166,0.23317570654768718,0.26488177071019636,0,0.5893149197030909,0.21506636890403172,0.1956187113928774,0,0.4806937599802756,0.373592762310043,0.14571347770968143,0,0.2529080447267706,0.6894755575413433,0.05761639773188611,1
2023-24,15,2023-12-24,Wolverhampton Wanderers,Chelsea,0,0.0,0.0,0.0,0,0.4087709864014577,0.245339851836758,0.34588916176178436,0,0.38066855869603455,0.2561490365104227,0.3631824047935427,0,0.5098430753805496,0.19182488790335406,0.29833203671609637,0,0.6225399466106284,0.22572506474038387,0.15173498864898766,0
2023-24,15,2023-12-26,Burnley,Liverpool,2,0.0,0.0,0.0,0,0.23405343624336494,0.22673575027680323,0.5392108134798318,2,0.1109932494750968,0.183475205879231,0.7055315446456721,2,0.16333950033304995,0.1809507270706884,0.6557097725962617,2,0.08330954347332986,0.09906220197198187,0.8176282545546882,2
2023-24,15,2023-12-26,Newcastle United,Nottingham Forest,2,0.0,0.0,0.0,0,0.5480949530646275,0.22260131894502838,0.22930372799034404,0,0.6762622933438401,0.20104258002835174,0.12269512662780804,0,0.5650081697389466,0.26639563403013977,0.16859619623091368,0,0.3486674651907998,0.23745323713611516,0.41387929767308496,2
2023-24,15,2023-12-26,Bournemouth,Fulham,0,0.0,0.0,0.0,0,0.45660329465922794,0.24019251814578021,0.30320418719499176,0,0.42903645554599806,0.25728561656220006,0.31367792789180177,0,0.5708414152365319,0.1445601091430792,0.2845984756203889,0,0.6670111458676176,0.206921775406437,0.12606707872594544,0
2023-24,15,2023-12-26,Sheffield United,Luton,2,0.0,0.0,0.0,0,0.3909382085228305,0.24534461548766895,0.3637171759895004,0,0.29346857853948977,0.25838792293618007,0.4481434985243301,2,0.11391542502329735,0.3083185518562365,0.5777660231204661,2,0.14583801104383667,0.2605645595608602,0.5935974293953031,2
2023-24,15,2023-12-26,Manchester United,Aston Villa,0,0.0,0.0,0.0,0,0.46321954090023226,0.23905793162658706,0.2977225274731806,0,0.47444390675068204,0.24124302949193951,0.28431306375737836,0,0.8312314544382378,0.055246814147068155,0.11352173141469409,0,0.887465083120605,0.0498117025136414,0.06272321436575357,0
2023-24,15,2023-12-27,Chelsea,Crystal Palace,0,0.0,0.0,0.0,0,0.5062233878050802,0.23338314831115986,0.26039346388376006,0,0.5118165156747749,0.24530552455747562,0.24287795976774945,0,0.618816428173254,0.07192540554926787,0.30925816627747826,0,0.686232006543788,0.14189832873920927,0.1718696647170027,0
2023-24,15,2023-12-27,Brentford,Wolverhampton Wanderers,2,0.0,0.0,0.0,0,0.4971664468888077,0.23455490862990055,0.2682786444812918,0,0.5054194565880122,0.24584687233385058,0.2487336710781372,0,0.41627419188979603,0.19106651757983342,0.3926592905303706,0,0.44968796335237,0.06382550348866324,0.48648653315896684,2
2023-24,15,2023-12-27,Everton,Manchester City,2,0.0,0.0,0.0,0,0.2752271352421718,0.2360571264807782,0.48871573827705006,2,0.15905051369344642,0.2038665414828537,0.6370829448236999,2,0.14044321558017983,0.16997821165751234,0.6895785727623077,2,0.20193710922210903,0.20158963592654486,0.5964732548513461,2
2023-24,15,2023-12-28,Arsenal,West Ham United,2,0.0,0.0,0.0,0,0.5815490369236815,0.21441277474701784,0.20403818832930048,0,0.7345986223588223,0.17369490249702033,0.0917064751441572,0,0.8100346841271022,0.0666226234495103,0.12334269242338747,0,0.665672488124789,0.059356810277430505,0.27497070159778053,0
2023-24,15,2023-12-28,Brighton and Hove Albion,Tottenham,0,0.0,0.0,0.0,0,0.4138841060332289,0.24473807939080117,0.34137781457597,0,0.44323452591172174,0.24623752006135824,0.31052795402691996,0,0.46283738394233975,0.2899161244568928,0.2472464916007675,0,0.5833897131609506,0.2997833991344617,0.11682688770458761,0
2023-24,15,2023-12-30,Luton,Chelsea,2,0.0,0.0,0.0,0,0.41091172704249473,0.2467012020445602,0.3423870709129451,0,0.3695811859109288,0.2571896032458307,0.37322921084324046,2,0.5631114192797472,0.20665820318593556,0.23023037753431713,0,0.485224714733281,0.08796664703836814,0.42680863822835086,0
2023-24,15,2023-12-30,Aston Villa,Burnley,0,0.0,0.0,0.0,0,0.6289483782903467,0.19882594134554604,0.1722256803641073,0,0.7179911408168415,0.18505005989063897,0.09695879929251953,0,0.8421300838805327,0.11198031764612794,0.04588959847333932,0,0.837426442765279,0.08744751834648765,0.0751260388882335,0
2023-24,15,2023-12-30,Crystal Palace,Brentford,0,0.0,0.0,0.0,0,0.4084607335277853,0.2446649084561523,0.3468743580160625,0,0.3953928462021524,0.2569281481997902,0.3476790055980575,0,0.531101051360021,0.1376482460503511,0.331250702589628,0,0.6562623449501883,0.06079916755136737,0.28293848749844436,0
2023-24,15,2023-12-30,Manchester City,Sheffield United,0,0.0,0.0,0.0,0,0.7355875097888385,0.1573748178026806,0.1070376724084811,0,0.8823355006417747,0.09609249278338745,0.021572006574837932,0,0.8527607614259606,0.11709015032114176,0.030149088252897485,0,0.8203215703893333,0.1556175486587414,0.024060880951925424,0
2023-24,15,2023-12-30,Wolverhampton Wanderers,Everton,0,0.0,0.0,0.0,0,0.4704721523556317,0.23958136866183916,0.28994647898252907,0,0.47953002471065964,0.2504129405153506,0.2700570347739896,0,0.8060782918175281,0.1280591958640226,0.06586251231844929,0,0.9184492179428398,0.024207973286864325,0.057342808770295885,0
2023-24,15,2023-12-30,Nottingham Forest,Manchester United,0,0.0,0.0,0.0,0,0.38180666637359273,0.2456477314221284,0.3725456022042788,0,0.2126890780513534,0.2309613423005202,0.5563495796481264,2,0.5571189877732835,0.1422727336551533,0.30060827857156314,0,0.4354964904922355,0.25799030842559767,0.30651320108216684,0
2023-24,15,2023-12-31,Fulham,Arsenal,0,0.0,0.0,0.0,0,0.30478496703171326,0.2417661683198753,0.45344886464841133,2,0.1855138265082928,0.21865712047002184,0.5958290530216854,2,0.25120028394165017,0.2684994906611641,0.4803002253971858,2,0.3754610097711052,0.1134989499477666,0.5110400402811281,2
2023-24,15,2023-12-31,Tottenham,Bournemouth,0,0.0,0.0,0.0,0,0.5377466022178762,0.22445911831685098,0.23779427946527276,0,0.6382336742782407,0.21215574104212753,0.14961058467963181,0,0.8125040830707734,0.0989663283209295,0.08852958860829697,0,0.9408392895364615,0.044521805695298046,0.014638904768240634,0
2023-24,15,2024-01-01,Liverpool,Newcastle United,0,0.0,0.0,0.0,0,0.509444653668933,0.23202390954797786,0.2585314367830892,0,0.727747264434138,0.17501936567448717,0.09723336989137486,0,0.830714885876327,0.14887194639744175,0.020413167726231047,0,0.8403386836783737,0.1430977770785428,0.016563539243083486,0
2023-24,15,2024-01-02,West Ham United,Brighton and Hove Albion,1,0.0,0.0,0.0,0,0.4652468742516648,0.24032733436604337,0.2944257913822918,0,0.4492073874900598,0.2486334722766583,0.3021591402332819,0,0.3641424146898615,0.5125764523112302,0.12328113299890825,1,0.43233606030401184,0.4061868501605363,0.16147708953545198,0
2023-24,15,2024-01-12,Burnley,Luton,1,0.0,0.0,0.0,0,0.3856679893942204,0.24721968211297635,0.3671123284928034,0,0.3676555353155841,0.26289904923335966,0.36944541545105614,2,0.33532476903188463,0.5203657732883904,0.1443094576797249,1,0.07009525663804399,0.7513893477565882,0.17851539560536775,1
2023-24,15,2024-01-13,Newcastle United,Manchester City,2,0.0,0.0,0.0,0,0.40900850363021124,0.2464149668691398,0.34457652950064876,0,0.27564376708787136,0.23321073998247294,0.49114549292965565,2,0.145176227553342,0.10845878254596714,0.7463649899006908,2,0.07626892499292927,0.19134855203515141,0.7323825229719194,2
2023-24,15,2024-01-13,Chelsea,Fulham,0,0.0,0.0,0.0,0,0.50499741731783,0.23391824630765926,0.2610843363745109,0,0.5564879752976389,0.23651858748646695,0.20699343721589408,0,0.7801878750334953,0.06640220587358481,0.15340991909292,0,0.7616944182836686,0.0707928968376538,0.16751268487867751,0
2023-24,15,2024-01-14,Everton,Aston Villa,1,0.0,0.0,0.0,0,0.3986948290121222,0.2460040124809337,0.355301158506944,0,0.2780246880888522,0.24383516985835132,0.47814014205279654,2,0.3504888723108804,0.3163976067196104,0.3331135209695092,0,0.26105497623360896,0.5626332502598778,0.17631177350651317,1
2023-24,15,2024-01-14,Manchester United,Tottenham,1,0.0,0.0,0.0,0,0.4294018255362691,0.24198847846749322,0.3286096959962378,0,0.4830305507086319,0.24101702554363882,0.2759524237477294,0,0.4123868426239538,0.4299779202303424,0.15763523714570388,1,0.24079154665329894,0.6370605533671682,0.12214789997953285,1
2023-24,15,2024-01-20,Arsenal,Crystal Palace,0,0.0,0.0,0.0,0,0.5839525145511889,0.21501189922563624,0.2010355862231749,0,0.7599473875209474,0.16413924924957088,0.07591336322948176,0,0.8258006597408024,0.07650398896236087,0.09769535129683675,0,0.893725289525647,0.03940325098567366,0.0668714594886793,0
2023-24,15,2024-01-20,Brentford,Nottingham Forest,0,0.0,0.0,0.0,0,0.4862036031135688,0.23669432696116263,0.27710206992526865,0,0.5171787162156865,0.24565914614436166,0.2371621376399519,0,0.5614109968789942,0.3984214319573504,0.040167571163655484,0,0.755940499008159,0.1793367551732323,0.06472274581860879,0
2023-24,15,2024-01-21,Sheffield United,West Ham United,1,0.0,0.0,0.0,0,0.3079972174919421,0.2417838552062779,0.45021892730178,2,0.18628483896962256,0.2290443521269839,0.5846708089033935,2,0.3013212445125676,0.35708214560665347,0.3415966098807789,1,0.09955453381215339,0.561530842328923,0.33891462385892357,1
2023-24,15,2024-01-21,Bournemouth,Liverpool,2,0.0,0.0,0.0,0,0.2630294696030753,0.23429800103241832,0.5026725293645065,2,0.17925668013198182,0.21408764687749024,0.6066556729905279,2,0.12915530785489407,0.35236387537725267,0.5184808167678533,2,0.1648376291176558,0.19000406084304378,0.6451583100393005,2
2023-24,15,2024-01-22,Brighton and Hove Albion,Wolverhampton Wanderers,1,0.0,0.0,0.0,0,0.5337704047837156,0.2257743489395897,0.24045524627669465,0,0.5441586016588255,0.2361715200404432,0.2196698783007314,0,0.3426107847155949,0.3104745781738239,0.3469146371105812,2,0.2616913095252192,0.5394961046761773,0.19881258579860356,1
2023-24,15,2024-01-30,Aston Villa,Newcastle United,2,0.0,0.0,0.0,0,0.5136402584120887,0.23087329498472925,0.255486446603182,0,0.5597718551856518,0.2293418727940359,0.21088627202031232,0,0.7038846469328512,0.07134534517618416,0.2247700078909647,0,0.27907350331765385,0.1300980349642225,0.5908284617181236,2
2023-24,15,2024-01-30,Nottingham Forest,Arsenal,2,0.0,0.0,0.0,0,0.34872566008282035,0.24616272516071264,0.40511161475646695,2,0.1767252486601523,0.2163011583989879,0.6069735929408597,2,0.16761510355886386,0.19584560860119624,0.63653928783994,2,0.1266988972626706,0.08841956770040553,0.7848815350369239,2
2023-24,15,2024-01-30,Fulham,Everton,1,0.0,0.0,0.0,0,0.37803292348360035,0.24457170817575646,0.37739536834064313,0,0.40215518527330396,0.258077358934916,0.3397674557917802,0,0.2545567576046807,0.25137149675006204,0.49407174564525724,2,0.268547734623658,0.5947388645736931,0.1367134008026491,1
2023-24,15,2024-01-30,Luton,Brighton and Hove Albion,0,0.0,0.0,0.0,0,0.33799641958164517,0.2458548768213228,0.41614870359703204,2,0.3022582057035349,0.25126171798084296,0.4464800763156222,2,0.374099036968152,0.2602474144554883,0.3656535485763597,0,0.6392083954937076,0.11109565400911797,0.2496959504971744,0
2023-24,15,2024-01-30,Crystal Palace,Sheffield United,0,0.0,0.0,0.0,0,0.4682079219360612,0.23963373052403025,0.2921583475399084,0,0.6140582394043606,0.22660151761675845,0.15934024297888094,0,0.7028103762284191,0.1517317047195915,0.14545791905198938,0,0.8374946435018966,0.10777220976133343,0.054733146736770044,0
2023-24,15,2024-01-31,Tottenham,Brentford,0,0.0,0.0,0.0,0,0.5539976824970723,0.22314985010058916,0.22285246740233863,0,0.6539073663030782,0.20649064817778146,0.13960198551914038,0,0.6738710570564176,0.2624165751403037,0.06371236780327869,0,0.8555635267748721,0.11051616921708529,0.033920304008042614,0
2023-24,15,2024-01-31,Liverpool,Chelsea,0,0.0,0.0,0.0,0,0.5613468202568777,0.2221498814440558,0.2165032982990666,0,0.7903834022752363,0.14773334027615526,0.06188325744860866,0,0.8489807042965803,0.1230586846397429,0.027960611063676675,0,0.8345235434555531,0.14235170830861732,0.02312474823582946,0
2023-24,15,2024-01-31,Manchester City,Burnley,0,0.0,0.0,0.0,0,0.6842813769214029,0.17921675625781341,0.1365018668207837,0,0.8781699017202017,0.09858499834302187,0.023245099936776356,0,0.8540753950413045,0.116044704493463,0.02987990046523248,0,0.8349043932042199,0.13613541022627382,0.028960196569506262,0
2023-24,15,2024-02-01,West Ham United,Bournemouth,1,0.0,0.0,0.0,0,0.4717472621074608,0.23866410740195837,0.2895886304905808,0,0.5766189331384227,0.23165673449656943,0.19172433236500788,0,0.39829905657914916,0.5159595498393399,0.08574139358151096,1,0.2855904376717017,0.6695335277489968,0.044876034579301484,1
2023-24,15,2024-02-01,Wolverhampton Wanderers,Manchester United,2,0.0,0.0,0.0,0,0.3671869233770463,0.24644718117235964,0.38636589545059397,2,0.3473845585019104,0.25096249397767784,0.40165294752041186,2,0.2091915089820977,0.12676582896629948,0.6640426620516027,2,0.09055269509897446,0.1430091907867954,0.7664381141142302,2
2023-24,15,2024-02-03,Everton,Tottenham,1,0.0,0.0,0.0,0,0.41501420774225417,0.24611503129945142,0.33887076095829444,0,0.30692435322659806,0.24777401721788475,0.4453016295555173,2,0.11555039550376654,0.48042714703792266,0.40402245745831084,1,0.10322865185691867,0.6892397892920098,0.20753155885107158,1
2023-24,15,2024-02-03,Brighton and Hove Albion,Crystal Palace,0,0.0,0.0,0.0,0,0.5358069013136333,0.2272496739349436,0.23694342475142294,0,0.5839883561228838,0.22878513148330756,0.1872265123938087,0,0.7500745019443023,0.10668847543935016,0.1432370226163476,0,0.9126061839221961,0.026062732214000645,0.06133108386380316,0
2023-24,15,2024-02-03,Burnley,Fulham,1,0.0,0.0,0.0,0,0.38935729618660503,0.24585588937008537,0.36478681444330946,0,0.3133857771327105,0.25917251126292695,0.42744171160436256,2,0.37240223918638504,0.36234164571272853,0.2652561151008863,0,0.14418918349520685,0.6871226124601514,0.1686882040446417,1
2023-24,15,2024-02-03,Newcastle United,Luton,1,0.0,0.0,0.0,0,0.48521979900320583,0.23725245650836355,0.2775277444884306,0,0.6683168484542443,0.2036308261492157,0.12805232539653996,0,0.3963320760523123,0.38997633637823886,0.21369158756944898,0,0.26287578625579244,0.6625660093195613,0.07455820442464618,1
2023-24,15,2024-02-03,Sheffield United,Aston Villa,2,0.0,0.0,0.0,0,0.2836093883141501,0.23774031855530472,0.4786502931305453,2,0.13047235300067886,0.2009023102275401,0.668625336771781,2,0.21634732669587914,0.34533784008533785,0.4383148332187831,2,0.1050155148485649,0.23339589750845097,0.6615885876429841,2
2023-24,15,2024-02-04,Bournemouth,Nottingham Forest,1,0.0,0.0,0.0,0,0.4619070186214543,0.24022633125321097,0.29786665012533475,0,0.46597592219370776,0.25486674524563285,0.27915733256065933,0,0.369537873183535,0.3062212856052134,0.32424084121125163,0,0.37956883333559727,0.37536983980684546,0.24506132685755727,0
2023-24,15,2024-02-04,Chelsea,Wolverhampton Wanderers,2,0.0,0.0,0.0,0,0.5329947723524462,0.22853461143076684,0.23847061621678717,0,0.5247400067048272,0.24178597364733767,0.23347401964783507,0,0.3810322276876553,0.20974265759220065,0.409225114720144,2,0.11612499404477458,0.2141330523780589,0.6697419535771665,2
2023-24,15,2024-02-04,Manchester United,West Ham United,0,0.0,0.0,0.0,0,0.4966548604981704,0.23325165092155517,0.2700934885802745,0,0.5812073298451982,0.2258959584765825,0.1928967116782193,0,0.6431314139290614,0.2814871467925979,0.07538143927834069,0,0.7289511307397398,0.1932830484313701,0.07776582082889011,0
2023-24,15,2024-02-04,Arsenal,Liverpool,0,0.0,0.0,0.0,0,0.44714998478500445,0.2404109971018745,0.3124390181131211,0,0.4639476760764443,0.23503372715271267,0.30101859677084314,0,0.6495494163781479,0.11036481122376632,0.2400857723980858,0,0.5325993579608199,0.2742460310257914,0.1931546110133886,0
2023-24,15,2024-02-05,Brentford,Manchester City,2,0.0,0.0,0.0,0,0.32890607791175797,0.2437892891168213,0.42730463297142074,2,0.15145593282051387,0.19950060945082518,0.6490434577286609,2,0.1748680470984833,0.15944191210335856,0.6656900407981582,2,0.1044426431583684,0.0920826522727172,0.8034747045689143,2
2023-24,15,2024-02-10,Nottingham Forest,Newcastle United,2,0.0,0.0,0.0,0,0.4270333855596903,0.24605050480873464,0.3269161096315749,0,0.2862055539779056,0.24879264461027695,0.4650018014118174,2,0.14272695819178877,0.2800106613828615,0.5772623804253498,2,0.15315731295883533,0.15672995658525507,0.6901127304559096,2
2023-24,15,2024-02-10,Wolverhampton Wanderers,Brentford,2,0.0,0.0,0.0,0,0.5156105661001337,0.23171647337470674,0.2526729605251596,0,0.48232968666965365,0.24926919115793544,0.26840112217241097,0,0.3270446137825811,0.04180516454967027,0.6311502216677486,2,0.3096554065005771,0.02172920475623668,0.6686153887431863,2
2023-24,15,2024-02-10,Tottenham,Brighton and Hove Albion,0,0.0,0.0,0.0,0,0.513467287193222,0.2321756120823887,0.25435710072438933,0,0.5895995890629722,0.22300747872751417,0.18739293220951356,0,0.6945052737504605,0.14286408085292454,0.16263064539661512,0,0.8160353812259457,0.06158045080944787,0.12238416796460651,0
2023-24,15,2024-02-10,Fulham,Bournemouth,0,0.0,0.0,0.0,0,0.47578275442738494,0.23716815376293826,0.2870490918096767,0,0.40377589073853026,0.2586384657250093,0.3375856435364604,0,0.7858987324307881,0.11007937596638734,0.1040218916028245,0,0.5340195977465406,0.22239520208390157,0.24358520016955784,0
2023-24,15,2024-02-10,Liverpool,Burnley,0,0.0,0.0,0.0,0,0.6914463571502265,0.1765940439065223,0.13195959894325118,0,0.8531058163313088,0.1148152151364705,0.03207896853222088,0,0.7738826045615308,0.08552959502384119,0.140587800414628,0,0.923127661330081,0.03178861794620358,0.04508372072371558,0
2023-24,15,2024-02-10,Manchester City,Everton,0,0.0,0.0,0.0,0,0.6099893842684792,0.20507617295208014,0.18493444277944077,0,0.8408876662059483,0.12060559375310202,0.03850674004094972,0,0.7870290877179004,0.16101522362484588,0.05195568865725359,0,0.9475972923070853,0.045300025508570534,0.007102682184344158,0
2023-24,15,2024-02-10,Luton,Sheffield United,2,0.0,0.0,0.0,0,0.48026114335139325,0.23658251826362306,0.2831563383849838,0,0.5622099881900015,0.24131889778738164,0.19647111402261697,0,0.3891080331560914,0.2183475266038015,0.3925444402401071,2,0.3372198999638267,0.1081577010767112,0.5546223989594622,2
2023-24,15,2024-02-11,West Ham United,Arsenal,2,0.0,0.0,0.0,0,0.3345170145034694,0.24619725934760267,0.41928572614892806,2,0.30684913184183493,0.2428604230357697,0.4502904451223953,2,0.29691864217249764,0.07947157377670676,0.6236097840507956,2,0.10096252500579574,0.07348974867442798,0.8255477263197762,2
2023-24,15,2024-02-11,Aston Villa,Manchester United,2,0.0,0.0,0.0,0,0.47306229389283083,0.23894925736381262,0.28798844874335666,0,0.5059569701343628,0.23771849372608955,0.25632453613954764,0,0.2510744021611531,0.19946818135522684,0.54945741648362,2,0.2705225187632797,0.04727339433144932,0.682204086905271,2
2023-24,15,2024-02-12,Crystal Palace,Chelsea,2,0.0,0.0,0.0,0,0.3837271451663465,0.24597697718246492,0.3702958776511887,0,0.39315218909152083,0.25605600995435784,0.3507918009541212,0,0.13763408832300664,0.20848288631184073,0.6538830253651526,2,0.34451582350117027,0.14149523640835843,0.5139889400904714,2
2023-24,15,2024-02-17,Nottingham Forest,West Ham United,0,0.0,0.0,0.0,0,0.4163530549055865,0.2444003364607716,0.33924660863364187,0,0.31367955229283423,0.25452197304439994,0.43179847466276594,2,0.500445509993954,0.23726079582347195,0.2622936941825739,0,0.6108784652001983,0.07626490142178353,0.31285663337801817,0
2023-24,15,2024-02-17,Newcastle United,Bournemouth,1,0.0,0.0,0.0,0,0.49259775955765894,0.23447436894930215,0.2729278714930389,0,0.6516607407684547,0.2088989341735754,0.13944032505796985,0,0.33210990830254444,0.5560721308679227,0.11181796082953281,1,0.3490578946235977,0.5622042351814645,0.08873787019493784,1
2023-24,15,2024-02-17,Tottenham,Wolverhampton Wanderers,2,0.0,0.0,0.0,0,0.5983636693486053,0.21100977414176453,0.1906265565096302,0,0.6662763207820935,0.20226231192589653,0.13146136729200997,0,0.4565887495339804,0.29950999274696777,0.2439012577190519,0,0.2876862120858564,0.18749031167618346,0.5248234762379601,2
2023-24,15,2024-02-17,Burnley,Arsenal,2,0.0,0.0,0.0,0,0.25678315446107514,0.23121742135163223,0.5119994241872927,2,0.08927523416765633,0.16945769944960964,0.7412670663827341,2,0.14986013577954718,0.10231939239223012,0.7478204718282226,2,0.07894042475309726,0.1418395604081792,0.7792200148387236,2
2023-24,15,2024-02-17,Brentford,Liverpool,2,0.0,0.0,0.0,0,0.3058929537753985,0.2419207105215903,0.45218633570301126,2,0.2149821841925892,0.22435666079918173,0.560661155008229,2,0.24400162832109376,0.24062736734003465,0.5153710043388716,2,0.2696120994094315,0.15946844827576856,0.5709194523147999,2
2023-24,15,2024-02-17,Fulham,Aston Villa,2,0.0,0.0,0.0,0,0.3181423685728607,0.24343958525837933,0.43841804616876007,2,0.3094729779144568,0.2494030259874376,0.4411239960981056,2,0.30047164863264364,0.22226794375981554,0.47726040760754074,2,0.16030671580447198,0.08745406672415885,0.7522392174713692,2
2023-24,15,2024-02-17,Manchester City,Chelsea,1,0.0,0.0,0.0,0,0.6500079274281982,0.1933697129839842,0.15662235958781753,0,0.8226318907685282,0.13030719124173043,0.047060917989741435,0,0.7204787896013762,0.1961222306938074,0.08339897970481631,0,0.539995938998069,0.361366150402169,0.09863791059976204,0
2023-24,15,2024-02-18,Luton,Manchester United,2,0.0,0.0,0.0,0,0.2998357120263976,0.2409461560599072,0.45921813191369526,2,0.23480546713503547,0.23616677070180314,0.5290277621631614,2,0.23122599851807624,0.1643979529076096,0.604376048574314,2,0.11051734440357612,0.054899558845675836,0.834583096750748,2
2023-24,15,2024-02-18,Sheffield United,Brighton and Hove Albion,2,0.0,0.0,0.0,0,0.32669316510234203,0.24475530605644027,0.4285515288412178,2,0.18763065342569893,0.22867597047031546,0.5836933761039856,2,0.13436270698441294,0.3352590341177588,0.5303782588978283,2,0.14829854402816622,0.24931063587605726,0.6023908200957765,2
2023-24,15,2024-02-19,Everton,Crystal Palace,1,0.0,0.0,0.0,0,0.45984192728275053,0.24119462925104102,0.2989634434662085,0,0.4840499319762049,0.25120408714754155,0.26474598087625345,0,0.1606103578807589,0.5567137971782545,0.2826758449409864,1,0.23465987498068516,0.6631048904669926,0.10223523455232227,1
2023-24,15,2024-02-20,Manchester City,Brentford,0,0.0,0.0,0.0,0,0.6779795977402983,0.18368941690763255,0.1383309853520691,0,0.8468143791512003,0.11719167626685346,0.03599394458194611,0,0.8295969784218747,0.09552751098030308,0.07487551059782216,0,0.9110692863530333,0.030651370783157897,0.05827934286380877,0
2023-24,15,2024-02-21,Liverpool,Luton,0,0.0,0.0,0.0,0,0.6600105955016727,0.18874001006598715,0.15124939443234023,0,0.8274413677295884,0.12933969018842045,0.04321894208199105,0,0.6563540206112122,0.3114200198842637,0.032225959504524206,0,0.8431477540642206,0.12399709663299789,0.03285514930278145,0
2023-24,15,2024-02-24,Aston Villa,Nottingham Forest,0,0.0,0.0,0.0,0,0.5390700768861335,0.22488824893505513,0.2360416741788114,0,0.6824695982263664,0.197959327303825,0.11957107446980847,0,0.7651027550323619,0.1019565201544462,0.1329407248131918,0,0.8369078821175275,0.12068748318027471,0.04240463470219755,0
2023-24,15,2024-02-24,Brighton and Hove Albion,Everton,1,0.0,0.0,0.0,0,0.5221494402602329,0.22948077793021487,0.2483697818095521,0,0.5815832720314104,0.2292326943253809,0.18918403364320877,0,0.424608071533816,0.23182857814369798,0.34356335032248597,0,0.3638859985901582,0.5558807605374878,0.08023324087235398,1
2023-24,15,2024-02-24,Crystal Palace,Burnley,0,0.0,0.0,0.0,0,0.5079115339927661,0.2324051384221861,0.25968332758504775,0,0.5336680677498078,0.24620204518348057,0.2201298870667116,0,0.7491864307969959,0.09327203077536897,0.15754153842763524,0,0.7597433809991697,0.11651306512618718,0.12374355387464298,0
2023-24,15,2024-02-24,Manchester United,Fulham,2,0.0,0.0,0.0,0,0.5917628095176862,0.21185450628908067,0.1963826841932332,0,0.7137950864589766,0.1850281633407524,0.10117675020027113,0,0.5663597737877182,0.08367555149794254,0.34996467471433934,0,0.4586572283160084,0.05444405372410924,0.4868987179598823,2
2023-24,15,2024-02-24,Bournemouth,Manchester City,2,0.0,0.0,0.0,0,0.23120495556852738,0.22372417647678594,0.5450708679546867,2,0.11480977905962031,0.18141478442937362,0.703775436511006,2,0.13752022677924716,0.13671573260358744,0.7257640406171654,2,0.09256885238478998,0.12604104418103032,0.7813901034341796,2
2023-24,15,2024-02-24,Arsenal,Newcastle United,0,0.0,0.0,0.0,0,0.47067872422845036,0.2388934671705887,0.29042780860096096,0,0.7102008164896816,0.18237611894245287,0.10742306456786557,0,0.6898833955017808,0.21982207258142084,0.09029453191679851,0,0.833015619760849,0.08323823008633734,0.08374615015281356,0
2023-24,15,2024-02-25,Wolverhampton Wanderers,Sheffield United,0,0.0,0.0,0.0,0,0.5856080255597869,0.21473320056117787,0.19965877387903513,0,0.6605744796729914,0.2105766707386221,0.12884884958838635,0,0.8678702210991863,0.045894250400861106,0.0862355284999526,0,0.8830042320166003,0.08868122614921009,0.028314541834189664,0
2023-24,15,2024-02-26,West Ham United,Brentford,0,0.0,0.0,0.0,0,0.44952516134578624,0.24059817666203387,0.3098766619921799,0,0.4652036870426802,0.25086704087518286,0.283929272082137,0,0.62103005336538,0.15718526814561584,0.22178467848900424,0,0.7895295405569848,0.054606374294653634,0.1558640851483616,0
2023-24,15,2024-03-02,Luton,Aston Villa,2,0.0,0.0,0.0,0,0.29737461113049646,0.240321860141284,0.4623035287282196,2,0.23727679579135882,0.23792749037562114,0.52479571383302,2,0.3688416505461565,0.09368009135067007,0.5374782581031734,2,0.12230104614584822,0.05537951877597938,0.8223194350781724,2
2023-24,15,2024-03-02,Tottenham,Crystal Palace,0,0.0,0.0,0.0,0,0.5193421359001887,0.2306203273550385,0.2500375367447729,0,0.6685758750691485,0.2025875624647134,0.1288365624661381,0,0.856053358706387,0.10927434560319127,0.03467229569042176,0,0.9173577278385102,0.051167035468704616,0.03147523669278518,0
2023-24,15,2024-03-02,Nottingham Forest,Liverpool,2,0.0,0.0,0.0,0,0.2766387940840075,0.23789894472229073,0.48546226119370167,2,0.13712242819082882,0.19640887745741908,0.6664686943517522,2,0.14235725129078294,0.07255875797900407,0.785083990730213,2,0.12413880737117364,0.06702714042369617,0.8088340522051303,2
2023-24,15,2024-03-02,Fulham,Brighton and Hove Albion,0,0.0,0.0,0.0,0,0.41478994717937157,0.24502869947699196,0.34018135334363664,0,0.34451912371794,0.2536449774527461,0.4018358988293139,2,0.45366327805631884,0.29489967286424373,0.2514370490794375,0,0.6970073000000552,0.06063991086385971,0.24235278913608513,0
2023-24,15,2024-03-02,Everton,West Ham United,2,0.0,0.0,0.0,0,0.4228735418923365,0.24438602677023497,0.3327404313374285,0,0.396754295015586,0.2561159357167696,0.3471297692676444,0,0.26069836208373687,0.22920501158698556,0.5100966263292775,2,0.12230220173388662,0.134516158246088,0.7431816400200254,2
2023-24,15,2024-03-02,Brentford,Chelsea,1,0.0,0.0,0.0,0,0.42762512206459896,0.24400291382972542,0.3283719641056757,0,0.3843624079294336,0.25482880986460904,0.3608087822059572,0,0.2567058627155047,0.4145514554049037,0.32874268187959155,1,0.21200598127280573,0.6186393965191058,0.1693546222080884,1
2023-24,15,2024-03-02,Newcastle United,Wolverhampton Wanderers,0,0.0,0.0,0.0,0,0.5033787557076577,0.23284240173739337,0.26377884255494904,0,0.5488964303013796,0.23485634033357028,0.21624722936505023,0,0.6914182061353241,0.16270248205987772,0.14587931180479813,0,0.7259062937472329,0.07156929643795516,0.2025244098148118,0
2023-24,15,2024-03-03,Burnley,Bournemouth,2,0.0,0.0,0.0,0,0.314710651448625,0.2435593021940785,0.4417300463572966,2,0.3373227708559978,0.2616148924680343,0.4010623366759678,2,0.2504597716826389,0.24774942765596417,0.5017908006613969,2,0.19357811781071055,0.28640482645573295,0.5200170557335565,2
2023-24,15,2024-03-03,Manchester City,Manchester United,0,0.0,0.0,0.0,0,0.5766935138079184,0.21580355366504594,0.20750293252703558,0,0.7519775079543166,0.1629367737782573,0.0850857182674262,0,0.6815096340555867,0.16894211504527895,0.14954825089913432,0,0.7978391437778819,0.10787248674554617,0.09428836947657193,0
2023-24,15,2024-03-04,Sheffield United,Arsenal,2,0.0,0.0,0.0,0,0.2409908477252665,0.22969656367574728,0.5293125885989861,2,0.0807831394486502,0.16348607491375675,0.755730785637593,2,0.10896755256501683,0.039749077989268675,0.8512833694457145,2,0.10665712437890484,0.10053324053896469,0.7928096350821304,2
2023-24,15,2024-03-09,Manchester United,Everton,0,0.0,0.0,0.0,0,0.5818974214920393,0.21533236386417207,0.2027702146437888,0,0.6838844224991175,0.19677574757170616,0.11933982992917641,0,0.8260324647004302,0.13082431482852497,0.04314322047104478,0,0.9057797006061942,0.045124221774284955,0.049096077619521006,0
2023-24,15,2024-03-09,Bournemouth,Sheffield United,1,0.0,0.0,0.0,0,0.499187457572263,0.23388272059233123,0.2669298218354057,0,0.583177929327078,0.23577370109784712,0.18104836957507492,0,0.5388097940246002,0.3186469999471109,0.14254320602828902,0,0.5119541611192705,0.3644114124645788,0.1236344264161507,0
2023-24,15,2024-03-09,Crystal Palace,Luton,1,0.0,0.0,0.0,0,0.47286943322201375,0.23662995248935148,0.2905006142886349,0,0.4553444797558886,0.2559948866705664,0.288660633573545,0,0.25478394609102184,0.49131891982092357,0.2538971340880547,1,0.2450727005396802,0.621192433705644,0.13373486575467575,1
2023-24,15,2024-03-09,Wolverhampton Wanderers,Fulham,0,0.0,0.0,0.0,0,0.4883481008613317,0.23722601642157853,0.2744258827170899,0,0.5093883506341177,0.2455913825688138,0.24502026679706856,0,0.5447233857765901,0.3324527416564749,0.12282387256693499,0,0.7364024637863493,0.16354284026793345,0.10005469594571721,0
2023-24,15,2024-03-09,Arsenal,Brentford,0,0.0,0.0,0.0,0,0.5448215657798097,0.22409347317717512,0.23108496104301535,0,0.7833504210703677,0.15215451242590092,0.0644950665037313,0,0.825807136658603,0.12090050386011127,0.05329235948128565,0,0.8769759285765453,0.08163794532958873,0.04138612609386595,0
2023-24,15,2024-03-10,Liverpool,Manchester City,1,0.0,0.0,0.0,0,0.4127044445929012,0.2431626711105653,0.34413288429653355,0,0.5113791548500369,0.22575314485001016,0.26286770029995293,0,0.31458639932802773,0.41593049219872913,0.26948310847324325,1,0.3132077202467806,0.45460434961174856,0.2321879301414709,1
2023-24,15,2024-03-10,West Ham United,Burnley,1,0.0,0.0,0.0,0,0.5410025741160572,0.22713811578518106,0.2318593100987618,0,0.6961425017791045,0.19654953618597942,0.10730796203491605,0,0.23997157364984004,0.7258843431967782,0.0341440831533817,1,0.37072744124970947,0.6098072452934664,0.019465313456824025,1
2023-24,15,2024-03-10,Brighton and Hove Albion,Nottingham Forest,0,0.0,0.0,0.0,0,0.5388634658458554,0.22671451724278682,0.23442201691135786,0,0.6197553913569551,0.22068553345473138,0.15955907518831353,0,0.5997509217408242,0.22244312462470514,0.17780595363447052,0,0.6731789569529745,0.22147743308293655,0.10534360996408912,0
2023-24,15,2024-03-10,Aston Villa,Tottenham,2,0.0,0.0,0.0,0,0.4656559829416903,0.23883785320368195,0.2955061638546278,0,0.5212182419890367,0.23506466631293,0.24371709169803338,0,0.47308838849772433,0.1643402209327899,0.3625713905694859,0,0.3299199372860783,0.15690263190088669,0.513177430813035,2
2023-24,15,2024-03-11,Chelsea,Newcastle United,0,0.0,0.0,0.0,0,0.3941675202687203,0.24592882563086746,0.35990365410041236,0,0.44532069993980616,0.24841764187864093,0.30626165818155293,0,0.41774956132045393,0.43758157923316143,0.1446688594463847,1,0.6219612527398258,0.24218465046571241,0.1358540967944616,0
2023-24,15,2024-03-13,Bournemouth,Luton,0,0.0,0.0,0.0,0,0.5118912806242808,0.23251611145520057,0.25559260792051863,0,0.48483693291118807,0.2527528552627718,0.26241021182604024,0,0.6868019509177454,0.08052090802959098,0.2326771410526636,0,0.8550020497619711,0.05517051814824592,0.0898274320897829,0
2023-24,15,2024-03-16,Burnley,Brentford,0,0.0,0.0,0.0,0,0.3523687825745528,0.24518301394891068,0.4024482034765366,2,0.2613617725375735,0.25110153222963805,0.4875366952327886,2,0.25515301328296014,0.12519781625755597,0.6196491704594839,2,0.49356647699914835,0.1004580396211278,0.4059754833797239,0
2023-24,15,2024-03-16,Luton,Nottingham Forest,1,0.0,0.0,0.0,0,0.4378907443035342,0.24382035102952035,0.3182889046669455,0,0.4214514919245099,0.260718734902,0.31782977317349015,0,0.4134184699208641,0.45549754897590294,0.131083981103233,1,0.2294345493519438,0.605113548913749,0.16545190173430704,1
2023-24,15,2024-03-16,Fulham,Tottenham,0,0.0,0.0,0.0,0,0.38642322511706995,0.24608003539367973,0.36749673948925027,0,0.27060976073658577,0.242634071215934,0.4867561680474801,2,0.6075410599107316,0.14949162419341752,0.24296731589585083,0,0.7405944474791043,0.0579509130311374,0.20145463948975834,0
2023-24,15,2024-03-17,West Ham United,Aston Villa,1,0.0,0.0,0.0,0,0.4331568833771529,0.24454530565166469,0.32229781097118226,0,0.3723956696641886,0.25090437227207657,0.3766999580637348,2,0.45334257772364694,0.2931223386257907,0.2535350836505624,0,0.16954632952626936,0.5326345465853898,0.29781912388834086,1
2023-24,15,2024-03-30,Brentford,Manchester United,1,0.0,0.0,0.0,0,0.36402835865092376,0.24454497811805453,0.3914266632310217,2,0.2558184447480876,0.23976221855326746,0.5044193366986449,2,0.22147890239981324,0.3210839250699182,0.4574371725302686,2,0.26355521951854993,0.5189631379389057,0.21748164254254443,1
2023-24,15,2024-03-30,Tottenham,Luton,0,0.0,0.0,0.0,0,0.6143157658832623,0.20466689101929783,0.1810173430974397,0,0.6973973538834568,0.19292844882772964,0.10967419728881345,0,0.729994228316372,0.06477125079628435,0.20523452088734379,0,0.6273326308573228,0.03855507772844478,0.3341122914142324,0
2023-24,15,2024-03-30,Sheffield United,Fulham,1,0.0,0.0,0.0,0,0.36821219362884816,0.24668425790357165,0.3851035484675802,2,0.23733694370957373,0.2466863681604763,0.51597668812995,2,0.2503695755739251,0.5319189509087154,0.21771147351735942,1,0.16250335649282274,0.5908751202471103,0.24662152326006695,1
2023-24,15,2024-03-30,Aston Villa,Wolverhampton Wanderers,0,0.0,0.0,0.0,0,0.4798802728329313,0.23728193913820247,0.28283778802886617,0,0.6214087202257295,0.21608829506128419,0.16250298471298635,0,0.7880406253692708,0.14290706713601967,0.06905230749470963,0,0.8798642192656952,0.05705829090751557,0.06307748982678903,0
2023-24,15,2024-03-30,Chelsea,Burnley,1,0.0,0.0,0.0,0,0.5841495530274978,0.21513227620879435,0.20071817076370785,0,0.6833612551424147,0.20068420069645446,0.11595454416113067,0,0.5228004873455252,0.3648366788271356,0.11236283382733918,0,0.2140675545272886,0.7536984368108441,0.03223400866186723,1
2023-24,15,2024-03-30,Bournemouth,Everton,0,0.0,0.0,0.0,0,0.47770856527969346,0.23970095685444806,0.28259047786585856,0,0.46705671065248544,0.25381581004031095,0.2791274793072038,0,0.7708729686031734,0.08915902215037765,0.13996800924644887,0,0.9115479848123105,0.06796160576510314,0.020490409422586345,0
2023-24,15,2024-03-30,Newcastle United,West Ham United,0,0.0,0.0,0.0,0,0.450631293272452,0.2412301653249816,0.30813854140256647,0,0.5612346576525629,0.2321365720337217,0.20662877031371546,0,0.5440918612591068,0.10793795553158195,0.3479701832093113,0,0.8373716601177785,0.024060098848124885,0.1385682410340965,0
2023-24,15,2024-03-30,Nottingham Forest,Crystal Palace,1,0.0,0.0,0.0,0,0.42416635019206267,0.24447309615089377,0.33136055365704337,0,0.4025135536233114,0.2596861751384303,0.3378002712382583,0,0.3775156282169437,0.4504082339308449,0.17207613785221157,1,0.11818476867247012,0.745765545331664,0.1360496859958659,1
2023-24,15,2024-03-31,Liverpool,Brighton and Hove Albion,0,0.0,0.0,0.0,0,0.5918332662342332,0.2112660658340634,0.19690066793170352,0,0.7537326036868917,0.16421933496631871,0.08204806134678963,0,0.8312459619697603,0.13026976009821828,0.03848427793202142,0,0.7721861001062047,0.170510044516109,0.05730385537768624,0
2023-24,15,2024-03-31,Manchester City,Arsenal,1,0.0,0.0,0.0,0,0.4500860137637091,0.24087708503135835,0.30903690120493266,0,0.6852793048251219,0.1860785883146618,0.12864210686021624,0,0.4600780194803806,0.3747834083774449,0.16513857214217464,0,0.12770195919195257,0.8185006154662421,0.05379742534180536,1
2023-24,15,2024-04-02,Newcastle United,Everton,1,0.0,0.0,0.0,0,0.5043165323542766,0.2332596403647046,0.26242382728101876,0,0.6359102992170286,0.21427837633055424,0.1498113244524171,0,0.45710440344200626,0.4277908689586605,0.11510472759933323,0,0.22583653840968682,0.7366064916630316,0.03755696992728178,1
2023-24,15,2024-04-02,Nottingham Forest,Fulham,0,0.0,0.0,0.0,0,0.35928909817390536,0.24416453328505955,0.3965463685410352,2,0.3519520665826837,0.2583360426551883,0.389711890762128,2,0.4232803639279569,0.13261057738804105,0.444109058684002,2,0.644750779140937,0.15991525813608265,0.1953339627229803,0
2023-24,15,2024-04-02,Bournemouth,Crystal Palace,0,0.0,0.0,0.0,0,0.4950385076194228,0.23558032271217064,0.2693811696684067,0,0.4589741088327883,0.2542542570246913,0.2867716341425205,0,0.7438807826108501,0.1351287794656628,0.12099043792348707,0,0.7921421724326952,0.14625323288117292,0.061604594686131754,0
2023-24,15,2024-04-02,Burnley,Wolverhampton Wanderers,1,0.0,0.0,0.0,0,0.4285926859800889,0.24353854691631766,0.3278687671035935,0,0.24050434789380987,0.24485753597472257,0.5146381161314675,2,0.1650075196085383,0.3043550926697721,0.5306373877216896,2,0.15136337250717857,0.4874604195960916,0.3611762078967298,1
2023-24,15,2024-04-02,West Ham United,Tottenham,1,0.0,0.0,0.0,0,0.3844791917420258,0.2442827373236432,0.37123807093433103,0,0.3250800009864991,0.24796255204147327,0.4269574469720277,2,0.252281014549034,0.4051302476346681,0.3425887378162979,1,0.12698750197474828,0.47391525971884896,0.3990972383064028,1
2023-24,15,2024-04-03,Arsenal,Luton,0,0.0,0.0,0.0,0,0.6111923351852493,0.20604358525376645,0.18276407956098426,0,0.8382760504900041,0.12352456034996467,0.03819938916003136,0,0.8376286769387488,0.04080154343460654,0.12156977962664477,0,0.9229823846799374,0.031778896626269836,0.045238718693792715,0
2023-24,15,2024-04-03,Brentford,Brighton and Hove Albion,1,0.0,0.0,0.0,0,0.3833372223513749,0.24596683078862522,0.37069594686,0,0.3608678896644545,0.25459986452572636,0.3845322458098192,2,0.3013604105791201,0.452861145450124,0.245778443970756,1,0.15586822810181533,0.7345901783490901,0.10954159354909451,1
2023-24,15,2024-04-03,Manchester City,Aston Villa,0,0.0,0.0,0.0,0,0.6155553806970684,0.20364760462990425,0.18079701467302733,0,0.7561132219836396,0.16113413276121288,0.08275264525514757,0,0.8345887898139603,0.12409711412698961,0.04131409605905,0,0.82968504369596,0.1107532744262072,0.05956168187783293,0
2023-24,15,2024-04-04,Liverpool,Sheffield United,0,0.0,0.0,0.0,0,0.6873510019380291,0.17769806610820335,0.13495093195376753,0,0.8724355979375206,0.10278657891564927,0.024777823146830205,0,0.6980482378346093,0.1361976183628454,0.16575414380254527,0,0.837716079429115,0.08121191630478418,0.08107200426610088,0
2023-24,15,2024-04-04,Chelsea,Manchester United,0,0.0,0.0,0.0,0,0.42116238318559346,0.24447936110515134,0.33435825570925515,0,0.39561355707308465,0.24901284417578795,0.3553735987511274,0,0.6376137590834032,0.18656588160348192,0.17582035931311474,0,0.6961070847879179,0.24362684486350644,0.06026607034857553,0
2023-24,15,2024-04-06,Wolverhampton Wanderers,West Ham United,2,0.0,0.0,0.0,0,0.4483036184088479,0.24325354435195437,0.3084428372391978,0,0.49171396149365854,0.24698147469441062,0.26130456381193073,0,0.5258898192074967,0.15472340702793475,0.31938677376456864,0,0.16144271661012913,0.09253203174988628,0.7460252516399845,2
2023-24,15,2024-04-06,Brighton and Hove Albion,Arsenal,2,0.0,0.0,0.0,0,0.3563639480391464,0.24691969625521684,0.3967163557056368,2,0.29358266178945863,0.2390703056677256,0.46734703254281584,2,0.14901819579785766,0.27075319019610167,0.5802286140060408,2,0.10979552360177991,0.28981824387443356,0.6003862325237865,2
2023-24,15,2024-04-06,Luton,Bournemouth,0,0.0,0.0,0.0,0,0.4554580399500058,0.24116376342096388,0.30337819662903037,0,0.3363525629808252,0.2586138658796399,0.4050335711395349,2,0.6683140319027011,0.14960170982280085,0.1820842582744981,0,0.7111116938820358,0.1852129300228714,0.10367537609509288,0
2023-24,15,2024-04-06,Aston Villa,Brentford,1,0.0,0.0,0.0,0,0.5265970881154881,0.2281102225924851,0.2452926892920268,0,0.6539910322949911,0.20712221544670797,0.13888675225830083,0,0.39707363243759797,0.16632850533823118,0.4365978622241709,2,0.5062127216633614,0.4071610328772059,0.08662624545943272,0
2023-24,15,2024-04-06,Everton,Burnley,0,0.0,0.0,0.0,0,0.4806961118171939,0.23789081583536673,0.28141307234743923,0,0.5421962745916808,0.24425008348321242,0.2135536419251067,0,0.6822686611065502,0.05063137020628154,0.2670999686871683,0,0.8373767757131773,0.026016126287147483,0.13660709799967533,0
2023-24,15,2024-04-06,Fulham,Newcastle United,2,0.0,0.0,0.0,0,0.3812623270692037,0.24585906079778105,0.37287861213301526,0,0.33483793012456237,0.2521825327267791,0.4129795371486586,2,0.18415530625343804,0.25916208020569576,0.5566826135408662,2,0.10988322267623973,0.26136225177857436,0.628754525545186,2
2023-24,15,2024-04-06,Crystal Palace,Manchester City,2,0.0,0.0,0.0,0,0.2562103907138063,0.2328739642305272,0.5109156450556664,2,0.12208897530714656,0.18563054004016516,0.6922804846526883,2,0.17178618307400867,0.050156756030535696,0.7780570608954557,2,0.13311118831981092,0.050510285877626356,0.8163785258025626,2
2023-24,15,2024-04-07,Manchester United,Liverpool,1,0.0,0.0,0.0,0,0.37685380208823394,0.2472835454951796,0.3758626524165865,0,0.3777631280530697,0.24135203890241605,0.3808848330445142,2,0.1646223707263994,0.6064215183534166,0.22895611092018392,1,0.17460038607140055,0.6785228736804788,0.14687674024812072,1
2023-24,15,2024-04-07,Sheffield United,Chelsea,1,0.0,0.0,0.0,0,0.33655275816290187,0.24460866359121636,0.4188385782458817,2,0.17078607076326158,0.22236302146434356,0.6068509077723948,2,0.1456845523932018,0.45725886180226294,0.39705658580453534,1,0.09159597269655466,0.7000129596502235,0.20839106765322182,1
2023-24,15,2024-04-07,Tottenham,Nottingham Forest,0,0.0,0.0,0.0,0,0.5578294691111212,0.22163890841585546,0.22053162247302333,0,0.7043575045174522,0.18982886213377398,0.10581363334877392,0,0.8714436986559347,0.09919566177401581,0.029360639570049318,0,0.8642629481586253,0.08964308593263771,0.046093965908737,0
2023-24,15,2024-04-13,Newcastle United,Tottenham,0,0.0,0.0,0.0,0,0.4520350979305915,0.24025559983899772,0.30770930223041065,0,0.43498988152358425,0.2459586418001681,0.3190514766762476,0,0.7692272103146478,0.07010854822517082,0.16066424146018138,0,0.8383460327367405,0.04806620830446901,0.1135877589587905,0
2023-24,15,2024-04-13,Brentford,Sheffield United,0,0.0,0.0,0.0,0,0.5202056111238096,0.23012307769310478,0.2496713111830857,0,0.6060192096401794,0.22872881530351016,0.16525197505631037,0,0.8391005860936306,0.047428541090939226,0.11347087281543018,0,0.7964906250030745,0.1284681187259419,0.07504125627098354,0
2023-24,15,2024-04-13,Burnley,Brighton and Hove Albion,1,0.0,0.0,0.0,0,0.3331632847146762,0.2419768012837181,0.42485991400160567,2,0.19219555872919655,0.22955240676540764,0.5782520345053959,2,0.28421910249032334,0.23441895716110336,0.4813619403485734,2,0.1905891177221616,0.5135339927577497,0.2958768895200887,1
2023-24,15,2024-04-13,Manchester City,Luton,0,0.0,0.0,0.0,0,0.7088730913179981,0.169457143733557,0.12166976494844482,0,0.8731173561426667,0.10145168848459475,0.025430955372738442,0,0.7608139923038041,0.1347372187096347,0.10444878898656125,0,0.6837884999019409,0.09397813322857201,0.22223336686948705,0
2023-24,15,2024-04-13,Nottingham Forest,Wolverhampton Wanderers,1,0.0,0.0,0.0,0,0.391982537457472,0.2471625434141124,0.3608549191284158,0,0.3828422773103035,0.25861113902088717,0.3585465836688093,0,0.4399246396909079,0.4141994063699216,0.14587595393917055,0,0.49601041625237097,0.3800281295490497,0.12396145419857944,0
2023-24,15,2024-04-13,Bournemouth,Manchester United,1,0.0,0.0,0.0,0,0.34330339257596165,0.2443533280984787,0.4123432793255595,2,0.28104046459922255,0.2447519968120439,0.4742075385887336,2,0.2369383330286293,0.34422778671355714,0.41883388025781343,2,0.26615596730581864,0.3950351572864644,0.3388088754077171,1
2023-24,15,2024-04-14,Arsenal,Aston Villa,2,0.0,0.0,0.0,0,0.5229760408925754,0.2296208811225552,0.24740307798486955,0,0.7150553954599991,0.17947015333216312,0.10547445120783777,0,0.3439285503202919,0.35159629955702765,0.30447515012268045,1,0.44271138630854406,0.2213722579662764,0.3359163557251795,0
2023-24,15,2024-04-14,Liverpool,Crystal Palace,2,0.0,0.0,0.0,0,0.6324818075839386,0.19787267625092395,0.16964551616513734,0,0.8154383529842222,0.13565184882489914,0.04890979819087879,0,0.6691648557801386,0.038062853357961175,0.2927722908619001,0,0.622855117803802,0.03401743362068761,0.3431274485755103,0
2023-24,15,2024-04-14,West Ham United,Fulham,2,0.0,0.0,0.0,0,0.5169506689883716,0.2307080885775597,0.25234124243406886,0,0.527251653590112,0.2423596244739716,0.23038872193591636,0,0.5242901429392117,0.1438286913679896,0.33188116569279874,0,0.34423101131954864,0.10930633914564476,0.5464626495348066,2
2023-24,15,2024-04-15,Chelsea,Everton,0,0.0,0.0,0.0,0,0.49971861726064304,0.2341644789220502,0.2661169038173067,0,0.5834593870594355,0.22931210240018043,0.187228510540384,0,0.7283109213367706,0.1396687007490346,0.13202037791419488,0,0.7327631105174665,0.12101472346136312,0.1462221660211705,0
2023-24,15,2024-04-20,Luton,Brentford,2,0.0,0.0,0.0,0,0.413139849873184,0.24473804224134124,0.3421221078854748,0,0.34337115258256473,0.25861880557311206,0.3980100418443232,2,0.2841112087921925,0.21274036250068384,0.5031484287071236,2,0.36733868909267486,0.1236621692430338,0.5089991416642914,2
2023-24,15,2024-04-20,Sheffield United,Burnley,2,0.0,0.0,0.0,0,0.43458083915090506,0.24258809185041755,0.3228310689986773,0,0.3222474977317395,0.2644929947452978,0.4132595075229627,2,0.2845582954657067,0.13477174882624185,0.5806699557080514,2,0.23185204821729094,0.08229375239302134,0.6858541993896877,2
2023-24,15,2024-04-20,Wolverhampton Wanderers,Arsenal,2,0.0,0.0,0.0,0,0.32291661428633733,0.24176215632002201,0.4353212293936408,2,0.1950322798976344,0.21883558242203596,0.5861321376803297,2,0.09053758692398788,0.12489673181004024,0.7845656812659718,2,0.023294011570466625,0.044190836205395045,0.9325151522241383,2
2023-24,15,2024-04-21,Everton,Nottingham Forest,0,0.0,0.0,0.0,0,0.47964755273851956,0.23732806446359417,0.28302438279788644,0,0.4698864531814075,0.2543084260457778,0.2758051207728147,0,0.7645090351223363,0.07905056288289172,0.156440401994772,0,0.812157396881516,0.06971666245306678,0.11812594066541712,0
2023-24,15,2024-04-21,Aston Villa,Bournemouth,0,0.0,0.0,0.0,0,0.5969945204084095,0.21009718897725835,0.19290829061433218,0,0.6642553474065039,0.20345721504984532,0.13228743754365077,0,0.6219425314721263,0.26909000449303644,0.10896746403483733,0,0.8368372574393012,0.12783294500275574,0.03532979755794307,0
2023-24,15,2024-04-21,Crystal Palace,West Ham United,0,0.0,0.0,0.0,0,0.4298817475746781,0.24469182406969514,0.32542642835562663,0,0.408236895859882,0.2561028647361159,0.3356602394040021,0,0.41036798347873576,0.34723992506683476,0.24239209145442953,0,0.6724220348315829,0.12204902197947436,0.20552894318894271,0
2023-24,15,2024-04-21,Fulham,Liverpool,2,0.0,0.0,0.0,0,0.2949027540218107,0.2410444648466553,0.4640527811315338,2,0.19498665220543507,0.21940163702629062,0.5856117107682743,2,0.1637929999720232,0.14529737972031034,0.6909096203076663,2,0.338492298712926,0.11061320371429448,0.5508944975727795,2
2023-24,15,2024-04-23,Arsenal,Chelsea,0,0.0,0.0,0.0,0,0.5262818227737242,0.2276729172753293,0.24604525995094656,0,0.7373300067248898,0.1715169920664374,0.09115300120867283,0,0.760535525439719,0.1815843384438724,0.05788013611640854,0,0.923041584771727,0.0627592849336889,0.014199130294583895,0
2023-24,15,2024-04-24,Manchester United,Sheffield United,0,0.0,0.0,0.0,0,0.6380447958674479,0.1966371960647725,0.16531800806777977,0,0.7709793296282724,0.16220073567911591,0.0668199346926116,0,0.737907721717405,0.16902400342119325,0.09306827486140164,0,0.6725108010335761,0.15943852110027312,0.16805067786615085,0
2023-24,15,2024-04-24,Everton,Liverpool,0,0.0,0.0,0.0,0,0.32206870342362615,0.24491090565026752,0.43302039092610634,2,0.18509409871318855,0.2158821047392636,0.5990237965475479,2,0.25839802346415036,0.16420533005388108,0.5773966464819685,2,0.38545165746534227,0.10133516055079293,0.5132131819838647,2
2023-24,15,2024-04-24,Wolverhampton Wanderers,Bournemouth,2,0.0,0.0,0.0,0,0.4602692049133277,0.24029493292264706,0.2994358621640253,0,0.47221825090467645,0.2520465091230176,0.2757352399723059,0,0.6149056793149892,0.09381281570433356,0.29128150498067723,0,0.3336395886971583,0.16542050587339485,0.5009399054294469,2
2023-24,15,2024-04-24,Crystal Palace,Newcastle United,0,0.0,0.0,0.0,0,0.37493549162691275,0.24651161092983417,0.37855289744325316,2,0.32183377477769326,0.2505111943392816,0.42765503088302514,2,0.362883661045921,0.09304972454391296,0.544066614410166,2,0.628198519565469,0.14249091381939322,0.22931056661513763,0
2023-24,15,2024-04-25,Brighton and Hove Albion,Manchester City,2,0.0,0.0,0.0,0,0.288108887756365,0.2395743942655955,0.4723167179780396,2,0.21143627921310182,0.21932178692559628,0.569241933861302,2,0.141038782600057,0.07514334976496712,0.7838178676349759,2,0.176572329155228,0.024642941616191003,0.7987847292285809,2
2023-24,15,2024-04-27,West Ham United,Liverpool,1,0.0,0.0,0.0,0,0.3495521248806071,0.24717642434677656,0.4032714507726163,2,0.22756517650010316,0.22862091080159028,0.5438139126983065,2,0.12855167706916545,0.27078928872463437,0.6006590342062001,2,0.1321527535099419,0.4589106560293643,0.4089365904606938,1
2023-24,15,2024-04-27,Fulham,Crystal Palace,1,0.0,0.0,0.0,0,0.48261666796879304,0.23858449156151346,0.2787988404696935,0,0.4455050309107924,0.2546646582049785,0.2998303108842292,0,0.4608418795657342,0.39927118448023524,0.13988693595403037,0,0.22686426261926257,0.6569068721408039,0.11622886523993356,1
2023-24,15,2024-04-27,Manchester United,Burnley,1,0.0,0.0,0.0,0,0.6382880101656632,0.19791959597545022,0.16379239385888672,0,0.7445749791229247,0.17376160205621044,0.08166341882086493,0,0.6907536266885108,0.25432782057795034,0.05491855273353883,0,0.6556227678276657,0.30999604184421325,0.03438119032812098,0
2023-24,15,2024-04-27,Newcastle United,Sheffield United,0,0.0,0.0,0.0,0,0.5382372629028056,0.22581853071356903,0.23594420638362518,0,0.7601816004914403,0.16798780152968293,0.0718305979788767,0,0.9079730569941189,0.049961991616301354,0.04206495138957959,0,0.7338933620445061,0.22906646623633822,0.03704017171915569,0
2023-24,15,2024-04-27,Wolverhampton Wanderers,Luton,0,0.0,0.0,0.0,0,0.48910825751373027,0.23500498914857604,0.2758867533376937,0,0.5128545732463343,0.24819699940097417,0.2389484273526916,0,0.34355893518375197,0.2933903021268835,0.3630507626893646,2,0.4968697531571333,0.2178007502101726,0.28532949663269425,0
2023-24,15,2024-04-27,Everton,Brentford,0,0.0,0.0,0.0,0,0.4874554079095484,0.23669101107407334,0.2758535810163783,0,0.4348466028063581,0.25468170995036854,0.31047168724327323,0,0.7314339109180379,0.15535788333048156,0.11320820575148044,0,0.8963166379018249,0.034697980092512494,0.06898538200566277,0
2023-24,15,2024-04-27,Aston Villa,Chelsea,1,0.0,0.0,0.0,0,0.4949444041331602,0.23416384332060033,0.27089175254623943,0,0.5846427843795754,0.22425203906984342,0.1911051765505812,0,0.5121800201414103,0.34380323522117173,0.14401674463741787,0,0.4269846824403716,0.401098719066457,0.1719165984931714,0
2023-24,15,2024-04-28,Tottenham,Arsenal,2,0.0,0.0,0.0,0,0.37931932173026056,0.24519126877935288,0.37548940949038656,0,0.364535567082661,0.24183108727629524,0.39363334564104374,2,0.3092011445845891,0.14966040212271253,0.5411384532926984,2,0.345748375737878,0.10347384528620827,0.5507777789759137,2
2023-24,15,2024-04-28,Bournemouth,Brighton and Hove Albion,0,0.0,0.0,0.0,0,0.43276484781265967,0.24356156617576563,0.32367358601157475,0,0.3886896552584001,0.2550738224739694,0.3562365222676305,0,0.6993207127480179,0.1220088007390821,0.1786704865129,0,0.7157151070088318,0.24374068994983233,0.040544203041335866,0
2023-24,15,2024-04-28,Nottingham Forest,Manchester City,2,0.0,0.0,0.0,0,0.20482057357284703,0.21644116141077252,0.5787382650163806,2,0.09425126806404258,0.16831210208628392,0.7374366298496734,2,0.10896755256501683,0.039749077989268675,0.8512833694457145,2,0.05857199764351774,0.02543906673907138,0.9159889356174108,2
2023-24,15,2024-05-02,Chelsea,Tottenham,0,0.0,0.0,0.0,0,0.4298120910106902,0.24337299122840783,0.32681491776090194,0,0.43610824811379856,0.24760745635365936,0.3162842955325421,0,0.5093081956344013,0.20202928207140056,0.28866252229419814,0,0.7209711475095996,0.129731406983151,0.1492974455072494,0
2023-24,15,2024-05-03,Luton,Everton,1,0.0,0.0,0.0,0,0.3910688421003765,0.2459405712312574,0.36299058666836614,0,0.3172879378853719,0.2571193361736268,0.4255927259410013,2,0.09403863047930898,0.5606754075508266,0.34528596196986433,1,0.08998957128970733,0.689274404902796,0.22073602380749668,1
2023-24,15,2024-05-04,Arsenal,Bournemouth,0,0.0,0.0,0.0,0,0.6539868693178157,0.1910109348351745,0.15500219584700975,0,0.7878788683052884,0.14949780297876586,0.06262332871594556,0,0.7962045364781284,0.17126587754430642,0.03252958597756519,0,0.9164904685056342,0.06689310723283903,0.016616424261526774,0
2023-24,15,2024-05-04,Brentford,Fulham,1,0.0,0.0,0.0,0,0.4577607825747638,0.24131853808936585,0.3009206793358704,0,0.47085287559225464,0.2522558013034512,0.2768913231042941,0,0.3029419459436548,0.5582191528335877,0.13883890122275758,1,0.11023241398537631,0.8000652745084986,0.08970231150612495,1
2023-24,15,2024-05-04,Burnley,Newcastle United,2,0.0,0.0,0.0,0,0.37509476475186965,0.24778296237355213,0.3771222728745782,2,0.23066031397077727,0.2388093569386747,0.5305303290905481,2,0.1583719158932763,0.4274089597993956,0.41421912430732816,1,0.0678520888398454,0.10383108056411205,0.8283168305960424,2
2023-24,15,2024-05-04,Sheffield United,Nottingham Forest,2,0.0,0.0,0.0,0,0.3483232539707043,0.2455305197191964,0.4061462263100993,2,0.277435798279572,0.25808134590219184,0.4644828558182361,2,0.12051267977945941,0.09398108191845936,0.7855062383020812,2,0.07260739676251429,0.10850960371324657,0.8188829995242392,2
2023-24,15,2024-05-04,Manchester City,Wolverhampton Wanderers,0,0.0,0.0,0.0,0,0.6591534532851037,0.18846537740934918,0.1523811693055473,0,0.8469824956920019,0.11684641399731628,0.036171090310681685,0,0.7226930999816595,0.2576912011579097,0.019615698860430766,0,0.7899403983109394,0.17582294813640437,0.03423665355265612,0
2023-24,15,2024-05-05,Brighton and Hove Albion,Aston Villa,0,0.0,0.0,0.0,0,0.35293466990420436,0.24670689522140257,0.40035843487439304,2,0.3968974061145233,0.25001887432638686,0.3530837195590898,0,0.4328601885060555,0.332253036347305,0.23488677514663944,0,0.4550117409511608,0.3216396600332598,0.2233485990155793,0
2023-24,15,2024-05-05,Chelsea,West Ham United,0,0.0,0.0,0.0,0,0.48894299571556143,0.23616194203856491,0.2748950622458737,0,0.5572649839471585,0.23375498252531077,0.20898003352753078,0,0.7637591813667537,0.11216787987259651,0.12407293876064977,0,0.7816617083842466,0.05018109328503321,0.16815719833072001,0
2023-24,15,2024-05-05,Liverpool,Tottenham,0,0.0,0.0,0.0,0,0.5051421302883419,0.2318417972502764,0.2630160724613818,0,0.6909625680083278,0.18879146735624489,0.12024596463542733,0,0.768462799826757,0.17228822671125274,0.059248973461990165,0,0.8689056067722043,0.05801393951019097,0.07308045371760459,0
2023-24,15,2024-05-06,Crystal Palace,Manchester United,0,0.0,0.0,0.0,0,0.356164816313571,0.2453163059394839,0.39851887774694505,2,0.31721476735081244,0.24893786391881684,0.4338473687303706,2,0.29996187324216766,0.1742276718626107,0.5258104548952216,2,0.4855616875954765,0.266372355835305,0.24806595656921854,0
2023-24,15,2024-05-11,West Ham United,Luton,0,0.0,0.0,0.0,0,0.4724437082394012,0.23802594998263066,0.28953034177796816,0,0.5681814758597017,0.23645028573655588,0.19536823840374237,0,0.6133011605186819,0.2788459900477217,0.10785284943359645,0,0.6561176128157292,0.20592083933859423,0.1379615478456766,0
2023-24,15,2024-05-11,Wolverhampton Wanderers,Crystal Palace,2,0.0,0.0,0.0,0,0.4414780672746279,0.24197328574780422,0.31654864697756807,0,0.41968055526025866,0.25532761888458644,0.32499182585515485,0,0.20781954223244445,0.21580313908175552,0.5763773186858,2,0.1994845306533412,0.17103285946721328,0.6294826098794455,2
2023-24,15,2024-05-11,Tottenham,Burnley,0,0.0,0.0,0.0,0,0.5799998906116749,0.2155196869347209,0.2044804224536043,0,0.7171554437668445,0.1859653559565149,0.09687920027664063,0,0.7373447385073174,0.20464468809824646,0.05801057339443614,0,0.8166661079224964,0.1416253984281554,0.04170849364934826,0
2023-24,15,2024-05-11,Nottingham Forest,Chelsea,2,0.0,0.0,0.0,0,0.321119998354334,0.24265604676945107,0.43622395487621485,2,0.26962478332593093,0.24631692775654296,0.48405828891752617,2,0.18645894949571123,0.17620864097711664,0.6373324095271722,2,0.10583006027761994,0.11048175658393622,0.7836881831384439,2
2023-24,15,2024-05-11,Everton,Sheffield United,0,0.0,0.0,0.0,0,0.580840146538961,0.21533053908659489,0.2038293143744439,0,0.6405694163950428,0.21866082701359466,0.1407697565913624,0,0.48382486724882856,0.46910726790710244,0.04706786484406897,0,0.7263633686578912,0.20122726467322793,0.07240936666888087,0
2023-24,15,2024-05-11,Bournemouth,Brentford,2,0.0,0.0,0.0,0,0.45540521190781413,0.24109539229021212,0.30349939580197366,0,0.4506781233191029,0.25380599440074386,0.2955158822801532,0,0.38216910575864155,0.2089314312910192,0.40889946295033924,2,0.22564064084831087,0.09200895273896657,0.6823504064127226,2
2023-24,15,2024-05-11,Fulham,Manchester City,2,0.0,0.0,0.0,0,0.2940982077207772,0.23939261235059334,0.4665091799286294,2,0.11421874119186243,0.179640735928593,0.7061405228795445,2,0.18968530875416764,0.22957584263890007,0.5807388486069323,2,0.07517203502189329,0.04673877015659354,0.878089194821513,2
2023-24,15,2024-05-11,Newcastle United,Brighton and Hove Albion,1,0.0,0.0,0.0,0,0.4947967226923241,0.2342069365594725,0.2709963407482034,0,0.5570036535570672,0.2318326409602217,0.2111637054827112,0,0.222264460480462,0.5151896876164697,0.26254585190306823,1,0.18231572053708034,0.6565808530637669,0.16110342639915268,1
2023-24,15,2024-05-12,Manchester United,Arsenal,2,0.0,0.0,0.0,0,0.3545110676609344,0.24533217106175714,0.4001567612773085,2,0.3342484047863662,0.24051568451470762,0.4252359106989262,2,0.1404208055059134,0.16637368392916038,0.6932055105649263,2,0.2284772484389417,0.1930432120291078,0.5784795395319505,2
2023-24,15,2024-05-13,Aston Villa,Liverpool,1,0.0,0.0,0.0,0,0.3609765419162849,0.24498079828516206,0.394042659798553,2,0.3763169349138383,0.2423254864231298,0.381357578663032,2,0.277995288126217,0.2685628269789548,0.45344188489482834,2,0.20152829139024925,0.6228438651760989,0.17562784343365187,1
2023-24,15,2024-05-14,Tottenham,Manchester City,2,0.0,0.0,0.0,0,0.3509732077563694,0.2467341119204189,0.40229268032321147,2,0.2641481976331979,0.22899668619562916,0.5068551161711728,2,0.13224998485516254,0.11886227333496176,0.7488877418098757,2,0.08382306291717315,0.08504888900191081,0.831128048080916,2
2023-24,15,2024-05-15,Brighton and Hove Albion,Chelsea,2,0.0,0.0,0.0,0,0.35525380349650304,0.2447614913974776,0.39998470510601924,2,0.42605845488416955,0.25001604919804826,0.3239254959177823,0,0.4184595559458886,0.10806749532312847,0.473472948730983,2,0.16499340159424097,0.039213987654709556,0.7957926107510495,2
2023-24,15,2024-05-15,Manchester United,Newcastle United,0,0.0,0.0,0.0,0,0.3936264024475382,0.24546751804702363,0.36090607950543807,0,0.5143667879441135,0.23828964685104814,0.24734356520483844,0,0.6772044963623518,0.18123308639475832,0.14156241724288976,0,0.6457487578306806,0.17123050012330182,0.18302074204601748,0
2023-24,15,2024-05-19,Sheffield United,Tottenham,2,0.0,0.0,0.0,0,0.283948620380392,0.23948716043550627,0.47656421918410186,2,0.13154831118695703,0.20354334912251407,0.6649083396905289,2,0.14293912325038224,0.07250953013121446,0.7845513466184033,2,0.10465474522990538,0.053847720809002374,0.8414975339610922,2
2023-24,15,2024-05-19,Manchester City,West Ham United,0,0.0,0.0,0.0,0,0.5881854280587699,0.2115211699281164,0.20029340201311358,0,0.8507079581909054,0.11429929195964784,0.034992749849446704,0,0.7735627388825431,0.04625022282006274,0.1801870382973941,0,0.8632473982523976,0.07450863146942555,0.06224397027817673,0
2023-24,15,2024-05-19,Luton,Fulham,2,0.0,0.0,0.0,0,0.41139793076812914,0.24549887500048967,0.343103194231381,0,0.3335443290781488,0.25945290240433294,0.40700276851751815,2,0.3890814365342451,0.2528634295035927,0.35805513396216215,0,0.11874716830192733,0.2603756257925812,0.6208772059054914,2
2023-24,15,2024-05-19,Crystal Palace,Aston Villa,0,0.0,0.0,0.0,0,0.4086861282734128,0.24292266982782815,0.34839120189875916,0,0.3133863795828284,0.24717611228783457,0.4394375081293371,2,0.33381041982879117,0.37905736613460195,0.2871322140366069,1,0.50559096470278,0.333475810863717,0.16093322443350297,0
2023-24,15,2024-05-19,Liverpool,Wolverhampton Wanderers,0,0.0,0.0,0.0,0,0.6097374044882686,0.20538572349090198,0.1848768720208293,0,0.7834609619608879,0.15218901332169413,0.06435002471741795,0,0.837035898180972,0.11130292997918158,0.0516611718398464,0,0.912476783774997,0.06032734370963489,0.02719587251536795,0
2023-24,15,2024-05-19,Burnley,Nottingham Forest,2,0.0,0.0,0.0,0,0.4439218737871045,0.24264761446886024,0.31343051174403525,0,0.361272605265616,0.26307090251274917,0.3756564922216348,2,0.24590290765324124,0.12081730108080656,0.6332797912659522,2,0.09628387458792395,0.06786387040817594,0.8358522550039001,2
2023-24,15,2024-05-19,Brighton and Hove Albion,Manchester United,2,0.0,0.0,0.0,0,0.3728633951986764,0.24485008979808437,0.38228651500323924,2,0.387441543796536,0.25079263694186416,0.36176581926159995,0,0.2775536412858993,0.18131905879611454,0.5411272999179861,2,0.16366817547350757,0.14786795621405505,0.6884638683124373,2
2023-24,15,2024-05-19,Brentford,Newcastle United,2,0.0,0.0,0.0,0,0.3649630841650126,0.24549872042478108,0.3895381954102065,2,0.3580904605656808,0.2523542163400134,0.3895553230943058,2,0.27231398201765245,0.26198691653530604,0.4656991014470415,2,0.1552205538847412,0.07291912967863645,0.7718603164366223,2
2023-24,15,2024-05-19,Arsenal,Everton,0,0.0,0.0,0.0,0,0.6404667749148238,0.19616958741176013,0.16336363767341605,0,0.8075655287375968,0.13923708044507344,0.05319739081732981,0,0.8256889953506862,0.08461742029184141,0.08969358435747232,0,0.879994994042418,0.0734125572717713,0.046592448685810646,0
2023-24,15,2024-05-19,Chelsea,Bournemouth,0,0.0,0.0,0.0,0,0.4847733895245777,0.23653778218927288,0.2786888282861494,0,0.6385097186711329,0.21263120658820187,0.1488590747406652,0,0.5884344943653077,0.2659818881645354,0.14558361747015686,0,0.7559733234577246,0.17111698932433397,0.0729096872179414,0
2024-25,15,2024-08-16,Manchester United,Fulham,0,0.609758021985597,0.23004287127532974,0.16019910673907317,0,0.5927083978211352,0.21197766199865475,0.1953139401802101,0,0.6500751868213189,0.20818683833890939,0.1417379748397716,0,0.6242041343192803,0.23154852355023828,0.14424734213048138,0,0.7626131691976875,0.150660659363814,0.08672617143849841,0
2024-25,15,2024-08-17,West Ham United,Aston Villa,2,0.3824574635946997,0.25277887605391663,0.36476366035138374,0,0.4431525702344704,0.24381279696199495,0.3130346328035347,0,0.35840113008032276,0.2515110344109028,0.39008783550877446,2,0.5513654871012906,0.18381752103468074,0.26481699186402863,0,0.18092673580237767,0.20838736860333193,0.6106858955942903,2
2024-25,15,2024-08-17,Nottingham Forest,Bournemouth,1,0.44068252537916075,0.2511210750855855,0.3081963995352537,0,0.42107406102241896,0.24456594353507408,0.33435999544250694,0,0.39631543403480446,0.25928244494581976,0.3444021210193758,0,0.555090109679967,0.21483956132550808,0.23007032899452493,0,0.22067680807514095,0.4180011722312834,0.36132201969357575,1
2024-25,15,2024-08-17,Newcastle United,Southampton,0,0.7065931768536464,0.1957242346908451,0.09768258845550841,0,0.612116167547764,0.2063232807544788,0.18156055169775714,0,0.7419867289008566,0.17569956463509195,0.08231370646405145,0,0.8655474718041162,0.09074657204398501,0.04370595615189892,0,0.8250956049288423,0.1343306000601873,0.04057379501097028,0
2024-25,15,2024-08-17,Everton,Brighton and Hove Albion,2,0.45203938016360395,0.23183813792350053,0.3161224819128956,0,0.4823240732154529,0.23758308177549656,0.2800928450090505,0,0.43180251533753744,0.25354482311374016,0.3146526615487225,0,0.48101441812939294,0.19893042014410448,0.3200551617265026,0,0.8331759919887529,0.028784925241158707,0.13803908277008847,0
2024-25,15,2024-08-17,Ipswich Town,Liverpool,2,0.19168696570125948,0.28181219836274923,0.5265008359359915,2,0.30461534010105423,0.2408817701527332,0.45450288974621256,2,0.16939047594748308,0.21038818337397752,0.6202213406785394,2,0.09606885514364746,0.5142539826155919,0.38967716224076066,1,0.20681355862694292,0.4461834471657214,0.34700299420733577,1
2024-25,15,2024-08-17,Arsenal,Wolverhampton Wanderers,0,0.7356542875858467,0.18648758012197547,0.0778581322921778,0,0.5596798236248912,0.21828324939976967,0.22203692697533922,0,0.80641039668947,0.14011251845609557,0.053477084854434316,0,0.8398100479384976,0.11248214146219848,0.04770781059930404,0,0.7920292435148996,0.1644180387354281,0.04355271774967237,0
2024-25,15,2024-08-18,Brentford,Crystal Palace,0,0.40193939019122854,0.25667326712333527,0.3413873426854362,0,0.4308632210726113,0.24231849941549166,0.326818279511897,0,0.38738207434828825,0.2552160937316482,0.3574018319200634,0,0.2563780539177451,0.23527987110921947,0.5083420749730354,2,0.5703781358584195,0.18898100834129758,0.24064085580028305,0
2024-25,15,2024-08-18,Chelsea,Manchester City,2,0.2510582606470888,0.22536271572437766,0.5235790236285336,2,0.32144889014464917,0.2429004163564432,0.43565069349890756,2,0.24431724755896064,0.22429523410200095,0.5313875183390384,2,0.3237447662870089,0.14079626816603433,0.5354589655469568,2,0.585928928793972,0.16997446140666073,0.24409660979936726,0
2024-25,15,2024-08-19,Leicester City,Tottenham,1,0.3691967515441178,0.23521633173524112,0.3955869167206411,2,0.37759947894175927,0.24876041523105263,0.373640105827188,0,0.3223013165179631,0.25177900598905695,0.42591967749298,2,0.47134101957487806,0.11848905577195415,0.41016992465316765,0,0.2837016418407889,0.15977942961011643,0.5565189285490947,2
2024-25,15,2024-08-24,Aston Villa,Arsenal,2,0.3013460093094794,0.2556457279596951,0.44300826273082544,2,0.3771443504645594,0.24525009913757373,0.3776055503978667,2,0.32858388946196754,0.23888003229813767,0.43253607823989487,2,0.22319818772872402,0.30364794688771374,0.47315386538356213,2,0.41392346905112987,0.12532474647221578,0.46075178447665427,2
2024-25,15,2024-08-24,Tottenham,Everton,0,0.5493402407084194,0.27749317403012735,0.17316658526145332,0,0.4748127025941822,0.23686985607079333,0.28831744133502446,0,0.6070114702751703,0.22165515538146766,0.17133337434336204,0,0.3881435871142955,0.48904852771272356,0.12280788517298104,1,0.3991518721960669,0.2368431496324384,0.3640049781714947,0
2024-25,15,2024-08-24,Southampton,Nottingham Forest,2,0.394032469021954,0.23719353340832525,0.36877399756972085,0,0.3233555945298524,0.24418370890601096,0.4324606965641367,2,0.3296177159528183,0.2624689813943973,0.40791330265278436,2,0.34388047150482914,0.17055902367414122,0.48556050482102964,2,0.398605740852895,0.2081171382446137,0.3932771209024914,0
2024-25,15,2024-08-24,Crystal Palace,West Ham United,2,0.5022511907423791,0.2258249649549625,0.2719238443026585,0,0.4974225337625181,0.23521681603761668,0.2673606501998653,0,0.4992596601273421,0.24634092875573682,0.25439941111692116,0,0.4856581643052959,0.08408736123308409,0.4302544744616201,0,0.6089931281983604,0.05067128084369325,0.3403355909579463,0
2024-25,15,2024-08-24,Fulham,Leicester City,0,0.5054695025797299,0.26331855578607427,0.23121194163419573,0,0.44440368986669815,0.2429905413856944,0.3126057687476074,0,0.49175781642455524,0.2503586978064002,0.2578834857690447,0,0.4872419315805448,0.4071276243520607,0.10563044406739451,0,0.4704719956067073,0.31682529765497097,0.21270270673832176,0
2024-25,15,2024-08-24,Brighton and Hove Albion,Manchester United,0,0.3552845117813018,0.23889399436940653,0.40582149384929156,2,0.3666284345490986,0.2463732798180113,0.3869982856328901,2,0.3899391964427076,0.25044470219687204,0.3596161013604204,0,0.29068341870703235,0.15002342497705806,0.5592931563159097,2,0.2933489979049003,0.545574349367661,0.16107665272743862,1
2024-25,15,2024-08-24,Manchester City,Ipswich Town,0,0.7743029741734544,0.16382638139598782,0.06187064443055783,0,0.6619754133332841,0.18885098519834786,0.14917360146836794,0,0.886435666552083,0.09229865011020862,0.02126568333770848,0,0.7562719118482635,0.1382047860406741,0.10552330211106233,0,0.7619172544365441,0.14501247270820486,0.09307027285525105,0
2024-25,15,2024-08-25,Bournemouth,Newcastle United,1,0.30139447686933774,0.23539967093355557,0.46320585219710675,2,0.3876118305086864,0.2467758861363167,0.3656122833549969,0,0.31595743654330943,0.25012121538132714,0.4339213480753635,2,0.16414962283456608,0.19140270573915277,0.6444476714262811,2,0.45065906255607796,0.2971459435809854,0.25219499386293653,0
2024-25,15,2024-08-25,Wolverhampton Wanderers,Chelsea,2,0.30269028545221743,0.2885088775003996,0.40880083704738307,2,0.3988783907042185,0.2474163272121235,0.35370528208365815,0,0.3164490428931929,0.2508907126903773,0.43266024441642964,2,0.1563698920467273,0.47470906742798324,0.36892104052528946,1,0.2909566008378305,0.29120042250608225,0.4178429766560873,2
2024-25,15,2024-08-25,Liverpool,Brentford,0,0.6858262142853482,0.21817885888744676,0.09599492682720501,0,0.5840729487013564,0.21301031805536236,0.2029167332432812,0,0.7729396929792106,0.1567726655056258,0.07028764151516347,0,0.7430256929396913,0.2325864530711015,0.02438785398920707,0,0.9171775920265807,0.06226427938109894,0.020558128592320285,0
2024-25,15,2024-08-31,Arsenal,Brighton and Hove Albion,1,0.7115328802083754,0.1902477200623739,0.09821939972925073,0,0.6040657375866918,0.20827714053876076,0.18765712187454725,0,0.7905658100037245,0.1471267053699459,0.06230748462632951,0,0.9170163833202866,0.04551743507784277,0.0374661816018708,0,0.8301083270708377,0.13607713916611716,0.0338145337630453,0
2024-25,15,2024-08-31,Brentford,Southampton,0,0.5981695754944325,0.24168518090758992,0.16014524359797752,0,0.5570675366597564,0.22095911976448632,0.2219733435757572,0,0.6006434921568601,0.22965518663778084,0.16970132120535902,0,0.4122572983213676,0.349425142004774,0.2383175596738585,0,0.4776321156957964,0.3858815141720425,0.13648637013216122,0
2024-25,15,2024-08-31,Everton,Bournemouth,2,0.5305068215547893,0.2270469455645998,0.24244623288061085,0,0.47061353966734965,0.23883658736102006,0.29054987297163026,0,0.432080173445341,0.2562531892068413,0.31166663734781774,0,0.8648874844764429,0.07071297260884882,0.06439954291470823,0,0.5470958375541302,0.31733386636617483,0.13557029607969495,0
2024-25,15,2024-08-31,Ipswich Town,Fulham,1,0.49897327825664206,0.22625900815894567,0.2747677135844123,0,0.4639451572119377,0.24018745003281372,0.29586739275524865,0,0.40655336785613416,0.2575659297717235,0.33588070237214246,0,0.7358302102396554,0.10620863269255056,0.15796115706779415,0,0.6931435214840262,0.10333997413857901,0.2035165043773948,0
2024-25,15,2024-08-31,Leicester City,Aston Villa,2,0.3367464945497829,0.24113858151014267,0.42211492394007466,2,0.37613211665725244,0.2469415214956463,0.37692636184710115,2,0.2708500428195409,0.24478039034732404,0.4843695668331352,2,0.5564601760376986,0.1329507846730194,0.310589039289282,0,0.4102129938114215,0.15152050396350872,0.43826650222506974,2
2024-25,15,2024-08-31,Nottingham Forest,Wolverhampton Wanderers,1,0.4863816969540617,0.22207537082966528,0.2915429322162729,0,0.405254328670828,0.24643848078794722,0.3483071905412248,0,0.4503625264938581,0.256393731126062,0.29324374238007994,0,0.6251910546538637,0.08096995051365646,0.2938389948324797,0,0.6643320054431864,0.1741622695957859,0.16150572496102777,0
2024-25,15,2024-08-31,West Ham United,Manchester City,2,0.15297042837723096,0.2199032904998611,0.6271262811229078,2,0.24985741220229843,0.22932472962003658,0.5208178581776648,2,0.12763297359822767,0.18546740731374825,0.6868996190880241,2,0.16348132899880313,0.2554018900620165,0.5811167809391804,2,0.09998250233610502,0.140366442532711,0.759651055131184,2
2024-25,15,2024-09-01,Manchester United,Liverpool,2,0.3242138167183873,0.28412181637924466,0.39166436690236817,2,0.36781555534168736,0.24713941188825392,0.38504503277005864,2,0.370988106272266,0.24251505132204887,0.3864968424056851,2,0.2345957854061228,0.4602253993690414,0.30517881522483586,1,0.27985578240394027,0.36118976992650353,0.3589544476695562,1
2024-25,15,2024-09-01,Newcastle United,Tottenham,0,0.47229903262956474,0.274986199096749,0.25271476827368633,0,0.473166870896634,0.23921917152431046,0.28761395757905567,0,0.5117272264521008,0.23839049711124946,0.2498822764366498,0,0.39879719777451617,0.5036549046224263,0.0975478976030575,1,0.382279158694867,0.5022451269152711,0.11547571438986186,1
2024-25,15,2024-09-01,Chelsea,Crystal Palace,1,0.5914599246000396,0.23350703604318931,0.17503303935677103,0,0.48656847222356475,0.23484378926844446,0.27858773850799073,0,0.5940864336972606,0.2240795769686054,0.18183398933413406,0,0.625007651844619,0.26218470788804205,0.11280764026733889,0,0.43354174721457067,0.2822760927665494,0.28418216001887986,0
2024-25,15,2024-09-14,Southampton,Manchester United,2,0.22325222139532813,0.26014950399441994,0.5165982746102518,2,0.3173951753691621,0.24383864335608027,0.4387661812747575,2,0.15178651089987322,0.2125493139619683,0.6356641751381585,2,0.20850902820045206,0.32470901166004096,0.4667819601395069,2,0.18437597080373533,0.32445364261162235,0.4911703865846424,2
2024-25,15,2024-09-14,Brighton and Hove Albion,Ipswich Town,1,0.546648693492654,0.24099405418832642,0.21235725231901958,0,0.4334101475255737,0.24140871762924754,0.32518113484517874,0,0.5642765182821341,0.23410163069947232,0.20162185101839353,0,0.533446247938783,0.2474675276971547,0.21908622436406233,0,0.47750136198355725,0.4324632989462683,0.09003533907017437,0
2024-25,15,2024-09-14,Crystal Palace,Leicester City,1,0.5365632708997313,0.24840142304317908,0.21503530605708948,0,0.5115315093099826,0.23158519281276876,0.25688329787724856,0,0.5319144956210957,0.2429085213559404,0.22517698302296388,0,0.664226881721074,0.1763366129126414,0.1594365053662844,0,0.34278229661562387,0.2024501715139171,0.45476753187045915,2
2024-25,15,2024-09-14,Fulham,West Ham United,1,0.47161536676462995,0.24060524028778024,0.2877793929475899,0,0.5051170756289759,0.23285559604931988,0.2620273283217042,0,0.4188173645840846,0.2549387329710505,0.3262439024448649,0,0.6001041938689782,0.1731219225805731,0.22677388355044878,0,0.45185584641197085,0.08905304263506532,0.4590911109529639,2
2024-25,15,2024-09-14,Liverpool,Nottingham Forest,2,0.7607977862793771,0.16997043233635062,0.06923178138427236,0,0.6269000748469609,0.1996476064735596,0.17345231867947963,0,0.8173753307192076,0.1347427520834763,0.04788191719731602,0,0.8598026014502667,0.09256228457170206,0.04763511397803121,0,0.7626433802292342,0.17676641581379443,0.06059020395697131,0
2024-25,15,2024-09-14,Manchester City,Brentford,0,0.7622419981343485,0.17035371202476707,0.06740428984088458,0,0.6111661528508321,0.20651034070251628,0.18232350644665168,0,0.8823042695161777,0.09475994260043724,0.02293578788338507,0,0.8876025575639432,0.03647151491736984,0.075925927518687,0,0.8270481326730592,0.08916476410619406,0.0837871032207467,0
2024-25,15,2024-09-14,Aston Villa,Everton,0,0.6428667148702571,0.21337545981449085,0.14375782531525194,0,0.5151331203838878,0.23068100851075646,0.2541858711053556,0,0.666481371742439,0.20330665018939592,0.13021197806816504,0,0.7897070677777112,0.09993722905856316,0.11035570316372559,0,0.8250256840775281,0.14312882741866362,0.03184548850380817,0
2024-25,15,2024-09-14,Bournemouth,Chelsea,2,0.3236097841110675,0.2764596321253812,0.3999305837635514,2,0.3779087266108778,0.2448422266259496,0.3772490467631725,0,0.3029886637485091,0.24812404340357422,0.4488872928479167,2,0.17977940517781207,0.3342450044583617,0.4859755903638263,2,0.1836011165697532,0.152613109929215,0.6637857735010317,2
2024-25,15,2024-09-15,Tottenham,Arsenal,2,0.34502355721976435,0.21700908017291637,0.43796736260731933,2,0.32184705835404576,0.24343013694875681,0.43472280469719754,2,0.3168886351804704,0.23875750777661234,0.4443538570429173,2,0.6036081664178751,0.07833592050577987,0.31805591307634506,0,0.5942902760760419,0.06648886724364884,0.33922085668030916,0
2024-25,15,2024-09-15,Wolverhampton Wanderers,Newcastle United,2,0.31884589579793887,0.26463987217608625,0.41651423202597493,2,0.3819596809251373,0.2458554316136532,0.37218488746120953,0,0.2750461124655157,0.24483303466781176,0.4801208528666725,2,0.2943239629526113,0.34306829805799965,0.36260773898938903,2,0.44631398999521443,0.19908702650059093,0.35459898350419466,0
2024-25,15,2024-09-21,Tottenham,Brentford,0,0.5367533699088763,0.2779533921028962,0.18529323798822753,0,0.4850139574077296,0.23645708653316552,0.2785289560591047,0,0.5854739539215598,0.2273038935929087,0.18722215248553165,0,0.4933401753492331,0.4114009091076853,0.09525891554308165,0,0.3548334892081201,0.37581861253609816,0.26934789825578176,1
2024-25,15,2024-09-21,Crystal Palace,Manchester United,1,0.3449324797556579,0.2947835012530075,0.36028401899133455,2,0.4491046630539382,0.2429279917899327,0.3079673451561291,0,0.36770973816923763,0.2515570328373287,0.3807332289934337,2,0.26544878739319205,0.5493134459476303,0.18523776665917768,1,0.24334852318658076,0.3233345675830248,0.4333169092303944,2
2024-25,15,2024-09-21,Southampton,Ipswich Town,1,0.3647015435621716,0.23415052884121765,0.4011479275966108,2,0.2822991775682235,0.23703917572496067,0.4806616467068157,2,0.26371179395294125,0.25301282859335883,0.4832753774536999,2,0.43957370947281166,0.14973397562606877,0.4106923149011196,0,0.26825806917565115,0.3910259484172267,0.3407159824071221,1
2024-25,15,2024-09-21,Liverpool,Bournemouth,0,0.722437901723874,0.1893292765239055,0.08823282175222046,0,0.615673613813844,0.2045098466292117,0.17981653955694427,0,0.8002266856899399,0.14364314917305726,0.056130165137002794,0,0.87709627169918,0.07508551394153874,0.04781821435928119,0,0.8680440979782618,0.1047455441639422,0.027210357857796002,0
2024-25,15,2024-09-21,Leicester City,Everton,1,0.4576946525029106,0.2528003406376286,0.2895050068594608,0,0.3809198982978551,0.24514122985997017,0.37393887184217467,0,0.40249856862723693,0.25947792887733817,0.3380235024954249,0,0.4297006640707081,0.22398360585920266,0.3463157300700893,0,0.28530294056350014,0.17379149029409438,0.5409055691424055,2
2024-25,15,2024-09-21,Fulham,Newcastle United,0,0.298218512654541,0.2765979332491819,0.425183554096277,2,0.3858216505971733,0.24773809064721053,0.3664402587556162,0,0.32743760279668344,0.25022358353525365,0.4223388136680629,2,0.14399844730454003,0.4117242268647135,0.4442773258307464,2,0.05043736494827931,0.7329569037922921,0.21660573125942856,1
2024-25,15,2024-09-21,Aston Villa,Wolverhampton Wanderers,0,0.6405566723249732,0.22831279193534873,0.13113053573967826,0,0.5582484247557291,0.22214969827128458,0.2196018769729861,0,0.7074222482652841,0.1883467696349431,0.1042309820997729,0,0.7135299363554795,0.23267612801244936,0.05379393563207123,0,0.7283253270299758,0.23097556538089561,0.04069910758912857,0
2024-25,15,2024-09-21,West Ham United,Chelsea,2,0.3220080439290949,0.24732494835521232,0.4306670077156928,2,0.3543050223039752,0.24524516700290383,0.400449810693121,2,0.34529449900006237,0.25057635055625255,0.4041291504436851,2,0.11720038230574233,0.17067009788585147,0.7121295198084063,2,0.24069465548926244,0.1700375957582661,0.5892677487524715,2
2024-25,15,2024-09-22,Brighton and Hove Albion,Nottingham Forest,1,0.5673908761202225,0.2453928568974768,0.18721626698230065,0,0.4638469026700018,0.2396971278425962,0.29645596948740216,0,0.5746404557494807,0.23203801050175182,0.19332153374876745,0,0.686498104383746,0.2426259291032794,0.07087596651297463,0,0.870606053812663,0.0880868959714977,0.04130705021583937,0
2024-25,15,2024-09-22,Manchester City,Arsenal,1,0.6044047669602137,0.21594590982347367,0.1796493232163127,0,0.4719754081810624,0.2388689162860407,0.2891556755328968,0,0.7117409356808191,0.17490834829429874,0.11335071602488216,0,0.6775851636144107,0.1941096088579651,0.12830522752762424,0,0.5743052284876127,0.31016622654542,0.11552854496696738,0
2024-25,15,2024-09-28,Newcastle United,Manchester City,1,0.22565975745144798,0.2242014667003444,0.5501387758482075,2,0.3059653252017121,0.24212177380283587,0.451912900995452,2,0.2595642314193855,0.22691541488390826,0.5135203536967062,2,0.2248117934179681,0.13446468616985857,0.6407235204121733,2,0.33476689834751566,0.1256341829838274,0.5395989186686568,2
2024-25,15,2024-09-28,Arsenal,Leicester City,0,0.7670658045456189,0.16799047622389532,0.0649437192304859,0,0.6910045425591841,0.17701554601609762,0.1319799114247185,0,0.8477243114391908,0.11722048903456729,0.03505519952624179,0,0.7771477232883743,0.08167131674386413,0.14118095996776156,0,0.7060435995717891,0.11252706141891304,0.18142933900929786,0
2024-25,15,2024-09-28,Brentford,West Ham United,1,0.47975732839030344,0.26313793618038367,0.25710473542931295,0,0.4875712106800816,0.23823957684921349,0.27418921247070527,0,0.46831958392547474,0.25162424034326974,0.28005617573125546,0,0.579586824305398,0.3209260695240676,0.09948710617053441,0,0.5599837628505269,0.24974664771136493,0.19026958943810807,0
2024-25,15,2024-09-28,Chelsea,Brighton and Hove Albion,0,0.6126247381966644,0.20979540311304784,0.1775798586902877,0,0.548274469387309,0.22442502784468876,0.22730050276800234,0,0.6045722773847059,0.22008380144738834,0.17534392116790584,0,0.8818873724232535,0.057856007903832156,0.06025661967291442,0,0.4003491652527682,0.3698931301985384,0.22975770454869346,0
2024-25,15,2024-09-28,Everton,Crystal Palace,0,0.38752292403892735,0.2411097060806638,0.37136736988040875,0,0.37540254772903425,0.24626459073193502,0.37833286153903056,2,0.39851812302277595,0.25729719921385935,0.3441846777633648,0,0.20560643602015374,0.20596736443820193,0.5884261995416443,2,0.3653061822512267,0.2247214240228746,0.40997239372589867,2
2024-25,15,2024-09-28,Nottingham Forest,Fulham,2,0.42538997374564724,0.2394599766733004,0.33515004958105254,0,0.42113503443348044,0.24283666242051136,0.33602830314600834,0,0.3885081253309339,0.2570197716576433,0.354472103011423,0,0.3484177967523156,0.17916418771767517,0.4724180155300093,2,0.4470627902239118,0.1689768439610989,0.38396036581498916,0
2024-25,15,2024-09-28,Wolverhampton Wanderers,Liverpool,2,0.19386924751699744,0.2362476691158283,0.5698830833671743,2,0.2584617604731677,0.23363789188253184,0.5079003476443004,2,0.1592423546444776,0.20718170400812178,0.6335759413474006,2,0.16333950033304995,0.1809507270706884,0.6557097725962617,2,0.155118570432446,0.18088446013869128,0.6639969694288627,2
2024-25,15,2024-09-29,Manchester United,Tottenham,2,0.4858840774291433,0.2532115425159688,0.2609043800548879,0,0.43907429867175773,0.24060493632574712,0.32032076500249507,0,0.48476941186382505,0.24216139556438437,0.27306919257179063,0,0.36271682981981385,0.38185620789750724,0.2554269622826788,1,0.4269568589014865,0.3347173010711388,0.2383258400273747,0
2024-25,15,2024-09-29,Ipswich Town,Aston Villa,1,0.30688849342265423,0.2405135811903658,0.4525979253869802,2,0.35601580941412775,0.24449474683748734,0.39948944374838513,2,0.25080100821323464,0.23940173953698451,0.5097972522497808,2,0.384718299948633,0.18823413384664323,0.4270475662047237,2,0.21055985298799576,0.30099437330091194,0.4884457737110922,2
2024-25,15,2024-09-30,Bournemouth,Southampton,0,0.6179033258963402,0.21614059825788898,0.1659560758457707,0,0.5011264135142799,0.23451121793302868,0.26436236855269135,0,0.6086780849478746,0.22842074454419428,0.16290117050793107,0,0.7410360790747894,0.10366076714913675,0.15530315377607387,0,0.7237694044118802,0.15918517711174138,0.1170454184763785,0
2024-25,15,2024-10-05,Crystal Palace,Liverpool,2,0.24143118900966107,0.24773681426907304,0.5108319967212658,2,0.37198569621791877,0.24651209524801343,0.3815022085340677,2,0.20072898677161266,0.22025687229630067,0.5790141409320867,2,0.29560690382712673,0.2831212729748321,0.42127182319804124,2,0.12793185183580216,0.10453053463987737,0.7675376135243205,2
2024-25,15,2024-10-05,Arsenal,Southampton,0,0.8054942591688232,0.14869104420271956,0.04581469662845722,0,0.7363366690021208,0.1574382492036387,0.10622508179424052,0,0.8904133051188691,0.09067198677682087,0.01891470810430995,0,0.7521254606802253,0.08312499296394886,0.16474954635582578,0,0.9075896708571396,0.03210288905386072,0.06030744008899982,0
2024-25,15,2024-10-05,Brentford,Wolverhampton Wanderers,0,0.5757271517875203,0.21427351033902348,0.2099993378734563,0,0.4946034637051592,0.2353502891387327,0.27004624715610803,0,0.507915703974369,0.24790319929852092,0.24418109672711003,0,0.7920596210523606,0.09478800435385763,0.11315237459378179,0,0.6305293729557894,0.30124000761266834,0.06823061943154227,0
2024-25,15,2024-10-05,Leicester City,Bournemouth,0,0.40338722754778855,0.2645692577020329,0.3320435147501782,0,0.38726367635462333,0.24600647435774708,0.3667298492876297,0,0.3929047839903534,0.2590697092991736,0.34802550671047305,0,0.24130159172035268,0.3546493413352484,0.404049066944399,2,0.163946280990901,0.1644527162745275,0.6716010027345715,2
2024-25,15,2024-10-05,Manchester City,Fulham,0,0.7743974747250812,0.1646160482251515,0.06098647704976728,0,0.6078858021325345,0.2064125642092103,0.18570163365825518,0,0.8642336307252062,0.10610159977619973,0.02966476949859403,0,0.8745777922400191,0.07357665862206443,0.05184554913791654,0,0.9731951680364184,0.01832112562583169,0.008483706337750007,0
2024-25,15,2024-10-05,West Ham United,Ipswich Town,0,0.5537514561551505,0.21835992296459983,0.2278886208802497,0,0.47318162031116684,0.23782893533766897,0.28898944435116414,0,0.4799721870361112,0.25060526261181787,0.2694225503520708,0,0.7777850793916139,0.07298448447339213,0.14923043613499404,0,0.7611347016032447,0.1359818201286352,0.10288347826812018,0
2024-25,15,2024-10-05,Everton,Newcastle United,1,0.30273761637752405,0.2524125202211457,0.44484986340133026,2,0.3993411942122136,0.24832359646186286,0.35233520932592355,0,0.32717529587058297,0.2511180437797052,0.4217066603497118,2,0.16391259205483003,0.3172301771216316,0.5188572308235384,2,0.43055382887818017,0.17409910245155297,0.3953470686702668,0
2024-25,15,2024-10-06,Aston Villa,Manchester United,1,0.465892359599662,0.31287816936600804,0.22122947103432977,0,0.49510744191310935,0.23559749222856533,0.26929506585832536,0,0.5739158300769287,0.22586776453315605,0.2002164053899152,0,0.271124108307481,0.6067272867579842,0.12214860493453493,1,0.7498679326374813,0.10402599366695511,0.14610607369556353,0
2024-25,15,2024-10-06,Chelsea,Nottingham Forest,1,0.671770328534826,0.2021464731864377,0.12608319827873612,0,0.5704846675125004,0.21777037780220287,0.21174495468529678,0,0.6871259086677646,0.19583685734567255,0.11703723398656295,0,0.8781249731037494,0.07238323031766541,0.04949179657858536,0,0.8553291651727473,0.041094429558580656,0.10357640526867215,0
2024-25,15,2024-10-06,Brighton and Hove Albion,Tottenham,0,0.3908631313470274,0.24522941846308094,0.3639074501898917,0,0.366951646863781,0.2469622473924669,0.38608610574375224,2,0.42450283417182877,0.24978939674479214,0.32570776908337923,0,0.42944016390757184,0.21333222442177852,0.35722761167064965,0,0.5337786227508106,0.2989678908528477,0.16725348639634174,0
2024-25,15,2024-10-19,Southampton,Leicester City,2,0.35688719820913206,0.2412185963079751,0.40189420548289273,2,0.358468062678009,0.24601196840021472,0.3955199689217761,2,0.2657683636380354,0.2545955112265496,0.4796361251354149,2,0.3469573845470401,0.2073920533056352,0.4456505621473246,2,0.1449733112795743,0.45572050972978567,0.39930617899063997,1
2024-25,15,2024-10-19,Bournemouth,Arsenal,0,0.17022597173229287,0.2413973030508583,0.5883767252168489,2,0.26264796200012563,0.2329022665015589,0.5044497714983156,2,0.13339545292492763,0.19207309390243432,0.6745314531726381,2,0.19018323884916302,0.27076530619257827,0.5390514549582587,2,0.12189323554667479,0.15692347609471494,0.7211832883586103,2
2024-25,15,2024-10-19,Newcastle United,Brighton and Hove Albion,2,0.583954057605008,0.21723986595978628,0.19880607643520587,0,0.5140485659321428,0.23197215743115357,0.25397927663670355,0,0.5819598664549377,0.22607236792242874,0.19196776562263368,0,0.6448206333807971,0.12665473387472545,0.2285246327444775,0,0.5506422251397826,0.2326897515274961,0.21666802333272145,0
2024-25,15,2024-10-19,Manchester United,Brentford,0,0.6106342590380255,0.22013349473912738,0.16923224622284688,0,0.4234277435864858,0.2436768486300623,0.33289540778345195,0,0.6142445183139881,0.21949840809756832,0.16625707358844358,0,0.7749133926571266,0.14557823141642653,0.07950837592644695,0,0.8063881501281744,0.034243268146776605,0.1593685817250489,0
2024-25,15,2024-10-19,Ipswich Town,Everton,2,0.474236059465216,0.2411297920060147,0.2846341485287693,0,0.47910792516273454,0.23934557291679728,0.28154650192046826,0,0.45347592590372165,0.2550298260894647,0.29149424800681367,0,0.6423918821452533,0.16055399018882893,0.1970541276659177,0,0.5172515589113782,0.3029647347154792,0.17978370637314264,0
2024-25,15,2024-10-19,Fulham,Aston Villa,2,0.3127981135691272,0.2727312830262249,0.414470603404648,2,0.40276896044488764,0.24673351873264882,0.35049752082246355,0,0.3450211914652581,0.2505044272991397,0.40447438123560214,2,0.12877301819220505,0.4026543560262761,0.468572625781519,2,0.028140440578506114,0.6658134185092207,0.3060461409122731,1
2024-25,15,2024-10-19,Tottenham,West Ham United,0,0.5679699286324192,0.25272226918297935,0.1793078021846013,0,0.5599213987816298,0.22154773215686244,0.21853086906150776,0,0.6031166865399583,0.22204920486971966,0.174834108590322,0,0.6957632988946237,0.21963268267256317,0.08460401843281305,0,0.8373280491710002,0.08791790821252847,0.07475404261647138,0
2024-25,15,2024-10-20,Wolverhampton Wanderers,Manchester City,2,0.12054898105191068,0.1826625406191265,0.6967884783289627,2,0.23642062956693793,0.22760486499341762,0.5359745054396444,2,0.08397704053918989,0.15950760858695,0.7565153508738601,2,0.15901644859391748,0.039151815093252405,0.8018317363128301,2,0.14462893862823997,0.06281202518731967,0.7925590361844405,2
2024-25,15,2024-10-20,Liverpool,Chelsea,0,0.5956104129200924,0.25962962142961044,0.14475996565029714,0,0.568515896044465,0.21971911128471136,0.21176499267082388,0,0.7237167675602445,0.17585337915660532,0.10042985328315016,0,0.4421723974504664,0.5262643401006322,0.03156326244890142,1,0.47287244871916506,0.5083211222695122,0.018806429011322786,1
2024-25,15,2024-10-21,Nottingham Forest,Crystal Palace,0,0.4238023930991945,0.2627396400967697,0.3134579668040358,0,0.4053528723746479,0.24606112167517422,0.3485860059501779,0,0.43091028042132457,0.2561610093424969,0.31292871023617863,0,0.32342050183390014,0.3452697023816676,0.33130979578443226,1,0.6184211725607288,0.3070291050688843,0.07454972237038678,0
2024-25,15,2024-10-25,Leicester City,Nottingham Forest,2,0.4494753532321969,0.2582988778975557,0.2922257688702474,0,0.4142643714479229,0.2456798275964594,0.34005580095561755,0,0.44567699381292697,0.25597238976449904,0.2983506164225741,0,0.3634630937280454,0.3376025911388296,0.2989343151331249,0,0.5124504778361052,0.41427488105853993,0.07327464110535492,0
2024-25,15,2024-10-26,Aston Villa,Bournemouth,1,0.6548528644596361,0.20221473409375038,0.14293240144661362,0,0.5025873898359109,0.2333579934386774,0.26405461672541164,0,0.6694794661943495,0.20144548734380058,0.12907504646184997,0,0.8915182201796941,0.04099453922860659,0.06748724059169918,0,0.8037521362556609,0.04097888886133422,0.15526897488300478,0
2024-25,15,2024-10-26,Brentford,Ipswich Town,0,0.4623604514136145,0.2641781515126618,0.2734613970737237,0,0.42327181257780977,0.2425420189056404,0.3341861685165499,0,0.48650180970304335,0.25066094616071255,0.26283724413624404,0,0.28251322788818634,0.4189186041275618,0.298568167984252,1,0.24694786345314207,0.6188834973077603,0.13416863923909755,1
2024-25,15,2024-10-26,Brighton and Hove Albion,Wolverhampton Wanderers,1,0.601577771438093,0.23184183073780684,0.16658039782410006,0,0.4469214666948723,0.24122245502129616,0.31185607828383144,0,0.6293031214696401,0.2175548042928162,0.15314207423754375,0,0.649157452093637,0.2274307978187109,0.1234117500876522,0,0.8017252680410877,0.16971457259658862,0.028560159362323714,0
2024-25,15,2024-10-26,Manchester City,Southampton,0,0.7846354818283332,0.16426427494926665,0.05110024322240029,0,0.7533979304525277,0.14987153312816148,0.09673053641931081,0,0.9244802094892953,0.06584121086062698,0.009678579650077738,0,0.6007408836068179,0.17837868996391582,0.2208804264292663,0,0.788198622590396,0.10310988065922115,0.10869149675038296,0
2024-25,15,2024-10-26,Everton,Fulham,1,0.4820527619814054,0.26219404486484515,0.25575319315374945,0,0.46520726284693825,0.24046159322956034,0.29433114392350124,0,0.44035357293804617,0.25441273028365463,0.30523369677829926,0,0.49613298766362823,0.42032077474086704,0.08354623759550472,0,0.7188314519935379,0.13734757124214303,0.14382097676431913,0
2024-25,15,2024-10-27,Arsenal,Liverpool,1,0.5363917654638487,0.2397440143745651,0.22386422016158625,0,0.4577121194906433,0.24152283816324857,0.30076504234610824,0,0.6276773876657239,0.2037549172268883,0.16856769510738773,0,0.7114367638187991,0.1465690336214864,0.1419942025597146,0,0.5276606305053229,0.3885632810443254,0.08377608845035177,0
2024-25,15,2024-10-27,West Ham United,Manchester United,0,0.38186010487046396,0.23422370866442377,0.38391618646511216,2,0.38341632563908135,0.24529168594376444,0.3712919884171541,0,0.3331615783820716,0.2505186800669213,0.4163197415510071,2,0.3738187981960904,0.17152242116160984,0.4546587806422997,2,0.16865784421291535,0.14077099746095106,0.6905711583261336,2
2024-25,15,2024-10-27,Chelsea,Newcastle United,0,0.4942106459908417,0.28251320971038824,0.2232761442987702,0,0.4944712182703233,0.23452150671025812,0.27100727501941835,0,0.5205146411669228,0.23654008429053927,0.2429452745425379,0,0.49939844750514356,0.4217898565620287,0.0788116959328276,0,0.5738167042556092,0.3050766099758263,0.1211066857685644,0
2024-25,15,2024-10-27,Crystal Palace,Tottenham,0,0.3317197418830155,0.27599543751451644,0.392284820602468,2,0.36355913852696686,0.2475482710046693,0.3888925904683638,2,0.34917154198932177,0.25232040303322467,0.3985080549774535,2,0.24556811207534804,0.35392438023330586,0.40050750769134613,2,0.07154757920531614,0.35033801096637723,0.5781144098283065,2
2024-25,15,2024-11-02,Newcastle United,Arsenal,0,0.28870881852250563,0.25466711554977345,0.456624065927721,2,0.3788521733615997,0.24588619356446687,0.3752616330739337,0,0.2831456127517696,0.23514505512087866,0.4817093321273516,2,0.24381836578773533,0.2891474549831866,0.4670341792290781,2,0.16985632797473188,0.15763766471973395,0.6725060073055342,2
2024-25,15,2024-11-02,Bournemouth,Manchester City,0,0.14725519396010703,0.23295499772199532,0.6197898083178977,2,0.26661348708079335,0.2343848853523534,0.49900162756685323,2,0.1176616310037435,0.18031061976957055,0.702027749226686,2,0.17368688028596727,0.21754478406755876,0.6087683356464739,2,0.16144483165445697,0.19227303679882388,0.6462821315467192,2
2024-25,15,2024-11-02,Ipswich Town,Leicester City,1,0.46210334286362603,0.25704243540559624,0.2808542217307779,0,0.432867670445342,0.2430118321440052,0.32412049741065274,0,0.4187700558922117,0.2592309362731764,0.3219990078346118,0,0.5139258699187375,0.18178128093980417,0.3042928491414584,0,0.22919285740830445,0.21064120780760123,0.5601659347840944,2
2024-25,15,2024-11-02,Liverpool,Brighton and Hove Albion,0,0.7009613232695293,0.19099245636802065,0.10804622036245005,0,0.5855954576356869,0.21315138644578135,0.20125315591853163,0,0.7597144382460759,0.16164381539712733,0.07864174635679676,0,0.8197367569408494,0.15340285825288077,0.02686038480626966,0,0.6364059557772411,0.32310154798602037,0.040492496236738514,0
2024-25,15,2024-11-02,Nottingham Forest,West Ham United,0,0.4530662433250532,0.23352020696717407,0.3134135497077727,0,0.41278549680256404,0.24341803561825684,0.3437964675791791,0,0.38869064768957595,0.25609133592786615,0.3552180163825579,0,0.4356435681783994,0.18671497062919695,0.3776414611924036,0,0.36775063423916954,0.13562970946454128,0.4966196562962892,2
2024-25,15,2024-11-02,Southampton,Everton,0,0.29324756681494024,0.23000786445516197,0.4767445687298977,2,0.3579569753399522,0.24417953524726507,0.3978634894127826,2,0.19707239315800906,0.23558352132766752,0.5673440855143234,2,0.3081910201124272,0.14821935118288582,0.543589628704687,2,0.3300965987330675,0.4186963996405113,0.2512070016264212,1
2024-25,15,2024-11-02,Wolverhampton Wanderers,Crystal Palace,1,0.440100194978834,0.2610664469757488,0.2988333580454172,0,0.39996850213000545,0.2472538812365355,0.35277761663345897,0,0.39647168668769633,0.25876307031577933,0.34476524299652433,0,0.47374515345132806,0.43763232181528566,0.08862252473338622,0,0.5004345857358502,0.2249263788592311,0.2746390354049185,0
2024-25,15,2024-11-03,Tottenham,Aston Villa,0,0.4684031867439538,0.24194324427538985,0.2896535689806563,0,0.4103948724144374,0.24766521518715853,0.3419399123984041,0,0.5094996022143182,0.23862159115483414,0.2518788066308476,0,0.6110194690000258,0.19134850767167308,0.1976320233283011,0,0.6827250436662679,0.2457608584117829,0.0715140979219492,0
2024-25,15,2024-11-03,Manchester United,Chelsea,1,0.4514435346776601,0.26948057574728984,0.27907588957504986,0,0.41572642210284344,0.24648417699507047,0.33778940090208626,0,0.49249019858458387,0.2410101410983999,0.2664996603170164,0,0.43355085304247437,0.4082788498236626,0.1581702971338631,0,0.20859872353849263,0.5448636867703348,0.2465375896911725,1
2024-25,15,2024-11-04,Fulham,Brentford,0,0.49839615638993684,0.24826148846833515,0.2533423551417281,0,0.41535988304728916,0.24480721691861845,0.3398329000340925,0,0.46790505880710676,0.25126859540662416,0.2808263457862689,0,0.6406311190223962,0.21959205881713814,0.13977682216046564,0,0.7137898027523589,0.09302532691159533,0.19318487033604587,0
2024-25,15,2024-11-09,Brighton and Hove Albion,Manchester City,0,0.19273666218734678,0.2294581596896136,0.5778051781230397,2,0.3205054434142077,0.2424444453728294,0.43705011121296283,2,0.1797968418850945,0.20769946173555,0.6125036963793554,2,0.18533820180380278,0.17596452838473378,0.6386972698114635,2,0.12125280682467304,0.06361719100422922,0.8151300021710977,2
2024-25,15,2024-11-09,Liverpool,Aston Villa,0,0.5980063906615565,0.2328716848938109,0.16912192444463242,0,0.5362451296024795,0.22710235019996905,0.23665252019755134,0,0.7363843718701837,0.1706120299460017,0.09300359818381466,0,0.6510537526945467,0.12344469102445935,0.22550155628099403,0,0.4543544094309904,0.43222581223337814,0.11341977833563138,0
2024-25,15,2024-11-09,West Ham United,Everton,1,0.5345732444536707,0.23988987003513113,0.22553688551119805,0,0.49544475702089363,0.23651820546770244,0.26803703751140395,0,0.5178189713477033,0.2450115883085258,0.23716944034377088,0,0.6827078926653003,0.23698030900106465,0.08031179833363501,0,0.48941425080602413,0.4778310675871717,0.0327546816068042,0
2024-25,15,2024-11-09,Crystal Palace,Fulham,2,0.5043211564962349,0.224072003465829,0.27160684003793617,0,0.40477949414955283,0.2449290167173596,0.35029148913308766,0,0.4319433044318155,0.2543605072333743,0.3136961883348103,0,0.6349979240622419,0.12893789875548445,0.23606417718227357,0,0.4530202338484926,0.08746453898145841,0.45951522717004883,2
2024-25,15,2024-11-09,Wolverhampton Wanderers,Southampton,0,0.5696767524441515,0.22410787261060844,0.20621537494524017,0,0.5401805189129486,0.22525147527538855,0.23456800581166293,0,0.5202872171137393,0.25074493874225345,0.22896784414400723,0,0.5702051564608067,0.10178608478193146,0.3280087587572619,0,0.4831807133693062,0.2046678684345223,0.31215141819617154,0
2024-25,15,2024-11-09,Brentford,Bournemouth,0,0.4647087864793644,0.22283749908566844,0.3124537144349673,0,0.4393449645013954,0.24295166661364545,0.3177033688849592,0,0.4215970196300013,0.2552144776796849,0.3231885026903138,0,0.5454261128800051,0.07238094871169305,0.3821929384083018,0,0.1189730786814109,0.10561114070987052,0.7754157806087186,2
2024-25,15,2024-11-10,Manchester United,Leicester City,0,0.631394614187769,0.2050246477812841,0.16358073803094692,0,0.5428022668851316,0.22415476263732365,0.23304297047754471,0,0.6251682306756261,0.21759306689868713,0.15723870242568677,0,0.6979877312931136,0.06289951702963592,0.23911275167725055,0,0.408904624869521,0.09630413371556039,0.4947912414149186,2
2024-25,15,2024-11-10,Nottingham Forest,Newcastle United,2,0.3484043157064506,0.24593547472409405,0.4056602095694555,2,0.36262457495627487,0.2461238537835357,0.3912515712601893,2,0.3385012329140536,0.251370597721148,0.41012816936479846,2,0.3835035784506262,0.2309041165553643,0.3855923049940095,2,0.40462725096592145,0.3326357226255951,0.2627370264084834,0
2024-25,15,2024-11-10,Tottenham,Ipswich Town,2,0.6073238038706661,0.25082939146999317,0.14184680465934082,0,0.5835775755894207,0.21484261698924179,0.20157980742133755,0,0.6671828936085427,0.20414949447972128,0.128667611911736,0,0.5126034452328685,0.41780187024910664,0.06959468451802489,0,0.6337018562303841,0.2178612245683675,0.14843691920124827,0
2024-25,15,2024-11-10,Chelsea,Arsenal,1,0.3123243803629946,0.24123405365778539,0.4464415659792203,2,0.33678377183522956,0.244741264677979,0.4184749634867913,2,0.3791579540187685,0.24168976477981408,0.3791522812014175,0,0.14828461969389334,0.16647574450534125,0.6852396358007653,2,0.1029482024039642,0.06385010709664365,0.8332016904993922,2
2024-25,15,2024-11-23,Fulham,Wolverhampton Wanderers,2,0.5525584242851361,0.24519412165715884,0.2022474540577051,0,0.4783664316321812,0.23924570651629767,0.2823878618515212,0,0.5905812583390813,0.2294245464123492,0.17999419524856952,0,0.5993149246492401,0.24993849610942032,0.1507465792413395,0,0.6114172212465487,0.31948386628968356,0.06909891246376777,0
2024-25,15,2024-11-23,Everton,Brentford,1,0.4340482963590777,0.28401799335880745,0.28193371028211484,0,0.4476362808315201,0.2426732845422915,0.3096904346261886,0,0.427431742436963,0.25575227033983,0.31681598722320703,0,0.39571818057635755,0.43657844234598875,0.16770337707765365,1,0.4394505981604573,0.2733546494574492,0.2871947523820936,0
2024-25,15,2024-11-23,Bournemouth,Brighton and Hove Albion,2,0.4161851991979812,0.2735605641772389,0.31025423662477997,0,0.4657368985961228,0.24040496164803302,0.2938581397558442,0,0.3828106386943857,0.2536008502674154,0.36358851103819906,0,0.4082208767969305,0.34721783963206854,0.24456128357100088,0,0.29539741185813523,0.27835204458916646,0.4262505435526984,2
2024-25,15,2024-11-23,Manchester City,Tottenham,2,0.6937612368904241,0.20422578976399386,0.10201297334558217,0,0.5832125428961807,0.21460008884002044,0.20218736826379868,0,0.8164639613544754,0.1328468578064262,0.05068918083909835,0,0.8484444830422452,0.06642689335520938,0.08512862360254542,0,0.877823447803365,0.0736756976457809,0.04850085455085403,0
2024-25,15,2024-11-23,Arsenal,Nottingham Forest,0,0.7371930802850243,0.1843749809966158,0.07843193871835998,0,0.6444344515164394,0.19478801269484208,0.1607775357887186,0,0.8066650964278151,0.1400691917269924,0.05326571184519257,0,0.9133818329906233,0.06956744790067815,0.017050719108698605,0,0.9163758917774384,0.07001416450435285,0.013609943718208851,0
2024-25,15,2024-11-23,Leicester City,Chelsea,2,0.3046643157264207,0.2546493862056906,0.44068629806788884,2,0.3262686812021906,0.2436801162561344,0.4300512025416751,2,0.2399219423488727,0.23790887410316283,0.5221691835479645,2,0.47106001692579635,0.3038290889204109,0.22511089415379287,0,0.38667623423412345,0.37579764360105533,0.23752612216482125,0
2024-25,15,2024-11-23,Aston Villa,Crystal Palace,1,0.5953964773036918,0.2297942916198328,0.17480923107647545,0,0.5191448214075967,0.2314342623146178,0.24942091627778562,0,0.6709984603933498,0.2015393652272145,0.1274621743794358,0,0.5495043228761936,0.20597827233206498,0.24451740479174128,0,0.8317154039579111,0.13852097880571632,0.02976361723637273,0
2024-25,15,2024-11-24,Southampton,Liverpool,2,0.09701570379704885,0.18673179561762093,0.7162525005853304,2,0.2069228112257476,0.2169417367216083,0.576135452052644,2,0.05698230187434859,0.13966841616546755,0.8033492819601838,2,0.12923281116819652,0.16144580974590456,0.7093213790858989,2,0.14151492055338755,0.3176491143146793,0.5408359651319331,2
2024-25,15,2024-11-24,Ipswich Town,Manchester United,1,0.29020546598684976,0.23536732617352696,0.47442720783962333,2,0.39989455767703597,0.24675180395291837,0.35335363837004574,0,0.29427262260012044,0.2488794879545499,0.4568478894453297,2,0.13124522415350873,0.17764246901893743,0.6911123068275538,2,0.31299665240026203,0.10037784366219238,0.5866255039375456,2
2024-25,15,2024-11-25,Newcastle United,West Ham United,2,0.6172120993513034,0.21129596281863655,0.17149193783006,0,0.5435396903674711,0.2237322998390602,0.23272800979346878,0,0.6033261812876654,0.22156957754007853,0.17510424117225618,0,0.7577760428212644,0.10281390427240147,0.139410052906334,0,0.7639552334036972,0.07125265570726691,0.16479211088903586,0
2024-25,15,2024-11-29,Brighton and Hove Albion,Southampton,1,0.6745475218480568,0.21123113647091518,0.11422134168102809,0,0.6128733166235458,0.20666350779499146,0.18046317558146277,0,0.7538373603757812,0.17126059478857153,0.0749020448356473,0,0.7793342236407234,0.06619046835171111,0.15447530800756554,0,0.6479558561742812,0.1521118069046494,0.19993233692106935,0
2024-25,15,2024-11-30,Brentford,Leicester City,0,0.5381327991820501,0.24228473505794515,0.2195824657600049,0,0.4873079430814057,0.23661947251784193,0.27607258440075233,0,0.5291962223208747,0.24407501994380312,0.2267287577353222,0,0.5213684014798207,0.3025397073001232,0.17609189122005608,0,0.4906311138208381,0.3271252134035492,0.18224367277561276,0
2024-25,15,2024-11-30,Crystal Palace,Newcastle United,1,0.315418091537226,0.25927784655739516,0.42530406190537867,2,0.40155646602367845,0.24589168874981684,0.3525518452265047,0,0.3398432334466731,0.2516403405028211,0.40851642605050575,2,0.09943157308862306,0.29527968434170104,0.6052887425696759,2,0.17115316913225762,0.6000772143691042,0.22876961649863817,1
2024-25,15,2024-11-30,Nottingham Forest,Ipswich Town,0,0.4832044734255222,0.25973273820472575,0.257062788369752,0,0.4318198293154519,0.24142448890759538,0.3267556817769528,0,0.43889388136659757,0.2559913299746817,0.3051147886587206,0,0.4359221710321102,0.3225882656793239,0.241489563288566,0,0.2824092555008235,0.5400276911844877,0.17756305331468877,1
2024-25,15,2024-11-30,Wolverhampton Wanderers,Bournemouth,2,0.40121656894847046,0.27609068149880517,0.3226927495527243,0,0.40174441183131554,0.2460841641477606,0.3521714240209237,0,0.41920948645365075,0.25706706072243213,0.3237234528239171,0,0.24818078844631863,0.390420838770537,0.36139837278314435,1,0.3907623227164526,0.44693102892060244,0.16230664836294495,1
2024-25,15,2024-11-30,West Ham United,Arsenal,2,0.24563540049005544,0.24161780316693085,0.5127467963430137,2,0.35631857620844154,0.2468663564616549,0.39681506732990357,2,0.22098912518273742,0.2253660310269477,0.5536448437903149,2,0.21322338265887028,0.18257251083619241,0.6042041065049372,2,0.15280133224944537,0.24084511170832887,0.6063535560422257,2
2024-25,15,2024-12-01,Tottenham,Fulham,1,0.5554400324239102,0.241945698171324,0.20261426940476573,0,0.46129074077514276,0.23969319037407055,0.2990160688507867,0,0.5995545592030134,0.22305267513148086,0.17739276566550566,0,0.47596610529128475,0.32046382147458685,0.20357007323412848,0,0.5735984317106951,0.1075135146476986,0.3188880536416061,0
2024-25,15,2024-12-01,Chelsea,Aston Villa,0,0.5624736249803342,0.2156601402372822,0.22186623478238368,0,0.5087201114910263,0.232617259924769,0.2586626285842049,0,0.5588626234775826,0.228380706426254,0.2127566700961633,0,0.7728213576641824,0.06519448520733614,0.1619841571284815,0,0.8389092884668207,0.036128633580377156,0.12496207795280224,0
2024-25,15,2024-12-01,Manchester United,Everton,0,0.6336726918139274,0.21163880997866558,0.15468849820740696,0,0.5745241651580216,0.217668674746338,0.20780716009564043,0,0.6346487362257958,0.2141071525346747,0.15124411123952952,0,0.9085201057958379,0.06014989039783815,0.03133000380632391,0,0.8966384755238561,0.07953495770501391,0.023826566771129876,0
2024-25,15,2024-12-01,Liverpool,Manchester City,0,0.49159314812826266,0.23972634281298605,0.2686805090587511,0,0.48187257626072044,0.23748037140003095,0.2806470523392486,0,0.5595783693484856,0.21792607564832817,0.22249555500318627,0,0.7109890960448506,0.21283672779807594,0.07617417615707361,0,0.370935595550796,0.5632107180239714,0.06585368642523265,1
2024-25,15,2024-12-03,Leicester City,West Ham United,0,0.4213304165644709,0.2309824274500956,0.34768715598543354,0,0.4203399862494435,0.24572708614279076,0.3339329276077657,0,0.3544684112207528,0.2579453291712919,0.3875862596079553,2,0.6048456711215271,0.09659823753094555,0.2985560913475273,0,0.6162144931691877,0.08071754181632507,0.3030679650144872,0
2024-25,15,2024-12-03,Ipswich Town,Crystal Palace,2,0.4631917024385235,0.2541697430318863,0.2826385545295901,0,0.470103708950402,0.23926555163179933,0.2906307394177988,0,0.393759281337924,0.25813549292482246,0.34810522573725367,0,0.6300093691661571,0.26239503981761586,0.10759559101622708,0,0.851580592468674,0.05836712205047645,0.09005228548084938,0
2024-25,15,2024-12-04,Everton,Wolverhampton Wanderers,0,0.4645135240520401,0.2789875400681583,0.25649893587980155,0,0.39299356413801334,0.24600731827929562,0.36099911758269115,0,0.4906179678229688,0.2512471102469437,0.25813492193008764,0,0.34857498003935394,0.4495904373359821,0.2018345826246641,1,0.5247298395890464,0.30913673820876986,0.16613342220218386,0
2024-25,15,2024-12-04,Manchester City,Nottingham Forest,0,0.7363548422006244,0.1936844623666299,0.06996069543274565,0,0.6515530471179158,0.1925118912546298,0.1559350616274543,0,0.8419801003679458,0.12010944524678727,0.037910454385266905,0,0.7764766452659492,0.20052215020215983,0.02300120453189093,0,0.8635021655486484,0.11781609448103306,0.01868173997031848,0
2024-25,15,2024-12-04,Newcastle United,Liverpool,1,0.30676458519368055,0.2260211306357084,0.4672142841706113,2,0.33923392558408616,0.24426373031373774,0.416502344102176,2,0.29556587656268685,0.23579253186053356,0.4686415915767796,2,0.28176176500003136,0.10646713579853186,0.6117710992014369,2,0.49161849713398864,0.3542389659414974,0.15414253692451416,0
2024-25,15,2024-12-04,Southampton,Chelsea,2,0.17445470394680487,0.2578597040124147,0.5676855920407804,2,0.2866808035698948,0.2383501032835348,0.4749690931465703,2,0.11094058331853754,0.18828584870944137,0.7007735679720211,2,0.18669519106255927,0.47695702367093135,0.3363477852665093,1,0.06133872779351593,0.19187434608235568,0.7467869261241284,2
2024-25,15,2024-12-04,Arsenal,Manchester United,0,0.6697421623749125,0.20310628925188,0.12715154837320752,0,0.5465686446384547,0.2239093565922891,0.22952199876925622,0,0.7428438065600076,0.16820539512207375,0.0889507983179187,0,0.8144137381818712,0.07058696435592925,0.11499929746219953,0,0.9245547507874511,0.04282558115126389,0.03261966806128521,0
2024-25,15,2024-12-04,Aston Villa,Brentford,0,0.6034918435222449,0.21937643200662757,0.17713172447112746,0,0.4765737217704202,0.23772389796996116,0.28570238025961847,0,0.6033679240182545,0.22200475323488936,0.17462732274685616,0,0.797909841216397,0.14522424054813238,0.05686591823547067,0,0.8296494502744503,0.08307192708648203,0.08727862263906759,0
2024-25,15,2024-12-05,Fulham,Brighton and Hove Albion,0,0.42251049456745754,0.2437387373715098,0.33375076806103265,0,0.43279081792277757,0.24472186082008257,0.32248732125714,0,0.4267990062780523,0.25158622267906705,0.32161477104288055,0,0.42691219099603567,0.17309694350134608,0.3999908655026183,0,0.6405857822973657,0.10827952549458568,0.2511346922080487,0
2024-25,15,2024-12-05,Bournemouth,Tottenham,0,0.4015418093922746,0.24069952377911316,0.3577586668286124,0,0.39154881887804466,0.24698792449666362,0.3614632566252918,0,0.3784917371851028,0.2524759172888897,0.36903234552600755,0,0.36945507905663494,0.2052568393177162,0.4252880816256488,2,0.2328379426608021,0.12941209406207851,0.6377499632771194,2
2024-25,15,2024-12-07,Crystal Palace,Manchester City,1,0.20038009918909844,0.24562410113038854,0.553995799680513,2,0.25796963581244414,0.23229607301533609,0.5097342911722198,2,0.16719028662959168,0.20638290320819644,0.6264268101622119,2,0.16048609087762353,0.24900985322855715,0.5905040558938193,2,0.10231090742201181,0.12084451768665624,0.7768445748913319,2
2024-25,15,2024-12-07,Manchester United,Nottingham Forest,2,0.6135798353071624,0.2159736859709648,0.17044647872187305,0,0.5796405388414461,0.2165270282737165,0.20383243288483732,0,0.6290911048505835,0.21548587320939594,0.15542302194002056,0,0.7174926136390462,0.12409893670497728,0.15840844965597656,0,0.705092807622675,0.1618859293407322,0.1330212630365929,0
2024-25,15,2024-12-07,Aston Villa,Southampton,0,0.7184671308931915,0.1912366112096889,0.0902962578971196,0,0.6109711078427337,0.20727088797324444,0.18175800418402188,0,0.7814446278855433,0.15724617788921705,0.061309194225239706,0,0.8503852536623716,0.09321579182754747,0.05639895451008085,0,0.6327911182656811,0.31364680702002407,0.05356207471429487,0
2024-25,15,2024-12-07,Brentford,Newcastle United,0,0.37079337907481474,0.28499041317455664,0.34421620775062867,0,0.3904369975847176,0.24544219086984742,0.36412081154543496,0,0.34420862193155655,0.25131532480335256,0.40447605326509084,2,0.3441613794615561,0.47577392496217263,0.1800646955762712,1,0.37549760895405904,0.14227430341016556,0.4822280876357755,2
2024-25,15,2024-12-08,Fulham,Arsenal,1,0.22715423676998547,0.24605549836220497,0.5267902648678096,2,0.35141830793487117,0.2437403642553466,0.4048413278097823,2,0.18372021241476216,0.21272581670943255,0.6035539708758053,2,0.15532122218465114,0.2564893416829495,0.5881894361323994,2,0.19555108648818517,0.14043379986229293,0.6640151136495218,2
2024-25,15,2024-12-08,Ipswich Town,Bournemouth,2,0.3809918301916281,0.24504921449498815,0.37395895531338363,0,0.4138472507470474,0.2448729483698921,0.34127980088306054,0,0.3471334687579343,0.25706350835076386,0.3958030228913018,2,0.2975138110572779,0.22427904478235086,0.47820714416037113,2,0.3323601256841593,0.37970428614515933,0.2879355881706813,1
2024-25,15,2024-12-08,Leicester City,Brighton and Hove Albion,1,0.3171566638545731,0.25211070466114827,0.4307326314842787,2,0.39995039541219535,0.24550796716462092,0.35454163742318373,0,0.28622718903945304,0.24945614318166612,0.46431666777888086,2,0.18638567161579292,0.31028547516168503,0.5033288532225221,2,0.3483008737160051,0.14637331097423117,0.5053258153097638,2
2024-25,15,2024-12-08,Tottenham,Chelsea,2,0.4481030969047435,0.2245643861763003,0.32733251691895615,0,0.37632183877890946,0.2462064323808918,0.3774717288401987,2,0.4452453110343129,0.24495482597282625,0.3097998629928609,0,0.6262594740962525,0.08270321718770599,0.2910373087160415,0,0.6052468468875583,0.16826054494713857,0.22649260816530317,0
2024-25,15,2024-12-09,West Ham United,Wolverhampton Wanderers,0,0.48666403613315606,0.3124386863519762,0.2008972775148678,0,0.4858462415827708,0.23739273973460895,0.27676101868262026,0,0.5363267662074511,0.24274365461753114,0.2209295791750178,0,0.28589093399190235,0.6049191950555833,0.10918987095251423,1,0.125712153256165,0.7602617841700768,0.11402606257375811,1
2024-25,15,2024-12-14,Wolverhampton Wanderers,Ipswich Town,2,0.4645084305400373,0.2365306468572798,0.2989609226026827,0,0.5267492953733215,0.2302471164718588,0.24300358815481965,0,0.43790091905325584,0.2592488794212204,0.3028502015255238,0,0.294967516847814,0.1782831287220806,0.5267493544301054,2,0.4742711272919779,0.20063249973968247,0.32509637296833965,0
2024-25,15,2024-12-14,Newcastle United,Leicester City,0,0.5991707233850083,0.23599099336176146,0.1648382832532301,0,0.5706124510955121,0.21721111334488105,0.212176435559607,0,0.6298396937139861,0.21640901513453292,0.15375129115148095,0,0.4837940277333928,0.3105119948138894,0.2056939774527177,0,0.37970955854980615,0.42182672889599454,0.19846371255419934,1
2024-25,15,2024-12-14,Nottingham Forest,Aston Villa,0,0.3412476623881894,0.25896388045036123,0.39978845716144923,2,0.39843325948996877,0.2479160002395043,0.35365074027052684,0,0.37586291397100824,0.252221604607214,0.3719154814217777,0,0.36224137931197026,0.26910963266366056,0.3686489880243691,2,0.13919358438708573,0.34077336159184124,0.520033054021073,2
2024-25,15,2024-12-14,Arsenal,Everton,1,0.6620910385227735,0.18931659773788034,0.14859236373934617,0,0.6035126828427881,0.20802242138084054,0.18846489577637138,0,0.8205398849560868,0.1326128602340472,0.04684725480986615,0,0.4804639396032663,0.06574778866433989,0.4537882717323939,0,0.6355142145143107,0.11152820748774467,0.25295757799794466,0
2024-25,15,2024-12-14,Liverpool,Fulham,1,0.710339537472624,0.1975747251176741,0.09208573740970204,0,0.6466287286062874,0.19201621120635665,0.16135506018735601,0,0.7687206090694902,0.157585010550537,0.07369438037997278,0,0.845551556533765,0.13122598055064308,0.02322246291559198,0,0.816138148338856,0.13406858818636044,0.04979326347478366,0
2024-25,15,2024-12-15,Chelsea,Brentford,0,0.6556448630094371,0.20703692532860554,0.1373182116619571,0,0.5593584085394522,0.22192272742952981,0.21871886403101803,0,0.6994101685704855,0.18944665854389178,0.11114317288562262,0,0.9084361594107151,0.05813599632865996,0.03342784426062501,0,0.8679368998924185,0.018732442612280856,0.11333065749530052,0
2024-25,15,2024-12-15,Southampton,Tottenham,2,0.22019542222976304,0.25662876804216905,0.523175809728068,2,0.2989157860934676,0.2403301379330085,0.460754075973524,2,0.14531486204437336,0.21084090143806355,0.6438442365175632,2,0.1544077345396453,0.3122587197764917,0.5333335456838629,2,0.16399903875510283,0.2852938257072755,0.5507071355376217,2
2024-25,15,2024-12-15,Brighton and Hove Albion,Crystal Palace,2,0.5301425050976668,0.23459445730311201,0.2352630375992211,0,0.4740256740848302,0.23785859518870575,0.288115730726464,0,0.5483021993377365,0.23596424190704307,0.21573355875522043,0,0.4257593063346877,0.228791712262554,0.34544898140275826,0,0.8126905757274974,0.07761274795894872,0.10969667631355401,0
2024-25,15,2024-12-15,Manchester City,Manchester United,2,0.6661554109564667,0.2101781251079659,0.1236664639355674,0,0.5994380133734151,0.2082653119359505,0.19229667469063455,0,0.7669111879778537,0.15742117807374326,0.07566763394840309,0,0.631334399436772,0.09466123064497127,0.27400436991825666,0,0.9005033833574202,0.06652252920581163,0.032974087436768315,0
2024-25,15,2024-12-16,Bournemouth,West Ham United,1,0.451521074211734,0.29052816203995185,0.2579507637483139,0,0.43626114851330233,0.2413932047186182,0.32234564676807953,0,0.45882529676056344,0.2509064735585582,0.29026822968087845,0,0.2806938623442911,0.5457083059143545,0.1735978317413544,1,0.2897859855685464,0.24627405194416552,0.463939962487288,2
2024-25,15,2024-12-21,Crystal Palace,Arsenal,2,0.22981118853489613,0.22994932459382772,0.5402394868712761,2,0.2944930513864946,0.23784869504476913,0.46765825356873636,2,0.1940838761237511,0.21704089968832685,0.588875224187922,2,0.18487787321814536,0.17757548058906808,0.6375466461927866,2,0.1910254461380934,0.0814579132120751,0.7275166406498315,2
2024-25,15,2024-12-21,West Ham United,Brighton and Hove Albion,1,0.46848859210360827,0.23298985994614785,0.29852154795024416,0,0.433175040821198,0.2419954497769463,0.32482950940185584,0,0.3880830590707625,0.2539265446705839,0.35799039625865353,0,0.5389895520050367,0.20021745634369578,0.2607929916512675,0,0.327496858658583,0.2639582764956445,0.4085448648457725,2
2024-25,15,2024-12-21,Ipswich Town,Newcastle United,2,0.30541949180309463,0.2525395628269597,0.4420409453699457,2,0.35490508378704333,0.24780711491570367,0.39728780129725305,2,0.297081516755055,0.2500341065164132,0.4528843767285317,2,0.30199875614939636,0.21042560665066465,0.48757563719993907,2,0.1085938107176193,0.0314086056757542,0.8599975836066265,2
2024-25,15,2024-12-21,Brentford,Nottingham Forest,2,0.45080032700656303,0.2560264286273083,0.29317324436612874,0,0.43176229557181145,0.24393697989456728,0.3243007245336212,0,0.455806541404895,0.2520730948711925,0.2921203637239125,0,0.3025938107310222,0.35051654415248573,0.346889645116492,1,0.12303271630014924,0.23385760602567196,0.6431096776741788,2
2024-25,15,2024-12-21,Aston Villa,Manchester City,0,0.3198029293390625,0.22655139666444318,0.45364567399649425,2,0.31718448113325,0.24020108973076926,0.44261442913598076,2,0.2734119787846019,0.23276069902196947,0.4938273221934286,2,0.4214319710069428,0.13583903487680726,0.44272899411624994,2,0.41269852694040055,0.06914883451866241,0.5181526385409371,2
2024-25,15,2024-12-22,Everton,Chelsea,1,0.30429321837515066,0.25299011030859997,0.4427166713162493,2,0.2783835352463851,0.23739275053556091,0.484223714218054,2,0.2736043069666155,0.2418128110372064,0.48458288199617816,2,0.3709253199927403,0.27215370154572943,0.35692097846153026,0,0.3600099151165049,0.27321846183537063,0.3667716230481245,2
2024-25,15,2024-12-22,Fulham,Southampton,1,0.6804870955977215,0.19770898531813344,0.12180391908414495,0,0.5435620042349119,0.22369828222399532,0.2327397135410929,0,0.6853268539813931,0.20123184228644217,0.11344130373216464,0,0.7858922791143198,0.060536582260597646,0.15357113862508248,0,0.7892621385557649,0.08119596770172492,0.1295418937425102,0
2024-25,15,2024-12-22,Leicester City,Wolverhampton Wanderers,2,0.49059145338617294,0.2420361036933027,0.26737244292052453,0,0.4935545741238902,0.23473435046819888,0.2717110754079109,0,0.43030922754618517,0.2595846477570763,0.31010612469673854,0,0.5645309235552951,0.14158489642838226,0.29388418001632255,0,0.41198141485510964,0.12800065874790367,0.46001792639698663,2
2024-25,15,2024-12-22,Manchester United,Bournemouth,2,0.5615576816128635,0.24327878198534267,0.19516353640179399,0,0.4888363846025079,0.23535830479140465,0.27580531060608743,0,0.5710535181842659,0.22963674131377115,0.19930974050196293,0,0.6917862065964641,0.2062905889054932,0.10192320449804268,0,0.8005712728216614,0.07759734737056197,0.12183137980777667,0
2024-25,15,2024-12-22,Tottenham,Liverpool,2,0.2902210462014468,0.2437946432680144,0.4659843105305389,2,0.272946408664248,0.23422672122617538,0.4928268701095765,2,0.2817809297689719,0.23474437038011536,0.48347469985091274,2,0.3748194564707919,0.1381434006839624,0.48703714284524574,2,0.1894451865439263,0.15306594178061758,0.6574888716754561,2
2024-25,15,2024-12-26,Wolverhampton Wanderers,Manchester United,0,0.28048950266357564,0.23464813466104215,0.48486236267538224,2,0.43164028365513685,0.24310790178511668,0.32525181455974644,0,0.24585933926229583,0.2415088895315087,0.5126317712061954,2,0.09703201788098106,0.16565346205186016,0.7373145200671588,2,0.09245504485941562,0.18618261233686367,0.7213623428037207,2
2024-25,15,2024-12-26,Southampton,West Ham United,2,0.3429518822370135,0.23474748779850702,0.4223006299644794,2,0.30723620057202067,0.24191689464945162,0.4508469047785276,2,0.2107310377216887,0.2390455446150552,0.5502234176632562,2,0.5037563196481498,0.20760511067101886,0.2886385696808313,0,0.46621891084288464,0.16214482342715522,0.3716362657299602,0
2024-25,15,2024-12-26,Nottingham Forest,Tottenham,0,0.3830200849656548,0.26773831132440146,0.34924160370994384,0,0.43573179559796066,0.24170703992578116,0.3225611644762582,0,0.38960418312756034,0.25221218022814573,0.358183636644294,0,0.17004399488426,0.3331822368494262,0.4967737682663138,2,0.14684959921689167,0.2536722487789051,0.5994781520042032,2
2024-25,15,2024-12-26,Liverpool,Leicester City,0,0.7715754163592015,0.16645295030278384,0.06197163333801472,0,0.6686348126502177,0.18585673386831678,0.14550845348146546,0,0.8540240508966237,0.1137066179210071,0.032269331182369236,0,0.8133210499639534,0.08983612633881273,0.09684282369723396,0,0.6649168514832823,0.07562467983213636,0.25945846868458144,0
2024-25,15,2024-12-26,Chelsea,Fulham,2,0.6193984851357031,0.22156876119332838,0.15903275367096859,0,0.531856120767956,0.22892448223540365,0.23921939699664047,0,0.6951144859431435,0.19080753067297523,0.11407798338388117,0,0.6017806656397591,0.22096218450089158,0.17725714985934937,0,0.6145841437459927,0.2344007542849325,0.1510151019690747,0
2024-25,15,2024-12-26,Bournemouth,Crystal Palace,1,0.47812588416690616,0.24684992026702884,0.27502419556606494,0,0.4721143664011134,0.23777152338357987,0.290114110215307,0,0.485868265861934,0.24703138204865627,0.26710035208940974,0,0.3524455433926547,0.2602303552193679,0.38732410138797746,2,0.5656726007559508,0.16132261880692886,0.27300478043712034,0
2024-25,15,2024-12-26,Manchester City,Everton,1,0.6946910706267582,0.20895576029578283,0.09635316907745906,0,0.6057871243391066,0.20678951890314842,0.18742335675774505,0,0.8051283842075404,0.1406970646048676,0.05417455118759205,0,0.7359306149553464,0.16724917878306422,0.0968202062615893,0,0.902536638793968,0.06917706221530327,0.028286298990728834,0
2024-25,15,2024-12-26,Newcastle United,Aston Villa,0,0.47847642413575375,0.23334014714176898,0.28818342872247715,0,0.4885535278137886,0.23618475456930418,0.2752617176169073,0,0.49726937284496664,0.24003734561288367,0.26269328154214966,0,0.5330444332249415,0.14462199654565405,0.32233357022940456,0,0.6978002956707499,0.06792278653735043,0.23427691779189974,0
2024-25,15,2024-12-27,Brighton and Hove Albion,Brentford,1,0.5067481078456398,0.28854813436896737,0.20470375778539285,0,0.4560597832590135,0.24118285751311805,0.3027573592278685,0,0.5458618163846571,0.23754517632566782,0.21659300728967515,0,0.5102186832559633,0.3445712307166989,0.14521008602733781,0,0.828988744085449,0.07150982622122577,0.09950142969332522,0
2024-25,15,2024-12-27,Arsenal,Ipswich Town,0,0.7610009051056899,0.17800984707433842,0.06098924781997181,0,0.7531358544950189,0.15011474794176413,0.09674939756321699,0,0.8304203876792569,0.12757806515116452,0.04200154716957862,0,0.8486989069504308,0.12032028894266995,0.030980804106899264,0,0.8037616885675826,0.11556414187728559,0.08067416955513192,0
2024-25,15,2024-12-29,West Ham United,Liverpool,2,0.22740249010911395,0.2497952509841544,0.5228022589067315,2,0.3125888695023602,0.24204384268559745,0.44536728781204227,2,0.19339135462045354,0.21587322975243678,0.5907354156271096,2,0.2710593039955307,0.27148917815996537,0.457451517844504,2,0.4219541728422151,0.2250779495798427,0.35296787757794224,0
2024-25,15,2024-12-29,Tottenham,Wolverhampton Wanderers,1,0.610858458187068,0.23220263776347744,0.15693890404945463,0,0.4626338380661992,0.24112142585634605,0.29624473607745466,0,0.6487229708649925,0.2111554811793776,0.14012154795562992,0,0.7119199874910285,0.2399715374169354,0.048108475092036175,0,0.7872715666861869,0.18180640613038787,0.030922027183425224,0
2024-25,15,2024-12-29,Fulham,Bournemouth,1,0.45052647104716975,0.28161787814538186,0.2678556508074482,0,0.4393951212413253,0.2411657527985452,0.31943912596012947,0,0.4580309527167296,0.24944417907829292,0.2925248682049776,0,0.3768470581721982,0.33474808706674813,0.2884048547610536,0,0.2659699440124388,0.21874754022842546,0.5152825157591358,2
2024-25,15,2024-12-29,Crystal Palace,Southampton,0,0.6578984059740909,0.20201276735913215,0.14008882666677713,0,0.6104762787113591,0.20666169415638594,0.18286202713225486,0,0.6687542929665647,0.20805898392996808,0.12318672310346722,0,0.8244193614957573,0.0570244605059038,0.11855617799833898,0,0.8062443480760882,0.1093577790391179,0.08439787288479379,0
2024-25,15,2024-12-29,Leicester City,Manchester City,2,0.15335060560686542,0.1953000664627481,0.6513493279303865,2,0.2306066905106235,0.22644922772933845,0.5429440817600378,2,0.13772300531695514,0.1974673968904031,0.6648095977926418,2,0.13064372709965028,0.05228319948260038,0.8170730734177494,2,0.21182085774840514,0.07740731557190561,0.7107718266796893,2
2024-25,15,2024-12-29,Everton,Nottingham Forest,2,0.40306515630641765,0.2742608745733709,0.32267396912021135,0,0.4523385396034424,0.2417266009991272,0.3059348593974303,0,0.41262111179049776,0.254420703947527,0.3329581842619753,0,0.27576894246895806,0.3022049823707477,0.4220260751602942,2,0.3556366817788808,0.28141124726917877,0.36295207095194043,2
2024-25,15,2024-12-30,Aston Villa,Brighton and Hove Albion,1,0.5315405934517241,0.2491427889180597,0.21931661763021623,0,0.5545155536232841,0.22325411991724767,0.2222303264594681,0,0.5791332847833018,0.22695975553140774,0.19390695968529043,0,0.4452234148330342,0.3586084493752868,0.19616813579167902,0,0.49208839430135276,0.4240823058621761,0.08382929983647118,0
2024-25,15,2024-12-30,Ipswich Town,Chelsea,0,0.24819183524308225,0.221299439588716,0.5305087251682019,2,0.26209747222782137,0.23203511090916545,0.5058674168630132,2,0.1926494879830228,0.22423741969152644,0.5831130923254507,2,0.19565965495481188,0.12278267191084512,0.681557673134343,2,0.3198607484322566,0.05798855555419431,0.6221506960135491,2
2024-25,15,2024-12-30,Manchester United,Newcastle United,2,0.4117024312357805,0.24237091398323074,0.3459266547809889,0,0.508569876826119,0.23180622797938777,0.25962389519449336,0,0.41490871866078877,0.24857849675917792,0.3365127845800332,0,0.2834049871991549,0.18261722366019487,0.5339777891406502,2,0.2873673899279528,0.3253651271997585,0.3872674828722886,2
2024-25,15,2025-01-01,Brentford,Arsenal,2,0.212714520944067,0.24518400178324068,0.5421014772726923,2,0.27623600744975013,0.2369258403955405,0.48683815215470944,2,0.19007051629797894,0.21636206479850162,0.5935674189035194,2,0.15517783472517768,0.2689364204904983,0.5758857447843241,2,0.1519468566038751,0.19731094031628918,0.6507422030798357,2
2024-25,15,2025-01-04,Southampton,Brentford,2,0.27702221245457415,0.22975774987091793,0.4932200376745079,2,0.3377530499247824,0.24381084225189828,0.4184361078233194,2,0.18241626015713394,0.23057410991705743,0.5870096299258086,2,0.268909361680096,0.1258619332660842,0.6052287050538199,2,0.3157012716676088,0.13471501181723222,0.5495837165151589,2
2024-25,15,2025-01-04,Brighton and Hove Albion,Arsenal,1,0.24068265501338085,0.23042247599865087,0.5288948689879683,2,0.3443063102158527,0.24343645456689783,0.41225723521724966,2,0.21798932458793907,0.22244038316123088,0.5595702922508301,2,0.20498821768417055,0.1263297408099968,0.6686820415058328,2,0.3957041652253134,0.08888245744234757,0.5154133773323389,2
2024-25,15,2025-01-04,Manchester City,West Ham United,0,0.7148074015289757,0.19068962974933676,0.09450296872168755,0,0.603165235311455,0.20785874058827206,0.1889760241002728,0,0.7863065834129359,0.14993680097998577,0.06375661560707847,0,0.9140488335747359,0.037374190178851,0.04857697624641323,0,0.9424003455050836,0.023284198225848513,0.03431545626906778,0
2024-25,15,2025-01-04,Bournemouth,Everton,0,0.4944207111462896,0.27136240569128617,0.23421688316242414,0,0.4385988047138929,0.24242004726239894,0.31898114802370836,0,0.5403751130715063,0.2392372797076795,0.22038760722081419,0,0.26887943712661766,0.4730941588244621,0.25802640404892013,1,0.7167797052359133,0.1760956610311623,0.10712463373292451,0
2024-25,15,2025-01-04,Aston Villa,Leicester City,0,0.6710511472200135,0.20106450323314232,0.12788434954684413,0,0.5454903943799895,0.22419161966152854,0.23031798595848202,0,0.6878274004379474,0.1971126772876397,0.11505992227441278,0,0.8064093047921314,0.08618732494141985,0.10740337026644885,0,0.558859095096509,0.27311969654243456,0.16802120836105652,0
2024-25,15,2025-01-04,Tottenham,Newcastle United,2,0.41870276000783363,0.24705505967678604,0.33424218031538017,0,0.34418184348484615,0.24550618041578662,0.41031197609936704,2,0.43847489871671624,0.24753742135744775,0.3139876799258362,0,0.4896109771508712,0.19098106779492185,0.3194079550542069,0,0.3408448468375325,0.5096064890774787,0.14954866408498874,1
2024-25,15,2025-01-04,Crystal Palace,Chelsea,1,0.32119452375643565,0.3006224817095677,0.37818299453399673,2,0.36021121126682526,0.24594645065385756,0.39384233807931723,2,0.34828689700559645,0.24960447898215346,0.4021086240122501,2,0.12288921710623044,0.5256938410929686,0.3514169418008011,1,0.33904048843024515,0.13928732085442633,0.5216721907153286,2
2024-25,15,2025-01-05,Fulham,Ipswich Town,1,0.6101490860383645,0.2130348465774041,0.1768160673842311,0,0.5123339434651799,0.23169009181936434,0.2559759647154559,0,0.5811792748426224,0.231163811599155,0.18765691355822253,0,0.8093422729608307,0.08542851654540642,0.10522921049376292,0,0.5784113701756919,0.1764966236180474,0.2450920062062607,0
2024-25,15,2025-01-05,Liverpool,Manchester United,1,0.6429680265030515,0.24062326727710762,0.11640870621984106,0,0.647460945077182,0.1935025122859103,0.1590365426369077,0,0.7832465732697783,0.15033155613422527,0.06642187059599644,0,0.6977674542033927,0.21397807024478688,0.0882544755518204,0,0.6497023421331843,0.3158153938918199,0.034482263974995875,0
2024-25,15,2025-01-06,Wolverhampton Wanderers,Nottingham Forest,2,0.3345626604453108,0.25053297659884005,0.41490436295584937,2,0.3619131063684078,0.24457103676279632,0.3935158568687961,2,0.3190903751400529,0.2533028081168977,0.42760681674304946,2,0.12361950098892155,0.2682232327369553,0.608157266274123,2,0.054312934159493245,0.14817393259206205,0.7975131332484447,2
2024-25,15,2025-01-14,Brentford,Manchester City,1,0.23468667558037462,0.23914556995170752,0.5261677544679179,2,0.2859622240438121,0.23931440926821984,0.4747233666879681,2,0.20256590654137097,0.22068443336152607,0.576749660097103,2,0.1671755495631615,0.11003219639750635,0.7227922540393322,2,0.13931750712370336,0.07420118061274657,0.78648131226355,2
2024-25,15,2025-01-14,Chelsea,Bournemouth,1,0.5666456009956546,0.24150257850828502,0.1918518204960603,0,0.5193715506120001,0.23124213218805123,0.24938631719994878,0,0.6296153034199885,0.21288102024742034,0.157503676332591,0,0.5611816382173248,0.24476839936111158,0.19404996242156372,0,0.5746807687574438,0.3258359561051256,0.09948327513743052,0
2024-25,15,2025-01-14,West Ham United,Fulham,0,0.4481265885649169,0.25197072657326863,0.2999026848618144,0,0.4401966474617337,0.2424545019265933,0.31734885061167295,0,0.42804448084746827,0.2530223139793745,0.3189332051731572,0,0.46977745068594023,0.25050827923767116,0.2797142700763885,0,0.2641268103916703,0.41107309755852783,0.32480009204980187,1
2024-25,15,2025-01-14,Nottingham Forest,Liverpool,1,0.2426701109716003,0.2500151949200753,0.5073146941083243,2,0.30331289561606584,0.24128716156321017,0.45539994282072405,2,0.254215019330081,0.23064157049585005,0.515143410174069,2,0.19583490781039842,0.20368318180798542,0.6004819103816161,2,0.48236786575720614,0.315794432800774,0.2018377014420198,0
2024-25,15,2025-01-15,Newcastle United,Wolverhampton Wanderers,0,0.661459249197764,0.21783760372127925,0.12070314708095664,0,0.6326959011923796,0.19967885890238496,0.16762523990523537,0,0.7102521607719073,0.18733231995778343,0.10241551927030926,0,0.7920653479264369,0.1783535943699427,0.029581057703620278,0,0.8142338182684471,0.12635483647385,0.05941134525770294,0
2024-25,15,2025-01-15,Everton,Aston Villa,2,0.3622910514199505,0.25024402213998465,0.38746492644006486,2,0.37013559097881904,0.24604683327321944,0.38381757574796166,2,0.3101148582846304,0.24950438246012335,0.4403807592552462,2,0.40562241933759874,0.24006981225900892,0.35430776840339234,0,0.3148063197333806,0.4176281057872742,0.2675655744793453,1
2024-25,15,2025-01-15,Leicester City,Crystal Palace,2,0.3351196134686626,0.257246561563721,0.4076338249676165,2,0.37255035038776285,0.24485901427803558,0.38259063533420157,2,0.2827528090770768,0.2514826427941379,0.4657645481287854,2,0.16997908800607184,0.29746679219054467,0.5325541198033835,2,0.16067455016000506,0.3116436355535878,0.5276818142864071,2
2024-25,15,2025-01-15,Arsenal,Tottenham,0,0.7029979863217315,0.19226112574373774,0.10474088793453068,0,0.6341932711117827,0.19821834122384757,0.16758838766436965,0,0.7727321024646356,0.15577380382809655,0.07149409370726775,0,0.9053755749782012,0.04245527748367213,0.05216914753812666,0,0.8150491446481277,0.11979044969845216,0.0651604056534202,0
2024-25,15,2025-01-16,Manchester United,Southampton,0,0.6848041506880387,0.20213798232527183,0.1130578669866894,0,0.6560274088992817,0.19089200425991876,0.15308058684079964,0,0.7319687607480936,0.1817371968237582,0.08629404242814828,0,0.7810208267156766,0.0797828169500436,0.13919635633427968,0,0.5806707447317714,0.1279958834196566,0.29133337184857205,0
2024-25,15,2025-01-16,Ipswich Town,Brighton and Hove Albion,2,0.42182170959956955,0.22899688351622702,0.3491814068842035,0,0.3449863366592233,0.24607582335794048,0.40893783998283617,2,0.3311275675626211,0.2547326319241469,0.4141398005132321,2,0.5308677523045072,0.11557410118839821,0.3535581465070946,0,0.3263601187962832,0.23451858780787177,0.439121293395845,2
2024-25,15,2025-01-18,Newcastle United,Bournemouth,2,0.5560770400406936,0.2333553728091353,0.21056758715017107,0,0.5276374336903422,0.2283348755050256,0.24402769080463219,0,0.61233618115825,0.21733064515584796,0.17033317368590203,0,0.5222930884756003,0.18759000383204086,0.29011690769235887,0,0.4425018168472989,0.21295420511642016,0.344543978036281,0
2024-25,15,2025-01-18,Brentford,Liverpool,2,0.21438826446254922,0.2495263069758678,0.536085428561583,2,0.29221171204553487,0.2392889825386065,0.4684993054158585,2,0.18728778767943885,0.2144326661826805,0.5982795461378807,2,0.17067077631120212,0.33288323521899743,0.49644598846980054,2,0.21038069844863,0.3164597446327607,0.47315955691860917,2
2024-25,15,2025-01-18,Leicester City,Fulham,2,0.3312099117873008,0.2752556961721287,0.3935343920405706,2,0.3759271676888484,0.24590393243453595,0.3781688998766158,2,0.2752859155728298,0.2505827360363785,0.4741313483907918,2,0.27228825903832465,0.33983353672655103,0.3878782042351243,2,0.18648527464163345,0.31866367403315454,0.49485105132521207,2
2024-25,15,2025-01-18,West Ham United,Crystal Palace,2,0.503538782105182,0.232702524398902,0.2637586934959161,0,0.4655891931469409,0.24097885182570258,0.2934319550273564,0,0.46647216734955743,0.24981994488494727,0.2837078877654952,0,0.6956594211332988,0.1816583708703085,0.12268220799639266,0,0.41815885571605105,0.15840627256669082,0.42343487171725824,2
2024-25,15,2025-01-18,Arsenal,Aston Villa,1,0.6725780952374,0.2013669778450059,0.12605492691759415,0,0.6242938708956102,0.20134632171421835,0.17435980739017154,0,0.7241042518963081,0.17535265997135754,0.10054308813233438,0,0.7477407285167086,0.18542041461954725,0.0668388568637442,0,0.8839612278164711,0.09816063233073614,0.017878139852792768,0
2024-25,15,2025-01-19,Everton,Tottenham,0,0.38459292097978515,0.28711887789514184,0.32828820112507306,0,0.37710182042268436,0.2465054333604649,0.3763927462168507,0,0.3699770429817225,0.25581055594262353,0.374212401075654,2,0.3766560504502977,0.47844116166797096,0.1449027878817315,1,0.4647054625459571,0.44884256397755273,0.08645197347649014,0
2024-25,15,2025-01-19,Manchester United,Brighton and Hove Albion,2,0.48358430241020334,0.2482618363493057,0.26815386124049095,0,0.5058576448004892,0.23301731341913123,0.26112504178037954,0,0.48021059280657746,0.24520865767043243,0.2745807495229901,0,0.6356826707008013,0.1749122957244642,0.18940503357473454,0,0.6330649436482536,0.1864953991855843,0.180439657166162,0
2024-25,15,2025-01-19,Nottingham Forest,Southampton,0,0.6971976534476352,0.20760924002358797,0.09519310652877698,0,0.6497403249560026,0.19307574758324061,0.15718392746075655,0,0.7222613075585558,0.18618850227813222,0.09155019016331202,0,0.8013009400279898,0.1709509263434173,0.02774813362859281,0,0.7772973166693412,0.16910290854521023,0.053599774785448556,0
2024-25,15,2025-01-19,Ipswich Town,Manchester City,2,0.1669674970280876,0.2053535353039653,0.627678967667947,2,0.2852161154064259,0.23936050675085577,0.4754233778427182,2,0.13195593664622726,0.1939554469494228,0.67408861640435,2,0.16512255115455615,0.08700142913363633,0.7478760197118075,2,0.1547058138995075,0.14358088819493398,0.7017132979055586,2
2024-25,15,2025-01-20,Chelsea,Wolverhampton Wanderers,0,0.6678507005070697,0.19948622302538815,0.1326630764675421,0,0.5761515045253325,0.2163324916546034,0.2075160038200643,0,0.7009422036105486,0.19112765066516388,0.10793014572428752,0,0.7972433228227306,0.07248214158636092,0.1302745355909084,0,0.6897440088399771,0.12174018370473472,0.18851580745528823,0
2024-25,15,2025-01-25,Wolverhampton Wanderers,Arsenal,2,0.16481599227615007,0.22733618347777867,0.6078478242460714,2,0.2962264726712529,0.24061971924181083,0.4631538080869363,2,0.12117309682017757,0.18745719823883922,0.6913697049409833,2,0.18619415475750475,0.2251967551056456,0.5886090901368496,2,0.10480585682861861,0.11023044736288946,0.784963695808492,2
2024-25,15,2025-01-25,Manchester City,Chelsea,0,0.6399825326483858,0.2153411042594711,0.1446763630921432,0,0.5042802449601642,0.23443110097018294,0.26128865406965285,0,0.7356915578052959,0.17076358984624737,0.09354485234845661,0,0.8236307468759206,0.1393123002066705,0.03705695291740884,0,0.8687699900266597,0.10611765124188423,0.025112358731455987,0
2024-25,15,2025-01-25,Southampton,Newcastle United,2,0.16575364366491502,0.24149634611698081,0.5927500102181041,2,0.26893135579411986,0.23616237676403132,0.4949062674418489,2,0.10710533979650846,0.18770263406576143,0.70519202613773,2,0.13653746780510698,0.3375761063712103,0.5258864258236827,2,0.06445186966102182,0.5337789611600882,0.4017691691788901,1
2024-25,15,2025-01-25,Brighton and Hove Albion,Everton,2,0.6192871117333476,0.2119146810636042,0.16879820720304844,0,0.5493714932691234,0.22349552490286317,0.22713298182801359,0,0.6000637307904454,0.2242921641680103,0.1756441050415443,0,0.8685534093703032,0.06052099756948825,0.07092559306020839,0,0.9026873062048183,0.034650562853013614,0.06266213094216819,0
2024-25,15,2025-01-25,Bournemouth,Nottingham Forest,0,0.4589262824126914,0.23469327016022618,0.3063804474270824,0,0.47158489213629723,0.2376312887260357,0.29078381913766704,0,0.4624042376747521,0.24715264470482926,0.29044311762041874,0,0.38120095245764857,0.1592930086464588,0.45950603889589264,2,0.26212023022080483,0.21900073438664386,0.5188790353925513,2
2024-25,15,2025-01-25,Liverpool,Ipswich Town,0,0.7621746096012435,0.16838305566075853,0.06944233473799805,0,0.7195334873896848,0.16567591030942816,0.11479060230088686,0,0.8513259462534895,0.11525364244606567,0.033420411300445,0,0.8020343338551627,0.07255082542884173,0.12541484071599582,0,0.8164651889733922,0.02960053946189385,0.15393427156471395,0
2024-25,15,2025-01-26,Crystal Palace,Brentford,2,0.5328027044908996,0.2466672530248022,0.22053004248429808,0,0.4665019601095706,0.24011279599068933,0.29338524389973997,0,0.5370290937724294,0.23929074591797908,0.2236801603095915,0,0.5079599267463557,0.3154839852127725,0.1765560880408719,0,0.6306976573639069,0.25741691570760833,0.11188542692848476,0
2024-25,15,2025-01-26,Tottenham,Leicester City,2,0.5708442306822321,0.2551989253248971,0.17395684399287084,0,0.5537833567234225,0.22275743231954395,0.22345921095703353,0,0.6234606784299853,0.22115252655207274,0.15538679501794198,0,0.5358893170290074,0.2965176944738673,0.16759298849712526,0,0.625457085751451,0.30161678830705546,0.07292612594149357,0
2024-25,15,2025-01-26,Aston Villa,West Ham United,1,0.5531887707723567,0.2865887042650294,0.16022252496261358,0,0.4842666076465914,0.2366771849205803,0.27905620743282844,0,0.6411880668296431,0.21064370105455757,0.14816823211579935,0,0.44665465316174036,0.47489688922675194,0.0784484576115078,1,0.8479132486806669,0.07048476157402424,0.08160198974530877,0
2024-25,15,2025-01-26,Fulham,Manchester United,2,0.4715113051187824,0.25668693264088543,0.2718017622403322,0,0.44337769220380296,0.24261071274975063,0.3140115950464465,0,0.46322014790406973,0.24853766791025303,0.2882421841856773,0,0.5665242890200429,0.2486086615512114,0.18486704942874574,0,0.28630388599439627,0.5366133282316047,0.177082785773999,1
2024-25,15,2025-02-01,Nottingham Forest,Brighton and Hove Albion,0,0.5099851116036617,0.2382092480043694,0.2518056403919689,0,0.4881982772316654,0.23603702501195795,0.2757646977563767,0,0.4703079897130544,0.2467117091774584,0.2829803011094871,0,0.7446504704674592,0.1387330260514932,0.11661650348104752,0,0.7283315686153403,0.09709497584082936,0.1745734555438302,0
2024-25,15,2025-02-01,Bournemouth,Liverpool,2,0.2628807889065279,0.22427476865324536,0.5128444424402268,2,0.2861279957295182,0.23692050263808626,0.47695150163239547,2,0.24712563854093905,0.22836215163609666,0.5245122098229643,2,0.30581412183218126,0.11364412753731631,0.5805417506305024,2,0.6164366372753778,0.10838004225469372,0.2751833204699286,0
2024-25,15,2025-02-01,Everton,Leicester City,0,0.5451986761399875,0.23822996139425123,0.2165713624657613,0,0.4603133272226828,0.24028752514909252,0.2993991476282248,0,0.5534972774429087,0.24009808229372875,0.2064046402633625,0,0.5560788921122749,0.22333513992827206,0.22058596795945312,0,0.6405735522313698,0.13048804574041575,0.22893840202821455,0
2024-25,15,2025-02-01,Ipswich Town,Southampton,2,0.5600799414177259,0.24728328565971178,0.1926367729225622,0,0.5179393129487381,0.23087997474565075,0.2511807123056111,0,0.5824744333638407,0.2378999018107428,0.1796256648254164,0,0.39548561349015676,0.2809488699461402,0.323565516563703,0,0.5460699858140988,0.2821427841859116,0.17178722999998963,0
2024-25,15,2025-02-01,Newcastle United,Fulham,2,0.5666749561822717,0.24871609939560615,0.18460894442212242,0,0.48311142534756724,0.23628844550134098,0.2806001291510918,0,0.6144441547685219,0.2178611013192966,0.16769474391218153,0,0.5666685229748379,0.304659647702034,0.12867182932312807,0,0.6495967745721035,0.09501171411764431,0.2553915113102522,0
2024-25,15,2025-02-01,Wolverhampton Wanderers,Aston Villa,0,0.2934833639637616,0.22743016446243197,0.4790864715738063,2,0.3301331726399188,0.24356406048409204,0.42630276687598917,2,0.22184147795455633,0.23463324700667673,0.543525275038767,2,0.3917168571421836,0.1273007501806676,0.4809823926771488,2,0.2933365810231387,0.08372114257053523,0.622942276406326,2
2024-25,15,2025-02-02,Manchester United,Crystal Palace,2,0.4853240936220131,0.23483461793604202,0.2798412884419447,0,0.4584054135507369,0.24000774242627207,0.301586844022991,0,0.5206523588998498,0.2404222069519441,0.238925434148206,0,0.4038081586976139,0.14877459360091222,0.4474172477014739,2,0.5177134182455829,0.09286103894612205,0.38942554280829506,0
2024-25,15,2025-02-02,Arsenal,Manchester City,0,0.5085775181838987,0.2593576530915952,0.23206482872450607,0,0.48446869977290324,0.23663172640836075,0.2788995738187361,0,0.5897427323881501,0.2129138533263383,0.19734341428551153,0,0.6195050013356802,0.27808334710755184,0.10241165155676787,0,0.3532623254120904,0.5181745183429941,0.12856315624491538,1
2024-25,15,2025-02-02,Brentford,Tottenham,2,0.48693200706426254,0.24534849534627326,0.26771949758946434,0,0.4245358590323572,0.24416474634381213,0.3312993946238306,0,0.47089114281940464,0.24976526641535637,0.2793435907652392,0,0.6467383044388161,0.18391259088527212,0.16934910467591174,0,0.4186718028635663,0.07922828646751172,0.5020999106689219,2
2024-25,15,2025-02-03,Chelsea,West Ham United,0,0.5707263678059078,0.260166115430613,0.16910751676347915,0,0.5159083258927158,0.23189418999351147,0.25219748411377263,0,0.6547232201156066,0.20612205468475187,0.1391547251996416,0,0.5382924195971664,0.3205090486039931,0.14119853179884062,0,0.7302649755239038,0.14766932145980938,0.12206570301628675,0
2024-25,15,2025-02-12,Everton,Liverpool,1,0.19571255563239465,0.23961233286641362,0.5646751115011917,2,0.30063085799998013,0.23861626822345247,0.46075287377656726,2,0.14136508088876015,0.19485802874737485,0.663776890363865,2,0.2082748850614345,0.19609506605752908,0.5956300488810365,2,0.1631553382978682,0.2582477052362484,0.5785969564658834,2
2024-25,15,2025-02-14,Brighton and Hove Albion,Chelsea,0,0.4001437898779546,0.2627984149416075,0.3370577951804379,0,0.4097097140843119,0.245513764891085,0.34477652102460293,0,0.40613425191051,0.24885149166814702,0.34501425642134304,0,0.3823290772327493,0.38725190608021326,0.23041901668703743,1,0.45928324537100523,0.4716949909934742,0.06902176363552065,1
2024-25,15,2025-02-15,Leicester City,Arsenal,2,0.1276610603035539,0.17824184993055261,0.6940970897658937,2,0.24152366265207467,0.22955153437496595,0.5289248029729594,2,0.10336603184995652,0.17683703634763254,0.719796931802411,2,0.10896755256501683,0.039749077989268675,0.8512833694457145,2,0.10265431684631202,0.033417788070404755,0.8639278950832833,2
2024-25,15,2025-02-15,Aston Villa,Ipswich Town,1,0.6725218813031265,0.2041568781583261,0.12332124053854727,0,0.5992756189373132,0.2101729751492702,0.19055140591341677,0,0.6935383272355289,0.19498561150377125,0.11147606126069984,0,0.8833205154019714,0.07238855600670903,0.044290928591319535,0,0.7776440981639312,0.1616799551725585,0.060675946663510325,0
2024-25,15,2025-02-15,Fulham,Nottingham Forest,0,0.45347593708112577,0.2319357569933726,0.3145883059255016,0,0.4028778243017406,0.24620033029068908,0.3509218454075703,0,0.46144912898339757,0.24857876661470027,0.2899721044019022,0,0.5228016041601824,0.12070165679238949,0.35649673904742823,0,0.25077720671654175,0.2236655090051495,0.5255572842783088,2
2024-25,15,2025-02-15,Manchester City,Newcastle United,0,0.6551482624304011,0.2030585164358002,0.14179322113379883,0,0.5779730716949354,0.21540926412213143,0.20661766418293315,0,0.7152722748803156,0.17909678855265745,0.10563093656702693,0,0.8183320718209599,0.06846489245742021,0.11320303572161985,0,0.9318668648236511,0.03651156187446875,0.0316215733018802,0
2024-25,15,2025-02-15,Southampton,Bournemouth,2,0.2368240464972839,0.26841944245543514,0.4947565110472808,2,0.3387511813949627,0.24653004424786013,0.4147187743571773,2,0.15400402065904642,0.215995654663174,0.6300003246777796,2,0.19370049275967166,0.3922475823519851,0.41405192488834336,2,0.22342055470122377,0.2235066069969876,0.5530728383017887,2
2024-25,15,2025-02-15,West Ham United,Brentford,2,0.47607952208193577,0.2519495024181863,0.2719709754998779,0,0.43202391523701356,0.24212989111807628,0.3258461936449102,0,0.4451052141174586,0.2530796089935833,0.3018151768889581,0,0.5020581743746204,0.3079680680115767,0.189973757613803,0,0.24195908411721043,0.3447260312059911,0.4133148846767985,2
2024-25,15,2025-02-15,Crystal Palace,Everton,2,0.5153778880191897,0.24426355403509215,0.2403585579457181,0,0.4297626583217977,0.24294697066034518,0.32729037101785713,0,0.526371518671209,0.24097647713098608,0.23265200419780493,0,0.590938241346718,0.16437930585483965,0.24468245279844225,0,0.795819237079243,0.0584138135443109,0.1457669493764461,0
2024-25,15,2025-02-16,Tottenham,Manchester United,0,0.43257309527044036,0.2284014943687277,0.33902541036083206,0,0.45024941795327533,0.24138135871921057,0.3083692233275141,0,0.43631648199861073,0.2512185854607797,0.3124649325406096,0,0.32602397601101907,0.09741169115675936,0.5765643328322216,2,0.35334927862855325,0.257964977750479,0.38868574362096786,2
2024-25,15,2025-02-16,Liverpool,Wolverhampton Wanderers,0,0.730894181482584,0.18391429299590029,0.08519152552151582,0,0.6719751819265833,0.18496629185155194,0.1430585262218647,0,0.8551320743122466,0.11283846659261088,0.032029459095142564,0,0.5907658943602996,0.1777550823072062,0.23147902333249415,0,0.7013988997007298,0.07039692614608113,0.22820417415318897,0
2024-25,15,2025-02-19,Aston Villa,Liverpool,1,0.29466379000442866,0.26669998777053283,0.4386362222250384,2,0.2986698495488791,0.24086514145177826,0.46046500899934256,2,0.29853220876823444,0.23628963656106722,0.4651781546706983,2,0.4313057118802349,0.38486614959769816,0.18382813852206684,0,0.3646476069842162,0.226790664111565,0.4085617289042189,2
2024-25,15,2025-02-21,Leicester City,Brentford,2,0.34927160008351804,0.2376945143768435,0.41303388553963855,2,0.3370671404406813,0.24336800856060037,0.41956485099871826,2,0.27540168114947455,0.25110134700183423,0.47349697184869116,2,0.38618766407061417,0.1618157402091699,0.45199659572021594,2,0.3893690757930143,0.30430064159580605,0.3063302826111797,0
2024-25,15,2025-02-22,Everton,Manchester United,1,0.4474568669941341,0.2469276694436936,0.30561546356217245,0,0.42588951341427217,0.2435492980478855,0.33056118853784244,0,0.43862077028835067,0.2515675594091563,0.3098116703024929,0,0.4971512317556194,0.21239675859341617,0.2904520096509644,0,0.6796396909980185,0.14061256187793333,0.1797477471240482,0
2024-25,15,2025-02-22,Arsenal,West Ham United,2,0.6680644905545787,0.1857778440098779,0.14615766543554343,0,0.6072698767903841,0.20705141247621678,0.18567871073339903,0,0.8264800045667416,0.1290002847171497,0.04451971071610869,0,0.667935070720681,0.04064332122532394,0.2914216080539951,0,0.5937604340940683,0.06949732969992696,0.33674223620600485,0
2024-25,15,2025-02-22,Bournemouth,Wolverhampton Wanderers,2,0.6134548064575877,0.22820830827309713,0.1583368852693151,0,0.528700755346085,0.22913316399859718,0.24216608065531778,0,0.63867723646335,0.2144692248593652,0.14685353867728476,0,0.6764710141333535,0.213581862219387,0.10994712364725948,0,0.6395488906949336,0.12216908826500171,0.23828202104006455,0
2024-25,15,2025-02-22,Fulham,Crystal Palace,2,0.4912112370815806,0.2435108966552209,0.26527786626319855,0,0.46671216185079434,0.23797303884445492,0.2953147993047507,0,0.46493357273259817,0.24872091940104912,0.28634550786635277,0,0.4905244304036368,0.18888180975952779,0.3205937598368354,0,0.5052064007981829,0.13602549911414535,0.35876810008767174,0
2024-25,15,2025-02-22,Ipswich Town,Tottenham,2,0.33638184521683256,0.29317425133506286,0.3704439034481045,2,0.3763016273665889,0.2463741089468642,0.37732426368654715,2,0.2928724963067016,0.2522354973587307,0.4548920063345678,2,0.3396780590189539,0.4209213510305105,0.23940058995053556,1,0.29128758620582884,0.46545552525055894,0.2432568885436121,1
2024-25,15,2025-02-22,Southampton,Brighton and Hove Albion,2,0.21279642806166055,0.24659449701018304,0.5406090749281565,2,0.34617410346093713,0.2439403882720816,0.4098855082669813,2,0.12056368323868215,0.1979012559041599,0.681535060857158,2,0.1041059430455274,0.3014614851524941,0.5944325718019785,2,0.2466382289733399,0.2709217751864805,0.48243999584017966,2
2024-25,15,2025-02-22,Aston Villa,Chelsea,0,0.4790744224291556,0.23856859714531678,0.28235698042552776,0,0.4270520760693099,0.24436905931979244,0.3285788646108976,0,0.48026485139721214,0.2424140840604631,0.2773210645423248,0,0.5423664734220385,0.2513294466476855,0.20630407993027605,0,0.2872278640089164,0.598182337283981,0.1145897987071026,1
2024-25,15,2025-02-23,Newcastle United,Nottingham Forest,0,0.578369885890317,0.22784857193370892,0.19378154217597388,0,0.48041363448215996,0.23860616875062612,0.28098019676721375,0,0.5808767703853421,0.22633444114071752,0.19278878847394026,0,0.6849632798229752,0.20396685408017057,0.11106986609685418,0,0.28927426422334795,0.6286731988799715,0.08205253689668043,1
2024-25,15,2025-02-23,Manchester City,Liverpool,2,0.5311935071759897,0.21296328788208208,0.2558432049419283,0,0.50666076906812,0.23196755797132185,0.2613716729605583,0,0.5414749218267206,0.22174735701755027,0.23677772115572904,0,0.7700746371229467,0.0831431679746365,0.14678219490241687,0,0.9036149273183295,0.03935894135662981,0.05702613132504064,0
2024-25,15,2025-02-25,Wolverhampton Wanderers,Fulham,2,0.4131356936931334,0.24184570108646636,0.3450186052204003,0,0.4164603744206322,0.24461129252979177,0.33892833304957604,0,0.3463711594688882,0.25567536500201216,0.3979534755290996,2,0.5188519494931686,0.18847006336725317,0.29267798713957827,0,0.49145854755843527,0.2727869658140133,0.23575448662755152,0
2024-25,15,2025-02-25,Chelsea,Southampton,0,0.7175886081367919,0.21236571164418427,0.07004568021902387,0,0.6436064080614093,0.19472585222968392,0.1616677397089066,0,0.7841919430652091,0.15597126870248487,0.05983678823230603,0,0.7435557915031087,0.23830426185999246,0.01813994663689884,0,0.4668972457323423,0.5023561739455022,0.030746580322155503,1
2024-25,15,2025-02-25,Brighton and Hove Albion,Bournemouth,0,0.4762389209874068,0.273357375933831,0.25040370307876225,0,0.4262914299556814,0.2430610574518211,0.33064751259249736,0,0.496286428545059,0.24335216027245524,0.26036141118248585,0,0.49170996856027116,0.3482822483976738,0.16000778304205493,0,0.3144484267203002,0.5925260497447582,0.0930255235349416,1
2024-25,15,2025-02-25,Crystal Palace,Aston Villa,0,0.421540166605869,0.2706785836928886,0.3077812497012425,0,0.4261378311086704,0.24398301176697898,0.3298791571243507,0,0.41232267872354283,0.2499816701104028,0.33769565116605443,0,0.47401204769747096,0.339362052441008,0.18662589986152114,0,0.3700603831457621,0.37782855322100284,0.2521110636332349,1
2024-25,15,2025-02-26,Brentford,Everton,1,0.5110657005760187,0.228383144517332,0.2605511549066494,0,0.4859081418681945,0.23715362036910675,0.27693823776269855,0,0.4783465594455182,0.24876633145720314,0.2728871090972786,0,0.6283154816653418,0.15954590402124708,0.21213861431341127,0,0.48051475165067903,0.03696779475800879,0.48251745359131204,2
2024-25,15,2025-02-26,Manchester United,Ipswich Town,0,0.6162244239790536,0.2286251511164897,0.1551504249044567,0,0.5449508424721459,0.22540246137187958,0.22964669615597466,0,0.6406259513615918,0.21492847199481924,0.14444557664358898,0,0.5967372523780856,0.2393181697256042,0.16394457789631023,0,0.577501488240259,0.29544704485918216,0.1270514669005588,0
2024-25,15,2025-02-26,Nottingham Forest,Arsenal,1,0.2441676185196609,0.22453348301370846,0.5312988984666306,2,0.30813302636742723,0.24292354146056488,0.44894343217200783,2,0.2648024270368761,0.2340276046883512,0.5011699682747728,2,0.20838746049534151,0.13678401636451304,0.6548285231401454,2,0.19061065616312478,0.11146982705824626,0.6979195167786291,2
2024-25,15,2025-02-26,Tottenham,Manchester City,2,0.24778174742614878,0.23228794785236523,0.5199303047214859,2,0.3637623897885185,0.24321920925088134,0.39301840096060014,2,0.2208078354281003,0.22406243666103987,0.5551297279108598,2,0.11663039009495481,0.16526099102390687,0.7181086188811384,2,0.11419628797364605,0.21897245264824367,0.6668312593781103,2
2024-25,15,2025-02-26,Liverpool,Newcastle United,0,0.6785050034220672,0.20206538568397137,0.1194296108939614,0,0.5155057386975188,0.22993319800172124,0.2545610633007599,0,0.7593588028877157,0.16026515963161928,0.08037603748066506,0,0.8075885570907838,0.12080888685454902,0.07160255605466713,0,0.7615822982448983,0.1904629815064426,0.04795472024865911,0
2024-25,15,2025-02-27,West Ham United,Leicester City,0,0.5712003973417843,0.2356180759435715,0.19318152671464425,0,0.5369218987659019,0.22542486748570031,0.2376532337483978,0,0.5680584239441575,0.23669159746783258,0.1952499785880099,0,0.5141854047944597,0.20259353940902905,0.28322105579651125,0,0.42965615116700423,0.13336632601375376,0.4369775228192421,2
2024-25,15,2025-03-08,Brentford,Aston Villa,2,0.35970568568444056,0.23998805129596623,0.4003062630195932,2,0.4104498484749793,0.24532591306740947,0.3442242384576113,0,0.3929028764310052,0.2517065840336508,0.35539053953534405,0,0.19539720299259045,0.28223912686074903,0.5223636701466605,2,0.14592752370671339,0.4378050990494274,0.4162673772438593,1
2024-25,15,2025-03-08,Nottingham Forest,Manchester City,0,0.256489761210176,0.22138577837098766,0.5221244604188363,2,0.3535803771009331,0.24574900748810222,0.4006706154109646,2,0.259179594286262,0.23276721355619245,0.5080531921575455,2,0.3226954149163149,0.14005050144281941,0.5372540836408657,2,0.5177721114156703,0.15563350860786415,0.3265943799764656,0
2024-25,15,2025-03-08,Brighton and Hove Albion,Fulham,0,0.5257155853696309,0.23851226512099868,0.23577214950937025,0,0.5129456955869192,0.23187355594336415,0.25518074846971683,0,0.5300700357506095,0.23785972861898905,0.23207023563040136,0,0.6172520694526866,0.20245421677109163,0.18029371377622166,0,0.8021278033886718,0.09673119780803116,0.10114099880329697,0
2024-25,15,2025-03-08,Crystal Palace,Ipswich Town,0,0.5654339229756321,0.24681010890427543,0.1877559681200925,0,0.5157276947423445,0.22939849801343382,0.2548738072442218,0,0.6118717108328243,0.2234610474173063,0.1646672417498694,0,0.47597449372514555,0.25291986224974383,0.27110564402511067,0,0.4980843270279066,0.3594505111121322,0.14246516185996116,0
2024-25,15,2025-03-08,Liverpool,Southampton,0,0.8195650411329833,0.14246514125901658,0.03796981760799984,0,0.7354938503473663,0.15777930519758918,0.1067268444550446,0,0.9047834371313761,0.08072315988301133,0.014493402985612525,0,0.7763466604024652,0.08338238684763545,0.1402709527498993,0,0.7803815938347193,0.07426803379917278,0.14535037236610773,0
2024-25,15,2025-03-08,Wolverhampton Wanderers,Everton,1,0.40699895048690193,0.26989752950925155,0.3231035200038464,0,0.3679573021051896,0.2473799031351751,0.38466279475963516,2,0.38220749990682595,0.25777515752781105,0.3600173425653629,0,0.5355171980182504,0.3458552091338352,0.1186275928479143,0,0.5039845337481098,0.12344949777829052,0.37256596847359963,0
2024-25,15,2025-03-09,Tottenham,Bournemouth,1,0.5058124499205955,0.23002216269979991,0.2641653873796046,0,0.40844106010162695,0.24646133128254036,0.34509760861583283,0,0.4962576626533024,0.24484119971956333,0.2589011376271343,0,0.6006779669724096,0.16348827762050988,0.23583375540708057,0,0.4757207644220958,0.3780027244582585,0.14627651111964574,0
2024-25,15,2025-03-09,Chelsea,Leicester City,0,0.6648571297618222,0.198789132900105,0.13635373733807302,0,0.6037338876923095,0.2077520188014868,0.18851409350620357,0,0.7203375315641785,0.18444967420568167,0.09521279423013983,0,0.6851649124951565,0.05954344060876726,0.25529164689607625,0,0.5543754579760769,0.08270768021457374,0.3629168618093493,0
2024-25,15,2025-03-09,Manchester United,Arsenal,1,0.27247481282540664,0.23361264429727613,0.49391254287731734,2,0.2692337293422214,0.23399733108226592,0.4967689395755126,2,0.25174291036906854,0.23120381301531,0.5170532766156215,2,0.3748767605671552,0.1390590285009144,0.4860642109319303,2,0.39358186303152615,0.11073504569676672,0.4956830912717071,2
2024-25,15,2025-03-10,West Ham United,Newcastle United,2,0.3624109806570897,0.27782815102994296,0.35976086831296733,0,0.4168726572686122,0.24504358342662713,0.33808375930476064,0,0.35480525621901293,0.25109323264293715,0.3941015111380499,2,0.26283720463930593,0.4492421032243604,0.28792069213633364,1,0.1886470461610885,0.2423282336686618,0.5690247201702496,2
2024-25,15,2025-03-15,Bournemouth,Brentford,2,0.47648036201018507,0.30408043816973224,0.21943919982008261,0,0.5144863020110688,0.23273348499973232,0.25278021298919895,0,0.5431721626196303,0.2375814770795816,0.21924636030078803,0,0.3261597906539108,0.49997230071626947,0.17386790862981977,1,0.4833855653305042,0.34460557428233163,0.1720088603871641,0
2024-25,15,2025-03-15,Southampton,Wolverhampton Wanderers,2,0.32119686997530533,0.25485579563174604,0.42394733439294874,2,0.3632472382074047,0.24682105791316775,0.3899317038794277,2,0.23204137062077934,0.248826265230051,0.5191323641491696,2,0.26499527361245523,0.33663754435726717,0.3983671820302777,2,0.1876652655214466,0.29484904466202316,0.5174856898165302,2
2024-25,15,2025-03-15,Manchester City,Brighton and Hove Albion,1,0.6504134324683402,0.20116599150233255,0.14842057602932746,0,0.593282647027926,0.211354194417298,0.195363158554776,0,0.7209352820590313,0.1778003394381089,0.10126437850285962,0,0.7139820649409268,0.07232595312762959,0.21369198193144376,0,0.8047131955329854,0.0882714002544275,0.1070154042125872,0
2024-25,15,2025-03-15,Everton,West Ham United,1,0.4449660101177523,0.22484856685391838,0.33018542302832926,0,0.5221501250850381,0.229497416962545,0.2483524579524168,0,0.47050061534469934,0.2498653203688441,0.27963406428645643,0,0.23418343146254075,0.08660844637248868,0.6792081221649706,2,0.5071621225303299,0.0847456453891223,0.4080922320805479,0
2024-25,15,2025-03-15,Ipswich Town,Nottingham Forest,2,0.2674763209358724,0.24268009713429797,0.4898435819298295,2,0.3977560492636613,0.2448055738235015,0.3574383769128372,0,0.21765185708507453,0.23618382967713586,0.5461643132377897,2,0.12730483309325563,0.3100396778578661,0.5626554890488783,2,0.130617505101304,0.28902805401522474,0.5803544408834713,2
2024-25,15,2025-03-16,Arsenal,Chelsea,0,0.6254165337797897,0.2200797460788783,0.15450372014133193,0,0.587287077169028,0.2138427109039102,0.19887021192706186,0,0.7228514766087268,0.17613636115123296,0.10101216224004032,0,0.6849858407280944,0.14828967475411542,0.16672448451779007,0,0.8391081827440002,0.0681711704252144,0.09272064683078532,0
2024-25,15,2025-03-16,Fulham,Tottenham,0,0.5034517293613237,0.2319021267729003,0.26464614386577606,0,0.44403621407381366,0.24161981260889043,0.3143439733172957,0,0.4725948215949576,0.24781617318948365,0.2795890052155587,0,0.6277269579908409,0.17374629904433977,0.19852674296481926,0,0.7167417275089935,0.08615476803976567,0.19710350445124084,0
2024-25,15,2025-03-16,Leicester City,Manchester United,2,0.3063604078730098,0.22367825687892057,0.46996133524806966,2,0.3368092039091462,0.24371564811269114,0.4194751479781627,2,0.2138613800988028,0.23633302395268624,0.5498055959485111,2,0.3937181515757925,0.08177751517463402,0.5245043332495736,2,0.20060731132379075,0.3361328244628524,0.46325986421335674,2
2024-25,15,2025-04-01,Arsenal,Fulham,0,0.6973707796798746,0.19841857773217825,0.10421064258794735,0,0.6136091336818954,0.2048324447778503,0.18155842154025428,0,0.7665895357133721,0.1587037763559119,0.07470668793071607,0,0.8500147548515639,0.09582937059052143,0.05415587455791464,0,0.8229350502053336,0.15238387401419534,0.024681075780470824,0
2024-25,15,2025-04-01,Wolverhampton Wanderers,West Ham United,0,0.3919715163047741,0.27171825821102463,0.33631022548420136,0,0.38480780835032324,0.24632221929371914,0.36886997235595764,0,0.3855894598428609,0.2577560346170782,0.3566545055400609,0,0.2461882782822804,0.37468413130757844,0.3791275904101412,2,0.31915548649217007,0.3844626938234088,0.2963818196844211,1
2024-25,15,2025-04-01,Nottingham Forest,Manchester United,0,0.4788035175365196,0.26423452677685966,0.2569619556866205,0,0.45754034561170154,0.24359369618948504,0.29886595819881356,0,0.5475988133846323,0.23468983347154562,0.2177113531438219,0,0.3619691595610555,0.36150574769745886,0.27652509274148557,0,0.37888392348423816,0.35165687292066655,0.2694592035950952,0
2024-25,15,2025-04-02,Southampton,Crystal Palace,1,0.21336625658970543,0.22045866162059424,0.5661750817897003,2,0.2953945596155609,0.2389470683393036,0.4656583720451354,2,0.12167013284279524,0.1992177416858616,0.6791121254713433,2,0.1867982397902862,0.12394985582386875,0.689251904385845,2,0.29894948361124374,0.21658702490420553,0.48446349148455065,2
2024-25,15,2025-04-02,Newcastle United,Brentford,0,0.6069938081415315,0.2211031967811075,0.17190299507736106,0,0.5116119148180855,0.23129862267352952,0.25708946250838494,0,0.6103914833731463,0.21893422835398205,0.17067428827287165,0,0.7635845784273126,0.1714933770590808,0.06492204451360661,0,0.728747417256017,0.17739819196206852,0.09385439078191454,0
2024-25,15,2025-04-02,Liverpool,Everton,0,0.7311241220948916,0.18687466695924607,0.08200121094586228,0,0.6138665525738987,0.2040957198332549,0.18203772759284637,0,0.8203933506461093,0.13174515330091613,0.047861496052974545,0,0.8776820973122744,0.07265794700027148,0.049659955687454155,0,0.877354064967378,0.0731905232530296,0.049455411779592374,0
2024-25,15,2025-04-02,Brighton and Hove Albion,Aston Villa,2,0.5080442393866796,0.2353828450608046,0.2565729155525159,0,0.4881613753109414,0.2360270335974224,0.2758115910916362,0,0.47113540423812145,0.24389858690117275,0.28496600886070594,0,0.7964051456041602,0.1314550417928907,0.0721398126029491,0,0.6652364730014864,0.2223989204535164,0.11236460654499716,0
2024-25,15,2025-04-02,Bournemouth,Ipswich Town,2,0.554773951101336,0.2250554352584211,0.2201706136402429,0,0.5219155818958581,0.2294565223461146,0.24862789575802746,0,0.6246164847326359,0.22058895011066876,0.15479456515669546,0,0.44109710242800226,0.13291773058432935,0.42598516698766836,0,0.8157931208045182,0.09424887431609094,0.08995800487939085,0
2024-25,15,2025-04-02,Manchester City,Leicester City,0,0.788462801793494,0.16080692229239665,0.05073027591410938,0,0.6323300062490549,0.19937541815213822,0.16829457559880695,0,0.8639051284644669,0.10827368906138814,0.0278211824741451,0,0.9343803321332572,0.047684742151980784,0.017934925714761924,0,0.9621755356446342,0.032444207642328984,0.005380256713036856,0
2024-25,15,2025-04-03,Chelsea,Tottenham,0,0.5483014830132195,0.23499216440504858,0.21670635258173188,0,0.4925821448984447,0.23603391631251097,0.27138393878904443,0,0.6177280826109202,0.21707552344915157,0.1651963939399282,0,0.422530214300692,0.2556944671427565,0.32177531855655156,0,0.5420883112871915,0.19877738865909084,0.2591343000537178,0
2024-25,15,2025-04-05,Everton,Arsenal,1,0.22066432511121095,0.24422810581281212,0.5351075690759769,2,0.2533703617348213,0.2307635357425633,0.5158661025226154,2,0.19697593880988884,0.21826208770612382,0.5847619734839874,2,0.16074165153057576,0.2189415965039163,0.620316751965508,2,0.1785238440390102,0.16950749360552003,0.6519686623554698,2
2024-25,15,2025-04-05,Crystal Palace,Brighton and Hove Albion,0,0.503032315643793,0.22363363409317116,0.2733340502630357,0,0.43997074430702443,0.2418758656289744,0.31815339006400134,0,0.4470166990463994,0.24838348153811451,0.30459981941548603,0,0.6721159781175414,0.11579734279357007,0.21208667908888848,0,0.7709573304427123,0.03044734437997898,0.19859532517730877,0
2024-25,15,2025-04-05,Ipswich Town,Wolverhampton Wanderers,2,0.456407333727222,0.23622448507969476,0.30736818119308346,0,0.3743606177012986,0.24623109115616218,0.37940829114253927,2,0.3632361459722292,0.2610545145279564,0.3757093394998143,2,0.5004434794116744,0.17024117834046726,0.3293153422478584,0,0.24886672490900336,0.28302447404895326,0.4681088010420434,2
2024-25,15,2025-04-05,West Ham United,Bournemouth,1,0.43950996657034197,0.2801467455935426,0.28034328783611556,0,0.4148962827430698,0.24544290166994498,0.33966081558698524,0,0.439163808217427,0.25363206383038045,0.3072041279521925,0,0.26546914659852955,0.5175034524955516,0.21702740090591882,1,0.12131507324749555,0.36878891997867813,0.5098960067738263,2
2024-25,15,2025-04-05,Aston Villa,Nottingham Forest,0,0.5164181552650144,0.2250373497619894,0.2585444949729963,0,0.45742021936496313,0.24041831760963422,0.3021614630254027,0,0.5484636607726538,0.23209465311798758,0.2194416861093586,0,0.5527136472223129,0.13099554059014756,0.3162908121875396,0,0.3692257156582392,0.3575626323694057,0.273211651972355,0
2024-25,15,2025-04-06,Brentford,Chelsea,1,0.35172287777377226,0.28946707864344967,0.3588100435827779,2,0.3966796925126185,0.24597392613311167,0.3573463813542699,0,0.36177302777915943,0.25060086109627216,0.3876261111245684,2,0.2868145475484194,0.4681570701543889,0.24502838229719173,1,0.10929135226126055,0.7658825529740129,0.12482609476472656,1
2024-25,15,2025-04-06,Fulham,Liverpool,0,0.19660740273925678,0.267418539655129,0.5359740576056142,2,0.3197908785805449,0.24257324186873735,0.43763587955071764,2,0.19289456661311113,0.2139408030141413,0.5931646303727475,2,0.06166531633977518,0.4412849723470369,0.4970497113131879,2,0.1090971907491814,0.29964691988657255,0.591255889364246,2
2024-25,15,2025-04-06,Tottenham,Southampton,0,0.6557585769111766,0.23193240967433446,0.11230901341448916,0,0.5580857669389694,0.22318693860749075,0.21872729445353978,0,0.7376365464823365,0.18027537259879994,0.08208808091886358,0,0.7358544525572869,0.2369616391448128,0.027183908297900277,0,0.4050526510982068,0.5279251100805352,0.067022238821258,1
2024-25,15,2025-04-06,Manchester United,Manchester City,1,0.324175952309094,0.22678243595959421,0.44904161173131174,2,0.31043814454741125,0.24273802686476398,0.4468238285878248,2,0.292664523485909,0.2391597712656345,0.46817570524845636,2,0.4921236781480077,0.09804271329337098,0.4098336085586213,0,0.20765738174216858,0.08594336283908414,0.7063992554187473,2
2024-25,15,2025-04-07,Leicester City,Newcastle United,2,0.2209514334209457,0.2500372545195889,0.5290113120594654,2,0.276145254955228,0.23664742487429924,0.48720732017047264,2,0.16015224524611954,0.21443655097030628,0.6254112037835742,2,0.17254404284783734,0.3202781125791831,0.5071778445729795,2,0.09106288624213185,0.2850309774800618,0.6239061362778063,2
2024-25,15,2025-04-12,Southampton,Aston Villa,2,0.15616748819942414,0.2234428886142689,0.620389623186307,2,0.2671385332409266,0.23504529325394954,0.49781617350512397,2,0.08964431760851813,0.17510790435522305,0.7352477780362588,2,0.1899406013823479,0.21467635678527083,0.5953830418323812,2,0.11211670587812567,0.36617828617697623,0.5217050079448982,2
2024-25,15,2025-04-12,Nottingham Forest,Everton,2,0.5134523173348409,0.24815630675591416,0.23839137590924503,0,0.5221194467357331,0.22888845877106115,0.24899209449320592,0,0.5367041151492117,0.23748167847419308,0.22581420637659538,0,0.4216273590025893,0.20782565758876875,0.3705469834086419,0,0.42073344488781805,0.2829454099014248,0.296321145210757,0
2024-25,15,2025-04-12,Arsenal,Brentford,1,0.7001016612298498,0.20667296954085915,0.0932253692292912,0,0.6471873365875254,0.19354425930415742,0.1592684041083172,0,0.7824934999942615,0.15163386707125265,0.06587263293448566,0,0.8140201899384184,0.16630647500930076,0.01967333505228071,0,0.8700049921711404,0.11152288233730845,0.018472125491551295,0
2024-25,15,2025-04-12,Manchester City,Crystal Palace,0,0.6727786533673592,0.19922201506614068,0.12799933156650023,0,0.6006365175002815,0.20941481648490434,0.1899486660148142,0,0.7383689738950764,0.17125445666194972,0.09037656944297401,0,0.8225690434058617,0.11177125054598182,0.06565970604815657,0,0.9553633580210997,0.02361259520233844,0.021024046776561854,0
2024-25,15,2025-04-12,Brighton and Hove Albion,Leicester City,1,0.6488907694183887,0.20454154214947237,0.1465676884321389,0,0.6069492568265825,0.20696532461344366,0.18608541855997374,0,0.684876367152523,0.1998589009385267,0.11526473190895038,0,0.7209086151307177,0.06394986069444676,0.21514152417483573,0,0.4519326988826307,0.16836923046630223,0.37969807065106714,0
2024-25,15,2025-04-13,Chelsea,Ipswich Town,1,0.681250075072343,0.203872422441618,0.11487750248603912,0,0.5748396243647494,0.21561932637426318,0.20954104926098743,0,0.7176639778547566,0.18507790464441898,0.09725811750082441,0,0.7854161666650906,0.12984646436236177,0.08473736897254755,0,0.9498679833701094,0.03374818392279383,0.016383832707096622,0
2024-25,15,2025-04-13,Liverpool,West Ham United,0,0.724036670760055,0.19969918324346297,0.07626414599648222,0,0.6489989454539709,0.1927605754449115,0.15824047910111771,0,0.8236171331233937,0.13038034864433787,0.04600251823226852,0,0.7796639543966579,0.1763252756537348,0.04401076994960709,0,0.904653099724897,0.07237600103734623,0.022970899237756574,0
2024-25,15,2025-04-13,Wolverhampton Wanderers,Tottenham,0,0.41642216032837365,0.2549533169264195,0.3286245227452069,0,0.41062779147614425,0.24444140254889463,0.3449308059749611,0,0.3747983381775687,0.2560580880388809,0.3691435737835502,0,0.4229847712176511,0.269264954124694,0.3077502746576549,0,0.678620947976889,0.12685710940782205,0.19452194261528905,0
2024-25,15,2025-04-13,Newcastle United,Manchester United,0,0.5439062063466468,0.233034761549463,0.2230590321038901,0,0.48133274612667776,0.23758798032373182,0.2810792735495904,0,0.6070007881404306,0.21887200577001922,0.17412720608955037,0,0.6461689468014177,0.12112316951397008,0.23270788368461218,0,0.5905330326652026,0.2872199033768768,0.1222470639579206,0
2024-25,15,2025-04-14,Bournemouth,Fulham,0,0.4376813502634108,0.2429604196961152,0.31935823004047403,0,0.48216422147241605,0.236455378364969,0.2813804001626149,0,0.39165533777162437,0.25315436568486877,0.3551902965435069,0,0.3837094922445028,0.22182084148230988,0.3944696662731874,2,0.12914657737740748,0.4723370366022087,0.3985163860203839,1
2024-25,15,2025-04-16,Newcastle United,Crystal Palace,0,0.5532402497070119,0.22738776251978232,0.21937198777320585,0,0.5287763489048758,0.2290646177557766,0.24215903333934774,0,0.6209311907852414,0.21479132857804795,0.1642774806367107,0,0.5247078085247096,0.1978420813228698,0.27745011015242066,0,0.6965002562702509,0.20138049072707076,0.10211925300267828,0
2024-25,15,2025-04-19,Brentford,Brighton and Hove Albion,0,0.4245823547795953,0.22947609083589665,0.3459415543845081,0,0.4602120935178215,0.23920475288291984,0.3005831535992587,0,0.4054623654997952,0.25224424493649417,0.3422933895637106,0,0.4330681984290425,0.15396481744677865,0.41296698412417876,0,0.37030826633820674,0.23742359234489532,0.39226814131689797,2
2024-25,15,2025-04-19,Crystal Palace,Bournemouth,1,0.48047990228850296,0.25016304616940266,0.26935705154209455,0,0.4822412340567623,0.23565835743231492,0.28210040851092266,0,0.4697424222434914,0.2480285072459418,0.28222907051056695,0,0.4023015353524634,0.2607733535340305,0.33692511111350615,0,0.406956993876281,0.14063048131225742,0.4524125248114617,2
2024-25,15,2025-04-19,Everton,Manchester City,2,0.2408739687945548,0.2538861477323035,0.5052398834731416,2,0.3561711741646838,0.24636435269068901,0.39746447314462724,2,0.25423162868223437,0.23329449880936853,0.5124738725083972,2,0.13376463503742342,0.26891009750667105,0.5973252674559055,2,0.20151563036983206,0.20600726659634394,0.592477103033824,2
2024-25,15,2025-04-19,West Ham United,Southampton,1,0.6654153594088038,0.21618014599692828,0.1184044945942681,0,0.6264743361100639,0.20175686240096982,0.1717688014889664,0,0.6771803013466217,0.2061334914530043,0.11668620720037394,0,0.8303358844592847,0.10957544290732683,0.06008867263338853,0,0.44076877916819557,0.4014760721056511,0.15775514872615326,0
2024-25,15,2025-04-19,Aston Villa,Newcastle United,0,0.47082376104095897,0.25372449971253863,0.27545173924650246,0,0.37290275249173493,0.24829069126892725,0.3788065562393378,2,0.5562789609770792,0.22853345831972685,0.21518758070319394,0,0.5575084925851428,0.2592136936777151,0.18327781373714205,0,0.8259646616563062,0.07203986673875094,0.1019954716049429,0
2024-25,15,2025-04-20,Leicester City,Liverpool,2,0.11614998910922271,0.18291561507849627,0.7009343958122809,2,0.21916605117754984,0.22165119507813102,0.5591827537443191,2,0.06670794519201328,0.1480310379399594,0.7852610168680274,2,0.14911337763788915,0.07198717250564347,0.7788994498564674,2,0.13838161751698852,0.13293234766269116,0.7286860348203202,2
2024-25,15,2025-04-20,Manchester United,Wolverhampton Wanderers,2,0.5239101992000355,0.2592717691469362,0.2168180316530282,0,0.5352576059788986,0.22692511916895716,0.23781727485214424,0,0.5438866722419383,0.23815591890344892,0.21795740885461268,0,0.4247934651333739,0.3073312901457697,0.26787524472085644,0,0.76592383854318,0.14749025310597275,0.08658590835084717,0
2024-25,15,2025-04-20,Fulham,Chelsea,2,0.3722641116841284,0.24518154839055786,0.38255433992531385,2,0.4364201742812949,0.24291495237509733,0.3206648733436078,0,0.4071735565611065,0.24960890059878613,0.3432175428401074,0,0.2312984989612117,0.26511796359971196,0.5035835374390764,2,0.3017353468504335,0.19340990400224028,0.5048547491473262,2
2024-25,15,2025-04-20,Ipswich Town,Arsenal,2,0.1427336431942306,0.20291931285493084,0.6543470439508386,2,0.21036428821904005,0.21583982492855272,0.5737958868524071,2,0.09441623970084541,0.17114087557366991,0.7344428847254848,2,0.16188332359237953,0.11346348520810347,0.724653191199517,2,0.2841882138714679,0.0939900662000036,0.6218217199285284,2
2024-25,15,2025-04-21,Tottenham,Nottingham Forest,2,0.4141760346962518,0.26428849627659745,0.32153546902715047,0,0.42371949901385947,0.24446320903460164,0.33181729195153886,0,0.4326904407901262,0.2514428931862344,0.31586666602363933,0,0.34395065979287603,0.3518145679027833,0.3042347723043406,1,0.21133352475492448,0.6239574656616917,0.1647090095833838,1
2024-25,15,2025-04-22,Manchester City,Aston Villa,0,0.561270783570046,0.21816552931994962,0.2205636871100042,0,0.5315249605085677,0.22772596847445747,0.24074907101697463,0,0.6901894435203302,0.1880506030845367,0.12175995339513315,0,0.5285674160577607,0.10882270356409865,0.3626098803781406,0,0.8115361802230483,0.0910140828795211,0.09744973689743071,0
2024-25,15,2025-04-23,Arsenal,Crystal Palace,1,0.652519916756828,0.22825307933601058,0.11922700390716144,0,0.6445466938940589,0.1950946754322908,0.16035863067365053,0,0.7696962992240374,0.1573021488840003,0.07300155189196243,0,0.7825010898358171,0.17223650812955685,0.04526240203462596,0,0.8408118404669921,0.1343290195719499,0.024859139961058086,0
2024-25,15,2025-04-26,Chelsea,Everton,0,0.5499668895807616,0.21912825974566266,0.2309048506735759,0,0.535143570633735,0.2255512465678281,0.23930518279843693,0,0.5989263393697813,0.22176326778746372,0.17931039284275505,0,0.4094714755984373,0.14508126788493753,0.4454472565166252,2,0.5576763371179329,0.07308300240413904,0.369240660477928,0
2024-25,15,2025-04-26,Brighton and Hove Albion,West Ham United,0,0.5121562353649404,0.2628069256349263,0.22503683900013313,0,0.4229689947207533,0.2437811146285714,0.33324989065067534,0,0.5576449545306283,0.23516942030873422,0.2071856251606374,0,0.31452055833756604,0.4583964606782289,0.22708298098420512,1,0.6448785258356757,0.18370550487435092,0.1714159692899734,0
2024-25,15,2025-04-26,Newcastle United,Ipswich Town,0,0.6553839348100609,0.21245560645387326,0.1321604587360657,0,0.5984903163176669,0.20893781304996445,0.19257187063236852,0,0.730862804524061,0.17918179456172573,0.08995540091421328,0,0.6069723508463546,0.09559273214370279,0.29743491700994273,0,0.6907172477839748,0.10627340999493508,0.20300934222109004,0
2024-25,15,2025-04-26,Southampton,Fulham,2,0.2209129488450851,0.25950321833954526,0.5195838328153697,2,0.3606688212496803,0.24768705418088785,0.3916441245694319,2,0.14957035985739892,0.21561731868060738,0.6348123214619936,2,0.14747416280113784,0.3481049274986551,0.504420909700207,2,0.09475721640816775,0.1414447860070377,0.7637979975847946,2
2024-25,15,2025-04-26,Wolverhampton Wanderers,Leicester City,0,0.6067599881846352,0.21800010157527622,0.1752399102400885,0,0.5305227478424126,0.22876935050681255,0.24070790165077485,0,0.6127159674056929,0.22587497720161154,0.16140905539269548,0,0.6320420892216638,0.11644882287001192,0.2515090879083242,0,0.7521708446262747,0.17661486190518966,0.07121429346853553,0
2024-25,15,2025-04-27,Bournemouth,Manchester United,1,0.5069909125201695,0.2350284626492073,0.2579806248306234,0,0.5032097498568594,0.23339522714529107,0.2633950229978496,0,0.45725670645517347,0.24978151692601805,0.29296177661880846,0,0.702489933472903,0.14665292619095935,0.15085714033613756,0,0.5398220148168994,0.17657556306358946,0.2836024221195111,0
2024-25,15,2025-04-27,Liverpool,Tottenham,0,0.7110277368205894,0.18108679643866446,0.10788546674074609,0,0.5878281641938075,0.2119794481315402,0.20019238767465242,0,0.8177712741594544,0.1334137444845634,0.0488149813559823,0,0.744631928035341,0.04322237571652626,0.21214569624813273,0,0.8103657500092081,0.03588076852151311,0.15375348146927875,0
2024-25,15,2025-05-01,Nottingham Forest,Brentford,2,0.5203336947575848,0.2442052102957876,0.23546109494662737,0,0.5403086946834147,0.22656762997278135,0.23312367534380396,0,0.5400616394311248,0.23653766166880189,0.2234006989000732,0,0.5588700024857697,0.16638921971023887,0.27474077780399164,0,0.4951132723158525,0.2589982662238115,0.24588846146033605,0
2024-25,15,2025-05-02,Manchester City,Wolverhampton Wanderers,0,0.6682413545263247,0.23169693867584293,0.1000617067978323,0,0.5606071601694318,0.2198258046596174,0.21956703517095072,0,0.7894543731001463,0.1486429179290085,0.061902708970845266,0,0.7500649306895697,0.21135215785302602,0.03858291145740415,0,0.875510111157125,0.08799219258250561,0.03649769626036954,0
2024-25,15,2025-05-03,Arsenal,Bournemouth,2,0.695889737047462,0.20376980572315234,0.10034045722938581,0,0.5522214605400385,0.22369196716996878,0.2240865722899928,0,0.7937891606592792,0.14619457429927343,0.060016265041447414,0,0.8141274206323308,0.15703506021640362,0.028837519151265586,0,0.8936655798579306,0.08280068085617498,0.02353373928589449,0
2024-25,15,2025-05-03,Leicester City,Southampton,0,0.5721934688739251,0.21974521565735622,0.20806131546871895,0,0.5461250543532367,0.22502713548138784,0.22884781016537564,0,0.48185578584795447,0.2611487583435529,0.25699545580849265,0,0.6444050983008489,0.11581080567601625,0.23978409602313489,0,0.54439369395382,0.050392088897166294,0.4052142171490137,0
2024-25,15,2025-05-03,Aston Villa,Fulham,0,0.5982258061308326,0.21433236677011105,0.1874418270990561,0,0.5321161774341114,0.22619953672228157,0.24168428584360696,0,0.5810878640753844,0.22550325229088516,0.19340888363373043,0,0.7535161844124839,0.09089339361943106,0.15559042196808506,0,0.31071029539175526,0.1911170965820353,0.49817260802620933,2
2024-25,15,2025-05-03,Everton,Ipswich Town,1,0.600040080035101,0.22887163893307494,0.17108828103182422,0,0.5081564677629665,0.23345030811277648,0.25839322412425697,0,0.6113022793821078,0.22506992356057967,0.16362779705731256,0,0.6654089295711318,0.19679133388125797,0.1377997365476101,0,0.7300688116549581,0.2112572623949308,0.058673925950111123,0
2024-25,15,2025-05-04,Brentford,Manchester United,0,0.504448930181181,0.21943933375534308,0.2761117360634759,0,0.510759269245278,0.23264629800587128,0.2565944327488508,0,0.49382114136025274,0.24490052716709845,0.26127833147264873,0,0.6526829041697692,0.06405734851550697,0.28325974731472386,0,0.5558602642046622,0.08073252396332845,0.3634072118320094,0
2024-25,15,2025-05-04,Brighton and Hove Albion,Newcastle United,1,0.4430296915045199,0.23756868245135399,0.31940162604412636,0,0.4803582383725147,0.2388135811311957,0.28082818049628977,0,0.4035858292559209,0.24858307459731965,0.3478310961467594,0,0.6663043366738521,0.2297385089017563,0.10395715442439156,0,0.8848322215657007,0.058483554376417134,0.056684224057882086,0
2024-25,15,2025-05-04,West Ham United,Tottenham,1,0.45225321848485656,0.24667502123071142,0.30107176028443206,0,0.4235178763998291,0.2452441565483849,0.331237967051786,0,0.4346524353833491,0.25511128607821393,0.31023627853843705,0,0.5039627082932059,0.1878416782045177,0.3081956135022764,0,0.38320199239644526,0.2682903179016399,0.3485076897019149,0
2024-25,15,2025-05-04,Chelsea,Liverpool,0,0.373436480819982,0.21996267147762,0.4066008477023978,2,0.3225781757324191,0.24314164244974412,0.4342801818178366,2,0.342410774127936,0.23825126444833905,0.4193379614237248,2,0.6081415074562536,0.07944569018354773,0.31241280236019875,0,0.5544990387206857,0.02492136455874867,0.4205795967205656,0
2024-25,15,2025-05-05,Crystal Palace,Nottingham Forest,1,0.5182064710913088,0.23443164381613033,0.24736188509256074,0,0.5169249044037729,0.23100245095547844,0.2520726446407486,0,0.4705298561971716,0.2468982240552998,0.2825719197475286,0,0.7807428324371334,0.10239201403170727,0.11686515353115952,0,0.5421098299054155,0.324786396076365,0.13310377401821952,0
2024-25,15,2025-05-10,Fulham,Everton,2,0.5217891727965726,0.233293931579984,0.24491689562344338,0,0.5217988961597013,0.23019086272700204,0.24801024111329667,0,0.5006082374903186,0.24510390983503794,0.25428785267464354,0,0.7023900455935619,0.11858718471009634,0.17902276969634182,0,0.87445448225062,0.06254708152063869,0.0629984362287414,0
2024-25,15,2025-05-10,Ipswich Town,Brentford,2,0.3236871077373942,0.2602683592996399,0.416044532962966,2,0.38258012826878174,0.2466710632962949,0.37074880843492336,0,0.2549751504043334,0.24563045508088316,0.4993943945147834,2,0.34742511004034854,0.3612639340391829,0.2913109559204685,1,0.310094568723311,0.3498064422209505,0.34009898905573865,1
2024-25,15,2025-05-10,Southampton,Manchester City,1,0.09311099450343548,0.1642618615504651,0.7426271439460997,2,0.17888545042873874,0.20679413288067883,0.6143204166905826,2,0.051588049126189514,0.1352385243013042,0.8131734265725064,2,0.1452250262088704,0.055147260273990466,0.799627713517139,2,0.12708180424023327,0.047239735081671765,0.8256784606780949,2
2024-25,15,2025-05-10,Wolverhampton Wanderers,Brighton and Hove Albion,2,0.44169392223954773,0.22695518731326725,0.33135089044718485,0,0.3776545187142437,0.2467006595277454,0.37564482175801095,0,0.41911065964393845,0.2530418153491173,0.32784752500694425,0,0.616073908111639,0.08425929986827584,0.2996667920200852,0,0.14410565278417348,0.24937166403781086,0.6065226831780157,2
2024-25,15,2025-05-10,Bournemouth,Aston Villa,2,0.40878542697186476,0.2542673984401361,0.3369471745879991,0,0.4014885243050923,0.2437900561203518,0.354721419574556,0,0.35466672455942455,0.24816379615655138,0.3971694792840241,2,0.5446839941861226,0.3100324178809126,0.14528358793296475,0,0.7937191253930959,0.08515803893854991,0.12112283566835412,0
2024-25,15,2025-05-11,Liverpool,Arsenal,1,0.5385555784196765,0.24917987319253854,0.21226454838778497,0,0.48524020948751756,0.2357242721289602,0.2790355183835222,0,0.6370150382256198,0.2015292074610164,0.16145575431336376,0,0.5789745999666945,0.31155534370871163,0.10947005632459382,0,0.3187613853803917,0.514352436911011,0.1668861777085974,1
2024-25,15,2025-05-11,Tottenham,Crystal Palace,2,0.41219005799623265,0.2412341566986188,0.34657578530514854,0,0.4019501435282996,0.2464003405545491,0.3516495159171513,0,0.42908795392763405,0.25260379978513176,0.3183082462872342,0,0.4212349816016081,0.1474412834205664,0.4313237349778255,2,0.3440093096449739,0.36159773212577834,0.2943929582292478,1
2024-25,15,2025-05-11,Newcastle United,Chelsea,0,0.49274039066256514,0.25517892966238664,0.25208067967504827,0,0.46394466668577095,0.24061161723301874,0.2954437160812103,0,0.5393874685047602,0.23118726948996482,0.22942526200527505,0,0.3757020431700721,0.4158031276736628,0.2084948291562652,1,0.5883021677917131,0.2009184555165839,0.21077937669170296,0
2024-25,15,2025-05-11,Manchester United,West Ham United,2,0.5088307725269947,0.22564811897903952,0.26552110849396576,0,0.48454433624115467,0.23595787392077827,0.27949778983806706,0,0.5179984135414892,0.24356084197392686,0.23844074448458394,0,0.5233141361280246,0.15796972895268485,0.31871613491929063,0,0.5601823692895436,0.16632069859941265,0.2734969321110438,0
2024-25,15,2025-05-11,Nottingham Forest,Leicester City,1,0.6484521307792688,0.21654305761232195,0.13500481160840913,0,0.5415749664052779,0.2233962994242815,0.2350287341704406,0,0.6522070363844519,0.21155315231590907,0.13623981129963905,0,0.7628618143416468,0.1077887346519119,0.12934945100644143,0,0.7321352350604292,0.15084476213876075,0.11702000280080994,0
2024-25,15,2025-05-16,Aston Villa,Tottenham,0,0.6244361161643781,0.2249301601372659,0.15063372369835584,0,0.5000227003477932,0.23282795353564933,0.2671493461165574,0,0.680047734470188,0.1970246722899394,0.12292759323987268,0,0.6438261110136236,0.2681454217421886,0.08802846724418767,0,0.8355160485607473,0.04873329773434244,0.1157506537049101,0
2024-25,15,2025-05-16,Chelsea,Manchester United,0,0.5829994515581522,0.24150514468200643,0.17549540375984124,0,0.499099461075617,0.23376085198808827,0.26713968693629475,0,0.6342686976071261,0.21214006540334038,0.15359123698953353,0,0.5898726135503946,0.2386031940399009,0.17152419240970462,0,0.6839394587454176,0.07450085257015605,0.24155968868442632,0
2024-25,15,2025-05-18,Arsenal,Newcastle United,0,0.5499192946665448,0.2470700488132384,0.203010656520217,0,0.5238917072732797,0.22839775461377826,0.247710538112942,0,0.6486336896998669,0.20159190566660315,0.14977440463352992,0,0.6526597697411094,0.278017560648099,0.06932266961079143,0,0.664371372343619,0.28457926140199713,0.0510493662543838,0
2024-25,15,2025-05-18,Everton,Southampton,0,0.6319730509088575,0.23400134587467786,0.13402560321646462,0,0.5537097258149226,0.22255241034957493,0.22373786383550243,0,0.7182330110226446,0.1888132414491015,0.09295374752825392,0,0.5800539302133747,0.2161284783253878,0.2038175914612375,0,0.7506313017470272,0.19338538923296614,0.05598330902000675,0
2024-25,15,2025-05-18,West Ham United,Nottingham Forest,2,0.41884806032558997,0.2522307652625486,0.32892117441186136,0,0.4161215057806549,0.24421311684404523,0.33966537737529984,0,0.3723153593099861,0.2543951360496987,0.37328950464031524,2,0.42110076409659,0.261430838930831,0.31746839697257906,0,0.37467762978021707,0.45199086880867295,0.17333150141111,1
2024-25,15,2025-05-18,Brentford,Fulham,2,0.5212140100244504,0.24702394534491273,0.23176204463063688,0,0.44267509222262685,0.24201909160320564,0.31530581617416736,0,0.539589889985652,0.23710303413580316,0.22330707587854468,0,0.5161223155164031,0.2936389604528586,0.19023872403073835,0,0.6967687842776122,0.16759525320737245,0.13563596251501545,0
2024-25,15,2025-05-18,Leicester City,Ipswich Town,0,0.44199242495618446,0.24749062103916294,0.3105169540046524,0,0.39535295701947976,0.24462417913251466,0.3600228638480057,0,0.365437350829041,0.26461189212681274,0.36995075704414637,2,0.28072590130812053,0.3161531063824588,0.4031209923094207,2,0.1664667365856904,0.26687830328248646,0.5666549601318233,2
2024-25,15,2025-05-19,Brighton and Hove Albion,Liverpool,0,0.266966702987424,0.22105257826435026,0.5119807187482256,2,0.330333148409228,0.24326563820824612,0.426401213382526,2,0.24512747318436592,0.22819312922370447,0.5266793975919296,2,0.4031176393180495,0.11130397291447475,0.4855783877674758,2,0.6891088604340248,0.11390866141361304,0.19698247815236222,0
2024-25,15,2025-05-20,Manchester City,Bournemouth,0,0.6883816568082193,0.19755426387128924,0.11406407932049163,0,0.6371854159778414,0.19714870648659893,0.16566587753555972,0,0.7534319493145248,0.1650359246680015,0.08153212601747384,0,0.8135413726764841,0.06911298856586875,0.11734563875764725,0,0.7161814616215784,0.15806137504971876,0.12575716332870301,0
2024-25,15,2025-05-20,Crystal Palace,Wolverhampton Wanderers,0,0.5731614921213899,0.22199074353548473,0.20484776434312518,0,0.5137842342213305,0.23178154742086315,0.25443421835780655,0,0.581894068810528,0.22893793624551134,0.1891679949439607,0,0.629170155299377,0.14038879130189952,0.23044105339872348,0,0.8805262307908789,0.030791580558071813,0.08868218865104928,0
2024-25,15,2025-05-25,Wolverhampton Wanderers,Brentford,1,0.39319798398623035,0.24815633048123023,0.35864568553253956,0,0.44707288146704416,0.2416500300486161,0.31127708848433955,0,0.3535936833814347,0.2543207225412611,0.3920855940773042,2,0.30064804658568706,0.15660371821443478,0.5427482351998781,2,0.32818717448638535,0.3024829103530861,0.36932991516052854,2
2024-25,15,2025-05-25,Tottenham,Brighton and Hove Albion,2,0.32624730045473344,0.2611509622593262,0.4126017372859403,2,0.40836157185098204,0.2440438741842996,0.3475945539647185,0,0.32560071827026216,0.25098789914335323,0.4234113825863846,2,0.06829149723344584,0.29468708451482595,0.6370214182517282,2,0.10764625113693245,0.10679275729307183,0.7855609915699958,2
2024-25,15,2025-05-25,Nottingham Forest,Chelsea,2,0.3719412366622868,0.2921513045121577,0.33590745882555556,0,0.40923833834522794,0.24553561833107898,0.3452260433236931,0,0.4153245125415402,0.24788256410635975,0.33679292335210004,0,0.22773679211909548,0.4975784640190649,0.2746847438618397,1,0.41357514040624166,0.513147415545431,0.07327744404832731,1
2024-25,15,2025-05-25,Southampton,Arsenal,2,0.09639262876386068,0.16629379053625312,0.7373135806998862,2,0.2433548106986265,0.22972294169624588,0.5269222476051277,2,0.049069938208175186,0.13238484416611396,0.8185452176257108,2,0.13841813349611745,0.041778777941068976,0.8198030885628136,2,0.07065666539604717,0.03544890950402646,0.8938944250999264,2
2024-25,15,2025-05-25,Newcastle United,Everton,2,0.6223108053659632,0.20907927190510617,0.16860992272893072,0,0.5108762743412983,0.23161672358977328,0.2575070020689283,0,0.6385158277595443,0.21017259251301812,0.15131157972743747,0,0.8034066618185854,0.06398118425974389,0.1326121539216707,0,0.5802942711223711,0.14134814944213667,0.2783575794354922,0
2024-25,15,2025-05-25,Fulham,Manchester City,2,0.22764245014739537,0.23799542529529116,0.5343621245573136,2,0.41716731244752014,0.24526111811956,0.33757156943291994,0,0.2453903414508621,0.2305508565119726,0.5240588020371654,2,0.11794863615985123,0.22227661442984623,0.6597747494103025,2,0.05825364672695593,0.367830409442463,0.5739159438305811,2
2024-25,15,2025-05-25,Liverpool,Crystal Palace,1,0.6617748941844537,0.2207623169857569,0.11746278882978944,0,0.5214000229594032,0.2272581517670247,0.2513418252735722,0,0.7372008991028118,0.1709075727403912,0.09189152815679698,0,0.7454845276065776,0.23224334353108045,0.022272128862342016,0,0.47572710309327615,0.4670856042277773,0.057187292678946455,0
2024-25,15,2025-05-25,Ipswich Town,West Ham United,2,0.33753376417152964,0.2349548609514466,0.42751137487702356,2,0.3750387291299604,0.24556236338252385,0.3793989074875157,2,0.29901568888784363,0.2563237423874351,0.4446605687247212,2,0.1445854445351528,0.13276778630898553,0.7226467691558617,2,0.1400325344649303,0.2799689437508359,0.5799985217842338,2
2024-25,15,2025-05-25,Bournemouth,Leicester City,0,0.612806059975288,0.23251684183252605,0.15467709819218592,0,0.5300167406320442,0.2265668682860546,0.2434163910819012,0,0.5996061490809981,0.228115766796399,0.17227808412260304,0,0.7494571505727021,0.144050348824073,0.10649250060322496,0,0.6112953144522435,0.25211797839667993,0.13658670715107646,0
2024-25,15,2025-05-25,Manchester United,Aston Villa,0,0.3053700471356597,0.23911147682668712,0.45551847603765316,2,0.35995903685438346,0.24613984329454566,0.3939011198510709,2,0.3088024770067103,0.24605337577274172,0.44514414722054785,2,0.2639874345481554,0.16336149397028626,0.5726510714815584,2,0.2256407167335545,0.04480819585173194,0.7295510874147135,2
2025-26,15,2025-08-15,Liverpool,Bournemouth,0,0.6992439199935202,0.19383012429087543,0.1069259557156043,0,0.5984151450898971,0.2110718103107778,0.19051304459932503,0,0.7835354153990028,0.1511254457077887,0.0653391388932083,0,0.8908796508201732,0.06990125363999239,0.03921909553983439,0,0.8682610093902422,0.09751997153745232,0.03421901907230548,0
2025-26,15,2025-08-16,Tottenham,Burnley,0,0.5236976137658571,0.29717394375841566,0.17912844247572726,0,0.4999642538586494,0.23337211843211128,0.26666362770923935,0,0.5523140697304121,0.2416355842269762,0.20605034604261166,0,0.3908487804592573,0.502892841382041,0.10625837815870164,1,0.5834950685296738,0.2666984457264076,0.14980648574391842,0
2025-26,15,2025-08-16,Sunderland,West Ham United,0,0.27931233809507705,0.2353530831597244,0.48533457874519853,2,0.42429417982067297,0.24418801990507052,0.3315178002742565,0,0.2101051638470758,0.23926213994229906,0.550632696210625,2,0.13266488233820597,0.3327151147208548,0.5346200029409391,2,0.21518138823148403,0.40134562083872516,0.38347299092979076,1
2025-26,15,2025-08-16,Wolverhampton Wanderers,Manchester City,2,0.20130718444146237,0.21240892632502967,0.5862838892335078,2,0.24591915923154709,0.2303678318732257,0.5237130088952273,2,0.18433403429588713,0.21541705468135766,0.6002489110227551,2,0.19257687111172953,0.12126277516636606,0.6861603537219043,2,0.33511068451871623,0.11014816664884548,0.5547411488324383,2
2025-26,15,2025-08-16,Aston Villa,Newcastle United,1,0.4773287954190954,0.258855362774835,0.26381584180606976,0,0.4273119351057893,0.24306206443532052,0.3296260004588902,0,0.5458997655682379,0.23025695068360544,0.2238432837481567,0,0.49857170008715784,0.21895966931332148,0.2824686305995206,0,0.5462079475805369,0.26153821088140927,0.19225384153805386,0
2025-26,15,2025-08-16,Brighton and Hove Albion,Fulham,1,0.5399620828929148,0.2644264063069678,0.19561151080011757,0,0.47009352448460495,0.23941806010708738,0.2904884154083077,0,0.5854373067266784,0.22608240541992802,0.18848028785339352,0,0.49665585594352935,0.40648381997836935,0.09686032407810137,0,0.6802724149455696,0.19277364153035456,0.12695394352407582,0
2025-26,15,2025-08-17,Chelsea,Crystal Palace,1,0.5121128394171977,0.2884874352370022,0.1993997253458002,0,0.4871621902132822,0.23745796927387328,0.2753798405128444,0,0.630949693326236,0.21110622157117043,0.15794408510259358,0,0.3286577073249304,0.5346679011287679,0.13667439154630168,1,0.6607601055541907,0.21649600810236255,0.12274388634344667,0
2025-26,15,2025-08-17,Nottingham Forest,Brentford,0,0.5023143629861914,0.2439940686323795,0.25369156838142903,0,0.46511267338774187,0.24011481162848008,0.294772514983778,0,0.49314205720907317,0.24431320535511197,0.26254473743581475,0,0.605734218640913,0.1774908737234169,0.21677490763567006,0,0.6917458560239751,0.18033452093250116,0.12791962304352378,0
2025-26,15,2025-08-17,Manchester United,Arsenal,2,0.2353164857311975,0.22677405454551666,0.5379094597232859,2,0.3734666995225207,0.24825836023718897,0.3782749402402904,2,0.24804826844145633,0.23253859711530905,0.5194131344432347,2,0.11237038727467721,0.14991514385314353,0.7377144688721793,2,0.20036975668328474,0.26687716161696085,0.5327530816997544,2
2025-26,15,2025-08-18,Leeds United,Everton,0,0.34131534825614385,0.2537874328333187,0.4048972189105374,2,0.32533103230500976,0.2427326125533086,0.4319363551416816,2,0.2689967913868946,0.24824359192551926,0.48275961668758605,2,0.29803608561012135,0.2644894217654589,0.4374744926244198,2,0.2072105945148735,0.15287455459930335,0.6399148508858231,2
2025-26,15,2025-08-22,West Ham United,Chelsea,2,0.2992295849208586,0.27241050279770135,0.42835991228143994,2,0.3815052636400047,0.24606638247400206,0.37242835388599316,0,0.2657869022851615,0.24121923902122286,0.4929938586936157,2,0.20553467857072666,0.34157717243843,0.45288814899084334,2,0.27525857883546134,0.3617472267565434,0.3629941944079952,2
2025-26,15,2025-08-23,Burnley,Sunderland,0,0.44115612754678923,0.28722749764956673,0.271616374803644,0,0.4505748424076749,0.24242363870813696,0.3070015188841882,0,0.435822899875271,0.26431555247906807,0.2998615476456608,0,0.191999453493792,0.40602772878550214,0.40197281772070576,1,0.24186481411307695,0.12357196021502241,0.6345632256719006,2
2025-26,15,2025-08-23,Manchester City,Tottenham,2,0.7324044580489004,0.18987042209501934,0.07772511985608019,0,0.6454518283350147,0.19404627416100007,0.1605018975039853,0,0.8071472906554444,0.13967321455162748,0.05317949479292805,0,0.9109513721459525,0.07131783319970629,0.017730794654341287,0,0.9352646622958369,0.04407274538970307,0.020662592314459924,0
2025-26,15,2025-08-23,Bournemouth,Wolverhampton Wanderers,0,0.5717535609803953,0.21377359977488744,0.2144728392447173,0,0.5177568755170836,0.23088936255628836,0.25135376192662806,0,0.5320064081927417,0.2412583570041797,0.2267352348030786,0,0.6573201558500211,0.05511957581643902,0.2875602683335398,0,0.7523361926353164,0.12627009831689462,0.12139370904778893,0
2025-26,15,2025-08-23,Brentford,Aston Villa,0,0.3554944292775607,0.3028779932123826,0.3416275775100568,0,0.3993716743273281,0.24553850930442137,0.3550898163682506,0,0.373997756617404,0.24909192063317379,0.37691032274942227,2,0.2874760961009873,0.49691971797851003,0.21560418592050254,1,0.32358118458825413,0.39227995221359907,0.28413886319814674,1
2025-26,15,2025-08-23,Arsenal,Leeds United,0,0.7711369062440955,0.16918658123389643,0.059676512522007945,0,0.6647131171022393,0.1873688375335935,0.14791804536416725,0,0.8381692746508513,0.12338671614147932,0.03844400920766926,0,0.88065430791924,0.09529702611728974,0.024048665963470273,0,0.9460825804635754,0.04048213466267514,0.013435284873749405,0
2025-26,15,2025-08-24,Everton,Brighton and Hove Albion,0,0.451878209998301,0.23705463749329958,0.31106715250839956,0,0.4107108207689504,0.24447172701779377,0.344817452213256,0,0.407251360990645,0.2509495005239304,0.34179913848542465,0,0.6313335954873793,0.1668170883849689,0.20184931612765175,0,0.5468105974225071,0.22804770918266415,0.2251416933948286,0
2025-26,15,2025-08-24,Crystal Palace,Nottingham Forest,1,0.48770863157737904,0.22800772533712008,0.2842836430855008,0,0.5047680880727636,0.23382556579465094,0.26140634613258545,0,0.5277656517202634,0.23762612530460916,0.2346082229751275,0,0.36069905406028085,0.10159953146785507,0.5377014144718641,2,0.5263811193049526,0.18820203891704979,0.2854168417779976,0
2025-26,15,2025-08-24,Fulham,Manchester United,1,0.4973409136029217,0.24266905486045498,0.2599900315366232,0,0.5122800263802776,0.2301472829414774,0.25757269067824506,0,0.4639879034416018,0.24934391929220903,0.2866681772661892,0,0.44614027343212503,0.3107278964359514,0.2431318301319237,0,0.432549063543509,0.1641633043868442,0.40328763206964674,0
2025-26,15,2025-08-25,Newcastle United,Liverpool,2,0.2979796121011191,0.24989970527356037,0.4521206826253205,2,0.3765770190675011,0.24579914539482153,0.3776238355376775,2,0.3606952341822093,0.24074413236527947,0.3985606334525112,2,0.09922217426159033,0.24998414293801297,0.6507936828003967,2,0.15205428483959632,0.2770413827555831,0.5709043324048205,2
2025-26,15,2025-08-30,Chelsea,Fulham,0,0.5652050271691109,0.24656084781249837,0.18823412501839076,0,0.5376574112523879,0.22690783384190588,0.2354347549057063,0,0.6635194079486507,0.20198020237927009,0.13450038967207914,0,0.5052656932974532,0.274165461237131,0.22056884546541577,0,0.6034711055195943,0.17741560799644981,0.21911328648395587,0
2025-26,15,2025-08-30,Manchester United,Burnley,0,0.6407117219486936,0.20660950589865218,0.15267877215265416,0,0.5722562454396327,0.21764862272825825,0.21009513183210904,0,0.6214229437803208,0.2223033191046906,0.15627373711498854,0,0.7938295857049013,0.07139752083627703,0.13477289345882168,0,0.7294852326271584,0.06926629343380014,0.20124847393904152,0
2025-26,15,2025-08-30,Sunderland,Brentford,0,0.2368508892831278,0.25860640454858563,0.5045427061682866,2,0.39110736865069695,0.24622997558653642,0.3626626557627668,0,0.1674227089389843,0.22126141906181215,0.6113158719992035,2,0.19388354279538403,0.4025350255854749,0.40358143161914106,2,0.17540277194348766,0.47643680301604047,0.3481604250404719,1
2025-26,15,2025-08-30,Tottenham,Bournemouth,2,0.41755020932507836,0.300048091042148,0.28240169963277345,0,0.42385880449689456,0.24502486147412444,0.33111633402898116,0,0.42440902871298336,0.2535432936753821,0.3220476776116347,0,0.43790685907690075,0.4382479474271904,0.1238451934959088,1,0.2338684361095955,0.44776475442551544,0.318366809464889,1
2025-26,15,2025-08-30,Wolverhampton Wanderers,Everton,2,0.38229721950202217,0.2832640185009407,0.33443876199703726,0,0.4215480098925974,0.2456936248620684,0.33275836524533414,0,0.3742858727777131,0.25588267580746504,0.3698314514148218,0,0.4662228376435992,0.31609483934532456,0.21768232301107623,0,0.7741995301009827,0.13083881066814104,0.09496165923087622,0
2025-26,15,2025-08-30,Leeds United,Newcastle United,1,0.2469236779829104,0.3033789426795874,0.44969737933750215,2,0.3668410610302607,0.24717771240463307,0.3859812265651063,2,0.21622135734475365,0.23343699898047446,0.5503416436747719,2,0.10057989242836989,0.5453490742981775,0.35407103327345246,1,0.05606784580393784,0.5415990060828888,0.4023331481131733,1
2025-26,15,2025-08-31,Brighton and Hove Albion,Manchester City,0,0.3125450525012867,0.23077314603749377,0.4566818014612195,2,0.3166392064913709,0.24162884457771724,0.44173194893091194,2,0.3064000467834524,0.23916710980676273,0.45443284340978496,2,0.44914575020094205,0.09295015961894265,0.45790409018011524,2,0.23339667233586026,0.3561835661003209,0.4104197615638189,2
2025-26,15,2025-08-31,Nottingham Forest,West Ham United,2,0.5484646622538999,0.2460546294655379,0.20548070828056203,0,0.5223538844271135,0.22746151509311283,0.25018460047977376,0,0.5474614855897817,0.2369515999018215,0.2155869145083967,0,0.5489578115664362,0.1909159602901496,0.26012622814341424,0,0.4010120092446046,0.5346443839176285,0.06434360683776691,1
2025-26,15,2025-08-31,Liverpool,Arsenal,0,0.5619778176568332,0.22201270954727795,0.21600947279588867,0,0.4930952039307942,0.2341036724247374,0.27280112364446824,0,0.5925454793361205,0.21234962301585483,0.19510489764802472,0,0.738206215240515,0.1761676908466082,0.08562609391287672,0,0.5614094609291141,0.3930541153324302,0.04553642373845558,0
2025-26,15,2025-08-31,Aston Villa,Crystal Palace,2,0.5043968750531486,0.24728144276129,0.24832168218556136,0,0.4569280381636828,0.23962586566537705,0.30344609617094026,0,0.5580661632037673,0.22973351307905174,0.21220032371718103,0,0.42696971176001997,0.3298976850657149,0.24313260317426505,0,0.4810629203734514,0.16370962552017307,0.3552274541063755,0
2025-26,15,2025-09-13,Brentford,Chelsea,1,0.30628421351410723,0.22387378191133228,0.46984200457456055,2,0.4737781696135756,0.23883624691747332,0.28738558346895104,0,0.3424159655418615,0.24707983517888135,0.41050419927925713,2,0.23841909503998132,0.12106455387101822,0.6405163510890004,2,0.4131002474088046,0.06431905028090876,0.5225807023102866,2
2025-26,15,2025-09-13,West Ham United,Tottenham,2,0.5023911894946754,0.2340567323978468,0.2635520781074779,0,0.4194258209571573,0.24391298794044894,0.33666119110239356,0,0.4444009192803943,0.2542493846286717,0.3013496960909341,0,0.6196973600601915,0.1493675984029622,0.23093504153684632,0,0.8656440884931573,0.0764325639028877,0.05792334760395483,0
2025-26,15,2025-09-13,Newcastle United,Wolverhampton Wanderers,0,0.6254498304092581,0.23407566937662175,0.14047450021412017,0,0.5297262380334373,0.22891503636593907,0.2413587256006236,0,0.6903283395959543,0.19505026781139498,0.11462139259265072,0,0.7146118687279075,0.21447146090199248,0.07091667037010008,0,0.2676043774795207,0.6827807107514885,0.04961491176899077,1
2025-26,15,2025-09-13,Fulham,Leeds United,0,0.6234762287828032,0.2097932807118634,0.1667304905053334,0,0.5612313372875388,0.2224909304311532,0.216277732281308,0,0.6128932389859312,0.2238418476014002,0.1632649134126687,0,0.8820882356372015,0.05532321132522525,0.0625885530375733,0,0.8344405985058354,0.061056316889115614,0.10450308460504905,0
2025-26,15,2025-09-13,Everton,Aston Villa,1,0.4164203261225258,0.26239349806321005,0.3211861758142641,0,0.40988114253805763,0.24706386847593492,0.34305498898600734,0,0.4546288175383423,0.24680104111517048,0.2985701413464872,0,0.4116412381257269,0.34862515310421993,0.23973360877005326,0,0.6317932755990714,0.2680770233446579,0.10012970105627061,0
2025-26,15,2025-09-13,Crystal Palace,Sunderland,1,0.7030991168529178,0.20131602560662734,0.09558485754045482,0,0.661098432515416,0.18955697033637986,0.1493445971482042,0,0.7393565608612797,0.17716718461770187,0.0834762545210185,0,0.8771691852420688,0.10064555956002974,0.0221852551979015,0,0.775130141026995,0.20020382981318421,0.024666029159820878,0
2025-26,15,2025-09-13,Bournemouth,Brighton and Hove Albion,0,0.43355361339228793,0.2410379712115778,0.3254084153961342,0,0.3898413479036774,0.2445936324262019,0.3655650196701207,0,0.42733913249097416,0.24924829962440162,0.32341256788462414,0,0.4521971363487172,0.15943633280115674,0.38836653085012596,0,0.632093543725793,0.20585859060415646,0.16204786567005064,0
2025-26,15,2025-09-13,Arsenal,Nottingham Forest,0,0.6700034901588205,0.19788460877262393,0.13211190106855555,0,0.5962365565974757,0.2100258460961571,0.19373759730636728,0,0.7469752146436938,0.16761104721887413,0.08541373813743204,0,0.7201130978397222,0.06102810402779462,0.2188587981324832,0,0.8179985405339306,0.11261623604442977,0.06938522342163972,0
2025-26,15,2025-09-14,Burnley,Liverpool,2,0.12766573102779932,0.21519051172445147,0.6571437572477494,2,0.24030791024089795,0.22794750993009266,0.5317445798290095,2,0.06831012718716002,0.14983145663822003,0.7818584161746199,2,0.16260043402035074,0.1876765047268563,0.6497230612527929,2,0.1214657063560717,0.2572614865443795,0.6212728070995488,2
2025-26,15,2025-09-14,Manchester City,Manchester United,0,0.6946517804783554,0.1991157085390969,0.10623251098254763,0,0.633714969544427,0.19928566259000022,0.16699936786557273,0,0.7676345341614143,0.15911299123820039,0.07325247460038539,0,0.8936985930026285,0.06065592329522693,0.04564548370214455,0,0.88276134138177,0.03715802351384374,0.08008063510438632,0
2025-26,15,2025-09-20,Liverpool,Everton,0,0.7055870581336177,0.195545172439185,0.0988677694271972,0,0.5519164057048854,0.22225379659138902,0.22582979770372563,0,0.7875511465234031,0.14842240798426878,0.06402644549232822,0,0.8639526457414701,0.08966122913028791,0.04638612512824197,0,0.7696684080143729,0.20373746990377234,0.02659412208185472,0
2025-26,15,2025-09-20,Brighton and Hove Albion,Tottenham,1,0.5756819341976547,0.23219083921700095,0.19212722658534442,0,0.464998266302585,0.23939356644748766,0.2956081672499274,0,0.5884627616510169,0.22636877640129258,0.18516846194769057,0,0.6886512720967738,0.2078443484856964,0.1035043794175298,0,0.863633818756632,0.07043223908279582,0.06593394216057213,0
2025-26,15,2025-09-20,Burnley,Nottingham Forest,1,0.3576607042250219,0.22724759022713958,0.4150917055478385,2,0.3083822825937913,0.24198421217208055,0.44963350523412815,2,0.22601981844726585,0.24056013394142076,0.5334200476113135,2,0.5871646687042985,0.11383791173956258,0.29899741955613895,0,0.33459776334474517,0.13772151970515836,0.5276807169500964,2
2025-26,15,2025-09-20,West Ham United,Crystal Palace,2,0.3240754900966229,0.23691424233692646,0.4390102675664506,2,0.34822831168970136,0.24410336289801876,0.4076683254122798,2,0.30346539313034887,0.24948421590042186,0.4470503909692292,2,0.20203637324554213,0.16591265278124795,0.63205097397321,2,0.05471736822700124,0.07457273862241795,0.8707098931505808,2
2025-26,15,2025-09-20,Wolverhampton Wanderers,Leeds United,2,0.5550895728123014,0.22547132401132855,0.21943910317637014,0,0.4869242411230443,0.2367099547683759,0.27636580410857986,0,0.47680243082485574,0.2545982566006938,0.26859931257445036,0,0.7948719342445099,0.11160893157789677,0.09351913417759343,0,0.5100381422796616,0.2376323401303537,0.2523295175899847,0
2025-26,15,2025-09-20,Manchester United,Chelsea,0,0.2899287793040167,0.2284710345477131,0.48160018614827027,2,0.3917844486820713,0.24662212371598494,0.36159342760194363,0,0.31971611849654663,0.24662506385018348,0.43365881765326986,2,0.10397940902297202,0.11599764538847633,0.7800229455885517,2,0.2715244742957976,0.09118677015142614,0.6372887555527763,2
2025-26,15,2025-09-20,Fulham,Brentford,0,0.45559146850295457,0.23590653225279373,0.30850199924425176,0,0.4322620189670925,0.241749185484431,0.32598879554847643,0,0.4306965493690821,0.25168670201392385,0.31761674861699407,0,0.3656708702140288,0.21158845218099132,0.4227406776049798,2,0.20591959232173554,0.443464541297422,0.3506158663808424,1
2025-26,15,2025-09-21,Arsenal,Manchester City,1,0.4698265270627931,0.3000195008060567,0.2301539721311502,0,0.496860571996199,0.23483240575308298,0.268307022250718,0,0.5936177534123657,0.21350674648273937,0.192875500104895,0,0.41464450489905647,0.4660278063577958,0.11932768874314768,1,0.2554010531170211,0.6741070831758772,0.07049186370710174,1
2025-26,15,2025-09-21,Sunderland,Aston Villa,1,0.205453206532895,0.27744242660684737,0.5171043668602574,2,0.3047621003445377,0.2419705322995294,0.45326736735593287,2,0.15653636784897032,0.2136288294394704,0.6298348027115593,2,0.10589107889756415,0.4510447418733076,0.4430641792291282,1,0.09491080296825928,0.43772715914212157,0.4673620378896192,2
2025-26,15,2025-09-21,Bournemouth,Newcastle United,1,0.3817525741250107,0.28434839626731573,0.3338990296076737,0,0.45341498245134415,0.2415214117350319,0.30506360581362413,0,0.41982718559773613,0.24843725213019202,0.33173556227207185,0,0.2863805959967809,0.4085205219613745,0.3050988820418446,1,0.3812367852501046,0.33895059410105305,0.27981262064884244,0
2025-26,15,2025-09-27,Brentford,Manchester United,0,0.4558865368904532,0.260046506358764,0.28406695675078264,0,0.4206057783874436,0.24276846832042107,0.33662575329213534,0,0.4520267857970933,0.2503801311944271,0.29759308300847964,0,0.2991061864132965,0.3715780202584634,0.3293157933282402,1,0.20893210516674326,0.32700034318759036,0.4640675516456663,2
2025-26,15,2025-09-27,Chelsea,Brighton and Hove Albion,2,0.5423229037307081,0.22278832387740288,0.23488877239188893,0,0.5249665432541724,0.23066445205149672,0.244369004694331,0,0.6313670587511309,0.21096287433843558,0.15767006691043353,0,0.5642134902206777,0.07909090993395917,0.3566955998453632,0,0.3385335462646165,0.056440112429799356,0.6050263413055841,2
2025-26,15,2025-09-27,Crystal Palace,Liverpool,0,0.3096573381680958,0.2347580975047519,0.45558456432715233,2,0.3200321880071282,0.2438743937327512,0.4360934182601208,2,0.30546417765231376,0.23707902104715003,0.45745680130053623,2,0.4343807017226604,0.17228803526718364,0.393331263010156,0,0.3968014893454567,0.18403974624967462,0.41915876440486866,2
2025-26,15,2025-09-27,Leeds United,Bournemouth,1,0.294270919295675,0.25426098963582017,0.4514680910685049,2,0.4102369504005102,0.24546543716473387,0.34429761243475576,0,0.2902696305523623,0.25022009036867326,0.4595102790789644,2,0.12703509051157003,0.36532434337265185,0.5076405661157781,2,0.21340948353246245,0.38814081293596125,0.3984497035315762,2
2025-26,15,2025-09-27,Manchester City,Burnley,0,0.7409682292596014,0.18341198058774658,0.07561979015265213,0,0.6106015467125224,0.20507167966072543,0.18432677362675226,0,0.8435307877458953,0.12085097601235276,0.035618236241752005,0,0.7063454817267129,0.11131157734894137,0.18234294092434578,0,0.8398616898968246,0.05883277351436609,0.10130553658880931,0
2025-26,15,2025-09-27,Nottingham Forest,Sunderland,2,0.6227074706599114,0.2319952317658808,0.14529729757420776,0,0.579433296931952,0.21649846670405237,0.20406823636399563,0,0.6728903676991623,0.20508350272142217,0.12202612957941544,0,0.6380791482936445,0.2002398909504967,0.16168096075585875,0,0.8266049309281613,0.12706254386858845,0.0463325252032502,0
2025-26,15,2025-09-27,Tottenham,Wolverhampton Wanderers,1,0.5324378345018557,0.2438734870582052,0.22368867843993914,0,0.527137283165173,0.22990935514784996,0.24295336168697707,0,0.5588963054682865,0.23755878542004674,0.20354490911166673,0,0.4740833245529639,0.24153396805680827,0.2843827073902279,0,0.43110097756722576,0.4394662065806426,0.12943281585213165,1
2025-26,15,2025-09-28,Aston Villa,Fulham,0,0.5721304224812488,0.23366672532931004,0.19420285218944103,0,0.4330223043700626,0.24258516737058283,0.3243925282593544,0,0.5908955319265262,0.2238928627653031,0.18521160530817068,0,0.7302431244579514,0.20001318189782036,0.06974369364422832,0,0.7337577684611686,0.22599141428249944,0.040250817256331964,0
2025-26,15,2025-09-28,Newcastle United,Arsenal,2,0.3250558784790501,0.2201426864227812,0.4548014350981686,2,0.3458982255128736,0.24582945667699851,0.40827231781012807,2,0.391206299812054,0.24233758963831817,0.36645611054962773,0,0.2604099913093792,0.08111576287803868,0.6584742458125822,2,0.4584104791361209,0.1772956702803974,0.36429385058348185,0
2025-26,15,2025-09-29,Everton,West Ham United,1,0.6086449395758576,0.21396307856497132,0.17739198185917116,0,0.47646952169039336,0.2379044224240504,0.28562605588555634,0,0.5757975167415618,0.23171497691195897,0.19248750634647926,0,0.8648680554738226,0.08713093737778886,0.0480010071483885,0,0.67140169129572,0.2886229610825802,0.03997534762169976,0
2025-26,15,2025-10-03,Bournemouth,Fulham,0,0.5227887282174317,0.2246414323085104,0.25256983947405776,0,0.46208237298413796,0.23996003706610392,0.29795758994975813,0,0.5086776880890502,0.24252262468309332,0.24879968722785636,0,0.7244985829047179,0.0937065914163896,0.18179482567889244,0,0.4129677235625687,0.39910483153621235,0.18792744490121902,0
2025-26,15,2025-10-04,Chelsea,Liverpool,0,0.3026451152966179,0.27508756054825106,0.4222673241551311,2,0.3672919969051968,0.2455857145125838,0.3871222885822194,2,0.3628723258181146,0.24008819865422246,0.3970394755276629,2,0.10170537855119362,0.3153304766959464,0.58296414475286,2,0.17910903921735274,0.4070182880638867,0.4138726727187605,2
2025-26,15,2025-10-04,Manchester United,Sunderland,0,0.6253510319167944,0.22978453662214748,0.144864431461058,0,0.580315889266006,0.21565904677026285,0.2040250639637312,0,0.6197260536760206,0.22264087243698982,0.1576330738869895,0,0.71327757799957,0.2020185890092913,0.08470383299113869,0,0.6249890351512507,0.2400260632174016,0.13498490163134774,0
2025-26,15,2025-10-04,Leeds United,Tottenham,2,0.39906249171996,0.2518427329638093,0.34909477531623057,0,0.3743842764699735,0.24573923907061085,0.37987648445941563,2,0.3426816548848268,0.2577067129594346,0.39961163215573847,2,0.40462723222751446,0.18463042461314277,0.41074234315934266,2,0.6620153650583164,0.11138430071832352,0.22660033422336012,0
2025-26,15,2025-10-04,Arsenal,West Ham United,0,0.7206423966592082,0.19054452665138244,0.08881307668940958,0,0.6694727368586293,0.18504919210117002,0.14547807104020072,0,0.8021157104793045,0.14259412871470242,0.05529016080599309,0,0.7480742775138498,0.089248393282536,0.16267732920361422,0,0.5999649562203805,0.15744847062350648,0.24258657315611304,0
2025-26,15,2025-10-05,Aston Villa,Burnley,0,0.7040906554015374,0.19797004612711513,0.0979392984713475,0,0.6020076540919816,0.2078329416015121,0.19015940430650638,0,0.7294888457885741,0.18074051520864903,0.08977063900277685,0,0.811803097260124,0.12546201117578562,0.06273489156409034,0,0.8099387027986553,0.10792438628292554,0.08213691091841925,0
2025-26,15,2025-10-05,Everton,Crystal Palace,0,0.39034230342519644,0.27661481875265864,0.3330428778221448,0,0.424402609256963,0.24422245847950866,0.3313749322635284,0,0.402581370158138,0.250151685822994,0.34726694401886804,0,0.31613152744726686,0.3277420379312096,0.35612643462152355,2,0.31273981839154946,0.2658650306362471,0.42139515097220337,2
2025-26,15,2025-10-05,Newcastle United,Nottingham Forest,0,0.6119389539313908,0.20710185471432724,0.1809591913542819,0,0.5312202391840093,0.22786681780676443,0.24091294300922617,0,0.6073648306656968,0.21993984544620795,0.17269532388809525,0,0.8430385871821433,0.04956879096275941,0.10739262185509708,0,0.6798718736545589,0.01822940558814728,0.30189872075729374,0
2025-26,15,2025-10-05,Wolverhampton Wanderers,Brighton and Hove Albion,1,0.28455361673119944,0.273896750736301,0.4415496325324997,2,0.3938424543025044,0.24759440744964742,0.3585631382478483,0,0.2891792758585974,0.24862393829583884,0.46219678584556384,2,0.12221412691023274,0.3855269383518615,0.4922589347379056,2,0.325811254859518,0.16123595848601063,0.5129527866544714,2
2025-26,15,2025-10-05,Brentford,Manchester City,2,0.24996293218717808,0.21777761111236593,0.532259456700456,2,0.3617545350810692,0.2462755221108843,0.39196994280804653,2,0.25428914424603166,0.23306093827083557,0.5126499174831327,2,0.2527770285533879,0.0890936191808998,0.6581293522657123,2,0.29484784414386034,0.16085530619206065,0.544296849664079,2
2025-26,15,2025-10-18,Fulham,Arsenal,2,0.2644119976541014,0.23838148824642957,0.4972065140994691,2,0.3084111752983336,0.24240195913449056,0.4491868655671759,2,0.2302707392437597,0.22748477310742038,0.5422444876488199,2,0.28276773049027,0.18553123859617987,0.5317010309135501,2,0.5180578923421081,0.20794471596165098,0.2739973916962411,0
2025-26,15,2025-10-18,Nottingham Forest,Chelsea,2,0.32163559890032745,0.24162072471068632,0.43674367638898626,2,0.3658292687908826,0.24651988395125488,0.3876508472578625,2,0.34317558212419597,0.2489021596556145,0.40792225822018957,2,0.17627742564264326,0.1867344370313263,0.6369881373260305,2,0.42691422939824364,0.158296413797654,0.41478935680410245,0
2025-26,15,2025-10-18,Brighton and Hove Albion,Newcastle United,0,0.4716448605009036,0.22048625630312133,0.307868883195975,0,0.5007190691840153,0.23377096159827163,0.26550996921771297,0,0.46458633650909803,0.24395019986114733,0.29146346362975456,0,0.4492561639004666,0.08813033467072381,0.46261350142880975,2,0.6011736732277944,0.11381164662340955,0.28501468014879605,0
2025-26,15,2025-10-18,Burnley,Leeds United,0,0.4261917173032153,0.24534933934270076,0.32845894335408393,0,0.48657772180959213,0.23746310270940615,0.2759591754810017,0,0.3440549850879412,0.2632688720331832,0.3926761428788757,2,0.40859023326002986,0.2419943326753458,0.34941543406462433,0,0.45492919378214725,0.13865957078072597,0.40641123543712665,0
2025-26,15,2025-10-18,Crystal Palace,Bournemouth,1,0.4929839121570825,0.24251490662414826,0.26450118121876925,0,0.4681088036040195,0.23753219412219215,0.2943590022737884,0,0.5073548763434387,0.24010224423831175,0.25254287941824954,0,0.39252910100477817,0.21924635880285712,0.3882245401923648,0,0.35568866295701984,0.39519948149347345,0.24911185554950663,1
2025-26,15,2025-10-18,Manchester City,Everton,0,0.6274169861169685,0.2494332317282598,0.1231497821547717,0,0.5437287360748849,0.22355028473529695,0.2327209791898179,0,0.7435272259743629,0.16893147629650948,0.08754129772912762,0,0.544188139731727,0.3990955802179046,0.05671628005036841,0,0.7139717038749404,0.27229126340730503,0.013737032717754694,0
2025-26,15,2025-10-18,Sunderland,Wolverhampton Wanderers,0,0.40927743701530306,0.24707548942179108,0.34364707356290564,0,0.45749420505298327,0.24041849327604822,0.30208730167096837,0,0.31075261869014587,0.2593310048423414,0.42991637646751263,2,0.47348663416743747,0.21420573508289098,0.3123076307496716,0,0.2410679779719141,0.38362346356585264,0.3753085584622333,1
2025-26,15,2025-10-19,Liverpool,Manchester United,2,0.7153894614355518,0.18946959151132248,0.09514094705312572,0,0.6046809433986798,0.20844621473662428,0.18687284186469594,0,0.7917327512399732,0.14704231636135245,0.06122493239867437,0,0.9052925835385411,0.05849566076122083,0.03621175570023816,0,0.8920191380412062,0.06417203522717001,0.043808826731623715,0
2025-26,15,2025-10-19,Tottenham,Aston Villa,2,0.3634253034180245,0.22952918408903955,0.40704551249293597,2,0.3718025094087264,0.24639659496979818,0.38180089562147557,2,0.3602666344728159,0.250721484841267,0.38901188068591713,2,0.4087516853522997,0.12767325384003045,0.46357506080766986,2,0.28233314428329864,0.3363615312836354,0.38130532443306586,2
2025-26,15,2025-10-20,West Ham United,Brentford,2,0.3894919442465108,0.23797869896961288,0.37252935678387633,0,0.33466545456157576,0.24331387417776187,0.4220206712606622,2,0.35331626195838217,0.255808885048541,0.39087485299307684,2,0.34505590584005597,0.11252659552944666,0.5424174986304974,2,0.38706536522899965,0.206094733718019,0.4068399010529813,2
2025-26,15,2025-10-24,Leeds United,West Ham United,0,0.46346943208637537,0.24556647719755886,0.2909640907160658,0,0.4024671611371764,0.24564962645208463,0.35188321241073905,0,0.37352274898656523,0.26127506818804225,0.3652021828253926,0,0.699926013288826,0.18657800251429707,0.1134959841968769,0,0.20130600357920905,0.371010272779423,0.427683723641368,2
2025-26,15,2025-10-25,Chelsea,Sunderland,2,0.6893940709052804,0.2171200163140959,0.09348591278062378,0,0.6292927173594691,0.19959808765956827,0.1711091949809625,0,0.767821312546402,0.16226236407392478,0.06991632337967327,0,0.769527072963495,0.17810308819492157,0.052369838841583374,0,0.9332945148447344,0.053524647349727957,0.013180837805537622,0
2025-26,15,2025-10-25,Newcastle United,Fulham,0,0.5885359262217315,0.21913578215381188,0.19232829162445653,0,0.477740645862556,0.2378193683238109,0.28443998581363317,0,0.6153025249715648,0.21804798669321265,0.1666494883352226,0,0.7308809144116342,0.12851209743707745,0.1406069881512883,0,0.7581628481211276,0.037599555937449354,0.20423759594142302,0
2025-26,15,2025-10-25,Manchester United,Brighton and Hove Albion,0,0.38918190779106254,0.2980817882543655,0.31273630395457186,0,0.4916240397053399,0.23685054432194308,0.271525415972717,0,0.43090018587802087,0.24907046415971562,0.3200293499622636,0,0.32773487121101774,0.4656880018029425,0.20657712698603975,1,0.3006356125904862,0.4808554699334616,0.21850891747605214,1
2025-26,15,2025-10-25,Brentford,Liverpool,0,0.2745400274364399,0.2524962013081117,0.47296377125544836,2,0.33323959015179816,0.24465792163646238,0.4221024882117396,2,0.2692978638697513,0.23540832953283414,0.4952938065974146,2,0.318154573238471,0.22576142741771638,0.45608399934381255,2,0.5604168211831144,0.28511806365044634,0.15446511516643927,0
2025-26,15,2025-10-26,Arsenal,Crystal Palace,0,0.6681723841868277,0.1997340431359176,0.13209357267725466,0,0.593733952526655,0.21032083206988947,0.19594521540345544,0,0.7251133376919352,0.17533824175786425,0.09954842055020059,0,0.8766775319285813,0.043250349756918806,0.08007211831449992,0,0.8620992654985405,0.02342020249642669,0.11448053200503287,0
2025-26,15,2025-10-26,Aston Villa,Manchester City,0,0.2991367839512717,0.2581043749193159,0.4427588411294124,2,0.41146947249825105,0.2452607609552428,0.3432697665465062,0,0.38650432057185286,0.24147367587011864,0.37202200355802856,0,0.05280685793446231,0.29910421967351025,0.6480889223920275,2,0.13387630011440937,0.23439795669029917,0.6317257431952914,2
2025-26,15,2025-10-26,Bournemouth,Nottingham Forest,0,0.5280746544461662,0.2416376610367576,0.23028768451707615,0,0.516909403976987,0.23077300106684237,0.25231759495617073,0,0.538548394332874,0.23782991680351306,0.22362168886361294,0,0.47463654447435233,0.22101152623476863,0.30435192929087895,0,0.6335336467574029,0.10562062659913819,0.26084572664345895,0
2025-26,15,2025-10-26,Wolverhampton Wanderers,Burnley,2,0.5786637879411817,0.22005694600697903,0.20127926605183924,0,0.4645305679001376,0.2418204097850042,0.29364902231485845,0,0.5289003270676529,0.2482635521878928,0.22283612074445427,0,0.8252950959935103,0.09308209353414063,0.08162281047234901,0,0.41868379252868315,0.28616276054871176,0.2951534469226051,0
2025-26,15,2025-10-26,Everton,Tottenham,2,0.5655422025958069,0.22400081409713546,0.21045698330705767,0,0.47391043034731206,0.240273048915808,0.2858165207368798,0,0.5659178317305082,0.23292415633534458,0.2011580119341471,0,0.7787104706061909,0.12020157484371671,0.10108795455009231,0,0.8267364878381187,0.11554413466314487,0.05771937749873636,0
2025-26,15,2025-11-01,Liverpool,Aston Villa,0,0.5731558630277211,0.24154456318849016,0.1852995737837885,0,0.5408684841310745,0.2250617339666048,0.2340697819023208,0,0.6570664001584063,0.19921062931016056,0.14372297053143307,0,0.6267591880220726,0.2175865614782613,0.15565425049966608,0,0.8533450133649838,0.12435126790190897,0.0223037187331073,0
2025-26,15,2025-11-01,Tottenham,Chelsea,2,0.3230466906626379,0.26126284297232794,0.415690466365034,2,0.3859975198823478,0.2444685194026541,0.3695339607149981,0,0.3112987205810773,0.2465173130744214,0.44218396634450124,2,0.14069810751915812,0.3375601048226848,0.5217417876581572,2,0.252916432044158,0.15853623018915938,0.5885473377666827,2
2025-26,15,2025-11-01,Nottingham Forest,Manchester United,1,0.4469613130336352,0.23954899451836273,0.31348969244800196,0,0.4304953473530636,0.24292787894426804,0.32657677370266847,0,0.388031152954209,0.2537410911652835,0.35822775588050754,0,0.45551430788403713,0.200411612652505,0.34407407946345775,0,0.4749461781284598,0.21186682202619964,0.31318699984534054,0
2025-26,15,2025-11-01,Crystal Palace,Brentford,0,0.539207100341597,0.23416111050828264,0.22663178915012033,0,0.3857895651718486,0.24504769027715606,0.3691627445509951,0,0.5437458385909304,0.2344773377802775,0.22177682362879206,0,0.6824266829641608,0.18876509806844274,0.12880821896739653,0,0.4778324861735149,0.3598655916351688,0.1623019221913162,0
2025-26,15,2025-11-01,Burnley,Arsenal,2,0.12604802614575875,0.17825265241690605,0.6956993214373353,2,0.27415137290986813,0.23739771575330526,0.4884509113368266,2,0.09198766703439187,0.16943542410450285,0.7385769088611052,2,0.1389042445319883,0.038413598111783416,0.8226821573562283,2,0.10366525573769393,0.027649618646376405,0.8686851256159298,2
2025-26,15,2025-11-01,Brighton and Hove Albion,Leeds United,0,0.6353476607176293,0.22950650694748645,0.13514583233488436,0,0.5147557239817523,0.23015044705016713,0.2550938289680805,0,0.6625871202315318,0.20630061247120898,0.13111226729725917,0,0.6566839626717061,0.2666276090896312,0.07668842823866262,0,0.610379463753559,0.23946977821614657,0.15015075803029432,0
2025-26,15,2025-11-01,Fulham,Wolverhampton Wanderers,0,0.5863749657259155,0.2229307073313747,0.19069432694270982,0,0.5007820129306038,0.23431164308215127,0.264906343987245,0,0.5655394875703852,0.23654682625217963,0.19791368617743504,0,0.7402316087046595,0.12430980775115386,0.13545858354418663,0,0.313079095738781,0.2701702389519933,0.4167506653092256,2
2025-26,15,2025-11-02,West Ham United,Newcastle United,0,0.2982413107631911,0.22834850405173124,0.4734101851850777,2,0.32830239775478487,0.2425091112193011,0.42918849102591394,2,0.23373105845718872,0.23689629369113477,0.5293726478516765,2,0.24710577721174923,0.12963556443240598,0.6232586583558448,2,0.1274532892717098,0.12067192497043837,0.7518747857578519,2
2025-26,15,2025-11-02,Manchester City,Bournemouth,0,0.6181966105043346,0.21062624747698794,0.17117714201867756,0,0.5403974765376145,0.22471769579199788,0.23488482767038787,0,0.7291972331692154,0.17454530326512852,0.0962574635656562,0,0.6376649924935684,0.09603776027611206,0.26629724723031944,0,0.9622959463119657,0.013691635444965582,0.02401241824306879,0
2025-26,15,2025-11-03,Sunderland,Everton,1,0.2972593479211783,0.2765475998271206,0.42619305225170107,2,0.3915992030496598,0.24588448144490369,0.3625163155054364,0,0.264552095441339,0.24824669242400207,0.4872012121346589,2,0.15255569678716843,0.37114349199007096,0.4763008112227607,2,0.1955835310912979,0.24603956678041491,0.5583769021282872,2
2025-26,15,2025-11-08,Tottenham,Manchester United,1,0.43875690437737236,0.24038142778271981,0.32086166783990777,0,0.42633676819325483,0.2442488273897121,0.3294144044170332,0,0.41620143648306335,0.25281099526628903,0.33098756825064757,0,0.46918207279824947,0.26440583715672056,0.2664120900450301,0,0.14078995268071576,0.5402985730810554,0.31891147423822874,1
2025-26,15,2025-11-08,Everton,Fulham,0,0.541007312183097,0.2246578317852589,0.23433485603164392,0,0.48500938736211463,0.23887391377443637,0.2761166988634489,0,0.5323278823737833,0.23975917450074194,0.22791294312547483,0,0.7920177350181908,0.09809854747355747,0.10988371750825178,0,0.65288724686821,0.1273917065121084,0.21972104661968167,0
2025-26,15,2025-11-08,West Ham United,Burnley,0,0.5450536771676634,0.23928628906300564,0.21566003376933085,0,0.537478723403458,0.2265404609815154,0.2359808156150266,0,0.5190689732726566,0.24856530629774679,0.23236572042959672,0,0.5774048669120124,0.19301998962957262,0.22957514345841493,0,0.7565696801554299,0.11843515468169795,0.12499516516287217,0
2025-26,15,2025-11-08,Sunderland,Arsenal,1,0.13039603092653518,0.18864428408664932,0.6809596849868156,2,0.23592454028292964,0.22721864953980228,0.5368568101772679,2,0.10252013371282555,0.17628089211610654,0.7211989741710679,2,0.16512255115455615,0.08700142913363633,0.7478760197118075,2,0.10675394884575311,0.06621382414179489,0.8270322270124519,2
2025-26,15,2025-11-08,Chelsea,Wolverhampton Wanderers,0,0.6498109233167115,0.23606408846357776,0.1141249882197108,0,0.5891680762272484,0.21160832695138376,0.19922359682136767,0,0.7189770007859008,0.18390779783444147,0.09711520137965766,0,0.739003730180802,0.22176417407743323,0.03923209574176486,0,0.6511564595805898,0.15580665616708936,0.19303688425232102,0
2025-26,15,2025-11-09,Manchester City,Liverpool,0,0.48701179568741904,0.26042807497431086,0.25256012933827016,0,0.41987458203456496,0.2435541014540736,0.33657131651136163,0,0.5835799303624258,0.21590312295329958,0.20051694668427456,0,0.42339642843087044,0.39267940792283734,0.18392416364629222,0,0.2999116372939273,0.5894193987335559,0.11066896397251677,1
2025-26,15,2025-11-09,Nottingham Forest,Leeds United,0,0.5727719910856639,0.23605939418403774,0.1911686147302982,0,0.5437865646857145,0.22564560971456094,0.2305678255997246,0,0.5542592549416526,0.23957740881750655,0.20616333624084077,0,0.6871175300873813,0.17704597352782123,0.13583649638479747,0,0.504103445817856,0.23432077233535162,0.26157578184679237,0
2025-26,15,2025-11-09,Brentford,Newcastle United,0,0.3935115622681158,0.22735290873748973,0.3791355289943945,0,0.464263022195677,0.23908550209864962,0.2966514757056733,0,0.4122784506458735,0.2494910035054723,0.3382305458486543,0,0.19287747607547695,0.10176361098431784,0.7053589129402053,2,0.6457951964300983,0.04212323846148745,0.3120815651084143,0
2025-26,15,2025-11-09,Aston Villa,Bournemouth,0,0.5657994359317449,0.23199271913014885,0.20220784493810637,0,0.44512674065118885,0.24116492550331314,0.3137083338454981,0,0.5857381028357865,0.223476850422811,0.19078504674140248,0,0.5811261164045898,0.23046540432466445,0.18840847927074572,0,0.6758923251777641,0.09257827148370956,0.2315294033385263,0
2025-26,15,2025-11-09,Crystal Palace,Brighton and Hove Albion,1,0.461266044718572,0.2566008043339204,0.28213315094750774,0,0.38992604309586787,0.24386199441249312,0.36621196249163895,0,0.4807330881163525,0.2429264772735754,0.2763404346100722,0,0.5087827790139677,0.22916111703515937,0.26205610395087287,0,0.4671440153431038,0.27978395168423537,0.25307203297266095,0
2025-26,15,2025-11-22,Burnley,Chelsea,2,0.22835799377579202,0.2440245907499298,0.527617415474278,2,0.27108960775250185,0.23676173435181108,0.4921486578956871,2,0.16212434915075027,0.21433182330997147,0.6235438275392783,2,0.18019177665131017,0.1852544771851151,0.6345537461635747,2,0.2415831513708866,0.06614203119939406,0.6922748174297194,2
2025-26,15,2025-11-22,Bournemouth,West Ham United,1,0.569718808113517,0.24381040382332286,0.1864707880631601,0,0.4872787742984189,0.23702731549386585,0.27569391020771516,0,0.6156484547946107,0.2207871968076373,0.16356434839775202,0,0.5556720586415738,0.2885947685110027,0.15573317284742352,0,0.5958917701158335,0.353064547091971,0.05104368279219542,0
2025-26,15,2025-11-22,Brighton and Hove Albion,Brentford,0,0.5163016156583071,0.2456309985787987,0.23806738576289427,0,0.42497187328526126,0.24357913311424798,0.3314489936004909,0,0.5464388906931075,0.23373076885350427,0.21983034045338826,0,0.6018350439388455,0.18426922573752844,0.21389573032362605,0,0.3495326514623033,0.5364164095092978,0.11405093902839893,1
2025-26,15,2025-11-22,Fulham,Sunderland,0,0.5421235600473207,0.2790256742529906,0.17885076569968872,0,0.4980621818662737,0.2342915347778727,0.26764628335585366,0,0.5753090685972944,0.23416885293645584,0.19052207846624977,0,0.4319703565751814,0.45492286391388,0.11310677951093875,1,0.32895163123506727,0.45951871773418157,0.21152965103075122,1
2025-26,15,2025-11-22,Liverpool,Nottingham Forest,2,0.703408702950354,0.19293558799204785,0.103655709057598,0,0.5470331331536091,0.22363777991155973,0.22932908693483114,0,0.765972440633487,0.16022108279741062,0.07380647656910236,0,0.8916644574231468,0.048721398713314254,0.059614143863538936,0,0.9256043387795608,0.03644245157046824,0.03795320964997083,0
2025-26,15,2025-11-22,Wolverhampton Wanderers,Crystal Palace,2,0.35084842485041895,0.22680319501758556,0.4223483801319954,2,0.31793665033441443,0.2425131864108564,0.43955016325472923,2,0.22328052988305624,0.23621111549271168,0.5405083546242321,2,0.4826869032791739,0.16510205537452777,0.35221104134629827,0,0.1945468913656197,0.09737892178943648,0.7080741868449438,2
2025-26,15,2025-11-22,Newcastle United,Manchester City,0,0.26391264424632555,0.2485849161461215,0.487502439607553,2,0.35575541881184625,0.24477109410922346,0.3994734870789303,2,0.3054417641042275,0.2384445151080721,0.4561137207877004,2,0.1450545294384974,0.2953380959969902,0.5596073745645125,2,0.4373388190117791,0.11971434512377284,0.4429468358644481,2
2025-26,15,2025-11-23,Leeds United,Aston Villa,2,0.2360451858901905,0.23447146769060465,0.5294833464192048,2,0.3039201042746965,0.2404238468652739,0.45565604886002964,2,0.1773673839732227,0.21943800172010058,0.6031946143066768,2,0.19184581955530905,0.18500283157627176,0.6231513488684192,2,0.09425309123162158,0.0758787840989511,0.8298681246694274,2
2025-26,15,2025-11-23,Arsenal,Tottenham,0,0.7019079201211,0.20317594486120624,0.09491613501769373,0,0.646124803076525,0.19495268752312228,0.1589225094003528,0,0.8110613174422561,0.1373499737072571,0.05158870885048687,0,0.8296607055492072,0.10096613905353534,0.06937315539725745,0,0.8171891495156786,0.07790400941313612,0.10490684107118531,0
2025-26,15,2025-11-24,Manchester United,Everton,2,0.5072663577358173,0.26444744489442756,0.22828619736975506,0,0.48831849484874884,0.23613332457093197,0.27554818058031927,0,0.4936898945111001,0.24442595445358276,0.26188415103531726,0,0.5025333524413758,0.4348630618324111,0.06260358572621318,0,0.5548258436881418,0.36567025751921806,0.07950389879264015,0
2025-26,15,2025-11-29,Manchester City,Leeds United,0,0.7725438330712264,0.17260188414381464,0.05485428278495895,0,0.6858857879079575,0.17826971504760786,0.13584449704443463,0,0.820672008311908,0.13358118522950002,0.045746806458592144,0,0.8667413894801536,0.11598987518987199,0.017268735329974447,0,0.8187116970524786,0.15385790872118177,0.02743039422633967,0
2025-26,15,2025-11-29,Tottenham,Fulham,2,0.5107075636373722,0.222462484579972,0.26682995178265595,0,0.4805065967698723,0.2381842398886644,0.2813091633414633,0,0.4518987640011085,0.25199617173620603,0.29610506426268546,0,0.7437293974303759,0.0688311040610352,0.18743949850858876,0,0.7064816192984732,0.023684739746055884,0.2698336409554709,0
2025-26,15,2025-11-29,Everton,Newcastle United,2,0.4392921903556815,0.22523987106665283,0.33546793857766544,0,0.3536972952356405,0.24382446836639352,0.402478236397966,2,0.4223107996624993,0.24888013482525193,0.32880906551224875,0,0.5290198314122466,0.1114995534425803,0.35948061514517327,0,0.5168231708523333,0.2030388045559159,0.28013802459175074,0
2025-26,15,2025-11-29,Brentford,Burnley,0,0.6741178335587089,0.2020863790810612,0.12379578736023,0,0.5478988070459354,0.22375656760516416,0.22834462534890035,0,0.6677423995249392,0.20638697111780904,0.12587062935725177,0,0.9025557472170144,0.052723500086702735,0.04472075269628278,0,0.818197830057595,0.10289490657219197,0.07890726337021307,0
2025-26,15,2025-11-29,Sunderland,Bournemouth,0,0.30287183559729114,0.2505581079254512,0.44657005647725767,2,0.3388468097653996,0.24438253375910526,0.41677065647549516,2,0.25031688066635666,0.24421638565501244,0.5054667336786309,2,0.20416393141333966,0.2984694733717828,0.4973665952148776,2,0.2525293931104958,0.17821524851674253,0.5692553583727616,2
2025-26,15,2025-11-30,Crystal Palace,Manchester United,2,0.5188469330621864,0.24236746735125075,0.23878559958656287,0,0.4329443742319495,0.242168037620452,0.3248875881475985,0,0.5722360807183703,0.22827530018503936,0.19948861909659035,0,0.34372651622704353,0.25975698645498146,0.39651649731797495,2,0.63066529028343,0.10295760286139254,0.2663771068551774,0
2025-26,15,2025-11-30,Aston Villa,Wolverhampton Wanderers,0,0.7033323037842962,0.19375802463987454,0.10290967157582927,0,0.6196484622458601,0.20331506462063156,0.1770364731335083,0,0.7525340282345446,0.16941592799325042,0.07805004377220497,0,0.8253341781121976,0.0752198914629324,0.09944593042487007,0,0.7765043695192009,0.08346080834618472,0.14003482213461443,0
2025-26,15,2025-11-30,Nottingham Forest,Brighton and Hove Albion,2,0.3662795859650207,0.2654484364992155,0.3682719775357637,2,0.36314723143164296,0.24525090693301274,0.3916018616353444,2,0.37868213417922775,0.2511433916294216,0.37017447419135074,0,0.30729088654557735,0.266767613216625,0.42594150023779764,2,0.292202998896117,0.22602710949152258,0.48176989161236045,2
2025-26,15,2025-11-30,West Ham United,Liverpool,2,0.2114681226698387,0.2611678626264144,0.527364014703747,2,0.31691511231250813,0.24247305516045056,0.4406118325270414,2,0.18709146252596123,0.21842552554657316,0.5944830119274656,2,0.08012988145624732,0.40532909042260057,0.5145410281211522,2,0.1999755630072349,0.6506663834769352,0.14935805351582992,1
2025-26,15,2025-11-30,Chelsea,Arsenal,1,0.34726409440125505,0.23056862616100793,0.42216727943773696,2,0.36137261674016696,0.2452971377864292,0.39333024547340384,2,0.39888288529619936,0.23994087825305957,0.3611762364507411,0,0.3333586309557339,0.1617683057624087,0.5048730632818574,2,0.41242135065429275,0.10253910551080976,0.4850395438348974,2
2025-26,15,2025-12-02,Fulham,Manchester City,2,0.2577929386796814,0.22078252112025198,0.5214245402000666,2,0.36542293991422903,0.24763194934082083,0.3869451107449502,2,0.2600583873295566,0.23455105692276523,0.5053905557476781,2,0.24670842590732842,0.09330999412214416,0.6599815799705274,2,0.15210492620702903,0.30435631083323217,0.5435387629597388,2
2025-26,15,2025-12-02,Bournemouth,Everton,2,0.5104653155330882,0.22750384175599284,0.26203084271091903,0,0.4741991200342007,0.23935228871564335,0.2864485912501559,0,0.4898740935073758,0.24545804358631804,0.2646678629063061,0,0.6762110172445679,0.14509523384255701,0.17869374891287515,0,0.24416507324044465,0.6042707236101756,0.1515642031493797,1
2025-26,15,2025-12-02,Newcastle United,Tottenham,1,0.6256765709575953,0.22178333667510694,0.15254009236729774,0,0.5258774609138255,0.22863844693437604,0.24548409215179867,0,0.6443320532816604,0.20991174924849584,0.1457561974698437,0,0.8061505941522801,0.14938417975676987,0.04446522609094999,0,0.6147300632881241,0.33513151469776753,0.050138422014108515,0
2025-26,15,2025-12-03,Leeds United,Chelsea,0,0.21854740378076218,0.26888395324767084,0.5125686429715668,2,0.33258180768136025,0.24499694145199843,0.4224212508666412,2,0.17298715630108166,0.21753419779583874,0.6094786459030795,2,0.20763355274420758,0.43499781247479335,0.3573686347809992,1,0.21292919525470322,0.2951562172428752,0.4919145875024216,2
2025-26,15,2025-12-03,Wolverhampton Wanderers,Nottingham Forest,2,0.3191980028094692,0.2547945243729034,0.426007472817627,2,0.4411878169825624,0.24316731954589718,0.31564486347154036,0,0.28097419354298203,0.25207299636858665,0.46695281008843137,2,0.19104450338103282,0.22416939287542315,0.5847861037435441,2,0.18548086076079087,0.1404804772334816,0.6740386620057276,2
2025-26,15,2025-12-03,Liverpool,Sunderland,1,0.7465550285032434,0.1777252436183648,0.07571972787839179,0,0.6086507437325961,0.20574471474473582,0.18560454152266798,0,0.7975500719549244,0.1461161219210505,0.05633380612402509,0,0.875724088874425,0.08763203535572543,0.03664387576984965,0,0.9016203692011094,0.06593954483790297,0.03244008596098755,0
2025-26,15,2025-12-03,Brighton and Hove Albion,Aston Villa,2,0.4466637954003191,0.23395183891672722,0.3193843656829536,0,0.4960107380969552,0.2342100351813618,0.2697792267216832,0,0.45693011069192196,0.24247504237348538,0.30059484693459265,0,0.43472663770290065,0.164999109297152,0.4002742529999474,0,0.6525527364900222,0.1082630576284205,0.23918420588155737,0
2025-26,15,2025-12-03,Arsenal,Brentford,0,0.6323260592284057,0.24466951435354922,0.12300442641804508,0,0.5443988290196771,0.22562888816747007,0.22997228281285298,0,0.7959969210759019,0.14442343720545503,0.059579641718643,0,0.6593384215652742,0.29169119115543657,0.04897038727928914,0,0.8200216385255631,0.128464862033351,0.051513499441085846,0
2025-26,15,2025-12-03,Burnley,Crystal Palace,2,0.22430727338024808,0.2652081850074488,0.510484541612303,2,0.3490212205497569,0.24623225836904822,0.4047465210811948,2,0.19176143597962803,0.22819699445172517,0.5800415695686468,2,0.08924661391136231,0.35079588588276533,0.5599575002058724,2,0.1469575374043521,0.16384994947445022,0.6891925131211977,2
2025-26,15,2025-12-04,Manchester United,West Ham United,1,0.5754842604263154,0.24461284717116377,0.1799028924025209,0,0.5694476524211304,0.2201098679242565,0.21044247965461318,0,0.6138300805258096,0.22158763906993148,0.16458228040425898,0,0.6535125837381989,0.27338581533017225,0.07310160093162887,0,0.7171579787510306,0.2573964930931555,0.02544552815581381,0
2025-26,15,2025-12-06,Aston Villa,Arsenal,0,0.38687154042484095,0.26259559322899023,0.35053286634616876,0,0.4008759934213759,0.24410057849219702,0.35502342808642706,0,0.38218759529462715,0.2394384080684112,0.37837399663696164,0,0.42292423288819886,0.3887970486464823,0.1882787184653189,0,0.5272976874728413,0.18824542165566857,0.2844568908714901,0
2025-26,15,2025-12-06,Bournemouth,Chelsea,1,0.3696785202607411,0.25788223386268033,0.3724392458765786,2,0.4009838716897031,0.24570589899879777,0.3533102293114991,0,0.3568084857207833,0.24906246142926688,0.3941290528499498,2,0.25403150049667295,0.34170577616495457,0.40426272333837243,2,0.32100570949649976,0.26274522180775556,0.4162490686957447,2
2025-26,15,2025-12-06,Everton,Nottingham Forest,0,0.5133528937745485,0.23525536949463133,0.2513917367308201,0,0.4351273590854377,0.24205480261855342,0.3228178382960089,0,0.5107705635514119,0.24239013165340775,0.24683930479518035,0,0.6591340503283568,0.13475539528411037,0.20611055438753284,0,0.8460161278507096,0.05083078961472983,0.10315308253456061,0
2025-26,15,2025-12-06,Manchester City,Sunderland,0,0.7100966258105299,0.2160076493203565,0.07389572486911355,0,0.6638246537359633,0.18708310707708328,0.14909223918695336,0,0.8193195634618484,0.1339816137807563,0.046698822757395266,0,0.7226930999816595,0.2576912011579097,0.019615698860430766,0,0.7609626749219913,0.18857966153396813,0.05045766354404058,0
2025-26,15,2025-12-06,Newcastle United,Burnley,0,0.6990218398301764,0.1986303995896384,0.10234776058018522,0,0.6169575173713685,0.2043418048943193,0.17870067773431209,0,0.7453371263603653,0.1740010340550785,0.08066183958455633,0,0.7953847045290386,0.13929556014927844,0.06531973532168289,0,0.8273143282709018,0.1362836444655991,0.0364020272634992,0
2025-26,15,2025-12-06,Tottenham,Brentford,0,0.43482347837453117,0.22745441778426356,0.33772210384120527,0,0.4887857627922728,0.23800953262172303,0.2732047045860042,0,0.4136149001387549,0.25364300592272054,0.3327420939385245,0,0.6838859799589166,0.09447968410085407,0.22163433594022922,0,0.6342356285580852,0.1539087934161702,0.2118555780257446,0
2025-26,15,2025-12-06,Leeds United,Liverpool,1,0.20074808348273243,0.23429215657131464,0.5649597599459532,2,0.24799718379005997,0.2293724311125814,0.5226303850973587,2,0.14191208735229524,0.20106790994218007,0.6570200027055246,2,0.16459895361031765,0.17783687058937075,0.6575641758003117,2,0.171897331194744,0.17804878997802828,0.6500538788272276,2
2025-26,15,2025-12-07,Brighton and Hove Albion,West Ham United,1,0.563811068010246,0.26450688948947676,0.1716820425002773,0,0.49706061335868373,0.23421412934263092,0.26872525729868524,0,0.6432172745118805,0.2113723608994192,0.1454103645887004,0,0.34874931155372624,0.4668814564802397,0.184369231966034,1,0.5688544921309128,0.21253539496169987,0.21861011290738733,0
2025-26,15,2025-12-07,Fulham,Crystal Palace,2,0.37378877992384,0.29459707598668355,0.33161414408947637,0,0.4201222702687779,0.2435518556057312,0.33632587412549086,0,0.35331335689411864,0.2511936993207529,0.3954929437851284,2,0.30192716860361063,0.42574318723559756,0.27232964416079186,1,0.3148792128517868,0.14538417651174795,0.5397366106364652,2
2025-26,15,2025-12-08,Wolverhampton Wanderers,Manchester United,2,0.31767843508939686,0.22987075087307834,0.45245081403752485,2,0.3275621551679334,0.2432406043767651,0.4291972404553014,2,0.2302701595928948,0.24044364879055838,0.5292861916165468,2,0.4830134318933969,0.09851819116762431,0.4184683769389787,0,0.146900683354652,0.3697747148249445,0.48332460182040354,2
2025-26,15,2025-12-13,Chelsea,Everton,0,0.5389100140864088,0.2539608199142891,0.2071291659993022,0,0.45226819104384197,0.24132582619837903,0.30640598275777897,0,0.621219790384751,0.21433015704189745,0.16445005257335166,0,0.4534241688363479,0.27499800589861334,0.2715778252650387,0,0.7995099942010658,0.04341462101257929,0.15707538478635483,0
2025-26,15,2025-12-13,Liverpool,Brighton and Hove Albion,0,0.5828799223323959,0.25383652073047813,0.16328355693712607,0,0.5465913329230636,0.22362247004380412,0.2297861970331322,0,0.6503569170445435,0.2031699407663467,0.14647314218910995,0,0.6100388889054904,0.332093005676424,0.05786810541808545,0,0.43239138037400543,0.5195287547417738,0.04807986488422072,1
2025-26,15,2025-12-13,Burnley,Fulham,2,0.35316929263064084,0.2315827672588584,0.4152479401105006,2,0.36286385949189587,0.24502213749629892,0.3921140030118053,2,0.22833854895289557,0.242512660977039,0.5291487900700654,2,0.41992467994452104,0.1424912551142677,0.4375840649412113,2,0.27974384351628223,0.11376265302565026,0.6064935034580675,2
2025-26,15,2025-12-13,Arsenal,Wolverhampton Wanderers,0,0.7799527678483623,0.17026035730418626,0.049786874847451285,0,0.6581405429090699,0.19091560799629506,0.15094384909463507,0,0.8746880567115162,0.10117656767054528,0.024135375617938506,0,0.8613649551978747,0.11098481752194002,0.02765022728018522,0,0.8695463381166995,0.08929152829775239,0.041162133585548266,0
2025-26,15,2025-12-14,Crystal Palace,Manchester City,2,0.3080345915131934,0.2215161450037922,0.4704492634830145,2,0.35076391648316596,0.24669993032855245,0.40253615318828156,2,0.37223808733761377,0.24246799782508507,0.3852939148373012,2,0.2336985886188681,0.08439026290930375,0.6819111484718281,2,0.21256698171943716,0.10034866256160214,0.6870843557189606,2
2025-26,15,2025-12-14,Nottingham Forest,Tottenham,0,0.5020809028450142,0.23918440905560157,0.25873468809938416,0,0.4502692442861865,0.24010896047598512,0.3096217952378283,0,0.45978849014278683,0.2508700434351354,0.28934146642207775,0,0.6262558615076474,0.17589772297804976,0.19784641551430276,0,0.6537117566915123,0.05316266418150669,0.29312557912698106,0
2025-26,15,2025-12-14,Sunderland,Newcastle United,0,0.29478288520765955,0.24277846983890777,0.4624386449534327,2,0.36200564741776853,0.24504773869436183,0.39294661388786956,2,0.21664308716095887,0.2329312139722741,0.550425698866767,2,0.2751851650192622,0.1790783385894385,0.5457364963912993,2,0.07407060576156466,0.22218102286303795,0.7037483713753974,2
2025-26,15,2025-12-14,West Ham United,Aston Villa,2,0.3185852764915931,0.23817941783743315,0.4432353056709737,2,0.29070374191162246,0.24001715612865343,0.4692791019597241,2,0.24930678590875863,0.23722285465891038,0.513470359432331,2,0.5511075744131275,0.2024935662883439,0.24639885929852862,0,0.4250054517448973,0.1833751750205794,0.3916193732345233,0
2025-26,15,2025-12-14,Brentford,Leeds United,1,0.5969578383009161,0.2130335882509521,0.19000857344813166,0,0.6037218326954668,0.20877336350543396,0.18750480379909923,0,0.6096058654379515,0.22398110426659498,0.1664130302954534,0,0.7679317166318188,0.07466769277053918,0.15740059059764208,0,0.811547791302951,0.1448356266403133,0.04361658205673568,0
2025-26,15,2025-12-15,Manchester United,Bournemouth,1,0.4851726365361579,0.2860504434685586,0.22877691999528335,0,0.4308953592134855,0.2436646543835936,0.3254399864029208,0,0.5342363118001544,0.23786601042678376,0.22789767777306183,0,0.4208044217416132,0.44440987042257846,0.13478570783580832,1,0.3836544014859373,0.3228136515022775,0.29353194701178525,0
2025-26,15,2025-12-20,Leeds United,Crystal Palace,0,0.32108154301662034,0.228977595093859,0.44994086188952076,2,0.33829503929599786,0.24386510780258222,0.4178398529014199,2,0.2269920631742493,0.2365799805217229,0.5364279563040277,2,0.3540951215475605,0.14518709810122163,0.5007177803512178,2,0.21099666457135444,0.07680654550153133,0.7121967899271142,2
2025-26,15,2025-12-20,Tottenham,Liverpool,2,0.24044857178421508,0.27083011729018186,0.4887213109256029,2,0.31612484357074744,0.24359043310815984,0.44028472332109275,2,0.2515987382317176,0.23520489680369377,0.5131963649645886,2,0.12683176660662754,0.3799520737243438,0.49321615966902876,2,0.13044263886343235,0.5415371671358998,0.3280201940006677,1
2025-26,15,2025-12-20,Wolverhampton Wanderers,Brentford,2,0.3090682189813119,0.25970318873525255,0.4312285922834354,2,0.37976466667831726,0.24619560561702233,0.37403972770466043,0,0.2342931978654541,0.2424471031848353,0.5232596989497107,2,0.2044529874481428,0.31654505932793553,0.47900195322392175,2,0.16447857993792625,0.3496595814642965,0.4858618385977773,2
2025-26,15,2025-12-20,Everton,Arsenal,2,0.3091970282775993,0.2182029172091336,0.47260005451326703,2,0.3312507904184825,0.24516461683881238,0.4235845927427051,2,0.2787205239916787,0.23577046260720247,0.4855090134011189,2,0.47313325882802243,0.08673934536887445,0.44012739580310317,0,0.6031789410811565,0.047308424385182964,0.34951263453366044,0
2025-26,15,2025-12-20,Brighton and Hove Albion,Sunderland,1,0.6236503101107127,0.23701383323563868,0.1393358566536486,0,0.48386385319117964,0.23631641269769768,0.2798197341111227,0,0.6665836602496378,0.20436205289575415,0.12905428685460804,0,0.6987467026554744,0.2664067884243094,0.03484650892021606,0,0.48186661269083186,0.4598773598258261,0.05825602748334208,0
2025-26,15,2025-12-20,Bournemouth,Burnley,1,0.673053411579658,0.20503518678918567,0.12191140163115638,0,0.5755965461032473,0.2178273307268667,0.20657612316988622,0,0.6894383980477394,0.1992091258980707,0.1113524760541898,0,0.8913888173009161,0.06807343222403345,0.04053775047505049,0,0.8248080329126671,0.13007078564753646,0.045121181439796446,0
2025-26,15,2025-12-20,Newcastle United,Chelsea,1,0.4351745447317975,0.23531465222450548,0.32951080304369695,0,0.4024724399225138,0.24396404784885223,0.3535635122286339,0,0.43375971420768483,0.24522912881960612,0.32101115697270904,0,0.2892620419688042,0.18898196138970574,0.52175599664149,2,0.6823422546954434,0.1366762695180325,0.18098147578652415,0
2025-26,15,2025-12-20,Manchester City,West Ham United,0,0.7121446540200995,0.19539845040592052,0.09245689557397994,0,0.6991476154530107,0.17382478948267066,0.1270275950643185,0,0.8165631105915635,0.13488820033393226,0.04854868907450415,0,0.6891987940474223,0.13632332044398932,0.1744778855085884,0,0.49726676918274987,0.2776363200537223,0.22509691076352784,0
2025-26,15,2025-12-21,Aston Villa,Manchester United,0,0.6415437974458664,0.20733727559508622,0.15111892695904733,0,0.5646543209862667,0.21810178582040773,0.21724389319332565,0,0.639209806528534,0.2079345051069384,0.15285568836452768,0,0.7858763581560719,0.11555207957802655,0.09857156226590148,0,0.4389836054091663,0.41276570357583114,0.14825069101500263,0
2025-26,15,2025-12-22,Fulham,Nottingham Forest,0,0.4925420583998296,0.2578459814232921,0.2496119601768781,0,0.4706314157484607,0.240142068256223,0.28922651599531624,0,0.4706820376258197,0.24950500487889052,0.2798129574952896,0,0.6764933861348654,0.2397783809604574,0.0837282329046771,0,0.3648339669392579,0.47487176839706197,0.16029426466368019,1
2025-26,15,2025-12-26,Manchester United,Newcastle United,0,0.4341120839924417,0.2614978404850784,0.30439007552247993,0,0.408666999510479,0.24564638098530553,0.3456866195042155,0,0.4521270708858641,0.2473028101629841,0.30057011895115165,0,0.4070863851984311,0.3904348992623644,0.20247871553920443,0,0.35305919466054425,0.5165260762241386,0.13041472911531712,1
2025-26,15,2025-12-27,Chelsea,Aston Villa,2,0.4787687871441926,0.23518325902528364,0.28604795383052384,0,0.4106393902263471,0.2464013830162431,0.34295922675740975,0,0.5132677604946227,0.233904475667453,0.25282776383792416,0,0.6444136742833053,0.17638762156891882,0.17919870414777592,0,0.6351349581192048,0.09881795640960533,0.2660470854711899,0
2025-26,15,2025-12-27,West Ham United,Fulham,2,0.42921843312587493,0.23016878652842135,0.3406127803457035,0,0.4797226279688372,0.2381246290072602,0.2821527430239027,0,0.36000104203878047,0.25613460209571365,0.38386435586550594,2,0.556227396593001,0.15351843311831098,0.29025417028868794,0,0.5272769401676566,0.0583530611378036,0.4143699986945399,0
2025-26,15,2025-12-27,Liverpool,Wolverhampton Wanderers,0,0.7409210014119237,0.19675213372519618,0.06232686486288015,0,0.6298630539691216,0.19964311751664518,0.1704938285142334,0,0.8327590274502761,0.12743909969603295,0.039801872853691,0,0.7437467688782791,0.21215969484476072,0.04409353627696019,0,0.8452139087896033,0.06769451291369324,0.08709157829670329,0
2025-26,15,2025-12-27,Brentford,Bournemouth,0,0.5398414558366694,0.22153281475848335,0.2386257294048471,0,0.4722138060908253,0.2393409229870084,0.2884452709221665,0,0.507197416163091,0.24320759376498774,0.2495949900719212,0,0.7804703274197795,0.0921222429334998,0.12740742964672067,0,0.4996229071021342,0.33325788519525906,0.16711920770260666,0
2025-26,15,2025-12-27,Arsenal,Brighton and Hove Albion,0,0.6289784085850996,0.23366830800373606,0.13735328341116446,0,0.6172868964955516,0.20387522365887703,0.17883787984557134,0,0.7533080958903808,0.16371404119519498,0.08297786291442416,0,0.7190812084123527,0.1751282732729301,0.10579051831471734,0,0.9494553010476704,0.03696221280500398,0.013582486147325571,0
2025-26,15,2025-12-27,Nottingham Forest,Manchester City,2,0.21938156658522528,0.21427323462465403,0.5663451987901207,2,0.3200961707943965,0.2441388672416314,0.43576496196397224,2,0.22196387886708158,0.22531317366786618,0.5527229474650522,2,0.1966910772185094,0.06850760433649859,0.7348013184449921,2,0.2627057858652496,0.09142054460314339,0.645873669531607,2
2025-26,15,2025-12-27,Burnley,Everton,1,0.2831253247536293,0.23903466976618526,0.4778400054801854,2,0.32862489872143164,0.24446163152752817,0.42691346975104016,2,0.2046054152150055,0.23449899413784966,0.5608955906471449,2,0.27970410211500174,0.15358084903118271,0.5667150488538156,2,0.1620306916561465,0.25578200805547835,0.5821873002883752,2
2025-26,15,2025-12-28,Sunderland,Leeds United,1,0.4556642328055172,0.23127113607200106,0.31306463112248173,0,0.47225182713069475,0.23924033062766084,0.2885078422416444,0,0.44570217293990366,0.2574256834838163,0.2968721435762801,0,0.3689951673459249,0.18186892676443153,0.4491359058896435,2,0.40669482273381047,0.3035412974341939,0.2897638798319957,0
2025-26,15,2025-12-28,Crystal Palace,Tottenham,2,0.5742501309100784,0.2429452951331027,0.18280457395681896,0,0.5426694933976766,0.22540726584025164,0.23192324076207185,0,0.6044405880097643,0.22241496266185484,0.17314444932838088,0,0.6837940960684131,0.20869085230653944,0.1075150516250474,0,0.6494335358404405,0.20725256658519253,0.14331389757436694,0
2025-26,15,2025-12-30,Arsenal,Aston Villa,0,0.5742303504849608,0.227747427102647,0.198022222412392,0,0.5347294121432167,0.226191827147932,0.23907876070885117,0,0.6511077115235353,0.19847304649022132,0.15041924198624346,0,0.5986690259986185,0.14428921651065102,0.2570417574907305,0,0.7303576634032709,0.14902261393105667,0.1206197226656724,0
2025-26,15,2025-12-30,Manchester United,Wolverhampton Wanderers,1,0.6131986157198039,0.27116744409975096,0.11563394018044493,0,0.5524236019026245,0.22292729096936795,0.22464910712800756,0,0.7007288595277323,0.19370404061553909,0.10556709985672863,0,0.4907680010347087,0.4622358137635033,0.04699618520178791,0,0.6091786249567902,0.3704088847049674,0.020412490338242332,0
2025-26,15,2025-12-30,West Ham United,Brighton and Hove Albion,1,0.3515848359826328,0.2523377006188666,0.3960774633985005,2,0.38080785873786,0.24650153707872227,0.3726906041834176,0,0.30001491644045686,0.24997103570064869,0.4500140478588945,2,0.2990708423126118,0.2733487807064906,0.4275803769808977,2,0.4022601681499781,0.314011632226467,0.2837281996235549,0
2025-26,15,2025-12-30,Burnley,Newcastle United,2,0.22612992101926588,0.30996283952448295,0.46390723945625095,2,0.30227168318099384,0.24210404487226608,0.45562427194674016,2,0.1846669007841595,0.22616015454144636,0.5891729446743941,2,0.1169031120609254,0.6391049142386517,0.243991973700423,1,0.17723920721641323,0.3495723572966647,0.4731884354869221,2
2025-26,15,2025-12-30,Chelsea,Bournemouth,1,0.5769052680856971,0.24179876942485104,0.18129596248945185,0,0.4938570010414106,0.23546986199081768,0.27067313696777157,0,0.6494589445006228,0.20710392979557077,0.14343712570380637,0,0.6611643341066442,0.20316965824750538,0.1356660076458506,0,0.6999340068378155,0.01776228566818426,0.28230370749400036,0
2025-26,15,2025-12-30,Nottingham Forest,Everton,2,0.4136964497430524,0.27848124541453956,0.3078223048424081,0,0.38360822272947304,0.2459304489337369,0.3704613283367899,0,0.42740528200650757,0.2525772532820136,0.3200174647114789,0,0.3634651823581744,0.3939601584729601,0.24257465916886548,1,0.14330258559584802,0.5834764486573377,0.27322096574681415,1
2025-26,15,2026-01-01,Crystal Palace,Fulham,1,0.513592853661208,0.23717642263019348,0.24923072370859828,0,0.4908037270246348,0.23566582231015756,0.2735304506652074,0,0.520305464155567,0.23992436271190815,0.2397701731325249,0,0.49808852090880745,0.17728335986522967,0.32462811922596296,0,0.6472098704108455,0.26448962816518246,0.08830050142397207,0
2025-26,15,2026-01-01,Liverpool,Leeds United,1,0.7163878483608062,0.19366370243481476,0.08994844920437901,0,0.6397286931159647,0.19686960188287075,0.1634017050011647,0,0.8029968911499138,0.14301613856876277,0.05398697028132345,0,0.8365159851899449,0.0751844755732965,0.08829953923675854,0,0.584838262232415,0.11698975537215935,0.2981719823954257,0
2025-26,15,2026-01-01,Brentford,Tottenham,1,0.49273319588126163,0.2829330874547398,0.22433371666399846,0,0.4374709187561431,0.24440278370711913,0.31812629753673777,0,0.5765377732947745,0.23011557451394027,0.19334665219128527,0,0.38023479093435086,0.4035489685390428,0.21621624052660632,1,0.42662217005978187,0.25779921232907593,0.31557861761114214,0
2025-26,15,2026-01-01,Sunderland,Manchester City,1,0.1608895636262821,0.2089561884083145,0.6301542479654034,2,0.262991650609351,0.23525501346239674,0.5017533359282524,2,0.137668337763542,0.19612887931008724,0.6662027829263707,2,0.13039091600567815,0.09062076499937224,0.7789883189949497,2,0.16894701079750715,0.06381075161892352,0.7672422375835694,2
2025-26,15,2026-01-03,Aston Villa,Nottingham Forest,0,0.6440138335127715,0.23544825511373776,0.12053791137349076,0,0.5644255991467729,0.21961103656464961,0.21596336428857738,0,0.7383256263016359,0.173273377242621,0.08840099645574302,0,0.7100391101681887,0.25133945616948616,0.03862143366232515,0,0.8913882924346824,0.057358046402177884,0.05125366116313976,0
2025-26,15,2026-01-03,Brighton and Hove Albion,Burnley,0,0.6868185834887504,0.2002378618069409,0.11294355470430847,0,0.5996950726740508,0.2092886541644935,0.19101627316145575,0,0.7135874012773511,0.1884635253177551,0.09794907340489376,0,0.7906994820896622,0.12907873508795972,0.08022178282237803,0,0.7582212231908099,0.20258108528220178,0.03919769152698838,0
2025-26,15,2026-01-03,Wolverhampton Wanderers,West Ham United,0,0.3930608888283702,0.2537483388863022,0.35319077228532747,0,0.42017611963840185,0.24382033763747174,0.33600354272412636,0,0.30995217101248673,0.2588419217026558,0.4312059072848575,2,0.3923179866377099,0.20406933105116581,0.40361268231112424,2,0.5237569125570396,0.13961288634563032,0.3366302010973301,0
2025-26,15,2026-01-03,Bournemouth,Arsenal,2,0.22632607652275946,0.2531130620530481,0.5205608614241926,2,0.3689415769681832,0.2468239329536867,0.38423449007813004,2,0.2068390017573802,0.21998189704365403,0.5731791011989658,2,0.2082747952658885,0.23977354743187526,0.5519516573022363,2,0.24590375474616527,0.2616722308073713,0.4924240144464635,2
2025-26,15,2026-01-04,Manchester City,Chelsea,1,0.6074873024188032,0.23394566422283505,0.15856703335836186,0,0.5749560122759445,0.2163029648406421,0.2087410228834135,0,0.7081798204517707,0.18124528747787821,0.11057489207035104,0,0.681171556549105,0.16479850433358942,0.15402993911730556,0,0.8755362903579523,0.0618969272753987,0.06256678236664902,0
2025-26,15,2026-01-04,Fulham,Liverpool,1,0.3077297210022754,0.25468748993385265,0.43758278906387205,2,0.379310524647483,0.24786993419936607,0.3728195411531511,0,0.3221369074077287,0.24383587513749194,0.43402721745477935,2,0.17088237566707393,0.28014780435349185,0.5489698199794342,2,0.24521011233575002,0.47873136775358593,0.27605851991066394,1
2025-26,15,2026-01-04,Tottenham,Sunderland,1,0.5386942492482448,0.24499605845751726,0.2163096922942379,0,0.49542198026225037,0.23610449456689195,0.26847352517085776,0,0.5550994555522422,0.23803159729500326,0.20686894715275453,0,0.5467915492058296,0.29871151859566153,0.15449693219850877,0,0.23052602559997473,0.47093833794909207,0.29853563645093323,1
2025-26,15,2026-01-04,Everton,Brentford,2,0.4918249531853891,0.24702796774528857,0.26114707906932233,0,0.4583330110387469,0.24114949529526947,0.30051749366598346,0,0.5099644879026711,0.2416655215157281,0.2483699905816009,0,0.5026903361707216,0.28228206256310273,0.21502760126617584,0,0.39009544539878627,0.5398365154626719,0.07006803913854191,1
2025-26,15,2026-01-04,Leeds United,Manchester United,1,0.33505809997203173,0.22361039989005996,0.4413315001379085,2,0.3449132011834588,0.2455138794248289,0.40957291939171225,2,0.3262242384370489,0.25392058462565215,0.419855176937299,2,0.2304198694025285,0.07092339250900939,0.698656738088462,2,0.20657534869800093,0.07649134102699294,0.7169333102750061,2
2025-26,15,2026-01-04,Newcastle United,Crystal Palace,0,0.4938941518067587,0.22873401539849253,0.2773718327947487,0,0.46297123308257615,0.2398557976443748,0.297172969273049,0,0.5358355440703851,0.23557513059779955,0.22858932533181525,0,0.5167451551679639,0.16352433078096154,0.3197305140510746,0,0.5815984485314856,0.18840477627972393,0.22999677518879053,0
2025-26,15,2026-01-06,West Ham United,Nottingham Forest,2,0.4323426760097919,0.2484047760049623,0.31925254798524577,0,0.41506370367397144,0.24486767599419162,0.340068620331837,0,0.37624402826008074,0.258423276955433,0.36533269478448627,0,0.5576725659218306,0.20445302903508705,0.23787440504308238,0,0.45740206937062633,0.25210581330994825,0.2904921173194255,0
2025-26,15,2026-01-07,Bournemouth,Tottenham,0,0.510690742113302,0.2604286791356868,0.22888057875101114,0,0.48820899168011983,0.23628778407336298,0.2755032242465172,0,0.4794195632662943,0.2487705855961801,0.2718098511375257,0,0.4957224041738491,0.44081688774643824,0.06346070807971256,0,0.6516427633546019,0.20043742630188763,0.14791981034351043,0
2025-26,15,2026-01-07,Brentford,Sunderland,0,0.5870982322669148,0.23938598941728437,0.17351577831580087,0,0.4940388061951908,0.23427076519721807,0.2716904286075911,0,0.5989976585491783,0.22549094960786914,0.17551139184295256,0,0.5600431673685016,0.31270718950508897,0.12724964312640935,0,0.3053185107335633,0.36416153406079876,0.330519955205638,1
2025-26,15,2026-01-07,Crystal Palace,Aston Villa,1,0.3956527226160936,0.2260119537114016,0.37833532367250494,0,0.3792909850892404,0.24654915789091444,0.37415985701984517,0,0.3353589356760086,0.24478473895730152,0.4198563253666899,2,0.5940145244237298,0.11346896076109389,0.2925165148151764,0,0.8107403507587491,0.0718123667296782,0.11744728251157273,0
2025-26,15,2026-01-07,Everton,Wolverhampton Wanderers,1,0.5933221032911864,0.2571576659195725,0.1495202307892412,0,0.5513422495223512,0.22193109370723704,0.22672665677041173,0,0.6345919026147644,0.21719701575694358,0.14821108162829202,0,0.5321885984480532,0.3555078888861823,0.1123035126657644,0,0.7900933574894675,0.15147150949258686,0.05843513301794565,0
2025-26,15,2026-01-07,Fulham,Chelsea,0,0.3763568802936074,0.2987535514521683,0.32488956825422427,0,0.3876980836055714,0.2476801765984283,0.3646217397960003,0,0.4030774369534039,0.24944957443395765,0.3474729886126385,0,0.3955745657662863,0.48589113096838243,0.11853430326533122,1,0.20872885200152796,0.3809797321210296,0.4102914158774424,2
2025-26,15,2026-01-07,Manchester City,Brighton and Hove Albion,1,0.6166503956194962,0.25022431744065776,0.1331252869398461,0,0.5324229194610103,0.22622366047707324,0.24135342006191654,0,0.7336313217212193,0.1723180532543033,0.09405062502447732,0,0.5865581383985241,0.33812109191502177,0.07532076968645408,0,0.7650699861994252,0.20822054697998446,0.026709466820590354,0
2025-26,15,2026-01-07,Burnley,Manchester United,1,0.26184682019692174,0.22660187734792345,0.5115513024551548,2,0.31594420797845535,0.24317123800851445,0.44088455401303017,2,0.18893693402557962,0.22938178449089813,0.5816812814835223,2,0.25511109555138306,0.16585916216348676,0.5790297422851302,2,0.23005878514506178,0.49325943692595037,0.2766817779289878,1
2025-26,15,2026-01-07,Newcastle United,Leeds United,0,0.6533175710223668,0.20386638816832647,0.1428160408093067,0,0.5693330330507358,0.21741639775603072,0.21325056919323343,0,0.6483652867512638,0.20984232556612398,0.14179238768261226,0,0.8084060988533387,0.09335101837663402,0.09824288277002718,0,0.5642064123537448,0.34217012503007876,0.09362346261617645,0
2025-26,15,2026-01-08,Arsenal,Liverpool,1,0.5356797208346276,0.27681396743354986,0.18750631173182258,0,0.4492988024486841,0.24046502803630646,0.3102361695150093,0,0.6732081852050644,0.19112210549431013,0.13566970930062536,0,0.39634105914774925,0.4101258806749604,0.19353306017729024,1,0.6685498527903124,0.19338403683140334,0.1380661103782843,0
2025-26,15,2026-01-17,Nottingham Forest,Arsenal,1,0.19783953011003882,0.23011659536452161,0.5720438745254397,2,0.2557417527274687,0.2319702250332228,0.5122880222393085,2,0.18460302216771884,0.2134585136159065,0.6019384642163746,2,0.1643965321719781,0.1656485030666086,0.6699549647614133,2,0.08282092887051025,0.10015742113554882,0.817021649993941,2
2025-26,15,2026-01-17,Tottenham,West Ham United,2,0.5807568213026086,0.2209598707278365,0.19828330796955468,0,0.5641156365287132,0.2201830167517026,0.21570134671958413,0,0.5202176107140458,0.2459415196332523,0.23384086965270184,0,0.7114564845400416,0.14848395032364745,0.14005956513631082,0,0.3125003072968928,0.23359255986202646,0.4539071328410807,2
2025-26,15,2026-01-17,Sunderland,Crystal Palace,0,0.39371380375694,0.2441837116432421,0.3621024845998181,0,0.3715399042943981,0.24534485965483033,0.3831152360507715,2,0.30586980992632595,0.2515317808882781,0.4425984091853959,2,0.5529000260204843,0.13090060954652727,0.3161993644329885,0,0.5498854963664518,0.19367136703233115,0.2564431366012171,0
2025-26,15,2026-01-17,Liverpool,Burnley,1,0.7372268579747526,0.20491047918495078,0.057862662840296675,0,0.6774727773913105,0.1816677675295409,0.1408594550791487,0,0.8329140562214179,0.12741087529071451,0.03967506848786761,0,0.7226930999816595,0.2576912011579097,0.019615698860430766,0,0.8389616780267952,0.15023751133428606,0.010800810638918903,0
2025-26,15,2026-01-17,Chelsea,Brentford,0,0.5504213863073268,0.23420406211927344,0.2153745515733998,0,0.49444329155347183,0.23412203501047463,0.27143467343605354,0,0.5547623719579389,0.23079067925620206,0.21444694878585918,0,0.617972810063261,0.20277522576102675,0.17925196417571232,0,0.6317677292543257,0.21076703124442775,0.15746523950124652,0
2025-26,15,2026-01-17,Manchester United,Manchester City,0,0.28973733429921394,0.24447250761262185,0.46579015808816415,2,0.3777450129900012,0.24617522056416144,0.3760797664458373,0,0.2644883984581343,0.23380952699136023,0.5017020745505054,2,0.49743108134872216,0.16068221471365887,0.341886703937619,0,0.26718576496747526,0.14629032131880962,0.5865239137137152,2
2025-26,15,2026-01-17,Leeds United,Fulham,0,0.3103658389795137,0.2621438586305896,0.4274903023898965,2,0.4269338386737327,0.24456429665962237,0.32850186466664494,0,0.3114597918424623,0.252589916631539,0.43595029152599857,2,0.05563012258951783,0.2235767039351863,0.7207931734752959,2,0.03067989028931962,0.15806821901934232,0.8112518906913381,2
2025-26,15,2026-01-18,Wolverhampton Wanderers,Newcastle United,1,0.22823585198551283,0.3134816008376134,0.4582825471768739,2,0.3671161289754682,0.24654683805565247,0.3863370329688792,2,0.19947632106267932,0.22912022399479373,0.5714034549425271,2,0.09914178285973042,0.6018442413637652,0.29901397577650446,1,0.10400837744056252,0.45103552128784846,0.4449561012715891,1
2025-26,15,2026-01-18,Aston Villa,Everton,2,0.6102918074033974,0.23838029799643076,0.1513278946001717,0,0.5858373646585254,0.21496303562817623,0.1991995997132983,0,0.7229571306195374,0.17888528633979406,0.09815758304066857,0,0.493919762908671,0.43074370955520624,0.07533652753612276,0,0.5317119724955559,0.4226481243106776,0.04563990319376654,0
2025-26,15,2026-01-19,Brighton and Hove Albion,Bournemouth,1,0.5229284678855087,0.282082558787442,0.19498897332704906,0,0.5425333386809327,0.22614913110019452,0.23131753021887289,0,0.5780099524704492,0.22795043417548175,0.19403961335406902,0,0.4592472575957201,0.42994770191757886,0.11080504048670106,0,0.6243398256898652,0.17869444942698545,0.19696572488314937,0
2025-26,15,2026-01-24,West Ham United,Sunderland,0,0.4552580568639731,0.25022018867789736,0.29452175445812967,0,0.3825308814821693,0.24454618513519966,0.3729229333826311,0,0.40858125636072945,0.25894971975864883,0.3324690238806218,0,0.4048061136440293,0.27321614084785467,0.321977745508116,0,0.2951027979929139,0.36506930187364073,0.33982790013344544,1
2025-26,15,2026-01-24,Burnley,Tottenham,1,0.32746089690148916,0.25569541232437565,0.4168436907741353,2,0.38019156231187007,0.2461699441321092,0.3736384935560207,0,0.265609045750899,0.25203438754458485,0.4823565667045161,2,0.1967195930642319,0.42413183347364225,0.37914857346212594,1,0.16802976930139138,0.2767109019453731,0.5552593287532355,2
2025-26,15,2026-01-24,Fulham,Brighton and Hove Albion,0,0.47236355700851745,0.2399795947200748,0.2876568482714078,0,0.4461211259894087,0.24329938469254883,0.31057948931804263,0,0.44447946872447247,0.2489169583031179,0.30660357297240964,0,0.6818149647268542,0.16652755481061698,0.15165748046252883,0,0.44702106080064263,0.37559958647486896,0.1773793527244884,0
2025-26,15,2026-01-24,Manchester City,Wolverhampton Wanderers,0,0.7707402201191932,0.17483480146366054,0.05442497841714615,0,0.6557688355730315,0.1901022559976926,0.1541289084292759,0,0.8380780076197234,0.1237398883221851,0.03818210405809163,0,0.8218289158744027,0.1547806304590298,0.02339045366656754,0,0.9326815950703412,0.060194429756670595,0.007123975172988226,0
2025-26,15,2026-01-24,Bournemouth,Liverpool,0,0.3126451882519927,0.23778043244026933,0.449574379307738,2,0.2913643269208368,0.2378717884115496,0.4707638846676137,2,0.2750931461520787,0.23837414034340093,0.4865327135045203,2,0.38549334317186584,0.15293789930940788,0.46156875751872634,2,0.15143091276847384,0.09549785774013743,0.7530712294913887,2
2025-26,15,2026-01-25,Newcastle United,Aston Villa,2,0.38458085416184934,0.26728767463777936,0.34813147120037125,0,0.39160273563915315,0.24585123180480165,0.3625460325560451,0,0.42728618482157443,0.2443229042747014,0.3283909109037241,0,0.2925046256627957,0.3719503160866353,0.335545058250569,1,0.3123018896252495,0.2537505780200252,0.43394753235472516,2
2025-26,15,2026-01-25,Arsenal,Manchester United,2,0.6816017725636007,0.19564359967212844,0.12275462776427098,0,0.6230150398346237,0.20201011547757916,0.174974844687797,0,0.7722136715087983,0.1554935014848215,0.07229282700638026,0,0.7768211538449011,0.07141164083866633,0.15176720531643254,0,0.858848461758191,0.0745049215358768,0.06664661670593214,0
2025-26,15,2026-01-25,Crystal Palace,Chelsea,2,0.44672313767712557,0.2329113136287426,0.320365548694132,0,0.40346518821560706,0.24599762668447986,0.35053718509991305,0,0.4010265595510725,0.2491619764007552,0.34981146404817237,0,0.720309464795272,0.15256205371382534,0.12712848149090258,0,0.7828186720430937,0.15983332297541264,0.057348004981493526,0
2025-26,15,2026-01-25,Brentford,Nottingham Forest,2,0.5376970850933878,0.23055728458395414,0.23174563032265805,0,0.4862875887794184,0.23622363095597163,0.27748878026461,0,0.5359099913677415,0.2383516251028704,0.22573838352938802,0,0.4580159662142845,0.2288163794778102,0.31316765430790533,0,0.2685998790645682,0.348521451023953,0.3828786699114788,2
2025-26,15,2026-01-26,Everton,Leeds United,1,0.6108717483865586,0.21491682498925405,0.17421142662418734,0,0.5531817972251996,0.22365561996200084,0.2231625828127996,0,0.6104215885024793,0.22259087373490216,0.16698753776261843,0,0.8490875913318052,0.08200291002843606,0.06890949863975873,0,0.8326233019421081,0.11276833916859014,0.05460835888930186,0
2025-26,15,2026-01-31,Brighton and Hove Albion,Everton,1,0.4702174200551208,0.27281650661440915,0.25696607333047017,0,0.44134152828150164,0.2409296734081519,0.31772879831034634,0,0.4909069785826845,0.24380441589588195,0.2652886055214335,0,0.346954242941127,0.41192236792144526,0.2411233891374277,1,0.2016081899137718,0.4087988911533951,0.38959291893283293,1
2025-26,15,2026-01-31,Leeds United,Arsenal,2,0.177384366663438,0.21969444660007093,0.6029211867364911,2,0.278077572138682,0.2372562573487823,0.48466617051253563,2,0.15077811241239497,0.20216659897139028,0.6470552886162148,2,0.14951826130386175,0.15065692590277419,0.699824812793364,2,0.19298459765905457,0.18620918340587791,0.6208062189350675,2
2025-26,15,2026-01-31,Wolverhampton Wanderers,Bournemouth,2,0.3046284983808373,0.274982164207923,0.42038933741123974,2,0.3713872464374121,0.2480638124656507,0.38054894109693727,2,0.2739632350563951,0.24998917843655039,0.47604758650705453,2,0.2399225732362866,0.34881094237859694,0.41126648438511637,2,0.0718773451704269,0.4122103680280047,0.5159122868015684,2
2025-26,15,2026-01-31,Chelsea,West Ham United,0,0.6610930792486792,0.20380759605834534,0.1350993246929756,0,0.5745435352372947,0.21644895481451387,0.20900750994819123,0,0.6972477253728842,0.19184226027407192,0.11091001435304403,0,0.7776400802506,0.07333513660105678,0.1490247831483432,0,0.525664155072017,0.0871810902786915,0.3871547546492914,0
2025-26,15,2026-01-31,Liverpool,Newcastle United,0,0.5644115883802694,0.2445197611377782,0.1910686504819523,0,0.4990987427110945,0.23352200904159032,0.2673792482473152,0,0.6474608376732431,0.20444310170975277,0.14809606061700406,0,0.5726126355479021,0.22196422195703502,0.2054231424950629,0,0.8078074912283386,0.09743278822137552,0.0947597205502857,0
2025-26,15,2026-02-01,Aston Villa,Brentford,2,0.5646426049140075,0.28624109729380803,0.14911629779218435,0,0.5020146776279772,0.23259428823657602,0.26539103413544674,0,0.6957366076896186,0.18904994829868096,0.11521344401170037,0,0.4019144222482293,0.4973962095723048,0.100689368179466,1,0.9365476732363183,0.027582312007570216,0.03587001475611164,0
2025-26,15,2026-02-01,Manchester United,Fulham,0,0.48823990242120435,0.23879273887803193,0.2729673587007639,0,0.4631272527872167,0.2396357418639559,0.2972370053488275,0,0.5266508476593178,0.23797929652400726,0.23536985581667497,0,0.435176856529936,0.1995934160373389,0.3652297274327251,0,0.3919489553893815,0.5478441369147747,0.06020690769584375,1
2025-26,15,2026-02-01,Nottingham Forest,Crystal Palace,1,0.4606172397448035,0.23253314675303455,0.3068496135021619,0,0.47891462972671595,0.23936713654331962,0.2817182337299645,0,0.47917639541249796,0.24776361301647284,0.2730599915710292,0,0.6153330371869613,0.14097387842870185,0.2436930843843368,0,0.38064713953693036,0.22762036546378453,0.39173249499928503,2
2025-26,15,2026-02-01,Tottenham,Manchester City,1,0.19697622072361543,0.23579855070469827,0.5672252285716862,2,0.31158998364526513,0.24249070214166438,0.4459193142130704,2,0.19247441782148003,0.2185143165819696,0.5890112655965503,2,0.07354813615899095,0.20242422321723202,0.724027640623777,2,0.1518085293310197,0.25449508304742774,0.5936963876215526,2
2025-26,15,2026-02-02,Sunderland,Burnley,0,0.5716286943757806,0.23195902923221687,0.19641227639200243,0,0.5183683153596824,0.23326058133066907,0.24837110330964846,0,0.5828152457964169,0.23573651028214804,0.18144824392143516,0,0.6414990930899223,0.17070715101744416,0.1877937558926337,0,0.6538391496432451,0.22861556844277076,0.11754528191398418,0
2025-26,15,2026-02-06,Leeds United,Nottingham Forest,0,0.4370273998063635,0.25324502709588426,0.3097275730977523,0,0.41303779075720404,0.24425307097638368,0.3427091382664123,0,0.3394412988594527,0.2558084177796571,0.4047502833608902,2,0.6180046811960566,0.23137209150198018,0.15062322730196331,0,0.5689394700605871,0.21940723370316573,0.2116532962362471,0
2025-26,15,2026-02-07,Newcastle United,Brentford,2,0.5124358955358104,0.23391895292926546,0.2536451515349243,0,0.47547222642246256,0.23725761815575747,0.2872701554217799,0,0.5066913866973184,0.2406146356601895,0.252693977642492,0,0.4940231596136367,0.18509512889809243,0.3208817114882708,0,0.6208105769078165,0.15767313682616668,0.22151628626601674,0
2025-26,15,2026-02-07,Wolverhampton Wanderers,Chelsea,2,0.21936265763179863,0.24460154298861048,0.536035799379591,2,0.30894005856266576,0.24193711276904722,0.4491228286682871,2,0.1518550871488007,0.20938590459379214,0.6387590082574072,2,0.28095355607865724,0.26780412890797645,0.45124231501336637,2,0.25975296547711757,0.056171173299337546,0.6840758612235449,2
2025-26,15,2026-02-07,Fulham,Everton,2,0.4535434622028091,0.2758332036390212,0.2706233341581696,0,0.4722699322861886,0.24101484230976153,0.2867152254040499,0,0.5025908681135401,0.24338838776263821,0.25402074412382164,0,0.44020521519824835,0.4126880505867105,0.14710673421504128,0,0.45533832798498675,0.4686794789014648,0.0759821931135485,1
2025-26,15,2026-02-07,Manchester United,Tottenham,0,0.5891114138422463,0.23763015675854854,0.17325842939920494,0,0.4794235484960458,0.236028034857088,0.28454841664686614,0,0.5925623678315598,0.2254113536586835,0.18202627850975658,0,0.6250439704613802,0.26214183412360786,0.11281419541501188,0,0.6831457671514657,0.2371629078550883,0.07969132499344597,0
2025-26,15,2026-02-07,Bournemouth,Aston Villa,1,0.32155206097365496,0.23278650888215607,0.44566143014418863,2,0.43632301211102525,0.24292357493295122,0.32075341295602355,0,0.338095018503188,0.24578391710551317,0.41612106439129876,2,0.12632665465178144,0.18177052787720174,0.6919028174710168,2,0.07770179952378041,0.027914887948839076,0.8943833125273806,2
2025-26,15,2026-02-07,Arsenal,Sunderland,0,0.7512149355561387,0.17292594439560435,0.07585912004825704,0,0.6799768953740271,0.181445277667796,0.13857782695817691,0,0.8235890089627026,0.13114552546465064,0.04526546557264676,0,0.7639815821350173,0.08315560345461638,0.1528628144103662,0,0.7975739751197957,0.04805124246428571,0.15437478241591882,0
2025-26,15,2026-02-07,Burnley,West Ham United,2,0.3466092644982054,0.25393231496184765,0.399458420539947,2,0.3698760526803799,0.2470680610750546,0.3830558862445655,2,0.31186500074036594,0.2602677542197863,0.42786724503984774,2,0.2208113954442076,0.2017593170518623,0.5774292875039301,2,0.0991223492996433,0.11188079707294313,0.7889968536274137,2
2025-26,15,2026-02-08,Brighton and Hove Albion,Crystal Palace,2,0.5521416970283736,0.22770377715554949,0.2201545258160768,0,0.39862717049756724,0.24597840955949035,0.3553944199429423,0,0.5561677210218391,0.233083922349259,0.21074835662890196,0,0.705244704163591,0.18053434553913655,0.1142209502972725,0,0.6302679191402714,0.2979571251117106,0.07177495574801815,0
2025-26,15,2026-02-08,Liverpool,Manchester City,2,0.3972130139555046,0.2244236793715471,0.37836330667294843,0,0.4613443134214177,0.23842464493428095,0.30023104164430137,0,0.4724875359607208,0.23513885408745266,0.29237360995182654,0,0.2199647445693308,0.0994386111183955,0.6805966443122737,2,0.37648456010507075,0.32304448022452426,0.300470959670405,0
2025-26,15,2026-02-10,Tottenham,Newcastle United,2,0.3503819054416566,0.2891794645905941,0.36043862996774917,2,0.3691089061534353,0.24480211754813602,0.3860889762984287,2,0.3431703332985431,0.2526296624042584,0.40420000429719855,2,0.24577945515637556,0.4140307684004996,0.3401897764431247,1,0.26270324191936023,0.4093916364621783,0.32790512161846164,1
2025-26,15,2026-02-10,Chelsea,Leeds United,1,0.6447701601020929,0.2239932557690184,0.13123658412888906,0,0.590035884376504,0.21303598123391332,0.19692813438958257,0,0.7210120330949085,0.1819398010205418,0.09704816588454974,0,0.7638825103166113,0.1571236026400997,0.07899388704328925,0,0.7381273811410212,0.21098463985326343,0.0508879790057155,0
2025-26,15,2026-02-10,Everton,Bournemouth,2,0.5430108904570747,0.22340272867248298,0.2335863808704422,0,0.46427230598441044,0.240138384352128,0.29558930966346164,0,0.5141730545609208,0.24043446516849687,0.24539248027058236,0,0.8523826661616829,0.07245044513072141,0.07516688870759558,0,0.7661472135022903,0.1657831753034448,0.06806961119426493,0
2025-26,15,2026-02-10,West Ham United,Manchester United,1,0.3024941835519293,0.24134170587349804,0.4561641105745728,2,0.3678661261304421,0.24499919643654186,0.38713467743301594,2,0.2703028999395312,0.24472347906162645,0.48497362099884234,2,0.18886883779627284,0.20353301566915885,0.6075981465345683,2,0.2844577003455956,0.08926514785736973,0.6262771517970347,2
2025-26,15,2026-02-11,Sunderland,Liverpool,2,0.23056905249915177,0.2407678581415707,0.5286630893592774,2,0.2892690799973019,0.2401432268119875,0.4705876931907106,2,0.22277837360532288,0.2310570979491703,0.5461645284455068,2,0.1429658667794076,0.18920455513778495,0.6678295780828075,2,0.08719428012322808,0.06265904455397849,0.8501466753227935,2
2025-26,15,2026-02-11,Nottingham Forest,Wolverhampton Wanderers,1,0.6083039079839424,0.23095844349414535,0.1607376485219121,0,0.5984785842754966,0.21107001071172382,0.19045140501277957,0,0.6236389133398802,0.22183676011973236,0.15452432654038742,0,0.6903926206604699,0.18331898425950174,0.12628839508002837,0,0.6127674909349295,0.2839015558188748,0.10333095324619569,0
2025-26,15,2026-02-11,Aston Villa,Brighton and Hove Albion,0,0.5448154165482451,0.23718701216000942,0.2179975712917454,0,0.5224468793494432,0.22888146865123082,0.2486716519993261,0,0.6480194140641736,0.20556399957015062,0.14641658636567575,0,0.34331955425853006,0.1962885950639589,0.460391850677511,2,0.5224677049627205,0.3630858438288168,0.1144464512084626,0
2025-26,15,2026-02-11,Crystal Palace,Burnley,2,0.6177095747427344,0.2680599721801519,0.1142304530771136,0,0.5462821228415501,0.22400592668166908,0.22971195047678072,0,0.6985853521407542,0.19524356898344075,0.10617107887580497,0,0.5101626368239142,0.43030068070041005,0.05953668247567576,0,0.3390972424397597,0.6255816457065289,0.035321111853711486,1
2025-26,15,2026-02-11,Manchester City,Fulham,0,0.6946906947952369,0.1981105060184261,0.10719879918633686,0,0.6110896227551831,0.2069195685172531,0.1819908087275638,0,0.7785887219984271,0.15359694453835232,0.06781433346322052,0,0.7784815568822356,0.14140270119009626,0.08011574192766825,0,0.7121013069866692,0.18577659481884687,0.10212209819448399,0
2025-26,15,2026-02-12,Brentford,Arsenal,1,0.24779723471494466,0.24379164042763707,0.5084111248574184,2,0.3944432417357892,0.245895798919593,0.35966095934461767,0,0.27615829755322385,0.23437099323583588,0.4894707092109404,2,0.12222891479902148,0.24725792672356653,0.630513158477412,2,0.06648195659748558,0.25733999449391504,0.6761780489085994,2
2025-26,15,2026-02-18,Wolverhampton Wanderers,Arsenal,1,0.1379712950207429,0.22353710796081563,0.6384915970184415,2,0.23389604770379097,0.22622463148925312,0.5398793208069559,2,0.08523181588065352,0.16458671357427865,0.7501814705450678,2,0.13895200057594526,0.17574470201684333,0.6853032974072114,2,0.30152785924997355,0.15860977558851017,0.5398623651615162,2
2025-26,15,2026-02-21,Aston Villa,Leeds United,1,0.6020686728282112,0.20827086937540917,0.18966045779637958,0,0.5411786618919576,0.224725209891451,0.23409612821659137,0,0.7342730516434599,0.17572181453171437,0.09000513382482571,0,0.4467726076516125,0.12262293331171586,0.43060445903667177,0,0.8426858165403943,0.06787401762907809,0.08944016583052775,0
2025-26,15,2026-02-21,Brentford,Brighton and Hove Albion,2,0.5390552117822609,0.23452460014472676,0.22642018807301215,0,0.46342293747820373,0.23998229702666343,0.29659476549513275,0,0.5360128320771148,0.23621384703687903,0.22777332088600621,0,0.6200802727727214,0.25495316960180003,0.12496655762547848,0,0.686860178994557,0.16891680283980823,0.1442230181656348,0
2025-26,15,2026-02-21,Chelsea,Burnley,1,0.6810272283565626,0.1914377237411102,0.12753504790232723,0,0.623649946840728,0.20110884020810293,0.175241212951169,0,0.7675905666900369,0.1628742479669095,0.06953518534305365,0,0.6828195744573239,0.035750304465540915,0.2814301210771352,0,0.5474271671362105,0.07025461001829425,0.38231822284549527,0
2025-26,15,2026-02-21,West Ham United,Bournemouth,1,0.3615241769283942,0.2587114729724507,0.37976435009915505,2,0.35530166292591125,0.2463756336991049,0.3983227033749838,2,0.3354703382622144,0.2535090561298918,0.41102060560789383,2,0.33079437034946957,0.3158889408922462,0.35331668875828426,2,0.3841053730958985,0.1243176898265068,0.4915769370775947,2
2025-26,15,2026-02-21,Manchester City,Newcastle United,0,0.6515206695331459,0.21428706398401787,0.1341922664828363,0,0.5672279844396395,0.21818197743978118,0.21459003812057925,0,0.7225359581451611,0.17698178492873728,0.10048225692610145,0,0.7862988810814291,0.16312616355590726,0.05057495536266358,0,0.7950130561056578,0.16439973719833947,0.04058720669600276,0
2025-26,15,2026-02-22,Crystal Palace,Wolverhampton Wanderers,0,0.5799233407533647,0.2692465860665327,0.15083007318010264,0,0.5408141992822212,0.22583946721861337,0.23334633349916556,0,0.6390396185504439,0.21608070762251885,0.14487967382703715,0,0.45654198775865146,0.4068698938804012,0.13658811836094734,0,0.3896589700790806,0.5606284248452462,0.04971260507567313,1
2025-26,15,2026-02-22,Nottingham Forest,Liverpool,2,0.2646883063441989,0.2870169616394301,0.44829473201637104,2,0.35863375879094117,0.24692444560380877,0.3944417956052501,2,0.28756478954225545,0.24169531428836977,0.47073989616937467,2,0.18663250524460837,0.5050320585567496,0.30833543619864195,1,0.2317286740309206,0.35353553194892084,0.41473579402015853,2
2025-26,15,2026-02-22,Sunderland,Fulham,2,0.3725623606380494,0.29668632361886943,0.33075131574308114,0,0.44470587624641855,0.2428711555024764,0.31242296825110505,0,0.33400283687270743,0.25558079952187424,0.41041636360541833,2,0.3914753914723979,0.35076886801388707,0.25775574051371497,0,0.43402811202880714,0.060032296271286326,0.5059395916999064,2
2025-26,15,2026-02-22,Tottenham,Arsenal,2,0.2033606832208879,0.21248966063323585,0.5841496561458762,2,0.27715368695922965,0.23779110057872607,0.48505521246204436,2,0.17025685911152685,0.21034840797084634,0.6193947329176268,2,0.2036004748403774,0.11960719616120344,0.6767923289984191,2,0.262294005022491,0.05496377921778353,0.6827422157597255,2
2025-26,15,2026-02-23,Everton,Manchester United,2,0.4028628307508361,0.25882010466209016,0.33831706458707383,0,0.4254157074627125,0.24448485197888983,0.3300994405583977,0,0.44612593204087875,0.24796456194283698,0.30590950601628414,0,0.30917782712616765,0.3295136560163142,0.3613085168575181,2,0.5758281072623258,0.2926822193062976,0.1314896734313767,0
2025-26,15,2026-02-27,Wolverhampton Wanderers,Aston Villa,0,0.19964481254487082,0.2604285087507181,0.539926678704411,2,0.2755700960098013,0.23699773790542378,0.4874321660847749,2,0.14612517589040863,0.2056363675017597,0.6482384566078316,2,0.16476499210957946,0.34467254590061647,0.49056246198980397,2,0.1429301708247768,0.3303063866677488,0.5267634425074744,2
2025-26,15,2026-02-28,Leeds United,Manchester City,2,0.21099753183863215,0.24443695243814687,0.5445655157232212,2,0.3212671751668565,0.24395296934925753,0.43477985548388604,2,0.17252488139944097,0.2109232131032092,0.6165519054973497,2,0.18747881680722217,0.29034081954135976,0.5221803636514181,2,0.31613493978892127,0.31319779484285176,0.37066726536822703,2
2025-26,15,2026-02-28,Newcastle United,Everton,2,0.47336801012899854,0.29777147202908794,0.22886051784191355,0,0.42289907713343544,0.24441251835934164,0.3326884045072229,0,0.5543053112449549,0.23318572146038244,0.21250896729466265,0,0.404520359102672,0.4576749221296806,0.13780471876764733,1,0.41890890169329065,0.51508213866232,0.06600895964438938,1
2025-26,15,2026-02-28,Bournemouth,Sunderland,1,0.6132221484691625,0.2291297757595177,0.15764807577131984,0,0.5105057070462093,0.23295704133775683,0.25653725161603386,0,0.6472939855542934,0.2117177033452951,0.14098831110041152,0,0.7324824456958404,0.1599398828858544,0.1075776714183052,0,0.4108439617566435,0.5194840742204658,0.06967196402289058,1
2025-26,15,2026-02-28,Burnley,Brentford,2,0.24002155646437412,0.24131583657347988,0.518662606962146,2,0.4044985400419802,0.24606460074942588,0.34943685920859396,0,0.20064673881305065,0.23194256419083129,0.5674106969961181,2,0.1272866437182731,0.25199089472949127,0.6207224615522356,2,0.08794544903984128,0.1634840298729651,0.7485705210871936,2
2025-26,15,2026-02-28,Liverpool,West Ham United,0,0.7011069842250013,0.19544542913094143,0.10344758664405718,0,0.5683381049263043,0.21742574258975125,0.21423615248394456,0,0.7523777490814705,0.16762996085655432,0.07999229006197531,0,0.8224560584984473,0.08881039430630164,0.08873354719525117,0,0.5944063366369288,0.19187282358895444,0.21372083977411688,0
2025-26,15,2026-03-01,Brighton and Hove Albion,Nottingham Forest,0,0.5218407878153205,0.25612469572034824,0.22203451646433134,0,0.4568875537228748,0.24137236426406114,0.301740082013064,0,0.5814733946087444,0.22877312719661339,0.18975347819464228,0,0.31755986926878793,0.3566705684111538,0.32576956232005827,1,0.563498827213482,0.21523842953776404,0.22126274324875403,0
2025-26,15,2026-03-01,Fulham,Tottenham,0,0.5398356956167634,0.22689971507276738,0.23326458931046934,0,0.5330258343072993,0.228246753827713,0.23872741186498764,0,0.5555723704963511,0.2367284680604219,0.2076991614432269,0,0.6091841440789117,0.13843768170998152,0.2523781742111067,0,0.5368100874255937,0.16112317530016504,0.3020667372742413,0
2025-26,15,2026-03-01,Manchester United,Crystal Palace,0,0.5486950464374525,0.23852219417968099,0.21278275938286656,0,0.5136632449323403,0.23171846252275602,0.25461829254490387,0,0.5831668177827759,0.2258684954788044,0.19096468673841968,0,0.7424682838249878,0.12219856202573841,0.1353331541492739,0,0.5404646401180461,0.371721479523596,0.08781388035835787,0
2025-26,15,2026-03-01,Arsenal,Chelsea,0,0.6333027782443308,0.21698156187930953,0.14971565987635954,0,0.5717953122624555,0.2169045741423938,0.21130011359515052,0,0.6927120500548938,0.1866978150764944,0.12059013486861186,0,0.7641381145969236,0.18858948275864892,0.04727240264442752,0,0.699785529731474,0.2091276667236753,0.09108680354485055,0
2025-26,15,2026-03-03,Bournemouth,Brentford,1,0.4444370810721968,0.24481571121976758,0.3107472077080357,0,0.42202728001278067,0.24395982688195444,0.33401289310526483,0,0.4747868991563833,0.24548807308881612,0.27972502775480057,0,0.3623224528857019,0.2548924904951085,0.38278505661918955,2,0.34483881628784663,0.3056964536212663,0.34946473009088713,2
2025-26,15,2026-03-03,Everton,Burnley,0,0.6422736791968354,0.2025516175293578,0.1551747032738066,0,0.5651581850985093,0.2191847399773202,0.21565707492417044,0,0.6745463328908611,0.20405557093149904,0.12139809617763996,0,0.6688765263298283,0.07606846610373004,0.2550550075664418,0,0.48412939731612736,0.08937518905929778,0.42649541362457494,0
2025-26,15,2026-03-03,Leeds United,Sunderland,2,0.48519581929718536,0.2661177853662363,0.24868639533657844,0,0.4085916115768208,0.24564132492634974,0.3457670634968294,0,0.49156745148609904,0.251263326378107,0.2571692221357939,0,0.34148580661520783,0.4604354301645139,0.1980787632202784,1,0.4204131038255416,0.47763947312182065,0.10194742305263783,1
2025-26,15,2026-03-03,Wolverhampton Wanderers,Liverpool,0,0.17653813913671762,0.2201846368669271,0.6032772239963554,2,0.29344615648967315,0.24040961495951213,0.4661442285508147,2,0.1366353782776763,0.1992164133150983,0.6641482084072254,2,0.16174620769557368,0.191944070911891,0.6463097213925353,2,0.1043854344781419,0.10832727034200876,0.7872872951798493,2
2025-26,15,2026-03-04,Newcastle United,Manchester United,0,0.4176837774097833,0.24309907718489632,0.33921714540532044,0,0.3249419070687104,0.24041361154557267,0.43464448138571693,2,0.4090649195217211,0.24854269460616632,0.34239238587211246,0,0.3334768389939605,0.24917116991525343,0.41735199109078613,2,0.3486482961454398,0.3102880998987851,0.341063603955775,0
2025-26,15,2026-03-04,Manchester City,Nottingham Forest,1,0.6891867995821602,0.2193746781303337,0.09143852228750605,0,0.637107831257164,0.19775290978995716,0.16513925895287873,0,0.8124692957166808,0.1367845934654969,0.05074611081782208,0,0.8246666811256912,0.14257015774737225,0.03276316112693658,0,0.8286868180610001,0.11466695386422833,0.05664622807477145,0
2025-26,15,2026-03-04,Fulham,West Ham United,2,0.5187424793866275,0.2841229365000127,0.19713458411335952,0,0.45781598492839803,0.2409042816831529,0.30127973338844916,0,0.595073490484134,0.22693663761247967,0.1779898719033862,0,0.38590256154554514,0.4498852389051453,0.16421219954930955,1,0.6356879730817739,0.27203838615920073,0.09227364075902532,0
2025-26,15,2026-03-04,Brighton and Hove Albion,Arsenal,2,0.27255339589674366,0.2272290408129213,0.5002175632903352,2,0.3281207659016275,0.24424097300567854,0.4276382610926938,2,0.2830143941569673,0.23564651977170512,0.4813390860713277,2,0.2511381775613646,0.16774154516701742,0.581120277271618,2,0.3768163328543251,0.22441144393772655,0.39877222320794825,2
2025-26,15,2026-03-04,Aston Villa,Chelsea,2,0.5031445265284511,0.22890731179434765,0.26794816167720126,0,0.4956226671844824,0.23304495377656953,0.2713323790389481,0,0.5290196529283959,0.23229765349356166,0.23868269357804237,0,0.5307214713323339,0.16078166198675925,0.3084968666809068,0,0.8949554506852226,0.02072907593811991,0.08431547337665758,0
2025-26,15,2026-03-05,Tottenham,Crystal Palace,2,0.34178143026085783,0.2399110805604956,0.41830748917864624,2,0.43989230335426277,0.2415602998959398,0.31854739674979743,0,0.3250994398434763,0.25388773345099164,0.4210128267055322,2,0.09677131738504428,0.15332816231466434,0.7499005203002913,2,0.10753423719715441,0.24764970717030577,0.6448160556325399,2
2025-26,15,2026-03-14,Burnley,Bournemouth,1,0.2827439919956548,0.25368448498143015,0.46357152302291504,2,0.3209146519086874,0.2433884263293549,0.4356969217619576,2,0.18955770943635708,0.2290372082160166,0.5814050823476263,2,0.3496163781960303,0.3101137751341932,0.34026984666977655,0,0.26170878285688,0.3616072543790049,0.3766839627641152,2
2025-26,15,2026-03-14,Sunderland,Brighton and Hove Albion,2,0.3101433241237197,0.2694237774889636,0.42043289838731635,2,0.4053191528701068,0.2434536982067463,0.35122714892314677,0,0.2790494938763995,0.24724250181170018,0.47370800431190024,2,0.10470802156515555,0.3105348409390181,0.5847571374958263,2,0.09096595277580613,0.2487589503826588,0.6602750968415351,2
2025-26,15,2026-03-14,Arsenal,Everton,0,0.6938008069217886,0.2009710225715093,0.10522817050670219,0,0.5471801337568319,0.22318729480180113,0.22963257144136703,0,0.7747156719717541,0.15448117361136582,0.07080315441688019,0,0.8474130528101461,0.10224853137550703,0.050338415814346796,0,0.8629484533505518,0.09742694951471312,0.03962459713473505,0
2025-26,15,2026-03-14,Chelsea,Newcastle United,2,0.5986496275458701,0.2140652840409147,0.18728508841321506,0,0.5528490200350715,0.22261497879563963,0.22453600116928868,0,0.5997226206650741,0.21953682625632165,0.1807405530786042,0,0.7478995085640779,0.12598053445384594,0.12611995698207612,0,0.7186006427008662,0.02062465174906692,0.2607747055500668,0
2025-26,15,2026-03-14,West Ham United,Manchester City,1,0.2206381809986959,0.24875000142899112,0.5306118175723131,2,0.26703565029976667,0.23395639097985052,0.4990079587203828,2,0.16360493394640938,0.20742303555888061,0.6289720304947101,2,0.18396602991809718,0.2619138191211102,0.5541201509607926,2,0.11531055373155231,0.10862473642321645,0.7760647098452312,2
2025-26,15,2026-03-15,Crystal Palace,Leeds United,1,0.5703713787678982,0.23405155407559516,0.1955770671565066,0,0.536593220735391,0.22567505386804718,0.23773172539656184,0,0.5513369093240478,0.23719352704546856,0.21146956363048375,0,0.5536858026020581,0.23331824584612829,0.21299595155181364,0,0.4912960824341429,0.23121206152418858,0.2774918560416685,0
2025-26,15,2026-03-15,Manchester United,Aston Villa,0,0.4386219407595507,0.2606299232165136,0.3007481360239357,0,0.4205983709790604,0.24493693420758345,0.3344646948133562,0,0.4874016660802721,0.24021899342635764,0.27237934049337037,0,0.3374366648748625,0.34179666302402933,0.32076667210110815,1,0.4906017518493966,0.3733363281043232,0.13606192004628007,0
2025-26,15,2026-03-15,Nottingham Forest,Fulham,1,0.42262826551414356,0.2421248526180699,0.3352468818677866,0,0.47244811382876484,0.2391312987182707,0.28842058745296445,0,0.4173642938895475,0.25411533109692164,0.32852037501353093,0,0.30722637812684056,0.22748433836908707,0.4652892835040723,2,0.26030417361415936,0.11594948441014313,0.6237463419756974,2
2025-26,15,2026-03-15,Liverpool,Tottenham,1,0.7066564156761219,0.1941196075089489,0.09922397681492931,0,0.6001711696204388,0.20888972135683448,0.19093910902272676,0,0.7580233636286056,0.16542632307859462,0.07655031329279977,0,0.8012760170292783,0.13686871446281998,0.06185526850790172,0,0.8720299382846285,0.07502851413782005,0.052941547577551325,0
2025-26,15,2026-03-16,Brentford,Wolverhampton Wanderers,1,0.6573191510362358,0.20456676099317345,0.13811408797059066,0,0.6020432555791819,0.20957608949167114,0.18838065492914688,0,0.6687371727967498,0.2044469992353318,0.12681582796791843,0,0.8975988107500873,0.05137902807733222,0.051022161172580724,0,0.8778236068784122,0.08029973529898497,0.04187665782260282,0
2025-26,15,2026-03-20,Bournemouth,Manchester United,1,0.4424063648408309,0.24028336348948454,0.31731027166968456,0,0.40395529782497686,0.24516826536380704,0.35087643681121605,0,0.4289300972312809,0.24816964494770927,0.32290025782100995,0,0.6174493733026682,0.16814269515963995,0.21440793153769183,0,0.407866090343125,0.4131420718222601,0.17899183783461495,1
2025-26,15,2026-03-21,Brighton and Hove Albion,Liverpool,0,0.3839207634156785,0.26158099679196595,0.35449823979235556,0,0.37912878520725596,0.24390782907358255,0.3769633857191614,0,0.3495071369564827,0.24524212047157762,0.4052507425719397,2,0.5005631523159526,0.27732540087151103,0.22211144681253622,0,0.633811463925442,0.04515817860822622,0.3210303574663317,0
2025-26,15,2026-03-21,Fulham,Burnley,0,0.6471308362702874,0.2026965121149941,0.15017265161471832,0,0.6003662364680353,0.20978211782197553,0.1898516457099892,0,0.6491127763877439,0.21354404437065477,0.1373431792416013,0,0.8173266243252845,0.049206493890317206,0.13346688178439844,0,0.8926299260580051,0.046732472193407,0.06063760174858785,0
2025-26,15,2026-03-21,Everton,Chelsea,0,0.42177661552904055,0.26204754207993464,0.31617584239102486,0,0.4603046016411986,0.24221275542392331,0.2974826429348783,0,0.42405637580130784,0.24813953616132206,0.3278040880373701,0,0.49936599918263147,0.36138401391073344,0.13924998690663526,0,0.8676226519027364,0.0834964675572863,0.04888088053997739,0
2025-26,15,2026-03-21,Leeds United,Brentford,1,0.31938054228471296,0.28894313949379846,0.3916763182214886,2,0.4176490412051578,0.2459887199252382,0.3363622388696041,0,0.3351193587066062,0.2534059217344131,0.4114747195589806,2,0.13208000910734122,0.4420146931415962,0.4259052977510625,1,0.24706467302233884,0.2549273125273699,0.49800801445029125,2
2025-26,15,2026-03-22,Newcastle United,Sunderland,2,0.597029056231392,0.2252243837243774,0.1777465600442305,0,0.5461871679332723,0.2230768847744131,0.2307359472923145,0,0.6208702957028078,0.21894078944911888,0.16018891484807327,0,0.558411819652961,0.196527049729328,0.24506113061771093,0,0.5117421170920983,0.22419092683305794,0.26406695607484376,0
2025-26,15,2026-03-22,Aston Villa,West Ham United,0,0.6176133289617199,0.2146362854803775,0.1677503855579024,0,0.5138371460867988,0.23192769963897392,0.2542351542742275,0,0.6952131019972163,0.1922617046808914,0.11252519332189229,0,0.6885588857856686,0.10386744419746476,0.2075736700168667,0,0.8626718641443686,0.059142985018235436,0.07818515083739604,0
2025-26,15,2026-03-22,Tottenham,Nottingham Forest,2,0.42709950975978705,0.23279277176215935,0.34010771847805354,0,0.41246090113603734,0.2447081527999472,0.34283094606401526,0,0.3825894731085324,0.25782887916238173,0.3595816477290858,0,0.3431002559271464,0.16657760283075046,0.49032214124210305,2,0.3903943253424361,0.1698017277598232,0.43980394689774066,2
2025-26,15,2026-04-10,West Ham United,Wolverhampton Wanderers,0,0.5078343220815144,0.22863235872997875,0.263533319188507,0,0.47078091277656253,0.24045962045274036,0.28875946677069725,0,0.5261899492335627,0.2459694479409221,0.22784060282551524,0,0.5110418134657893,0.11526952971445734,0.37368865681975344,0,0.4164872602558692,0.321097049011852,0.26241569073227883,0
2025-26,15,2026-04-11,Arsenal,Bournemouth,2,0.7046097126090779,0.1964038108154215,0.09898647657550055,0,0.6305915884804885,0.19923417579644978,0.17017423572306187,0,0.7799704050659043,0.1518904142275077,0.06813918070658788,0,0.8135084207924302,0.15016610369735436,0.036325475510215297,0,0.9438968294535517,0.04915220717567699,0.006950963370771369,0
2025-26,15,2026-04-11,Brentford,Everton,1,0.5212370651309467,0.24336693618555788,0.23539599868349553,0,0.46729291270494655,0.2391038242165781,0.2936032630784753,0,0.486505035478917,0.2440585239220979,0.269436440598985,0,0.8006194088290594,0.15857170556866862,0.04080888560227203,0,0.7821434369419149,0.16188424189085363,0.05597232116723132,0
2025-26,15,2026-04-11,Burnley,Brighton and Hove Albion,2,0.2662232579578675,0.24508250053944294,0.48869424150268953,2,0.3183538653419702,0.24345671129638166,0.4381894233616481,2,0.17990944345863166,0.22421911212056714,0.5958714444208012,2,0.2771134310893924,0.21679528502548243,0.5060912838851251,2,0.17114939001376825,0.11089466559632902,0.7179559443899027,2
2025-26,15,2026-04-11,Liverpool,Fulham,0,0.5663927048794775,0.2274131679094326,0.20619412721108976,0,0.5348353797966123,0.22607600909865977,0.23908861110472784,0,0.655961460917599,0.20376995852023067,0.1402685805621703,0,0.44896081747015504,0.19590521431307564,0.3551339682167692,0,0.488143794022227,0.39722779570300476,0.11462841027476821,0
2025-26,15,2026-04-12,Chelsea,Manchester City,2,0.3327618057065534,0.2609469719896894,0.4062912223037572,2,0.41558338566769093,0.24489858608753926,0.33951802824476995,0,0.36827956925791167,0.2417481960613345,0.3899722346807538,2,0.4180220516021866,0.26952826499141364,0.31244968340639984,0,0.4996983674135465,0.11951302598082271,0.3807886066056307,0
2025-26,15,2026-04-12,Sunderland,Tottenham,0,0.46243471176625206,0.24140060190867155,0.29616468632507625,0,0.4484229436763633,0.23986727982261688,0.31170977650101983,0,0.4327353291828627,0.2573218828247103,0.309942787992427,0,0.23154740115511468,0.2168988419384283,0.551553756906457,2,0.7556138787369169,0.12468337183033831,0.11970274943274471,0
2025-26,15,2026-04-12,Nottingham Forest,Aston Villa,1,0.30806194742439297,0.27493880715306096,0.41699924542254596,2,0.39759829509302425,0.2471216759814391,0.35528002892553673,0,0.340491080375291,0.24940931437150218,0.41009960525320677,2,0.17134092455833966,0.365680800719785,0.46297827472187547,2,0.10132932518236756,0.1715497886230807,0.7271208861945517,2
2025-26,15,2026-04-12,Crystal Palace,Newcastle United,0,0.4744577436405324,0.23099386842037795,0.2945483879390898,0,0.40059601363949726,0.24639724762664858,0.35300673873385413,0,0.4572795316258741,0.24845262140018198,0.29426784697394376,0,0.6064152485339923,0.13438187758698358,0.2592028738790242,0,0.299981710190865,0.15319124970326367,0.5468270401058714,2
2025-26,15,2026-04-13,Manchester United,Leeds United,2,0.6582487125471381,0.2062244327453732,0.1355268547074886,0,0.6223316401082875,0.20290354796098747,0.1747648119307249,0,0.6647581675558072,0.20388610025302123,0.13135573219117166,0,0.8961600297068884,0.08145886116713998,0.022381109125971518,0,0.6581143776200137,0.2826764339101052,0.059209188469880936,0
2025-26,15,2026-04-18,Brentford,Fulham,1,0.4810521102450071,0.22910569685217624,0.28984219290281665,0,0.4613238941013897,0.23949160376509965,0.29918450213351067,0,0.5316251089763139,0.23798504017870956,0.2303898508449766,0,0.2793339807967049,0.2284239793460733,0.4922420398572219,2,0.7913660565622713,0.10249773972106985,0.10613620371665873,0
2025-26,15,2026-04-18,Leeds United,Wolverhampton Wanderers,0,0.5643185658382591,0.22299621463070526,0.21268521953103575,0,0.49295326065656875,0.23579482500696575,0.27125191433646556,0,0.5289158085859239,0.24514589470761788,0.22593829670645812,0,0.7785222034738394,0.07801702954296937,0.14346076698319124,0,0.7275169191255494,0.1275555886368441,0.14492749223760637,0
2025-26,15,2026-04-18,Newcastle United,Bournemouth,2,0.434422472196209,0.2428321967043452,0.3227453310994461,0,0.4140391637843963,0.2449159781789092,0.3410448580366945,0,0.4914028420021021,0.24331167280735577,0.2652854851905421,0,0.3290655149444748,0.29594364876869206,0.37499083628683316,2,0.5263102503093835,0.19652478313685945,0.27716496655375705,0
2025-26,15,2026-04-18,Tottenham,Brighton and Hove Albion,1,0.34463532689709697,0.23314634478144675,0.4222183283214564,2,0.318584200536401,0.24245134463044893,0.43896445483315,2,0.2618329583930527,0.24396828821916217,0.494198753387785,2,0.4447387695256474,0.14243456020037176,0.41282667027398073,0,0.1899029580741247,0.08144008072345309,0.7286569612024223,2
2025-26,15,2026-04-18,Chelsea,Manchester United,2,0.5625882881564535,0.21374747627464624,0.22366423556890033,0,0.4946334683550415,0.23505899603822997,0.2703075356067286,0,0.5256831327893489,0.2356854152062311,0.23863145200442,0,0.8583036514387578,0.05905449371693357,0.08264185484430864,0,0.8673775695863374,0.03144733500151466,0.1011750954121481,0
2025-26,15,2026-04-19,Aston Villa,Sunderland,0,0.6650057003939881,0.20057130036748144,0.13442299923853043,0,0.51215165128534,0.23225250417088836,0.2555958445437715,0,0.7071702962305245,0.18779429387307306,0.10503540989640232,0,0.8778424737712225,0.04490595513184564,0.07725157109693184,0,0.9030163883478444,0.038203367493800926,0.05878024415835464,0
2025-26,15,2026-04-19,Everton,Liverpool,2,0.3899867696446706,0.2692709410875798,0.34074228926774947,0,0.4180607283978957,0.24431739147095557,0.33762188013114874,0,0.3643111474628708,0.2465345660818706,0.3891542864552586,2,0.44544786508280376,0.3817993274863014,0.17275280743089486,0,0.7095111532142232,0.036728340068372216,0.2537605067174046,0
2025-26,15,2026-04-19,Nottingham Forest,Burnley,0,0.6563680940097248,0.20672061904485406,0.13691128694542104,0,0.5447024723444764,0.22515124387568433,0.23014628377983926,0,0.6421868397889133,0.21667473495550596,0.1411384252555807,0,0.8640293194684261,0.06240838346529979,0.07356229706627415,0,0.6694508588717656,0.07493425347447079,0.2556148876537635,0
2025-26,15,2026-04-19,Manchester City,Arsenal,0,0.46137565147070403,0.26713229952429685,0.27149204900499924,0,0.4100876576715194,0.24469118711694673,0.34522115521153385,0,0.5897110848148803,0.21336810246420407,0.19692081272091558,0,0.4393993523442001,0.30204194487389363,0.2585587027819062,0,0.17588270625988178,0.7132570264589062,0.11086026728121194,1
2025-26,15,2026-04-20,Crystal Palace,West Ham United,1,0.5939449677432519,0.21301086773284042,0.1930441645239075,0,0.5081576681163583,0.2327332166952103,0.25910911518843127,0,0.5558194643973193,0.2356463691901709,0.2085341664125098,0,0.8257590979893509,0.07204625937697129,0.1021946426336778,0,0.8875945194118828,0.06114357600451269,0.05126190458360432,0
2025-26,15,2026-04-21,Brighton and Hove Albion,Chelsea,0,0.46672035208250784,0.2566119065710839,0.2766677413464083,0,0.500073193980514,0.23491867164006164,0.26500813437942433,0,0.5020611955281781,0.24027807594715236,0.2576607285246696,0,0.361387889414365,0.39149810658873924,0.24711400399689573,1,0.3706427353799442,0.4069991016040254,0.22235816301603048,1
2025-26,15,2026-04-22,Burnley,Manchester City,2,0.09971610672912637,0.17440301500980593,0.7258808782610676,2,0.20505399067258417,0.2175745562756892,0.5773714530517265,2,0.07538791900438523,0.15728097925534001,0.7673311017402749,2,0.12371168022284254,0.05941487053212194,0.8168734492450356,2,0.11821710280559501,0.045649396785918644,0.8361335004084863,2
2025-26,15,2026-04-22,Bournemouth,Leeds United,1,0.5701980651156369,0.22853180701815123,0.20127012786621196,0,0.5041683015760763,0.23232370135050967,0.26350799707341416,0,0.5899710852819018,0.22621740245746966,0.18381151226062853,0,0.6331350659618143,0.19868102054314996,0.1681839134950357,0,0.2591383634675488,0.19075161000807092,0.5501100265243802,2
2025-26,15,2026-04-24,Sunderland,Nottingham Forest,2,0.4409772420867121,0.24000819692222644,0.3190145609910614,0,0.44958911924058886,0.24143043770919664,0.3089804430502144,0,0.3789467822577152,0.2565671659862338,0.364486051756051,0,0.4841660954343113,0.1812643287890553,0.3345695757766333,0,0.8147400193509008,0.053973417623312606,0.13128656302578656,0
2025-26,15,2026-04-25,Fulham,Aston Villa,0,0.36318404184408704,0.24588858907862637,0.3909273690772867,2,0.2932889808428606,0.2388229252654162,0.46788809389172314,2,0.36672108387293184,0.24922722860152985,0.3840516875255383,2,0.3512102556160298,0.281064933093176,0.36772481129079426,2,0.46826263436666143,0.16543429799231466,0.36630306764102394,0
2025-26,15,2026-04-25,Liverpool,Crystal Palace,0,0.5895195790072244,0.2598250283754171,0.15065539261735855,0,0.555164916108009,0.22303217283546498,0.22180291105652594,0,0.699460866988981,0.18822329075749492,0.11231584225352398,0,0.5090509641785893,0.361052786077085,0.12989624974432568,0,0.4142157116483575,0.3788783547332839,0.20690593361835863,0
2025-26,15,2026-04-25,West Ham United,Everton,0,0.4009881554869553,0.2463412004270336,0.352670644086011,0,0.4453038810329468,0.243659333569868,0.3110367853971852,0,0.38020005456394385,0.25462272062571556,0.3651772248103407,0,0.45124354475411843,0.15933638004866849,0.3894200751972131,0,0.2563404348161417,0.364066813779954,0.37959275140390436,2
2025-26,15,2026-04-25,Wolverhampton Wanderers,Tottenham,2,0.44276376905328085,0.2475286684442643,0.3097075625024547,0,0.43650301285659243,0.2436194300317533,0.3198775571116543,0,0.39018018158611834,0.2617744884151261,0.3480453299987555,0,0.3927893836614708,0.23287619886583183,0.3743344174726973,0,0.09389787990045637,0.3143821790885173,0.5917199410110264,2
2025-26,15,2026-04-25,Arsenal,Newcastle United,0,0.691596299318085,0.19778768738609975,0.11061601329581519,0,0.5673637746402402,0.21786580649380735,0.21477041886595227,0,0.754389507806784,0.16415271491355757,0.08145777727965842,0,0.8425106428146923,0.09050366647315528,0.06698569071215243,0,0.8564097691295793,0.10006225938863811,0.043527971481782585,0
2025-26,15,2026-04-27,Manchester United,Brentford,0,0.5515271155719847,0.24327818918435534,0.20519469524365996,0,0.48163395172123424,0.2357805156632465,0.2825855326155192,0,0.5339097053864029,0.2353187798741499,0.2307715147394472,0,0.5024667058988209,0.4012131616391699,0.09632013246200913,0,0.5198834949244013,0.40037979253032135,0.07973671254527741,0
2025-26,15,2026-05-01,Leeds United,Burnley,0,0.6477655121981336,0.20602747199183577,0.14620701581003073,0,0.5692487685957737,0.21853410927215508,0.21221712213207117,0,0.6016801494050786,0.22981036246618172,0.16850948812873967,0,0.8239043186230737,0.07885643575611154,0.09723924562081473,0,0.6755221488701126,0.06109781242373747,0.26338003870615,0
2025-26,15,2026-05-02,Brentford,West Ham United,0,0.5586472450939955,0.23332492506030802,0.20802782984569643,0,0.4681791894900297,0.23764337531255655,0.29417743519741374,0,0.5364374699032808,0.2385895286999934,0.22497300139672588,0,0.6295343541475851,0.21724888766417136,0.15321675818824365,0,0.7925914876541719,0.05754105729866767,0.14986745504716045,0
2025-26,15,2026-05-02,Newcastle United,Brighton and Hove Albion,0,0.39906343309340364,0.2520962236601548,0.34884034324644153,0,0.3871659331126155,0.2443886467783829,0.3684454201090016,0,0.39853820441778326,0.25022731521729175,0.351234480364925,0,0.3009595997485921,0.2746851624350461,0.4243552378163617,2,0.3618246273743902,0.24500553747755158,0.39316983514805826,2
2025-26,15,2026-05-02,Wolverhampton Wanderers,Sunderland,1,0.4136963722054614,0.2542668756559394,0.3320367521385991,0,0.4006285169606715,0.24594336151807836,0.3534281215212501,0,0.35677511002650814,0.2614264342826919,0.38179845569079995,2,0.3691145402641556,0.2878284588942751,0.3430570008415693,0,0.17712384941473597,0.24437248785710386,0.5785036627281601,2
2025-26,15,2026-05-02,Arsenal,Fulham,0,0.665817045244212,0.20980658926753173,0.12437636548825634,0,0.6052896325005193,0.20654060188499038,0.1881697656144903,0,0.7455640084834365,0.16798671746540073,0.08644927405116268,0,0.6802982388393735,0.11563416695028055,0.20406759421034598,0,0.5734521021334337,0.3729426326588068,0.05360526520775958,0
2025-26,15,2026-05-03,Aston Villa,Tottenham,2,0.6252105566455217,0.20330416838970156,0.1714852749647766,0,0.5291865631715039,0.22861344323032876,0.24219999359816724,0,0.7063966074942227,0.18867159957386243,0.10493179293191478,0,0.7205870042529559,0.06463010665523317,0.21478288909181095,0,0.6390583090355001,0.14447725938284597,0.21646443158165385,0
2025-26,15,2026-05-03,Manchester United,Liverpool,0,0.37781892391502725,0.26022760374867215,0.3619534723363006,0,0.45048091736141693,0.24197792549090336,0.3075411571476796,0,0.43770534647505105,0.2427699145562431,0.31952473896870576,0,0.15845393513441441,0.35165229077751675,0.48989377408806883,2,0.4593800738306093,0.2000176717438094,0.3406022544255813,0
2025-26,15,2026-05-03,Bournemouth,Crystal Palace,0,0.5143016251566418,0.2544813834764811,0.23121699136687704,0,0.5402250326522757,0.2270516428988081,0.23272332444891616,0,0.5600614105074196,0.23196204097139977,0.2079765485211806,0,0.48214709662067456,0.33825317742462435,0.17959972595470106,0,0.5101877321362981,0.34869672950909825,0.14111553835460364,0
2025-26,15,2026-05-04,Chelsea,Nottingham Forest,2,0.49236670939514765,0.289956168147013,0.21767712245783932,0,0.46607817151492326,0.2401482810968044,0.29377354738827255,0,0.5827379354089182,0.2269530995099143,0.1903089650811676,0,0.2088947080321365,0.3995579787382918,0.3915473132295717,1,0.5780529475742905,0.26248130538654413,0.15946574703916538,0
2025-26,15,2026-05-04,Everton,Manchester City,1,0.22888473374409285,0.22181679132330784,0.5492984749325994,2,0.3327813475695446,0.24545996883143337,0.421758683599022,2,0.26079047657905174,0.23268499017230648,0.5065245332486418,2,0.16722516261269846,0.10398926090572046,0.728785576481581,2,0.19422904922538448,0.14411442274371913,0.6616565280308964,2
2025-26,15,2026-05-09,Liverpool,Chelsea,1,0.6304649219859033,0.20852749868910975,0.16100757932498688,0,0.5420508698120908,0.22513260345466857,0.2328165267332405,0,0.6454469942335668,0.20595328265638613,0.14859972311004718,0,0.8388883625577521,0.08993233568811665,0.07117930175413124,0,0.7145945459352913,0.13722388485923329,0.14818156920547546,0
2025-26,15,2026-05-09,Brighton and Hove Albion,Wolverhampton Wanderers,0,0.6878528969122936,0.19683262554309994,0.11531447754460654,0,0.5116542655618755,0.2314051169088551,0.2569406175292692,0,0.6978116310304465,0.19381999645810444,0.10836837251144912,0,0.91277924079595,0.036562037330798304,0.05065872187325176,0,0.883807984101443,0.09082762526282638,0.025364390635730604,0
2025-26,15,2026-05-09,Fulham,Bournemouth,2,0.461223675322983,0.2378756562814608,0.30090066839555607,0,0.41608614796627635,0.24542050267451437,0.33849334935920905,0,0.4360704644267595,0.24940554199772036,0.31452399357552013,0,0.5425670065734586,0.2669759841930978,0.19045700923344364,0,0.5874979746099361,0.2518831388646314,0.1606188865254324,0
2025-26,15,2026-05-09,Sunderland,Manchester United,1,0.2812495050130607,0.2340245821408766,0.4847259128460627,2,0.30503028324112147,0.24040899502022023,0.45456072173865836,2,0.24866245156196892,0.23931216978819575,0.5120253786498353,2,0.17314914280943064,0.23790528251500867,0.5889455746755607,2,0.06297119955964735,0.15247546376399498,0.7845533366763576,2
2025-26,15,2026-05-09,Manchester City,Brentford,0,0.6902292228299342,0.20137621644786788,0.10839456072219808,0,0.5770423813870846,0.2152840591858749,0.20767355942704047,0,0.7560481101724352,0.1630118126380396,0.080940077189525,0,0.842982127387658,0.11335186337030086,0.04366600924204121,0,0.7522508319531688,0.17816619075310391,0.06958297729372723,0
2025-26,15,2026-05-10,Nottingham Forest,Newcastle United,1,0.44510145075179697,0.23952156670245853,0.3153769825457444,0,0.4820065034460852,0.2368171568067051,0.2811763397472097,0,0.4572658172746439,0.24837959143549818,0.29435459128985797,0,0.33809316323113586,0.21065986044405174,0.4512469763248124,2,0.3952083837945136,0.1693863943746056,0.4354052218308808,2
2025-26,15,2026-05-10,Burnley,Aston Villa,1,0.21844148569554425,0.25013656010358765,0.531421954200868,2,0.3149567807729109,0.24352412992144876,0.44151908930564043,2,0.141342505867945,0.206918752036258,0.651738742095797,2,0.1892720975707824,0.32277431863594,0.4879535837932776,2,0.1088450486765981,0.37387509209905584,0.5172798592243459,2
2025-26,15,2026-05-10,Crystal Palace,Everton,1,0.5024586231117839,0.24082650869404587,0.25671486819417016,0,0.46642570953523493,0.2400410282374047,0.2935332622273603,0,0.4550817456352658,0.24940512360536057,0.2955131307593737,0,0.7837738174100436,0.14197281819837243,0.07425336439158389,0,0.5287103757539328,0.31234998695277755,0.1589396372932896,0
2025-26,15,2026-05-10,West Ham United,Arsenal,2,0.201970557511604,0.22806309493576538,0.5699663475526305,2,0.3146380195605757,0.24216640269129786,0.44319557774812623,2,0.17166440038258013,0.2098645174593897,0.6184710821580301,2,0.18958160299422375,0.17350451863871294,0.6369138783670633,2,0.20492706318999543,0.09930737833525247,0.6957655584747521,2
2025-26,15,2026-05-11,Tottenham,Leeds United,1,0.4151928985144263,0.24687051045939282,0.337936591026181,0,0.36766313014584384,0.2448277469471773,0.38750912290697886,2,0.4051291657025198,0.2569286373232324,0.3379421969742477,0,0.34255040883276494,0.22213398748504085,0.4353156036821942,2,0.383340224577869,0.17813147928034445,0.43852829614178646,2
2025-26,15,2026-05-13,Manchester City,Crystal Palace,0,0.6719394815503897,0.21819766945388475,0.10986284899572539,0,0.5880139855876592,0.21241277935034397,0.19957323506199687,0,0.7847588362452889,0.15022351221425534,0.06501765154045569,0,0.7511794416573693,0.11679544955834233,0.13202510878428836,0,0.7904820605578399,0.10427920655672926,0.10523873288543098,0
2025-26,15,2026-05-15,Aston Villa,Liverpool,0,0.45712326840920436,0.24958908592853435,0.2932876456622612,0,0.42663926377953626,0.24514404569911263,0.3282166905213511,0,0.4596604959320166,0.24209886418344567,0.29824063988453775,0,0.5600962545310021,0.29467598918211774,0.14522775628688023,0,0.5235969953458146,0.35621171456893896,0.12019129008524647,0
2025-26,15,2026-05-17,Manchester United,Nottingham Forest,0,0.5591397668906067,0.22305354778144001,0.21780668532795344,0,0.5184955257146323,0.23079351382334007,0.2507109604620277,0,0.6236406426786084,0.21453592645301175,0.16182343086837989,0,0.5938533933102806,0.10914212523154347,0.29700448145817604,0,0.8838644763538324,0.03370806337436352,0.08242746027180392,0
2025-26,15,2026-05-17,Brentford,Crystal Palace,1,0.4983711390508546,0.2503141463593047,0.25131471458984067,0,0.43732915549433726,0.24343839931550545,0.3192324451901573,0,0.5392748995267828,0.2372514280147792,0.22347367245843813,0,0.3321852198207796,0.4184375704604104,0.24937720971881006,1,0.6804572940719641,0.19441697128774924,0.12512573464028676,0
2025-26,15,2026-05-17,Everton,Sunderland,2,0.5616514808185691,0.24711275370170072,0.19123576547972998,0,0.5762621769755141,0.21876392041295392,0.20497390261153212,0,0.6342340581164926,0.2155923800569628,0.1501735618265446,0,0.5200570056681905,0.3787788004896322,0.10116419384217729,0,0.6440024407297056,0.2937297455422165,0.06226781372807803,0
2025-26,15,2026-05-17,Leeds United,Brighton and Hove Albion,0,0.42444555964311015,0.2297990890506119,0.345755351306278,0,0.33572619590737895,0.2450955954164365,0.41917820867618444,2,0.37453373396577355,0.25250989103660837,0.372956374997618,0,0.664401509448474,0.12863166940024426,0.2069668211512818,0,0.4189189872512838,0.15527330469487552,0.4258077080538406,2
2025-26,15,2026-05-17,Wolverhampton Wanderers,Fulham,1,0.34361728180886625,0.25713210586722124,0.3992506123239125,2,0.36878623588255044,0.2466913586680597,0.3845224054493898,2,0.27210301216737554,0.25014182716304,0.4777551606695845,2,0.3373003041702124,0.32603597501135184,0.3366637208184358,0,0.3866423329547498,0.40060481958418354,0.21275284746106674,1
2025-26,15,2026-05-17,Newcastle United,West Ham United,0,0.5728189224317719,0.22580452084199198,0.20137655672623614,0,0.5099592105638859,0.2318383380242493,0.2582024514118649,0,0.547095486264587,0.23726017975500452,0.21564433398040841,0,0.6958765168569285,0.11800080587168225,0.18612267727138923,0,0.5963000311302702,0.2296664644072755,0.1740335044624542,0
2025-26,15,2026-05-18,Arsenal,Burnley,0,0.7911912668610518,0.1586474870076797,0.05016124613126865,0,0.6908425106609882,0.17687017069960226,0.13228731863940946,0,0.8792150322440322,0.0982988641646025,0.02248610359136543,0,0.7480742775138498,0.089248393282536,0.16267732920361422,0,0.8818977019402012,0.0649754729118481,0.05312682514795068,0
2025-26,15,2026-05-19,Chelsea,Tottenham,0,0.572372329269731,0.23823498177099675,0.18939268895927217,0,0.518997233653412,0.2299563567380716,0.25104640960851643,0,0.6110485321324894,0.22142489982654123,0.1675265680409694,0,0.5560841247777295,0.1479130475564423,0.2960028276658282,0,0.5234114255434449,0.29173653880034345,0.18485203565621167,0
2025-26,15,2026-05-19,Bournemouth,Manchester City,1,0.2780982604550252,0.2289319602637519,0.4929697792812229,2,0.39567766984499136,0.24618905837243968,0.3581332717825689,0,0.31883743525235814,0.2385628437900579,0.44259972095758393,2,0.1792055849030931,0.1790305374025639,0.641763877694343,2,0.16432618831882903,0.13841707823828614,0.697256733442885,2
2025-26,15,2026-05-24,Nottingham Forest,Bournemouth,1,0.4005267784363997,0.2739520803402796,0.3255211412233206,0,0.4832532047461122,0.23847505770385638,0.27827173755003143,0,0.41457057947119313,0.25014724116102804,0.3352821793677788,0,0.4664438469257127,0.40230593323560715,0.1312502198386801,0,0.3197304075690545,0.38979610333587206,0.29047348909507337,1
2025-26,15,2026-05-24,Manchester City,Aston Villa,2,0.6581377500993385,0.21017151491061398,0.13169073499004755,0,0.5758522425820153,0.2168213865012826,0.20732637091670222,0,0.7361572660266218,0.17051107714210462,0.09333165683127369,0,0.8715236638776421,0.09911300236786935,0.02936333375448867,0,0.7437793274129928,0.24208148971296448,0.014139182874042727,0
2025-26,15,2026-05-24,Sunderland,Chelsea,0,0.32212897700402715,0.25478703691470295,0.42308398608126957,2,0.41333695276672505,0.24668425923926196,0.339978787994013,0,0.34301829348776697,0.25306696315111404,0.40391474336111893,2,0.18955230631202236,0.2953304493387834,0.5151172443491943,2,0.22652734688663126,0.10617626642009768,0.6672963866932711,2
2025-26,15,2026-05-24,Liverpool,Brentford,1,0.5588917236446264,0.24396552712140074,0.19714274923397274,0,0.5370735683125354,0.22640070807789037,0.23652572360957408,0,0.634609998604328,0.21020405201086104,0.155185949384811,0,0.4549395377049204,0.24160341226832074,0.303457050026759,0,0.2600111442737131,0.3172776047547572,0.4227112509715297,2
2025-26,15,2026-05-24,Tottenham,Everton,0,0.36066617798402417,0.31426562395104723,0.3250681980649286,0,0.4578024040010092,0.24143677949745307,0.30076081650153763,0,0.3491654094730768,0.2554455301188674,0.39538906040805577,2,0.24702823460143628,0.5043217178996805,0.24865004749888317,1,0.21695500194820302,0.6235817819355093,0.15946321611628766,1
2025-26,15,2026-05-24,Crystal Palace,Arsenal,2,0.21673998162839675,0.22098255179533632,0.5622774665762669,2,0.3428530395596262,0.24736364766968,0.4097833127706937,2,0.25244449796001317,0.23189012744508825,0.5156653745948986,2,0.13763819750554496,0.11277970056076647,0.7495821019336886,2,0.13043706379995526,0.15585516326525733,0.7137077729347875,2
2025-26,15,2026-05-24,Burnley,Wolverhampton Wanderers,1,0.4179095943749883,0.27737512311693147,0.30471528250808044,0,0.4160067964380334,0.24647882703437388,0.3375143765275928,0,0.3532482861135074,0.26576833847759934,0.38098337540889315,2,0.47789509519546053,0.35199516856566154,0.17010973623887804,0,0.34537498728011856,0.2714323321485364,0.3831926805713451,2
2025-26,15,2026-05-24,Brighton and Hove Albion,Manchester United,2,0.423540845138539,0.2784336527425221,0.29802550211893886,0,0.4525183787818403,0.24293204402428148,0.3045495771938781,0,0.47603216321408026,0.2426907154813414,0.28127712130457844,0,0.4256701876315982,0.388682225523277,0.18564758684512478,0,0.4861250898802056,0.3503413834634132,0.16353352665638124,0
2025-26,15,2026-05-24,Fulham,Newcastle United,0,0.41709249261678416,0.27004272759756165,0.3128647797856543,0,0.415857542812112,0.24269671559546263,0.34144574159242524,0,0.4029924055127983,0.2518995251155472,0.3451080693716544,0,0.31511634759256496,0.35163261683353764,0.3332510355738974,1,0.45121938808700657,0.27311031319803825,0.27567029871495524,0
2025-26,15,2026-05-24,West Ham United,Leeds United,0,0.43715296354330746,0.24445724580724057,0.31838979064945194,0,0.37646462647154444,0.24538671257876973,0.37814866094968574,2,0.40086378497778585,0.2565239221203341,0.34261229290188006,0,0.4901261110742705,0.12508868178749713,0.3847852071382323,0,0.3257190209281252,0.16169369549888704,0.5125872835729878,2
