season,gw,date,home,away,lineup_shock_att_diff,lineup_shock_def_diff,lineup_shock_gk_diff,lineup_shock_total
2022-23,15,2022-08-05,Crystal Palace,Arsenal,-0.1616917224726607,0.0452400615303279,0.0,0.2069317840029886
2022-23,15,2022-08-06,Everton,Chelsea,-0.15172524685441904,-0.08305712211651116,0.0,0.2347823689709302
2022-23,15,2022-08-06,Tottenham,Southampton,-0.021733783724681988,-0.03108611814897051,0.0,0.0528199018736525
2022-23,15,2022-08-06,Newcastle United,Nottingham Forest,-0.04001254202167597,-0.16500393906149644,0.0,0.2050164810831724
2022-23,15,2022-08-06,Leeds United,Wolverhampton Wanderers,0.2286917866925911,-0.05796692166020862,0.0,0.2866587083527997
2022-23,15,2022-08-06,Bournemouth,Aston Villa,0.07988747460243721,0.13917424526244396,0.0,0.21906171986488115
2022-23,15,2022-08-06,Fulham,Liverpool,-0.08701632969720363,-0.06677880049504624,0.0,0.15379513019224988
2022-23,15,2022-08-07,Leicester City,Brentford,-0.18259384886110924,-0.11900480879215627,-0.45,0.7515986576532656
2022-23,15,2022-08-07,Manchester United,Brighton and Hove Albion,0.06079556019734795,-0.017518294870431706,0.45,0.5283138550677797
2022-23,15,2022-08-07,West Ham United,Manchester City,-0.09646631306199666,-0.048823856522152556,0.0,0.1452901695841492
2022-23,15,2022-08-13,Brentford,Manchester United,-0.08764827564668709,-0.021794939297682434,0.0,0.10944321494436952
2022-23,15,2022-08-13,Wolverhampton Wanderers,Fulham,-0.0064200095171566204,0.1295530521732907,0.0,0.13597306169044732
2022-23,15,2022-08-13,Southampton,Leeds United,-0.19454442894683788,-0.02117555810449864,0.0,0.21571998705133652
2022-23,15,2022-08-13,Aston Villa,Everton,0.2365347029090505,0.05854216471387022,0.0,0.29507686762292074
2022-23,15,2022-08-13,Brighton and Hove Albion,Newcastle United,0.015402166899920654,0.1794393688713684,0.0,0.19484153577128907
2022-23,15,2022-08-13,Arsenal,Leicester City,0.020470698942249243,0.023895751671903963,-0.45,0.4943664506141532
2022-23,15,2022-08-13,Manchester City,Bournemouth,0.08663672328741431,0.00010522102807568323,0.0,0.08674194431549
2022-23,15,2022-08-14,Nottingham Forest,West Ham United,-0.04803340684226266,-0.10729977437457133,0.0,0.15533318121683398
2022-23,15,2022-08-14,Chelsea,Tottenham,0.14956462655985298,-0.18131139396262194,0.45,0.780876020522475
2022-23,15,2022-08-15,Liverpool,Crystal Palace,0.01837927007246427,-0.01874079467765455,-0.45,0.4871200647501188
2022-23,15,2022-08-20,Bournemouth,Arsenal,0.05144372086644833,0.09310206069427074,0.0,0.14454578156071907
2022-23,15,2022-08-20,Tottenham,Wolverhampton Wanderers,0.15371075212481075,-0.0627554284107771,0.0,0.21646618053558786
2022-23,15,2022-08-20,Crystal Palace,Aston Villa,-0.2561757824154784,-0.08138616350077342,0.0,0.3375619459162518
2022-23,15,2022-08-20,Everton,Nottingham Forest,0.25023888359655877,0.03437929683870311,0.0,0.2846181804352619
2022-23,15,2022-08-20,Fulham,Brentford,0.11064232166206837,0.13157488608231432,0.0,0.2422172077443827
2022-23,15,2022-08-20,Leicester City,Southampton,-0.2816583455920904,-0.23501018358238074,0.0,0.5166685291744711
2022-23,15,2022-08-21,Newcastle United,Manchester City,-0.07357070198004638,-0.0038432118853273384,0.0,0.07741391386537372
2022-23,15,2022-08-21,Leeds United,Chelsea,0.10336407211244814,-0.05318590765511067,-0.45,0.6065499797675589
2022-23,15,2022-08-21,West Ham United,Brighton and Hove Albion,0.01305270485789278,-0.1494572964195512,0.0,0.16251000127744397
2022-23,15,2022-08-22,Manchester United,Liverpool,-0.042137712837066285,-0.005832535214639563,0.0,0.04797024805170585
2022-23,15,2022-08-27,Southampton,Manchester United,-0.0535450771678837,-0.0801278520317471,0.0,0.1336729291996308
2022-23,15,2022-08-27,Brentford,Everton,-0.1328871734232293,0.06922962895259421,0.0,0.20211680237582352
2022-23,15,2022-08-27,Brighton and Hove Albion,Leeds United,0.11172784947227737,-0.007085932797247334,0.0,0.11881378226952471
2022-23,15,2022-08-27,Chelsea,Leicester City,0.05329345388480487,-0.006579514243181449,0.0,0.05987296812798632
2022-23,15,2022-08-27,Liverpool,Bournemouth,0.2512008927311967,0.09629367701997768,0.0,0.34749456975117443
2022-23,15,2022-08-27,Manchester City,Crystal Palace,0.1680220539299998,0.026220134556614517,0.0,0.19424218848661431
2022-23,15,2022-08-27,Arsenal,Fulham,0.01087453193526239,-0.02217736097425968,0.45,0.4830518929095221
2022-23,15,2022-08-28,Nottingham Forest,Tottenham,-0.08618717046384944,-0.01576344747554575,0.0,0.1019506179393952
2022-23,15,2022-08-28,Aston Villa,West Ham United,-0.04598958446008694,0.04399512801335831,0.0,0.08998471247344525
2022-23,15,2022-08-28,Wolverhampton Wanderers,Newcastle United,-0.028914561785862467,0.027561910661048676,0.0,0.05647647244691115
2022-23,15,2022-08-30,Leeds United,Everton,0.029651125850887007,-0.0168036464615774,0.0,0.04645477231246441
2022-23,15,2022-08-30,Southampton,Chelsea,0.005695831992754835,0.0131041087293734,0.0,0.018799940722128233
2022-23,15,2022-08-30,Crystal Palace,Brentford,0.2856904644522763,-0.06601641141969442,0.0,0.3517068758719707
2022-23,15,2022-08-30,Fulham,Brighton and Hove Albion,-0.10209417003118476,-0.0250935034468336,0.0,0.12718767347801835
2022-23,15,2022-08-31,Arsenal,Aston Villa,0.15437016801152403,0.05666995566582862,0.0,0.21104012367735264
2022-23,15,2022-08-31,Bournemouth,Wolverhampton Wanderers,0.19422384470319826,-0.06582120574806713,0.0,0.26004505045126536
2022-23,15,2022-08-31,Manchester City,Nottingham Forest,-0.11052823884093571,0.14412471033521854,0.0,0.2546529491761542
2022-23,15,2022-08-31,West Ham United,Tottenham,-0.04817037049881344,0.06879106488503706,0.0,0.1169614353838505
2022-23,15,2022-08-31,Liverpool,Newcastle United,-0.02486333064608705,0.0040533382037764645,0.0,0.028916668849863516
2022-23,15,2022-09-01,Leicester City,Manchester United,0.012533416753139254,0.01535778200934139,0.0,0.027891198762480644
2022-23,15,2022-09-03,Wolverhampton Wanderers,Southampton,-0.012379991114859892,-0.17216021611683538,0.0,0.18454020723169529
2022-23,15,2022-09-03,Tottenham,Fulham,-0.11507361300042346,0.034733652141691364,0.0,0.14980726514211481
2022-23,15,2022-09-03,Aston Villa,Manchester City,-0.15806887951243714,-0.012110007865140807,0.0,0.17017888737757794
2022-23,15,2022-09-03,Nottingham Forest,Bournemouth,0.14596538580024443,-0.019420283626322685,0.45,0.6153856694265671
2022-23,15,2022-09-03,Newcastle United,Crystal Palace,-0.35547263119347217,-0.07955322465189958,0.0,0.43502585584537173
2022-23,15,2022-09-03,Chelsea,West Ham United,0.07810983221678686,-0.08276462409931912,0.0,0.16087445631610597
2022-23,15,2022-09-03,Brentford,Leeds United,0.20278391860789752,0.07926125671658475,0.0,0.28204517532448226
2022-23,15,2022-09-03,Everton,Liverpool,0.0462989129932459,0.004638234165206766,0.0,0.05093714715845267
2022-23,15,2022-09-04,Brighton and Hove Albion,Leicester City,0.06560324293506217,-0.004773207142487118,0.0,0.0703764500775493
2022-23,15,2022-09-04,Manchester United,Arsenal,-0.03694340019545235,-0.008888452121886825,-0.45,0.4958318523173392
2022-23,15,2022-09-16,Aston Villa,Southampton,-0.045282495012496184,0.176580394131611,0.0,0.22186288914410718
2022-23,15,2022-09-16,Nottingham Forest,Fulham,-0.08493309184825837,0.07239213758124224,0.0,0.1573252294295006
2022-23,15,2022-09-17,Wolverhampton Wanderers,Manchester City,0.12567551332801621,-0.07041100025897207,0.0,0.19608651358698828
2022-23,15,2022-09-17,Newcastle United,Bournemouth,0.00787421436398057,0.10905391335349665,0.0,0.11692812771747722
2022-23,15,2022-09-17,Tottenham,Leicester City,-0.16770256169466946,0.031246917534358286,0.0,0.19894947922902775
2022-23,15,2022-09-18,Everton,West Ham United,0.05144860822329076,0.1270569042858366,0.0,0.17850551250912736
2022-23,15,2022-09-18,Brentford,Arsenal,0.07693540455557923,0.13661064496930675,0.0,0.21354604952488598
2022-23,15,2022-10-01,Arsenal,Tottenham,-0.001797363233910436,-0.11434580222470747,0.0,0.11614316545861791
2022-23,15,2022-10-01,Bournemouth,Brentford,-0.139974060396703,0.11874903329950884,0.0,0.2587230936962118
2022-23,15,2022-10-01,Crystal Palace,Chelsea,-0.09157075416909564,0.09922347941207141,0.0,0.19079423358116704
2022-23,15,2022-10-01,Fulham,Newcastle United,-0.07361396041977086,-0.0031709355537937883,0.0,0.07678489597356465
2022-23,15,2022-10-01,Liverpool,Brighton and Hove Albion,-0.14503019797343444,0.1460402780989667,-0.45,0.7410704760724012
2022-23,15,2022-10-01,Southampton,Everton,-0.00038921897622186744,-0.024859058953971953,0.0,0.02524827793019382
2022-23,15,2022-10-01,West Ham United,Wolverhampton Wanderers,-0.013502831998644577,0.08098907895508442,0.0,0.094491910953729
2022-23,15,2022-10-02,Manchester City,Manchester United,-0.1252576031793692,-0.07026128904801279,0.0,0.195518892227382
2022-23,15,2022-10-02,Leeds United,Aston Villa,0.06394195315105826,-0.01191424207169129,-0.45,0.5258561952227496
2022-23,15,2022-10-03,Leicester City,Nottingham Forest,0.0964577479685913,-0.11209216848520494,0.45,0.6585499164537962
2022-23,15,2022-10-08,Newcastle United,Brentford,-0.080508446754463,0.08235974905404206,0.0,0.16286819580850506
2022-23,15,2022-10-08,Manchester City,Southampton,0.01344700166970734,-0.1643408503411879,0.0,0.17778785201089523
2022-23,15,2022-10-08,Brighton and Hove Albion,Tottenham,-0.09113511867108168,0.0031775709502242927,0.0,0.09431268962130597
2022-23,15,2022-10-08,Bournemouth,Leicester City,0.17120093347337062,-0.015139787808285773,0.0,0.1863407212816564
2022-23,15,2022-10-08,Chelsea,Wolverhampton Wanderers,-0.03699200825517733,-0.028530971640412787,0.0,0.06552297989559011
2022-23,15,2022-10-09,Arsenal,Liverpool,0.05540361570193654,0.11164124542428291,0.0,0.16704486112621947
2022-23,15,2022-10-09,Everton,Manchester United,-0.07608766441030945,0.22649864216836296,0.0,0.3025863065786724
2022-23,15,2022-10-09,Crystal Palace,Leeds United,0.1343411317956175,0.24793872912417175,0.0,0.38227986091978927
2022-23,15,2022-10-09,West Ham United,Fulham,0.046103704873437255,-0.14300831284390342,0.0,0.18911201771734068
2022-23,15,2022-10-10,Nottingham Forest,Aston Villa,-0.05601426091642862,-0.22193818738865992,0.0,0.27795244830508853
2022-23,15,2022-10-14,Brentford,Brighton and Hove Albion,0.166277496621611,-0.0206231183336026,-0.45,0.6369006149552137
2022-23,15,2022-10-15,Tottenham,Everton,0.025274232458126412,0.08655607488577687,0.0,0.11183030734390328
2022-23,15,2022-10-15,Wolverhampton Wanderers,Nottingham Forest,0.02966793678504251,-0.04914918683971144,0.0,0.07881712362475395
2022-23,15,2022-10-15,Fulham,Bournemouth,0.07817329774181209,0.10615511511347092,0.0,0.184328412855283
2022-23,15,2022-10-15,Leicester City,Crystal Palace,0.08088356509024971,-0.06049126264556827,0.0,0.141374827735818
2022-23,15,2022-10-16,Aston Villa,Chelsea,-0.07361445598349561,0.2457479426069549,0.0,0.3193623985904505
2022-23,15,2022-10-16,Leeds United,Arsenal,-0.05317233677136096,0.1685221441897508,0.0,0.22169448096111177
2022-23,15,2022-10-16,Manchester United,Newcastle United,0.06223596583370934,-0.09418500646636221,0.0,0.15642097230007157
2022-23,15,2022-10-16,Southampton,West Ham United,-0.11277292891110655,0.010545072171103453,0.0,0.12331800108221
2022-23,15,2022-10-16,Liverpool,Manchester City,0.1235880847366072,-0.21633837120988536,0.0,0.33992645594649257
2022-23,15,2022-10-18,Brighton and Hove Albion,Nottingham Forest,0.1613621643494098,-0.21326507047877413,0.0,0.37462723482818394
2022-23,15,2022-10-18,Crystal Palace,Wolverhampton Wanderers,-0.005964349231197867,0.2426403101236279,0.45,0.6986046593548259
2022-23,15,2022-10-19,Bournemouth,Southampton,-0.1649723640522272,-0.08168860615412561,0.0,0.2466609702063528
2022-23,15,2022-10-19,Brentford,Chelsea,-0.003094251905567308,0.02232021980706241,0.0,0.025414471712629717
2022-23,15,2022-10-19,Liverpool,West Ham United,-0.15685635662561917,0.08058493387259905,0.0,0.23744129049821822
2022-23,15,2022-10-19,Newcastle United,Everton,0.05537790697434703,-0.2608085540641947,0.0,0.3161864610385417
2022-23,15,2022-10-19,Manchester United,Tottenham,-0.025569254678279127,-0.12124650338879712,0.0,0.14681575806707625
2022-23,15,2022-10-20,Leicester City,Leeds United,0.05878619623937571,0.02631551336073054,0.0,0.08510170960010625
2022-23,15,2022-10-20,Fulham,Aston Villa,0.0321099714038687,0.09606807084517002,0.0,0.12817804224903873
2022-23,15,2022-10-22,Nottingham Forest,Liverpool,-0.10393758813770575,0.06998319388867967,0.0,0.17392078202638542
2022-23,15,2022-10-22,Everton,Crystal Palace,0.15470194023076755,0.023602060069533807,0.0,0.17830400030030136
2022-23,15,2022-10-22,Manchester City,Brighton and Hove Albion,-0.049246625595496946,-0.06405345430216232,0.0,0.11330007989765926
2022-23,15,2022-10-22,Chelsea,Manchester United,0.09614409576995825,-0.06467528159315304,0.0,0.1608193773631113
2022-23,15,2022-10-23,Aston Villa,Brentford,-0.008946974914742174,-0.10699868071134225,0.0,0.11594565562608442
2022-23,15,2022-10-23,Leeds United,Fulham,-0.18987586793408684,-0.06802033930266169,-0.45,0.7078962072367485
2022-23,15,2022-10-23,Southampton,Arsenal,0.004968617709688469,0.08312705928625583,0.0,0.0880956769959443
2022-23,15,2022-10-23,Wolverhampton Wanderers,Leicester City,-0.023820362242677237,0.055981420480761046,0.0,0.07980178272343828
2022-23,15,2022-10-23,Tottenham,Newcastle United,0.00028006137566068817,-0.1353026981302965,0.0,0.1355827595059572
2022-23,15,2022-10-24,West Ham United,Bournemouth,-0.07458073931846079,-0.14436460857659036,0.0,0.21894534789505116
2022-23,15,2022-10-29,Liverpool,Leeds United,-0.035551431787449815,0.07359686041111199,0.0,0.10914829219856181
2022-23,15,2022-10-29,Fulham,Everton,0.039264952091437634,0.07108733610924944,0.0,0.11035228820068707
2022-23,15,2022-10-29,Newcastle United,Aston Villa,0.26395219236285145,-0.14578769382276255,0.0,0.40973988618561397
2022-23,15,2022-10-29,Crystal Palace,Southampton,0.10491837957505029,0.0481726439321447,0.45,0.603091023507195
2022-23,15,2022-10-29,Brighton and Hove Albion,Chelsea,0.044121716136469126,0.029548877381976753,0.0,0.07367059351844588
2022-23,15,2022-10-29,Brentford,Wolverhampton Wanderers,0.27625667345058,0.15453099891968586,0.0,0.4307876723702659
2022-23,15,2022-10-29,Bournemouth,Tottenham,-0.1681345588287857,-0.00020772554536826245,0.0,0.16834228437415397
2022-23,15,2022-10-29,Leicester City,Manchester City,-0.055001690207469464,-0.08830945398751966,0.0,0.14331114419498914
2022-23,15,2022-10-30,Arsenal,Nottingham Forest,0.13364486969117542,0.07759535770280988,-0.45,0.6612402273939852
2022-23,15,2022-10-30,Manchester United,West Ham United,-0.038858680089482914,0.1508340274015713,0.0,0.1896927074910542
2022-23,15,2022-11-05,Leeds United,Bournemouth,0.033707872270772245,0.14290968913520555,0.0,0.17661756140597779
2022-23,15,2022-11-05,Manchester City,Fulham,0.1826338881209742,-0.07900193259029503,0.0,0.26163582071126923
2022-23,15,2022-11-05,Nottingham Forest,Brentford,-0.1599584491852492,0.1290952703987542,0.0,0.2890537195840034
2022-23,15,2022-11-05,Wolverhampton Wanderers,Brighton and Hove Albion,-0.11355289356481504,0.07291934986909841,0.0,0.18647224343391344
2022-23,15,2022-11-05,Everton,Leicester City,0.08650111714415132,0.060386260038924715,-0.45,0.596887377183076
2022-23,15,2022-11-06,West Ham United,Crystal Palace,-0.006027529041420408,0.04905661223051066,-0.45,0.5050841412719311
2022-23,15,2022-11-06,Southampton,Newcastle United,-0.15779906562475773,0.057996706544457585,0.0,0.2157957721692153
2022-23,15,2022-11-06,Tottenham,Liverpool,0.087955177717737,-0.11256210025844565,0.0,0.20051727797618266
2022-23,15,2022-11-06,Chelsea,Arsenal,0.015117441388423431,-0.13976545516429767,0.0,0.1548828965527211
2022-23,15,2022-11-06,Aston Villa,Manchester United,0.16659684260373184,-0.03136461741494251,0.0,0.19796146001867435
2022-23,15,2022-11-12,Manchester City,Brentford,0.10013731623812228,-0.16803961545795454,0.0,0.2681769316960768
2022-23,15,2022-11-12,Bournemouth,Everton,-0.20628491700609758,0.012979692966858837,0.0,0.2192646099729564
2022-23,15,2022-11-12,Liverpool,Southampton,0.05264418105285898,0.11470630306379398,0.0,0.16735048411665296
2022-23,15,2022-11-12,Nottingham Forest,Crystal Palace,-0.03228288297795437,-0.025184717053785693,0.0,0.05746760003174006
2022-23,15,2022-11-12,Tottenham,Leeds United,0.010804188393134125,-0.06579281797423077,0.0,0.0765970063673649
2022-23,15,2022-11-12,West Ham United,Leicester City,0.060757730591550874,-0.03944033438086702,0.0,0.1001980649724179
2022-23,15,2022-11-12,Newcastle United,Chelsea,-0.11222727588853136,0.16596380698636753,0.0,0.2781910828748989
2022-23,15,2022-11-12,Wolverhampton Wanderers,Arsenal,-0.09543151872618329,-0.05742574305663929,0.0,0.15285726178282258
2022-23,15,2022-11-13,Brighton and Hove Albion,Aston Villa,0.028914365500720844,-0.040055143896596465,0.45,0.5189695093973173
2022-23,15,2022-11-13,Fulham,Manchester United,0.11904442215412843,0.09677486318355356,0.0,0.215819285337682
2022-23,15,2022-12-26,Southampton,Brighton and Hove Albion,-0.1822650877491765,0.12776933604282154,0.0,0.310034423791998
2022-23,15,2022-12-26,Arsenal,West Ham United,0.07066833436932574,-0.12943027008077732,0.0,0.20009860445010305
2022-23,15,2022-12-26,Aston Villa,Liverpool,-0.02576865682478975,0.19595193611627634,0.0,0.2217205929410661
2022-23,15,2022-12-26,Leicester City,Newcastle United,0.03990907658251416,0.061193220748819915,0.0,0.10110229733133408
2022-23,15,2022-12-26,Everton,Wolverhampton Wanderers,0.062441621051302146,0.08541211559448353,0.0,0.14785373664578566
2022-23,15,2022-12-26,Crystal Palace,Fulham,-0.16597916156048073,0.009966356226435866,0.0,0.17594551778691658
2022-23,15,2022-12-26,Brentford,Tottenham,0.11084966549919016,-0.09634848468519108,0.0,0.20719815018438126
2022-23,15,2022-12-27,Chelsea,Bournemouth,0.007103033191616558,0.05818910503206523,0.0,0.0652921382236818
2022-23,15,2022-12-27,Manchester United,Nottingham Forest,0.062164557695696954,0.01566861311122541,0.0,0.07783317080692237
2022-23,15,2022-12-28,Leeds United,Manchester City,0.04470935051438027,0.09200232222070956,0.0,0.13671167273508983
2022-23,15,2022-12-30,West Ham United,Brentford,0.21880480842583627,0.02926657968622764,0.0,0.24807138811206392
2022-23,15,2022-12-30,Liverpool,Leicester City,0.10868520525641417,-0.0047494775495711475,0.0,0.11343468280598532
2022-23,15,2022-12-31,Wolverhampton Wanderers,Manchester United,-0.16551678773057377,-0.03180786770117923,0.0,0.19732465543175298
2022-23,15,2022-12-31,Bournemouth,Crystal Palace,0.09241417562149055,0.06081852417399942,0.0,0.15323269979548998
2022-23,15,2022-12-31,Fulham,Southampton,-0.07295817034146353,-0.0196210863967664,0.0,0.09257925673822992
2022-23,15,2022-12-31,Manchester City,Everton,-0.07131667172343104,-0.07890710509731245,0.0,0.1502237768207435
2022-23,15,2022-12-31,Newcastle United,Leeds United,-0.12047480807714009,-0.004584371350749822,0.0,0.1250591794278899
2022-23,15,2022-12-31,Brighton and Hove Albion,Arsenal,-0.1390033704871022,0.017239808360478042,-0.45,0.6062431788475803
2022-23,15,2023-01-01,Nottingham Forest,Chelsea,0.07796420978198167,-0.14196806995568784,0.45,0.6699322797376694
2022-23,15,2023-01-01,Tottenham,Aston Villa,-0.27530301400827706,-0.07502779202242171,0.0,0.35033080603069877
2022-23,15,2023-01-02,Brentford,Liverpool,-0.13218652769186418,-0.0596077300178218,0.0,0.19179425770968597
2022-23,15,2023-01-03,Arsenal,Newcastle United,0.039116167546748556,-0.014008255785322828,0.0,0.05312442333207139
2022-23,15,2023-01-03,Everton,Brighton and Hove Albion,0.24248461813188854,-0.1759670625141906,0.0,0.4184516806460791
2022-23,15,2023-01-03,Leicester City,Fulham,-0.0288690806907429,-0.2546989816696303,0.0,0.2835680623603732
2022-23,15,2023-01-03,Manchester United,Bournemouth,-0.09266720870678322,-0.031805008058821936,0.0,0.12447221676560516
2022-23,15,2023-01-04,Southampton,Nottingham Forest,0.04543810724873883,0.14142261549425383,0.0,0.18686072274299265
2022-23,15,2023-01-04,Leeds United,West Ham United,0.12833126301178616,0.033949173472880775,0.0,0.16228043648466695
2022-23,15,2023-01-04,Aston Villa,Wolverhampton Wanderers,-0.0305744455123403,-0.009586206868554135,0.0,0.04016065238089443
2022-23,15,2023-01-04,Crystal Palace,Tottenham,0.10050421216961306,-0.16121596106920738,0.0,0.26172017323882046
2022-23,15,2023-01-05,Chelsea,Manchester City,0.14875496718117512,-0.2386163988498996,0.0,0.3873713660310747
2022-23,15,2023-01-12,Fulham,Chelsea,0.09235566530538529,-0.04760509211952948,0.0,0.13996075742491476
2022-23,15,2023-01-13,Aston Villa,Leeds United,0.011043472577698768,0.024952740105769894,0.0,0.03599621268346866
2022-23,15,2023-01-14,Wolverhampton Wanderers,West Ham United,0.13845943424900486,-0.13453828802071974,0.0,0.27299772226972463
2022-23,15,2023-01-14,Brentford,Bournemouth,-0.12511666499968443,0.14110896452481664,0.0,0.2662256295245011
2022-23,15,2023-01-14,Nottingham Forest,Leicester City,0.17242468682389286,0.10496086955841993,0.0,0.27738555638231277
2022-23,15,2023-01-14,Manchester United,Manchester City,-0.12578819668542,0.05525694520693442,-0.45,0.6310451418923544
2022-23,15,2023-01-14,Brighton and Hove Albion,Liverpool,-0.0007300683610280236,-0.10782550754327834,0.0,0.10855557590430637
2022-23,15,2023-01-14,Everton,Southampton,0.0022358802451747754,-0.10148106662363238,0.0,0.10371694686880716
2022-23,15,2023-01-15,Chelsea,Crystal Palace,0.1927474347440418,0.05138431646600749,0.0,0.2441317512100493
2022-23,15,2023-01-15,Newcastle United,Fulham,-0.029857537221388897,-0.03627101273186148,0.0,0.06612854995325038
2022-23,15,2023-01-15,Tottenham,Arsenal,-0.13173543597504853,-0.18420967844965203,0.45,0.7659451144247005
2022-23,15,2023-01-18,Crystal Palace,Manchester United,-0.011395711033371808,0.2363742014859429,0.0,0.2477699125193147
2022-23,15,2023-01-19,Manchester City,Tottenham,-0.09344051231910358,0.056415465540001,0.0,0.1498559778591046
2022-23,15,2023-01-21,West Ham United,Everton,0.0913138639040609,0.3043568958444457,0.0,0.39567075974850663
2022-23,15,2023-01-21,Southampton,Aston Villa,-0.045961540193048225,-0.09925425781036276,0.0,0.145215798003411
2022-23,15,2023-01-21,Crystal Palace,Newcastle United,0.030487647576649783,-0.022939182465287616,0.0,0.0534268300419374
2022-23,15,2023-01-21,Bournemouth,Nottingham Forest,-0.03533519715668125,0.20870481201851293,0.0,0.2440400091751942
2022-23,15,2023-01-21,Liverpool,Chelsea,-0.08768606325779973,-0.09581433814522028,0.0,0.18350040140302
2022-23,15,2023-01-21,Leicester City,Brighton and Hove Albion,0.024714766872251062,-0.04493824788570913,0.0,0.0696530147579602
2022-23,15,2023-01-22,Leeds United,Brentford,-0.06003449289128464,0.04545822411769278,0.0,0.10549271700897742
2022-23,15,2023-01-22,Manchester City,Wolverhampton Wanderers,0.11702728135628744,0.08693569264937567,0.0,0.2039629740056631
2022-23,15,2023-01-22,Arsenal,Manchester United,0.08809038674752069,-0.06213853915534037,0.0,0.15022892590286108
2022-23,15,2023-01-23,Fulham,Tottenham,-0.04841730804100429,0.10523519398405798,0.0,0.15365250202506225
2022-23,15,2023-02-03,Chelsea,Fulham,0.0838583719231792,-0.015445950622668386,0.0,0.09930432254584759
2022-23,15,2023-02-04,Wolverhampton Wanderers,Liverpool,0.112691740514503,-0.15033558301785713,0.0,0.26302732353236014
2022-23,15,2023-02-04,Everton,Arsenal,0.068339680168108,0.12595172006219602,0.0,0.194291400230304
2022-23,15,2023-02-04,Aston Villa,Leicester City,0.0016772488602298657,-0.13310688166762252,0.0,0.13478413052785237
2022-23,15,2023-02-04,Brentford,Southampton,0.030507311543117033,-0.25320704621877516,0.0,0.2837143577618922
2022-23,15,2023-02-04,Brighton and Hove Albion,Bournemouth,-0.10577745289637865,-0.04030103766050849,0.0,0.14607849055688715
2022-23,15,2023-02-04,Manchester United,Crystal Palace,-0.021339249061434543,0.11874336731210665,0.0,0.1400826163735412
2022-23,15,2023-02-04,Newcastle United,West Ham United,-0.041092271054083945,0.059577310007540143,0.0,0.10066958106162409
2022-23,15,2023-02-05,Nottingham Forest,Leeds United,-0.07225943440321127,-0.022114510265755068,0.0,0.09437394466896634
2022-23,15,2023-02-05,Tottenham,Manchester City,-0.03372828542688003,0.056796737592963026,0.0,0.09052502301984305
2022-23,15,2023-02-08,Manchester United,Leeds United,-0.178011401923592,0.014725478874997033,0.0,0.19273688079858903
2022-23,15,2023-02-11,West Ham United,Chelsea,0.09741749640232522,0.14596949576256682,-0.45,0.6933869921648921
2022-23,15,2023-02-11,Arsenal,Brentford,0.1199806437873914,0.02130655423942015,0.0,0.14128719802681156
2022-23,15,2023-02-11,Crystal Palace,Brighton and Hove Albion,0.19642458900818088,0.008262205654736371,0.0,0.20468679466291725
2022-23,15,2023-02-11,Fulham,Nottingham Forest,-0.15391473745444112,0.09126171889297553,0.0,0.24517645634741664
2022-23,15,2023-02-11,Leicester City,Tottenham,0.018405733427059964,-0.175367412562113,0.0,0.19377314598917295
2022-23,15,2023-02-11,Southampton,Wolverhampton Wanderers,-0.07860360964439665,0.06211223904884842,0.0,0.14071584869324508
2022-23,15,2023-02-11,Bournemouth,Newcastle United,-0.06203515895738246,-0.11230353908496812,0.0,0.17433869804235058
2022-23,15,2023-02-12,Leeds United,Manchester United,-0.07502955677020628,0.04757901849426767,0.0,0.12260857526447395
2022-23,15,2023-02-12,Manchester City,Aston Villa,-0.14236258906145088,0.0031091825376032747,0.0,0.14547177159905417
2022-23,15,2023-02-13,Liverpool,Everton,0.23466650814587028,-0.16679382303513576,0.0,0.40146033118100605
2022-23,15,2023-02-15,Arsenal,Manchester City,-0.19305236459611652,-0.03899001989906829,0.0,0.23204238449518483
2022-23,15,2023-02-18,Newcastle United,Liverpool,-0.02463085379921051,-0.09920759499520897,0.0,0.12383844879441948
2022-23,15,2023-02-18,Wolverhampton Wanderers,Bournemouth,0.06321581307459358,-0.05661967786115595,0.0,0.11983549093574952
2022-23,15,2023-02-18,Nottingham Forest,Manchester City,0.005578846269465081,-0.09170273729625182,0.0,0.0972815835657169
2022-23,15,2023-02-18,Everton,Leeds United,0.022638388921977722,-0.07171688462815647,0.0,0.09435527355013419
2022-23,15,2023-02-18,Aston Villa,Arsenal,-0.2089517612592518,-0.15897808335198405,0.0,0.36792984461123585
2022-23,15,2023-02-18,Brighton and Hove Albion,Fulham,0.12323328562267938,-0.08910851268550524,0.0,0.21234179830818461
2022-23,15,2023-02-18,Brentford,Crystal Palace,0.10368616703610752,-0.004554523995716819,0.0,0.10824069103182433
2022-23,15,2023-02-18,Chelsea,Southampton,0.0823471307341351,0.01819625408967346,0.0,0.10054338482380856
2022-23,15,2023-02-19,Manchester United,Leicester City,0.0033328715867643275,-0.04333672174551771,0.0,0.04666959333228204
2022-23,15,2023-02-19,Tottenham,West Ham United,0.11738541582981366,0.054750090231801836,0.0,0.17213550606161548
2022-23,15,2023-02-24,Fulham,Wolverhampton Wanderers,-0.19832053215300943,-0.14899354614556334,0.0,0.34731407829857275
2022-23,15,2023-02-25,Bournemouth,Manchester City,0.16545996258626403,-0.011107395974272459,0.0,0.17656735856053649
2022-23,15,2023-02-25,West Ham United,Nottingham Forest,0.12230793138605853,-0.13881229931492134,0.0,0.2611202307009799
2022-23,15,2023-02-25,Crystal Palace,Liverpool,0.12425107456699694,0.06883486561111016,-0.45,0.643085940178107
2022-23,15,2023-02-25,Leeds United,Southampton,-0.08271370680158285,0.027037666277293322,0.0,0.10975137307887617
2022-23,15,2023-02-25,Everton,Aston Villa,0.060700142110004754,-0.17202042132799664,0.0,0.2327205634380014
2022-23,15,2023-02-25,Leicester City,Arsenal,0.15822233440956135,0.05950954019568891,0.0,0.21773187460525026
2022-23,15,2023-02-26,Tottenham,Chelsea,-0.17351988419790995,0.05796173820054383,0.0,0.23148162239845377
2022-23,15,2023-03-01,Arsenal,Everton,-0.011386183397486982,-0.10826532233129735,-0.45,0.5696515057287843
2022-23,15,2023-03-01,Liverpool,Wolverhampton Wanderers,0.0029265117308161486,0.1260517501105758,0.0,0.12897826184139194
2022-23,15,2023-03-04,Manchester City,Newcastle United,0.1316502858613893,0.061017898575542795,0.0,0.1926681844369321
2022-23,15,2023-03-04,Arsenal,Bournemouth,0.1269350285937149,-0.1413671102965513,0.0,0.2683021388902662
2022-23,15,2023-03-04,Aston Villa,Crystal Palace,-0.004747024001877195,-0.06528336536976344,0.0,0.07003038937164063
2022-23,15,2023-03-04,Brighton and Hove Albion,West Ham United,-0.0019797677924724144,-0.010265047874546504,0.0,0.012244815667018918
2022-23,15,2023-03-04,Chelsea,Leeds United,0.05137001796599182,-0.07003618457811284,0.0,0.12140620254410465
2022-23,15,2023-03-04,Wolverhampton Wanderers,Tottenham,0.09654604163704175,0.15885242137593314,0.0,0.25539846301297486
2022-23,15,2023-03-04,Southampton,Leicester City,-0.0906500820442263,-0.008373791645449059,0.0,0.09902387368967536
2022-23,15,2023-03-05,Nottingham Forest,Everton,-0.03194839226762708,0.021125190545684812,0.0,0.05307358281331189
2022-23,15,2023-03-05,Liverpool,Manchester United,-0.013169518453734624,-0.021948939096903576,0.0,0.0351184575506382
2022-23,15,2023-03-06,Brentford,Fulham,-0.06725163523241737,-0.06649040606469389,0.0,0.13374204129711126
2022-23,15,2023-03-11,Bournemouth,Liverpool,0.3511238731326169,-0.10961407641692335,0.0,0.4607379495495402
2022-23,15,2023-03-11,Everton,Brentford,0.11052730726611212,-0.024553348211482112,0.0,0.13508065547759424
2022-23,15,2023-03-11,Leeds United,Brighton and Hove Albion,-0.006205420056429822,-0.011376279429603071,0.0,0.017581699486032894
2022-23,15,2023-03-11,Leicester City,Chelsea,0.008010957914830225,0.012501017775511561,0.0,0.020511975690341785
2022-23,15,2023-03-11,Tottenham,Nottingham Forest,0.061278064073720676,0.07651783917495059,0.0,0.13779590324867125
2022-23,15,2023-03-11,Crystal Palace,Manchester City,0.03772863361231943,0.16174710130924536,0.0,0.19947573492156478
2022-23,15,2023-03-12,Fulham,Arsenal,-0.02344255931538094,0.0076358601545545805,0.0,0.031078419469935517
2022-23,15,2023-03-12,Manchester United,Southampton,0.11513861286732793,-0.08496045046905763,0.0,0.20009906333638555
2022-23,15,2023-03-12,West Ham United,Aston Villa,0.07187784686974075,0.1111289991727981,0.0,0.18300684604253886
2022-23,15,2023-03-12,Newcastle United,Wolverhampton Wanderers,0.3242561926650986,-0.10737585934524906,0.0,0.43163205201034766
2022-23,15,2023-03-15,Brighton and Hove Albion,Crystal Palace,-0.08980456528611189,0.11767078039730208,0.0,0.20747534568341397
2022-23,15,2023-03-15,Southampton,Brentford,-0.10989372103331486,-0.11952509233769251,0.0,0.2294188133710074
2022-23,15,2023-03-17,Nottingham Forest,Newcastle United,0.07438457775926499,-0.10049673276290694,0.0,0.17488131052217193
2022-23,15,2023-03-18,Chelsea,Everton,0.09699682809619714,-0.1380003581919479,0.0,0.23499718628814503
2022-23,15,2023-03-18,Southampton,Tottenham,-0.04861006731571506,0.12013416532868748,0.0,0.16874423264440253
2022-23,15,2023-03-18,Wolverhampton Wanderers,Leeds United,-0.3154449604669222,0.16490194241668016,0.0,0.4803469028836024
2022-23,15,2023-03-18,Brentford,Leicester City,-0.11225026270435624,-0.0002661255275826849,0.0,0.11251638823193894
2022-23,15,2023-03-18,Aston Villa,Bournemouth,0.04678116316467079,-0.01374144415446827,0.45,0.5105226073191391
2022-23,15,2023-03-19,Arsenal,Crystal Palace,-0.17104840695404555,-0.010231012049976033,0.0,0.18127941900402159
2022-23,15,2023-04-01,Manchester City,Liverpool,0.009144512914371024,0.13044444222216495,0.0,0.13958895513653596
2022-23,15,2023-04-01,Arsenal,Leeds United,0.02676498061378025,-0.07691359331519984,0.0,0.10367857392898008
2022-23,15,2023-04-01,Bournemouth,Fulham,-0.14709390326146093,-0.20342503262707906,0.0,0.35051893588854
2022-23,15,2023-04-01,Brighton and Hove Albion,Brentford,0.0055923538945407,-0.00400316092628146,-0.45,0.45959551482082217
2022-23,15,2023-04-01,Crystal Palace,Leicester City,0.2694761108227524,0.13738975685903707,0.0,0.40686586768178945
2022-23,15,2023-04-01,Nottingham Forest,Wolverhampton Wanderers,-0.023412550239947427,-0.03586820294555297,0.0,0.0592807531855004
2022-23,15,2023-04-01,Chelsea,Aston Villa,0.1073795449970688,0.11361894372531756,0.0,0.22099848872238637
2022-23,15,2023-04-02,West Ham United,Southampton,0.13089600615027222,-0.05058764882195595,0.45,0.6314836549722282
2022-23,15,2023-04-02,Newcastle United,Manchester United,0.0580073308258627,0.038619153523787406,0.0,0.0966264843496501
2022-23,15,2023-04-03,Everton,Tottenham,-0.13306811862439322,0.15427929752708341,0.0,0.28734741615147663
2022-23,15,2023-04-04,Chelsea,Liverpool,-0.01772985894634902,-0.04203011287764184,0.0,0.059759971823990864
2022-23,15,2023-04-04,Leicester City,Aston Villa,-0.27706915046378466,0.09014318253399853,0.0,0.3672123329977832
2022-23,15,2023-04-04,Bournemouth,Brighton and Hove Albion,-0.013970585071234946,-0.10030022962122029,0.0,0.11427081469245523
2022-23,15,2023-04-04,Leeds United,Nottingham Forest,0.030488741118316773,-0.023115272354106077,0.0,0.05360401347242285
2022-23,15,2023-04-05,Manchester United,Brentford,-0.2119233865635921,0.05612126631648853,0.0,0.2680446528800806
2022-23,15,2023-04-05,West Ham United,Newcastle United,-0.05503309906453201,0.21950807934383942,0.0,0.27454117840837144
2022-23,15,2023-04-08,Southampton,Manchester City,0.03515418687588323,0.06580340200467263,0.0,0.10095758888055587
2022-23,15,2023-04-08,Manchester United,Everton,-0.10317651708828308,-0.10719543242057719,0.0,0.2103719495088603
2022-23,15,2023-04-08,Aston Villa,Nottingham Forest,0.06339584957047617,-0.06553376182978335,0.0,0.12892961140025952
2022-23,15,2023-04-08,Brentford,Newcastle United,-0.12685094487202747,0.08910547511269128,0.0,0.21595641998471876
2022-23,15,2023-04-08,Fulham,West Ham United,0.13808432022933625,0.022033087020913902,0.0,0.16011740725025014
2022-23,15,2023-04-08,Leicester City,Bournemouth,0.22435000023994967,0.21954859582626501,0.0,0.4438985960662147
2022-23,15,2023-04-08,Tottenham,Brighton and Hove Albion,0.06999959977368758,0.06145458477040129,0.0,0.13145418454408886
2022-23,15,2023-04-08,Wolverhampton Wanderers,Chelsea,-0.0630445813155756,0.19339621922335284,0.0,0.2564408005389284
2022-23,15,2023-04-09,Liverpool,Arsenal,0.05187351042479952,-0.14167815365354652,0.0,0.19355166407834604
2022-23,15,2023-04-09,Leeds United,Crystal Palace,-0.03703311987637768,-0.08341704125552671,0.0,0.12045016113190439
2022-23,15,2023-04-15,Aston Villa,Newcastle United,-0.09683202462289117,-0.06414631569056095,-0.45,0.6109783403134521
2022-23,15,2023-04-15,Chelsea,Brighton and Hove Albion,0.07715101202702854,0.1411592171309937,0.0,0.21831022915802223
2022-23,15,2023-04-15,Everton,Fulham,-0.03052114363507604,-0.021236355785952704,0.0,0.051757499421028745
2022-23,15,2023-04-15,Southampton,Crystal Palace,0.03474437081719155,0.027432747540330163,0.0,0.06217711835752171
2022-23,15,2023-04-15,Tottenham,Bournemouth,-0.0005927669892712151,0.04795706386985794,0.0,0.04854983085912915
2022-23,15,2023-04-15,Wolverhampton Wanderers,Brentford,-0.04897408095062046,-0.10126517278885125,0.0,0.15023925373947172
2022-23,15,2023-04-15,Manchester City,Leicester City,0.016312542745023917,0.16370802258106215,0.0,0.18002056532608607
2022-23,15,2023-04-16,West Ham United,Arsenal,-0.05466961453274632,0.08935020554784974,0.0,0.14401982008059605
2022-23,15,2023-04-16,Nottingham Forest,Manchester United,-0.029921084338921898,-0.13548569698595003,0.0,0.16540678132487194
2022-23,15,2023-04-17,Leeds United,Liverpool,-0.048624137164119285,0.020697049552701786,0.0,0.06932118671682107
2022-23,15,2023-04-21,Arsenal,Southampton,0.09107201626538486,0.28771517998241547,0.0,0.37878719624780033
2022-23,15,2023-04-22,Liverpool,Nottingham Forest,0.12451308778241513,0.00429298148861966,0.0,0.12880606927103477
2022-23,15,2023-04-22,Leicester City,Wolverhampton Wanderers,-0.14885118814687856,-0.19960165394438423,0.0,0.3484528420912628
2022-23,15,2023-04-22,Brentford,Aston Villa,0.005190631288263872,-0.04313753477787877,0.0,0.04832816606614264
2022-23,15,2023-04-22,Fulham,Leeds United,-0.10102417681343753,-0.04358175327319793,0.0,0.14460593008663547
2022-23,15,2023-04-22,Crystal Palace,Everton,0.1419725938888602,0.08187447267445402,0.0,0.2238470665633142
2022-23,15,2023-04-23,Bournemouth,West Ham United,-0.22162474993579356,0.057014541961766085,0.0,0.27863929189755965
2022-23,15,2023-04-23,Newcastle United,Tottenham,-0.08284815478037823,0.017678385829570396,0.0,0.10052654060994862
2022-23,15,2023-04-25,Wolverhampton Wanderers,Crystal Palace,-0.0872474582537744,0.14978627168426156,0.0,0.23703372993803595
2022-23,15,2023-04-25,Aston Villa,Fulham,0.04466523689982975,-0.023433253833585896,-0.45,0.5180984907334156
2022-23,15,2023-04-25,Leeds United,Leicester City,-0.039456746110062724,-0.04807238188428582,0.0,0.08752912799434855
2022-23,15,2023-04-26,Manchester City,Arsenal,0.04705034496616296,-0.007631184878536554,0.0,0.05468152984469952
2022-23,15,2023-04-26,Nottingham Forest,Brighton and Hove Albion,-0.07347671605101633,-0.04903235333137639,0.0,0.12250906938239273
2022-23,15,2023-04-26,Chelsea,Brentford,-0.1294956041835642,-0.06569851812975633,0.0,0.19519412231332053
2022-23,15,2023-04-26,West Ham United,Liverpool,0.20392233048600078,0.05215876353995433,0.0,0.25608109402595514
2022-23,15,2023-04-27,Southampton,Bournemouth,-0.14167710110559437,0.14020043674877009,0.0,0.2818775378543644
2022-23,15,2023-04-27,Tottenham,Manchester United,0.04224160200287258,-0.025301619057100627,0.0,0.06754322105997321
2022-23,15,2023-04-27,Everton,Newcastle United,0.14717599293579114,0.04126209406720606,0.0,0.1884380870029972
2022-23,15,2023-04-29,Brentford,Nottingham Forest,0.07159934343775846,-0.01500824282777466,0.0,0.08660758626553312
2022-23,15,2023-04-29,Brighton and Hove Albion,Wolverhampton Wanderers,0.11148045837124643,0.10619329280983,0.0,0.21767375118107643
2022-23,15,2023-04-29,Crystal Palace,West Ham United,-0.07209750183914061,0.14184214511086515,0.0,0.21393964695000578
2022-23,15,2023-04-30,Liverpool,Tottenham,-0.22210244561209225,-0.061975322061682624,0.0,0.28407776767377485
2022-23,15,2023-04-30,Newcastle United,Southampton,0.10563839603036518,-0.012536103201763425,0.0,0.11817449923212861
2022-23,15,2023-04-30,Bournemouth,Leeds United,0.0574060581427047,0.0476321848102065,0.0,0.1050382429529112
2022-23,15,2023-04-30,Fulham,Manchester City,0.10023886463890563,-0.011768840428793476,0.0,0.11200770506769911
2022-23,15,2023-04-30,Manchester United,Aston Villa,-0.07873031839469062,0.08376869398233977,0.0,0.1624990123770304
2022-23,15,2023-05-01,Leicester City,Everton,0.006134647636265526,-0.10694152271215449,0.0,0.11307617034842002
2022-23,15,2023-05-02,Arsenal,Chelsea,-0.18629752510121383,0.09965813405257092,0.0,0.28595565915378474
2022-23,15,2023-05-03,Liverpool,Fulham,0.02745717051534829,-0.06699607064399477,-0.45,0.544453241159343
2022-23,15,2023-05-03,Manchester City,West Ham United,0.06708202852002128,-0.13622110126700754,0.0,0.2033031297870288
2022-23,15,2023-05-04,Brighton and Hove Albion,Manchester United,0.11504222103989323,-0.17537363198614742,0.0,0.29041585302604067
2022-23,15,2023-05-06,Bournemouth,Chelsea,0.1484086730829503,-0.07940132900200547,0.0,0.22781000208495578
2022-23,15,2023-05-06,Manchester City,Leeds United,0.1672032324204129,0.02849042397564497,0.0,0.19569365639605787
2022-23,15,2023-05-06,Tottenham,Crystal Palace,-0.1455899532787725,0.013920112545347346,0.0,0.15951006582411983
2022-23,15,2023-05-06,Wolverhampton Wanderers,Aston Villa,0.017949149592890068,-0.11021469645313346,0.0,0.12816384604602354
2022-23,15,2023-05-06,Liverpool,Brentford,0.12915352003801775,-0.11651811826596177,0.0,0.24567163830397953
2022-23,15,2023-05-07,West Ham United,Manchester United,0.0643676697910802,0.08947868425914554,0.0,0.15384635405022573
2022-23,15,2023-05-07,Newcastle United,Arsenal,0.16694651344521186,-0.09737908032545234,0.0,0.2643255937706642
2022-23,15,2023-05-08,Fulham,Leicester City,-0.015419722283402645,0.037365468240262156,0.0,0.0527851905236648
2022-23,15,2023-05-08,Brighton and Hove Albion,Everton,-0.009061478761033727,-0.024525954225705904,0.0,0.033587432986739635
2022-23,15,2023-05-08,Nottingham Forest,Southampton,0.02432248915584953,-0.13967084845920663,0.0,0.16399333761505616
2022-23,15,2023-05-13,Leeds United,Newcastle United,0.04217493645812369,0.0701016514259334,0.0,0.11227658788405709
2022-23,15,2023-05-13,Aston Villa,Tottenham,-0.14501994370981375,0.13978005799370702,0.0,0.28480000170352077
2022-23,15,2023-05-13,Chelsea,Nottingham Forest,-0.023525137302794465,-0.08375194129577418,0.0,0.10727707859856864
2022-23,15,2023-05-13,Crystal Palace,Bournemouth,0.11292292648277434,-0.01509145205113787,0.0,0.1280143785339122
2022-23,15,2023-05-13,Manchester United,Wolverhampton Wanderers,-0.02087026755386186,-0.07984090211003064,0.0,0.1007111696638925
2022-23,15,2023-05-13,Southampton,Fulham,0.07475480577623331,0.051579409215992446,0.0,0.12633421499222575
2022-23,15,2023-05-14,Brentford,West Ham United,-0.11636060116404826,0.032131836652716225,0.0,0.14849243781676447
2022-23,15,2023-05-14,Everton,Manchester City,-0.088992603179906,-0.24582956544146167,0.0,0.33482216862136766
2022-23,15,2023-05-14,Arsenal,Brighton and Hove Albion,0.010767731942360428,-0.04372328777828903,-0.45,0.5044910197206495
2022-23,15,2023-05-15,Leicester City,Liverpool,-0.12451667972586349,-0.09323386669083554,0.0,0.21775054641669903
2022-23,15,2023-05-18,Newcastle United,Brighton and Hove Albion,0.00715580671000382,-0.06105778287547166,0.0,0.06821358958547548
2022-23,15,2023-05-20,Tottenham,Brentford,-0.15828939580250995,0.10918431433829318,0.0,0.2674737101408031
2022-23,15,2023-05-20,Bournemouth,Manchester United,-0.11650144415937848,0.11176900036000076,0.45,0.6782704445193792
2022-23,15,2023-05-20,Fulham,Crystal Palace,-0.06430438980502418,-0.002639371805278623,0.0,0.0669437616103028
2022-23,15,2023-05-20,Liverpool,Aston Villa,-0.17463263158670642,-0.0747170749200546,0.0,0.24934970650676103
2022-23,15,2023-05-20,Wolverhampton Wanderers,Everton,-0.2802027155750214,-0.09947893544222838,0.0,0.3796816510172498
2022-23,15,2023-05-20,Nottingham Forest,Arsenal,0.09515805090653945,-0.127600172040804,0.45,0.6727582229473434
2022-23,15,2023-05-21,West Ham United,Leeds United,0.08501284875793169,-0.10992429587627264,0.0,0.19493714463420433
2022-23,15,2023-05-21,Brighton and Hove Albion,Southampton,-0.04335029347964633,-0.020462273248488268,0.0,0.0638125667281346
2022-23,15,2023-05-21,Manchester City,Chelsea,0.23619498264723593,0.0690689904140198,0.0,0.30526397306125574
2022-23,15,2023-05-22,Newcastle United,Leicester City,-0.1464002673027324,-0.03881441340725799,0.0,0.1852146807099904
2022-23,15,2023-05-24,Brighton and Hove Albion,Manchester City,0.05783850640360806,0.012686830247306926,0.0,0.07052533665091498
2022-23,15,2023-05-25,Manchester United,Chelsea,-0.06496234378748054,0.11317733654665207,0.0,0.17813968033413263
2022-23,15,2023-05-28,Arsenal,Wolverhampton Wanderers,-0.06839503104437891,-0.07839632857431011,0.0,0.14679135961868903
2022-23,15,2023-05-28,Aston Villa,Brighton and Hove Albion,0.01998030713264555,0.07238756975508656,0.0,0.09236787688773211
2022-23,15,2023-05-28,Brentford,Manchester City,0.03596036584720039,0.04242065794618581,0.0,0.0783810237933862
2022-23,15,2023-05-28,Chelsea,Newcastle United,0.14699697215164473,-0.09938108437173064,0.0,0.24637805652337536
2022-23,15,2023-05-28,Crystal Palace,Nottingham Forest,-0.017351471876983722,0.05560475233137242,0.0,0.07295622420835615
2022-23,15,2023-05-28,Everton,Bournemouth,0.10627819169905811,0.2506402504958173,0.0,0.3569184421948754
2022-23,15,2023-05-28,Leeds United,Tottenham,-0.01251348316108701,-0.004456828221924336,0.0,0.016970311383011347
2022-23,15,2023-05-28,Leicester City,West Ham United,0.10945787996681391,0.013978976639305193,0.0,0.12343685660611911
2022-23,15,2023-05-28,Manchester United,Fulham,0.12898881797718023,-0.03765887086271262,0.45,0.6166476888398928
2022-23,15,2023-05-28,Southampton,Liverpool,-0.039179795352134575,-0.10784942255657527,0.0,0.14702921790870985
2023-24,15,2023-08-11,Burnley,Manchester City,0.10819332678749574,0.04960704045340539,0.0,0.15780036724090113
2023-24,15,2023-08-12,Newcastle United,Aston Villa,-0.1095681677036044,0.061172127116358256,0.0,0.17074029481996267
2023-24,15,2023-08-12,Everton,Fulham,0.05833551714764015,-0.032491758198395115,0.0,0.09082727534603527
2023-24,15,2023-08-12,Sheffield United,Crystal Palace,0.1471969254737718,0.06031061965143626,0.0,0.20750754512520808
2023-24,15,2023-08-12,Bournemouth,West Ham United,0.21836967673586416,-0.10561537130213691,0.0,0.3239850480380011
2023-24,15,2023-08-12,Arsenal,Nottingham Forest,0.05139258781743007,0.05439898036300091,0.0,0.10579156818043098
2023-24,15,2023-08-12,Brighton and Hove Albion,Luton,-0.062185316261465166,0.04946834352715862,0.0,0.1116536597886238
2023-24,15,2023-08-13,Brentford,Tottenham,-0.007772026993876878,0.041333878117986236,0.0,0.049105905111863114
2023-24,15,2023-08-13,Chelsea,Liverpool,0.3092893282276964,-0.11355936470035742,-0.45,0.8728486929280539
2023-24,15,2023-08-14,Manchester United,Wolverhampton Wanderers,0.07899276751659977,-0.022236946886089175,0.0,0.10122971440268894
2023-24,15,2023-08-18,Nottingham Forest,Sheffield United,0.029978892558309572,-0.04312753502952184,0.0,0.07310642758783141
2023-24,15,2023-08-19,Fulham,Brentford,-0.16599768894339062,0.07284239694552955,0.0,0.23884008588892017
2023-24,15,2023-08-19,Liverpool,Bournemouth,0.0006014646476197524,-0.14856744365262817,0.0,0.14916890830024793
2023-24,15,2023-08-19,Wolverhampton Wanderers,Brighton and Hove Albion,-0.14301691985025014,0.2694531702294408,0.0,0.41247009007969093
2023-24,15,2023-08-19,Tottenham,Manchester United,0.08264625887678678,-0.179544945734261,0.0,0.2621912046110478
2023-24,15,2023-08-19,Manchester City,Newcastle United,-0.0056330023809207305,-0.07398436789888228,0.0,0.07961737027980301
2023-24,15,2023-08-20,Aston Villa,Everton,-0.00016845775044634081,0.033560035193670706,0.0,0.03372849294411705
2023-24,15,2023-08-20,West Ham United,Chelsea,-0.018667238258155763,0.08096606603287514,0.0,0.0996333042910309
2023-24,15,2023-08-21,Crystal Palace,Arsenal,0.03389829410477564,0.08428270319528948,0.0,0.11818099730006512
2023-24,15,2023-08-25,Chelsea,Luton,0.033427285514733104,0.13014537379754235,0.0,0.16357265931227544
2023-24,15,2023-08-26,Bournemouth,Tottenham,0.05380859157211809,-0.12618271739624234,0.0,0.17999130896836044
2023-24,15,2023-08-26,Arsenal,Fulham,0.2765098596987062,-0.019896005478479584,0.0,0.29640586517718576
2023-24,15,2023-08-26,Brentford,Crystal Palace,0.15964484251192826,-0.14733085680239857,0.0,0.30697569931432683
2023-24,15,2023-08-26,Everton,Wolverhampton Wanderers,-0.017737252383372343,-0.004542087048992113,0.0,0.022279339432364455
2023-24,15,2023-08-26,Manchester United,Nottingham Forest,-0.06022536401091752,-0.22558069413208612,0.0,0.28580605814300364
2023-24,15,2023-08-26,Brighton and Hove Albion,West Ham United,0.021524799675933945,0.012017268731919314,0.0,0.03354206840785326
2023-24,15,2023-08-27,Burnley,Aston Villa,0.03961095349458617,0.011823630495587451,0.0,0.051434583990173616
2023-24,15,2023-08-27,Sheffield United,Manchester City,-0.008207997472679654,-0.1601541324279393,0.0,0.16836212990061894
2023-24,15,2023-08-27,Newcastle United,Liverpool,-0.1987567504109333,-0.09903651387901934,0.0,0.2977932642899526
2023-24,15,2023-09-01,Luton,West Ham United,0.08754971688341476,-0.11562316645302222,-0.45,0.653172883336437
2023-24,15,2023-09-02,Brighton and Hove Albion,Newcastle United,0.21974769963535218,-0.004004546812364538,0.45,0.6737522464477167
2023-24,15,2023-09-02,Manchester City,Fulham,0.166449573780298,-0.09102135594129171,0.0,0.2574709297215897
2023-24,15,2023-09-02,Chelsea,Nottingham Forest,0.05290734344051435,-0.004422598072270525,0.0,0.05732994151278487
2023-24,15,2023-09-02,Burnley,Tottenham,0.12586411683804993,0.06097786400806055,0.0,0.18684198084611048
2023-24,15,2023-09-02,Sheffield United,Everton,0.13183229332958685,-0.045783883106121415,0.0,0.17761617643570826
2023-24,15,2023-09-02,Brentford,Bournemouth,0.1996869623200349,-0.11599551873923003,0.0,0.31568248105926494
2023-24,15,2023-09-03,Crystal Palace,Wolverhampton Wanderers,0.02231336433307303,-0.023459441544202028,-0.45,0.49577280587727507
2023-24,15,2023-09-03,Liverpool,Aston Villa,-0.0030094680878808497,-0.10249011919833872,0.0,0.10549958728621958
2023-24,15,2023-09-03,Arsenal,Manchester United,-0.11946044499564659,-0.020184665026183532,0.0,0.1396451100218301
2023-24,15,2023-09-16,Wolverhampton Wanderers,Liverpool,-0.04167610653972277,0.20008353609304202,0.0,0.24175964263276478
2023-24,15,2023-09-16,Aston Villa,Crystal Palace,0.005159723004876781,-0.032031848264491146,0.0,0.03719157126936792
2023-24,15,2023-09-16,Fulham,Luton,0.001054244313790309,-0.14328489934094707,0.45,0.5943391436547374
2023-24,15,2023-09-16,Manchester United,Brighton and Hove Albion,-0.06037378187738616,0.17971804146758721,0.0,0.24009182334497337
2023-24,15,2023-09-16,Tottenham,Sheffield United,-0.1568944269177441,-0.19531692027296482,0.0,0.3522113471907089
2023-24,15,2023-09-16,West Ham United,Manchester City,0.10209753070443628,0.14182420890893424,0.0,0.24392173961337052
2023-24,15,2023-09-16,Newcastle United,Brentford,0.005128410048560133,0.03064076185020568,0.0,0.035769171898765814
2023-24,15,2023-09-17,Everton,Arsenal,-0.06570789986440823,-0.07289177728149579,0.0,0.13859967714590402
2023-24,15,2023-09-17,Bournemouth,Chelsea,0.10698645204220208,-0.02243123844237928,0.0,0.12941769048458138
2023-24,15,2023-09-18,Nottingham Forest,Burnley,0.0639958824176956,0.14790942550384117,0.0,0.21190530792153678
2023-24,15,2023-09-23,Crystal Palace,Fulham,0.11364957539628882,0.08694317859616844,0.0,0.20059275399245727
2023-24,15,2023-09-23,Luton,Wolverhampton Wanderers,0.022936699921226232,-0.014309988606253168,-0.45,0.48724668852747943
2023-24,15,2023-09-23,Manchester City,Nottingham Forest,0.16151276346949553,-0.0008553698927899131,0.0,0.16236813336228545
2023-24,15,2023-09-23,Brentford,Everton,0.12766348062522975,-0.011691421004785846,0.0,0.1393549016300156
2023-24,15,2023-09-23,Burnley,Manchester United,-0.09021242673983762,-0.018786227179345492,0.0,0.10899865391918312
2023-24,15,2023-09-24,Arsenal,Tottenham,-0.07912877163800636,-0.09675894854810199,0.0,0.17588772018610835
2023-24,15,2023-09-24,Brighton and Hove Albion,Bournemouth,-0.0423368312595364,-0.22647247776457238,0.0,0.26880930902410877
2023-24,15,2023-09-24,Chelsea,Aston Villa,-0.12345275135973552,0.08404884651110045,0.0,0.20750159787083597
2023-24,15,2023-09-24,Liverpool,West Ham United,-0.08026625716696613,-0.13476451487939992,0.0,0.21503077204636606
2023-24,15,2023-09-24,Sheffield United,Newcastle United,-0.16370360034642228,0.034411189478662965,0.0,0.19811478982508524
2023-24,15,2023-09-30,West Ham United,Sheffield United,0.009445878999928964,0.05639599579170467,0.0,0.06584187479163364
2023-24,15,2023-09-30,Wolverhampton Wanderers,Manchester City,0.055511079781633034,0.027810297302365394,0.0,0.08332137708399842
2023-24,15,2023-09-30,Newcastle United,Burnley,0.03926605292756108,0.04303328732021408,0.0,0.08229934024777516
2023-24,15,2023-09-30,Tottenham,Liverpool,-0.1472335118105605,0.016280849724909504,0.0,0.16351436153547
2023-24,15,2023-09-30,Everton,Luton,-0.15746045445505472,-0.03615930939522072,-0.45,0.6436197638502754
2023-24,15,2023-09-30,Aston Villa,Brighton and Hove Albion,-0.12289969218176942,-0.07928322684248318,0.0,0.20218291902425262
2023-24,15,2023-09-30,Manchester United,Crystal Palace,-0.03535224025673508,-0.011692673490360378,0.0,0.047044913747095456
2023-24,15,2023-09-30,Bournemouth,Arsenal,0.05386871200304584,0.013007710769798377,0.0,0.06687642277284422
2023-24,15,2023-10-01,Nottingham Forest,Brentford,-0.04704837622186821,-0.0881646815996589,0.0,0.1352130578215271
2023-24,15,2023-10-02,Fulham,Chelsea,-0.16471515700219247,-0.06503675980056096,0.0,0.22975191680275342
2023-24,15,2023-10-03,Luton,Burnley,-0.08612978247334224,-0.17991384497715507,0.45,0.7160436274504973
2023-24,15,2023-10-07,Luton,Tottenham,-0.1467992462889299,0.05294268707794346,0.0,0.19974193336687335
2023-24,15,2023-10-07,Burnley,Chelsea,0.041833673325320224,-0.08577542506478328,-0.45,0.5776090983901035
2023-24,15,2023-10-07,Everton,Bournemouth,-0.03808871471213482,0.07600667462566496,0.0,0.11409538933779978
2023-24,15,2023-10-07,Fulham,Sheffield United,0.07628054406840876,0.005041822009563379,0.0,0.08132236607797214
2023-24,15,2023-10-07,Manchester United,Brentford,0.14669900561707921,-0.004649592754280865,-0.45,0.6013485983713601
2023-24,15,2023-10-07,Crystal Palace,Nottingham Forest,-0.19484799427333926,0.025309461876509565,0.45,0.6701574561498489
2023-24,15,2023-10-08,Arsenal,Manchester City,0.05094183988704416,-0.13048344477684803,0.0,0.18142528466389218
2023-24,15,2023-10-08,Wolverhampton Wanderers,Aston Villa,0.019348408257326033,0.08920270023820243,0.0,0.10855110849552846
2023-24,15,2023-10-08,Brighton and Hove Albion,Liverpool,-0.10503427215771738,0.0583704669521273,0.0,0.16340473910984468
2023-24,15,2023-10-08,West Ham United,Newcastle United,-0.10526087649849071,-0.07187072263758054,0.0,0.17713159913607124
2023-24,15,2023-10-21,Liverpool,Everton,-0.0026943894853190334,0.14525745673648918,0.0,0.1479518462218082
2023-24,15,2023-10-21,Bournemouth,Wolverhampton Wanderers,-0.08600707083795311,-0.059853737476303806,0.0,0.1458608083142569
2023-24,15,2023-10-21,Brentford,Burnley,0.007318788107908366,-0.17675281032380677,0.0,0.18407159843171514
2023-24,15,2023-10-21,Manchester City,Brighton and Hove Albion,0.18859017028555927,-0.020324815618495643,0.0,0.2089149859040549
2023-24,15,2023-10-21,Newcastle United,Crystal Palace,-0.07084622999173382,-0.13183632641997534,0.0,0.20268255641170915
2023-24,15,2023-10-21,Nottingham Forest,Luton,0.018406699443049276,0.09539259427154684,0.0,0.11379929371459611
2023-24,15,2023-10-21,Chelsea,Arsenal,0.08553454540769642,0.1228405213610603,0.0,0.20837506676875672
2023-24,15,2023-10-21,Sheffield United,Manchester United,0.041183169467764874,0.047556056012499084,0.0,0.08873922548026396
2023-24,15,2023-10-22,Aston Villa,West Ham United,0.18639476094028543,0.07916543802037784,0.0,0.2655601989606633
2023-24,15,2023-10-23,Tottenham,Fulham,0.025281213073910912,0.12490881980311108,0.0,0.15019003287702198
2023-24,15,2023-10-27,Crystal Palace,Tottenham,0.17302518263422534,-0.06803083786983627,0.0,0.2410560205040616
2023-24,15,2023-10-28,Wolverhampton Wanderers,Newcastle United,0.08173114612765425,-0.1821551704264835,0.0,0.26388631655413775
2023-24,15,2023-10-28,Bournemouth,Burnley,0.33448763525322056,0.08707214475204633,0.0,0.4215597800052669
2023-24,15,2023-10-28,Arsenal,Sheffield United,-0.14334262416595467,0.13068011481448225,0.0,0.27402273898043694
2023-24,15,2023-10-28,Chelsea,Brentford,-0.007781210767664949,0.1017116349047984,0.0,0.10949284567246334
2023-24,15,2023-10-29,West Ham United,Everton,-0.008601435265289503,0.04522094905879681,0.0,0.053822384324086314
2023-24,15,2023-10-29,Aston Villa,Luton,0.17798190400542208,0.15548021461697648,0.0,0.33346211862239855
2023-24,15,2023-10-29,Brighton and Hove Albion,Fulham,-0.008188287365086415,0.18784308983707337,0.0,0.1960313772021598
2023-24,15,2023-10-29,Liverpool,Nottingham Forest,0.09014429007417982,0.14994051779153858,0.0,0.2400848078657184
2023-24,15,2023-10-29,Manchester United,Manchester City,0.05648271818414452,-0.18141425437755285,0.0,0.23789697256169737
2023-24,15,2023-11-04,Fulham,Manchester United,0.1907004024014628,0.12505979494872155,0.0,0.31576019735018435
2023-24,15,2023-11-04,Brentford,West Ham United,-0.19118291349743904,-0.10533090853258263,0.0,0.2965138220300217
2023-24,15,2023-11-04,Burnley,Crystal Palace,-0.12357706158506879,-0.10708721072884944,0.0,0.23066427231391823
2023-24,15,2023-11-04,Everton,Brighton and Hove Albion,-0.16546295017938384,0.12894874572457396,0.0,0.29441169590395777
2023-24,15,2023-11-04,Manchester City,Bournemouth,-0.02213285863517639,-0.1661621264689998,0.0,0.1882949851041762
2023-24,15,2023-11-04,Sheffield United,Wolverhampton Wanderers,0.2803519592414848,-0.1314990204742298,0.0,0.4118509797157146
2023-24,15,2023-11-04,Newcastle United,Arsenal,0.07620481347847134,0.0020954134567326144,0.0,0.07830022693520396
2023-24,15,2023-11-05,Luton,Liverpool,-0.0016708125876957972,0.11842048502646382,0.0,0.12009129761415963
2023-24,15,2023-11-05,Nottingham Forest,Aston Villa,-0.10505989278555476,0.011880556041872397,0.0,0.11694044882742716
2023-24,15,2023-11-06,Tottenham,Chelsea,-0.009972045657913592,-0.0886795435955711,0.0,0.0986515892534847
2023-24,15,2023-11-11,Wolverhampton Wanderers,Tottenham,-0.011427938046088375,-0.06749636755559131,0.0,0.07892430560167968
2023-24,15,2023-11-11,Arsenal,Burnley,0.018716401886702195,0.07459682678775634,0.0,0.09331322867445853
2023-24,15,2023-11-11,Crystal Palace,Everton,0.10224237428945465,-0.036123064118848795,0.0,0.13836543840830345
2023-24,15,2023-11-11,Manchester United,Luton,-0.13880733648478719,-0.1711260785475301,0.0,0.3099334150323173
2023-24,15,2023-11-11,Bournemouth,Newcastle United,0.11433984061453094,-0.006200458701589022,0.0,0.12054029931611995
2023-24,15,2023-11-12,Aston Villa,Fulham,-0.11979036272031715,0.037318123870435566,0.0,0.15710848659075272
2023-24,15,2023-11-12,Brighton and Hove Albion,Sheffield United,-0.042534392699825854,-0.009168236429737669,0.0,0.051702629129563527
2023-24,15,2023-11-12,Liverpool,Brentford,-0.25696930235103765,-0.11202489484556004,0.45,0.8189941971965977
2023-24,15,2023-11-12,West Ham United,Nottingham Forest,-0.019774410622409352,0.07072431103505493,0.0,0.09049872165746428
2023-24,15,2023-11-12,Chelsea,Manchester City,0.22840150720433394,0.19265152267891889,0.0,0.4210530298832528
2023-24,15,2023-11-25,Nottingham Forest,Brighton and Hove Albion,0.012620066684575583,0.040351497547013004,0.0,0.05297156423158859
2023-24,15,2023-11-25,Sheffield United,Bournemouth,0.08035211495858915,-0.11800692066324657,0.0,0.1983590356218357
2023-24,15,2023-11-25,Brentford,Arsenal,-0.061787140339378106,0.09692715240511719,0.0,0.1587142927444953
2023-24,15,2023-11-25,Luton,Crystal Palace,0.1259491100489346,0.06613277419515573,0.0,0.19208188424409034
2023-24,15,2023-11-25,Burnley,West Ham United,0.007840334563012436,0.08309587637869746,0.0,0.0909362109417099
2023-24,15,2023-11-25,Newcastle United,Chelsea,0.09988261855088912,0.1187796231824026,0.0,0.2186622417332917
2023-24,15,2023-11-25,Manchester City,Liverpool,0.09038086721479763,0.14034348238674643,0.0,0.23072434960154406
2023-24,15,2023-11-26,Tottenham,Aston Villa,0.02841557299191438,-0.07311646699216112,0.0,0.1015320399840755
2023-24,15,2023-11-26,Everton,Manchester United,0.08932139993362474,0.16242736216824213,0.0,0.25174876210186686
2023-24,15,2023-11-27,Fulham,Wolverhampton Wanderers,0.13109413853070812,-0.06977235034251728,0.0,0.2008664888732254
2023-24,15,2023-12-02,Arsenal,Wolverhampton Wanderers,-0.04948740790726726,-0.051803585000067306,0.0,0.10129099290733456
2023-24,15,2023-12-02,Brentford,Luton,-0.019852632275227305,0.19984218949523397,0.0,0.21969482177046126
2023-24,15,2023-12-02,Burnley,Sheffield United,-0.038279534083386454,-0.11587877468401889,0.0,0.15415830876740533
2023-24,15,2023-12-02,Nottingham Forest,Everton,-0.26636928135789145,-0.09054666669904143,0.0,0.3569159480569329
2023-24,15,2023-12-02,Newcastle United,Manchester United,0.07929684803550595,-0.0351684391556626,0.0,0.11446528719116855
2023-24,15,2023-12-03,West Ham United,Crystal Palace,0.12441502002650812,-0.021698547730205096,0.0,0.14611356775671322
2023-24,15,2023-12-03,Manchester City,Tottenham,-0.04802126577827459,-0.06939875400487233,0.0,0.11742001978314692
2023-24,15,2023-12-03,Liverpool,Fulham,0.061956817731857794,0.1157455502357145,0.0,0.1777023679675723
2023-24,15,2023-12-03,Chelsea,Brighton and Hove Albion,-0.005597367923771079,0.0879931393465109,0.0,0.09359050727028198
2023-24,15,2023-12-03,Bournemouth,Aston Villa,-0.02755046663958018,0.06204980081702035,0.0,0.08960026745660053
2023-24,15,2023-12-05,Wolverhampton Wanderers,Burnley,-0.02733276002511876,-0.06856797125231878,0.0,0.09590073127743753
2023-24,15,2023-12-05,Luton,Arsenal,0.07730262706669841,0.13066346548360752,0.0,0.20796609255030593
2023-24,15,2023-12-06,Brighton and Hove Albion,Brentford,-0.24549878043487686,-0.07928160252606989,0.0,0.32478038296094675
2023-24,15,2023-12-06,Crystal Palace,Bournemouth,-0.13703992159373718,0.055069018555297784,0.0,0.19210894014903496
2023-24,15,2023-12-06,Fulham,Nottingham Forest,0.09827877332844034,-0.06227722740328595,0.45,0.6105560007317263
2023-24,15,2023-12-06,Sheffield United,Liverpool,0.1298765324606866,-0.100859547682696,0.0,0.2307360801433826
2023-24,15,2023-12-06,Aston Villa,Manchester City,0.05770645730781362,-0.15591894511400728,-0.45,0.6636254024218209
2023-24,15,2023-12-06,Manchester United,Chelsea,-0.04320061567622297,0.036401589712553695,0.0,0.07960220538877666
2023-24,15,2023-12-07,Everton,Newcastle United,-0.07072934036258047,0.04498370462828438,0.0,0.11571304499086485
2023-24,15,2023-12-07,Tottenham,West Ham United,-0.24950446753877142,0.03981192322788603,0.0,0.28931639076665744
2023-24,15,2023-12-09,Wolverhampton Wanderers,Nottingham Forest,-0.10611891713359987,0.0437533701002481,0.45,0.599872287233848
2023-24,15,2023-12-09,Aston Villa,Arsenal,-0.1349709652347194,0.0551121770408232,0.0,0.1900831422755426
2023-24,15,2023-12-09,Sheffield United,Brentford,-0.1809963509308785,-0.052755126715851974,0.0,0.2337514776467305
2023-24,15,2023-12-09,Brighton and Hove Albion,Burnley,-0.27012893336089994,0.07409240165547447,-0.45,0.7942213350163745
2023-24,15,2023-12-09,Crystal Palace,Liverpool,0.09984285902455013,-0.006421190296378179,0.0,0.10626404932092831
2023-24,15,2023-12-09,Manchester United,Bournemouth,-0.09085477712998798,0.03523170861449342,0.0,0.1260864857444814
2023-24,15,2023-12-10,Everton,Chelsea,-0.02492761942472605,0.11156704907349951,0.0,0.13649466849822556
2023-24,15,2023-12-10,Fulham,West Ham United,-0.056277752654095584,-0.033257069676232036,0.45,0.5395348223303276
2023-24,15,2023-12-10,Luton,Manchester City,0.02971442546213167,0.07191095397847244,0.0,0.10162537944060411
2023-24,15,2023-12-10,Tottenham,Newcastle United,-0.04681829821259747,-0.034643658489654276,0.0,0.08146195670225174
2023-24,15,2023-12-15,Nottingham Forest,Tottenham,-0.20736330283504778,-0.009942352923254441,0.0,0.2173056557583022
2023-24,15,2023-12-16,Chelsea,Sheffield United,0.04851343261997139,-0.062058402231360485,0.0,0.11057183485133187
2023-24,15,2023-12-16,Manchester City,Crystal Palace,0.0005028702590285858,0.010010387483349759,0.0,0.010513257742378344
2023-24,15,2023-12-16,Newcastle United,Fulham,0.0009652168941198525,-0.043886536696433574,0.45,0.49485175359055344
2023-24,15,2023-12-16,Burnley,Everton,0.07268852849778451,0.1489498205529654,0.0,0.22163834905074992
2023-24,15,2023-12-17,Liverpool,Manchester United,-0.08554419693577714,-0.029093575243717987,-0.45,0.5646377721794952
2023-24,15,2023-12-17,West Ham United,Wolverhampton Wanderers,-0.019886132874247432,0.041008944322702245,0.0,0.06089507719694968
2023-24,15,2023-12-17,Arsenal,Brighton and Hove Albion,-0.07898003859851926,0.2730591557681413,0.0,0.3520391943666606
2023-24,15,2023-12-17,Brentford,Aston Villa,0.17164706892882875,0.01480718159598305,0.0,0.1864542505248118
2023-24,15,2023-12-21,Crystal Palace,Brighton and Hove Albion,-0.023596331703392995,-0.24721174072347468,0.0,0.27080807242686766
2023-24,15,2023-12-22,Aston Villa,Sheffield United,-0.13120557909666977,0.08241874453416484,0.0,0.2136243236308346
2023-24,15,2023-12-23,West Ham United,Manchester United,-0.10023735707596139,-0.01860085574410176,0.0,0.11883821282006315
2023-24,15,2023-12-23,Fulham,Burnley,0.07524348042976019,0.06273587650910115,0.0,0.13797935693886132
2023-24,15,2023-12-23,Luton,Newcastle United,0.04174547327756432,0.017664455281950188,0.0,0.059409928559514505
2023-24,15,2023-12-23,Nottingham Forest,Bournemouth,0.06746335526026649,0.04274859684007355,-0.45,0.56021195210034
2023-24,15,2023-12-23,Tottenham,Everton,0.1792349293681152,-0.07404435276359078,0.0,0.253279282131706
2023-24,15,2023-12-23,Liverpool,Arsenal,-0.058845099063393316,0.0907155993896559,0.0,0.1495606984530492
2023-24,15,2023-12-24,Wolverhampton Wanderers,Chelsea,0.017745552544452786,-0.019596729906065875,0.0,0.03734228245051866
2023-24,15,2023-12-26,Burnley,Liverpool,0.04703516519561191,-0.07836854481261588,0.0,0.12540371000822778
2023-24,15,2023-12-26,Newcastle United,Nottingham Forest,-0.12870808763518074,-0.05941005713831596,0.0,0.1881181447734967
2023-24,15,2023-12-26,Bournemouth,Fulham,-0.10770537403593416,0.00689625921941019,0.0,0.11460163325534435
2023-24,15,2023-12-26,Sheffield United,Luton,-0.0997293129419759,-0.02475716012289026,0.0,0.12448647306486615
2023-24,15,2023-12-26,Manchester United,Aston Villa,-0.11876042968443795,0.05198652107863642,0.0,0.17074695076307436
2023-24,15,2023-12-27,Chelsea,Crystal Palace,0.012565014214525376,0.08675446996365184,0.0,0.09931948417817721
2023-24,15,2023-12-27,Brentford,Wolverhampton Wanderers,-0.04956429871491881,0.06810542646813193,0.0,0.11766972518305074
2023-24,15,2023-12-27,Everton,Manchester City,-0.04625851962353689,-0.04101451191292579,0.0,0.08727303153646268
2023-24,15,2023-12-28,Arsenal,West Ham United,-0.04432763197772195,0.02918005840628106,0.0,0.07350769038400301
2023-24,15,2023-12-28,Brighton and Hove Albion,Tottenham,0.004866150801635272,-0.010269160602069328,0.0,0.0151353114037046
2023-24,15,2023-12-30,Luton,Chelsea,0.16154134897273173,0.03806856339230129,-0.45,0.649609912365033
2023-24,15,2023-12-30,Aston Villa,Burnley,-0.25913920783515876,0.05943935545563238,0.0,0.31857856329079115
2023-24,15,2023-12-30,Crystal Palace,Brentford,-0.04724288464404022,-0.06046030688653032,0.0,0.10770319153057054
2023-24,15,2023-12-30,Manchester City,Sheffield United,-0.16405156995946435,0.04483311306742459,0.0,0.20888468302688895
2023-24,15,2023-12-30,Wolverhampton Wanderers,Everton,0.04813549693538026,0.043710896838327705,0.45,0.5418463937737079
2023-24,15,2023-12-30,Nottingham Forest,Manchester United,-0.1323808606260091,0.12141290271447051,0.0,0.2537937633404796
2023-24,15,2023-12-31,Fulham,Arsenal,0.01459555125894952,-0.003086457625495455,0.0,0.017682008884444975
2023-24,15,2023-12-31,Tottenham,Bournemouth,-0.22809922766889174,-0.02865229434298864,0.0,0.2567515220118804
2023-24,15,2024-01-01,Liverpool,Newcastle United,0.07876774612267616,-0.10212696103392513,0.0,0.18089470715660128
2023-24,15,2024-01-02,West Ham United,Brighton and Hove Albion,0.03627262529820656,0.09893500974436953,0.0,0.1352076350425761
2023-24,15,2024-01-12,Burnley,Luton,0.1433286115070207,-0.07118458568694631,0.0,0.214513197193967
2023-24,15,2024-01-13,Newcastle United,Manchester City,0.05453560151003367,0.23615607816078482,0.0,0.2906916796708185
2023-24,15,2024-01-13,Chelsea,Fulham,0.08253857340189169,0.04270761313877001,0.0,0.1252461865406617
2023-24,15,2024-01-14,Everton,Aston Villa,-0.027941630595895387,0.11905429999863927,0.0,0.14699593059453467
2023-24,15,2024-01-14,Manchester United,Tottenham,-0.15046414348850462,-0.07264580907417946,0.0,0.22310995256268407
2023-24,15,2024-01-20,Arsenal,Crystal Palace,0.15599948231572744,0.025167986119348416,0.0,0.18116746843507586
2023-24,15,2024-01-20,Brentford,Nottingham Forest,-0.0018187313356453766,0.02629611790676331,0.0,0.028114849242408688
2023-24,15,2024-01-21,Sheffield United,West Ham United,-0.028176302038428105,-0.07290087318181536,0.0,0.10107717522024347
2023-24,15,2024-01-21,Bournemouth,Liverpool,0.06753090965202632,-0.09317496731750667,0.0,0.16070587696953298
2023-24,15,2024-01-22,Brighton and Hove Albion,Wolverhampton Wanderers,-0.2360118045593222,0.08470336393410086,0.0,0.3207151684934231
2023-24,15,2024-01-30,Aston Villa,Newcastle United,-0.09409918531177339,0.07406352157465824,0.45,0.6181627068864317
2023-24,15,2024-01-30,Nottingham Forest,Arsenal,-0.003965331469287058,0.13183459461103272,0.0,0.1357999260803198
2023-24,15,2024-01-30,Fulham,Everton,-0.0970318798996819,-0.18926115463681836,0.0,0.28629303453650023
2023-24,15,2024-01-30,Luton,Brighton and Hove Albion,0.1424051646719465,-0.08789879989594104,-0.45,0.6803039645678876
2023-24,15,2024-01-30,Crystal Palace,Sheffield United,0.11112655701431427,-0.161339802983095,0.0,0.27246635999740926
2023-24,15,2024-01-31,Tottenham,Brentford,0.10085939787252879,0.09873695675045843,0.0,0.19959635462298722
2023-24,15,2024-01-31,Liverpool,Chelsea,0.3422135209420715,-0.019101650079206146,0.0,0.3613151710212777
2023-24,15,2024-01-31,Manchester City,Burnley,-0.03984461840410372,-0.05723638332486963,0.0,0.09708100172897335
2023-24,15,2024-02-01,West Ham United,Bournemouth,0.02843330090156848,-0.07877734249534314,0.0,0.10721064339691162
2023-24,15,2024-02-01,Wolverhampton Wanderers,Manchester United,0.0813003098597935,-0.060372847077130906,0.0,0.1416731569369244
2023-24,15,2024-02-03,Everton,Tottenham,0.06726046646480924,0.1612321172449292,0.0,0.22849258370973843
2023-24,15,2024-02-03,Brighton and Hove Albion,Crystal Palace,0.035133149870435317,0.10370885919501098,-0.45,0.5888420090654463
2023-24,15,2024-02-03,Burnley,Fulham,-0.028748486271106315,-0.037207257727398635,0.0,0.06595574399850496
2023-24,15,2024-02-03,Newcastle United,Luton,0.16171113215951768,-0.13022673784211936,0.0,0.29193787000163707
2023-24,15,2024-02-03,Sheffield United,Aston Villa,-0.08457572391252959,-0.033391406051923894,0.0,0.11796712996445348
2023-24,15,2024-02-04,Bournemouth,Nottingham Forest,-0.005131685371499259,-0.010330564375682035,0.0,0.015462249747181293
2023-24,15,2024-02-04,Chelsea,Wolverhampton Wanderers,0.08497510850072325,0.17589690952522818,0.0,0.26087201802595145
2023-24,15,2024-02-04,Manchester United,West Ham United,-0.1564556537757157,-0.03552780645518696,0.0,0.19198346023090265
2023-24,15,2024-02-04,Arsenal,Liverpool,-0.17423545267973617,0.061782291359966296,0.0,0.23601774403970247
2023-24,15,2024-02-05,Brentford,Manchester City,-0.11521856349605186,0.14366985657982212,0.0,0.258888420075874
2023-24,15,2024-02-10,Nottingham Forest,Newcastle United,0.1362499676441507,0.20244922888729613,0.0,0.33869919653144687
2023-24,15,2024-02-10,Wolverhampton Wanderers,Brentford,0.0024742276998641205,0.15674393698035236,0.0,0.1592181646802165
2023-24,15,2024-02-10,Tottenham,Brighton and Hove Albion,0.07780718096377742,0.08600929672538535,0.0,0.16381647768916277
2023-24,15,2024-02-10,Fulham,Bournemouth,-0.1906222203444797,0.06447827344582623,-0.45,0.7051004937903059
2023-24,15,2024-02-10,Liverpool,Burnley,-0.06273191412512936,0.05137048068054144,0.0,0.1141023948056708
2023-24,15,2024-02-10,Manchester City,Everton,-0.08453902161111547,-0.12384793441440402,0.0,0.2083869560255195
2023-24,15,2024-02-10,Luton,Sheffield United,-0.07564749419772476,-0.1330524453894023,0.45,0.6586999395871271
2023-24,15,2024-02-11,West Ham United,Arsenal,0.20592032683931757,-0.02533692167540899,0.0,0.23125724851472657
2023-24,15,2024-02-11,Aston Villa,Manchester United,0.037527095364557596,0.07638136213537244,0.0,0.11390845749993003
2023-24,15,2024-02-12,Crystal Palace,Chelsea,0.03349941725395934,-0.09924746163504036,0.0,0.13274687888899972
2023-24,15,2024-02-17,Nottingham Forest,West Ham United,-0.09422173608321659,0.057174957286570884,0.0,0.15139669336978748
2023-24,15,2024-02-17,Newcastle United,Bournemouth,-0.04507200115561921,-0.13170702572049464,0.0,0.17677902687611385
2023-24,15,2024-02-17,Tottenham,Wolverhampton Wanderers,0.09073671339209774,0.20384776822400696,0.0,0.29458448161610473
2023-24,15,2024-02-17,Burnley,Arsenal,-0.17530860207833857,-0.027162062132781405,0.0,0.20247066421111998
2023-24,15,2024-02-17,Brentford,Liverpool,0.040818588300815355,-0.01927900281589645,0.45,0.5100975911167118
2023-24,15,2024-02-17,Fulham,Aston Villa,0.0995461441714793,-0.14412460075587996,0.0,0.24367074492735927
2023-24,15,2024-02-17,Manchester City,Chelsea,0.11931416558178602,0.11660291872951162,0.0,0.23591708431129765
2023-24,15,2024-02-18,Luton,Manchester United,0.048627784611609895,-0.10565553409232112,0.0,0.15428331870393103
2023-24,15,2024-02-18,Sheffield United,Brighton and Hove Albion,0.0411781630121542,0.008710614295711058,0.0,0.049888777307865256
2023-24,15,2024-02-19,Everton,Crystal Palace,0.08151354018730084,0.006419135740046907,0.0,0.08793267592734774
2023-24,15,2024-02-20,Manchester City,Brentford,0.26613991898975703,0.16926562954565755,-0.45,0.8854055485354146
2023-24,15,2024-02-21,Liverpool,Luton,-0.04725953573479339,0.034853739012577586,0.0,0.08211327474737098
2023-24,15,2024-02-24,Aston Villa,Nottingham Forest,-0.09857982279828767,-0.06587599785576399,0.0,0.16445582065405168
2023-24,15,2024-02-24,Brighton and Hove Albion,Everton,-0.04424411337934395,0.03941618987066742,0.0,0.08366030325001136
2023-24,15,2024-02-24,Crystal Palace,Burnley,-0.05382902396250695,0.00567703379159821,0.0,0.05950605775410516
2023-24,15,2024-02-24,Manchester United,Fulham,-0.02277849389803832,0.0660821124545273,0.45,0.5388606063525656
2023-24,15,2024-02-24,Bournemouth,Manchester City,-0.15143442680392732,-0.1251038719466113,0.0,0.2765382987505386
2023-24,15,2024-02-24,Arsenal,Newcastle United,0.14383182753848145,-0.17082547350118374,0.0,0.31465730103966516
2023-24,15,2024-02-25,Wolverhampton Wanderers,Sheffield United,0.0936768583158733,0.10229704926139181,0.0,0.19597390757726513
2023-24,15,2024-02-26,West Ham United,Brentford,-0.1246542191488744,-0.03952792592385913,0.0,0.16418214507273352
2023-24,15,2024-03-02,Luton,Aston Villa,0.02948160522856439,-0.1322778738493055,0.0,0.1617594790778699
2023-24,15,2024-03-02,Tottenham,Crystal Palace,0.09448457356697795,-0.048899953634454846,0.0,0.1433845272014328
2023-24,15,2024-03-02,Nottingham Forest,Liverpool,0.0808702127780056,0.023395509051797936,0.0,0.10426572182980354
2023-24,15,2024-03-02,Fulham,Brighton and Hove Albion,-0.014829523347790627,0.0545650411911199,0.45,0.5193945645389105
2023-24,15,2024-03-02,Everton,West Ham United,0.010022938346315485,-0.009132156808795089,0.0,0.019155095155110574
2023-24,15,2024-03-02,Brentford,Chelsea,-0.00936499337422192,0.03226512154035852,0.0,0.04163011491458044
2023-24,15,2024-03-02,Newcastle United,Wolverhampton Wanderers,-0.08900427128685048,0.029671754918082396,0.0,0.11867602620493288
2023-24,15,2024-03-03,Burnley,Bournemouth,0.1738972533656791,-0.2369267625086647,0.0,0.4108240158743438
2023-24,15,2024-03-03,Manchester City,Manchester United,-0.020404524126532347,0.04758672566638001,0.0,0.06799124979291235
2023-24,15,2024-03-04,Sheffield United,Arsenal,0.08587248358267285,0.021089610283300815,0.0,0.10696209386597366
2023-24,15,2024-03-09,Manchester United,Everton,0.05083291781992717,0.105718884250284,0.0,0.1565518020702112
2023-24,15,2024-03-09,Bournemouth,Sheffield United,-0.028288045745380866,-0.08659001246032288,0.0,0.11487805820570375
2023-24,15,2024-03-09,Crystal Palace,Luton,-0.26906034448448063,-0.0307653444185854,0.0,0.29982568890306605
2023-24,15,2024-03-09,Wolverhampton Wanderers,Fulham,0.09999326033282943,0.07286571711926856,0.0,0.172858977452098
2023-24,15,2024-03-09,Arsenal,Brentford,0.06634186253276307,-0.15231722911555112,0.0,0.2186590916483142
2023-24,15,2024-03-10,Liverpool,Manchester City,-0.10978162119274444,-0.05607127479004285,0.45,0.6158528959827874
2023-24,15,2024-03-10,West Ham United,Burnley,0.25202190100220045,-0.018218905091031218,0.0,0.27024080609323164
2023-24,15,2024-03-10,Brighton and Hove Albion,Nottingham Forest,0.08442021170028881,0.05297037810778435,0.0,0.13739058980807317
2023-24,15,2024-03-10,Aston Villa,Tottenham,-0.08146587110572803,0.013319300417267775,0.0,0.09478517152299581
2023-24,15,2024-03-11,Chelsea,Newcastle United,0.07187178993775087,-0.08686929830814098,0.0,0.15874108824589184
2023-24,15,2024-03-13,Bournemouth,Luton,0.00783715685440001,0.1276203171604202,0.0,0.1354574740148202
2023-24,15,2024-03-16,Burnley,Brentford,-0.05469294718819971,-0.07447335880316053,0.0,0.12916630599136025
2023-24,15,2024-03-16,Luton,Nottingham Forest,0.08431163795272356,-0.007850509391478855,0.0,0.09216214734420242
2023-24,15,2024-03-16,Fulham,Tottenham,-0.04020959408912306,0.08105624465927905,0.0,0.1212658387484021
2023-24,15,2024-03-17,West Ham United,Aston Villa,0.08681952869818774,0.11610091464916673,0.0,0.20292044334735448
2023-24,15,2024-03-30,Brentford,Manchester United,-0.1779534407249096,0.0017414586887714717,0.0,0.17969489941368105
2023-24,15,2024-03-30,Tottenham,Luton,-0.09567245228337252,0.1070288758458789,0.0,0.20270132812925143
2023-24,15,2024-03-30,Sheffield United,Fulham,0.012207777608908357,0.02706977609660601,0.0,0.03927755370551437
2023-24,15,2024-03-30,Aston Villa,Wolverhampton Wanderers,0.034043169752675316,-0.0834388138255516,0.0,0.11748198357822692
2023-24,15,2024-03-30,Chelsea,Burnley,0.11287720625229797,0.0820082225197489,0.0,0.19488542877204687
2023-24,15,2024-03-30,Bournemouth,Everton,0.17074298874702204,0.09903190458456165,0.0,0.26977489333158367
2023-24,15,2024-03-30,Newcastle United,West Ham United,0.02382908645061367,-0.09661880175469595,0.0,0.12044788820530962
2023-24,15,2024-03-30,Nottingham Forest,Crystal Palace,0.020944578750144383,-0.015145778630378094,0.0,0.03609035738052248
2023-24,15,2024-03-31,Liverpool,Brighton and Hove Albion,-0.06663435304288648,0.03923670223224224,0.0,0.10587105527512872
2023-24,15,2024-03-31,Manchester City,Arsenal,0.07135361041554794,-0.14448212942674354,0.0,0.21583573984229149
2023-24,15,2024-04-02,Newcastle United,Everton,0.04519972542490942,-0.06802533269958824,0.0,0.11322505812449767
2023-24,15,2024-04-02,Nottingham Forest,Fulham,-0.13201278747807577,-0.17469626793310344,0.0,0.3067090554111792
2023-24,15,2024-04-02,Bournemouth,Crystal Palace,0.0006043961516744856,0.11585308963268498,0.0,0.11645748578435947
2023-24,15,2024-04-02,Burnley,Wolverhampton Wanderers,-0.15801758551867204,0.164328105699709,0.0,0.322345691218381
2023-24,15,2024-04-02,West Ham United,Tottenham,-0.19022707935200642,-0.02846622128565591,0.0,0.21869330063766232
2023-24,15,2024-04-03,Arsenal,Luton,0.1142793679413655,-0.0969864118260284,0.0,0.2112657797673939
2023-24,15,2024-04-03,Brentford,Brighton and Hove Albion,0.01103783558815059,-0.056894579796216566,0.0,0.06793241538436716
2023-24,15,2024-04-03,Manchester City,Aston Villa,-0.15557491076404484,0.128856836746074,0.0,0.28443174751011885
2023-24,15,2024-04-04,Liverpool,Sheffield United,-0.11367558693035824,-0.0642218929341737,0.45,0.6278974798645319
2023-24,15,2024-04-04,Chelsea,Manchester United,-0.005605800405009631,0.054314195470396495,0.0,0.059919995875406126
2023-24,15,2024-04-06,Wolverhampton Wanderers,West Ham United,0.1669886140784147,0.02106713353860442,-0.45,0.6380557476170191
2023-24,15,2024-04-06,Brighton and Hove Albion,Arsenal,0.1271209395465948,0.046100450837626955,0.0,0.17322139038422177
2023-24,15,2024-04-06,Luton,Bournemouth,-0.08121975574686854,0.1354892009947443,0.0,0.21670895674161283
2023-24,15,2024-04-06,Aston Villa,Brentford,-0.05005769514509783,-0.037044543337627925,0.0,0.08710223848272575
2023-24,15,2024-04-06,Everton,Burnley,0.06499791795873903,-0.04359947387280617,-0.45,0.5585973918315452
2023-24,15,2024-04-06,Fulham,Newcastle United,-0.0194104511553848,-0.026214241984884354,0.45,0.49562469314026913
2023-24,15,2024-04-06,Crystal Palace,Manchester City,0.036444721949904696,0.0030909321043579296,0.0,0.039535654054262626
2023-24,15,2024-04-07,Manchester United,Liverpool,0.1570537822476251,0.04075828808367106,0.0,0.19781207033129616
2023-24,15,2024-04-07,Sheffield United,Chelsea,-0.08413558271965346,0.03987856920134222,0.0,0.12401415192099569
2023-24,15,2024-04-07,Tottenham,Nottingham Forest,0.07658279312877972,-0.011691177695023203,0.0,0.08827397082380292
2023-24,15,2024-04-13,Newcastle United,Tottenham,-0.15273613398191888,0.0502830522101657,0.0,0.2030191861920846
2023-24,15,2024-04-13,Brentford,Sheffield United,0.0009505123416389052,-0.035583701336080145,0.0,0.03653421367771905
2023-24,15,2024-04-13,Burnley,Brighton and Hove Albion,-0.29168551838010587,-0.07201651675461497,0.0,0.3637020351347208
2023-24,15,2024-04-13,Manchester City,Luton,-0.04108675371079673,0.06642597738762071,0.0,0.10751273109841744
2023-24,15,2024-04-13,Nottingham Forest,Wolverhampton Wanderers,0.15198372642924138,-0.03763457185816739,0.0,0.18961829828740878
2023-24,15,2024-04-13,Bournemouth,Manchester United,-0.0706704864372879,-0.0654142177484393,0.0,0.1360847041857272
2023-24,15,2024-04-14,Arsenal,Aston Villa,0.09552903269869066,-0.03018465297556066,0.0,0.1257136856742513
2023-24,15,2024-04-14,Liverpool,Crystal Palace,-0.12064530812019532,-0.04046943344850816,0.0,0.16111474156870348
2023-24,15,2024-04-14,West Ham United,Fulham,-0.05477263370385439,0.07707595785562077,0.0,0.13184859155947515
2023-24,15,2024-04-15,Chelsea,Everton,0.011006311832885203,-0.007813927319615846,0.0,0.01882023915250105
2023-24,15,2024-04-20,Luton,Brentford,-0.05488943679599417,0.007006021451212999,-0.45,0.5118954582472072
2023-24,15,2024-04-20,Sheffield United,Burnley,-0.14809465465364285,0.018605469607794568,0.0,0.16670012426143743
2023-24,15,2024-04-20,Wolverhampton Wanderers,Arsenal,-0.2081616894763964,-0.005391911054385697,0.0,0.2135536005307821
2023-24,15,2024-04-21,Everton,Nottingham Forest,-0.07056429688688551,0.02995710247887484,0.45,0.5505213993657604
2023-24,15,2024-04-21,Aston Villa,Bournemouth,-0.10083611892263264,0.13993579499817668,0.0,0.24077191392080932
2023-24,15,2024-04-21,Crystal Palace,West Ham United,0.09350436177821346,0.03416173023255445,0.0,0.1276660920107679
2023-24,15,2024-04-21,Fulham,Liverpool,0.10994766171694839,-0.01561759681267251,-0.45,0.5755652585296209
2023-24,15,2024-04-23,Arsenal,Chelsea,-0.04825107592081989,-0.10646476690766166,0.0,0.15471584282848155
2023-24,15,2024-04-24,Manchester United,Sheffield United,-0.07622081182316841,0.02276084508138345,0.0,0.09898165690455185
2023-24,15,2024-04-24,Everton,Liverpool,0.0937987697399355,0.1076255495161004,0.0,0.2014243192560359
2023-24,15,2024-04-24,Wolverhampton Wanderers,Bournemouth,-0.013437926896114658,-0.013710747997415309,0.0,0.027148674893529966
2023-24,15,2024-04-24,Crystal Palace,Newcastle United,0.0453972553848676,-0.007075491969698461,0.0,0.052472747354566064
2023-24,15,2024-04-25,Brighton and Hove Albion,Manchester City,0.09629898330922092,-0.0315023109045128,0.0,0.1278012942137337
2023-24,15,2024-04-27,West Ham United,Liverpool,0.1421117497480301,0.10523157427713395,0.0,0.24734332402516404
2023-24,15,2024-04-27,Fulham,Crystal Palace,0.11221350121048691,0.13324404954399158,0.0,0.2454575507544785
2023-24,15,2024-04-27,Manchester United,Burnley,0.1123776609620817,0.15324217027768194,0.0,0.2656198312397636
2023-24,15,2024-04-27,Newcastle United,Sheffield United,0.07366468913761196,-0.2040249570023529,0.0,0.27768964613996483
2023-24,15,2024-04-27,Wolverhampton Wanderers,Luton,-0.1450909510325344,-0.02306816855908055,0.45,0.618159119591615
2023-24,15,2024-04-27,Everton,Brentford,-0.03088539620563998,0.13047184193467543,0.0,0.1613572381403154
2023-24,15,2024-04-27,Aston Villa,Chelsea,-0.07941319167803067,-0.01481034812520289,0.0,0.09422353980323356
2023-24,15,2024-04-28,Tottenham,Arsenal,-0.06426067774826628,-0.009632627147755979,0.0,0.07389330489602226
2023-24,15,2024-04-28,Bournemouth,Brighton and Hove Albion,-0.01951563144627462,0.04875880856856933,0.0,0.06827444001484395
2023-24,15,2024-04-28,Nottingham Forest,Manchester City,0.05120654303187901,-0.11726924008066991,0.0,0.1684757831125489
2023-24,15,2024-05-02,Chelsea,Tottenham,-0.03470173196934929,0.016931769729294367,0.0,0.051633501698643655
2023-24,15,2024-05-03,Luton,Everton,-0.01952246367255893,-0.01221300551774887,0.0,0.0317354691903078
2023-24,15,2024-05-04,Arsenal,Bournemouth,-0.07995967044582628,0.12207313744279995,0.0,0.2020328078886262
2023-24,15,2024-05-04,Brentford,Fulham,0.06699292399699386,0.004329103918426516,0.0,0.07132202791542037
2023-24,15,2024-05-04,Burnley,Newcastle United,0.09963628925575324,0.13073937154317275,0.0,0.230375660798926
2023-24,15,2024-05-04,Sheffield United,Nottingham Forest,0.017896963339288002,-0.11848889240700582,0.0,0.1363858557462938
2023-24,15,2024-05-04,Manchester City,Wolverhampton Wanderers,-0.1190254622055644,-0.008605349637675667,0.0,0.12763081184324007
2023-24,15,2024-05-05,Brighton and Hove Albion,Aston Villa,0.1869917867655675,-0.10713723672629402,0.0,0.29412902349186154
2023-24,15,2024-05-05,Chelsea,West Ham United,0.020627989372690024,0.008656699742316025,0.0,0.02928468911500605
2023-24,15,2024-05-05,Liverpool,Tottenham,-0.07290256074496013,-0.08965856373309006,0.0,0.16256112447805018
2023-24,15,2024-05-06,Crystal Palace,Manchester United,-0.018894771040416966,-0.07056971237637544,0.0,0.0894644834167924
2023-24,15,2024-05-11,West Ham United,Luton,-0.03431539270918714,-0.11699357169932609,0.0,0.1513089644085132
2023-24,15,2024-05-11,Wolverhampton Wanderers,Crystal Palace,-0.09031414938846971,0.0031552755948182996,0.0,0.09346942498328802
2023-24,15,2024-05-11,Tottenham,Burnley,0.030001225708339983,0.01626635557991611,0.0,0.046267581288256095
2023-24,15,2024-05-11,Nottingham Forest,Chelsea,-0.03692031920010655,-0.1404965625198922,0.0,0.17741688171999875
2023-24,15,2024-05-11,Everton,Sheffield United,-0.017239298186555587,0.061955131056578225,0.0,0.07919442924313382
2023-24,15,2024-05-11,Bournemouth,Brentford,-0.004063233687867054,0.011967532380034902,0.0,0.016030766067901957
2023-24,15,2024-05-11,Fulham,Manchester City,-0.12926585481963115,0.11231319886207292,0.0,0.24157905368170407
2023-24,15,2024-05-11,Newcastle United,Brighton and Hove Albion,-0.10166368043892618,0.012601073347291242,-0.45,0.5642647537862174
2023-24,15,2024-05-12,Manchester United,Arsenal,0.0039234122536492,-0.029007649076248563,0.0,0.03293106132989776
2023-24,15,2024-05-13,Aston Villa,Liverpool,-0.036648524901748004,-0.06884340929706281,0.0,0.10549193419881081
2023-24,15,2024-05-14,Tottenham,Manchester City,0.11205234891272674,0.1077042809357587,0.0,0.21975662984848543
2023-24,15,2024-05-15,Brighton and Hove Albion,Chelsea,0.009454805528370802,-0.213189508245839,0.0,0.2226443137742098
2023-24,15,2024-05-15,Manchester United,Newcastle United,0.06866715722369429,-0.16348111957886718,0.0,0.23214827680256148
2023-24,15,2024-05-19,Sheffield United,Tottenham,0.08135796444540337,-0.004080236847169567,0.0,0.08543820129257294
2023-24,15,2024-05-19,Manchester City,West Ham United,-0.05340000517433872,-0.19567218370009185,0.0,0.24907218887443056
2023-24,15,2024-05-19,Luton,Fulham,0.00888117327934683,0.026580497929629517,0.0,0.03546167120897635
2023-24,15,2024-05-19,Crystal Palace,Aston Villa,-0.28940868465978975,0.026073127752818403,0.0,0.31548181241260814
2023-24,15,2024-05-19,Liverpool,Wolverhampton Wanderers,-0.11850906506533673,-0.023833817331993606,0.0,0.14234288239733034
2023-24,15,2024-05-19,Burnley,Nottingham Forest,-0.026720672532004018,0.053123713984825884,0.0,0.0798443865168299
2023-24,15,2024-05-19,Brighton and Hove Albion,Manchester United,-0.07685614922496847,-0.11812009671750287,0.0,0.19497624594247134
2023-24,15,2024-05-19,Brentford,Newcastle United,-0.007122504128945871,-0.10166684366362888,0.0,0.10878934779257475
2023-24,15,2024-05-19,Arsenal,Everton,0.012605396570819778,0.07830421319717334,0.0,0.09090960976799312
2023-24,15,2024-05-19,Chelsea,Bournemouth,0.04923230656600822,-0.11341546945435779,0.0,0.162647776020366
2024-25,15,2024-08-16,Manchester United,Fulham,-0.027201469008109165,0.18262512013632035,0.0,0.2098265891444295
2024-25,15,2024-08-17,West Ham United,Aston Villa,0.09180925013987326,0.16138711792032592,0.0,0.2531963680601992
2024-25,15,2024-08-17,Nottingham Forest,Bournemouth,0.006671023943400481,-0.017930880304460713,0.0,0.024601904247861194
2024-25,15,2024-08-17,Newcastle United,Southampton,0.08479252983224898,0.06664939934487105,0.0,0.15144192917712002
2024-25,15,2024-08-17,Everton,Brighton and Hove Albion,-0.02632967452565968,0.13997207289892596,0.0,0.16630174742458564
2024-25,15,2024-08-17,Ipswich Town,Liverpool,-0.08431963886482975,0.011514857324733459,0.0,0.09583449618956322
2024-25,15,2024-08-17,Arsenal,Wolverhampton Wanderers,-0.20694407815652424,-0.24031980200425296,0.0,0.4472638801607772
2024-25,15,2024-08-18,Brentford,Crystal Palace,-0.16835840321757656,-0.003471424074472547,0.0,0.1718298272920491
2024-25,15,2024-08-18,Chelsea,Manchester City,-0.03445296584231602,0.007809836455997442,0.0,0.04226280229831346
2024-25,15,2024-08-19,Leicester City,Tottenham,0.2667093285873296,0.0627696330284429,0.0,0.3294789616157725
2024-25,15,2024-08-24,Aston Villa,Arsenal,-0.07958190223978273,0.031543028862818664,0.0,0.1111249311026014
2024-25,15,2024-08-24,Tottenham,Everton,-0.10057148712163311,-0.1425018342034582,-0.45,0.6930733213250913
2024-25,15,2024-08-24,Southampton,Nottingham Forest,0.14064872826768357,-0.2365786921547675,0.0,0.37722742042245105
2024-25,15,2024-08-24,Crystal Palace,West Ham United,0.028689029813945825,0.10534136163213156,0.0,0.1340303914460774
2024-25,15,2024-08-24,Fulham,Leicester City,0.10309066819610692,-0.047397764660516005,0.0,0.15048843285662292
2024-25,15,2024-08-24,Brighton and Hove Albion,Manchester United,0.0994623714111541,-0.09519141797700212,0.0,0.19465378938815622
2024-25,15,2024-08-24,Manchester City,Ipswich Town,0.19083330656402234,-0.040621121505321364,0.0,0.2314544280693437
2024-25,15,2024-08-25,Bournemouth,Newcastle United,0.06185903436795512,0.04661788092912535,0.0,0.10847691529708046
2024-25,15,2024-08-25,Wolverhampton Wanderers,Chelsea,0.15313489894105536,0.09305632690809386,0.0,0.2461912258491492
2024-25,15,2024-08-25,Liverpool,Brentford,-0.09952014410630586,-0.06695017441333864,0.0,0.1664703185196445
2024-25,15,2024-08-31,Arsenal,Brighton and Hove Albion,0.06221194583308001,0.030856781876447928,0.0,0.09306872770952794
2024-25,15,2024-08-31,Brentford,Southampton,-0.12750008034007776,0.04442888166425573,0.0,0.1719289620043335
2024-25,15,2024-08-31,Everton,Bournemouth,-0.0577220301654916,0.05203898752503627,0.0,0.10976101769052787
2024-25,15,2024-08-31,Ipswich Town,Fulham,-0.022256528340968113,0.08225573159745911,0.0,0.10451225993842722
2024-25,15,2024-08-31,Leicester City,Aston Villa,0.04843237094494137,0.06739427902229164,0.0,0.11582664996723302
2024-25,15,2024-08-31,Nottingham Forest,Wolverhampton Wanderers,0.15903237394684178,-0.09345735935428315,0.0,0.2524897333011249
2024-25,15,2024-08-31,West Ham United,Manchester City,-0.13145483088241142,-0.06505385290170015,0.0,0.19650868378411157
2024-25,15,2024-09-01,Manchester United,Liverpool,0.15955528859004264,0.005471826778187878,0.0,0.16502711536823053
2024-25,15,2024-09-01,Newcastle United,Tottenham,0.0714439912313293,0.07103998852676781,0.0,0.14248397975809712
2024-25,15,2024-09-01,Chelsea,Crystal Palace,-0.14969238120887068,-0.09195058428155266,0.0,0.24164296549042336
2024-25,15,2024-09-14,Southampton,Manchester United,0.019881983578379284,0.04716082595563053,0.0,0.06704280953400982
2024-25,15,2024-09-14,Brighton and Hove Albion,Ipswich Town,-0.12471974268799182,-0.21960400395658078,0.0,0.3443237466445726
2024-25,15,2024-09-14,Crystal Palace,Leicester City,-0.07736905182872643,0.04805343607972976,0.0,0.1254224879084562
2024-25,15,2024-09-14,Fulham,West Ham United,-0.14762864097907674,0.1792305933906042,0.0,0.32685923436968095
2024-25,15,2024-09-14,Liverpool,Nottingham Forest,-0.12862390043728833,-0.06215133492300342,0.0,0.19077523536029176
2024-25,15,2024-09-14,Manchester City,Brentford,0.25573984132802074,-0.14055021064455409,0.0,0.39629005197257483
2024-25,15,2024-09-14,Aston Villa,Everton,-0.0006489599130266093,-0.08581789424784532,0.0,0.08646685416087192
2024-25,15,2024-09-14,Bournemouth,Chelsea,-0.13929668402383466,-0.0278420360566162,0.0,0.16713872008045086
2024-25,15,2024-09-15,Tottenham,Arsenal,0.06467642832662138,-0.08341860452088393,0.0,0.1480950328475053
2024-25,15,2024-09-15,Wolverhampton Wanderers,Newcastle United,-0.06646449309457632,0.0547479556590759,0.0,0.12121244875365222
2024-25,15,2024-09-21,Tottenham,Brentford,0.008711046910615562,-0.05404799207505452,0.0,0.06275903898567009
2024-25,15,2024-09-21,Crystal Palace,Manchester United,0.05428167674989942,0.17787218884412737,0.0,0.2321538655940268
2024-25,15,2024-09-21,Southampton,Ipswich Town,-0.005976994086068957,-0.2888198999068609,0.0,0.29479689399292985
2024-25,15,2024-09-21,Liverpool,Bournemouth,0.037073483751904196,0.01884876680436169,0.0,0.05592225055626589
2024-25,15,2024-09-21,Leicester City,Everton,-0.03809122537125338,-0.17764622804133706,0.0,0.21573745341259043
2024-25,15,2024-09-21,Fulham,Newcastle United,0.17168418164505717,0.055406665130998164,0.0,0.22709084677605534
2024-25,15,2024-09-21,Aston Villa,Wolverhampton Wanderers,0.15204178896175893,0.024895992673115402,0.0,0.17693778163487434
2024-25,15,2024-09-21,West Ham United,Chelsea,0.005691010610360654,-0.10928458322447872,0.0,0.11497559383483938
2024-25,15,2024-09-22,Brighton and Hove Albion,Nottingham Forest,0.03363574281878801,-0.10531313471006402,0.0,0.13894887752885204
2024-25,15,2024-09-22,Manchester City,Arsenal,0.16116873463168435,-0.0720358641915864,0.45,0.6832045988232708
2024-25,15,2024-09-28,Newcastle United,Manchester City,0.09495179434624407,-0.019233938153523644,0.0,0.11418573249976771
2024-25,15,2024-09-28,Arsenal,Leicester City,-0.020631616224445707,0.09822168909756987,0.0,0.11885330532201557
2024-25,15,2024-09-28,Brentford,West Ham United,0.17701549119165488,0.1417958496198276,0.45,0.7688113408114825
2024-25,15,2024-09-28,Chelsea,Brighton and Hove Albion,0.054413692993985345,0.14458661277686302,0.0,0.19900030577084837
2024-25,15,2024-09-28,Everton,Crystal Palace,0.0774266768181158,-0.13678814916099985,0.0,0.21421482597911565
2024-25,15,2024-09-28,Nottingham Forest,Fulham,-0.1843299566375106,-0.0453271779393314,0.0,0.229657134576842
2024-25,15,2024-09-28,Wolverhampton Wanderers,Liverpool,0.102065195970716,-0.08310683593982782,0.0,0.18517203191054382
2024-25,15,2024-09-29,Manchester United,Tottenham,-0.21318008967754298,-0.0831817561759654,0.0,0.2963618458535084
2024-25,15,2024-09-29,Ipswich Town,Aston Villa,-0.15080471394410536,-0.01555810483944315,0.0,0.1663628187835485
2024-25,15,2024-09-30,Bournemouth,Southampton,0.10486974865987715,-0.07486623751411106,0.0,0.17973598617398823
2024-25,15,2024-10-05,Crystal Palace,Liverpool,-0.052463999099697345,0.19748803966661116,0.0,0.2499520387663085
2024-25,15,2024-10-05,Arsenal,Southampton,-0.0646529059200848,0.05163090553578509,0.0,0.11628381145586988
2024-25,15,2024-10-05,Brentford,Wolverhampton Wanderers,-0.0013378745724668129,0.04697025612753233,0.0,0.04830813069999914
2024-25,15,2024-10-05,Leicester City,Bournemouth,0.03909152049352849,-0.10929944912360692,0.0,0.1483909696171354
2024-25,15,2024-10-05,Manchester City,Fulham,0.05639961335174923,-0.1396328213594379,0.0,0.19603243471118711
2024-25,15,2024-10-05,West Ham United,Ipswich Town,-0.10694013753419408,-0.001160564852089211,0.0,0.10810070238628329
2024-25,15,2024-10-05,Everton,Newcastle United,0.25158056678470275,0.11972808176537905,0.0,0.37130864855008183
2024-25,15,2024-10-06,Aston Villa,Manchester United,0.07246907312722407,0.07557842126676224,0.0,0.14804749439398632
2024-25,15,2024-10-06,Chelsea,Nottingham Forest,-0.031212541672268748,0.037353324243904286,0.0,0.06856586591617303
2024-25,15,2024-10-06,Brighton and Hove Albion,Tottenham,0.1777935247936082,-0.11350806473297745,0.0,0.29130158952658564
2024-25,15,2024-10-19,Southampton,Leicester City,0.003072892987052371,-0.0642638459890068,0.0,0.06733673897605916
2024-25,15,2024-10-19,Bournemouth,Arsenal,-0.10150904406309001,-0.048227912357791544,0.0,0.14973695642088156
2024-25,15,2024-10-19,Newcastle United,Brighton and Hove Albion,0.06547200839085425,0.07621773872414725,0.0,0.14168974711500149
2024-25,15,2024-10-19,Manchester United,Brentford,0.085328440895105,-0.2478545968413888,0.0,0.3331830377364938
2024-25,15,2024-10-19,Ipswich Town,Everton,0.13962279467417002,0.12170357689449231,0.0,0.26132637156866234
2024-25,15,2024-10-19,Fulham,Aston Villa,0.11800489620276469,0.06582974415273626,0.0,0.18383464035550096
2024-25,15,2024-10-19,Tottenham,West Ham United,0.04339172966773136,0.16903991662666507,0.0,0.21243164629439643
2024-25,15,2024-10-20,Wolverhampton Wanderers,Manchester City,0.02155991549943405,0.03504220469617561,0.0,0.05660212019560966
2024-25,15,2024-10-20,Liverpool,Chelsea,0.1904502626282239,0.12120336369591016,0.0,0.31165362632413407
2024-25,15,2024-10-21,Nottingham Forest,Crystal Palace,0.10572512817845604,-0.06855145310027143,0.0,0.17427658127872747
2024-25,15,2024-10-25,Leicester City,Nottingham Forest,0.12093683987060942,-0.07132063980038364,0.0,0.19225747967099305
2024-25,15,2024-10-26,Aston Villa,Bournemouth,0.04459201534992463,-0.10107673380765088,0.0,0.1456687491575755
2024-25,15,2024-10-26,Brentford,Ipswich Town,-0.13346669256387045,-0.16419759651184782,0.0,0.2976642890757183
2024-25,15,2024-10-26,Brighton and Hove Albion,Wolverhampton Wanderers,0.03338874343929699,-0.23423891237231503,0.0,0.267627655811612
2024-25,15,2024-10-26,Manchester City,Southampton,0.05543468554657086,-0.013136470157146266,0.45,0.5185711557037171
2024-25,15,2024-10-26,Everton,Fulham,0.04597327154756299,0.07546640816576111,-0.45,0.5714396797133241
2024-25,15,2024-10-27,Arsenal,Liverpool,0.18538841714213494,0.002253572232208248,0.0,0.18764198937434318
2024-25,15,2024-10-27,West Ham United,Manchester United,-0.07263717206637006,-0.03454168119863669,0.0,0.10717885326500676
2024-25,15,2024-10-27,Chelsea,Newcastle United,-0.0930076316915192,0.07542974012860551,0.0,0.1684373718201247
2024-25,15,2024-10-27,Crystal Palace,Tottenham,0.1940316306465743,-0.03159146853707712,0.0,0.22562309918365142
2024-25,15,2024-11-02,Newcastle United,Arsenal,-0.04438682441599872,0.09229914236873915,0.0,0.13668596678473788
2024-25,15,2024-11-02,Bournemouth,Manchester City,-0.07212004668034099,0.04016194420673744,0.0,0.11228199088707842
2024-25,15,2024-11-02,Ipswich Town,Leicester City,-0.05249370224397244,-0.04365394132035791,0.0,0.09614764356433035
2024-25,15,2024-11-02,Liverpool,Brighton and Hove Albion,-0.04160683463535585,0.01480837938726471,0.0,0.056415214022620556
2024-25,15,2024-11-02,Nottingham Forest,West Ham United,-0.16210505835306263,-0.06940561961204854,0.0,0.23151067796511116
2024-25,15,2024-11-02,Southampton,Everton,-0.2412991546711521,-0.008898132052344302,0.0,0.2501972867234964
2024-25,15,2024-11-02,Wolverhampton Wanderers,Crystal Palace,0.19242764828280026,-0.02853357932270931,0.0,0.22096122760550957
2024-25,15,2024-11-03,Tottenham,Aston Villa,0.35194611271639764,-0.02725253854096526,0.0,0.3791986512573629
2024-25,15,2024-11-03,Manchester United,Chelsea,0.24705964336389483,-0.023082998346493716,0.0,0.27014264171038854
2024-25,15,2024-11-04,Fulham,Brentford,0.05185237023482502,-0.10345684595627491,0.0,0.15530921619109994
2024-25,15,2024-11-09,Brighton and Hove Albion,Manchester City,-0.13086429933796728,0.08245960466875468,0.0,0.21332390400672196
2024-25,15,2024-11-09,Liverpool,Aston Villa,0.15160060157041005,-0.007414483165324516,0.0,0.15901508473573456
2024-25,15,2024-11-09,West Ham United,Everton,0.1616763221611392,0.08971483294373948,0.0,0.2513911551048787
2024-25,15,2024-11-09,Crystal Palace,Fulham,-0.005640174648549215,-0.10695478568396614,0.0,0.11259496033251536
2024-25,15,2024-11-09,Wolverhampton Wanderers,Southampton,-0.1355915652221532,0.07733124705046561,0.0,0.21292281227261883
2024-25,15,2024-11-09,Brentford,Bournemouth,0.006485966503527544,0.006357276970574657,0.0,0.012843243474102201
2024-25,15,2024-11-10,Manchester United,Leicester City,-0.12554444733861156,0.008347008178581028,0.0,0.1338914555171926
2024-25,15,2024-11-10,Nottingham Forest,Newcastle United,0.05107578675182714,-0.06636078513514286,0.0,0.11743657188697
2024-25,15,2024-11-10,Tottenham,Ipswich Town,0.038028739579912346,0.10955312149040644,0.0,0.1475818610703188
2024-25,15,2024-11-10,Chelsea,Arsenal,0.09803788167428575,-0.11722015380818504,0.0,0.2152580354824708
2024-25,15,2024-11-23,Fulham,Wolverhampton Wanderers,0.21127731144633394,-0.037512743983695244,0.0,0.2487900554300292
2024-25,15,2024-11-23,Everton,Brentford,0.059838217431037274,0.04319899160984278,0.0,0.10303720904088005
2024-25,15,2024-11-23,Bournemouth,Brighton and Hove Albion,0.008759164096063948,0.16205950233343486,0.0,0.1708186664294988
2024-25,15,2024-11-23,Manchester City,Tottenham,0.12813086325209833,-0.03276227971992842,0.0,0.16089314297202675
2024-25,15,2024-11-23,Arsenal,Nottingham Forest,0.010596788043874511,0.080121145092905,0.0,0.0907179331367795
2024-25,15,2024-11-23,Leicester City,Chelsea,-0.015809395090053115,-0.05628819051369406,0.0,0.07209758560374718
2024-25,15,2024-11-23,Aston Villa,Crystal Palace,0.18554115744208835,-0.013820036314971997,0.0,0.19936119375706035
2024-25,15,2024-11-24,Southampton,Liverpool,-0.05530396259918001,-0.0344244636734698,0.0,0.08972842627264982
2024-25,15,2024-11-24,Ipswich Town,Manchester United,0.07110733826235724,0.10043176899119974,0.0,0.17153910725355698
2024-25,15,2024-11-25,Newcastle United,West Ham United,-0.1806510618945637,0.05672772000495996,0.0,0.23737878189952366
2024-25,15,2024-11-29,Brighton and Hove Albion,Southampton,0.18680558809960185,0.053295721420292,0.0,0.24010130951989384
2024-25,15,2024-11-30,Brentford,Leicester City,0.027532112436199692,0.0003309568918155592,0.0,0.02786306932801525
2024-25,15,2024-11-30,Crystal Palace,Newcastle United,0.012448445197660238,0.047192900804501864,0.0,0.0596413460021621
2024-25,15,2024-11-30,Nottingham Forest,Ipswich Town,-0.2193916932170582,-0.11010466859425361,0.0,0.3294963618113118
2024-25,15,2024-11-30,Wolverhampton Wanderers,Bournemouth,0.08876064663914107,-0.07226690740496929,0.0,0.16102755404411034
2024-25,15,2024-11-30,West Ham United,Arsenal,0.06128236918921534,0.13909686597918522,0.0,0.20037923516840056
2024-25,15,2024-12-01,Tottenham,Fulham,0.01933410500763244,-0.13241527545580262,0.0,0.15174938046343506
2024-25,15,2024-12-01,Chelsea,Aston Villa,-0.003741017841923197,0.11293753852893434,0.0,0.11667855637085754
2024-25,15,2024-12-01,Manchester United,Everton,0.05568990884700963,0.15581577267573848,0.0,0.21150568152274812
2024-25,15,2024-12-01,Liverpool,Manchester City,0.04491416896495354,0.13225883634902907,0.0,0.1771730053139826
2024-25,15,2024-12-03,Leicester City,West Ham United,0.09707213284720105,0.06827096511675768,0.0,0.16534309796395874
2024-25,15,2024-12-03,Ipswich Town,Crystal Palace,-0.05560855289010734,0.12305629874122037,0.0,0.17866485163132773
2024-25,15,2024-12-04,Everton,Wolverhampton Wanderers,0.1088351265574923,-0.19671350890557987,0.0,0.3055486354630722
2024-25,15,2024-12-04,Manchester City,Nottingham Forest,0.09139833998655195,0.04967035001595235,0.0,0.1410686900025043
2024-25,15,2024-12-04,Newcastle United,Liverpool,-0.0357796130844735,-0.020646897793181726,0.0,0.056426510877655225
2024-25,15,2024-12-04,Southampton,Chelsea,-0.10886895847964186,0.02713497790085366,0.0,0.13600393638049552
2024-25,15,2024-12-04,Arsenal,Manchester United,0.04582351196155564,-0.02114376138623335,0.0,0.06696727334778899
2024-25,15,2024-12-04,Aston Villa,Brentford,0.021089073371562676,-0.08691674629080541,0.0,0.10800581966236808
2024-25,15,2024-12-05,Fulham,Brighton and Hove Albion,0.12649454217932057,0.06502339270598426,0.0,0.19151793488530483
2024-25,15,2024-12-05,Bournemouth,Tottenham,0.13123803248865173,-0.00010934279706473898,0.0,0.13134737528571647
2024-25,15,2024-12-07,Crystal Palace,Manchester City,-0.012717070247663881,-0.09614506455378768,0.0,0.10886213480145157
2024-25,15,2024-12-07,Manchester United,Nottingham Forest,0.08409856596032153,0.1925305268685238,0.0,0.2766290928288453
2024-25,15,2024-12-07,Aston Villa,Southampton,0.2174581448263065,0.00850184648171768,0.0,0.22595999130802416
2024-25,15,2024-12-07,Brentford,Newcastle United,-0.0509055444491579,-0.013692530309300462,0.0,0.06459807475845836
2024-25,15,2024-12-08,Fulham,Arsenal,-0.2634311599438054,0.10732578975212481,0.0,0.3707569496959302
2024-25,15,2024-12-08,Ipswich Town,Bournemouth,-0.037980626186339184,0.026366963732492227,0.0,0.06434758991883141
2024-25,15,2024-12-08,Leicester City,Brighton and Hove Albion,-0.06440416710166488,0.06276087198550344,0.0,0.1271650390871683
2024-25,15,2024-12-08,Tottenham,Chelsea,0.09283804389770842,-0.10584277548969555,0.0,0.19868081938740395
2024-25,15,2024-12-09,West Ham United,Wolverhampton Wanderers,0.09721950495050276,0.004233338921551571,0.0,0.10145284387205433
2024-25,15,2024-12-14,Wolverhampton Wanderers,Ipswich Town,0.06986652600355289,0.22823065574153623,0.0,0.29809718174508915
2024-25,15,2024-12-14,Newcastle United,Leicester City,-0.1475369379651828,0.07549757695443023,0.0,0.22303451491961301
2024-25,15,2024-12-14,Nottingham Forest,Aston Villa,0.23919824904973377,0.057447781325222824,0.0,0.2966460303749566
2024-25,15,2024-12-14,Arsenal,Everton,0.036050815679056124,-0.06977747034488894,0.0,0.10582828602394506
2024-25,15,2024-12-14,Liverpool,Fulham,-0.3636083877342182,0.07776414215559796,0.0,0.4413725298898162
2024-25,15,2024-12-15,Chelsea,Brentford,0.1513379296287825,0.06762090284889175,0.45,0.6689588324776743
2024-25,15,2024-12-15,Southampton,Tottenham,-0.07547227124086792,-0.035485089787055134,0.0,0.11095736102792306
2024-25,15,2024-12-15,Brighton and Hove Albion,Crystal Palace,-0.05038980144034377,-0.035692493162887806,0.0,0.08608229460323158
2024-25,15,2024-12-15,Manchester City,Manchester United,-0.17523985725593064,0.027348171843739916,0.0,0.20258802909967055
2024-25,15,2024-12-16,Bournemouth,West Ham United,-0.17039663804997957,-0.08737278834358307,0.0,0.25776942639356265
2024-25,15,2024-12-21,Crystal Palace,Arsenal,-0.19670347570086633,-0.08860031259893696,0.0,0.2853037882998033
2024-25,15,2024-12-21,West Ham United,Brighton and Hove Albion,-0.1772054841078066,-0.003358718378146745,0.0,0.18056420248595334
2024-25,15,2024-12-21,Ipswich Town,Newcastle United,0.2216897127113787,0.0015804930063997163,0.0,0.2232702057177784
2024-25,15,2024-12-21,Brentford,Nottingham Forest,0.06916207009775774,-0.04011041381678245,0.0,0.1092724839145402
2024-25,15,2024-12-21,Aston Villa,Manchester City,-0.227943785007051,-0.1261111291043275,0.0,0.3540549141113785
2024-25,15,2024-12-22,Everton,Chelsea,0.11878355727870998,-0.209526529988881,0.0,0.328310087267591
2024-25,15,2024-12-22,Fulham,Southampton,-0.12181996468628578,-0.11294828103593268,0.0,0.23476824572221847
2024-25,15,2024-12-22,Leicester City,Wolverhampton Wanderers,-0.14697181403780776,0.08512408384824156,0.0,0.23209589788604934
2024-25,15,2024-12-22,Manchester United,Bournemouth,-0.06584679357175557,-0.026535514254671072,0.0,0.09238230782642665
2024-25,15,2024-12-22,Tottenham,Liverpool,-0.07517081800234651,-0.2332813162985922,0.0,0.3084521343009387
2024-25,15,2024-12-26,Wolverhampton Wanderers,Manchester United,-0.17843379950138533,0.19212462809301326,0.0,0.3705584275943986
2024-25,15,2024-12-26,Southampton,West Ham United,0.014968137556909247,-0.11297009593413235,0.0,0.1279382334910416
2024-25,15,2024-12-26,Nottingham Forest,Tottenham,-0.1930313521359475,0.021938173301927877,0.0,0.21496952543787537
2024-25,15,2024-12-26,Liverpool,Leicester City,0.042530202399319025,0.010695910776943074,0.0,0.0532261131762621
2024-25,15,2024-12-26,Chelsea,Fulham,0.22494505586776578,0.01583895273759641,0.0,0.2407840086053622
2024-25,15,2024-12-26,Bournemouth,Crystal Palace,-0.13035626183271154,0.009542485873259022,0.0,0.13989874770597055
2024-25,15,2024-12-26,Manchester City,Everton,-0.06859618703870897,-0.04719789922223272,-0.45,0.5657940862609417
2024-25,15,2024-12-26,Newcastle United,Aston Villa,-0.033047055546013095,0.1196773991298064,0.0,0.1527244546758195
2024-25,15,2024-12-27,Brighton and Hove Albion,Brentford,0.07844394375950994,-0.07117740645769458,0.0,0.14962135021720452
2024-25,15,2024-12-27,Arsenal,Ipswich Town,-0.11174809624710003,0.3172324104349212,0.0,0.4289805066820212
2024-25,15,2024-12-29,West Ham United,Liverpool,-0.06196430514117048,0.03036705578452463,0.0,0.0923313609256951
2024-25,15,2024-12-29,Tottenham,Wolverhampton Wanderers,0.22663450391742876,-0.1511077981840446,0.45,0.8277423021014734
2024-25,15,2024-12-29,Fulham,Bournemouth,-0.1669785343744748,-0.06513687954677135,0.0,0.23211541392124613
2024-25,15,2024-12-29,Crystal Palace,Southampton,-0.003565987335977086,0.12585392184586752,0.0,0.1294199091818446
2024-25,15,2024-12-29,Leicester City,Manchester City,0.1638458707416488,-0.1176243227900099,0.0,0.2814701935316587
2024-25,15,2024-12-29,Everton,Nottingham Forest,-0.0035301343623068346,0.07773375330981527,0.0,0.08126388767212211
2024-25,15,2024-12-30,Aston Villa,Brighton and Hove Albion,0.0737507311508854,0.20797857483733184,0.0,0.2817293059882172
2024-25,15,2024-12-30,Ipswich Town,Chelsea,-0.11056589677396407,-0.2209387004889474,0.0,0.3315045972629115
2024-25,15,2024-12-30,Manchester United,Newcastle United,-0.19795428896356465,0.21867081765026225,0.0,0.4166251066138269
2024-25,15,2025-01-01,Brentford,Arsenal,0.04983743143997664,-0.0762119728977379,0.0,0.12604940433771455
2024-25,15,2025-01-04,Southampton,Brentford,-0.15344451614519358,-0.036538674244489255,0.0,0.18998319038968284
2024-25,15,2025-01-04,Brighton and Hove Albion,Arsenal,-0.21690001204596443,0.04581183086037551,0.0,0.2627118429063399
2024-25,15,2025-01-04,Manchester City,West Ham United,-0.048144414696955906,-0.0015951742543588443,0.0,0.04973958895131475
2024-25,15,2025-01-04,Bournemouth,Everton,0.013776102502353893,-0.12951426464749566,0.0,0.14329036714984955
2024-25,15,2025-01-04,Aston Villa,Leicester City,0.00516874976832031,-0.04259727751231491,0.45,0.49776602728063524
2024-25,15,2025-01-04,Tottenham,Newcastle United,0.1505945340906884,-0.1969746555028209,0.0,0.3475691895935093
2024-25,15,2025-01-04,Crystal Palace,Chelsea,0.04853065593948023,-0.07117901814456822,0.0,0.11970967408404845
2024-25,15,2025-01-05,Fulham,Ipswich Town,-0.011740534130919834,0.010268014504867962,0.0,0.022008548635787797
2024-25,15,2025-01-05,Liverpool,Manchester United,-0.056498246978261835,0.15328471881561181,0.0,0.20978296579387365
2024-25,15,2025-01-06,Wolverhampton Wanderers,Nottingham Forest,-0.12316328561667599,-0.10350827150594362,0.0,0.2266715571226196
2024-25,15,2025-01-14,Brentford,Manchester City,0.10466138360118947,-0.05270277128650276,0.0,0.15736415488769223
2024-25,15,2025-01-14,Chelsea,Bournemouth,0.13588321726331323,0.054530202021967955,0.0,0.1904134192852812
2024-25,15,2025-01-14,West Ham United,Fulham,-0.04376595076188982,0.013242632920165073,0.0,0.05700858368205489
2024-25,15,2025-01-14,Nottingham Forest,Liverpool,0.046557314964588856,-0.06364097304391703,0.0,0.11019828800850588
2024-25,15,2025-01-15,Newcastle United,Wolverhampton Wanderers,0.0599989412819891,0.1969249573522467,0.0,0.2569238986342358
2024-25,15,2025-01-15,Everton,Aston Villa,-0.0025998415044268947,-0.01746077002993125,0.0,0.020060611534358144
2024-25,15,2025-01-15,Leicester City,Crystal Palace,-0.14712874985270047,-0.05082326447011551,0.0,0.19795201432281598
2024-25,15,2025-01-15,Arsenal,Tottenham,-0.03656642553496174,0.13198539240321322,0.0,0.16855181793817497
2024-25,15,2025-01-16,Manchester United,Southampton,-0.03561797545354031,0.15508551703682183,0.0,0.19070349249036214
2024-25,15,2025-01-16,Ipswich Town,Brighton and Hove Albion,0.13772356000749297,-0.11960345138096898,0.0,0.2573270113884619
2024-25,15,2025-01-18,Newcastle United,Bournemouth,-0.029322040296606205,0.061300283337729924,-0.45,0.5406223236343362
2024-25,15,2025-01-18,Brentford,Liverpool,-0.03128011198053319,-0.020513770403826792,0.0,0.05179388238435998
2024-25,15,2025-01-18,Leicester City,Fulham,-0.05202495214382391,-0.0033165367728681568,0.0,0.055341488916692064
2024-25,15,2025-01-18,West Ham United,Crystal Palace,0.12578502537968864,0.08344362581038095,0.0,0.2092286511900696
2024-25,15,2025-01-18,Arsenal,Aston Villa,-0.10899173829813635,0.20309344907497162,0.0,0.312085187373108
2024-25,15,2025-01-19,Everton,Tottenham,0.07384841595200363,-0.07281374042705277,0.0,0.14666215637905639
2024-25,15,2025-01-19,Manchester United,Brighton and Hove Albion,-0.06580222635213567,0.14812239569048474,0.0,0.21392462204262042
2024-25,15,2025-01-19,Nottingham Forest,Southampton,-0.04655745787406772,0.13608549398647152,0.0,0.18264295186053925
2024-25,15,2025-01-19,Ipswich Town,Manchester City,0.05413321146319228,0.04676120096829836,0.0,0.10089441243149064
2024-25,15,2025-01-20,Chelsea,Wolverhampton Wanderers,-0.008255701979642656,0.026158299717216234,0.0,0.03441400169685889
2024-25,15,2025-01-25,Wolverhampton Wanderers,Arsenal,-0.03763015174648948,0.10337748863584015,0.0,0.14100764038232963
2024-25,15,2025-01-25,Manchester City,Chelsea,0.2582430302669466,-0.057189273509564154,0.0,0.31543230377651077
2024-25,15,2025-01-25,Southampton,Newcastle United,0.0361919144433648,-0.0029344048366671746,0.0,0.039126319280031976
2024-25,15,2025-01-25,Brighton and Hove Albion,Everton,-0.03976249507289686,0.1044716608259324,0.0,0.14423415589882926
2024-25,15,2025-01-25,Bournemouth,Nottingham Forest,-0.1675302134115736,0.042131780752034935,0.0,0.20966199416360853
2024-25,15,2025-01-25,Liverpool,Ipswich Town,0.0685750846012905,0.1906669095032668,0.0,0.2592419941045573
2024-25,15,2025-01-26,Crystal Palace,Brentford,0.0921262308805188,-0.02249912840419046,0.0,0.11462535928470927
2024-25,15,2025-01-26,Tottenham,Leicester City,0.024924355874400464,0.058685009731095375,0.0,0.08360936560549584
2024-25,15,2025-01-26,Aston Villa,West Ham United,0.055092250951981156,-0.09921489044650127,0.0,0.15430714139848242
2024-25,15,2025-01-26,Fulham,Manchester United,0.027720710768565388,0.010955063106041427,0.0,0.038675773874606814
2024-25,15,2025-02-01,Nottingham Forest,Brighton and Hove Albion,-0.07187605980560983,0.11186082967855066,0.0,0.1837368894841605
2024-25,15,2025-02-01,Bournemouth,Liverpool,-0.09683013937353308,-0.15123629420536117,0.45,0.6980664335788942
2024-25,15,2025-02-01,Everton,Leicester City,0.033363686178004774,-0.10760606026785433,0.45,0.5909697464458591
2024-25,15,2025-02-01,Ipswich Town,Southampton,0.021459330953471488,-0.026299813237636475,0.0,0.047759144191107966
2024-25,15,2025-02-01,Newcastle United,Fulham,-0.02393288165842406,-0.091556600955264,0.0,0.11548948261368805
2024-25,15,2025-02-01,Wolverhampton Wanderers,Aston Villa,-0.07904192547066834,-0.044459965648362916,0.0,0.12350189111903126
2024-25,15,2025-02-02,Manchester United,Crystal Palace,-0.04413754983220289,-0.045020729121102096,0.45,0.539158278953305
2024-25,15,2025-02-02,Arsenal,Manchester City,0.01349570811913825,0.07801987423450399,0.0,0.09151558235364224
2024-25,15,2025-02-02,Brentford,Tottenham,0.03773332956690134,-0.06694775764635966,0.0,0.104681087213261
2024-25,15,2025-02-03,Chelsea,West Ham United,0.15279606763944983,-0.0012938294544725185,0.0,0.15408989709392235
2024-25,15,2025-02-12,Everton,Liverpool,-0.2814150227665964,0.029071120322100127,0.0,0.31048614308869654
2024-25,15,2025-02-14,Brighton and Hove Albion,Chelsea,0.05002303635575868,0.018818883622524842,0.0,0.06884191997828353
2024-25,15,2025-02-15,Leicester City,Arsenal,0.08618456528168815,-0.007043995428958283,0.0,0.09322856071064643
2024-25,15,2025-02-15,Aston Villa,Ipswich Town,0.033032251945105964,0.11213663570967339,0.0,0.14516888765477937
2024-25,15,2025-02-15,Fulham,Nottingham Forest,0.14103458362437227,-0.08597998822682593,0.0,0.2270145718511982
2024-25,15,2025-02-15,Manchester City,Newcastle United,-0.06685863210330079,0.09362266790553049,0.0,0.16048130000883126
2024-25,15,2025-02-15,Southampton,Bournemouth,0.07362183889993662,0.11391212893268422,0.0,0.18753396783262083
2024-25,15,2025-02-15,West Ham United,Brentford,-0.13965697539122224,-0.07239010781908148,0.0,0.21204708321030372
2024-25,15,2025-02-15,Crystal Palace,Everton,-0.016147321668946238,-0.13643102482702577,0.0,0.15257834649597202
2024-25,15,2025-02-16,Tottenham,Manchester United,-0.045774378931962394,0.033578169508925594,0.45,0.529352548440888
2024-25,15,2025-02-16,Liverpool,Wolverhampton Wanderers,0.10617379721157873,0.04534536034740862,0.0,0.15151915755898734
2024-25,15,2025-02-19,Aston Villa,Liverpool,0.1139045378853413,-0.12107208473223098,0.0,0.2349766226175723
2024-25,15,2025-02-21,Leicester City,Brentford,-0.1190561686555783,-0.1462442743263978,0.0,0.2653004429819761
2024-25,15,2025-02-22,Everton,Manchester United,-0.04484302303781322,-0.02824620787082574,0.0,0.07308923090863896
2024-25,15,2025-02-22,Arsenal,West Ham United,0.06839546310235509,-0.057031606786709974,0.0,0.12542706988906505
2024-25,15,2025-02-22,Bournemouth,Wolverhampton Wanderers,0.12653501733016997,0.008791332733905519,0.0,0.1353263500640755
2024-25,15,2025-02-22,Fulham,Crystal Palace,-0.19475865270573972,-0.003441223685163572,0.0,0.1981998763909033
2024-25,15,2025-02-22,Ipswich Town,Tottenham,0.012951605822454505,-0.010447941429762235,0.0,0.02339954725221674
2024-25,15,2025-02-22,Southampton,Brighton and Hove Albion,-0.2789338631628321,0.11609999083354249,0.0,0.3950338539963746
2024-25,15,2025-02-22,Aston Villa,Chelsea,0.08880587518581054,-0.01832721668532198,0.0,0.10713309187113251
2024-25,15,2025-02-23,Newcastle United,Nottingham Forest,0.16984892344669772,0.011898617089942415,0.0,0.18174754053664013
2024-25,15,2025-02-23,Manchester City,Liverpool,-0.1416560576458421,0.17777416181630898,0.0,0.3194302194621511
2024-25,15,2025-02-25,Wolverhampton Wanderers,Fulham,-0.050185379272357486,0.03704985023824234,0.0,0.08723522951059982
2024-25,15,2025-02-25,Chelsea,Southampton,-0.06828551399876812,0.012124534272380402,0.0,0.08041004827114852
2024-25,15,2025-02-25,Brighton and Hove Albion,Bournemouth,-0.04663336338597214,-0.10361283253454318,0.0,0.1502461959205153
2024-25,15,2025-02-25,Crystal Palace,Aston Villa,-0.01032817596878012,0.031378135738340814,0.0,0.041706311707120934
2024-25,15,2025-02-26,Brentford,Everton,0.029203663897321513,0.08985553495993592,0.0,0.11905919885725744
2024-25,15,2025-02-26,Manchester United,Ipswich Town,0.102306643918362,0.051933556402424266,0.0,0.15424020032078628
2024-25,15,2025-02-26,Nottingham Forest,Arsenal,0.15210734322028568,-0.05375198937959524,0.0,0.20585933259988093
2024-25,15,2025-02-26,Tottenham,Manchester City,-0.3400704544180291,0.05741602985358449,0.0,0.3974864842716136
2024-25,15,2025-02-26,Liverpool,Newcastle United,-0.001841428016158872,-0.15354419669433264,0.0,0.1553856247104915
2024-25,15,2025-02-27,West Ham United,Leicester City,-0.17300231899855908,0.024785871414413095,0.0,0.1977881904129722
2024-25,15,2025-03-08,Brentford,Aston Villa,0.02561926012859639,0.01206056273364614,0.0,0.03767982286224253
2024-25,15,2025-03-08,Nottingham Forest,Manchester City,-0.00785445658633992,0.06343030706727179,0.0,0.07128476365361171
2024-25,15,2025-03-08,Brighton and Hove Albion,Fulham,-0.015470328751301735,0.1238791146839256,0.0,0.13934944343522732
2024-25,15,2025-03-08,Crystal Palace,Ipswich Town,-0.1880935391240913,-0.08509103626074559,0.0,0.27318457538483687
2024-25,15,2025-03-08,Liverpool,Southampton,-0.022532955180922645,-0.037902362230505506,0.0,0.06043531741142815
2024-25,15,2025-03-08,Wolverhampton Wanderers,Everton,0.1872097605739543,-0.09589784337182487,-0.45,0.7331076039457791
2024-25,15,2025-03-09,Tottenham,Bournemouth,0.2099505494012825,-0.09260931508001788,0.0,0.30255986448130034
2024-25,15,2025-03-09,Chelsea,Leicester City,-0.09947361006220026,0.030238439134638605,0.0,0.12971204919683887
2024-25,15,2025-03-09,Manchester United,Arsenal,-0.03559808972154367,-0.20894139138003343,0.0,0.24453948110157708
2024-25,15,2025-03-10,West Ham United,Newcastle United,0.0093628457022856,0.06697597130885997,0.0,0.07633881701114557
2024-25,15,2025-03-15,Bournemouth,Brentford,0.13773468869874617,0.13145713328252562,0.0,0.2691918219812718
2024-25,15,2025-03-15,Southampton,Wolverhampton Wanderers,0.03718710008836558,0.005671471861539112,0.0,0.042858571949904695
2024-25,15,2025-03-15,Manchester City,Brighton and Hove Albion,-0.029015315107953507,0.12154204323695234,0.0,0.15055735834490586
2024-25,15,2025-03-15,Everton,West Ham United,-0.12673716408398877,0.17255379979580424,0.0,0.29929096387979304
2024-25,15,2025-03-15,Ipswich Town,Nottingham Forest,-0.19827591319266608,0.1161558825156853,0.0,0.3144317957083514
2024-25,15,2025-03-16,Arsenal,Chelsea,0.07971964114131816,0.15198906011307473,0.0,0.23170870125439288
2024-25,15,2025-03-16,Fulham,Tottenham,-0.07007144559725961,-0.02628634544536379,0.0,0.0963577910426234
2024-25,15,2025-03-16,Leicester City,Manchester United,-0.1318629900859114,-0.04911050221105213,0.0,0.18097349229696352
2024-25,15,2025-04-01,Arsenal,Fulham,-0.04810833443155742,0.08236551620000003,0.0,0.13047385063155745
2024-25,15,2025-04-01,Wolverhampton Wanderers,West Ham United,0.06430864980266299,-0.08840059027055278,0.0,0.15270924007321576
2024-25,15,2025-04-01,Nottingham Forest,Manchester United,0.36678285539590877,0.03389092177581383,0.0,0.4006737771717226
2024-25,15,2025-04-02,Southampton,Crystal Palace,-0.19290118505406711,-0.017154773339461426,0.45,0.6600559583935286
2024-25,15,2025-04-02,Newcastle United,Brentford,-0.05763410248337518,0.0011916020009732978,0.0,0.05882570448434848
2024-25,15,2025-04-02,Liverpool,Everton,-0.07921459018723477,-0.05273967143546399,-0.45,0.5819542616226988
2024-25,15,2025-04-02,Brighton and Hove Albion,Aston Villa,-0.07106100343643457,0.12741991852725182,0.0,0.19848092196368639
2024-25,15,2025-04-02,Bournemouth,Ipswich Town,-0.024568489048132334,-0.04101367134343507,0.0,0.0655821603915674
2024-25,15,2025-04-02,Manchester City,Leicester City,0.16656937461696344,-0.09687852036434152,0.0,0.26344789498130494
2024-25,15,2025-04-03,Chelsea,Tottenham,0.11329783645882847,-0.014613656351514064,0.0,0.12791149281034253
2024-25,15,2025-04-05,Everton,Arsenal,-0.007590000252864423,-0.18842927954242308,0.0,0.1960192797952875
2024-25,15,2025-04-05,Crystal Palace,Brighton and Hove Albion,-0.10016051027620707,0.000950483042040387,0.0,0.10111099331824745
2024-25,15,2025-04-05,Ipswich Town,Wolverhampton Wanderers,0.05230341891788015,-0.12596587776976045,0.0,0.1782692966876406
2024-25,15,2025-04-05,West Ham United,Bournemouth,0.10116715684407922,-0.05732859693602374,0.0,0.15849575378010294
2024-25,15,2025-04-05,Aston Villa,Nottingham Forest,0.01172730542517173,-0.048349982105612435,0.0,0.06007728753078417
2024-25,15,2025-04-06,Brentford,Chelsea,0.024364135206969274,0.01751531460947548,0.0,0.04187944981644476
2024-25,15,2025-04-06,Fulham,Liverpool,-0.09416537840297368,0.04931751034166924,0.0,0.14348288874464293
2024-25,15,2025-04-06,Tottenham,Southampton,0.3145118115768614,-0.05397458265817163,0.0,0.36848639423503304
2024-25,15,2025-04-06,Manchester United,Manchester City,0.12426233792491352,-0.10015515752676593,0.0,0.22441749545167944
2024-25,15,2025-04-07,Leicester City,Newcastle United,-0.00824683717583053,-0.09595576837205447,0.0,0.10420260554788499
2024-25,15,2025-04-12,Southampton,Aston Villa,-0.057176552989830126,0.01227226789351785,0.0,0.06944882088334797
2024-25,15,2025-04-12,Nottingham Forest,Everton,-0.15536647214085117,0.08979590737879188,0.0,0.24516237951964304
2024-25,15,2025-04-12,Arsenal,Brentford,-0.06765581309561378,0.13590298557814318,0.0,0.20355879867375695
2024-25,15,2025-04-12,Manchester City,Crystal Palace,0.01456471178438444,0.12222728290741289,0.0,0.13679199469179731
2024-25,15,2025-04-12,Brighton and Hove Albion,Leicester City,-0.10804046276386974,0.08838487523898977,0.45,0.6464253380028595
2024-25,15,2025-04-13,Chelsea,Ipswich Town,-0.14727010511000987,-0.04389333074341565,0.0,0.19116343585342552
2024-25,15,2025-04-13,Liverpool,West Ham United,-0.03826419926488271,0.047668445281571506,0.0,0.08593264454645422
2024-25,15,2025-04-13,Wolverhampton Wanderers,Tottenham,-0.07626360697649584,-0.026946827558019172,0.0,0.103210434534515
2024-25,15,2025-04-13,Newcastle United,Manchester United,0.08678713001098094,-0.037479174969584146,0.0,0.1242663049805651
2024-25,15,2025-04-14,Bournemouth,Fulham,-0.17451068952302196,0.1407828276764727,0.0,0.31529351719949467
2024-25,15,2025-04-16,Newcastle United,Crystal Palace,0.09696233788899492,0.09307374150781246,0.0,0.1900360793968074
2024-25,15,2025-04-19,Brentford,Brighton and Hove Albion,-0.19094608678365127,0.07127136900128901,0.0,0.26221745578494027
2024-25,15,2025-04-19,Crystal Palace,Bournemouth,-0.2151294164621812,0.03189449547445567,-0.45,0.6970239119366368
2024-25,15,2025-04-19,Everton,Manchester City,0.036890351083418184,0.08191659503721704,0.0,0.11880694612063522
2024-25,15,2025-04-19,West Ham United,Southampton,0.028791735074694354,0.1610223390630301,0.0,0.18981407413772444
2024-25,15,2025-04-19,Aston Villa,Newcastle United,0.39008613811461545,-0.17895529049155484,0.0,0.5690414286061702
2024-25,15,2025-04-20,Leicester City,Liverpool,-0.020636992670173583,-0.017246668282059813,0.0,0.037883660952233396
2024-25,15,2025-04-20,Manchester United,Wolverhampton Wanderers,-0.04544989294764529,0.12314432755682149,0.0,0.16859422050446676
2024-25,15,2025-04-20,Fulham,Chelsea,-0.045362460340325164,0.06289141045569795,0.0,0.10825387079602311
2024-25,15,2025-04-20,Ipswich Town,Arsenal,-0.22763251393472395,-0.19720971037224438,-0.45,0.8748422243069683
2024-25,15,2025-04-21,Tottenham,Nottingham Forest,0.034717558211445586,-0.0017107062175034937,0.0,0.03642826442894908
2024-25,15,2025-04-22,Manchester City,Aston Villa,0.05627731746277436,0.03780363262507837,0.0,0.09408095008785272
2024-25,15,2025-04-23,Arsenal,Crystal Palace,0.017735433785458415,0.19519816129762252,0.0,0.21293359508308093
2024-25,15,2025-04-26,Chelsea,Everton,-0.19100809449612552,0.04849097315789717,0.0,0.23949906765402268
2024-25,15,2025-04-26,Brighton and Hove Albion,West Ham United,0.05155583336977285,-0.19235436730822178,0.0,0.24391020067799463
2024-25,15,2025-04-26,Newcastle United,Ipswich Town,-0.1478586093818367,0.001460349917120238,0.0,0.14931895929895694
2024-25,15,2025-04-26,Southampton,Fulham,0.05735334795593415,0.17269596569529616,0.0,0.23004931365123032
2024-25,15,2025-04-26,Wolverhampton Wanderers,Leicester City,0.10353056518624933,0.021981971245461127,0.0,0.12551253643171045
2024-25,15,2025-04-27,Bournemouth,Manchester United,-0.09436729611164148,0.14958788727633676,0.0,0.24395518338797822
2024-25,15,2025-04-27,Liverpool,Tottenham,-0.04372363510806285,-0.12869174644182374,0.0,0.1724153815498866
2024-25,15,2025-05-01,Nottingham Forest,Brentford,0.042151226732050684,0.2007535160868123,0.0,0.24290474281886298
2024-25,15,2025-05-02,Manchester City,Wolverhampton Wanderers,0.008538645052408183,-0.12935188605439538,0.0,0.13789053110680355
2024-25,15,2025-05-03,Arsenal,Bournemouth,0.2455167217876048,-0.07400270408191326,0.0,0.3195194258695181
2024-25,15,2025-05-03,Leicester City,Southampton,-0.017083764112524526,0.15319188839530515,0.0,0.17027565250782967
2024-25,15,2025-05-03,Aston Villa,Fulham,-0.19591853762092745,0.055740076638373035,0.0,0.2516586142593005
2024-25,15,2025-05-03,Everton,Ipswich Town,0.1321414910468275,-0.026712619768021105,0.0,0.1588541108148486
2024-25,15,2025-05-04,Brentford,Manchester United,0.006682389470335604,0.15651045717001713,0.0,0.16319284664035275
2024-25,15,2025-05-04,Brighton and Hove Albion,Newcastle United,0.06851147185415359,0.23181614618599045,0.0,0.300327618040144
2024-25,15,2025-05-04,West Ham United,Tottenham,0.12849442167800715,-0.02240640419220713,0.0,0.15090082587021428
2024-25,15,2025-05-04,Chelsea,Liverpool,0.04083319517875715,-0.09628695178247712,0.0,0.13712014696123426
2024-25,15,2025-05-05,Crystal Palace,Nottingham Forest,-0.064910779372091,0.19015010065321203,0.0,0.255060880025303
2024-25,15,2025-05-10,Fulham,Everton,-0.025764670643075086,0.16139442395011436,0.0,0.18715909459318944
2024-25,15,2025-05-10,Ipswich Town,Brentford,0.005239920720233356,0.07242710973398334,0.0,0.07766703045421669
2024-25,15,2025-05-10,Southampton,Manchester City,0.1643501395828434,-0.0741294308759454,0.0,0.2384795704587888
2024-25,15,2025-05-10,Wolverhampton Wanderers,Brighton and Hove Albion,0.12256902843531806,-0.10202283366278662,0.0,0.22459186209810467
2024-25,15,2025-05-10,Bournemouth,Aston Villa,-0.19746994534152118,-0.006290635506586557,0.0,0.20376058084810775
2024-25,15,2025-05-11,Liverpool,Arsenal,-0.039995518275020236,-0.013661463375823878,0.0,0.053656981650844114
2024-25,15,2025-05-11,Tottenham,Crystal Palace,0.13031612758145156,-0.04803132609196148,0.0,0.17834745367341304
2024-25,15,2025-05-11,Newcastle United,Chelsea,0.10525581136098294,0.04790219027439892,0.0,0.15315800163538185
2024-25,15,2025-05-11,Manchester United,West Ham United,-0.11280961074912388,-0.003517604125857117,0.0,0.11632721487498099
2024-25,15,2025-05-11,Nottingham Forest,Leicester City,-0.23926682312252176,-0.0938954454893635,0.0,0.33316226861188525
2024-25,15,2025-05-16,Aston Villa,Tottenham,-0.06875586658649299,-0.14130651239430608,0.0,0.21006237898079907
2024-25,15,2025-05-16,Chelsea,Manchester United,-0.005217322461096494,-0.06850087302528471,0.0,0.0737181954863812
2024-25,15,2025-05-18,Arsenal,Newcastle United,-0.09192757301964027,0.03639082997676954,0.0,0.1283184029964098
2024-25,15,2025-05-18,Everton,Southampton,0.07425563247677526,-0.10623513627199965,0.0,0.1804907687487749
2024-25,15,2025-05-18,West Ham United,Nottingham Forest,-0.07173997196954698,0.00035668040300419757,0.0,0.07209665237255118
2024-25,15,2025-05-18,Brentford,Fulham,0.007528630482772317,-0.09656461319195271,0.0,0.10409324367472503
2024-25,15,2025-05-18,Leicester City,Ipswich Town,-0.10931569652375792,-0.13276957433969738,0.0,0.2420852708634553
2024-25,15,2025-05-19,Brighton and Hove Albion,Liverpool,-0.08995219768309437,-0.006981626598080763,0.0,0.09693382428117514
2024-25,15,2025-05-20,Manchester City,Bournemouth,-0.06606934264310303,0.1606021796901299,0.0,0.22667152233323296
2024-25,15,2025-05-20,Crystal Palace,Wolverhampton Wanderers,0.028564856138248353,0.05213727677417691,0.0,0.08070213291242527
2024-25,15,2025-05-25,Wolverhampton Wanderers,Brentford,-0.10853928724178387,0.10450448495235466,0.0,0.21304377219413853
2024-25,15,2025-05-25,Tottenham,Brighton and Hove Albion,-0.16277172620708996,0.026858570683190554,0.0,0.18963029689028052
2024-25,15,2025-05-25,Nottingham Forest,Chelsea,0.058368060123140886,0.009009296510524453,0.0,0.06737735663366534
2024-25,15,2025-05-25,Southampton,Arsenal,-0.05839683654371475,0.13393814092586498,0.0,0.19233497746957973
2024-25,15,2025-05-25,Newcastle United,Everton,-0.012903536319314405,-0.02495296819552734,0.0,0.037856504514841745
2024-25,15,2025-05-25,Fulham,Manchester City,-0.055083960993015726,0.26508896797233,0.0,0.3201729289653457
2024-25,15,2025-05-25,Liverpool,Crystal Palace,-0.21389563315715443,-0.17491327570757162,0.0,0.3888089088647261
2024-25,15,2025-05-25,Ipswich Town,West Ham United,-0.06857105750813143,-0.05857461799737594,0.45,0.5771456755055073
2024-25,15,2025-05-25,Bournemouth,Leicester City,-0.18844126816168422,-0.047171822532510746,0.0,0.23561309069419495
2024-25,15,2025-05-25,Manchester United,Aston Villa,0.04191544480205232,-0.018280740841569748,0.45,0.5101961856436221
2025-26,15,2025-08-15,Liverpool,Bournemouth,0.22334366964418928,0.053370942053234505,-0.45,0.7267146116974238
2025-26,15,2025-08-16,Tottenham,Burnley,-0.09876939666898711,-0.04257027890008909,0.0,0.1413396755690762
2025-26,15,2025-08-16,Sunderland,West Ham United,-0.14858460680875923,0.19351544970216047,0.0,0.3421000565109197
2025-26,15,2025-08-16,Wolverhampton Wanderers,Manchester City,0.14166991252244976,-0.15740910964557314,0.0,0.2990790221680229
2025-26,15,2025-08-16,Aston Villa,Newcastle United,-0.011824258231576984,-0.1055138905733809,0.0,0.11733814880495788
2025-26,15,2025-08-16,Brighton and Hove Albion,Fulham,0.09561101281449731,-0.046056104736422215,0.0,0.14166711755091954
2025-26,15,2025-08-17,Chelsea,Crystal Palace,0.18736730789731768,-0.005549129353469531,0.0,0.19291643725078722
2025-26,15,2025-08-17,Nottingham Forest,Brentford,0.03567164338524505,0.044398990651321454,0.0,0.0800706340365665
2025-26,15,2025-08-17,Manchester United,Arsenal,0.17306455500082968,0.1706589617255052,0.45,0.7937235167263349
2025-26,15,2025-08-18,Leeds United,Everton,-0.08162724345457581,-0.14200265339986623,0.0,0.22362989685444204
2025-26,15,2025-08-22,West Ham United,Chelsea,-0.049339518579529264,0.080672580988525,0.0,0.13001209956805426
2025-26,15,2025-08-23,Burnley,Sunderland,0.07351364097208817,-0.021317316812257733,0.0,0.0948309577843459
2025-26,15,2025-08-23,Manchester City,Tottenham,-0.05051802946077012,0.06303389299361888,0.0,0.113551922454389
2025-26,15,2025-08-23,Bournemouth,Wolverhampton Wanderers,-0.011983867451943468,0.09100376884842763,0.0,0.1029876363003711
2025-26,15,2025-08-23,Brentford,Aston Villa,-0.004734427870115708,0.010928616624320972,0.0,0.01566304449443668
2025-26,15,2025-08-23,Arsenal,Leeds United,0.022442399726661677,0.04380384465826626,0.0,0.06624624438492793
2025-26,15,2025-08-24,Everton,Brighton and Hove Albion,-0.05354249425940127,-0.02603451430432512,0.0,0.07957700856372639
2025-26,15,2025-08-24,Crystal Palace,Nottingham Forest,0.035899980783300756,0.12296569375688085,0.45,0.6088656745401816
2025-26,15,2025-08-24,Fulham,Manchester United,-0.2879622722470373,0.11593266058724429,0.0,0.4038949328342816
2025-26,15,2025-08-25,Newcastle United,Liverpool,-0.000853272879790451,0.0103132096102947,0.0,0.011166482490085151
2025-26,15,2025-08-30,Chelsea,Fulham,0.10612879696285832,0.04621051921465335,0.0,0.15233931617751167
2025-26,15,2025-08-30,Manchester United,Burnley,-0.04304524391425902,0.1038942233393299,0.0,0.14693946725358892
2025-26,15,2025-08-30,Sunderland,Brentford,-0.1116036356304354,0.1988961684204797,0.0,0.3104998040509151
2025-26,15,2025-08-30,Tottenham,Bournemouth,0.09950290099779804,0.0008720299696803879,0.0,0.10037493096747843
2025-26,15,2025-08-30,Wolverhampton Wanderers,Everton,0.11903028688579573,0.0611835776807091,0.0,0.18021386456650484
2025-26,15,2025-08-30,Leeds United,Newcastle United,0.0529718794857762,0.10863188344237508,0.0,0.16160376292815126
2025-26,15,2025-08-31,Brighton and Hove Albion,Manchester City,-0.05993750112107612,-0.1306639664374838,0.0,0.19060146755855992
2025-26,15,2025-08-31,Nottingham Forest,West Ham United,-0.3178241100540592,0.01132399119697651,0.0,0.3291481012510357
2025-26,15,2025-08-31,Liverpool,Arsenal,-0.12373458813052393,0.06080385106920563,0.0,0.18453843919972956
2025-26,15,2025-08-31,Aston Villa,Crystal Palace,-0.07994857361117587,-0.08016083819650699,0.0,0.16010941180768284
2025-26,15,2025-09-13,Brentford,Chelsea,-0.08531875575980158,0.2637746834846636,0.0,0.3490934392444652
2025-26,15,2025-09-13,West Ham United,Tottenham,-0.039054556258309475,-0.08581591175561544,0.0,0.12487046801392492
2025-26,15,2025-09-13,Newcastle United,Wolverhampton Wanderers,0.16353865546978605,-0.032562895552519046,0.0,0.1961015510223051
2025-26,15,2025-09-13,Fulham,Leeds United,0.2231450561968743,0.16286676791809973,0.0,0.38601182411497403
2025-26,15,2025-09-13,Everton,Aston Villa,0.24770877434433136,0.0045782383705246215,0.0,0.252287012714856
2025-26,15,2025-09-13,Crystal Palace,Sunderland,0.05441360400285174,0.20693408613531666,0.0,0.2613476901381684
2025-26,15,2025-09-13,Bournemouth,Brighton and Hove Albion,-0.08414342525325552,-0.12005499230753422,0.0,0.20419841756078974
2025-26,15,2025-09-13,Arsenal,Nottingham Forest,-0.07214301097061779,0.06069068125378882,0.0,0.1328336922244066
2025-26,15,2025-09-14,Burnley,Liverpool,-0.08711078727582752,0.03597206975751648,0.0,0.12308285703334401
2025-26,15,2025-09-14,Manchester City,Manchester United,0.09806904715053162,0.17106956241343482,0.0,0.26913860956396646
2025-26,15,2025-09-20,Liverpool,Everton,0.04921573113497666,-0.11757445272378156,0.0,0.1667901838587582
2025-26,15,2025-09-20,Brighton and Hove Albion,Tottenham,0.021957128036236742,-0.09826833817977515,0.0,0.12022546621601189
2025-26,15,2025-09-20,Burnley,Nottingham Forest,0.0204806711855643,-0.11845409218027952,0.0,0.13893476336584382
2025-26,15,2025-09-20,West Ham United,Crystal Palace,-0.10395568697336866,-0.11743418772501107,0.0,0.22138987469837973
2025-26,15,2025-09-20,Wolverhampton Wanderers,Leeds United,-0.00711500393474381,0.04645281524548997,0.0,0.05356781918023378
2025-26,15,2025-09-20,Manchester United,Chelsea,0.05616001021448327,0.07255231461879709,0.0,0.12871232483328035
2025-26,15,2025-09-20,Fulham,Brentford,-0.1858986848270312,-0.054224703169033564,0.0,0.24012338799606475
2025-26,15,2025-09-21,Arsenal,Manchester City,0.037776303921233864,0.10326477473379025,0.0,0.14104107865502413
2025-26,15,2025-09-21,Sunderland,Aston Villa,0.008220284625694997,0.0020497989361692587,0.0,0.010270083561864256
2025-26,15,2025-09-21,Bournemouth,Newcastle United,-0.007091726407830413,0.10714810975622699,0.0,0.1142398361640574
2025-26,15,2025-09-27,Brentford,Manchester United,-0.14646181259437,-0.10552108830629943,0.0,0.25198290090066944
2025-26,15,2025-09-27,Chelsea,Brighton and Hove Albion,0.19915333950282443,0.11392632535608127,0.0,0.3130796648589057
2025-26,15,2025-09-27,Crystal Palace,Liverpool,0.12409370061090844,-0.05934883023300079,0.0,0.1834425308439092
2025-26,15,2025-09-27,Leeds United,Bournemouth,-0.037183045320661856,0.11092838194079496,0.0,0.14811142726145682
2025-26,15,2025-09-27,Manchester City,Burnley,-0.037997519736795764,-0.19346418161200865,0.45,0.6814617013488045
2025-26,15,2025-09-27,Nottingham Forest,Sunderland,0.11323286673440072,0.07814371453482315,0.0,0.19137658126922386
2025-26,15,2025-09-27,Tottenham,Wolverhampton Wanderers,0.11405039848672975,0.11648803259003172,0.0,0.23053843107676147
2025-26,15,2025-09-28,Aston Villa,Fulham,0.015771724500276,-0.1764378610301635,0.0,0.19220958553043951
2025-26,15,2025-09-28,Newcastle United,Arsenal,0.1433194790570686,-0.09061801877773662,-0.45,0.6839374978348052
2025-26,15,2025-09-29,Everton,West Ham United,0.021776923878488327,-0.0757709283521012,0.0,0.09754785223058952
2025-26,15,2025-10-03,Bournemouth,Fulham,-0.00683389172849673,-0.012318769506753879,0.0,0.01915266123525061
2025-26,15,2025-10-04,Chelsea,Liverpool,-0.00834408027279409,-0.0070683549622067715,0.0,0.015412435235000861
2025-26,15,2025-10-04,Manchester United,Sunderland,-0.015861047505226968,0.13249596838085315,0.0,0.1483570158860801
2025-26,15,2025-10-04,Leeds United,Tottenham,-0.015150917596009075,-0.0958993739780131,0.0,0.11105029157402217
2025-26,15,2025-10-04,Arsenal,West Ham United,-0.1203261370123333,0.11649301478960905,0.0,0.23681915180194235
2025-26,15,2025-10-05,Aston Villa,Burnley,-0.15405217159074633,-0.011126545985039267,0.0,0.1651787175757856
2025-26,15,2025-10-05,Everton,Crystal Palace,0.0016788789369179824,0.034089715041668835,0.0,0.03576859397858682
2025-26,15,2025-10-05,Newcastle United,Nottingham Forest,-0.0012831488492938414,0.08256223425265836,0.45,0.5338453831019522
2025-26,15,2025-10-05,Wolverhampton Wanderers,Brighton and Hove Albion,0.13544062636251944,0.11277493987001665,0.0,0.2482155662325361
2025-26,15,2025-10-05,Brentford,Manchester City,0.011190594303830022,0.08117817254571394,0.45,0.5423687668495439
2025-26,15,2025-10-18,Fulham,Arsenal,0.06983958161936839,-0.028965197526605122,0.0,0.0988047791459735
2025-26,15,2025-10-18,Nottingham Forest,Chelsea,0.08097861402535983,-0.03183939392611547,0.0,0.1128180079514753
2025-26,15,2025-10-18,Brighton and Hove Albion,Newcastle United,-0.10020365025345543,0.17442193208944592,0.0,0.27462558234290135
2025-26,15,2025-10-18,Burnley,Leeds United,-0.02099416271939559,0.20657119250914643,0.0,0.22756535522854202
2025-26,15,2025-10-18,Crystal Palace,Bournemouth,-0.1982963920910784,-0.02853971731558067,0.0,0.22683610940665908
2025-26,15,2025-10-18,Manchester City,Everton,-0.08140935599726665,-0.08882442000769364,0.0,0.17023377600496029
2025-26,15,2025-10-18,Sunderland,Wolverhampton Wanderers,-0.15268018529803384,0.13095384340631838,0.0,0.2836340287043522
2025-26,15,2025-10-19,Liverpool,Manchester United,0.11303146197916641,0.04015116194353685,0.0,0.15318262392270326
2025-26,15,2025-10-19,Tottenham,Aston Villa,0.0641554515353539,-0.046510750453289874,0.0,0.11066620198864377
2025-26,15,2025-10-20,West Ham United,Brentford,-0.04139315575189664,-0.23197743218575856,0.0,0.27337058793765523
2025-26,15,2025-10-24,Leeds United,West Ham United,0.018307414080952465,-0.057191390868513325,0.0,0.07549880494946579
2025-26,15,2025-10-25,Chelsea,Sunderland,-0.08187093277807703,0.04495179295376826,0.0,0.12682272573184528
2025-26,15,2025-10-25,Newcastle United,Fulham,0.05269969477021093,-0.07218784027916317,0.0,0.1248875350493741
2025-26,15,2025-10-25,Manchester United,Brighton and Hove Albion,0.05927941594459518,0.22178776438299927,0.0,0.2810671803275945
2025-26,15,2025-10-25,Brentford,Liverpool,0.03591616671249016,-0.007757674883868748,0.0,0.04367384159635891
2025-26,15,2025-10-26,Arsenal,Crystal Palace,-0.1562369763238739,0.09075716346547547,0.0,0.24699413978934937
2025-26,15,2025-10-26,Aston Villa,Manchester City,0.017902513026535824,0.09396336079207918,0.0,0.111865873818615
2025-26,15,2025-10-26,Bournemouth,Nottingham Forest,-0.037893734307112334,0.08255016020081654,0.0,0.12044389450792888
2025-26,15,2025-10-26,Wolverhampton Wanderers,Burnley,0.2504510970057194,-0.03092577510497385,0.0,0.28137687211069323
2025-26,15,2025-10-26,Everton,Tottenham,0.24032371391392116,0.010322205066054472,0.0,0.2506459189799756
2025-26,15,2025-11-01,Liverpool,Aston Villa,-0.0530880028853725,0.08932526608613717,0.0,0.14241326897150966
2025-26,15,2025-11-01,Tottenham,Chelsea,-0.17668374874748233,-0.006726049781905519,0.0,0.18340979852938785
2025-26,15,2025-11-01,Nottingham Forest,Manchester United,-0.10516429155450788,0.023404742061031804,0.0,0.12856903361553967
2025-26,15,2025-11-01,Crystal Palace,Brentford,0.04015550337930664,-0.2500013046118754,0.45,0.740156807991182
2025-26,15,2025-11-01,Burnley,Arsenal,0.019486728664180695,0.11370302447873326,0.0,0.13318975314291395
2025-26,15,2025-11-01,Brighton and Hove Albion,Leeds United,-0.07551289740427243,-0.12509947294628482,0.0,0.20061237035055723
2025-26,15,2025-11-01,Fulham,Wolverhampton Wanderers,0.047281024089948956,-0.01132266035163814,0.0,0.058603684441587096
2025-26,15,2025-11-02,West Ham United,Newcastle United,-0.1555887827761049,-0.08669325102121614,0.0,0.24228203379732105
2025-26,15,2025-11-02,Manchester City,Bournemouth,-0.049465177207734023,-0.04319298558590287,0.0,0.0926581627936369
2025-26,15,2025-11-03,Sunderland,Everton,-0.05794356895726118,0.05429221129774996,0.0,0.11223578025501113
2025-26,15,2025-11-08,Tottenham,Manchester United,0.02120990914059486,0.0172874538630225,0.0,0.03849736300361736
2025-26,15,2025-11-08,Everton,Fulham,0.23967117209765415,0.09812099860992175,0.0,0.3377921707075759
2025-26,15,2025-11-08,West Ham United,Burnley,-0.05842295243366116,0.12966871692242943,0.0,0.1880916693560906
2025-26,15,2025-11-08,Sunderland,Arsenal,0.027207898541633746,-0.04624050206713668,0.0,0.07344840060877042
2025-26,15,2025-11-08,Chelsea,Wolverhampton Wanderers,-0.1476982141917869,-0.019380919650601906,0.0,0.1670791338423888
2025-26,15,2025-11-09,Manchester City,Liverpool,0.019958590974450796,-0.11659328763939503,0.0,0.13655187861384582
2025-26,15,2025-11-09,Nottingham Forest,Leeds United,0.0445232032433705,0.12766577616000307,0.0,0.17218897940337358
2025-26,15,2025-11-09,Brentford,Newcastle United,-0.14971746744720787,0.11189264038732583,0.0,0.2616101078345337
2025-26,15,2025-11-09,Aston Villa,Bournemouth,-0.027519260439301543,-0.13306474823813444,0.0,0.160584008677436
2025-26,15,2025-11-09,Crystal Palace,Brighton and Hove Albion,-0.11742474412512893,-0.19891125738500992,0.0,0.31633600151013885
2025-26,15,2025-11-22,Burnley,Chelsea,0.11538387985108825,-0.08193467201154922,0.0,0.19731855186263747
2025-26,15,2025-11-22,Bournemouth,West Ham United,0.13377809753268052,-0.06074107394624294,0.0,0.19451917147892345
2025-26,15,2025-11-22,Brighton and Hove Albion,Brentford,0.03434292341389414,-0.14199734517784654,0.0,0.17634026859174068
2025-26,15,2025-11-22,Fulham,Sunderland,-0.013492740839472273,-0.03364609002405777,0.0,0.047138830863530046
2025-26,15,2025-11-22,Liverpool,Nottingham Forest,0.05537444742634197,-0.11036658250317882,0.0,0.16574102992952078
2025-26,15,2025-11-22,Wolverhampton Wanderers,Crystal Palace,-0.051591873265789484,-0.08289439178909583,0.0,0.1344862650548853
2025-26,15,2025-11-22,Newcastle United,Manchester City,-0.07769632674836824,-0.016053020605665026,0.0,0.09374934735403326
2025-26,15,2025-11-23,Leeds United,Aston Villa,-0.11288845525953509,-0.051148958328331384,0.0,0.16403741358786647
2025-26,15,2025-11-23,Arsenal,Tottenham,0.13782591406353345,0.12380731576853862,0.0,0.26163322983207205
2025-26,15,2025-11-24,Manchester United,Everton,-0.037951131548192296,0.07882353609655857,0.0,0.11677466764475086
2025-26,15,2025-11-29,Manchester City,Leeds United,-0.1948640456502114,0.07388249430919758,0.0,0.268746539959409
2025-26,15,2025-11-29,Tottenham,Fulham,0.02974183892152641,0.11691642849277675,0.0,0.14665826741430316
2025-26,15,2025-11-29,Everton,Newcastle United,-0.08776294904236728,-0.21756849927459398,0.0,0.30533144831696124
2025-26,15,2025-11-29,Brentford,Burnley,0.006899056578415053,-0.028972651004141793,0.0,0.035871707582556846
2025-26,15,2025-11-29,Sunderland,Bournemouth,-0.052632440555485285,-0.06915493757773691,0.0,0.1217873781332222
2025-26,15,2025-11-30,Crystal Palace,Manchester United,-0.04679134628349039,-0.1629301309565889,0.0,0.20972147724007928
2025-26,15,2025-11-30,Aston Villa,Wolverhampton Wanderers,0.0024941207690324096,0.06076119208771678,0.0,0.06325531285674918
2025-26,15,2025-11-30,Nottingham Forest,Brighton and Hove Albion,-0.01281430924600016,-0.12369675594705569,0.0,0.13651106519305584
2025-26,15,2025-11-30,West Ham United,Liverpool,-0.07336610186137431,0.009017885323926118,0.0,0.08238398718530043
2025-26,15,2025-11-30,Chelsea,Arsenal,0.012611059658138551,-0.0722038565173166,0.0,0.08481491617545515
2025-26,15,2025-12-02,Fulham,Manchester City,0.13523938727988585,0.12445534124836073,0.0,0.2596947285282466
2025-26,15,2025-12-02,Bournemouth,Everton,0.09273960658882612,0.07085438611714992,0.0,0.16359399270597602
2025-26,15,2025-12-02,Newcastle United,Tottenham,-0.013479863571933735,-0.004595157442252001,0.0,0.018075021014185736
2025-26,15,2025-12-03,Leeds United,Chelsea,-0.012787435805135507,0.08804403906271879,0.0,0.10083147486785429
2025-26,15,2025-12-03,Wolverhampton Wanderers,Nottingham Forest,-0.055771773969924526,0.17448832248578372,-0.45,0.6802600964557083
2025-26,15,2025-12-03,Liverpool,Sunderland,-0.09359957072503453,-0.07865631072814838,0.0,0.1722558814531829
2025-26,15,2025-12-03,Brighton and Hove Albion,Aston Villa,-0.149016918874356,0.17349406938489656,0.0,0.32251098825925256
2025-26,15,2025-12-03,Arsenal,Brentford,0.2583726777127716,-0.08280484183325398,0.0,0.3411775195460256
2025-26,15,2025-12-03,Burnley,Crystal Palace,0.005566595108031119,0.08295441523450235,0.0,0.08852101034253347
2025-26,15,2025-12-04,Manchester United,West Ham United,0.1895021711539026,0.19590420632960998,0.0,0.3854063774835126
2025-26,15,2025-12-06,Aston Villa,Arsenal,-0.13832205607047557,0.02056068688318148,0.0,0.15888274295365706
2025-26,15,2025-12-06,Bournemouth,Chelsea,0.008169344189607332,0.03502882473150252,0.0,0.04319816892110985
2025-26,15,2025-12-06,Everton,Nottingham Forest,-0.07691345490061466,-0.1115526459547336,0.0,0.18846610085534826
2025-26,15,2025-12-06,Manchester City,Sunderland,-0.10255424322284037,0.0434271377626473,0.0,0.14598138098548769
2025-26,15,2025-12-06,Newcastle United,Burnley,0.020731326090733596,0.05374574861514559,0.0,0.07447707470587919
2025-26,15,2025-12-06,Tottenham,Brentford,0.13096503575241913,0.22802703372505795,0.0,0.3589920694774771
2025-26,15,2025-12-06,Leeds United,Liverpool,-0.06528155582354055,-0.13478973124615756,0.0,0.20007128706969812
2025-26,15,2025-12-07,Brighton and Hove Albion,West Ham United,0.016327219999920706,-0.10533324412744177,0.0,0.12166046412736248
2025-26,15,2025-12-07,Fulham,Crystal Palace,-0.12420600935667062,0.02684483843059451,0.0,0.15105084778726513
2025-26,15,2025-12-08,Wolverhampton Wanderers,Manchester United,-0.07975247593618692,-0.08736404982676846,0.0,0.16711652576295538
2025-26,15,2025-12-13,Chelsea,Everton,0.09153488952846686,-0.12046117987776392,0.0,0.21199606940623078
2025-26,15,2025-12-13,Liverpool,Brighton and Hove Albion,-0.06799961896780703,0.07792249840431137,0.0,0.1459221173721184
2025-26,15,2025-12-13,Burnley,Fulham,-0.15042284984115814,-0.0031472836567488817,0.0,0.15357013349790702
2025-26,15,2025-12-13,Arsenal,Wolverhampton Wanderers,0.28379062616914574,-0.03346078517798797,0.0,0.3172514113471337
2025-26,15,2025-12-14,Crystal Palace,Manchester City,0.18582458617345232,-0.038130556133417544,0.0,0.22395514230686986
2025-26,15,2025-12-14,Nottingham Forest,Tottenham,-0.17692903989769498,-0.03685725295699248,0.0,0.21378629285468748
2025-26,15,2025-12-14,Sunderland,Newcastle United,-0.15378187521989475,0.05171147058193943,0.0,0.20549334580183418
2025-26,15,2025-12-14,West Ham United,Aston Villa,0.12497534763357923,-0.13113808407233507,0.0,0.2561134317059143
2025-26,15,2025-12-14,Brentford,Leeds United,-0.048080170640609626,0.22603115255599818,0.0,0.2741113231966078
2025-26,15,2025-12-15,Manchester United,Bournemouth,0.07353345864466773,-0.10002151488153545,0.0,0.1735549735262032
2025-26,15,2025-12-20,Leeds United,Crystal Palace,-0.11543642672408938,-0.04443049321166516,0.0,0.15986691993575453
2025-26,15,2025-12-20,Tottenham,Liverpool,0.09611289201591994,-0.03605540038835161,0.45,0.5821682924042716
2025-26,15,2025-12-20,Wolverhampton Wanderers,Brentford,-0.05979051096987466,0.06968360411074659,0.0,0.12947411508062123
2025-26,15,2025-12-20,Everton,Arsenal,0.11255299364513481,-0.0002531968661112849,0.0,0.1128061905112461
2025-26,15,2025-12-20,Brighton and Hove Albion,Sunderland,0.02619749736195788,-0.17027617833405248,0.0,0.19647367569601037
2025-26,15,2025-12-20,Bournemouth,Burnley,0.16363081183489914,0.05540262064820273,0.0,0.21903343248310186
2025-26,15,2025-12-20,Newcastle United,Chelsea,-0.11725102645081291,-0.07879509713609055,0.0,0.19604612358690346
2025-26,15,2025-12-20,Manchester City,West Ham United,-0.05630055980860676,0.20505216817481575,0.0,0.2613527279834225
2025-26,15,2025-12-21,Aston Villa,Manchester United,-0.23030704614871733,0.0843817959516915,0.0,0.3146888421004088
2025-26,15,2025-12-22,Fulham,Nottingham Forest,0.11381784803123307,0.07959666662276887,0.0,0.19341451465400195
2025-26,15,2025-12-26,Manchester United,Newcastle United,0.08977045926138329,-0.03951439216112082,0.0,0.12928485142250412
2025-26,15,2025-12-27,Chelsea,Aston Villa,0.22137238449829594,-0.03256810379117897,0.0,0.2539404882894749
2025-26,15,2025-12-27,West Ham United,Fulham,-0.050336531317544383,0.200421676122379,0.0,0.2507582074399234
2025-26,15,2025-12-27,Liverpool,Wolverhampton Wanderers,0.048834541670504876,-0.08390195463712592,0.0,0.1327364963076308
2025-26,15,2025-12-27,Brentford,Bournemouth,0.06638936198937412,0.04233426870263319,0.0,0.1087236306920073
2025-26,15,2025-12-27,Arsenal,Brighton and Hove Albion,-0.03855403161675172,0.14775647897035582,0.0,0.18631051058710754
2025-26,15,2025-12-27,Nottingham Forest,Manchester City,0.07957714380882508,0.03623247705611353,0.0,0.11580962086493861
2025-26,15,2025-12-27,Burnley,Everton,0.007911929804881382,-0.02416858268753322,0.0,0.0320805124924146
2025-26,15,2025-12-28,Sunderland,Leeds United,0.014101225952212831,0.05894861341298117,0.0,0.07304983936519399
2025-26,15,2025-12-28,Crystal Palace,Tottenham,0.00804900083781932,0.10214117469469204,0.0,0.11019017553251136
2025-26,15,2025-12-30,Arsenal,Aston Villa,-0.08142171885968719,0.09168197149851759,0.0,0.17310369035820478
2025-26,15,2025-12-30,Manchester United,Wolverhampton Wanderers,0.05799867660721089,-0.037410338237370555,0.0,0.09540901484458145
2025-26,15,2025-12-30,West Ham United,Brighton and Hove Albion,0.019920228290513896,0.028166490270173452,0.0,0.048086718560687344
2025-26,15,2025-12-30,Burnley,Newcastle United,0.0841612938258404,-0.04220320559883585,0.0,0.12636449942467626
2025-26,15,2025-12-30,Chelsea,Bournemouth,0.09706672607544937,-0.05987930700506674,0.45,0.6069460330805161
2025-26,15,2025-12-30,Nottingham Forest,Everton,0.052873154634758654,-0.125873165916405,0.0,0.17874632055116363
2025-26,15,2026-01-01,Crystal Palace,Fulham,-0.03184734585848221,0.061919137043105046,0.0,0.09376648290158726
2025-26,15,2026-01-01,Liverpool,Leeds United,0.08316931018195226,0.07165818524769366,0.0,0.1548274954296459
2025-26,15,2026-01-01,Brentford,Tottenham,0.24018906211677665,-0.09926233101340091,0.0,0.3394513931301776
2025-26,15,2026-01-01,Sunderland,Manchester City,0.12541824745669392,-0.008307966677013369,-0.45,0.5837262141337073
2025-26,15,2026-01-03,Aston Villa,Nottingham Forest,0.05129430794039498,-0.013675948816943721,0.0,0.0649702567573387
2025-26,15,2026-01-03,Brighton and Hove Albion,Burnley,-0.05714266863675054,0.02849543965852439,0.0,0.08563810829527493
2025-26,15,2026-01-03,Wolverhampton Wanderers,West Ham United,-0.14062655361623935,0.03873875260078345,0.0,0.1793653062170228
2025-26,15,2026-01-03,Bournemouth,Arsenal,0.0014480372778463493,0.19024756986431215,0.0,0.1916956071421585
2025-26,15,2026-01-04,Manchester City,Chelsea,-0.06058651487746488,0.1049438372284561,0.0,0.16553035210592099
2025-26,15,2026-01-04,Fulham,Liverpool,0.17643322089374358,0.09185074448380882,0.0,0.2682839653775524
2025-26,15,2026-01-04,Tottenham,Sunderland,0.13327996611157242,0.037273945234157356,0.0,0.17055391134572978
2025-26,15,2026-01-04,Everton,Brentford,0.07290717818585409,0.011278961008999791,0.0,0.08418613919485388
2025-26,15,2026-01-04,Leeds United,Manchester United,0.07516707080424845,-0.12181683042222069,0.0,0.19698390122646914
2025-26,15,2026-01-04,Newcastle United,Crystal Palace,0.010272609649826167,-0.019065846343734122,0.0,0.02933845599356029
2025-26,15,2026-01-06,West Ham United,Nottingham Forest,-0.010372003622072553,-0.007761734584201874,0.0,0.018133738206274425
2025-26,15,2026-01-07,Bournemouth,Tottenham,-0.030348100392419475,0.078880024878208,0.0,0.10922812527062747
2025-26,15,2026-01-07,Brentford,Sunderland,-0.07639573959269462,-0.07716092087266846,0.0,0.1535566604653631
2025-26,15,2026-01-07,Crystal Palace,Aston Villa,0.056038129574578405,0.03172416341712287,0.0,0.08776229299170127
2025-26,15,2026-01-07,Everton,Wolverhampton Wanderers,-0.15663007850058186,-0.005152824559595554,0.0,0.16178290306017742
2025-26,15,2026-01-07,Fulham,Chelsea,0.22175893965349958,-0.011709917545458179,0.0,0.23346885719895777
2025-26,15,2026-01-07,Manchester City,Brighton and Hove Albion,-0.06832594990161493,-0.08496975799606472,0.0,0.15329570789767966
2025-26,15,2026-01-07,Burnley,Manchester United,0.009792985563758405,-0.0429306285373956,0.0,0.052723614101154004
2025-26,15,2026-01-07,Newcastle United,Leeds United,-0.15511437187265745,0.05772556006520786,0.0,0.21283993193786532
2025-26,15,2026-01-08,Arsenal,Liverpool,0.00384052490908159,-0.15524866844906474,0.0,0.15908919335814634
2025-26,15,2026-01-17,Nottingham Forest,Arsenal,0.03379088965045939,-0.13563383046412128,0.0,0.16942472011458068
2025-26,15,2026-01-17,Tottenham,West Ham United,-0.048142097270068074,0.20833482667772835,0.0,0.2564769239477964
2025-26,15,2026-01-17,Sunderland,Crystal Palace,-0.08219931023657533,-0.042698397481016295,0.0,0.12489770771759162
2025-26,15,2026-01-17,Liverpool,Burnley,-0.14955993547811414,0.015837331380719584,0.0,0.1653972668588337
2025-26,15,2026-01-17,Chelsea,Brentford,-0.11595449578029157,0.0159381180909344,0.0,0.13189261387122597
2025-26,15,2026-01-17,Manchester United,Manchester City,-0.037219192065746184,0.12247045630096551,0.0,0.15968964836671168
2025-26,15,2026-01-17,Leeds United,Fulham,-0.009116008293962925,0.1275417818964168,0.0,0.1366577901903797
2025-26,15,2026-01-18,Wolverhampton Wanderers,Newcastle United,-0.03949212495922344,0.12937866312630766,0.0,0.1688707880855311
2025-26,15,2026-01-18,Aston Villa,Everton,0.18301267268407473,0.13402430442643648,0.0,0.3170369771105112
2025-26,15,2026-01-19,Brighton and Hove Albion,Bournemouth,0.08179563257109697,0.16809015707619973,0.0,0.24988578964729669
2025-26,15,2026-01-24,West Ham United,Sunderland,-0.10462812593624979,-0.18295620084707803,0.0,0.2875843267833278
2025-26,15,2026-01-24,Burnley,Tottenham,-0.03648372422705497,0.009284197616924984,0.0,0.04576792184397995
2025-26,15,2026-01-24,Fulham,Brighton and Hove Albion,0.12449061247673728,0.07264780412859956,0.0,0.19713841660533682
2025-26,15,2026-01-24,Manchester City,Wolverhampton Wanderers,-0.06624164581134942,-0.014092951321056646,0.0,0.08033459713240607
2025-26,15,2026-01-24,Bournemouth,Liverpool,-0.07261537693348012,-0.20570068792965546,0.0,0.2783160648631356
2025-26,15,2026-01-25,Newcastle United,Aston Villa,0.05000158288946419,-0.04410240499126574,-0.45,0.5441039878807299
2025-26,15,2026-01-25,Arsenal,Manchester United,-0.020988511152966363,0.12033819798192458,0.0,0.14132670913489093
2025-26,15,2026-01-25,Crystal Palace,Chelsea,0.0743932250106373,0.009003884066779315,0.0,0.08339710907741663
2025-26,15,2026-01-25,Brentford,Nottingham Forest,-0.034308627714005224,0.009218231399161957,0.45,0.4935268591131672
2025-26,15,2026-01-26,Everton,Leeds United,0.10814675483666289,0.13312191002457,0.0,0.24126866486123288
2025-26,15,2026-01-31,Brighton and Hove Albion,Everton,-0.14938564277829006,-0.08815370059227176,0.0,0.23753934337056182
2025-26,15,2026-01-31,Leeds United,Arsenal,0.0058048724330920995,-0.01812450083281898,0.0,0.023929373265911078
2025-26,15,2026-01-31,Wolverhampton Wanderers,Bournemouth,0.1712590011870708,0.05519320463077071,0.0,0.2264522058178415
2025-26,15,2026-01-31,Chelsea,West Ham United,-0.05247069031579765,0.02006969016344018,0.0,0.07254038047923783
2025-26,15,2026-01-31,Liverpool,Newcastle United,-0.03243839760291099,-0.0422898376935924,0.0,0.0747282352965034
2025-26,15,2026-02-01,Aston Villa,Brentford,-0.051735090151551054,-0.11218406147562279,0.0,0.16391915162717385
2025-26,15,2026-02-01,Manchester United,Fulham,-0.018955723772857206,-0.02054791016345419,0.0,0.0395036339363114
2025-26,15,2026-02-01,Nottingham Forest,Crystal Palace,0.15848143465224224,0.12098995442569335,0.0,0.27947138907793556
2025-26,15,2026-02-01,Tottenham,Manchester City,-0.0036721241482666547,0.021500686318619372,0.0,0.025172810466886027
2025-26,15,2026-02-02,Sunderland,Burnley,0.32079269082856404,0.08428226256723176,0.0,0.4050749533957958
2025-26,15,2026-02-06,Leeds United,Nottingham Forest,-0.1021660236854561,0.0020913705957638536,0.0,0.10425739428121995
2025-26,15,2026-02-07,Newcastle United,Brentford,-0.12180220693722697,0.01931558035669138,0.0,0.14111778729391836
2025-26,15,2026-02-07,Wolverhampton Wanderers,Chelsea,-0.0600618444077865,0.022068189296980394,0.0,0.0821300337047669
2025-26,15,2026-02-07,Fulham,Everton,0.255372268180395,0.10515836766731483,0.0,0.36053063584770983
2025-26,15,2026-02-07,Manchester United,Tottenham,-0.13739008533739125,-0.1128593630757738,0.0,0.25024944841316504
2025-26,15,2026-02-07,Bournemouth,Aston Villa,-0.08872215521413628,0.15286315090538777,0.0,0.24158530611952406
2025-26,15,2026-02-07,Arsenal,Sunderland,-0.02929913963582758,0.12390574623291853,0.0,0.15320488586874612
2025-26,15,2026-02-07,Burnley,West Ham United,0.10503550148152715,-0.06044813783552669,0.0,0.16548363931705384
2025-26,15,2026-02-08,Brighton and Hove Albion,Crystal Palace,0.1623473954954036,-0.1993389329697696,0.0,0.36168632846517323
2025-26,15,2026-02-08,Liverpool,Manchester City,-0.21724416806351937,0.06836024806255807,0.0,0.28560441612607745
2025-26,15,2026-02-10,Tottenham,Newcastle United,-0.10808480529319925,-0.0911580694818826,0.0,0.19924287477508185
2025-26,15,2026-02-10,Chelsea,Leeds United,0.07992401521385853,0.08405243161136071,0.0,0.16397644682521922
2025-26,15,2026-02-10,Everton,Bournemouth,0.040711320471698814,0.021459933013920712,0.0,0.062171253485619526
2025-26,15,2026-02-10,West Ham United,Manchester United,-0.12700327835344685,-0.017883260099531995,0.0,0.14488653845297886
2025-26,15,2026-02-11,Sunderland,Liverpool,0.13625219644928271,-0.08459511080891818,0.0,0.2208473072582009
2025-26,15,2026-02-11,Nottingham Forest,Wolverhampton Wanderers,0.06867589038353913,0.20552826840818683,0.0,0.274204158791726
2025-26,15,2026-02-11,Aston Villa,Brighton and Hove Albion,-0.06637472814582292,-0.0033878520667814174,0.0,0.06976258021260434
2025-26,15,2026-02-11,Crystal Palace,Burnley,0.014507149114153038,-0.08451039524731,0.0,0.09901754436146304
2025-26,15,2026-02-11,Manchester City,Fulham,0.1624530120980031,0.10036185393007988,0.0,0.262814866028083
2025-26,15,2026-02-12,Brentford,Arsenal,-0.043359476173971935,0.15262402962720575,0.0,0.19598350580117768
2025-26,15,2026-02-18,Wolverhampton Wanderers,Arsenal,-0.03007154723121279,-0.03282886001014802,0.45,0.5129004072413608
2025-26,15,2026-02-21,Aston Villa,Leeds United,-0.010134102472337647,-0.10487894277434726,0.0,0.1150130452466849
2025-26,15,2026-02-21,Brentford,Brighton and Hove Albion,0.024419166301661008,-0.008186296562765212,0.0,0.03260546286442622
2025-26,15,2026-02-21,Chelsea,Burnley,-0.12550250451807235,-0.0038558595945897903,0.45,0.5793583641126622
2025-26,15,2026-02-21,West Ham United,Bournemouth,0.10378251260054375,-0.08170917380554797,0.0,0.1854916864060917
2025-26,15,2026-02-21,Manchester City,Newcastle United,-0.05950702862919512,0.029353114837479745,0.0,0.08886014346667487
2025-26,15,2026-02-22,Crystal Palace,Wolverhampton Wanderers,0.037928214129940505,0.012619370423285417,0.0,0.05054758455322592
2025-26,15,2026-02-22,Nottingham Forest,Liverpool,0.10000785793630099,0.05370289696618796,0.0,0.15371075490248895
2025-26,15,2026-02-22,Sunderland,Fulham,-0.01137488546811749,0.13392323000834647,0.0,0.14529811547646396
2025-26,15,2026-02-22,Tottenham,Arsenal,0.09700972075001935,-0.033780311295409975,0.0,0.13079003204542933
2025-26,15,2026-02-23,Everton,Manchester United,0.06420135995029337,0.0015165982948846782,0.0,0.06571795824517805
2025-26,15,2026-02-27,Wolverhampton Wanderers,Aston Villa,0.02197205275421506,-0.043542709561376236,0.0,0.0655147623155913
2025-26,15,2026-02-28,Leeds United,Manchester City,0.007208365818990196,0.08735187039589318,0.0,0.09456023621488338
2025-26,15,2026-02-28,Newcastle United,Everton,0.11069373749826522,-0.1384130728332947,0.0,0.24910681033155993
2025-26,15,2026-02-28,Bournemouth,Sunderland,0.15470122732296734,-0.04675178156794263,0.0,0.20145300889090997
2025-26,15,2026-02-28,Burnley,Brentford,-0.0667034868520852,0.2067898747474926,0.0,0.2734933615995778
2025-26,15,2026-02-28,Liverpool,West Ham United,-0.08736191889300185,-0.09215888364651723,0.45,0.6295208025395191
2025-26,15,2026-03-01,Brighton and Hove Albion,Nottingham Forest,0.1332070406269027,-0.09121929414632955,0.0,0.22442633477323226
2025-26,15,2026-03-01,Fulham,Tottenham,0.07486262305470642,0.1162231875929998,0.0,0.19108581064770622
2025-26,15,2026-03-01,Manchester United,Crystal Palace,0.022955941829144965,0.06619796909610061,0.0,0.08915391092524558
2025-26,15,2026-03-01,Arsenal,Chelsea,-0.10347078472774154,0.1068556458856054,0.0,0.21032643061334694
2025-26,15,2026-03-03,Bournemouth,Brentford,0.004085704179369723,-0.0657877150500847,0.0,0.06987341922945442
2025-26,15,2026-03-03,Everton,Burnley,-0.03207600178612588,-0.007231961975183179,0.0,0.03930796376130906
2025-26,15,2026-03-03,Leeds United,Sunderland,0.12755530274888632,-0.16359355881965243,0.0,0.29114886156853875
2025-26,15,2026-03-03,Wolverhampton Wanderers,Liverpool,0.008805959130677346,0.04361845245051785,0.0,0.05242441158119519
2025-26,15,2026-03-04,Newcastle United,Manchester United,-0.20687526158292308,-0.3179153428277068,-0.45,0.9747906044106298
2025-26,15,2026-03-04,Manchester City,Nottingham Forest,0.08977378079881021,0.07646458883919208,0.45,0.6162383696380023
2025-26,15,2026-03-04,Fulham,West Ham United,0.09760180387050556,-0.12361447537358404,0.0,0.2212162792440896
2025-26,15,2026-03-04,Brighton and Hove Albion,Arsenal,0.05949685595488153,-0.034399742941729726,0.45,0.5438965988966112
2025-26,15,2026-03-04,Aston Villa,Chelsea,-0.24768817904731666,0.058064593325758446,0.0,0.3057527723730751
2025-26,15,2026-03-05,Tottenham,Crystal Palace,-0.2127821630275663,0.08480012188215649,0.45,0.7475822849097229
2025-26,15,2026-03-14,Burnley,Bournemouth,-0.02463458347883396,-0.0382572367942364,0.0,0.06289182027307036
2025-26,15,2026-03-14,Sunderland,Brighton and Hove Albion,-0.27003443638556673,0.03951627026110627,0.0,0.309550706646673
2025-26,15,2026-03-14,Arsenal,Everton,0.008037503655985712,-0.10868703809995203,0.0,0.11672454175593774
2025-26,15,2026-03-14,Chelsea,Newcastle United,-0.05011983454917855,0.16278578235355126,0.0,0.2129056169027298
2025-26,15,2026-03-14,West Ham United,Manchester City,-0.06806978291600692,-0.0952624386718606,0.0,0.16333222158786753
2025-26,15,2026-03-15,Crystal Palace,Leeds United,-0.16451761073458004,0.08116075672490275,0.0,0.2456783674594828
2025-26,15,2026-03-15,Manchester United,Aston Villa,0.1010922176149036,-0.01891203373982224,0.0,0.12000425135472584
2025-26,15,2026-03-15,Nottingham Forest,Fulham,-0.010161376135931849,0.11849497580597032,0.0,0.12865635194190217
2025-26,15,2026-03-15,Liverpool,Tottenham,-0.05492589721502865,0.005695312490225521,0.0,0.06062120970525417
2025-26,15,2026-03-16,Brentford,Wolverhampton Wanderers,0.041876841511140434,0.16548346035568617,0.0,0.2073603018668266
2025-26,15,2026-03-20,Bournemouth,Manchester United,0.006401460249042978,-0.043356042905806406,0.0,0.049757503154849385
2025-26,15,2026-03-21,Brighton and Hove Albion,Liverpool,-0.2072523535872326,-0.05759300853829334,0.0,0.26484536212552595
2025-26,15,2026-03-21,Fulham,Burnley,-0.011460921646573044,0.1404730449431966,0.0,0.15193396658976965
2025-26,15,2026-03-21,Everton,Chelsea,0.1606375925988584,0.17126525066385043,0.0,0.3319028432627088
2025-26,15,2026-03-21,Leeds United,Brentford,0.09800989986952915,0.10356829055937708,0.0,0.20157819042890623
2025-26,15,2026-03-22,Newcastle United,Sunderland,-0.1647017279437189,0.005392792231598314,0.0,0.1700945201753172
2025-26,15,2026-03-22,Aston Villa,West Ham United,0.13810064150243326,-0.07504854053838858,0.0,0.21314918204082184
2025-26,15,2026-03-22,Tottenham,Nottingham Forest,-0.031460468478239315,-0.034723110042917504,0.0,0.06618357852115682
2025-26,15,2026-04-10,West Ham United,Wolverhampton Wanderers,0.18826540743892484,-0.00559344645824042,0.0,0.19385885389716526
2025-26,15,2026-04-11,Arsenal,Bournemouth,-0.06406441931610912,0.11862886279046446,0.0,0.1826932821065736
2025-26,15,2026-04-11,Brentford,Everton,-0.047147686917775045,0.035789380649360235,0.0,0.08293706756713529
2025-26,15,2026-04-11,Burnley,Brighton and Hove Albion,-0.007664392511293555,0.0019192747247403774,0.0,0.009583667236033933
2025-26,15,2026-04-11,Liverpool,Fulham,-0.08413573550251927,0.0008240692887787338,0.0,0.084959804791298
2025-26,15,2026-04-12,Chelsea,Manchester City,-0.008042660948822049,0.11296153269023365,0.0,0.12100419363905571
2025-26,15,2026-04-12,Sunderland,Tottenham,-0.24153975578052328,-0.056843528968183066,0.0,0.29838328474870635
2025-26,15,2026-04-12,Nottingham Forest,Aston Villa,0.13492030621790072,0.07507462105368166,0.0,0.20999492727158237
2025-26,15,2026-04-12,Crystal Palace,Newcastle United,0.14982626152950912,-0.07820607734935045,0.0,0.22803233887885957
2025-26,15,2026-04-13,Manchester United,Leeds United,-0.014135295385993066,0.23549366837238955,0.0,0.24962896375838262
2025-26,15,2026-04-18,Brentford,Fulham,-0.06523823108450058,-0.037702558413066675,0.0,0.10294078949756726
2025-26,15,2026-04-18,Leeds United,Wolverhampton Wanderers,0.031060071568108402,0.01999736917620308,0.0,0.05105744074431148
2025-26,15,2026-04-18,Newcastle United,Bournemouth,0.06448879020027846,-0.08363528321096683,0.0,0.14812407341124528
2025-26,15,2026-04-18,Tottenham,Brighton and Hove Albion,-0.03741440875907807,-0.1248700894856795,0.0,0.16228449824475757
2025-26,15,2026-04-18,Chelsea,Manchester United,-0.029638458177723478,0.09945463281435482,0.0,0.1290930909920783
2025-26,15,2026-04-19,Aston Villa,Sunderland,0.1508707632952765,-0.1016133358374518,0.0,0.2524840991327283
2025-26,15,2026-04-19,Everton,Liverpool,-0.05683782568619838,0.07554688784850519,0.0,0.13238471353470357
2025-26,15,2026-04-19,Nottingham Forest,Burnley,0.07017548239817965,0.004903211958492772,0.0,0.07507869435667243
2025-26,15,2026-04-19,Manchester City,Arsenal,0.09092855004229473,-0.11934417096113165,0.0,0.21027272100342637
2025-26,15,2026-04-20,Crystal Palace,West Ham United,0.0032248947067456957,0.047919729032046256,0.0,0.05114462373879195
2025-26,15,2026-04-21,Brighton and Hove Albion,Chelsea,0.053337119973041795,0.15324519443237752,0.0,0.20658231440541933
2025-26,15,2026-04-22,Burnley,Manchester City,0.12244940367428689,-0.0676336229547175,0.0,0.1900830266290044
2025-26,15,2026-04-22,Bournemouth,Leeds United,-0.10634831562891059,-0.03447082489122752,0.0,0.1408191405201381
2025-26,15,2026-04-24,Sunderland,Nottingham Forest,-0.09343348409762445,0.0817978882600768,0.0,0.17523137235770125
2025-26,15,2026-04-25,Fulham,Aston Villa,0.05026359970449901,-0.30204799379600106,0.0,0.35231159350050006
2025-26,15,2026-04-25,Liverpool,Crystal Palace,0.16168890635991606,0.0720902805385466,0.0,0.23377918689846267
2025-26,15,2026-04-25,West Ham United,Everton,0.1116139207418779,0.12857158081213377,0.0,0.24018550155401167
2025-26,15,2026-04-25,Wolverhampton Wanderers,Tottenham,0.02733633150812441,0.015569191401877864,0.0,0.04290552291000227
2025-26,15,2026-04-25,Arsenal,Newcastle United,-0.070976953557869,-0.03307140461841443,0.0,0.10404835817628343
2025-26,15,2026-04-27,Manchester United,Brentford,-0.1691151415605549,-0.01278026959698731,0.0,0.1818954111575422
2025-26,15,2026-05-01,Leeds United,Burnley,-0.03171598499630738,0.08840348112686937,0.0,0.12011946612317675
2025-26,15,2026-05-02,Brentford,West Ham United,-0.17122168599759624,-0.07525355475207772,0.0,0.24647524074967397
2025-26,15,2026-05-02,Newcastle United,Brighton and Hove Albion,-0.12301931786964124,-0.1075246642336207,0.0,0.23054398210326194
2025-26,15,2026-05-02,Wolverhampton Wanderers,Sunderland,0.03310641841164736,-0.04143930430812686,0.0,0.07454572271977422
2025-26,15,2026-05-02,Arsenal,Fulham,-0.18974002499507278,0.05180802857618973,0.0,0.24154805357126252
2025-26,15,2026-05-03,Aston Villa,Tottenham,0.1286379286928849,-0.07456791650986322,0.0,0.20320584520274812
2025-26,15,2026-05-03,Manchester United,Liverpool,0.019295350677683093,0.11875838785584272,0.0,0.13805373853352582
2025-26,15,2026-05-03,Bournemouth,Crystal Palace,0.11680709224766649,0.1970629937717699,0.0,0.3138700860194364
2025-26,15,2026-05-04,Chelsea,Nottingham Forest,0.118094234228204,-0.051034058027940615,0.0,0.16912829225614462
2025-26,15,2026-05-04,Everton,Manchester City,0.11286092813701129,0.032796322432144226,0.0,0.14565725056915552
2025-26,15,2026-05-09,Liverpool,Chelsea,-0.01078702435194585,0.07497352264020804,0.0,0.0857605469921539
2025-26,15,2026-05-09,Brighton and Hove Albion,Wolverhampton Wanderers,0.033795443101517914,-0.1611930889562093,0.0,0.1949885320577272
2025-26,15,2026-05-09,Fulham,Bournemouth,0.09909596073954541,-0.011757435286447973,0.0,0.11085339602599338
2025-26,15,2026-05-09,Sunderland,Manchester United,-0.06863676242992967,-0.1474287972562637,0.0,0.21606555968619337
2025-26,15,2026-05-09,Manchester City,Brentford,-0.07402088774504748,-0.006629070403937884,0.45,0.5306499581489854
2025-26,15,2026-05-10,Nottingham Forest,Newcastle United,-0.10377749452589269,0.1059080427773823,0.0,0.209685537303275
2025-26,15,2026-05-10,Burnley,Aston Villa,0.0031333126216741176,0.06730095560779795,0.0,0.07043426822947206
2025-26,15,2026-05-10,Crystal Palace,Everton,0.02437134782013054,0.08277689299445537,0.0,0.1071482408145859
2025-26,15,2026-05-10,West Ham United,Arsenal,-0.09297084376246365,0.04861225465023751,0.0,0.14158309841270117
2025-26,15,2026-05-11,Tottenham,Leeds United,-0.05193182133875242,-0.19820095376686692,0.0,0.2501327751056193
2025-26,15,2026-05-13,Manchester City,Crystal Palace,-0.02204349140895332,-0.03129915297117415,0.0,0.05334264438012747
2025-26,15,2026-05-15,Aston Villa,Liverpool,0.14834989294266338,0.05388634521478643,0.0,0.2022362381574498
2025-26,15,2026-05-17,Manchester United,Nottingham Forest,0.04660878932613023,0.04965852656958936,0.0,0.0962673158957196
2025-26,15,2026-05-17,Brentford,Crystal Palace,0.11119105007055453,-0.08404815855722914,0.0,0.19523920862778366
2025-26,15,2026-05-17,Everton,Sunderland,0.26135366014113537,0.22257487479879098,0.0,0.4839285349399264
2025-26,15,2026-05-17,Leeds United,Brighton and Hove Albion,0.13177124700299278,-0.16626123154218816,0.0,0.29803247854518095
2025-26,15,2026-05-17,Wolverhampton Wanderers,Fulham,0.03807120425898447,0.007206762836482569,0.0,0.04527796709546704
2025-26,15,2026-05-17,Newcastle United,West Ham United,-0.062010852208364386,0.03225583321399626,0.0,0.09426668542236065
2025-26,15,2026-05-18,Arsenal,Burnley,-0.003956098963684373,-0.035885537305979334,0.0,0.03984163626966371
2025-26,15,2026-05-19,Chelsea,Tottenham,-0.04496297998188068,-0.005022097159463085,0.0,0.049985077141343766
2025-26,15,2026-05-19,Bournemouth,Manchester City,0.01545271375831276,0.13060971915214697,-0.45,0.5960624329104598
2025-26,15,2026-05-24,Nottingham Forest,Bournemouth,0.08228738832751395,0.2250671389021221,0.0,0.3073545272296361
2025-26,15,2026-05-24,Manchester City,Aston Villa,0.07178621761125162,0.0905044746852603,0.0,0.1622906922965119
2025-26,15,2026-05-24,Sunderland,Chelsea,0.15068892842035914,0.10370308622894309,-0.45,0.7043920146493022
2025-26,15,2026-05-24,Liverpool,Brentford,0.007795122877573415,0.05962638688200905,0.0,0.06742150975958247
2025-26,15,2026-05-24,Tottenham,Everton,-0.007286106874092944,0.16280427095656394,0.0,0.1700903778306569
2025-26,15,2026-05-24,Crystal Palace,Arsenal,0.21269419923099503,0.10103064864682124,-0.45,0.7637248478778162
2025-26,15,2026-05-24,Burnley,Wolverhampton Wanderers,0.15575105212548268,0.012916195453195604,0.0,0.1686672475786783
2025-26,15,2026-05-24,Brighton and Hove Albion,Manchester United,0.17085168722531135,0.1010423575404123,0.0,0.27189404476572365
2025-26,15,2026-05-24,Fulham,Newcastle United,-0.2178306371385776,-0.061543321143385475,0.0,0.27937395828196304
2025-26,15,2026-05-24,West Ham United,Leeds United,-0.009221695231210341,-0.16178667047312667,0.0,0.171008365704337
