season,gw,date,home,away,squad_talent_diff,euro_form_diff,foreign_transfer_diff
2022-23,15,2022-08-05,Crystal Palace,Arsenal,-1.1271303588362964,-0.4518117668515309,0.05457276766744011
2022-23,15,2022-08-06,Everton,Chelsea,-1.7501384286726005,-0.5455415659083649,-0.04082507054602544
2022-23,15,2022-08-06,Tottenham,Southampton,1.8593925799116815,0.7372680652612892,0.001632859298312743
2022-23,15,2022-08-06,Newcastle United,Nottingham Forest,0.554634276160143,0.0,0.08803182435744972
2022-23,15,2022-08-06,Leeds United,Wolverhampton Wanderers,0.20295133214713812,0.0,0.02912049396813738
2022-23,15,2022-08-06,Bournemouth,Aston Villa,-0.5881670708521078,0.0,0.02215842993972881
2022-23,15,2022-08-06,Fulham,Liverpool,-3.9482554206062943,0.09173843985029001,-0.020681868136875434
2022-23,15,2022-08-07,Leicester City,Brentford,0.5401038784116181,0.0,0.029994740545730633
2022-23,15,2022-08-07,Manchester United,Brighton and Hove Albion,0.9453619238337109,0.0,0.026082348241715396
2022-23,15,2022-08-07,West Ham United,Manchester City,-2.4410713130619968,-0.8031120881619794,0.020140709043692105
2022-23,15,2022-08-13,Brentford,Manchester United,-0.886401002919414,0.0,-0.013767104505685294
2022-23,15,2022-08-13,Wolverhampton Wanderers,Fulham,1.149682717755571,0.0,0.01054858056829968
2022-23,15,2022-08-13,Southampton,Leeds United,-0.5392567016741107,0.0,-0.033700932646810615
2022-23,15,2022-08-13,Aston Villa,Everton,0.4416092483635959,0.0,-0.0341744062881614
2022-23,15,2022-08-13,Brighton and Hove Albion,Newcastle United,0.09358898508173874,0.0,-0.001295505660142325
2022-23,15,2022-08-13,Arsenal,Leicester City,0.9353225171240669,0.1150738915980874,-0.03202684780686179
2022-23,15,2022-08-13,Manchester City,Bournemouth,3.9740521778328683,0.5061622439953145,-0.10028627067763196
2022-23,15,2022-08-14,Nottingham Forest,West Ham United,-0.5458974977513553,0.0,-0.04864286408309776
2022-23,15,2022-08-14,Chelsea,Tottenham,0.501383717468944,-0.1806465387964164,-0.08081737585285412
2022-23,15,2022-08-15,Liverpool,Crystal Palace,2.8925910882542816,0.41103438868996445,-0.04356576554243119
2022-23,15,2022-08-20,Bournemouth,Arsenal,-1.9342326427699166,-0.33180391293323686,0.05422239186874953
2022-23,15,2022-08-20,Tottenham,Wolverhampton Wanderers,1.7525162066702662,0.539952560785072,-0.010235126926801688
2022-23,15,2022-08-20,Crystal Palace,Aston Villa,0.04051512667543122,0.0,-0.08997993628659987
2022-23,15,2022-08-20,Everton,Nottingham Forest,0.11690251996019596,0.0,0.0741052136930194
2022-23,15,2022-08-20,Fulham,Brentford,-0.8707167692470221,0.0,-0.0435741798603082
2022-23,15,2022-08-20,Leicester City,Southampton,0.7336402907715465,0.0,0.008461866845029323
2022-23,15,2022-08-21,Newcastle United,Manchester City,-2.5198952474345924,-0.5097198450537598,0.03219070223106829
2022-23,15,2022-08-21,Leeds United,Chelsea,-1.3402836551602797,-0.4024460486540376,0.006109310341644331
2022-23,15,2022-08-21,West Ham United,Brighton and Hove Albion,0.10207861394880213,0.0,0.003680673122542763
2022-23,15,2022-08-22,Manchester United,Liverpool,-1.820413621927975,-0.054053382572714026,-0.018204903985718335
2022-23,15,2022-08-27,Southampton,Manchester United,-1.1674573498951581,0.0,0.04616128252149677
2022-23,15,2022-08-27,Brentford,Everton,0.2787378265767714,0.0,-0.027454142490825045
2022-23,15,2022-08-27,Brighton and Hove Albion,Leeds United,0.5864401221995506,0.0,0.12236107259632675
2022-23,15,2022-08-27,Chelsea,Leicester City,1.3317334538848038,0.3782023674395082,0.011713007231173786
2022-23,15,2022-08-27,Liverpool,Bournemouth,3.759251347276651,0.4272783224358376,-0.11048921513352146
2022-23,15,2022-08-27,Manchester City,Crystal Palace,3.120004781202727,0.4184554430295583,-0.02753310138177563
2022-23,15,2022-08-27,Arsenal,Fulham,2.4479386228443536,0.04793215988553012,0.005918686939010775
2022-23,15,2022-08-28,Nottingham Forest,Tottenham,-1.490148079554759,-0.3827466968365082,-0.04536938164757525
2022-23,15,2022-08-28,Aston Villa,West Ham United,-0.31628912991463365,0.0,0.0299830191337859
2022-23,15,2022-08-28,Wolverhampton Wanderers,Newcastle United,-0.5202391072404083,0.0,0.08022030743725658
2022-23,15,2022-08-30,Leeds United,Everton,0.5116656713054316,0.0,-0.08521921304573687
2022-23,15,2022-08-30,Southampton,Chelsea,-1.7898628043708804,-0.2852766356141232,0.08434445823652974
2022-23,15,2022-08-30,Crystal Palace,Brentford,0.6117191008159132,0.0,-0.029396046689127472
2022-23,15,2022-08-30,Fulham,Brighton and Hove Albion,-1.493369170031186,0.0,-0.014093488637160145
2022-23,15,2022-08-31,Arsenal,Aston Villa,1.9671378952842502,0.7431696290061497,-0.0004983761342249402
2022-23,15,2022-08-31,Bournemouth,Wolverhampton Wanderers,-0.42400297347862115,0.0,-0.0006152814981098403
2022-23,15,2022-08-31,Manchester City,Nottingham Forest,3.1706326702499736,0.7137425064349923,-0.045185516768899335
2022-23,15,2022-08-31,West Ham United,Tottenham,-1.1268649159533584,-0.5908428602041735,-0.016430378469035754
2022-23,15,2022-08-31,Liverpool,Newcastle United,2.1786453057175508,0.3784220605259057,-0.07597593855108808
2022-23,15,2022-09-01,Leicester City,Manchester United,-0.6101229468832239,0.0,-0.02745476414147632
2022-23,15,2022-09-03,Wolverhampton Wanderers,Southampton,0.2690277361578682,0.0,0.0039605198804490704
2022-23,15,2022-09-03,Tottenham,Fulham,2.3560154779086666,0.5599951761213227,0.059124105828878865
2022-23,15,2022-09-03,Aston Villa,Manchester City,-3.3543366067851648,-0.6924998213670666,-0.014875655518417772
2022-23,15,2022-09-03,Nottingham Forest,Bournemouth,0.923201294891153,0.0,-0.020328211781936785
2022-23,15,2022-09-03,Newcastle United,Crystal Palace,0.120987823351981,0.0,0.021033077922759068
2022-23,15,2022-09-03,Chelsea,West Ham United,1.2333602867622417,0.7242307141407259,0.005107872697777953
2022-23,15,2022-09-03,Brentford,Leeds United,0.2397743731533516,0.0,-0.024547232459796564
2022-23,15,2022-09-03,Everton,Liverpool,-2.714243814279481,-0.6579087612507427,0.07595676926443802
2022-23,15,2022-09-04,Brighton and Hove Albion,Leicester City,0.46094006111688035,0.0,-0.006734868440116337
2022-23,15,2022-09-04,Manchester United,Arsenal,-0.2782056729227256,0.044412745450236824,0.0346545091742505
2022-23,15,2022-09-16,Aston Villa,Southampton,0.164371595896594,0.0,0.05090865135552511
2022-23,15,2022-09-16,Nottingham Forest,Fulham,0.5659309990608321,0.0,0.05981869942848844
2022-23,15,2022-09-17,Wolverhampton Wanderers,Manchester City,-2.752530395762892,-0.911233090472393,-0.0034979574204973135
2022-23,15,2022-09-17,Newcastle United,Bournemouth,1.2556319416367077,0.0,0.023644395001695837
2022-23,15,2022-09-17,Tottenham,Leicester City,1.408691529214423,0.2792141925795225,-0.007912454298618907
2022-23,15,2022-09-18,Everton,West Ham United,-0.3625654826858001,0.0,-0.0012792356123920018
2022-23,15,2022-09-18,Brentford,Arsenal,-1.1605818681716933,-0.38656260234214745,0.06500082424048534
2022-23,15,2022-10-01,Arsenal,Tottenham,0.008287636766088013,0.16385253425334395,0.03886587095803576
2022-23,15,2022-10-01,Bournemouth,Brentford,-0.6306399694876121,0.0,-0.028085299879006077
2022-23,15,2022-10-01,Crystal Palace,Chelsea,-1.2481034814418237,-0.8384222833802485,0.057132924052044114
2022-23,15,2022-10-01,Fulham,Newcastle United,-1.0770694149652262,0.0,0.0524901191090676
2022-23,15,2022-10-01,Liverpool,Brighton and Hove Albion,2.0407848020265673,0.08367936220933175,0.018036463230629365
2022-23,15,2022-10-01,Southampton,Everton,-0.17313421897622103,0.0,0.010089629890926259
2022-23,15,2022-10-01,West Ham United,Wolverhampton Wanderers,0.3949785316377194,0.0,0.03987417418810978
2022-23,15,2022-10-02,Manchester City,Manchester United,1.839994669547904,-0.38017675858727495,-0.04465112229880193
2022-23,15,2022-10-02,Leeds United,Aston Villa,0.3031105895146934,0.0,-0.0011318418655716228
2022-23,15,2022-10-03,Leicester City,Nottingham Forest,0.6961004752413175,0.0,0.040296212032859643
2022-23,15,2022-10-08,Newcastle United,Brentford,0.5541420077909924,0.0,0.016250829718642064
2022-23,15,2022-10-08,Manchester City,Southampton,3.709035183487887,0.7949823047383061,0.03075419683121983
2022-23,15,2022-10-08,Brighton and Hove Albion,Tottenham,-0.9141837550347183,-0.7002217715389634,-0.008678235241616324
2022-23,15,2022-10-08,Bournemouth,Leicester City,-0.49499861198117434,0.0,0.02263564661056536
2022-23,15,2022-10-08,Chelsea,Wolverhampton Wanderers,1.7399361735630041,0.1549361122027363,-0.03826860060079335
2022-23,15,2022-10-09,Arsenal,Liverpool,-0.7576691115707916,0.02445037660932539,-0.018830880539552355
2022-23,15,2022-10-09,Everton,Manchester United,-1.1333508462284918,-0.7225825604314556,0.043146320018869554
2022-23,15,2022-10-09,Crystal Palace,Leeds United,0.3749097681592526,0.0,-0.05833399919349647
2022-23,15,2022-10-09,West Ham United,Fulham,1.2365832503279823,0.0,-0.04150519467474381
2022-23,15,2022-10-10,Nottingham Forest,Aston Villa,-0.3063865336437005,0.0,-0.01014421367737408
2022-23,15,2022-10-14,Brentford,Brighton and Hove Albion,-0.2971434124692979,0.0,-0.03531468893988755
2022-23,15,2022-10-15,Tottenham,Everton,1.8692355960944893,0.4740884087790661,-0.017148843892939976
2022-23,15,2022-10-15,Wolverhampton Wanderers,Nottingham Forest,0.4641243004214062,0.0,-0.017365138375282238
2022-23,15,2022-10-15,Fulham,Bournemouth,-0.11226988407636856,0.0,0.030093380061880108
2022-23,15,2022-10-15,Leicester City,Crystal Palace,0.08129947418115746,0.0,-0.025822706520738727
2022-23,15,2022-10-16,Aston Villa,Chelsea,-1.6310808196198585,-0.41124549774837565,-0.0004990485038679771
2022-23,15,2022-10-16,Leeds United,Arsenal,-1.713756427680451,-0.5761856956160187,0.024246669416393286
2022-23,15,2022-10-16,Manchester United,Newcastle United,0.8812077840155284,0.23146301780925696,0.007258712254402444
2022-23,15,2022-10-16,Southampton,West Ham United,-0.8708292925474701,0.0,-0.0027169696654553432
2022-23,15,2022-10-16,Liverpool,Manchester City,-0.38928236980884856,-0.061527903881785334,0.06093089436244569
2022-23,15,2022-10-18,Brighton and Hove Albion,Nottingham Forest,1.2302639825312267,0.0,-0.03316370974463287
2022-23,15,2022-10-18,Crystal Palace,Wolverhampton Wanderers,0.374787468950621,0.0,0.03611160047784748
2022-23,15,2022-10-19,Bournemouth,Southampton,-0.06651645496131932,0.0,0.04393753544546392
2022-23,15,2022-10-19,Brentford,Chelsea,-1.5230401609964783,-0.5685734383459446,-0.027921898730217148
2022-23,15,2022-10-19,Liverpool,West Ham United,2.1290672797380177,0.786098098292817,-0.05262339529042423
2022-23,15,2022-10-19,Newcastle United,Everton,0.8947256342470755,0.0,0.012951579667728447
2022-23,15,2022-10-19,Manchester United,Tottenham,-0.35029652740555184,-0.020038346149224562,0.01749035327685762
2022-23,15,2022-10-20,Leicester City,Leeds United,0.37222483260301115,0.0,-0.04669923268243196
2022-23,15,2022-10-20,Fulham,Aston Villa,-0.5386323013234031,0.0,-0.056408505811610575
2022-23,15,2022-10-22,Nottingham Forest,Liverpool,-3.017217588137706,-0.3413438212019136,-0.010894965893032784
2022-23,15,2022-10-22,Everton,Crystal Palace,-0.15252305976923342,0.0,-0.021997905474873847
2022-23,15,2022-10-22,Manchester City,Brighton and Hove Albion,2.705522465313594,0.3327828790811816,-0.04014965795640471
2022-23,15,2022-10-22,Chelsea,Manchester United,0.549856823042687,-0.2803581858440134,-0.001327329135705945
2022-23,15,2022-10-23,Aston Villa,Brentford,-0.20032788400564966,0.0,-0.004029920265765437
2022-23,15,2022-10-23,Leeds United,Fulham,0.42123140479318505,0.0,0.04478142503579498
2022-23,15,2022-10-23,Southampton,Arsenal,-2.015952291381221,-0.08885658915194894,0.0049764539223843916
2022-23,15,2022-10-23,Wolverhampton Wanderers,Leicester City,-0.1621203622426789,0.0,0.004589466591834929
2022-23,15,2022-10-23,Tottenham,Newcastle United,1.0491641522847517,0.7817101049566475,0.06857003384343349
2022-23,15,2022-10-24,West Ham United,Bournemouth,0.9966624424997206,0.0,0.014290656520464903
2022-23,15,2022-10-29,Liverpool,Leeds United,2.8543167500307303,0.5322946396451976,0.004676606076489585
2022-23,15,2022-10-29,Fulham,Everton,-0.3910832297267447,0.0,-0.039964949691895235
2022-23,15,2022-10-29,Newcastle United,Aston Villa,1.368910828726488,0.0,0.01210299521336003
2022-23,15,2022-10-29,Crystal Palace,Southampton,0.7353679250295959,0.0,0.034658563484546726
2022-23,15,2022-10-29,Brighton and Hove Albion,Chelsea,-1.0876878293180756,0.041376618770043394,0.020031514612363653
2022-23,15,2022-10-29,Brentford,Wolverhampton Wanderers,0.6069330370869437,0.0,-0.020732910189272452
2022-23,15,2022-10-29,Bournemouth,Tottenham,-2.1891622861015128,-0.5864991348912066,0.022146182943525446
2022-23,15,2022-10-29,Leicester City,Manchester City,-2.731061690207471,-0.6404845650863632,-0.021289756869770173
2022-23,15,2022-10-30,Arsenal,Nottingham Forest,2.3065053242366313,0.33967380144632164,-0.007243600309495248
2022-23,15,2022-10-30,Manchester United,West Ham United,1.0481004108196084,0.5700926945208171,0.004651931340120659
2022-23,15,2022-11-05,Leeds United,Bournemouth,0.6769151449980458,0.0,0.024465975583090556
2022-23,15,2022-11-05,Manchester City,Fulham,4.0015147972118825,0.6725157931734662,0.03926538983435132
2022-23,15,2022-11-05,Nottingham Forest,Brentford,-0.35462754009433894,0.0,-0.03282082827200188
2022-23,15,2022-11-05,Wolverhampton Wanderers,Brighton and Hove Albion,-0.694988802655723,0.0,-0.014619482574623574
2022-23,15,2022-11-05,Everton,Leicester City,-0.041272973764939214,0.0,-0.036989168157703894
2022-23,15,2022-11-06,West Ham United,Crystal Palace,0.20992747095857966,0.0,-0.03572073581657833
2022-23,15,2022-11-06,Southampton,Newcastle United,-1.3219249747156656,0.0,0.011663397951932039
2022-23,15,2022-11-06,Tottenham,Liverpool,-0.4818175495549899,0.09559157288521458,-0.08059167953229862
2022-23,15,2022-11-06,Chelsea,Arsenal,-0.10197255861157606,-0.17285650346439674,0.04405481967174318
2022-23,15,2022-11-06,Aston Villa,Manchester United,-1.3381054301235409,-0.4673794429665762,0.050704894266117045
2022-23,15,2022-11-12,Manchester City,Brentford,3.3582209526017595,0.5314284222827004,-0.02489311608750114
2022-23,15,2022-11-12,Bournemouth,Everton,-0.720100826097007,0.0,0.04688050239139591
2022-23,15,2022-11-12,Liverpool,Southampton,2.993562362871041,0.5285627797151107,0.0665564656355245
2022-23,15,2022-11-12,Nottingham Forest,Crystal Palace,-0.6653315193415921,0.0,0.044802983256050054
2022-23,15,2022-11-12,Tottenham,Leeds United,1.6836337338476801,0.6960421611955916,0.05862435175790026
2022-23,15,2022-11-12,West Ham United,Leicester City,0.09282045786427806,0.0,-0.010139018957497477
2022-23,15,2022-11-12,Newcastle United,Chelsea,-0.42223682134307605,-0.9743651507706239,-0.01894262228140582
2022-23,15,2022-11-12,Wolverhampton Wanderers,Arsenal,-2.175761064180729,-0.6557310628373416,0.04531195754318883
2022-23,15,2022-11-13,Brighton and Hove Albion,Aston Villa,0.8099016382279949,0.0,-0.0340973705329275
2022-23,15,2022-11-13,Fulham,Manchester United,-1.687146032391326,-0.3766132655471418,0.013072212684956758
2022-23,15,2022-12-26,Southampton,Brighton and Hove Albion,-1.0161996332037209,0.0,-0.006616841145220834
2022-23,15,2022-12-26,Arsenal,West Ham United,2.031109243460235,0.2447810136405717,-0.01546149555412628
2022-23,15,2022-12-26,Aston Villa,Liverpool,-2.2134795659157,-0.3069474078262031,-0.020342444696536115
2022-23,15,2022-12-26,Leicester City,Newcastle United,-0.47092183250839437,0.0,0.04914768286051141
2022-23,15,2022-12-26,Everton,Wolverhampton Wanderers,0.2894034392331204,0.0,-0.01581955894675352
2022-23,15,2022-12-26,Crystal Palace,Fulham,0.907046292984973,0.0,-0.037367429283388875
2022-23,15,2022-12-26,Brentford,Tottenham,-1.0924344254099005,-0.6108364778517306,-0.005636696021298286
2022-23,15,2022-12-27,Chelsea,Bournemouth,2.1315266695552544,0.42543384423265423,-0.0726798649663632
2022-23,15,2022-12-27,Manchester United,Nottingham Forest,1.8210113758775168,0.5371694817149346,0.00036661488764413996
2022-23,15,2022-12-28,Leeds United,Manchester City,-2.912592922212893,-0.345533533044129,-0.0031920884664411245
2022-23,15,2022-12-30,West Ham United,Brentford,0.24408208115310892,0.0,-0.022112458818180594
2022-23,15,2022-12-30,Liverpool,Leicester City,2.3375406598018698,0.48673214673664267,-0.0186492788121648
2022-23,15,2022-12-31,Wolverhampton Wanderers,Manchester United,-1.7062354240942104,-0.42556128040232594,0.006755907063654823
2022-23,15,2022-12-31,Bournemouth,Crystal Palace,-0.6632317334694184,0.0,0.01902246827464385
2022-23,15,2022-12-31,Fulham,Southampton,0.07847182965853648,0.0,-0.02081876759672334
2022-23,15,2022-12-31,Manchester City,Everton,3.3971242373674775,0.5768612266278259,-0.047002380160671035
2022-23,15,2022-12-31,Newcastle United,Leeds United,1.3530042828319497,0.19727835441469277,-0.03701151065779243
2022-23,15,2022-12-31,Brighton and Hove Albion,Arsenal,-1.4521851886689203,-0.4206256755274114,0.03009592546189158
2022-23,15,2023-01-01,Nottingham Forest,Chelsea,-1.4680698811271093,-0.7670021064597642,0.03463556427467687
2022-23,15,2023-01-01,Tottenham,Aston Villa,1.3060188041735405,0.8202480792434967,0.05241972300871238
2022-23,15,2023-01-02,Brentford,Liverpool,-2.178419254964593,-0.47418450250452493,0.04714480912143069
2022-23,15,2023-01-03,Arsenal,Newcastle United,1.1262261675467484,0.792981909348214,0.014008667641834553
2022-23,15,2023-01-03,Everton,Brighton and Hove Albion,-0.4042003818681106,0.0,-0.01693028471531747
2022-23,15,2023-01-03,Leicester City,Fulham,0.8405100102183476,0.0,0.018386400322891867
2022-23,15,2023-01-03,Manchester United,Bournemouth,2.3199205185659446,0.5949034201940817,-0.010393776343807413
2022-23,15,2023-01-04,Southampton,Nottingham Forest,-0.22574189275126127,0.0,-0.014456253202553893
2022-23,15,2023-01-04,Leeds United,West Ham United,0.13447899028451304,0.0,0.05430194781806805
2022-23,15,2023-01-04,Aston Villa,Wolverhampton Wanderers,0.5504664635785674,0.0,0.03589987172444195
2022-23,15,2023-01-04,Crystal Palace,Tottenham,-0.847939878739477,-0.8404421804077854,0.027490385186211483
2022-23,15,2023-01-05,Chelsea,Manchester City,-1.2686913964551878,0.4812460572307887,0.036209823981705136
2022-23,15,2023-01-12,Fulham,Chelsea,-1.374967971058251,-0.5368031281333762,0.03159640094292658
2022-23,15,2023-01-13,Aston Villa,Leeds United,0.3951857453049723,0.0,0.06210861649574019
2022-23,15,2023-01-14,Wolverhampton Wanderers,West Ham United,-0.023899656660087365,0.0,-0.0690256120467426
2022-23,15,2023-01-14,Brentford,Bournemouth,1.2310715168184974,0.0,-0.006652286337365934
2022-23,15,2023-01-14,Nottingham Forest,Leicester City,-0.047978040448834025,0.0,0.04749852634334544
2022-23,15,2023-01-14,Manchester United,Manchester City,-1.4458495603217834,-0.4409432923313473,0.04098073837240002
2022-23,15,2023-01-14,Brighton and Hove Albion,Liverpool,-1.6347341592701174,-0.3977404418465631,-0.0760666025721514
2022-23,15,2023-01-14,Everton,Southampton,0.47693542569972147,0.0,-0.0006598438267513412
2022-23,15,2023-01-15,Chelsea,Crystal Palace,1.2987947074713135,0.7811749973371347,0.014581401155387377
2022-23,15,2023-01-15,Newcastle United,Fulham,1.4492160991422476,0.3609424662049185,0.0752907193576544
2022-23,15,2023-01-15,Tottenham,Arsenal,-0.6174490723386858,0.0733901491113571,0.024460884617771725
2022-23,15,2023-01-18,Crystal Palace,Manchester United,-1.4133975292151895,-0.8968240448315152,-0.0741938273903141
2022-23,15,2023-01-19,Manchester City,Tottenham,1.60413585131726,0.1581320321710896,-0.023938638178190554
2022-23,15,2023-01-21,West Ham United,Everton,0.6257056820858798,0.0,0.06661130105389997
2022-23,15,2023-01-21,Southampton,Aston Villa,-0.7566742674657764,0.0,0.008478760337535002
2022-23,15,2023-01-21,Crystal Palace,Newcastle United,-0.9317346251506217,-0.49098201590164603,0.05769818509230132
2022-23,15,2023-01-21,Bournemouth,Nottingham Forest,-0.7227274698839543,0.0,-0.04963824505613202
2022-23,15,2023-01-21,Liverpool,Chelsea,1.0604434821967446,-0.4909960682159974,0.07743349906205618
2022-23,15,2023-01-21,Leicester City,Brighton and Hove Albion,-0.47199341494593183,0.0,-0.04989287033526678
2022-23,15,2023-01-22,Leeds United,Brentford,-0.6330785838003755,0.0,-0.02854390014588084
2022-23,15,2023-01-22,Manchester City,Wolverhampton Wanderers,3.340349099538104,0.5277512560730004,0.026483397508597666
2022-23,15,2023-01-22,Arsenal,Manchester United,0.7365408412929746,-0.04752154551736565,-0.010160223566550438
2022-23,15,2023-01-23,Fulham,Tottenham,-1.4429741262228226,-0.4904528899042742,-0.010303439053379571
2022-23,15,2023-02-03,Chelsea,Fulham,1.7635729173777244,0.46430838778252137,0.06036831919414946
2022-23,15,2023-02-04,Wolverhampton Wanderers,Liverpool,-2.144360532212771,-0.30461244280573874,0.08941479924316777
2022-23,15,2023-02-04,Everton,Arsenal,-2.578317138013709,-0.25467436508140706,0.05347949285648136
2022-23,15,2023-02-04,Aston Villa,Leicester City,0.3209931579511398,0.0,-0.03713925283038402
2022-23,15,2023-02-04,Brentford,Southampton,1.3339664024522067,0.0,0.07334361025195321
2022-23,15,2023-02-04,Brighton and Hove Albion,Bournemouth,1.5784384561945302,0.0,0.062252134952186976
2022-23,15,2023-02-04,Manchester United,Crystal Palace,1.5231989327567466,0.567957474050556,0.02793617089739358
2022-23,15,2023-02-04,Newcastle United,West Ham United,1.2996881834913707,0.8452154410472351,-0.0285927804807218
2022-23,15,2023-02-05,Nottingham Forest,Leeds United,0.1778873837786074,0.0,-0.03935166441278913
2022-23,15,2023-02-05,Tottenham,Manchester City,-1.4675741945177887,0.3680106919885503,0.016255404598658728
2022-23,15,2023-02-08,Manchester United,Leeds United,1.823264052621863,0.6083285721877686,-0.005269421587817784
2022-23,15,2023-02-11,West Ham United,Chelsea,-0.9436561399613111,-0.6064728854871856,-0.018526368635470858
2022-23,15,2023-02-11,Arsenal,Brentford,1.7731692801510275,0.6745284025906828,-0.01559830312465971
2022-23,15,2023-02-11,Crystal Palace,Brighton and Hove Albion,-0.33857222917363816,0.0,-0.0013567901628306067
2022-23,15,2023-02-11,Fulham,Nottingham Forest,-0.29595791927262294,0.0,-0.0362168146887545
2022-23,15,2023-02-11,Leicester City,Tottenham,-1.122916539300212,-0.535750899632798,-0.05450394049494664
2022-23,15,2023-02-11,Southampton,Wolverhampton Wanderers,-0.6691017914625768,0.0,-0.026421765309752675
2022-23,15,2023-02-11,Bournemouth,Newcastle United,-2.009773795321019,-0.4529280724595975,0.01403646299103968
2022-23,15,2023-02-12,Leeds United,Manchester United,-1.712816374952024,-0.4772009624877237,-0.04097640970491416
2022-23,15,2023-02-12,Manchester City,Aston Villa,2.628381501847641,0.5893021577658824,-0.017373339814496534
2022-23,15,2023-02-13,Liverpool,Everton,2.810454689964052,0.5464072239295129,-0.03724635080261034
2022-23,15,2023-02-15,Arsenal,Manchester City,-0.894576000959753,-0.08244953444113967,-0.02276049845823383
2022-23,15,2023-02-18,Newcastle United,Liverpool,-0.8318694901628476,0.012191686450121197,-0.00269291311640258
2022-23,15,2023-02-18,Wolverhampton Wanderers,Bournemouth,1.0688212676200481,0.0,0.06194655502333581
2022-23,15,2023-02-18,Nottingham Forest,Manchester City,-2.8828729719123523,-0.667959779687111,0.03217085924360452
2022-23,15,2023-02-18,Everton,Leeds United,-0.03272433835075002,0.0,0.04030887276733681
2022-23,15,2023-02-18,Aston Villa,Arsenal,-1.8332035794410702,-0.6182815638214592,0.029544916047620433
2022-23,15,2023-02-18,Brighton and Hove Albion,Fulham,1.1632919219863145,0.0,0.0034750143683451515
2022-23,15,2023-02-18,Brentford,Crystal Palace,0.7041743488542891,0.0,0.051661854357119355
2022-23,15,2023-02-18,Chelsea,Southampton,2.2429234943704994,0.6396005961633053,-0.00962471630398911
2022-23,15,2023-02-19,Manchester United,Leicester City,1.4153824170413105,0.5028515046871319,0.10224860193218444
2022-23,15,2023-02-19,Tottenham,West Ham United,1.5547817794661767,0.8286852778032465,-0.06746654920149192
2022-23,15,2023-02-24,Fulham,Wolverhampton Wanderers,-0.011777804880282183,0.0,-0.022593066941845007
2022-23,15,2023-02-25,Bournemouth,Manchester City,-3.320371855595553,-0.27963849540214636,-0.015411049403212267
2022-23,15,2023-02-25,West Ham United,Nottingham Forest,0.2594429313860581,0.0,-0.007051142896034045
2022-23,15,2023-02-25,Crystal Palace,Liverpool,-1.7785830163420937,-0.4524605884840755,0.020585934791961857
2022-23,15,2023-02-25,Leeds United,Southampton,0.3519490204711432,0.0,-0.016419964718605788
2022-23,15,2023-02-25,Everton,Aston Villa,-0.2792216760718134,0.0,0.07464167345654762
2022-23,15,2023-02-25,Leicester City,Arsenal,-1.4090322110449853,-0.2788354392882433,-0.021288355319639497
2022-23,15,2023-02-26,Tottenham,Chelsea,0.33176511580209156,0.4597683534817562,-0.040698214935446925
2022-23,15,2023-03-01,Arsenal,Everton,2.630559271147968,0.5019678634339433,-0.05252807391533591
2022-23,15,2023-03-01,Liverpool,Wolverhampton Wanderers,2.331641057185361,1.0265032324861727,-0.002140378464909682
2022-23,15,2023-03-04,Manchester City,Newcastle United,2.152042104043207,0.2702484335696661,0.0021459121922671066
2022-23,15,2023-03-04,Arsenal,Bournemouth,3.0649095740482597,0.23911011984894798,0.017247182762145992
2022-23,15,2023-03-04,Aston Villa,Crystal Palace,0.12518706690721326,0.0,-0.0547724520256627
2022-23,15,2023-03-04,Brighton and Hove Albion,West Ham United,0.644909777662072,0.0,0.0311165669527168
2022-23,15,2023-03-04,Chelsea,Leeds United,1.426204108875083,0.0,-0.008222393627585124
2022-23,15,2023-03-04,Wolverhampton Wanderers,Tottenham,-1.361369867453868,-0.4577713099702946,0.024313073011824428
2022-23,15,2023-03-04,Southampton,Leicester City,-0.9514419002260432,0.0,0.035101453698679244
2022-23,15,2023-03-05,Nottingham Forest,Everton,0.47726706227782706,0.0,0.004215323555095228
2022-23,15,2023-03-05,Liverpool,Manchester United,0.6190913906371756,-0.8131503965242322,0.01689576865390271
2022-23,15,2023-03-06,Brentford,Fulham,0.6428220011312186,0.0,-0.010041884088811112
2022-23,15,2023-03-11,Bournemouth,Liverpool,-2.5201620359582924,-0.21595384014089047,0.11687699425256275
2022-23,15,2023-03-11,Everton,Brentford,-0.8490781472793425,0.0,0.04471688336936566
2022-23,15,2023-03-11,Leeds United,Brighton and Hove Albion,-0.90793951096552,0.0,0.003977952278256532
2022-23,15,2023-03-11,Leicester City,Chelsea,-0.7757404057215329,0.0,0.0178240574113663
2022-23,15,2023-03-11,Tottenham,Nottingham Forest,1.6603607913464464,0.6025001915666477,0.04007348614517011
2022-23,15,2023-03-11,Crystal Palace,Manchester City,-2.686551820933133,-0.40895482550926004,0.0716469996561767
2022-23,15,2023-03-12,Fulham,Arsenal,-2.0996448320426544,-0.1397222337394034,0.033030586712375895
2022-23,15,2023-03-12,Manchester United,Southampton,2.485558158321873,0.16818787237252136,0.02359937996255923
2022-23,15,2023-03-12,West Ham United,Aston Villa,-0.05533624403935178,0.0,0.041900869327773246
2022-23,15,2023-03-12,Newcastle United,Wolverhampton Wanderers,1.4257202835741902,0.0,-0.05039895848302947
2022-23,15,2023-03-15,Brighton and Hove Albion,Crystal Palace,0.6412858892593423,0.0,0.004367825175976656
2022-23,15,2023-03-15,Southampton,Brentford,-1.0956555392151321,0.0,0.023452913983836463
2022-23,15,2023-03-17,Nottingham Forest,Newcastle United,-1.0264145131498257,0.0,-0.030919180447224127
2022-23,15,2023-03-18,Chelsea,Everton,1.6772281917325613,0.0,0.10174166362979883
2022-23,15,2023-03-18,Southampton,Tottenham,-2.010299158224805,-0.2831395588259452,-0.03310042310573739
2022-23,15,2023-03-18,Wolverhampton Wanderers,Leeds United,0.08929049407853185,0.0,-0.012559973998828779
2022-23,15,2023-03-18,Brentford,Leicester City,0.582263828204734,0.0,0.06282003905412419
2022-23,15,2023-03-18,Aston Villa,Bournemouth,1.0522852540737608,0.0,0.001765891942916653
2022-23,15,2023-03-19,Arsenal,Crystal Palace,2.1044120475914094,0.22225298838578006,0.032116151108721756
2022-23,15,2023-04-01,Manchester City,Liverpool,1.081163603823461,-0.297959075298565,-0.061599776405917836
2022-23,15,2023-04-01,Arsenal,Leeds United,2.5278667987955994,0.5292536409724067,0.005946143212078765
2022-23,15,2023-04-01,Bournemouth,Fulham,-0.5489452668978236,0.0,0.013874941192184926
2022-23,15,2023-04-01,Brighton and Hove Albion,Brentford,0.2886532629854497,0.0,0.06598397407375343
2022-23,15,2023-04-01,Crystal Palace,Leicester City,0.2901711108227507,0.0,-0.04535014605060146
2022-23,15,2023-04-01,Nottingham Forest,Wolverhampton Wanderers,-0.010378004785401518,0.0,-0.03790350186934186
2022-23,15,2023-04-01,Chelsea,Aston Villa,0.9430613631788859,0.0,-0.04568943555525068
2022-23,15,2023-04-02,West Ham United,Southampton,0.8825373697866359,0.0,-0.04529604383678999
2022-23,15,2023-04-02,Newcastle United,Manchester United,-0.2098303964468633,-0.1389255351467943,0.017917514451831842
2022-23,15,2023-04-03,Everton,Tottenham,-1.6859908458971213,-0.685260983377855,0.02798446421010746
2022-23,15,2023-04-04,Chelsea,Liverpool,-1.004701222582712,-0.33579397687974766,-0.020915242650912942
2022-23,15,2023-04-04,Leicester City,Aston Villa,-0.6532127868274195,0.0,0.039830698825890534
2022-23,15,2023-04-04,Bournemouth,Brighton and Hove Albion,-1.1888333123439618,0.0,0.0007906367325224289
2022-23,15,2023-04-04,Leeds United,Nottingham Forest,0.18370555930013455,0.0,0.041328556620258985
2022-23,15,2023-04-05,Manchester United,Brentford,0.7683875225273169,0.7561297850999305,-0.04070099120385836
2022-23,15,2023-04-05,West Ham United,Newcastle United,-1.1036944627008953,-0.2983013035580923,0.0439430112087742
2022-23,15,2023-04-08,Southampton,Manchester City,-3.588762631305935,-0.6548594429298444,-0.022792134011121554
2022-23,15,2023-04-08,Manchester United,Everton,1.7896298465480798,0.9205701564208713,0.04278666160573521
2022-23,15,2023-04-08,Aston Villa,Nottingham Forest,1.095724031388657,0.0,-0.07462189862177476
2022-23,15,2023-04-08,Brentford,Newcastle United,-0.77901730850839,-0.43330796099684427,0.030141147034860365
2022-23,15,2023-04-08,Fulham,West Ham United,0.024678865683881612,0.0,0.04493109828472653
2022-23,15,2023-04-08,Leicester City,Bournemouth,0.8726627275126778,0.0,-0.06805460354020593
2022-23,15,2023-04-08,Tottenham,Brighton and Hove Albion,0.7509923270464147,0.3544439369070771,-0.034952664385698426
2022-23,15,2023-04-08,Wolverhampton Wanderers,Chelsea,-1.0021563994973943,0.0,-0.02922592950723904
2022-23,15,2023-04-09,Liverpool,Arsenal,-3.194412065310459e-05,-0.3243571740329895,0.01379730710463358
2022-23,15,2023-04-09,Leeds United,Crystal Palace,-0.1349122107854686,0.0,-0.0027263654854226063
2022-23,15,2023-04-15,Aston Villa,Newcastle United,-0.7634038428047099,-0.2740541037703691,0.05110558780404337
2022-23,15,2023-04-15,Chelsea,Brighton and Hove Albion,0.2778660120270282,0.0,-0.036989758534376485
2022-23,15,2023-04-15,Everton,Fulham,0.12633112909219624,0.0,0.044933019990277774
2022-23,15,2023-04-15,Southampton,Crystal Palace,-0.7558338110009895,0.0,-0.004291667737086575
2022-23,15,2023-04-15,Tottenham,Bournemouth,2.0482685966470937,0.7241698754470716,0.013148890087500843
2022-23,15,2023-04-15,Wolverhampton Wanderers,Brentford,-0.4186840809506204,0.0,0.03184543321173967
2022-23,15,2023-04-15,Manchester City,Leicester City,3.48290208819957,0.7042635781858665,0.012248612871251655
2022-23,15,2023-04-16,West Ham United,Arsenal,-2.074573705441838,-0.34924538585133114,0.06303450464601512
2022-23,15,2023-04-16,Nottingham Forest,Manchester United,-1.8394669934298309,-0.34308452244365056,-0.011172290474547694
2022-23,15,2023-04-17,Leeds United,Liverpool,-2.2011255008004813,-0.7218753334370258,-0.01228090908578739
2022-23,15,2023-04-21,Arsenal,Southampton,3.2267861071744757,0.33502306491060196,-0.03208378543896947
2022-23,15,2023-04-22,Liverpool,Nottingham Forest,2.7579617241460532,0.7892866068055622,0.07967745996781361
2022-23,15,2023-04-22,Leicester City,Wolverhampton Wanderers,-0.3650593699650607,0.0,-0.011008176678866825
2022-23,15,2023-04-22,Brentford,Aston Villa,-0.24559255052991924,0.0,-0.03426084771725326
2022-23,15,2023-04-22,Fulham,Leeds United,0.09310355045929099,0.0,0.05051076817100852
2022-23,15,2023-04-22,Crystal Palace,Everton,0.9434103211615871,0.0,0.015486876749649933
2022-23,15,2023-04-23,Bournemouth,West Ham United,-0.607667931753975,0.0,-0.017939860889126094
2022-23,15,2023-04-23,Newcastle United,Tottenham,0.12500684521962158,-0.3759380085483637,-0.08947700955736404
2022-23,15,2023-04-25,Wolverhampton Wanderers,Crystal Palace,-0.23152609461741092,0.0,-0.02205953647785515
2022-23,15,2023-04-25,Aston Villa,Fulham,1.066051145990739,0.0,0.017338548710739185
2022-23,15,2023-04-25,Leeds United,Leicester City,-0.14226901883733592,0.0,-0.027843881250534365
2022-23,15,2023-04-26,Manchester City,Arsenal,1.1698780722388888,0.6671025371870207,0.03802075960851414
2022-23,15,2023-04-26,Nottingham Forest,Brighton and Hove Albion,-1.3021526251419255,0.0,-0.002992246026635094
2022-23,15,2023-04-26,Chelsea,Brentford,0.3304971230891631,0.0,0.035006334479540546
2022-23,15,2023-04-26,West Ham United,Liverpool,-1.525684487695818,-0.6939322353483304,0.03624301059123054
2022-23,15,2023-04-27,Southampton,Bournemouth,-0.30988119201468656,0.0,0.03184077607745781
2022-23,15,2023-04-27,Tottenham,Manchester United,-0.265632943451672,1.1805835511574174,-0.011928513254775633
2022-23,15,2023-04-27,Everton,Newcastle United,-1.521907643427846,-0.9073458705123623,0.003981421954049574
2022-23,15,2023-04-29,Brentford,Nottingham Forest,1.0246561616195762,0.0,0.034454031204652916
2022-23,15,2023-04-29,Brighton and Hove Albion,Wolverhampton Wanderers,0.9270868220076101,0.0,-0.0025943334873064217
2022-23,15,2023-04-29,Crystal Palace,West Ham United,0.02073613452449563,0.0,0.009027543366397984
2022-23,15,2023-04-30,Liverpool,Tottenham,0.9025280089333618,-0.58174293040642,-0.0964290746360091
2022-23,15,2023-04-30,Newcastle United,Southampton,2.543016577848546,0.7508133646285614,0.04385688087036855
2022-23,15,2023-04-30,Bournemouth,Leeds United,0.21639060359724938,0.0,-0.04825265385070987
2022-23,15,2023-04-30,Fulham,Manchester City,-3.1366956808156408,-0.35904158930024455,0.024254706072529986
2022-23,15,2023-04-30,Manchester United,Aston Villa,0.8754628634234909,-0.398645654612858,-0.033438825393897656
2022-23,15,2023-05-01,Leicester City,Everton,0.3964269203635383,0.0,-0.016660151583133956
2022-23,15,2023-05-02,Arsenal,Chelsea,1.4477992930806045,-0.02315320809437771,-0.021421048208134036
2022-23,15,2023-05-03,Liverpool,Fulham,2.6025839886971656,0.6618581996278017,0.006668017918594393
2022-23,15,2023-05-03,Manchester City,West Ham United,3.2878920285200213,0.4676371226176435,0.00773514789048859
2022-23,15,2023-05-04,Brighton and Hove Albion,Manchester United,-0.62943414259647,-0.6156803986335516,0.050015076527222785
2022-23,15,2023-05-06,Bournemouth,Chelsea,-0.560972236007958,0.0,-0.017835622225895575
2022-23,15,2023-05-06,Manchester City,Leeds United,3.977344141511322,0.5580514216120004,-0.031162524196451564
2022-23,15,2023-05-06,Tottenham,Crystal Palace,0.8655564103575907,0.0,-0.04497169666090953
2022-23,15,2023-05-06,Wolverhampton Wanderers,Aston Villa,-0.6163549413161997,0.0,0.04924251366171548
2022-23,15,2023-05-06,Liverpool,Brentford,1.9503957927652888,0.4595165152773285,0.04315858986368283
2022-23,15,2023-05-07,West Ham United,Manchester United,-1.3208505120271015,-0.36364677050977895,-0.051324974320423274
2022-23,15,2023-05-07,Newcastle United,Arsenal,-0.3179971229184253,0.0001757068170503695,-0.03513455469886151
2022-23,15,2023-05-08,Fulham,Leicester City,0.014433459534779147,0.0,-0.03160337349016899
2022-23,15,2023-05-08,Brighton and Hove Albion,Everton,1.422802157602602,0.0,-0.02342869995069371
2022-23,15,2023-05-08,Nottingham Forest,Southampton,0.584235216428578,0.0,-0.054770404568597955
2022-23,15,2023-05-13,Leeds United,Newcastle United,-1.729747336269149,-0.3674442007909619,-0.012977777580707998
2022-23,15,2023-05-13,Aston Villa,Tottenham,-0.5382899437098132,-0.5810309591902083,-0.0425699675369404
2022-23,15,2023-05-13,Chelsea,Nottingham Forest,1.0697157717881127,0.0,-0.03197355111865126
2022-23,15,2023-05-13,Crystal Palace,Bournemouth,0.7779188355736839,0.0,-0.006191879376470789
2022-23,15,2023-05-13,Manchester United,Wolverhampton Wanderers,1.474642459718866,0.1663212898787652,-0.0197288839266421
2022-23,15,2023-05-13,Southampton,Fulham,-0.56088746695104,0.0,0.04775425036786491
2022-23,15,2023-05-14,Brentford,West Ham United,0.2995012170177703,0.0,0.030403363922958303
2022-23,15,2023-05-14,Everton,Manchester City,-3.4449903304526317,-0.41431663498339105,0.020199001691673307
2022-23,15,2023-05-14,Arsenal,Brighton and Hove Albion,1.6072077319423599,0.4997134785297801,0.0021834589136922322
2022-23,15,2023-05-15,Leicester City,Liverpool,-2.538256679725863,-0.5921035266157129,-0.08391927829162912
2022-23,15,2023-05-18,Newcastle United,Brighton and Hove Albion,0.5874789885281857,0.4917749056515317,-0.011175165387311836
2022-23,15,2023-05-20,Tottenham,Brentford,0.48105378601567295,0.0,-0.02667404735141282
2022-23,15,2023-05-20,Bournemouth,Manchester United,-1.956364171432107,-0.5581519882477389,-0.06284447908325572
2022-23,15,2023-05-20,Fulham,Crystal Palace,-0.28428711707775095,0.0,0.023436459805262204
2022-23,15,2023-05-20,Liverpool,Aston Villa,1.5302064593223856,0.6987074361375427,-0.047711605865292925
2022-23,15,2023-05-20,Wolverhampton Wanderers,Everton,0.17820773897043263,0.0,0.0034783271963714987
2022-23,15,2023-05-20,Nottingham Forest,Arsenal,-2.1558805854570973,-0.45126987261617735,-0.012454167641301058
2022-23,15,2023-05-21,West Ham United,Leeds United,0.7857442123942953,0.0,0.04800420305293915
2022-23,15,2023-05-21,Brighton and Hove Albion,Southampton,1.9459174337930807,0.0,0.027329548930900692
2022-23,15,2023-05-21,Manchester City,Chelsea,3.0412854371926903,0.3881850760299137,0.002146732632885743
2022-23,15,2023-05-22,Newcastle United,Leicester City,1.7160183690609032,0.4455289237035192,0.033959843638477254
2022-23,15,2023-05-24,Brighton and Hove Albion,Manchester City,-2.2016546754145727,-0.5932461361251669,0.0737298227373598
2022-23,15,2023-05-25,Manchester United,Chelsea,1.0727712925761563,0.22353755971471387,-0.03033886270942867
2022-23,15,2023-05-28,Arsenal,Wolverhampton Wanderers,1.9618036053192567,0.0011069184195930393,0.028649601127754467
2022-23,15,2023-05-28,Aston Villa,Brighton and Hove Albion,0.020614398041736592,0.0,-0.03193901042139797
2022-23,15,2023-05-28,Brentford,Manchester City,-2.3668991796073446,-0.7461940308426911,0.03834744909840267
2022-23,15,2023-05-28,Chelsea,Newcastle United,-0.5796143914847203,-0.7688145262211188,0.07556305101284957
2022-23,15,2023-05-28,Crystal Palace,Nottingham Forest,0.5060648917593816,0.0,0.007930550654941429
2022-23,15,2023-05-28,Everton,Bournemouth,0.45212637351723994,0.0,0.013511118110722399
2022-23,15,2023-05-28,Leeds United,Tottenham,-1.3713016649792689,0.0,-0.04302744915396869
2022-23,15,2023-05-28,Leicester City,West Ham United,-0.2323162109422766,0.0,0.0167504674227354
2022-23,15,2023-05-28,Manchester United,Fulham,1.9837533634317264,0.30405501048439154,0.02073050303727044
2022-23,15,2023-05-28,Southampton,Liverpool,-3.2470943408066795,-0.28080904873811624,0.18482965076151842
2023-24,15,2023-08-11,Burnley,Manchester City,-3.218152582303413,-0.44299062636759695,-0.013707443983575096
2023-24,15,2023-08-12,Newcastle United,Aston Villa,0.4994977413873043,0.5328506837287341,-0.040628537020584686
2023-24,15,2023-08-12,Everton,Fulham,0.10633733532945794,0.0,0.01035443768037217
2023-24,15,2023-08-12,Sheffield United,Crystal Palace,-0.7969567108898645,0.0,-0.03369756207603927
2023-24,15,2023-08-12,Bournemouth,West Ham United,-0.35695123235504456,0.0,-0.0464635979528518
2023-24,15,2023-08-12,Arsenal,Nottingham Forest,2.259398042362884,0.40251952095731536,-0.010813133684387181
2023-24,15,2023-08-12,Brighton and Hove Albion,Luton,0.9100037746476264,0.0,-0.0012139522676031453
2023-24,15,2023-08-13,Brentford,Tottenham,-0.08256111790296883,0.0,-0.01290630285436678
2023-24,15,2023-08-13,Chelsea,Liverpool,-1.2522638535904855,-0.36624245024652957,-0.014707500222889615
2023-24,15,2023-08-14,Manchester United,Wolverhampton Wanderers,1.8644186766075077,0.5038373173547274,-0.014216368997697106
2023-24,15,2023-08-18,Nottingham Forest,Sheffield United,0.8984416198310369,0.0,0.019945852938748065
2023-24,15,2023-08-19,Fulham,Brentford,-0.8956567798524815,0.0,-0.05058183242790068
2023-24,15,2023-08-19,Liverpool,Bournemouth,2.875567828283983,0.5469826339767688,0.08912171439674843
2023-24,15,2023-08-19,Wolverhampton Wanderers,Brighton and Hove Albion,-0.9708632834866142,0.0,-0.03857972716859224
2023-24,15,2023-08-19,Tottenham,Manchester United,-0.43282874112321323,-0.5318800338306693,-0.017137475953070847
2023-24,15,2023-08-19,Manchester City,Newcastle United,1.8417460885281713,-0.5371639882637427,-0.04244038453628819
2023-24,15,2023-08-20,Aston Villa,Everton,1.2493069967950088,0.0,0.026877961585573693
2023-24,15,2023-08-20,West Ham United,Chelsea,-0.328197692803609,0.0,-9.766164835720709e-05
2023-24,15,2023-08-21,Crystal Palace,Arsenal,-1.5255585240770437,-0.3203410741764741,-0.016030201704301788
2023-24,15,2023-08-25,Chelsea,Luton,0.6565368309692794,0.0,0.02136958225002106
2023-24,15,2023-08-26,Bournemouth,Tottenham,-1.5766382266097005,0.0,-0.030392394609634932
2023-24,15,2023-08-26,Arsenal,Fulham,2.582389405153251,0.6638369105790556,0.024356107985983002
2023-24,15,2023-08-26,Brentford,Crystal Palace,0.9585043879664736,0.0,0.032547264152795304
2023-24,15,2023-08-26,Everton,Wolverhampton Wanderers,-0.13939634329246375,0.0,0.030701571411639428
2023-24,15,2023-08-26,Manchester United,Nottingham Forest,1.767264635989082,0.36750451871375317,-0.015241265547860885
2023-24,15,2023-08-26,Brighton and Hove Albion,West Ham United,0.9318597996759342,0.0,-0.012561982890883311
2023-24,15,2023-08-27,Burnley,Aston Villa,-1.1038149555963235,0.0,0.07730550364720334
2023-24,15,2023-08-27,Sheffield United,Manchester City,-4.029771179290861,-0.5199845670389948,0.037604829681097074
2023-24,15,2023-08-27,Newcastle United,Liverpool,-0.87689447768366,-0.13841887872375092,0.016328932213872806
2023-24,15,2023-09-01,Luton,West Ham United,-0.26408346493476703,0.0,0.056991784745708686
2023-24,15,2023-09-02,Brighton and Hove Albion,Newcastle United,-0.09904048218282946,-0.8216905529951843,0.01397538400735808
2023-24,15,2023-09-02,Manchester City,Fulham,3.536742755598481,0.5263608448596893,-0.057115443081664226
2023-24,15,2023-09-02,Chelsea,Nottingham Forest,0.8090664343496056,0.0,0.022737322316435597
2023-24,15,2023-09-02,Burnley,Tottenham,-1.4584604286164957,-0.5776446976150406,0.03939731023938122
2023-24,15,2023-09-02,Sheffield United,Everton,-0.29299588848859415,0.0,0.035363046149428215
2023-24,15,2023-09-02,Brentford,Bournemouth,1.8529246895927636,0.0,-0.014429701891557217
2023-24,15,2023-09-03,Crystal Palace,Wolverhampton Wanderers,0.4263533643330747,0.0,0.010864217675638332
2023-24,15,2023-09-03,Liverpool,Aston Villa,1.473810077366663,0.775365112331512,-0.016278379302408115
2023-24,15,2023-09-03,Arsenal,Manchester United,0.3665309186407173,0.2108788299262055,-0.05159377867641349
2023-24,15,2023-09-16,Wolverhampton Wanderers,Liverpool,-2.3443597429033574,-0.36566462411689526,-0.048551078282041936
2023-24,15,2023-09-16,Aston Villa,Crystal Palace,0.6946429048230598,0.0,0.02388309571662623
2023-24,15,2023-09-16,Fulham,Luton,0.26819469885924485,0.0,0.02763958573839613
2023-24,15,2023-09-16,Manchester United,Brighton and Hove Albion,0.7076198544862486,0.11260026468512091,-0.03828689910516893
2023-24,15,2023-09-16,Tottenham,Sheffield United,2.257541936718619,0.41406790626722745,-0.0032045014325623004
2023-24,15,2023-09-16,West Ham United,Manchester City,-2.523678832931928,-0.4786533218678969,0.020592850444859093
2023-24,15,2023-09-16,Newcastle United,Brentford,0.5186275009576506,0.7045087642219791,0.010991098154002267
2023-24,15,2023-09-17,Everton,Arsenal,-2.4719660816825906,-0.4457640477654873,0.05823276950520405
2023-24,15,2023-09-17,Bournemouth,Chelsea,-0.770798093412343,0.0,0.07338120551909184
2023-24,15,2023-09-18,Nottingham Forest,Burnley,0.7196881551449683,0.0,0.04047833721669021
2023-24,15,2023-09-23,Crystal Palace,Fulham,0.5033882117599249,0.0,0.03542814430089769
2023-24,15,2023-09-23,Luton,Wolverhampton Wanderers,-0.02794875462422708,0.0,0.014377093161746405
2023-24,15,2023-09-23,Manchester City,Nottingham Forest,3.586075945287679,0.9284668325056025,-0.00562476469160051
2023-24,15,2023-09-23,Brentford,Everton,1.509976662443412,0.0,-0.04698649173428514
2023-24,15,2023-09-23,Burnley,Manchester United,-1.9287119721943817,-1.0354928965048529,-0.007353969304011727
2023-24,15,2023-09-24,Arsenal,Tottenham,0.8426575919983585,-0.25096591043038463,-0.012797696525491502
2023-24,15,2023-09-24,Brighton and Hove Albion,Bournemouth,1.74933771419501,0.0,0.030425152453023095
2023-24,15,2023-09-24,Chelsea,Aston Villa,-0.6066609331779171,0.0,-0.02976206947945784
2023-24,15,2023-09-24,Liverpool,West Ham United,2.0406451064693965,0.7642663372405673,0.012236463032318824
2023-24,15,2023-09-24,Sheffield United,Newcastle United,-2.3614917821646046,-0.7588947855884572,-0.0019875180444154303
2023-24,15,2023-09-30,West Ham United,Sheffield United,1.5801886062726553,0.0,-0.0045166824818195835
2023-24,15,2023-09-30,Wolverhampton Wanderers,Manchester City,-3.2062148293092765,-0.08111386689396749,-0.0037012990482961673
2023-24,15,2023-09-30,Newcastle United,Burnley,2.0576696892911985,0.9047433125942722,-0.016558956721566875
2023-24,15,2023-09-30,Tottenham,Liverpool,-1.0793021481741962,0.08185228792914978,0.022265573168008757
2023-24,15,2023-09-30,Everton,Luton,-0.10970545445505467,0.0,-0.05988162925892497
2023-24,15,2023-09-30,Aston Villa,Brighton and Hove Albion,-0.03306151036358673,0.0,-0.05231590603616108
2023-24,15,2023-09-30,Manchester United,Crystal Palace,1.340889123379629,0.5843898788667796,0.08035771886140951
2023-24,15,2023-09-30,Bournemouth,Arsenal,-2.5374008334514992,-0.5787247520659147,0.0015145260853730962
2023-24,15,2023-10-01,Nottingham Forest,Brentford,-0.5917679216764142,0.0,0.006108684961134689
2023-24,15,2023-10-02,Fulham,Chelsea,-0.2872437933658284,0.0,0.006147559835074687
2023-24,15,2023-10-03,Luton,Burnley,0.42899339934483866,0.0,0.04723860457322956
2023-24,15,2023-10-07,Luton,Tottenham,-1.8261278826525662,-0.0908472594224039,0.049194687302903634
2023-24,15,2023-10-07,Burnley,Chelsea,-0.7108381448564968,0.0,0.04990319863443296
2023-24,15,2023-10-07,Everton,Bournemouth,0.2606212852878639,0.0,0.05169508885019694
2023-24,15,2023-10-07,Fulham,Sheffield United,1.2239187258865918,0.0,0.06483477487224848
2023-24,15,2023-10-07,Manchester United,Brentford,1.0100090056170794,0.5809309907845965,-0.0705688203267301
2023-24,15,2023-10-07,Crystal Palace,Nottingham Forest,0.3757406420902971,0.0,0.0035810476522425
2023-24,15,2023-10-08,Arsenal,Manchester City,-0.8078627055675023,-0.03844492269164368,0.01245390927918848
2023-24,15,2023-10-08,Wolverhampton Wanderers,Aston Villa,-0.9748697735608569,0.0,-0.0054358526524075634
2023-24,15,2023-10-08,Brighton and Hove Albion,Liverpool,-1.2682033630668093,-0.5559770289764802,-0.07934169391572425
2023-24,15,2023-10-08,West Ham United,Newcastle United,-0.9360049674075817,-0.5359195565947005,-0.017010927639488218
2023-24,15,2023-10-21,Liverpool,Everton,2.8600365196055906,0.15326283487707898,0.04641616207874236
2023-24,15,2023-10-21,Bournemouth,Wolverhampton Wanderers,-0.7850075253834076,0.0,0.0034729267114720214
2023-24,15,2023-10-21,Brentford,Burnley,1.2466496971988186,0.0,0.003555603539676766
2023-24,15,2023-10-21,Manchester City,Brighton and Hove Albion,2.293218806649195,0.35550288433514243,0.00428998114056723
2023-24,15,2023-10-21,Newcastle United,Crystal Palace,1.0419874063719026,0.13931457028038002,-0.03400214165701911
2023-24,15,2023-10-21,Nottingham Forest,Luton,0.49961442671577827,0.0,-0.0069908788926587515
2023-24,15,2023-10-21,Chelsea,Arsenal,-1.5225600000468509,-0.7727798396508739,0.04849867811450355
2023-24,15,2023-10-21,Sheffield United,Manchester United,-2.4353272850776895,0.012077111353329784,0.007741166205898358
2023-24,15,2023-10-22,Aston Villa,West Ham United,1.034805670031194,0.0,-0.01631179453895707
2023-24,15,2023-10-23,Tottenham,Fulham,1.7164343948920928,0.4173429372312533,-0.04327099514059736
2023-24,15,2023-10-27,Crystal Palace,Tottenham,-0.9646248173657764,-0.4154325890918662,-0.007925622491618038
2023-24,15,2023-10-28,Wolverhampton Wanderers,Newcastle United,-1.0633683993268899,-0.023103049358611183,0.04666755384991028
2023-24,15,2023-10-28,Bournemouth,Burnley,0.19058399888958544,0.0,0.008293121865753185
2023-24,15,2023-10-28,Arsenal,Sheffield United,3.3913064667431354,0.6411133094680806,0.005123104494806678
2023-24,15,2023-10-28,Chelsea,Brentford,0.006171516505063979,0.0,0.0008066715155089083
2023-24,15,2023-10-29,West Ham United,Everton,0.9002903829165295,0.0,0.007450295280438106
2023-24,15,2023-10-29,Aston Villa,Luton,1.8474846312781505,0.736897374174415,0.008512015871692445
2023-24,15,2023-10-29,Brighton and Hove Albion,Fulham,1.1928262580894589,0.0,0.040561084671678585
2023-24,15,2023-10-29,Liverpool,Nottingham Forest,2.607648380983272,0.16801693532453182,-0.04353146861494133
2023-24,15,2023-10-29,Manchester United,Manchester City,-1.3930277363613095,-0.3889429441246846,0.061767510595562396
2023-24,15,2023-11-04,Fulham,Manchester United,-1.0954223248712631,-0.2956546412856591,0.04779221640412572
2023-24,15,2023-11-04,Brentford,West Ham United,0.42727981377528823,0.0,-0.023315710307988874
2023-24,15,2023-11-04,Burnley,Crystal Palace,-0.9436670615850693,0.0,-0.07688787414548257
2023-24,15,2023-11-04,Everton,Brighton and Hove Albion,-1.3225252229066569,0.0,0.02636752425270097
2023-24,15,2023-11-04,Manchester City,Bournemouth,4.007772141364824,0.7969266533438759,-0.07408530068854084
2023-24,15,2023-11-04,Sheffield United,Wolverhampton Wanderers,-1.0173898589403332,0.0,0.032420223621524843
2023-24,15,2023-11-04,Newcastle United,Arsenal,-0.6028420047033456,-0.2838728554402745,0.02728492416094025
2023-24,15,2023-11-05,Luton,Liverpool,-2.642767176224059,-0.35903128223302405,-0.006897828895533774
2023-24,15,2023-11-05,Nottingham Forest,Aston Villa,-1.3042553473310088,-0.32503958201840705,-0.03262954274058273
2023-24,15,2023-11-06,Tottenham,Chelsea,1.3881261361602686,0.40681262396202117,0.0792751892431578
2023-24,15,2023-11-11,Wolverhampton Wanderers,Tottenham,-1.3595115744097255,-0.757555824334482,-0.0013067429400442573
2023-24,15,2023-11-11,Arsenal,Burnley,3.036590492795794,0.868371178366194,-0.12907125373578884
2023-24,15,2023-11-11,Crystal Palace,Everton,0.8287819197439988,0.0,0.038711000801602245
2023-24,15,2023-11-11,Manchester United,Luton,1.791342663515212,0.612236186064926,0.05886926857049366
2023-24,15,2023-11-11,Bournemouth,Newcastle United,-2.0559978866581967,-0.8594773891994828,-0.01266256028962853
2023-24,15,2023-11-12,Aston Villa,Fulham,1.2191000918251373,0.0,-0.0404533064986768
2023-24,15,2023-11-12,Brighton and Hove Albion,Sheffield United,2.1512206073001723,0.0,-0.0031575715313522934
2023-24,15,2023-11-12,Liverpool,Brentford,1.402552515830781,0.20715355516324435,-0.0014872601293417775
2023-24,15,2023-11-12,West Ham United,Nottingham Forest,0.22163331665031777,0.0,-0.031516395610711366
2023-24,15,2023-11-12,Chelsea,Manchester City,-2.2412462200683927,-0.12122760205214977,0.03507615176139754
2023-24,15,2023-11-25,Nottingham Forest,Brighton and Hove Albion,-0.8037222060426971,0.0,0.004867471448981524
2023-24,15,2023-11-25,Sheffield United,Bournemouth,-0.23135924867777502,0.0,0.02071397454410108
2023-24,15,2023-11-25,Brentford,Arsenal,-1.3233212312484703,-0.235422685779756,0.03338063035949248
2023-24,15,2023-11-25,Luton,Crystal Palace,-0.34093770813288393,0.0,-0.013029548642515293
2023-24,15,2023-11-25,Burnley,West Ham United,-0.9236201199824426,0.0,0.0005849736280269455
2023-24,15,2023-11-25,Newcastle United,Chelsea,0.9948726185508889,0.9385961106283349,-0.01679504511653084
2023-24,15,2023-11-25,Manchester City,Liverpool,0.9766913217602506,0.1347362381464557,0.019751981480946243
2023-24,15,2023-11-26,Tottenham,Aston Villa,0.38327239117373235,-0.28846070804298873,-0.05338789952141368
2023-24,15,2023-11-26,Everton,Manchester United,-1.44810996370274,-0.7110097115538283,-0.0180328300333493
2023-24,15,2023-11-27,Fulham,Wolverhampton Wanderers,-0.06360813419656369,0.0,0.07976180883117574
2023-24,15,2023-12-02,Arsenal,Wolverhampton Wanderers,2.2096094102745494,0.7403249924810448,-0.04746277663483622
2023-24,15,2023-12-02,Brentford,Luton,1.0450655495429548,0.0,-0.03518458488501284
2023-24,15,2023-12-02,Burnley,Sheffield United,0.3285754659166127,0.0,0.04482894378587135
2023-24,15,2023-12-02,Nottingham Forest,Everton,-0.07112155408516502,0.0,0.02553350236563881
2023-24,15,2023-12-02,Newcastle United,Manchester United,0.037069120762778685,-0.2034025898818741,0.04121574912730494
2023-24,15,2023-12-03,West Ham United,Crystal Palace,0.4495004745719625,0.0,-0.025375261519318383
2023-24,15,2023-12-03,Manchester City,Tottenham,1.8678214614944533,-0.3504305001020547,-0.010195958580900555
2023-24,15,2023-12-03,Liverpool,Fulham,2.645794090459129,0.5570447152593746,-0.06310037268758023
2023-24,15,2023-12-03,Chelsea,Brighton and Hove Albion,-0.3456841861055887,0.0,0.01682426023091404
2023-24,15,2023-12-03,Bournemouth,Aston Villa,-1.758596830275942,-0.49971021551776074,-0.1226244893764012
2023-24,15,2023-12-05,Wolverhampton Wanderers,Burnley,0.9637963308839723,0.0,0.029493484266545522
2023-24,15,2023-12-05,Luton,Arsenal,-2.389937372933301,-0.8443599230059083,-0.018040343216644182
2023-24,15,2023-12-06,Brighton and Hove Albion,Brentford,0.064733492292395,0.0,-0.01326847227752432
2023-24,15,2023-12-06,Crystal Palace,Bournemouth,0.6229950784062632,0.0,0.022396343139935406
2023-24,15,2023-12-06,Fulham,Nottingham Forest,0.3765733187829862,0.0,0.032708618440260365
2023-24,15,2023-12-06,Sheffield United,Liverpool,-3.412183467539314,-0.976528685938294,0.03733997997456574
2023-24,15,2023-12-06,Aston Villa,Manchester City,-1.5192258154194607,0.062132209376980496,0.01754410673001017
2023-24,15,2023-12-06,Manchester United,Chelsea,0.9654339297783214,0.5933026453452441,-0.04192214326712436
2023-24,15,2023-12-07,Everton,Newcastle United,-1.5432966130898536,-0.4634985963663608,0.06278880176494121
2023-24,15,2023-12-07,Tottenham,West Ham United,0.9117928051885005,0.2513738964771687,-0.03674408348771766
2023-24,15,2023-12-09,Wolverhampton Wanderers,Nottingham Forest,0.4265615374118547,0.0,0.03130486330817678
2023-24,15,2023-12-09,Aston Villa,Arsenal,-0.9124500561438111,0.5659828853956579,-0.0020366067767961194
2023-24,15,2023-12-09,Sheffield United,Brentford,-1.993100896385425,0.0,0.04570520495373142
2023-24,15,2023-12-09,Brighton and Hove Albion,Burnley,1.6897337939118278,0.0,0.0021967633890869753
2023-24,15,2023-12-09,Crystal Palace,Liverpool,-2.2332616864299943,-0.546342265525612,0.06382933470862182
2023-24,15,2023-12-09,Manchester United,Bournemouth,1.9528688592336476,0.3930759078930972,-0.016723045120811048
2023-24,15,2023-12-10,Everton,Chelsea,-0.4710748921519987,0.0,-0.022214446150484575
2023-24,15,2023-12-10,Fulham,West Ham United,-0.40780502538136765,0.0,0.054182460192375825
2023-24,15,2023-12-10,Luton,Manchester City,-3.10840375635605,-0.47503442554091685,0.08692622549617492
2023-24,15,2023-12-10,Tottenham,Newcastle United,-0.10649738912168805,-0.3245603177739644,0.03994776921575974
2023-24,15,2023-12-15,Nottingham Forest,Tottenham,-1.6459092119259568,-0.6001554012915329,0.0020800770036164887
2023-24,15,2023-12-16,Chelsea,Sheffield United,1.7758038871654256,0.0,-0.02894729420766417
2023-24,15,2023-12-16,Manchester City,Crystal Palace,3.088991961168118,0.33571839218501837,-0.05391688345897323
2023-24,15,2023-12-16,Newcastle United,Fulham,1.348495216894119,0.5758065126466927,-0.002157472205321302
2023-24,15,2023-12-16,Burnley,Everton,-0.7410387442294871,0.0,0.045756847076322014
2023-24,15,2023-12-17,Liverpool,Manchester United,1.1700430757914955,-0.02033869502120217,0.013804475393324668
2023-24,15,2023-12-17,West Ham United,Wolverhampton Wanderers,0.3804134125802977,0.0,0.0007402916795427039
2023-24,15,2023-12-17,Arsenal,Brighton and Hove Albion,1.347974961401479,0.28626237834406953,-0.04297789214265029
2023-24,15,2023-12-17,Brentford,Aston Villa,-0.6743065674348059,-0.680503816068766,0.04357087689480441
2023-24,15,2023-12-21,Crystal Palace,Brighton and Hove Albion,-0.753779513521576,0.0,-0.02192536117344204
2023-24,15,2023-12-22,Aston Villa,Sheffield United,2.7391676027215106,0.5886757036179433,-0.0026039903152483626
2023-24,15,2023-12-23,West Ham United,Manchester United,-1.0050064479850525,-0.19049223796911469,-0.030165201263320895
2023-24,15,2023-12-23,Fulham,Burnley,1.110744844066124,0.0,0.09083327208649311
2023-24,15,2023-12-23,Luton,Newcastle United,-1.6162890721769796,-1.0960349015242608,-0.014542415387897151
2023-24,15,2023-12-23,Nottingham Forest,Bournemouth,0.01752108253299345,0.0,0.007713270967964054
2023-24,15,2023-12-23,Tottenham,Everton,1.4412717475499324,0.09016806114825532,-0.03225932352423007
2023-24,15,2023-12-23,Liverpool,Arsenal,0.2916208100275144,-0.01122929084221408,-0.0007591915363565072
2023-24,15,2023-12-24,Wolverhampton Wanderers,Chelsea,-0.38626672018282104,0.0,0.038361072656965436
2023-24,15,2023-12-26,Burnley,Liverpool,-3.0297521075316602,-0.7825955188098674,-0.011728665418848531
2023-24,15,2023-12-26,Newcastle United,Nottingham Forest,1.6846832760011838,0.19691724279685408,0.029139513884423433
2023-24,15,2023-12-26,Bournemouth,Fulham,0.024847353236792963,0.0,0.0018912388982757836
2023-24,15,2023-12-26,Sheffield United,Luton,-0.7917747674874291,0.0,-0.04603275165643649
2023-24,15,2023-12-26,Manchester United,Aston Villa,-0.15710770241171002,-0.1838017514460007,0.018483324055217847
2023-24,15,2023-12-27,Chelsea,Crystal Palace,0.532766832396344,0.0,0.05910886070963133
2023-24,15,2023-12-27,Brentford,Wolverhampton Wanderers,0.3976966103759916,0.0,-0.02608725456824818
2023-24,15,2023-12-27,Everton,Manchester City,-2.595563519623536,-0.6177947686856152,0.030517651103891805
2023-24,15,2023-12-28,Arsenal,West Ham United,1.8390514589313682,0.3340859606146621,0.012469760851871986
2023-24,15,2023-12-28,Brighton and Hove Albion,Tottenham,-0.39266748556200093,-0.2972978322360816,-0.11650422617845756
2023-24,15,2023-12-30,Luton,Chelsea,-0.4339168328454497,0.0,0.02780625106486799
2023-24,15,2023-12-30,Aston Villa,Burnley,2.0921148830739327,0.9486402983694957,0.04959189545610876
2023-24,15,2023-12-30,Crystal Palace,Brentford,-0.2743233391894959,0.0,0.006005259540724325
2023-24,15,2023-12-30,Manchester City,Sheffield United,4.034177066404172,0.8992388570575134,-0.01818345806160694
2023-24,15,2023-12-30,Wolverhampton Wanderers,Everton,0.27401867875356173,0.0,-0.004929532558837962
2023-24,15,2023-12-30,Nottingham Forest,Manchester United,-1.762650860626008,-0.24501659474642376,0.03409848557750676
2023-24,15,2023-12-31,Fulham,Arsenal,-2.1750753578319584,-0.4980522666479909,0.0066895198043826
2023-24,15,2023-12-31,Tottenham,Bournemouth,1.2143657723311083,0.5197546217682801,-0.04147379906153942
2023-24,15,2024-01-01,Liverpool,Newcastle United,1.6171318370317689,0.0076383478472195065,-0.01598373166170608
2023-24,15,2024-01-02,West Ham United,Brighton and Hove Albion,-0.1204110110654304,0.0,0.01998309673653033
2023-24,15,2024-01-12,Burnley,Luton,-0.27786138849298014,0.0,-0.028761910653804387
2023-24,15,2024-01-13,Newcastle United,Manchester City,-1.6830725803081488,-0.7839958815217473,0.048685768262553726
2023-24,15,2024-01-13,Chelsea,Fulham,0.8466013006746198,0.0,0.07601001188339697
2023-24,15,2024-01-14,Everton,Aston Villa,-1.3357434487777138,-0.28283880964219066,-0.019684565239348528
2023-24,15,2024-01-14,Manchester United,Tottenham,-0.07016914348850523,-0.7923951261061801,0.012650010080969911
2023-24,15,2024-01-20,Arsenal,Crystal Palace,2.217704027770272,0.6064409546223077,-0.01028406130501882
2023-24,15,2024-01-20,Brentford,Nottingham Forest,0.5267371777552624,0.0,-0.06217447716882359
2023-24,15,2024-01-21,Sheffield United,West Ham United,-1.7956976656747918,0.0,-0.0045350107533442124
2023-24,15,2024-01-21,Bournemouth,Liverpool,-2.379776363075245,-0.8238962527565141,-0.056865393227416024
2023-24,15,2024-01-22,Brighton and Hove Albion,Wolverhampton Wanderers,0.562638649986131,0.0,-0.0025569271558046093
2023-24,15,2024-01-30,Aston Villa,Newcastle United,0.5237444510518625,0.568487473993341,0.040850245071276034
2023-24,15,2024-01-30,Nottingham Forest,Arsenal,-2.164264422378378,-0.4239093801440146,0.0815510184632102
2023-24,15,2024-01-30,Fulham,Everton,-0.15340506171786422,0.0,0.03192823015500422
2023-24,15,2024-01-30,Luton,Brighton and Hove Albion,-0.9781866535098724,0.0,0.018750441079377334
2023-24,15,2024-01-30,Crystal Palace,Sheffield United,1.4044024661052235,0.0,-0.07644893931007726
2023-24,15,2024-01-31,Tottenham,Brentford,1.3086980342361638,-0.08902426199251207,-0.012072530431738615
2023-24,15,2024-01-31,Liverpool,Chelsea,2.3789276118511626,0.6313312642424317,0.020784733154274766
2023-24,15,2024-01-31,Manchester City,Burnley,3.8881981088686235,0.8815425298162705,-0.00047866952903426185
2023-24,15,2024-02-01,West Ham United,Bournemouth,0.8907883009015696,0.0,-0.03241857544350267
2023-24,15,2024-02-01,Wolverhampton Wanderers,Manchester United,-0.7455633265038429,-0.313955704035049,0.08585030885096223
2023-24,15,2024-02-03,Everton,Tottenham,-1.158438624444282,-0.2558695071195224,-0.06412933216627259
2023-24,15,2024-02-03,Brighton and Hove Albion,Crystal Palace,0.9177017862340726,0.0,0.002779751379786137
2023-24,15,2024-02-03,Burnley,Fulham,-0.651242577180196,0.0,0.012441535668255711
2023-24,15,2024-02-03,Newcastle United,Luton,1.5553588594322467,0.0,-0.013841564389449175
2023-24,15,2024-02-03,Sheffield United,Aston Villa,-2.5122725420943484,-0.04979056366729889,-0.0019370946186500482
2023-24,15,2024-02-04,Bournemouth,Nottingham Forest,0.3498801328103194,0.0,0.05037803453011383
2023-24,15,2024-02-04,Chelsea,Wolverhampton Wanderers,0.5829755630461793,0.0,0.08681161071938996
2023-24,15,2024-02-04,Manchester United,West Ham United,0.7434648007697384,0.39212801822509336,0.03490886880717184
2023-24,15,2024-02-04,Arsenal,Liverpool,-0.5526977254070085,-0.6231320534197595,0.002623550563627265
2023-24,15,2024-02-05,Brentford,Manchester City,-2.728792654405144,-0.6174279122643729,0.01682584841672468
2023-24,15,2024-02-10,Nottingham Forest,Newcastle United,-1.0745563959922126,0.0,0.06279593308324609
2023-24,15,2024-02-10,Wolverhampton Wanderers,Brentford,0.29748877315440925,0.0,0.03896896447805963
2023-24,15,2024-02-10,Tottenham,Brighton and Hove Albion,0.7247426355092306,0.1024806297520825,0.004981961103375451
2023-24,15,2024-02-10,Fulham,Bournemouth,-0.10926131125357022,0.0,0.038973480765587605
2023-24,15,2024-02-10,Liverpool,Burnley,3.4219917222385066,0.4555609483221015,-0.10126411932399557
2023-24,15,2024-02-10,Manchester City,Everton,2.9836018874797934,0.2836148023732503,-0.07081701211259255
2023-24,15,2024-02-10,Luton,Sheffield United,1.1587770512568205,0.0,0.029988675719939264
2023-24,15,2024-02-11,West Ham United,Arsenal,-1.2879714913425002,-0.1613985885578842,0.0070737439034356114
2023-24,15,2024-02-11,Aston Villa,Manchester United,0.10236754991001096,0.2056944066500857,0.055894441842590806
2023-24,15,2024-02-12,Crystal Palace,Chelsea,-0.34173512820058527,0.0,-0.01045537475844266
2023-24,15,2024-02-17,Nottingham Forest,West Ham United,-0.8277308269923074,0.0,-0.0006547207986773856
2023-24,15,2024-02-17,Newcastle United,Bournemouth,1.3577375442989266,0.0,-0.06611033120359541
2023-24,15,2024-02-17,Tottenham,Wolverhampton Wanderers,1.4257162588466428,0.8757943508020783,0.014638669330119973
2023-24,15,2024-02-17,Burnley,Arsenal,-3.1724413293510656,-0.5161205238088997,0.1525823208834879
2023-24,15,2024-02-17,Brentford,Liverpool,-2.0432136844264575,-0.7681834026266319,0.00802424356018809
2023-24,15,2024-02-17,Fulham,Aston Villa,-1.0860120376467033,-0.6597743605398495,-0.05825056069006638
2023-24,15,2024-02-17,Manchester City,Chelsea,2.6920100746726945,0.36646325083393777,0.002768545376280275
2023-24,15,2024-02-18,Luton,Manchester United,-1.6727658517520252,-0.5889081752338685,-0.04822850792868896
2023-24,15,2024-02-18,Sheffield United,Brighton and Hove Albion,-1.8045636551696642,0.0,0.010124122561226565
2023-24,15,2024-02-19,Everton,Crystal Palace,0.35991490382366453,0.0,-0.00899587942522398
2023-24,15,2024-02-20,Manchester City,Brentford,3.111540828080667,0.7215191347317667,-0.02093195220310367
2023-24,15,2024-02-21,Liverpool,Luton,3.0184241006288426,0.3441217807519153,0.0023035950532855967
2023-24,15,2024-02-24,Aston Villa,Nottingham Forest,1.6268719953835307,0.5103716349192581,-0.03271537144694342
2023-24,15,2024-02-24,Brighton and Hove Albion,Everton,0.9207772502570206,0.0,0.03314898533851244
2023-24,15,2024-02-24,Crystal Palace,Burnley,0.8874355214920384,0.0,0.028178058164614904
2023-24,15,2024-02-24,Manchester United,Fulham,1.8536301424655983,1.1047648366191094,-0.010914460595412269
2023-24,15,2024-02-24,Bournemouth,Manchester City,-3.130975790440291,-0.6066334441981618,0.022981626001257423
2023-24,15,2024-02-24,Arsenal,Newcastle United,1.4923222820839366,0.48622547512317216,-0.012356879650276303
2023-24,15,2024-02-25,Wolverhampton Wanderers,Sheffield United,1.783026858315873,0.0,-0.003929066734696361
2023-24,15,2024-02-26,West Ham United,Brentford,0.12336487176021738,0.0,-0.013672780105708167
2023-24,15,2024-03-02,Luton,Aston Villa,-1.6021874856805263,0.03755348535771397,-0.04074733597900538
2023-24,15,2024-03-02,Tottenham,Crystal Palace,1.5408659372033424,0.2822660338080155,0.04011318900437422
2023-24,15,2024-03-02,Nottingham Forest,Liverpool,-2.717122969040175,-0.3538908748707294,0.05275420171327438
2023-24,15,2024-03-02,Fulham,Brighton and Hove Albion,-0.7278090688023358,0.0,-0.0005304796740190978
2023-24,15,2024-03-02,Everton,West Ham United,-0.23478433438095647,0.0,0.08118297761625087
2023-24,15,2024-03-02,Brentford,Chelsea,-0.4076759024651294,0.0,0.041674125554488795
2023-24,15,2024-03-02,Newcastle United,Wolverhampton Wanderers,0.6172643650767864,0.0,0.05073450988827455
2023-24,15,2024-03-03,Burnley,Bournemouth,-0.5340218375434123,0.0,-0.07040747556194527
2023-24,15,2024-03-03,Manchester City,Manchester United,1.6891327486007401,-0.019070594386647377,-0.005520939709319762
2023-24,15,2024-03-04,Sheffield United,Arsenal,-3.3529997891446004,-0.4580853153534873,0.08322167361282062
2023-24,15,2024-03-09,Manchester United,Everton,1.618026554183563,0.5057564434755993,0.005220492020904032
2023-24,15,2024-03-09,Bournemouth,Sheffield United,1.2733087724364378,0.0,0.004919834536616152
2023-24,15,2024-03-09,Crystal Palace,Luton,0.22099329187915534,0.0,-0.02807591442291385
2023-24,15,2024-03-09,Wolverhampton Wanderers,Fulham,0.4698018966964649,0.0,0.013630149497494283
2023-24,15,2024-03-09,Arsenal,Brentford,2.3933468625327636,0.28893896576633665,-0.006786581349671052
2023-24,15,2024-03-10,Liverpool,Manchester City,-0.383055712101835,0.798415474648885,0.04337676538550099
2023-24,15,2024-03-10,West Ham United,Burnley,1.9699773555476554,0.0,-0.08167774559211106
2023-24,15,2024-03-10,Brighton and Hove Albion,Nottingham Forest,1.3047670298821068,0.0,0.0419153909625175
2023-24,15,2024-03-10,Aston Villa,Tottenham,0.13541185616699858,-0.07904726707531307,-0.018007891258633404
2023-24,15,2024-03-11,Chelsea,Newcastle United,-0.19813957369861268,0.0,-0.013726932059731425
2023-24,15,2024-03-13,Bournemouth,Luton,0.4110676113998541,0.0,-0.04318111099977919
2023-24,15,2024-03-16,Burnley,Brentford,-1.085880674460928,0.0,-0.008063359379558412
2023-24,15,2024-03-16,Luton,Nottingham Forest,0.11335800158908765,0.0,0.0370173656073647
2023-24,15,2024-03-16,Fulham,Tottenham,-1.3498295940891216,-0.6061987228268774,0.030087427385212133
2023-24,15,2024-03-17,West Ham United,Aston Villa,-0.6210500167563573,0.14343874784576666,0.06679575639627602
2023-24,15,2024-03-30,Brentford,Manchester United,-1.4964552589067275,-0.32802839526432015,-0.007008425942825858
2023-24,15,2024-03-30,Tottenham,Luton,1.8801770931711743,0.351330310428454,0.06348002158154209
2023-24,15,2024-03-30,Sheffield United,Fulham,-1.2565463133001826,0.0,-0.0072539083516900416
2023-24,15,2024-03-30,Aston Villa,Wolverhampton Wanderers,1.0319049879344926,0.7544167378118903,-0.015660545733833964
2023-24,15,2024-03-30,Chelsea,Burnley,1.8873076607977528,0.0,0.019089819744386567
2023-24,15,2024-03-30,Bournemouth,Everton,0.2894493523833856,0.0,0.023547255812533217
2023-24,15,2024-03-30,Newcastle United,West Ham United,0.6481699955415231,0.0,-0.004278995955646334
2023-24,15,2024-03-30,Nottingham Forest,Crystal Palace,-0.15757087579531137,0.0,-0.046359571389929674
2023-24,15,2024-03-31,Liverpool,Brighton and Hove Albion,1.9003920105934766,0.4830665317048762,-0.006714232554609477
2023-24,15,2024-03-31,Manchester City,Arsenal,0.9139199740519106,-0.7252198874322751,0.015925944054264375
2023-24,15,2024-04-02,Newcastle United,Everton,1.3434224526976357,0.0,0.04446212040604555
2023-24,15,2024-04-02,Nottingham Forest,Fulham,-0.5752273329326216,0.0,-0.08009601475709305
2023-24,15,2024-04-02,Bournemouth,Crystal Palace,0.2035816688789457,0.0,0.0012737602367582507
2023-24,15,2024-04-02,Burnley,Wolverhampton Wanderers,-1.282635312791399,0.0,0.03324555993464372
2023-24,15,2024-04-02,West Ham United,Tottenham,-1.0391538975338257,-0.4787964228306894,-0.020239000542728484
2023-24,15,2024-04-03,Arsenal,Luton,3.191673458850457,0.48908464096663956,-0.05123372933060346
2023-24,15,2024-04-03,Brentford,Brighton and Hove Albion,-0.602810346230031,0.0,0.00014727246468551267
2023-24,15,2024-04-03,Manchester City,Aston Villa,1.6512405437814108,-0.06609420934938925,-0.10500663186623267
2023-24,15,2024-04-04,Liverpool,Sheffield United,3.863068503978732,0.4511023390863831,-0.03478591391981571
2023-24,15,2024-04-04,Chelsea,Manchester United,-0.6283285276777371,-0.34882947058312036,-0.04731161309381009
2023-24,15,2024-04-06,Wolverhampton Wanderers,West Ham United,0.23006815953296145,0.0,-0.05733988773212419
2023-24,15,2024-04-06,Brighton and Hove Albion,Arsenal,-1.4196740604534057,-0.36555446114173323,0.06034007007989603
2023-24,15,2024-04-06,Luton,Bournemouth,-0.6113633921105041,0.0,-0.03638041165085171
2023-24,15,2024-04-06,Aston Villa,Brentford,1.365133668491267,0.20527716472348234,-0.002590224503565497
2023-24,15,2024-04-06,Everton,Burnley,0.9144047361405581,0.0,0.00501427507534892
2023-24,15,2024-04-06,Fulham,Newcastle United,-0.8414513602462943,0.0,-0.015274390371965207
2023-24,15,2024-04-06,Crystal Palace,Manchester City,-3.0562852780500958,-0.03788170724804246,0.00556895691541982
2023-24,15,2024-04-07,Manchester United,Liverpool,-1.028001672297831,-0.2655557746402623,-0.010555110094489152
2023-24,15,2024-04-07,Sheffield United,Chelsea,-1.9832374009014722,0.0,-0.015609787701884831
2023-24,15,2024-04-07,Tottenham,Nottingham Forest,1.8999077931287789,0.6195164213121622,0.05448220381707991
2023-24,15,2024-04-13,Newcastle United,Tottenham,-0.3637534067091923,-0.6052047891116238,0.01871507699355755
2023-24,15,2024-04-13,Brentford,Sheffield United,1.3670632396143665,0.0,-0.03674523229234925
2023-24,15,2024-04-13,Burnley,Brighton and Hove Albion,-1.7630350638346501,0.0,0.02554234002206652
2023-24,15,2024-04-13,Manchester City,Luton,3.656318700834658,0.4982578035940944,-0.036140146688477204
2023-24,15,2024-04-13,Nottingham Forest,Wolverhampton Wanderers,-0.34910036447984916,0.0,-0.04229242214560512
2023-24,15,2024-04-13,Bournemouth,Manchester United,-1.324973213710014,-0.5380903607903004,-0.0558966554435806
2023-24,15,2024-04-14,Arsenal,Aston Villa,1.4723817599714184,0.5996946915288397,0.007111306789524825
2023-24,15,2024-04-14,Liverpool,Crystal Palace,2.8530074191525325,0.32141650646987063,0.053523764983031824
2023-24,15,2024-04-14,West Ham United,Fulham,0.6385864572052358,0.0,0.06891449899902874
2023-24,15,2024-04-15,Chelsea,Everton,0.915603130014703,0.0,-0.021196835577656767
2023-24,15,2024-04-20,Luton,Brentford,-0.5554853458869046,0.0,-0.010558043714718551
2023-24,15,2024-04-20,Sheffield United,Burnley,-0.410015109199097,0.0,0.023823164112997886
2023-24,15,2024-04-20,Wolverhampton Wanderers,Arsenal,-2.184460780385489,-0.8360531001252363,0.018294158733379737
2023-24,15,2024-04-21,Everton,Nottingham Forest,0.31014797584038795,0.0,-0.02670203753264954
2023-24,15,2024-04-21,Aston Villa,Bournemouth,1.4338734265319117,0.5482767852030618,-0.0044214358366920295
2023-24,15,2024-04-21,Crystal Palace,West Ham United,-0.2243847291308766,0.0,-0.011521148045608207
2023-24,15,2024-04-21,Fulham,Liverpool,-2.1511241564648707,-0.6347880913723691,0.04668543417613441
2023-24,15,2024-04-23,Arsenal,Chelsea,1.6979207422609983,-0.03359189050661826,-0.08016673148398133
2023-24,15,2024-04-24,Manchester United,Sheffield United,2.7155423699950134,0.4808927766514473,0.02118756270864873
2023-24,15,2024-04-24,Everton,Liverpool,-2.3464798666237012,-0.6540243618236844,-0.0690964856641709
2023-24,15,2024-04-24,Wolverhampton Wanderers,Bournemouth,0.32426889128570363,0.0,0.07450069779594394
2023-24,15,2024-04-24,Crystal Palace,Newcastle United,-0.9466877446151334,-0.9032714075297559,0.002743144301019136
2023-24,15,2024-04-25,Brighton and Hove Albion,Manchester City,-2.219807380327142,-0.937832771467692,0.021360215188266595
2023-24,15,2024-04-27,West Ham United,Liverpool,-1.8096400684337877,-0.2682216852936284,0.12170835943713126
2023-24,15,2024-04-27,Fulham,Crystal Palace,0.09514486484685092,0.0,0.028392418173467403
2023-24,15,2024-04-27,Manchester United,Burnley,2.3466667518711737,0.13965646874900872,0.03501804069727884
2023-24,15,2024-04-27,Newcastle United,Sheffield United,2.6018083255012483,0.0,-0.03137699690101007
2023-24,15,2024-04-27,Wolverhampton Wanderers,Luton,0.6109917762401937,0.0,-0.029316779169105196
2023-24,15,2024-04-27,Everton,Brentford,-0.037358123478366756,0.0,-0.010088834704542558
2023-24,15,2024-04-27,Aston Villa,Chelsea,0.7260281719583326,0.7217426860042017,0.039831769751359034
2023-24,15,2024-04-28,Tottenham,Arsenal,-1.052556586839176,0.1412877233915938,0.021336282302081545
2023-24,15,2024-04-28,Bournemouth,Brighton and Hove Albion,-0.42821244962809313,0.0,-0.0315273834428247
2023-24,15,2024-04-28,Nottingham Forest,Manchester City,-3.426127547877213,-0.28729348471588323,0.026332722188769364
2023-24,15,2024-05-02,Chelsea,Tottenham,-0.3462521865148036,-0.0041498604548987905,-0.04872916372368187
2023-24,15,2024-05-03,Luton,Everton,-0.7451315545816506,0.0,-0.028476009586228097
2023-24,15,2024-05-04,Arsenal,Bournemouth,2.421009420463263,-0.011103574537197236,0.014622025001294125
2023-24,15,2024-05-04,Brentford,Fulham,0.315044287633358,0.0,0.07560914470686067
2023-24,15,2024-05-04,Burnley,Newcastle United,-1.5680509834715193,0.0,-0.0397950246584305
2023-24,15,2024-05-04,Sheffield United,Nottingham Forest,-0.8089130366607125,0.0,-0.001276187904091057
2023-24,15,2024-05-04,Manchester City,Wolverhampton Wanderers,3.098253174158071,0.24170802741666755,-0.004166416304586654
2023-24,15,2024-05-05,Brighton and Hove Albion,Aston Villa,-0.5819295768707966,-0.3556023255554799,-0.041963573236615676
2023-24,15,2024-05-05,Chelsea,West Ham United,0.6791652620999615,0.0,0.02075130726955522
2023-24,15,2024-05-05,Liverpool,Tottenham,1.257056984709585,0.30955717674563543,-0.038557608779071065
2023-24,15,2024-05-06,Crystal Palace,Manchester United,-1.015489316494962,-0.7575341089216474,0.00873815536541827
2023-24,15,2024-05-11,West Ham United,Luton,1.0113655163817237,0.0,0.011871732855127038
2023-24,15,2024-05-11,Wolverhampton Wanderers,Crystal Palace,-0.16406324029756036,0.0,-0.02764533491252935
2023-24,15,2024-05-11,Tottenham,Burnley,2.025358043890157,0.0,-0.06388870407405502
2023-24,15,2024-05-11,Nottingham Forest,Chelsea,-1.2464335010182894,0.0,-0.00568236089986477
2023-24,15,2024-05-11,Everton,Sheffield United,1.7487543381770796,0.0,0.05214424855647315
2023-24,15,2024-05-11,Bournemouth,Brentford,0.1318494935848601,0.0,0.04505604637405037
2023-24,15,2024-05-11,Fulham,Manchester City,-3.1795799457287206,-0.6653736717531911,0.04995563782315458
2023-24,15,2024-05-11,Newcastle United,Brighton and Hove Albion,0.5541149559247107,0.20017862161772146,-0.014090302955946363
2023-24,15,2024-05-12,Manchester United,Arsenal,-1.2473611332008965,0.02159099484760174,0.03224485872659817
2023-24,15,2024-05-13,Aston Villa,Liverpool,-0.9962367067199311,0.2190412220045413,-0.016870614683186312
2023-24,15,2024-05-14,Tottenham,Manchester City,-1.861128105632728,-0.40147611660302696,0.04637427265696598
2023-24,15,2024-05-15,Brighton and Hove Albion,Chelsea,-0.25310883083526603,0.0,0.057627584445248674
2023-24,15,2024-05-15,Manchester United,Newcastle United,0.17913624813278495,0.0,-0.020829928792301118
2023-24,15,2024-05-19,Sheffield United,Tottenham,-2.416938399190959,0.0,0.005662720680385633
2023-24,15,2024-05-19,Manchester City,West Ham United,3.0631768130074795,0.2163112579250582,-0.036693427304728285
2023-24,15,2024-05-19,Luton,Fulham,-0.5850083721752,0.0,-0.021729361602778885
2023-24,15,2024-05-19,Crystal Palace,Aston Villa,-1.0923541392052434,-0.7614087023460516,-0.00039097138263283204
2023-24,15,2024-05-19,Liverpool,Wolverhampton Wanderers,2.4243472985710257,0.5155111711588415,0.008574889644195387
2023-24,15,2024-05-19,Burnley,Nottingham Forest,-0.272237036168369,0.0,0.011238917790921791
2023-24,15,2024-05-19,Brighton and Hove Albion,Manchester United,-0.5906584219522417,-0.21689093694274766,-0.01879811285035361
2023-24,15,2024-05-19,Brentford,Newcastle United,-0.6944688677653081,0.0,0.010712866937995835
2023-24,15,2024-05-19,Arsenal,Everton,2.5772513056617283,0.60388278007188,-0.04887661376169001
2023-24,15,2024-05-19,Chelsea,Bournemouth,1.288013215656917,0.2063571956067388,0.015164504483691985
2024-25,15,2024-08-16,Manchester United,Fulham,1.2665494400828,0.5622564168193465,-0.06578404281687109
2024-25,15,2024-08-17,West Ham United,Aston Villa,-0.691765295314672,-0.1637985695567461,0.054650564989484916
2024-25,15,2024-08-17,Nottingham Forest,Bournemouth,-0.2133844306020541,0.0,-0.036300525450293025
2024-25,15,2024-08-17,Newcastle United,Southampton,2.3444634389231584,0.17965903119517518,-0.02197469346296882
2024-25,15,2024-08-17,Everton,Brighton and Hove Albion,-0.159276492707477,0.0,-0.06595188674932642
2024-25,15,2024-08-17,Ipswich Town,Liverpool,-2.401059638864831,-0.4294682419555968,0.025070457203136644
2024-25,15,2024-08-17,Arsenal,Wolverhampton Wanderers,2.6399545582071124,0.40665336807896546,-0.008394574443308676
2024-25,15,2024-08-18,Brentford,Crystal Palace,-0.4103674941266662,0.0,-0.012048538671892671
2024-25,15,2024-08-18,Chelsea,Manchester City,-2.0459570567514076,-0.09722695705629397,0.0411076246435072
2024-25,15,2024-08-19,Leicester City,Tottenham,-0.9362283986853969,0.0,-0.03347718381457749
2024-25,15,2024-08-24,Aston Villa,Arsenal,-1.3247109931488736,0.051985807462818,0.039052445048006944
2024-25,15,2024-08-24,Tottenham,Everton,1.0611771492420032,0.0,0.03839502969679142
2024-25,15,2024-08-24,Southampton,Nottingham Forest,-0.4357258171868608,0.0,0.05303964000899479
2024-25,15,2024-08-24,Crystal Palace,West Ham United,0.32831993890485334,0.0,-0.03117174948199862
2024-25,15,2024-08-24,Fulham,Leicester City,0.43611021365065283,0.0,0.008181287136709306
2024-25,15,2024-08-24,Brighton and Hove Albion,Manchester United,-0.5507808104070284,-0.4540608450018881,0.03202868972967497
2024-25,15,2024-08-24,Manchester City,Ipswich Town,3.799220579291296,0.39446053328071434,-0.034008950751378435
2024-25,15,2024-08-25,Bournemouth,Newcastle United,-0.9990414201774993,-0.2560093747644825,-0.015002259240711947
2024-25,15,2024-08-25,Wolverhampton Wanderers,Chelsea,-0.9256691919680373,0.0,0.04063358464794644
2024-25,15,2024-08-25,Liverpool,Brentford,2.2830498558936942,0.36692428830722795,0.04680525948403539
2024-25,15,2024-08-31,Arsenal,Brighton and Hove Albion,2.330236491287625,0.60897548366264,0.019595536290581
2024-25,15,2024-08-31,Brentford,Southampton,1.3065199196599213,0.0,-0.0261684707503572
2024-25,15,2024-08-31,Everton,Bournemouth,0.0757066061981434,0.0,0.07998008693980523
2024-25,15,2024-08-31,Ipswich Town,Fulham,-0.12611425561369582,0.0,0.049017219188034505
2024-25,15,2024-08-31,Leicester City,Aston Villa,-1.3059126290550582,-0.5551151511646921,-0.008103815294978528
2024-25,15,2024-08-31,Nottingham Forest,Wolverhampton Wanderers,0.15940873758320628,0.0,-0.038695157642134485
2024-25,15,2024-08-31,West Ham United,Manchester City,-3.066201194518774,-0.3391208643423571,0.0655478348654189
2024-25,15,2024-09-01,Manchester United,Liverpool,-0.9832610750463231,0.07657816973471648,0.03769254348644336
2024-25,15,2024-09-01,Newcastle United,Tottenham,0.18754353668587465,-0.056717937273245034,0.028115107701045375
2024-25,15,2024-09-01,Chelsea,Crystal Palace,0.8985553460638566,0.689622229028742,0.021703063111933776
2024-25,15,2024-09-14,Southampton,Manchester United,-2.194061652785257,0.0,0.04679811963182757
2024-25,15,2024-09-14,Brighton and Hove Albion,Ipswich Town,0.8070807118574629,0.0,-0.005745735561194405
2024-25,15,2024-09-14,Crystal Palace,Leicester City,0.677109129989457,0.0,-0.004833138919643924
2024-25,15,2024-09-14,Fulham,West Ham United,-0.20350909552453134,0.0,-0.049741581337741106
2024-25,15,2024-09-14,Liverpool,Nottingham Forest,2.866707008653622,0.5756205618243025,0.014501149104030296
2024-25,15,2024-09-14,Manchester City,Brentford,3.614395295873476,-0.1692866542134383,-0.06522489861774883
2024-25,15,2024-09-14,Aston Villa,Everton,1.5218205855415186,0.2628696154995067,0.034428433134955985
2024-25,15,2024-09-14,Bournemouth,Chelsea,-1.0652585022056518,-0.7719075025342403,0.03746136494603754
2024-25,15,2024-09-15,Tottenham,Arsenal,-1.415258571673378,-0.6088579669147256,-0.004893653586637639
2024-25,15,2024-09-15,Wolverhampton Wanderers,Newcastle United,-1.3189149476400306,-0.21264108444652047,-0.03899729147238308
2024-25,15,2024-09-21,Tottenham,Brentford,0.9243265014560701,0.0,0.06713738932713148
2024-25,15,2024-09-21,Crystal Palace,Manchester United,-0.7420910505228274,-0.5713677072843961,-0.07487094262253426
2024-25,15,2024-09-21,Southampton,Ipswich Town,-1.0841619940860703,0.0,-0.08905951820728784
2024-25,15,2024-09-21,Liverpool,Bournemouth,2.541012120115541,0.8890033806785904,-0.07089216149073455
2024-25,15,2024-09-21,Leicester City,Everton,-0.07813667991670956,0.0,0.05613074341778822
2024-25,15,2024-09-21,Fulham,Newcastle United,-0.9129926365367623,-0.6812574473644825,0.034182552255270685
2024-25,15,2024-09-21,Aston Villa,Wolverhampton Wanderers,1.8351495162344864,0.17778188117802696,-0.028076517413028614
2024-25,15,2024-09-21,West Ham United,Chelsea,-0.8104726257532765,-0.6607795031495677,0.0349132068044911
2024-25,15,2024-09-22,Brighton and Hove Albion,Nottingham Forest,0.9158525610006076,0.0,0.02080062236690526
2024-25,15,2024-09-22,Manchester City,Arsenal,0.9962237346316836,0.5549463232225463,0.02216215868983383
2024-25,15,2024-09-28,Newcastle United,Manchester City,-1.9830945692901185,-0.06835135465641184,-0.0009683246616822398
2024-25,15,2024-09-28,Arsenal,Leicester City,3.233039292866463,0.7133682257571776,-0.029127230295533935
2024-25,15,2024-09-28,Brentford,West Ham United,0.2221545821007458,0.0,0.036674836061004024
2024-25,15,2024-09-28,Chelsea,Brighton and Hove Albion,0.9121291475394406,0.5626087038081953,0.03754671012418175
2024-25,15,2024-09-28,Everton,Crystal Palace,-0.21168559590915692,0.0,0.04043714464044896
2024-25,15,2024-09-28,Nottingham Forest,Fulham,-0.36165268391023875,0.0,-0.04740063368247928
2024-25,15,2024-09-28,Wolverhampton Wanderers,Liverpool,-2.4658793494838287,-0.50051646258075,0.035946378452149125
2024-25,15,2024-09-29,Manchester United,Tottenham,0.039990364867912076,0.19710196149321485,0.05635004566320151
2024-25,15,2024-09-29,Ipswich Town,Aston Villa,-1.494063804853196,-0.6997008699563404,0.01594836670207004
2024-25,15,2024-09-30,Bournemouth,Southampton,1.4441270213871498,0.0,0.004599112705774353
2024-25,15,2024-10-05,Crystal Palace,Liverpool,-2.210417180917878,-0.13841082069788868,-0.049892592357467236
2024-25,15,2024-10-05,Arsenal,Southampton,4.175115730443551,0.46490108891246773,-0.07100073133151938
2024-25,15,2024-10-05,Brentford,Wolverhampton Wanderers,0.5483721254275337,0.0,0.003434542989210459
2024-25,15,2024-10-05,Leicester City,Bournemouth,-0.21890257041556235,0.0,-0.00036691560285612157
2024-25,15,2024-10-05,Manchester City,Fulham,3.2457091588062954,0.6855582064920573,-0.07523418584612022
2024-25,15,2024-10-05,West Ham United,Ipswich Town,0.3112612261021692,0.0,0.01650910579630959
2024-25,15,2024-10-05,Everton,Newcastle United,-0.9114585241243894,-0.5553641591596704,0.0009411797747710775
2024-25,15,2024-10-06,Aston Villa,Manchester United,0.49341316403631397,0.6219081289640729,-0.0839891357280439
2024-25,15,2024-10-06,Chelsea,Nottingham Forest,1.6692047310550042,0.6653539221477871,0.007716902599024682
2024-25,15,2024-10-06,Brighton and Hove Albion,Tottenham,-0.33474965702457515,-0.6155305409718789,-0.0049362842626244526
2024-25,15,2024-10-19,Southampton,Leicester City,-0.9500361979220385,0.0,0.0014051046406099096
2024-25,15,2024-10-19,Bournemouth,Arsenal,-2.864184044063089,-0.2747257477841183,0.04215612732184192
2024-25,15,2024-10-19,Newcastle United,Brighton and Hove Albion,0.7687020083908547,0.9269986639523621,0.04606636961876308
2024-25,15,2024-10-19,Manchester United,Brentford,1.1078738954405591,0.0,0.047560062361183715
2024-25,15,2024-10-19,Ipswich Town,Everton,0.146609612855989,0.0,-0.02744587917450053
2024-25,15,2024-10-19,Fulham,Aston Villa,-0.7828837401608721,-0.5245339922787681,0.07788956572501524
2024-25,15,2024-10-19,Tottenham,West Ham United,0.9508612751222768,0.0,-0.008632761956024033
2024-25,15,2024-10-20,Wolverhampton Wanderers,Manchester City,-3.6237909935914767,-0.19771162543261667,0.061423723788030384
2024-25,15,2024-10-20,Liverpool,Chelsea,1.5248538989918587,0.37312510078361427,0.0014693341954548078
2024-25,15,2024-10-21,Nottingham Forest,Crystal Palace,-0.051177599094271775,0.0,-0.04710932271377589
2024-25,15,2024-10-25,Leicester City,Nottingham Forest,0.12568547623424403,0.0,-0.0009717062273791183
2024-25,15,2024-10-26,Aston Villa,Bournemouth,1.4790870153499254,0.41296173514804907,0.021908141158026778
2024-25,15,2024-10-26,Brentford,Ipswich Town,0.36183512561794784,0.0,-0.025107811905247718
2024-25,15,2024-10-26,Brighton and Hove Albion,Wolverhampton Wanderers,1.3255582888938409,0.0,-0.005026220130730993
2024-25,15,2024-10-26,Manchester City,Southampton,4.9949024128192985,0.12208376427116951,-0.07041442004337903
2024-25,15,2024-10-26,Everton,Fulham,0.02792645336574484,0.0,0.019819686675043052
2024-25,15,2024-10-27,Arsenal,Liverpool,0.44725159896031785,0.45998366487645237,-0.0185213528296334
2024-25,15,2024-10-27,West Ham United,Manchester United,-0.8471558084300065,-0.09257214352422644,0.05911065555107406
2024-25,15,2024-10-27,Chelsea,Newcastle United,0.23275555012666183,0.41905166492437984,0.0276831773489853
2024-25,15,2024-10-27,Crystal Palace,Tottenham,-0.7834720057170608,-0.7024118091162237,-0.027039222024391338
2024-25,15,2024-11-02,Newcastle United,Arsenal,-1.5567368244159996,-0.6619327123063936,0.09250943006378252
2024-25,15,2024-11-02,Bournemouth,Manchester City,-3.217579137589432,-0.3704434081402166,0.022344255714222615
2024-25,15,2024-11-02,Ipswich Town,Leicester City,0.012535843210573383,0.0,0.009856838926923853
2024-25,15,2024-11-02,Liverpool,Brighton and Hove Albion,1.97066680172828,0.40639659714434107,-0.00505705421246766
2024-25,15,2024-11-02,Nottingham Forest,West Ham United,-0.33477551289851626,0.0,0.027006598701706918
2024-25,15,2024-11-02,Southampton,Everton,-1.6043250637620594,0.0,-0.02820880006541917
2024-25,15,2024-11-02,Wolverhampton Wanderers,Crystal Palace,-0.21057416989901717,0.0,-0.0023003628794723632
2024-25,15,2024-11-03,Tottenham,Aston Villa,0.15606929453457985,-0.47355110904915587,0.027417348651474875
2024-25,15,2024-11-03,Manchester United,Chelsea,0.06086873427298567,-0.569140614575381,0.048474447630923796
2024-25,15,2024-11-04,Fulham,Brentford,0.19878100659846143,0.0,0.027023265674487346
2024-25,15,2024-11-09,Brighton and Hove Albion,Manchester City,-2.582957481156148,-0.7047418862959187,-0.005681881225696947
2024-25,15,2024-11-09,Liverpool,Aston Villa,1.6379024197522285,-0.5518428985955637,0.0038969864165810386
2024-25,15,2024-11-09,West Ham United,Everton,0.5860322312520492,0.0,0.04007822011434323
2024-25,15,2024-11-09,Crystal Palace,Fulham,-0.032217901921276604,0.0,0.046001034726926585
2024-25,15,2024-11-09,Wolverhampton Wanderers,Southampton,0.8809525256869374,0.0,0.020765577096299427
2024-25,15,2024-11-09,Brentford,Bournemouth,-0.06855630622374531,0.0,0.07599958222369366
2024-25,15,2024-11-10,Manchester United,Leicester City,1.2628578253886606,0.0,0.0369385690512273
2024-25,15,2024-11-10,Nottingham Forest,Newcastle United,-0.829358758702717,-0.5812581382972366,0.018253305792428343
2024-25,15,2024-11-10,Tottenham,Ipswich Town,1.6100082850344575,0.0,0.04760415828078556
2024-25,15,2024-11-10,Chelsea,Arsenal,-0.9446312092348044,0.16296991818709344,0.059889977657325635
2024-25,15,2024-11-23,Fulham,Wolverhampton Wanderers,1.0593282205372438,0.0,-0.025858766447803473
2024-25,15,2024-11-23,Everton,Brentford,-0.04957814620532519,0.0,0.011634637756489447
2024-25,15,2024-11-23,Bournemouth,Brighton and Hove Albion,-0.4738208359039353,0.0,0.03293383770574561
2024-25,15,2024-11-23,Manchester City,Tottenham,2.433682226888462,-0.005997236236251924,-0.0774998297785861
2024-25,15,2024-11-23,Arsenal,Nottingham Forest,2.629754060771148,0.8940222214734153,-0.028913146132504258
2024-25,15,2024-11-23,Leicester City,Chelsea,-1.5714943950900537,-0.39434322868941285,-0.0041756802311816365
2024-25,15,2024-11-23,Aston Villa,Crystal Palace,1.4971947938057255,0.7001309461493161,-0.01580862311571897
2024-25,15,2024-11-24,Southampton,Liverpool,-3.9496921444173627,-0.7757397994913471,0.05878605631597079
2024-25,15,2024-11-24,Ipswich Town,Manchester United,-1.0682253890103701,0.0,0.039775953381657875
2024-25,15,2024-11-25,Newcastle United,West Ham United,0.933334847196345,0.4160344709504174,-0.013226223141956171
2024-25,15,2024-11-29,Brighton and Hove Albion,Southampton,2.5907105880996024,0.0,0.012136798567981819
2024-25,15,2024-11-30,Brentford,Leicester City,0.7222507487998364,0.0,0.03995175721121648
2024-25,15,2024-11-30,Crystal Palace,Newcastle United,-0.8578461002568847,0.0,-0.03737652908878492
2024-25,15,2024-11-30,Nottingham Forest,Ipswich Town,0.08467512496476026,0.0,0.016807006806903644
2024-25,15,2024-11-30,Wolverhampton Wanderers,Bournemouth,-0.11279526245176763,0.0,-0.03625711355036397
2024-25,15,2024-11-30,West Ham United,Arsenal,-1.9959294489926047,-0.6748373295479462,0.031971230997453796
2024-25,15,2024-12-01,Tottenham,Fulham,0.9858981959167247,0.21944701475609094,0.05993520752007807
2024-25,15,2024-12-01,Chelsea,Aston Villa,0.3859439821580768,-0.2428010619557377,-0.04302957301375279
2024-25,15,2024-12-01,Manchester United,Everton,1.261670817937919,0.0,-0.00041289130512810884
2024-25,15,2024-12-01,Liverpool,Manchester City,-0.07544764921686475,0.08490708759395937,0.025597492144882068
2024-25,15,2024-12-03,Leicester City,West Ham United,-0.5368165035164345,0.0,-0.02357372109521445
2024-25,15,2024-12-03,Ipswich Town,Crystal Palace,-0.29237673470828796,0.0,-0.05710127783163766
2024-25,15,2024-12-04,Everton,Wolverhampton Wanderers,0.42587330837567455,0.0,-0.032464366462620506
2024-25,15,2024-12-04,Manchester City,Nottingham Forest,3.0201592490774596,0.1670241358624876,-0.06728407010326376
2024-25,15,2024-12-04,Newcastle United,Liverpool,-1.5987264312662905,-0.1388950096036457,-0.018572823219055342
2024-25,15,2024-12-04,Southampton,Chelsea,-2.8089585039341873,-0.33693832899406995,-0.0005672446652387059
2024-25,15,2024-12-04,Arsenal,Manchester United,1.7011903301433733,0.06996586930370097,-0.03097352064550587
2024-25,15,2024-12-04,Aston Villa,Brentford,0.9837368006442906,0.13305568845731874,0.025989662761656547
2024-25,15,2024-12-05,Fulham,Brighton and Hove Albion,-0.2983190941843161,0.0,-0.07536550727169439
2024-25,15,2024-12-05,Bournemouth,Tottenham,-0.595271058420439,0.0,-0.02010603972687834
2024-25,15,2024-12-07,Crystal Palace,Manchester City,-2.578875706611301,-0.5789836689410934,-0.009537778768266243
2024-25,15,2024-12-07,Manchester United,Nottingham Forest,1.1943753841421403,0.0,-0.005814030245918457
2024-25,15,2024-12-07,Aston Villa,Southampton,2.835294053917215,0.9131276191648999,-0.0069655939756096685
2024-25,15,2024-12-07,Brentford,Newcastle United,-0.8122069080855208,0.0,0.003446079897141227
2024-25,15,2024-12-08,Fulham,Arsenal,-2.3870102508528968,-0.8311244913171401,0.005973787182284432
2024-25,15,2024-12-08,Ipswich Town,Bournemouth,-0.6231597170954293,0.0,-0.045364716544820854
2024-25,15,2024-12-08,Leicester City,Brighton and Hove Albion,-1.0697100761925749,0.0,0.03067094857588112
2024-25,15,2024-12-08,Tottenham,Chelsea,-0.35861286519320035,-0.6739564608544133,-0.031400292467453524
2024-25,15,2024-12-09,West Ham United,Wolverhampton Wanderers,0.7862385958595929,0.0,0.05702719925171326
2024-25,15,2024-12-14,Wolverhampton Wanderers,Ipswich Town,0.21591288963991612,0.0,0.04045150823611952
2024-25,15,2024-12-14,Newcastle United,Leicester City,1.3008680620348163,0.0,0.02264725165161803
2024-25,15,2024-12-14,Nottingham Forest,Aston Villa,-0.6250808418593568,-0.7174030882466133,-0.018536487927593062
2024-25,15,2024-12-14,Arsenal,Everton,2.8037139974972383,0.2861554786614349,-0.0359309819737727
2024-25,15,2024-12-14,Liverpool,Fulham,2.07512433953851,0.6086460809434286,-0.013965400024671183
2024-25,15,2024-12-15,Chelsea,Brentford,1.6220629296287834,0.19219309831848436,-0.012441533320654476
2024-25,15,2024-12-15,Southampton,Tottenham,-2.215391816695414,0.0,0.03916825229694554
2024-25,15,2024-12-15,Brighton and Hove Albion,Crystal Palace,0.5778997440142022,0.0,-0.047462368096291875
2024-25,15,2024-12-15,Manchester City,Manchester United,1.9008183245622499,0.4405037237588743,-0.06954764844079583
2024-25,15,2024-12-16,Bournemouth,West Ham United,0.0991633619500204,0.0,0.03832920410842252
2024-25,15,2024-12-21,Crystal Palace,Arsenal,-2.2229343847917744,-0.5719666664004913,0.05170160624299129
2024-25,15,2024-12-21,West Ham United,Brighton and Hove Albion,-0.3928473022896236,0.0,0.06227168665191907
2024-25,15,2024-12-21,Ipswich Town,Newcastle United,-1.0497493781977116,0.0,0.008695098426226025
2024-25,15,2024-12-21,Brentford,Nottingham Forest,0.14769616100684813,0.0,0.08777655490325495
2024-25,15,2024-12-21,Aston Villa,Manchester City,-1.695150603188869,-0.35651039294109643,0.045174247271726364
2024-25,15,2024-12-22,Everton,Chelsea,-1.4166178063576544,-0.2691095416255752,-0.01172190490535542
2024-25,15,2024-12-22,Fulham,Southampton,1.9188782171318959,0.0,-0.08456957956094414
2024-25,15,2024-12-22,Leicester City,Wolverhampton Wanderers,0.1221931859621934,0.0,-0.00785387964852182
2024-25,15,2024-12-22,Manchester United,Bournemouth,0.7235045700646081,0.0,0.016945709425640484
2024-25,15,2024-12-22,Tottenham,Liverpool,-1.684764908911439,-0.22936581967992709,-0.04094505254154432
2024-25,15,2024-12-26,Wolverhampton Wanderers,Manchester United,-1.4207810722286578,0.0,0.011685301937059543
2024-25,15,2024-12-26,Southampton,West Ham United,-1.5346404988067275,0.0,-0.04497267288886893
2024-25,15,2024-12-26,Nottingham Forest,Tottenham,-0.5118590794086744,0.0,-0.014230685315427254
2024-25,15,2024-12-26,Liverpool,Leicester City,3.4202970205811356,0.8052829377775697,0.011318841911466253
2024-25,15,2024-12-26,Chelsea,Fulham,1.5866786922314038,0.0752465112210382,0.01672131295242079
2024-25,15,2024-12-26,Bournemouth,Crystal Palace,0.197320101803653,0.0,-0.023072309971579066
2024-25,15,2024-12-26,Manchester City,Everton,2.5581497220522005,0.7333933594620885,-0.06720518326993986
2024-25,15,2024-12-26,Newcastle United,Aston Villa,0.008852489908532268,0.09559645578545711,-0.047556794140491604
2024-25,15,2024-12-27,Brighton and Hove Albion,Brentford,0.6877098528504183,0.0,0.046969430966152526
2024-25,15,2024-12-27,Arsenal,Ipswich Town,3.042507812843808,0.599750132679443,-0.00824813189939912
2024-25,15,2024-12-29,West Ham United,Liverpool,-2.338384759686625,-0.19449746865210926,-0.028969520225776778
2024-25,15,2024-12-29,Tottenham,Wolverhampton Wanderers,1.4251981402810658,0.0,-0.04338784607008413
2024-25,15,2024-12-29,Fulham,Bournemouth,0.032929647443706855,0.0,0.042906705804933463
2024-25,15,2024-12-29,Crystal Palace,Southampton,1.8911085581185683,0.0,0.005782684961969008
2024-25,15,2024-12-29,Leicester City,Manchester City,-2.7332795838038053,-0.234178734982767,-0.008358962002919443
2024-25,15,2024-12-29,Everton,Nottingham Forest,-0.25662331618048995,0.0,-0.018622890351368285
2024-25,15,2024-12-30,Aston Villa,Brighton and Hove Albion,0.7133398220599765,0.2801863094185312,-0.008911083907031166
2024-25,15,2024-12-30,Ipswich Town,Chelsea,-1.9723527149557813,-0.489637092277863,0.021608511529083073
2024-25,15,2024-12-30,Manchester United,Newcastle United,-0.4493961071453825,-0.08590987765250513,-0.0019456380176192667
2024-25,15,2025-01-01,Brentford,Arsenal,-2.256690750378205,-0.20524933030577414,0.03718302836188987
2024-25,15,2025-01-04,Southampton,Brentford,-1.660709061599737,0.0,0.06670797228946473
2024-25,15,2025-01-04,Brighton and Hove Albion,Arsenal,-2.118541375682329,-0.42348614539357055,-0.00010517073959475515
2024-25,15,2025-01-04,Manchester City,West Ham United,2.315265585303044,0.7548543502422611,-0.042186352159758425
2024-25,15,2025-01-04,Bournemouth,Everton,0.6290547388659911,0.0,-0.014105180779010927
2024-25,15,2025-01-04,Aston Villa,Leicester City,1.7681364770410473,0.0,-0.012267317500861248
2024-25,15,2025-01-04,Tottenham,Newcastle United,-0.31456637500021944,-0.6295875580667909,-0.02585334351152823
2024-25,15,2025-01-04,Crystal Palace,Chelsea,-0.8523220713332464,-0.3466716114475132,0.01257140063363657
2024-25,15,2025-01-05,Fulham,Ipswich Town,0.9803758295054443,0.0,-0.0056653184439491985
2024-25,15,2025-01-05,Liverpool,Manchester United,2.1860717530217375,0.42042393945368384,-0.007621415010069348
2024-25,15,2025-01-06,Wolverhampton Wanderers,Nottingham Forest,-0.8952741947075855,0.0,-0.053906616667017744
2024-25,15,2025-01-14,Brentford,Manchester City,-2.1264077073079015,-0.5291697528899006,0.04451702690000597
2024-25,15,2025-01-14,Chelsea,Bournemouth,1.0658063990814943,-0.06397096717295808,0.01238963459405986
2024-25,15,2025-01-14,West Ham United,Fulham,-0.1704523143982526,0.0,-0.012905325513549344
2024-25,15,2025-01-14,Nottingham Forest,Liverpool,-1.8564122304899557,-0.5612953613010537,-0.018939250343795195
2024-25,15,2025-01-15,Newcastle United,Wolverhampton Wanderers,1.9477689412819894,0.3457513561945086,0.06081234836202879
2024-25,15,2025-01-15,Everton,Aston Villa,-1.0394080233226086,-0.17232452904492285,-0.014057680962285025
2024-25,15,2025-01-15,Leicester City,Crystal Palace,-1.028234658943608,0.0,-0.001984127364018845
2024-25,15,2025-01-15,Arsenal,Tottenham,2.1227090290104926,0.6405458617908448,-0.0010578227443595427
2024-25,15,2025-01-16,Manchester United,Southampton,2.3959079336373694,0.0,-0.011262051815381029
2024-25,15,2025-01-16,Ipswich Town,Brighton and Hove Albion,-0.7046009854470523,0.0,0.06222635223379509
2024-25,15,2025-01-18,Newcastle United,Bournemouth,0.8994129597033947,0.20765940108302042,-0.005894388703218831
2024-25,15,2025-01-18,Brentford,Liverpool,-2.379908293798716,-0.7892864090663718,-0.037101481807882655
2024-25,15,2025-01-18,Leicester City,Fulham,-1.0799226794165522,0.0,-0.003005616406435048
2024-25,15,2025-01-18,West Ham United,Crystal Palace,0.10753184356150602,0.0,0.014209771625239245
2024-25,15,2025-01-18,Arsenal,Aston Villa,1.485009170792774,0.6803295012387938,-0.02996535787922855
2024-25,15,2025-01-19,Everton,Tottenham,-0.5239511295025423,0.0,-0.0241720621864199
2024-25,15,2025-01-19,Manchester United,Brighton and Hove Albion,0.07938550092059171,0.0,0.016774252370462865
2024-25,15,2025-01-19,Nottingham Forest,Southampton,2.376680723944113,0.0,0.05885290950440559
2024-25,15,2025-01-19,Ipswich Town,Manchester City,-2.72266997035499,0.035370068734275895,0.1086391195372043
2024-25,15,2025-01-20,Chelsea,Wolverhampton Wanderers,1.8496515707476309,0.65700675952436,0.031136597318810195
2024-25,15,2025-01-25,Wolverhampton Wanderers,Arsenal,-2.954616515382854,-0.47487377123621805,0.018266676877630637
2024-25,15,2025-01-25,Manchester City,Chelsea,1.5782062120851281,0.3046636462452267,-0.04067110466115572
2024-25,15,2025-01-25,Southampton,Newcastle United,-2.760337631011179,-0.3451874827489185,0.032398905087857366
2024-25,15,2025-01-25,Brighton and Hove Albion,Everton,0.999913868563466,0.0,-0.02084902541841234
2024-25,15,2025-01-25,Bournemouth,Nottingham Forest,-0.04185430432066428,0.0,0.012084682260327044
2024-25,15,2025-01-25,Liverpool,Ipswich Town,3.3858150846012904,0.19969039557709273,0.0449849737279468
2024-25,15,2025-01-26,Crystal Palace,Brentford,0.6154080490623374,0.0,0.03546081049549321
2024-25,15,2025-01-26,Tottenham,Leicester City,1.4130734467834916,0.0,0.02497782170962346
2024-25,15,2025-01-26,Aston Villa,West Ham United,1.2121581600428906,0.26817716817363,-0.015738939693486845
2024-25,15,2025-01-26,Fulham,Manchester United,-0.007419289231433535,0.0,-0.018992273370857262
2024-25,15,2025-02-01,Nottingham Forest,Brighton and Hove Albion,-0.0058546961692473865,0.0,-0.024052892131549323
2024-25,15,2025-02-01,Bournemouth,Liverpool,-1.9079751393735334,-0.5063812725323125,0.01759196484623475
2024-25,15,2025-02-01,Everton,Leicester City,0.8845573225416415,0.0,-0.02814592963557369
2024-25,15,2025-02-01,Ipswich Town,Southampton,1.3263029673171092,0.0,-0.04542110601151848
2024-25,15,2025-02-01,Newcastle United,Fulham,1.032744391068848,0.3253116651825466,0.0591750751517959
2024-25,15,2025-02-01,Wolverhampton Wanderers,Aston Villa,-1.6572119254706694,-0.7404985159534492,0.018025484588286466
2024-25,15,2025-02-02,Manchester United,Crystal Palace,0.398548359258706,0.0,0.009858323294742143
2024-25,15,2025-02-02,Arsenal,Manchester City,0.19878070811913906,0.6612344998636994,0.021045425949419806
2024-25,15,2025-02-02,Brentford,Tottenham,0.12752742047599308,0.0,-0.02383088104779973
2024-25,15,2025-02-03,Chelsea,West Ham United,1.3302487949121775,0.6079734987166482,0.015996738198084143
2024-25,15,2025-02-12,Everton,Liverpool,-2.850685931857506,-0.14438180475400042,-0.0033756249375670767
2024-25,15,2025-02-14,Brighton and Hove Albion,Chelsea,-0.5387465090987873,-0.5021883126168158,-0.02576990573377617
2024-25,15,2025-02-15,Leicester City,Arsenal,-3.205369980172857,-0.751778162160807,0.001265491065244543
2024-25,15,2025-02-15,Aston Villa,Ipswich Town,1.8297781610360144,0.0,-0.0010927917152888378
2024-25,15,2025-02-15,Fulham,Nottingham Forest,0.03903821998800994,0.0,0.06295105275537802
2024-25,15,2025-02-15,Manchester City,Newcastle United,1.4083922769876083,-0.34835181284144157,-0.0515921208943129
2024-25,15,2025-02-15,Southampton,Bournemouth,-2.0987127065546085,0.0,0.023189479532327778
2024-25,15,2025-02-15,West Ham United,Brentford,0.006537570063324005,0.0,-0.005855565008401023
2024-25,15,2025-02-15,Crystal Palace,Everton,0.4831472237855998,0.0,-0.021760568149771068
2024-25,15,2025-02-16,Tottenham,Manchester United,-0.12972892438650874,0.0,0.030405326664721725
2024-25,15,2025-02-16,Liverpool,Wolverhampton Wanderers,3.396560160847941,0.41737530656950966,0.009032464796288511
2024-25,15,2025-02-19,Aston Villa,Liverpool,-1.5459013712055683,-1.0495715380041415,0.020100581442480954
2024-25,15,2025-02-21,Leicester City,Brentford,-1.0627888959283067,0.0,-0.008039356151037548
2024-25,15,2025-02-22,Everton,Manchester United,-0.17740302303781275,0.0,-0.07036479509596683
2024-25,15,2025-02-22,Arsenal,West Ham United,2.8431600085569015,0.17297524227372857,-0.025643970365446356
2024-25,15,2025-02-22,Bournemouth,Wolverhampton Wanderers,1.4420636536938065,0.0,0.06277179435130628
2024-25,15,2025-02-22,Fulham,Crystal Palace,0.08340589274880461,0.0,0.04774336567280422
2024-25,15,2025-02-22,Ipswich Town,Tottenham,-0.9441715759957277,0.0,0.043629889786421856
2024-25,15,2025-02-22,Southampton,Brighton and Hove Albion,-2.5015511358901055,0.0,0.023776894186297554
2024-25,15,2025-02-22,Aston Villa,Chelsea,-0.025842306632372303,-0.24402262001225902,0.04278654722077725
2024-25,15,2025-02-23,Newcastle United,Nottingham Forest,0.7542957416285163,1.1242447256240822,0.04261195215833921
2024-25,15,2025-02-23,Manchester City,Liverpool,-0.22100287582766098,0.3143502061133819,-0.042444263876042054
2024-25,15,2025-02-25,Wolverhampton Wanderers,Fulham,-0.6596299247269026,0.0,-0.022781108109973892
2024-25,15,2025-02-25,Chelsea,Southampton,2.872434031455777,0.3123109653055597,-0.03204391952831449
2024-25,15,2025-02-25,Brighton and Hove Albion,Bournemouth,0.20835072752311934,0.0,0.02854273659969838
2024-25,15,2025-02-25,Crystal Palace,Aston Villa,-0.4375863577869612,-0.6582616073839365,-0.02106913815195572
2024-25,15,2025-02-26,Brentford,Everton,0.23442457298823005,0.0,0.04909951514999364
2024-25,15,2025-02-26,Manchester United,Ipswich Town,1.4320980075547243,0.0,-0.04822448895947041
2024-25,15,2025-02-26,Nottingham Forest,Arsenal,-1.6704385658706233,-0.5806403243166609,0.04702853137458295
2024-25,15,2025-02-26,Tottenham,Manchester City,-2.0439381816907574,-0.4645835256388194,0.014896221095732569
2024-25,15,2025-02-26,Liverpool,Newcastle United,1.8393103901656584,0.45702974273524777,0.02340248346217009
2024-25,15,2025-02-27,West Ham United,Leicester City,1.0318476810014419,0.0,0.01867633650360051
2024-25,15,2025-03-08,Brentford,Aston Villa,-0.5222421035077687,0.0,-0.02187411634975596
2024-25,15,2025-03-08,Nottingham Forest,Manchester City,-1.7529480929499768,-0.2400774873373552,0.0031406052482318755
2024-25,15,2025-03-08,Brighton and Hove Albion,Fulham,0.3873546712486986,0.0,-0.02910940938744584
2024-25,15,2025-03-08,Crystal Palace,Ipswich Town,1.2518791881486377,0.0,0.005647555886521126
2024-25,15,2025-03-08,Liverpool,Southampton,4.684813863000896,1.2685739662014481,0.06660891584893758
2024-25,15,2025-03-08,Wolverhampton Wanderers,Everton,-0.37922660306240963,0.0,-0.0331902348505333
2024-25,15,2025-03-09,Tottenham,Bournemouth,0.2635569130376456,0.0,0.027103817509788353
2024-25,15,2025-03-09,Chelsea,Leicester City,2.109218208119617,0.30038659857195227,0.013225698541473098
2024-25,15,2025-03-09,Manchester United,Arsenal,-1.8184562715397266,-0.6174640245538391,-0.001881279279103254
2024-25,15,2025-03-10,West Ham United,Newcastle United,-0.731446699752259,-0.4849957083252597,0.04642569206485196
2024-25,15,2025-03-15,Bournemouth,Brentford,0.6127978705169272,0.0,0.011863741832586566
2024-25,15,2025-03-15,Southampton,Wolverhampton Wanderers,-1.181077899911633,0.0,-0.00905128309276669
2024-25,15,2025-03-15,Manchester City,Brighton and Hove Albion,1.5601905939829548,0.4305077564890721,-0.018487584911983365
2024-25,15,2025-03-15,Everton,West Ham United,0.11411419955237612,0.0,-0.0467417379231046
2024-25,15,2025-03-15,Ipswich Town,Nottingham Forest,-1.574583640465394,0.0,0.036571920582124606
2024-25,15,2025-03-16,Arsenal,Chelsea,1.4788123684140466,-0.028245487964116245,-0.04322019270215393
2024-25,15,2025-03-16,Fulham,Tottenham,0.04857309985728475,0.0,-0.047084046771288045
2024-25,15,2025-03-16,Leicester City,Manchester United,-1.5904143537222744,0.0,0.006578507439261978
2024-25,15,2025-04-01,Arsenal,Fulham,2.0416166655684416,0.2662384270413477,-0.029153891328025656
2024-25,15,2025-04-01,Wolverhampton Wanderers,West Ham United,-0.3314886229246097,0.0,-0.009130125494834572
2024-25,15,2025-04-01,Nottingham Forest,Manchester United,0.596486491759546,0.0,0.08212865860164235
2024-25,15,2025-04-02,Southampton,Crystal Palace,-2.535420730508612,0.0,-0.06219760261668849
2024-25,15,2025-04-02,Newcastle United,Brentford,0.9299477156984433,0.3573181878934855,-0.025965377959028178
2024-25,15,2025-04-02,Liverpool,Everton,2.6847145007218556,0.44239340724975906,-0.0174738829305431
2024-25,15,2025-04-02,Brighton and Hove Albion,Aston Villa,-0.0930473670727967,-0.24912728682081325,0.004942160255220943
2024-25,15,2025-04-02,Bournemouth,Ipswich Town,1.3715183291336857,0.0,-0.022649611633223175
2024-25,15,2025-04-02,Manchester City,Leicester City,3.603875738253326,0.5282314662341502,-0.14472152346185113
2024-25,15,2025-04-03,Chelsea,Tottenham,0.9886001091860999,0.5329242801255646,-0.026413059032925054
2024-25,15,2025-04-05,Everton,Arsenal,-2.1752631820710446,0.15439571994867413,0.07245432600522284
2024-25,15,2025-04-05,Crystal Palace,Brighton and Hove Albion,-0.20348414663984404,0.0,-0.04647336042106075
2024-25,15,2025-04-05,Ipswich Town,Wolverhampton Wanderers,-0.31241249017302847,0.0,0.041993770572017905
2024-25,15,2025-04-05,West Ham United,Bournemouth,0.025985793207714325,0.0,0.07220590155403814
2024-25,15,2025-04-05,Aston Villa,Nottingham Forest,0.4749804872433543,0.4438775361161083,0.05571455329963942
2024-25,15,2025-04-06,Brentford,Chelsea,-0.7679513193384855,-0.9189977123717425,-0.021127899864288785
2024-25,15,2025-04-06,Fulham,Liverpool,-2.366143560221156,-0.5370036212982389,0.024264670539310827
2024-25,15,2025-04-06,Tottenham,Southampton,2.5137822661223175,0.0,-0.04032284169919528
2024-25,15,2025-04-06,Manchester United,Manchester City,-1.4286522075296313,-0.20493402828559903,0.04808174429466329
2024-25,15,2025-04-07,Leicester City,Newcastle United,-2.2150559280849222,-0.30799954088906,-0.0008573428332536437
2024-25,15,2025-04-12,Southampton,Aston Villa,-3.0041342802625577,-0.46752531436678063,0.06175765680000091
2024-25,15,2025-04-12,Nottingham Forest,Everton,0.4870862551318764,0.0,-0.019298863766551107
2024-25,15,2025-04-12,Arsenal,Brentford,2.2599137323589322,-0.019287712688407843,-0.03469299249958112
2024-25,15,2025-04-12,Manchester City,Crystal Palace,1.7398606208752945,0.47214782216176854,-0.05756365213074644
2024-25,15,2025-04-12,Brighton and Hove Albion,Leicester City,1.8545827190543103,0.0,-0.023552657949858946
2024-25,15,2025-04-13,Chelsea,Ipswich Town,1.9761735312536255,0.4694112160916666,-0.07013579690491369
2024-25,15,2025-04-13,Liverpool,West Ham United,2.783497618916937,0.20671156945514296,-0.01834078593632789
2024-25,15,2025-04-13,Wolverhampton Wanderers,Tottenham,-0.4592608797037693,0.0,-0.0018151977411196146
2024-25,15,2025-04-13,Newcastle United,Manchester United,0.8927875845564341,0.3532881741599139,0.03213751656465608
2024-25,15,2025-04-14,Bournemouth,Fulham,-0.39679523497756763,0.0,0.06267589981924716
2024-25,15,2025-04-16,Newcastle United,Crystal Palace,0.9470218833435413,0.8108607909728915,-0.01021735286487144
2024-25,15,2025-04-19,Brentford,Brighton and Hove Albion,-0.393368814056379,0.0,-0.017325273556448216
2024-25,15,2025-04-19,Crystal Palace,Bournemouth,0.10191876535600186,0.0,0.03897875811097326
2024-25,15,2025-04-19,Everton,Manchester City,-1.7376819216438535,-0.3357485177270586,0.0029021812429920017
2024-25,15,2025-04-19,West Ham United,Southampton,2.0148653714383307,0.0,-0.030763097567984732
2024-25,15,2025-04-19,Aston Villa,Newcastle United,0.39905022902370635,-0.24628701792520136,0.03488697851466991
2024-25,15,2025-04-20,Leicester City,Liverpool,-3.7436160835792647,-0.15035908715468682,0.12354258621828879
2024-25,15,2025-04-20,Manchester United,Wolverhampton Wanderers,0.686689652506899,0.0,0.04472289996376641
2024-25,15,2025-04-20,Fulham,Chelsea,-0.49706200579487136,-0.4595742151415144,-0.02614494995640264
2024-25,15,2025-04-20,Ipswich Town,Arsenal,-3.2710606957529067,-0.5849841783379439,0.047075000632909925
2024-25,15,2025-04-21,Tottenham,Nottingham Forest,-0.23008698724310095,0.0,-0.05592774300981436
2024-25,15,2025-04-22,Manchester City,Aston Villa,1.1885009538264102,0.11863985936930199,-0.01889711267109858
2024-25,15,2025-04-23,Arsenal,Crystal Palace,2.0491349792400024,0.4248938975676885,-0.06119422956393021
2024-25,15,2025-04-26,Chelsea,Everton,0.8316109964129665,0.6062292664983957,-0.03293762451866066
2024-25,15,2025-04-26,Brighton and Hove Albion,West Ham United,0.7696040151879554,0.0,0.037929369247952
2024-25,15,2025-04-26,Newcastle United,Ipswich Town,2.0970622997090724,0.6460574605161626,-0.04417708412073715
2024-25,15,2025-04-26,Southampton,Fulham,-2.064210288407703,0.0,0.044171651084999666
2024-25,15,2025-04-26,Wolverhampton Wanderers,Leicester City,1.3801655651862483,0.0,-0.01676670180799439
2024-25,15,2025-04-27,Bournemouth,Manchester United,-0.005165477929824025,0.0,-0.006438242749983662
2024-25,15,2025-04-27,Liverpool,Tottenham,2.736009092164663,0.6206707187059076,0.044307554647025654
2024-25,15,2025-05-01,Nottingham Forest,Brentford,0.49239077218659677,0.0,-0.014901110821996792
2024-25,15,2025-05-02,Manchester City,Wolverhampton Wanderers,2.4181740995978616,0.3676372225293908,0.003188077095587539
2024-25,15,2025-05-03,Arsenal,Bournemouth,2.3744376308785142,0.2660434633869837,-0.06022884069552867
2024-25,15,2025-05-03,Leicester City,Southampton,0.7758389631602015,0.0,0.007479905757242562
2024-25,15,2025-05-03,Aston Villa,Fulham,0.7389700987427086,0.15652779704384756,0.05526952765792312
2024-25,15,2025-05-03,Everton,Ipswich Town,1.3344751274104638,0.0,0.025385417241779853
2024-25,15,2025-05-04,Brentford,Manchester United,0.22466920765215548,0.0,0.006500032670216108
2024-25,15,2025-05-04,Brighton and Hove Albion,Newcastle United,-0.534104437236756,-0.5069477832709905,0.017212319898752146
2024-25,15,2025-05-04,West Ham United,Tottenham,0.022470330768917135,0.0,0.049926948515779376
2024-25,15,2025-05-04,Chelsea,Liverpool,-1.3763681684576072,-0.01154170338406657,-0.0585769932378969
2024-25,15,2025-05-05,Crystal Palace,Nottingham Forest,0.03184649335518097,0.0,0.00878271151659804
2024-25,15,2025-05-10,Fulham,Everton,0.3183462384478354,0.0,-0.0011624007828295313
2024-25,15,2025-05-10,Ipswich Town,Brentford,-1.2845246247343127,0.0,-0.0008482171476149325
2024-25,15,2025-05-10,Southampton,Manchester City,-4.050616224053519,-0.39022783666873545,0.015342451926343016
2024-25,15,2025-05-10,Wolverhampton Wanderers,Brighton and Hove Albion,-0.29696597156468174,0.0,-0.062169201578012416
2024-25,15,2025-05-10,Bournemouth,Aston Villa,-0.9041485817051582,-0.5023885480522535,-0.03510859952433358
2024-25,15,2025-05-11,Liverpool,Arsenal,0.6019962999067978,-0.10961373416851763,0.04731501901481711
2024-25,15,2025-05-11,Tottenham,Crystal Palace,-0.18295387241854832,0.0,-0.011441949959763359
2024-25,15,2025-05-11,Newcastle United,Chelsea,0.21149899317916487,0.4371393439430787,-0.026070360764507472
2024-25,15,2025-05-11,Manchester United,West Ham United,0.4805440256145129,0.0,-0.021502599172623885
2024-25,15,2025-05-11,Nottingham Forest,Leicester City,1.6034890859683868,0.0,-0.0021402905550744894
2024-25,15,2025-05-16,Aston Villa,Tottenham,1.4720759515953232,0.36173256261880293,-0.039546699215430525
2024-25,15,2025-05-16,Chelsea,Manchester United,1.1810481320843582,0.2555886887160097,0.05461901105755433
2024-25,15,2025-05-18,Arsenal,Newcastle United,0.8545846997076336,-0.9694056093876713,-0.015463330161002575
2024-25,15,2025-05-18,Everton,Southampton,2.342690632476775,0.0,-0.018906960121578935
2024-25,15,2025-05-18,West Ham United,Nottingham Forest,-0.5131299719695473,0.0,0.029177644756009334
2024-25,15,2025-05-18,Brentford,Fulham,0.5049727213918637,0.0,-0.02473633957845573
2024-25,15,2025-05-18,Leicester City,Ipswich Town,-0.17800615106921258,0.0,0.020829620613093666
2024-25,15,2025-05-19,Brighton and Hove Albion,Liverpool,-1.892530379501276,0.030605904429232222,0.04387329593998392
2024-25,15,2025-05-20,Manchester City,Bournemouth,1.979944748265987,0.09095983314799833,0.014426362796083853
2024-25,15,2025-05-20,Crystal Palace,Wolverhampton Wanderers,0.8422489470473375,0.0,-0.046610474656321815
2024-25,15,2025-05-25,Wolverhampton Wanderers,Brentford,-0.6326620145145115,0.0,0.021317224155968303
2024-25,15,2025-05-25,Tottenham,Brighton and Hove Albion,-0.9070453625707269,0.0,0.0014232469107499889
2024-25,15,2025-05-25,Nottingham Forest,Chelsea,-0.4848733035132218,-0.6891114649338259,-0.003453992301059642
2024-25,15,2025-05-25,Southampton,Arsenal,-4.094856381998259,-0.36620036207245427,0.030232842290264
2024-25,15,2025-05-25,Newcastle United,Everton,1.1189196454988677,0.17882134430499325,-0.010143831738358838
2024-25,15,2025-05-25,Fulham,Manchester City,-1.8609512337202898,-0.48770366088114364,-0.02351982239493578
2024-25,15,2025-05-25,Liverpool,Crystal Palace,1.7187243668428467,0.5150050427122985,0.008165011968505886
2024-25,15,2025-05-25,Ipswich Town,West Ham United,-0.8274351484172228,0.0,-0.018275383169130868
2024-25,15,2025-05-25,Bournemouth,Leicester City,1.2724387318383155,0.0,0.05985936160967938
2024-25,15,2025-05-25,Manchester United,Aston Villa,-1.1408068279252204,-0.23135896190396496,0.02520015086918958
2025-26,15,2025-08-15,Liverpool,Bournemouth,2.385065487826008,0.10317904449117016,0.11405931190290779
2025-26,15,2025-08-16,Tottenham,Burnley,0.946627876058286,0.0,-0.024314119794444904
2025-26,15,2025-08-16,Sunderland,West Ham United,-1.4781464249905767,0.0,0.004968856883228741
2025-26,15,2025-08-16,Wolverhampton Wanderers,Manchester City,-2.264340542023006,-0.09270425540987753,0.04932048058350155
2025-26,15,2025-08-16,Aston Villa,Newcastle United,0.2718766508593329,0.08605486488656033,-0.029862956073461795
2025-26,15,2025-08-16,Brighton and Hove Albion,Fulham,0.7878591946326784,0.0,-0.013816198514723335
2025-26,15,2025-08-17,Chelsea,Crystal Palace,0.9652568533518633,0.3625853895232497,-0.01893356216505146
2025-26,15,2025-08-17,Nottingham Forest,Brentford,0.15907346156706192,0.0,-0.02904456922290153
2025-26,15,2025-08-17,Manchester United,Arsenal,-1.7179136268173514,-0.23836288781210252,0.06870465009812683
2025-26,15,2025-08-18,Leeds United,Everton,-1.2279222434545753,0.0,-0.06817128881784296
2025-26,15,2025-08-22,West Ham United,Chelsea,-1.4397331549431653,-0.44470755558180636,-0.008173662407009473
2025-26,15,2025-08-23,Burnley,Sunderland,0.37095909551754336,0.0,0.007948815815350119
2025-26,15,2025-08-23,Manchester City,Tottenham,2.6345883341755947,0.2232000842746025,-0.010838611346853945
2025-26,15,2025-08-23,Bournemouth,Wolverhampton Wanderers,0.6442056780026026,0.0,0.05002705599054322
2025-26,15,2025-08-23,Brentford,Aston Villa,-0.739596700597388,-0.4034241572492865,-0.007494980273659309
2025-26,15,2025-08-23,Arsenal,Leeds United,3.160681036090298,0.40501706265778664,-0.04975633311452378
2025-26,15,2025-08-24,Everton,Brighton and Hove Albion,-0.44044976698667404,0.0,-0.023291676051684727
2025-26,15,2025-08-24,Crystal Palace,Nottingham Forest,0.34637816260148235,0.0,-0.02039388512671702
2025-26,15,2025-08-24,Fulham,Manchester United,0.007859091389327388,0.0,-0.06568114004047806
2025-26,15,2025-08-25,Newcastle United,Liverpool,-1.1081414546979715,-0.5909678660086454,0.0342602737232622
2025-26,15,2025-08-30,Chelsea,Fulham,1.3349519787810395,0.09026325642478583,0.03030865923602384
2025-26,15,2025-08-30,Manchester United,Burnley,1.3562911197221057,0.0,-0.06439328485040523
2025-26,15,2025-08-30,Sunderland,Brentford,-1.9704236356304352,0.0,0.027109538211895955
2025-26,15,2025-08-30,Tottenham,Bournemouth,-0.14117618991129366,0.0,0.04302678365817866
2025-26,15,2025-08-30,Wolverhampton Wanderers,Everton,-0.45537607675056746,0.0,0.02344282203420002
2025-26,15,2025-08-30,Leeds United,Newcastle United,-1.6585276659687676,0.42150780479341404,0.06507237302189471
2025-26,15,2025-08-31,Brighton and Hove Albion,Manchester City,-1.4340634102119858,-0.809548205502981,-0.011407289151805044
2025-26,15,2025-08-31,Nottingham Forest,West Ham United,0.6491545263095755,0.0,-0.014411225518899673
2025-26,15,2025-08-31,Liverpool,Arsenal,0.20781813914220315,0.5359234673869846,-0.0032346158454718
2025-26,15,2025-08-31,Aston Villa,Crystal Palace,0.492227790025187,0.8203013554046645,0.0160684060978369
2025-26,15,2025-09-13,Brentford,Chelsea,-1.0312769375779838,-0.9032056689509147,-0.057999124661024096
2025-26,15,2025-09-13,West Ham United,Tottenham,0.03688953465078104,0.0,-0.014020097049025446
2025-26,15,2025-09-13,Newcastle United,Wolverhampton Wanderers,1.719890473651603,0.2732267287971461,0.008199632525703451
2025-26,15,2025-09-13,Fulham,Leeds United,1.297676419833238,0.0,0.022908530051521055
2025-26,15,2025-09-13,Everton,Aston Villa,-0.16675031656476058,-0.6092874104193873,-0.0013119711475638035
2025-26,15,2025-09-13,Crystal Palace,Sunderland,2.3482108767301253,0.0,-0.017759327101578667
2025-26,15,2025-09-13,Bournemouth,Brighton and Hove Albion,-0.32576115252598226,0.0,-0.0100191734354141
2025-26,15,2025-09-13,Arsenal,Nottingham Forest,1.851696534483926,0.46732982765103803,-0.032799136879741064
2025-26,15,2025-09-14,Burnley,Liverpool,-3.6941739690940096,-0.12624207291512252,0.12010554150748928
2025-26,15,2025-09-14,Manchester City,Manchester United,2.1356885926050766,0.2919832150252556,-0.03254765754333329
2025-26,15,2025-09-20,Liverpool,Everton,2.2825189129531593,0.6759981123834304,0.029530342278451627
2025-26,15,2025-09-20,Brighton and Hove Albion,Tottenham,0.8719744007635101,0.0,-0.008942399535739338
2025-26,15,2025-09-20,Burnley,Nottingham Forest,-1.4850670560871637,0.0,-0.024761391248635224
2025-26,15,2025-09-20,West Ham United,Crystal Palace,-1.0208275051551867,0.0,0.030458545719592174
2025-26,15,2025-09-20,Wolverhampton Wanderers,Leeds United,0.43342408697434875,0.0,0.008919471140096044
2025-26,15,2025-09-20,Manchester United,Chelsea,-1.0853354443309708,-0.40421857524190946,0.020728510691266154
2025-26,15,2025-09-20,Fulham,Brentford,-0.15914777573612104,0.0,0.029691359304819635
2025-26,15,2025-09-21,Arsenal,Manchester City,0.29652448573941736,-0.13658362836235666,0.009581888140404348
2025-26,15,2025-09-21,Sunderland,Aston Villa,-2.1953024426470327,-0.14331429407994284,0.03338540881460153
2025-26,15,2025-09-21,Bournemouth,Newcastle United,-0.41210899913510346,-0.5752769993638633,0.008416224710354147
2025-26,15,2025-09-27,Brentford,Manchester United,-0.01201272168527967,0.0,0.019649181034557484
2025-26,15,2025-09-27,Chelsea,Brighton and Hove Albion,0.9372501576846419,-0.027284399730050535,-0.054218774431395
2025-26,15,2025-09-27,Crystal Palace,Liverpool,-1.4861285721163633,-0.5682254557826956,0.03330751280769697
2025-26,15,2025-09-27,Leeds United,Bournemouth,-1.117318954411572,0.0,-0.07015536201334219
2025-26,15,2025-09-27,Manchester City,Burnley,3.4400456620813857,0.11041700342944683,0.05197260213125075
2025-26,15,2025-09-27,Nottingham Forest,Sunderland,1.8384978667344003,0.0,0.025412135303106546
2025-26,15,2025-09-27,Tottenham,Wolverhampton Wanderers,0.8537372166685496,0.0,-0.028313521285309826
2025-26,15,2025-09-28,Aston Villa,Fulham,0.7765571790457304,0.22212112207261778,-0.024758979737176556
2025-26,15,2025-09-28,Newcastle United,Arsenal,-0.8652223391247493,-0.2902526221285276,0.03076341694459471
2025-26,15,2025-09-29,Everton,West Ham United,0.935044651151215,0.0,0.03607320664181791
2025-26,15,2025-10-03,Bournemouth,Fulham,0.3420351991805939,0.0,0.034611368120260555
2025-26,15,2025-10-04,Chelsea,Liverpool,-1.1780481711818847,0.6516917221232654,-0.033229551985919176
2025-26,15,2025-10-04,Manchester United,Sunderland,1.3727762252220446,0.0,-0.015772763935664433
2025-26,15,2025-10-04,Leeds United,Tottenham,-0.5722522812323717,0.0,0.01575121580384891
2025-26,15,2025-10-04,Arsenal,West Ham United,2.633103862987667,0.5831459728978285,0.01479250878360413
2025-26,15,2025-10-05,Aston Villa,Burnley,2.2098923738637986,0.6466304749893966,0.006967286624692343
2025-26,15,2025-10-05,Everton,Crystal Palace,-0.4609306665176276,-0.03276464564417114,0.03655941000127141
2025-26,15,2025-10-05,Newcastle United,Nottingham Forest,0.891956851150706,0.44649643385518256,-0.05424400363883641
2025-26,15,2025-10-05,Wolverhampton Wanderers,Brighton and Hove Albion,-1.129983919092026,0.0,-0.004641432157339476
2025-26,15,2025-10-05,Brentford,Manchester City,-1.682572132968897,-0.14670043877939176,0.07814601287455118
2025-26,15,2025-10-18,Fulham,Arsenal,-1.9105490547442685,-0.42460340832850335,0.05222793612830494
2025-26,15,2025-10-18,Nottingham Forest,Chelsea,-0.9190054768837321,-0.2831842547554017,-0.0032339038921974095
2025-26,15,2025-10-18,Brighton and Hove Albion,Newcastle United,-0.19296274116254564,-0.31721052339786704,-0.031241314601607482
2025-26,15,2025-10-18,Burnley,Leeds United,-0.40735870817394026,0.0,-0.040909392141536785
2025-26,15,2025-10-18,Crystal Palace,Bournemouth,0.21918269881801145,0.0,0.03253247876569743
2025-26,15,2025-10-18,Manchester City,Everton,1.815156553093643,0.22587250071846046,-0.018130116137099507
2025-26,15,2025-10-18,Sunderland,Wolverhampton Wanderers,-0.6584901852980342,0.0,0.00342863783617179
2025-26,15,2025-10-19,Liverpool,Manchester United,2.3758078256155306,0.8820839030692973,-0.009500942334829676
2025-26,15,2025-10-19,Tottenham,Aston Villa,-0.7698759121010095,-0.8748326987870505,-0.016782462479239073
2025-26,15,2025-10-20,West Ham United,Brentford,-0.5528245193882606,0.0,0.05476923212420193
2025-26,15,2025-10-24,Leeds United,West Ham United,-0.2764398586463203,0.0,-0.005484718958007534
2025-26,15,2025-10-25,Chelsea,Sunderland,2.44852179449465,0.2685582951477145,-0.06953926195047563
2025-26,15,2025-10-25,Newcastle United,Fulham,0.9714301493156654,0.18533270720105294,-0.047694233735315415
2025-26,15,2025-10-25,Manchester United,Brighton and Hove Albion,-0.32248649314631517,-0.5512341250452024,-0.02975412550708957
2025-26,15,2025-10-25,Brentford,Liverpool,-1.6517620151056924,-0.8108260624363738,-0.00401916288092171
2025-26,15,2025-10-26,Arsenal,Crystal Palace,1.521333932767034,0.38234184458716297,-0.0380758512513434
2025-26,15,2025-10-26,Aston Villa,Manchester City,-0.966616123337102,0.29847434878823975,-0.01692552401679122
2025-26,15,2025-10-26,Bournemouth,Nottingham Forest,0.6280562656928882,0.0,0.0990500013542351
2025-26,15,2025-10-26,Wolverhampton Wanderers,Burnley,0.8904383697329927,0.0,0.021984627798989825
2025-26,15,2025-10-26,Everton,Tottenham,0.7818241684593756,0.0,0.014779786240886425
2025-26,15,2025-11-01,Liverpool,Aston Villa,0.8965706334782633,0.16764703220470595,-0.059190567693584516
2025-26,15,2025-11-01,Tottenham,Chelsea,-1.1084473851111185,-0.3578169549507373,0.023400272694010092
2025-26,15,2025-11-01,Nottingham Forest,Manchester United,-0.46368156428178087,0.0,-0.010322949743627442
2025-26,15,2025-11-01,Crystal Palace,Brentford,0.4652214124702152,0.0,-0.0003552907415574902
2025-26,15,2025-11-01,Burnley,Arsenal,-3.315881907699455,-0.7148796133805759,0.04845164806869733
2025-26,15,2025-11-01,Brighton and Hove Albion,Leeds United,1.6100375571411818,0.0,0.04399788099549981
2025-26,15,2025-11-01,Fulham,Wolverhampton Wanderers,1.0137632968172205,0.0,0.07292871379588713
2025-26,15,2025-11-02,West Ham United,Newcastle United,-1.5814415100488324,-0.42968726419334075,0.019178823426513836
2025-26,15,2025-11-02,Manchester City,Bournemouth,1.5797425500649929,0.8983712875510967,-0.09433458287409567
2025-26,15,2025-11-03,Sunderland,Everton,-1.1410885689572616,0.0,0.043960708710866325
2025-26,15,2025-11-08,Tottenham,Manchester United,-0.30706054540485894,0.0,-0.03762903645398641
2025-26,15,2025-11-08,Everton,Fulham,0.4972038993703827,0.0,-0.03616402216190023
2025-26,15,2025-11-08,West Ham United,Burnley,0.6848938657481578,0.0,-0.0688166221191915
2025-26,15,2025-11-08,Sunderland,Arsenal,-3.192768919640185,-0.4252075539819587,0.028331529198668166
2025-26,15,2025-11-08,Chelsea,Wolverhampton Wanderers,2.060754058535486,0.21167419574533497,0.07747958673742207
2025-26,15,2025-11-09,Manchester City,Liverpool,0.2415013182471779,0.3998832732752574,0.021106637209832628
2025-26,15,2025-11-09,Nottingham Forest,Leeds United,0.9413500214251883,0.0,0.05465201151332121
2025-26,15,2025-11-09,Brentford,Newcastle United,-0.48574610381084504,-0.07721437609220044,-0.06102366463928851
2025-26,15,2025-11-09,Aston Villa,Bournemouth,0.6657834668334248,0.5628401786380408,-0.0068007531408987715
2025-26,15,2025-11-09,Crystal Palace,Brighton and Hove Albion,0.02899071042032597,0.0,0.0656166015858544
2025-26,15,2025-11-22,Burnley,Chelsea,-2.2063961201489106,-0.4425875409025724,0.034225813636589206
2025-26,15,2025-11-22,Bournemouth,West Ham United,1.188279006623589,0.0,0.017587531546520756
2025-26,15,2025-11-22,Brighton and Hove Albion,Brentford,0.5035729234138935,0.0,0.035462423514054583
2025-26,15,2025-11-22,Fulham,Sunderland,0.9957536227968901,0.0,-0.03322462646196855
2025-26,15,2025-11-22,Liverpool,Nottingham Forest,2.1929985383354333,0.20527566261059368,0.01444297515777946
2025-26,15,2025-11-22,Wolverhampton Wanderers,Crystal Palace,-1.619307782356699,0.0,-0.002605650439836661
2025-26,15,2025-11-22,Newcastle United,Manchester City,-1.4121685994756414,-1.0271711124283427,0.05019144117513176
2025-26,15,2025-11-23,Leeds United,Aston Villa,-2.114474364350444,0.06614412789509266,-0.003827478216384808
2025-26,15,2025-11-23,Arsenal,Tottenham,2.631699095881716,0.4513734757341643,-0.02484928200121913
2025-26,15,2025-11-24,Manchester United,Everton,0.21864023208817163,0.0,0.024518319797178563
2025-26,15,2025-11-29,Manchester City,Leeds United,3.0033404998043336,0.7488555228453191,0.008833487414785925
2025-26,15,2025-11-29,Tottenham,Fulham,0.016767293466980582,0.0,-0.016952316411042695
2025-26,15,2025-11-29,Everton,Newcastle United,-0.4000484035878218,-0.8270653301461537,-0.027915807001145522
2025-26,15,2025-11-29,Brentford,Burnley,1.7453831474875057,0.0,0.006779508024973586
2025-26,15,2025-11-29,Sunderland,Bournemouth,-1.3410678951009387,0.0,-0.006655204006310089
2025-26,15,2025-11-30,Crystal Palace,Manchester United,0.6122745628074184,0.6149871295107923,-0.058199073979448714
2025-26,15,2025-11-30,Aston Villa,Wolverhampton Wanderers,2.351373666223577,0.38338563070677356,0.0187226391355266
2025-26,15,2025-11-30,Nottingham Forest,Brighton and Hove Albion,-0.6216924910641819,-0.9174097285808469,0.001978451497416149
2025-26,15,2025-11-30,West Ham United,Liverpool,-2.159883374588647,-0.7081861237246599,0.03887384866121036
2025-26,15,2025-11-30,Chelsea,Arsenal,-0.906726667614588,0.02167578337275089,0.025385327589662637
2025-26,15,2025-12-02,Fulham,Manchester City,-1.6644392490837505,-0.6571063235744216,0.034645255309304845
2025-26,15,2025-12-02,Bournemouth,Everton,0.24736642477064463,0.0,0.06871333169439704
2025-26,15,2025-12-02,Newcastle United,Tottenham,1.2431365000644312,0.1725090074189528,-0.0302299567040263
2025-26,15,2025-12-03,Leeds United,Chelsea,-2.2083356176233178,-0.4506192945447545,-0.04993852251491685
2025-26,15,2025-12-03,Wolverhampton Wanderers,Nottingham Forest,-0.9916717739699241,0.0,0.024863512463749272
2025-26,15,2025-12-03,Liverpool,Sunderland,2.734407247456783,0.5106999747204461,0.031742821658087096
2025-26,15,2025-12-03,Brighton and Hove Albion,Aston Villa,-0.3389464643289013,0.5482663163096266,-0.03525053286655257
2025-26,15,2025-12-03,Arsenal,Brentford,2.317013586803681,0.5210374102605536,-0.06454202774241548
2025-26,15,2025-12-03,Burnley,Crystal Palace,-1.876329768528334,0.0,-0.038896221192369594
2025-26,15,2025-12-04,Manchester United,West Ham United,1.1931603529720856,0.0,0.023248850783661568
2025-26,15,2025-12-06,Aston Villa,Arsenal,-0.9890184197068379,0.14314290064528862,0.07968675242888316
2025-26,15,2025-12-06,Bournemouth,Chelsea,-0.8190065649013012,0.07296299890979069,0.021018523376335745
2025-26,15,2025-12-06,Everton,Nottingham Forest,0.34181927237211185,0.0,0.003286930255131812
2025-26,15,2025-12-06,Manchester City,Sunderland,2.948372120413522,0.3015156936918217,0.029710447209606677
2025-26,15,2025-12-06,Newcastle United,Burnley,2.3826467806361884,0.5140619176889625,-0.00016006483501389973
2025-26,15,2025-12-06,Tottenham,Brentford,-0.27825496424758167,0.0,-0.011645963757241817
2025-26,15,2025-12-06,Leeds United,Liverpool,-2.6241711012780846,0.012270882339797895,-0.020216417584138266
2025-26,15,2025-12-07,Brighton and Hove Albion,West Ham United,1.380254947272648,0.45302475764458433,0.06332361059760305
2025-26,15,2025-12-07,Fulham,Crystal Palace,-0.6737455548112157,0.0,0.11468654031187271
2025-26,15,2025-12-08,Wolverhampton Wanderers,Manchester United,-1.470397475936188,0.0,-0.002235474954777661
2025-26,15,2025-12-13,Chelsea,Everton,0.8881653440739208,0.30730912542355643,-0.0570176388263621
2025-26,15,2025-12-13,Liverpool,Brighton and Hove Albion,1.0246699264867396,0.3657434623952936,0.013761162068940132
2025-26,15,2025-12-13,Burnley,Fulham,-1.4281969407502482,0.0,-0.04602533336371541
2025-26,15,2025-12-13,Arsenal,Wolverhampton Wanderers,3.868976535260055,0.6336109207463463,-0.02118802257796294
2025-26,15,2025-12-14,Crystal Palace,Manchester City,-0.9947563229174572,-0.22936620972476118,0.0184264300879989
2025-26,15,2025-12-14,Nottingham Forest,Tottenham,0.04098414192048738,0.0,-0.042429972048576466
2025-26,15,2025-12-14,Sunderland,Newcastle United,-1.745449147947167,-0.49592858791921574,-0.025097574808241
2025-26,15,2025-12-14,West Ham United,Aston Villa,-1.5960664705482386,-0.26480422549039734,0.002999232539819728
2025-26,15,2025-12-14,Brentford,Leeds United,1.1936998293593908,0.0,-0.02897017347996289
2025-26,15,2025-12-15,Manchester United,Bournemouth,0.4420543677355764,0.0,-0.03799546174463421
2025-26,15,2025-12-20,Leeds United,Crystal Palace,-1.5744041539968168,0.0,0.03699928387919421
2025-26,15,2025-12-20,Tottenham,Liverpool,-1.6972739261658978,-0.18604588991212667,-0.030427992074292497
2025-26,15,2025-12-20,Wolverhampton Wanderers,Brentford,-1.407077329151693,0.0,-0.00952819593511997
2025-26,15,2025-12-20,Everton,Arsenal,-1.6154760972639564,-0.35000225035731536,0.010536513259099177
2025-26,15,2025-12-20,Brighton and Hove Albion,Sunderland,1.535795224634686,0.0,-0.03601779834635495
2025-26,15,2025-12-20,Bournemouth,Burnley,1.977081266380353,0.0,-0.008297541587493296
2025-26,15,2025-12-20,Newcastle United,Chelsea,-0.40148829917808704,0.5143376034083962,0.024745273833038442
2025-26,15,2025-12-20,Manchester City,West Ham United,2.767168985645939,0.09793510922150295,-0.038182905762301995
2025-26,15,2025-12-21,Aston Villa,Manchester United,1.015619317487647,0.9902717324729204,-0.0014647748718124853
2025-26,15,2025-12-22,Fulham,Nottingham Forest,0.1853251207585045,0.0,0.06493711728309211
2025-26,15,2025-12-26,Manchester United,Newcastle United,-0.19198908619316368,0.0,-0.03270483918970521
2025-26,15,2025-12-27,Chelsea,Aston Villa,-0.01887125186533911,-0.5235325455367772,0.010130277931939838
2025-26,15,2025-12-27,West Ham United,Fulham,-0.5427810767720882,0.0,0.0060311978518146694
2025-26,15,2025-12-27,Liverpool,Wolverhampton Wanderers,3.3156040871250507,0.5155701237986414,0.05336132283855545
2025-26,15,2025-12-27,Brentford,Bournemouth,0.32546208926210063,0.0,0.005521921871589279
2025-26,15,2025-12-27,Arsenal,Brighton and Hove Albion,1.7735705138377933,0.6282822216581444,-0.07352455511132873
2025-26,15,2025-12-27,Nottingham Forest,Manchester City,-2.035575128918449,-0.854521674097775,-0.01047118009155976
2025-26,15,2025-12-27,Burnley,Everton,-1.64998716110421,0.0,-0.0014130814442208095
2025-26,15,2025-12-28,Sunderland,Leeds United,0.18004531686130412,0.0,-0.011929609409957548
2025-26,15,2025-12-28,Crystal Palace,Tottenham,0.9830030917469106,0.0,-0.03149072099870007
2025-26,15,2025-12-30,Arsenal,Aston Villa,0.7382360084130397,0.6478033206703684,0.0023775365336337513
2025-26,15,2025-12-30,Manchester United,Wolverhampton Wanderers,1.9348127675163014,0.0,-0.08873832837211279
2025-26,15,2025-12-30,West Ham United,Brighton and Hove Albion,-1.0689556808003955,0.0,-0.030634801598276917
2025-26,15,2025-12-30,Burnley,Newcastle United,-1.8972864334468857,0.0,-0.0007206138232662487
2025-26,15,2025-12-30,Chelsea,Bournemouth,1.2135735442572657,0.6902771487598394,-0.020771090168973667
2025-26,15,2025-12-30,Nottingham Forest,Everton,-0.1829445726379687,0.0,0.004947216333800249
2025-26,15,2026-01-01,Crystal Palace,Fulham,0.35097583595969994,0.0,-0.012751239085690726
2025-26,15,2026-01-01,Liverpool,Leeds United,2.7228452192728603,0.7619434292852505,-0.017083333624053912
2025-26,15,2026-01-01,Brentford,Tottenham,0.7918304257531403,0.0,-0.04385161713306083
2025-26,15,2026-01-01,Sunderland,Manchester City,-2.7399562979978507,-0.6481315496245403,0.04705237073580941
2025-26,15,2026-01-03,Aston Villa,Nottingham Forest,1.95641794430403,0.0691569253596776,-0.008273962039125345
2025-26,15,2026-01-03,Brighton and Hove Albion,Burnley,2.1295496040905206,0.0,-0.0012047135893766998
2025-26,15,2026-01-03,Wolverhampton Wanderers,West Ham United,-0.7317906445253295,0.0,-0.059349246012208506
2025-26,15,2026-01-03,Bournemouth,Arsenal,-2.1486005990857904,-0.24557392146779236,0.05879166943365935
2025-26,15,2026-01-04,Manchester City,Chelsea,1.3120725760316267,-0.21734731205601354,-0.039422485753825134
2025-26,15,2026-01-04,Fulham,Liverpool,-1.2114026881971647,-0.3394162252757598,-0.009846483502943256
2025-26,15,2026-01-04,Tottenham,Sunderland,0.8131390570206634,0.0,-0.021762856278139397
2025-26,15,2026-01-04,Everton,Brentford,0.28281808727676294,0.0,-0.0075947032989017865
2025-26,15,2026-01-04,Leeds United,Manchester United,-0.7861792928321153,0.0,0.023392746571918952
2025-26,15,2026-01-04,Newcastle United,Crystal Palace,0.4091489732861897,0.0,0.02039959342826555
2025-26,15,2026-01-06,West Ham United,Nottingham Forest,-0.3860642763493449,0.0,-0.03061403478988408
2025-26,15,2026-01-07,Bournemouth,Tottenham,0.2352605359712182,0.0,0.03167391648822507
2025-26,15,2026-01-07,Brentford,Sunderland,1.0544724422254868,0.0,-0.007725403853872631
2025-26,15,2026-01-07,Crystal Palace,Aston Villa,-1.078950052243603,-0.5726841144504076,0.034897008821988235
2025-26,15,2026-01-07,Everton,Wolverhampton Wanderers,1.421250830590329,0.0,-0.040445089570874004
2025-26,15,2026-01-07,Fulham,Chelsea,-0.4696742421646818,-0.07282641189971861,0.0647467287204457
2025-26,15,2026-01-07,Manchester City,Brighton and Hove Albion,1.6436163228256586,0.27385000370328555,-0.027079256217484627
2025-26,15,2026-01-07,Burnley,Manchester United,-1.762867923527152,0.0,0.033122580700793484
2025-26,15,2026-01-07,Newcastle United,Leeds United,1.358191537218251,0.5478273394763232,-0.028704947572784075
2025-26,15,2026-01-08,Arsenal,Liverpool,0.8610546158181718,0.08766754444100217,-0.020308020526713055
2025-26,15,2026-01-17,Nottingham Forest,Arsenal,-2.3485104739859053,-0.8351754509186902,0.03603059087940754
2025-26,15,2026-01-17,Tottenham,West Ham United,0.6885015390935674,0.0,0.05932246323470761
2025-26,15,2026-01-17,Sunderland,Crystal Palace,-0.9975347647820292,0.0,-0.039926487851778034
2025-26,15,2026-01-17,Liverpool,Burnley,3.243543700885522,0.5510040965119418,-0.05615422892790987
2025-26,15,2026-01-17,Chelsea,Brentford,0.5047555042197065,0.561929233618451,0.034894391724700866
2025-26,15,2026-01-17,Manchester United,Manchester City,-1.7145814647930193,-0.4386736972387487,-0.0044068367243692355
2025-26,15,2026-01-17,Leeds United,Fulham,-0.9054296446576007,0.0,0.004390253250955323
2025-26,15,2026-01-18,Wolverhampton Wanderers,Newcastle United,-1.8940430340501335,-0.790714166154108,-0.07471984770096744
2025-26,15,2026-01-18,Aston Villa,Everton,1.7250058545022566,-0.23431174733266485,-0.02044325791392363
2025-26,15,2026-01-19,Brighton and Hove Albion,Bournemouth,0.7526088143892796,0.0,0.0027499572728555133
2025-26,15,2026-01-24,West Ham United,Sunderland,-0.12348358048170552,0.0,-0.036416823763084694
2025-26,15,2026-01-24,Burnley,Tottenham,-1.0475655424088728,0.0,-0.007646953745664632
2025-26,15,2026-01-24,Fulham,Brighton and Hove Albion,-0.14202438752326207,0.0,0.041094676421115424
2025-26,15,2026-01-24,Manchester City,Wolverhampton Wanderers,3.17647517237047,0.4779143913623486,-0.09385733985853148
2025-26,15,2026-01-24,Bournemouth,Liverpool,-1.4881808314789335,-0.17188340380266492,0.04417897697968325
2025-26,15,2026-01-25,Newcastle United,Aston Villa,-0.5052293262014445,-0.38871405007379267,0.022550118616462778
2025-26,15,2026-01-25,Arsenal,Manchester United,2.030590579756124,0.37661854705842235,-0.03826982712751997
2025-26,15,2026-01-25,Crystal Palace,Chelsea,-0.5483645022620902,-0.6458360687120597,-0.0035838151708799046
2025-26,15,2026-01-25,Brentford,Nottingham Forest,0.5539440995587226,0.0,0.03157229977736088
2025-26,15,2026-01-26,Everton,Leeds United,1.1432049366548434,0.0,-0.011693390404693117
2025-26,15,2026-01-31,Brighton and Hove Albion,Everton,0.20193344813080039,0.0,0.07515366738274587
2025-26,15,2026-01-31,Leeds United,Arsenal,-2.584552854839636,-0.35557547133906797,0.0600076150076897
2025-26,15,2026-01-31,Wolverhampton Wanderers,Bournemouth,-1.126933271540202,0.0,-0.02116458310022433
2025-26,15,2026-01-31,Chelsea,West Ham United,1.7842143096842007,0.33560083502673804,0.05450438278602925
2025-26,15,2026-01-31,Liverpool,Newcastle United,0.99109978421527,0.4136088835293166,-0.0260510315774463
2025-26,15,2026-02-01,Aston Villa,Brentford,1.3683626371211772,0.6550085557701335,-0.12812747156356197
2025-26,15,2026-02-01,Manchester United,Fulham,0.37733154895441645,0.0,0.014589597014636455
2025-26,15,2026-02-01,Nottingham Forest,Crystal Palace,0.16344734374315217,0.0,0.009667286091353727
2025-26,15,2026-02-01,Tottenham,Manchester City,-2.218447578693722,-0.19412011345382313,-0.008533656283429815
2025-26,15,2026-02-02,Sunderland,Burnley,1.2180322362831089,0.0,-0.035168836233483707
2025-26,15,2026-02-06,Leeds United,Nottingham Forest,-0.6087378418672755,0.0,0.0720030030309797
2025-26,15,2026-02-07,Newcastle United,Brentford,0.20004097488095396,0.0,-0.00392410738972827
2025-26,15,2026-02-07,Wolverhampton Wanderers,Chelsea,-2.330615026225967,-0.8729594627839725,0.027444175144782264
2025-26,15,2026-02-07,Fulham,Everton,0.28785954090766763,0.0,0.034775225893374916
2025-26,15,2026-02-07,Manchester United,Tottenham,0.9217999146626098,0.0,0.0025053403139553496
2025-26,15,2026-02-07,Bournemouth,Aston Villa,-1.0341194279414085,-0.387541962234321,0.021661000565440527
2025-26,15,2026-02-07,Arsenal,Sunderland,2.909876314909628,0.21027212436283185,0.0006626192434938637
2025-26,15,2026-02-07,Burnley,West Ham United,-0.6392149530639282,0.0,-0.007934725022337184
2025-26,15,2026-02-08,Brighton and Hove Albion,Crystal Palace,0.5880755773135846,0.0,-0.018766694485179647
2025-26,15,2026-02-08,Liverpool,Manchester City,-0.4359423498817012,-0.13117203353001236,0.025206636383037037
2025-26,15,2026-02-10,Tottenham,Newcastle United,-0.8280220780204732,0.0,-0.07097193331761745
2025-26,15,2026-02-10,Chelsea,Leeds United,1.8953508333956766,0.5056210555323282,-0.02251387596798232
2025-26,15,2026-02-10,Everton,Bournemouth,0.2698899568353359,0.0,-0.02829608204550857
2025-26,15,2026-02-10,West Ham United,Manchester United,-1.2544469147170831,0.0,0.04917940949174975
2025-26,15,2026-02-11,Sunderland,Liverpool,-1.8461691671870821,-0.7864310226526376,-0.038551350272720594
2025-26,15,2026-02-11,Nottingham Forest,Wolverhampton Wanderers,1.4090577085653573,0.0,-0.03143802572048414
2025-26,15,2026-02-11,Aston Villa,Brighton and Hove Albion,1.0917484536723578,0.36771080910285175,-0.00972557999997891
2025-26,15,2026-02-11,Crystal Palace,Burnley,2.0198226036596063,0.0,-0.02803216648989228
2025-26,15,2026-02-11,Manchester City,Fulham,2.24521755755255,0.1320612173746219,0.000276272510465015
2025-26,15,2026-02-12,Brentford,Arsenal,-1.6211335670830618,-0.9428231431106431,0.06465323126788704
2025-26,15,2026-02-18,Wolverhampton Wanderers,Arsenal,-3.380056547231214,-0.6291507268091823,0.09049071031592082
2025-26,15,2026-02-21,Aston Villa,Leeds United,1.9852363520731178,0.8950782211380918,-0.004173486065662924
2025-26,15,2026-02-21,Brentford,Brighton and Hove Albion,0.38388598448348055,0.0,-0.0491215514552821
2025-26,15,2026-02-21,Chelsea,Burnley,2.5448606773001115,0.4205170739776533,-0.015608686454994386
2025-26,15,2026-02-21,West Ham United,Bournemouth,-0.7852915783085472,0.0,-0.005305365006160655
2025-26,15,2026-02-21,Manchester City,Newcastle United,1.590752516825352,0.2889105112747276,0.016925368912938374
2025-26,15,2026-02-22,Crystal Palace,Wolverhampton Wanderers,1.4746118504935772,0.0,-0.032262304356128015
2025-26,15,2026-02-22,Nottingham Forest,Liverpool,-1.4527003238818816,-0.44176550209134213,-0.08167999994466926
2025-26,15,2026-02-22,Sunderland,Fulham,-0.6685498854681178,0.0,0.04553163261206545
2025-26,15,2026-02-22,Tottenham,Arsenal,-2.390544370159071,-0.28944335597645177,0.05343700743342985
2025-26,15,2026-02-23,Everton,Manchester United,-0.18381500368607173,0.0,0.015970710797344145
2025-26,15,2026-02-27,Wolverhampton Wanderers,Aston Villa,-2.4602361290639663,-0.30329280978310647,0.0018536890441043577
2025-26,15,2026-02-28,Leeds United,Manchester City,-2.3814584523628266,-0.39700044143099583,0.04735053602311478
2025-26,15,2026-02-28,Newcastle United,Everton,0.5708301011346302,0.0,-0.008760231522048495
2025-26,15,2026-02-28,Bournemouth,Sunderland,1.498133500050239,0.0,0.04744798010346678
2025-26,15,2026-02-28,Burnley,Brentford,-1.7399871232157225,0.0,-0.012302120106590361
2025-26,15,2026-02-28,Liverpool,West Ham United,2.2040762629251813,0.6945098882220253,0.05295794692435321
2025-26,15,2026-03-01,Brighton and Hove Albion,Nottingham Forest,0.8833920406269028,0.0,0.02774783279125327
2025-26,15,2026-03-01,Fulham,Tottenham,0.8767598957819789,0.0,0.11895655424671125
2025-26,15,2026-03-01,Manchester United,Crystal Palace,0.7498582145564179,0.017266665832965877,0.005751332388695393
2025-26,15,2026-03-01,Arsenal,Chelsea,1.1872955789086224,0.1473322482467111,-0.013428509835255856
2025-26,15,2026-03-03,Bournemouth,Brentford,0.02237843145209628,0.0,0.014109001684713213
2025-26,15,2026-03-03,Everton,Burnley,1.8322889982138733,0.0,0.029757941433390063
2025-26,15,2026-03-03,Leeds United,Sunderland,0.5248430300216136,0.0,0.07105654042952222
2025-26,15,2026-03-03,Wolverhampton Wanderers,Liverpool,-2.6181649499602297,-0.6146025939159148,0.025594229094758607
2025-26,15,2026-03-04,Newcastle United,Manchester United,-0.5238452615829223,-0.2777544360530975,-0.03268054972971988
2025-26,15,2026-03-04,Manchester City,Nottingham Forest,2.657461053526083,0.4690549584516564,-0.04774770880288965
2025-26,15,2026-03-04,Fulham,West Ham United,1.016219076597779,0.0,-0.037505448020829904
2025-26,15,2026-03-04,Brighton and Hove Albion,Arsenal,-1.5697490531360287,-0.1579052657624072,0.0593597399409837
2025-26,15,2026-03-04,Aston Villa,Chelsea,0.09566818458904769,-0.2270797312917242,-0.05424080926818245
2025-26,15,2026-03-05,Tottenham,Crystal Palace,-0.7928189812093842,0.0,0.009913708081573325
2025-26,15,2026-03-14,Burnley,Bournemouth,-1.7543904925697436,0.0,0.059662525964697566
2025-26,15,2026-03-14,Sunderland,Brighton and Hove Albion,-1.1740048909310214,0.0,0.011421237161758076
2025-26,15,2026-03-14,Arsenal,Everton,2.1026956854741687,0.27535522312517846,-0.0030985870489917758
2025-26,15,2026-03-14,Chelsea,Newcastle United,0.7196919836326408,0.6390341868568868,-0.03455800562709874
2025-26,15,2026-03-14,West Ham United,Manchester City,-2.488871601097826,0.08249945132049524,0.021302968311380933
2025-26,15,2026-03-15,Crystal Palace,Leeds United,0.7406023892654199,0.0,0.0076222954414022145
2025-26,15,2026-03-15,Manchester United,Aston Villa,-0.10653187329418556,0.4035005435630647,-0.04061326918071211
2025-26,15,2026-03-15,Nottingham Forest,Fulham,-0.1740531943177508,0.0,0.045998057955556976
2025-26,15,2026-03-15,Liverpool,Tottenham,2.236020466421335,0.22208773532520568,-0.02055153265695603
2025-26,15,2026-03-16,Brentford,Wolverhampton Wanderers,1.6152168415111403,0.0,-0.029437247311789448
2025-26,15,2026-03-20,Bournemouth,Manchester United,-0.3709921761145929,-0.8648945961913752,-0.024709521698541695
2025-26,15,2026-03-21,Brighton and Hove Albion,Liverpool,-1.0080241717690508,0.006079052471802127,0.006342524603267969
2025-26,15,2026-03-21,Fulham,Burnley,1.6435895328988828,0.0,0.013315620661519693
2025-26,15,2026-03-21,Everton,Chelsea,-0.38522695285568664,-0.28974723007243075,0.018685978931986844
2025-26,15,2026-03-21,Leeds United,Brentford,-0.7677060092213811,0.0,0.02205316055096118
2025-26,15,2026-03-22,Newcastle United,Sunderland,1.267968726601734,0.0,0.07530436664909743
2025-26,15,2026-03-22,Aston Villa,West Ham United,1.657145641502434,0.6088184598095402,-0.03602576198912742
2025-26,15,2026-03-22,Tottenham,Nottingham Forest,-0.32029365029641993,0.0,0.022228223083420075
2025-26,15,2026-04-10,West Ham United,Wolverhampton Wanderers,0.752239952893471,0.0,0.03368930883920519
2025-26,15,2026-04-11,Arsenal,Bournemouth,2.0888142170475286,0.7186545584751163,-0.07881355245026803
2025-26,15,2026-04-11,Brentford,Everton,0.10741185853676893,0.0,0.01930106365390068
2025-26,15,2026-04-11,Burnley,Brighton and Hove Albion,-1.9834125743294748,0.0,-0.044598670565851976
2025-26,15,2026-04-11,Liverpool,Fulham,1.2296942644974793,0.32251084632493465,0.023398102721907017
2025-26,15,2026-04-12,Chelsea,Manchester City,-1.0387185700397306,-0.6360154712255749,0.01870227761083199
2025-26,15,2026-04-12,Sunderland,Tottenham,0.029901153310385842,0.0,-0.041862097308567096
2025-26,15,2026-04-12,Nottingham Forest,Aston Villa,-0.8878978756002819,-0.3325996381379055,0.029004592630104763
2025-26,15,2026-04-12,Crystal Palace,Newcastle United,-0.02483101119776343,0.0,0.04738469027095429
2025-26,15,2026-04-13,Manchester United,Leeds United,1.4723528864321902,0.11552531869988392,-0.007278031415492901
2025-26,15,2026-04-18,Brentford,Fulham,0.372133132551864,0.0,-0.08550487528057317
2025-26,15,2026-04-18,Leeds United,Wolverhampton Wanderers,0.7145868897499262,0.0,-0.023789519581073292
2025-26,15,2026-04-18,Newcastle United,Bournemouth,0.08187242656391303,0.0,-0.04043471704232565
2025-26,15,2026-04-18,Tottenham,Brighton and Hove Albion,-1.372528499668167,0.0,-0.042823897910614916
2025-26,15,2026-04-18,Chelsea,Manchester United,0.20877654182227579,0.6454361371336991,-0.04114041963741284
2025-26,15,2026-04-19,Aston Villa,Sunderland,1.7883489451134584,0.4855865176649678,-0.020583218731115644
2025-26,15,2026-04-19,Everton,Liverpool,-0.8679605529589258,-0.7583061903823788,0.02510527868293208
2025-26,15,2026-04-19,Nottingham Forest,Burnley,1.6281550278527246,0.0,0.003304445189422904
2025-26,15,2026-04-19,Manchester City,Arsenal,0.20722218640593137,-0.7668062105055657,0.00612718818648195
2025-26,15,2026-04-20,Crystal Palace,West Ham United,0.7430571674340167,0.0,0.01471829141625522
2025-26,15,2026-04-21,Brighton and Hove Albion,Chelsea,0.14247621088213247,0.0,0.02803742280276639
2025-26,15,2026-04-22,Burnley,Manchester City,-3.5709128690529854,-0.4413427930407485,0.03952994667057455
2025-26,15,2026-04-22,Bournemouth,Leeds United,0.9343439570983623,0.0,0.03218910077293478
2025-26,15,2026-04-24,Sunderland,Nottingham Forest,-0.4503112113703509,0.0,-0.04831670270355638
2025-26,15,2026-04-25,Fulham,Aston Villa,-0.772890945750045,-0.341893030098151,0.002405729465695741
2025-26,15,2026-04-25,Liverpool,Crystal Palace,1.54615436090537,0.2656845808511809,0.004951307586889442
2025-26,15,2026-04-25,West Ham United,Everton,-0.45334971562175863,0.0,0.0361867784680718
2025-26,15,2026-04-25,Wolverhampton Wanderers,Tottenham,-0.11401139576460297,0.0,0.0251039868650104
2025-26,15,2026-04-25,Arsenal,Newcastle United,1.8975866828057686,0.3076325182857445,-0.043670613715325046
2025-26,15,2026-04-27,Manchester United,Brentford,0.38267349480308166,0.5634234116267166,0.03147232458516396
2025-26,15,2026-05-01,Leeds United,Burnley,1.413388105912783,0.0,0.06704990545765764
2025-26,15,2026-05-02,Brentford,West Ham United,0.5122451321842221,0.0,-0.04807436371945393
2025-26,15,2026-05-02,Newcastle United,Brighton and Hove Albion,-0.49009886332418584,-0.4580545260238077,0.02944586538014904
2025-26,15,2026-05-02,Wolverhampton Wanderers,Sunderland,-0.36332539977017086,0.0,0.010188541425020736
2025-26,15,2026-05-02,Arsenal,Fulham,1.8485481568231101,0.5818807970625219,0.00048181909512565874
2025-26,15,2026-05-03,Aston Villa,Tottenham,1.8723092923292488,0.21341007126992634,0.0341199497212401
2025-26,15,2026-05-03,Manchester United,Liverpool,-0.48911328568595436,0.07607004602933792,0.004382847293077495
2025-26,15,2026-05-03,Bournemouth,Crystal Palace,0.6234498195203945,0.0,0.005990628108316347
2025-26,15,2026-05-04,Chelsea,Nottingham Forest,0.7876833251372944,0.0,-0.0030674918252753675
2025-26,15,2026-05-04,Everton,Manchester City,-1.7606667991357159,-0.4503642436486819,0.0019216987551725247
2025-26,15,2026-05-09,Liverpool,Chelsea,1.0655493392844175,0.7369025150370396,0.016179309493957468
2025-26,15,2026-05-09,Brighton and Hove Albion,Wolverhampton Wanderers,1.9184468067378828,0.0,0.01589032745082236
2025-26,15,2026-05-09,Fulham,Bournemouth,-0.20497358471500005,0.0,0.038414535082846334
2025-26,15,2026-05-09,Sunderland,Manchester United,-1.5350153987935662,-0.4237199729490951,-0.024687387076009534
2025-26,15,2026-05-09,Manchester City,Brentford,1.8997200213458598,0.2904126200190655,-0.015058781942865817
2025-26,15,2026-05-10,Nottingham Forest,Newcastle United,-0.11492931270771067,0.0,-0.06790748918678355
2025-26,15,2026-05-10,Burnley,Aston Villa,-2.3648398691965076,-0.7319218922034652,0.008928227151693172
2025-26,15,2026-05-10,Crystal Palace,Everton,-0.033951833998050907,0.0,0.011094625764474154
2025-26,15,2026-05-10,West Ham United,Arsenal,-2.438627661944282,-0.6702129681419496,0.018728073121305783
2025-26,15,2026-05-11,Tottenham,Leeds United,-0.20712045770238785,0.0,-0.005486808405969046
2025-26,15,2026-05-13,Manchester City,Crystal Palace,2.274931963136501,0.24989945166908153,-0.004099065338200553
2025-26,15,2026-05-15,Aston Villa,Liverpool,-0.3217360161482461,0.3942407366122168,-0.01608518017228991
2025-26,15,2026-05-17,Manchester United,Nottingham Forest,0.94121469841704,0.1772511606882305,-0.08011925116742294
2025-26,15,2026-05-17,Brentford,Crystal Palace,0.5149583227978273,0.0,-0.010608125595439666
2025-26,15,2026-05-17,Everton,Sunderland,1.2731586601411353,0.0,-0.07208684914152567
2025-26,15,2026-05-17,Leeds United,Brighton and Hove Albion,-0.6325723893606423,0.0,-0.03531733413374331
2025-26,15,2026-05-17,Wolverhampton Wanderers,Fulham,-1.1151483411955618,0.0,-0.015699410484985347
2025-26,15,2026-05-17,Newcastle United,West Ham United,0.7491900568825445,0.0,0.10595166114171363
2025-26,15,2026-05-18,Arsenal,Burnley,3.9512489010363145,0.22093745138315055,-0.07486655288835002
2025-26,15,2026-05-19,Chelsea,Tottenham,1.1006633836544821,0.0,-0.007921741714729653
2025-26,15,2026-05-19,Bournemouth,Manchester City,-1.4039186498780518,-0.47088519736423406,0.007122334210580148
2025-26,15,2026-05-24,Nottingham Forest,Bournemouth,-0.42938170258157693,-0.6356706830699836,-0.03735433105672747
2025-26,15,2026-05-24,Manchester City,Aston Villa,1.6061684903385232,0.16034743542858482,-0.014824842086507452
2025-26,15,2026-05-24,Sunderland,Chelsea,-0.7584551624887321,0.0,0.0050904979387150565
2025-26,15,2026-05-24,Liverpool,Brentford,1.1019623956048454,0.6770733588863972,0.0899969825530792
2025-26,15,2026-05-24,Tottenham,Everton,-0.6150165614195479,0.0,0.025144745852413906
2025-26,15,2026-05-24,Crystal Palace,Arsenal,-1.8000735280417324,-0.6471657433549871,0.0004220858453740338
2025-26,15,2026-05-24,Burnley,Wolverhampton Wanderers,-0.2126775842381538,0.0,0.02858532726092037
2025-26,15,2026-05-24,Brighton and Hove Albion,Manchester United,-0.12950694913832428,-0.7079429939648412,-0.03244117524607026
2025-26,15,2026-05-24,Fulham,Newcastle United,-0.42060245532039753,0.0,-0.011502166065619088
2025-26,15,2026-05-24,West Ham United,Leeds United,-0.19504033159484768,0.0,0.07065340567672423
