season,gw,date,home,away,tact_diff_ppda,tact_diff_deep,tact_diff_tilt
2022-23,15,2022-08-05,Crystal Palace,Arsenal,0.6852505580599413,-1.1511709011686175,-1.3199342179034261
2022-23,15,2022-08-06,Everton,Chelsea,0.03975246854419012,-3.2294553324272375,-0.6139509630109572
2022-23,15,2022-08-06,Tottenham,Southampton,1.7423378372468203,2.5963932730088253,0.48300030579460296
2022-23,15,2022-08-06,Newcastle United,Nottingham Forest,0.82012542021676,-0.5383594776699665,0.9841047801618771
2022-23,15,2022-08-06,Leeds United,Wolverhampton Wanderers,-2.4010845335925755,-0.5796536142303568,0.3779397478626606
2022-23,15,2022-08-06,Bournemouth,Aston Villa,-1.46387474602437,0.11852210224951953,-0.06430373270339373
2022-23,15,2022-08-06,Fulham,Liverpool,-2.559003369694631,-6.588481147100397,-3.2047664229257293
2022-23,15,2022-08-07,Leicester City,Brentford,2.3551051552777604,0.05330163892437412,0.47298444962572006
2022-23,15,2022-08-07,Manchester United,Brighton and Hove Albion,0.05537773135985269,1.1709060439677277,0.5156222450340551
2022-23,15,2022-08-07,West Ham United,Manchester City,-1.1620035360467007,-4.092324484475595,-1.1689516655046759
2022-23,15,2022-08-13,Brentford,Manchester United,0.09064942313353797,-1.4670766225515628,-1.012625537521025
2022-23,15,2022-08-13,Wolverhampton Wanderers,Fulham,0.9783667618382328,2.8591175900567762,1.5709172203621933
2022-23,15,2022-08-13,Southampton,Leeds United,1.557944289468379,-0.7566304980385601,-0.6231399010698325
2022-23,15,2022-08-13,Aston Villa,Everton,-2.2778470290905055,0.7770699832617431,0.03979134961791999
2022-23,15,2022-08-13,Brighton and Hove Albion,Newcastle United,-0.18318833566587323,1.6137717331831567,-0.5897113232319725
2022-23,15,2022-08-13,Arsenal,Leicester City,0.4811263439108373,1.5710150143306043,0.5372693728520502
2022-23,15,2022-08-13,Manchester City,Bournemouth,2.373632767125857,5.958467608812078,3.4793238257145105
2022-23,15,2022-08-14,Nottingham Forest,West Ham United,-0.04299926491070849,-1.7333752089248984,-0.6436167523315419
2022-23,15,2022-08-14,Chelsea,Tottenham,-1.3023129322651954,-1.0616290911081876,0.24247390510011116
2022-23,15,2022-08-15,Liverpool,Crystal Palace,2.17954063260869,4.229113188477248,2.660827814026841
2022-23,15,2022-08-20,Bournemouth,Arsenal,-2.323603875331152,-2.317170908334824,-1.5404693625097792
2022-23,15,2022-08-20,Tottenham,Wolverhampton Wanderers,-0.25877418791477425,1.8869648993361992,0.8111377975740226
2022-23,15,2022-08-20,Crystal Palace,Aston Villa,2.725924490821452,-0.28176711572091406,0.48698040037066337
2022-23,15,2022-08-20,Everton,Nottingham Forest,-2.7073888359655864,0.046451115760314465,-0.1186659395835818
2022-23,15,2022-08-20,Fulham,Brentford,-2.0422565499540184,-0.43130097643730547,-1.7696399966867133
2022-23,15,2022-08-20,Leicester City,Southampton,3.6015834559209043,-0.48701871642040384,1.21653010110619
2022-23,15,2022-08-21,Newcastle United,Manchester City,-1.4784596468662023,-3.863936101874234,-2.5137947318265446
2022-23,15,2022-08-21,Leeds United,Chelsea,-2.3786407211244835,-2.7345934941866643,-0.9364263508769767
2022-23,15,2022-08-21,West Ham United,Brighton and Hove Albion,-0.1496937152455935,-1.1882796835961535,-0.9567788385022012
2022-23,15,2022-08-22,Manchester United,Liverpool,-1.2186228716293375,-2.8490617304111954,-2.348516966181559
2022-23,15,2022-08-27,Southampton,Manchester United,-0.5212158949878312,-2.4538787317006934,-0.5996723310554799
2022-23,15,2022-08-27,Brentford,Everton,1.594705067565629,1.1881111053079518,1.6187076975310446
2022-23,15,2022-08-27,Brighton and Hove Albion,Leeds United,-0.8031118280561067,0.6286748617378803,-0.3092144644151887
2022-23,15,2022-08-27,Chelsea,Leicester City,0.46623212781861767,1.8718213064870124,1.8010916286046608
2022-23,15,2022-08-27,Liverpool,Bournemouth,0.4071577393546999,6.199380088742664,2.327161361255084
2022-23,15,2022-08-27,Manchester City,Crystal Palace,0.7464461273666672,4.73298401048527,2.322146612852973
2022-23,15,2022-08-27,Arsenal,Fulham,1.8995880139807113,3.53408547736349,2.3944326464107775
2022-23,15,2022-08-28,Nottingham Forest,Tottenham,-0.44812829536150645,-2.3521095497903914,-1.225340189084315
2022-23,15,2022-08-28,Aston Villa,West Ham United,0.1340625112675351,-0.08415033131407146,-0.8827666303113176
2022-23,15,2022-08-28,Wolverhampton Wanderers,Newcastle United,-0.22918771547471017,-0.5676064800481555,-0.6396553551622575
2022-23,15,2022-08-30,Leeds United,Everton,0.029322074824463584,0.559180173186479,2.023794484827067
2022-23,15,2022-08-30,Southampton,Chelsea,-1.703624986594214,-2.709616210891081,-2.8673216446927547
2022-23,15,2022-08-30,Crystal Palace,Brentford,-2.6677379778560955,-0.1048092407402379,1.5527099178522206
2022-23,15,2022-08-30,Fulham,Brighton and Hove Albion,-0.27155829968815226,-2.4094014581157186,-0.5311315308982515
2022-23,15,2022-08-31,Arsenal,Aston Villa,-0.0795350134485755,3.242022477135672,2.313622163079086
2022-23,15,2022-08-31,Bournemouth,Wolverhampton Wanderers,-2.5639051136986506,-1.561376049269148,-0.4371584921696396
2022-23,15,2022-08-31,Manchester City,Nottingham Forest,3.817782388409359,6.253434660016159,1.2397380398201505
2022-23,15,2022-08-31,West Ham United,Tottenham,-0.5499629616785313,-1.1254937295568226,-1.2242563408624307
2022-23,15,2022-08-31,Liverpool,Newcastle United,2.0327999731275384,3.387194327460943,0.3462543620096213
2022-23,15,2022-09-01,Leicester City,Manchester United,-0.7611675008647261,-0.8772418684913603,0.1702462924186122
2022-23,15,2022-09-03,Wolverhampton Wanderers,Southampton,0.27713324448193255,-1.082361852430017,-0.2118309725177255
2022-23,15,2022-09-03,Tottenham,Fulham,3.186569463337566,4.0736370183573545,2.7224177617264345
2022-23,15,2022-09-03,Aston Villa,Manchester City,-1.276811204875628,-5.092651495986922,-2.4654468673198666
2022-23,15,2022-09-03,Nottingham Forest,Bournemouth,-0.873820524669112,0.9957061403458045,0.6330756688212631
2022-23,15,2022-09-03,Newcastle United,Crystal Palace,3.870559645268054,0.010303788698001526,-0.07259051329288865
2022-23,15,2022-09-03,Chelsea,West Ham United,0.11223501116546686,1.028537507720122,1.633091508260857
2022-23,15,2022-09-03,Brentford,Leeds United,-2.087839186078975,0.6936050575707258,0.5694057636515453
2022-23,15,2022-09-03,Everton,Liverpool,-2.9446557965991254,-4.2754094214410845,-2.050837447774472
2022-23,15,2022-09-04,Brighton and Hove Albion,Leicester City,-0.410199096017287,0.5258353673501102,-0.6052178459494911
2022-23,15,2022-09-04,Manchester United,Arsenal,0.05526733528785677,-0.4987981610447445,-1.0351561915963117
2022-23,15,2022-09-16,Aston Villa,Southampton,0.5453249501249608,1.7963976639852364,1.506162639170411
2022-23,15,2022-09-16,Nottingham Forest,Fulham,1.3268309184825835,1.5875954649820763,0.4831801087053421
2022-23,15,2022-09-17,Wolverhampton Wanderers,Manchester City,-3.840921799946827,-5.1010828593626165,-2.1952919195160305
2022-23,15,2022-09-17,Newcastle United,Bournemouth,0.908757856360193,2.8224449716013984,1.0108552226044991
2022-23,15,2022-09-17,Tottenham,Leicester City,2.9336922836133645,2.6569564360087874,1.007248246252061
2022-23,15,2022-09-18,Everton,West Ham United,-0.9644860822329058,0.40551060816431406,-1.436446990866095
2022-23,15,2022-09-18,Brentford,Arsenal,-1.936020712222458,-0.788811614548802,0.34501566411995555
2022-23,15,2022-10-01,Arsenal,Tottenham,-0.08285970099423068,-1.015724019068923,0.28803207446677986
2022-23,15,2022-10-01,Bournemouth,Brentford,0.8872406039670313,0.21747742828150507,0.0779887127683537
2022-23,15,2022-10-01,Crystal Palace,Chelsea,-0.18179245830904378,-0.9843816050393901,-0.4112608990527846
2022-23,15,2022-10-01,Fulham,Newcastle United,-0.22136039580229294,-1.62164801903252,-0.52364078787312
2022-23,15,2022-10-01,Liverpool,Brighton and Hove Albion,3.219468646401012,4.5769909551340024,1.2085444663739253
2022-23,15,2022-10-01,Southampton,Everton,-0.23444114357111445,-0.5219290767483287,0.23245457576571765
2022-23,15,2022-10-01,West Ham United,Wolverhampton Wanderers,0.39502831998644794,1.2825863910435809,0.9239185372347279
2022-23,15,2022-10-02,Manchester City,Manchester United,2.8225760317936945,2.3777889510170365,2.102511217822439
2022-23,15,2022-10-02,Leeds United,Aston Villa,-0.5235861981772487,0.22536935367121558,0.18414171492860448
2022-23,15,2022-10-03,Leicester City,Nottingham Forest,-0.5362441463525833,-0.07522430130175817,0.6007767821032572
2022-23,15,2022-10-08,Newcastle United,Brentford,1.2584178008779627,1.6432035633203608,0.4433012455246882
2022-23,15,2022-10-08,Manchester City,Southampton,2.9380299833029273,4.251386997075531,2.391432965612124
2022-23,15,2022-10-08,Brighton and Hove Albion,Tottenham,0.09885118671081727,-1.2932608204266485,-1.9346730418550322
2022-23,15,2022-10-08,Bournemouth,Leicester City,-2.377009334733705,-1.2020496097853064,0.13150158297208064
2022-23,15,2022-10-08,Chelsea,Wolverhampton Wanderers,1.8015867492184405,2.455574528796462,1.2194110957399573
2022-23,15,2022-10-09,Arsenal,Liverpool,-1.3673694903527025,-0.35256075350614857,-1.2078674102147644
2022-23,15,2022-10-09,Everton,Manchester United,-0.2491233558969057,0.2609083614431107,-1.2809528196288766
2022-23,15,2022-10-09,Crystal Palace,Leeds United,-1.2275779846228403,2.4542805353500414,0.3985816952739967
2022-23,15,2022-10-09,West Ham United,Fulham,0.47896295126562727,0.5742430327665415,0.5865629284695857
2022-23,15,2022-10-10,Nottingham Forest,Aston Villa,0.2551426091642863,-2.331064463331371,-0.5933041403544536
2022-23,15,2022-10-14,Brentford,Brighton and Hove Albion,-2.156941632882777,-0.9374324428594507,-1.2871653616832888
2022-23,15,2022-10-15,Tottenham,Everton,1.235591008752067,3.545137784735231,1.8247248591130174
2022-23,15,2022-10-15,Wolverhampton Wanderers,Nottingham Forest,-0.00917936785042528,0.20965839851675927,0.7192835094172807
2022-23,15,2022-10-15,Fulham,Bournemouth,-1.030899644084787,0.5757581295440382,-0.9683862401938939
2022-23,15,2022-10-15,Leicester City,Crystal Palace,-0.9013356509024995,-0.5612679655334452,0.8465664756076293
2022-23,15,2022-10-16,Aston Villa,Chelsea,-0.7063554401650443,-0.34796620622609886,-1.453875445036391
2022-23,15,2022-10-16,Leeds United,Arsenal,-0.9999432989530561,-1.1694387640878503,-1.639203081976629
2022-23,15,2022-10-16,Manchester United,Newcastle United,-0.019026325003759226,0.41074565885975556,0.6770320060761719
2022-23,15,2022-10-16,Southampton,West Ham United,0.3818959557777326,-1.1246650956762547,-1.1895364090212126
2022-23,15,2022-10-16,Liverpool,Manchester City,-1.7992141806994066,-2.7038431817990194,0.7948600958881883
2022-23,15,2022-10-18,Brighton and Hove Albion,Nottingham Forest,-0.7811216434940995,-0.21716346124663843,1.0577145407881445
2022-23,15,2022-10-18,Crystal Palace,Wolverhampton Wanderers,0.29631015897864543,2.625568372488239,0.18539022679266282
2022-23,15,2022-10-19,Bournemouth,Southampton,1.648890307188939,-0.588056624178221,-1.0660295676167777
2022-23,15,2022-10-19,Brentford,Chelsea,-1.3798908142776636,-2.20537525879661,-1.3461767735093715
2022-23,15,2022-10-19,Liverpool,West Ham United,3.4260635662561914,4.171653718907995,0.24231381479814046
2022-23,15,2022-10-19,Newcastle United,Everton,0.07622093025653065,-0.9817018919788101,-0.4636266198309187
2022-23,15,2022-10-19,Manchester United,Tottenham,-0.131807453217208,-1.591541457618261,-0.6899350848747148
2022-23,15,2022-10-20,Leicester City,Leeds United,-0.40786196239375627,0.6679329716634035,-0.8590325229126321
2022-23,15,2022-10-20,Fulham,Aston Villa,-0.9010997140386863,-0.1000051070413992,-0.5870332751938164
2022-23,15,2022-10-22,Nottingham Forest,Liverpool,-1.5731241186229425,-3.9510354809541743,-1.7513864725767276
2022-23,15,2022-10-22,Everton,Crystal Palace,-1.9045194023076775,-0.3159537708325688,-0.4907400065826991
2022-23,15,2022-10-22,Manchester City,Brighton and Hove Albion,2.748299589288303,3.6539532488386097,1.7609400173192071
2022-23,15,2022-10-22,Chelsea,Manchester United,-0.6797742910329152,0.09585758634440644,0.5125973277605524
2022-23,15,2022-10-23,Aston Villa,Brentford,-0.1663635841859108,-1.2554629775257888,0.3848627864652201
2022-23,15,2022-10-23,Leeds United,Fulham,2.341258679340868,0.3222599488343265,0.9580620726833416
2022-23,15,2022-10-23,Southampton,Arsenal,-1.8913528437635527,-2.4581452061178073,-1.10393998928961
2022-23,15,2022-10-23,Wolverhampton Wanderers,Leicester City,0.02737028909343664,0.2232121755493779,-0.15689263092862263
2022-23,15,2022-10-23,Tottenham,Newcastle United,0.7955327195767268,0.41223401602603005,0.407505190290685
2022-23,15,2022-10-24,West Ham United,Bournemouth,1.581640726517941,0.37764621220065386,0.5573603759081734
2022-23,15,2022-10-29,Liverpool,Leeds United,2.7405143178744957,5.048601660666671,2.647959721905572
2022-23,15,2022-10-29,Fulham,Everton,-0.8526495209143778,-0.09757140477786486,-0.5206436584021106
2022-23,15,2022-10-29,Newcastle United,Aston Villa,-1.78118859029518,0.4144997672334636,0.829154314841638
2022-23,15,2022-10-29,Crystal Palace,Southampton,-0.5950171290838355,1.3457598051326682,1.4545193696812873
2022-23,15,2022-10-29,Brighton and Hove Albion,Chelsea,-1.518717161364691,-1.5439867652973422,-1.654075263349253
2022-23,15,2022-10-29,Brentford,Wolverhampton Wanderers,-2.5667334011724687,1.794025705025879,0.5533540344184018
2022-23,15,2022-10-29,Bournemouth,Tottenham,-0.15865441171214378,-3.1717862189602997,-1.9278789331579618
2022-23,15,2022-10-29,Leicester City,Manchester City,-1.8608164312586393,-4.942435319893029,-2.683810385620872
2022-23,15,2022-10-30,Arsenal,Nottingham Forest,0.4368846364215795,3.977463066024086,1.5425674656597892
2022-23,15,2022-10-30,Manchester United,West Ham United,1.2235868008948305,2.925491663442041,1.662258075133181
2022-23,15,2022-11-05,Leeds United,Bournemouth,0.13292127729227765,2.1797744783017627,0.5091307074379031
2022-23,15,2022-11-05,Manchester City,Fulham,1.3536611187902565,5.174029149226041,2.0730475990225457
2022-23,15,2022-11-05,Nottingham Forest,Brentford,1.3420844918524946,0.7636623177036084,-1.8263266805226663
2022-23,15,2022-11-05,Wolverhampton Wanderers,Brighton and Hove Albion,0.5405289356481529,-0.31765700112201145,-0.8027480423948148
2022-23,15,2022-11-05,Everton,Leicester City,-1.0675111714415149,0.2768936574764984,0.5218039154843268
2022-23,15,2022-11-06,West Ham United,Crystal Palace,0.15194195708087044,0.7101481048329479,-0.5917342973773373
2022-23,15,2022-11-06,Southampton,Newcastle United,0.47882398958091343,-1.3472110867617904,-0.8311739846465784
2022-23,15,2022-11-06,Tottenham,Liverpool,-1.4820517771773698,-1.897675145072391,-0.1398652406409127
2022-23,15,2022-11-06,Chelsea,Arsenal,-0.36200774721756623,-1.4303781871225496,-1.1296579963187612
2022-23,15,2022-11-06,Aston Villa,Manchester United,-3.061801759370651,-2.6410967206995073,-0.7509105588006662
2022-23,15,2022-11-12,Manchester City,Brentford,1.690293504285446,3.541626153217531,3.247665674465722
2022-23,15,2022-11-12,Bournemouth,Everton,1.5320158367276413,-0.7241454888554966,-0.304764494509007
2022-23,15,2022-11-12,Liverpool,Southampton,1.9043915228047439,5.480739740546807,2.2850080552039898
2022-23,15,2022-11-12,Nottingham Forest,Crystal Palace,-0.31550450355379134,-1.2377947176038795,0.4524961133315131
2022-23,15,2022-11-12,Tottenham,Leeds United,1.235291449401993,1.9759187030780216,0.9356636449125972
2022-23,15,2022-11-12,West Ham United,Leicester City,-0.6742439725821754,-0.33258572326457525,-0.9370607825297583
2022-23,15,2022-11-12,Newcastle United,Chelsea,0.7506060922186482,0.8944840598831529,-0.557684959195359
2022-23,15,2022-11-12,Wolverhampton Wanderers,Arsenal,-0.9390181460715006,-3.75493494048548,-1.7600640608773546
2022-23,15,2022-11-13,Brighton and Hove Albion,Aston Villa,0.2908563449927932,0.8203959094577469,1.3001018913295739
2022-23,15,2022-11-13,Fulham,Manchester United,-2.844610888207951,-2.008095458426685,-1.777463152357761
2022-23,15,2022-12-26,Southampton,Brighton and Hove Albion,1.0109842108251001,-0.23738283391866943,0.10288018173171735
2022-23,15,2022-12-26,Arsenal,West Ham United,0.8783166563067439,1.8721405421647654,0.7190661555374718
2022-23,15,2022-12-26,Aston Villa,Liverpool,-1.7306467650854351,-1.7502634047176304,-1.5591255175069407
2022-23,15,2022-12-26,Leicester City,Newcastle United,-0.9390907658251404,-0.31176096501011585,-0.18341866194035106
2022-23,15,2022-12-26,Everton,Wolverhampton Wanderers,-0.5160828771796879,1.0421381336670006,0.5356155590212566
2022-23,15,2022-12-26,Crystal Palace,Fulham,2.498124948938141,1.703688767655164,0.8680716003049497
2022-23,15,2022-12-26,Brentford,Tottenham,-2.2459966549919024,-2.7328441544444964,-1.1403378115346299
2022-23,15,2022-12-27,Chelsea,Bournemouth,1.667303001417169,3.739403757417704,1.7040787381799078
2022-23,15,2022-12-27,Manchester United,Nottingham Forest,0.7975210897096972,2.807919540953363,0.7446264735935699
2022-23,15,2022-12-28,Leeds United,Manchester City,-3.0987601718104703,-3.8309229523939194,-1.8560594529279668
2022-23,15,2022-12-30,West Ham United,Brentford,-2.258881417591697,0.24662782588195142,-0.6434173383988224
2022-23,15,2022-12-30,Liverpool,Leicester City,0.7231479474358586,3.352787335289392,0.23351498978904459
2022-23,15,2022-12-31,Wolverhampton Wanderers,Manchester United,0.22850121063907025,-2.7004731517243945,-1.3796044635446818
2022-23,15,2022-12-31,Bournemouth,Crystal Palace,-1.6658084228815717,-0.6890469356514348,-0.6714162315875072
2022-23,15,2022-12-31,Fulham,Southampton,0.7754150367479671,0.026310688027717966,0.06848902811941997
2022-23,15,2022-12-31,Manchester City,Everton,3.59066671723431,4.6329105277373195,2.4011091116551584
2022-23,15,2022-12-31,Newcastle United,Leeds United,2.378914747438065,2.193642531279285,1.5376995893697667
2022-23,15,2022-12-31,Brighton and Hove Albion,Arsenal,0.15420037153768718,-1.9308016426244734,-1.071095342933822
2022-23,15,2023-01-01,Nottingham Forest,Chelsea,-2.2104754311531494,-3.652726313905898,-1.4658479467672278
2022-23,15,2023-01-01,Tottenham,Aston Villa,4.016363473416103,1.754778925522098,1.137900200027613
2022-23,15,2023-01-02,Brentford,Liverpool,-0.5456347230813599,-3.7225919715813305,-3.1318481832106206
2022-23,15,2023-01-03,Arsenal,Newcastle United,0.43383832453251436,1.5080549504115197,1.5208759193344847
2022-23,15,2023-01-03,Everton,Brighton and Hove Albion,-3.0756795146522187,-2.551643392978775,-1.6473189045774077
2022-23,15,2023-01-03,Leicester City,Fulham,0.9495241402407615,-0.8805969857396878,0.15642078852496297
2022-23,15,2023-01-03,Manchester United,Bournemouth,2.9133387537344984,3.4134599309243843,2.110789685364273
2022-23,15,2023-01-04,Southampton,Nottingham Forest,-0.7752144058207211,0.7522738470936039,0.6771744712140546
2022-23,15,2023-01-04,Leeds United,West Ham United,-1.3683126301178632,0.2582786297675481,-0.38054197082691843
2022-23,15,2023-01-04,Aston Villa,Wolverhampton Wanderers,0.717411121790068,0.7743467982695336,-0.29083908075254783
2022-23,15,2023-01-04,Crystal Palace,Tottenham,-1.9225421216961287,-2.89474823773606,-1.2361632149924433
2022-23,15,2023-01-05,Chelsea,Manchester City,-2.820049671811752,-4.288209132999135,-0.5716258507636098
2022-23,15,2023-01-12,Fulham,Chelsea,-2.286056653053855,-2.7219979324531103,-1.6071989889096243
2022-23,15,2023-01-13,Aston Villa,Leeds United,0.13039860755634436,0.7654977723351717,0.4624010406731415
2022-23,15,2023-01-14,Wolverhampton Wanderers,West Ham United,-1.6145943424900508,-1.4462710401775993,-0.2593814517514403
2022-23,15,2023-01-14,Brentford,Bournemouth,2.3344999833301774,3.2659282673555703,1.426234447831338
2022-23,15,2023-01-14,Nottingham Forest,Leicester City,-2.0059135349055968,0.516087453357887,-0.48764532961053675
2022-23,15,2023-01-14,Manchester United,Manchester City,0.007881966854201394,-1.6194261839405613,-0.4747371474090684
2022-23,15,2023-01-14,Brighton and Hove Albion,Liverpool,-1.5060326497230516,-3.499184350370954,-2.0147322200956195
2022-23,15,2023-01-14,Everton,Southampton,0.3034745308815854,-0.17498628534541716,-0.6166641431328912
2022-23,15,2023-01-15,Chelsea,Crystal Palace,-1.0724743474404175,2.1042312839943484,1.4434833131646
2022-23,15,2023-01-15,Newcastle United,Fulham,1.4777420388805549,1.9307741765840438,2.039872463988462
2022-23,15,2023-01-15,Tottenham,Arsenal,0.7890210264171511,-2.3810543867113036,-0.8732223940057693
2022-23,15,2023-01-18,Crystal Palace,Manchester United,-1.195209556332948,-0.18830113012048777,-0.487219320177536
2022-23,15,2023-01-19,Manchester City,Tottenham,2.2760717898577028,3.05092113320001,2.7988929189758096
2022-23,15,2023-01-21,West Ham United,Everton,-0.5389719723739415,3.394441964380963,-0.08617045365794666
2022-23,15,2023-01-21,Southampton,Aston Villa,-0.24371793140285192,-1.9918250669459692,-1.4343579318077417
2022-23,15,2023-01-21,Crystal Palace,Newcastle United,-1.2332098090998294,-1.7303301354167484,-1.378981915302441
2022-23,15,2023-01-21,Bournemouth,Nottingham Forest,-0.3274813617665213,0.6849955315872531,-0.1793968669434733
2022-23,15,2023-01-21,Liverpool,Chelsea,1.7526939659113303,0.9003628158981094,0.9952174983473142
2022-23,15,2023-01-21,Leicester City,Brighton and Hove Albion,-0.771314335389178,-1.1979164104489346,-1.0627480211780096
2022-23,15,2023-01-22,Leeds United,Brentford,0.012844928912846498,-0.5399409361340606,-2.4187154650449543
2022-23,15,2023-01-22,Manchester City,Wolverhampton Wanderers,1.495560519770459,5.675323079851791,2.469231447883453
2022-23,15,2023-01-22,Arsenal,Manchester United,-0.4367372008085404,0.41613252152565217,0.6091420427875363
2022-23,15,2023-01-23,Fulham,Tottenham,-0.8158269195899575,-1.2995554801366458,-2.126909246150285
2022-23,15,2023-02-03,Chelsea,Fulham,0.513916280768207,2.4196175660914108,0.1295646438848806
2022-23,15,2023-02-04,Wolverhampton Wanderers,Liverpool,-3.173584071811696,-4.824962140153064,-1.786089717225991
2022-23,15,2023-02-04,Everton,Arsenal,-3.065063468347745,-3.058670970895462,-1.464645017054761
2022-23,15,2023-02-04,Aston Villa,Leicester City,0.16572751139770325,-0.6906589857224779,0.666911960394161
2022-23,15,2023-02-04,Brentford,Southampton,0.7315935512354947,-0.19600325330378698,0.6990744301451443
2022-23,15,2023-02-04,Brighton and Hove Albion,Bournemouth,2.422774528963785,2.217562534338497,1.4093711975543044
2022-23,15,2023-02-04,Manchester United,Crystal Palace,1.443392490614345,3.3580517198180537,0.24738489740836087
2022-23,15,2023-02-04,Newcastle United,West Ham United,1.4692560438741733,2.5377883714932024,1.716825103078584
2022-23,15,2023-02-05,Nottingham Forest,Leeds United,0.8492610106987808,0.15554991200781565,0.06220125521263213
2022-23,15,2023-02-05,Tottenham,Manchester City,-1.009383812397866,-1.7814622492031713,-1.9129307359993533
2022-23,15,2023-02-08,Manchester United,Leeds United,3.4067806859025875,3.1739098189285464,1.8985038176647975
2022-23,15,2023-02-11,West Ham United,Chelsea,-1.9700082973565856,-0.40421575060656956,-0.2423313777208264
2022-23,15,2023-02-11,Arsenal,Brentford,0.11686022879275093,2.6875704649093155,1.4210975211503878
2022-23,15,2023-02-11,Crystal Palace,Brighton and Hove Albion,-2.52174589008181,-0.801255380102261,-1.002256795555421
2022-23,15,2023-02-11,Fulham,Nottingham Forest,1.326647374544411,0.5205575905112187,1.3360539211066211
2022-23,15,2023-02-11,Leicester City,Tottenham,-1.2682240009372645,-3.314400679103823,-0.8412510129572993
2022-23,15,2023-02-11,Southampton,Wolverhampton Wanderers,0.1885360964439684,-0.42181509386701066,-0.9802448757223147
2022-23,15,2023-02-11,Bournemouth,Newcastle United,-1.1546484104261747,-4.018458906442585,-1.4863551354837212
2022-23,15,2023-02-12,Leeds United,Manchester United,-0.7605377656312697,-2.1702998414777053,-1.8097230880686623
2022-23,15,2023-02-12,Manchester City,Aston Villa,3.6977925572811756,4.256461564608027,1.0832885727044144
2022-23,15,2023-02-13,Liverpool,Everton,-0.22749841479203603,2.504875802555979,1.1782095678387379
2022-23,15,2023-02-15,Arsenal,Manchester City,1.2096903126278313,-1.47295445627773,-0.17375749379263397
2022-23,15,2023-02-18,Newcastle United,Liverpool,-0.5570247953412277,-2.1484936713875076,-1.798213102038686
2022-23,15,2023-02-18,Wolverhampton Wanderers,Bournemouth,0.1511752025873978,1.0301856183329487,0.8425092661492102
2022-23,15,2023-02-18,Nottingham Forest,Manchester City,-2.6482884626946515,-5.299189176825016,-2.312504750007237
2022-23,15,2023-02-18,Everton,Leeds United,-0.3613838892197787,-0.7411047253841998,-0.032261466150713146
2022-23,15,2023-02-18,Aston Villa,Arsenal,0.587850945925851,-3.921035000159863,0.11157681955275792
2022-23,15,2023-02-18,Brighton and Hove Albion,Fulham,-0.4289995228934629,0.800435605552809,1.0331490327180064
2022-23,15,2023-02-18,Brentford,Crystal Palace,-0.6135283370277413,0.8451555086081415,0.06738767436419266
2022-23,15,2023-02-18,Chelsea,Southampton,0.9490286926586506,3.45389932076863,2.6014525149220633
2022-23,15,2023-02-19,Manchester United,Leicester City,1.0808379507990225,1.7632223850384214,0.9510767759507743
2022-23,15,2023-02-19,Tottenham,West Ham United,-0.033854158298137094,2.645012201986873,1.0799599772891255
2022-23,15,2023-02-24,Fulham,Wolverhampton Wanderers,2.0540386548634277,-1.0307789669619716,0.28713702018989695
2022-23,15,2023-02-25,Bournemouth,Manchester City,-4.76043295919597,-5.5310919654937605,-3.154141197588544
2022-23,15,2023-02-25,West Ham United,Nottingham Forest,-1.195579313860586,-1.0202368512707567,-0.6387106822709725
2022-23,15,2023-02-25,Crystal Palace,Liverpool,-2.9850107456699675,-2.3993297233333397,-2.155707630185185
2022-23,15,2023-02-25,Leeds United,Southampton,1.1179704013491616,0.8644828538053702,0.5543296977121003
2022-23,15,2023-02-25,Everton,Aston Villa,-0.9903347544333823,-2.0421636113828283,-0.9589675908385203
2022-23,15,2023-02-25,Leicester City,Arsenal,-3.035556677428948,-1.9605467983226674,-1.577700690658021
2022-23,15,2023-02-26,Tottenham,Chelsea,2.065198841979102,1.2285691845760898,-0.3748208835360913
2022-23,15,2023-03-01,Arsenal,Everton,2.2905285006415372,3.1090400943031655,3.2575715476689053
2022-23,15,2023-03-01,Liverpool,Wolverhampton Wanderers,1.873234882691838,4.631312143804933,0.5366536627230587
2022-23,15,2023-03-04,Manchester City,Newcastle United,0.3043304747194391,3.5898219877903657,2.0288978483079303
2022-23,15,2023-03-04,Arsenal,Bournemouth,1.1648163807295155,3.2840190546009875,2.076107508783835
2022-23,15,2023-03-04,Aston Villa,Crystal Palace,0.06663690668543865,-0.4021145603122571,-0.5635515731271695
2022-23,15,2023-03-04,Brighton and Hove Albion,West Ham United,0.483131011258056,0.8679395896467419,0.5199150060660116
2022-23,15,2023-03-04,Chelsea,Leeds United,0.5779664870067496,1.4813184179018881,0.28554792892622916
2022-23,15,2023-03-04,Wolverhampton Wanderers,Tottenham,-2.3212937497037505,-0.9384935310634308,-0.6186959618001495
2022-23,15,2023-03-04,Southampton,Leicester City,0.07400082044226508,-1.4447582141038469,-0.8375696870888817
2022-23,15,2023-03-05,Nottingham Forest,Everton,0.6719839226762705,0.9278387761058688,-0.17448583926416744
2022-23,15,2023-03-05,Liverpool,Manchester United,0.5616951845373475,0.735489093455115,-0.24502565721426067
2022-23,15,2023-03-06,Brentford,Fulham,1.1916830189908403,0.484322233731195,-0.08317726077982286
2022-23,15,2023-03-11,Bournemouth,Liverpool,-6.086238731326167,-5.424914940716488,-3.3044957260086556
2022-23,15,2023-03-11,Everton,Brentford,-2.0261064059944545,-1.7376686989555594,-0.9365701447392368
2022-23,15,2023-03-11,Leeds United,Brighton and Hove Albion,-0.8096124661023687,-1.5355966808251686,-0.7149282984823373
2022-23,15,2023-03-11,Leicester City,Chelsea,-0.8534429124816327,-1.1501227047813298,-1.4986010770950102
2022-23,15,2023-03-11,Tottenham,Nottingham Forest,0.6680526925961257,3.0822214786424302,0.47779150478616544
2022-23,15,2023-03-11,Crystal Palace,Manchester City,-2.828953002789861,-2.873293417349325,-2.536793672003064
2022-23,15,2023-03-12,Fulham,Arsenal,-1.6564077401795227,-3.191378341532391,-2.296904499780736
2022-23,15,2023-03-12,Manchester United,Southampton,0.7969472046600554,2.8917275674080747,0.9479988078342231
2022-23,15,2023-03-12,West Ham United,Aston Villa,-0.9212784686974107,0.7124714214811245,0.8492154154550832
2022-23,15,2023-03-12,Newcastle United,Wolverhampton Wanderers,-2.389228593317654,0.7374126341835812,1.3593644946534085
2022-23,15,2023-03-15,Brighton and Hove Albion,Crystal Palace,1.4338789861944505,2.0946581176911607,-0.6761389556048982
2022-23,15,2023-03-15,Southampton,Brentford,0.1564372103331486,-2.5917350771802203,-0.26843582969232216
2022-23,15,2023-03-17,Nottingham Forest,Newcastle United,-1.7896791109259809,-2.6084177093963454,-0.9079112462445309
2022-23,15,2023-03-18,Chelsea,Everton,0.29836505237136457,1.216105501211877,0.28958289945202864
2022-23,15,2023-03-18,Southampton,Tottenham,-1.3022326601761822,-2.048312868611248,-1.331977351703189
2022-23,15,2023-03-18,Wolverhampton Wanderers,Leeds United,3.4152829380025587,1.9979480778572585,-1.0129105156000975
2022-23,15,2023-03-18,Brentford,Leicester City,1.62750262704356,1.0275532097635747,-0.6434285241315791
2022-23,15,2023-03-18,Aston Villa,Bournemouth,0.3121883683532918,1.396039050104557,1.209687207385791
2022-23,15,2023-03-19,Arsenal,Crystal Palace,3.566317402873791,3.3804941824287766,1.2059308101435278
2022-23,15,2023-04-01,Manchester City,Liverpool,0.7068882041896227,2.7165066476185586,0.9498469975339703
2022-23,15,2023-04-01,Arsenal,Leeds United,1.7840168605288635,3.1583634858697174,1.5107527640075304
2022-23,15,2023-04-01,Bournemouth,Fulham,1.036772365947943,-2.405888851089248,-1.000520990199388
2022-23,15,2023-04-01,Brighton and Hove Albion,Brentford,0.08990979438792479,0.3573671920604431,0.40816905952208343
2022-23,15,2023-04-01,Crystal Palace,Leicester City,-2.7680944415608586,1.1669922016488883,-0.13683564553644062
2022-23,15,2023-04-01,Nottingham Forest,Wolverhampton Wanderers,0.15662550239947315,-0.32877888239045383,-0.3344396266094719
2022-23,15,2023-04-01,Chelsea,Aston Villa,-0.4521287833040226,2.219590946217008,0.5159901363013901
2022-23,15,2023-04-02,West Ham United,Southampton,-0.7464600615027219,0.6883972958118054,1.804420662850069
2022-23,15,2023-04-02,Newcastle United,Manchester United,-0.9167399749252922,-0.1324815412246778,0.10568765142898826
2022-23,15,2023-04-03,Everton,Tottenham,-0.10598548042273492,-1.124063164053572,-0.5265022193199655
2022-23,15,2023-04-04,Chelsea,Liverpool,-0.779368077203177,-1.935498110379787,-1.0658910007921292
2022-23,15,2023-04-04,Leicester City,Aston Villa,2.352358171304516,0.14719299314856116,0.5050934917127734
2022-23,15,2023-04-04,Bournemouth,Brighton and Hove Albion,-0.9669608159543177,-2.7198191110390315,-0.8701551495101938
2022-23,15,2023-04-04,Leeds United,Nottingham Forest,-0.26072074451650096,-0.002376620178051958,0.019047023444997535
2022-23,15,2023-04-05,Manchester United,Brentford,2.860900532302587,1.9481479969984727,1.629229562102782
2022-23,15,2023-04-05,West Ham United,Newcastle United,-0.4521690093546802,0.2143263943757674,-1.7826209161372901
2022-23,15,2023-04-08,Southampton,Manchester City,-3.5765418687588326,-5.085382268531377,-2.748201965064729
2022-23,15,2023-04-08,Manchester United,Everton,2.5659318375494973,1.961662007823623,1.256369733608264
2022-23,15,2023-04-08,Aston Villa,Nottingham Forest,0.165208170961904,0.9917220414589991,1.3112308890841873
2022-23,15,2023-04-08,Brentford,Newcastle United,0.605176115386941,-0.29170164189121905,-1.0836691502606528
2022-23,15,2023-04-08,Fulham,West Ham United,-1.568343202293363,-0.028413539820738798,-1.0926278167807921
2022-23,15,2023-04-08,Leicester City,Bournemouth,-1.7693333357328296,2.844462249939415,-0.2897601563479171
2022-23,15,2023-04-08,Tottenham,Brighton and Hove Albion,-0.2166626644035432,1.531005012317726,-0.36609966189198245
2022-23,15,2023-04-08,Wolverhampton Wanderers,Chelsea,-0.2753875201775777,0.160904736200167,-2.0410300147359264
2022-23,15,2023-04-09,Liverpool,Arsenal,-0.678735104247993,-1.348509888458965,-0.9161682994116092
2022-23,15,2023-04-09,Leeds United,Crystal Palace,0.19533119876377647,-0.9086832107616569,-0.8916763226801863
2022-23,15,2023-04-15,Aston Villa,Newcastle United,0.2916535795622437,-1.6279855630619515,-0.9444151493289127
2022-23,15,2023-04-15,Chelsea,Brighton and Hove Albion,-0.6981767869369513,1.4736104325513715,0.956691311888676
2022-23,15,2023-04-15,Everton,Fulham,0.35354476968409365,0.01983123612040405,0.6207688752901689
2022-23,15,2023-04-15,Southampton,Crystal Palace,-1.1191103748385824,-1.0291593067971698,-1.284103669732562
2022-23,15,2023-04-15,Tottenham,Bournemouth,1.6775943365593786,3.534174833170213,1.3564384909722762
2022-23,15,2023-04-15,Wolverhampton Wanderers,Brentford,0.07724080950620404,-1.483370052475867,-1.1744908014436348
2022-23,15,2023-04-15,Manchester City,Leicester City,2.711041239216428,6.70879447926625,4.240510845470302
2022-23,15,2023-04-16,West Ham United,Arsenal,-1.296637188005871,-2.404421095304148,-0.8031530096167543
2022-23,15,2023-04-16,Nottingham Forest,Manchester United,-1.3591224899441148,-4.00468311702243,-1.6163924337995907
2022-23,15,2023-04-17,Leeds United,Liverpool,-1.469591961692137,-3.1970138609768393,-2.833789744369221
2022-23,15,2023-04-21,Arsenal,Southampton,1.693446504012817,7.267335828420703,0.3004041701197764
2022-23,15,2023-04-22,Liverpool,Nottingham Forest,0.9240357888425166,4.060608412759602,1.3951241833983006
2022-23,15,2023-04-22,Leicester City,Wolverhampton Wanderers,1.2118452148021177,-2.0873170338090086,-0.5998502028415146
2022-23,15,2023-04-22,Brentford,Aston Villa,-0.36523964621597216,-0.8028531552389628,-0.6264763312154245
2022-23,15,2023-04-22,Fulham,Leeds United,1.0902417681343763,-0.11429502805598091,0.30198636673474655
2022-23,15,2023-04-22,Crystal Palace,Everton,-0.8172259388886012,1.8993983372096048,1.692690854640955
2022-23,15,2023-04-23,Bournemouth,West Ham United,1.7929141660246017,-0.15041821175629,-0.7942247773196215
2022-23,15,2023-04-23,Newcastle United,Tottenham,0.9018148811371152,0.423363307110602,-0.3266689601715044
2022-23,15,2023-04-25,Wolverhampton Wanderers,Crystal Palace,0.6558079158710779,1.0176937572936708,-0.412136333265812
2022-23,15,2023-04-25,Aston Villa,Fulham,0.34084763100170257,1.3346235385692644,0.6702373670186773
2022-23,15,2023-04-25,Leeds United,Leicester City,0.2179007944339606,-0.612146130436737,0.1630764093230283
2022-23,15,2023-04-26,Manchester City,Arsenal,0.37032988367170105,1.6109384153268298,1.314469444201245
2022-23,15,2023-04-26,Nottingham Forest,Brighton and Hove Albion,-0.4193995061565019,-2.3640887428403676,-0.8567765185935088
2022-23,15,2023-04-26,Chelsea,Brentford,1.5949560418356405,0.10283555888780338,-0.16973794521672403
2022-23,15,2023-04-26,West Ham United,Liverpool,-3.632556638193341,-2.274553455371821,-1.723809748488624
2022-23,15,2023-04-27,Southampton,Bournemouth,1.186771011055944,0.9019523149894555,0.6993666094738742
2022-23,15,2023-04-27,Tottenham,Manchester United,-0.7940826866953916,-0.74249387763229,0.8306075278446841
2022-23,15,2023-04-27,Everton,Newcastle United,-3.008426596024579,-2.2722906222810932,-2.549192733666723
2022-23,15,2023-04-29,Brentford,Nottingham Forest,0.015673232289083572,1.3026436329047897,0.3035524602661724
2022-23,15,2023-04-29,Brighton and Hove Albion,Wolverhampton Wanderers,-0.506471250379132,2.1267653669413997,0.7105706535803094
2022-23,15,2023-04-29,Crystal Palace,West Ham United,0.7084750183914057,1.3160412438074145,0.2434095216350812
2022-23,15,2023-04-30,Liverpool,Tottenham,3.0776911227875896,1.154594382328435,0.8076351565691653
2022-23,15,2023-04-30,Newcastle United,Southampton,0.9527827063630134,3.617473401127741,1.6736237931229538
2022-23,15,2023-04-30,Bournemouth,Leeds United,-0.5232272480937148,0.613738726944626,-0.23591088872134663
2022-23,15,2023-04-30,Fulham,Manchester City,-3.8948886463890577,-5.152567203675374,-2.9980180882130782
2022-23,15,2023-04-30,Manchester United,Aston Villa,1.5039698506135721,2.1435888055629126,0.15934970771142504
2022-23,15,2023-05-01,Leicester City,Everton,0.18865352363734367,-0.3537101946756094,-0.24131704459010878
2022-23,15,2023-05-02,Arsenal,Chelsea,3.1629752510121367,3.329544006164893,1.0138086276286984
2022-23,15,2023-05-03,Liverpool,Fulham,1.8412616281798506,3.357970823051472,2.271850079544764
2022-23,15,2023-05-03,Manchester City,West Ham United,1.9875130481331205,3.7561734177113646,1.6403933928295202
2022-23,15,2023-05-04,Brighton and Hove Albion,Manchester United,-1.8962555437322663,-2.702733988452694,-0.8349131774760679
2022-23,15,2023-05-06,Bournemouth,Chelsea,-2.1890867308295032,-1.8209142485886165,-0.32513865237613687
2022-23,15,2023-05-06,Manchester City,Leeds United,1.4988010091292043,6.081117919791243,2.3654853963459628
2022-23,15,2023-05-06,Tottenham,Crystal Palace,2.229232866121057,1.636469536102977,1.103254558978105
2022-23,15,2023-05-06,Wolverhampton Wanderers,Aston Villa,-0.8219914959289003,-1.9700059695982848,0.18452015792400972
2022-23,15,2023-05-06,Liverpool,Brentford,0.16846479961981942,1.7652904148631823,2.0602492100104555
2022-23,15,2023-05-07,West Ham United,Manchester United,-1.9378433645774678,-1.4212112777787524,-2.235069125601747
2022-23,15,2023-05-07,Newcastle United,Arsenal,-2.197798467785452,-1.635912117075307,0.029143280225207492
2022-23,15,2023-05-08,Fulham,Leicester City,0.0916972228340267,0.3251725849165332,0.8379720436655674
2022-23,15,2023-05-08,Brighton and Hove Albion,Everton,1.2331147876103348,1.9603489637796638,1.0725638139057765
2022-23,15,2023-05-08,Nottingham Forest,Southampton,0.15760844177483868,-0.36987584393605566,0.4530328538465824
2022-23,15,2023-05-13,Leeds United,Newcastle United,-2.0467493645812347,-2.1839229877777138,-1.2684521505108903
2022-23,15,2023-05-13,Aston Villa,Tottenham,1.0101994370981373,0.5429490685174923,-0.2923391832982077
2022-23,15,2023-05-13,Chelsea,Nottingham Forest,1.0869180396946092,0.9297262174647907,-0.41646218542581154
2022-23,15,2023-05-13,Crystal Palace,Bournemouth,-0.644229264827743,0.857393268133106,1.029496433252787
2022-23,15,2023-05-13,Manchester United,Wolverhampton Wanderers,1.3978693422052864,1.5807808390568807,1.549002362238177
2022-23,15,2023-05-13,Southampton,Fulham,-1.3825480577623335,-0.5812222067200672,-1.178322837362377
2022-23,15,2023-05-14,Brentford,West Ham United,1.4277726783071483,0.8741928855947121,-0.10916631129710055
2022-23,15,2023-05-14,Everton,Manchester City,-2.105073968200939,-7.342796275212528,-3.366576463483471
2022-23,15,2023-05-14,Arsenal,Brighton and Hove Albion,1.157322680576394,2.0411603904718074,0.8536179722836067
2022-23,15,2023-05-15,Leicester City,Liverpool,-0.9364998694080313,-4.577707428778589,-0.8382319221950609
2022-23,15,2023-05-18,Newcastle United,Brighton and Hove Albion,0.32427526623329683,0.3249390039245288,0.8840718717049668
2022-23,15,2023-05-20,Tottenham,Brentford,2.033727291358433,1.8773226943282282,0.3729700757272013
2022-23,15,2023-05-20,Bournemouth,Manchester United,-0.5191522250728831,-1.9320828540571382,-1.8191268458656693
2022-23,15,2023-05-20,Fulham,Crystal Palace,0.3613772313835746,-0.40572032975953043,0.9332421417450945
2022-23,15,2023-05-20,Liverpool,Aston Villa,3.1038263158670656,1.9426307863995333,1.6056727395756512
2022-23,15,2023-05-20,Wolverhampton Wanderers,Everton,3.108693822416882,-0.18540230379052947,-0.8641838159024673
2022-23,15,2023-05-20,Nottingham Forest,Arsenal,-2.9924138423987294,-4.62048718892118,-1.2450161794155874
2022-23,15,2023-05-21,West Ham United,Leeds United,-0.33346182091264964,0.10018603534623516,0.2799610695034701
2022-23,15,2023-05-21,Brighton and Hove Albion,Southampton,2.0626696014631296,2.859746229298672,0.7497743855958333
2022-23,15,2023-05-21,Manchester City,Chelsea,-0.0661164931390239,4.871214203548741,2.219117792268713
2022-23,15,2023-05-22,Newcastle United,Leicester City,2.973169339693989,2.5013678850806444,1.705535974371361
2022-23,15,2023-05-24,Brighton and Hove Albion,Manchester City,-2.63338506403608,-3.43431288359451,-1.5805784777077307
2022-23,15,2023-05-25,Manchester United,Chelsea,1.5262901045414718,2.680228598971306,0.6519596625569605
2022-23,15,2023-05-28,Arsenal,Wolverhampton Wanderers,2.330616977110454,2.4181286122201984,0.5311739371795653
2022-23,15,2023-05-28,Aston Villa,Brighton and Hove Albion,-0.29980307132645656,0.5744363121864549,-1.198103618082102
2022-23,15,2023-05-28,Brentford,Manchester City,-2.537103658472004,-3.4005715033184067,-2.8462272347100255
2022-23,15,2023-05-28,Chelsea,Newcastle United,-2.197469721516452,-2.022380723186264,0.018229283672923202
2022-23,15,2023-05-28,Crystal Palace,Nottingham Forest,0.5343480521031729,1.2435035914117663,0.2865904813197176
2022-23,15,2023-05-28,Everton,Bournemouth,-0.8502819169905802,2.6429507185355767,-0.8420135412844445
2022-23,15,2023-05-28,Leeds United,Tottenham,-1.1415318350557957,-2.183309956187924,-1.1655557326455124
2022-23,15,2023-05-28,Leicester City,West Ham United,-1.4804121330014723,-0.4511687716630979,0.032999286434120735
2022-23,15,2023-05-28,Manchester United,Fulham,0.20927848689486517,2.497849678319607,2.1384014859194296
2022-23,15,2023-05-28,Southampton,Liverpool,-2.4732020464786526,-5.930092193342073,-3.983049168707738
2023-24,15,2023-08-11,Burnley,Manchester City,-4.051099934541623,-4.764516796113666,-3.6438378535316387
2023-24,15,2023-08-12,Newcastle United,Aston Villa,1.5165150103693783,1.4171610895687845,0.15493900475436534
2023-24,15,2023-08-12,Everton,Fulham,-0.6308551714764015,-0.2458493559862447,-0.7494275163359887
2023-24,15,2023-08-12,Sheffield United,Crystal Palace,-2.3761359214043836,-0.9848118315591181,-1.1871545884847408
2023-24,15,2023-08-12,Bournemouth,West Ham United,-2.7695301006919752,-1.8366803254468875,-0.33673259422148905
2023-24,15,2023-08-12,Arsenal,Nottingham Forest,1.2869074551590316,3.8316598316828614,1.4516997679841581
2023-24,15,2023-08-12,Brighton and Hove Albion,Luton,1.3651864959479845,1.8826200873756473,0.8954945533052253
2023-24,15,2023-08-13,Brentford,Tottenham,-0.08811306339456593,0.19128466958273727,0.14815930663740318
2023-24,15,2023-08-13,Chelsea,Liverpool,-4.542893282276964,-3.4359202688602064,-0.46399302122655967
2023-24,15,2023-08-14,Manchester United,Wolverhampton Wanderers,0.6484056581673361,2.5223518838335215,0.48521571625567506
2023-24,15,2023-08-18,Nottingham Forest,Sheffield United,0.36687774108357196,0.9345525568898134,1.1745664792407169
2023-24,15,2023-08-19,Fulham,Brentford,0.9349768894339032,-0.5484937404668884,-0.9982718948898281
2023-24,15,2023-08-19,Liverpool,Bournemouth,2.371485353523802,3.123799054406044,2.934103687008738
2023-24,15,2023-08-19,Wolverhampton Wanderers,Brighton and Hove Albion,0.6201691985025022,0.9847871733952065,-1.3952079734132041
2023-24,15,2023-08-19,Tottenham,Manchester United,-1.3764625887678683,-2.385213820579379,-0.5958731126969752
2023-24,15,2023-08-19,Manchester City,Newcastle United,1.5238300238092073,2.163242560866726,2.0980650123879103
2023-24,15,2023-08-20,Aston Villa,Everton,0.9866845775044641,2.1761488730886063,0.5880636831602957
2023-24,15,2023-08-20,West Ham United,Chelsea,-0.1749942840851073,0.1711548517103587,0.12437221132126552
2023-24,15,2023-08-21,Crystal Palace,Arsenal,-1.7856496077144257,-1.7361768297546618,0.2654214500256472
2023-24,15,2023-08-25,Chelsea,Luton,0.11072714485267099,2.0357089182646497,0.25366791200339944
2023-24,15,2023-08-26,Bournemouth,Tottenham,-2.0397525823878464,-3.6470118633963624,-2.8735503256199015
2023-24,15,2023-08-26,Arsenal,Fulham,-0.8809319303203971,3.345662810184459,0.3326142347466927
2023-24,15,2023-08-26,Brentford,Crystal Palace,-1.0047817584526157,-0.07323020116341716,0.41694328763410055
2023-24,15,2023-08-26,Everton,Wolverhampton Wanderers,-0.015960809499610207,-0.2683607461342179,-0.4827005763989035
2023-24,15,2023-08-26,Manchester United,Nottingham Forest,2.078086973442508,0.8450111931535442,2.1965794326453816
2023-24,15,2023-08-26,Brighton and Hove Albion,West Ham United,0.4722520032406603,1.464816589130737,-0.2821155323019582
2023-24,15,2023-08-27,Burnley,Aston Villa,-1.4769428682791972,-1.7107517386092503,-0.4986010628393018
2023-24,15,2023-08-27,Sheffield United,Manchester City,-3.4854200252732017,-7.636743992239477,-3.1487102468823758
2023-24,15,2023-08-27,Newcastle United,Liverpool,1.2934008374426647,-1.9484444046773088,-0.25628703992097285
2023-24,15,2023-09-01,Luton,West Ham United,-1.27133050216748,-1.577987141025905,0.010723510762130673
2023-24,15,2023-09-02,Brighton and Hove Albion,Newcastle United,-2.5749769963535236,-0.575147544105981,0.018414314937932375
2023-24,15,2023-09-02,Manchester City,Fulham,1.123837595530354,4.375216949074642,1.9937455047101722
2023-24,15,2023-09-02,Chelsea,Nottingham Forest,0.03092656559485718,1.0880920165233947,1.7301953831836543
2023-24,15,2023-09-02,Burnley,Tottenham,-2.7211411683805,-1.9717554513594795,-2.7694457023468586
2023-24,15,2023-09-02,Sheffield United,Everton,-1.769156266629203,-1.0887304266238962,-0.32356114387749246
2023-24,15,2023-09-02,Brentford,Bournemouth,-0.6610362898670132,1.5197126965208874,1.1771863325981087
2023-24,15,2023-09-03,Crystal Palace,Wolverhampton Wanderers,0.03353302333593966,0.38067907247827115,0.15253205417252785
2023-24,15,2023-09-03,Liverpool,Aston Villa,1.190094680878806,1.3516446925856656,2.4751981776502276
2023-24,15,2023-09-03,Arsenal,Manchester United,1.5004377832898008,0.5253942997755701,0.019871993069055804
2023-24,15,2023-09-16,Wolverhampton Wanderers,Liverpool,-1.6699056012694378,-1.892221119202496,-2.003127950217389
2023-24,15,2023-09-16,Aston Villa,Crystal Palace,0.44506943661789933,0.7456298720186485,0.5681481742058679
2023-24,15,2023-09-16,Fulham,Luton,0.1311242235287633,-0.8566191372081189,-0.8138606403777373
2023-24,15,2023-09-16,Manchester United,Brighton and Hove Albion,1.1595711521071923,2.6780174982936025,0.2815348425448093
2023-24,15,2023-09-16,Tottenham,Sheffield United,3.561444269177441,2.016769254803159,1.951624301993364
2023-24,15,2023-09-16,West Ham United,Manchester City,-3.3893086403776955,-2.892523923637709,-3.2516113685644683
2023-24,15,2023-09-16,Newcastle United,Brentford,0.288715899514397,1.0084522444303357,1.3251037212301653
2023-24,15,2023-09-17,Everton,Arsenal,-1.5170876680225849,-4.391289519555679,-2.766602803061031
2023-24,15,2023-09-17,Bournemouth,Chelsea,-1.9181978537553537,-1.5920734723632508,-1.386671482781655
2023-24,15,2023-09-18,Nottingham Forest,Burnley,-0.16079215751028997,2.2411836471757827,-0.25513563684147444
2023-24,15,2023-09-23,Crystal Palace,Fulham,-0.892329087296222,1.304798673681443,-0.016801643138916234
2023-24,15,2023-09-23,Luton,Wolverhampton Wanderers,-0.3618669992122605,-0.24275990233931122,0.5895683800165614
2023-24,15,2023-09-23,Manchester City,Nottingham Forest,1.2190390319717128,5.23151968663323,2.225884482413605
2023-24,15,2023-09-23,Brentford,Everton,-0.17496813958562996,1.994639248530408,1.9162629102535533
2023-24,15,2023-09-23,Burnley,Manchester United,-0.7803757326016232,-3.048790518680101,-0.5636098496114812
2023-24,15,2023-09-24,Arsenal,Tottenham,1.4729543830467335,0.5428090124448435,0.8233214999302845
2023-24,15,2023-09-24,Brighton and Hove Albion,Bournemouth,1.8767016459286978,0.7859159048750985,2.093202665543805
2023-24,15,2023-09-24,Chelsea,Aston Villa,0.719527513597356,-0.07259845847628021,-0.5509603238631584
2023-24,15,2023-09-24,Liverpool,West Ham United,2.52016257166966,2.071761301033714,0.9668258789540701
2023-24,15,2023-09-24,Sheffield United,Newcastle United,-0.3537973298691117,-3.147584090182888,-1.54833216564989
2023-24,15,2023-09-30,West Ham United,Sheffield United,1.1772078766673744,2.8730742496431816,0.813933334070694
2023-24,15,2023-09-30,Wolverhampton Wanderers,Manchester City,-3.469277464482998,-4.851780308836869,-3.021305327328008
2023-24,15,2023-09-30,Newcastle United,Burnley,1.2540061373910572,3.445473891316123,1.3399225986617538
2023-24,15,2023-09-30,Tottenham,Liverpool,0.5590017847722724,-1.3526841452150613,-0.08313011202009904
2023-24,15,2023-09-30,Everton,Luton,1.5287712112172152,-0.276788366244749,0.9168526084836544
2023-24,15,2023-09-30,Aston Villa,Brighton and Hove Albion,1.2031635884843634,-0.5889762300784245,1.380237347721686
2023-24,15,2023-09-30,Manchester United,Crystal Palace,1.4385224025673509,1.979897084368341,0.3440019812951263
2023-24,15,2023-09-30,Bournemouth,Arsenal,-2.872020453363792,-3.940865336258871,-1.612056871839323
2023-24,15,2023-10-01,Nottingham Forest,Brentford,-0.09368290444798433,-1.6420001279970773,-1.308962104530447
2023-24,15,2023-10-02,Fulham,Chelsea,1.4488182366885916,-0.7902179411476631,-0.5293396209268849
2023-24,15,2023-10-03,Luton,Burnley,1.2204644914000902,-0.7854843855184725,-0.06420968214390825
2023-24,15,2023-10-07,Luton,Tottenham,-0.07784087044403343,-2.188165539331912,-2.107041640054682
2023-24,15,2023-10-07,Burnley,Chelsea,-1.1591700665865332,-1.9417779291267108,-0.7699351144527113
2023-24,15,2023-10-07,Everton,Bournemouth,0.5550538137880121,1.074297211077126,0.16206814266331832
2023-24,15,2023-10-07,Fulham,Sheffield United,0.14636122598258083,1.7798670457962587,0.8434860819137711
2023-24,15,2023-10-07,Manchester United,Brentford,-0.8253233895041259,1.24678634782045,0.6897962815151516
2023-24,15,2023-10-07,Crystal Palace,Nottingham Forest,2.348479942733393,1.0560525303700823,-0.08723026135698149
2023-24,15,2023-10-08,Arsenal,Manchester City,-1.3669183988704443,-2.5008295266586984,-0.5348922713461917
2023-24,15,2023-10-08,Wolverhampton Wanderers,Aston Villa,-1.1484840825732618,-0.8181482836725529,-0.6225282635790748
2023-24,15,2023-10-08,Brighton and Hove Albion,Liverpool,-0.059657278422825755,-1.347978854696052,-0.8516212749182372
2023-24,15,2023-10-08,West Ham United,Newcastle United,0.2359420983182403,-1.947274765464977,0.21438264795558126
2023-24,15,2023-10-21,Liverpool,Everton,2.3911105615198576,5.622081057741336,2.802576474098211
2023-24,15,2023-10-21,Bournemouth,Wolverhampton Wanderers,0.16840404171286494,-1.635266321225462,0.2768881686028436
2023-24,15,2023-10-21,Brentford,Burnley,0.9068121189209197,0.3595359115102301,1.6467382566188433
2023-24,15,2023-10-21,Manchester City,Brighton and Hove Albion,-0.19340170285559388,3.0223758661271773,0.8065440334286876
2023-24,15,2023-10-21,Newcastle United,Crystal Palace,1.5667956332506723,0.5430829164002127,0.056207107864742055
2023-24,15,2023-10-21,Nottingham Forest,Luton,0.14343300556950922,1.520719379470405,0.01972839938992337
2023-24,15,2023-10-21,Chelsea,Arsenal,-2.3453454540769663,-1.4815269597623448,-1.5306319549119394
2023-24,15,2023-10-21,Sheffield United,Manchester United,-2.6434983613443173,-3.4660509484642903,-3.046376424092588
2023-24,15,2023-10-22,Aston Villa,West Ham United,-1.2322809427361872,1.943498040174667,0.2339036553404185
2023-24,15,2023-10-23,Tottenham,Fulham,1.1055212025942236,3.6384584554552353,2.143926244091193
2023-24,15,2023-10-27,Crystal Palace,Tottenham,-2.8119184930089194,-2.389007181741454,-1.4401935554943264
2023-24,15,2023-10-28,Wolverhampton Wanderers,Newcastle United,-1.9039781279432084,-3.3780671750841416,-1.1843658219217432
2023-24,15,2023-10-28,Bournemouth,Burnley,-3.552376352532205,0.4848583835889704,-1.1418216457089698
2023-24,15,2023-10-28,Arsenal,Sheffield United,4.385926241659547,6.5401038412669905,3.1915781821384828
2023-24,15,2023-10-28,Chelsea,Brentford,-0.007187892323349487,0.8480197277554167,-0.2748090293190387
2023-24,15,2023-10-29,West Ham United,Everton,0.7810143526528943,1.7512767062182597,1.0101620496237615
2023-24,15,2023-10-29,Aston Villa,Luton,-0.4348190400542187,3.8695218395740847,0.781167672082546
2023-24,15,2023-10-29,Brighton and Hove Albion,Fulham,1.0218828736508634,3.422152198603487,0.9576829125425093
2023-24,15,2023-10-29,Liverpool,Nottingham Forest,1.1618904325915373,5.127027295356045,1.6886531832562255
2023-24,15,2023-10-29,Manchester United,Manchester City,-1.925660515174778,-3.8477964660933086,-1.1505335108325128
2023-24,15,2023-11-04,Fulham,Manchester United,-3.114504024014627,-0.9624589004395281,-0.932460511580939
2023-24,15,2023-11-04,Brentford,West Ham United,2.34932913497439,0.008523641149290384,0.19338689632619718
2023-24,15,2023-11-04,Burnley,Crystal Palace,0.4382706158506888,-2.22799323481871,0.43572707575000325
2023-24,15,2023-11-04,Everton,Brighton and Hove Albion,0.5612961684605047,-0.7282507509322222,-1.1391691584278376
2023-24,15,2023-11-04,Manchester City,Bournemouth,3.5854952530184327,4.754216058837143,2.7313053345777534
2023-24,15,2023-11-04,Sheffield United,Wolverhampton Wanderers,-4.011852925748181,-3.1752030326362544,-0.8345392324287217
2023-24,15,2023-11-04,Newcastle United,Arsenal,-1.4570481347847153,-1.083027884656575,-1.2374493573842442
2023-24,15,2023-11-05,Luton,Liverpool,-2.3607918741230414,-3.1149215569160225,-1.6583254936816219
2023-24,15,2023-11-05,Nottingham Forest,Aston Villa,-0.08106773881111984,-1.7977666624982351,-1.2844862229092626
2023-24,15,2023-11-06,Tottenham,Chelsea,1.201387123245805,1.3527810548951056,0.5122449246728735
2023-24,15,2023-11-11,Wolverhampton Wanderers,Tottenham,-1.1473872862057846,-2.709077436190781,-1.1457143311467817
2023-24,15,2023-11-11,Arsenal,Burnley,2.316169314466313,5.2587899438950565,2.956934788756064
2023-24,15,2023-11-11,Crystal Palace,Everton,-0.48575707622788045,0.7716137361241504,1.006232286424654
2023-24,15,2023-11-11,Manchester United,Luton,2.9555733648478704,1.471947898164025,1.7161755600796837
2023-24,15,2023-11-11,Bournemouth,Newcastle United,-3.1117317394786426,-3.4537925031564773,-0.7094798834215623
2023-24,15,2023-11-12,Aston Villa,Fulham,2.256236960536505,2.344835347460875,0.8654609710723917
2023-24,15,2023-11-12,Brighton and Hove Albion,Sheffield United,2.23117726033159,3.2728494020308174,1.5629125734128124
2023-24,15,2023-11-12,Liverpool,Brentford,3.888026356843712,1.5527466156094878,2.339411348520278
2023-24,15,2023-11-12,West Ham United,Nottingham Forest,0.3144107728907599,0.9366483803004702,-0.299500444942872
2023-24,15,2023-11-12,Chelsea,Manchester City,-4.518181738710005,-2.2157012341806936,-1.571915213716342
2023-24,15,2023-11-25,Nottingham Forest,Brighton and Hove Albion,-0.926200666845757,-0.9611185924541736,-0.193575417826591
2023-24,15,2023-11-25,Sheffield United,Bournemouth,-1.1551878162525604,-1.5321450342563994,-1.2032176327247939
2023-24,15,2023-11-25,Brentford,Arsenal,-0.5746285966062228,-1.1684815508132846,-0.7241902718043974
2023-24,15,2023-11-25,Luton,Crystal Palace,-1.7528244338226795,-0.1973819354700943,-1.0539942794939947
2023-24,15,2023-11-25,Burnley,West Ham United,-0.9717366789634561,-0.7699382024683086,-0.8880352116491992
2023-24,15,2023-11-25,Newcastle United,Chelsea,-0.32965951884222555,2.353813912992022,0.30987920470772534
2023-24,15,2023-11-25,Manchester City,Liverpool,-0.2671420054813112,2.5135327061721107,0.08672320777703675
2023-24,15,2023-11-26,Tottenham,Aston Villa,-0.08415572991914466,-0.12765543136138113,-0.3269820972253896
2023-24,15,2023-11-26,Everton,Manchester United,-2.3173806660029133,-1.0306740385579243,-1.7802986830054963
2023-24,15,2023-11-27,Fulham,Wolverhampton Wanderers,-1.5701080519737456,-0.9417344315072889,-0.06450408891470402
2023-24,15,2023-12-02,Arsenal,Wolverhampton Wanderers,2.3357074124060055,2.998443557142279,1.6435280378880024
2023-24,15,2023-12-02,Brentford,Luton,1.0251929894189402,3.3164759099591485,0.6481879387262879
2023-24,15,2023-12-02,Burnley,Sheffield United,0.6211286741671973,-0.46255521157730595,1.1844930712259554
2023-24,15,2023-12-02,Nottingham Forest,Everton,2.743692813578912,-0.5155714288489275,-0.041921061943868666
2023-24,15,2023-12-02,Newcastle United,Manchester United,-0.9371351470217242,-0.417106621334252,-1.1851875251965325
2023-24,15,2023-12-03,West Ham United,Crystal Palace,-1.0566502002650804,0.2732010194553851,1.0584934128420371
2023-24,15,2023-12-03,Manchester City,Tottenham,2.0085459911160797,2.309233537101095,1.3598137261301388
2023-24,15,2023-12-03,Liverpool,Fulham,1.5004318226814206,4.936230430591837,1.2789695830245662
2023-24,15,2023-12-03,Chelsea,Brighton and Hove Albion,-0.33652632076228706,0.1820497658272373,-0.9270809259472828
2023-24,15,2023-12-03,Bournemouth,Aston Villa,-1.313662000270865,-2.1894702787112514,-2.030492365046635
2023-24,15,2023-12-05,Wolverhampton Wanderers,Burnley,1.0441609335845197,0.9053831035515527,1.7648306377425627
2023-24,15,2023-12-05,Luton,Arsenal,-3.0005262706669864,-2.7411588672833638,-1.7390620543904234
2023-24,15,2023-12-06,Brighton and Hove Albion,Brentford,2.6224878043487703,-0.24669373593774324,0.5126151990155406
2023-24,15,2023-12-06,Crystal Palace,Bournemouth,1.9387325492707053,1.6063458733311249,1.079003427881733
2023-24,15,2023-12-06,Fulham,Nottingham Forest,-0.8311210666177367,-0.14484480631387786,-0.3123487223328155
2023-24,15,2023-12-06,Sheffield United,Liverpool,-4.4520986579401995,-6.38686469442311,-3.1489539808037983
2023-24,15,2023-12-06,Aston Villa,Manchester City,-2.046231239744804,-3.825539529548637,-2.801414172661384
2023-24,15,2023-12-06,Manchester United,Chelsea,1.1978394900955607,1.822790768964743,0.5222894016264107
2023-24,15,2023-12-07,Everton,Newcastle United,-0.6610399297075293,-1.9370996746147027,-1.8704995938571343
2023-24,15,2023-12-07,Tottenham,West Ham United,3.3958780087210467,2.0896107705247378,0.9619437380743221
2023-24,15,2023-12-09,Wolverhampton Wanderers,Nottingham Forest,1.432022504669332,1.157183172287839,0.03736183848176324
2023-24,15,2023-12-09,Aston Villa,Arsenal,0.5697096523471927,-0.7808327682215168,-1.056650519711701
2023-24,15,2023-12-09,Sheffield United,Brentford,0.154963509308784,-3.2969296575644487,-1.4391563481661138
2023-24,15,2023-12-09,Brighton and Hove Albion,Burnley,4.302956000275669,3.6237520141897814,1.0824740983812746
2023-24,15,2023-12-09,Crystal Palace,Liverpool,-3.1117619235788343,-3.7094959168260964,-3.308457514060882
2023-24,15,2023-12-09,Manchester United,Bournemouth,2.5735477712998804,3.416111788124229,2.908147087530827
2023-24,15,2023-12-10,Everton,Chelsea,-0.22989047241940597,0.22238042062999597,-0.705029971169347
2023-24,15,2023-12-10,Fulham,West Ham United,0.16611085987428886,-0.8722605972248445,-0.5740865780019817
2023-24,15,2023-12-10,Luton,Manchester City,-3.103810921287984,-4.282248965898806,-3.569931953150629
2023-24,15,2023-12-10,Tottenham,Newcastle United,0.31151631545930947,-0.43839707276846696,-0.5273547228028633
2023-24,15,2023-12-15,Nottingham Forest,Tottenham,0.7361330283504781,-2.354597310770753,-1.036999876585125
2023-24,15,2023-12-16,Chelsea,Sheffield United,0.9215323404669533,2.099779409445481,2.1684758636765435
2023-24,15,2023-12-16,Manchester City,Crystal Palace,2.5441379640763806,4.807323321285854,2.4583058837301763
2023-24,15,2023-12-16,Newcastle United,Fulham,1.0536811643921347,1.6610068283162809,1.706282802485171
2023-24,15,2023-12-16,Burnley,Everton,-1.5177186183111786,-0.023001538117438436,-0.845217171267629
2023-24,15,2023-12-17,Liverpool,Manchester United,1.8204419693577716,1.6367522121967024,1.090357367309609
2023-24,15,2023-12-17,West Ham United,Wolverhampton Wanderers,0.4513613287424736,0.927042379908877,-0.26389241036059585
2023-24,15,2023-12-17,Arsenal,Brighton and Hove Albion,1.908133719318526,4.494169906584064,-0.1592941947560277
2023-24,15,2023-12-17,Brentford,Aston Villa,-2.547304022621619,-1.2283270148915726,-0.9655014365521766
2023-24,15,2023-12-21,Crystal Palace,Brighton and Hove Albion,-0.4898700162994061,-3.2928034919155005,-1.2440372000262372
2023-24,15,2023-12-22,Aston Villa,Sheffield United,3.6970557909666955,5.1019378102928385,2.138204124539631
2023-24,15,2023-12-23,West Ham United,Manchester United,0.12154023742628084,-1.605275906378015,-1.8604872496103837
2023-24,15,2023-12-23,Fulham,Burnley,0.05756519570239682,2.0998675129351536,0.9167633249920613
2023-24,15,2023-12-23,Luton,Newcastle United,-1.9441213994423094,-2.4572532404404255,-0.8047150713407489
2023-24,15,2023-12-23,Nottingham Forest,Bournemouth,-0.8054668859359975,0.24817083005777274,0.015550482962474632
2023-24,15,2023-12-23,Tottenham,Everton,-0.8040159603478187,1.2697398334549348,0.7510529931681148
2023-24,15,2023-12-23,Liverpool,Arsenal,0.7709509906339314,1.263419423339906,0.5405687780483873
2023-24,15,2023-12-24,Wolverhampton Wanderers,Chelsea,-0.6199555254445279,-0.8365833991948515,0.501537982360567
2023-24,15,2023-12-26,Burnley,Liverpool,-3.2228516519561197,-5.474941812679566,-2.171211039401547
2023-24,15,2023-12-26,Newcastle United,Nottingham Forest,2.757080876351811,2.250490938814435,1.8092655927195735
2023-24,15,2023-12-26,Bournemouth,Fulham,1.1020537403593416,0.22228793616637255,0.291877041688258
2023-24,15,2023-12-26,Sheffield United,Luton,0.3147931294197601,-1.322204229624771,0.056354243484017276
2023-24,15,2023-12-26,Manchester United,Aston Villa,1.0476042968443817,0.33631875210259565,0.006580318689654518
2023-24,15,2023-12-27,Chelsea,Crystal Palace,0.2301831911880825,1.5044897425455872,0.5268214391294421
2023-24,15,2023-12-27,Brentford,Wolverhampton Wanderers,0.7881429871491896,1.2316693697268475,-1.3196997257965648
2023-24,15,2023-12-27,Everton,Manchester City,-1.8382481370979633,-4.340758673539364,-2.0413820093524038
2023-24,15,2023-12-28,Arsenal,West Ham United,1.9566096531105526,3.1100805006252656,0.3757717032880848
2023-24,15,2023-12-28,Brighton and Hove Albion,Tottenham,-0.4944948413496846,-0.7507870908748799,-0.3279895453254113
2023-24,15,2023-12-30,Luton,Chelsea,-2.222080156393984,-0.6378580280659882,-0.0918595438621523
2023-24,15,2023-12-30,Aston Villa,Burnley,4.526392078351588,4.101303046762563,2.0402050769464095
2023-24,15,2023-12-30,Crystal Palace,Brentford,0.18409551310706895,-0.9125569161702618,-0.2664874715171351
2023-24,15,2023-12-30,Manchester City,Sheffield United,5.157182366261308,6.826415254863641,2.5862198242984094
2023-24,15,2023-12-30,Wolverhampton Wanderers,Everton,-0.37885496935380303,0.6807391157570954,-0.3086107722505105
2023-24,15,2023-12-30,Nottingham Forest,Manchester United,-0.1795247270732414,-1.5253408338759638,-2.1755389536151086
2023-24,15,2023-12-31,Fulham,Arsenal,-2.1342888459228266,-3.4585467796471026,-2.3860779063570448
2023-24,15,2023-12-31,Tottenham,Bournemouth,3.4268256100222523,1.9386546199172399,0.6408523813413438
2023-24,15,2024-01-01,Liverpool,Newcastle United,0.4231558721065731,1.448860333994931,1.4381073458595126
2023-24,15,2024-01-02,West Ham United,Brighton and Hove Albion,-0.5977262529820653,0.5590772263803085,0.2709511334892497
2023-24,15,2024-01-12,Burnley,Luton,-1.8824527817368732,-1.301513591602398,-0.594742919216354
2023-24,15,2024-01-13,Newcastle United,Manchester City,-2.15118934843367,-0.7124221871932743,-0.4449379525298326
2023-24,15,2024-01-13,Chelsea,Fulham,-0.2595524006855836,1.5038252554751717,-1.0822835446509245
2023-24,15,2024-01-14,Everton,Aston Villa,-0.947250360707713,-1.047671714297378,-2.1620707378266615
2023-24,15,2024-01-14,Manchester United,Tottenham,1.4679747682183795,-0.54805550635011,0.3924311735899721
2023-24,15,2024-01-20,Arsenal,Crystal Palace,0.11333851017606023,3.354297023880127,2.72219557243629
2023-24,15,2024-01-20,Brentford,Nottingham Forest,0.38402064668978575,1.0004981534865411,0.23430396334506298
2023-24,15,2024-01-21,Sheffield United,West Ham United,-1.3349036462823864,-3.4007331987012757,-2.763850225105506
2023-24,15,2024-01-21,Bournemouth,Liverpool,-2.8869757631869284,-4.629591148435768,-2.3577051648356444
2023-24,15,2024-01-22,Brighton and Hove Albion,Wolverhampton Wanderers,2.950951378926554,1.9150059765780068,0.8784089451317797
2023-24,15,2024-01-30,Aston Villa,Newcastle United,1.3684918531177352,1.540807327782785,0.31926305216173034
2023-24,15,2024-01-30,Nottingham Forest,Arsenal,-1.92284668530713,-2.256434903334007,-2.7069272492617413
2023-24,15,2024-01-30,Fulham,Everton,0.8311521323301534,-1.7517298968870154,-0.8991262419843181
2023-24,15,2024-01-30,Luton,Brighton and Hove Albion,-2.485718313386135,-2.5304582848223527,-0.41763410851983307
2023-24,15,2024-01-30,Crystal Palace,Sheffield United,-0.07626557014314272,0.5790131172877571,0.4638500124465438
2023-24,15,2024-01-31,Tottenham,Brentford,-0.06776064539195659,2.6665739150039283,1.4351119201072406
2023-24,15,2024-01-31,Liverpool,Chelsea,-1.7804685427540488,2.931477285035376,1.4551829226933009
2023-24,15,2024-01-31,Manchester City,Burnley,3.677612850707705,5.531711000072544,2.5863274120358044
2023-24,15,2024-02-01,West Ham United,Bournemouth,0.36650032431764856,0.614599921468491,0.23589101006215288
2023-24,15,2024-02-01,Wolverhampton Wanderers,Manchester United,-1.6255030985979353,-1.8423386892325482,-0.442318746816477
2023-24,15,2024-02-03,Everton,Tottenham,-1.8284379979814247,-0.5591989950434648,-1.0508048561229189
2023-24,15,2024-02-03,Brighton and Hove Albion,Crystal Palace,0.31450183462898273,2.2088816502429536,1.8092619681445825
2023-24,15,2024-02-03,Burnley,Fulham,-0.3366818039556012,-1.3221593519491304,-1.9911247716462228
2023-24,15,2024-02-03,Newcastle United,Luton,-0.5104446549285075,0.9939136756389804,1.196047854786066
2023-24,15,2024-02-03,Sheffield United,Aston Villa,-1.3434094275413706,-4.084229194730777,-1.8566387462762648
2023-24,15,2024-02-04,Bournemouth,Nottingham Forest,0.26965018704832566,0.41925801963701215,0.942789337904476
2023-24,15,2024-02-04,Chelsea,Wolverhampton Wanderers,-0.5155844183405645,2.2330649387876713,-0.27224102381017873
2023-24,15,2024-02-04,Manchester United,West Ham United,2.2378898710904895,1.0387616589555382,0.0476671624847171
2023-24,15,2024-02-04,Arsenal,Liverpool,1.299854526797363,-0.10984893120028794,0.3855791714933304
2023-24,15,2024-02-05,Brentford,Manchester City,-1.20448103170615,-2.8573040864586705,-1.7570402080769014
2023-24,15,2024-02-10,Nottingham Forest,Newcastle United,-2.5024996764415057,-0.18148660953746099,-0.7781673335408328
2023-24,15,2024-02-10,Wolverhampton Wanderers,Brentford,0.13609105633469198,1.7558737455458768,0.8326442047112067
2023-24,15,2024-02-10,Tottenham,Brighton and Hove Albion,-0.3247384763044412,1.6885254005032984,0.24697414711939417
2023-24,15,2024-02-10,Fulham,Bournemouth,1.8870555367781296,0.636693772392797,0.05083170001299777
2023-24,15,2024-02-10,Liverpool,Burnley,3.529819141251293,5.779872691547497,2.866319508613958
2023-24,15,2024-02-10,Manchester City,Everton,3.3745568827778225,3.6273605621622504,1.368274689542993
2023-24,15,2024-02-10,Luton,Sheffield United,1.742308275310581,0.7312304680908372,1.777049013582929
2023-24,15,2024-02-11,West Ham United,Arsenal,-3.450869935059842,-2.575127900074934,-0.5166559283242378
2023-24,15,2024-02-11,Aston Villa,Manchester United,-0.42610428697891045,0.7050345325889023,1.142391775799942
2023-24,15,2024-02-12,Crystal Palace,Chelsea,-0.7524941725395919,-1.4747268140146295,-0.05929549522687978
2023-24,15,2024-02-17,Nottingham Forest,West Ham United,0.2172173608321657,-0.6871860804008216,-0.35470685748282305
2023-24,15,2024-02-17,Newcastle United,Bournemouth,1.5648866782228605,0.9952026366814763,1.669259764966253
2023-24,15,2024-02-17,Tottenham,Wolverhampton Wanderers,0.14263286607902081,3.763866584777203,1.1147415465312136
2023-24,15,2024-02-17,Burnley,Arsenal,-0.9302473125499464,-4.912657675423842,-3.5032716406882827
2023-24,15,2024-02-17,Brentford,Liverpool,-2.3081858830081536,-3.4353114527076833,-2.590686950918628
2023-24,15,2024-02-17,Fulham,Aston Villa,-2.1154614417147943,-3.113913720764688,-1.3706900783020912
2023-24,15,2024-02-17,Manchester City,Chelsea,0.9051916775154734,4.920716446252957,3.502539333043046
2023-24,15,2024-02-18,Luton,Manchester United,-2.068777846116097,-3.612796006505606,-2.029932806504887
2023-24,15,2024-02-18,Sheffield United,Brighton and Hove Albion,-2.0967816301215407,-2.8225490203224775,-1.303092065897107
2023-24,15,2024-02-19,Everton,Crystal Palace,-0.6651354018730071,0.4433240206289737,1.1519407489668736
2023-24,15,2024-02-20,Manchester City,Brentford,-0.32473252323090307,5.795202538962778,3.2698668203389105
2023-24,15,2024-02-21,Liverpool,Luton,3.008428690681267,4.987969191536378,1.1466517997275887
2023-24,15,2024-02-24,Aston Villa,Nottingham Forest,2.3774648946495436,2.0579428755220235,1.0888184724722705
2023-24,15,2024-02-24,Brighton and Hove Albion,Everton,1.1791078004601054,1.7851501988914364,-0.19804721254607643
2023-24,15,2024-02-24,Crystal Palace,Burnley,1.267456906291736,1.4653002896422702,-0.8467280757099573
2023-24,15,2024-02-24,Manchester United,Fulham,1.7461182723137156,3.4207552496102345,1.9979498559196045
2023-24,15,2024-02-24,Bournemouth,Manchester City,-1.1564890652940587,-5.726210330970953,-1.6802108384277745
2023-24,15,2024-02-24,Arsenal,Newcastle United,-0.38915160871814614,0.5674330842755708,-0.10630283894557949
2023-24,15,2024-02-25,Wolverhampton Wanderers,Sheffield United,0.43823141684126554,3.4503747079547864,0.4068650595388107
2023-24,15,2024-02-26,West Ham United,Brentford,1.3665421914887457,0.0007434920812077195,0.5233043734838532
2023-24,15,2024-03-02,Luton,Aston Villa,-1.7989827189523098,-3.7018217758511893,-1.8487013787240614
2023-24,15,2024-03-02,Tottenham,Crystal Palace,0.20432093099688942,1.7711375402761016,1.410114206346836
2023-24,15,2024-03-02,Nottingham Forest,Liverpool,-3.322035461113387,-4.17223849384173,-2.836065127943636
2023-24,15,2024-03-02,Fulham,Brighton and Hove Albion,-0.562538099855427,-0.6794710755046847,-0.26958298426456795
2023-24,15,2024-03-02,Everton,West Ham United,-0.40522938346315485,-0.5006527726468146,-0.23524873561707552
2023-24,15,2024-03-02,Brentford,Chelsea,-0.3455167329244464,-0.3839789582254962,-0.256077408027663
2023-24,15,2024-03-02,Newcastle United,Wolverhampton Wanderers,1.4000427128685047,1.2999350421549938,0.548739649471915
2023-24,15,2024-03-03,Burnley,Bournemouth,-2.43647253365679,-3.165955107217127,-0.3011422768047666
2023-24,15,2024-03-03,Manchester City,Manchester United,1.5540452412653227,2.9928119342832584,0.10794066905411057
2023-24,15,2024-03-04,Sheffield United,Arsenal,-3.9228915024933944,-5.181969054714565,-2.766934572632563
2023-24,15,2024-03-09,Manchester United,Everton,0.7441708218007275,3.28282472214529,0.8915931849610672
2023-24,15,2024-03-09,Bournemouth,Sheffield United,1.3262137907871434,1.2331313217686608,0.5804435494700272
2023-24,15,2024-03-09,Crystal Palace,Luton,3.026436778178139,0.4533713335549807,0.6740664811861962
2023-24,15,2024-03-09,Wolverhampton Wanderers,Fulham,-0.7740992699949629,1.1527861467365872,1.4343641336712394
2023-24,15,2024-03-09,Arsenal,Brentford,1.2340813746723711,2.2410008932952783,1.1977420418218614
2023-24,15,2024-03-10,Liverpool,Manchester City,0.7394828785941119,-0.9604566410575117,-0.17610093232952267
2023-24,15,2024-03-10,West Ham United,Burnley,-1.1227190100220046,2.460592242076877,1.1792952926185876
2023-24,15,2024-03-10,Brighton and Hove Albion,Nottingham Forest,0.11663121633044504,2.2979346694952945,-0.110493486322126
2023-24,15,2024-03-10,Aston Villa,Tottenham,0.8946587110572821,0.3994282892908654,0.4706927246645634
2023-24,15,2024-03-11,Chelsea,Newcastle United,-1.0520512327108413,-1.2090225569269215,-1.5160412469183697
2023-24,15,2024-03-13,Bournemouth,Luton,0.18246176478933407,1.6766712899464586,-0.47851106215481565
2023-24,15,2024-03-16,Burnley,Brentford,-0.43140386145133647,-2.27424593259852,-0.053695196101958234
2023-24,15,2024-03-16,Luton,Nottingham Forest,-0.9039497128605678,-0.06253579478410298,0.15593202757197985
2023-24,15,2024-03-16,Fulham,Tottenham,-0.8262373924421009,-1.3762264743490347,-2.3781510800676857
2023-24,15,2024-03-17,West Ham United,Aston Villa,-1.5790286203152117,-0.14618073157856948,-0.6828534323311672
2023-24,15,2024-03-30,Brentford,Manchester United,0.5437010739157628,-2.069724639810528,-0.5605175647427757
2023-24,15,2024-03-30,Tottenham,Luton,2.565891189500391,3.9278417929646796,2.5638804713236767
2023-24,15,2024-03-30,Sheffield United,Fulham,-1.3054111094224172,-1.7712247763148055,-1.4920390884035413
2023-24,15,2024-03-30,Aston Villa,Wolverhampton Wanderers,0.4187349691399138,0.7801587386381286,0.7014662322126071
2023-24,15,2024-03-30,Chelsea,Burnley,0.3145612708103531,3.405653335883563,1.289753035758605
2023-24,15,2024-03-30,Bournemouth,Everton,-1.6949298874702219,0.9903534678676706,0.30239600394568955
2023-24,15,2024-03-30,Newcastle United,West Ham United,0.20087580216052991,0.09069598495974951,-0.7936151188998238
2023-24,15,2024-03-30,Nottingham Forest,Crystal Palace,-0.45194578750144565,-0.4472152454032434,-0.3473043256439453
2023-24,15,2024-03-31,Liverpool,Brighton and Hove Albion,2.246343530428863,3.3230460191335043,0.9707871285883186
2023-24,15,2024-03-31,Manchester City,Arsenal,-0.1143694374888149,0.004644604913625727,1.2957702483151068
2023-24,15,2024-04-02,Newcastle United,Everton,0.5721694124175709,1.3794400054320972,-0.24258339916440833
2023-24,15,2024-04-02,Nottingham Forest,Fulham,0.8476278747807573,-2.2248365822837446,-2.546482104984565
2023-24,15,2024-04-02,Bournemouth,Crystal Palace,0.07895603848325372,1.264740768280154,-0.15787863325940918
2023-24,15,2024-04-02,Burnley,Wolverhampton Wanderers,0.5193425218533889,-0.37272480828820775,-0.5803996954046937
2023-24,15,2024-04-02,West Ham United,Tottenham,1.0697707935200622,-1.603419039591338,-0.8261186048171595
2023-24,15,2024-04-03,Arsenal,Luton,1.4063729872530129,3.8775278986340433,3.415261617230814
2023-24,15,2024-04-03,Brentford,Brighton and Hove Albion,-0.7353783558815064,-1.481416398253283,-1.1180365524342464
2023-24,15,2024-04-03,Manchester City,Aston Villa,2.989915774307116,3.8399386006806377,0.8228542428601926
2023-24,15,2024-04-04,Liverpool,Sheffield United,4.465089202636914,5.55048091770708,4.284749865151932
2023-24,15,2024-04-04,Chelsea,Manchester United,-0.5831086626165707,-0.5449640388251735,-1.3074280945462362
2023-24,15,2024-04-06,Wolverhampton Wanderers,West Ham United,-1.7107194741174787,0.23357543033089723,-0.3851181385723663
2023-24,15,2024-04-06,Brighton and Hove Albion,Arsenal,-2.7103760621326156,-2.045476135677486,-1.3400256550860221
2023-24,15,2024-04-06,Luton,Bournemouth,0.26553089080201886,0.29987315138352333,-0.11703171286061576
2023-24,15,2024-04-06,Aston Villa,Brentford,1.6222436181176434,1.8242524856774764,0.49937510621727343
2023-24,15,2024-04-06,Everton,Burnley,-0.0008125129207225967,0.9005473668045187,1.3048948566613816
2023-24,15,2024-04-06,Fulham,Newcastle United,-0.6117288217794865,-1.5409220741561516,0.029892145131610447
2023-24,15,2024-04-06,Crystal Palace,Manchester City,-3.1327805528323793,-4.802340581962648,-2.5819811337719885
2023-24,15,2024-04-07,Manchester United,Liverpool,-2.702204489142918,-1.534083244997106,-0.6310628097988271
2023-24,15,2024-04-07,Sheffield United,Chelsea,-0.8894775061367994,-2.6378065497027796,-1.7322445076435913
2023-24,15,2024-04-07,Tottenham,Nottingham Forest,0.7100054020455353,2.6735899054712284,1.793508647633996
2023-24,15,2024-04-13,Newcastle United,Tottenham,1.2406946731525217,0.05580901894427548,0.04078872061949142
2023-24,15,2024-04-13,Brentford,Sheffield United,1.0879948765836112,1.769385417119314,0.7828076946358266
2023-24,15,2024-04-13,Burnley,Brighton and Hove Albion,1.5551885171343915,-2.935450143610984,-1.930760144582149
2023-24,15,2024-04-13,Manchester City,Luton,3.485867537107966,6.232634091893892,3.783164316995962
2023-24,15,2024-04-13,Nottingham Forest,Wolverhampton Wanderers,-2.043170597625746,-1.139924901641435,0.2014914921279484
2023-24,15,2024-04-13,Bournemouth,Manchester United,-0.47329513562711867,-2.5458704378437647,-1.0922909765890325
2023-24,15,2024-04-14,Arsenal,Aston Villa,0.11470967301309365,1.8150801173523377,-0.008128039535752408
2023-24,15,2024-04-14,Liverpool,Crystal Palace,3.660619747868619,4.198981999012785,2.758979492299608
2023-24,15,2024-04-14,West Ham United,Fulham,1.0527263370385427,1.6891653530481765,1.7110230691032826
2023-24,15,2024-04-15,Chelsea,Everton,0.5757702150044803,1.2874977658318638,0.9403537070957085
2023-24,15,2024-04-20,Luton,Brentford,0.02722770129327401,-0.755954101846747,-0.23920512401488453
2023-24,15,2024-04-20,Sheffield United,Burnley,1.1742798798697613,-0.2832388319331889,0.2923169885311026
2023-24,15,2024-04-20,Wolverhampton Wanderers,Arsenal,0.2749502280972962,-3.149519237609023,-1.3548226956943168
2023-24,15,2024-04-21,Everton,Nottingham Forest,0.9464763022021891,0.8044723069617854,-0.518977249275629
2023-24,15,2024-04-21,Aston Villa,Bournemouth,2.232527855892993,3.5257410999843692,1.3700579293954447
2023-24,15,2024-04-21,Crystal Palace,West Ham United,-1.3025436177821348,-0.24230516943524627,-0.1810671098994831
2023-24,15,2024-04-21,Fulham,Liverpool,-3.1511432838361504,-3.677167972680052,-2.685761106839742
2023-24,15,2024-04-23,Arsenal,Chelsea,1.8741774258748656,1.7337191407914716,1.9383594160659896
2023-24,15,2024-04-24,Manchester United,Sheffield United,3.083041451565018,4.470744386411857,2.5788834505019564
2023-24,15,2024-04-24,Everton,Liverpool,-3.14382103073269,-2.8976838612905684,-2.269856220703713
2023-24,15,2024-04-24,Wolverhampton Wanderers,Bournemouth,0.3343792689611451,0.3619364457364398,0.5492502648718613
2023-24,15,2024-04-24,Crystal Palace,Newcastle United,-1.4073058871820106,-1.6401727883117019,0.35839180255841824
2023-24,15,2024-04-25,Brighton and Hove Albion,Manchester City,-3.06548983309221,-3.89998552203868,-1.8454004257457755
2023-24,15,2024-04-27,West Ham United,Liverpool,-3.206950830813634,-2.163523649053138,-1.8389283342024796
2023-24,15,2024-04-27,Fulham,Crystal Palace,-1.2288016787715357,1.0727147103770722,-0.8271870090504592
2023-24,15,2024-04-27,Manchester United,Burnley,0.710390057045851,4.724510030951561,2.134585240327516
2023-24,15,2024-04-27,Newcastle United,Sheffield United,1.3591864419572133,2.1203917971226884,1.9432639483844099
2023-24,15,2024-04-27,Wolverhampton Wanderers,Luton,2.016742843658678,0.9309128409221685,0.9503797310641303
2023-24,15,2024-04-27,Everton,Brentford,0.2105206287230672,1.064958645154361,-0.23176777884282415
2023-24,15,2024-04-27,Aston Villa,Chelsea,1.3841319167803068,1.0694027303554012,1.9082702037898926
2023-24,15,2024-04-28,Tottenham,Arsenal,-0.31905988918400574,-1.6616568041236235,-0.19237313673357762
2023-24,15,2024-04-28,Bournemouth,Brighton and Hove Albion,-0.2523436855372534,-0.2583702122694067,-1.2135143662153098
2023-24,15,2024-04-28,Nottingham Forest,Manchester City,-3.611232096985457,-6.428222057834314,-3.202479920443312
2023-24,15,2024-05-02,Chelsea,Tottenham,-0.02381601363983954,-0.3843048308917627,-0.04819317785329389
2023-24,15,2024-05-03,Luton,Everton,-0.520608696607745,-1.2686257615807053,-1.0250912844451379
2023-24,15,2024-05-04,Arsenal,Bournemouth,2.8445967044582616,4.860695463795426,2.0099054493233566
2023-24,15,2024-05-04,Brentford,Fulham,-0.5474292399699383,0.37786660501508607,-0.2033502145471587
2023-24,15,2024-05-04,Burnley,Newcastle United,-2.5296962258908646,-1.502188243915663,-0.9820886720592924
2023-24,15,2024-05-04,Sheffield United,Nottingham Forest,-0.9764696333928811,-2.333401934917193,-0.9178233027608627
2023-24,15,2024-05-04,Manchester City,Wolverhampton Wanderers,3.845254622055643,4.844428431677064,2.5246100189474503
2023-24,15,2024-05-05,Brighton and Hove Albion,Aston Villa,-2.6340845343223425,-2.1543591719396664,-1.027454489909725
2023-24,15,2024-05-05,Chelsea,West Ham United,0.26372010627309805,1.0465545692198486,0.49105964216022074
2023-24,15,2024-05-05,Liverpool,Tottenham,1.760692274116268,1.233789453716371,0.7398711133001029
2023-24,15,2024-05-06,Crystal Palace,Manchester United,-0.7693856229291658,-2.1919003917975015,-1.5852985536553703
2023-24,15,2024-05-11,West Ham United,Luton,1.158153927091874,0.5733008140057798,-0.18995361262148408
2023-24,15,2024-05-11,Wolverhampton Wanderers,Crystal Palace,0.7464748272180302,-0.1304862091872705,0.9641622689574121
2023-24,15,2024-05-11,Tottenham,Burnley,1.3299877429165985,3.1819116192564216,1.1389110665426458
2023-24,15,2024-05-11,Nottingham Forest,Chelsea,-0.7691301413322673,-3.1187648215990773,-1.2778056650297487
2023-24,15,2024-05-11,Everton,Sheffield United,1.6173929818655548,3.2249068376278114,1.5415710761280224
2023-24,15,2024-05-11,Bournemouth,Brentford,0.06563233687867154,0.2695959918288713,0.2933484582063414
2023-24,15,2024-05-11,Fulham,Manchester City,-1.439841451803689,-3.800921152610803,-2.0984702398759425
2023-24,15,2024-05-11,Newcastle United,Brighton and Hove Albion,1.4808034710559301,1.074483485833925,1.0712749649797928
2023-24,15,2024-05-12,Manchester United,Arsenal,-1.2267341225364916,-2.2338712777964194,-0.6095916861500783
2023-24,15,2024-05-13,Aston Villa,Liverpool,-0.570181417649188,-2.124680651117684,-0.04411735036435545
2023-24,15,2024-05-14,Tottenham,Manchester City,-2.9305234891272676,-2.178117591979211,-1.6663865076026638
2023-24,15,2024-05-15,Brighton and Hove Albion,Chelsea,-0.4212147219503759,-2.2801386421071896,-0.8776415367308872
2023-24,15,2024-05-15,Manchester United,Newcastle United,-0.6950049055702756,-1.2789124535331453,0.4064654845897991
2023-24,15,2024-05-19,Sheffield United,Tottenham,-3.0627463111206996,-3.9417277444043073,-3.1941319567253466
2023-24,15,2024-05-19,Manchester City,West Ham United,3.099000051743385,3.0838327111420707,2.929881443577017
2023-24,15,2024-05-19,Luton,Fulham,-0.6896450661268023,-0.7318071606031777,-0.4813363459973317
2023-24,15,2024-05-19,Crystal Palace,Aston Villa,2.101586846597897,-1.0646874764044103,-0.7707499877852655
2023-24,15,2024-05-19,Liverpool,Wolverhampton Wanderers,3.269257317320031,3.6762472800114825,2.2339929126506077
2023-24,15,2024-05-19,Burnley,Nottingham Forest,-0.029459941346630103,0.03605469129850469,-0.547023895750597
2023-24,15,2024-05-19,Brighton and Hove Albion,Manchester United,0.22522815891635162,-1.8536865432928824,-2.144558393140515
2023-24,15,2024-05-19,Brentford,Newcastle United,-0.619608292043873,-1.9799558028311006,-0.0890205235309736
2023-24,15,2024-05-19,Arsenal,Everton,1.9722793676251342,4.583241827404342,2.6250481357880444
2023-24,15,2024-05-19,Chelsea,Bournemouth,0.47851026767325067,0.8975131189626477,0.997421058855896
2024-25,15,2024-08-16,Manchester United,Fulham,1.2886813567477589,3.519255315454174,1.5039462200192233
2024-25,15,2024-08-17,West Ham United,Aston Villa,-1.6930925013987341,0.12546672503136502,0.3872154936641536
2024-25,15,2024-08-17,Nottingham Forest,Bournemouth,-0.34587690610067234,-0.5357046883239507,-0.877725627435727
2024-25,15,2024-08-17,Newcastle United,Southampton,1.012074701677511,4.023371994384609,1.4516051641171415
2024-25,15,2024-08-17,Everton,Brighton and Hove Albion,0.05413007858992991,0.9500291962765077,-0.5710076471641301
2024-25,15,2024-08-17,Ipswich Town,Liverpool,-1.2559702780183688,-3.5304326515022852,-1.1777300583683243
2024-25,15,2024-08-17,Arsenal,Wolverhampton Wanderers,4.412774114898577,2.2892988399635463,1.980631358724834
2024-25,15,2024-08-18,Brentford,Crystal Palace,1.380250698842433,-0.4481550634954763,-0.7425326771992047
2024-25,15,2024-08-18,Chelsea,Manchester City,-1.4988036749101745,-3.0937385446628802,-2.0903147477109867
2024-25,15,2024-08-19,Leicester City,Tottenham,-3.8012599525399615,-1.3670202883276295,-2.5200882775426807
2024-25,15,2024-08-24,Aston Villa,Arsenal,-0.38751431093550615,-1.7058826097472686,-1.4903805332239444
2024-25,15,2024-08-24,Tottenham,Everton,1.9098815378829972,0.5289957068275006,1.1689932489918093
2024-25,15,2024-08-24,Southampton,Nottingham Forest,-1.988987282676833,-2.9588687898980073,-0.9252032074870016
2024-25,15,2024-08-24,Crystal Palace,West Ham United,-0.12272363147279286,1.32211452827541,0.6230950714912666
2024-25,15,2024-08-24,Fulham,Leicester City,-0.8334066819610673,0.06666487433843393,1.3937317173374795
2024-25,15,2024-08-24,Brighton and Hove Albion,Manchester United,-1.6562903807782092,-1.8684121540885892,-0.04936250632867143
2024-25,15,2024-08-24,Manchester City,Ipswich Town,1.0825002676931117,5.174001815668675,4.719823015554889
2024-25,15,2024-08-25,Bournemouth,Newcastle United,-1.631090343679551,-1.2862524491789253,-0.8054148484128746
2024-25,15,2024-08-25,Wolverhampton Wanderers,Chelsea,-2.5588489894105546,-0.9156829122163401,-1.5032652923393983
2024-25,15,2024-08-25,Liverpool,Brentford,2.938534774396391,3.0576499335999543,1.6511210818728528
2024-25,15,2024-08-31,Arsenal,Brighton and Hove Albion,1.2162138750025324,3.715995273226694,1.6167170767836212
2024-25,15,2024-08-31,Brentford,Southampton,2.430000803400775,2.559698985693619,1.506378911840308
2024-25,15,2024-08-31,Everton,Bournemouth,0.6013869683215809,0.6098370359288809,0.13291049076199926
2024-25,15,2024-08-31,Ipswich Town,Fulham,0.04173195007634689,0.5018091279782215,-0.04523485523176731
2024-25,15,2024-08-31,Leicester City,Aston Villa,-1.7493237094494134,-1.5615861798089306,-2.098372545262785
2024-25,15,2024-08-31,Nottingham Forest,Wolverhampton Wanderers,-1.6786570728017498,-0.8419316516081405,-0.04688261145921757
2024-25,15,2024-08-31,West Ham United,Manchester City,-1.3196183578425504,-5.143158739157429,-1.7560277047873227
2024-25,15,2024-09-01,Manchester United,Liverpool,-2.6897195525670945,-1.7707329133298213,-0.8502288426443101
2024-25,15,2024-09-01,Newcastle United,Tottenham,-0.718606578979962,0.7396513302294396,-0.12447132763875715
2024-25,15,2024-09-01,Chelsea,Crystal Palace,2.301090478755375,0.785823563300978,1.5841328296390387
2024-25,15,2024-09-14,Southampton,Manchester United,-2.202986502450459,-3.062998634666025,-2.00118747102551
2024-25,15,2024-09-14,Brighton and Hove Albion,Ipswich Town,1.9571974268799206,-0.4854571767706908,-0.027423561225532467
2024-25,15,2024-09-14,Crystal Palace,Leicester City,1.3345238516205988,1.536355166397687,1.5638078539540685
2024-25,15,2024-09-14,Fulham,West Ham United,1.3346197431240991,1.4061650862051778,-0.045315291908040935
2024-25,15,2024-09-14,Liverpool,Nottingham Forest,3.7604056710395515,4.047262843517116,1.9218338653103557
2024-25,15,2024-09-14,Manchester City,Brentford,0.21510158671979163,3.929981051618107,2.7877157658807064
2024-25,15,2024-09-14,Aston Villa,Everton,1.2214895991302654,1.5724351921613255,0.6100953925097812
2024-25,15,2024-09-14,Bournemouth,Chelsea,0.4963001735716812,-1.7161088804852795,-1.0519986369997185
2024-25,15,2024-09-15,Tottenham,Arsenal,-2.0309309499328805,-3.053513753036148,-2.088976473078894
2024-25,15,2024-09-15,Wolverhampton Wanderers,Newcastle United,-0.5128550690542362,-1.5126232372079205,-1.4655812874271106
2024-25,15,2024-09-21,Tottenham,Brentford,0.6045561975605107,0.9065257822138202,-0.15606525644873984
2024-25,15,2024-09-21,Crystal Palace,Manchester United,-1.328650100832327,0.24707590437823512,-0.30950219581905997
2024-25,15,2024-09-21,Southampton,Ipswich Town,-0.9577300591393101,-4.1835248563445235,-1.901806663502849
2024-25,15,2024-09-21,Liverpool,Bournemouth,1.6792651624809594,3.981646572608815,2.0668590498137207
2024-25,15,2024-09-21,Leicester City,Everton,0.25757892037919916,-1.6261105260686053,-2.2686003916396116
2024-25,15,2024-09-21,Fulham,Newcastle United,-2.751008483117241,-1.2482228703057316,-0.4269993957321162
2024-25,15,2024-09-21,Aston Villa,Wolverhampton Wanderers,-0.16625122295092254,2.770062794340988,1.0875738797776535
2024-25,15,2024-09-21,West Ham United,Chelsea,-0.8602434394369407,-2.2450678562098174,-0.9506652961595095
2024-25,15,2024-09-22,Brighton and Hove Albion,Nottingham Forest,0.33114257181212103,0.4176417024851684,0.7942411724678748
2024-25,15,2024-09-22,Manchester City,Arsenal,-1.0250206796501793,0.6111840212149708,-0.5096408683073378
2024-25,15,2024-09-28,Newcastle United,Manchester City,-2.850351276795772,-3.428473755601633,-2.682242281702945
2024-25,15,2024-09-28,Arsenal,Leicester City,2.900482828911123,5.819991620836314,2.802232218754375
2024-25,15,2024-09-28,Brentford,West Ham United,-1.8243215785832163,1.2416558538842368,0.05467664896081601
2024-25,15,2024-09-28,Chelsea,Brighton and Hove Albion,0.09252973672681541,2.517222395230255,0.7659753360332175
2024-25,15,2024-09-28,Everton,Crystal Palace,-1.1159334348478254,-1.6626241356657125,-0.20930956867470485
2024-25,15,2024-09-28,Nottingham Forest,Fulham,1.5982995663751058,-0.7057186680514134,0.45605599044616696
2024-25,15,2024-09-28,Wolverhampton Wanderers,Liverpool,-3.3356519597071586,-4.729475736627095,-2.497592473393547
2024-25,15,2024-09-29,Manchester United,Tottenham,2.245967563442095,-0.37027219579398896,-0.6764991236349175
2024-25,15,2024-09-29,Ipswich Town,Aston Villa,0.251380472774386,-2.256040898623798,-1.8140091869286152
2024-25,15,2024-09-30,Bournemouth,Southampton,0.026302513401228467,1.3914665355933336,0.6316752971168839
2024-25,15,2024-10-05,Crystal Palace,Liverpool,-1.438693342336359,-1.6913996600004726,-1.774200546026475
2024-25,15,2024-10-05,Arsenal,Southampton,4.199862392534181,6.9492991903067285,3.1029397950657227
2024-25,15,2024-10-05,Brentford,Wolverhampton Wanderers,0.3983787457246688,1.2108421953788495,0.7125953465472066
2024-25,15,2024-10-05,Leicester City,Bournemouth,-0.7034152049352844,-1.3778067067737734,0.6194131674124292
2024-25,15,2024-10-05,Manchester City,Fulham,2.062670533149177,3.6761243883476773,2.2345338162688195
2024-25,15,2024-10-05,West Ham United,Ipswich Town,1.338568042008605,0.5938408726963766,0.5447106357114464
2024-25,15,2024-10-05,Everton,Newcastle United,-3.6166390011803635,-0.8176221562967525,-0.7492300069195637
2024-25,15,2024-10-06,Aston Villa,Manchester United,-0.4671907312722414,1.24928361085796,0.0751573562951819
2024-25,15,2024-10-06,Chelsea,Nottingham Forest,1.6804587500560224,2.903245636376324,0.706212085662753
2024-25,15,2024-10-06,Brighton and Hove Albion,Tottenham,-2.320435247936084,-1.8123262691398079,-0.30948588712102065
2024-25,15,2024-10-19,Southampton,Leicester City,-0.9390622632038568,-2.0647758227629147,-1.7576125926958739
2024-25,15,2024-10-19,Bournemouth,Arsenal,-1.4690762260357673,-4.732153534495355,-2.495024368771651
2024-25,15,2024-10-19,Newcastle United,Brighton and Hove Albion,-0.15055341724187699,1.6927006176355501,-0.6144337040853799
2024-25,15,2024-10-19,Manchester United,Brentford,-0.06995107561771796,-0.5896108300690459,2.719343647062783
2024-25,15,2024-10-19,Ipswich Town,Everton,-1.4803946134083663,1.0118078019527932,-0.8183401096613977
2024-25,15,2024-10-19,Fulham,Aston Villa,-2.056715628694313,-0.8752021929765466,-1.064576726961866
2024-25,15,2024-10-19,Tottenham,West Ham United,0.24941603665602052,2.8055021425142703,1.6211759435976432
2024-25,15,2024-10-20,Wolverhampton Wanderers,Manchester City,-3.4597658216610085,-5.382506816889926,-4.880883639624026
2024-25,15,2024-10-20,Liverpool,Chelsea,-0.8720026262822405,3.046645974536368,1.5153258985343285
2024-25,15,2024-10-21,Nottingham Forest,Crystal Palace,-1.2839179484512258,-0.8728753122880422,-0.13696892224733972
2024-25,15,2024-10-25,Leicester City,Nottingham Forest,-1.2952017320394287,-0.6460226268604341,-0.1733417781985409
2024-25,15,2024-10-26,Aston Villa,Bournemouth,0.6907465131674222,1.3044794245058497,2.4525948014303296
2024-25,15,2024-10-26,Brentford,Ipswich Town,1.6721669256387024,-0.6835565415301232,-0.25029135186868956
2024-25,15,2024-10-26,Brighton and Hove Albion,Wolverhampton Wanderers,0.6886125656070288,-0.05294496319127351,0.8011386831840113
2024-25,15,2024-10-26,Manchester City,Southampton,3.5956531445342925,7.472767398653032,4.166571967993565
2024-25,15,2024-10-26,Everton,Fulham,-0.5680660488089639,0.5755806414208093,1.4867290273458678
2024-25,15,2024-10-27,Arsenal,Liverpool,-1.751384171421348,0.3665106191332157,0.17408143152330097
2024-25,15,2024-10-27,West Ham United,Manchester United,-0.040294946002966014,-1.5396772674168844,-0.0813472173845696
2024-25,15,2024-10-27,Chelsea,Newcastle United,1.105909650248524,1.10104920110233,0.24475810480444266
2024-25,15,2024-10-27,Crystal Palace,Tottenham,-2.8811496397990766,-1.8278011588892298,0.06653367108970798
2024-25,15,2024-11-02,Newcastle United,Arsenal,-0.9677984225066805,-1.5972644939822374,-1.3536976152208098
2024-25,15,2024-11-02,Bournemouth,Manchester City,-2.0937995331965897,-4.566669049656538,-2.6222363500770287
2024-25,15,2024-11-02,Ipswich Town,Leicester City,0.493270355773058,-0.3146623541744953,-0.42057556629463305
2024-25,15,2024-11-02,Liverpool,Brighton and Hove Albion,2.0352350130202232,3.183683251890841,1.6036652341979518
2024-25,15,2024-11-02,Nottingham Forest,West Ham United,1.378550583530627,-0.9056195966746996,-0.49272215678371933
2024-25,15,2024-11-02,Southampton,Everton,1.1488248800448577,-2.2250525604486633,-1.6802972106086913
2024-25,15,2024-11-02,Wolverhampton Wanderers,Crystal Palace,-2.362609816161335,-0.9100821084803643,1.1044792992130765
2024-25,15,2024-11-03,Tottenham,Aston Villa,-3.7927944604973085,-0.5852446160654186,-0.4808913363904779
2024-25,15,2024-11-03,Manchester United,Chelsea,-2.7355964336389498,-0.5345399858270863,0.1729991920615376
2024-25,15,2024-11-04,Fulham,Brentford,-0.4851903690149175,-0.7032701081966426,0.3919819163990212
2024-25,15,2024-11-09,Brighton and Hove Albion,Manchester City,-0.9113570066203245,-3.133517674267816,-2.0056720178493834
2024-25,15,2024-11-09,Liverpool,Aston Villa,-0.35350601570410056,2.1785844300115045,0.22025544586062154
2024-25,15,2024-11-09,West Ham United,Everton,-1.3425965549447234,1.382144282374913,-0.33079276811356806
2024-25,15,2024-11-09,Crystal Palace,Fulham,-0.06026492018117402,-1.001675305862566,0.5013068981693692
2024-25,15,2024-11-09,Wolverhampton Wanderers,Southampton,2.154248985554865,2.1978506890039915,0.24002643482920832
2024-25,15,2024-11-09,Brentford,Bournemouth,-0.2231929983686083,-0.1052976259665046,-1.4055626595475474
2024-25,15,2024-11-10,Manchester United,Leicester City,2.357944473386114,2.1737457843878394,1.956913630690164
2024-25,15,2024-11-10,Nottingham Forest,Newcastle United,-1.3682578675182704,-1.9759267297297924,-1.6394671556483957
2024-25,15,2024-11-10,Tottenham,Ipswich Town,0.8805459375342117,3.3250553270606256,1.0350079106127423
2024-25,15,2024-11-10,Chelsea,Arsenal,-1.9895454834095254,-2.6681841754987285,-1.1861868510567617
2024-25,15,2024-11-23,Fulham,Wolverhampton Wanderers,-1.4719397811300077,0.9472736229968985,-0.1854199574194652
2024-25,15,2024-11-23,Everton,Brentford,-0.7850488409770389,0.1579570709415119,0.21718757306398687
2024-25,15,2024-11-23,Bournemouth,Brighton and Hove Albion,-0.6009249742939726,0.5975614485722982,-0.8888028032105268
2024-25,15,2024-11-23,Manchester City,Tottenham,0.5828580341456835,3.225654745257758,2.698372398105467
2024-25,15,2024-11-23,Arsenal,Nottingham Forest,2.041532119561257,4.6841012436534735,1.553231137866696
2024-25,15,2024-11-23,Leicester City,Chelsea,-1.2810727157661361,-2.933253061545951,-1.6877402776019665
2024-25,15,2024-11-23,Aston Villa,Crystal Palace,-0.8229115744208819,1.8633025458716705,0.3066487781136914
2024-25,15,2024-11-24,Southampton,Liverpool,-2.904460374008199,-6.362289688629742,-4.119286518295271
2024-25,15,2024-11-24,Ipswich Town,Manchester United,-1.7902400492902384,-0.945796265789717,-1.0296854151357722
2024-25,15,2024-11-25,Newcastle United,West Ham United,2.667343952278971,2.161831885756798,0.5213803005550218
2024-25,15,2024-11-29,Brighton and Hove Albion,Southampton,0.12111078567064837,4.13414046931679,2.6549197412179195
2024-25,15,2024-11-30,Brentford,Leicester City,0.23467887563800538,1.0352424876441342,-0.5630473805680538
2024-25,15,2024-11-30,Crystal Palace,Newcastle United,-0.9728177853099353,-0.986735135961414,-1.1428357285166044
2024-25,15,2024-11-30,Nottingham Forest,Ipswich Town,2.36641693217058,-0.515600016522173,-0.34592909869125066
2024-25,15,2024-11-30,Wolverhampton Wanderers,Bournemouth,-1.1526064663914095,-0.9736763491854497,0.1648371094094429
2024-25,15,2024-11-30,West Ham United,Arsenal,-2.490323691892156,-2.0366325773212726,-2.4461711018048775
2024-25,15,2024-12-01,Tottenham,Fulham,0.5408256165903431,0.3129033532359804,1.168954597288942
2024-25,15,2024-12-01,Chelsea,Aston Villa,0.26657684508589874,1.5205331873908667,0.7190826299207245
2024-25,15,2024-12-01,Manchester United,Everton,0.38643424486323674,3.154866622934902,0.7751969820972363
2024-25,15,2024-12-01,Liverpool,Manchester City,-0.676641689649534,0.8897271687059636,-0.0007910656275640804
2024-25,15,2024-12-03,Leicester City,West Ham United,-1.6090546618053434,-0.4377060132849335,0.4833822705556898
2024-25,15,2024-12-03,Ipswich Town,Crystal Palace,0.2610855289010754,0.6462539892104617,0.13476544624411418
2024-25,15,2024-12-04,Everton,Wolverhampton Wanderers,-0.9033512655749245,-1.2372929334763976,-0.626400008918975
2024-25,15,2024-12-04,Manchester City,Nottingham Forest,1.4960166001344781,4.899654428708162,2.229100015832924
2024-25,15,2024-12-04,Newcastle United,Liverpool,-1.0980372024885945,-2.643847695370127,-0.9631998603011211
2024-25,15,2024-12-04,Southampton,Chelsea,-1.3363104152035792,-3.9869973322783965,-2.538214803540586
2024-25,15,2024-12-04,Arsenal,Manchester United,0.8509315470511112,2.3226934738322846,2.4377031160678726
2024-25,15,2024-12-04,Aston Villa,Brentford,0.5199425996177087,0.6968564603645255,0.7913922261682018
2024-25,15,2024-12-05,Fulham,Brighton and Hove Albion,-1.729112088459873,-0.14517091966299311,-0.43842850137534556
2024-25,15,2024-12-05,Bournemouth,Tottenham,-2.0373803248865183,-1.1701943668319839,-2.4115653644598725
2024-25,15,2024-12-07,Crystal Palace,Manchester City,-2.1886626308566957,-4.83958055331818,-2.134826599200049
2024-25,15,2024-12-07,Manchester United,Nottingham Forest,0.019014340396784846,3.3212273731587745,0.2472895911896444
2024-25,15,2024-12-07,Aston Villa,Southampton,-0.0029147815963987966,4.080010112700435,1.7785583706438033
2024-25,15,2024-12-07,Brentford,Newcastle United,-0.24594455550841943,-1.3404102597940035,-0.4862521278236372
2024-25,15,2024-12-08,Fulham,Arsenal,0.6993115994380528,-2.4116875164103604,-2.080589510722345
2024-25,15,2024-12-08,Ipswich Town,Bournemouth,-0.21686040480327406,-0.7217345965786368,-1.9459842162125127
2024-25,15,2024-12-08,Leicester City,Brighton and Hove Albion,-0.3176249956500179,-1.0605810972671144,-1.7507684271110648
2024-25,15,2024-12-08,Tottenham,Chelsea,-1.4225471056437513,-1.654206647054533,0.29817776643766647
2024-25,15,2024-12-09,West Ham United,Wolverhampton Wanderers,-0.4671950495050279,1.0598400478990104,0.07616855273397646
2024-25,15,2024-12-14,Wolverhampton Wanderers,Ipswich Town,-0.65866526003553,2.1418741920703095,0.48338396368057773
2024-25,15,2024-12-14,Newcastle United,Leicester City,2.6303693796518264,2.84244208818083,1.7094455640559445
2024-25,15,2024-12-14,Nottingham Forest,Aston Villa,-3.2361491571640038,-0.8900133029266621,-0.1268365277710032
2024-25,15,2024-12-14,Arsenal,Everton,1.9144918432094382,3.62858739704381,3.6129582077467886
2024-25,15,2024-12-14,Liverpool,Fulham,5.62275054400885,4.382504075619412,1.8101871497805149
2024-25,15,2024-12-15,Chelsea,Brentford,-0.3492126296211584,2.8047220244190747,0.6398151148031375
2024-25,15,2024-12-15,Southampton,Tottenham,-1.184443954257988,-3.6564036267461875,-1.6420458345727298
2024-25,15,2024-12-15,Brighton and Hove Albion,Crystal Palace,0.94889801440344,0.620161487175249,0.9378297146688681
2024-25,15,2024-12-15,Manchester City,Manchester United,3.422398572559306,3.38783004437491,2.6247702875082695
2024-25,15,2024-12-16,Bournemouth,West Ham United,1.841466380499794,-0.37655532865928265,0.28664283273373314
2024-25,15,2024-12-21,Crystal Palace,Arsenal,0.11620142367533148,-3.9404483937051733,-1.4758577020963641
2024-25,15,2024-12-21,West Ham United,Brighton and Hove Albion,1.4895548410780677,-0.40731472895554166,-0.024581581734769032
2024-25,15,2024-12-21,Ipswich Town,Newcastle United,-3.409397127113788,-1.997058631373716,-1.86027740508093
2024-25,15,2024-12-21,Brentford,Nottingham Forest,-0.7182873676442441,-0.2665178327152775,-0.7173424095872207
2024-25,15,2024-12-21,Aston Villa,Manchester City,0.9061045167371766,-3.399838249465664,-2.002366981735604
2024-25,15,2024-12-22,Everton,Chelsea,-2.612002239453769,-4.216530257047554,-2.3568250394782653
2024-25,15,2024-12-22,Fulham,Southampton,2.897366313529524,2.149163305406291,2.636822272010113
2024-25,15,2024-12-22,Leicester City,Wolverhampton Wanderers,1.6163848070447457,1.1058235758420727,0.3310768502490191
2024-25,15,2024-12-22,Manchester United,Bournemouth,1.2393012690508893,0.9462270206742485,0.6802765600899832
2024-25,15,2024-12-22,Tottenham,Liverpool,-0.7432918199765357,-4.5380512825593655,-1.4189300912237912
2024-25,15,2024-12-26,Wolverhampton Wanderers,Manchester United,0.6176713283471855,-0.318497473488458,-1.0068912243936736
2024-25,15,2024-12-26,Southampton,West Ham United,-1.5763480422357592,-3.406309393721134,-1.5859486054572471
2024-25,15,2024-12-26,Nottingham Forest,Tottenham,1.5569801880261416,-0.3508785145549034,1.1621343335051306
2024-25,15,2024-12-26,Liverpool,Leicester City,2.378031309340143,5.262633520945224,3.5803212561101416
2024-25,15,2024-12-26,Chelsea,Fulham,-1.1802838920109906,2.191899594893685,0.9071239121440314
2024-25,15,2024-12-26,Bournemouth,Crystal Palace,1.4902292849937826,0.5435527360565064,1.2602225367972053
2024-25,15,2024-12-26,Manchester City,Everton,2.8392952037204235,3.6041951495237194,1.179163107083859
2024-25,15,2024-12-26,Newcastle United,Aston Villa,0.2621372221267979,1.0417434211126277,-0.6507045405155779
2024-25,15,2024-12-27,Brighton and Hove Albion,Brentford,-0.354439437595099,0.28725080179118745,0.2028139623241884
2024-25,15,2024-12-27,Arsenal,Ipswich Town,3.7291476291376657,7.545037803727893,2.46585865668614
2024-25,15,2024-12-29,West Ham United,Liverpool,-1.4470236152549614,-3.3075680932755036,-1.9194207104582985
2024-25,15,2024-12-29,Tottenham,Wolverhampton Wanderers,-1.3255117058409507,0.5144474441367617,0.5437577076315989
2024-25,15,2024-12-29,Fulham,Bournemouth,1.7447853437447467,-0.2947846818294684,-0.4464442185065266
2024-25,15,2024-12-29,Crystal Palace,Southampton,1.5898265400264382,3.9707136158217233,0.29379694777106946
2024-25,15,2024-12-29,Leicester City,Manchester City,-4.236792040749821,-5.534014195342942,-2.8788500517575764
2024-25,15,2024-12-29,Everton,Nottingham Forest,-0.2780319897102661,0.23054645694127096,0.8168192507660479
2024-25,15,2024-12-30,Aston Villa,Brighton and Hove Albion,-0.2875073115088558,2.7240220700342705,1.0584127803124104
2024-25,15,2024-12-30,Ipswich Town,Chelsea,-0.59767436559369,-4.817880289905261,-3.0138800883402808
2024-25,15,2024-12-30,Manchester United,Newcastle United,1.6603762229689796,1.437738437002249,-0.5967590845002093
2024-25,15,2025-01-01,Brentford,Arsenal,-2.5900409810664335,-4.267199767694898,-0.7952397463910004
2024-25,15,2025-01-04,Southampton,Brentford,0.14527849478526988,-2.6852572078099053,-2.704811124151374
2024-25,15,2025-01-04,Brighton and Hove Albion,Arsenal,0.4240001204596435,-2.596475735482498,-1.9383158018163045
2024-25,15,2025-01-04,Manchester City,West Ham United,2.4064441469695588,3.5873670778197813,0.5553589223203573
2024-25,15,2025-01-04,Bournemouth,Everton,0.2989056416431275,-0.20279083983567503,-0.29053228822177457
2024-25,15,2025-01-04,Aston Villa,Leicester City,1.3758125023167977,2.3171033356087287,0.8581021218305622
2024-25,15,2025-01-04,Tottenham,Newcastle United,-2.009278674240216,-2.4552913328813206,-0.010439898916170875
2024-25,15,2025-01-04,Crystal Palace,Chelsea,-1.3628065593948016,-2.049911584096299,-1.2613885470037673
2024-25,15,2025-01-05,Fulham,Ipswich Town,0.8815720079758638,1.57913155289887,0.8044751188887815
2024-25,15,2025-01-05,Liverpool,Manchester United,2.3799824697826164,4.725377589848101,2.3345321359631357
2024-25,15,2025-01-06,Wolverhampton Wanderers,Nottingham Forest,0.4716328561667602,-2.124950898622374,-0.476031376427774
2024-25,15,2025-01-14,Brentford,Manchester City,-3.0732805026785623,-3.9490637538843103,-1.3285889758961544
2024-25,15,2025-01-14,Chelsea,Bournemouth,-0.6604988392997981,1.8566645887597248,0.6156269181321321
2024-25,15,2025-01-14,West Ham United,Fulham,0.23265950761889975,-0.12712028925572483,0.3637312174449093
2024-25,15,2025-01-14,Nottingham Forest,Liverpool,-2.212239816312554,-3.5369397689478603,-1.8981233679783756
2024-25,15,2025-01-15,Newcastle United,Wolverhampton Wanderers,0.9308439205134427,4.561093920162115,1.6971721751950568
2024-25,15,2025-01-15,Everton,Aston Villa,-0.9656682516223984,-1.798223743113696,-1.8623983878474462
2024-25,15,2025-01-15,Leicester City,Crystal Palace,0.6196208318603382,-1.840787981172416,-0.80448235331897
2024-25,15,2025-01-15,Arsenal,Tottenham,2.1114975886829512,4.415280506313256,0.5109218001151021
2024-25,15,2025-01-16,Manchester United,Southampton,2.372013087868737,5.050658717458473,2.7095720813441617
2024-25,15,2025-01-16,Ipswich Town,Brighton and Hove Albion,-2.1980689334082655,-2.3715952975511625,-2.307244370012883
2024-25,15,2025-01-18,Newcastle United,Bournemouth,0.9898870696327293,1.9125567143234008,1.1150638398727253
2024-25,15,2025-01-18,Brentford,Liverpool,-1.8155322135280034,-3.8550437463185165,-2.093707839206675
2024-25,15,2025-01-18,Leicester City,Fulham,-0.4580838118950954,-1.660570315196014,-0.6290777849500913
2024-25,15,2025-01-18,West Ham United,Crystal Palace,-1.3695169204635533,0.6421625069461214,-1.189789405341837
2024-25,15,2025-01-18,Arsenal,Aston Villa,2.3449173829813628,4.149269563499758,1.418067682688387
2024-25,15,2025-01-19,Everton,Tottenham,-1.3484841595200354,-1.59251206080331,-0.5922420898737641
2024-25,15,2025-01-19,Manchester United,Brighton and Hove Albion,0.683022263521357,1.4472376773470126,1.7468705305019128
2024-25,15,2025-01-19,Nottingham Forest,Southampton,2.474741245407344,4.875212805598326,1.6990193926147668
2024-25,15,2025-01-19,Ipswich Town,Manchester City,-3.0363321146319233,-3.9391725631288725,-2.3900871892592237
2024-25,15,2025-01-20,Chelsea,Wolverhampton Wanderers,1.5883903531297605,3.0515625690047115,0.3843604650808217
2024-25,15,2025-01-25,Wolverhampton Wanderers,Arsenal,-2.239531815868439,-3.6705929545499414,-2.3687525081481353
2024-25,15,2025-01-25,Manchester City,Chelsea,-1.5632636360027998,1.4948290842037366,1.459808906816508
2024-25,15,2025-01-25,Southampton,Newcastle United,-2.869419144433646,-4.393523470028574,-2.1121302207026234
2024-25,15,2025-01-25,Brighton and Hove Albion,Everton,1.1984582840623013,2.4580885213651342,0.7590774951003241
2024-25,15,2025-01-25,Bournemouth,Nottingham Forest,1.6836354674490703,0.5086552635888708,-0.9914992434230939
2024-25,15,2025-01-25,Liverpool,Ipswich Town,2.064249153987097,6.711133510028002,2.830452375111767
2024-25,15,2025-01-26,Crystal Palace,Brentford,-0.5654289754718533,0.5715503279640837,-0.9676640373717731
2024-25,15,2025-01-26,Tottenham,Leicester City,0.8607564412559956,2.608431511980819,-0.20381046617381032
2024-25,15,2025-01-26,Aston Villa,West Ham United,0.34657749048018793,0.8915580818871325,0.10682360922575214
2024-25,15,2025-01-26,Fulham,Manchester United,-0.4055404410189869,-0.006259459091070951,0.5248842792144075
2024-25,15,2025-02-01,Nottingham Forest,Brighton and Hove Albion,0.6762605980560963,1.014389968673287,-0.3354652847450552
2024-25,15,2025-02-01,Bournemouth,Liverpool,-0.7000319395980021,-4.146191093188811,-1.6413360352567523
2024-25,15,2025-02-01,Everton,Leicester City,0.3138631382199524,0.35318234056125153,-0.4789238437284681
2024-25,15,2025-02-01,Ipswich Town,Southampton,0.8362400237986201,1.7571216008202608,1.223809271922113
2024-25,15,2025-02-01,Newcastle United,Fulham,1.0484954832509068,0.8011719918120219,0.3202641130893866
2024-25,15,2025-02-01,Wolverhampton Wanderers,Aston Villa,-0.667080745293319,-2.8661368484145413,-0.8202522421652716
2024-25,15,2025-02-02,Manchester United,Crystal Palace,0.7247088316553629,0.2525023218191258,-0.7539281331222156
2024-25,15,2025-02-02,Arsenal,Manchester City,-0.09829041452471543,0.8976389220100369,0.07133001416911497
2024-25,15,2025-02-02,Brentford,Tottenham,-0.39483329566901126,-0.4793979226830807,-0.6012847832344377
2024-25,15,2025-02-03,Chelsea,West Ham United,-0.6137940097278314,1.7619728903902363,0.8231016263252655
2024-25,15,2025-02-12,Everton,Liverpool,0.49581689433263065,-3.7710246829534295,-0.621549603585818
2024-25,15,2025-02-14,Brighton and Hove Albion,Chelsea,-1.1102303635575854,-0.796769568949788,-1.4776517892324648
2024-25,15,2025-02-15,Leicester City,Arsenal,-3.800178986150213,-5.1959199608196425,-2.9038036007679757
2024-25,15,2025-02-15,Aston Villa,Ipswich Town,1.1263441472156064,3.6956340203686286,1.5844792486419152
2024-25,15,2025-02-15,Fulham,Nottingham Forest,-1.5970125029103883,-0.9408113276585048,-0.713511571298362
2024-25,15,2025-02-15,Manchester City,Newcastle United,1.8227529876996744,3.028091439190261,2.0481879666009832
2024-25,15,2025-02-15,Southampton,Bournemouth,-2.7028850556660338,-2.425758894862705,-0.9330521627743821
2024-25,15,2025-02-15,West Ham United,Brentford,1.4290697539122235,-0.4382123527349826,1.184261335499953
2024-25,15,2025-02-15,Crystal Palace,Everton,0.49647321668946276,-0.442163069945936,-0.753018396030049
2024-25,15,2025-02-16,Tottenham,Manchester United,0.28774378931962374,0.11238431007650362,-0.6621222008024589
2024-25,15,2025-02-16,Liverpool,Wolverhampton Wanderers,1.6640953612175444,5.423531660120643,3.7612790052212914
2024-25,15,2025-02-19,Aston Villa,Liverpool,-2.6782120455200804,-3.6542921548476954,-0.8522723288648762
2024-25,15,2025-02-21,Leicester City,Brentford,0.2855616865557806,-2.7551909227976967,-1.668924952290908
2024-25,15,2025-02-22,Everton,Manchester United,0.23759689704480103,-0.49217892460707535,0.7081240588759329
2024-25,15,2025-02-22,Arsenal,West Ham United,1.5943787023097844,3.7475119418282006,2.9463637881531355
2024-25,15,2025-02-22,Bournemouth,Wolverhampton Wanderers,-0.22368350663503378,2.0658285662906186,1.4251772490809784
2024-25,15,2025-02-22,Fulham,Crystal Palace,2.090086527057398,0.35502951127002547,-0.5320023126466367
2024-25,15,2025-02-22,Ipswich Town,Tottenham,-1.0478493915578788,-1.6127594979693898,1.653120093836921
2024-25,15,2025-02-22,Southampton,Brighton and Hove Albion,0.7793386316283204,-2.4847315071410643,-1.7754315540873662
2024-25,15,2025-02-22,Aston Villa,Chelsea,-1.0913920851914405,-0.38318185730276255,0.5933227052395452
2024-25,15,2025-02-23,Newcastle United,Nottingham Forest,-1.2968225678003105,0.9577195750566485,0.39335584760243025
2024-25,15,2025-02-23,Manchester City,Liverpool,1.2257272431250872,1.343875672711217,-0.8568592140357267
2024-25,15,2025-02-25,Wolverhampton Wanderers,Fulham,-0.1173128739430922,-0.6684184265293514,-0.020651731962797727
2024-25,15,2025-02-25,Chelsea,Southampton,3.1353551399876807,4.61137029376326,2.076233991346642
2024-25,15,2025-02-25,Brighton and Hove Albion,Bournemouth,0.5863336338597218,-0.5405957074389391,1.7133612289794713
2024-25,15,2025-02-25,Crystal Palace,Aston Villa,-0.3658849069788648,-0.43869026509993425,0.13225617714960974
2024-25,15,2025-02-26,Brentford,Everton,-0.2103699723065482,1.0429102996565938,-0.7284829927479735
2024-25,15,2025-02-26,Manchester United,Ipswich Town,0.03443356081637994,2.459321912020777,1.5112277891040207
2024-25,15,2025-02-26,Nottingham Forest,Arsenal,-3.197740098869522,-3.3275370518251,-1.068675610960763
2024-25,15,2025-02-26,Tottenham,Manchester City,1.8265378775136227,-2.191114029826423,-0.9158368144399717
2024-25,15,2025-02-26,Liverpool,Newcastle United,1.4834142801615897,1.4730154569057188,2.190976988278787
2024-25,15,2025-02-27,West Ham United,Leicester City,2.683356523318926,2.0351360406949714,1.0871679894509712
2024-25,15,2025-03-08,Brentford,Aston Villa,-0.8278592679526309,-0.7900237479973207,-0.16397312838108746
2024-25,15,2025-03-08,Nottingham Forest,Manchester City,-1.5314554341365998,-2.2034316537090994,-1.7638530465200604
2024-25,15,2025-03-08,Brighton and Hove Albion,Fulham,0.4022032875130179,1.6379066972907932,-0.4197736527604505
2024-25,15,2025-03-08,Crystal Palace,Ipswich Town,3.033435391240916,1.4551625463364672,0.5158008929777154
2024-25,15,2025-03-08,Liverpool,Southampton,4.18366288514256,6.905596895167096,3.487493124355024
2024-25,15,2025-03-08,Wolverhampton Wanderers,Everton,-2.4529309390728784,-1.7408958003299286,-0.7959986120646292
2024-25,15,2025-03-09,Tottenham,Bournemouth,-2.151172160679492,-0.7566855578287255,-0.0663980770013822
2024-25,15,2025-03-09,Chelsea,Leicester City,2.8080694339553354,3.631198049725471,2.5015680799418405
2024-25,15,2025-03-09,Manchester United,Arsenal,-1.286519102784565,-4.596400497543146,-1.66483174703736
2024-25,15,2025-03-10,West Ham United,Newcastle United,-0.8319617903561891,-0.6177545316383419,-0.8251863995000462
2024-25,15,2025-03-15,Bournemouth,Brentford,-1.0640135536541298,1.8161982852787908,0.1174018765101053
2024-25,15,2025-03-15,Southampton,Wolverhampton Wanderers,-1.5085376675503213,-1.8751188126153773,-1.2445601834688376
2024-25,15,2025-03-15,Manchester City,Brighton and Hove Albion,1.5451531510795338,3.4447775134595933,2.375322856841849
2024-25,15,2025-03-15,Everton,West Ham United,1.3807049741732236,1.8072782839640382,1.0467011011403826
2024-25,15,2025-03-15,Ipswich Town,Nottingham Forest,0.7019257985933276,-1.1761324355798415,-1.2802637814882019
2024-25,15,2025-03-16,Arsenal,Chelsea,0.2911369219201525,3.4105576581120687,0.23178797636483353
2024-25,15,2025-03-16,Fulham,Tottenham,0.7057144559725952,-0.0873801038174058,0.3594906622313971
2024-25,15,2025-03-16,Leicester City,Manchester United,-0.03220343247421731,-2.7194214475233025,-1.4965989350477742
2024-25,15,2025-04-01,Arsenal,Fulham,2.167750010982239,3.882818710285714,1.3153395133255743
2024-25,15,2025-04-01,Wolverhampton Wanderers,West Ham United,-1.0764198313599618,-1.412656488033309,0.2172914682754808
2024-25,15,2025-04-01,Nottingham Forest,Manchester United,-3.5703285539590883,0.59859647236412,0.9635593759133514
2024-25,15,2025-04-02,Southampton,Crystal Palace,-0.18432148279266336,-3.8122580571953817,-3.13926872070195
2024-25,15,2025-04-02,Newcastle United,Brentford,1.3263410248337522,1.4895280171511995,1.446718820577115
2024-25,15,2025-04-02,Liverpool,Everton,3.0571459018723477,3.765682816267452,1.9387539268508363
2024-25,15,2025-04-02,Brighton and Hove Albion,Aston Villa,0.5881100343643464,1.009770730233587,-0.23347109105471872
2024-25,15,2025-04-02,Bournemouth,Ipswich Town,1.3623515571479903,1.7660599599134148,0.4197881658039506
2024-25,15,2025-04-02,Manchester City,Leicester City,1.1976395871636996,4.436664111162784,1.6599663325057292
2024-25,15,2025-04-03,Chelsea,Tottenham,-0.47964503125495206,1.1805400884155919,1.2678456167606669
2024-25,15,2025-04-05,Everton,Arsenal,-1.8965999974713537,-5.014656681792194,-2.197720933523186
2024-25,15,2025-04-05,Crystal Palace,Brighton and Hove Albion,0.8124384360954036,-0.19837871678251062,0.050042600261345174
2024-25,15,2025-04-05,Ipswich Town,Wolverhampton Wanderers,-0.9255341891788014,-1.6847075237408031,-2.313857445436349
2024-25,15,2025-04-05,West Ham United,Bournemouth,-1.1708382351074587,-0.6517251165944904,1.1527066274833628
2024-25,15,2025-04-05,Aston Villa,Nottingham Forest,0.17772694574828307,0.2529258676661801,-0.6701386388411492
2024-25,15,2025-04-06,Brentford,Chelsea,-1.026974685403026,-1.1216058747759234,-0.7633489517675642
2024-25,15,2025-04-06,Fulham,Liverpool,-1.1225128826369293,-3.138889911357122,-1.1843433965083137
2024-25,15,2025-04-06,Tottenham,Southampton,-1.3259514491019448,2.9013321486442463,1.7659921808584342
2024-25,15,2025-04-06,Manchester United,Manchester City,-2.686790045915801,-3.3084270645151372,-2.064111719987693
2024-25,15,2025-04-07,Leicester City,Newcastle United,-1.9166982949083629,-4.279220871760469,-1.9230839977573666
2024-25,15,2025-04-12,Southampton,Aston Villa,-2.065734470101697,-4.495877703769848,-2.652527981292046
2024-25,15,2025-04-12,Nottingham Forest,Everton,2.0094980547418455,1.7170277775325022,1.5662460346784115
2024-25,15,2025-04-12,Arsenal,Brentford,2.569891464289473,4.710157019241229,2.156330008839278
2024-25,15,2025-04-12,Manchester City,Crystal Palace,1.2285195488228222,3.661896710634971,0.8518523562223379
2024-25,15,2025-04-12,Brighton and Hove Albion,Leicester City,2.686237960972031,3.7513617877627663,2.640351938214198
2024-25,15,2025-04-13,Chelsea,Ipswich Town,3.2110343844334306,2.8632914507707232,0.8970710747931434
2024-25,15,2025-04-13,Liverpool,West Ham United,2.7001419926488275,4.716963816699187,1.0896359175013088
2024-25,15,2025-04-13,Wolverhampton Wanderers,Tottenham,0.33846940309829243,-0.8669956647830235,-0.9855055307135047
2024-25,15,2025-04-13,Newcastle United,Manchester United,-0.2770379667764793,0.8761270716892753,1.7772142632013412
2024-25,15,2025-04-14,Bournemouth,Fulham,1.455940228563552,0.8174756657983355,-0.7448209280714366
2024-25,15,2025-04-16,Newcastle United,Crystal Palace,-0.34129004555661524,2.0630377843526784,1.2881289158168925
2024-25,15,2025-04-19,Brentford,Brighton and Hove Albion,1.636960867836514,0.25215459143961994,-0.16171716771318784
2024-25,15,2025-04-19,Crystal Palace,Bournemouth,2.3271274979551464,0.7179299612096228,1.8102477296885469
2024-25,15,2025-04-19,Everton,Manchester City,-2.003070177500847,-2.089966328252423,-1.2539513726735918
2024-25,15,2025-04-19,West Ham United,Southampton,1.3495826492530565,4.415574334825973,2.610877954583087
2024-25,15,2025-04-19,Aston Villa,Newcastle United,-4.000861381146153,-1.5704110613561824,-0.7432122191939812
2024-25,15,2025-04-20,Leicester City,Liverpool,-3.1036300732982642,-5.950194299560513,-3.7263421460509223
2024-25,15,2025-04-20,Manchester United,Wolverhampton Wanderers,0.9911655961431176,2.1431628076298974,0.03661675971035834
2024-25,15,2025-04-20,Fulham,Chelsea,-0.037208729930082285,-0.20663933895116138,0.30857053542635526
2024-25,15,2025-04-20,Ipswich Town,Arsenal,-0.4478415273194276,-6.44220894604781,-2.7194980633294406
2024-25,15,2025-04-21,Tottenham,Nottingham Forest,-0.6730089154477916,-0.46963462472145956,0.6343265324804378
2024-25,15,2025-04-22,Manchester City,Aston Villa,0.29556015870559094,2.019299708214959,0.40789887931943836
2024-25,15,2025-04-23,Arsenal,Crystal Palace,1.4593123288120804,4.759921382551048,2.3475367458535943
2024-25,15,2025-04-26,Chelsea,Everton,2.690080944961256,1.9490197699248348,0.9742679861487986
2024-25,15,2025-04-26,Brighton and Hove Albion,West Ham United,0.00860833296893837,-0.5830602912133269,0.24292523896020554
2024-25,15,2025-04-26,Newcastle United,Ipswich Town,3.320252760485033,3.4391801421467436,2.4967195732220047
2024-25,15,2025-04-26,Southampton,Fulham,-2.4952001462260096,-1.8428345797546068,-2.78029367698752
2024-25,15,2025-04-26,Wolverhampton Wanderers,Leicester City,-0.017805651862493832,2.123142610675381,0.21185590958151437
2024-25,15,2025-04-27,Bournemouth,Manchester United,0.9236729611164165,1.3747761766543132,-0.13752037559876557
2024-25,15,2025-04-27,Liverpool,Tottenham,2.7172363510806274,3.139739316212939,3.021908177597757
2024-25,15,2025-05-01,Nottingham Forest,Brentford,-0.1323456006538386,2.3704987093155365,0.4544956931786544
2024-25,15,2025-05-02,Manchester City,Wolverhampton Wanderers,1.8804468828092507,2.5642295481051818,1.3279546672083498
2024-25,15,2025-05-03,Arsenal,Bournemouth,-0.7326672178760489,2.60406825072646,2.1125911746455417
2024-25,15,2025-05-03,Leicester City,Southampton,0.7825043077919105,2.505244757674043,0.5617927242064098
2024-25,15,2025-05-03,Aston Villa,Fulham,2.661685376209274,1.8746577997574843,0.7294115229163722
2024-25,15,2025-05-03,Everton,Ipswich Town,-0.3714149104682747,1.5892861162741045,0.27109344203982033
2024-25,15,2025-05-04,Brentford,Manchester United,0.02317610529664549,1.6327239186001492,-0.8272441837499755
2024-25,15,2025-05-04,Brighton and Hove Albion,Newcastle United,-1.3076147185415365,1.0072526815942044,-1.196715744160683
2024-25,15,2025-05-04,West Ham United,Tottenham,-1.4691108834467386,-0.399329178790345,-0.848385890692866
2024-25,15,2025-05-04,Chelsea,Liverpool,-1.7408319517875714,-3.0679624438498063,-2.1995526684114184
2024-25,15,2025-05-05,Crystal Palace,Nottingham Forest,0.6332744603875753,1.7330351484561,0.07182442346911273
2024-25,15,2025-05-10,Fulham,Everton,0.45848003976408513,1.8705464910009821,-0.18483683248407345
2024-25,15,2025-05-10,Ipswich Town,Brentford,-1.2582325405356691,-1.4169790594230003,-0.3392136448275863
2024-25,15,2025-05-10,Southampton,Manchester City,-5.3776680624951005,-7.198343693222387,-3.5602394537734825
2024-25,15,2025-05-10,Wolverhampton Wanderers,Brighton and Hove Albion,-1.6840236176865133,-1.5682357171095989,0.31711544504911304
2024-25,15,2025-05-10,Bournemouth,Aston Villa,1.2630327867485445,-1.1942797329136008,-0.7957484595467278
2024-25,15,2025-05-11,Liverpool,Arsenal,0.82912184941687,0.8172560282072219,-0.405141960399294
2024-25,15,2025-05-11,Tottenham,Crystal Palace,-1.6698279424811826,-0.9411485093596692,-0.9171206176413221
2024-25,15,2025-05-11,Newcastle United,Chelsea,-1.0692247802764978,0.5242187737805608,-0.6586303926406032
2024-25,15,2025-05-11,Manchester United,West Ham United,1.5464294408245713,0.8435519646355099,-1.308104826265162
2024-25,15,2025-05-11,Nottingham Forest,Leicester City,3.8951682312252167,2.003656181519741,2.0306484106015517
2024-25,15,2025-05-16,Aston Villa,Tottenham,1.9142253325315952,1.1232584651916593,0.8588884561482188
2024-25,15,2025-05-16,Chelsea,Manchester United,0.9730065579442986,1.199101088354702,1.9084600059544214
2024-25,15,2025-05-18,Arsenal,Newcastle United,1.6184423968630703,1.7205328283723116,1.3505800933981789
2024-25,15,2025-05-18,Everton,Southampton,1.1366103418989137,2.560481689097145,0.24684958183896127
2024-25,15,2025-05-18,West Ham United,Nottingham Forest,0.2407330530288032,-0.7242455965456784,-0.742917318816491
2024-25,15,2025-05-18,Brentford,Fulham,0.2555470285056103,-0.10451382735959314,-0.16504379064157745
2024-25,15,2025-05-18,Leicester City,Ipswich Town,0.9514902985709117,-1.2827620657688348,0.828158564207321
2024-25,15,2025-05-19,Brighton and Hove Albion,Liverpool,-0.7613113565023895,-2.8964253708406904,-1.7858012191713457
2024-25,15,2025-05-20,Manchester City,Bournemouth,2.3115267597643623,4.486710111629683,2.6591231883302937
2024-25,15,2025-05-20,Crystal Palace,Wolverhampton Wanderers,0.32018477195084927,1.6600623723500858,0.9359047417151899
2024-25,15,2025-05-25,Wolverhampton Wanderers,Brentford,0.5378928724178387,0.04078129959161192,-0.6868021885383058
2024-25,15,2025-05-25,Tottenham,Brighton and Hove Albion,0.888550595404233,-0.9659665370012238,-0.9457366864329415
2024-25,15,2025-05-25,Nottingham Forest,Chelsea,-1.1553472678980743,-0.8108974584812181,0.7727157918254164
2024-25,15,2025-05-25,Southampton,Arsenal,-2.9960316345628524,-5.138821649206871,-3.8303438050646315
2024-25,15,2025-05-25,Newcastle United,Everton,1.0015353631931436,1.4875517011811947,2.1613692712722115
2024-25,15,2025-05-25,Fulham,Manchester City,-1.110827056736511,-0.5685402745228885,-0.1044469366314118
2024-25,15,2025-05-25,Liverpool,Crystal Palace,3.6881229982382138,1.4337376367922445,1.4325211161878955
2024-25,15,2025-05-25,Ipswich Town,West Ham United,-0.05762275825201968,-1.7168738685489373,0.023359360568009892
2024-25,15,2025-05-25,Bournemouth,Leicester City,3.057746014950178,1.8138186640070506,0.7861389114991596
2024-25,15,2025-05-25,Manchester United,Aston Villa,-1.5399877813538563,-2.0324006357848843,-1.4787944624249163
2025-26,15,2025-08-15,Liverpool,Bournemouth,-0.4842700297752245,3.745796646170584,1.6984573497146314
2025-26,15,2025-08-16,Tottenham,Burnley,1.8060273000232048,1.2124490379992379,-0.19898089210493594
2025-26,15,2025-08-16,Sunderland,West Ham United,0.2500127347542609,-0.43858757398148107,-1.7223354610144597
2025-26,15,2025-08-16,Wolverhampton Wanderers,Manchester City,-3.593365791891163,-5.116609511247771,-0.7973052910679442
2025-26,15,2025-08-16,Aston Villa,Newcastle United,0.25490924898243605,-0.516279062057551,1.0436997513975257
2025-26,15,2025-08-16,Brighton and Hove Albion,Fulham,-0.4594434614783065,0.628581959402096,-0.36086652861989565
2025-26,15,2025-08-17,Chelsea,Crystal Palace,-1.3095064123065097,1.1052188912559782,0.9404745482174093
2025-26,15,2025-08-17,Nottingham Forest,Brentford,-0.34921643385245105,0.5250999198684658,-0.6419969094923615
2025-26,15,2025-08-17,Manchester United,Arsenal,-3.4648122166749644,-1.5091060423528102,-1.4644866784167376
2025-26,15,2025-08-18,Leeds United,Everton,-0.26539423212090796,-3.032931314855997,-1.0775019631075935
2025-26,15,2025-08-22,West Ham United,Chelsea,-0.8049381475380422,-1.5045550200983557,-0.9874623381671498
2025-26,15,2025-08-23,Burnley,Sunderland,-0.5568030763875456,0.240594427323507,0.7757209567143931
2025-26,15,2025-08-23,Manchester City,Tottenham,2.708513627941036,4.639113368516735,1.6297259308220304
2025-26,15,2025-08-23,Bournemouth,Wolverhampton Wanderers,0.5923386745194357,1.7508723044150951,0.6305422393912223
2025-26,15,2025-08-23,Brentford,Aston Villa,-0.6884890546321749,-1.0901947146486766,-1.072141745536031
2025-26,15,2025-08-23,Arsenal,Leeds United,2.375576002733384,5.177604382785138,1.8720884587073214
2025-26,15,2025-08-24,Everton,Brighton and Hove Albion,0.10209160926067895,-0.8679301226085006,-1.0610395038527556
2025-26,15,2025-08-24,Crystal Palace,Nottingham Forest,-0.19233314116634226,1.4867459464875514,0.9799380733887147
2025-26,15,2025-08-24,Fulham,Manchester United,3.038789389137042,1.4062056621763812,1.309612740420721
2025-26,15,2025-08-25,Newcastle United,Liverpool,-1.056467271202095,-1.6749953461974734,-0.5237750576988589
2025-26,15,2025-08-30,Chelsea,Fulham,-0.10628796962858544,2.246953021839886,1.0565611907422068
2025-26,15,2025-08-30,Manchester United,Burnley,1.5521191058092594,3.0141790571942595,2.1676356002912143
2025-26,15,2025-08-30,Sunderland,Brentford,-0.5797969770289786,-1.2123985563958888,-1.9280449100946526
2025-26,15,2025-08-30,Tottenham,Bournemouth,-1.2983623433113145,-0.40940545740274104,0.3997875489748182
2025-26,15,2025-08-30,Wolverhampton Wanderers,Everton,-1.780302868857957,-0.4078779055939199,-0.424849047655394
2025-26,15,2025-08-30,Leeds United,Newcastle United,-2.1022187948577606,-1.7600638562082107,-1.3764805414214778
2025-26,15,2025-08-31,Brighton and Hove Albion,Manchester City,-0.6922916554559055,-3.2943025694641452,-0.6965415510270077
2025-26,15,2025-08-31,Nottingham Forest,West Ham United,3.9174077672072585,1.5477656388312244,0.34664289096872525
2025-26,15,2025-08-31,Liverpool,Arsenal,1.3998458813052395,0.976067294878904,0.7504798818802257
2025-26,15,2025-08-31,Aston Villa,Crystal Palace,1.1878190694450925,0.14838138688708113,0.33277690722604375
2025-26,15,2025-09-13,Brentford,Chelsea,-0.0651457757353171,0.7504801441542597,-1.3368081019516225
2025-26,15,2025-09-13,West Ham United,Tottenham,0.36387889591642697,-0.661239243619562,-0.047494212179086046
2025-26,15,2025-09-13,Newcastle United,Wolverhampton Wanderers,-0.390386554697864,2.081655180978405,1.5477676158355365
2025-26,15,2025-09-13,Fulham,Leeds United,-1.3939505619687456,3.015595153583712,2.106011032413838
2025-26,15,2025-09-13,Everton,Aston Villa,-2.9362544101099814,-0.6491008139669354,-0.3935301928968357
2025-26,15,2025-09-13,Crystal Palace,Sunderland,1.3466972933048158,5.279229309731288,1.7724503644596978
2025-26,15,2025-09-13,Bournemouth,Brighton and Hove Albion,0.5322675858658901,-1.449722791207435,-0.14244981740785506
2025-26,15,2025-09-13,Arsenal,Nottingham Forest,2.2664301097061763,3.4412172678896153,2.4103589236060046
2025-26,15,2025-09-14,Burnley,Liverpool,-2.338892127241726,-5.314805116364146,-4.479176126984695
2025-26,15,2025-09-14,Manchester City,Manchester United,0.6651428618280182,4.564499106400869,0.5136507765750011
2025-26,15,2025-09-20,Liverpool,Everton,1.315342688650233,2.3896304052247306,1.9522620424464194
2025-26,15,2025-09-20,Brighton and Hove Albion,Tottenham,0.4154287196376334,0.42603138703050014,0.8752430221306838
2025-26,15,2025-09-20,Burnley,Nottingham Forest,-1.5956400451889774,-3.386206504402397,-2.126645452659851
2025-26,15,2025-09-20,West Ham United,Crystal Palace,0.15205686973368593,-2.4693673233572353,-1.359578218013607
2025-26,15,2025-09-20,Wolverhampton Wanderers,Leeds United,0.3653167060141058,1.039172702104202,-0.49575549589561946
2025-26,15,2025-09-20,Manchester United,Chelsea,-1.6474334354781668,-1.1903515889817369,-0.10266087404610857
2025-26,15,2025-09-20,Fulham,Brentford,1.7848201816036475,-0.4688860271631423,0.6277474777194072
2025-26,15,2025-09-21,Arsenal,Manchester City,-0.2752630392123372,1.2287609262896328,0.2189738348355533
2025-26,15,2025-09-21,Sunderland,Aston Villa,-2.078036179590283,-3.4338588662614082,-1.252908664680156
2025-26,15,2025-09-21,Bournemouth,Newcastle United,-0.3807494025883642,0.24436665505337452,0.9042768267682846
2025-26,15,2025-09-27,Brentford,Manchester United,1.4837847926103684,-0.7418493283397094,1.1176443813107255
2025-26,15,2025-09-27,Chelsea,Brighton and Hove Albion,-1.461533395028244,2.06784278876641,0.4961562074746638
2025-26,15,2025-09-27,Crystal Palace,Liverpool,-2.73760367277575,-3.048698544854287,-2.4612890811731676
2025-26,15,2025-09-27,Leeds United,Bournemouth,-0.6540028801267166,-0.763236726221761,-0.5792959673623741
2025-26,15,2025-09-27,Manchester City,Burnley,3.27830853070129,3.6717070147542117,2.7183988388615488
2025-26,15,2025-09-27,Nottingham Forest,Sunderland,0.27017133265599114,3.297248981727055,0.1646889908981592
2025-26,15,2025-09-27,Tottenham,Wolverhampton Wanderers,-0.5921706515339622,2.100188850771702,-0.17120779645820222
2025-26,15,2025-09-28,Aston Villa,Fulham,0.3964494216639043,-0.38376452311568876,0.8259124685492694
2025-26,15,2025-09-28,Newcastle United,Arsenal,-2.4123614572373526,-2.387137303809169,-0.11347480467038622
2025-26,15,2025-09-29,Everton,West Ham United,0.47639742788178374,0.718814899839133,0.5653846710660246
2025-26,15,2025-10-03,Bournemouth,Fulham,0.27083891728496745,0.38779340422782393,-0.5796497709290704
2025-26,15,2025-10-04,Chelsea,Liverpool,-1.0357258639387243,-1.9206373282474853,-0.7053734861127878
2025-26,15,2025-10-04,Manchester United,Sunderland,1.2702771417189354,3.242434014693024,1.414330158309251
2025-26,15,2025-10-04,Leeds United,Tottenham,-0.4201574907065737,-1.7259546340972545,-0.07594051419903565
2025-26,15,2025-10-04,Arsenal,West Ham United,3.4674280367900003,5.203860126768077,2.893322422198355
2025-26,15,2025-10-05,Aston Villa,Burnley,3.4888550492407955,3.5171896058425194,2.0223570012320566
2025-26,15,2025-10-05,Everton,Crystal Palace,-0.5167887893691798,-0.4702652996428416,-0.7652326283560058
2025-26,15,2025-10-05,Newcastle United,Nottingham Forest,0.6819981551596044,2.0413791507370718,0.6006785449235466
2025-26,15,2025-10-05,Wolverhampton Wanderers,Brighton and Hove Albion,-2.5419062636251937,-1.034751943971287,-0.9344042875880418
2025-26,15,2025-10-05,Brentford,Manchester City,-1.6769059430382995,-1.9716042353224505,-1.8064768883220155
2025-26,15,2025-10-18,Fulham,Arsenal,-2.510062482860352,-3.3585874073709014,-2.3229238519971984
2025-26,15,2025-10-18,Nottingham Forest,Chelsea,-1.7731194735869327,-1.8661376622238492,-0.8134189617115808
2025-26,15,2025-10-18,Brighton and Hove Albion,Newcastle United,0.8178698358678886,1.3029308464809635,0.6954835659381005
2025-26,15,2025-10-18,Burnley,Leeds United,-0.2075583728060426,1.1338559357926847,0.8364521249469149
2025-26,15,2025-10-18,Crystal Palace,Bournemouth,2.240463920910784,0.35288242300930683,0.527287439245157
2025-26,15,2025-10-18,Manchester City,Everton,2.334926893306001,2.1171906856483407,1.7041599993156737
2025-26,15,2025-10-18,Sunderland,Wolverhampton Wanderers,1.0043018529803387,0.3001072291970148,-0.20250433089581604
2025-26,15,2025-10-19,Liverpool,Manchester United,0.7063520468750024,3.788884245230319,2.0172246011533006
2025-26,15,2025-10-19,Tottenham,Aston Villa,-1.4607211820202046,-1.7348292895996265,-0.30692113886392464
2025-26,15,2025-10-20,West Ham United,Brentford,-0.12106844248103421,-2.8230008473065027,-1.7923828992270585
2025-26,15,2025-10-24,Leeds United,West Ham United,-0.5247408074761921,-0.9868062074444008,-1.2695600278476846
2025-26,15,2025-10-25,Chelsea,Sunderland,2.906209327780772,4.2531525110323,1.1249515961324306
2025-26,15,2025-10-25,Newcastle United,Fulham,0.16466971896455718,0.7546013690357434,-0.7133257561460496
2025-26,15,2025-10-25,Manchester United,Brighton and Hove Albion,-1.0227941594459526,1.2636951232828482,0.1125467687990934
2025-26,15,2025-10-25,Brentford,Liverpool,-1.9191616671249019,-2.7246200704331613,-1.4537138319632745
2025-26,15,2025-10-26,Arsenal,Crystal Palace,2.8907030965720715,3.3161814011326456,0.47372904500786317
2025-26,15,2025-10-26,Aston Villa,Manchester City,-1.138191796932027,-0.7682054789250383,-0.9676022398931948
2025-26,15,2025-10-26,Bournemouth,Nottingham Forest,0.8556040097377888,1.6915156588641418,1.2934398940861271
2025-26,15,2025-10-26,Wolverhampton Wanderers,Burnley,-2.0345109700571946,0.6860762133859408,0.47265180254832445
2025-26,15,2025-10-26,Everton,Tottenham,-2.0324038058058775,0.8807103291376093,1.331286937715595
2025-26,15,2025-11-01,Liverpool,Aston Villa,1.233380028853725,2.179410852166889,1.5994686080780411
2025-26,15,2025-11-01,Tottenham,Chelsea,0.862670820808157,-1.5452518552734755,-0.5198332045212553
2025-26,15,2025-11-01,Nottingham Forest,Manchester United,0.6458095822117453,-0.39886221090544094,-0.05193540313079552
2025-26,15,2025-11-01,Crystal Palace,Brentford,-0.13655503379306566,-1.5331826109589324,0.7263598140631344
2025-26,15,2025-11-01,Burnley,Arsenal,-3.1707006199751397,-4.228551218753715,-3.0904827389276903
2025-26,15,2025-11-01,Brighton and Hove Albion,Leeds United,2.1159623073760567,1.4902959461746992,1.196066241430269
2025-26,15,2025-11-01,Fulham,Wolverhampton Wanderers,0.2721897591005096,1.3558114827002425,0.5615123282574771
2025-26,15,2025-11-02,West Ham United,Newcastle United,0.22922116109438306,-2.992890723038994,-0.9538302671090946
2025-26,15,2025-11-02,Manchester City,Bournemouth,1.7846517720773392,2.0948429806922597,0.9972695467335242
2025-26,15,2025-11-03,Sunderland,Everton,-0.44723097709405657,-1.2525181888764303,-1.286090670064135
2025-26,15,2025-11-08,Tottenham,Manchester United,-0.5920990914059487,-0.4046503954598073,-0.5157591533758449
2025-26,15,2025-11-08,Everton,Fulham,-2.270878387643206,1.1941914166564729,0.3348895814921704
2025-26,15,2025-11-08,West Ham United,Burnley,1.141729524336613,2.221600430763683,1.5559032374259716
2025-26,15,2025-11-08,Sunderland,Arsenal,-3.1487456520830044,-5.42125573200403,-2.279935131118074
2025-26,15,2025-11-08,Chelsea,Wolverhampton Wanderers,3.285315475251201,3.20327783156627,1.054948644025386
2025-26,15,2025-11-09,Manchester City,Liverpool,-0.1287525764111752,-0.7130624654805278,-0.31148000565651157
2025-26,15,2025-11-09,Nottingham Forest,Leeds United,0.2406013008996286,2.4398723670857407,-0.2203154020237008
2025-26,15,2025-11-09,Brentford,Newcastle United,1.1063413411387444,0.3923197747485059,0.7650081738081994
2025-26,15,2025-11-09,Aston Villa,Bournemouth,0.7676926043930159,-0.11794927061258242,0.15042170756360634
2025-26,15,2025-11-09,Crystal Palace,Brighton and Hove Albion,1.1967474412512882,-1.5271022061572248,-0.5182990203803826
2025-26,15,2025-11-22,Burnley,Chelsea,-3.2530054651775497,-4.33718861724185,-2.195230181301666
2025-26,15,2025-11-22,Bournemouth,West Ham United,-0.5227809753268051,1.0655450804607742,0.6884546076885982
2025-26,15,2025-11-22,Brighton and Hove Albion,Brentford,-0.040929234138943116,-0.5394286729529725,-0.7675666645180925
2025-26,15,2025-11-22,Fulham,Sunderland,0.9174274083947207,1.2308735140795024,0.15742239284203804
2025-26,15,2025-11-22,Liverpool,Nottingham Forest,1.1795888590699146,2.307389292829896,2.296454621807585
2025-26,15,2025-11-22,Wolverhampton Wanderers,Crystal Palace,-0.9315812673421071,-3.1789519296208244,-2.3724738715264406
2025-26,15,2025-11-22,Newcastle United,Manchester City,-0.48137006584965114,-2.251020176619985,-1.142551082019942
2025-26,15,2025-11-23,Leeds United,Aston Villa,-0.6944487807379804,-3.5784139285285557,-2.7214068164487712
2025-26,15,2025-11-23,Arsenal,Tottenham,0.6584075260313327,4.863554135158902,3.2209915561064006
2025-26,15,2025-11-24,Manchester United,Everton,0.5020113154819228,1.026150309399073,-0.09837245560779309
2025-26,15,2025-11-29,Manchester City,Leeds United,4.60280712316878,5.529278522650264,1.652650152068817
2025-26,15,2025-11-29,Tottenham,Fulham,-0.40325172254859787,0.9378322442237987,0.35887729627207393
2025-26,15,2025-11-29,Everton,Newcastle United,0.5067961570903403,-2.3951471366393777,0.20554642140407822
2025-26,15,2025-11-29,Brentford,Burnley,1.3435094342158482,2.3988915628216425,0.6637067295995109
2025-26,15,2025-11-29,Sunderland,Bournemouth,-0.6786755944451475,-2.628630893523459,-1.2184619382080044
2025-26,15,2025-11-30,Crystal Palace,Manchester United,0.9345801295015708,-0.4251439796279044,0.9911477939259967
2025-26,15,2025-11-30,Aston Villa,Wolverhampton Wanderers,1.905058792309676,4.107581646466142,2.150346668718305
2025-26,15,2025-11-30,Nottingham Forest,Brighton and Hove Albion,-0.496856907539998,-2.0483264795461906,0.07610512037252733
2025-26,15,2025-11-30,West Ham United,Liverpool,-1.1663389813862555,-3.195606697223491,-1.3003915801318655
2025-26,15,2025-11-30,Chelsea,Arsenal,-1.0311105965813852,-2.092678770148428,-0.18806812412258012
2025-26,15,2025-12-02,Fulham,Manchester City,-3.008227206132192,-1.7641713607283371,-0.7575399866844919
2025-26,15,2025-12-02,Bournemouth,Everton,-0.8923960658882599,0.8004033095755734,0.5159867725239039
2025-26,15,2025-12-02,Newcastle United,Tottenham,1.1189653023860053,1.8568757933521258,1.38281419827523
2025-26,15,2025-12-03,Leeds United,Chelsea,-1.8629589752819786,-2.685313950890981,-1.5670659645764005
2025-26,15,2025-12-03,Wolverhampton Wanderers,Nottingham Forest,-0.34061559363408733,0.0060141927352885816,-1.229949591306945
2025-26,15,2025-12-03,Liverpool,Sunderland,3.271829040583679,3.649888765187301,1.604523966293982
2025-26,15,2025-12-03,Brighton and Hove Albion,Aston Villa,1.2193358554102254,1.1434063090133968,1.1661976532001703
2025-26,15,2025-12-03,Arsenal,Brentford,-0.9253934437943823,2.4183013557149664,0.6799443472760487
2025-26,15,2025-12-03,Burnley,Crystal Palace,-1.773165951080312,-2.2426878694185532,-1.2907444053285104
2025-26,15,2025-12-04,Manchester United,West Ham United,-1.1233550448723566,3.1869960542538003,0.6079845834102002
2025-26,15,2025-12-06,Aston Villa,Arsenal,0.5365538940380912,-1.1918341124298717,-0.4917178177865054
2025-26,15,2025-12-06,Bournemouth,Chelsea,-0.8966934418960744,-1.02613578801569,0.12142074722811173
2025-26,15,2025-12-06,Everton,Nottingham Forest,1.0324678823394784,-0.35449696532629016,-0.5783909523237625
2025-26,15,2025-12-06,Manchester City,Sunderland,3.549709098895068,5.039135466536976,2.345354510224516
2025-26,15,2025-12-06,Newcastle United,Burnley,1.740186739092664,4.070529273844106,1.6190787012530137
2025-26,15,2025-12-06,Tottenham,Brentford,-1.7588170241908578,1.2768374319290663,-0.3997671659647978
2025-26,15,2025-12-06,Leeds United,Liverpool,-1.6530177750979274,-5.157837696395636,-1.7792678329081824
2025-26,15,2025-12-07,Brighton and Hove Albion,West Ham United,0.91589446666746,1.1604636217647837,1.05854731694957
2025-26,15,2025-12-07,Fulham,Crystal Palace,0.6687267602333744,-0.6659985277377602,-0.6350676813928473
2025-26,15,2025-12-08,Wolverhampton Wanderers,Manchester United,-0.4949752406381318,-2.94242899851516,-1.8313919842777822
2025-26,15,2025-12-13,Chelsea,Everton,-0.33368222861800056,0.14985845819059307,1.2627147419249525
2025-26,15,2025-12-13,Liverpool,Brighton and Hove Albion,1.5099961896780716,2.3047242720369585,1.4536682750479586
2025-26,15,2025-12-13,Burnley,Fulham,0.3117284984115827,-2.04482243134356,-2.5174395549767197
2025-26,15,2025-12-13,Arsenal,Wolverhampton Wanderers,0.14959373830854084,5.20730184133153,2.5440457784039596
2025-26,15,2025-12-14,Crystal Palace,Manchester City,-2.984912528401191,-2.2028219097150092,-1.648414826838875
2025-26,15,2025-12-14,Nottingham Forest,Tottenham,1.8626237323102846,-0.023239311059934487,0.10514398751498959
2025-26,15,2025-12-14,Sunderland,Newcastle United,0.06865208553228186,-2.0626902521548063,-0.5624014815560798
2025-26,15,2025-12-14,West Ham United,Aston Villa,-2.8339201430024588,-3.8315950063342994,-0.7200074297498389
2025-26,15,2025-12-14,Brentford,Leeds United,1.4616350397394324,3.8151584504799834,0.37946357872461506
2025-26,15,2025-12-15,Manchester United,Bournemouth,-0.5161679197800115,-0.33369298469887454,-0.3759209256912044
2025-26,15,2025-12-20,Leeds United,Crystal Palace,-0.19980239942577072,-2.6813413703857014,-0.4836952641129386
2025-26,15,2025-12-20,Tottenham,Liverpool,-2.6094622534925342,-3.129280574757299,-1.2559804698515122
2025-26,15,2025-12-20,Wolverhampton Wanderers,Brentford,-0.6562615569679195,-1.5288319647650308,-0.9617385584884147
2025-26,15,2025-12-20,Everton,Arsenal,-2.7213632697846837,-2.723164544566668,-2.227853207431683
2025-26,15,2025-12-20,Brighton and Hove Albion,Sunderland,0.9455250263804231,0.8302898999938373,1.5593815699076146
2025-26,15,2025-12-20,Bournemouth,Burnley,-0.15630811834899205,3.239342462698879,0.6174499417838646
2025-26,15,2025-12-20,Newcastle United,Chelsea,0.821676931174796,-1.164255118309347,0.5834672684564424
2025-26,15,2025-12-20,Manchester City,West Ham United,2.887172264752735,6.071035727212708,4.015956515748167
2025-26,15,2025-12-21,Aston Villa,Manchester United,3.268903794820508,2.598746822443073,0.8392775801918404
2025-26,15,2025-12-22,Fulham,Nottingham Forest,-1.1723451469789996,0.748005713909448,0.09934471286011473
2025-26,15,2025-12-26,Manchester United,Newcastle United,-1.2418712592805008,-0.8216147899524646,0.1282111876701748
2025-26,15,2025-12-27,Chelsea,Aston Villa,-2.5312238449829607,-0.7021608896386748,-0.45465125423836666
2025-26,15,2025-12-27,West Ham United,Fulham,-0.014968020157889228,0.9127686524775376,-0.5408979995590741
2025-26,15,2025-12-27,Liverpool,Wolverhampton Wanderers,2.2299879166282857,4.285200388824635,2.4984770465126926
2025-26,15,2025-12-27,Brentford,Bournemouth,-0.5380602865604089,0.7177794460225702,0.43972044244528663
2025-26,15,2025-12-27,Arsenal,Brighton and Hove Albion,1.8297069828341836,4.012678391174479,1.0769723361566677
2025-26,15,2025-12-27,Nottingham Forest,Manchester City,-2.7232714380882523,-3.0079216252333154,-3.8981606317535187
2025-26,15,2025-12-27,Burnley,Everton,-1.6016192980488135,-2.8137192801788586,-2.5721005275900226
2025-26,15,2025-12-28,Sunderland,Leeds United,-0.08517892618879408,0.7210281149684103,0.8499137509975441
2025-26,15,2025-12-28,Crystal Palace,Tottenham,0.6628433249551406,2.3372614973830768,1.0343308996284732
2025-26,15,2025-12-30,Arsenal,Aston Villa,1.3983838552635373,1.9957140414158623,-0.5071260835577889
2025-26,15,2025-12-30,Manchester United,Wolverhampton Wanderers,0.9516799005945575,2.5403742436796817,1.6250952313451463
2025-26,15,2025-12-30,West Ham United,Brighton and Hove Albion,-1.2342022829051391,-1.4868986548270842,0.2508536521999318
2025-26,15,2025-12-30,Burnley,Newcastle United,-2.6449462715917367,-3.4693703337043047,-1.0158504371462045
2025-26,15,2025-12-30,Chelsea,Bournemouth,-0.11066726075449651,1.1648345113851395,-0.44925324541051453
2025-26,15,2025-12-30,Nottingham Forest,Everton,-0.8287315463475871,-1.488678564997758,-0.8320055227511702
2025-26,15,2026-01-01,Crystal Palace,Fulham,0.5493067919181556,1.0761697460837585,1.0532631235565304
2025-26,15,2026-01-01,Liverpool,Leeds United,1.3399735648471438,4.646310159265942,3.094145991485166
2025-26,15,2026-01-01,Brentford,Tottenham,-2.0227239545010978,-0.04309998011486371,1.0536798383987018
2025-26,15,2026-01-01,Sunderland,Manchester City,-3.825849141233604,-4.548262571517258,-2.5150294553169403
2025-26,15,2026-01-03,Aston Villa,Nottingham Forest,1.0237235872627153,2.778503295854766,1.1724123309535741
2025-26,15,2026-01-03,Brighton and Hove Albion,Burnley,2.3705933530341703,3.5844923399302084,1.8252438356834404
2025-26,15,2026-01-03,Wolverhampton Wanderers,West Ham United,0.8095988694957263,-0.6225306919932834,0.3331889891334939
2025-26,15,2026-01-03,Bournemouth,Arsenal,-1.9728137061117987,-1.7420894011630388,-2.1402840512208186
2025-26,15,2026-01-04,Manchester City,Chelsea,1.670031815441316,2.9658043191010535,0.10763236168385645
2025-26,15,2026-01-04,Fulham,Liverpool,-3.0651655422707673,-1.4069879044244953,-0.87893352274412
2025-26,15,2026-01-04,Tottenham,Sunderland,-0.8369663277823918,1.3282909591499195,-0.858349373351345
2025-26,15,2026-01-04,Everton,Brentford,-0.6474051151918765,0.37475680864857086,-0.4825965173948319
2025-26,15,2026-01-04,Leeds United,Manchester United,-1.5891707080424844,-2.4200985464761775,-0.2094417832636708
2025-26,15,2026-01-04,Newcastle United,Crystal Palace,0.13894057016840655,0.40542417419656296,0.7752859734008567
2025-26,15,2026-01-06,West Ham United,Nottingham Forest,-0.31127996377927225,-0.6899177250074446,0.07335232047377502
2025-26,15,2026-01-07,Bournemouth,Tottenham,0.43764767059086296,1.042394498956071,-0.06323906075620726
2025-26,15,2026-01-07,Brentford,Sunderland,1.6456240625936118,1.0432492496628418,1.493863602809641
2025-26,15,2026-01-07,Crystal Palace,Aston Villa,-1.643714629079117,-1.531701456424658,-2.755740161227621
2025-26,15,2026-01-07,Everton,Wolverhampton Wanderers,2.839634118339154,2.354450075203471,1.080906159233318
2025-26,15,2026-01-07,Fulham,Chelsea,-2.9159227298683295,-1.2170735789610667,0.4741045310389779
2025-26,15,2026-01-07,Manchester City,Brighton and Hove Albion,2.0424261656828175,1.863647788605162,1.6694335887332699
2025-26,15,2026-01-07,Burnley,Manchester United,-1.7195965223042506,-3.152056816034821,-2.0403461571782913
2025-26,15,2026-01-07,Newcastle United,Leeds United,2.7603103853932396,2.7896076577017803,0.8945623507479226
2025-26,15,2026-01-08,Arsenal,Liverpool,0.5765947509091838,-0.06349715813484202,-0.44804815509046136
2025-26,15,2026-01-17,Nottingham Forest,Arsenal,-2.4954088965045944,-4.893907118263899,-2.8631294768698474
2025-26,15,2026-01-17,Tottenham,West Ham United,1.0280876393673477,2.8831899429519554,0.5463488432226171
2025-26,15,2026-01-17,Sunderland,Crystal Palace,-0.06217356430091314,-1.8254605498372811,-2.0223912830571065
2025-26,15,2026-01-17,Liverpool,Burnley,4.324766021447807,5.336308554691883,2.4009583623789497
2025-26,15,2026-01-17,Chelsea,Brentford,1.590378291136247,1.0474238693508635,0.45300069598609555
2025-26,15,2026-01-17,Manchester United,Manchester City,-1.1794747460092054,-1.5926932317060096,-2.135905010160647
2025-26,15,2026-01-17,Leeds United,Fulham,-0.7763399170603726,-0.33672758374500145,-0.7365451769823153
2025-26,15,2026-01-18,Wolverhampton Wanderers,Newcastle United,-1.300078750407767,-1.8029943160602215,-1.4544290276874903
2025-26,15,2026-01-18,Aston Villa,Everton,-0.6092933935074143,3.481836895083741,0.8775711432919848
2025-26,15,2026-01-19,Brighton and Hove Albion,Bournemouth,-0.3396229923776328,2.4310527749388555,0.04594979483094761
2025-26,15,2026-01-24,West Ham United,Sunderland,0.941281259362496,-1.6388360072606698,-0.7453643742016041
2025-26,15,2026-01-24,Burnley,Tottenham,-0.5959960910627835,-1.525164020426356,-0.40698462528087587
2025-26,15,2026-01-24,Fulham,Brighton and Hove Albion,-1.5749061247673701,0.16382117824513998,0.22659070105679574
2025-26,15,2026-01-24,Manchester City,Wolverhampton Wanderers,3.3557497914468293,4.844386131533803,1.9124183690874232
2025-26,15,2026-01-24,Bournemouth,Liverpool,-0.5980128973318664,-4.0000287536827575,-0.5887620257243199
2025-26,15,2026-01-25,Newcastle United,Aston Villa,-1.0858491622279747,-1.286466328496564,0.18730336456538482
2025-26,15,2026-01-25,Arsenal,Manchester United,1.8607184448629965,4.147950268416494,2.2936593806138474
2025-26,15,2026-01-25,Crystal Palace,Chelsea,-1.3830989167730383,-0.9333781365704636,1.2062319827503387
2025-26,15,2026-01-25,Brentford,Nottingham Forest,0.7530862771400528,0.9429905548499615,0.8385393928294903
2025-26,15,2026-01-26,Everton,Leeds United,-0.2823008816999657,2.6976049430677413,0.8103998192131385
2025-26,15,2026-01-31,Brighton and Hove Albion,Everton,1.6963564277828986,-0.2594202907909029,-0.3860008097784572
2025-26,15,2026-01-31,Leeds United,Arsenal,-2.3930487243309226,-4.207450007138449,-2.995594754337975
2025-26,15,2026-01-31,Wolverhampton Wanderers,Bournemouth,-2.9250900118707097,-1.5774468174505385,-1.2401757612768904
2025-26,15,2026-01-31,Chelsea,West Ham United,2.0097069031579746,2.965380201400915,2.556239226460285
2025-26,15,2026-01-31,Liverpool,Newcastle United,1.0960506426957757,1.1680528197692066,1.1564742374976973
2025-26,15,2026-02-01,Aston Villa,Brentford,1.6331842348488443,1.1830794730660923,-0.17784390591724134
2025-26,15,2026-02-01,Manchester United,Fulham,0.43039057106190626,0.38937219859896466,0.968445345178688
2025-26,15,2026-02-01,Nottingham Forest,Crystal Palace,-1.6773143465224223,0.9994853236488019,-1.02571355485087
2025-26,15,2026-02-01,Tottenham,Manchester City,-1.9749454251840017,-3.2873998315546924,-1.3010496726302292
2025-26,15,2026-02-02,Sunderland,Burnley,-2.515426908285642,2.0716022505762686,0.18849430385329952
2025-26,15,2026-02-06,Leeds United,Nottingham Forest,0.4916602368545604,-0.8088053948934544,-0.8280596788559038
2025-26,15,2026-02-07,Newcastle United,Brentford,1.3938554027056025,0.6155906887716398,0.7271482111482612
2025-26,15,2026-02-07,Wolverhampton Wanderers,Chelsea,-1.454381555922133,-3.3665412345973076,-1.915823331267714
2025-26,15,2026-02-07,Fulham,Everton,-2.6245560151372835,0.9053688657198418,-0.861006725601932
2025-26,15,2026-02-07,Manchester United,Tottenham,2.1897341867072466,0.6245654593505154,1.583014964044564
2025-26,15,2026-02-07,Bournemouth,Aston Villa,-0.03194511452530158,-0.1999387065252467,-1.7459604652241054
2025-26,15,2026-02-07,Arsenal,Sunderland,2.717158063024943,5.554483539139302,2.8596768279939058
2025-26,15,2026-02-07,Burnley,West Ham United,-1.7786883481486058,-1.7092183243045147,-0.8006658671475136
2025-26,15,2026-02-08,Brighton and Hove Albion,Crystal Palace,-1.3559739549540382,-1.0970079968837405,0.4059130107418326
2025-26,15,2026-02-08,Liverpool,Manchester City,1.8682750139685265,0.19379641196478303,-1.1877850021790095
2025-26,15,2026-02-10,Tottenham,Newcastle United,0.36334805293199146,-1.9395948812732833,1.5422454106545758
2025-26,15,2026-02-10,Chelsea,Leeds United,0.6657598478614144,3.4801579852402336,1.2319157155237819
2025-26,15,2026-02-10,Everton,Bournemouth,-0.30961320471698883,0.4914451401193194,-0.564886597073371
2025-26,15,2026-02-10,West Ham United,Manchester United,0.20086611686780387,-1.9416622294245602,-1.4630764114931878
2025-26,15,2026-02-11,Sunderland,Liverpool,-3.171688631159496,-3.8365695212192996,-1.6346344453126591
2025-26,15,2026-02-11,Nottingham Forest,Wolverhampton Wanderers,0.38407442949794124,3.794185157784459,1.3332731051000408
2025-26,15,2026-02-11,Aston Villa,Brighton and Hove Albion,1.5545806147915613,1.7110241251418685,1.11169892530187
2025-26,15,2026-02-11,Crystal Palace,Burnley,1.4999285088584688,2.3365051835944826,1.7242596762364868
2025-26,15,2026-02-11,Manchester City,Fulham,0.05796987901996964,4.027170176543544,0.8706425318791645
2025-26,15,2026-02-12,Brentford,Arsenal,-1.0339052382602798,-1.1810683174810919,-0.23650241958063417
2025-26,15,2026-02-18,Wolverhampton Wanderers,Arsenal,-2.6876178610212076,-5.507087371515557,-1.8524347683111828
2025-26,15,2026-02-21,Aston Villa,Leeds United,1.7188410247233765,2.137694776219882,0.39562882812669786
2025-26,15,2026-02-21,Brentford,Brighton and Hove Albion,-0.03502499634994116,0.43844317231915575,-0.0821119825759908
2025-26,15,2026-02-21,Chelsea,Burnley,3.46585837851406,4.05242977490352,3.037141969060451
2025-26,15,2026-02-21,West Ham United,Bournemouth,-1.900325126005436,-2.119695775476125,-0.8366268126401678
2025-26,15,2026-02-21,Manchester City,Newcastle United,1.90173695295862,2.7485181271784,1.779038667854654
2025-26,15,2026-02-22,Crystal Palace,Wolverhampton Wanderers,0.7723845253672632,2.2885317464853046,1.6439757587686956
2025-26,15,2026-02-22,Nottingham Forest,Liverpool,-2.440911912696345,-1.9878494545755316,-1.2145352403602914
2025-26,15,2026-02-22,Sunderland,Fulham,-0.5462511453188252,0.08828482864296827,0.4800671304094621
2025-26,15,2026-02-22,Tottenham,Arsenal,-3.2167638741668583,-4.182854096817799,-0.7594836583955512
2025-26,15,2026-02-23,Everton,Manchester United,-0.9570135995029361,-0.41772058604385087,-1.0137009850441274
2025-26,15,2026-02-27,Wolverhampton Wanderers,Aston Villa,-2.4580538608754843,-4.256526081954651,-1.952206841674932
2025-26,15,2026-02-28,Leeds United,Manchester City,-2.233750324856567,-2.9918239680352006,-1.6851033927521741
2025-26,15,2026-02-28,Newcastle United,Everton,-0.8102707083159846,-0.5218263385710955,1.8543296071187143
2025-26,15,2026-02-28,Bournemouth,Sunderland,-0.4811789398963402,1.6329333008462044,0.7109008368632843
2025-26,15,2026-02-28,Burnley,Brentford,-0.8696317981458161,-0.8582810735929209,-0.029461125224094074
2025-26,15,2026-02-28,Liverpool,West Ham United,2.7452858555966877,2.7039181401727106,0.943588603155888
2025-26,15,2026-03-01,Brighton and Hove Albion,Nottingham Forest,-0.7820704062690265,0.3326174787457461,1.2854966601473776
2025-26,15,2026-03-01,Fulham,Tottenham,-0.15029289721373118,2.192393036511426,1.8374914955197497
2025-26,15,2026-03-01,Manchester United,Crystal Palace,0.2954405817085508,1.6436111636808617,1.6631288664850417
2025-26,15,2026-03-01,Arsenal,Chelsea,2.0280411806107494,2.8554826790194774,1.0313431195009144
2025-26,15,2026-03-03,Bournemouth,Brentford,-0.12585704179369905,-0.5827289861435823,-0.15680075771710733
2025-26,15,2026-03-03,Everton,Burnley,1.8424266845279256,2.7801431830698577,3.7310461458447945
2025-26,15,2026-03-03,Leeds United,Sunderland,-1.0213863608221967,-0.8293562184541621,0.11648958045626898
2025-26,15,2026-03-03,Wolverhampton Wanderers,Liverpool,-2.4522262579734377,-3.7337046932812727,-3.5286959753801286
2025-26,15,2026-03-04,Newcastle United,Manchester United,1.6929192824958985,-3.2629543670946273,-0.36060816801354745
2025-26,15,2026-03-04,Manchester City,Nottingham Forest,1.2039288586785641,4.572507904335932,2.323826682587719
2025-26,15,2026-03-04,Fulham,West Ham United,-0.2768513720383865,0.31717878251213616,-0.24927588995410588
2025-26,15,2026-03-04,Brighton and Hove Albion,Arsenal,-2.106635226215481,-2.8636035109291136,-1.0419961197020613
2025-26,15,2026-03-04,Aston Villa,Chelsea,2.663548457139834,0.9773765142207864,-1.2304380584444985
2025-26,15,2026-03-05,Tottenham,Crystal Palace,1.5336549636089991,-0.21383324101008583,-1.3330580372610428
2025-26,15,2026-03-14,Burnley,Bournemouth,-1.3386541652116595,-3.0458220296648824,-2.6443186488573773
2025-26,15,2026-03-14,Sunderland,Brighton and Hove Albion,1.8253443638556703,-1.1034891120476606,-0.42280395952871147
2025-26,15,2026-03-14,Arsenal,Everton,1.6079582967734787,2.251642530571841,2.101970568274075
2025-26,15,2026-03-14,Chelsea,Newcastle United,1.058698345491786,2.5357409916018687,-0.5390150516849929
2025-26,15,2026-03-14,West Ham United,Manchester City,-1.508468837506598,-4.606672331473093,-2.2352600055534166
2025-26,15,2026-03-15,Crystal Palace,Leeds United,2.3326761073458027,2.051515057642023,1.4527926013084922
2025-26,15,2026-03-15,Manchester United,Aston Villa,-1.295922176149034,-0.5326345749127608,-0.23540155923978717
2025-26,15,2026-03-15,Nottingham Forest,Fulham,-0.13505290530734904,0.7177169354797428,1.1363365312104918
2025-26,15,2026-03-15,Liverpool,Tottenham,2.4225923054836205,3.5428855356305053,0.9353251817874877
2025-26,15,2026-03-16,Brentford,Wolverhampton Wanderers,0.8462315848885957,3.807961088763024,0.6960560404757998
2025-26,15,2026-03-20,Bournemouth,Manchester United,-0.4915146024904278,-1.0028003677640562,0.461821487097717
2025-26,15,2026-03-21,Brighton and Hove Albion,Liverpool,1.2766902025389903,-1.7809000731853715,-0.8325932568755207
2025-26,15,2026-03-21,Fulham,Burnley,1.4571092164657315,3.723203242370259,0.5137094019110819
2025-26,15,2026-03-21,Everton,Chelsea,-2.179709259321916,0.5760907199758627,-1.0797431301515843
2025-26,15,2026-03-21,Leeds United,Brentford,-1.8225989986952928,-0.49555750949105537,-0.6051459266482112
2025-26,15,2026-03-22,Newcastle United,Sunderland,2.7878506127705194,2.216938219127985,1.8038010416175667
2025-26,15,2026-03-22,Aston Villa,West Ham United,-0.17100641502433156,1.658492509670956,1.033394546376441
2025-26,15,2026-03-22,Tottenham,Nottingham Forest,-0.026228648550937095,-0.7870723717964339,-0.2600244042262162
2025-26,15,2026-04-10,West Ham United,Wolverhampton Wanderers,-1.483487407722583,0.7832218875007975,1.2159101567694293
2025-26,15,2026-04-11,Arsenal,Bournemouth,2.3789775264944275,4.289978823918269,1.2277241613523586
2025-26,15,2026-04-11,Brentford,Everton,0.50397686917775,0.4986004055659432,0.12953643396929665
2025-26,15,2026-04-11,Burnley,Brighton and Hove Albion,-1.7216894082203975,-3.0823262166450807,-2.3182846521338205
2025-26,15,2026-04-11,Liverpool,Fulham,1.8680240216918573,1.9885834510466722,1.0519238679474925
2025-26,15,2026-04-12,Chelsea,Manchester City,-0.917906723845114,-0.6764268626551413,-0.33243714009042546
2025-26,15,2026-04-12,Sunderland,Tottenham,2.5612308911385657,-0.10883024829871157,-0.737904100591166
2025-26,15,2026-04-12,Nottingham Forest,Aston Villa,-2.331703062179008,-0.9847889623970154,-1.5258610622824222
2025-26,15,2026-04-12,Crystal Palace,Newcastle United,-1.7482626152950917,-0.9868292344230039,0.2406599575892116
2025-26,15,2026-04-13,Manchester United,Leeds United,1.3255196205265989,4.270997157477625,0.8183611316314383
2025-26,15,2026-04-18,Brentford,Fulham,0.9307156441783384,0.3068180707451429,0.9960214946206918
2025-26,15,2026-04-18,Leeds United,Wolverhampton Wanderers,0.19189928431891623,1.187514592938884,0.37713331346562173
2025-26,15,2026-04-18,Newcastle United,Bournemouth,-0.7307212353361194,-0.7371367132368594,-0.15725475421956644
2025-26,15,2026-04-18,Tottenham,Brighton and Hove Albion,-0.8733559124092185,-3.179406481305821,-1.8601084183761145
2025-26,15,2026-04-18,Chelsea,Manchester United,0.39721791511056814,1.1720854241230416,0.4532740662812117
2025-26,15,2026-04-19,Aston Villa,Sunderland,-0.19620763295276333,1.6140685499646992,2.0371414166208055
2025-26,15,2026-04-19,Everton,Liverpool,-0.23578840980468208,-0.6554266755842413,-0.6567594141566971
2025-26,15,2026-04-19,Nottingham Forest,Burnley,0.5590785093515382,2.4120561025013654,2.4155934608531124
2025-26,15,2026-04-19,Manchester City,Arsenal,-0.9309521670896128,-0.9001728939525542,0.9117269923627817
2025-26,15,2026-04-20,Crystal Palace,West Ham United,0.5110843862658747,1.5102891059889663,0.7459652170360684
2025-26,15,2026-04-21,Brighton and Hove Albion,Chelsea,-0.5600378663970851,1.4029359522775202,-0.6421495636372129
2025-26,15,2026-04-22,Burnley,Manchester City,-4.508660703409534,-6.336156768183293,-2.406423659915613
2025-26,15,2026-04-22,Bournemouth,Leeds United,1.8634831562891048,1.2679243580751933,-1.1595447993648578
2025-26,15,2026-04-24,Sunderland,Nottingham Forest,0.5335015076429102,0.1058618993720879,0.13222292071125424
2025-26,15,2026-04-25,Fulham,Aston Villa,-1.314302663711656,-3.9092113753942925,-0.10020470130340157
2025-26,15,2026-04-25,Liverpool,Crystal Palace,-0.5310557302658268,2.7078252617589733,0.009342876903335195
2025-26,15,2026-04-25,West Ham United,Everton,-1.6994725407521134,0.1836421212468613,-0.9564294884331076
2025-26,15,2026-04-25,Wolverhampton Wanderers,Tottenham,-0.4816966484145784,-0.12549264512676217,-0.5845798360528761
2025-26,15,2026-04-25,Arsenal,Newcastle United,2.29226953557869,2.706187960413593,2.1236437678333844
2025-26,15,2026-04-27,Manchester United,Brentford,2.0636514156055483,0.6952262605972539,0.2798345604404801
2025-26,15,2026-05-01,Leeds United,Burnley,1.4821598499630735,2.9539669810874507,2.2448555881070575
2025-26,15,2026-05-02,Brentford,West Ham United,2.2055501933092962,0.36672381641076246,0.0962049399573786
2025-26,15,2026-05-02,Newcastle United,Brighton and Hove Albion,0.8126931786964136,-1.5363542648596038,-0.4307069532139366
2025-26,15,2026-05-02,Wolverhampton Wanderers,Sunderland,-0.7602308507831399,-1.008908322641087,0.324831535244347
2025-26,15,2026-05-02,Arsenal,Fulham,3.539900249950728,3.541463102081627,2.309451968030163
2025-26,15,2026-05-03,Aston Villa,Tottenham,0.11945404640448487,2.010886429915459,0.9786718541598247
2025-26,15,2026-05-03,Manchester United,Liverpool,-0.7396201734434982,0.18130618162150647,-0.7117842635173914
2025-26,15,2026-05-03,Bournemouth,Crystal Palace,-0.8314042558099963,2.4255342323294578,-0.5593252448595095
2025-26,15,2026-05-04,Chelsea,Nottingham Forest,-0.7034423422820417,0.5510566454747927,0.9363337589477851
2025-26,15,2026-05-04,Everton,Manchester City,-2.8494426147034453,-2.664608664867335,-0.5979028573924665
2025-26,15,2026-05-09,Liverpool,Chelsea,0.9270369101861249,2.2557159083446408,0.7844619422983925
2025-26,15,2026-05-09,Brighton and Hove Albion,Wolverhampton Wanderers,1.1962122356514868,1.489504951803922,0.7495975007992968
2025-26,15,2026-05-09,Fulham,Bournemouth,-1.353459607395454,-0.6177665881695535,0.05799300721320435
2025-26,15,2026-05-09,Sunderland,Manchester United,-0.6761323757007034,-3.5765496907679744,-0.9304527671272268
2025-26,15,2026-05-09,Manchester City,Brentford,2.3252088774504713,2.939922253680532,1.93754129592202
2025-26,15,2026-05-10,Nottingham Forest,Newcastle United,0.9294416119255953,0.8443889380918499,1.1028938286799501
2025-26,15,2026-05-10,Burnley,Aston Villa,-2.1688331262167413,-3.1287403805045892,-2.703960935272336
2025-26,15,2026-05-10,Crystal Palace,Everton,-0.39204681153463916,0.5735105113810466,0.1180178098744463
2025-26,15,2026-05-10,West Ham United,Arsenal,-1.1952915623753633,-3.257580674426536,-2.0357239941574123
2025-26,15,2026-05-11,Tottenham,Leeds United,0.2934848800541907,-1.9818081751445717,0.4646644332162978
2025-26,15,2026-05-13,Manchester City,Crystal Palace,2.0854349140895305,3.228784403104221,-0.05415467571145314
2025-26,15,2026-05-15,Aston Villa,Liverpool,-1.9959989294266318,-0.3149684695875443,0.16176444388737393
2025-26,15,2026-05-17,Manchester United,Nottingham Forest,0.2022454400720317,1.760518799167909,-0.5084319598905097
2025-26,15,2026-05-17,Brentford,Crystal Palace,-0.8619105007055463,-0.1420813590619625,-0.7183126768352139
2025-26,15,2026-05-17,Everton,Sunderland,-1.8343699347446876,3.4284189268467795,0.8940761493528229
2025-26,15,2026-05-17,Leeds United,Brighton and Hove Albion,-2.0752124700299266,-2.6527876989330386,-0.862995910301595
2025-26,15,2026-05-17,Wolverhampton Wanderers,Fulham,-1.4673787092565131,-1.7642448899730088,-1.235423845031353
2025-26,15,2026-05-17,Newcastle United,West Ham United,1.2242751887503118,1.4860328561199685,0.5766441543830225
2025-26,15,2026-05-18,Arsenal,Burnley,3.3487276563035078,5.759786823091606,3.1649167326358283
2025-26,15,2026-05-19,Chelsea,Tottenham,1.3421297998188084,1.6835134529188869,1.1145449367501883
2025-26,15,2026-05-19,Bournemouth,Manchester City,-1.4870271375831265,-1.1256138358387435,-1.7080437080077473
2025-26,15,2026-05-24,Nottingham Forest,Bournemouth,-1.3645405499418057,1.0911354763039043,-0.792442801962126
2025-26,15,2026-05-24,Manchester City,Aston Villa,0.48547115722081813,3.091929783016516,1.709501032549234
2025-26,15,2026-05-24,Sunderland,Chelsea,-2.387722617536925,-0.5619564037519158,-0.4992297704510619
2025-26,15,2026-05-24,Liverpool,Brentford,0.7587154378909311,2.152729030417219,-0.3499840030583087
2025-26,15,2026-05-24,Tottenham,Everton,-0.545472264592405,0.41182517962769083,0.9082407272429094
2025-26,15,2026-05-24,Crystal Palace,Arsenal,-3.966941992309952,-2.29458872588439,-0.6357577483837247
2025-26,15,2026-05-24,Burnley,Wolverhampton Wanderers,-1.957510521254827,-0.4973640389726093,-0.7264807409402593
2025-26,15,2026-05-24,Brighton and Hove Albion,Manchester United,-2.071850205586447,0.3529402074892509,-0.251637645089572
2025-26,15,2026-05-24,Fulham,Newcastle United,1.9049730380524412,-0.8870456098004507,-0.579821847974101
2025-26,15,2026-05-24,West Ham United,Leeds United,-0.16111638102123038,-1.7175486040553718,-1.0502769003688925
