season,gw,match_id,home_team,away_team,home_exp_xi_att,home_exp_xi_creativity,home_exp_xi_xgi,home_exp_xi_value,home_exp_bench_value,home_xi_continuity,home_top_creator_dep,away_exp_xi_att,away_exp_xi_creativity,away_exp_xi_xgi,away_exp_xi_value,away_exp_bench_value,away_xi_continuity,away_top_creator_dep,diff_exp_xi_att,diff_exp_xi_creativity,diff_exp_xi_xgi,diff_exp_xi_value,date,home,away,fthg,ftag,ftr,home_elo,away_elo,elo_diff,home_pos,away_pos,pos_diff,home_played,away_played,h2h_home_wins,h2h_away_wins,h2h_draws,h2h_n,home_form5_ppg,home_form5_gf,home_form5_ga,home_form5_cs,home_form5_n,away_form5_ppg,away_form5_gf,away_form5_ga,away_form5_cs,away_form5_n,home_form10_ppg,home_form10_gf,home_form10_ga,home_form10_cs,home_form10_n,away_form10_ppg,away_form10_gf,away_form10_ga,away_form10_cs,away_form10_n,home_athome_ppg,home_athome_gf,home_athome_ga,home_athome_cs,home_athome_n,away_ataway_ppg,away_ataway_gf,away_ataway_ga,away_ataway_cs,away_ataway_n,v4_home_att,v4_home_def,v4_away_att,v4_away_def,v4_home_unc,v4_away_unc
2022-23,1,2022-23_GW1_Crystal Palace_vs_Arsenal,Crystal Palace,Arsenal,0.125,0.1,0.225,55.5,137.5,0.6072,0.1333,0.1917,0.1533,0.345,56.4,139.7,0.5419,0.087,-0.06670000000000001,-0.053299999999999986,-0.11999999999999997,-0.8999999999999986,2022-08-05,Crystal Palace,Arsenal,0,2,A,1524.2,1636.0,-111.9,1,1,0,0,0,1,1,3,5,2.0,1.4,1.0,0.4,5,1.8,1.8,1.6,0.0,5,1.5,1.1,0.8,0.5,10,1.5,1.7,1.7,0.0,10,2.2,1.0,0.0,1.0,5,1.2,1.2,1.8,0.0,5,1.012885977107103,0.9872779588242432,1.0718984236034663,0.93292421929145,0.5031119999999999,0.550236
2022-23,1,2022-23_GW1_Everton_vs_Chelsea,Everton,Chelsea,0.1417,0.1133,0.255,53.9,150.7,0.6201,0.1176,0.1833,0.1467,0.33,65.3,185.5,0.5792,0.0909,-0.0416,-0.0334,-0.07500000000000001,-11.399999999999999,2022-08-06,Everton,Chelsea,0,1,A,1493.2,1670.5,-177.3,3,3,0,0,0,2,2,1,5,1.4,1.6,2.2,0.2,5,1.6,1.6,1.0,0.2,5,1.4,1.3,1.7,0.3,10,1.5,1.9,1.4,0.3,10,2.0,1.6,1.2,0.4,5,2.0,2.6,0.6,0.4,5,0.9963716862557084,1.0036415263443772,1.0899439792809755,0.917478346602446,0.513012,0.5142359999999999
2022-23,1,2022-23_GW1_Tottenham_vs_Southampton,Tottenham,Southampton,0.125,0.1,0.225,63.1,134.6,0.6093,0.1333,0.1917,0.1533,0.345,55.7,159.2,0.6287,0.087,-0.06670000000000001,-0.053299999999999986,-0.11999999999999997,7.399999999999999,2022-08-06,Tottenham,Southampton,4,1,H,1651.8,1468.8,183.0,5,5,0,0,0,2,2,1,5,2.6,2.6,0.4,0.6,5,0.2,1.0,2.6,0.0,5,2.3,2.5,0.5,0.5,10,0.5,0.8,2.4,0.1,10,2.4,2.4,0.6,0.4,5,0.4,0.8,2.4,0.0,5,1.080172116349733,0.9257783874104604,0.9833250974959916,1.0169576699979186,0.511968,0.5040839999999999
2022-23,1,2022-23_GW1_Newcastle United_vs_Nottingham Forest,Newcastle United,Nottingham Forest,0.0917,0.0733,0.165,53.6,128.1,0.5124,0.1818,0.4083,0.3267,0.735,55.0,190.0,0.3,0.0408,-0.3166,-0.25339999999999996,-0.57,-1.3999999999999986,2022-08-06,Newcastle United,Nottingham Forest,2,0,H,1550.4,1500.0,50.4,7,7,0,0,0,0,0,0,0,1.8,1.4,1.4,0.4,5,0.0,0.0,0.0,0.0,0,1.8,1.2,1.4,0.4,10,0.0,0.0,0.0,0.0,0,2.4,1.2,0.4,0.6,5,0.0,0.0,0.0,0.0,0,1.0267908750970105,0.9739081484392048,1.0,1.0,0.510564,0.66
2022-23,1,2022-23_GW1_Leeds United_vs_Wolverhampton Wanderers,Leeds United,Wolverhampton Wanderers,0.1333,0.1067,0.24,56.4,140.7,0.689,0.125,0.2,0.16,0.36,56.7,153.8,0.5813,0.0833,-0.06670000000000001,-0.0533,-0.12,-0.30000000000000426,2022-08-06,Leeds United,Wolverhampton Wanderers,2,1,H,1504.4,1518.1,-13.6,9,9,0,0,0,1,2,1,4,0.8,0.8,2.2,0.0,5,0.4,1.0,2.8,0.0,5,1.5,1.3,1.5,0.2,10,0.8,1.0,2.0,0.1,10,1.0,0.8,2.0,0.0,5,0.8,0.8,1.4,0.2,5,1.0023459791174811,0.9976595116193844,1.0096417408302332,0.9904503345688692,0.4967399999999999,0.543828
2022-23,1,2022-23_GW1_Bournemouth_vs_Aston Villa,Bournemouth,Aston Villa,0.35,0.28,0.63,55.0,155.0,0.3,0.0476,0.1333,0.1067,0.24,62.6,159.1,0.6029,0.125,0.21669999999999998,0.1733,0.39,-7.600000000000001,2022-08-06,Bournemouth,Aston Villa,2,0,H,1425.5,1505.3,-79.8,11,11,0,0,0,2,0,0,2,1.4,1.6,1.2,0.2,5,1.0,1.6,1.6,0.0,5,0.7,1.2,2.0,0.1,10,0.9,1.1,1.5,0.2,10,0.8,1.0,1.8,0.2,5,0.8,1.4,1.6,0.2,5,0.9600652932893108,1.0415958237318086,1.0028256693199489,0.997182292589434,0.66,0.522948
2022-23,1,2022-23_GW1_Fulham_vs_Liverpool,Fulham,Liverpool,0.35,0.28,0.63,55.0,155.0,0.3,0.0476,0.1,0.08,0.18,72.6,127.5,0.6258,0.1667,0.24999999999999997,0.2,0.45,-17.599999999999994,2022-08-06,Fulham,Liverpool,2,2,D,1393.7,1805.2,-411.5,13,13,0,0,0,1,2,1,4,0.2,0.4,2.0,0.0,5,2.6,1.8,0.8,0.2,5,0.2,0.5,2.0,0.0,10,2.6,2.1,0.6,0.5,10,0.0,0.2,2.0,0.0,5,2.6,1.8,0.8,0.4,5,0.9428930460802822,1.0605656751389971,1.1597042604087506,0.8622888042573362,0.66,0.506676
2022-23,1,2022-23_GW1_Leicester City_vs_Brentford,Leicester City,Brentford,0.0833,0.0667,0.15,62.8,130.2,0.605,0.2,0.1083,0.0867,0.195,54.0,125.1,0.661,0.1538,-0.024999999999999994,-0.020000000000000004,-0.04500000000000001,8.799999999999997,2022-08-07,Leicester City,Brentford,2,2,D,1567.8,1504.3,63.5,15,15,0,0,0,2,0,0,2,2.0,2.8,1.0,0.2,5,1.4,1.4,1.4,0.4,5,1.5,1.9,1.2,0.2,10,1.9,1.8,1.1,0.4,10,2.0,2.0,0.8,0.4,5,1.8,2.0,1.8,0.0,5,1.035999440450506,0.9652514865887848,1.0022926766637688,0.9977125676789336,0.4916999999999999,0.5019239999999999
2022-23,1,2022-23_GW1_Manchester United_vs_Brighton and Hove Albion,Manchester United,Brighton and Hove Albion,0.1833,0.1467,0.33,71.4,150.1,0.5189,0.0909,0.1667,0.1333,0.3,56.6,144.3,0.5964,0.1,0.016600000000000004,0.013399999999999995,0.030000000000000027,14.800000000000004,2022-08-07,Manchester United,Brighton and Hove Albion,1,2,A,1617.8,1538.2,79.6,17,17,0,0,0,4,1,0,5,0.8,1.0,1.8,0.2,5,2.2,2.6,0.8,0.4,5,1.1,1.2,1.9,0.1,10,1.8,1.6,1.0,0.4,10,2.2,2.2,1.2,0.2,5,2.0,1.4,1.0,0.4,5,1.0623481296445223,0.9413110185778883,1.0203219704860231,0.9800827865381132,0.5545559999999999,0.529284
2022-23,1,2022-23_GW1_West Ham United_vs_Manchester City,West Ham United,Manchester City,0.1083,0.0867,0.195,61.8,109.9,0.7127,0.1538,0.15,0.12,0.27,76.3,111.6,0.5498,0.1111,-0.0417,-0.033299999999999996,-0.07500000000000001,-14.5,2022-08-07,West Ham United,Manchester City,0,2,A,1562.7,1817.9,-255.2,19,19,0,0,0,0,3,2,5,0.8,1.6,1.6,0.2,5,2.6,3.8,1.0,0.4,5,1.1,1.4,1.6,0.1,10,2.4,3.1,0.8,0.5,10,1.6,1.6,1.4,0.0,5,2.2,2.6,0.6,0.6,5,1.0333025055747012,0.9677708072950244,1.1662267117682794,0.8574662112512926,0.497892,0.551352
2022-23,2,2022-23_GW2_Brentford_vs_Manchester United,Brentford,Manchester United,0.1083,0.0867,0.195,54.0,125.1,0.661,0.1538,0.1833,0.1467,0.33,71.4,150.1,0.5189,0.0909,-0.075,-0.06,-0.135,-17.400000000000006,2022-08-13,Brentford,Manchester United,4,0,H,1508.7,1603.0,-94.3,12,14,2,1,1,0,2,0,2,1.4,1.8,1.8,0.2,5,0.8,1.0,1.6,0.2,5,1.7,1.8,1.3,0.3,10,0.8,1.0,1.9,0.1,10,2.0,1.6,0.4,0.8,5,0.0,0.2,2.6,0.0,5,0.711695727662467,0.705140645215228,0.7053859087092771,0.6342772847406091,0.5433342490437657,0.5919197085867871
2022-23,2,2022-23_GW2_Wolverhampton Wanderers_vs_Fulham,Wolverhampton Wanderers,Fulham,0.2,0.16,0.36,56.7,153.8,0.5813,0.0833,0.35,0.28,0.63,55.0,155.0,0.3,0.0476,-0.14999999999999997,-0.12000000000000002,-0.27,1.7000000000000028,2022-08-13,Wolverhampton Wanderers,Fulham,0,0,D,1510.5,1400.8,109.7,13,10,-3,1,1,3,0,1,4,0.4,1.2,2.6,0.0,5,0.4,0.8,2.0,0.0,5,0.5,1.0,2.2,0.0,10,0.3,0.7,1.9,0.0,10,0.8,1.2,2.6,0.0,5,0.4,0.8,2.0,0.0,5,0.6815823483499528,0.6740175140604485,0.5164002744896046,0.5761434992479154,0.5820165164227513,0.6892567886151796
2022-23,2,2022-23_GW2_Southampton_vs_Leeds United,Southampton,Leeds United,0.1917,0.1533,0.345,55.7,159.2,0.6287,0.087,0.1333,0.1067,0.24,56.4,140.7,0.689,0.125,0.05840000000000001,0.04659999999999999,0.10499999999999998,-0.6999999999999957,2022-08-13,Southampton,Leeds United,2,2,D,1465.5,1512.0,-46.4,19,7,-12,1,1,1,2,1,4,0.0,0.8,3.0,0.0,5,1.4,1.2,1.6,0.0,5,0.5,0.8,2.6,0.1,10,1.5,1.3,1.5,0.2,10,0.6,0.8,2.4,0.2,5,2.0,1.8,1.0,0.4,5,0.6939366222321462,0.7202586884590678,0.716350831434683,0.7072759943004671,0.5453281803519607,0.5385488139040974
2022-23,2,2022-23_GW2_Aston Villa_vs_Everton,Aston Villa,Everton,0.1333,0.1067,0.24,62.6,159.1,0.6029,0.125,0.1417,0.1133,0.255,53.9,150.7,0.6201,0.1176,-0.00839999999999999,-0.006599999999999995,-0.015000000000000013,8.700000000000003,2022-08-13,Aston Villa,Everton,2,1,H,1495.9,1485.4,10.5,18,15,-3,1,1,3,0,2,5,0.4,1.0,1.8,0.0,5,0.8,1.2,2.2,0.2,5,0.9,1.1,1.6,0.2,10,1.4,1.1,1.5,0.3,10,1.0,1.0,1.6,0.2,5,0.8,1.0,2.2,0.2,5,0.6922937650730294,0.6953321900539552,0.6954260364843593,0.7063947935473767,0.5627418471101984,0.5535697630925008
2022-23,2,2022-23_GW2_Brighton and Hove Albion_vs_Newcastle United,Brighton and Hove Albion,Newcastle United,0.1667,0.1333,0.3,56.6,144.3,0.5964,0.1,0.0917,0.0733,0.165,53.6,128.1,0.5124,0.1818,0.07499999999999998,0.06,0.13499999999999998,3.0,2022-08-13,Brighton and Hove Albion,Newcastle United,0,0,D,1552.9,1556.4,-3.4,8,5,-3,1,1,2,1,2,5,2.6,2.6,0.6,0.4,5,1.8,1.2,1.4,0.4,5,2.1,1.8,0.9,0.4,10,2.1,1.4,1.3,0.5,10,1.6,1.8,1.0,0.4,5,1.2,1.2,2.4,0.2,5,0.708495226927046,0.6702755216926228,0.7236381692824914,0.6821400132849107,0.5685907122809041,0.5513099742765463
2022-23,2,2022-23_GW2_Arsenal_vs_Leicester City,Arsenal,Leicester City,0.1917,0.1533,0.345,56.4,139.7,0.5419,0.087,0.0833,0.0667,0.15,62.8,130.2,0.605,0.2,0.10840000000000001,0.0866,0.19499999999999998,-6.399999999999999,2022-08-13,Arsenal,Leicester City,4,2,H,1645.7,1563.4,82.3,6,13,7,1,1,3,1,1,5,1.8,1.8,1.4,0.2,5,2.2,3.0,1.0,0.2,5,1.8,1.9,1.4,0.1,10,1.3,1.9,1.3,0.2,10,1.8,2.2,1.4,0.0,5,1.0,1.8,1.6,0.0,5,0.7243017709679879,0.6244598076554785,0.7390951832501796,0.6917261821719766,0.5879318459703968,0.5338963075183087
2022-23,2,2022-23_GW2_Manchester City_vs_Bournemouth,Manchester City,Bournemouth,0.15,0.12,0.27,76.3,111.6,0.5498,0.1111,0.35,0.28,0.63,55.0,155.0,0.3,0.0476,-0.19999999999999998,-0.16000000000000003,-0.36,21.299999999999997,2022-08-13,Manchester City,Bournemouth,4,0,H,1823.7,1434.9,388.8,8,7,-1,1,1,5,0,0,5,2.6,3.4,1.0,0.4,5,1.8,2.0,1.2,0.2,5,2.6,3.3,0.8,0.5,10,1.0,1.3,1.8,0.2,10,2.6,3.6,1.0,0.4,5,0.6,1.4,2.2,0.0,5,0.7852329519917431,0.5744061668048464,0.5264327100446216,0.565163705598397,0.5889620438129644,0.6892567886151796
2022-23,2,2022-23_GW2_Nottingham Forest_vs_West Ham United,Nottingham Forest,West Ham United,0.4083,0.3267,0.735,55.0,190.0,0.3,0.0408,0.1083,0.0867,0.195,61.8,109.9,0.7127,0.1538,0.3,0.24,0.54,-6.799999999999997,2022-08-14,Nottingham Forest,West Ham United,1,0,H,1494.1,1556.9,-62.8,18,19,1,1,1,0,0,0,0,0.0,0.0,2.0,0.0,1,0.8,1.6,1.8,0.2,5,0.0,0.0,2.0,0.0,1,0.8,1.2,1.7,0.1,10,0.0,0.0,0.0,0.0,0,0.6,1.2,1.8,0.2,5,0.5437375056506858,0.5471770074072497,0.7325502543571453,0.6901862264623249,0.6892567886151796,0.5396122439351348
2022-23,2,2022-23_GW2_Chelsea_vs_Tottenham,Chelsea,Tottenham,0.1833,0.1467,0.33,65.3,185.5,0.5792,0.0909,0.125,0.1,0.225,63.1,134.6,0.6093,0.1333,0.05829999999999999,0.04669999999999999,0.10500000000000001,2.1999999999999957,2022-08-14,Chelsea,Tottenham,2,2,D,1678.3,1655.1,23.2,8,7,-1,1,1,4,0,1,5,2.2,1.8,0.8,0.4,5,2.6,2.8,0.4,0.6,5,1.8,1.9,1.0,0.4,10,2.3,2.6,0.5,0.5,10,1.6,1.6,1.6,0.2,5,2.2,2.4,0.2,0.8,5,0.7658474947525188,0.6398776765839684,0.7590745447721466,0.6485025085990586,0.5546996575004779,0.5526060296268731
2022-23,2,2022-23_GW2_Liverpool_vs_Crystal Palace,Liverpool,Crystal Palace,0.1,0.08,0.18,72.6,127.5,0.6258,0.1667,0.125,0.1,0.225,55.5,137.5,0.6072,0.1333,-0.024999999999999994,-0.020000000000000004,-0.04500000000000001,17.099999999999994,2022-08-15,Liverpool,Crystal Palace,1,1,D,1798.1,1514.5,283.6,13,18,5,1,1,5,0,0,5,2.2,2.0,1.2,0.0,5,1.4,1.0,1.2,0.4,5,2.4,2.1,0.8,0.4,10,1.4,1.1,1.0,0.4,10,2.6,2.4,0.4,0.6,5,0.8,1.2,1.6,0.0,5,0.8152883298881742,0.6100354801669847,0.7130898707741659,0.7021977566854017,0.547720897921795,0.544430911263273
2022-23,3,2022-23_GW3_Bournemouth_vs_Arsenal,Bournemouth,Arsenal,0.15,0.12,0.27,55.0,153.5,0.3,0.1111,0.0833,0.0667,0.15,54.0,146.4,0.2818,0.2,0.0667,0.0533,0.12000000000000002,1.0,2022-08-20,Bournemouth,Arsenal,0,3,A,1433.8,1650.9,-217.1,11,2,-9,2,2,1,3,1,5,1.2,1.2,1.8,0.2,5,1.8,2.2,1.6,0.2,5,1.0,1.3,2.0,0.2,10,2.1,2.2,1.4,0.1,10,1.4,1.4,1.4,0.4,5,1.8,1.6,1.6,0.2,5,0.3744676672025909,0.4025118012871732,0.5621339406750676,0.482205982849018,0.6424149007176995,0.5488801898656122
2022-23,3,2022-23_GW3_Tottenham_vs_Wolverhampton Wanderers,Tottenham,Wolverhampton Wanderers,0.0417,0.0333,0.075,59.3,149.0,0.1682,0.4,0.1167,0.0933,0.21,54.7,151.5,0.3545,0.1429,-0.075,-0.05999999999999999,-0.135,4.599999999999994,2022-08-20,Tottenham,Wolverhampton Wanderers,1,0,H,1658.5,1505.1,153.4,4,14,10,2,2,2,2,1,5,2.6,3.0,0.6,0.6,5,0.4,0.8,2.2,0.2,5,2.1,2.3,0.6,0.5,10,0.6,0.8,1.9,0.1,10,2.4,2.2,0.6,0.4,5,0.2,0.8,1.8,0.0,5,0.6006498162452143,0.5114728691095703,0.5280514556050983,0.5251915009767111,0.5162703513494532,0.5434196524659167
2022-23,3,2022-23_GW3_Crystal Palace_vs_Aston Villa,Crystal Palace,Aston Villa,0.0833,0.0667,0.15,54.0,135.0,0.2818,0.2,0.0833,0.0667,0.15,54.5,162.3,0.2818,0.2,0.0,0.0,0.0,-0.5,2022-08-20,Crystal Palace,Aston Villa,3,1,H,1522.5,1502.8,19.7,15,9,-6,2,2,1,3,1,5,1.0,1.0,1.4,0.2,5,1.0,1.2,1.6,0.0,5,1.2,0.9,1.1,0.3,10,1.2,1.2,1.5,0.2,10,2.0,1.0,0.4,0.8,5,0.8,1.2,1.6,0.2,5,0.5681189437547213,0.5547452641275222,0.5459274313362877,0.5443008759186166,0.5087237659543684,0.5256268901523022
2022-23,3,2022-23_GW3_Everton_vs_Nottingham Forest,Everton,Nottingham Forest,0.0833,0.0667,0.15,54.5,148.3,0.2818,0.2,0.15,0.12,0.27,55.0,180.4,0.3,0.1111,-0.0667,-0.0533,-0.12000000000000002,-0.5,2022-08-20,Everton,Nottingham Forest,1,1,D,1478.4,1503.0,-24.6,18,10,-8,2,2,0,0,0,0,0.6,1.4,2.6,0.0,5,1.5,0.5,1.0,0.5,2,1.1,1.1,1.7,0.2,10,1.5,0.5,1.0,0.5,2,1.4,1.4,1.4,0.2,5,0.0,0.0,2.0,0.0,1,0.54703138752802,0.5598750758037945,0.3888576514179688,0.3876165344822004,0.517159989465134,0.6424149007176995
2022-23,3,2022-23_GW3_Fulham_vs_Brentford,Fulham,Brentford,0.1167,0.0933,0.21,55.0,149.0,0.3,0.1429,0.05,0.04,0.09,51.5,126.0,0.1993,0.3333,0.0667,0.05329999999999999,0.12,3.5,2022-08-20,Fulham,Brentford,3,2,H,1406.2,1518.5,-112.3,14,4,-10,2,2,0,0,0,0,0.6,0.8,1.6,0.2,5,2.0,2.6,1.2,0.4,5,0.4,0.6,1.7,0.1,10,2.0,2.1,1.1,0.4,10,0.2,0.6,1.8,0.0,5,2.0,2.2,1.8,0.0,5,0.3686898139771022,0.4088196894392142,0.5678718487866786,0.5568428920000538,0.6424149007176995,0.5077114191330766
2022-23,3,2022-23_GW3_Leicester City_vs_Southampton,Leicester City,Southampton,0.0667,0.0533,0.12,54.0,133.2,0.2364,0.25,0.125,0.1,0.225,55.0,155.9,0.3,0.1333,-0.058300000000000005,-0.046700000000000005,-0.10500000000000001,-1.0,2022-08-20,Leicester City,Southampton,1,2,A,1558.2,1464.0,94.2,15,18,3,2,2,2,1,2,5,1.6,2.8,1.8,0.0,5,0.2,1.0,3.0,0.0,5,1.3,2.0,1.5,0.2,10,0.5,0.9,2.7,0.1,10,1.6,2.0,1.0,0.4,5,0.2,0.8,3.0,0.0,5,0.5878730275013603,0.5531366422445593,0.5498317658581872,0.5716235579691586,0.4989991010346861,0.5095520497172435
2022-23,3,2022-23_GW3_Newcastle United_vs_Manchester City,Newcastle United,Manchester City,0.05,0.04,0.09,53.3,128.0,0.1909,0.3333,0.0667,0.0533,0.12,54.0,141.9,0.2318,0.25,-0.016699999999999993,-0.0133,-0.03,-0.7000000000000028,2022-08-21,Newcastle United,Manchester City,3,3,D,1559.1,1824.8,-265.7,6,3,-3,2,2,0,5,0,5,2.0,1.2,1.2,0.6,5,2.6,3.2,1.0,0.4,5,2.2,1.3,0.8,0.6,10,2.6,3.5,0.8,0.5,10,2.4,1.4,0.4,0.6,5,2.6,3.0,0.6,0.6,5,0.5728539485652089,0.5385072702379962,0.6077887955037904,0.444175161089556,0.5150739414697447,0.5498311823340986
2022-23,3,2022-23_GW3_Leeds United_vs_Chelsea,Leeds United,Chelsea,0.075,0.06,0.135,54.5,145.5,0.2545,0.2222,0.1167,0.0933,0.21,55.0,195.9,0.3,0.1429,-0.0417,-0.033299999999999996,-0.07499999999999998,-0.5,2022-08-21,Leeds United,Chelsea,3,0,H,1513.5,1674.9,-161.4,7,8,1,2,2,0,3,1,4,1.6,1.4,1.6,0.0,5,2.2,1.8,0.8,0.4,5,1.3,1.2,1.5,0.2,10,1.6,1.5,1.2,0.3,10,1.0,0.8,2.0,0.0,5,2.0,2.2,0.4,0.6,5,0.5704513826373165,0.5623319650279847,0.603363907988329,0.5057584300392435,0.5032939057310758,0.5182030134628286
2022-23,3,2022-23_GW3_West Ham United_vs_Brighton and Hove Albion,West Ham United,Brighton and Hove Albion,0.075,0.06,0.135,55.2,118.0,0.2737,0.2222,0.0833,0.0667,0.15,54.0,144.5,0.2818,0.2,-0.008300000000000002,-0.006699999999999998,-0.014999999999999986,1.2000000000000028,2022-08-21,West Ham United,Brighton and Hove Albion,0,2,A,1547.9,1550.2,-2.3,19,8,-11,2,2,0,1,4,5,0.8,1.4,1.6,0.2,5,2.2,2.0,0.6,0.4,5,0.8,1.1,1.5,0.1,10,2.1,1.8,0.9,0.4,10,1.0,1.2,1.6,0.0,5,2.0,1.4,1.0,0.4,5,0.5798850045630253,0.5514412531638995,0.5540567964564445,0.5256297393892516,0.5042755753759649,0.5310260731991922
2022-23,3,2022-23_GW3_Manchester United_vs_Liverpool,Manchester United,Liverpool,0.0917,0.0733,0.165,55.0,159.3,0.3,0.1818,0.0417,0.0333,0.075,64.1,137.2,0.1636,0.4,0.05,0.04,0.09000000000000001,-9.099999999999994,2022-08-22,Manchester United,Liverpool,2,1,H,1593.2,1790.0,-196.8,19,15,-4,2,2,0,4,1,5,0.6,0.8,2.2,0.2,5,2.2,2.0,1.2,0.0,5,0.7,0.9,2.2,0.1,10,2.2,2.0,0.9,0.3,10,1.6,1.8,1.2,0.2,5,2.2,1.8,1.2,0.2,5,0.542038961834261,0.4922027580280962,0.643390233692464,0.4849038465190675,0.5525614510339463,0.5117608064182441
2022-23,4,2022-23_GW4_Southampton_vs_Manchester United,Southampton,Manchester United,0.125,0.1,0.225,55.0,155.4,0.3,0.1333,0.0917,0.0733,0.165,55.0,157.3,0.3,0.1818,0.033299999999999996,0.0267,0.06,0.0,2022-08-27,Southampton,Manchester United,0,1,A,1479.1,1605.9,-126.8,11,14,3,3,3,0,2,3,5,0.8,1.4,2.6,0.0,5,0.6,0.6,2.4,0.0,5,0.8,1.1,2.2,0.1,10,1.0,1.1,2.2,0.1,10,0.8,1.0,2.4,0.2,5,0.0,0.2,3.2,0.0,5,0.4680436099659705,0.4786700727678678,0.4534665405318825,0.4065759311107794,0.4765265187178724,0.5162292001216235
2022-23,4,2022-23_GW4_Brentford_vs_Everton,Brentford,Everton,0.0417,0.0333,0.075,51.5,126.5,0.1766,0.4,0.0667,0.0533,0.12,52.4,149.7,0.2455,0.25,-0.024999999999999994,-0.019999999999999997,-0.045,-0.8999999999999986,2022-08-27,Brentford,Everton,1,1,D,1508.2,1476.3,31.9,9,17,8,3,3,2,0,0,2,1.4,2.4,1.8,0.2,5,0.8,1.2,2.2,0.0,5,1.7,1.9,1.3,0.4,10,1.1,1.1,1.7,0.2,10,2.0,2.0,0.4,0.8,5,0.8,0.8,2.0,0.2,5,0.4771336175598048,0.4729897539637834,0.4601528088698366,0.4720290207781454,0.4748274025379687,0.4835495322614747
2022-23,4,2022-23_GW4_Brighton and Hove Albion_vs_Leeds United,Brighton and Hove Albion,Leeds United,0.0833,0.0667,0.15,54.0,144.3,0.2818,0.2,0.0667,0.0533,0.12,55.4,143.4,0.2318,0.25,0.016600000000000004,0.013399999999999995,0.03,-1.3999999999999986,2022-08-27,Brighton and Hove Albion,Leeds United,1,0,H,1563.0,1525.3,37.7,5,4,-1,3,3,2,0,2,4,2.2,1.6,0.6,0.4,5,2.2,2.0,1.0,0.2,5,2.1,1.8,0.8,0.5,10,1.5,1.4,1.4,0.3,10,1.8,1.8,0.6,0.6,5,1.6,1.6,1.0,0.4,5,0.4673989489533426,0.4376222363142361,0.4856181840574931,0.4727946163817488,0.4963495408167497,0.4707495237061997
2022-23,4,2022-23_GW4_Chelsea_vs_Leicester City,Chelsea,Leicester City,0.1167,0.0933,0.21,55.0,195.3,0.3,0.1429,0.0667,0.0533,0.12,53.8,133.0,0.2364,0.25,0.05,0.039999999999999994,0.09,1.2000000000000028,2022-08-27,Chelsea,Leicester City,2,1,H,1663.1,1543.2,120.0,12,19,7,3,3,2,1,2,5,1.6,1.2,1.4,0.2,5,1.0,2.0,2.0,0.0,5,1.6,1.3,1.1,0.3,10,1.2,2.0,1.6,0.2,10,1.8,1.6,1.2,0.2,5,1.0,2.0,2.0,0.0,5,0.5050706660613266,0.4281823670817267,0.4941934566448404,0.4722451016526635,0.4845123647634201,0.4667849192864243
2022-23,4,2022-23_GW4_Liverpool_vs_Bournemouth,Liverpool,Bournemouth,0.0333,0.0267,0.06,63.3,136.9,0.1409,0.5,0.1333,0.1067,0.24,55.0,151.5,0.3,0.125,-0.1,-0.08,-0.18,8.299999999999997,2022-08-27,Liverpool,Bournemouth,9,0,H,1777.3,1427.0,350.3,16,15,-1,3,3,5,0,0,5,1.6,1.8,1.4,0.0,5,1.2,1.0,2.0,0.2,5,2.1,1.9,0.9,0.3,10,1.0,1.3,2.2,0.2,10,2.2,2.2,0.6,0.4,5,0.6,1.2,2.6,0.0,5,0.5397265705449148,0.4114363208907565,0.2968254917504399,0.3214910251170977,0.478565458133757,0.5991743883039252
2022-23,4,2022-23_GW4_Manchester City_vs_Crystal Palace,Manchester City,Crystal Palace,0.0667,0.0533,0.12,54.0,141.7,0.2318,0.25,0.0833,0.0667,0.15,54.0,134.8,0.2818,0.2,-0.016600000000000004,-0.013399999999999995,-0.03,0.0,2022-08-27,Manchester City,Crystal Palace,4,2,H,1820.4,1529.2,291.2,3,12,9,3,3,2,1,2,5,2.2,2.8,1.4,0.4,5,1.4,1.4,1.4,0.2,5,2.6,3.6,0.9,0.5,10,1.5,1.1,1.0,0.3,10,3.0,4.0,0.6,0.6,5,1.0,1.2,1.4,0.0,5,0.5048173181417981,0.3703508424111933,0.4814761601293882,0.466850619901695,0.5137088444547664,0.4757619164369158
2022-23,4,2022-23_GW4_Arsenal_vs_Fulham,Arsenal,Fulham,0.0833,0.0667,0.15,54.0,146.0,0.2818,0.2,0.1083,0.0867,0.195,55.0,148.0,0.3,0.1538,-0.024999999999999994,-0.020000000000000004,-0.04500000000000001,-1.0,2022-08-27,Arsenal,Fulham,2,1,H,1657.6,1416.6,241.1,3,11,8,3,3,3,0,1,4,2.4,2.8,1.0,0.4,5,1.2,1.2,1.4,0.2,5,2.4,2.5,1.3,0.2,10,0.7,0.8,1.6,0.1,10,2.4,3.0,1.4,0.0,5,0.6,0.6,1.4,0.2,5,0.4694914608928514,0.4001346225503572,0.2950936114425534,0.3233778296901982,0.512830967761816,0.5991743883039252
2022-23,4,2022-23_GW4_Nottingham Forest_vs_Tottenham,Nottingham Forest,Tottenham,0.15,0.12,0.27,55.0,180.0,0.3,0.1111,0.0417,0.0333,0.075,59.1,148.6,0.1682,0.4,0.1083,0.0867,0.195,-4.100000000000001,2022-08-28,Nottingham Forest,Tottenham,0,2,A,1505.1,1662.3,-157.1,12,4,-8,3,3,0,0,0,0,1.3333333333333333,0.6666666666666666,1.0,0.3333333333333333,3,2.6,2.6,0.6,0.6,5,1.3333333333333333,0.6666666666666666,1.0,0.3333333333333333,3,2.1,2.0,0.6,0.5,10,3.0,1.0,0.0,1.0,1,1.8,2.4,0.6,0.6,5,0.3097521304331263,0.3080744965024142,0.5069106735944732,0.4300732220131967,0.5991743883039252,0.4827282927745212
2022-23,4,2022-23_GW4_Aston Villa_vs_West Ham United,Aston Villa,West Ham United,0.0833,0.0667,0.15,54.5,161.2,0.2818,0.2,0.0667,0.0533,0.12,53.7,120.1,0.251,0.25,0.016600000000000004,0.013399999999999995,0.03,0.7999999999999972,2022-08-28,Aston Villa,West Ham United,0,1,A,1496.1,1535.2,-39.1,15,20,5,3,3,0,4,1,5,0.8,1.2,2.0,0.0,5,0.2,0.6,2.0,0.0,5,1.2,1.3,1.4,0.2,10,0.5,0.9,1.6,0.1,10,1.6,1.4,1.0,0.2,5,0.6,1.0,1.4,0.2,5,0.4567656834278495,0.4586722712600918,0.4872141412305006,0.4694636389500937,0.4913654666890319,0.4716557190021485
2022-23,4,2022-23_GW4_Wolverhampton Wanderers_vs_Newcastle United,Wolverhampton Wanderers,Newcastle United,0.1083,0.0867,0.195,54.7,152.1,0.3545,0.1538,0.05,0.04,0.09,53.1,127.1,0.1909,0.3333,0.05829999999999999,0.0467,0.10500000000000001,1.6000000000000014,2022-08-28,Wolverhampton Wanderers,Newcastle United,1,1,D,1501.3,1563.5,-62.2,19,10,-9,3,3,1,1,3,5,0.4,0.6,1.4,0.2,5,2.2,1.8,0.8,0.6,5,0.3,0.6,1.9,0.1,10,2.0,1.5,1.1,0.5,10,1.0,0.8,2.0,0.2,5,1.4,1.2,2.2,0.4,5,0.4396299777399747,0.4390210436293732,0.4838533594083933,0.4527966012053674,0.5077902564281016,0.4816238672575838
2022-23,5,2022-23_GW5_Leeds United_vs_Everton,Leeds United,Everton,0.0667,0.0533,0.12,55.4,143.4,0.2318,0.25,0.0667,0.0533,0.12,52.4,149.4,0.2455,0.25,0.0,0.0,0.0,3.0,2022-08-30,Leeds United,Everton,1,1,D,1519.0,1479.9,39.1,5,18,13,4,4,1,2,1,4,2.0,1.8,1.0,0.2,5,0.4,0.8,2.0,0.0,5,1.2,1.1,1.5,0.2,10,1.2,1.2,1.6,0.2,10,1.4,1.2,1.8,0.2,5,1.0,1.0,1.8,0.2,5,0.4256236800147095,0.417137619778711,0.4042037388033861,0.4130232963938278,0.4407072726759852,0.4525231698072484
2022-23,5,2022-23_GW5_Southampton_vs_Chelsea,Southampton,Chelsea,0.125,0.1,0.225,55.0,154.9,0.3,0.1333,0.1167,0.0933,0.21,55.0,194.0,0.3,0.1429,0.008300000000000002,0.0067000000000000115,0.015000000000000013,0.0,2022-08-30,Southampton,Chelsea,2,1,H,1469.9,1667.5,-197.7,13,6,-7,4,4,1,2,2,5,0.8,1.2,2.4,0.0,5,2.0,1.4,1.4,0.2,5,0.5,1.0,2.3,0.0,10,1.6,1.4,1.2,0.2,10,0.8,1.0,1.4,0.2,5,1.4,1.0,1.0,0.4,5,0.4089786725487909,0.4224606001109328,0.4436296935532605,0.3745081502707565,0.4460401112042543,0.4534119762286265
2022-23,5,2022-23_GW5_Crystal Palace_vs_Brentford,Crystal Palace,Brentford,0.075,0.06,0.135,53.5,134.0,0.2591,0.2222,0.0417,0.0333,0.075,51.4,126.4,0.1766,0.4,0.033299999999999996,0.026699999999999995,0.06000000000000001,2.1000000000000014,2022-08-30,Crystal Palace,Brentford,1,1,D,1527.3,1504.6,22.7,13,11,-2,4,4,0,0,2,2,1.4,1.4,1.6,0.2,5,1.0,2.0,1.6,0.2,5,1.5,1.3,1.3,0.3,10,1.5,1.8,1.4,0.3,10,2.0,1.0,0.6,0.6,5,1.4,1.8,2.2,0.0,5,0.4224772583161612,0.4104595718490643,0.4183749648409749,0.4163302922707466,0.4453342943402187,0.4444716292841752
2022-23,5,2022-23_GW5_Fulham_vs_Brighton and Hove Albion,Fulham,Brighton and Hove Albion,0.1,0.08,0.18,55.0,147.1,0.3,0.1667,0.075,0.06,0.135,53.5,144.1,0.2636,0.2222,0.02500000000000001,0.020000000000000004,0.044999999999999984,1.5,2022-08-30,Fulham,Brighton and Hove Albion,2,1,H,1414.1,1569.2,-155.1,12,4,-8,4,4,1,0,3,4,1.0,1.2,1.6,0.2,5,2.6,1.6,0.4,0.6,5,0.7,0.9,1.7,0.1,10,2.1,1.8,0.8,0.5,10,0.8,1.0,1.8,0.0,5,2.0,1.6,1.0,0.4,5,0.2492976939197567,0.2739656285051834,0.4097648832320277,0.3812373763216858,0.5592583644686361,0.4643390669385114
2022-23,5,2022-23_GW5_Arsenal_vs_Aston Villa,Arsenal,Aston Villa,0.0833,0.0667,0.15,54.0,145.5,0.2818,0.2,0.0833,0.0667,0.15,54.5,160.0,0.2818,0.2,0.0,0.0,0.0,-0.5,2022-08-31,Arsenal,Aston Villa,2,1,H,1660.1,1484.4,175.7,1,16,15,4,4,2,3,0,5,3.0,3.2,0.8,0.4,5,0.6,1.0,2.0,0.0,5,2.4,2.3,1.2,0.2,10,1.1,1.3,1.5,0.1,10,3.0,3.2,1.2,0.0,5,0.8,1.2,1.8,0.2,5,0.4090192633789927,0.3477562767357446,0.3971757105870205,0.4038751967716194,0.4795533415632794,0.4597381866396125
2022-23,5,2022-23_GW5_Bournemouth_vs_Wolverhampton Wanderers,Bournemouth,Wolverhampton Wanderers,0.1333,0.1067,0.24,55.0,150.9,0.3,0.125,0.1,0.08,0.18,54.7,151.8,0.3545,0.1667,0.033299999999999996,0.0267,0.06,0.29999999999999716,2022-08-31,Bournemouth,Wolverhampton Wanderers,0,0,D,1425.6,1500.2,-74.6,18,19,1,4,4,0,3,1,4,1.2,1.0,3.4,0.2,5,0.4,0.6,1.4,0.2,5,1.0,1.2,2.7,0.2,10,0.4,0.7,1.9,0.1,10,1.4,1.2,1.2,0.4,5,0.2,0.8,1.8,0.0,5,0.2509182862621094,0.2721961815420413,0.3828357657394222,0.382754108263549,0.5592583644686361,0.4749001785337112
2022-23,5,2022-23_GW5_Manchester City_vs_Nottingham Forest,Manchester City,Nottingham Forest,0.0583,0.0467,0.105,54.3,140.5,0.2091,0.2857,0.1167,0.0933,0.21,55.0,180.6,0.3,0.1429,-0.0584,-0.046599999999999996,-0.105,-0.7000000000000028,2022-08-31,Manchester City,Nottingham Forest,6,0,H,1822.3,1496.8,325.5,2,14,12,4,4,0,0,0,0,2.6,3.2,1.4,0.4,5,1.0,0.5,1.25,0.25,4,2.6,3.7,1.1,0.4,10,1.0,0.5,1.25,0.25,4,3.0,4.2,1.0,0.4,5,0.5,0.5,1.5,0.0,2,0.4395270966235335,0.321914002945908,0.2608946557372286,0.2617876522101293,0.4803637238886536,0.5592583644686361
2022-23,5,2022-23_GW5_West Ham United_vs_Tottenham,West Ham United,Tottenham,0.0583,0.0467,0.105,54.6,117.9,0.2282,0.2857,0.0417,0.0333,0.075,59.1,148.1,0.1682,0.4,0.016599999999999997,0.013399999999999995,0.03,-4.5,2022-08-31,West Ham United,Tottenham,1,1,D,1546.9,1670.7,-123.7,18,3,-15,4,4,2,2,1,5,0.6,0.4,1.6,0.2,5,2.6,2.8,0.6,0.6,5,0.8,1.0,1.4,0.2,10,2.4,2.2,0.5,0.6,10,0.4,0.8,1.8,0.0,5,1.8,2.0,0.6,0.6,5,0.4309583740942003,0.4102435441097714,0.4462940404956443,0.3756034268394216,0.4415437963666941,0.4517650702125434
2022-23,5,2022-23_GW5_Liverpool_vs_Newcastle United,Liverpool,Newcastle United,0.025,0.02,0.045,58.5,140.2,0.1182,0.6667,0.05,0.04,0.09,53.1,126.9,0.1909,0.3333,-0.025,-0.02,-0.045,5.399999999999999,2022-08-31,Liverpool,Newcastle United,2,1,H,1778.7,1564.6,214.1,12,10,-2,4,4,3,0,2,5,1.6,3.2,1.2,0.2,5,1.8,1.6,1.0,0.4,5,2.1,2.4,0.9,0.3,10,1.8,1.4,1.1,0.5,10,2.2,3.2,0.6,0.4,5,1.6,1.2,1.4,0.4,5,0.4740448999335286,0.360911869291218,0.4246315155602096,0.3969290793030693,0.4479222895083494,0.450745556964492
2022-23,5,2022-23_GW5_Leicester City_vs_Manchester United,Leicester City,Manchester United,0.0583,0.0467,0.105,55.3,129.5,0.2136,0.2857,0.0917,0.0733,0.165,55.0,156.6,0.3,0.1818,-0.033400000000000006,-0.026600000000000006,-0.06000000000000001,0.29999999999999716,2022-09-01,Leicester City,Manchester United,0,1,A,1538.8,1615.1,-76.4,20,12,-8,4,4,2,1,2,5,0.8,2.0,2.2,0.0,5,1.2,0.8,1.6,0.2,5,1.1,2.1,1.8,0.1,10,1.0,0.9,2.0,0.2,10,1.4,2.2,1.4,0.2,5,0.6,0.4,2.4,0.2,5,0.4339797023975141,0.4166044915762749,0.3960225063283957,0.3518412986962538,0.4370474815291338,0.4826903054034377
2022-23,6,2022-23_GW6_Wolverhampton Wanderers_vs_Southampton,Wolverhampton Wanderers,Southampton,0.1,0.08,0.18,54.7,151.1,0.3545,0.1667,0.125,0.1,0.225,55.0,154.6,0.3,0.1333,-0.024999999999999994,-0.020000000000000004,-0.04500000000000001,-0.29999999999999716,2022-09-03,Wolverhampton Wanderers,Southampton,1,0,H,1501.0,1482.6,18.4,18,9,-9,5,5,4,0,1,5,0.6,0.4,0.8,0.4,5,1.4,1.4,1.8,0.0,5,0.5,0.7,1.8,0.2,10,0.8,1.2,2.2,0.0,10,0.6,0.6,2.0,0.2,5,0.8,1.2,2.8,0.0,5,0.3436088129351825,0.3432426142613866,0.371485156670892,0.3784853610934459,0.4445388099954697,0.4178976100858291
2022-23,6,2022-23_GW6_Tottenham_vs_Fulham,Tottenham,Fulham,0.0417,0.0333,0.075,59.2,147.4,0.1682,0.4,0.1,0.08,0.18,55.0,146.9,0.3,0.1667,-0.058300000000000005,-0.0467,-0.105,4.200000000000003,2022-09-03,Tottenham,Fulham,2,1,H,1670.0,1425.7,244.3,3,8,5,5,5,3,0,1,4,2.2,2.0,0.8,0.4,5,1.6,1.6,1.4,0.2,5,2.4,2.3,0.6,0.5,10,0.9,1.0,1.7,0.1,10,3.0,2.4,0.4,0.6,5,0.4,0.6,1.6,0.2,5,0.4020439839424954,0.3385892991949821,0.2206589888183541,0.2393440297374316,0.4231824133287742,0.522411230383522
2022-23,6,2022-23_GW6_Aston Villa_vs_Manchester City,Aston Villa,Manchester City,0.0833,0.0667,0.15,54.5,159.7,0.2818,0.2,0.0417,0.0333,0.075,59.5,134.1,0.1636,0.4,0.0416,0.03339999999999999,0.075,-5.0,2022-09-03,Aston Villa,Manchester City,1,1,D,1481.0,1823.9,-342.9,19,3,-16,5,5,0,5,0,5,0.6,0.8,1.8,0.0,5,2.6,3.8,1.0,0.6,5,0.8,1.2,1.7,0.0,10,2.6,3.8,1.0,0.5,10,1.0,1.0,1.2,0.0,5,2.2,3.2,1.2,0.4,5,0.3567274584165707,0.3640780198580448,0.3941637036726148,0.2882843105494195,0.4305425274342455,0.4495822980218418
2022-23,6,2022-23_GW6_Nottingham Forest_vs_Bournemouth,Nottingham Forest,Bournemouth,0.1167,0.0933,0.21,55.0,180.3,0.3,0.1429,0.1167,0.0933,0.21,55.0,148.8,0.3,0.1429,0.0,0.0,0.0,0.0,2022-09-03,Nottingham Forest,Bournemouth,2,3,A,1495.2,1424.9,70.3,17,18,1,5,5,0,0,0,0,0.8,0.4,2.2,0.2,5,0.8,0.4,3.2,0.4,5,0.8,0.4,2.2,0.2,5,1.1,1.0,2.2,0.3,10,1.5,0.5,1.0,0.5,2,0.6,1.2,4.2,0.0,5,0.2292231807946934,0.2304017045678933,0.2205599289327056,0.2394515261096474,0.522411230383522,0.522411230383522
2022-23,6,2022-23_GW6_Newcastle United_vs_Crystal Palace,Newcastle United,Crystal Palace,0.0417,0.0333,0.075,53.7,128.0,0.1682,0.4,0.0667,0.0533,0.12,53.0,133.7,0.2364,0.25,-0.024999999999999994,-0.019999999999999997,-0.045,0.7000000000000028,2022-09-03,Newcastle United,Crystal Palace,0,0,D,1561.8,1523.9,37.9,13,15,2,5,5,2,2,1,5,1.2,1.4,1.2,0.4,5,1.0,1.4,1.8,0.0,5,1.5,1.4,1.3,0.4,10,1.5,1.4,1.4,0.2,10,2.0,1.6,0.8,0.6,5,1.0,1.6,2.0,0.0,5,0.3821813220305032,0.3582735964334673,0.3804838101342502,0.370981152393552,0.4222412839841402,0.4172460590010825
2022-23,6,2022-23_GW6_Chelsea_vs_West Ham United,Chelsea,West Ham United,0.1167,0.0933,0.21,55.0,193.5,0.3,0.1429,0.05,0.04,0.09,53.8,116.7,0.2055,0.3333,0.0667,0.05329999999999999,0.12,1.2000000000000028,2022-09-03,Chelsea,West Ham United,2,1,H,1654.8,1547.6,107.2,10,16,6,5,5,3,2,0,5,1.4,1.2,1.6,0.2,5,0.8,0.4,1.2,0.2,5,1.5,1.4,1.3,0.2,10,0.8,1.0,1.4,0.2,10,1.8,1.8,1.4,0.0,5,1.2,1.2,1.0,0.4,5,0.3972191521743253,0.3394559106320253,0.389219313925943,0.3702426481802588,0.424702699193183,0.4137469883607765
2022-23,6,2022-23_GW6_Brentford_vs_Leeds United,Brentford,Leeds United,0.0417,0.0333,0.075,51.4,125.7,0.1682,0.4,0.0667,0.0533,0.12,55.4,143.5,0.2318,0.25,-0.024999999999999994,-0.019999999999999997,-0.045,-4.0,2022-09-03,Brentford,Leeds United,5,2,H,1508.0,1515.2,-7.3,13,8,-5,5,5,0,1,1,2,1.2,2.0,1.4,0.2,5,1.6,1.6,1.0,0.2,5,1.3,1.7,1.4,0.3,10,1.2,1.2,1.6,0.1,10,1.6,1.8,0.6,0.6,5,1.0,1.0,1.2,0.2,5,0.3782025792885397,0.3749974844232263,0.3835499449986139,0.3774122572164481,0.4164497187863922,0.4129747796677435
2022-23,6,2022-23_GW6_Everton_vs_Liverpool,Everton,Liverpool,0.0583,0.0467,0.105,51.9,150.4,0.2273,0.2857,0.025,0.02,0.045,58.5,140.1,0.1182,0.6667,0.033299999999999996,0.026699999999999998,0.06,-6.600000000000001,2022-09-03,Everton,Liverpool,0,0,D,1483.7,1781.5,-297.8,19,8,-11,5,5,1,2,2,5,0.6,0.8,1.2,0.0,5,1.6,3.0,1.2,0.2,5,1.0,1.2,1.7,0.1,10,2.1,2.4,1.0,0.2,10,1.4,1.4,1.4,0.2,5,2.0,1.6,1.2,0.2,5,0.3649460023404787,0.3713820169281037,0.4280255009263522,0.3250561116576612,0.4238822274568354,0.4196350796451536
2022-23,6,2022-23_GW6_Brighton and Hove Albion_vs_Leicester City,Brighton and Hove Albion,Leicester City,0.075,0.06,0.135,53.0,144.8,0.2636,0.2222,0.0583,0.0467,0.105,55.3,128.9,0.2136,0.2857,0.0167,0.0133,0.030000000000000013,-2.299999999999997,2022-09-04,Brighton and Hove Albion,Leicester City,5,2,H,1557.6,1528.1,29.5,4,20,16,5,5,1,2,2,5,2.0,1.2,0.6,0.6,5,0.2,1.2,2.2,0.0,5,2.1,1.9,0.7,0.5,10,1.1,2.0,1.6,0.1,10,2.2,2.0,0.6,0.6,5,0.8,2.0,2.2,0.0,5,0.366205826283274,0.3447797595544494,0.3899344131715317,0.3785251483433579,0.4347896752459273,0.4095963666357238
2022-23,6,2022-23_GW6_Manchester United_vs_Arsenal,Manchester United,Arsenal,0.0833,0.0667,0.15,54.5,156.4,0.2818,0.2,0.0833,0.0667,0.15,54.0,145.5,0.2818,0.2,0.0,0.0,0.0,0.5,2022-09-04,Manchester United,Arsenal,3,1,H,1625.8,1663.5,-37.7,8,1,-7,5,5,1,3,1,5,1.8,1.0,1.4,0.4,5,3.0,2.6,0.8,0.4,5,1.3,1.0,1.6,0.3,10,2.4,2.2,1.2,0.2,10,2.0,2.0,1.2,0.2,5,1.8,1.4,1.2,0.4,5,0.3566091468512926,0.3134953490875407,0.3672083549573945,0.3111874545192851,0.45173000344934,0.448834220850466
2022-23,8,2022-23_GW8_Aston Villa_vs_Southampton,Aston Villa,Southampton,0.0833,0.0667,0.15,54.5,158.3,0.2818,0.2,0.125,0.1,0.225,55.0,154.6,0.3,0.1333,-0.0417,-0.03330000000000001,-0.07500000000000001,-0.5,2022-09-16,Aston Villa,Southampton,1,0,H,1487.0,1475.9,11.2,17,12,-5,6,6,2,3,0,5,0.8,1.0,1.6,0.0,5,1.4,1.2,1.2,0.0,5,0.6,1.0,1.7,0.0,10,0.7,1.0,2.1,0.0,10,1.2,1.0,1.0,0.0,5,0.6,0.8,2.6,0.0,5,0.3285563550155905,0.3331642064084902,0.3404463530034769,0.3493844792047923,0.4035915371782377,0.3919188072752066
2022-23,8,2022-23_GW8_Nottingham Forest_vs_Fulham,Nottingham Forest,Fulham,0.1083,0.0867,0.195,55.0,179.5,0.3,0.1538,0.1,0.08,0.18,55.0,146.9,0.3,0.1667,0.008299999999999988,0.006699999999999998,0.015000000000000013,0.0,2022-09-16,Nottingham Forest,Fulham,2,3,A,1480.6,1423.3,57.4,19,10,-9,6,6,0,0,0,0,0.8,0.8,2.4,0.2,5,1.4,1.4,1.4,0.2,5,0.6666666666666666,0.6666666666666666,2.333333333333333,0.1666666666666666,6,0.9,1.1,1.7,0.1,10,1.0,1.0,1.6666666666666667,0.3333333333333333,3,0.4,0.8,1.6,0.2,5,0.2053586187586014,0.2096807479097033,0.1989756344031367,0.2164071440212901,0.4883970385920529,0.4883970385920529
2022-23,8,2022-23_GW8_Wolverhampton Wanderers_vs_Manchester City,Wolverhampton Wanderers,Manchester City,0.1,0.08,0.18,54.7,150.8,0.3545,0.1667,0.0417,0.0333,0.075,59.5,134.1,0.1636,0.4,0.058300000000000005,0.0467,0.105,-4.799999999999997,2022-09-17,Wolverhampton Wanderers,Manchester City,0,3,A,1507.7,1817.8,-310.2,15,2,-13,6,6,1,4,0,5,1.2,0.4,0.4,0.6,5,2.2,3.6,1.2,0.4,5,0.8,0.8,1.5,0.3,10,2.4,3.5,1.1,0.4,10,1.2,0.8,1.4,0.4,5,1.8,2.6,1.4,0.2,5,0.3158913626259162,0.3133140496425514,0.3598216325790078,0.2645815312937908,0.4165117343991499,0.4211674606390993
2022-23,8,2022-23_GW8_Newcastle United_vs_Bournemouth,Newcastle United,Bournemouth,0.0417,0.0333,0.075,53.6,127.6,0.1682,0.4,0.1167,0.0933,0.21,55.0,148.3,0.3,0.1429,-0.075,-0.05999999999999999,-0.135,-1.3999999999999986,2022-09-17,Newcastle United,Bournemouth,1,1,D,1558.0,1439.5,118.6,11,14,3,6,6,3,0,2,5,0.8,1.0,1.2,0.4,5,0.8,0.6,3.6,0.2,5,1.3,1.1,1.3,0.4,10,1.3,1.3,2.4,0.2,10,1.6,1.4,0.8,0.6,5,1.2,1.4,3.6,0.0,5,0.3506137745643005,0.3299643826648679,0.200785374020895,0.2144566006412704,0.3959285236541105,0.4883970385920529
2022-23,8,2022-23_GW8_Tottenham_vs_Leicester City,Tottenham,Leicester City,0.0417,0.0333,0.075,59.1,147.0,0.1682,0.4,0.0583,0.0467,0.105,55.3,128.0,0.2136,0.2857,-0.016599999999999997,-0.013399999999999995,-0.03,3.8000000000000043,2022-09-17,Tottenham,Leicester City,6,2,H,1672.4,1521.6,150.7,3,20,17,6,6,4,1,0,5,2.2,1.6,0.8,0.4,5,0.0,1.2,2.8,0.0,5,2.4,2.2,0.6,0.5,10,1.1,2.1,1.9,0.1,10,3.0,2.2,0.4,0.6,5,0.8,2.2,2.6,0.0,5,0.3699289129078849,0.3108279302347833,0.3578537718472476,0.3497605428006806,0.3967972955362063,0.3842557937510794
2022-23,8,2022-23_GW8_Everton_vs_West Ham United,Everton,West Ham United,0.0583,0.0467,0.105,53.2,148.7,0.2227,0.2857,0.0417,0.0333,0.075,52.8,118.3,0.1828,0.4,0.016599999999999997,0.013399999999999995,0.03,0.4000000000000057,2022-09-18,Everton,West Ham United,1,0,H,1488.9,1542.9,-54.1,17,18,1,6,6,1,3,1,5,0.8,0.8,1.0,0.2,5,0.8,0.6,1.2,0.2,5,0.8,1.0,1.6,0.2,10,0.8,1.1,1.5,0.2,10,1.0,1.2,1.4,0.2,5,1.2,1.4,1.2,0.4,5,0.3363140997992873,0.3403347082661219,0.3573365385684151,0.3415725753720334,0.397443305397252,0.3880873005131431
2022-23,8,2022-23_GW8_Brentford_vs_Arsenal,Brentford,Arsenal,0.0417,0.0333,0.075,51.3,125.6,0.1682,0.4,0.075,0.06,0.135,55.5,143.1,0.2591,0.2222,-0.033299999999999996,-0.026699999999999995,-0.06000000000000001,-4.200000000000003,2022-09-18,Brentford,Arsenal,0,3,A,1515.3,1655.3,-139.9,9,3,-6,6,6,1,1,0,2,1.6,2.6,1.4,0.2,5,2.4,2.4,1.4,0.2,5,1.5,2.2,1.6,0.2,10,2.1,2.1,1.4,0.2,10,2.0,2.8,1.0,0.4,5,1.2,1.2,1.6,0.4,5,0.3492801680746766,0.3436545866427116,0.3348287985546789,0.2860000275141451,0.3905822351489054,0.4204768983738436
2022-23,9,2022-23_GW9_Arsenal_vs_Tottenham,Arsenal,Tottenham,0.075,0.06,0.135,55.5,142.5,0.2591,0.2222,0.0417,0.0333,0.075,59.1,146.8,0.1682,0.4,0.033299999999999996,0.026699999999999995,0.06000000000000001,-3.6000000000000014,2022-10-01,Arsenal,Tottenham,3,1,H,1664.1,1676.2,-12.1,1,3,2,7,7,2,3,0,5,2.4,2.2,1.0,0.4,5,2.6,2.4,0.8,0.4,5,2.1,2.2,1.3,0.3,10,2.6,2.7,0.7,0.5,10,3.0,3.0,1.2,0.0,5,1.8,2.2,0.8,0.4,5,0.312693847761231,0.2648367673347197,0.3456759648832368,0.2893968903141417,0.3942997904559165,0.37244076200055
2022-23,9,2022-23_GW9_Bournemouth_vs_Brentford,Bournemouth,Brentford,0.1083,0.0867,0.195,55.0,147.3,0.3,0.1538,0.0417,0.0333,0.075,51.3,125.3,0.1682,0.4,0.06659999999999999,0.053399999999999996,0.12000000000000001,3.700000000000003,2022-10-01,Bournemouth,Brentford,0,0,D,1445.0,1506.5,-61.5,12,9,-3,7,7,0,0,0,0,1.0,0.8,3.0,0.2,5,1.0,1.8,2.0,0.0,5,1.1,1.0,2.4,0.2,10,1.5,2.2,1.6,0.2,10,1.4,1.2,1.2,0.4,5,1.0,1.6,2.2,0.0,5,0.1853713175277757,0.1967886270842837,0.3245175751454314,0.3222801959769576,0.4569979821402178,0.3667035381632525
2022-23,9,2022-23_GW9_Crystal Palace_vs_Chelsea,Crystal Palace,Chelsea,0.0583,0.0467,0.105,52.4,133.2,0.2136,0.2857,0.1167,0.0933,0.21,55.0,193.3,0.3,0.1429,-0.0584,-0.046599999999999996,-0.105,-2.6000000000000014,2022-10-01,Crystal Palace,Chelsea,1,2,A,1527.7,1659.4,-131.8,16,8,-8,6,6,0,5,0,5,1.2,1.4,1.4,0.2,5,1.4,1.4,1.8,0.0,5,1.3,1.2,1.3,0.3,10,1.8,1.6,1.3,0.2,10,2.0,1.2,0.8,0.4,5,1.2,1.0,1.2,0.4,5,0.3506898788449273,0.3405715145600582,0.3657992794379584,0.3112197309549368,0.3913173498183711,0.3982006962688226
2022-23,9,2022-23_GW9_Fulham_vs_Newcastle United,Fulham,Newcastle United,0.0667,0.0533,0.12,55.5,147.6,0.2318,0.25,0.0417,0.0333,0.075,53.7,127.3,0.1682,0.4,0.024999999999999994,0.019999999999999997,0.045,1.7999999999999972,2022-10-01,Fulham,Newcastle United,1,4,A,1437.5,1552.4,-114.9,7,11,4,7,7,0,2,2,4,1.8,2.0,1.8,0.0,5,0.8,1.2,1.4,0.2,5,1.2,1.4,1.7,0.1,10,1.4,1.2,1.3,0.4,10,1.4,1.4,1.8,0.0,5,1.0,0.8,1.8,0.2,5,0.184601209300768,0.197609578048111,0.3261265922943314,0.3086927377808821,0.4569979821402178,0.3716387844749063
2022-23,9,2022-23_GW9_Liverpool_vs_Brighton and Hove Albion,Liverpool,Brighton and Hove Albion,0.025,0.02,0.045,58.7,139.8,0.1182,0.6667,0.075,0.06,0.135,53.0,144.6,0.2636,0.2222,-0.049999999999999996,-0.039999999999999994,-0.09000000000000001,5.700000000000003,2022-10-01,Liverpool,Brighton and Hove Albion,3,3,D,1776.4,1564.1,212.3,10,4,-6,6,6,2,1,2,5,1.6,2.6,0.8,0.4,5,2.0,1.8,0.8,0.6,5,1.9,2.3,1.0,0.2,10,2.3,2.2,0.7,0.5,10,2.2,3.2,0.8,0.2,5,2.0,1.8,0.8,0.4,5,0.3926855948548781,0.2995889296336408,0.3371007164699275,0.3152698676311294,0.3935226938267682,0.4075121487487214
2022-23,9,2022-23_GW9_Southampton_vs_Everton,Southampton,Everton,0.0917,0.0733,0.165,55.0,152.5,0.3,0.1818,0.0417,0.0333,0.075,51.9,149.2,0.1773,0.4,0.05,0.04,0.09000000000000001,3.1000000000000014,2022-10-01,Southampton,Everton,1,2,A,1469.0,1497.6,-28.6,14,13,-1,7,7,2,2,1,5,1.2,0.8,1.0,0.0,5,1.4,0.8,0.6,0.4,5,0.7,0.9,2.0,0.0,10,1.0,1.1,1.6,0.2,10,0.8,1.2,1.6,0.0,5,0.6,0.8,1.8,0.2,5,0.3165476183576985,0.3273031549166526,0.3151355801245029,0.3159440084713226,0.3679373497411659,0.3730371042632082
2022-23,9,2022-23_GW9_West Ham United_vs_Wolverhampton Wanderers,West Ham United,Wolverhampton Wanderers,0.0417,0.0333,0.075,52.7,117.9,0.1828,0.4,0.0917,0.0733,0.165,54.7,151.0,0.3545,0.1818,-0.05,-0.04,-0.09000000000000001,-2.0,2022-10-01,West Ham United,Wolverhampton Wanderers,2,0,H,1534.3,1503.1,31.2,18,17,-1,7,7,3,2,0,5,0.8,0.6,1.2,0.2,5,1.0,0.4,1.0,0.4,5,0.8,1.0,1.4,0.2,10,0.7,0.6,1.6,0.3,10,0.4,0.8,1.8,0.0,5,0.4,0.8,1.6,0.2,5,0.3321635903638057,0.3203624339718279,0.2931955203073976,0.292228618732126,0.3644004232178141,0.3906394827747733
2022-23,9,2022-23_GW9_Manchester City_vs_Manchester United,Manchester City,Manchester United,0.0333,0.0267,0.06,60.1,133.4,0.1409,0.5,0.075,0.06,0.135,53.9,155.6,0.2591,0.2222,-0.041699999999999994,-0.033299999999999996,-0.07500000000000001,6.200000000000003,2022-10-02,Manchester City,Manchester United,6,3,H,1822.4,1634.0,188.4,2,6,4,7,6,2,2,1,5,2.2,3.4,1.2,0.4,5,2.4,1.4,1.2,0.4,5,2.4,3.3,1.1,0.4,10,1.6,1.2,1.4,0.3,10,3.0,4.4,0.8,0.6,5,1.2,0.4,1.8,0.4,5,0.3352585617829444,0.2455251365929873,0.3276146769618315,0.2856972635447892,0.3949372597711718,0.4231500426264462
2022-23,9,2022-23_GW9_Leeds United_vs_Aston Villa,Leeds United,Aston Villa,0.0667,0.0533,0.12,55.3,142.9,0.2318,0.25,0.0667,0.0533,0.12,52.5,159.1,0.2455,0.25,0.0,0.0,0.0,2.799999999999997,2022-10-02,Leeds United,Aston Villa,0,0,D,1507.8,1493.9,13.9,13,14,1,6,7,1,2,1,4,1.0,1.6,1.8,0.2,5,0.8,0.8,1.4,0.2,5,1.2,1.4,1.7,0.1,10,0.9,1.0,1.5,0.1,10,1.6,1.4,1.2,0.2,5,0.6,1.4,2.2,0.0,5,0.3516482892173492,0.3487422305962324,0.3073382564741561,0.3093486278956014,0.3873744620457824,0.37871263752161
2022-23,9,2022-23_GW9_Leicester City_vs_Nottingham Forest,Leicester City,Nottingham Forest,0.05,0.04,0.09,56.5,126.1,0.1909,0.3333,0.0917,0.0733,0.165,55.0,177.4,0.3,0.1818,-0.0417,-0.0333,-0.07500000000000001,1.5,2022-10-03,Leicester City,Nottingham Forest,4,0,H,1517.8,1466.4,51.4,20,19,-1,7,7,0,0,0,0,0.0,1.2,3.2,0.0,5,0.2,1.0,3.0,0.0,5,0.8,2.0,2.5,0.0,10,0.5714285714285714,0.8571428571428571,2.4285714285714284,0.1428571428571428,7,1.4,2.0,1.2,0.2,5,0.3333333333333333,0.3333333333333333,3.0,0.0,3,0.3336175991389075,0.3273796571620196,0.1875643172746642,0.1944877768177887,0.3608634966944622,0.4569979821402178
2022-23,10,2022-23_GW10_Newcastle United_vs_Brentford,Newcastle United,Brentford,0.0333,0.0267,0.06,52.9,127.0,0.1455,0.5,0.0417,0.0333,0.075,51.3,125.2,0.1682,0.4,-0.008399999999999998,-0.006600000000000002,-0.015,1.6000000000000014,2022-10-08,Newcastle United,Brentford,5,1,H,1562.0,1507.6,54.4,7,10,3,8,8,1,0,1,2,1.2,1.4,1.0,0.2,5,1.2,1.4,1.4,0.2,5,1.7,1.6,0.9,0.4,10,1.3,1.9,1.6,0.2,10,1.8,1.6,0.8,0.6,5,1.2,1.6,1.6,0.2,5,0.3092371619884999,0.2898331428009703,0.3065312343864466,0.3040625564229751,0.349216529189115,0.344660722645383
2022-23,10,2022-23_GW10_Manchester City_vs_Southampton,Manchester City,Southampton,0.0333,0.0267,0.06,60.1,133.4,0.1409,0.5,0.0917,0.0733,0.165,55.0,152.4,0.3,0.1818,-0.0584,-0.0466,-0.10500000000000001,5.100000000000001,2022-10-08,Manchester City,Southampton,4,0,H,1825.6,1456.9,368.7,2,16,14,8,8,2,1,2,5,2.6,4.0,1.2,0.4,5,0.6,0.6,1.2,0.0,5,2.4,3.4,1.3,0.4,10,0.7,1.0,1.9,0.0,10,3.0,4.6,1.4,0.4,5,0.6,0.8,2.2,0.0,5,0.3159825906398688,0.2307598067479798,0.2968204659514726,0.3109941843504411,0.3707237325809829,0.345799674281316
2022-23,10,2022-23_GW10_Brighton and Hove Albion_vs_Tottenham,Brighton and Hove Albion,Tottenham,0.0667,0.0533,0.12,52.5,144.4,0.2409,0.25,0.0417,0.0333,0.075,59.0,146.8,0.1682,0.4,0.024999999999999994,0.019999999999999997,0.045,-6.5,2022-10-08,Brighton and Hove Albion,Tottenham,0,1,A,1571.2,1668.7,-97.5,5,3,-2,7,8,2,3,0,5,2.0,2.4,1.4,0.4,5,2.0,2.4,1.4,0.2,5,2.1,2.2,1.0,0.4,10,2.3,2.5,1.0,0.4,10,2.6,2.6,0.6,0.6,5,1.6,2.2,1.2,0.4,5,0.3151500959596703,0.2926126555297659,0.3249665548241192,0.274018229035231,0.3823318181501561,0.3499568477524715
2022-23,10,2022-23_GW10_Bournemouth_vs_Leicester City,Bournemouth,Leicester City,0.1083,0.0867,0.195,55.0,147.3,0.3,0.1538,0.05,0.04,0.09,56.4,125.9,0.1909,0.3333,0.05829999999999999,0.0467,0.10500000000000001,-1.3999999999999986,2022-10-08,Bournemouth,Leicester City,2,1,H,1443.9,1523.7,-79.8,13,19,6,8,8,2,2,1,5,1.2,0.8,2.4,0.4,5,0.6,1.8,2.8,0.2,5,1.2,0.9,2.2,0.3,10,0.8,1.9,2.4,0.1,10,1.0,0.4,1.0,0.6,5,0.2,1.6,3.6,0.0,5,0.1729934082421987,0.183872246967803,0.3161072910304991,0.3082771812891882,0.428012999868412,0.3392696849019669
2022-23,10,2022-23_GW10_Chelsea_vs_Wolverhampton Wanderers,Chelsea,Wolverhampton Wanderers,0.0917,0.0733,0.165,55.0,195.8,0.3,0.1818,0.075,0.06,0.135,53.7,151.7,0.3318,0.2222,0.016700000000000007,0.013300000000000006,0.03,1.2999999999999972,2022-10-08,Chelsea,Wolverhampton Wanderers,3,0,H,1668.5,1496.7,171.8,6,18,12,7,8,1,1,3,5,1.8,1.4,1.6,0.0,5,1.0,0.4,1.2,0.4,5,2.0,1.6,1.2,0.2,10,0.7,0.5,1.3,0.3,10,2.2,1.8,1.2,0.0,5,0.2,0.4,1.6,0.2,5,0.3426342898689821,0.2889714257258013,0.2751418403664344,0.2761131168835631,0.3737362641573591,0.366756384382483
2022-23,10,2022-23_GW10_Arsenal_vs_Liverpool,Arsenal,Liverpool,0.0583,0.0467,0.105,55.3,141.0,0.2136,0.2857,0.0167,0.0133,0.03,59.3,138.2,0.0955,1.0,0.0416,0.0334,0.075,-4.0,2022-10-09,Arsenal,Liverpool,3,2,H,1671.6,1769.2,-97.6,2,10,8,8,7,1,4,0,5,2.4,2.2,1.2,0.2,5,1.6,3.0,1.2,0.4,5,2.4,2.5,1.1,0.3,10,1.9,2.5,1.2,0.2,10,3.0,3.2,1.2,0.0,5,1.6,1.4,1.2,0.2,5,0.2953836830001577,0.248382352296897,0.3652318616703791,0.2804604214792453,0.3701352742357508,0.3694179236346621
2022-23,10,2022-23_GW10_Everton_vs_Manchester United,Everton,Manchester United,0.0333,0.0267,0.06,54.5,145.6,0.1545,0.5,0.0583,0.0467,0.105,52.8,158.7,0.2136,0.2857,-0.024999999999999994,-0.019999999999999997,-0.045,1.7000000000000028,2022-10-09,Everton,Manchester United,1,2,A,1509.6,1630.8,-121.3,11,7,-4,8,7,1,1,3,5,1.8,1.0,0.6,0.4,5,2.4,2.0,1.6,0.4,5,1.3,1.1,1.4,0.2,10,1.5,1.4,1.9,0.3,10,1.6,1.0,0.8,0.4,5,1.2,1.0,2.2,0.4,5,0.2992064687795502,0.2961678916293584,0.3040757832720893,0.266003116067066,0.3505073410431724,0.3967674136117433
2022-23,10,2022-23_GW10_Crystal Palace_vs_Leeds United,Crystal Palace,Leeds United,0.0583,0.0467,0.105,52.4,132.8,0.2136,0.2857,0.0583,0.0467,0.105,53.6,144.2,0.2091,0.2857,0.0,0.0,0.0,-1.2000000000000028,2022-10-09,Crystal Palace,Leeds United,2,1,H,1518.6,1504.7,13.9,17,13,-4,7,7,1,2,1,4,1.0,1.4,1.6,0.2,5,1.0,1.2,1.4,0.4,5,1.0,1.2,1.5,0.2,10,1.3,1.3,1.5,0.2,10,1.4,1.2,1.2,0.2,5,0.8,1.4,2.2,0.0,5,0.3257596082086307,0.3193991938159013,0.3278284352749299,0.3261915915487175,0.3673821345311049,0.3637423903762602
2022-23,10,2022-23_GW10_West Ham United_vs_Fulham,West Ham United,Fulham,0.0417,0.0333,0.075,52.7,117.8,0.1828,0.4,0.0667,0.0533,0.12,55.5,147.1,0.2318,0.25,-0.024999999999999994,-0.019999999999999997,-0.045,-2.799999999999997,2022-10-09,West Ham United,Fulham,3,1,H,1540.7,1427.9,112.7,16,9,-7,8,8,3,0,1,4,1.4,1.0,0.8,0.4,5,1.2,1.6,2.2,0.0,5,0.8,0.8,1.4,0.2,10,1.2,1.4,1.8,0.1,10,1.0,1.0,1.4,0.2,5,1.0,1.2,1.4,0.2,5,0.3146895006182135,0.3014944595076659,0.1714581355270504,0.1855186782845494,0.3425346795916415,0.428012999868412
2022-23,10,2022-23_GW10_Nottingham Forest_vs_Aston Villa,Nottingham Forest,Aston Villa,0.0833,0.0667,0.15,55.0,176.4,0.2773,0.2,0.0667,0.0533,0.12,52.5,158.8,0.2455,0.25,0.016600000000000004,0.013399999999999995,0.03,2.5,2022-10-10,Nottingham Forest,Aston Villa,1,1,D,1460.5,1497.1,-36.6,20,16,-4,8,8,0,0,0,0,0.0,0.8,3.6,0.0,5,1.0,0.6,0.8,0.4,5,0.5,0.75,2.625,0.125,8,0.9,0.9,1.4,0.2,10,0.75,1.25,2.0,0.25,4,0.2,0.8,2.0,0.2,5,0.1745826618937349,0.1821984287504612,0.2902701492782972,0.2911703135818579,0.428012999868412,0.3557465185684642
2022-23,11,2022-23_GW11_Brentford_vs_Brighton and Hove Albion,Brentford,Brighton and Hove Albion,0.0333,0.0267,0.06,53.0,122.5,0.1409,0.5,0.0667,0.0533,0.12,52.5,144.4,0.2409,0.25,-0.03339999999999999,-0.0266,-0.06,0.5,2022-10-14,Brentford,Brighton and Hove Albion,2,0,H,1501.8,1561.1,-59.4,11,7,-4,9,8,0,2,0,2,1.0,1.4,2.2,0.2,5,1.4,2.0,1.6,0.2,5,1.0,1.7,1.9,0.2,10,1.8,1.8,1.1,0.3,10,1.4,2.2,1.6,0.2,5,1.6,1.8,1.4,0.2,5,0.2910719305928527,0.2905139430510722,0.2954960243870239,0.277209748461918,0.3243126393204528,0.3590874433672009
2022-23,11,2022-23_GW11_Tottenham_vs_Everton,Tottenham,Everton,0.0417,0.0333,0.075,59.0,146.5,0.1682,0.4,0.025,0.02,0.045,53.7,145.3,0.1318,0.6667,0.0167,0.013300000000000003,0.03,5.299999999999997,2022-10-15,Tottenham,Everton,2,0,H,1678.8,1500.2,178.6,3,12,9,9,9,2,1,2,5,2.0,2.2,1.4,0.2,5,1.6,1.0,0.8,0.4,5,2.3,2.5,1.0,0.4,10,1.0,0.9,1.4,0.2,10,3.0,2.8,0.8,0.4,5,1.0,1.2,2.0,0.0,5,0.3108819923152337,0.2596230479006707,0.2834259832398017,0.2833655295088302,0.3292015789793148,0.329709748334537
2022-23,11,2022-23_GW11_Wolverhampton Wanderers_vs_Nottingham Forest,Wolverhampton Wanderers,Nottingham Forest,0.075,0.06,0.135,53.7,151.6,0.3318,0.2222,0.0833,0.0667,0.15,55.0,175.8,0.2773,0.2,-0.008300000000000002,-0.006699999999999998,-0.014999999999999986,-1.2999999999999972,2022-10-15,Wolverhampton Wanderers,Nottingham Forest,1,0,H,1493.2,1458.7,34.5,18,19,1,9,9,0,0,0,0,0.8,0.2,1.6,0.4,5,0.2,1.0,3.4,0.0,5,0.6,0.4,1.5,0.3,10,0.5555555555555556,0.7777777777777778,2.4444444444444446,0.1111111111111111,9,1.2,0.6,1.0,0.4,5,0.25,0.25,3.25,0.0,4,0.2610525605706674,0.262957281867213,0.1646964115759112,0.1722203940461082,0.3447095058541994,0.4012564889335813
2022-23,11,2022-23_GW11_Fulham_vs_Bournemouth,Fulham,Bournemouth,0.0583,0.0467,0.105,53.7,147.7,0.2091,0.2857,0.1083,0.0867,0.195,55.0,147.1,0.3,0.1538,-0.049999999999999996,-0.04,-0.09000000000000001,-1.2999999999999972,2022-10-15,Fulham,Bournemouth,2,2,D,1423.4,1453.3,-30.0,10,9,-1,9,9,1,1,0,2,1.2,1.6,2.4,0.0,5,1.8,1.2,0.8,0.4,5,1.1,1.4,2.0,0.1,10,1.5,1.1,2.1,0.3,10,1.4,1.6,2.2,0.0,5,1.4,1.4,3.4,0.0,5,0.161500146135483,0.175628824978206,0.1642084755529974,0.1727321370231531,0.4012564889335813,0.4012564889335813
2022-23,11,2022-23_GW11_Leicester City_vs_Crystal Palace,Leicester City,Crystal Palace,0.05,0.04,0.09,56.3,126.1,0.1909,0.3333,0.05,0.04,0.09,55.6,129.1,0.1909,0.3333,0.0,0.0,0.0,0.6999999999999957,2022-10-15,Leicester City,Crystal Palace,0,0,D,1514.3,1525.4,-11.1,20,15,-5,9,8,3,0,2,5,0.6,1.8,2.8,0.2,5,1.0,1.2,1.6,0.2,5,0.7,1.9,2.5,0.1,10,1.2,1.3,1.5,0.2,10,1.4,2.2,1.2,0.2,5,0.6,1.2,1.8,0.2,5,0.2997460309084326,0.2952299274636467,0.3086046689428421,0.3004239275525364,0.319336084255518,0.3452871460451462
2022-23,11,2022-23_GW11_Aston Villa_vs_Chelsea,Aston Villa,Chelsea,0.0667,0.0533,0.12,52.5,158.4,0.2455,0.25,0.0917,0.0733,0.165,55.0,195.8,0.3,0.1818,-0.02500000000000001,-0.020000000000000004,-0.04500000000000001,-2.5,2022-10-16,Aston Villa,Chelsea,0,2,A,1498.9,1672.0,-173.1,16,4,-12,9,8,1,3,1,5,1.2,0.8,0.8,0.4,5,2.4,2.0,1.0,0.2,5,0.9,0.9,1.4,0.2,10,2.0,1.6,1.2,0.2,10,1.6,1.0,0.8,0.2,5,1.8,1.4,1.2,0.4,5,0.2764726014853229,0.2767973055328822,0.3237636015568196,0.2721422681364144,0.3345461187497552,0.3511527469702011
2022-23,11,2022-23_GW11_Leeds United_vs_Arsenal,Leeds United,Arsenal,0.0583,0.0467,0.105,53.5,144.0,0.2091,0.2857,0.0583,0.0467,0.105,55.2,141.1,0.2136,0.2857,0.0,0.0,0.0,-1.7000000000000028,2022-10-16,Leeds United,Arsenal,0,1,A,1497.8,1681.6,-183.8,15,1,-14,8,9,0,3,1,4,0.4,0.8,1.8,0.2,5,2.4,2.4,1.4,0.2,5,1.3,1.4,1.4,0.2,10,2.7,2.8,1.1,0.3,10,1.8,1.4,0.6,0.4,5,1.8,1.8,1.0,0.6,5,0.3084341531325537,0.3091593277418866,0.2820346229034116,0.2349049252324147,0.3419272387191439,0.3478286143103909
2022-23,11,2022-23_GW11_Manchester United_vs_Newcastle United,Manchester United,Newcastle United,0.0583,0.0467,0.105,52.8,158.4,0.2136,0.2857,0.0333,0.0267,0.06,53.0,127.1,0.1455,0.5,0.024999999999999994,0.019999999999999997,0.045,-0.20000000000000284,2022-10-16,Manchester United,Newcastle United,0,0,D,1640.2,1567.8,72.4,5,6,1,8,9,4,0,1,5,2.4,2.0,1.6,0.4,5,1.6,2.2,1.0,0.2,5,1.5,1.3,2.0,0.2,10,1.7,1.9,1.0,0.3,10,2.0,2.0,1.0,0.2,5,1.6,1.6,1.0,0.2,5,0.2874503555865128,0.2491575046006384,0.2953034681324093,0.2751373219716034,0.3724131775076168,0.328518178811947
2022-23,11,2022-23_GW11_Southampton_vs_West Ham United,Southampton,West Ham United,0.0917,0.0733,0.165,55.0,152.2,0.3,0.1818,0.0417,0.0333,0.075,52.6,117.5,0.1828,0.4,0.05,0.04,0.09000000000000001,2.3999999999999986,2022-10-16,Southampton,West Ham United,1,1,D,1455.7,1545.2,-89.5,18,13,-5,9,9,1,2,2,5,0.6,0.6,1.8,0.0,5,1.4,1.4,1.0,0.2,5,0.7,0.9,2.1,0.0,10,1.0,0.9,1.3,0.2,10,0.8,1.2,1.6,0.0,5,0.6,0.6,1.4,0.2,5,0.2825066843826588,0.296387396168513,0.3004978336308114,0.2865575403224194,0.3253640241933263,0.3223500542244222
2022-23,11,2022-23_GW11_Liverpool_vs_Manchester City,Liverpool,Manchester City,0.0167,0.0133,0.03,59.2,137.8,0.0955,1.0,0.0333,0.0267,0.06,60.0,133.2,0.1409,0.5,-0.016600000000000004,-0.013400000000000002,-0.03,-0.7999999999999972,2022-10-16,Liverpool,Manchester City,1,0,H,1759.3,1826.9,-67.6,12,2,-10,8,9,0,2,3,5,1.6,3.2,1.4,0.4,5,2.6,4.0,0.8,0.6,5,1.6,2.5,1.4,0.2,10,2.6,3.6,1.1,0.5,10,2.2,3.6,1.2,0.2,5,1.8,2.2,1.2,0.4,5,0.343148238925654,0.2658789436069878,0.3004203682240075,0.2191450913575518,0.3471664162444356,0.3483718298280423
2022-23,12,2022-23_GW12_Brighton and Hove Albion_vs_Nottingham Forest,Brighton and Hove Albion,Nottingham Forest,0.0667,0.0533,0.12,53.2,143.8,0.2364,0.25,0.0833,0.0667,0.15,55.0,175.7,0.2773,0.2,-0.016600000000000004,-0.013399999999999995,-0.03,-1.7999999999999972,2022-10-18,Brighton and Hove Albion,Nottingham Forest,0,0,D,1552.3,1452.4,99.9,7,20,13,9,10,0,0,0,0,0.8,1.8,2.0,0.0,5,0.2,1.0,2.4,0.0,5,1.7,1.7,1.2,0.3,10,0.5,0.7,2.3,0.1,10,2.0,1.8,0.8,0.4,5,0.2,0.2,2.8,0.0,5,0.2798246530549527,0.2648932772742507,0.1563681078813208,0.1646479057926732,0.3376301810435176,0.3765571163173662
2022-23,12,2022-23_GW12_Crystal Palace_vs_Wolverhampton Wanderers,Crystal Palace,Wolverhampton Wanderers,0.05,0.04,0.09,55.6,128.8,0.1909,0.3333,0.075,0.06,0.135,53.7,151.5,0.3318,0.2222,-0.024999999999999994,-0.019999999999999997,-0.04500000000000001,1.8999999999999986,2022-10-18,Crystal Palace,Wolverhampton Wanderers,2,1,H,1527.9,1499.5,28.4,13,17,4,9,10,3,2,0,5,1.2,0.8,0.8,0.4,5,1.2,0.4,1.6,0.4,5,1.3,1.1,1.2,0.3,10,0.9,0.4,1.2,0.4,10,1.4,1.4,1.4,0.0,5,0.2,0.2,1.6,0.2,5,0.2943149199020081,0.2857632678991931,0.250885362707767,0.2510192262401413,0.3248909010005332,0.3243576718979403
2022-23,12,2022-23_GW12_Bournemouth_vs_Southampton,Bournemouth,Southampton,0.1083,0.0867,0.195,55.0,147.0,0.3,0.1538,0.0917,0.0733,0.165,55.0,152.1,0.3,0.1818,0.01659999999999999,0.013399999999999995,0.03,0.0,2022-10-19,Bournemouth,Southampton,0,1,A,1455.3,1455.4,-0.1,11,18,7,10,10,1,2,2,5,1.8,1.6,1.2,0.2,5,0.2,0.4,1.8,0.0,5,1.3,1.0,2.2,0.3,10,0.8,0.9,1.8,0.0,10,1.6,0.8,0.8,0.6,5,0.6,0.6,2.2,0.0,5,0.1566178335995552,0.1643853761970015,0.2709700848122934,0.2843777205770109,0.3765571163173662,0.3064995415480654
2022-23,12,2022-23_GW12_Brentford_vs_Chelsea,Brentford,Chelsea,0.0333,0.0267,0.06,52.8,122.3,0.1409,0.5,0.0917,0.0733,0.165,55.0,195.8,0.3,0.1818,-0.0584,-0.0466,-0.10500000000000001,-2.200000000000003,2022-10-19,Brentford,Chelsea,0,0,D,1510.6,1679.9,-169.3,9,4,-5,10,9,1,1,0,2,1.4,1.6,2.0,0.4,5,2.4,2.0,0.8,0.4,5,1.3,1.8,1.7,0.3,10,2.2,1.7,1.1,0.3,10,2.0,2.4,1.2,0.4,5,1.8,1.2,1.2,0.4,5,0.280562733995254,0.2774194017627333,0.3093708375293654,0.2580904289250705,0.3055289909855723,0.330305533095832
2022-23,12,2022-23_GW12_Liverpool_vs_West Ham United,Liverpool,West Ham United,0.0167,0.0133,0.03,59.1,137.8,0.0955,1.0,0.0417,0.0333,0.075,52.6,117.7,0.1828,0.4,-0.025,-0.020000000000000004,-0.045,6.5,2022-10-19,Liverpool,West Ham United,1,0,H,1768.4,1545.5,222.9,9,13,4,9,10,4,1,0,5,1.6,1.6,1.4,0.4,5,1.4,1.4,1.0,0.2,5,1.6,2.4,1.3,0.3,10,1.1,0.9,1.1,0.2,10,2.2,3.2,1.0,0.4,5,0.8,0.6,1.0,0.2,5,0.3281276471691857,0.2521506133745285,0.2883862099775459,0.2749223762074338,0.3266256860407746,0.3037172966022516
2022-23,12,2022-23_GW12_Newcastle United_vs_Everton,Newcastle United,Everton,0.0333,0.0267,0.06,53.0,127.2,0.1455,0.5,0.025,0.02,0.045,53.7,145.2,0.1318,0.6667,0.008300000000000002,0.006700000000000001,0.015,-0.7000000000000028,2022-10-19,Newcastle United,Everton,1,0,H,1572.4,1496.8,75.6,7,15,8,10,10,3,1,1,5,1.8,2.0,0.6,0.4,5,1.4,0.8,1.0,0.4,5,1.5,1.7,0.9,0.4,10,1.0,0.8,1.1,0.2,10,1.8,2.2,1.0,0.4,5,1.0,1.0,1.4,0.0,5,0.2838855266962194,0.2632621415135595,0.2713108989044718,0.2722395483438272,0.3094111932355451,0.3105111505397041
2022-23,12,2022-23_GW12_Manchester United_vs_Tottenham,Manchester United,Tottenham,0.0583,0.0467,0.105,52.8,158.2,0.2136,0.2857,0.0417,0.0333,0.075,58.9,146.5,0.1682,0.4,0.016599999999999997,0.013399999999999995,0.03,-6.100000000000001,2022-10-19,Manchester United,Tottenham,2,0,H,1635.6,1682.1,-46.5,7,3,-4,9,10,3,1,1,5,2.0,1.8,1.6,0.4,5,2.4,2.4,1.2,0.4,5,1.6,1.3,1.6,0.3,10,2.3,2.2,1.0,0.4,10,2.0,1.8,0.8,0.4,5,1.6,1.4,1.2,0.4,5,0.2724799824381861,0.2372451014863059,0.2986147161271893,0.2485961072106115,0.349931384056138,0.3100420511011656
2022-23,12,2022-23_GW12_Leicester City_vs_Leeds United,Leicester City,Leeds United,0.0417,0.0333,0.075,54.4,127.6,0.1682,0.4,0.0583,0.0467,0.105,53.5,143.7,0.2091,0.2857,-0.016599999999999997,-0.013399999999999995,-0.03,0.8999999999999986,2022-10-20,Leicester City,Leeds United,2,0,H,1511.8,1490.2,21.6,20,16,-4,10,9,2,1,1,4,0.8,1.8,2.6,0.4,5,0.4,0.8,1.8,0.2,5,0.5,1.5,2.4,0.2,10,1.2,1.3,1.4,0.2,10,1.0,1.4,1.0,0.4,5,0.8,1.4,2.2,0.0,5,0.2873064689069353,0.2837268741588917,0.2926603386854211,0.2957458034626819,0.3009350516564378,0.3217893156255563
2022-23,12,2022-23_GW12_Fulham_vs_Aston Villa,Fulham,Aston Villa,0.05,0.04,0.09,54.0,146.5,0.1864,0.3333,0.0667,0.0533,0.12,52.5,158.2,0.2455,0.25,-0.016699999999999993,-0.0133,-0.03,1.5,2022-10-20,Fulham,Aston Villa,3,0,H,1421.4,1491.0,-69.6,12,17,5,10,10,0,2,0,2,0.8,1.6,2.6,0.0,5,1.2,0.6,0.8,0.4,5,1.2,1.6,2.0,0.1,10,0.9,0.7,1.3,0.2,10,1.6,2.0,2.2,0.0,5,0.4,0.6,1.6,0.2,5,0.1536923452625195,0.1675144032153747,0.2639149480069914,0.2664684367336297,0.3765571163173662,0.3149756831271728
2022-23,13,2022-23_GW13_Nottingham Forest_vs_Liverpool,Nottingham Forest,Liverpool,0.0833,0.0667,0.15,55.0,175.4,0.2773,0.2,0.0167,0.0133,0.03,59.1,137.5,0.0955,1.0,0.06659999999999999,0.053399999999999996,0.12,-4.100000000000001,2022-10-22,Nottingham Forest,Liverpool,1,0,H,1457.6,1771.1,-313.5,20,7,-13,11,10,0,0,0,0,0.4,0.6,1.8,0.2,5,1.6,1.4,1.2,0.6,5,0.6,0.7,2.1,0.2,10,1.6,2.2,1.2,0.4,10,0.8,1.2,1.8,0.2,5,1.0,1.4,1.6,0.2,5,0.1504781775519988,0.1575426556239332,0.3151333001389644,0.2415746611854128,0.3537567217098437,0.3076642022230573
2022-23,13,2022-23_GW13_Everton_vs_Crystal Palace,Everton,Crystal Palace,0.025,0.02,0.045,53.7,144.9,0.1318,0.6667,0.0417,0.0333,0.075,54.7,129.0,0.1682,0.4,-0.0167,-0.013300000000000003,-0.03,-1.0,2022-10-22,Everton,Crystal Palace,3,0,H,1491.5,1534.4,-42.9,15,11,-4,11,10,3,1,1,5,1.2,0.8,1.2,0.2,5,1.6,1.0,0.8,0.4,5,1.0,0.8,1.1,0.2,10,1.3,1.2,1.3,0.2,10,1.0,0.6,0.8,0.4,5,0.6,1.0,1.6,0.4,5,0.2610069248362072,0.2633909398853609,0.2833136100950055,0.2732195104564094,0.2927886110875914,0.3060627937949435
2022-23,13,2022-23_GW13_Manchester City_vs_Brighton and Hove Albion,Manchester City,Brighton and Hove Albion,0.0333,0.0267,0.06,60.0,132.9,0.1409,0.5,0.0667,0.0533,0.12,53.2,143.9,0.2364,0.25,-0.03339999999999999,-0.0266,-0.06,6.799999999999997,2022-10-22,Manchester City,Brighton and Hove Albion,3,1,H,1817.8,1547.1,270.7,2,8,6,10,10,4,1,0,5,2.0,2.8,1.0,0.4,5,1.0,1.6,1.6,0.2,5,2.3,3.3,1.0,0.5,10,1.5,1.4,1.1,0.4,10,3.0,4.8,1.0,0.6,5,1.4,1.6,1.6,0.2,5,0.2865131328942957,0.2106768370028698,0.267460288511112,0.2545516435297008,0.3277384230239583,0.3178226314438195
2022-23,13,2022-23_GW13_Chelsea_vs_Manchester United,Chelsea,Manchester United,0.0917,0.0733,0.165,55.0,195.8,0.3,0.1818,0.05,0.04,0.09,52.7,157.7,0.1909,0.3333,0.0417,0.0333,0.07500000000000001,2.299999999999997,2022-10-22,Chelsea,Manchester United,1,1,D,1677.9,1644.1,33.8,4,5,1,10,10,0,1,4,5,2.6,1.8,0.4,0.6,5,2.0,2.0,1.6,0.4,5,2.0,1.5,1.0,0.4,10,1.9,1.5,1.5,0.4,10,2.6,2.2,1.0,0.2,5,1.8,1.4,2.2,0.4,5,0.2963881584752456,0.2477314498687113,0.2619556393627033,0.2261979162668758,0.3110611291917835,0.3291780730249899
2022-23,13,2022-23_GW13_Aston Villa_vs_Brentford,Aston Villa,Brentford,0.0667,0.0533,0.12,52.5,158.0,0.2455,0.25,0.0333,0.0267,0.06,52.8,122.4,0.1409,0.5,0.03339999999999999,0.0266,0.06,-0.29999999999999716,2022-10-23,Aston Villa,Brentford,4,0,H,1481.9,1512.6,-30.7,17,10,-7,11,11,0,1,1,2,1.0,0.4,1.2,0.4,5,1.0,0.6,1.6,0.6,5,0.9,0.7,1.4,0.2,10,1.3,1.6,1.5,0.4,10,1.4,0.8,1.0,0.2,5,0.6,1.2,2.2,0.2,5,0.2532886810556858,0.2582566778934118,0.2710556672475859,0.2674520633512683,0.2969098940980596,0.288189498162866
2022-23,13,2022-23_GW13_Leeds United_vs_Fulham,Leeds United,Fulham,0.0583,0.0467,0.105,53.5,143.6,0.2091,0.2857,0.05,0.04,0.09,54.0,146.5,0.1864,0.3333,0.008299999999999995,0.006699999999999998,0.015,-0.5,2022-10-23,Leeds United,Fulham,2,3,A,1483.6,1430.5,53.0,17,9,-8,10,11,2,0,0,2,0.2,0.6,2.0,0.2,5,1.4,2.0,2.2,0.2,5,0.9,1.1,1.5,0.2,10,1.4,1.7,1.8,0.2,10,1.6,1.2,0.6,0.4,5,0.8,1.2,1.8,0.2,5,0.2798376411762291,0.2848034372347587,0.1482358079553273,0.1599258103152509,0.3031996696355886,0.3537567217098437
2022-23,13,2022-23_GW13_Southampton_vs_Arsenal,Southampton,Arsenal,0.0917,0.0733,0.165,55.0,151.9,0.3,0.1818,0.0583,0.0467,0.105,55.2,141.1,0.2136,0.2857,0.033400000000000006,0.026600000000000006,0.06000000000000001,-0.20000000000000284,2022-10-23,Southampton,Arsenal,1,1,D,1468.2,1689.2,-221.0,16,1,-15,11,10,1,3,1,5,0.8,0.6,1.6,0.2,5,2.4,2.2,1.2,0.4,5,1.1,0.9,1.4,0.1,10,2.7,2.4,1.0,0.4,10,1.0,1.2,1.4,0.0,5,2.4,2.0,0.6,0.8,5,0.2633316971773151,0.2725164990886602,0.2710436855842831,0.2241277298209538,0.2890854292520982,0.3272369719000035
2022-23,13,2022-23_GW13_Wolverhampton Wanderers_vs_Leicester City,Wolverhampton Wanderers,Leicester City,0.075,0.06,0.135,53.7,151.6,0.3318,0.2222,0.0417,0.0333,0.075,54.5,127.3,0.1682,0.4,0.033299999999999996,0.026699999999999995,0.06000000000000001,-0.7999999999999972,2022-10-23,Wolverhampton Wanderers,Leicester City,0,4,A,1493.1,1518.4,-25.4,18,20,2,11,11,1,2,2,5,0.6,0.4,2.0,0.2,5,1.4,1.8,1.6,0.6,5,0.9,0.4,1.2,0.4,10,0.7,1.5,2.2,0.3,10,1.6,0.6,0.8,0.6,5,0.0,1.6,3.8,0.0,5,0.2409733522750048,0.2427575809156468,0.2783331331938884,0.2729562297908007,0.305570561293971,0.2839487576738335
2022-23,13,2022-23_GW13_Tottenham_vs_Newcastle United,Tottenham,Newcastle United,0.0417,0.0333,0.075,59.0,146.6,0.1682,0.4,0.0333,0.0267,0.06,52.9,127.4,0.1455,0.5,0.008399999999999998,0.006600000000000002,0.015,6.100000000000001,2022-10-23,Tottenham,Newcastle United,1,2,A,1673.6,1577.8,95.9,3,6,3,11,11,3,0,2,5,1.8,2.0,1.4,0.4,5,2.2,2.2,0.6,0.4,5,2.0,1.8,1.1,0.4,10,1.5,1.6,0.9,0.4,10,3.0,3.0,0.8,0.4,5,1.2,1.2,0.8,0.4,5,0.2869344519340739,0.2408163910716413,0.2746536128367648,0.2533075928601996,0.2923555777277958,0.2917732225197949
2022-23,13,2022-23_GW13_West Ham United_vs_Bournemouth,West Ham United,Bournemouth,0.0417,0.0333,0.075,52.5,117.3,0.1828,0.4,0.1083,0.0867,0.195,55.0,147.0,0.3,0.1538,-0.06659999999999999,-0.053399999999999996,-0.12000000000000001,-2.5,2022-10-24,West Ham United,Bournemouth,2,0,H,1542.8,1442.5,100.3,17,13,-4,11,11,1,2,2,5,1.4,1.2,0.8,0.2,5,1.2,1.0,1.0,0.2,5,1.1,0.9,1.0,0.2,10,1.0,0.8,2.3,0.2,10,1.4,1.2,1.2,0.2,5,1.0,1.2,3.6,0.0,5,0.2779650562907079,0.2657301356594227,0.1492297778830761,0.1588605976721766,0.2865170934629659,0.3537567217098437
2022-23,14,2022-23_GW14_Liverpool_vs_Leeds United,Liverpool,Leeds United,0.0167,0.0133,0.03,59.1,137.5,0.0955,1.0,0.0583,0.0467,0.105,53.5,143.5,0.2091,0.2857,-0.0416,-0.0334,-0.075,5.600000000000001,2022-10-29,Liverpool,Leeds United,1,2,A,1755.6,1469.4,286.2,8,18,10,11,11,3,0,1,4,1.4,1.4,1.4,0.4,5,0.2,0.6,1.6,0.2,5,1.5,2.0,1.1,0.4,10,0.6,1.1,1.7,0.2,10,2.6,3.2,0.8,0.6,5,0.2,1.0,2.4,0.0,5,0.3019565743443599,0.2347521555377892,0.2680423335204454,0.2770290723965362,0.2901605465591769,0.2860392635487087
2022-23,14,2022-23_GW14_Fulham_vs_Everton,Fulham,Everton,0.05,0.04,0.09,54.0,146.6,0.1864,0.3333,0.025,0.02,0.045,53.7,144.9,0.1318,0.6667,0.025,0.02,0.045,0.29999999999999716,2022-10-29,Fulham,Everton,0,0,D,1444.7,1499.9,-55.2,7,12,5,12,12,2,2,0,4,1.4,2.0,2.2,0.2,5,1.2,1.2,1.2,0.2,5,1.6,2.0,2.0,0.1,10,1.3,1.0,0.9,0.3,10,2.0,2.2,1.8,0.2,5,1.0,0.8,1.2,0.0,5,0.1442191733247536,0.1531527290100315,0.254200496143234,0.2542276132129529,0.3327093047435739,0.2764286452198642
2022-23,14,2022-23_GW14_Newcastle United_vs_Aston Villa,Newcastle United,Aston Villa,0.0333,0.0267,0.06,53.0,127.2,0.1455,0.5,0.0667,0.0533,0.12,52.5,157.7,0.2455,0.25,-0.03339999999999999,-0.0266,-0.06,0.5,2022-10-29,Newcastle United,Aston Villa,4,0,H,1592.9,1489.9,103.0,4,16,12,12,12,1,2,2,5,2.6,2.4,0.6,0.4,5,1.0,1.0,1.2,0.4,5,1.7,1.8,1.0,0.3,10,0.9,0.9,1.3,0.3,10,1.8,2.0,1.0,0.4,5,0.4,0.6,1.8,0.2,5,0.2683464162308967,0.2437475137352526,0.2465722371580733,0.2492520838025335,0.2754913234349971,0.2802330689349129
2022-23,14,2022-23_GW14_Crystal Palace_vs_Southampton,Crystal Palace,Southampton,0.0333,0.0267,0.06,52.1,130.8,0.1455,0.5,0.0917,0.0733,0.165,55.0,151.6,0.3,0.1818,-0.0584,-0.0466,-0.10500000000000001,-2.8999999999999986,2022-10-29,Crystal Palace,Southampton,1,0,H,1526.0,1471.5,54.5,13,16,3,11,12,2,2,1,5,1.4,1.0,1.4,0.2,5,1.0,0.8,1.6,0.2,5,1.3,1.2,1.4,0.2,10,1.1,0.8,1.3,0.1,10,2.0,1.8,1.2,0.0,5,1.2,0.6,1.4,0.2,5,0.272215534085805,0.2648327348957212,0.2558339944488846,0.2638079261849026,0.2886822602619437,0.2730101775338783
2022-23,14,2022-23_GW14_Brighton and Hove Albion_vs_Chelsea,Brighton and Hove Albion,Chelsea,0.0667,0.0533,0.12,53.2,143.7,0.2364,0.25,0.0917,0.0733,0.165,55.0,195.5,0.3,0.1818,-0.02500000000000001,-0.020000000000000004,-0.04500000000000001,-1.7999999999999972,2022-10-29,Brighton and Hove Albion,Chelsea,4,1,H,1545.0,1674.3,-129.3,10,5,-5,11,11,0,1,4,5,0.4,0.8,1.8,0.2,5,2.2,1.6,0.4,0.6,5,1.2,1.3,1.3,0.4,10,1.8,1.5,1.1,0.3,10,1.6,1.2,0.6,0.6,5,1.4,1.0,1.2,0.4,5,0.2576182475488883,0.245718051103458,0.2854400408386693,0.2394019401880407,0.2995379586264741,0.2932963053714896
2022-23,14,2022-23_GW14_Brentford_vs_Wolverhampton Wanderers,Brentford,Wolverhampton Wanderers,0.0333,0.0267,0.06,52.7,122.4,0.1409,0.5,0.075,0.06,0.135,53.7,151.5,0.3318,0.2222,-0.041699999999999994,-0.033299999999999996,-0.07500000000000001,-1.0,2022-10-29,Brentford,Wolverhampton Wanderers,1,1,D,1504.5,1481.0,23.6,13,19,6,12,12,1,1,0,2,1.0,0.6,1.8,0.6,5,0.6,0.4,2.2,0.2,5,1.0,1.2,1.9,0.3,10,0.8,0.4,1.6,0.3,10,1.6,1.6,1.2,0.4,5,0.2,0.2,1.6,0.2,5,0.2617534883191931,0.2605019540211258,0.2319267659229369,0.2367057418683438,0.2721831289001721,0.2882278723940732
2022-23,14,2022-23_GW14_Bournemouth_vs_Tottenham,Bournemouth,Tottenham,0.1083,0.0867,0.195,55.0,146.7,0.3,0.1538,0.0417,0.0333,0.075,59.0,146.6,0.1682,0.4,0.06659999999999999,0.053399999999999996,0.12000000000000001,-4.0,2022-10-29,Bournemouth,Tottenham,2,3,A,1437.7,1658.5,-220.8,14,4,-10,12,12,1,3,1,5,1.0,0.8,1.2,0.2,5,1.2,1.0,1.4,0.4,5,1.0,0.8,2.1,0.2,10,1.9,1.7,1.1,0.4,10,1.0,0.4,1.0,0.4,5,1.4,1.0,1.2,0.4,5,0.1436598741965713,0.1537489858861641,0.276196945755415,0.2351906892570335,0.3327093047435739,0.2760289050469062
2022-23,14,2022-23_GW14_Leicester City_vs_Manchester City,Leicester City,Manchester City,0.0333,0.0267,0.06,52.6,128.0,0.1455,0.5,0.0333,0.0267,0.06,60.1,132.6,0.1409,0.5,0.0,0.0,0.0,-7.5,2022-10-29,Leicester City,Manchester City,0,1,A,1530.6,1819.9,-289.4,18,2,-16,12,11,1,4,0,5,2.0,2.2,0.4,0.8,5,2.4,3.2,1.0,0.4,5,1.0,1.7,1.8,0.4,10,2.3,3.4,1.1,0.4,10,1.4,1.4,0.6,0.6,5,1.6,1.8,1.0,0.4,5,0.2717435682501545,0.2631034566635093,0.27632161951933,0.2028078869290996,0.2682684320339625,0.3086913879214632
2022-23,14,2022-23_GW14_Arsenal_vs_Nottingham Forest,Arsenal,Nottingham Forest,0.0583,0.0467,0.105,55.2,141.2,0.2136,0.2857,0.0833,0.0667,0.15,55.0,175.3,0.2773,0.2,-0.025,-0.019999999999999997,-0.045,0.20000000000000284,2022-10-30,Arsenal,Nottingham Forest,5,0,H,1685.9,1473.1,212.8,2,20,18,11,12,0,0,0,0,2.6,2.2,0.8,0.4,5,1.0,0.4,1.2,0.4,5,2.5,2.3,1.1,0.3,10,0.6,0.7,2.1,0.2,10,3.0,2.8,1.4,0.0,5,0.4,0.2,2.4,0.2,5,0.2607627614399922,0.2163020766281154,0.1464828048392732,0.1507860256669177,0.3082284901920266,0.3327093047435739
2022-23,14,2022-23_GW14_Manchester United_vs_West Ham United,Manchester United,West Ham United,0.05,0.04,0.09,52.7,157.6,0.1909,0.3333,0.0417,0.0333,0.075,52.4,117.3,0.1828,0.4,0.008300000000000002,0.006699999999999998,0.015,0.30000000000000426,2022-10-30,Manchester United,West Ham United,1,0,H,1647.8,1547.6,100.2,6,13,7,11,12,4,0,1,5,1.6,1.6,1.6,0.4,5,2.0,1.6,0.6,0.4,5,2.0,1.5,1.4,0.4,10,1.4,1.1,0.9,0.3,10,2.0,1.6,0.8,0.4,5,0.8,0.6,1.0,0.2,5,0.2528310523549358,0.2175350435990332,0.2702802766086666,0.2571025686087249,0.310020352370491,0.2706393047839205
2022-23,15,2022-23_GW15_Leeds United_vs_Bournemouth,Leeds United,Bournemouth,0.0583,0.0467,0.105,53.5,143.3,0.2091,0.2857,0.1083,0.0867,0.195,55.0,146.6,0.3,0.1538,-0.049999999999999996,-0.04,-0.09000000000000001,-1.5,2022-11-05,Leeds United,Bournemouth,4,3,H,1487.5,1431.1,56.4,15,14,-1,12,13,0,0,0,0,0.6,1.0,1.8,0.0,5,0.8,1.2,1.8,0.0,5,0.8,1.1,1.6,0.2,10,1.0,1.0,2.1,0.2,10,1.0,1.2,1.0,0.4,5,1.0,1.2,3.2,0.0,5,0.2625516344312185,0.2660906299251546,0.1388334391459281,0.1496814996762439,0.2701982121792771,0.3132800900927949
2022-23,15,2022-23_GW15_Manchester City_vs_Fulham,Manchester City,Fulham,0.0333,0.0267,0.06,60.1,132.8,0.1409,0.5,0.05,0.04,0.09,54.0,146.5,0.1864,0.3333,-0.0167,-0.0133,-0.03,6.100000000000001,2022-11-05,Manchester City,Fulham,2,1,H,1825.0,1443.4,381.6,2,7,5,12,13,4,0,0,4,2.4,2.8,1.0,0.4,5,1.6,1.8,1.4,0.4,5,2.3,3.1,1.1,0.4,10,1.4,1.7,1.8,0.2,10,3.0,4.6,1.2,0.4,5,1.2,1.8,2.2,0.0,5,0.2682280041692506,0.195988027731366,0.1397872165946637,0.1486602128779088,0.29110875846815,0.3132800900927949
2022-23,15,2022-23_GW15_Nottingham Forest_vs_Brentford,Nottingham Forest,Brentford,0.0833,0.0667,0.15,54.9,175.0,0.2773,0.2,0.025,0.02,0.045,52.2,121.7,0.1182,0.6667,0.0583,0.04669999999999999,0.105,2.6999999999999957,2022-11-05,Nottingham Forest,Brentford,2,2,D,1470.2,1501.1,-30.9,20,12,-8,13,13,0,0,0,0,1.0,0.4,1.4,0.4,5,1.0,0.8,2.0,0.4,5,0.5,0.6,2.5,0.2,10,1.1,1.1,1.7,0.3,10,0.8,1.2,1.8,0.2,5,0.4,0.8,2.6,0.2,5,0.1418597634654756,0.1464883126047964,0.2544430993855994,0.2541448371798008,0.3132800900927949,0.2574073877874787
2022-23,15,2022-23_GW15_Wolverhampton Wanderers_vs_Brighton and Hove Albion,Wolverhampton Wanderers,Brighton and Hove Albion,0.075,0.06,0.135,53.7,151.2,0.3318,0.2222,0.0667,0.0533,0.12,53.1,143.3,0.2364,0.25,0.008300000000000002,0.006699999999999998,0.015000000000000013,0.6000000000000014,2022-11-05,Wolverhampton Wanderers,Brighton and Hove Albion,2,3,A,1484.4,1555.8,-71.5,19,8,-11,13,12,2,1,2,5,0.8,0.6,2.0,0.2,5,0.8,1.0,1.4,0.2,5,0.9,0.5,1.6,0.3,10,1.4,1.7,1.4,0.3,10,1.4,0.6,1.6,0.4,5,0.8,1.4,2.0,0.2,5,0.2260577883231654,0.2298708891483736,0.2510614843897207,0.2368100226207513,0.2722185527802795,0.2826590782604512
2022-23,15,2022-23_GW15_Everton_vs_Leicester City,Everton,Leicester City,0.025,0.02,0.045,53.7,144.8,0.1318,0.6667,0.0333,0.0267,0.06,52.5,128.0,0.1455,0.5,-0.008300000000000002,-0.006700000000000001,-0.015,1.2000000000000028,2022-11-05,Everton,Leicester City,0,2,A,1501.2,1525.5,-24.4,13,18,5,13,13,3,0,2,5,0.8,0.8,1.0,0.4,5,1.4,1.4,0.6,0.6,5,1.3,0.9,0.8,0.4,10,1.0,1.6,1.7,0.4,10,1.6,1.2,0.6,0.6,5,0.6,2.0,3.0,0.2,5,0.2476596953126035,0.2473430202709834,0.263985606586129,0.2569607100041398,0.2613264933010377,0.2537936671191321
2022-23,15,2022-23_GW15_West Ham United_vs_Crystal Palace,West Ham United,Crystal Palace,0.0417,0.0333,0.075,52.4,116.5,0.1828,0.4,0.0333,0.0267,0.06,52.1,130.9,0.1455,0.5,0.008399999999999998,0.006600000000000002,0.015,0.29999999999999716,2022-11-06,West Ham United,Crystal Palace,1,2,A,1542.8,1531.8,11.0,14,11,-3,13,12,2,1,2,5,1.4,1.2,0.8,0.2,5,2.0,1.0,1.0,0.4,5,1.4,1.1,0.8,0.3,10,1.5,1.2,1.3,0.3,10,2.0,1.6,0.8,0.4,5,0.6,0.6,1.6,0.4,5,0.2625775025052248,0.2510198810344431,0.2647994094489247,0.2560588097458172,0.255982258509821,0.2726380056487105
2022-23,15,2022-23_GW15_Southampton_vs_Newcastle United,Southampton,Newcastle United,0.075,0.06,0.135,54.4,150.9,0.2545,0.2222,0.0333,0.0267,0.06,53.0,127.2,0.1455,0.5,0.041699999999999994,0.033299999999999996,0.07500000000000001,1.3999999999999986,2022-11-06,Southampton,Newcastle United,1,4,A,1465.7,1597.6,-131.9,17,4,-13,13,13,1,3,1,5,1.0,0.6,1.4,0.2,5,2.6,2.4,0.4,0.6,5,0.8,0.6,1.3,0.1,10,1.9,1.9,0.7,0.4,10,1.0,1.0,1.2,0.0,5,1.6,1.6,1.0,0.2,5,0.2483417882679602,0.2577054943981808,0.2618912638030927,0.2367653489712307,0.2581708499005097,0.2604612362396026
2022-23,15,2022-23_GW15_Tottenham_vs_Liverpool,Tottenham,Liverpool,0.0417,0.0333,0.075,59.0,146.3,0.1682,0.4,0.0167,0.0133,0.03,59.1,137.5,0.0955,1.0,0.025,0.020000000000000004,0.045,-0.10000000000000142,2022-11-06,Tottenham,Liverpool,1,2,A,1665.2,1737.5,-72.3,4,10,6,13,12,0,3,2,5,1.8,1.4,1.2,0.4,5,1.2,1.0,1.2,0.4,5,1.9,1.9,1.3,0.3,10,1.4,2.0,1.2,0.4,10,2.4,2.4,1.0,0.4,5,0.4,1.0,1.6,0.2,5,0.2697786930433654,0.2282482294392901,0.2903952579419632,0.2295386554977203,0.2609574866130728,0.2740026358943259
2022-23,15,2022-23_GW15_Chelsea_vs_Arsenal,Chelsea,Arsenal,0.0917,0.0733,0.165,55.0,195.2,0.3,0.1818,0.0583,0.0467,0.105,55.3,141.4,0.2136,0.2857,0.033400000000000006,0.026600000000000006,0.06000000000000001,-0.29999999999999716,2022-11-06,Chelsea,Arsenal,0,1,A,1663.4,1688.7,-25.3,7,2,-5,12,12,1,3,1,5,1.6,1.4,1.0,0.6,5,2.6,2.6,0.8,0.4,5,1.7,1.4,1.3,0.3,10,2.5,2.4,0.9,0.4,10,2.2,2.0,1.0,0.2,5,2.0,1.8,0.8,0.6,5,0.2752990153380683,0.2333221432451022,0.2529023228448716,0.2092256025842948,0.2768973061122977,0.2906814500074017
2022-23,15,2022-23_GW15_Aston Villa_vs_Manchester United,Aston Villa,Manchester United,0.0667,0.0533,0.12,52.5,157.3,0.2455,0.25,0.05,0.04,0.09,52.6,157.5,0.1909,0.3333,0.016699999999999993,0.0133,0.03,-0.10000000000000142,2022-11-06,Aston Villa,Manchester United,3,1,H,1485.1,1652.6,-167.4,17,5,-12,13,12,1,3,1,5,0.8,1.0,2.0,0.2,5,2.2,1.2,0.4,0.6,5,0.9,0.8,1.4,0.3,10,2.3,1.6,1.0,0.5,10,1.4,1.2,0.8,0.4,5,2.0,1.6,1.6,0.4,5,0.2393889109032304,0.2432433222709333,0.245424809670196,0.2101822708278654,0.2648384190209801,0.2923355472748142
2022-23,16,2022-23_GW16_Manchester City_vs_Brentford,Manchester City,Brentford,0.0333,0.0267,0.06,60.0,132.7,0.1409,0.5,0.0167,0.0133,0.03,51.9,121.3,0.0955,1.0,0.016600000000000004,0.013400000000000002,0.03,8.100000000000001,2022-11-12,Manchester City,Brentford,1,2,A,1826.1,1503.1,323.1,2,11,9,13,14,2,0,0,2,2.4,2.0,0.6,0.4,5,1.2,1.0,1.4,0.4,5,2.5,3.0,0.9,0.4,10,1.1,1.2,1.8,0.3,10,3.0,4.2,1.0,0.4,5,0.6,0.8,2.4,0.2,5,0.2610406681511556,0.1905526077348878,0.2489114924661993,0.2480906309676456,0.2748779458073373,0.2437676596363744
2022-23,16,2022-23_GW16_Bournemouth_vs_Everton,Bournemouth,Everton,0.1,0.08,0.18,55.0,145.3,0.3,0.1667,0.025,0.02,0.045,53.7,145.0,0.1318,0.6667,0.07500000000000001,0.06,0.135,1.2999999999999972,2022-11-12,Bournemouth,Everton,3,0,H,1425.3,1489.0,-63.7,17,16,-1,14,14,3,1,1,5,0.2,1.4,2.4,0.0,5,0.8,0.6,1.0,0.4,5,1.0,1.3,1.6,0.2,10,1.2,0.8,0.9,0.4,10,1.0,0.8,1.0,0.4,5,1.0,0.6,1.0,0.2,5,0.1347770521378,0.1462554005089015,0.2403929937105538,0.2432407333054042,0.295344664451206,0.2473854499991547
2022-23,16,2022-23_GW16_Liverpool_vs_Southampton,Liverpool,Southampton,0.0167,0.0133,0.03,59.0,137.6,0.0955,1.0,0.075,0.06,0.135,54.4,150.6,0.2545,0.2222,-0.0583,-0.0467,-0.10500000000000001,4.600000000000001,2022-11-12,Liverpool,Southampton,3,1,H,1748.3,1456.6,291.7,8,18,10,13,14,4,1,0,5,1.8,1.0,0.8,0.4,5,1.0,0.8,1.4,0.2,5,1.7,2.1,1.1,0.4,10,0.8,0.7,1.6,0.1,10,2.0,1.6,1.2,0.4,5,0.6,0.2,1.4,0.2,5,0.2841720529912516,0.2224036176234365,0.2414683540950459,0.253082285265537,0.2590870044361469,0.2444724239927602
2022-23,16,2022-23_GW16_Nottingham Forest_vs_Crystal Palace,Nottingham Forest,Crystal Palace,0.0833,0.0667,0.15,54.9,174.4,0.2773,0.2,0.025,0.02,0.045,54.8,127.4,0.1227,0.6667,0.0583,0.04669999999999999,0.105,0.10000000000000142,2022-11-12,Nottingham Forest,Crystal Palace,1,0,H,1468.3,1544.9,-76.7,20,11,-9,14,13,0,0,0,0,1.0,0.6,1.6,0.4,5,2.0,1.0,1.0,0.4,5,0.6,0.8,2.5,0.2,10,1.5,1.1,1.3,0.3,10,1.0,1.6,1.8,0.2,5,1.0,0.8,1.6,0.4,5,0.1380202355056251,0.1428187081960143,0.2596262579231626,0.2476589521991866,0.295344664451206,0.2578272919496457
2022-23,16,2022-23_GW16_Tottenham_vs_Leeds United,Tottenham,Leeds United,0.0417,0.0333,0.075,59.0,146.1,0.1682,0.4,0.0583,0.0467,0.105,53.4,143.2,0.2091,0.2857,-0.016599999999999997,-0.013399999999999995,-0.03,5.600000000000001,2022-11-12,Tottenham,Leeds United,4,3,H,1654.4,1493.2,161.2,4,13,9,14,13,3,1,0,4,1.2,1.4,1.6,0.2,5,1.2,1.6,2.0,0.0,5,1.6,1.8,1.5,0.2,10,0.8,1.2,1.9,0.1,10,1.8,2.4,1.4,0.2,5,0.6,1.0,2.2,0.0,5,0.2622147112758357,0.2241703830372967,0.2564937721357541,0.2583652310831412,0.2470448138935682,0.2555750787162044
2022-23,16,2022-23_GW16_West Ham United_vs_Leicester City,West Ham United,Leicester City,0.0417,0.0333,0.075,52.4,116.4,0.1828,0.4,0.0333,0.0267,0.06,52.5,128.0,0.1455,0.5,0.008399999999999998,0.006600000000000002,0.015,-0.10000000000000142,2022-11-12,West Ham United,Leicester City,0,2,A,1529.7,1537.7,-7.9,16,15,-1,14,14,3,1,1,5,0.8,0.8,1.0,0.2,5,2.0,1.6,0.2,0.8,5,1.1,1.1,1.0,0.2,10,1.3,1.7,1.5,0.5,10,2.0,1.8,0.8,0.4,5,1.2,2.2,2.6,0.4,5,0.2548700859932847,0.2469988056573407,0.2596696068459529,0.2495586064868555,0.2424520995044543,0.2404317750161484
2022-23,16,2022-23_GW16_Newcastle United_vs_Chelsea,Newcastle United,Chelsea,0.0333,0.0267,0.06,53.0,127.6,0.1455,0.5,0.0833,0.0667,0.15,54.5,194.8,0.2818,0.2,-0.049999999999999996,-0.039999999999999994,-0.09,-1.5,2022-11-12,Newcastle United,Chelsea,1,0,H,1606.7,1651.3,-44.6,4,8,4,14,13,1,4,0,5,2.6,2.2,0.4,0.6,5,1.0,0.8,1.2,0.4,5,2.1,2.2,0.7,0.4,10,1.7,1.4,1.1,0.3,10,2.2,2.2,0.4,0.6,5,1.4,1.2,1.4,0.4,5,0.2570490466565922,0.2302853667763419,0.2664613161680257,0.2284854839104802,0.2465867170619175,0.2617591218317552
2022-23,16,2022-23_GW16_Wolverhampton Wanderers_vs_Arsenal,Wolverhampton Wanderers,Arsenal,0.075,0.06,0.135,53.7,150.8,0.3318,0.2222,0.0583,0.0467,0.105,56.1,140.5,0.2091,0.2857,0.0167,0.0133,0.030000000000000013,-2.3999999999999986,2022-11-12,Wolverhampton Wanderers,Arsenal,0,2,A,1473.6,1700.8,-227.3,20,1,-19,14,13,2,3,0,5,0.8,1.0,2.0,0.2,5,2.6,2.2,0.6,0.6,5,0.8,0.6,1.8,0.3,10,2.5,2.2,0.9,0.4,10,1.2,0.8,2.0,0.4,5,2.0,1.4,0.8,0.6,5,0.2194445394911587,0.2257685337902872,0.2474227499218669,0.2023673517795253,0.2574400881502583,0.2744834903822713
2022-23,16,2022-23_GW16_Brighton and Hove Albion_vs_Aston Villa,Brighton and Hove Albion,Aston Villa,0.05,0.04,0.09,52.5,142.2,0.1909,0.3333,0.0667,0.0533,0.12,52.5,157.1,0.2455,0.25,-0.016699999999999993,-0.0133,-0.03,0.0,2022-11-13,Brighton and Hove Albion,Aston Villa,1,2,A,1566.7,1497.1,69.6,7,15,8,13,14,1,2,2,5,1.4,1.6,1.6,0.2,5,1.2,1.4,2.0,0.2,5,1.4,1.8,1.6,0.2,10,1.2,1.1,1.4,0.3,10,2.0,2.0,0.8,0.4,5,0.4,0.4,2.0,0.2,5,0.2457107019652834,0.2291884553688577,0.2353528899903858,0.2360827489539615,0.267077907885871,0.2506273660385292
2022-23,16,2022-23_GW16_Fulham_vs_Manchester United,Fulham,Manchester United,0.05,0.04,0.09,54.0,146.3,0.1864,0.3333,0.0417,0.0333,0.075,51.5,157.7,0.1682,0.4,0.008300000000000002,0.006699999999999998,0.015,2.5,2022-11-13,Fulham,Manchester United,1,2,A,1442.2,1640.7,-198.5,9,5,-4,14,13,0,3,1,4,1.6,1.8,1.2,0.4,5,1.6,1.0,0.8,0.6,5,1.4,1.7,1.8,0.2,10,2.0,1.5,1.2,0.5,10,1.6,1.6,1.4,0.4,5,1.4,1.6,2.2,0.2,5,0.1360540010836205,0.1448827052701513,0.2373390156960879,0.2056214732301203,0.295344664451206,0.2760104146083332
2022-23,17,2022-23_GW17_Southampton_vs_Brighton and Hove Albion,Southampton,Brighton and Hove Albion,0.0789,0.0657,0.1446,54.0,150.7,0.2764,0.1834,0.0545,0.0424,0.0969,55.9,138.9,0.2404,0.2705,0.024399999999999998,0.023299999999999994,0.047700000000000006,-1.8999999999999986,2022-12-26,Southampton,Brighton and Hove Albion,1,3,A,1454.7,1552.1,-97.4,19,7,-12,15,14,1,1,3,5,0.8,0.8,1.8,0.2,5,1.4,1.8,1.6,0.2,5,0.5,0.6,1.8,0.1,10,1.1,1.8,1.8,0.1,10,1.0,1.2,1.8,0.0,5,0.8,1.6,2.4,0.0,5,0.3147523748935849,0.2990701507926164,0.2890145421094381,0.2638783567472088,0.2318271831175504,0.2526946748172608
2022-23,17,2022-23_GW17_Arsenal_vs_West Ham United,Arsenal,West Ham United,0.0666,0.0533,0.1198,59.5,137.1,0.2545,0.2374,0.0487,0.0368,0.0855,56.1,112.5,0.2345,0.3001,0.017900000000000006,0.0165,0.0343,3.3999999999999986,2022-12-26,Arsenal,West Ham United,3,1,H,1707.3,1517.1,190.2,1,16,15,14,15,4,0,1,5,2.6,2.0,0.2,0.8,5,0.6,0.6,1.2,0.2,5,2.5,2.2,0.8,0.5,10,1.0,1.0,1.1,0.2,10,3.0,3.0,1.0,0.2,5,0.2,0.4,1.2,0.0,5,0.3858409425859165,0.2107494042840401,0.3518287403496347,0.2953584225063665,0.2595308890742027,0.2299621885573901
2022-23,17,2022-23_GW17_Aston Villa_vs_Liverpool,Aston Villa,Liverpool,0.0741,0.0565,0.1306,56.0,153.3,0.2617,0.2124,0.0269,0.0223,0.0493,67.7,128.8,0.1917,0.4613,0.0472,0.0342,0.0813,-11.700000000000003,2022-12-26,Aston Villa,Liverpool,1,3,A,1511.6,1750.2,-238.6,12,7,-5,15,14,1,4,0,5,1.8,1.8,1.8,0.2,5,1.8,1.4,1.0,0.2,5,1.5,1.2,1.3,0.3,10,1.7,1.5,1.2,0.3,10,2.0,1.8,0.8,0.4,5,0.8,1.0,1.4,0.2,5,0.3445070762284212,0.2460407392765727,0.4289366299212657,0.2423010616769885,0.2375089107310622,0.2453181412204231
2022-23,17,2022-23_GW17_Leicester City_vs_Newcastle United,Leicester City,Newcastle United,0.04,0.0285,0.0686,56.6,123.8,0.2125,0.347,0.0377,0.0312,0.0689,58.3,122.2,0.2106,0.3877,0.0023000000000000034,-0.0026999999999999975,-0.0003000000000000086,-1.6999999999999957,2022-12-26,Leicester City,Newcastle United,0,3,A,1550.3,1615.1,-64.9,13,3,-10,15,15,3,2,0,5,2.4,2.0,0.2,0.8,5,3.0,2.4,0.4,0.6,5,1.6,1.9,1.4,0.6,10,2.4,2.2,0.5,0.5,10,1.4,1.2,0.4,0.6,5,2.0,2.2,1.0,0.2,5,0.3870547923724971,0.2796512514774393,0.332779160159361,0.2325785649732856,0.2280971939972297,0.2337789216107416
2022-23,17,2022-23_GW17_Everton_vs_Wolverhampton Wanderers,Everton,Wolverhampton Wanderers,0.0286,0.0218,0.0504,54.8,143.5,0.2011,0.5334,0.0607,0.0499,0.1106,54.0,149.1,0.3191,0.2566,-0.0321,-0.0281,-0.060200000000000004,0.7999999999999972,2022-12-26,Everton,Wolverhampton Wanderers,1,2,A,1480.1,1467.1,13.0,16,20,4,15,15,2,3,0,5,0.8,0.6,1.2,0.4,5,0.2,0.8,2.4,0.0,5,1.1,0.7,1.1,0.4,10,0.7,0.6,2.0,0.2,10,1.4,1.0,0.8,0.6,5,0.4,0.4,1.6,0.2,5,0.2961959807907743,0.295302854136184,0.2519890757542589,0.2696263956903451,0.2345162450415026,0.243797845875789
2022-23,17,2022-23_GW17_Crystal Palace_vs_Fulham,Crystal Palace,Fulham,0.0299,0.0227,0.0525,57.7,124.4,0.2037,0.5132,0.0558,0.0447,0.1005,54.2,145.9,0.2402,0.2644,-0.025900000000000003,-0.021999999999999995,-0.04800000000000001,3.5,2022-12-26,Crystal Palace,Fulham,0,3,A,1535.6,1435.0,100.6,11,9,-2,14,15,3,0,1,4,1.8,1.0,1.2,0.2,5,1.4,1.6,1.2,0.4,5,1.5,0.9,1.0,0.3,10,1.1,1.6,1.9,0.2,10,2.0,1.4,1.0,0.2,5,1.2,1.8,2.2,0.0,5,0.3446502788844117,0.2690569923186039,0.2438412625547849,0.2070702955531383,0.2441552800323866,0.2787881798620534
2022-23,17,2022-23_GW17_Brentford_vs_Tottenham,Brentford,Tottenham,0.0218,0.0155,0.0374,56.0,117.0,0.186,0.5592,0.0493,0.0398,0.0891,61.8,143.0,0.2234,0.2841,-0.027499999999999997,-0.024300000000000002,-0.051699999999999996,-5.799999999999997,2022-12-26,Brentford,Tottenham,2,2,D,1521.5,1658.0,-136.6,10,4,-6,15,15,0,1,1,2,1.2,1.0,1.6,0.2,5,1.2,1.8,2.2,0.0,5,1.3,1.3,1.8,0.3,10,1.8,2.1,1.7,0.2,10,1.6,1.6,1.2,0.4,5,1.4,1.2,1.6,0.2,5,0.3418593705229053,0.2783243975542429,0.3985269605469376,0.2494225173653721,0.2311766036198201,0.2342017982842663
2022-23,17,2022-23_GW17_Chelsea_vs_Bournemouth,Chelsea,Bournemouth,0.0854,0.0812,0.1666,54.5,194.4,0.3216,0.1846,0.1098,0.0847,0.1945,55.0,145.2,0.3,0.1375,-0.02439999999999999,-0.003500000000000003,-0.027900000000000008,-0.5,2022-12-27,Chelsea,Bournemouth,2,0,H,1642.9,1434.3,208.6,9,14,5,14,15,1,3,1,5,0.4,0.4,1.4,0.2,5,0.6,1.6,2.0,0.2,5,1.4,1.2,1.1,0.3,10,1.2,1.6,1.6,0.2,10,2.0,1.6,0.8,0.2,5,1.0,1.8,2.2,0.0,5,0.2819045096829891,0.2488868140834945,0.3516969720640598,0.1678192553218604,0.2477848164677732,0.2787881798620534
2022-23,17,2022-23_GW17_Manchester United_vs_Nottingham Forest,Manchester United,Nottingham Forest,0.0566,0.0409,0.0974,61.6,147.3,0.2288,0.2642,0.0886,0.0687,0.1574,54.5,174.4,0.2898,0.1819,-0.032,-0.0278,-0.06000000000000001,7.100000000000001,2022-12-27,Manchester United,Nottingham Forest,3,0,H,1647.9,1477.6,170.3,5,19,14,14,15,0,0,0,0,2.0,1.4,1.0,0.4,5,1.6,0.8,1.4,0.6,5,2.0,1.6,1.3,0.4,10,0.9,0.9,1.9,0.3,10,2.6,1.6,0.4,0.6,5,0.2,0.0,3.2,0.2,5,0.4366966956077767,0.2326850092070497,0.2282586391688663,0.1671831865933431,0.2609404177869742,0.2787881798620534
2022-23,17,2022-23_GW17_Leeds United_vs_Manchester City,Leeds United,Manchester City,0.0574,0.0417,0.0992,55.0,140.8,0.2419,0.2633,0.0419,0.0389,0.0808,64.8,127.8,0.2227,0.315,0.0155,0.002800000000000004,0.0184,-9.799999999999997,2022-12-28,Leeds United,Manchester City,1,3,A,1489.6,1807.8,-318.2,15,3,-12,14,14,1,2,1,4,1.2,2.2,2.6,0.0,5,1.8,1.4,1.0,0.2,5,0.8,1.5,2.2,0.1,10,2.2,2.7,0.9,0.4,10,1.0,1.4,1.6,0.2,5,1.6,1.6,1.0,0.4,5,0.3427299542269102,0.2984128659189733,0.3796097409773875,0.2247337296770407,0.2420762251810486,0.259895017325002
2022-23,18,2022-23_GW18_West Ham United_vs_Brentford,West Ham United,Brentford,0.0662,0.0416,0.1078,55.6,112.9,0.2979,0.2743,0.0461,0.0239,0.07,55.5,117.4,0.294,0.4207,0.020099999999999993,0.017699999999999997,0.0378,0.10000000000000142,2022-12-30,West Ham United,Brentford,0,2,A,1514.0,1522.5,-8.6,16,10,-6,16,16,0,2,0,2,0.6,0.8,1.6,0.2,5,1.2,1.4,2.0,0.0,5,1.0,1.0,1.2,0.2,10,1.1,1.0,1.8,0.3,10,1.8,1.6,1.0,0.4,5,1.0,1.0,2.4,0.2,5,0.4120068595388224,0.3431281171305403,0.4845337883724283,0.2938370467997949,0.2184325475972417,0.219553593992669
2022-23,18,2022-23_GW18_Liverpool_vs_Leicester City,Liverpool,Leicester City,0.0562,0.0398,0.096,74.1,122.1,0.2774,0.4665,0.0502,0.038,0.0882,52.5,127.9,0.2971,0.2987,0.005999999999999998,0.001800000000000003,0.007800000000000001,21.599999999999994,2022-12-30,Liverpool,Leicester City,2,1,H,1756.4,1539.2,217.2,6,13,7,15,16,3,2,0,5,1.8,1.8,1.2,0.0,5,1.8,1.6,0.8,0.6,5,1.7,1.6,1.2,0.3,10,1.6,1.7,1.2,0.6,10,2.0,1.8,1.2,0.4,5,1.8,2.2,1.6,0.6,5,0.6102313794180427,0.264614544460462,0.4022610153132971,0.3211337570675245,0.2326078785148269,0.2167109406328355
2022-23,18,2022-23_GW18_Wolverhampton Wanderers_vs_Manchester United,Wolverhampton Wanderers,Manchester United,0.0561,0.0494,0.1055,52.4,149.4,0.3513,0.265,0.1058,0.0636,0.1694,63.3,145.6,0.3039,0.2455,-0.04970000000000001,-0.014200000000000004,-0.0639,-10.899999999999999,2022-12-31,Wolverhampton Wanderers,Manchester United,0,1,A,1480.2,1651.4,-171.2,18,5,-13,16,15,1,3,1,5,0.8,1.0,2.2,0.0,5,2.0,1.6,1.0,0.4,5,0.7,0.7,2.1,0.1,10,2.0,1.8,1.3,0.4,10,0.6,0.6,2.4,0.2,5,1.4,1.8,2.4,0.0,5,0.2987012504603568,0.3030484640064997,0.5975664482759009,0.2410104299388246,0.2312044690308596,0.2470290573811831
2022-23,18,2022-23_GW18_Bournemouth_vs_Crystal Palace,Bournemouth,Crystal Palace,0.1217,0.0914,0.2131,55.0,145.2,0.3,0.1346,0.04,0.0264,0.0664,56.6,125.3,0.3029,0.4665,0.0817,0.065,0.1467,-1.6000000000000014,2022-12-31,Bournemouth,Crystal Palace,0,2,A,1431.4,1520.4,-89.0,14,11,-3,16,15,1,3,1,5,0.6,1.6,2.2,0.2,5,1.2,0.6,1.6,0.2,5,0.9,1.3,1.6,0.2,10,1.4,0.8,1.2,0.3,10,1.4,1.4,1.0,0.4,5,1.0,0.4,1.0,0.4,5,0.3649176048474641,0.2149261358536207,0.3555317889008215,0.3315789195961074,0.2635046182991081,0.2315344223435718
2022-23,18,2022-23_GW18_Fulham_vs_Southampton,Fulham,Southampton,0.067,0.0455,0.1125,54.2,145.4,0.2983,0.2331,0.1025,0.0764,0.1789,56.4,148.3,0.2984,0.1936,-0.03549999999999999,-0.030899999999999997,-0.0664,-2.1999999999999957,2022-12-31,Fulham,Southampton,2,1,H,1450.2,1444.7,5.5,10,20,10,16,16,1,2,1,4,1.4,1.6,1.2,0.4,5,0.2,0.8,2.4,0.0,5,1.4,1.8,1.7,0.3,10,0.5,0.7,2.0,0.1,10,1.0,1.4,1.6,0.4,5,0.6,0.4,1.8,0.2,5,0.4445410300690218,0.2046729152933566,0.4394831071154602,0.3053726289738118,0.2635046182991081,0.2201541545616478
2022-23,18,2022-23_GW18_Manchester City_vs_Everton,Manchester City,Everton,0.0864,0.0616,0.1479,73.5,119.1,0.3124,0.1985,0.0332,0.0264,0.0596,54.0,143.7,0.2972,0.441,0.053200000000000004,0.0352,0.0883,19.5,2022-12-31,Manchester City,Everton,1,1,D,1812.2,1466.9,345.3,2,16,14,15,16,5,0,0,5,2.4,2.0,1.0,0.2,5,0.8,0.8,1.4,0.4,5,2.2,2.4,1.0,0.3,10,1.0,0.8,1.3,0.3,10,2.4,3.2,1.4,0.2,5,0.8,0.4,1.4,0.2,5,0.6885361364854214,0.232337953788725,0.4107212824309775,0.3014409541707305,0.2460640311262164,0.222636471580094
2022-23,18,2022-23_GW18_Newcastle United_vs_Leeds United,Newcastle United,Leeds United,0.0739,0.0407,0.1146,58.3,122.1,0.2942,0.382,0.0609,0.0437,0.1046,54.3,141.0,0.3058,0.2473,0.01299999999999999,-0.0030000000000000027,0.009999999999999995,4.0,2022-12-31,Newcastle United,Leeds United,0,0,D,1626.1,1485.2,141.0,3,15,12,16,15,1,2,1,4,3.0,2.8,0.4,0.6,5,1.2,2.4,2.8,0.0,5,2.6,2.5,0.5,0.5,10,0.7,1.5,2.4,0.1,10,2.6,2.4,0.4,0.6,5,0.6,1.6,2.8,0.0,5,0.4594428072129066,0.2399192666479054,0.3687828610578328,0.3887139697288546,0.2219558362685846,0.2296152128252672
2022-23,18,2022-23_GW18_Brighton and Hove Albion_vs_Arsenal,Brighton and Hove Albion,Arsenal,0.066,0.0543,0.1203,55.8,139.0,0.3036,0.2288,0.0955,0.0698,0.1653,61.2,135.5,0.3116,0.1967,-0.0295,-0.0155,-0.045,-5.400000000000006,2022-12-31,Brighton and Hove Albion,Arsenal,2,4,A,1562.2,1710.5,-148.3,8,1,-7,15,15,2,2,1,5,1.8,2.4,1.8,0.0,5,2.6,2.4,0.4,0.6,5,1.4,2.0,1.7,0.1,10,2.5,2.3,0.8,0.5,10,1.4,2.0,1.2,0.2,5,2.6,1.6,0.2,0.8,5,0.3275532163413774,0.3016836723153744,0.525219872223829,0.2329990668910878,0.2394172772577379,0.2457278983857224
2022-23,18,2022-23_GW18_Nottingham Forest_vs_Chelsea,Nottingham Forest,Chelsea,0.0869,0.0669,0.1538,52.9,175.4,0.3063,0.1746,0.0965,0.0787,0.1751,58.3,190.6,0.3037,0.1545,-0.009599999999999997,-0.011800000000000005,-0.021300000000000013,-5.399999999999999,2023-01-01,Nottingham Forest,Chelsea,1,1,D,1474.1,1645.8,-171.7,19,9,-10,16,15,0,0,0,0,1.4,0.8,2.0,0.4,5,0.8,0.8,1.4,0.2,5,0.9,0.7,1.9,0.3,10,1.7,1.3,0.9,0.4,10,1.6,1.4,1.2,0.4,5,1.4,1.0,1.2,0.4,5,0.2766521414688866,0.2161459133801981,0.4045860865807531,0.2530317078638963,0.2635046182991081,0.2348849067568831
2022-23,18,2022-23_GW18_Tottenham_vs_Aston Villa,Tottenham,Aston Villa,0.0604,0.0564,0.1167,65.6,139.2,0.2951,0.2463,0.0815,0.0667,0.1482,54.8,154.5,0.2975,0.1909,-0.0211,-0.010299999999999997,-0.0315,10.799999999999997,2023-01-01,Tottenham,Aston Villa,0,2,A,1657.0,1505.4,151.6,5,12,7,16,16,4,1,0,5,1.4,2.2,2.2,0.0,5,1.8,2.0,1.8,0.2,5,1.6,2.1,1.8,0.2,10,1.4,1.2,1.5,0.3,10,1.8,2.8,1.8,0.2,5,1.0,0.6,1.8,0.2,5,0.4548692920239363,0.2946823135227971,0.4220236868898321,0.3048369865804367,0.2223462006384208,0.2253990501973969
2022-23,19,2022-23_GW19_Brentford_vs_Liverpool,Brentford,Liverpool,0.0738,0.0408,0.1145,54.5,118.5,0.3834,0.3253,0.1178,0.069,0.1869,74.1,122.1,0.3716,0.4188,-0.044,-0.028200000000000003,-0.0724,-19.599999999999994,2023-01-02,Brentford,Liverpool,3,1,H,1535.1,1759.2,-224.1,10,6,-4,17,16,0,1,1,2,1.8,1.8,1.2,0.2,5,2.4,2.2,1.2,0.0,5,1.4,1.2,1.5,0.4,10,1.9,1.8,1.3,0.2,10,1.2,1.0,1.2,0.4,5,1.4,1.4,1.2,0.2,5,0.576035487538744,0.3096961950554625,0.719365638259357,0.2769486000297903,0.2088242038116365,0.2208748272444226
2022-23,19,2022-23_GW19_Arsenal_vs_Newcastle United,Arsenal,Newcastle United,0.1606,0.092,0.2526,62.8,133.5,0.4041,0.246,0.1285,0.0633,0.1918,57.4,123.0,0.3999,0.345,0.03209999999999999,0.028700000000000003,0.06079999999999999,5.399999999999999,2023-01-03,Arsenal,Newcastle United,0,0,D,1719.1,1620.1,99.0,1,3,2,16,17,4,1,0,5,3.0,3.0,0.6,0.6,5,2.6,2.4,0.2,0.8,5,2.8,2.6,0.7,0.5,10,2.6,2.4,0.4,0.6,10,3.0,3.2,1.0,0.2,5,2.6,2.6,0.6,0.4,5,0.7067193308134104,0.253527989534776,0.5743788983034596,0.2468673002626316,0.2329861320521637,0.2110417529245153
2022-23,19,2022-23_GW19_Everton_vs_Brighton and Hove Albion,Everton,Brighton and Hove Albion,0.0412,0.0338,0.075,52.9,144.7,0.3617,0.4384,0.0857,0.079,0.1648,55.7,139.0,0.3841,0.1743,-0.0445,-0.045200000000000004,-0.0898,-2.8000000000000043,2023-01-03,Everton,Brighton and Hove Albion,1,4,A,1475.5,1553.6,-78.1,16,10,-6,17,16,3,1,1,5,0.4,0.4,1.6,0.2,5,1.8,2.6,2.0,0.0,5,0.8,0.8,1.4,0.2,10,1.1,1.7,1.9,0.1,10,1.2,1.2,1.2,0.4,5,1.4,2.0,2.2,0.0,5,0.3921040402359558,0.3315541521660567,0.3960985583688689,0.3579284318649077,0.2116700585064976,0.2271606945330684
2022-23,19,2022-23_GW19_Leicester City_vs_Fulham,Leicester City,Fulham,0.0654,0.0502,0.1156,53.7,126.6,0.3851,0.2734,0.095,0.0597,0.1548,53.3,146.5,0.3764,0.207,-0.0296,-0.009500000000000001,-0.0392,0.4000000000000057,2023-01-03,Leicester City,Fulham,0,1,A,1536.5,1457.2,79.2,13,9,-4,17,17,2,1,1,4,1.2,1.0,1.2,0.4,5,1.4,1.4,1.0,0.4,5,1.6,1.6,0.8,0.6,10,1.4,1.7,1.6,0.3,10,1.4,1.2,0.8,0.6,5,1.8,2.2,1.8,0.2,5,0.4502608984294516,0.3616554008184665,0.5288163264230218,0.2127314714091616,0.2062001040280633,0.2493961127893468
2022-23,19,2022-23_GW19_Manchester United_vs_Bournemouth,Manchester United,Bournemouth,0.1727,0.1017,0.2744,64.2,143.9,0.3765,0.3183,0.144,0.1022,0.2462,53.8,146.4,0.3822,0.125,0.028700000000000003,-0.0005000000000000004,0.028199999999999975,10.400000000000006,2023-01-03,Manchester United,Bournemouth,3,0,H,1659.4,1421.0,238.3,4,15,11,16,17,4,1,0,5,2.4,1.6,0.8,0.6,5,0.6,1.6,2.2,0.2,5,2.0,1.6,1.2,0.5,10,0.8,1.2,1.7,0.2,10,2.6,1.8,0.2,0.8,5,0.4,1.2,2.2,0.0,5,0.6991176457543421,0.2467031727327834,0.3807799008057766,0.2486267464712895,0.2341872531901215,0.2493961127893468
2022-23,19,2022-23_GW19_Southampton_vs_Nottingham Forest,Southampton,Nottingham Forest,0.1249,0.0844,0.2092,56.4,147.8,0.3465,0.1922,0.105,0.084,0.189,52.7,174.6,0.3746,0.1723,0.0199,0.0003999999999999976,0.020199999999999996,3.6999999999999957,2023-01-04,Southampton,Nottingham Forest,0,1,A,1437.6,1476.1,-38.5,20,18,-2,17,17,0,0,0,0,0.0,0.8,2.6,0.0,5,1.0,0.8,2.2,0.2,5,0.5,0.8,2.1,0.1,10,1.0,0.6,1.7,0.3,10,0.4,1.0,2.2,0.0,5,0.2,0.0,2.6,0.2,5,0.4666103896991791,0.3319928487065566,0.3545588236145747,0.2242877320628857,0.2093785910898562,0.2493961127893468
2022-23,19,2022-23_GW19_Leeds United_vs_West Ham United,Leeds United,West Ham United,0.0729,0.0511,0.124,54.7,140.6,0.3762,0.2327,0.0917,0.0547,0.1464,58.9,109.1,0.366,0.244,-0.018799999999999997,-0.003599999999999999,-0.022400000000000003,-4.199999999999996,2023-01-04,Leeds United,West Ham United,2,2,D,1491.2,1501.4,-10.2,15,18,3,16,17,1,3,0,4,1.4,2.0,2.2,0.2,5,0.0,0.4,2.0,0.0,5,0.8,1.3,1.9,0.2,10,1.0,1.0,1.3,0.2,10,0.8,1.4,2.0,0.2,5,0.2,0.4,1.4,0.0,5,0.3843485115630011,0.4133784461460341,0.4810629495030381,0.3726117342563126,0.2181122486271196,0.2077893475589598
2022-23,19,2022-23_GW19_Aston Villa_vs_Wolverhampton Wanderers,Aston Villa,Wolverhampton Wanderers,0.0926,0.0768,0.1694,53.7,155.0,0.3636,0.1949,0.0666,0.0574,0.124,53.1,148.7,0.42,0.235,0.025999999999999995,0.019399999999999994,0.045399999999999996,0.6000000000000014,2023-01-04,Aston Villa,Wolverhampton Wanderers,1,1,D,1521.6,1472.2,49.3,12,19,7,17,17,1,3,1,5,1.8,1.6,1.8,0.2,5,0.8,1.0,1.6,0.0,5,1.4,1.3,1.5,0.3,10,0.7,0.7,1.9,0.1,10,1.8,1.8,1.2,0.4,5,0.8,0.8,1.8,0.0,5,0.4696853632276781,0.299467430116923,0.3337450851210606,0.3405754148534041,0.2142202399863081,0.2195793170090983
2022-23,19,2022-23_GW19_Crystal Palace_vs_Tottenham,Crystal Palace,Tottenham,0.0626,0.0375,0.1002,57.0,124.8,0.3934,0.3729,0.0714,0.0679,0.1393,61.7,143.1,0.3338,0.2353,-0.008800000000000002,-0.030400000000000003,-0.03910000000000001,-4.700000000000003,2023-01-04,Crystal Palace,Tottenham,0,4,A,1530.7,1640.8,-110.1,11,5,-6,16,17,1,2,2,5,1.8,1.0,1.0,0.4,5,1.4,2.0,2.2,0.0,5,1.6,1.0,1.2,0.3,10,1.3,1.5,1.8,0.2,10,1.8,1.2,1.4,0.2,5,1.4,1.4,1.8,0.2,5,0.4511050284428479,0.327191654637811,0.4548340847492572,0.3075065712522141,0.2198839023056074,0.211402104655358
2022-23,19,2022-23_GW19_Chelsea_vs_Manchester City,Chelsea,Manchester City,0.1099,0.0809,0.1908,58.8,189.7,0.3333,0.1499,0.1408,0.1112,0.2521,74.4,118.2,0.3747,0.2109,-0.03090000000000001,-0.030299999999999994,-0.06129999999999999,-15.600000000000009,2023-01-05,Chelsea,Manchester City,0,1,A,1643.7,1803.6,-159.9,10,2,-8,16,16,2,3,0,5,0.8,0.8,1.4,0.2,5,2.0,1.6,1.0,0.2,5,1.5,1.2,0.9,0.4,10,2.2,2.4,1.0,0.3,10,2.0,1.6,0.6,0.4,5,2.0,1.6,0.6,0.4,5,0.4504170053843512,0.2722300439680602,0.7872235693528178,0.2259491939883657,0.2229767892358487,0.2332964216794694
2022-23,19,2022-23_GW19_Fulham_vs_Chelsea,Fulham,Chelsea,0.095,0.0597,0.1548,53.3,146.5,0.3764,0.207,0.1099,0.0809,0.1908,58.8,189.7,0.3333,0.1499,-0.014899999999999997,-0.021199999999999997,-0.036000000000000004,-5.5,2023-01-12,Fulham,Chelsea,2,1,H,1472.0,1635.5,-163.5,7,10,3,18,17,0,4,0,4,1.8,1.6,1.0,0.4,5,0.8,0.6,0.8,0.2,5,1.7,1.7,1.2,0.4,10,1.2,1.0,0.9,0.4,10,1.6,1.6,1.0,0.4,5,1.0,0.8,1.2,0.4,5,0.5298645213802863,0.2116424247114297,0.4494199778542364,0.2730947623315082,0.2493961127893468,0.2229767892358487
2022-23,20,2022-23_GW20_Aston Villa_vs_Leeds United,Aston Villa,Leeds United,0.1202,0.0918,0.212,54.7,154.0,0.4334,0.1918,0.1413,0.0677,0.2089,54.4,140.8,0.4491,0.2199,-0.021100000000000008,0.02410000000000001,0.0030999999999999917,0.30000000000000426,2023-01-13,Aston Villa,Leeds United,2,1,H,1517.5,1488.6,28.9,11,14,3,18,17,2,1,2,5,2.0,1.8,1.2,0.2,5,1.0,2.0,2.4,0.2,5,1.4,1.4,1.6,0.2,10,0.8,1.5,2.1,0.1,10,1.4,1.8,1.4,0.2,5,0.8,1.2,1.8,0.2,5,0.5526661175256572,0.3067232522148391,0.4685922748563703,0.4221254563642152,0.2039008975472982,0.2074936743439093
2022-23,20,2022-23_GW20_Wolverhampton Wanderers_vs_West Ham United,Wolverhampton Wanderers,West Ham United,0.084,0.0697,0.1538,54.1,147.5,0.5053,0.2191,0.1313,0.0659,0.1973,59.4,108.6,0.4238,0.2235,-0.047299999999999995,0.003799999999999998,-0.04350000000000001,-5.299999999999997,2023-01-14,Wolverhampton Wanderers,West Ham United,1,0,H,1476.3,1503.9,-27.6,19,17,-2,18,18,1,4,0,5,0.8,1.0,1.6,0.0,5,0.2,0.8,2.2,0.0,5,0.8,0.8,1.8,0.1,10,0.8,1.0,1.5,0.1,10,0.6,0.6,2.0,0.2,5,0.4,0.8,1.6,0.0,5,0.3870048914045915,0.3610791851715105,0.5493812861560488,0.3924304158701008,0.2088479491485809,0.1979644356257589
2022-23,20,2022-23_GW20_Brentford_vs_Bournemouth,Brentford,Bournemouth,0.1332,0.0526,0.1858,55.3,117.7,0.4581,0.2683,0.1588,0.1151,0.2739,53.0,147.0,0.4377,0.1242,-0.025599999999999984,-0.06249999999999999,-0.08809999999999998,2.299999999999997,2023-01-14,Brentford,Bournemouth,2,0,H,1548.5,1418.5,130.0,9,17,8,18,18,0,0,1,1,2.2,2.2,1.2,0.2,5,0.6,1.2,2.2,0.2,5,1.6,1.5,1.6,0.3,10,0.7,1.2,2.0,0.1,10,1.8,1.6,0.8,0.4,5,0.2,1.0,2.6,0.0,5,0.7131566458089977,0.3406523689104205,0.3871604934559758,0.298210799398615,0.1989197283487652,0.2363723207302003
2022-23,20,2022-23_GW20_Nottingham Forest_vs_Leicester City,Nottingham Forest,Leicester City,0.1442,0.1021,0.2463,53.5,173.8,0.465,0.1623,0.0977,0.0766,0.1743,54.8,125.3,0.4375,0.2602,0.0465,0.025499999999999995,0.07199999999999998,-1.2999999999999972,2023-01-14,Nottingham Forest,Leicester City,2,0,H,1487.9,1521.7,-33.8,16,13,-3,18,18,0,1,0,1,1.6,1.0,1.2,0.4,5,1.2,1.0,1.2,0.4,5,1.3,0.7,1.3,0.4,10,1.3,1.2,0.9,0.5,10,1.8,1.2,0.8,0.4,5,1.8,2.0,0.8,0.6,5,0.4357333300230249,0.2186070811496049,0.5390058644629033,0.3871055513565907,0.2363723207302003,0.1964973789439992
2022-23,20,2022-23_GW20_Manchester United_vs_Manchester City,Manchester United,Manchester City,0.2459,0.153,0.3989,63.0,145.0,0.4345,0.3215,0.1993,0.1358,0.3352,75.3,117.0,0.4342,0.2506,0.0466,0.017199999999999993,0.06369999999999998,-12.299999999999997,2023-01-14,Manchester United,Manchester City,2,1,H,1661.9,1811.9,-150.0,4,2,-2,17,17,1,3,1,5,2.4,2.0,0.8,0.6,5,2.0,1.6,1.0,0.2,5,2.3,1.6,0.6,0.6,10,2.2,2.2,1.0,0.3,10,2.6,1.8,0.0,1.0,5,2.4,1.6,0.4,0.6,5,0.8025842144052154,0.2482101379358176,0.8735816819407398,0.2280650062910426,0.2223327738242561,0.2215104326948969
2022-23,20,2022-23_GW20_Brighton and Hove Albion_vs_Liverpool,Brighton and Hove Albion,Liverpool,0.1329,0.0851,0.218,55.5,138.6,0.4383,0.3162,0.2019,0.1117,0.3136,73.4,122.7,0.4409,0.3212,-0.069,-0.0266,-0.09559999999999999,-17.900000000000006,2023-01-14,Brighton and Hove Albion,Liverpool,3,0,H,1564.2,1745.8,-181.6,9,8,-1,17,17,1,1,3,5,1.8,2.6,2.0,0.0,5,2.4,2.2,1.4,0.0,5,1.3,1.8,1.7,0.1,10,1.8,1.6,1.3,0.2,10,0.8,1.4,1.6,0.2,5,1.2,1.6,1.8,0.0,5,0.5344987078809353,0.36627631227731,0.8043838912290724,0.309919655377384,0.2158464426690858,0.2100438558237198
2022-23,20,2022-23_GW20_Everton_vs_Southampton,Everton,Southampton,0.0546,0.0455,0.1001,53.0,144.4,0.4315,0.3815,0.1354,0.0991,0.2345,54.3,149.8,0.4165,0.1808,-0.08079999999999998,-0.053599999999999995,-0.1344,-1.2999999999999972,2023-01-14,Everton,Southampton,1,2,A,1464.9,1425.8,39.0,19,20,1,18,18,3,2,0,5,0.2,0.6,2.4,0.0,5,0.0,0.8,2.6,0.0,5,0.5,0.7,1.7,0.2,10,0.5,0.7,2.0,0.1,10,0.6,1.2,2.0,0.2,5,0.6,0.6,2.0,0.2,5,0.4614075710689269,0.3620114754896449,0.4609766121788501,0.3518308172800337,0.2015467833370326,0.1994314923075186
2022-23,20,2022-23_GW20_Chelsea_vs_Crystal Palace,Chelsea,Crystal Palace,0.2441,0.1163,0.3605,64.0,187.0,0.4562,0.2566,0.0793,0.0469,0.1262,56.3,124.7,0.4764,0.3985,0.1648,0.0694,0.23429999999999998,7.700000000000003,2023-01-15,Chelsea,Crystal Palace,1,0,H,1623.6,1521.0,102.7,10,12,2,18,17,5,0,0,5,0.8,0.8,1.0,0.2,5,1.2,0.8,1.8,0.2,5,0.9,0.8,1.1,0.3,10,1.6,0.9,1.4,0.3,10,1.4,1.2,0.6,0.4,5,1.4,0.8,1.0,0.4,5,0.7401450489472989,0.3115014818933941,0.4776028146792747,0.3438771438246682,0.2018367829136595,0.2091291168146574
2022-23,20,2022-23_GW20_Newcastle United_vs_Fulham,Newcastle United,Fulham,0.1461,0.0852,0.2313,57.4,122.7,0.4771,0.3127,0.1482,0.097,0.2452,55.0,144.9,0.5029,0.1991,-0.0020999999999999908,-0.011800000000000005,-0.013899999999999996,2.3999999999999986,2023-01-15,Newcastle United,Fulham,1,0,H,1625.3,1483.8,141.5,4,6,2,18,19,3,0,2,5,2.2,1.6,0.2,0.8,5,2.4,1.8,0.8,0.4,5,2.4,2.0,0.3,0.7,10,2.0,1.8,1.0,0.4,10,2.6,2.2,0.2,0.8,5,1.8,1.8,1.4,0.4,5,0.608888713528334,0.2667040847271656,0.8201036378268108,0.2742795887126176,0.2009667841837788,0.2243498453884617
2022-23,20,2022-23_GW20_Tottenham_vs_Arsenal,Tottenham,Arsenal,0.1027,0.0891,0.1918,69.3,135.5,0.3992,0.2002,0.2213,0.1271,0.3483,63.0,133.5,0.4983,0.2244,-0.1186,-0.03799999999999999,-0.1565,6.299999999999997,2023-01-15,Tottenham,Arsenal,0,2,A,1650.5,1713.9,-63.4,5,1,-4,18,17,2,3,0,5,1.4,2.2,1.8,0.2,5,2.6,2.0,0.6,0.6,5,1.6,1.8,1.5,0.3,10,2.6,2.3,0.7,0.5,10,1.2,1.6,1.8,0.2,5,2.6,1.8,0.6,0.6,5,0.5263817456338241,0.3111543880709945,0.7287410470277993,0.2698099050334567,0.2012994307569685,0.2212239992678167
2022-23,20,2022-23_GW20_Crystal Palace_vs_Manchester United,Crystal Palace,Manchester United,0.0793,0.0469,0.1262,56.3,124.7,0.4764,0.3985,0.2459,0.153,0.3989,63.0,145.0,0.4345,0.3215,-0.16660000000000003,-0.1061,-0.27269999999999994,-6.700000000000003,2023-01-18,Crystal Palace,Manchester United,1,1,D,1516.2,1673.3,-157.1,12,4,-8,18,18,2,2,1,5,0.6,0.4,1.8,0.2,5,3.0,2.2,0.4,0.6,5,1.3,0.7,1.4,0.3,10,2.3,1.6,0.6,0.6,10,1.8,1.0,1.8,0.2,5,2.0,1.4,1.2,0.2,5,0.4770027602240357,0.3444654834695396,0.8037988633106484,0.2471848311810624,0.2091291168146574,0.2223327738242561
2022-23,20,2022-23_GW20_Manchester City_vs_Tottenham,Manchester City,Tottenham,0.1993,0.1358,0.3352,75.3,117.0,0.4342,0.2506,0.1027,0.0891,0.1918,69.3,135.5,0.3992,0.2002,0.0966,0.046700000000000005,0.1434,6.0,2023-01-19,Manchester City,Tottenham,4,2,H,1800.5,1639.5,161.0,2,5,3,18,19,1,4,0,5,1.4,1.4,1.2,0.2,5,1.4,2.0,1.8,0.2,5,1.9,1.7,0.9,0.3,10,1.3,1.7,1.7,0.2,10,2.0,2.2,1.0,0.2,5,2.0,2.0,1.2,0.4,5,0.8723745666577316,0.2289617593822024,0.5250760043590746,0.3122809150245514,0.2215104326948969,0.2012994307569685
2022-23,21,2022-23_GW21_West Ham United_vs_Everton,West Ham United,Everton,0.152,0.0903,0.2423,58.7,109.1,0.4569,0.2105,0.1048,0.0569,0.1617,55.7,141.4,0.4886,0.4503,0.04719999999999999,0.033400000000000006,0.08059999999999998,3.0,2023-01-21,West Ham United,Everton,2,0,H,1496.0,1451.1,44.9,18,19,1,19,19,3,2,0,5,0.2,0.6,2.0,0.0,5,0.2,0.8,2.4,0.0,5,0.5,0.7,1.5,0.1,10,0.5,0.7,1.7,0.2,10,1.2,1.2,1.4,0.2,5,0.4,0.2,1.4,0.2,5,0.5794286782183731,0.3938979764248156,0.5278372255053062,0.3700297592988542,0.1888948988184121,0.1922018225491296
2022-23,21,2022-23_GW21_Southampton_vs_Aston Villa,Southampton,Aston Villa,0.1794,0.1211,0.3005,53.4,150.6,0.4703,0.1778,0.1513,0.1025,0.2537,54.5,154.1,0.5017,0.1977,0.028100000000000014,0.018600000000000005,0.04680000000000001,-1.1000000000000014,2023-01-21,Southampton,Aston Villa,0,1,A,1439.6,1524.0,-84.3,20,11,-9,19,19,2,3,0,5,0.6,1.0,2.0,0.0,5,2.0,1.6,1.2,0.2,5,0.8,0.9,1.7,0.1,10,1.6,1.5,1.6,0.2,10,0.4,0.8,2.0,0.0,5,1.4,1.0,1.8,0.2,5,0.51876014288693,0.3648953849693011,0.6030175202898316,0.3445996407662116,0.1902491628224202,0.1943749438578867
2022-23,21,2022-23_GW21_Crystal Palace_vs_Newcastle United,Crystal Palace,Newcastle United,0.1061,0.0779,0.184,55.6,125.2,0.5617,0.3394,0.1668,0.1259,0.2927,57.1,122.8,0.5428,0.3,-0.060700000000000004,-0.048000000000000015,-0.10870000000000002,-1.5,2023-01-21,Crystal Palace,Newcastle United,0,0,D,1517.9,1629.3,-111.4,12,4,-8,19,19,1,2,2,5,0.8,0.6,1.8,0.2,5,2.2,1.0,0.0,1.0,5,1.3,0.8,1.5,0.2,10,2.4,1.6,0.2,0.8,10,1.4,0.8,1.8,0.2,5,2.2,1.8,0.4,0.6,5,0.5709590650058026,0.3912077434953305,0.7127833267538626,0.2840921718272886,0.1900365748683026,0.1916664158498705
2022-23,21,2022-23_GW21_Bournemouth_vs_Nottingham Forest,Bournemouth,Nottingham Forest,0.1781,0.1284,0.3065,53.6,146.1,0.4671,0.1197,0.1958,0.1208,0.3166,52.8,174.4,0.5369,0.1797,-0.017699999999999994,0.007599999999999982,-0.010099999999999998,0.8000000000000043,2023-01-21,Bournemouth,Nottingham Forest,1,1,D,1414.3,1496.0,-81.7,18,13,-5,19,19,1,0,0,1,0.6,0.6,1.8,0.2,5,2.0,1.0,0.8,0.6,5,0.4,1.0,2.1,0.1,10,1.5,0.8,1.2,0.5,10,1.2,1.4,1.4,0.2,5,0.8,0.2,1.8,0.4,5,0.3908822633556021,0.3159071277266556,0.5670408369131803,0.2268156057136314,0.2243498453884617,0.2243498453884617
2022-23,21,2022-23_GW21_Liverpool_vs_Chelsea,Liverpool,Chelsea,0.2549,0.1385,0.3934,77.3,121.7,0.4999,0.3698,0.2223,0.1313,0.3536,60.5,190.4,0.4628,0.2302,0.03260000000000002,0.007200000000000012,0.0398,16.799999999999997,2023-01-21,Liverpool,Chelsea,0,0,D,1733.5,1628.4,105.1,9,10,1,18,19,2,1,2,5,1.8,1.8,1.8,0.0,5,1.4,1.0,0.8,0.4,5,1.8,1.4,1.3,0.2,10,0.9,0.7,1.1,0.3,10,2.4,1.6,0.8,0.4,5,0.4,0.6,1.6,0.2,5,0.806875818449225,0.3443906775128026,0.7939423900436722,0.3081426871548932,0.2000456090580227,0.1924695258987591
2022-23,21,2022-23_GW21_Leicester City_vs_Brighton and Hove Albion,Leicester City,Brighton and Hove Albion,0.1198,0.0846,0.2044,53.7,125.9,0.482,0.2357,0.2052,0.1107,0.3159,53.6,139.9,0.5013,0.3539,-0.08539999999999999,-0.026100000000000012,-0.11150000000000002,0.10000000000000142,2023-01-21,Leicester City,Brighton and Hove Albion,2,2,D,1513.6,1576.5,-62.9,16,7,-9,19,18,2,2,1,5,0.6,0.6,1.6,0.2,5,1.8,2.6,1.6,0.2,5,1.3,1.1,0.9,0.5,10,1.6,2.1,1.6,0.2,10,0.8,0.4,1.0,0.4,5,1.8,2.2,1.8,0.0,5,0.5702838658014685,0.4183475682217571,0.6574320162784302,0.3667414785045915,0.1875406348144039,0.2054020718263081
2022-23,21,2022-23_GW21_Leeds United_vs_Brentford,Leeds United,Brentford,0.1994,0.1068,0.3062,53.9,141.3,0.5236,0.2148,0.1792,0.0654,0.2446,55.3,117.7,0.4982,0.2751,0.020199999999999996,0.041400000000000006,0.061600000000000016,-1.3999999999999986,2023-01-22,Leeds United,Brentford,0,0,D,1482.2,1552.7,-70.5,16,9,-7,18,19,1,1,1,3,0.4,1.4,2.2,0.2,5,2.6,2.2,0.8,0.4,5,0.8,1.5,2.1,0.1,10,1.9,1.6,1.1,0.4,10,0.8,1.8,2.4,0.0,5,1.4,1.4,2.4,0.2,5,0.6161980504137754,0.4260332145365303,0.7569658247107137,0.3339680736202965,0.1976914948477571,0.1897767451466034
2022-23,21,2022-23_GW21_Manchester City_vs_Wolverhampton Wanderers,Manchester City,Wolverhampton Wanderers,0.3124,0.2379,0.5503,79.9,112.1,0.5214,0.2756,0.1248,0.077,0.2018,54.1,148.0,0.5797,0.2157,0.18760000000000002,0.1609,0.34850000000000003,25.800000000000004,2023-01-22,Manchester City,Wolverhampton Wanderers,3,0,H,1804.1,1484.2,319.9,2,17,15,19,19,5,0,0,5,2.0,2.0,1.2,0.2,5,1.4,0.8,1.0,0.2,5,1.9,1.7,1.1,0.2,10,1.1,0.9,1.5,0.2,10,2.0,2.2,1.4,0.0,5,1.0,1.0,1.6,0.0,5,1.148163141917891,0.2777410758009973,0.4240208488946045,0.3634446803762634,0.2005872362948775,0.198941648057449
2022-23,21,2022-23_GW21_Arsenal_vs_Manchester United,Arsenal,Manchester United,0.3139,0.1702,0.4842,63.1,132.8,0.577,0.2937,0.3483,0.2143,0.5626,63.9,144.5,0.5591,0.3601,-0.034399999999999986,-0.0441,-0.07839999999999997,-0.7999999999999972,2023-01-22,Arsenal,Manchester United,3,2,H,1725.0,1671.7,53.3,1,4,3,18,19,2,2,1,5,2.6,2.2,0.6,0.6,5,2.6,2.0,0.4,0.6,5,2.6,2.2,0.6,0.6,10,2.3,1.7,0.7,0.5,10,2.6,2.8,0.8,0.4,5,1.6,1.2,1.2,0.2,5,0.7885342191343998,0.2938123403104994,1.1970031780060906,0.2532626867392117,0.2103661822262159,0.2012879891806724
2022-23,21,2022-23_GW21_Fulham_vs_Tottenham,Fulham,Tottenham,0.1776,0.1126,0.2902,54.4,145.5,0.5569,0.2062,0.1622,0.1363,0.2985,72.1,132.5,0.4962,0.1817,0.015399999999999997,-0.0237,-0.008299999999999974,-17.699999999999996,2023-01-23,Fulham,Tottenham,0,1,A,1479.8,1635.8,-156.0,7,5,-2,20,20,0,4,1,5,2.4,1.6,0.6,0.4,5,0.8,1.6,2.0,0.2,5,1.9,1.6,0.9,0.4,10,1.0,1.7,2.1,0.1,10,2.0,1.6,0.8,0.4,5,1.4,2.2,2.0,0.2,5,0.8245656233885925,0.3052695562182361,0.7702508076006547,0.3757827506422272,0.2132517018764725,0.1833645565246877
2022-23,22,2022-23_GW22_Chelsea_vs_Fulham,Chelsea,Fulham,0.2695,0.1558,0.4253,61.3,189.3,0.5119,0.2345,0.2186,0.1375,0.356,54.2,145.5,0.6163,0.1949,0.05090000000000003,0.018299999999999983,0.06930000000000003,7.099999999999994,2023-02-03,Chelsea,Fulham,0,0,D,1633.7,1471.4,162.3,10,7,-3,20,21,4,1,0,5,1.0,0.6,0.8,0.4,5,1.8,1.0,0.8,0.2,5,0.9,0.7,1.1,0.3,10,1.6,1.3,1.0,0.3,10,1.4,0.8,0.6,0.4,5,1.8,1.6,1.0,0.4,5,0.8374073738327613,0.3199421682147457,0.8313527878653996,0.3042125635110727,0.1838224578274996,0.2030068241860105
2022-23,22,2022-23_GW22_Wolverhampton Wanderers_vs_Liverpool,Wolverhampton Wanderers,Liverpool,0.1028,0.1202,0.223,52.5,148.8,0.6143,0.215,0.4586,0.1494,0.6081,74.3,124.2,0.5167,0.3215,-0.3558,-0.029200000000000004,-0.3851,-21.799999999999997,2023-02-04,Wolverhampton Wanderers,Liverpool,3,0,H,1482.6,1728.2,-245.6,17,10,-7,20,19,0,5,0,5,1.4,0.8,1.2,0.2,5,1.4,1.2,1.6,0.2,5,0.8,0.8,1.8,0.1,10,1.6,1.3,1.3,0.2,10,0.6,0.6,2.0,0.2,5,1.2,1.2,1.8,0.0,5,0.4547646972991845,0.4020218192905866,0.8361143357253205,0.3598933341922317,0.1897969795879974,0.1908160640334003
2022-23,22,2022-23_GW22_Everton_vs_Arsenal,Everton,Arsenal,0.1216,0.0732,0.1948,56.3,140.5,0.5363,0.4031,0.4642,0.2306,0.6947,63.2,132.8,0.6422,0.3259,-0.3426,-0.15739999999999998,-0.4999,-6.900000000000006,2023-02-04,Everton,Arsenal,1,0,H,1445.0,1730.8,-285.8,19,1,-18,20,19,3,2,0,5,0.2,0.8,2.2,0.0,5,2.6,2.4,1.0,0.4,5,0.5,0.7,1.7,0.2,10,2.6,2.2,0.6,0.6,10,0.6,1.2,2.0,0.2,5,2.6,2.0,0.6,0.6,5,0.5352086213594812,0.397729464251904,0.9318239242951848,0.2855030213530694,0.1835753364894741,0.2003431538290388
2022-23,22,2022-23_GW22_Aston Villa_vs_Leicester City,Aston Villa,Leicester City,0.2154,0.1362,0.3516,54.0,154.1,0.5742,0.1892,0.1581,0.093,0.2511,58.1,121.3,0.5245,0.2704,0.05730000000000002,0.04319999999999999,0.10050000000000003,-4.100000000000001,2023-02-04,Aston Villa,Leicester City,2,4,A,1534.4,1512.5,21.9,11,15,4,20,20,2,2,1,5,2.0,1.4,1.0,0.4,5,0.2,0.6,2.0,0.0,5,1.9,1.6,1.4,0.3,10,1.3,1.3,1.1,0.4,10,2.0,2.2,1.2,0.2,5,1.8,1.8,0.8,0.6,5,0.6572570457176105,0.3349277041498892,0.6174863444681855,0.4303201684845521,0.185581380292269,0.179272517897972
2022-23,22,2022-23_GW22_Brentford_vs_Southampton,Brentford,Southampton,0.1938,0.0814,0.2752,55.8,117.4,0.5459,0.3098,0.1845,0.1254,0.3099,53.4,150.9,0.5257,0.1915,0.009300000000000003,-0.04400000000000001,-0.03470000000000001,2.3999999999999986,2023-02-04,Brentford,Southampton,3,0,H,1553.6,1429.2,124.4,8,20,12,20,20,1,1,0,2,2.2,1.8,0.6,0.6,5,0.6,0.8,1.6,0.0,5,1.7,1.4,1.1,0.4,10,0.7,0.8,1.7,0.1,10,1.8,1.6,0.8,0.4,5,1.2,1.0,1.4,0.2,5,0.7129582187681989,0.3291147273006585,0.5149181525453465,0.3794948914085587,0.1813367078979494,0.1817728043768178
2022-23,22,2022-23_GW22_Brighton and Hove Albion_vs_Bournemouth,Brighton and Hove Albion,Bournemouth,0.2265,0.1395,0.3659,54.2,139.6,0.5487,0.3229,0.1767,0.1345,0.3113,53.3,144.8,0.4754,0.1554,0.04980000000000001,0.0050000000000000044,0.05459999999999998,0.9000000000000057,2023-02-04,Brighton and Hove Albion,Bournemouth,1,0,H,1577.6,1413.8,163.8,8,19,11,19,20,1,3,1,5,2.0,2.8,1.6,0.2,5,0.2,0.2,2.0,0.0,5,1.7,2.3,1.6,0.2,10,0.4,0.9,2.0,0.1,10,1.4,2.0,1.4,0.4,5,0.0,0.6,2.6,0.0,5,0.712120556055405,0.3750841217978727,0.4636921251198831,0.3362786512281173,0.195760702373616,0.2132517018764725
2022-23,22,2022-23_GW22_Manchester United_vs_Crystal Palace,Manchester United,Crystal Palace,0.2949,0.2025,0.4974,65.2,143.4,0.5889,0.3614,0.1174,0.0823,0.1997,55.6,125.2,0.5731,0.326,0.1775,0.12020000000000002,0.2977,9.600000000000001,2023-02-04,Manchester United,Crystal Palace,2,1,H,1665.8,1518.2,147.6,4,12,8,20,20,1,2,2,5,2.0,1.8,1.0,0.4,5,1.0,0.6,1.2,0.4,5,2.0,1.7,1.0,0.4,10,1.1,0.6,1.4,0.3,10,3.0,2.2,0.2,0.8,5,1.2,0.8,1.2,0.2,5,1.1015379337462006,0.3061355317200748,0.5489009890476397,0.4000528855389166,0.1919629254330441,0.181576560961327
2022-23,22,2022-23_GW22_Newcastle United_vs_West Ham United,Newcastle United,West Ham United,0.21,0.1774,0.3875,59.2,120.5,0.6089,0.2907,0.2191,0.1192,0.3383,59.5,108.0,0.489,0.1928,-0.009099999999999997,0.0582,0.04920000000000002,-0.29999999999999716,2023-02-04,Newcastle United,West Ham United,1,1,D,1629.0,1502.0,126.9,4,17,13,20,20,2,1,2,5,1.8,0.8,0.0,1.0,5,0.8,1.0,1.6,0.2,5,2.4,1.6,0.2,0.8,10,0.7,0.8,1.4,0.2,10,2.6,1.4,0.0,1.0,5,0.2,0.6,1.6,0.0,5,0.7524593379738719,0.2802891362230233,0.6978920482683931,0.3887396002475358,0.1830810938134232,0.1805226611373949
2022-23,22,2022-23_GW22_Nottingham Forest_vs_Leeds United,Nottingham Forest,Leeds United,0.2195,0.1553,0.3748,52.8,174.4,0.5682,0.2653,0.2381,0.1245,0.3626,53.4,141.2,0.5942,0.2122,-0.018600000000000005,0.030799999999999994,0.012200000000000044,-0.6000000000000014,2023-02-05,Nottingham Forest,Leeds United,1,0,H,1496.5,1481.3,15.2,14,17,3,20,19,0,0,0,0,1.6,1.0,1.0,0.4,5,0.6,0.8,1.4,0.4,5,1.6,0.9,1.2,0.5,10,0.9,1.5,2.0,0.2,10,2.2,1.4,0.6,0.6,5,0.8,1.2,1.8,0.2,5,0.6577784322475563,0.240128195300795,0.602533498888258,0.4069793333216622,0.2132517018764725,0.1886429427246431
2022-23,22,2022-23_GW22_Tottenham_vs_Manchester City,Tottenham,Manchester City,0.1831,0.1519,0.335,72.2,132.4,0.533,0.1747,0.402,0.318,0.72,76.7,115.3,0.5659,0.2652,-0.2189,-0.1661,-0.38499999999999995,-4.5,2023-02-05,Tottenham,Manchester City,1,0,H,1644.2,1805.8,-161.5,5,2,-3,21,20,3,2,0,5,1.2,1.4,1.6,0.4,5,2.0,2.0,1.0,0.4,5,1.3,1.8,1.9,0.2,10,2.2,2.0,1.0,0.3,10,0.6,1.2,2.2,0.0,5,1.8,1.2,0.8,0.4,5,0.7684632925498627,0.3803856300752817,1.226526469330438,0.2851775500541311,0.1754175117649446,0.1913160489893892
2022-23,22,2022-23_GW22_Manchester United_vs_Leeds United,Manchester United,Leeds United,0.2949,0.2025,0.4974,65.2,143.4,0.5889,0.3614,0.2381,0.1245,0.3626,53.4,141.2,0.5942,0.2122,0.05679999999999999,0.07800000000000001,0.13480000000000003,11.800000000000004,2023-02-08,Manchester United,Leeds United,2,2,D,1669.7,1474.5,195.2,3,17,14,21,20,3,0,1,4,2.0,2.0,1.2,0.2,5,0.6,0.6,1.0,0.4,5,2.2,1.8,1.0,0.4,10,0.9,1.5,1.9,0.2,10,3.0,2.2,0.4,0.6,5,0.8,1.2,1.6,0.2,5,1.1019382333116008,0.3057976831468752,0.6016871604802295,0.407846015417596,0.1919629254330441,0.1886429427246431
2022-23,23,2022-23_GW23_West Ham United_vs_Chelsea,West Ham United,Chelsea,0.2682,0.1359,0.4043,57.9,110.8,0.5454,0.22,0.3158,0.192,0.5074,63.8,188.0,0.5575,0.2165,-0.04760000000000003,-0.05610000000000001,-0.10309999999999997,-5.899999999999999,2023-02-11,West Ham United,Chelsea,1,1,D,1507.8,1627.3,-119.6,17,9,-8,21,21,1,4,0,5,1.0,1.0,1.2,0.2,5,1.0,0.4,0.6,0.6,5,0.8,0.9,1.4,0.2,10,0.9,0.6,1.0,0.4,10,1.2,1.0,1.2,0.4,5,0.4,0.6,1.6,0.2,5,0.7100820014577701,0.3885467733536661,0.8713012480872654,0.3173888086030168,0.1727941116782139,0.175840207942602
2022-23,23,2022-23_GW23_Arsenal_vs_Brentford,Arsenal,Brentford,0.51,0.259,0.7688,63.3,134.2,0.6965,0.3262,0.2596,0.1222,0.3818,55.8,117.5,0.5875,0.2864,0.2504,0.1368,0.38700000000000007,7.5,2023-02-11,Arsenal,Brentford,1,1,D,1715.9,1557.9,158.0,1,7,6,20,21,2,1,0,3,2.0,1.8,1.0,0.4,5,2.6,2.0,0.2,0.8,5,2.3,2.1,0.7,0.5,10,1.9,1.7,1.1,0.4,10,2.6,2.8,1.0,0.4,5,1.6,1.2,1.4,0.4,5,0.9058103365143282,0.3108065606641854,0.8027855495707182,0.3271629024237273,0.1910907324753072,0.1735455715496048
2022-23,23,2022-23_GW23_Crystal Palace_vs_Brighton and Hove Albion,Crystal Palace,Brighton and Hove Albion,0.1511,0.0953,0.2469,55.2,125.0,0.6007,0.2747,0.2655,0.1957,0.4613,56.1,137.9,0.5465,0.3505,-0.1144,-0.10040000000000002,-0.21439999999999998,-0.8999999999999986,2023-02-11,Crystal Palace,Brighton and Hove Albion,1,1,D,1514.3,1581.2,-66.8,12,6,-6,21,20,2,0,3,5,0.4,0.4,1.6,0.2,5,2.0,2.4,1.4,0.4,5,1.1,0.7,1.3,0.3,10,1.9,2.4,1.6,0.2,10,1.0,0.4,1.6,0.4,5,2.0,2.6,1.8,0.0,5,0.6029627913496931,0.4195422532709377,0.8381403717784801,0.381376061806532,0.1737669838331396,0.1868605966302831
2022-23,23,2022-23_GW23_Fulham_vs_Nottingham Forest,Fulham,Nottingham Forest,0.2512,0.1616,0.4128,54.0,145.5,0.668,0.1875,0.2082,0.1524,0.3599,53.3,173.7,0.6461,0.2948,0.04299999999999998,0.009199999999999986,0.0529,0.7000000000000028,2023-02-11,Fulham,Nottingham Forest,2,0,H,1477.8,1503.3,-25.6,8,13,5,22,21,1,0,0,1,1.4,0.6,0.6,0.4,5,2.2,1.2,0.4,0.6,5,1.4,1.0,0.8,0.4,10,1.8,1.0,1.2,0.5,10,1.4,1.0,1.0,0.2,5,1.0,0.4,1.8,0.4,5,0.7998866666344949,0.3151899799866895,0.6157656525723729,0.2390139522921175,0.1935496101232133,0.2030068241860105
2022-23,23,2022-23_GW23_Leicester City_vs_Tottenham,Leicester City,Tottenham,0.1775,0.1009,0.2784,58.1,121.1,0.5333,0.2625,0.2306,0.1709,0.4013,72.8,131.7,0.5852,0.1771,-0.05310000000000001,-0.06999999999999999,-0.12290000000000001,-14.699999999999996,2023-02-11,Leicester City,Tottenham,4,1,H,1525.9,1656.0,-130.1,14,5,-9,21,22,1,4,0,5,0.8,1.4,1.8,0.0,5,1.8,1.6,1.2,0.6,5,1.3,1.5,1.3,0.3,10,1.6,1.8,1.7,0.3,10,0.8,0.8,1.4,0.2,5,2.0,2.4,1.6,0.4,5,0.7255061189157641,0.4382846594484761,0.8074887820671864,0.3774257845883366,0.1716400840185779,0.1680814648417595
2022-23,23,2022-23_GW23_Southampton_vs_Wolverhampton Wanderers,Southampton,Wolverhampton Wanderers,0.2146,0.1388,0.3541,53.0,150.9,0.5976,0.177,0.2061,0.1609,0.3655,53.2,148.2,0.651,0.2444,0.008500000000000008,-0.02209999999999998,-0.011399999999999966,-0.20000000000000284,2023-02-11,Southampton,Wolverhampton Wanderers,1,2,A,1424.9,1496.6,-71.7,20,16,-4,21,21,0,4,1,5,0.6,0.6,1.6,0.0,5,1.4,1.0,1.0,0.4,5,0.4,0.7,2.0,0.0,10,1.1,1.0,1.6,0.2,10,0.2,0.6,2.0,0.0,5,1.0,1.0,1.6,0.0,5,0.5208484263058057,0.40222049079412,0.574691011520178,0.4145107269938487,0.1739481393378499,0.1813553866415602
2022-23,23,2022-23_GW23_Bournemouth_vs_Newcastle United,Bournemouth,Newcastle United,0.5421,0.1421,0.6844,51.8,145.4,0.5509,0.2322,0.2395,0.2064,0.4462,59.3,120.1,0.653,0.2834,0.30260000000000004,-0.0643,0.23820000000000002,-7.5,2023-02-11,Bournemouth,Newcastle United,1,1,D,1410.2,1623.2,-213.0,19,4,-15,21,21,0,3,2,5,0.2,0.2,1.8,0.0,5,1.4,0.4,0.2,0.8,5,0.4,0.9,2.0,0.1,10,2.2,1.6,0.3,0.7,10,0.8,1.2,1.4,0.2,5,2.2,1.8,0.4,0.6,5,0.5262871407232264,0.3641033246375472,0.7458479899961318,0.2937657291644232,0.2030068241860105,0.1751558427025853
2022-23,23,2022-23_GW23_Leeds United_vs_Manchester United,Leeds United,Manchester United,0.2571,0.1732,0.4309,52.4,142.6,0.6375,0.2448,0.3993,0.338,0.7371,64.2,144.5,0.6369,0.3214,-0.1422,-0.16480000000000003,-0.30619999999999997,-11.800000000000004,2023-02-12,Leeds United,Manchester United,0,2,A,1481.5,1662.8,-181.3,17,3,-14,21,22,0,3,2,5,0.6,1.0,1.4,0.2,5,1.6,1.8,1.6,0.0,5,1.0,1.5,1.8,0.2,10,2.0,1.9,1.2,0.3,10,1.0,1.8,2.2,0.2,5,1.4,1.4,1.6,0.2,5,0.6953969438750185,0.4116014120061634,1.4718420333333608,0.3152709370892683,0.1725794088578165,0.1754085115022556
2022-23,23,2022-23_GW23_Manchester City_vs_Aston Villa,Manchester City,Aston Villa,0.4434,0.3493,0.7925,76.2,115.6,0.5908,0.2525,0.2561,0.1621,0.418,54.7,153.4,0.6218,0.1793,0.18730000000000002,0.1872,0.3745,21.5,2023-02-12,Manchester City,Aston Villa,3,1,H,1794.0,1521.1,273.0,3,11,8,21,21,4,0,1,5,1.8,1.8,1.0,0.4,5,2.0,1.6,1.2,0.4,5,1.9,1.7,1.0,0.3,10,1.9,1.8,1.5,0.3,10,2.0,2.2,1.2,0.2,5,1.8,1.0,1.6,0.4,5,1.1743505716534963,0.3084502624286628,0.7201325076364775,0.3678660318706304,0.1827576644372807,0.1774638980218573
2022-23,23,2022-23_GW23_Liverpool_vs_Everton,Liverpool,Everton,0.5085,0.1918,0.7007,74.0,124.0,0.5459,0.29,0.1476,0.099,0.247,55.6,140.7,0.5864,0.3603,0.36089999999999994,0.0928,0.4537,18.4,2023-02-13,Liverpool,Everton,2,0,H,1714.2,1459.9,254.3,10,18,8,20,21,2,1,2,5,0.8,0.6,2.0,0.2,5,0.8,0.8,1.8,0.2,5,1.3,1.2,1.6,0.1,10,0.8,0.8,1.6,0.3,10,2.0,1.4,0.8,0.4,5,0.4,0.2,1.4,0.2,5,0.8957833236158018,0.3848934051141029,0.6046530501057157,0.3910441069538106,0.18229612015146,0.1756120861959298
2022-23,23,2022-23_GW23_Arsenal_vs_Manchester City,Arsenal,Manchester City,0.51,0.259,0.7688,63.3,134.2,0.6965,0.3262,0.4434,0.3493,0.7925,76.2,115.6,0.5908,0.2525,0.06659999999999999,-0.09029999999999999,-0.023699999999999943,-12.900000000000006,2023-02-15,Arsenal,Manchester City,1,3,A,1709.6,1796.1,-86.5,1,2,1,21,22,0,5,0,5,1.6,1.2,0.8,0.4,5,1.8,2.2,1.2,0.2,5,2.3,2.1,0.7,0.5,10,1.9,1.9,1.1,0.2,10,2.2,2.4,0.8,0.4,5,1.8,1.2,0.8,0.4,5,0.9051585656973434,0.3113337076636169,1.1745630236450144,0.308290863844418,0.1910907324753072,0.1827576644372807
2022-23,24,2022-23_GW24_Newcastle United_vs_Liverpool,Newcastle United,Liverpool,0.2568,0.1985,0.4555,58.6,119.8,0.6625,0.2751,0.6871,0.2136,0.9007,73.6,124.0,0.5933,0.3225,-0.43030000000000007,-0.015100000000000002,-0.44519999999999993,-14.999999999999993,2023-02-18,Newcastle United,Liverpool,0,2,A,1620.1,1716.5,-96.4,4,9,5,22,21,0,3,2,5,1.4,0.6,0.4,0.6,5,0.8,0.6,1.8,0.4,5,2.0,1.5,0.3,0.7,10,1.6,1.4,1.5,0.2,10,2.2,1.4,0.2,0.8,5,1.2,1.2,2.2,0.0,5,0.7786834957191126,0.3229033972699007,0.9689042531779548,0.367243710530749,0.167839913852952,0.1744312206837441
2022-23,24,2022-23_GW24_Wolverhampton Wanderers_vs_Bournemouth,Wolverhampton Wanderers,Bournemouth,0.3544,0.1717,0.5274,55.2,144.4,0.7405,0.2808,0.4663,0.39,0.8507,52.6,139.7,0.6455,0.3153,-0.1119,-0.21830000000000002,-0.32330000000000003,2.6000000000000014,2023-02-18,Wolverhampton Wanderers,Bournemouth,0,1,A,1507.4,1413.4,94.0,15,19,4,22,22,3,0,2,5,2.0,1.4,1.0,0.4,5,0.4,0.4,1.6,0.0,5,1.4,1.2,1.3,0.2,10,0.5,1.0,1.9,0.1,10,1.2,1.2,1.2,0.4,5,0.0,0.6,2.4,0.0,5,0.5860490594354606,0.4114245597986403,0.6182664790834996,0.3609067732442285,0.1735628142031619,0.1935496101232133
2022-23,24,2022-23_GW24_Nottingham Forest_vs_Manchester City,Nottingham Forest,Manchester City,0.2173,0.1509,0.3722,53.4,172.3,0.7032,0.3733,0.6147,0.4081,1.0225,79.2,112.3,0.6391,0.2641,-0.39740000000000003,-0.2572,-0.6503,-25.800000000000004,2023-02-18,Nottingham Forest,Manchester City,1,1,D,1495.4,1806.5,-311.0,14,1,-13,22,23,0,1,0,1,2.0,1.0,0.6,0.6,5,2.4,2.6,1.0,0.2,5,1.5,0.9,1.4,0.4,10,1.9,2.0,1.1,0.2,10,2.2,1.4,0.6,0.6,5,1.8,1.6,1.0,0.2,5,0.6073253795236229,0.2535768956093114,1.6737459065656797,0.3192916454654878,0.1935496101232133,0.1675643055189029
2022-23,24,2022-23_GW24_Everton_vs_Leeds United,Everton,Leeds United,0.1339,0.1131,0.2474,55.6,140.7,0.6204,0.3461,0.3408,0.2003,0.5419,55.8,139.2,0.651,0.2239,-0.2069,-0.0872,-0.29450000000000004,-0.19999999999999574,2023-02-18,Everton,Leeds United,1,0,H,1457.6,1473.8,-16.2,19,18,-1,22,22,2,1,2,5,0.6,0.6,2.0,0.2,5,0.4,0.6,1.4,0.2,5,0.5,0.5,1.8,0.2,10,0.7,1.3,1.9,0.2,10,0.6,0.8,2.0,0.2,5,0.4,1.2,1.8,0.2,5,0.5757342383696081,0.4135568537120874,0.7635871109821353,0.4110392529984663,0.1682610796795908,0.1654615656554621
2022-23,24,2022-23_GW24_Aston Villa_vs_Arsenal,Aston Villa,Arsenal,0.263,0.1684,0.4312,54.7,153.9,0.6637,0.1919,0.5998,0.3212,0.921,63.5,134.0,0.7519,0.3825,-0.3368,-0.1528,-0.4898,-8.799999999999997,2023-02-18,Aston Villa,Arsenal,2,4,A,1519.0,1699.2,-180.3,11,2,-9,22,22,2,3,0,5,1.4,1.4,1.8,0.2,5,1.4,1.4,1.4,0.2,5,1.6,1.5,1.8,0.2,10,2.0,1.7,1.0,0.4,10,1.4,1.8,2.0,0.0,5,2.4,1.8,0.6,0.6,5,0.6794338771585827,0.4199963772384958,1.1909771752110765,0.3679427422149702,0.1699705174465366,0.17466527769054
2022-23,24,2022-23_GW24_Brighton and Hove Albion_vs_Fulham,Brighton and Hove Albion,Fulham,0.3059,0.2406,0.547,54.9,138.7,0.5799,0.3254,0.2831,0.1728,0.4562,53.9,144.2,0.713,0.2157,0.022799999999999987,0.0678,0.09080000000000005,1.0,2023-02-18,Brighton and Hove Albion,Fulham,0,1,A,1582.1,1485.7,96.5,6,8,2,21,23,0,2,3,5,2.2,2.2,0.8,0.4,5,1.4,0.8,0.6,0.4,5,2.0,2.4,1.4,0.2,10,1.6,1.2,0.8,0.4,10,1.8,2.2,1.4,0.4,5,1.4,1.0,0.6,0.6,5,0.92830176472839,0.3774714400298116,0.8433332002122218,0.3060207685437831,0.178644763534043,0.1848195012305676
2022-23,24,2022-23_GW24_Brentford_vs_Crystal Palace,Brentford,Crystal Palace,0.3296,0.1843,0.5141,55.9,117.3,0.633,0.2997,0.1281,0.0804,0.2092,53.5,125.5,0.6019,0.3458,0.2015,0.10389999999999999,0.3049,2.3999999999999986,2023-02-18,Brentford,Crystal Palace,1,1,D,1564.2,1513.4,50.8,9,12,3,22,22,0,0,3,3,2.2,1.8,0.4,0.6,5,0.6,0.6,1.0,0.2,5,2.0,1.8,0.8,0.4,10,0.9,0.7,1.4,0.2,10,2.2,2.2,0.8,0.4,5,1.2,1.0,1.0,0.2,5,0.8967106270945098,0.3470201238021472,0.617872852560125,0.4427922219686541,0.1663534462295208,0.1665578355277426
2022-23,24,2022-23_GW24_Chelsea_vs_Southampton,Chelsea,Southampton,0.4705,0.4126,0.8873,64.0,188.0,0.644,0.3051,0.2779,0.213,0.4903,55.0,148.8,0.6606,0.192,0.1926,0.19960000000000003,0.39699999999999996,9.0,2023-02-18,Chelsea,Southampton,0,1,A,1626.8,1414.1,212.7,10,20,10,22,22,2,1,2,5,1.2,0.6,0.6,0.6,5,0.6,0.6,1.6,0.0,5,1.0,0.6,0.7,0.4,10,0.3,0.7,2.1,0.0,10,1.4,0.6,0.4,0.6,5,0.6,0.8,2.0,0.0,5,0.8740709387421292,0.3260916279040983,0.5613660301727728,0.3971069007019259,0.1684716625929102,0.1667250631353786
2022-23,24,2022-23_GW24_Manchester United_vs_Leicester City,Manchester United,Leicester City,0.388,0.3239,0.712,61.3,147.3,0.6275,0.3238,0.602,0.2229,0.8295,53.4,124.4,0.7068,0.3541,-0.21399999999999997,0.10100000000000003,-0.11750000000000005,7.899999999999999,2023-02-19,Manchester United,Leicester City,3,0,H,1670.5,1536.8,133.7,3,14,11,23,22,1,2,2,5,1.6,1.8,1.4,0.2,5,1.4,2.0,1.6,0.0,5,2.3,2.0,0.9,0.4,10,1.3,1.5,1.4,0.2,10,2.6,2.4,0.8,0.4,5,1.8,1.8,1.2,0.4,5,1.402928114348449,0.3345955665557526,0.7719474420919346,0.4371354245566507,0.1680731565521495,0.1645944595417939
2022-23,24,2022-23_GW24_Tottenham_vs_West Ham United,Tottenham,West Ham United,0.2472,0.1793,0.4262,73.0,133.0,0.6216,0.2015,0.3127,0.1636,0.4767,57.9,108.8,0.612,0.2505,-0.06549999999999997,0.015699999999999992,-0.05049999999999999,15.100000000000001,2023-02-19,Tottenham,West Ham United,2,0,H,1645.1,1508.3,136.8,5,18,13,23,22,1,2,2,5,1.2,1.0,2.0,0.4,5,1.2,1.2,1.0,0.2,5,1.3,1.6,1.9,0.3,10,0.6,0.8,1.5,0.1,10,1.2,1.2,1.8,0.2,5,0.4,0.8,1.6,0.0,5,0.8256755858825133,0.3896568469237916,0.7405720556706633,0.3973689754861687,0.1613094400091079,0.1656597613385863
2022-23,25,2022-23_GW25_Fulham_vs_Wolverhampton Wanderers,Fulham,Wolverhampton Wanderers,0.2753,0.1784,0.455,53.8,144.2,0.7397,0.2045,0.4679,0.2368,0.7046,54.3,145.4,0.7589,0.3105,-0.1926,-0.05840000000000001,-0.2496,-0.5,2023-02-24,Fulham,Wolverhampton Wanderers,1,1,D,1500.8,1492.3,8.5,6,15,9,24,23,0,3,2,5,1.4,0.6,0.4,0.6,5,1.8,1.2,1.0,0.4,5,1.9,1.2,0.6,0.5,10,1.3,1.1,1.3,0.2,10,1.8,1.4,1.0,0.2,5,1.6,1.2,1.4,0.0,5,0.7828889347507285,0.3300931626614327,0.6191909235275794,0.4073089059442003,0.1767605950060311,0.1663693632048744
2022-23,25,2022-23_GW25_Bournemouth_vs_Manchester City,Bournemouth,Manchester City,0.4079,0.4371,0.8412,51.9,140.3,0.6722,0.3113,0.6583,0.4424,1.1002,79.2,112.3,0.6498,0.2537,-0.2504,-0.005300000000000027,-0.2590000000000001,-27.300000000000004,2023-02-25,Bournemouth,Manchester City,1,4,A,1428.4,1801.1,-372.6,17,2,-15,23,24,0,5,0,5,1.0,0.6,1.0,0.2,5,2.0,2.0,0.8,0.2,5,0.8,0.9,1.6,0.2,10,2.0,2.0,1.0,0.2,10,1.0,1.4,1.4,0.2,5,1.4,1.2,1.0,0.2,5,0.6363758508108086,0.3551063507317731,1.692417523284207,0.3252666309879887,0.1848195012305676,0.1608320417844928
2022-23,25,2022-23_GW25_West Ham United_vs_Nottingham Forest,West Ham United,Nottingham Forest,0.3024,0.169,0.4716,57.8,108.7,0.6418,0.2511,0.3759,0.166,0.5438,52.8,172.6,0.6952,0.4043,-0.07350000000000001,0.0030000000000000027,-0.07219999999999993,5.0,2023-02-25,West Ham United,Nottingham Forest,4,0,H,1504.2,1500.9,3.4,18,13,-5,23,23,0,1,0,1,1.0,0.8,1.0,0.2,5,1.6,1.0,0.8,0.4,5,0.6,0.8,1.6,0.1,10,1.6,1.0,1.0,0.4,10,0.8,0.8,1.4,0.2,5,0.8,0.4,2.2,0.2,5,0.7128271924374434,0.4128975116959397,0.6243783516893058,0.2815958077035467,0.1590739259192269,0.1848195012305676
2022-23,25,2022-23_GW25_Crystal Palace_vs_Liverpool,Crystal Palace,Liverpool,0.1393,0.1099,0.2498,52.3,126.6,0.6415,0.3068,0.8137,0.252,1.0646,73.6,123.8,0.6235,0.3202,-0.6744,-0.1421,-0.8148,-21.299999999999997,2023-02-25,Crystal Palace,Liverpool,0,0,D,1517.5,1726.6,-209.2,12,8,-4,23,22,0,4,1,5,0.8,0.8,1.0,0.2,5,1.4,0.8,1.2,0.6,5,0.7,0.6,1.4,0.2,10,1.9,1.5,1.3,0.3,10,0.6,0.4,1.8,0.2,5,1.2,1.2,2.0,0.2,5,0.6457454126924836,0.4318312986744514,1.0468295052852667,0.3880223133427631,0.159902952883505,0.1671710034224079
2022-23,25,2022-23_GW25_Leeds United_vs_Southampton,Leeds United,Southampton,0.3296,0.202,0.5325,55.5,137.3,0.6604,0.2608,0.361,0.2023,0.5616,54.3,149.2,0.6716,0.2213,-0.031399999999999983,-0.0002999999999999947,-0.029100000000000015,1.2000000000000028,2023-02-25,Leeds United,Southampton,1,0,H,1466.1,1431.2,34.9,19,20,1,23,23,2,1,2,5,0.4,0.4,1.2,0.2,5,1.2,0.8,1.4,0.2,5,0.4,0.9,1.7,0.2,10,0.6,0.8,2.0,0.1,10,1.0,1.4,2.0,0.2,5,1.2,1.0,1.8,0.2,5,0.7377324239443306,0.4182781695749533,0.5784137091194415,0.4038682694571269,0.1588909682443517,0.160057323421681
2022-23,25,2022-23_GW25_Everton_vs_Aston Villa,Everton,Aston Villa,0.1327,0.1414,0.2743,53.1,143.3,0.6465,0.3197,0.2467,0.1656,0.4121,54.6,151.8,0.6598,0.2276,-0.11399999999999999,-0.0242,-0.13780000000000003,-1.5,2023-02-25,Everton,Aston Villa,0,2,A,1465.2,1511.2,-46.0,18,11,-7,23,23,0,4,1,5,1.2,0.6,1.2,0.4,5,1.2,1.6,2.4,0.2,5,0.7,0.6,1.8,0.2,10,1.6,1.7,1.8,0.2,10,1.2,1.0,1.6,0.4,5,1.8,1.2,1.6,0.4,5,0.6421490531687898,0.4007647213100762,0.6581791641581738,0.4601939828961235,0.1614752454019636,0.1630532553477619
2022-23,25,2022-23_GW25_Leicester City_vs_Arsenal,Leicester City,Arsenal,0.6206,0.2383,0.8631,57.2,120.3,0.7247,0.3329,0.7325,0.3826,1.1144,64.6,132.7,0.7579,0.3808,-0.1119,-0.14429999999999998,-0.2513000000000001,-7.3999999999999915,2023-02-25,Leicester City,Arsenal,0,1,A,1532.6,1707.0,-174.3,14,2,-12,23,23,1,4,0,5,1.4,2.0,2.0,0.0,5,1.4,1.8,1.8,0.0,5,1.3,1.5,1.6,0.2,10,2.0,2.0,1.2,0.3,10,0.8,1.2,1.6,0.0,5,2.4,2.4,1.0,0.4,5,0.8029574308832511,0.4983501927654097,1.3084555129648476,0.3554461742049444,0.1580905284167729,0.1673870652713676
2022-23,25,2022-23_GW25_Tottenham_vs_Chelsea,Tottenham,Chelsea,0.2652,0.1938,0.4586,72.2,133.8,0.6014,0.188,0.4947,0.3927,0.8912,66.1,186.0,0.6396,0.2817,-0.22949999999999998,-0.1989,-0.4326,6.1000000000000085,2023-02-26,Tottenham,Chelsea,2,0,H,1649.2,1609.6,39.6,4,10,6,24,23,0,3,2,5,1.8,1.4,1.6,0.6,5,1.2,0.4,0.4,0.6,5,1.6,1.7,1.7,0.4,10,1.0,0.6,0.7,0.4,10,1.8,1.4,1.4,0.4,5,0.6,0.6,1.0,0.2,5,0.85742386722086,0.3765041273377458,0.9100881775296517,0.3269379859275233,0.1550580731879511,0.1616696379315184
2022-23,25,2022-23_GW25_Arsenal_vs_Everton,Arsenal,Everton,0.7325,0.3826,1.1144,64.6,132.7,0.7579,0.3808,0.1327,0.1414,0.2743,53.1,143.3,0.6465,0.3197,0.5998,0.2412,0.8401000000000001,11.499999999999993,2023-03-01,Arsenal,Everton,4,0,H,1714.9,1453.7,261.2,1,18,17,24,24,1,4,0,5,1.4,1.4,1.4,0.2,5,1.2,0.4,1.2,0.4,5,2.0,1.9,1.2,0.3,10,0.7,0.6,1.8,0.2,10,1.6,1.6,1.4,0.2,5,0.4,0.2,1.6,0.2,5,1.3092523985973723,0.3548005732648872,0.640819139178047,0.4021542650083187,0.1673870652713676,0.1614752454019636
2022-23,25,2022-23_GW25_Liverpool_vs_Wolverhampton Wanderers,Liverpool,Wolverhampton Wanderers,0.8137,0.252,1.0646,73.6,123.8,0.6235,0.3202,0.4679,0.2368,0.7046,54.3,145.4,0.7589,0.3105,0.3458,0.015199999999999991,0.36,19.299999999999997,2023-03-01,Liverpool,Wolverhampton Wanderers,2,0,H,1723.6,1495.3,228.3,7,15,8,23,24,4,1,0,5,1.6,0.8,0.6,0.8,5,1.4,1.2,1.2,0.2,5,1.7,1.3,1.2,0.4,10,1.4,1.0,1.1,0.2,10,2.0,1.6,0.8,0.4,5,1.6,1.2,1.4,0.0,5,1.0464859949805705,0.3882969656214474,0.6195079174934415,0.4069898040134483,0.1671710034224079,0.1663693632048744
2022-23,26,2022-23_GW26_Manchester City_vs_Newcastle United,Manchester City,Newcastle United,0.6935,0.4605,1.1536,79.1,112.2,0.6482,0.2334,0.3035,0.2149,0.5184,59.5,117.9,0.6828,0.2966,0.39,0.2456,0.6352,19.599999999999994,2023-03-04,Manchester City,Newcastle United,2,0,H,1804.5,1610.0,194.5,2,5,3,25,23,4,0,1,5,2.0,2.2,1.0,0.0,5,1.2,0.6,0.8,0.4,5,2.0,2.1,1.0,0.2,10,1.7,1.1,0.5,0.6,10,2.0,2.4,1.2,0.2,5,1.8,1.6,0.4,0.6,5,1.6888849626632054,0.3390562409400316,0.8529250693676068,0.3633397689898102,0.1546173790830728,0.1610864603428538
2022-23,26,2022-23_GW26_Arsenal_vs_Bournemouth,Arsenal,Bournemouth,0.7621,0.486,1.2477,64.6,132.7,0.8003,0.3661,0.4029,0.4064,0.8068,51.9,140.2,0.706,0.2873,0.3592,0.0796,0.44090000000000007,12.699999999999996,2023-03-04,Arsenal,Bournemouth,3,2,H,1717.1,1425.0,292.1,1,19,18,25,24,4,0,1,5,2.0,2.2,1.2,0.4,5,1.0,0.8,1.4,0.2,5,2.0,2.0,1.1,0.4,10,0.8,0.7,1.6,0.2,10,1.6,1.8,1.2,0.4,5,0.6,0.2,1.6,0.2,5,1.528306922735997,0.342681806686051,0.677630976442949,0.3754282362919992,0.1544663449069808,0.1767605950060311
2022-23,26,2022-23_GW26_Aston Villa_vs_Crystal Palace,Aston Villa,Crystal Palace,0.2926,0.1759,0.468,55.4,151.1,0.6736,0.2157,0.1501,0.1335,0.2845,52.0,126.9,0.6968,0.3002,0.14250000000000002,0.04239999999999999,0.18350000000000005,3.3999999999999986,2023-03-04,Aston Villa,Crystal Palace,1,0,H,1522.8,1520.5,2.3,11,12,1,24,24,2,2,1,5,1.2,1.6,2.2,0.4,5,0.8,0.6,0.8,0.4,5,1.6,1.6,1.7,0.3,10,0.8,0.6,1.3,0.3,10,0.8,1.6,2.6,0.0,5,0.8,0.8,1.0,0.2,5,0.739110557340838,0.4624703472723598,0.6365350493908956,0.4236745265616081,0.1566678176321423,0.1537597219313247
2022-23,26,2022-23_GW26_Brighton and Hove Albion_vs_West Ham United,Brighton and Hove Albion,West Ham United,0.3576,0.2692,0.6264,54.6,139.1,0.6231,0.3366,0.3985,0.2051,0.6046,58.9,106.5,0.6556,0.4915,-0.04090000000000005,0.06409999999999999,0.02179999999999993,-4.299999999999997,2023-03-04,Brighton and Hove Albion,West Ham United,4,0,H,1567.0,1511.4,55.6,8,16,8,22,24,2,0,3,5,1.6,1.4,0.8,0.4,5,1.6,1.6,0.8,0.4,5,1.7,2.0,1.4,0.2,10,0.9,1.1,1.4,0.2,10,1.2,1.4,1.4,0.4,5,0.4,0.8,1.8,0.0,5,0.995044102000502,0.3633361451505842,0.8384973208675888,0.3991332436209406,0.1710605937037194,0.1529944335890043
2022-23,26,2022-23_GW26_Chelsea_vs_Leeds United,Chelsea,Leeds United,0.4886,0.3631,0.8525,64.9,186.7,0.6142,0.2488,0.3507,0.2378,0.5896,56.1,136.6,0.7012,0.2473,0.13789999999999997,0.12529999999999997,0.2629,8.800000000000004,2023-03-04,Chelsea,Leeds United,1,0,H,1603.4,1472.4,131.0,11,17,6,24,24,3,1,1,5,0.6,0.2,0.8,0.4,5,0.8,0.6,1.2,0.2,5,1.0,0.6,0.8,0.4,10,0.7,0.7,1.3,0.3,10,1.4,0.6,0.4,0.6,5,0.4,0.6,1.2,0.2,5,0.8573431756461488,0.3246525656248678,0.7353302020553903,0.4012962729699211,0.1553905777780627,0.1528255423686301
2022-23,26,2022-23_GW26_Wolverhampton Wanderers_vs_Tottenham,Wolverhampton Wanderers,Tottenham,0.57,0.2463,0.8175,53.5,146.2,0.8088,0.3667,0.2725,0.2005,0.4728,70.7,135.1,0.6214,0.1925,0.29749999999999993,0.04579999999999998,0.3447,-17.200000000000003,2023-03-04,Wolverhampton Wanderers,Tottenham,1,0,H,1492.7,1655.4,-162.7,15,4,-11,25,25,1,3,1,5,1.4,1.2,1.0,0.2,5,2.4,1.4,0.8,0.8,5,1.4,1.0,1.1,0.2,10,1.6,1.5,1.4,0.5,10,1.2,0.8,0.8,0.4,5,1.4,2.0,2.0,0.4,5,0.7521266315887791,0.4158372082016315,0.8331590636386507,0.3632243767351688,0.1535991164120006,0.1492873342880821
2022-23,26,2022-23_GW26_Southampton_vs_Leicester City,Southampton,Leicester City,0.3319,0.1837,0.516,53.2,150.2,0.6588,0.2072,0.5473,0.2224,0.7731,55.2,122.1,0.7341,0.3042,-0.21540000000000004,-0.038699999999999984,-0.2571,-2.0,2023-03-04,Southampton,Leicester City,1,0,H,1424.9,1524.8,-99.8,20,15,-5,24,24,1,2,2,5,0.6,0.4,1.4,0.2,5,1.4,2.0,1.8,0.0,5,0.6,0.7,1.7,0.1,10,1.0,1.3,1.7,0.1,10,0.0,0.6,2.2,0.0,5,1.2,1.4,1.8,0.2,5,0.5592182814702863,0.399475811788112,0.7363155211767168,0.4793664962774792,0.1539022238985154,0.1520866432794931
2022-23,26,2022-23_GW26_Nottingham Forest_vs_Everton,Nottingham Forest,Everton,0.3586,0.1869,0.5455,53.4,171.7,0.7084,0.3533,0.1977,0.2112,0.4087,53.8,142.6,0.7176,0.253,0.1609,-0.02429999999999999,0.13679999999999998,-0.3999999999999986,2023-03-05,Nottingham Forest,Everton,2,2,D,1493.8,1451.5,42.3,14,18,4,24,25,0,0,1,1,1.0,0.6,1.6,0.2,5,1.2,0.4,1.6,0.4,5,1.5,0.8,1.2,0.4,10,0.7,0.6,1.9,0.2,10,2.2,1.2,0.4,0.6,5,0.2,0.2,2.4,0.0,5,0.5977095651098019,0.3102109406137405,0.9436965443075832,0.4478566589977044,0.1767605950060311,0.1494286243237811
2022-23,26,2022-23_GW26_Liverpool_vs_Manchester United,Liverpool,Manchester United,0.7025,0.2978,0.9987,76.0,121.6,0.6248,0.2781,0.5764,0.4069,0.9844,61.3,147.3,0.6304,0.2687,0.1261,-0.10909999999999997,0.01429999999999998,14.700000000000003,2023-03-05,Liverpool,Manchester United,7,0,H,1726.2,1674.6,51.6,6,3,-3,24,24,3,1,1,5,2.0,1.2,0.6,0.8,5,2.0,2.2,1.2,0.4,5,1.7,1.2,1.1,0.5,10,2.3,2.1,0.8,0.5,10,2.6,1.8,0.4,0.6,5,2.0,1.6,1.0,0.4,5,1.3046259609289803,0.3737860252689258,1.5591827768835358,0.343575785555588,0.1542822291443573,0.1613017704911584
2022-23,26,2022-23_GW26_Brentford_vs_Fulham,Brentford,Fulham,0.3614,0.2181,0.5796,55.9,117.5,0.6628,0.2736,0.2328,0.1882,0.4224,51.9,146.0,0.7473,0.2105,0.1286,0.029899999999999982,0.1572,4.0,2023-03-06,Brentford,Fulham,3,2,H,1560.1,1497.8,62.4,9,7,-2,23,25,0,1,0,1,1.8,1.4,0.4,0.6,5,1.6,0.8,0.4,0.6,5,2.0,1.8,0.8,0.4,10,2.0,1.2,0.5,0.5,10,2.2,2.2,0.8,0.4,5,2.0,1.0,0.2,0.8,5,0.873815801761528,0.3537302944403546,0.7422237312060557,0.322647457686875,0.15971427778129,0.1693212869361643
2022-23,27,2022-23_GW27_Bournemouth_vs_Liverpool,Bournemouth,Liverpool,0.4801,0.3219,0.8002,50.9,141.1,0.7054,0.2976,0.7628,0.3392,1.1011,75.1,122.6,0.6529,0.271,-0.2827,-0.017299999999999982,-0.30089999999999995,-24.199999999999996,2023-03-11,Bournemouth,Liverpool,1,0,H,1423.1,1732.1,-309.0,20,5,-15,25,25,0,5,0,5,0.8,1.0,1.8,0.2,5,2.6,2.6,0.0,1.0,5,0.5,0.6,1.9,0.1,10,1.7,1.6,1.0,0.6,10,1.0,1.2,1.6,0.2,5,0.8,0.6,1.8,0.4,5,0.7117095972790828,0.3975043964703355,1.3598192911527278,0.3697380617065819,0.1693212869361643,0.1485711399691939
2022-23,27,2022-23_GW27_Everton_vs_Brentford,Everton,Brentford,0.23,0.2344,0.4643,54.2,142.2,0.6979,0.2012,0.4392,0.247,0.6857,56.6,116.7,0.6889,0.284,-0.20919999999999997,-0.0126,-0.22139999999999999,-2.3999999999999986,2023-03-11,Everton,Brentford,1,0,H,1455.3,1565.8,-110.4,19,9,-10,26,24,0,2,1,3,0.8,0.6,2.0,0.2,5,1.8,1.6,0.8,0.4,5,0.8,0.7,1.9,0.2,10,2.2,1.9,0.8,0.4,10,1.2,0.8,1.6,0.4,5,1.8,1.4,0.8,0.4,5,0.9740473610164156,0.4379248669336005,0.9569336202485508,0.3649718598353629,0.1440906980204191,0.1535855528603138
2022-23,27,2022-23_GW27_Leeds United_vs_Brighton and Hove Albion,Leeds United,Brighton and Hove Albion,0.3461,0.2668,0.6153,55.8,136.8,0.7184,0.2287,0.4835,0.3236,0.8057,54.0,139.3,0.6535,0.304,-0.13739999999999997,-0.05680000000000002,-0.1904,1.7999999999999972,2023-03-11,Leeds United,Brighton and Hove Albion,2,2,D,1468.2,1572.8,-104.6,19,8,-11,25,23,0,3,2,5,0.8,0.6,1.2,0.2,5,1.6,1.6,0.8,0.4,5,0.7,0.6,1.1,0.3,10,1.7,2.1,1.2,0.3,10,1.0,0.8,1.4,0.4,5,2.2,2.6,1.4,0.0,5,0.7367097568795604,0.4092005114466192,1.149482993166642,0.3504881047922774,0.1472264485949549,0.1640595225595754
2022-23,27,2022-23_GW27_Leicester City_vs_Chelsea,Leicester City,Chelsea,0.6587,0.2137,0.8755,57.3,120.1,0.7478,0.2978,0.5265,0.3449,0.8703,68.6,182.7,0.6108,0.2296,0.13219999999999998,-0.13119999999999998,0.005199999999999982,-11.299999999999997,2023-03-11,Leicester City,Chelsea,1,3,A,1514.8,1607.6,-92.8,16,10,-6,25,25,1,3,1,5,1.2,1.6,1.6,0.0,5,1.0,0.4,0.8,0.4,5,0.7,1.1,1.8,0.0,10,1.0,0.5,0.8,0.4,10,0.8,1.2,1.6,0.0,5,0.6,0.6,1.2,0.2,5,0.8026822918917761,0.4780594994415645,0.8881757076413542,0.3256955423820564,0.1465443587674424,0.1495942747104627
2022-23,27,2022-23_GW27_Tottenham_vs_Nottingham Forest,Tottenham,Nottingham Forest,0.3254,0.2293,0.5542,70.6,134.8,0.6481,0.1688,0.384,0.2068,0.5906,52.5,172.4,0.7435,0.3403,-0.058599999999999985,0.022499999999999992,-0.03639999999999999,18.099999999999994,2023-03-11,Tottenham,Nottingham Forest,3,1,H,1643.6,1489.9,153.7,4,14,10,26,25,1,0,0,1,1.8,1.2,1.0,0.6,5,1.0,0.8,1.8,0.2,5,1.5,1.3,1.3,0.5,10,1.3,0.9,1.4,0.3,10,1.8,1.0,0.8,0.6,5,0.8,0.4,2.0,0.2,5,0.8527001207969139,0.3537282028122769,0.6127594771706127,0.3174792852304804,0.1439602708788838,0.1693212869361643
2022-23,27,2022-23_GW27_Crystal Palace_vs_Manchester City,Crystal Palace,Manchester City,0.149,0.1465,0.296,54.1,124.8,0.7279,0.2954,0.7123,0.4816,1.1939,77.1,114.0,0.6723,0.2315,-0.5633,-0.33509999999999995,-0.8978999999999999,-22.999999999999993,2023-03-11,Crystal Palace,Manchester City,0,1,A,1513.4,1807.6,-294.2,12,2,-10,25,26,1,3,1,5,0.6,0.6,1.0,0.2,5,2.6,2.6,0.8,0.2,5,0.8,0.6,1.1,0.3,10,2.2,2.2,0.9,0.3,10,0.8,0.4,1.2,0.4,5,1.4,1.8,1.2,0.0,5,0.599201935207263,0.424063117800711,1.6134691872498437,0.3286758976778166,0.1480888050197386,0.1488805223561128
2022-23,27,2022-23_GW27_Fulham_vs_Arsenal,Fulham,Arsenal,0.298,0.2039,0.5034,53.7,144.2,0.7704,0.2745,0.795,0.5059,1.3002,64.5,132.9,0.7834,0.3269,-0.49700000000000005,-0.30200000000000005,-0.7968000000000001,-10.799999999999997,2023-03-12,Fulham,Arsenal,0,3,A,1492.1,1719.0,-226.9,8,1,-7,26,26,0,4,1,5,1.6,1.2,0.8,0.6,5,2.4,2.6,1.4,0.4,5,1.7,1.1,0.8,0.4,10,2.0,1.9,1.1,0.4,10,2.0,1.4,0.8,0.2,5,2.4,2.2,1.0,0.4,5,0.7847067420568417,0.3475208758611054,1.5602531046571435,0.3516316427853552,0.1624539400510644,0.1487411002392992
2022-23,27,2022-23_GW27_Manchester United_vs_Southampton,Manchester United,Southampton,0.6142,0.4199,1.035,64.6,143.4,0.6741,0.2646,0.3592,0.1909,0.5516,54.7,148.6,0.6723,0.2013,0.25499999999999995,0.229,0.48339999999999994,9.899999999999991,2023-03-12,Manchester United,Southampton,0,0,D,1668.7,1434.9,233.8,3,20,17,25,25,3,0,2,5,2.0,1.8,2.0,0.4,5,1.2,0.6,1.2,0.4,5,2.0,1.8,1.5,0.4,10,0.9,0.7,1.4,0.2,10,2.6,2.4,0.8,0.4,5,1.2,0.8,1.4,0.2,5,1.463965329952788,0.3769203186790466,0.6117497100632702,0.4132952416494006,0.155050993330563,0.1482203509150446
2022-23,27,2022-23_GW27_West Ham United_vs_Aston Villa,West Ham United,Aston Villa,0.4915,0.208,0.7005,58.5,106.9,0.6655,0.4559,0.3158,0.2152,0.5305,55.5,151.1,0.6943,0.214,0.17569999999999997,-0.007200000000000012,0.17000000000000004,3.0,2023-03-12,West Ham United,Aston Villa,1,1,D,1505.6,1529.9,-24.4,18,11,-7,25,25,5,0,0,5,1.0,1.2,1.6,0.2,5,1.2,1.6,2.2,0.4,5,0.9,1.1,1.6,0.2,10,1.6,1.5,1.6,0.4,10,1.4,1.4,1.0,0.4,5,2.4,1.6,0.8,0.6,5,0.7917525217298022,0.4651872797177943,0.7597880885020276,0.4346509093367125,0.1473823548412435,0.1507733156980201
2022-23,27,2022-23_GW27_Newcastle United_vs_Wolverhampton Wanderers,Newcastle United,Wolverhampton Wanderers,0.3251,0.2661,0.5909,58.3,118.4,0.7062,0.2982,0.5048,0.2349,0.7422,53.6,146.2,0.808,0.3462,-0.17970000000000003,0.031200000000000006,-0.1513,4.699999999999996,2023-03-12,Newcastle United,Wolverhampton Wanderers,2,1,H,1606.9,1504.5,102.4,6,13,7,24,26,1,1,3,5,0.6,0.4,1.2,0.2,5,1.4,0.8,1.0,0.2,5,1.4,0.7,0.6,0.6,10,1.4,0.9,1.0,0.3,10,1.6,0.6,0.6,0.6,5,1.0,0.8,1.6,0.0,5,0.8079466762362582,0.3734844063720823,0.7191190191803425,0.4152620295134986,0.1548522370131201,0.1479405474395306
2022-23,27,2022-23_GW27_Brighton and Hove Albion_vs_Crystal Palace,Brighton and Hove Albion,Crystal Palace,0.4835,0.3236,0.8057,54.0,139.3,0.6535,0.304,0.149,0.1465,0.296,54.1,124.8,0.7279,0.2954,0.3345,0.1771,0.5097,-0.10000000000000142,2023-03-15,Brighton and Hove Albion,Crystal Palace,1,0,H,1572.7,1508.4,64.2,7,12,5,24,26,0,1,4,5,1.6,1.6,0.8,0.4,5,0.6,0.4,0.8,0.2,5,1.8,2.2,1.2,0.3,10,0.5,0.4,1.2,0.2,10,1.8,2.0,1.0,0.6,5,0.8,0.8,1.0,0.2,5,1.1494720886696623,0.3504982135116711,0.598620062216647,0.42463829016414,0.1640595225595754,0.1480888050197386
2022-23,27,2022-23_GW27_Southampton_vs_Brentford,Southampton,Brentford,0.3592,0.1909,0.5516,54.7,148.6,0.6723,0.2013,0.4392,0.247,0.6857,56.6,116.7,0.6889,0.284,-0.07999999999999996,-0.05610000000000001,-0.1341,-1.8999999999999986,2023-03-15,Southampton,Brentford,0,2,A,1442.4,1555.5,-113.1,20,9,-11,26,25,1,2,0,3,1.4,0.6,0.6,0.6,5,1.6,1.6,1.0,0.2,5,1.0,0.6,1.1,0.3,10,1.9,1.7,0.8,0.4,10,0.6,0.6,1.4,0.2,5,1.6,1.0,0.6,0.4,5,0.6126289622816824,0.4123552291947787,0.9557323798185788,0.3660992932751921,0.1482203509150446,0.1535855528603138
2022-23,28,2022-23_GW28_Nottingham Forest_vs_Newcastle United,Nottingham Forest,Newcastle United,0.3695,0.3295,0.7001,53.3,171.5,0.7711,0.3481,0.3541,0.2833,0.637,57.4,119.1,0.7135,0.2934,0.01539999999999997,0.04620000000000002,0.06309999999999993,-4.100000000000001,2023-03-17,Nottingham Forest,Newcastle United,1,2,A,1486.1,1611.6,-125.5,14,5,-9,26,25,0,1,0,1,0.4,0.8,2.4,0.0,5,1.0,0.8,1.4,0.0,5,1.3,1.0,1.4,0.3,10,1.4,0.8,0.7,0.5,10,1.8,1.4,0.8,0.4,5,1.2,0.8,0.6,0.6,5,0.6723241819117813,0.3291778934148287,0.8767702102997492,0.3769155734258939,0.1624539400510644,0.1490973235504179
2022-23,28,2022-23_GW28_Chelsea_vs_Everton,Chelsea,Everton,0.5755,0.3774,0.9539,61.8,189.0,0.6176,0.2324,0.2691,0.2458,0.5149,52.3,143.9,0.7139,0.1769,0.3064,0.13160000000000002,0.43899999999999995,9.5,2023-03-18,Chelsea,Everton,2,2,D,1617.8,1465.6,152.2,10,15,5,26,27,2,2,1,5,1.4,1.0,1.0,0.2,5,1.4,0.8,1.6,0.4,5,1.2,0.7,0.8,0.4,10,1.0,0.7,1.8,0.3,10,1.4,0.4,0.4,0.6,5,0.4,0.6,2.2,0.0,5,0.9140553929816064,0.3507617132041464,0.9562499719129228,0.4513271640521148,0.1442436126001502,0.1391631709939785
2022-23,28,2022-23_GW28_Southampton_vs_Tottenham,Southampton,Tottenham,0.3762,0.2282,0.6067,53.8,149.5,0.714,0.1994,0.3767,0.273,0.6494,70.4,135.0,0.6756,0.1898,-0.0005000000000000004,-0.044800000000000034,-0.04269999999999996,-16.60000000000001,2023-03-18,Southampton,Tottenham,3,3,D,1432.7,1647.3,-214.6,20,4,-16,27,27,1,3,1,5,1.4,0.4,0.6,0.6,5,1.8,1.6,1.2,0.4,5,1.0,0.5,1.1,0.3,10,1.8,1.6,1.2,0.5,10,0.6,0.4,1.2,0.2,5,1.2,1.6,1.8,0.4,5,0.7305473026775883,0.4217563232317897,0.918180849378738,0.3668124051059403,0.1381335483133506,0.1390427715676148
2022-23,28,2022-23_GW28_Wolverhampton Wanderers_vs_Leeds United,Wolverhampton Wanderers,Leeds United,0.4124,0.2108,0.6253,54.3,145.2,0.7836,0.331,0.3722,0.2631,0.6371,55.4,136.7,0.7259,0.2227,0.040200000000000014,-0.05230000000000001,-0.011800000000000033,-1.1000000000000014,2023-03-18,Wolverhampton Wanderers,Leeds United,2,4,A,1499.7,1468.4,31.4,13,19,6,27,26,2,2,1,5,0.8,0.6,1.2,0.2,5,0.8,0.6,1.2,0.2,5,1.4,1.0,1.1,0.3,10,0.7,0.8,1.3,0.2,10,1.8,1.0,0.4,0.6,5,0.2,0.6,1.4,0.0,5,0.7354613385231147,0.4289140739269564,0.7794673460654283,0.4176740059151,0.1427170299238874,0.1420578336075238
2022-23,28,2022-23_GW28_Brentford_vs_Leicester City,Brentford,Leicester City,0.5694,0.2891,0.8584,58.3,115.3,0.7432,0.3118,0.612,0.1865,0.8006,56.7,120.5,0.716,0.2529,-0.04259999999999997,0.10260000000000002,0.057800000000000074,1.5999999999999943,2023-03-18,Brentford,Leicester City,1,1,D,1565.1,1504.5,60.5,8,17,9,26,26,0,2,1,3,1.6,1.4,1.0,0.2,5,0.6,1.0,1.8,0.0,5,2.1,1.7,0.6,0.5,10,0.7,1.2,1.8,0.0,10,2.6,2.4,0.8,0.4,5,0.6,1.0,2.0,0.0,5,1.3146766683636193,0.3597311422969819,0.8900668468905361,0.4801281576831908,0.1427054718275612,0.1414281853380429
2022-23,28,2022-23_GW28_Aston Villa_vs_Bournemouth,Aston Villa,Bournemouth,0.3646,0.2569,0.621,55.3,151.2,0.7246,0.2199,0.4867,0.2123,0.6971,51.6,140.3,0.6944,0.3103,-0.12210000000000004,0.04460000000000003,-0.07610000000000006,3.6999999999999957,2023-03-18,Aston Villa,Bournemouth,3,0,H,1532.1,1438.5,93.6,11,19,8,26,26,0,3,0,3,1.4,1.4,1.6,0.4,5,1.4,1.2,1.6,0.4,5,1.7,1.5,1.4,0.4,10,0.8,0.7,1.7,0.2,10,1.4,1.6,2.0,0.2,5,0.6,0.6,1.8,0.2,5,0.8032012653691878,0.450601604545889,0.7084428384515681,0.3990965822311204,0.1453320046088242,0.1624539400510644
2022-23,28,2022-23_GW28_Arsenal_vs_Crystal Palace,Arsenal,Crystal Palace,0.7346,0.5385,1.2734,63.4,133.6,0.8048,0.3285,0.1693,0.1706,0.34,54.1,124.7,0.7646,0.2776,0.5653,0.3679,0.9334,9.299999999999997,2023-03-19,Arsenal,Crystal Palace,4,1,H,1725.5,1502.8,222.6,1,12,11,27,27,2,1,2,5,3.0,3.0,0.8,0.6,5,0.4,0.2,0.8,0.2,5,2.2,2.2,1.1,0.4,10,0.5,0.4,0.9,0.2,10,2.0,2.4,1.6,0.2,5,0.2,0.4,1.2,0.0,5,1.569046670983003,0.3484106311228509,0.6877365565317555,0.4299330801720324,0.1434560332994993,0.1380214522957017
2022-23,29,2022-23_GW29_Manchester City_vs_Liverpool,Manchester City,Liverpool,0.7231,0.4416,1.1646,80.2,110.6,0.6953,0.2364,0.8079,0.383,1.1915,74.7,123.1,0.6873,0.2523,-0.08479999999999999,0.058599999999999985,-0.026899999999999924,5.5,2023-04-01,Manchester City,Liverpool,4,1,H,1812.5,1716.7,95.8,2,6,4,27,26,1,1,3,5,2.6,2.2,0.6,0.4,5,2.0,2.2,0.2,0.8,5,2.2,2.2,0.9,0.3,10,1.4,1.4,1.0,0.6,10,2.6,2.6,0.8,0.4,5,0.8,0.4,1.4,0.4,5,1.6026697071144511,0.3130407305137728,1.345451891015719,0.3676071014822367,0.1435847361345778,0.1432991401959289
2022-23,29,2022-23_GW29_Arsenal_vs_Leeds United,Arsenal,Leeds United,0.7593,0.6161,1.3763,63.5,133.6,0.819,0.3241,0.4177,0.2826,0.7021,55.2,136.6,0.7528,0.2156,0.34159999999999996,0.33349999999999996,0.6742000000000001,8.299999999999997,2023-04-01,Arsenal,Leeds United,4,1,H,1728.2,1482.0,246.2,1,14,13,28,27,4,0,1,5,3.0,3.0,0.6,0.6,5,1.4,1.4,1.2,0.2,5,2.2,2.4,1.2,0.3,10,0.9,1.0,1.3,0.2,10,2.0,2.6,1.4,0.2,5,0.8,1.2,1.4,0.0,5,1.5151146812884533,0.3402351135604574,0.8141653395562714,0.4464632400014423,0.1385773016156225,0.1372866006244471
2022-23,29,2022-23_GW29_Bournemouth_vs_Fulham,Bournemouth,Fulham,0.4887,0.2571,0.7426,51.8,140.1,0.7146,0.3174,0.3025,0.2055,0.5101,53.1,143.5,0.7488,0.2576,0.18620000000000003,0.05160000000000001,0.23250000000000004,-1.3000000000000043,2023-04-01,Bournemouth,Fulham,2,1,H,1433.5,1485.6,-52.1,19,9,-10,27,27,1,1,1,3,1.2,1.0,2.0,0.4,5,1.4,1.2,1.4,0.4,5,0.8,0.7,1.8,0.2,10,1.4,0.9,1.0,0.4,10,1.0,0.8,1.6,0.2,5,1.4,0.8,0.8,0.6,5,0.6842704054822144,0.4300487794993635,0.771493972010852,0.3691722479793795,0.1561145798851212,0.1561145798851212
2022-23,29,2022-23_GW29_Brighton and Hove Albion_vs_Brentford,Brighton and Hove Albion,Brentford,0.5401,0.3873,0.9247,53.6,140.0,0.6925,0.2917,0.5854,0.3203,0.9051,58.3,115.3,0.766,0.2964,-0.04530000000000001,0.067,0.01959999999999995,-4.699999999999996,2023-04-01,Brighton and Hove Albion,Brentford,3,3,D,1578.3,1560.8,17.5,7,8,1,25,27,2,1,0,3,1.6,1.6,0.8,0.4,5,1.6,1.4,1.0,0.2,5,1.8,2.0,1.1,0.4,10,1.9,1.6,0.7,0.4,10,2.4,1.8,0.2,0.8,5,1.6,1.0,0.4,0.6,5,1.2366509250969286,0.3686858270201733,1.2330904997000356,0.3698552542083376,0.1516308000526073,0.1378844460519084
2022-23,29,2022-23_GW29_Crystal Palace_vs_Leicester City,Crystal Palace,Leicester City,0.1874,0.1714,0.359,54.7,124.1,0.705,0.2617,0.617,0.2036,0.8235,56.7,120.5,0.7057,0.2463,-0.4296,-0.032200000000000006,-0.4645,-2.0,2023-04-01,Crystal Palace,Leicester City,2,1,H,1500.1,1508.9,-8.7,12,18,6,28,27,0,2,3,5,0.2,0.2,1.4,0.2,5,0.2,0.4,1.8,0.0,5,0.5,0.5,1.2,0.2,10,0.8,1.2,1.7,0.0,10,0.8,0.4,0.6,0.4,5,0.8,1.0,1.8,0.0,5,0.6731328576459253,0.4341560049840776,0.9030720520928258,0.4624293192572539,0.1335605510552546,0.1367053620144153
2022-23,29,2022-23_GW29_Nottingham Forest_vs_Wolverhampton Wanderers,Nottingham Forest,Wolverhampton Wanderers,0.3583,0.3089,0.6677,53.3,170.5,0.7515,0.3488,0.4686,0.1965,0.6678,55.5,143.8,0.7658,0.3367,-0.11030000000000001,0.1124,-9.999999999998899e-05,-2.200000000000003,2023-04-01,Nottingham Forest,Wolverhampton Wanderers,1,1,D,1476.8,1486.1,-9.3,17,13,-4,27,28,0,1,0,1,0.4,1.0,2.4,0.0,5,0.8,1.0,1.8,0.2,5,1.2,1.0,1.5,0.3,10,1.3,1.1,1.4,0.3,10,1.6,1.4,1.0,0.4,5,0.8,0.8,1.8,0.0,5,0.6366961183308709,0.3460573468564799,0.8670899588383942,0.4326339707054447,0.1561145798851212,0.1378951155195603
2022-23,29,2022-23_GW29_Chelsea_vs_Aston Villa,Chelsea,Aston Villa,0.6469,0.3827,1.0296,62.0,188.9,0.6406,0.2234,0.468,0.3073,0.7749,55.2,151.4,0.7515,0.2018,0.1789,0.07539999999999997,0.25470000000000004,6.799999999999997,2023-04-01,Chelsea,Aston Villa,0,2,A,1611.6,1537.0,74.6,10,11,1,27,27,3,1,1,5,1.4,1.2,1.2,0.2,5,2.0,1.8,1.0,0.6,5,1.3,0.9,0.9,0.4,10,1.7,1.6,1.4,0.4,10,1.6,0.8,0.6,0.6,5,2.0,1.4,0.8,0.6,5,0.9926220687475528,0.3583134694081936,0.9519998598192017,0.4326355941481312,0.1393043289421291,0.1403090413966127
2022-23,29,2022-23_GW29_West Ham United_vs_Southampton,West Ham United,Southampton,0.5724,0.2045,0.7781,58.2,107.1,0.644,0.3927,0.3915,0.2509,0.644,53.8,149.5,0.721,0.2264,0.1809,-0.046400000000000025,0.1341,4.400000000000006,2023-04-02,West Ham United,Southampton,1,0,H,1503.4,1435.9,67.5,19,20,1,26,28,1,1,3,5,1.0,1.2,1.6,0.2,5,1.0,0.8,1.2,0.4,5,1.0,1.1,1.4,0.2,10,1.1,0.8,1.3,0.3,10,1.6,1.6,0.8,0.4,5,1.4,0.6,1.0,0.4,5,0.8728948419951549,0.4749982895211189,0.8297504782801018,0.4402995489512514,0.1422017532119766,0.1336640287215112
2022-23,29,2022-23_GW29_Newcastle United_vs_Manchester United,Newcastle United,Manchester United,0.4004,0.2888,0.6885,58.2,118.4,0.7192,0.3133,0.6336,0.4239,1.058,63.9,143.7,0.6955,0.2608,-0.23320000000000007,-0.1351,-0.36950000000000005,-5.699999999999996,2023-04-02,Newcastle United,Manchester United,2,0,H,1620.9,1661.3,-40.4,5,3,-2,26,26,0,3,2,5,1.4,1.0,1.4,0.0,5,1.6,1.4,1.8,0.6,5,1.4,0.7,0.8,0.4,10,1.8,1.7,1.5,0.4,10,1.6,0.8,0.8,0.4,5,1.4,1.2,2.2,0.4,5,0.9647608025650368,0.363379960404864,1.3770981819507988,0.3778352153133545,0.143784868860957,0.149280798755997
2022-23,29,2022-23_GW29_Everton_vs_Tottenham,Everton,Tottenham,0.3303,0.257,0.5869,52.2,143.8,0.7394,0.1823,0.4685,0.32,0.7883,69.4,135.5,0.7098,0.2616,-0.13820000000000005,-0.063,-0.20140000000000002,-17.200000000000003,2023-04-03,Everton,Tottenham,1,1,D,1471.8,1644.2,-172.3,18,5,-13,28,28,1,2,2,5,1.0,1.0,2.0,0.2,5,2.0,2.0,1.0,0.4,5,1.1,0.8,1.6,0.3,10,1.6,1.5,1.5,0.4,10,1.8,0.8,0.8,0.6,5,0.8,1.4,2.4,0.2,5,0.966769549323934,0.4687174509863875,0.9892645818741432,0.3958555177192717,0.1346144902486092,0.1345033475700373
2022-23,29,2022-23_GW29_Chelsea_vs_Liverpool,Chelsea,Liverpool,0.6469,0.3827,1.0296,62.0,188.9,0.6406,0.2234,0.8079,0.383,1.1915,74.7,123.1,0.6873,0.2523,-0.16099999999999992,-0.00030000000000002247,-0.16189999999999993,-12.700000000000003,2023-04-04,Chelsea,Liverpool,0,0,D,1597.0,1711.8,-114.9,11,8,-3,28,27,1,1,3,5,1.4,1.2,1.4,0.2,5,1.4,2.0,1.0,0.6,5,1.3,0.8,0.9,0.4,10,1.4,1.4,1.1,0.6,10,1.0,0.6,1.0,0.4,5,0.8,0.6,1.6,0.4,5,0.991006012676748,0.3597647543849965,1.3449036283192377,0.3680499108183116,0.1393043289421291,0.1432991401959289
2022-23,29,2022-23_GW29_Leicester City_vs_Aston Villa,Leicester City,Aston Villa,0.617,0.2036,0.8235,56.7,120.5,0.7057,0.2463,0.468,0.3073,0.7749,55.2,151.4,0.7515,0.2018,0.14899999999999997,-0.10370000000000001,0.04859999999999998,1.5,2023-04-04,Leicester City,Aston Villa,1,2,A,1501.4,1551.6,-50.2,19,9,-10,28,28,2,2,1,5,0.2,0.6,1.6,0.0,5,2.6,1.8,0.2,0.8,5,0.8,1.3,1.8,0.0,10,1.9,1.7,1.3,0.5,10,0.8,1.4,1.6,0.0,5,2.0,1.4,0.8,0.6,5,0.9021821342506896,0.4633143746090692,0.9535907175448722,0.4311170953759204,0.1367053620144153,0.1403090413966127
2022-23,29,2022-23_GW29_Bournemouth_vs_Brighton and Hove Albion,Bournemouth,Brighton and Hove Albion,0.4887,0.2571,0.7426,51.8,140.1,0.7146,0.3174,0.5401,0.3873,0.9247,53.6,140.0,0.6925,0.2917,-0.0514,-0.13019999999999998,-0.18209999999999993,-1.8000000000000043,2023-04-04,Bournemouth,Brighton and Hove Albion,0,2,A,1442.2,1575.0,-132.8,17,7,-10,28,26,3,2,0,5,1.2,1.2,2.2,0.2,5,1.6,2.0,1.2,0.4,5,1.1,0.9,1.6,0.2,10,1.9,2.1,1.0,0.4,10,1.6,1.2,1.4,0.2,5,1.8,2.4,1.4,0.0,5,0.6848341523881875,0.4294455374106335,1.2362956433244845,0.3690138791408456,0.1561145798851212,0.1516308000526073
2022-23,29,2022-23_GW29_Leeds United_vs_Nottingham Forest,Leeds United,Nottingham Forest,0.4177,0.2826,0.7021,55.2,136.6,0.7528,0.2156,0.3583,0.3089,0.6677,53.3,170.5,0.7515,0.3488,0.05940000000000001,-0.02629999999999999,0.034399999999999986,1.9000000000000057,2023-04-04,Leeds United,Nottingham Forest,2,1,H,1479.6,1474.3,5.3,18,16,-2,28,28,0,1,0,1,1.4,1.6,1.8,0.2,5,0.4,1.0,2.4,0.0,5,0.9,1.0,1.5,0.2,10,1.0,1.0,1.6,0.2,10,1.2,1.0,1.2,0.4,5,0.8,0.6,2.0,0.2,5,0.8138831175617712,0.4467513397307406,0.6365349585340734,0.3462228006336706,0.1372866006244471,0.1561145798851212
2022-23,29,2022-23_GW29_Manchester United_vs_Brentford,Manchester United,Brentford,0.6336,0.4239,1.058,63.9,143.7,0.6955,0.2608,0.5854,0.3203,0.9051,58.3,115.3,0.766,0.2964,0.04820000000000002,0.10360000000000003,0.15290000000000004,5.600000000000001,2023-04-05,Manchester United,Brentford,1,0,H,1653.0,1564.0,89.0,5,9,4,27,28,2,1,0,3,1.4,1.0,1.8,0.6,5,1.6,1.8,1.4,0.2,5,1.5,1.4,1.7,0.3,10,1.7,1.6,0.9,0.4,10,2.2,1.8,0.8,0.4,5,1.2,1.2,1.0,0.4,5,1.3762813169001715,0.3785317128661779,1.2334580222525169,0.3695109337684532,0.149280798755997,0.1378844460519084
2022-23,29,2022-23_GW29_West Ham United_vs_Newcastle United,West Ham United,Newcastle United,0.5724,0.2045,0.7781,58.2,107.1,0.644,0.3927,0.4004,0.2888,0.6885,58.2,118.4,0.7192,0.3133,0.17200000000000004,-0.08430000000000001,0.08960000000000001,0.0,2023-04-05,West Ham United,Newcastle United,1,5,A,1508.9,1629.2,-120.3,15,4,-11,27,27,1,2,2,5,1.4,1.2,1.4,0.4,5,1.8,1.2,1.2,0.2,5,1.3,1.2,1.2,0.3,10,1.6,0.9,0.8,0.4,10,2.2,1.8,0.4,0.6,5,1.2,0.6,0.8,0.4,5,0.87354043722944,0.4743569052184445,0.9656901379112632,0.3625623734170076,0.1422017532119766,0.143784868860957
2022-23,30,2022-23_GW30_Southampton_vs_Manchester City,Southampton,Manchester City,0.361,0.2445,0.5869,53.5,149.4,0.7071,0.2139,0.7825,0.5201,1.1974,79.0,110.8,0.7043,0.2349,-0.4215,-0.2756,-0.6105,-25.5,2023-04-08,Southampton,Manchester City,1,4,A,1430.4,1817.4,-387.0,20,2,-18,29,28,0,3,2,5,1.0,0.8,1.2,0.4,5,2.6,2.4,0.6,0.4,5,0.8,0.6,1.3,0.3,10,2.5,2.5,0.8,0.3,10,0.8,1.0,1.6,0.2,5,2.0,1.8,0.8,0.2,5,0.7842473345696288,0.4410289450005215,1.6484829144382696,0.3030712373905941,0.1295381421257889,0.1386961093065097
2022-23,30,2022-23_GW30_Manchester United_vs_Everton,Manchester United,Everton,0.6093,0.4039,0.9103,63.8,143.2,0.7279,0.267,0.3647,0.2814,0.5932,51.9,143.2,0.7627,0.1898,0.24459999999999993,0.1225,0.31710000000000005,11.899999999999999,2023-04-08,Manchester United,Everton,2,0,H,1658.0,1473.9,184.1,4,16,12,28,29,2,1,2,5,1.4,0.8,1.8,0.6,5,1.2,1.2,1.8,0.2,5,1.5,1.3,1.6,0.4,10,1.2,0.8,1.5,0.3,10,2.2,1.6,0.6,0.6,5,0.4,0.8,2.4,0.0,5,1.3242497576408692,0.4116976432212803,0.9399331323808426,0.4690729145143209,0.1390372023545409,0.1304155286980647
2022-23,30,2022-23_GW30_Aston Villa_vs_Nottingham Forest,Aston Villa,Nottingham Forest,0.4996,0.3295,0.7402,55.6,149.2,0.7932,0.2433,0.3207,0.2704,0.4872,51.6,171.9,0.6819,0.3594,0.1789,0.05910000000000004,0.25299999999999995,4.0,2023-04-08,Aston Villa,Nottingham Forest,2,0,H,1563.1,1467.2,95.8,7,17,10,29,29,0,0,1,1,2.6,1.8,0.4,0.6,5,0.4,1.2,2.0,0.0,5,1.9,1.7,1.3,0.5,10,0.7,0.9,1.8,0.1,10,1.8,2.0,1.8,0.4,5,0.2,0.6,2.4,0.0,5,1.0288723825633637,0.4239368704583479,0.8163173927882904,0.3357204136196138,0.1313919750446296,0.1448605664988786
2022-23,30,2022-23_GW30_Brentford_vs_Newcastle United,Brentford,Newcastle United,0.6032,0.3332,0.8554,58.1,115.3,0.785,0.3112,0.5196,0.3933,0.6949,56.1,120.5,0.7589,0.2985,0.08360000000000001,-0.06009999999999999,0.1605000000000001,2.0,2023-04-08,Brentford,Newcastle United,1,2,A,1559.0,1638.6,-79.6,9,4,-5,29,28,0,2,1,3,1.0,1.2,1.2,0.2,5,2.4,2.2,1.0,0.2,5,1.4,1.4,1.0,0.3,10,1.8,1.4,0.9,0.3,10,2.2,2.0,0.8,0.4,5,1.6,1.6,1.0,0.2,5,1.2805289760358407,0.4371363866933764,1.6656147990131636,0.3504290431520592,0.1293258711808835,0.1343538798298888
2022-23,30,2022-23_GW30_Fulham_vs_West Ham United,Fulham,West Ham United,0.3085,0.2102,0.4712,52.6,142.6,0.7497,0.2554,0.6026,0.2573,0.7631,57.9,107.0,0.7244,0.3651,-0.29410000000000003,-0.047099999999999975,-0.2919,-5.299999999999997,2023-04-08,Fulham,West Ham United,0,1,A,1477.0,1499.5,-22.5,10,15,5,28,28,0,4,1,5,0.8,1.0,1.8,0.2,5,1.4,1.4,2.0,0.4,5,1.1,0.9,1.2,0.3,10,1.2,1.1,1.5,0.3,10,1.4,1.0,1.2,0.2,5,0.4,0.6,2.0,0.0,5,0.7596525658765096,0.387276012620296,0.9990475845675296,0.4991842098686027,0.1502626128903068,0.1330048376623949
2022-23,30,2022-23_GW30_Leicester City_vs_Bournemouth,Leicester City,Bournemouth,0.5374,0.2141,0.7109,58.0,119.1,0.7062,0.2626,0.5783,0.2898,0.6693,51.9,140.1,0.763,0.2859,-0.04090000000000005,-0.07569999999999999,0.04159999999999997,6.100000000000001,2023-04-08,Leicester City,Bournemouth,0,1,A,1490.0,1433.1,56.9,19,17,-2,29,29,2,3,0,5,0.2,0.8,1.8,0.0,5,1.2,1.0,1.8,0.2,5,0.8,1.4,1.8,0.0,10,1.1,0.9,1.6,0.2,10,0.8,1.6,1.8,0.0,5,0.6,0.6,1.8,0.2,5,0.8426655934342769,0.4751611440125228,1.178694760679363,0.4298319467327333,0.1283211220416645,0.1448605664988786
2022-23,30,2022-23_GW30_Tottenham_vs_Brighton and Hove Albion,Tottenham,Brighton and Hove Albion,0.5052,0.3345,0.7849,69.4,135.0,0.7265,0.2366,0.7115,0.5105,0.9331,53.8,140.0,0.7516,0.2849,-0.20630000000000004,-0.17599999999999993,-0.1482,15.600000000000009,2023-04-08,Tottenham,Brighton and Hove Albion,2,1,H,1642.1,1584.1,58.0,5,7,2,29,27,3,2,0,5,1.6,1.8,1.2,0.2,5,2.2,2.4,1.0,0.6,5,1.7,1.6,1.4,0.4,10,1.9,1.9,0.9,0.5,10,2.4,1.6,0.6,0.6,5,1.8,2.2,1.2,0.2,5,1.0005856259478112,0.3909293100169915,1.9309824615832212,0.3958633983877224,0.1303129310746937,0.1410397413635098
2022-23,30,2022-23_GW30_Wolverhampton Wanderers_vs_Chelsea,Wolverhampton Wanderers,Chelsea,0.4055,0.2013,0.591,54.0,145.0,0.7771,0.3354,0.7308,0.4336,0.9188,62.9,187.8,0.6865,0.1988,-0.3253,-0.23229999999999998,-0.3278,-8.899999999999999,2023-04-08,Wolverhampton Wanderers,Chelsea,1,0,H,1488.7,1597.4,-108.7,16,11,-5,29,29,1,1,3,5,0.8,1.0,1.8,0.2,5,1.6,1.2,1.0,0.4,5,1.1,1.1,1.5,0.2,10,1.1,0.7,0.9,0.4,10,1.8,1.4,1.0,0.6,5,1.0,1.0,1.2,0.2,5,0.8219096323263779,0.4296458428517114,1.3660772293305072,0.343370328694475,0.1334439275120487,0.1305358155668444
2022-23,30,2022-23_GW30_Liverpool_vs_Arsenal,Liverpool,Arsenal,0.6561,0.3488,0.9744,75.4,121.9,0.6828,0.2504,0.7416,0.6718,1.2711,63.5,132.4,0.7888,0.3267,-0.08550000000000002,-0.32299999999999995,-0.29669999999999985,11.900000000000006,2023-04-09,Liverpool,Arsenal,2,2,D,1711.4,1730.6,-19.2,8,1,-7,28,29,4,1,0,5,1.4,2.0,1.0,0.6,5,3.0,3.6,0.8,0.4,5,1.5,1.4,0.8,0.7,10,2.2,2.5,1.1,0.3,10,2.6,2.6,0.2,0.8,5,2.4,2.0,0.6,0.6,5,1.1937670465429866,0.4264518855183047,1.5999766485440248,0.3368535027460994,0.1339399691648622,0.1340736646486015
2022-23,30,2022-23_GW30_Leeds United_vs_Crystal Palace,Leeds United,Crystal Palace,0.3852,0.2453,0.5322,54.3,137.4,0.6977,0.2262,0.227,0.1843,0.3482,55.6,123.0,0.6948,0.2669,0.15819999999999998,0.061,0.184,-1.3000000000000043,2023-04-09,Leeds United,Crystal Palace,1,5,A,1486.6,1507.6,-20.9,16,14,-2,29,29,2,2,1,5,1.4,1.8,2.0,0.0,5,0.6,0.6,1.6,0.0,5,1.1,1.2,1.6,0.1,10,0.7,0.6,1.2,0.2,10,1.6,1.0,1.0,0.4,5,0.2,0.6,1.8,0.0,5,1.0257759417566057,0.4699927736381474,0.7711705635756132,0.4123223100854574,0.1288164209131105,0.1294426202005815
2022-23,31,2022-23_GW31_Aston Villa_vs_Newcastle United,Aston Villa,Newcastle United,0.5305,0.3538,0.7953,55.2,149.7,0.8119,0.2571,0.5663,0.4078,0.7507,56.1,120.5,0.779,0.2894,-0.035800000000000054,-0.05399999999999999,0.04459999999999997,-0.8999999999999986,2023-04-15,Aston Villa,Newcastle United,3,0,H,1568.0,1649.2,-81.2,6,3,-3,30,29,2,2,1,5,2.6,2.0,0.4,0.6,5,3.0,2.6,0.8,0.2,5,1.9,1.8,1.3,0.5,10,1.8,1.5,1.0,0.2,10,1.8,2.0,1.6,0.6,5,2.0,2.0,1.2,0.0,5,1.0275762168650224,0.4020356064353709,1.5825300839064518,0.3881874746056861,0.1274407722367916,0.1301749549605052
2022-23,31,2022-23_GW31_Chelsea_vs_Brighton and Hove Albion,Chelsea,Brighton and Hove Albion,0.7315,0.4391,0.9448,62.2,188.5,0.7064,0.1904,0.7343,0.5447,0.9973,55.6,138.1,0.771,0.2772,-0.0027999999999999137,-0.10559999999999997,-0.05249999999999999,6.600000000000001,2023-04-15,Chelsea,Brighton and Hove Albion,1,2,A,1587.1,1578.3,8.8,11,7,-4,30,28,1,1,3,5,1.0,1.0,1.2,0.2,5,1.6,1.8,1.4,0.4,5,1.0,0.7,1.0,0.3,10,1.6,1.7,1.1,0.4,10,1.0,0.6,1.0,0.4,5,1.2,1.6,1.4,0.2,5,1.305341723455199,0.3372590827680712,1.8318251662863272,0.3898762041005779,0.1266504374277343,0.1363467830318684
2022-23,31,2022-23_GW31_Everton_vs_Fulham,Everton,Fulham,0.4022,0.2906,0.6413,51.7,143.2,0.7822,0.2401,0.2893,0.2229,0.4694,52.0,143.1,0.7637,0.2343,0.1129,0.06770000000000004,0.1719,-0.29999999999999716,2023-04-15,Everton,Fulham,1,3,A,1470.6,1464.8,5.8,17,10,-7,30,29,2,2,1,5,1.2,1.2,1.4,0.2,5,0.2,0.8,2.0,0.0,5,1.2,0.8,1.5,0.3,10,0.8,0.7,1.2,0.3,10,2.0,0.8,0.6,0.6,5,0.8,0.8,1.2,0.4,5,0.9241858177747446,0.5061810196005385,0.736362778304246,0.3792397103646301,0.126539398652908,0.1448605664988786
2022-23,31,2022-23_GW31_Southampton_vs_Crystal Palace,Southampton,Crystal Palace,0.3434,0.2376,0.5631,52.4,150.3,0.7206,0.1997,0.2793,0.2237,0.4389,54.7,123.9,0.7209,0.2538,0.06409999999999999,0.013899999999999996,0.12420000000000003,-2.3000000000000043,2023-04-15,Southampton,Crystal Palace,0,2,A,1427.2,1519.8,-92.6,20,12,-8,30,30,1,3,1,5,0.4,0.8,2.0,0.2,5,1.2,1.6,1.6,0.0,5,0.8,0.7,1.6,0.3,10,0.9,1.1,1.3,0.1,10,0.8,1.2,2.2,0.2,5,0.8,1.4,1.6,0.0,5,0.7415472431935349,0.4651490957290028,0.9083864716416435,0.4054453451303018,0.1257294687659402,0.1256412909153429
2022-23,31,2022-23_GW31_Tottenham_vs_Bournemouth,Tottenham,Bournemouth,0.5231,0.334,0.8021,71.1,132.9,0.7402,0.2345,0.5914,0.2991,0.7074,51.6,140.4,0.7605,0.2636,-0.06830000000000003,0.03490000000000004,0.0947,19.499999999999993,2023-04-15,Tottenham,Bournemouth,2,3,A,1647.9,1447.3,200.5,5,15,10,30,30,3,1,1,5,1.6,1.8,1.4,0.0,5,1.8,0.8,1.2,0.4,5,2.0,1.6,1.1,0.4,10,1.3,0.9,1.5,0.3,10,3.0,2.0,0.4,0.6,5,1.2,0.8,1.4,0.4,5,0.9685737973238904,0.396744983609872,1.2311093704099405,0.4072292029447942,0.1264446891096739,0.1398738491710122
2022-23,31,2022-23_GW31_Wolverhampton Wanderers_vs_Brentford,Wolverhampton Wanderers,Brentford,0.3639,0.1781,0.5273,53.6,144.8,0.7689,0.3346,0.6571,0.3518,0.926,57.0,116.4,0.7813,0.3013,-0.2932,-0.1737,-0.39870000000000005,-3.3999999999999986,2023-04-15,Wolverhampton Wanderers,Brentford,2,0,H,1498.9,1548.4,-49.5,14,9,-5,30,30,1,1,1,3,1.4,1.2,1.4,0.4,5,1.0,1.4,1.4,0.2,5,1.4,1.2,1.2,0.3,10,1.3,1.5,1.2,0.2,10,1.8,1.4,1.0,0.6,5,1.0,1.2,1.2,0.2,5,0.7888071902188436,0.4220213446692901,1.333172693578788,0.4350806665202803,0.1293349631014746,0.1255335179868351
2022-23,31,2022-23_GW31_Manchester City_vs_Leicester City,Manchester City,Leicester City,0.8499,0.553,1.2951,78.0,112.1,0.7457,0.2303,0.4817,0.2237,0.6695,55.4,121.5,0.694,0.2622,0.36819999999999997,0.32930000000000004,0.6255999999999999,22.6,2023-04-15,Manchester City,Leicester City,3,1,H,1820.7,1475.8,344.9,2,19,17,29,30,4,1,0,5,3.0,3.0,0.6,0.4,5,0.2,0.8,1.8,0.0,5,2.5,2.5,0.7,0.3,10,0.7,1.2,1.7,0.0,10,3.0,3.2,0.8,0.4,5,0.8,1.2,1.8,0.0,5,1.6671139248649454,0.2948170166321696,0.8155332890547391,0.4919342817068599,0.1341833379701359,0.1246060176324041
2022-23,31,2022-23_GW31_West Ham United_vs_Arsenal,West Ham United,Arsenal,0.5802,0.2455,0.7405,57.9,107.0,0.7008,0.3229,0.7209,0.6281,1.2204,62.5,133.4,0.7938,0.3206,-0.14069999999999994,-0.3826,-0.4798999999999999,-4.600000000000001,2023-04-16,West Ham United,Arsenal,2,2,D,1511.7,1732.9,-221.2,15,1,-14,29,30,0,4,1,5,1.4,0.8,2.0,0.4,5,2.6,3.2,1.2,0.2,5,1.5,1.2,1.4,0.4,10,2.3,2.7,1.2,0.3,10,1.6,1.6,1.4,0.4,5,2.0,2.0,1.0,0.4,5,0.9841827614814552,0.4818587207123025,1.5395764942220214,0.4016014526582277,0.1289296320837267,0.1299162837461532
2022-23,31,2022-23_GW31_Nottingham Forest_vs_Manchester United,Nottingham Forest,Manchester United,0.3042,0.2611,0.4679,51.6,171.8,0.6777,0.3566,0.6652,0.4438,1.0056,63.0,144.0,0.715,0.2478,-0.361,-0.18269999999999997,-0.5377000000000001,-11.399999999999999,2023-04-16,Nottingham Forest,Manchester United,0,2,A,1462.3,1661.3,-198.9,18,4,-14,30,29,0,1,0,1,0.2,0.8,2.0,0.0,5,1.4,0.6,1.8,0.6,5,0.6,0.8,1.9,0.1,10,1.7,1.4,1.5,0.5,10,1.2,1.2,1.2,0.2,5,0.8,1.0,2.6,0.2,5,0.7555466484684512,0.3335998654761286,1.4343823461393777,0.4040344318665899,0.1398738491710122,0.1344982065384123
2022-23,31,2022-23_GW31_Leeds United_vs_Liverpool,Leeds United,Liverpool,0.4219,0.2903,0.6085,55.0,136.4,0.7312,0.2189,0.7189,0.3956,1.0823,79.2,118.0,0.706,0.2377,-0.297,-0.1053,-0.4738,-24.200000000000003,2023-04-17,Leeds United,Liverpool,1,6,A,1474.4,1709.1,-234.7,16,8,-8,30,29,1,3,1,5,1.4,2.0,2.8,0.0,5,1.0,2.0,1.4,0.4,5,1.1,1.3,2.0,0.1,10,1.5,1.6,1.0,0.6,10,1.4,1.2,2.0,0.2,5,1.0,0.6,1.0,0.6,5,0.99127983555795,0.4985142991235136,1.345746027522846,0.4281056406623451,0.1250632361169827,0.1297928672596754
2022-23,32,2022-23_GW32_Arsenal_vs_Southampton,Arsenal,Southampton,0.7773,0.6146,1.2722,62.9,133.3,0.7955,0.3042,0.3758,0.2555,0.6141,52.4,150.3,0.7351,0.1964,0.40149999999999997,0.35910000000000003,0.6581,10.5,2023-04-21,Arsenal,Southampton,3,3,D,1729.5,1417.0,312.5,1,20,19,31,31,2,1,2,5,2.2,3.0,1.2,0.2,5,0.2,0.8,2.4,0.0,5,2.3,2.8,1.3,0.3,10,0.8,0.7,1.5,0.3,10,2.4,3.2,1.4,0.2,5,0.8,0.2,1.0,0.4,5,1.580820993734425,0.4123935919430699,0.7310137022343949,0.4536351382632599,0.1260785374769475,0.1222136201294165
2022-23,32,2022-23_GW32_Liverpool_vs_Nottingham Forest,Liverpool,Nottingham Forest,0.7835,0.4435,1.193,79.1,117.9,0.7332,0.2428,0.3161,0.2891,0.5128,51.0,172.4,0.7012,0.3322,0.4674,0.15439999999999998,0.6802,28.099999999999994,2023-04-22,Liverpool,Nottingham Forest,3,2,H,1715.4,1455.1,260.3,8,18,10,30,31,0,1,0,1,1.0,1.8,1.6,0.2,5,0.2,0.6,1.8,0.0,5,1.8,2.2,0.8,0.6,10,0.3,0.7,2.1,0.0,10,2.2,2.6,0.4,0.8,5,0.0,0.4,2.6,0.0,5,1.3839107574216758,0.4274184645256538,0.7330839555219458,0.36737950016337,0.1259646097008663,0.1352705288908493
2022-23,32,2022-23_GW32_Leicester City_vs_Wolverhampton Wanderers,Leicester City,Wolverhampton Wanderers,0.4599,0.2287,0.6547,60.1,116.2,0.7001,0.2778,0.3705,0.1708,0.5283,52.7,145.4,0.7529,0.3237,0.08939999999999998,0.05789999999999998,0.12639999999999996,7.399999999999999,2023-04-22,Leicester City,Wolverhampton Wanderers,2,1,H,1474.3,1507.5,-33.1,19,13,-6,31,31,3,1,1,5,0.2,0.8,1.8,0.0,5,1.4,1.4,1.4,0.4,5,0.4,0.9,1.8,0.0,10,1.4,1.1,1.2,0.3,10,0.6,1.2,1.6,0.0,5,1.0,1.0,1.4,0.0,5,0.8991906665724211,0.5023953734774947,0.770876176454072,0.4178426539454921,0.1211765440236827,0.1255419108873527
2022-23,32,2022-23_GW32_Brentford_vs_Aston Villa,Brentford,Aston Villa,0.6854,0.3577,0.9561,56.7,116.4,0.7937,0.3045,0.5649,0.4088,0.8858,55.4,149.7,0.8247,0.2439,0.12050000000000005,-0.05109999999999998,0.07029999999999992,1.3000000000000043,2023-04-22,Brentford,Aston Villa,1,1,D,1539.8,1577.4,-37.6,9,7,-2,31,31,1,1,1,3,0.4,1.0,1.8,0.0,5,3.0,2.4,0.2,0.8,5,1.0,1.2,1.4,0.1,10,2.2,1.9,0.9,0.6,10,1.6,1.8,1.2,0.2,5,2.0,1.6,1.0,0.4,5,1.2845251493858698,0.4244056817580607,1.065407338547172,0.3871887020769,0.1220327347621373,0.1237933523369877
2022-23,32,2022-23_GW32_Fulham_vs_Leeds United,Fulham,Leeds United,0.3108,0.2295,0.5023,52.2,143.0,0.7502,0.2209,0.422,0.2856,0.6054,56.6,134.7,0.7388,0.2109,-0.11119999999999997,-0.05610000000000001,-0.10310000000000008,-4.399999999999999,2023-04-22,Fulham,Leeds United,2,1,H,1477.7,1468.1,9.7,10,16,6,30,31,1,2,0,3,0.6,1.2,2.0,0.0,5,1.2,1.8,3.6,0.0,5,1.1,1.0,1.2,0.3,10,1.0,1.2,2.4,0.1,10,0.8,0.6,1.2,0.2,5,0.8,1.4,2.0,0.0,5,0.8025316694364162,0.3749077460665376,0.9911966968611832,0.5130123440094447,0.1398738491710122,0.1215986098806674
2022-23,32,2022-23_GW32_Crystal Palace_vs_Everton,Crystal Palace,Everton,0.2865,0.2222,0.4469,53.0,125.7,0.7157,0.2507,0.3909,0.2828,0.6287,50.4,144.4,0.7694,0.2349,-0.10440000000000005,-0.06059999999999999,-0.18180000000000002,2.6000000000000014,2023-04-22,Crystal Palace,Everton,0,0,D,1530.0,1457.7,72.3,12,18,6,31,31,1,3,1,5,1.8,2.0,1.4,0.2,5,1.0,1.0,1.6,0.2,5,1.2,1.2,1.1,0.2,10,0.9,0.8,1.8,0.2,10,1.2,0.6,0.6,0.4,5,0.4,0.8,2.4,0.0,5,0.8840550613653066,0.3973066746622125,0.9341394695058453,0.5082532072107228,0.1221322217141409,0.1229612796475036
2022-23,32,2022-23_GW32_Bournemouth_vs_West Ham United,Bournemouth,West Ham United,0.5593,0.2713,0.6771,51.4,140.6,0.7522,0.2527,0.5296,0.2464,0.7,60.1,104.8,0.7012,0.32,0.02970000000000006,0.024899999999999978,-0.02289999999999992,-8.700000000000003,2023-04-23,Bournemouth,West Ham United,0,4,A,1464.3,1515.1,-50.7,14,15,1,31,30,2,2,1,5,1.8,1.2,1.6,0.2,5,1.6,1.2,1.6,0.4,5,1.6,1.2,1.6,0.3,10,1.3,1.2,1.6,0.3,10,1.4,1.0,1.6,0.2,5,0.8,0.4,1.6,0.2,5,1.2045106923665128,0.4130289260924213,1.014579991638832,0.518641399600053,0.1352705288908493,0.1251677431991721
2022-23,32,2022-23_GW32_Newcastle United_vs_Tottenham,Newcastle United,Tottenham,0.5785,0.4043,0.7693,56.9,119.9,0.7951,0.283,0.5687,0.3947,0.9089,71.1,132.7,0.7768,0.2178,0.009800000000000031,0.009599999999999997,-0.13960000000000006,-14.199999999999996,2023-04-23,Newcastle United,Tottenham,6,1,H,1639.7,1630.9,8.9,4,5,1,30,31,1,2,2,5,2.4,2.2,1.2,0.2,5,1.6,2.2,1.8,0.0,5,1.7,1.5,1.3,0.1,10,1.7,1.7,1.4,0.3,10,2.0,1.2,0.8,0.4,5,1.0,1.2,1.8,0.2,5,1.4627677671419124,0.4080155728419506,1.0167262739703002,0.3935835243208738,0.1263173211032556,0.1228738517199853
2022-23,33,2022-23_GW33_Wolverhampton Wanderers_vs_Crystal Palace,Wolverhampton Wanderers,Crystal Palace,0.4355,0.1856,0.6067,53.3,144.7,0.7966,0.316,0.3064,0.238,0.4809,53.1,125.8,0.7328,0.2462,0.1291,-0.0524,0.12580000000000002,0.19999999999999574,2023-04-25,Wolverhampton Wanderers,Crystal Palace,2,0,H,1499.4,1525.4,-26.1,14,12,-2,32,32,1,4,0,5,1.4,1.4,1.4,0.4,5,2.0,2.0,1.2,0.4,5,1.1,1.0,1.3,0.3,10,1.2,1.1,1.0,0.3,10,1.8,1.2,1.0,0.6,5,1.2,1.6,1.4,0.2,5,0.7661321512545682,0.4398320756148358,0.8407247111622441,0.3846223723515286,0.1220404823857988,0.1188929425739094
2022-23,33,2022-23_GW33_Aston Villa_vs_Fulham,Aston Villa,Fulham,0.5694,0.4114,0.895,55.7,149.2,0.8126,0.2482,0.355,0.2331,0.553,52.5,142.7,0.7776,0.2179,0.21440000000000003,0.1783,0.34199999999999997,3.200000000000003,2023-04-25,Aston Villa,Fulham,1,0,H,1579.2,1484.7,94.5,6,9,3,32,31,2,1,0,3,2.6,2.0,0.4,0.6,5,1.2,1.2,1.6,0.0,5,2.3,1.9,0.7,0.6,10,1.4,1.2,1.2,0.3,10,2.4,2.2,0.8,0.8,5,1.4,1.4,1.2,0.4,5,1.0962473638572257,0.4138830141471356,0.8490864606784855,0.3631181611502791,0.1204263594053427,0.1352705288908493
2022-23,33,2022-23_GW33_Leeds United_vs_Leicester City,Leeds United,Leicester City,0.3981,0.2481,0.5508,56.5,134.7,0.7043,0.2063,0.4223,0.1958,0.5934,59.2,117.0,0.6574,0.2721,-0.0242,0.052299999999999985,-0.04260000000000008,-2.700000000000003,2023-04-25,Leeds United,Leicester City,1,1,D,1461.2,1482.4,-21.3,16,17,1,32,32,1,3,1,5,0.6,1.2,3.6,0.0,5,0.6,1.0,1.8,0.0,5,1.0,1.3,2.4,0.1,10,0.4,0.7,1.8,0.0,10,1.4,1.4,2.8,0.2,5,0.2,0.6,2.0,0.0,5,0.9611051653876024,0.5115545549992514,0.982854556687833,0.4875627872956204,0.1184003567678047,0.1180107408759704
2022-23,33,2022-23_GW33_Manchester City_vs_Arsenal,Manchester City,Arsenal,0.8899,0.5692,1.3533,78.6,112.0,0.7429,0.2394,0.8035,0.6245,1.3148,63.0,133.4,0.7974,0.2858,0.08640000000000003,-0.055300000000000016,0.03849999999999998,15.599999999999994,2023-04-26,Manchester City,Arsenal,4,1,H,1822.1,1721.2,100.9,2,1,-1,30,32,5,0,0,5,3.0,2.8,0.6,0.4,5,1.8,3.0,1.8,0.0,5,2.5,2.5,0.8,0.2,10,2.4,3.0,1.3,0.3,10,3.0,3.0,0.6,0.4,5,2.2,2.4,1.2,0.4,5,1.6441236720568408,0.3325274501155172,1.61550945282378,0.4153771919387587,0.1300175249820241,0.1225358511625594
2022-23,33,2022-23_GW33_Nottingham Forest_vs_Brighton and Hove Albion,Nottingham Forest,Brighton and Hove Albion,0.2942,0.2662,0.4785,51.1,172.2,0.7108,0.3252,0.7932,0.5544,1.0665,53.9,139.9,0.781,0.269,-0.499,-0.2882,-0.5880000000000001,-2.799999999999997,2023-04-26,Nottingham Forest,Brighton and Hove Albion,3,1,H,1452.9,1591.4,-138.5,19,8,-11,32,29,0,0,1,1,0.2,0.8,2.0,0.0,5,2.0,1.8,1.2,0.4,5,0.3,0.9,2.2,0.0,10,1.8,1.7,1.0,0.4,10,0.6,1.0,1.6,0.0,5,1.6,1.6,1.2,0.2,5,0.723684799148072,0.3868503219552424,1.8030083687695864,0.3777738233799851,0.1310211286925778,0.1320146364830189
2022-23,33,2022-23_GW33_Chelsea_vs_Brentford,Chelsea,Brentford,0.6516,0.4154,0.8711,61.1,189.3,0.6681,0.1875,0.758,0.3768,1.0459,57.9,115.1,0.8071,0.3274,-0.10640000000000005,0.03859999999999997,-0.17480000000000007,3.200000000000003,2023-04-26,Chelsea,Brentford,0,2,A,1574.1,1538.1,36.0,11,10,-1,31,32,1,1,1,3,0.4,0.6,1.4,0.2,5,0.4,1.0,1.8,0.0,5,0.9,0.8,1.2,0.2,10,1.0,1.2,1.4,0.1,10,1.0,0.8,1.2,0.4,5,0.8,1.0,1.4,0.2,5,1.2214868294688084,0.3618415522593452,1.343736301837367,0.4372479789351849,0.1230637813556284,0.1188011045422627
2022-23,33,2022-23_GW33_West Ham United_vs_Liverpool,West Ham United,Liverpool,0.5803,0.2924,0.7891,58.5,106.4,0.7379,0.2936,0.8739,0.5172,1.3554,75.7,121.7,0.7585,0.2357,-0.29359999999999997,-0.2248,-0.5662999999999999,-17.200000000000003,2023-04-26,West Ham United,Liverpool,1,2,A,1526.5,1717.7,-191.2,14,7,-7,31,31,1,4,0,5,2.0,1.8,1.4,0.6,5,1.6,2.4,1.8,0.2,5,1.5,1.5,1.5,0.4,10,1.8,2.3,1.0,0.5,10,1.6,1.8,1.6,0.4,5,1.0,1.4,1.2,0.4,5,1.0782932374354264,0.5100888009417802,1.443561464693329,0.4166928320796692,0.1216950820765496,0.1224306825701515
2022-23,33,2022-23_GW33_Southampton_vs_Bournemouth,Southampton,Bournemouth,0.4056,0.2742,0.663,52.4,150.2,0.7567,0.2038,0.5167,0.2796,0.6508,51.5,140.5,0.7591,0.2429,-0.11110000000000003,-0.005400000000000016,0.012199999999999989,0.8999999999999986,2023-04-27,Southampton,Bournemouth,0,1,A,1425.3,1452.9,-27.6,20,15,-5,32,32,2,1,2,5,0.4,1.4,2.6,0.0,5,1.8,1.2,1.8,0.2,5,0.9,0.9,1.6,0.3,10,1.5,1.1,1.9,0.3,10,0.8,1.0,2.2,0.2,5,1.8,1.4,1.6,0.4,5,0.7660875412498737,0.4781050028329678,1.1661153546015193,0.4256026188108505,0.1189680827816203,0.1310211286925778
2022-23,33,2022-23_GW33_Tottenham_vs_Manchester United,Tottenham,Manchester United,0.5746,0.3892,0.9099,71.0,132.2,0.7956,0.2231,0.6626,0.4247,1.0008,64.8,141.9,0.649,0.2481,-0.08799999999999997,-0.03550000000000003,-0.09089999999999987,6.200000000000003,2023-04-27,Tottenham,Manchester United,2,2,D,1623.9,1668.5,-44.6,7,4,-3,32,30,1,4,0,5,1.0,1.8,2.8,0.0,5,2.0,1.0,0.4,0.8,5,1.4,1.7,2.0,0.2,10,2.0,1.4,1.2,0.6,10,2.4,2.2,1.0,0.4,5,1.2,1.2,2.4,0.4,5,0.9940208974686716,0.4427391525563227,1.561464625848883,0.3898744555266239,0.1195775533552752,0.1303081853043634
2022-23,33,2022-23_GW33_Everton_vs_Newcastle United,Everton,Newcastle United,0.3538,0.2665,0.5797,50.3,143.4,0.705,0.2533,0.6811,0.4441,0.9045,56.9,119.9,0.8229,0.2604,-0.32730000000000004,-0.17759999999999998,-0.3248,-6.600000000000001,2023-04-27,Everton,Newcastle United,1,4,A,1462.3,1646.7,-184.4,19,4,-15,32,31,1,4,0,5,0.6,0.8,1.6,0.2,5,2.4,3.0,1.2,0.2,5,1.0,0.8,1.6,0.3,10,1.9,2.0,1.3,0.1,10,1.4,0.8,1.2,0.4,5,1.8,1.8,1.6,0.0,5,0.879750255402451,0.4835107424865716,1.568010893728753,0.4046878359981762,0.119658259504298,0.1227562762312539
2022-23,34,2022-23_GW34_Brentford_vs_Nottingham Forest,Brentford,Nottingham Forest,0.7217,0.3606,1.0019,57.8,115.1,0.7845,0.3176,0.378,0.2794,0.5786,51.1,172.1,0.7347,0.309,0.3437,0.0812,0.4233,6.699999999999996,2023-04-29,Brentford,Nottingham Forest,2,1,H,1551.8,1464.0,87.8,9,17,8,33,33,0,0,1,1,0.8,0.8,1.2,0.2,5,0.6,1.2,2.0,0.0,5,1.2,1.3,1.3,0.2,10,0.5,1.1,2.2,0.0,10,1.2,1.4,1.4,0.0,5,0.0,0.8,2.8,0.0,5,1.2880824538473594,0.4339905703057253,0.837169342651259,0.3950603322669784,0.1158179338608195,0.1270984379072148
2022-23,34,2022-23_GW34_Brighton and Hove Albion_vs_Wolverhampton Wanderers,Brighton and Hove Albion,Wolverhampton Wanderers,0.7998,0.5675,1.0941,53.8,139.0,0.7812,0.2473,0.4292,0.1757,0.5918,54.0,143.9,0.8056,0.3128,0.37059999999999993,0.39180000000000004,0.5023000000000001,-0.20000000000000284,2023-04-29,Brighton and Hove Albion,Wolverhampton Wanderers,6,0,H,1580.3,1507.3,73.0,9,13,4,30,33,2,2,1,5,1.4,1.8,1.8,0.2,5,2.0,1.4,0.6,0.6,5,1.5,1.7,1.3,0.3,10,1.4,1.2,1.2,0.4,10,2.0,1.8,0.8,0.6,5,0.4,0.8,1.6,0.0,5,1.783119221348466,0.4065721776267262,0.7929082658176871,0.4254459819381008,0.1280155611888334,0.1188082565003103
2022-23,34,2022-23_GW34_Crystal Palace_vs_West Ham United,Crystal Palace,West Ham United,0.3026,0.2413,0.4851,53.2,125.9,0.7203,0.2365,0.5909,0.306,0.8111,58.9,106.0,0.7673,0.3,-0.2883,-0.06470000000000001,-0.32600000000000007,-5.699999999999996,2023-04-29,Crystal Palace,West Ham United,4,3,H,1517.5,1519.0,-1.5,12,15,3,33,32,1,2,2,5,2.0,1.8,0.8,0.4,5,1.4,1.8,1.8,0.4,5,1.1,1.0,1.1,0.3,10,1.4,1.5,1.6,0.4,10,1.2,0.6,0.6,0.4,5,1.4,1.2,1.4,0.4,5,0.8187885996708552,0.3919825925112946,1.0320130412937298,0.5250456855781224,0.1159027110490525,0.1184894118287954
2022-23,34,2022-23_GW34_Liverpool_vs_Tottenham,Liverpool,Tottenham,0.9064,0.5823,1.4516,76.0,121.5,0.7788,0.241,0.6302,0.4114,0.989,70.9,132.2,0.7991,0.2225,0.2762,0.17090000000000005,0.4626,5.099999999999994,2023-04-30,Liverpool,Tottenham,4,3,H,1725.1,1622.3,102.8,7,5,-2,32,33,3,0,2,5,2.2,2.6,1.2,0.2,5,1.0,1.6,2.6,0.0,5,1.8,2.3,1.1,0.4,10,1.5,1.8,1.8,0.2,10,2.6,3.2,0.8,0.6,5,0.4,1.2,3.0,0.0,5,1.4420997671508724,0.4059188012487254,1.0549174189375252,0.4564069692134836,0.1191684566688493,0.1165346864522438
2022-23,34,2022-23_GW34_Newcastle United_vs_Southampton,Newcastle United,Southampton,0.6953,0.4435,0.9298,57.1,119.9,0.8099,0.251,0.4229,0.2832,0.6896,52.3,150.2,0.7518,0.1941,0.27240000000000003,0.1603,0.24019999999999997,4.800000000000004,2023-04-30,Newcastle United,Southampton,3,1,H,1654.3,1413.2,241.1,3,20,17,32,33,3,1,1,5,2.4,3.4,1.4,0.0,5,0.2,0.8,2.2,0.0,5,2.1,2.3,1.3,0.1,10,0.6,0.8,1.7,0.2,10,2.0,2.2,1.0,0.2,5,1.0,0.8,1.0,0.4,5,1.5794951223903928,0.3940966090840911,0.735055272290057,0.4689962292080918,0.1194690174996929,0.1159720742030613
2022-23,34,2022-23_GW34_Bournemouth_vs_Leeds United,Bournemouth,Leeds United,0.5111,0.2731,0.6434,51.5,140.5,0.7537,0.2384,0.4657,0.2978,0.665,56.4,134.7,0.7313,0.2075,0.045399999999999996,-0.0247,-0.021600000000000064,-4.899999999999999,2023-04-30,Bournemouth,Leeds United,4,1,H,1465.0,1458.9,6.0,14,16,2,33,33,0,1,0,1,1.8,1.0,1.6,0.4,5,0.8,1.2,3.0,0.0,5,1.5,1.1,1.9,0.3,10,1.1,1.4,2.4,0.1,10,1.2,0.8,2.2,0.2,5,0.6,1.2,2.0,0.0,5,1.1225629024320103,0.4003925861244524,0.9873446937197444,0.5175089492120775,0.1270984379072148,0.1154479970394392
2022-23,34,2022-23_GW34_Fulham_vs_Manchester City,Fulham,Manchester City,0.3686,0.2311,0.5607,52.6,142.7,0.7836,0.2177,0.9153,0.5787,1.3902,77.8,113.0,0.7594,0.2443,-0.5467,-0.3476,-0.8295000000000001,-25.199999999999996,2023-04-30,Fulham,Manchester City,1,2,A,1479.8,1826.9,-347.1,10,2,-8,32,31,0,5,0,5,1.2,1.2,1.2,0.0,5,3.0,3.2,0.8,0.2,5,1.3,1.2,1.3,0.2,10,2.8,2.9,0.8,0.2,10,1.4,1.0,1.2,0.2,5,2.6,2.6,0.8,0.2,5,0.7741768743078612,0.3550342341277929,1.6234296256806715,0.3240137681660867,0.1310211286925778,0.1261719949167084
2022-23,34,2022-23_GW34_Manchester United_vs_Aston Villa,Manchester United,Aston Villa,0.6871,0.4276,1.0466,66.6,138.7,0.6674,0.2519,0.5866,0.4221,0.9238,56.1,148.8,0.8363,0.2466,0.10050000000000003,0.005500000000000005,0.12280000000000002,10.499999999999993,2023-04-30,Manchester United,Aston Villa,1,0,H,1670.1,1584.1,86.0,4,7,3,31,33,2,2,1,5,2.0,1.4,0.8,0.6,5,2.6,1.8,0.4,0.6,5,1.8,1.4,1.3,0.6,10,2.6,1.8,0.3,0.7,10,2.2,1.6,0.4,0.8,5,2.2,1.6,0.6,0.4,5,1.556293698806295,0.4075472219302101,1.0606179851818744,0.3902895824331732,0.1264403082115058,0.1173182331919729
2022-23,34,2022-23_GW34_Leicester City_vs_Everton,Leicester City,Everton,0.4854,0.2325,0.7009,58.3,117.7,0.6626,0.2752,0.4074,0.2926,0.6536,51.4,142.3,0.7718,0.2474,0.07800000000000001,-0.060100000000000015,0.04730000000000001,6.899999999999999,2023-05-01,Leicester City,Everton,2,2,D,1484.7,1454.7,30.0,18,19,1,33,33,1,2,2,5,0.8,1.0,1.6,0.0,5,0.4,0.6,2.0,0.2,5,0.5,0.8,1.6,0.0,10,0.7,0.8,2.0,0.2,10,0.6,0.8,1.6,0.0,5,0.6,0.8,2.0,0.2,5,1.0332288014632034,0.4907827656232559,0.845943891412994,0.4977340985099502,0.115088336240875,0.1166091876176607
2022-23,34,2022-23_GW34_Arsenal_vs_Chelsea,Arsenal,Chelsea,0.8145,0.6138,1.3162,64.4,131.9,0.8218,0.2837,0.4565,0.3774,0.6862,63.9,185.9,0.61,0.1762,0.358,0.2364,0.63,0.5000000000000071,2023-05-02,Arsenal,Chelsea,3,1,H,1716.4,1560.4,156.1,2,12,10,33,32,4,1,0,5,1.2,2.4,2.4,0.0,5,0.2,0.2,1.4,0.2,5,2.1,2.7,1.5,0.3,10,0.8,0.7,1.3,0.2,10,2.6,3.6,1.4,0.2,5,1.0,0.8,1.0,0.2,5,1.4905279559677596,0.4313487242281475,1.188338106710371,0.3627701988831152,0.1192655395156276,0.1197528805066006
2022-23,34,2022-23_GW34_Liverpool_vs_Fulham,Liverpool,Fulham,0.9064,0.5823,1.4516,76.0,121.5,0.7788,0.241,0.3686,0.2311,0.5607,52.6,142.7,0.7836,0.2177,0.5378000000000001,0.35120000000000007,0.8909,23.4,2023-05-03,Liverpool,Fulham,1,0,H,1729.8,1475.9,253.9,5,10,5,33,33,2,1,2,5,2.6,3.4,1.8,0.0,5,1.2,1.2,1.2,0.0,5,2.0,2.7,1.4,0.3,10,1.0,1.1,1.5,0.1,10,2.6,3.6,1.4,0.4,5,1.2,1.4,1.4,0.2,5,1.442614310634134,0.4055082948204138,0.7739299493265144,0.3552871074879963,0.1191684566688493,0.1310211286925778
2022-23,34,2022-23_GW34_Manchester City_vs_West Ham United,Manchester City,West Ham United,0.9153,0.5787,1.3902,77.8,113.0,0.7594,0.2443,0.5909,0.306,0.8111,58.9,106.0,0.7673,0.3,0.3244,0.2727,0.5791000000000001,18.9,2023-05-03,Manchester City,West Ham United,3,0,H,1830.8,1511.8,319.0,2,15,13,32,33,3,0,2,5,3.0,3.4,1.0,0.0,5,1.4,2.2,1.6,0.4,5,2.8,2.8,0.8,0.2,10,1.4,1.8,1.8,0.4,10,3.0,3.2,0.8,0.2,5,1.2,1.6,2.0,0.4,5,1.6238027980554093,0.3237420172873534,1.0311857670254012,0.5258595533264829,0.1261719949167084,0.1184894118287954
2022-23,34,2022-23_GW34_Brighton and Hove Albion_vs_Manchester United,Brighton and Hove Albion,Manchester United,0.7998,0.5675,1.0941,53.8,139.0,0.7812,0.2473,0.6871,0.4276,1.0466,66.6,138.7,0.6674,0.2519,0.11269999999999991,0.13990000000000002,0.0475000000000001,-12.799999999999997,2023-05-04,Brighton and Hove Albion,Manchester United,1,0,H,1585.7,1675.2,-89.5,8,4,-4,31,32,2,3,0,5,1.8,2.4,1.2,0.4,5,2.6,1.6,0.4,0.8,5,1.7,2.2,1.2,0.4,10,2.0,1.3,1.1,0.7,10,2.0,2.8,0.8,0.6,5,1.4,1.2,2.2,0.4,5,1.7836884010948684,0.4060499894922256,1.556785550330699,0.4071340481782362,0.1280155611888334,0.1264403082115058
2022-23,35,2022-23_GW35_Bournemouth_vs_Chelsea,Bournemouth,Chelsea,0.5571,0.2957,0.7149,52.5,139.4,0.7601,0.2254,0.4742,0.38,0.7022,65.6,183.9,0.6312,0.1746,0.08290000000000003,-0.08429999999999999,0.012699999999999934,-13.099999999999994,2023-05-06,Bournemouth,Chelsea,1,3,A,1472.0,1556.6,-84.6,13,12,-1,34,33,2,2,1,5,2.4,1.8,1.4,0.4,5,0.2,0.4,1.6,0.2,5,1.8,1.4,1.6,0.3,10,0.8,0.8,1.5,0.2,10,1.8,1.4,1.6,0.2,5,0.8,1.0,1.6,0.0,5,1.1549728751588375,0.4004210009771589,1.1270761725421583,0.3808984019200913,0.1234773379214259,0.1166965338115977
2022-23,35,2022-23_GW35_Manchester City_vs_Leeds United,Manchester City,Leeds United,1.0216,0.5554,1.4914,73.3,117.8,0.7596,0.2447,0.4917,0.3227,0.7173,56.2,134.8,0.7214,0.2048,0.5299,0.23270000000000002,0.7741,17.099999999999994,2023-05-06,Manchester City,Leeds United,2,1,H,1832.4,1451.9,380.5,1,17,16,33,34,3,1,1,5,3.0,3.2,0.8,0.2,5,0.2,1.0,3.6,0.0,5,2.8,2.8,0.7,0.3,10,0.8,1.4,2.8,0.0,10,3.0,3.2,0.6,0.4,5,0.6,1.4,2.6,0.0,5,1.961392638244628,0.3002149545441956,1.0087595519213075,0.521172712467755,0.1193451786924525,0.1127226255137714
2022-23,35,2022-23_GW35_Tottenham_vs_Crystal Palace,Tottenham,Crystal Palace,0.6714,0.4477,1.0671,69.0,133.7,0.8077,0.2227,0.3527,0.2692,0.5613,55.2,123.6,0.7454,0.228,0.3187,0.1785,0.5057999999999999,13.799999999999997,2023-05-06,Tottenham,Crystal Palace,1,0,H,1617.6,1524.8,92.8,7,12,5,34,34,3,1,1,5,0.8,2.0,3.2,0.0,5,2.0,2.2,1.2,0.4,5,1.2,1.9,2.2,0.1,10,1.3,1.4,1.4,0.2,10,2.0,2.2,1.4,0.2,5,1.2,1.6,1.6,0.2,5,1.0916004530790968,0.4727871609272052,0.8912182948309165,0.4065848631184294,0.1137257662741766,0.1131423794489764
2022-23,35,2022-23_GW35_Wolverhampton Wanderers_vs_Aston Villa,Wolverhampton Wanderers,Aston Villa,0.3439,0.1549,0.4893,53.4,144.3,0.8132,0.3063,0.5924,0.4223,0.9309,56.1,148.7,0.8581,0.2472,-0.24850000000000005,-0.26739999999999997,-0.44159999999999994,-2.700000000000003,2023-05-06,Wolverhampton Wanderers,Aston Villa,1,0,H,1501.9,1579.0,-77.1,14,8,-6,34,34,2,1,2,5,1.8,1.2,1.6,0.6,5,2.0,1.4,0.4,0.6,5,1.3,1.1,1.7,0.4,10,2.3,1.6,0.4,0.6,10,2.4,1.6,0.8,0.8,5,1.6,1.2,0.8,0.2,5,0.7719843588945434,0.4627881613388001,1.001667789191631,0.38907666123257,0.1158245359502018,0.1144490710777785
2022-23,35,2022-23_GW35_Liverpool_vs_Brentford,Liverpool,Brentford,0.8607,0.5839,1.4092,76.2,121.5,0.7768,0.2327,0.736,0.3477,1.002,57.1,115.4,0.7731,0.2933,0.12470000000000003,0.23619999999999997,0.4072,19.1,2023-05-06,Liverpool,Brentford,1,0,H,1732.1,1556.9,175.3,5,9,4,34,34,1,1,1,3,3.0,3.2,1.4,0.2,5,1.4,1.2,1.2,0.2,5,2.0,2.6,1.4,0.3,10,1.2,1.2,1.2,0.2,10,2.6,3.4,1.4,0.4,5,1.4,1.4,1.2,0.4,5,1.687727328333393,0.4094356676592446,1.2807309967308331,0.4223828657670494,0.1133771570737521,0.1130641202407178
2022-23,35,2022-23_GW35_West Ham United_vs_Manchester United,West Ham United,Manchester United,0.5772,0.2967,0.7944,58.2,106.7,0.7495,0.2891,0.7478,0.4755,1.1509,63.8,141.4,0.7057,0.2426,-0.17059999999999997,-0.17879999999999996,-0.35650000000000004,-5.599999999999994,2023-05-07,West Ham United,Manchester United,1,0,H,1510.2,1665.5,-155.3,15,4,-11,34,33,0,5,0,5,0.8,2.0,2.2,0.2,5,2.0,1.4,0.6,0.6,5,1.1,1.4,2.1,0.3,10,1.7,1.1,1.2,0.6,10,1.0,1.2,2.0,0.2,5,0.8,0.8,2.4,0.2,5,1.1312079633096577,0.5597750119634493,1.5979591133643236,0.4083676544151078,0.1127985132308706,0.1195738202001112
2022-23,35,2022-23_GW35_Newcastle United_vs_Arsenal,Newcastle United,Arsenal,0.7847,0.5148,1.0856,57.2,119.9,0.8234,0.2452,0.83,0.6336,1.3459,63.7,131.8,0.8092,0.2839,-0.04530000000000001,-0.11880000000000002,-0.2603000000000002,-6.5,2023-05-07,Newcastle United,Arsenal,0,2,A,1656.8,1720.2,-63.4,3,2,-1,33,34,1,3,1,5,2.4,3.0,1.4,0.0,5,1.2,2.2,2.4,0.0,5,2.4,2.6,1.2,0.1,10,2.1,2.9,1.6,0.2,10,2.4,2.6,1.0,0.2,5,1.6,1.8,1.6,0.4,5,1.7553399246625618,0.3887032717398841,1.48913976233505,0.4170523509801691,0.1164344952297866,0.1162466613765662
2022-23,35,2022-23_GW35_Fulham_vs_Leicester City,Fulham,Leicester City,0.3582,0.2245,0.5515,52.6,142.7,0.7691,0.2128,0.4887,0.2113,0.6839,60.8,114.9,0.6603,0.2626,-0.1305,0.013200000000000017,-0.13239999999999996,-8.199999999999996,2023-05-08,Fulham,Leicester City,5,3,H,1473.6,1481.1,-7.5,10,16,6,34,34,2,2,1,5,1.2,1.2,1.2,0.0,5,1.0,1.2,1.6,0.0,5,0.7,1.0,1.6,0.0,10,0.6,1.0,1.7,0.0,10,0.8,0.8,1.6,0.0,5,0.4,0.8,1.6,0.0,5,0.7535527517587713,0.3851911831087672,1.1649085680899254,0.5257988944235336,0.1234773379214259,0.1123906167514623
2022-23,35,2022-23_GW35_Brighton and Hove Albion_vs_Everton,Brighton and Hove Albion,Everton,0.7943,0.5111,1.0726,55.9,136.5,0.7548,0.2611,0.444,0.303,0.7034,50.1,143.1,0.7714,0.2703,0.3503,0.2081,0.3692,5.799999999999997,2023-05-08,Brighton and Hove Albion,Everton,1,5,A,1595.3,1458.2,137.1,7,19,12,32,34,2,2,1,5,1.8,2.2,1.2,0.4,5,0.4,0.8,2.2,0.2,5,2.0,2.3,1.1,0.5,10,0.8,1.0,2.0,0.2,10,2.6,3.0,0.6,0.8,5,0.8,1.2,1.6,0.2,5,2.151461226209166,0.3967055664702593,0.9923267231297708,0.5275014457897922,0.1209161622407914,0.1137945395177978
2022-23,35,2022-23_GW35_Nottingham Forest_vs_Southampton,Nottingham Forest,Southampton,0.4202,0.2733,0.623,51.8,171.4,0.7351,0.2938,0.4003,0.2871,0.6719,52.2,150.1,0.7054,0.1939,0.01990000000000003,-0.013800000000000034,-0.048900000000000055,-0.4000000000000057,2023-05-08,Nottingham Forest,Southampton,4,3,H,1458.9,1410.8,48.1,19,20,1,34,34,1,0,0,1,0.6,1.2,2.0,0.0,5,0.2,1.0,2.6,0.0,5,0.5,1.2,2.0,0.0,10,0.6,0.9,1.9,0.2,10,1.0,1.4,1.6,0.0,5,0.4,0.8,1.6,0.2,5,0.8110439325252836,0.3911302207860351,0.7292750110157354,0.5234776350794049,0.1234773379214259,0.1132064097102789
2022-23,36,2022-23_GW36_Leeds United_vs_Newcastle United,Leeds United,Newcastle United,0.4599,0.3254,0.6957,54.6,136.3,0.7178,0.1969,0.8253,0.5358,1.1393,59.9,117.3,0.8137,0.2376,-0.36540000000000006,-0.21040000000000003,-0.4436,-5.299999999999997,2023-05-13,Leeds United,Newcastle United,2,2,D,1450.7,1645.7,-195.0,19,3,-16,35,34,2,1,2,5,0.2,1.0,3.0,0.0,5,1.8,2.6,1.6,0.0,5,0.8,1.5,2.9,0.0,10,2.4,2.6,1.2,0.1,10,1.0,1.4,3.0,0.0,5,2.4,2.6,1.4,0.0,5,0.934102045591864,0.5328030256718294,1.6683756800452294,0.3929760098818555,0.1102067905084507,0.113633278118962
2022-23,36,2022-23_GW36_Aston Villa_vs_Tottenham,Aston Villa,Tottenham,0.6388,0.438,0.9938,56.0,148.7,0.8649,0.2354,0.6755,0.4613,1.0878,69.0,133.7,0.7968,0.2213,-0.036699999999999955,-0.023299999999999987,-0.09400000000000008,-13.0,2023-05-13,Aston Villa,Tottenham,2,1,H,1569.7,1622.5,-52.9,8,6,-2,35,35,2,3,0,5,1.4,1.0,0.6,0.4,5,0.8,1.8,3.0,0.2,5,2.0,1.5,0.5,0.5,10,1.2,1.8,2.2,0.1,10,3.0,2.0,0.0,1.0,5,0.4,1.6,3.0,0.0,5,1.0152164474555911,0.3798648887932971,1.0533998438900842,0.4489387209560831,0.1118005006297324,0.1111328061421075
2022-23,36,2022-23_GW36_Chelsea_vs_Nottingham Forest,Chelsea,Nottingham Forest,0.5108,0.399,0.7563,63.4,186.1,0.6245,0.1724,0.4847,0.2997,0.7167,52.2,170.9,0.7493,0.2785,0.026100000000000012,0.0993,0.03959999999999997,11.199999999999996,2023-05-13,Chelsea,Nottingham Forest,2,2,D,1567.1,1464.9,102.2,11,16,5,34,35,0,0,1,1,0.6,1.0,1.8,0.0,5,1.2,2.0,2.2,0.0,5,1.1,1.1,1.4,0.2,10,0.7,1.4,2.1,0.0,10,0.4,0.6,1.6,0.2,5,0.0,1.0,2.4,0.0,5,1.118084865996562,0.3809610287374537,0.8654697089689382,0.4131406140368633,0.1138751702172157,0.1201346413326438
2022-23,36,2022-23_GW36_Crystal Palace_vs_Bournemouth,Crystal Palace,Bournemouth,0.3572,0.2781,0.5752,55.2,123.6,0.7793,0.2283,0.597,0.3528,0.813,52.7,139.1,0.7841,0.2412,-0.23979999999999996,-0.07469999999999999,-0.2377999999999999,2.5,2023-05-13,Crystal Palace,Bournemouth,2,0,H,1519.8,1461.6,58.2,12,14,2,35,35,4,1,0,5,1.4,1.2,1.2,0.4,5,1.8,1.8,2.0,0.2,5,1.3,1.4,1.4,0.2,10,1.8,1.3,1.6,0.3,10,1.6,1.2,1.0,0.4,5,1.8,1.4,1.6,0.4,5,0.8394586543912894,0.4019236586995559,1.130418984307706,0.3961567913039045,0.1105942722274986,0.1201346413326438
2022-23,36,2022-23_GW36_Manchester United_vs_Wolverhampton Wanderers,Manchester United,Wolverhampton Wanderers,0.7661,0.5055,1.2027,65.3,139.9,0.7171,0.2451,0.3636,0.1569,0.51,53.4,144.2,0.8244,0.303,0.4025,0.3485999999999999,0.6927000000000001,11.899999999999999,2023-05-13,Manchester United,Wolverhampton Wanderers,2,0,H,1653.9,1511.2,142.7,4,13,9,34,35,4,1,0,5,1.4,1.0,0.8,0.4,5,1.8,1.2,1.6,0.6,5,1.4,0.8,1.3,0.5,10,1.6,1.2,1.5,0.5,10,2.6,1.4,0.0,1.0,5,0.2,0.6,2.6,0.0,5,1.5221915118814322,0.4073169071557547,0.7548373847221808,0.4615787551666494,0.1165312403156883,0.113070214737347
2022-23,36,2022-23_GW36_Southampton_vs_Fulham,Southampton,Fulham,0.4607,0.3013,0.7486,53.0,149.0,0.6966,0.1935,0.3113,0.2089,0.4994,53.3,141.9,0.7232,0.1961,0.14939999999999998,0.09240000000000001,0.24920000000000003,-0.29999999999999716,2023-05-13,Southampton,Fulham,0,2,A,1404.8,1481.0,-76.2,20,10,-10,35,35,2,2,1,5,0.2,1.4,2.6,0.0,5,1.2,1.6,1.6,0.0,5,0.3,1.1,2.3,0.1,10,0.9,1.4,1.8,0.0,10,0.2,0.8,2.4,0.0,5,0.6,1.2,1.6,0.0,5,0.8807042101762962,0.5236361671444781,0.8058277176862965,0.409081816099125,0.1106533796083703,0.1201346413326438
2022-23,36,2022-23_GW36_Brentford_vs_West Ham United,Brentford,West Ham United,0.7137,0.3406,0.9776,56.9,115.4,0.7786,0.2915,0.5998,0.3026,0.8302,58.8,106.1,0.7518,0.2855,0.1139,0.038000000000000034,0.14739999999999998,-1.8999999999999986,2023-05-14,Brentford,West Ham United,2,0,H,1553.4,1521.7,31.7,10,15,5,35,35,3,0,0,3,1.4,1.0,1.0,0.2,5,1.2,1.8,1.8,0.4,5,1.2,1.2,1.2,0.2,10,1.4,1.5,1.7,0.4,10,1.6,1.6,1.4,0.0,5,1.2,1.6,2.2,0.4,5,1.1748333019174817,0.4385837415099983,1.11619505749862,0.5480759811408825,0.1105220298730998,0.110276843700595
2022-23,36,2022-23_GW36_Everton_vs_Manchester City,Everton,Manchester City,0.4781,0.3219,0.7613,53.7,139.5,0.7594,0.2627,1.0901,0.6222,1.6157,79.1,111.9,0.7322,0.2406,-0.6120000000000001,-0.30029999999999996,-0.8543999999999999,-25.39999999999999,2023-05-14,Everton,Manchester City,0,3,A,1474.2,1833.6,-359.4,17,1,-16,35,34,0,4,1,5,1.0,1.8,2.0,0.2,5,3.0,2.8,0.8,0.2,5,1.1,1.5,1.7,0.2,10,3.0,2.9,0.7,0.3,10,0.8,0.8,2.0,0.2,5,2.6,2.4,0.8,0.2,5,1.0557991471008443,0.5488923518144863,1.9342989750016044,0.2895577274496413,0.1111962918474883,0.1163201776025061
2022-23,36,2022-23_GW36_Arsenal_vs_Brighton and Hove Albion,Arsenal,Brighton and Hove Albion,0.846,0.619,1.3485,63.4,131.7,0.8104,0.2824,0.8874,0.5339,1.1964,56.0,136.6,0.749,0.2512,-0.04139999999999999,0.08509999999999995,0.15210000000000012,7.399999999999999,2023-05-14,Arsenal,Brighton and Hove Albion,0,3,A,1731.2,1579.4,151.8,2,8,6,35,33,3,1,1,5,1.6,2.2,2.0,0.2,5,1.8,2.2,1.8,0.4,5,2.1,2.7,1.6,0.2,10,1.7,2.0,1.6,0.4,10,2.6,3.4,1.6,0.0,5,1.4,1.6,1.6,0.2,5,1.427686903840057,0.4155495962838407,2.164778075894831,0.4184797619764316,0.1134598856186494,0.1177703781958822
2022-23,36,2022-23_GW36_Leicester City_vs_Liverpool,Leicester City,Liverpool,0.4997,0.2188,0.7024,60.0,115.5,0.6844,0.264,0.9383,0.6185,1.5219,76.2,121.5,0.793,0.2302,-0.43860000000000005,-0.39970000000000006,-0.8195,-16.200000000000003,2023-05-15,Leicester City,Liverpool,0,3,A,1473.7,1735.5,-261.8,19,5,-14,35,35,2,3,0,5,1.0,1.8,2.4,0.0,5,3.0,2.2,1.2,0.4,5,0.6,1.3,2.1,0.0,10,2.0,2.0,1.4,0.3,10,0.8,1.2,1.8,0.0,5,1.4,1.8,1.4,0.2,5,1.2658670667730727,0.5253609607726386,1.6628939641451417,0.3880276110103937,0.1099003077928196,0.1108109992906949
2022-23,36,2022-23_GW36_Newcastle United_vs_Brighton and Hove Albion,Newcastle United,Brighton and Hove Albion,0.8253,0.5358,1.1393,59.9,117.3,0.8137,0.2376,0.8874,0.5339,1.1964,56.0,136.6,0.749,0.2512,-0.06209999999999993,0.0019000000000000128,-0.05709999999999993,3.8999999999999986,2023-05-18,Newcastle United,Brighton and Hove Albion,4,1,H,1643.1,1595.6,47.4,3,6,3,35,34,1,2,2,5,2.0,3.0,1.4,0.0,5,1.8,2.4,1.6,0.6,5,2.2,2.6,1.3,0.1,10,1.9,2.1,1.4,0.5,10,2.4,2.6,1.0,0.2,5,1.8,1.8,1.2,0.4,5,1.668092270244255,0.3932206620944207,2.166471841526008,0.4169328471512568,0.113633278118962,0.1177703781958822
2022-23,37,2022-23_GW37_Tottenham_vs_Brentford,Tottenham,Brentford,0.6865,0.4447,1.0846,65.9,136.8,0.7944,0.2377,0.733,0.3607,1.0199,56.5,115.4,0.7964,0.2747,-0.046499999999999986,0.08399999999999996,0.06469999999999998,9.400000000000006,2023-05-20,Tottenham,Brentford,1,3,A,1613.9,1559.8,54.1,7,9,2,36,36,1,0,2,3,0.8,1.6,2.8,0.2,5,2.0,1.4,0.6,0.4,5,1.2,1.9,2.3,0.1,10,1.2,1.2,1.2,0.2,10,2.0,2.0,1.4,0.2,5,0.8,1.0,1.4,0.2,5,1.0486797383862476,0.4435626683044769,1.3076046361795042,0.4161948206840032,0.1087392022586657,0.1081753847007597
2022-23,37,2022-23_GW37_Bournemouth_vs_Manchester United,Bournemouth,Manchester United,0.6105,0.3611,0.8379,52.7,139.0,0.7897,0.2402,0.79,0.5423,1.2676,65.6,139.9,0.7308,0.2516,-0.1795,-0.18120000000000003,-0.4297000000000001,-12.899999999999991,2023-05-20,Bournemouth,Manchester United,0,1,A,1455.8,1657.9,-202.1,14,4,-10,36,35,1,4,0,5,1.2,1.2,2.0,0.2,5,1.4,1.0,0.8,0.4,5,1.5,1.2,1.8,0.2,10,1.7,1.0,0.6,0.6,10,1.2,1.4,2.2,0.0,5,0.8,0.8,1.2,0.2,5,1.041452184931273,0.3949962471400832,1.5550829602131866,0.3877641879487355,0.1170489434705282,0.1137225850891903
2022-23,37,2022-23_GW37_Fulham_vs_Crystal Palace,Fulham,Crystal Palace,0.3398,0.2362,0.5571,53.3,141.3,0.7475,0.2185,0.3793,0.3048,0.6248,55.1,123.6,0.7967,0.2214,-0.039500000000000035,-0.06860000000000002,-0.06769999999999998,-1.8000000000000043,2023-05-20,Fulham,Crystal Palace,2,2,D,1491.7,1525.5,-33.9,10,12,2,36,36,1,3,1,5,1.2,1.6,1.4,0.2,5,1.4,1.2,1.2,0.4,5,1.2,1.4,1.5,0.1,10,1.6,1.6,1.3,0.3,10,1.2,1.6,2.0,0.0,5,1.2,1.6,1.6,0.2,5,0.8387193081934682,0.3809133000486611,0.8703770362036074,0.3861194125029483,0.1170489434705282,0.1082420727990066
2022-23,37,2022-23_GW37_Liverpool_vs_Aston Villa,Liverpool,Aston Villa,0.948,0.6527,1.5664,76.2,121.5,0.8075,0.2234,0.6633,0.4787,1.0603,55.4,149.1,0.8801,0.2309,0.28469999999999995,0.17399999999999993,0.5061,20.800000000000004,2023-05-20,Liverpool,Aston Villa,1,1,D,1741.2,1578.3,162.9,5,8,3,36,36,4,1,0,5,3.0,2.2,0.8,0.6,5,1.4,0.8,0.8,0.2,5,2.3,2.3,1.3,0.4,10,2.2,1.6,0.5,0.5,10,2.6,2.2,1.4,0.4,5,1.4,1.0,0.8,0.2,5,1.6378872487186211,0.3757294294024218,1.002789918456083,0.381542452985616,0.1084421370937475,0.1093555619545845
2022-23,37,2022-23_GW37_Wolverhampton Wanderers_vs_Everton,Wolverhampton Wanderers,Everton,0.3689,0.161,0.5186,52.8,144.8,0.8336,0.3022,0.489,0.3319,0.7882,54.9,138.2,0.7323,0.2414,-0.12009999999999998,-0.17089999999999997,-0.26960000000000006,-2.1000000000000014,2023-05-20,Wolverhampton Wanderers,Everton,1,1,D,1507.3,1470.5,36.8,13,17,4,36,36,3,2,0,5,1.2,0.8,2.0,0.4,5,1.0,1.6,2.0,0.2,5,1.3,1.1,1.7,0.4,10,1.0,1.3,1.8,0.2,10,2.4,1.6,0.8,0.8,5,1.2,1.8,1.4,0.2,5,0.7170802656332894,0.483114877195654,1.0815026228710591,0.5251019799704569,0.1105276558025612,0.1087978069510646
2022-23,37,2022-23_GW37_Nottingham Forest_vs_Arsenal,Nottingham Forest,Arsenal,0.5267,0.3177,0.7813,52.1,170.8,0.7708,0.2667,0.8412,0.5939,1.3198,64.9,130.1,0.8104,0.2801,-0.3145,-0.2762,-0.5385000000000001,-12.800000000000004,2023-05-20,Nottingham Forest,Arsenal,1,0,H,1470.1,1715.0,-244.9,16,2,-14,36,36,0,1,0,1,1.4,2.4,2.2,0.0,5,1.4,1.8,2.2,0.2,5,0.8,1.5,2.0,0.0,10,1.8,2.4,1.7,0.2,10,1.4,1.8,1.8,0.0,5,1.6,2.0,1.6,0.4,5,0.9000039644300437,0.3987368489807842,1.34721547682816,0.4263243252217758,0.1170489434705282,0.1108873673628024
2022-23,37,2022-23_GW37_West Ham United_vs_Leeds United,West Ham United,Leeds United,0.532,0.2407,0.7115,58.9,105.9,0.6933,0.2599,0.507,0.3169,0.7381,54.8,136.1,0.6908,0.1928,0.025000000000000022,-0.07620000000000002,-0.026599999999999957,4.100000000000001,2023-05-21,West Ham United,Leeds United,3,1,H,1515.4,1453.4,62.0,15,18,3,36,36,3,1,1,5,0.6,1.0,2.2,0.2,5,0.4,1.2,2.2,0.0,5,1.3,1.4,1.8,0.4,10,0.8,1.5,2.9,0.0,10,1.4,1.2,1.8,0.4,5,0.6,1.6,2.8,0.0,5,1.0300209346315643,0.596971438220039,0.997794485840391,0.5419125176490928,0.1079490493370125,0.1078843820902275
2022-23,37,2022-23_GW37_Brighton and Hove Albion_vs_Southampton,Brighton and Hove Albion,Southampton,0.8446,0.4894,1.139,55.1,136.6,0.7146,0.2515,0.4655,0.3039,0.7556,52.4,149.4,0.701,0.1872,0.3791,0.1855,0.38339999999999996,2.700000000000003,2023-05-21,Brighton and Hove Albion,Southampton,3,1,H,1589.6,1394.1,195.5,6,20,14,35,36,2,1,2,5,1.8,2.4,1.8,0.6,5,0.2,1.4,2.6,0.0,5,1.6,2.1,1.8,0.4,10,0.2,1.1,2.5,0.0,10,2.0,2.4,1.6,0.6,5,0.4,1.4,2.2,0.2,5,2.0399024767978355,0.4394189965634865,0.8195829630575477,0.5186369807872446,0.1121857931865258,0.1082966357884814
2022-23,37,2022-23_GW37_Manchester City_vs_Chelsea,Manchester City,Chelsea,1.0938,0.5914,1.5967,79.2,111.8,0.7305,0.2396,0.5177,0.4036,0.7842,66.1,183.2,0.6233,0.1706,0.5761000000000001,0.18780000000000002,0.8125,13.100000000000009,2023-05-21,Manchester City,Chelsea,1,0,H,1837.3,1561.8,275.4,1,12,11,35,35,4,1,0,5,3.0,2.8,0.6,0.4,5,0.8,1.4,2.0,0.0,5,3.0,2.8,0.6,0.4,10,0.9,1.2,1.6,0.1,10,3.0,3.2,0.8,0.2,5,1.2,1.4,1.6,0.0,5,1.795201944006283,0.3167878927663216,1.0921765208242968,0.3889191636232678,0.1135277496485391,0.1112707233641415
2022-23,37,2022-23_GW37_Newcastle United_vs_Leicester City,Newcastle United,Leicester City,0.8972,0.5108,1.2109,61.4,116.1,0.8307,0.2563,0.5178,0.2268,0.7254,59.9,115.3,0.7013,0.2656,0.37939999999999996,0.28400000000000003,0.48550000000000004,1.5,2023-05-22,Newcastle United,Leicester City,0,0,D,1649.1,1468.0,181.0,3,19,16,36,36,3,2,0,5,2.0,2.6,1.4,0.0,5,1.0,1.6,2.4,0.0,5,2.2,2.8,1.3,0.1,10,0.6,1.2,2.1,0.0,10,2.4,3.0,1.0,0.2,5,0.4,1.4,2.4,0.0,5,2.065134783097618,0.4010268763512097,1.1841141263851211,0.532133287688932,0.1086603890516466,0.1076014628855435
2022-23,37,2022-23_GW37_Brighton and Hove Albion_vs_Manchester City,Brighton and Hove Albion,Manchester City,0.8446,0.4894,1.139,55.1,136.6,0.7146,0.2515,1.0938,0.5914,1.5967,79.2,111.8,0.7305,0.2396,-0.2492000000000001,-0.10200000000000004,-0.4577,-24.1,2023-05-24,Brighton and Hove Albion,Manchester City,1,1,D,1592.7,1839.3,-246.6,6,1,-5,36,36,1,4,0,5,1.8,1.8,2.0,0.4,5,3.0,2.2,0.4,0.6,5,1.8,2.1,1.6,0.4,10,3.0,2.7,0.6,0.4,10,2.0,2.8,1.8,0.4,5,3.0,2.8,0.6,0.4,5,2.04022523701308,0.4391253069798396,1.7953914836428235,0.3166510001760453,0.1121857931865258,0.1135277496485391
2022-23,37,2022-23_GW37_Manchester United_vs_Chelsea,Manchester United,Chelsea,0.79,0.5423,1.2676,65.6,139.9,0.7308,0.2516,0.5177,0.4036,0.7842,66.1,183.2,0.6233,0.1706,0.2723,0.1387,0.48340000000000005,-0.5,2023-05-25,Manchester United,Chelsea,4,1,H,1665.0,1559.8,105.3,4,12,8,36,36,0,0,5,5,1.8,0.8,0.4,0.6,5,0.8,1.2,1.8,0.0,5,1.9,1.1,0.6,0.6,10,0.6,0.9,1.6,0.1,10,2.6,1.2,0.0,1.0,5,1.2,1.4,1.4,0.0,5,1.555762743019193,0.3871869722495276,1.091958719421226,0.389123549658934,0.1137225850891903,0.1112707233641415
2022-23,38,2022-23_GW38_Arsenal_vs_Wolverhampton Wanderers,Arsenal,Wolverhampton Wanderers,0.8172,0.5853,1.2856,63.7,131.2,0.7952,0.2765,0.3993,0.1672,0.5553,52.3,145.2,0.7564,0.289,0.41790000000000005,0.4181,0.7303000000000001,11.400000000000006,2023-05-28,Arsenal,Wolverhampton Wanderers,5,0,H,1701.1,1503.5,197.5,2,13,11,37,37,3,2,0,5,1.2,1.2,1.8,0.2,5,1.4,0.8,1.8,0.4,5,1.5,2.1,1.8,0.1,10,1.4,1.1,1.6,0.4,10,2.0,2.8,1.8,0.0,5,0.2,0.6,2.6,0.0,5,1.2624303457086377,0.4097527425940762,0.7679434190939605,0.4887893284547666,0.1085126337094519,0.1081805780882091
2022-23,38,2022-23_GW38_Aston Villa_vs_Brighton and Hove Albion,Aston Villa,Brighton and Hove Albion,0.6595,0.4342,1.0198,55.3,149.1,0.8589,0.23,0.9464,0.5265,1.2773,55.2,136.6,0.7335,0.2482,-0.28690000000000004,-0.0923,-0.25750000000000006,0.09999999999999432,2023-05-28,Aston Villa,Brighton and Hove Albion,2,1,H,1584.7,1596.7,-12.0,7,6,-1,37,37,3,1,1,5,1.4,0.8,0.8,0.2,5,1.4,1.8,2.2,0.2,5,2.0,1.4,0.6,0.4,10,1.6,2.0,1.7,0.3,10,3.0,2.2,0.2,0.8,5,1.2,1.6,2.0,0.2,5,1.006688846998835,0.3726927476869057,2.2873142407504985,0.4284747564170814,0.1070985990976426,0.107426923756849
2022-23,38,2022-23_GW38_Brentford_vs_Manchester City,Brentford,Manchester City,0.5897,0.3426,0.8703,54.5,117.3,0.7743,0.2627,0.9047,0.5135,1.3546,81.2,108.5,0.6438,0.264,-0.31499999999999995,-0.17089999999999994,-0.48430000000000006,-26.700000000000003,2023-05-28,Brentford,Manchester City,1,0,H,1574.0,1835.3,-261.3,9,1,-8,37,37,1,2,0,3,2.4,1.8,0.6,0.4,5,2.6,2.0,0.4,0.6,5,1.4,1.4,1.2,0.2,10,2.8,2.7,0.7,0.3,10,1.6,1.4,1.0,0.2,5,2.6,2.2,0.6,0.4,5,1.2714744026277884,0.42758286534136,1.826609831318764,0.3600871429730686,0.1060091581830032,0.1085704636210167
2022-23,38,2022-23_GW38_Chelsea_vs_Newcastle United,Chelsea,Newcastle United,0.4764,0.364,0.7577,62.3,184.9,0.6243,0.1797,0.9651,0.55,1.3218,60.4,117.2,0.8312,0.2558,-0.48869999999999997,-0.18600000000000005,-0.5641,1.8999999999999986,2023-05-28,Chelsea,Newcastle United,1,1,D,1555.1,1642.4,-87.3,12,4,-8,37,37,4,1,0,5,0.8,1.4,2.2,0.0,5,1.6,1.8,1.2,0.2,5,0.5,0.8,1.8,0.1,10,2.0,2.6,1.3,0.1,10,0.4,0.6,1.6,0.2,5,2.0,2.6,1.6,0.0,5,1.296544653902512,0.4452940976640757,1.9954619646661285,0.3798389881209933,0.1066471526912338,0.1064568736273755
2022-23,38,2022-23_GW38_Crystal Palace_vs_Nottingham Forest,Crystal Palace,Nottingham Forest,0.3846,0.3122,0.6395,55.5,123.3,0.7843,0.2152,0.5257,0.3151,0.7811,52.1,170.8,0.7893,0.2689,-0.14109999999999995,-0.0029000000000000137,-0.14160000000000006,3.3999999999999986,2023-05-28,Crystal Palace,Nottingham Forest,1,1,D,1527.4,1484.1,43.4,11,16,5,37,37,0,1,0,1,1.4,1.6,1.6,0.2,5,2.0,2.2,1.6,0.2,5,1.7,1.8,1.4,0.3,10,1.1,1.5,1.8,0.1,10,2.0,1.6,1.0,0.4,5,0.2,1.2,2.2,0.0,5,0.9026570769838982,0.400297658641562,0.8545661292899555,0.3771823281632434,0.1060707190566044,0.114200485333999
2022-23,38,2022-23_GW38_Everton_vs_Bournemouth,Everton,Bournemouth,0.5683,0.3861,0.92,53.7,139.2,0.7433,0.2297,0.5505,0.3287,0.7526,52.6,139.0,0.7678,0.227,0.017800000000000038,0.05740000000000001,0.1674,1.1000000000000014,2023-05-28,Everton,Bournemouth,1,0,H,1474.2,1448.7,25.5,17,15,-2,37,37,1,3,1,5,1.0,1.8,2.2,0.0,5,1.2,1.2,1.4,0.2,5,0.8,1.3,1.9,0.1,10,1.5,1.2,1.6,0.2,10,0.8,0.8,2.2,0.2,5,1.8,1.0,1.4,0.4,5,1.112916163786042,0.516621359739519,1.024548181616869,0.3931490062525869,0.1065837263366144,0.114200485333999
2022-23,38,2022-23_GW38_Leeds United_vs_Tottenham,Leeds United,Tottenham,0.5188,0.3103,0.7459,56.4,134.5,0.696,0.1912,0.6737,0.4229,1.0535,68.7,134.0,0.7598,0.2468,-0.15489999999999993,-0.11259999999999998,-0.3076000000000001,-12.300000000000004,2023-05-28,Leeds United,Tottenham,1,4,A,1447.7,1599.7,-152.0,19,9,-10,37,37,1,4,0,5,0.4,1.2,2.4,0.0,5,0.8,1.6,2.2,0.2,5,0.5,1.2,3.0,0.0,10,0.9,1.7,2.5,0.1,10,1.0,1.4,3.0,0.0,5,0.4,1.8,3.2,0.0,5,0.9671881686192187,0.5458733042182768,1.078245102326958,0.4415206350350952,0.1057405289163798,0.1065296273870861
2022-23,38,2022-23_GW38_Leicester City_vs_West Ham United,Leicester City,West Ham United,0.5046,0.1941,0.6812,61.5,113.7,0.6881,0.2625,0.4915,0.285,0.7198,55.6,109.1,0.7004,0.2416,0.013100000000000056,-0.09089999999999998,-0.03859999999999997,5.899999999999999,2023-05-28,Leicester City,West Ham United,2,1,H,1474.7,1521.0,-46.3,18,14,-4,37,37,1,3,1,5,0.6,1.2,2.2,0.2,5,1.2,1.4,2.0,0.2,5,0.6,1.1,2.0,0.1,10,1.3,1.6,1.9,0.3,10,0.8,1.0,1.8,0.0,5,1.2,1.6,1.8,0.4,5,1.0820684387794417,0.5369319454947435,1.0790725301259372,0.5748659297102771,0.1054793615738292,0.1058002243089628
2022-23,38,2022-23_GW38_Manchester United_vs_Fulham,Manchester United,Fulham,0.8652,0.5982,1.4064,65.8,139.8,0.7632,0.251,0.3484,0.2541,0.5864,52.6,142.0,0.7605,0.2349,0.5167999999999999,0.34409999999999996,0.8200000000000001,13.199999999999996,2023-05-28,Manchester United,Fulham,2,1,H,1669.7,1489.8,179.9,3,10,7,37,37,4,0,1,5,1.8,1.4,0.6,0.4,5,1.4,2.0,1.6,0.2,5,2.2,1.5,0.5,0.6,10,1.3,1.6,1.4,0.1,10,3.0,2.0,0.2,0.8,5,1.2,1.2,1.0,0.2,5,2.116089487857175,0.3963769156021883,0.8910872781507593,0.3824991503541121,0.1087364914316381,0.114200485333999
2022-23,38,2022-23_GW38_Southampton_vs_Liverpool,Southampton,Liverpool,0.454,0.3044,0.7454,52.3,149.4,0.6904,0.1896,0.8717,0.662,1.5004,76.1,121.4,0.8203,0.2232,-0.4177,-0.35760000000000003,-0.755,-23.799999999999997,2023-05-28,Southampton,Liverpool,4,4,D,1391.0,1734.8,-343.8,20,5,-15,37,37,1,4,0,5,0.0,1.0,2.6,0.0,5,2.6,2.0,0.8,0.6,5,0.2,1.2,2.6,0.0,10,2.4,2.3,1.0,0.4,10,0.2,0.8,2.4,0.0,5,2.0,2.4,1.2,0.4,5,0.7925427181833705,0.5302777094855592,1.530833981341779,0.3826182422562333,0.1061210870440963,0.106255401677408
2023-24,1,2023-24_GW1_Burnley_vs_Manchester City,Burnley,Manchester City,0.3667,0.2933,0.66,55.0,165.0,0.3,0.0455,0.3411,0.231,0.552,77.2,119.9,0.4112,0.1862,0.02560000000000001,0.062299999999999994,0.10799999999999998,-22.200000000000003,2023-08-11,Burnley,Manchester City,0,3,A,1464.7,1821.0,-356.3,1,1,0,0,0,0,5,0,5,0.8,1.0,1.6,0.0,5,2.0,1.4,0.6,0.4,5,1.4,1.2,1.3,0.2,10,2.5,2.3,0.7,0.3,10,1.8,1.6,1.4,0.4,5,2.0,2.0,0.8,0.2,5,0.9811286053685678,1.0192343740954766,1.1678174204857763,0.8562982384558284,0.66,0.329628
2023-24,1,2023-24_GW1_Newcastle United_vs_Aston Villa,Newcastle United,Aston Villa,0.3296,0.2336,0.5131,58.4,155.4,0.478,0.1636,0.3143,0.2102,0.5065,55.7,160.9,0.4715,0.1273,0.01529999999999998,0.023400000000000004,0.00660000000000005,2.6999999999999957,2023-08-12,Newcastle United,Aston Villa,5,1,H,1642.7,1592.2,50.5,3,3,0,0,0,2,2,1,5,1.2,1.4,1.2,0.2,5,1.4,1.0,1.0,0.0,5,1.8,2.2,1.3,0.1,10,2.0,1.4,0.7,0.3,10,2.0,2.6,1.0,0.2,5,1.0,0.8,1.0,0.0,5,1.0754088309759124,0.9298789178553792,1.0488782708622584,0.9533994818845122,0.305688,0.3243
2023-24,1,2023-24_GW1_Everton_vs_Fulham,Everton,Fulham,0.2331,0.1811,0.4043,51.6,125.3,0.4407,0.143,0.2141,0.1608,0.3686,51.0,132.0,0.4608,0.1554,0.01899999999999999,0.020300000000000012,0.03570000000000001,0.6000000000000014,2023-08-12,Everton,Fulham,0,1,A,1480.8,1486.5,-5.7,5,5,0,0,0,1,3,1,5,1.6,1.8,1.4,0.2,5,1.4,2.0,1.6,0.2,5,1.0,1.2,1.7,0.2,10,1.3,1.6,1.4,0.1,10,0.8,0.8,2.2,0.2,5,1.2,1.2,1.0,0.2,5,0.9897468252147844,1.0103593914362805,0.992793496555857,1.007258814113049,0.3354959999999999,0.330204
2023-24,1,2023-24_GW1_Sheffield United_vs_Crystal Palace,Sheffield United,Crystal Palace,0.375,0.3,0.675,55.0,170.0,0.3,0.0444,0.2161,0.1778,0.3776,52.6,131.0,0.4543,0.1139,0.1589,0.12219999999999998,0.29740000000000005,2.3999999999999986,2023-08-12,Sheffield United,Crystal Palace,0,1,A,1415.0,1523.5,-108.5,7,7,0,0,0,2,2,0,4,1.2,0.4,1.4,0.4,5,1.6,1.8,1.4,0.2,5,0.9,0.4,1.8,0.3,10,1.8,1.8,1.1,0.3,10,1.2,0.4,1.4,0.4,5,1.4,1.8,1.2,0.2,5,0.9544037666310772,1.047774573993847,1.0125138197774988,0.9876408405168744,0.66,0.3362159999999999
2023-24,1,2023-24_GW1_Bournemouth_vs_West Ham United,Bournemouth,West Ham United,0.2322,0.148,0.3528,53.4,146.0,0.3983,0.14,0.248,0.1579,0.3882,58.7,112.6,0.3818,0.1665,-0.01580000000000001,-0.00990000000000002,-0.03539999999999999,-5.300000000000004,2023-08-12,Bournemouth,West Ham United,1,1,D,1442.2,1512.5,-70.4,9,9,0,0,0,1,3,1,5,0.6,1.0,1.6,0.0,5,1.2,1.0,1.6,0.2,5,1.2,1.0,1.6,0.2,10,1.3,1.6,1.6,0.3,10,0.6,1.0,2.2,0.0,5,0.6,1.6,2.2,0.2,5,0.9690526772458752,1.0319356454822246,1.006661129545203,0.9933829474987154,0.357672,0.3699119999999999
2023-24,1,2023-24_GW1_Arsenal_vs_Nottingham Forest,Arsenal,Nottingham Forest,0.3593,0.2682,0.5997,60.8,148.5,0.4967,0.2023,0.3221,0.2311,0.5394,53.8,221.3,0.3761,0.1057,0.03720000000000001,0.037099999999999994,0.06030000000000002,7.0,2023-08-12,Arsenal,Nottingham Forest,2,1,H,1704.1,1488.0,216.1,11,11,0,0,0,1,1,0,2,1.8,2.0,1.0,0.4,5,1.6,1.8,1.6,0.2,5,1.5,2.2,1.7,0.2,10,1.1,1.5,1.8,0.1,10,2.0,3.0,1.6,0.2,5,0.4,1.2,2.0,0.0,5,1.107447262417205,0.9029775357585138,0.9935948635435392,1.006446426699125,0.3,0.348672
2023-24,1,2023-24_GW1_Brighton and Hove Albion_vs_Luton,Brighton and Hove Albion,Luton,0.3795,0.2885,0.6149,54.7,175.2,0.4285,0.1596,0.4083,0.3267,0.735,55.0,190.0,0.3,0.0408,-0.028799999999999992,-0.03820000000000001,-0.12009999999999998,-0.29999999999999716,2023-08-12,Brighton and Hove Albion,Luton,4,1,H,1589.2,1500.0,89.2,13,13,0,0,0,0,0,0,0,1.4,1.8,1.6,0.2,5,0.0,0.0,0.0,0.0,0,1.6,2.0,1.7,0.3,10,0.0,0.0,0.0,0.0,0,2.0,2.4,1.4,0.4,5,0.0,0.0,0.0,0.0,0,1.0472969478404115,0.9548390282832956,1.0,1.0,0.3685079999999999,0.66
2023-24,1,2023-24_GW1_Brentford_vs_Tottenham,Brentford,Tottenham,0.3354,0.2183,0.5344,56.7,169.3,0.4708,0.1322,0.3285,0.2219,0.538,69.0,160.4,0.4177,0.1283,0.006899999999999962,-0.003599999999999992,-0.0036000000000000476,-12.299999999999997,2023-08-13,Brentford,Tottenham,2,2,D,1588.3,1608.2,-19.9,15,15,0,0,0,1,1,2,4,2.4,1.6,0.6,0.4,5,1.2,2.0,2.0,0.2,5,1.6,1.2,0.9,0.3,10,1.1,1.8,2.3,0.1,10,2.0,1.4,0.8,0.4,5,0.8,2.0,2.8,0.0,5,1.0468224345532866,0.9552718464872532,1.0573019641085484,0.9458035962726488,0.304428,0.325668
2023-24,1,2023-24_GW1_Chelsea_vs_Liverpool,Chelsea,Liverpool,0.363,0.3091,0.6626,54.9,271.7,0.3388,0.0671,0.4153,0.3069,0.7142,76.4,154.2,0.4428,0.1542,-0.05230000000000001,0.0021999999999999797,-0.05159999999999998,-21.500000000000007,2023-08-13,Chelsea,Liverpool,1,1,D,1554.7,1728.7,-174.0,17,17,0,0,0,1,0,4,5,1.0,1.4,1.8,0.0,5,2.2,2.0,1.0,0.6,5,0.6,0.9,1.7,0.1,10,2.4,2.7,1.4,0.3,10,0.6,0.8,1.4,0.2,5,2.2,3.0,1.2,0.4,5,1.0290684693040348,0.971752638263522,1.1202183910088777,0.8926830768234326,0.43518,0.332796
2023-24,1,2023-24_GW1_Manchester United_vs_Wolverhampton Wanderers,Manchester United,Wolverhampton Wanderers,0.4374,0.3083,0.7325,64.5,188.0,0.3962,0.1427,0.2504,0.1791,0.4278,53.4,173.1,0.399,0.1218,0.187,0.1292,0.3047,11.100000000000001,2023-08-14,Manchester United,Wolverhampton Wanderers,1,0,H,1673.1,1500.5,172.6,19,19,0,0,0,4,1,0,5,2.4,1.8,0.6,0.4,5,0.8,0.4,2.8,0.2,5,2.2,1.6,0.6,0.5,10,1.4,0.9,1.7,0.4,10,3.0,2.2,0.4,0.6,5,0.2,0.4,3.2,0.0,5,1.091300896876266,0.9163375590200604,1.0002666577789627,0.9997334133084524,0.340104,0.419916
2023-24,2,2023-24_GW2_Nottingham Forest_vs_Sheffield United,Nottingham Forest,Sheffield United,0.3221,0.2311,0.5394,53.8,221.3,0.3761,0.1057,0.375,0.3,0.675,55.0,170.0,0.3,0.0444,-0.0529,-0.06889999999999999,-0.13560000000000005,-1.2000000000000028,2023-08-18,Nottingham Forest,Sheffield United,2,1,H,1485.2,1405.2,80.0,14,16,2,1,1,0,0,0,0,1.6,1.8,1.6,0.2,5,1.2,0.4,0.8,0.4,5,1.1,1.5,1.8,0.1,10,0.9,0.4,1.4,0.3,10,2.0,1.8,1.4,0.2,5,0.6,0.4,1.6,0.2,5,0.9649574845899356,0.8247769290497579,0.6826806687148821,0.8314047988107552,0.401864822727321,0.6892567886151796
2023-24,2,2023-24_GW2_Fulham_vs_Brentford,Fulham,Brentford,0.2141,0.1608,0.3686,51.0,132.0,0.4608,0.1554,0.3354,0.2183,0.5344,56.7,169.3,0.4708,0.1322,-0.12129999999999996,-0.057499999999999996,-0.1658,-5.700000000000003,2023-08-19,Fulham,Brentford,0,3,A,1499.1,1586.1,-87.0,5,9,4,1,1,1,1,0,2,2.0,2.2,1.4,0.4,5,2.0,1.6,0.8,0.4,5,1.6,1.7,1.3,0.2,10,1.7,1.4,1.0,0.3,10,1.4,2.0,1.8,0.0,5,1.2,1.0,1.0,0.2,5,1.0198294570995574,0.9572415697742748,1.134922431017782,0.8263925673373045,0.3848167100422527,0.3610224630977908
2023-24,2,2023-24_GW2_Liverpool_vs_Bournemouth,Liverpool,Bournemouth,0.4153,0.3069,0.7142,76.4,154.2,0.4428,0.1542,0.2322,0.148,0.3528,53.4,146.0,0.3983,0.14,0.1831,0.1589,0.36139999999999994,23.000000000000007,2023-08-19,Liverpool,Bournemouth,3,1,H,1726.6,1441.3,285.3,14,11,-3,1,1,4,1,0,5,1.8,2.0,1.2,0.4,5,0.2,0.4,1.6,0.0,5,2.4,2.6,1.3,0.3,10,1.3,1.1,1.5,0.2,10,2.6,2.0,1.2,0.4,5,1.8,1.0,1.0,0.4,5,1.0815338418180689,0.7825365851135392,0.978729590275636,0.8636575943754867,0.3872094276120869,0.4101728698448008
2023-24,2,2023-24_GW2_Wolverhampton Wanderers_vs_Brighton and Hove Albion,Wolverhampton Wanderers,Brighton and Hove Albion,0.2504,0.1791,0.4278,53.4,173.1,0.399,0.1218,0.3795,0.2885,0.6149,54.7,175.2,0.4285,0.1596,-0.1291,-0.10939999999999997,-0.1871,-1.3000000000000043,2023-08-19,Wolverhampton Wanderers,Brighton and Hove Albion,1,4,A,1497.0,1594.2,-97.2,16,4,-12,1,1,2,3,0,5,0.8,0.4,1.8,0.2,5,1.4,2.0,1.8,0.0,5,1.3,0.8,1.7,0.4,10,1.6,2.2,1.7,0.3,10,2.6,1.4,0.2,0.8,5,1.2,1.6,2.0,0.2,5,1.1663436334374926,0.8529630320309048,1.4980736357871325,0.8147988103975635,0.4676313237092905,0.4201757585742463
2023-24,2,2023-24_GW2_Tottenham_vs_Manchester United,Tottenham,Manchester United,0.3285,0.2219,0.538,69.0,160.4,0.4177,0.1283,0.4374,0.3083,0.7325,64.5,188.0,0.3962,0.1427,-0.1089,-0.08640000000000003,-0.1945,4.5,2023-08-19,Tottenham,Manchester United,2,0,H,1610.5,1676.5,-66.0,11,8,-3,1,1,0,4,1,5,1.4,1.8,1.6,0.2,5,3.0,2.0,0.4,0.6,5,1.1,1.9,2.4,0.1,10,2.2,1.5,0.6,0.5,10,1.4,1.6,1.8,0.2,5,1.4,1.0,0.8,0.4,5,1.0355208504294695,0.8458847909100103,1.090601779312253,0.8324319728702025,0.3806294542950429,0.3939555618714804
2023-24,2,2023-24_GW2_Manchester City_vs_Newcastle United,Manchester City,Newcastle United,0.3411,0.231,0.552,77.2,119.9,0.4112,0.1862,0.3296,0.2336,0.5131,58.4,155.4,0.478,0.1636,0.01150000000000001,-0.002599999999999991,0.038900000000000046,18.800000000000004,2023-08-19,Manchester City,Newcastle United,1,0,H,1824.7,1648.6,176.1,6,5,-1,1,1,4,0,1,5,2.0,1.6,0.4,0.6,5,1.8,2.4,1.0,0.2,5,2.5,2.2,0.6,0.4,10,1.8,2.5,1.3,0.1,10,3.0,2.6,0.6,0.4,5,1.6,1.8,1.6,0.0,5,1.2676953516909073,0.6928015841137782,1.3780411243970112,0.822325967273233,0.3842849950267339,0.3621855896942379
2023-24,2,2023-24_GW2_Aston Villa_vs_Everton,Aston Villa,Everton,0.3143,0.2102,0.5065,55.7,160.9,0.4715,0.1273,0.2331,0.1811,0.4043,51.6,125.3,0.4407,0.143,0.08120000000000002,0.029099999999999987,0.10219999999999996,4.100000000000001,2023-08-20,Aston Villa,Everton,4,0,H,1586.3,1468.1,118.2,19,15,-4,1,1,4,0,1,5,1.4,1.2,1.8,0.0,5,1.4,1.4,1.2,0.2,5,1.7,1.3,1.1,0.3,10,0.9,1.1,1.7,0.2,10,3.0,2.0,0.4,0.6,5,1.2,1.6,1.2,0.2,5,1.122476777927798,0.9396386230469982,1.2029522160579047,0.8881763432688629,0.3793666311331859,0.3897018417473307
2023-24,2,2023-24_GW2_West Ham United_vs_Chelsea,West Ham United,Chelsea,0.248,0.1579,0.3882,58.7,112.6,0.3818,0.1665,0.363,0.3091,0.6626,54.9,271.7,0.3388,0.0671,-0.11499999999999999,-0.15119999999999997,-0.2744,3.8000000000000043,2023-08-20,West Ham United,Chelsea,3,1,H,1513.4,1556.8,-43.4,13,14,1,1,1,1,3,1,5,1.4,1.2,1.2,0.2,5,0.6,1.0,1.8,0.0,5,1.1,1.6,1.7,0.2,10,0.6,1.0,1.8,0.0,10,1.4,1.6,2.0,0.2,5,0.6,1.0,2.0,0.0,5,0.9573325927202356,0.870297576929058,1.0094053217980925,0.790761924753707,0.4214718139245731,0.4817217716205362
2023-24,2,2023-24_GW2_Crystal Palace_vs_Arsenal,Crystal Palace,Arsenal,0.2161,0.1778,0.3776,52.6,131.0,0.4543,0.1139,0.3593,0.2682,0.5997,60.8,148.5,0.4967,0.2023,-0.14320000000000002,-0.09039999999999998,-0.22210000000000002,-8.199999999999996,2023-08-21,Crystal Palace,Arsenal,0,1,A,1533.3,1706.9,-173.6,9,8,-1,1,1,1,3,1,5,1.6,1.2,0.8,0.4,5,1.8,1.8,1.0,0.4,5,1.8,1.7,1.0,0.4,10,1.5,2.0,1.7,0.2,10,2.2,1.8,1.0,0.4,5,1.0,1.4,1.8,0.2,5,1.116010259561949,0.8045592248790924,1.0115666341848406,0.7797054811298784,0.3903664855167291,0.3569349039159907
2023-24,3,2023-24_GW3_Chelsea_vs_Luton,Chelsea,Luton,1.7373,1.0671,2.8045,57.6,263.8,0.9398,0.1898,0.4083,0.3267,0.735,55.0,190.0,0.3,0.0408,1.3290000000000002,0.7404,2.0695,2.6000000000000014,2023-08-25,Chelsea,Luton,3,0,H,1548.4,1495.0,53.5,15,17,2,2,1,0,0,0,0,0.4,0.8,2.0,0.0,5,0.0,1.0,4.0,0.0,1,0.6,1.1,2.0,0.0,10,0.0,1.0,4.0,0.0,1,0.6,1.0,1.6,0.0,5,0.0,1.0,4.0,0.0,1,1.1775608691609252,0.7123705711057047,1.0355820060863543,0.9573238785747504,0.4508359340823158,0.6892567886151796
2023-24,3,2023-24_GW3_Bournemouth_vs_Tottenham,Bournemouth,Tottenham,0.8444,0.3476,1.1919,54.0,144.9,0.9398,0.3198,0.9062,1.119,2.0208,63.5,164.0,0.8995,0.237,-0.061799999999999966,-0.7714,-0.8289,-9.5,2023-08-26,Bournemouth,Tottenham,0,2,A,1439.3,1619.5,-180.2,15,6,-9,2,2,2,2,1,5,0.2,0.4,1.6,0.0,5,1.4,2.0,1.6,0.2,5,1.0,1.1,1.8,0.1,10,1.1,1.9,2.3,0.2,10,0.8,1.2,2.0,0.0,5,0.8,2.2,3.0,0.0,5,0.982573851968916,0.857467903826471,1.0939835899564687,0.7830525804669161,0.3847879732871228,0.3575159634650481
2023-24,3,2023-24_GW3_Arsenal_vs_Fulham,Arsenal,Fulham,1.2812,0.7056,1.9869,68.7,148.2,0.9398,0.3483,0.438,0.4442,0.8822,54.0,129.3,0.8995,0.299,0.8432,0.2614,1.1047000000000002,14.700000000000003,2023-08-26,Arsenal,Fulham,2,2,D,1714.8,1488.7,226.1,4,14,10,2,2,4,0,1,5,1.8,1.6,1.0,0.4,5,1.4,1.2,1.4,0.4,5,1.7,1.9,1.5,0.3,10,1.3,1.4,1.5,0.2,10,2.0,2.6,1.6,0.2,5,1.2,0.8,0.8,0.4,5,1.1013336860877805,0.6999936674583952,0.8945934789199103,0.9958673744735944,0.3356431366898634,0.3613812876917989
2023-24,3,2023-24_GW3_Brentford_vs_Crystal Palace,Brentford,Crystal Palace,2.3859,1.2886,3.6743,56.3,173.3,0.9426,0.3783,1.4077,0.9636,2.3714,55.0,130.0,0.98,0.4051,0.9782,0.32499999999999996,1.3029000000000002,1.2999999999999972,2023-08-26,Brentford,Crystal Palace,1,1,D,1596.4,1525.4,71.1,5,13,8,2,2,0,0,4,4,2.6,2.2,0.6,0.6,5,1.6,1.2,0.8,0.4,5,2.0,1.6,0.8,0.4,10,1.5,1.2,1.0,0.4,10,2.2,1.6,0.8,0.4,5,1.4,1.0,1.0,0.4,5,1.4188487153944789,0.7113813383732573,1.048461284947673,0.7804564645652372,0.3394164293874058,0.3665043761510637
2023-24,3,2023-24_GW3_Everton_vs_Wolverhampton Wanderers,Everton,Wolverhampton Wanderers,0.9864,0.6317,1.6181,54.4,122.4,0.9398,0.3258,1.6357,0.8023,2.438,54.5,170.9,0.9398,0.2003,-0.6492999999999999,-0.17059999999999997,-0.8199000000000001,-0.10000000000000142,2023-08-26,Everton,Wolverhampton Wanderers,0,1,A,1463.7,1486.9,-23.2,19,18,-1,2,2,1,3,1,5,0.8,0.4,1.8,0.2,5,0.2,0.4,2.6,0.0,5,0.9,1.1,1.9,0.2,10,1.0,0.8,2.1,0.3,10,0.6,0.6,2.2,0.2,5,0.0,0.2,3.2,0.0,5,1.0609332046653974,0.8865475244972579,1.269013950035637,0.818777311881581,0.365890832623008,0.4378288112875356
2023-24,3,2023-24_GW3_Manchester United_vs_Nottingham Forest,Manchester United,Nottingham Forest,1.528,1.4078,2.9358,67.0,190.0,0.98,0.2433,0.9019,0.6908,1.5926,55.5,220.0,0.8995,0.1581,0.6261,0.717,1.3432,11.5,2023-08-26,Manchester United,Nottingham Forest,3,2,H,1667.5,1490.4,177.0,14,13,-1,2,2,2,0,0,2,2.4,1.6,0.8,0.4,5,1.6,1.4,1.2,0.2,5,1.9,1.3,0.8,0.4,10,1.4,1.7,1.7,0.1,10,3.0,2.0,0.4,0.6,5,0.4,1.4,2.0,0.0,5,1.156410373465498,0.7648767426800162,0.9764287419534192,0.7043834899499916,0.3698175112025644,0.3771186791864268
2023-24,3,2023-24_GW3_Brighton and Hove Albion_vs_West Ham United,Brighton and Hove Albion,West Ham United,1.8089,1.9033,3.7084,60.1,175.0,0.8593,0.2238,1.1883,0.6833,1.8716,57.0,111.5,0.933,0.3125,0.6206,1.22,1.8368000000000002,3.1000000000000014,2023-08-26,Brighton and Hove Albion,West Ham United,1,3,A,1604.3,1521.8,82.5,3,7,4,2,2,3,0,2,5,2.0,2.6,1.2,0.0,5,1.4,1.6,1.4,0.0,5,1.9,2.5,1.5,0.3,10,1.3,1.7,1.6,0.2,10,2.0,2.0,1.6,0.2,5,0.2,1.0,2.4,0.0,5,1.5041070338989018,0.761478666439281,1.0340521511498868,0.8577936202625505,0.3940218033843606,0.3952182132640691
2023-24,3,2023-24_GW3_Burnley_vs_Aston Villa,Burnley,Aston Villa,0.3667,0.2933,0.66,55.0,165.0,0.3,0.0455,1.8491,0.9648,2.8138,59.0,162.3,0.9398,0.2188,-1.4824,-0.6715,-2.1538,-4.0,2023-08-27,Burnley,Aston Villa,1,3,A,1461.0,1590.7,-129.8,18,13,-5,1,2,1,2,2,5,0.2,0.6,2.0,0.0,5,2.0,2.0,1.6,0.2,5,1.1,0.9,1.4,0.2,10,1.7,1.5,1.1,0.3,10,1.2,1.0,1.6,0.4,5,0.4,0.6,1.8,0.0,5,0.6317223791279559,0.7855606788405558,1.3268965924181215,0.8039292671515543,0.6892567886151796,0.3563502307617423
2023-24,3,2023-24_GW3_Sheffield United_vs_Manchester City,Sheffield United,Manchester City,0.5463,0.3683,0.9145,51.5,162.0,0.8927,0.1005,1.2757,0.7581,2.0339,72.0,123.7,0.8191,0.3273,-0.7294,-0.3898,-1.1194000000000002,-20.5,2023-08-27,Sheffield United,Manchester City,1,2,A,1400.0,1828.1,-428.1,17,5,-12,2,2,0,4,0,4,1.2,0.6,0.8,0.4,5,2.0,1.2,0.4,0.6,5,0.9,0.4,1.4,0.3,10,2.5,2.0,0.5,0.5,10,1.2,0.4,1.2,0.4,5,2.0,1.8,0.6,0.4,5,0.5942292852013573,0.6890080001588086,1.1804211436071983,0.595254176294377,0.6424149007176995,0.3608904528693543
2023-24,3,2023-24_GW3_Newcastle United_vs_Liverpool,Newcastle United,Liverpool,1.0162,0.6967,1.7128,63.1,155.5,0.98,0.2558,1.9984,0.8359,2.8343,79.6,149.0,0.98,0.3295,-0.9822,-0.1392,-1.1214999999999997,-16.499999999999993,2023-08-27,Newcastle United,Liverpool,1,2,A,1645.3,1728.6,-83.4,13,9,-4,2,2,0,4,1,5,1.6,2.0,0.8,0.2,5,1.8,2.4,1.4,0.2,5,1.8,2.5,1.1,0.1,10,2.4,2.3,1.3,0.3,10,2.0,2.4,1.0,0.2,5,2.2,3.2,1.4,0.2,5,1.1558054725413098,0.7303349036572626,1.2991772962511354,0.7179970611075643,0.3404901305615032,0.3635900443927993
2023-24,4,2023-24_GW4_Luton_vs_West Ham United,Luton,West Ham United,0.733,0.5339,1.2669,50.5,178.2,0.9063,0.2351,1.9775,0.7955,2.773,57.9,111.2,0.9137,0.3082,-1.2445,-0.26159999999999994,-1.5061000000000002,-7.399999999999999,2023-09-01,Luton,West Ham United,1,2,A,1489.1,1536.6,-47.5,19,2,-17,2,3,0,0,0,0,0.0,0.5,3.5,0.0,2,2.0,2.2,1.2,0.0,5,0.0,0.5,3.5,0.0,2,1.3,1.6,1.7,0.1,10,0.0,0.0,0.0,0.0,0,0.8,1.0,1.8,0.0,5,0.8007470078254844,0.7922109933940525,1.270392528153452,0.7965416152693666,0.6424149007176995,0.3709830853428509
2023-24,4,2023-24_GW4_Brighton and Hove Albion_vs_Newcastle United,Brighton and Hove Albion,Newcastle United,1.6887,1.8695,3.5544,59.6,174.8,0.8549,0.2088,1.4119,0.7391,2.147,62.9,155.0,0.98,0.2624,0.27680000000000016,1.1303999999999998,1.4074,-3.299999999999997,2023-09-02,Brighton and Hove Albion,Newcastle United,3,1,H,1589.5,1634.8,-45.3,6,13,7,3,3,1,2,2,5,1.4,2.2,1.6,0.0,5,1.0,1.4,1.0,0.2,5,1.6,2.0,1.8,0.2,10,1.5,2.0,1.2,0.1,10,1.4,2.0,2.2,0.0,5,1.0,1.4,1.6,0.0,5,1.4154546326073916,0.7828437104352926,1.195321168897634,0.6660885676244562,0.3698786598259134,0.3204626975937126
2023-24,4,2023-24_GW4_Manchester City_vs_Fulham,Manchester City,Fulham,1.9051,1.0764,2.9815,71.2,124.4,0.8272,0.3244,0.5741,0.3994,0.9735,53.8,128.9,0.8656,0.2665,1.331,0.677,2.008,17.400000000000006,2023-09-02,Manchester City,Fulham,5,1,H,1830.7,1496.1,334.7,3,12,9,3,3,5,0,0,5,2.0,1.4,0.6,0.4,5,1.0,1.2,1.8,0.2,5,2.5,1.8,0.5,0.5,10,1.1,1.4,1.6,0.2,10,3.0,2.2,0.4,0.6,5,1.4,1.2,1.0,0.4,5,1.4028717065730991,0.5486529681347365,0.8276923916400295,0.979289762444775,0.3392945685876459,0.3397476662356202
2023-24,4,2023-24_GW4_Chelsea_vs_Nottingham Forest,Chelsea,Nottingham Forest,1.8689,1.2394,3.1083,57.9,262.5,0.9228,0.1911,1.1543,0.6098,1.7641,55.5,219.5,0.8994,0.2206,0.7145999999999999,0.6296,1.3441999999999998,2.3999999999999986,2023-09-02,Chelsea,Nottingham Forest,0,1,A,1554.3,1487.1,67.2,10,14,4,3,3,0,0,2,2,1.0,1.4,1.8,0.2,5,1.4,1.4,1.4,0.2,5,0.9,1.3,1.8,0.1,10,1.4,1.9,1.8,0.1,10,1.2,1.4,1.2,0.2,5,0.4,1.4,2.0,0.0,5,1.2376275641719388,0.6132050041725126,0.9673890426064544,0.7025365165057867,0.4223247125789428,0.3542751095737973
2023-24,4,2023-24_GW4_Burnley_vs_Tottenham,Burnley,Tottenham,0.2652,0.4391,0.7042,52.4,153.7,0.8927,0.164,1.4651,1.3896,2.8517,63.5,163.3,0.9319,0.2891,-1.1999,-0.9504999999999999,-2.1475,-11.100000000000001,2023-09-02,Burnley,Tottenham,2,5,A,1451.8,1627.3,-175.4,18,4,-14,2,3,1,3,1,5,0.2,0.6,2.0,0.0,5,2.0,2.2,1.2,0.4,5,1.1,1.0,1.5,0.2,10,1.4,1.9,2.0,0.3,10,0.6,0.8,2.2,0.2,5,1.4,2.4,1.8,0.2,5,0.6150866577269952,0.7130633524201198,1.1678779163569712,0.6942114300836466,0.6424149007176995,0.3361795222578224
2023-24,4,2023-24_GW4_Sheffield United_vs_Everton,Sheffield United,Everton,0.6101,0.391,1.0011,52.0,161.1,0.9277,0.1047,0.7853,0.7187,1.5041,52.5,124.3,0.8596,0.2852,-0.17520000000000002,-0.3277,-0.5029999999999999,-0.5,2023-09-02,Sheffield United,Everton,2,2,D,1397.4,1451.5,-54.2,17,18,1,3,3,2,2,0,4,0.6,0.6,1.2,0.2,5,0.8,0.4,1.4,0.2,5,0.9,0.5,1.3,0.3,10,0.9,1.0,1.7,0.2,10,1.2,0.6,1.0,0.4,5,1.2,1.6,1.6,0.2,5,0.5899844251757588,0.7626920682430346,1.025190923719813,0.8081770032537845,0.5991743883039252,0.3439105008763844
2023-24,4,2023-24_GW4_Brentford_vs_Bournemouth,Brentford,Bournemouth,1.9579,1.1591,3.1168,57.2,172.1,0.9559,0.3131,0.811,0.3957,1.2067,53.8,144.1,0.8897,0.2524,1.1469,0.7634000000000001,1.9101,3.4000000000000057,2023-09-02,Brentford,Bournemouth,2,2,D,1591.9,1431.6,160.3,10,17,7,3,3,1,0,1,2,2.2,2.0,0.8,0.4,5,0.2,0.4,1.6,0.0,5,2.1,1.7,0.7,0.4,10,0.7,0.8,1.8,0.1,10,2.2,1.6,0.8,0.4,5,1.2,1.0,1.6,0.2,5,1.288198935946761,0.6510097468594158,0.9024866811144766,0.8126069270018325,0.3194715464887687,0.3613547603233963
2023-24,4,2023-24_GW4_Crystal Palace_vs_Wolverhampton Wanderers,Crystal Palace,Wolverhampton Wanderers,1.2417,0.7908,2.0325,54.9,129.8,0.98,0.3588,1.4774,0.7966,2.2741,54.5,170.7,0.8897,0.1828,-0.23570000000000002,-0.005800000000000027,-0.2415999999999996,0.3999999999999986,2023-09-03,Crystal Palace,Wolverhampton Wanderers,3,2,H,1529.9,1499.1,30.8,12,15,3,3,3,4,1,0,5,1.2,1.0,1.0,0.2,5,0.8,0.6,2.2,0.2,5,1.3,1.1,1.1,0.3,10,1.0,0.7,2.1,0.3,10,1.6,1.4,1.0,0.4,5,0.6,0.2,2.8,0.2,5,0.977596259559281,0.7143668023344979,1.185190933417896,0.7405467400893629,0.3444768729363523,0.4103176249076229
2023-24,4,2023-24_GW4_Liverpool_vs_Aston Villa,Liverpool,Aston Villa,1.6231,0.8003,2.4235,79.6,148.8,0.9137,0.2921,2.0897,0.7933,2.883,59.1,161.9,0.8897,0.2392,-0.4666000000000001,0.007000000000000006,-0.4594999999999998,20.499999999999993,2023-09-03,Liverpool,Aston Villa,3,0,H,1739.1,1599.9,139.2,5,9,4,3,3,4,0,1,5,1.8,2.2,1.6,0.0,5,2.0,2.2,1.6,0.2,5,2.4,2.2,1.2,0.3,10,1.7,1.5,1.2,0.2,10,2.6,2.0,1.0,0.4,5,0.8,1.0,1.8,0.0,5,1.1983547656935511,0.7050091374222961,1.4063950241836196,0.7132993027172145,0.3417866056515047,0.3351034153438832
2023-24,4,2023-24_GW4_Arsenal_vs_Manchester United,Arsenal,Manchester United,1.5719,1.0975,2.6694,68.7,147.1,0.8927,0.366,1.8837,1.5222,3.4059,66.9,188.2,0.8806,0.2666,-0.31179999999999986,-0.4247000000000001,-0.7364999999999999,1.7999999999999972,2023-09-03,Arsenal,Manchester United,3,1,H,1707.5,1670.8,36.6,6,10,4,3,3,2,2,1,5,2.0,2.0,0.8,0.4,5,2.4,2.0,1.2,0.2,5,1.7,1.9,1.5,0.3,10,2.1,1.4,0.8,0.4,10,2.0,2.4,1.4,0.2,5,0.8,0.6,1.2,0.2,5,1.295212083623534,0.6292358425485178,1.3122222659376512,0.6965184933425123,0.315988358319966,0.3475352820601791
2023-24,5,2023-24_GW5_Wolverhampton Wanderers_vs_Liverpool,Wolverhampton Wanderers,Liverpool,1.5411,0.8519,2.393,54.5,170.1,0.9085,0.189,1.5123,0.7839,2.2962,79.4,148.8,0.8402,0.2906,0.028799999999999937,0.06799999999999995,0.0968,-24.900000000000006,2023-09-16,Wolverhampton Wanderers,Liverpool,1,3,A,1492.7,1743.1,-250.4,15,3,-12,4,4,1,4,0,5,0.6,0.8,2.6,0.2,5,2.2,2.6,1.4,0.2,5,1.0,0.8,2.2,0.3,10,2.4,2.3,1.1,0.4,10,2.0,1.4,1.0,0.6,5,2.2,2.4,1.4,0.2,5,1.1441308142389597,0.7224498261118142,1.2847700647068394,0.6408452500425431,0.384921599051836,0.3216594949419761
2023-24,5,2023-24_GW5_Aston Villa_vs_Crystal Palace,Aston Villa,Crystal Palace,1.7321,0.6631,2.3951,58.1,163.0,0.9047,0.2263,1.4373,0.8117,2.249,54.9,129.3,0.98,0.3488,0.29479999999999995,-0.14859999999999995,0.14609999999999967,3.200000000000003,2023-09-16,Aston Villa,Crystal Palace,3,1,H,1595.9,1536.3,59.5,10,7,-3,4,4,2,2,1,5,1.8,2.0,2.0,0.2,5,1.6,1.2,1.0,0.2,5,1.6,1.4,1.4,0.2,10,1.5,1.4,1.3,0.2,10,3.0,2.4,0.4,0.6,5,1.0,0.8,1.2,0.2,5,1.2564645416528877,0.708786753355634,1.0701406017740074,0.6805342267927346,0.315490132722998,0.324142924648768
2023-24,5,2023-24_GW5_Fulham_vs_Luton,Fulham,Luton,0.8063,0.3683,1.1746,53.7,128.7,0.8769,0.2807,0.9303,0.6274,1.5577,49.9,176.4,0.8732,0.2202,-0.124,-0.25909999999999994,-0.3831,3.8000000000000043,2023-09-16,Fulham,Luton,1,0,H,1494.6,1477.6,16.9,13,19,6,4,3,0,0,0,0,0.8,1.0,2.4,0.2,5,0.0,0.6666666666666666,3.0,0.0,3,1.1,1.5,2.0,0.2,10,0.0,0.6666666666666666,3.0,0.0,3,1.4,2.0,2.2,0.0,5,0.0,0.5,3.5,0.0,2,0.9128687647036688,0.9245956319158428,0.8719153945060039,0.6529931720197171,0.319777316637881,0.5991743883039252
2023-24,5,2023-24_GW5_Manchester United_vs_Brighton and Hove Albion,Manchester United,Brighton and Hove Albion,1.5218,1.2418,2.7636,66.7,187.2,0.8431,0.2512,1.7119,1.5217,3.2297,60.0,173.8,0.7946,0.2444,-0.19009999999999994,-0.27990000000000004,-0.46609999999999996,6.700000000000003,2023-09-16,Manchester United,Brighton and Hove Albion,1,3,A,1664.6,1597.9,66.7,12,6,-6,4,4,2,3,0,5,1.8,1.4,1.6,0.2,5,1.8,2.6,1.6,0.0,5,1.8,1.4,1.1,0.3,10,1.6,2.2,1.9,0.1,10,3.0,2.4,0.8,0.4,5,1.2,2.0,2.0,0.2,5,1.2130064581658386,0.6808625072440108,1.353024267317601,0.719203780524221,0.3269661921049106,0.3475917293539516
2023-24,5,2023-24_GW5_Tottenham_vs_Sheffield United,Tottenham,Sheffield United,1.6451,1.2533,2.8961,63.8,162.8,0.9216,0.269,0.5811,0.3949,0.976,51.9,160.9,0.8662,0.1622,1.064,0.8584,1.9201000000000001,11.899999999999999,2023-09-16,Tottenham,Sheffield United,2,1,H,1635.1,1396.0,239.1,4,17,13,4,4,2,1,1,4,2.6,3.0,1.0,0.4,5,0.8,1.0,1.4,0.2,5,1.7,2.3,1.6,0.3,10,1.0,0.7,1.4,0.3,10,1.4,1.6,1.6,0.4,5,0.6,0.4,1.6,0.2,5,1.2356557946720133,0.6534872682833728,0.6762950215143804,0.7445151152896979,0.3164835046057148,0.5592583644686361
2023-24,5,2023-24_GW5_West Ham United_vs_Manchester City,West Ham United,Manchester City,1.6585,0.7786,2.4371,58.2,110.1,0.9091,0.3037,1.9574,0.8788,2.8363,71.9,125.2,0.844,0.3652,-0.29889999999999994,-0.10020000000000007,-0.3992,-13.700000000000003,2023-09-16,West Ham United,Manchester City,1,3,A,1548.1,1832.3,-284.2,5,3,-2,4,4,0,4,1,5,2.0,2.0,1.2,0.0,5,2.4,2.2,0.6,0.4,5,1.6,1.7,1.6,0.1,10,2.5,2.1,0.5,0.5,10,2.0,2.0,1.2,0.2,5,2.0,1.8,0.6,0.4,5,1.1898813476713606,0.7481988273149851,1.427960760316178,0.5441786850514705,0.3486112426020031,0.3193590547925266
2023-24,5,2023-24_GW5_Newcastle United_vs_Brentford,Newcastle United,Brentford,1.2925,0.6506,1.9403,62.9,153.9,0.9538,0.2928,2.0529,1.2048,3.2575,57.4,171.4,0.9377,0.2626,-0.7604000000000002,-0.5542000000000001,-1.3172,5.5,2023-09-16,Newcastle United,Brentford,1,0,H,1626.3,1585.5,40.8,14,10,-4,4,4,3,0,1,4,0.8,1.6,1.6,0.0,5,1.8,1.8,1.0,0.4,5,1.2,1.7,1.4,0.1,10,2.1,1.8,0.8,0.4,10,1.4,2.0,1.2,0.2,5,1.8,1.6,0.8,0.4,5,1.1560263385373513,0.6336169932149481,1.4274408247296966,0.6477724740682386,0.3019750468449824,0.3010600990582696
2023-24,5,2023-24_GW5_Everton_vs_Arsenal,Everton,Arsenal,0.9792,0.6881,1.6673,52.3,123.6,0.8559,0.3254,1.5988,1.006,2.6048,69.0,145.9,0.8704,0.3019,-0.6196,-0.31789999999999996,-0.9375,-16.700000000000003,2023-09-17,Everton,Arsenal,0,1,A,1452.8,1713.7,-260.9,18,5,-13,4,4,3,2,0,5,0.8,0.6,1.6,0.2,5,2.6,2.6,0.8,0.4,5,0.9,1.2,1.9,0.1,10,1.9,1.9,1.3,0.3,10,0.6,0.4,1.8,0.2,5,1.4,1.2,1.4,0.4,5,1.1481805205571194,0.7510612880399945,1.339233069492531,0.5908407086944208,0.323620097342075,0.2978447111221072
2023-24,5,2023-24_GW5_Bournemouth_vs_Chelsea,Bournemouth,Chelsea,0.9121,0.379,1.2911,53.7,143.7,0.8785,0.3254,1.8899,1.506,3.3959,58.7,259.2,0.9399,0.2144,-0.9777999999999999,-1.127,-2.1048,-5.0,2023-09-17,Bournemouth,Chelsea,0,0,D,1438.0,1539.8,-101.9,16,14,-2,4,4,2,2,1,5,0.4,0.8,1.8,0.0,5,1.0,1.2,1.2,0.2,5,0.8,1.0,1.6,0.1,10,0.9,1.3,1.7,0.1,10,0.8,1.2,1.6,0.0,5,0.6,1.2,2.4,0.0,5,0.9931693199516094,0.8198488214032654,1.2782777684600464,0.557929667407167,0.3397231783882212,0.3960055379537288
2023-24,5,2023-24_GW5_Nottingham Forest_vs_Burnley,Nottingham Forest,Burnley,0.9945,0.5545,1.549,54.2,219.2,0.9036,0.2515,0.4946,0.6372,1.1318,50.9,153.6,0.9035,0.1976,0.49990000000000007,-0.0827,0.4172,3.3000000000000043,2023-09-18,Nottingham Forest,Burnley,1,1,D,1501.5,1444.0,57.6,12,19,7,4,3,0,0,0,0,1.4,1.4,1.4,0.2,5,0.2,1.0,2.8,0.0,5,1.7,1.8,1.5,0.2,10,1.0,1.1,1.9,0.2,10,2.4,2.0,1.4,0.2,5,1.0,0.8,1.2,0.0,5,0.9098591990244184,0.6693163568106864,0.7249828990000355,0.6604700627911276,0.3331878370545579,0.5991743883039252
2023-24,6,2023-24_GW6_Crystal Palace_vs_Fulham,Crystal Palace,Fulham,1.3769,0.7803,2.1572,54.7,128.7,0.9356,0.3419,0.672,0.4594,1.1314,53.7,127.0,0.839,0.2452,0.7049,0.3209,1.0258,1.0,2023-09-23,Crystal Palace,Fulham,0,0,D,1530.6,1501.3,29.3,9,10,1,5,5,2,1,2,5,1.4,1.2,1.4,0.2,5,1.4,1.0,2.0,0.4,5,1.5,1.5,1.4,0.2,10,1.4,1.5,1.8,0.3,10,2.0,2.0,1.4,0.2,5,1.4,1.4,1.8,0.4,5,1.039733953746016,0.7224068612633985,0.8950336663528372,0.8476485004743921,0.3053723245979184,0.3013423604811522
2023-24,6,2023-24_GW6_Luton_vs_Wolverhampton Wanderers,Luton,Wolverhampton Wanderers,0.876,0.5272,1.4032,49.1,175.5,0.8463,0.1861,1.2723,0.9068,2.1791,54.3,168.8,0.8956,0.2112,-0.3963,-0.37960000000000005,-0.7759,-5.199999999999996,2023-09-23,Luton,Wolverhampton Wanderers,1,1,D,1470.9,1486.8,-15.9,20,16,-4,4,5,0,0,0,0,0.0,0.5,2.5,0.0,4,0.6,1.0,2.2,0.2,5,0.0,0.5,2.5,0.0,4,0.7,0.7,2.5,0.2,10,0.0,1.0,2.0,0.0,1,0.6,0.6,2.2,0.2,5,0.8908914536026125,0.5644002351109176,1.0402138546823578,0.7212555908051754,0.5592583644686361,0.3614781124511015
2023-24,6,2023-24_GW6_Manchester City_vs_Nottingham Forest,Manchester City,Nottingham Forest,2.1559,1.31,3.466,73.5,123.4,0.8465,0.3482,0.879,0.4965,1.3755,55.3,215.8,0.8464,0.2754,1.2769,0.8135000000000001,2.0905000000000005,18.200000000000003,2023-09-23,Manchester City,Nottingham Forest,2,0,H,1837.4,1497.3,340.1,1,10,9,5,5,1,0,1,2,3.0,2.8,0.6,0.4,5,1.4,1.4,1.4,0.2,5,2.5,2.1,0.6,0.4,10,1.5,1.6,1.5,0.2,10,3.0,2.4,0.4,0.6,5,1.0,1.4,1.6,0.2,5,1.5823919808592486,0.5235688967198013,0.8642354046677273,0.6115662703051273,0.3009562561346357,0.3137218310913384
2023-24,6,2023-24_GW6_Brentford_vs_Everton,Brentford,Everton,1.7003,1.0565,2.7568,57.2,170.7,0.9258,0.2366,0.9442,0.5519,1.496,53.4,122.7,0.8823,0.3129,0.7560999999999999,0.5046,1.2608000000000001,3.8000000000000043,2023-09-23,Brentford,Everton,1,3,A,1579.4,1447.2,132.2,11,18,7,5,5,2,1,1,4,1.2,1.6,1.2,0.2,5,0.2,0.4,1.8,0.0,5,1.8,1.6,0.9,0.3,10,0.9,1.1,1.6,0.1,10,1.8,1.6,1.0,0.4,5,1.2,2.0,2.0,0.0,5,1.275582767653218,0.6265747024953259,1.018090999504777,0.705805012974224,0.2840641909745376,0.3048896941647728
2023-24,6,2023-24_GW6_Burnley_vs_Manchester United,Burnley,Manchester United,0.4594,0.5313,0.9907,51.6,152.1,0.871,0.1782,1.2833,1.0147,2.298,63.6,186.7,0.7977,0.2672,-0.8239000000000001,-0.48339999999999994,-1.3073000000000001,-12.0,2023-09-23,Burnley,Manchester United,0,1,A,1448.2,1650.1,-201.9,19,13,-6,4,5,1,3,1,5,0.2,1.0,2.8,0.0,5,1.2,1.2,2.0,0.2,5,0.8,1.0,2.0,0.1,10,1.8,1.5,1.3,0.3,10,0.0,1.0,3.2,0.0,5,0.6,0.4,1.4,0.2,5,0.6682360448200603,0.5578477366247208,1.1376978978151318,0.659417884472403,0.5592583644686361,0.3079785289369051
2023-24,6,2023-24_GW6_Arsenal_vs_Tottenham,Arsenal,Tottenham,1.4132,0.8906,2.3038,68.7,145.6,0.8308,0.2458,1.6038,1.303,2.905,64.3,161.0,0.9145,0.2269,-0.19059999999999988,-0.4124,-0.6012,4.400000000000006,2023-09-24,Arsenal,Tottenham,2,2,D,1719.4,1637.6,81.8,4,2,-2,5,5,4,1,0,5,2.6,1.8,0.8,0.4,5,2.6,2.6,1.0,0.4,5,2.2,1.9,0.9,0.4,10,1.9,2.3,1.5,0.3,10,2.0,2.4,1.4,0.2,5,2.0,2.8,1.4,0.2,5,1.2593011641706682,0.5425869118877306,1.2467035406745244,0.6010056588227584,0.2810960138106917,0.2983017887523346
2023-24,6,2023-24_GW6_Brighton and Hove Albion_vs_Bournemouth,Brighton and Hove Albion,Bournemouth,1.3586,1.1624,2.5172,58.7,175.2,0.7269,0.2452,0.8204,0.4615,1.2819,53.2,143.6,0.8129,0.2836,0.5382,0.7009000000000001,1.2352999999999998,5.5,2023-09-24,Brighton and Hove Albion,Bournemouth,3,1,H,1612.4,1438.0,174.4,5,17,12,5,5,3,2,0,5,2.4,3.0,1.4,0.0,5,0.6,0.8,1.6,0.2,5,1.9,2.4,1.5,0.1,10,0.6,0.9,1.6,0.1,10,2.0,2.4,1.4,0.0,5,0.8,0.8,1.6,0.2,5,1.3486071669756607,0.6607040245562675,0.9770719283592378,0.7751602406085469,0.3270182995245013,0.3197547115056592
2023-24,6,2023-24_GW6_Chelsea_vs_Aston Villa,Chelsea,Aston Villa,1.7293,1.2891,3.0185,58.8,258.2,0.9023,0.187,1.8364,0.7096,2.546,58.1,162.3,0.902,0.271,-0.10709999999999997,0.5794999999999999,0.47250000000000014,0.6999999999999957,2023-09-24,Chelsea,Aston Villa,0,1,A,1539.8,1601.6,-61.8,14,7,-7,5,5,3,2,0,5,1.0,1.0,1.0,0.4,5,1.8,2.2,2.0,0.2,5,1.0,1.2,1.4,0.2,10,1.6,1.6,1.5,0.1,10,1.2,1.4,1.0,0.2,5,0.8,1.0,2.2,0.0,5,1.2679339560192908,0.5263124220871128,1.389221857447481,0.6646428772178136,0.3717098776337895,0.2973847909293578
2023-24,6,2023-24_GW6_Liverpool_vs_West Ham United,Liverpool,West Ham United,1.5189,1.0133,2.5322,77.7,150.0,0.8091,0.3038,1.5023,0.7572,2.2595,57.2,112.1,0.9185,0.2807,0.016599999999999948,0.2561000000000001,0.27269999999999994,20.5,2023-09-24,Liverpool,West Ham United,3,1,H,1749.0,1542.9,206.1,5,7,2,5,5,4,1,0,5,2.6,2.4,0.8,0.2,5,2.0,2.0,1.4,0.0,5,2.4,2.2,0.9,0.4,10,1.6,1.5,1.5,0.1,10,2.6,1.8,0.4,0.6,5,1.4,1.4,1.4,0.0,5,1.355762124449616,0.5914365873366771,1.114315946863032,0.802061587943136,0.3030798300404766,0.3279594288691353
2023-24,6,2023-24_GW6_Sheffield United_vs_Newcastle United,Sheffield United,Newcastle United,0.5708,0.3787,0.9495,50.8,160.1,0.8037,0.1757,1.0556,0.6033,1.6567,62.7,153.6,0.8724,0.3605,-0.4848000000000001,-0.22459999999999997,-0.7072,-11.900000000000006,2023-09-24,Sheffield United,Newcastle United,0,8,A,1393.6,1632.5,-238.9,18,12,-6,5,5,1,3,0,4,0.2,1.0,1.8,0.0,5,1.2,1.6,1.4,0.2,5,0.7,0.7,1.6,0.2,10,1.2,1.5,1.3,0.2,10,0.8,0.8,1.4,0.2,5,1.0,1.6,1.6,0.0,5,0.6354732802423457,0.6959824502434161,1.1406824467978611,0.5833536407265362,0.522411230383522,0.2849087942325425
2023-24,7,2023-24_GW7_West Ham United_vs_Sheffield United,West Ham United,Sheffield United,1.4096,0.7516,2.1612,57.3,111.8,0.9343,0.2752,0.7386,0.3614,1.1,50.1,159.6,0.8652,0.1639,0.6709999999999999,0.39020000000000005,1.0612,7.199999999999996,2023-09-30,West Ham United,Sheffield United,2,0,H,1540.0,1387.4,152.7,7,20,13,6,6,2,1,1,4,1.8,2.0,1.8,0.0,5,0.2,1.0,3.2,0.0,5,1.6,1.6,1.5,0.1,10,0.7,0.7,2.0,0.2,10,1.8,1.8,1.4,0.2,5,0.6,0.6,1.8,0.2,5,1.0721073392561484,0.8219308423348977,0.6509720461868098,0.7479515526219945,0.3088954020297931,0.4883970385920529
2023-24,7,2023-24_GW7_Wolverhampton Wanderers_vs_Manchester City,Wolverhampton Wanderers,Manchester City,1.1612,0.8003,1.9615,53.9,169.2,0.9351,0.1945,2.0212,1.2846,3.3058,73.6,123.0,0.861,0.3357,-0.8599999999999999,-0.48429999999999995,-1.3443,-19.699999999999996,2023-09-30,Wolverhampton Wanderers,Manchester City,2,1,H,1489.2,1838.9,-349.7,16,1,-15,6,6,0,5,0,5,0.8,1.2,2.2,0.2,5,3.0,2.6,0.6,0.4,5,0.8,0.8,2.0,0.2,10,2.5,2.1,0.5,0.5,10,1.4,1.2,1.6,0.4,5,2.0,1.8,0.8,0.2,5,0.9636892049418316,0.7117214947672242,1.4921255929623884,0.5140249050347875,0.3398370467536674,0.2839683318742745
2023-24,7,2023-24_GW7_Newcastle United_vs_Burnley,Newcastle United,Burnley,1.2669,0.7216,1.9874,61.7,154.2,0.8048,0.3247,0.4858,0.5942,1.08,50.9,153.0,0.8311,0.172,0.7810999999999999,0.12740000000000007,0.9074,10.800000000000004,2023-09-30,Newcastle United,Burnley,2,0,H,1638.7,1441.1,197.6,8,19,11,6,5,4,0,1,5,1.2,2.2,1.2,0.4,5,0.2,0.8,2.6,0.0,5,1.5,2.3,1.1,0.3,10,0.5,0.9,2.1,0.0,10,2.0,2.2,0.8,0.4,5,1.2,1.0,1.0,0.0,5,1.3476964606417758,0.5544511730440345,0.7073094223663551,0.4983808863004045,0.2691546574744355,0.522411230383522
2023-24,7,2023-24_GW7_Tottenham_vs_Liverpool,Tottenham,Liverpool,1.5201,1.2104,2.7291,63.6,162.7,0.9232,0.2112,1.6322,1.0565,2.6888,72.7,154.8,0.8086,0.3211,-0.11210000000000009,0.15389999999999993,0.04029999999999978,-9.100000000000001,2023-09-30,Tottenham,Liverpool,2,1,H,1642.4,1752.0,-109.6,4,2,-2,6,6,0,3,2,5,2.6,2.6,1.0,0.4,5,3.0,2.8,0.8,0.2,5,2.0,2.2,1.3,0.3,10,2.4,2.4,1.0,0.3,10,2.0,1.6,1.2,0.4,5,2.2,2.6,1.4,0.2,5,1.2221816016033284,0.6009373374345391,1.4530212971505416,0.5692787271691261,0.2815179496427223,0.2859286376595165
2023-24,7,2023-24_GW7_Everton_vs_Luton,Everton,Luton,0.9987,0.6856,1.6843,53.4,122.7,0.8643,0.256,0.9865,0.522,1.5085,49.4,174.8,0.8331,0.2242,0.012199999999999989,0.16359999999999997,0.17579999999999996,4.0,2023-09-30,Everton,Luton,1,2,A,1463.0,1468.5,-5.5,16,18,2,6,5,0,0,0,0,0.8,1.0,1.8,0.0,5,0.2,0.6,2.2,0.0,5,1.1,1.2,1.5,0.1,10,0.2,0.6,2.2,0.0,5,0.6,0.2,1.2,0.2,5,0.0,0.3333333333333333,2.6666666666666665,0.0,3,1.0611413771901812,0.6655669006202275,1.0315802271891965,0.4903902429912107,0.287599352817393,0.522411230383522
2023-24,7,2023-24_GW7_Aston Villa_vs_Brighton and Hove Albion,Aston Villa,Brighton and Hove Albion,1.6597,0.6917,2.3514,59.1,161.1,0.9231,0.2599,1.1902,1.0029,2.1892,57.8,176.0,0.6918,0.2285,0.46950000000000003,-0.3111999999999999,0.1621999999999999,1.3000000000000043,2023-09-30,Aston Villa,Brighton and Hove Albion,6,1,H,1612.7,1615.8,-3.1,8,4,-4,6,6,4,0,1,5,2.4,2.2,1.0,0.4,5,2.4,2.8,1.4,0.0,5,1.9,1.7,1.4,0.2,10,1.9,2.4,1.6,0.0,10,3.0,2.4,0.6,0.4,5,1.8,2.4,1.6,0.2,5,1.3006505866482636,0.6346109157988284,1.3412561554567672,0.6297941222717874,0.2806714539627314,0.3080266301476973
2023-24,7,2023-24_GW7_Manchester United_vs_Crystal Palace,Manchester United,Crystal Palace,1.1583,0.8965,2.0547,61.5,188.6,0.7543,0.2421,1.16,0.693,1.853,54.8,127.8,0.9141,0.3376,-0.0016999999999998128,0.20350000000000001,0.2017,6.700000000000003,2023-09-30,Manchester United,Crystal Palace,0,1,A,1657.3,1527.1,130.2,9,10,1,6,6,2,1,2,5,1.2,1.2,2.0,0.2,5,1.0,1.0,1.4,0.2,5,2.1,1.6,1.2,0.4,10,1.3,1.1,1.1,0.3,10,2.4,2.2,1.4,0.2,5,1.0,1.0,1.4,0.2,5,1.0795853702842615,0.6195413646671535,0.9392742308047444,0.6682771890647367,0.2904507066868357,0.2880448768594934
2023-24,7,2023-24_GW7_Bournemouth_vs_Arsenal,Bournemouth,Arsenal,0.8008,0.4499,1.2508,53.5,143.5,0.8243,0.339,1.425,0.7888,2.2138,68.4,145.7,0.7992,0.2839,-0.6242000000000001,-0.3388999999999999,-0.9630000000000001,-14.900000000000006,2023-09-30,Bournemouth,Arsenal,0,4,A,1434.6,1714.6,-280.0,18,6,-12,6,6,0,4,1,5,0.4,0.8,2.0,0.2,5,2.2,1.8,1.0,0.4,5,0.3,0.6,1.8,0.1,10,2.0,1.8,1.0,0.4,10,0.4,0.4,1.4,0.2,5,1.8,1.0,1.0,0.6,5,0.9813343520305254,0.746586643659717,1.2836135844040468,0.5441829113544722,0.301321493314086,0.2656350175418422
2023-24,7,2023-24_GW7_Nottingham Forest_vs_Brentford,Nottingham Forest,Brentford,0.8862,0.4843,1.3705,54.9,214.9,0.8517,0.3147,1.5418,0.889,2.4306,56.7,171.1,0.9091,0.2522,-0.6556000000000001,-0.4047,-1.0601,-1.8000000000000043,2023-10-01,Nottingham Forest,Brentford,1,1,D,1495.8,1563.5,-67.7,12,14,2,6,6,0,1,1,2,1.4,1.2,1.4,0.2,5,1.0,1.4,1.4,0.2,5,1.5,1.5,1.5,0.2,10,1.5,1.5,1.1,0.3,10,2.6,2.2,1.2,0.2,5,1.8,1.6,0.6,0.4,5,0.8571042637550241,0.5820544826843583,1.1999035810915766,0.6239083954079843,0.2957524427878307,0.2683749904007598
2023-24,7,2023-24_GW7_Fulham_vs_Chelsea,Fulham,Chelsea,0.677,0.4627,1.1397,53.7,126.9,0.8419,0.2294,1.622,1.1443,2.7663,58.6,256.9,0.9018,0.1945,-0.9450000000000001,-0.6816000000000001,-1.6266000000000003,-4.899999999999999,2023-10-02,Fulham,Chelsea,0,2,A,1504.9,1528.7,-23.8,12,15,3,6,6,1,3,1,5,1.0,0.8,2.0,0.4,5,0.8,0.8,1.0,0.4,5,1.5,1.5,1.7,0.4,10,0.7,0.9,1.4,0.2,10,1.4,1.8,2.0,0.2,5,0.8,1.0,1.8,0.2,5,0.8471225504173329,0.7612690949467005,1.220495008761132,0.5031654339745207,0.2843247511079549,0.3492821564461963
2023-24,7,2023-24_GW7_Luton_vs_Burnley,Luton,Burnley,0.9865,0.522,1.5085,49.4,174.8,0.8331,0.2242,0.4858,0.5942,1.08,50.9,153.0,0.8311,0.172,0.5007,-0.07219999999999993,0.4284999999999999,-1.5,2023-10-03,Luton,Burnley,1,2,A,1481.1,1438.0,43.1,17,19,2,6,6,0,0,0,0,0.8,0.8,1.6,0.0,5,0.2,0.8,2.4,0.0,5,0.6666666666666666,0.8333333333333334,2.0,0.0,6,0.2,0.7,2.2,0.0,10,0.5,1.0,1.5,0.0,2,1.0,0.8,1.2,0.0,5,1.0331298047803534,0.4887980611167586,0.706926328274577,0.4987900424333299,0.522411230383522,0.522411230383522
2023-24,8,2023-24_GW8_Luton_vs_Tottenham,Luton,Tottenham,0.979,0.5972,1.5762,49.9,174.2,0.7986,0.185,1.5278,1.2076,2.7342,64.6,161.5,0.926,0.2131,-0.5488000000000001,-0.6104,-1.158,-14.699999999999996,2023-10-07,Luton,Tottenham,0,1,A,1467.2,1652.7,-185.4,17,2,-15,7,7,0,0,0,0,0.8,1.0,1.4,0.0,5,2.6,2.6,1.2,0.2,5,0.5714285714285714,0.8571428571428571,2.0,0.0,7,2.0,2.3,1.4,0.2,10,0.3333333333333333,1.0,1.6666666666666667,0.0,3,2.2,3.0,1.4,0.2,5,1.2117576202608848,0.4815229532020096,1.255158449152304,0.5798829563469522,0.4569979821402178,0.2660245134055158
2023-24,8,2023-24_GW8_Burnley_vs_Chelsea,Burnley,Chelsea,0.5512,0.5685,1.1197,50.8,152.9,0.8631,0.1716,1.396,0.9978,2.3939,58.9,255.9,0.8566,0.1781,-0.8447999999999999,-0.4293,-1.2742,-8.100000000000001,2023-10-07,Burnley,Chelsea,1,4,A,1451.9,1540.8,-88.9,18,11,-7,7,7,0,4,1,5,0.8,1.0,2.0,0.0,5,1.4,1.0,0.4,0.6,5,0.5,0.8,2.0,0.0,10,0.9,0.9,1.2,0.3,10,0.0,0.8,2.8,0.0,5,0.8,0.8,1.6,0.4,5,0.8848221419267197,0.502674221647945,1.2259161429718928,0.4799579045865025,0.4569979821402178,0.3285787604057272
2023-24,8,2023-24_GW8_Everton_vs_Bournemouth,Everton,Bournemouth,1.1633,0.8467,2.01,53.1,122.5,0.849,0.2939,0.7608,0.512,1.2727,54.2,142.6,0.8458,0.3232,0.40249999999999997,0.3347,0.7372999999999998,-1.1000000000000014,2023-10-07,Everton,Bournemouth,3,0,H,1450.3,1429.4,21.0,16,19,3,7,7,2,3,0,5,0.8,1.2,1.4,0.0,5,0.4,0.6,2.2,0.2,5,0.8,0.8,1.6,0.1,10,0.3,0.5,1.9,0.1,10,0.6,0.4,1.0,0.2,5,0.2,0.8,2.2,0.0,5,1.241878614566392,0.6359340958537018,0.9241308567879264,0.7678474743667071,0.2716383560850219,0.2843054882849333
2023-24,8,2023-24_GW8_Fulham_vs_Sheffield United,Fulham,Sheffield United,0.5937,0.4642,1.0579,54.1,126.5,0.8543,0.2132,0.7933,0.4077,1.201,50.1,159.4,0.8747,0.1417,-0.1996,0.056499999999999995,-0.1431,4.0,2023-10-07,Fulham,Sheffield United,3,1,H,1492.7,1383.6,109.1,13,20,7,7,7,1,0,1,2,1.0,0.8,1.8,0.4,5,0.2,0.8,3.2,0.0,5,1.2,1.0,1.6,0.4,10,0.7,0.7,2.0,0.2,10,1.4,1.6,2.0,0.2,5,0.6,0.6,1.4,0.2,5,0.8495950256534094,0.7358232787020392,0.6791313066258857,0.7175738880647734,0.268615517719134,0.4569979821402178
2023-24,8,2023-24_GW8_Manchester United_vs_Brentford,Manchester United,Brentford,1.1858,0.8141,1.9999,66.2,183.6,0.7103,0.2091,1.5104,0.8611,2.3709,56.8,170.7,0.8791,0.2285,-0.3246,-0.04699999999999993,-0.3709999999999998,9.400000000000006,2023-10-07,Manchester United,Brentford,2,1,H,1641.5,1564.5,77.0,12,14,2,7,7,3,1,0,4,1.2,1.2,1.8,0.2,5,0.6,1.0,1.6,0.0,5,1.8,1.4,1.3,0.3,10,1.6,1.6,1.1,0.3,10,1.8,1.4,1.4,0.2,5,1.4,1.4,0.8,0.2,5,1.0959080986391407,0.5851231271386198,1.1987494127204008,0.5833717550581389,0.2742704874512373,0.253892032889367
2023-24,8,2023-24_GW8_Crystal Palace_vs_Nottingham Forest,Crystal Palace,Nottingham Forest,1.0227,0.6458,1.6684,54.8,127.8,0.9113,0.3239,0.801,0.4678,1.2688,55.8,213.9,0.8167,0.2587,0.2216999999999999,0.17800000000000005,0.3996000000000002,-1.0,2023-10-07,Crystal Palace,Nottingham Forest,0,0,D,1542.9,1494.9,48.0,11,13,2,7,7,0,1,1,2,1.6,1.2,1.2,0.4,5,1.0,1.0,1.4,0.2,5,1.6,1.2,1.0,0.4,10,1.3,1.2,1.3,0.2,10,1.6,1.2,0.8,0.4,5,0.8,1.0,1.6,0.2,5,0.9077334002728092,0.6524599431971457,0.8048174444023379,0.5674144417514358,0.2720496266109931,0.2791646067102939
2023-24,8,2023-24_GW8_Arsenal_vs_Manchester City,Arsenal,Manchester City,1.5929,0.7916,2.3845,68.3,145.4,0.8033,0.2797,1.806,1.1575,2.9634,72.1,124.5,0.853,0.2986,-0.21310000000000007,-0.3659,-0.5789,-3.799999999999997,2023-10-08,Arsenal,Manchester City,1,0,H,1719.8,1822.7,-102.9,3,2,-1,7,7,0,5,0,5,2.2,2.4,1.0,0.4,5,2.4,2.6,1.0,0.2,5,2.0,2.0,1.0,0.4,10,2.2,1.9,0.7,0.4,10,2.2,2.8,1.2,0.2,5,1.8,1.8,1.0,0.2,5,1.4207149087595872,0.5203062315494793,1.3781933148365295,0.4880856528202839,0.2513627191546445,0.2682865012983571
2023-24,8,2023-24_GW8_Wolverhampton Wanderers_vs_Aston Villa,Wolverhampton Wanderers,Aston Villa,1.0391,0.7705,1.8096,54.4,168.6,0.9103,0.1914,1.6411,0.7682,2.4093,59.3,160.9,0.9384,0.2562,-0.6020000000000001,0.0022999999999999687,-0.5996999999999999,-4.899999999999999,2023-10-08,Wolverhampton Wanderers,Aston Villa,1,1,D,1505.3,1619.9,-114.6,16,5,-11,7,7,3,0,2,5,1.4,1.4,1.6,0.2,5,2.4,2.6,1.2,0.2,5,0.8,0.9,2.1,0.1,10,2.2,2.3,1.4,0.2,10,1.4,1.2,1.8,0.2,5,1.4,1.2,2.0,0.2,5,0.8899251448386185,0.658756749829403,1.2788561388074324,0.6210049707614776,0.3198598252551389,0.2652430994061706
2023-24,8,2023-24_GW8_Brighton and Hove Albion_vs_Liverpool,Brighton and Hove Albion,Liverpool,1.2854,0.9637,2.2452,58.2,175.5,0.7213,0.2255,1.6071,1.0534,2.6605,72.6,154.7,0.8477,0.3151,-0.3216999999999999,-0.08969999999999989,-0.4152999999999998,-14.399999999999991,2023-10-08,Brighton and Hove Albion,Liverpool,2,2,D,1608.5,1741.7,-133.2,6,4,-2,7,7,2,1,2,5,1.8,2.2,2.4,0.0,5,2.4,2.4,1.0,0.2,5,1.9,2.4,1.8,0.0,10,2.1,2.4,1.2,0.2,10,2.0,2.4,1.4,0.0,5,1.6,2.2,1.8,0.0,5,1.3177238095931167,0.613146240392923,1.3862768502595004,0.5910882025869449,0.290495109700799,0.2700960916126302
2023-24,8,2023-24_GW8_West Ham United_vs_Newcastle United,West Ham United,Newcastle United,1.4849,1.0373,2.5222,57.5,111.6,0.9452,0.2858,1.3899,0.7838,2.1727,61.1,154.8,0.8161,0.3353,0.0950000000000002,0.25350000000000006,0.34950000000000037,-3.6000000000000014,2023-10-08,West Ham United,Newcastle United,2,2,D,1543.8,1641.8,-98.0,7,8,1,7,7,1,2,2,5,1.8,1.8,1.6,0.2,5,1.8,2.6,1.0,0.6,5,1.6,1.7,1.5,0.1,10,1.7,2.3,0.9,0.4,10,2.4,2.0,1.0,0.4,5,1.0,2.4,1.4,0.2,5,1.1351012816773598,0.7683655399247895,1.4459918292321527,0.5255301850854056,0.2912970872264427,0.2546117563098165
2023-24,9,2023-24_GW9_Liverpool_vs_Everton,Liverpool,Everton,1.6161,1.0562,2.6723,73.3,153.9,0.8228,0.2889,1.2619,0.8906,2.1525,53.1,122.4,0.8384,0.2535,0.35420000000000007,0.16560000000000008,0.5198,20.199999999999996,2023-10-21,Liverpool,Everton,2,0,H,1740.7,1457.0,283.8,4,16,12,8,8,3,1,1,5,2.0,2.4,1.2,0.2,5,1.4,1.8,1.2,0.2,5,1.9,2.3,1.4,0.1,10,1.1,1.1,1.3,0.2,10,2.6,2.2,0.6,0.4,5,1.6,2.2,1.8,0.0,5,1.4232506647727694,0.6037193381596444,1.3142762739862934,0.6032685832490419,0.2554808095518304,0.2569044990967466
2023-24,9,2023-24_GW9_Bournemouth_vs_Wolverhampton Wanderers,Bournemouth,Wolverhampton Wanderers,0.7369,0.5105,1.2474,54.2,142.5,0.8396,0.2899,1.0377,0.7189,1.7555,54.4,168.4,0.9183,0.1848,-0.30080000000000007,-0.20840000000000003,-0.5081,-0.19999999999999574,2023-10-21,Bournemouth,Wolverhampton Wanderers,1,2,A,1422.7,1505.7,-83.0,19,14,-5,8,8,1,2,2,5,0.4,0.6,2.4,0.2,5,1.0,1.4,1.8,0.0,5,0.3,0.5,2.0,0.1,10,0.9,1.0,2.0,0.1,10,0.4,0.2,1.6,0.2,5,0.8,0.8,2.0,0.2,5,0.8813017001672929,0.7658803334586103,0.8934143697915369,0.6427167690355996,0.2685977358923253,0.3014185255344608
2023-24,9,2023-24_GW9_Brentford_vs_Burnley,Brentford,Burnley,1.441,0.8395,2.2801,56.3,170.7,0.8691,0.2009,0.5096,0.5057,1.0153,50.8,152.8,0.8251,0.1976,0.9314,0.3338,1.2648,5.5,2023-10-21,Brentford,Burnley,3,0,H,1559.2,1441.6,117.6,15,18,3,8,8,1,1,0,2,0.4,1.0,1.8,0.0,5,0.8,0.8,1.8,0.0,5,1.3,1.5,1.3,0.2,10,0.5,0.9,2.3,0.0,10,1.2,1.4,1.6,0.2,5,1.0,0.8,1.2,0.0,5,1.137938502632994,0.5746344954612206,0.8377393689590535,0.4858694932688805,0.2405225780665771,0.428012999868412
2023-24,9,2023-24_GW9_Manchester City_vs_Brighton and Hove Albion,Manchester City,Brighton and Hove Albion,1.5783,0.9431,2.5214,71.6,124.8,0.8242,0.2891,1.4087,0.9293,2.3341,60.0,173.4,0.7029,0.2199,0.16959999999999997,0.013800000000000034,0.18730000000000002,11.599999999999994,2023-10-21,Manchester City,Brighton and Hove Albion,2,1,H,1812.6,1609.5,203.2,4,6,2,8,8,3,1,1,5,1.8,2.2,1.0,0.2,5,2.0,2.4,2.2,0.0,5,1.9,1.8,0.8,0.3,10,1.7,2.3,1.9,0.0,10,3.0,2.2,0.4,0.6,5,1.2,2.0,2.8,0.0,5,1.2624159292264574,0.4657851625538703,1.3507136333903682,0.6214376738845901,0.253810347152462,0.2743114765992557
2023-24,9,2023-24_GW9_Newcastle United_vs_Crystal Palace,Newcastle United,Crystal Palace,1.3644,0.732,2.0957,61.9,153.8,0.8178,0.3544,0.9113,0.5635,1.4749,54.8,127.1,0.8772,0.314,0.45310000000000006,0.16849999999999998,0.6207999999999998,7.100000000000001,2023-10-21,Newcastle United,Crystal Palace,4,0,H,1641.8,1538.8,103.0,8,9,1,8,8,1,1,3,5,2.0,2.8,1.0,0.6,5,1.6,1.0,1.0,0.6,5,1.5,2.1,1.0,0.4,10,1.4,1.0,1.0,0.4,10,2.0,1.8,0.6,0.6,5,1.6,1.2,1.2,0.4,5,1.4297247135457454,0.5154127118485395,0.8778261606035227,0.6285144088370357,0.2411869665208714,0.2572841496420576
2023-24,9,2023-24_GW9_Nottingham Forest_vs_Luton,Nottingham Forest,Luton,0.7716,0.4979,1.2695,55.7,213.9,0.8116,0.2292,0.9708,0.6459,1.6167,49.9,174.2,0.8027,0.1935,-0.19920000000000004,-0.14800000000000002,-0.34719999999999995,5.800000000000004,2023-10-21,Nottingham Forest,Luton,2,2,D,1498.9,1459.6,39.3,15,17,2,8,8,0,0,0,0,1.2,0.6,0.8,0.4,5,0.8,0.8,1.2,0.0,5,1.3,1.0,1.1,0.3,10,0.5,0.75,1.875,0.0,8,2.2,1.8,1.2,0.2,5,0.75,0.75,2.25,0.0,4,0.8215421919947776,0.537494281133778,1.1189499164463217,0.4799269592050112,0.2638521040759378,0.428012999868412
2023-24,9,2023-24_GW9_Chelsea_vs_Arsenal,Chelsea,Arsenal,1.2698,0.8709,2.1408,59.4,254.1,0.8228,0.1954,1.3778,0.7338,2.1116,68.2,145.3,0.8068,0.2577,-0.10799999999999987,0.1371,0.029199999999999893,-8.800000000000004,2023-10-21,Chelsea,Arsenal,2,2,D,1551.1,1729.9,-178.8,11,4,-7,8,8,1,4,0,5,1.4,1.2,0.6,0.4,5,2.6,2.2,0.6,0.6,5,1.2,1.3,1.2,0.3,10,2.3,2.1,0.7,0.5,10,1.0,1.0,0.8,0.2,5,2.4,1.6,0.2,0.8,5,1.212639188014658,0.4551349682850762,1.2917092289448882,0.4963628176294055,0.3094671170950538,0.2381877272129145
2023-24,9,2023-24_GW9_Sheffield United_vs_Manchester United,Sheffield United,Manchester United,0.7149,0.3789,1.0929,50.0,159.1,0.838,0.1265,1.1818,0.8387,2.0205,64.8,184.8,0.7402,0.1847,-0.4669,-0.4598,-0.9276000000000002,-14.799999999999997,2023-10-21,Sheffield United,Manchester United,1,2,A,1379.0,1646.8,-267.8,20,10,-10,8,8,1,2,1,4,0.2,0.8,3.4,0.0,5,1.2,1.0,1.6,0.2,5,0.4,0.7,2.3,0.1,10,1.8,1.5,1.4,0.2,10,0.8,0.8,2.6,0.2,5,1.2,0.6,1.2,0.4,5,0.6455292744905792,0.6944170142170623,1.0937272210342994,0.5572879620771896,0.428012999868412,0.259334262586737
2023-24,9,2023-24_GW9_Aston Villa_vs_West Ham United,Aston Villa,West Ham United,1.6146,0.7474,2.362,59.7,160.9,0.9274,0.2561,1.4488,0.9892,2.438,57.6,111.4,0.9532,0.2583,0.16579999999999995,-0.24180000000000001,-0.07600000000000007,2.1000000000000014,2023-10-22,Aston Villa,West Ham United,4,1,H,1619.5,1543.7,75.8,6,9,3,8,8,0,4,1,5,2.0,2.2,1.2,0.2,5,1.4,1.6,1.8,0.2,5,2.0,2.2,1.4,0.2,10,1.7,1.9,1.5,0.1,10,3.0,3.4,0.8,0.2,5,1.4,1.6,1.6,0.0,5,1.2631166347103324,0.5984672740104859,1.104633358353623,0.7547902183539469,0.2510009331171606,0.2750517951626121
2023-24,9,2023-24_GW9_Tottenham_vs_Fulham,Tottenham,Fulham,1.5487,1.2958,2.8433,65.1,160.7,0.9378,0.2202,0.7352,0.5415,1.2767,54.1,126.2,0.8309,0.2126,0.8135,0.7543000000000001,1.5666000000000002,10.999999999999993,2023-10-23,Tottenham,Fulham,2,0,H,1660.3,1497.3,162.9,4,13,9,8,8,4,0,1,5,2.6,2.4,1.2,0.2,5,1.4,1.0,1.6,0.4,5,2.3,2.3,1.2,0.3,10,1.2,1.1,1.7,0.3,10,2.4,1.6,1.0,0.4,5,1.0,1.0,1.8,0.4,5,1.272487610869286,0.5527708139636226,0.9362170952338718,0.6821949300365922,0.2517222691532515,0.2541140675887108
2023-24,10,2023-24_GW10_Crystal Palace_vs_Tottenham,Crystal Palace,Tottenham,0.776,0.448,1.224,53.6,127.8,0.8516,0.3087,1.5551,1.2452,2.7991,65.6,160.4,0.9315,0.2176,-0.7790999999999999,-0.7972000000000001,-1.5751000000000002,-11.999999999999993,2023-10-27,Crystal Palace,Tottenham,1,2,A,1534.1,1663.9,-129.8,11,1,-10,9,9,1,4,0,5,1.0,0.4,1.4,0.6,5,2.6,1.8,0.8,0.4,5,1.3,0.8,1.2,0.4,10,2.6,2.4,0.9,0.4,10,1.2,0.8,0.8,0.4,5,2.2,2.4,1.2,0.4,5,0.8855554497333867,0.6402588616963194,1.2493818411711546,0.534373406814986,0.2436538964898378,0.238519633693972
2023-24,10,2023-24_GW10_Wolverhampton Wanderers_vs_Newcastle United,Wolverhampton Wanderers,Newcastle United,1.0765,0.7855,1.8613,54.5,168.2,0.8938,0.1854,1.3145,0.7446,2.0584,60.8,155.2,0.7856,0.3289,-0.238,0.040899999999999936,-0.19709999999999983,-6.299999999999997,2023-10-28,Wolverhampton Wanderers,Newcastle United,2,2,D,1516.2,1646.6,-130.3,12,6,-6,9,9,1,2,2,5,1.6,1.4,1.4,0.0,5,2.6,3.4,0.4,0.8,5,1.1,1.1,2.0,0.1,10,1.7,2.5,1.0,0.4,10,1.0,1.2,2.0,0.0,5,1.0,2.4,1.4,0.2,5,0.9738575071268208,0.5987988434979296,1.4504592484750676,0.5060871941688168,0.2843950603136875,0.2287943236198918
2023-24,10,2023-24_GW10_Bournemouth_vs_Burnley,Bournemouth,Burnley,0.701,0.4789,1.1799,53.9,142.7,0.824,0.271,0.5635,0.4949,1.0585,52.3,151.0,0.7896,0.2057,0.13749999999999996,-0.016000000000000014,0.12139999999999995,1.6000000000000014,2023-10-28,Bournemouth,Burnley,2,1,H,1412.2,1437.1,-24.9,19,18,-1,9,9,1,4,0,5,0.2,0.4,2.4,0.2,5,0.6,0.6,2.2,0.0,5,0.3,0.6,2.1,0.1,10,0.4,0.8,2.5,0.0,10,0.4,0.4,1.8,0.2,5,1.0,0.8,1.6,0.0,5,0.8370211457558465,0.7523029377353649,0.840679739002674,0.5191074842440143,0.254097652893715,0.4012564889335813
2023-24,10,2023-24_GW10_Arsenal_vs_Sheffield United,Arsenal,Sheffield United,1.273,0.7127,1.9857,68.7,144.6,0.8217,0.2457,0.7759,0.4105,1.1855,50.9,157.9,0.8497,0.1701,0.4970999999999999,0.3022,0.8002,17.800000000000004,2023-10-28,Arsenal,Sheffield United,5,0,H,1727.7,1373.4,354.3,3,20,17,9,9,2,1,1,4,2.2,2.0,0.8,0.6,5,0.0,0.6,3.4,0.0,5,2.4,2.3,0.8,0.5,10,0.4,0.8,2.4,0.1,10,2.2,2.0,1.2,0.2,5,0.0,0.6,2.0,0.0,5,1.2327024404634004,0.5001389966385302,0.7032028026903008,0.6378217773875684,0.2260256767879915,0.4012564889335813
2023-24,10,2023-24_GW10_Chelsea_vs_Brentford,Chelsea,Brentford,1.25,0.8664,2.1164,56.7,256.8,0.8361,0.2115,1.5145,0.9754,2.4899,56.3,169.5,0.8687,0.1976,-0.26449999999999996,-0.1090000000000001,-0.37349999999999994,0.4000000000000057,2023-10-28,Chelsea,Brentford,0,2,A,1553.4,1563.6,-10.2,10,14,4,9,9,1,2,1,4,1.6,1.6,0.8,0.4,5,0.8,1.2,1.4,0.2,5,1.3,1.4,1.0,0.3,10,1.3,1.5,1.2,0.3,10,1.0,1.2,1.0,0.2,5,1.4,1.6,1.0,0.2,5,1.1831921685584783,0.4420855547640672,1.26031603318631,0.5590213215257834,0.2918248467486605,0.2281810157773822
2023-24,10,2023-24_GW10_West Ham United_vs_Everton,West Ham United,Everton,1.4123,0.9587,2.371,57.7,111.3,0.9593,0.2541,1.1482,0.8294,1.9776,54.0,121.3,0.8221,0.2492,0.2641,0.12929999999999997,0.39339999999999997,3.700000000000003,2023-10-29,West Ham United,Everton,0,1,A,1538.4,1455.0,83.4,9,16,7,9,9,3,2,0,5,0.8,1.4,2.4,0.2,5,1.2,1.4,1.2,0.2,5,1.4,1.7,1.8,0.1,10,1.0,1.0,1.4,0.2,10,2.0,2.2,1.4,0.2,5,1.0,1.2,2.0,0.0,5,1.073381160567613,0.7469285561008738,1.1734337602469878,0.6245518043176714,0.260055500506665,0.2433034348655466
2023-24,10,2023-24_GW10_Aston Villa_vs_Luton,Aston Villa,Luton,1.6173,0.7772,2.3945,60.0,160.9,0.9395,0.2682,0.9865,0.6528,1.6393,50.7,173.1,0.7866,0.1882,0.6307999999999999,0.12439999999999996,0.7551999999999999,9.299999999999997,2023-10-29,Aston Villa,Luton,3,1,H,1624.9,1463.5,161.4,5,18,13,9,9,0,0,0,0,2.6,3.0,0.8,0.2,5,1.0,1.2,1.4,0.0,5,2.2,2.5,1.4,0.2,10,0.5555555555555556,0.8888888888888888,1.8888888888888888,0.0,9,3.0,3.8,0.8,0.2,5,0.8,1.0,2.2,0.0,5,1.280401301355914,0.5781469447497408,1.1374510237079254,0.5011513719550607,0.2378537566078188,0.4012564889335813
2023-24,10,2023-24_GW10_Brighton and Hove Albion_vs_Fulham,Brighton and Hove Albion,Fulham,1.2618,0.8043,2.0622,59.9,173.0,0.6768,0.2351,0.7639,0.5099,1.2738,54.1,126.0,0.8116,0.1963,0.4979,0.2944,0.7883999999999998,5.799999999999997,2023-10-29,Brighton and Hove Albion,Fulham,1,1,D,1606.5,1493.7,112.8,7,14,7,9,9,0,3,2,5,1.4,2.0,2.4,0.0,5,1.4,0.8,1.0,0.4,5,1.6,2.3,2.0,0.0,10,1.1,0.9,1.7,0.3,10,2.0,2.6,1.6,0.0,5,1.0,0.8,1.8,0.4,5,1.2592022330169097,0.5869729298384417,0.9209986223720448,0.6634220658746293,0.2593721003392972,0.2407275419270065
2023-24,10,2023-24_GW10_Liverpool_vs_Nottingham Forest,Liverpool,Nottingham Forest,1.5299,0.9733,2.5032,76.2,151.0,0.7844,0.2851,0.8176,0.4992,1.3168,53.7,215.7,0.7916,0.2604,0.7123,0.4741000000000001,1.1864000000000001,22.5,2023-10-29,Liverpool,Nottingham Forest,3,0,H,1742.7,1495.1,247.6,5,15,10,9,9,1,1,0,2,2.0,2.2,1.2,0.2,5,0.8,0.8,1.2,0.2,5,2.1,2.4,1.3,0.2,10,1.1,1.1,1.3,0.2,10,2.6,2.4,0.6,0.4,5,0.8,0.8,1.4,0.4,5,1.4362827057268752,0.5562925478349611,0.972526556866076,0.5297474674760568,0.2419892037744547,0.2497168825900752
2023-24,10,2023-24_GW10_Manchester United_vs_Manchester City,Manchester United,Manchester City,1.1341,0.8043,1.9383,66.7,182.7,0.756,0.179,1.5161,0.9792,2.4953,73.5,122.9,0.811,0.2882,-0.3819999999999999,-0.17489999999999994,-0.5569999999999999,-6.799999999999997,2023-10-29,Manchester United,Manchester City,0,3,A,1652.3,1815.6,-163.3,8,5,-3,9,9,2,3,0,5,1.8,1.2,1.2,0.2,5,1.8,1.6,1.0,0.2,5,1.8,1.3,1.4,0.2,10,2.1,1.9,0.8,0.3,10,1.8,1.4,1.4,0.2,5,1.8,1.8,1.0,0.2,5,1.0605180234034477,0.5438783164124018,1.1859073347623448,0.4580537672620939,0.2455463892610102,0.2404471726275735
2023-24,11,2023-24_GW11_Fulham_vs_Manchester United,Fulham,Manchester United,0.7541,0.4736,1.2277,54.9,125.0,0.7917,0.1898,1.0075,0.7421,1.7497,62.3,186.6,0.7508,0.1797,-0.25340000000000007,-0.26849999999999996,-0.522,-7.399999999999999,2023-11-04,Fulham,Manchester United,0,1,A,1499.2,1644.1,-144.9,14,8,-6,10,10,0,4,1,5,1.0,0.8,1.2,0.2,5,1.8,1.0,1.2,0.2,5,1.2,0.9,1.6,0.3,10,1.5,1.1,1.6,0.2,10,1.4,1.2,1.6,0.2,5,1.8,1.0,1.2,0.4,5,0.8865949350037075,0.6407645064434278,1.0298794339855857,0.5886371311642377,0.228370221267363,0.2328185780121235
2023-24,11,2023-24_GW11_Brentford_vs_West Ham United,Brentford,West Ham United,1.5171,0.9559,2.4731,56.3,169.4,0.8832,0.2117,1.2714,0.8779,2.1493,57.7,111.2,0.9332,0.2421,0.2456999999999998,0.07799999999999996,0.32379999999999987,-1.4000000000000057,2023-11-04,Brentford,West Ham United,3,2,H,1576.1,1523.6,52.6,10,9,-1,10,10,4,0,0,4,1.4,1.6,1.2,0.4,5,0.8,1.2,2.0,0.2,5,1.3,1.6,1.2,0.3,10,1.4,1.6,1.7,0.1,10,1.2,1.8,1.6,0.2,5,1.4,1.6,2.0,0.0,5,1.2864642617731985,0.5641693077079745,1.0092596491431889,0.7063883641515044,0.2167883178882775,0.2462121757745296
2023-24,11,2023-24_GW11_Burnley_vs_Crystal Palace,Burnley,Crystal Palace,0.5609,0.4744,1.0353,51.2,152.0,0.7759,0.192,0.7605,0.4402,1.2007,53.3,128.0,0.8759,0.2989,-0.1996,0.03420000000000001,-0.1654,-2.0999999999999943,2023-11-04,Burnley,Crystal Palace,0,2,A,1429.3,1525.0,-95.7,19,13,-6,10,10,3,0,2,5,0.6,0.8,2.4,0.0,5,1.0,0.4,1.2,0.6,5,0.4,0.8,2.5,0.0,10,1.2,0.8,1.3,0.4,10,0.0,0.8,3.2,0.0,5,1.4,0.8,1.6,0.4,5,0.8169568139287807,0.4881489666881062,0.8494594562833448,0.6194943218206025,0.3765571163173662,0.2310715869996357
2023-24,11,2023-24_GW11_Everton_vs_Brighton and Hove Albion,Everton,Brighton and Hove Albion,1.1211,0.7901,1.9112,53.5,121.4,0.837,0.2449,1.1869,0.7585,1.9415,58.4,174.4,0.6758,0.2434,-0.06580000000000008,0.03160000000000007,-0.030299999999999994,-4.899999999999999,2023-11-04,Everton,Brighton and Hove Albion,1,1,D,1469.8,1601.0,-131.2,15,8,-7,10,10,2,2,1,5,1.8,1.6,1.0,0.4,5,1.0,1.6,2.4,0.0,5,1.0,1.0,1.4,0.2,10,1.7,2.3,1.9,0.0,10,0.6,0.8,1.0,0.2,5,1.2,2.0,2.4,0.0,5,1.111777582525943,0.592631950115676,1.221425254367421,0.5581179346937216,0.2307480701454713,0.245581317908909
2023-24,11,2023-24_GW11_Manchester City_vs_Bournemouth,Manchester City,Bournemouth,1.7083,1.0486,2.7569,73.4,122.9,0.81,0.2896,0.7291,0.4716,1.2007,53.9,142.7,0.7923,0.2549,0.9792,0.577,1.5561999999999998,19.500000000000007,2023-11-04,Manchester City,Bournemouth,6,1,H,1823.8,1420.1,403.7,3,17,14,10,10,5,0,0,5,1.8,1.6,0.8,0.4,5,0.6,0.8,2.6,0.0,5,2.4,2.2,0.7,0.4,10,0.6,0.8,2.1,0.1,10,3.0,2.2,0.4,0.6,5,0.2,0.8,2.4,0.0,5,1.3620087822641238,0.4564937117127224,0.8393620699064037,0.7066373044772638,0.2281114077840315,0.2407123892537349
2023-24,11,2023-24_GW11_Sheffield United_vs_Wolverhampton Wanderers,Sheffield United,Wolverhampton Wanderers,0.5929,0.3459,0.9381,50.4,156.7,0.8087,0.1848,1.0603,0.762,1.8215,54.5,168.1,0.8901,0.1856,-0.46740000000000004,-0.4161,-0.8833999999999999,-4.100000000000001,2023-11-04,Sheffield United,Wolverhampton Wanderers,2,1,H,1372.1,1517.1,-145.0,20,13,-7,10,10,1,2,1,4,0.0,0.4,4.0,0.0,5,1.8,1.6,1.2,0.0,5,0.1,0.7,2.9,0.0,10,1.2,1.3,1.7,0.1,10,0.2,0.8,3.0,0.0,5,1.4,1.2,1.2,0.2,5,0.616037522502263,0.6444765689987816,0.9487318983459684,0.6042769986626401,0.3765571163173662,0.2686804212962472
2023-24,11,2023-24_GW11_Newcastle United_vs_Arsenal,Newcastle United,Arsenal,1.3397,0.7632,2.1021,62.8,153.3,0.8055,0.3407,1.2748,0.7521,2.0269,68.0,145.1,0.8082,0.2273,0.06489999999999996,0.011099999999999999,0.07520000000000016,-5.200000000000003,2023-11-04,Newcastle United,Arsenal,1,0,H,1645.7,1729.1,-83.4,8,3,-5,10,10,1,3,1,5,2.2,3.6,0.8,0.6,5,2.2,2.8,0.8,0.6,5,1.7,2.6,1.1,0.4,10,2.4,2.3,0.8,0.5,10,2.4,2.6,0.6,0.6,5,2.0,1.6,0.6,0.6,5,1.4506067295680682,0.4945972556248587,1.3093219234014666,0.4687072373609612,0.2173544723830652,0.2147986892351664
2023-24,11,2023-24_GW11_Luton_vs_Liverpool,Luton,Liverpool,0.8924,0.6041,1.4965,49.6,173.5,0.7824,0.1949,1.6363,0.9625,2.5987,77.6,148.6,0.746,0.2831,-0.7439000000000001,-0.35840000000000005,-1.1022,-27.999999999999993,2023-11-05,Luton,Liverpool,1,1,D,1459.8,1745.1,-285.3,18,4,-14,10,10,0,0,0,0,0.8,1.2,1.8,0.0,5,2.0,2.2,1.0,0.4,5,0.5,0.9,2.0,0.0,10,2.3,2.3,0.9,0.3,10,0.25,0.75,1.5,0.0,4,1.6,1.8,1.4,0.0,5,1.03082645888587,0.5041335671779849,1.5047845314064652,0.5249701096626344,0.3765571163173662,0.2295348819423548
2023-24,11,2023-24_GW11_Nottingham Forest_vs_Aston Villa,Nottingham Forest,Aston Villa,0.818,0.4608,1.2788,53.8,215.6,0.815,0.2634,1.6874,0.9263,2.6137,60.2,160.8,0.9484,0.2593,-0.8694000000000001,-0.4655,-1.3349000000000002,-6.400000000000006,2023-11-05,Nottingham Forest,Aston Villa,2,0,H,1492.7,1628.5,-135.8,16,5,-11,10,10,0,1,1,2,0.6,0.6,1.6,0.2,5,2.6,3.0,0.8,0.2,5,1.0,1.0,1.5,0.2,10,2.2,2.6,1.4,0.2,10,1.8,1.4,1.0,0.2,5,1.4,1.2,2.0,0.2,5,0.9084863289645652,0.5431886910973126,1.3215780164328463,0.5461668091217508,0.2366684285766798,0.2257173830632149
2023-24,11,2023-24_GW11_Tottenham_vs_Chelsea,Tottenham,Chelsea,1.5263,1.1458,2.6711,65.7,160.1,0.927,0.2073,1.2599,0.8779,2.1378,58.0,255.5,0.8364,0.1897,0.26639999999999997,0.2678999999999999,0.5333000000000001,7.700000000000003,2023-11-06,Tottenham,Chelsea,1,4,A,1673.0,1540.8,132.2,2,13,11,10,10,1,3,1,5,2.6,1.8,0.8,0.4,5,1.4,1.6,1.2,0.2,5,2.6,2.2,0.9,0.4,10,1.2,1.3,1.1,0.3,10,2.4,1.8,1.0,0.4,5,1.4,1.6,1.6,0.4,5,1.20135708716539,0.5097075269846383,1.2103957107799803,0.4536865184627707,0.2263320650861273,0.2755389786045324
2023-24,12,2023-24_GW12_Wolverhampton Wanderers_vs_Tottenham,Wolverhampton Wanderers,Tottenham,1.0634,0.7365,1.7992,53.9,168.5,0.8754,0.1756,1.4215,1.1215,2.5421,65.8,160.0,0.9221,0.1906,-0.3581000000000001,-0.3849999999999999,-0.7429000000000001,-11.899999999999999,2023-11-11,Wolverhampton Wanderers,Tottenham,2,1,H,1505.8,1657.2,-151.4,14,2,-12,11,11,2,3,0,5,1.6,1.6,1.4,0.0,5,2.4,1.6,1.2,0.4,5,1.2,1.4,1.8,0.1,10,2.5,2.1,1.1,0.4,10,1.0,1.4,2.2,0.0,5,2.6,2.4,1.0,0.4,5,0.9519192921567314,0.5833057025204811,1.1467816455002309,0.5777335265963932,0.2541739811416829,0.2150815212815172
2023-24,12,2023-24_GW12_Arsenal_vs_Burnley,Arsenal,Burnley,1.0307,0.6801,1.7108,65.1,148.0,0.7846,0.2207,0.5218,0.4557,0.9775,50.6,152.5,0.7534,0.2064,0.5088999999999999,0.22440000000000004,0.7333000000000001,14.499999999999993,2023-11-11,Arsenal,Burnley,3,1,H,1719.5,1419.1,300.4,4,19,15,11,11,1,1,3,5,2.0,2.4,0.6,0.6,5,0.6,0.8,2.4,0.0,5,2.1,2.1,0.8,0.5,10,0.4,0.8,2.4,0.0,10,2.2,2.6,1.0,0.4,5,0.8,0.8,1.8,0.0,5,1.2159221515305836,0.4704707174913969,0.8211253089327618,0.4693539099078963,0.2044348735044744,0.3537567217098437
2023-24,12,2023-24_GW12_Crystal Palace_vs_Everton,Crystal Palace,Everton,0.8613,0.4946,1.3559,53.6,127.9,0.896,0.2777,1.0715,0.7471,1.8186,52.7,122.0,0.8533,0.2382,-0.21019999999999994,-0.2525,-0.4626999999999999,0.8999999999999986,2023-11-11,Crystal Palace,Everton,2,3,A,1535.1,1470.7,64.3,11,16,5,11,11,1,2,2,5,1.4,0.8,1.2,0.6,5,1.4,1.2,1.0,0.4,5,1.2,0.9,1.3,0.4,10,1.1,1.1,1.4,0.2,10,1.0,0.8,1.0,0.4,5,1.4,1.2,1.8,0.2,5,0.8702835109513053,0.5988150055179605,1.0501329628445262,0.5652026466545133,0.2194566514339345,0.2191580077375238
2023-24,12,2023-24_GW12_Manchester United_vs_Luton,Manchester United,Luton,0.9334,0.7277,1.661,62.1,186.5,0.7455,0.1795,0.801,0.5829,1.3839,50.4,172.5,0.759,0.1957,0.13239999999999996,0.14480000000000004,0.2771000000000001,11.700000000000003,2023-11-11,Manchester United,Luton,1,0,H,1652.8,1464.7,188.1,8,17,9,11,11,0,0,0,0,1.8,1.0,1.2,0.2,5,0.4,1.0,1.8,0.0,5,1.5,1.1,1.6,0.2,10,0.6,0.9,1.7,0.0,10,1.2,1.2,2.0,0.0,5,0.8,1.0,2.0,0.0,5,0.9835886274903918,0.5638167655836971,0.9750733350937272,0.5199377827909578,0.2210693273945525,0.3537567217098437
2023-24,12,2023-24_GW12_Bournemouth_vs_Newcastle United,Bournemouth,Newcastle United,0.6898,0.4696,1.1594,53.7,142.4,0.7406,0.2501,1.2153,0.7169,1.9315,62.7,152.9,0.8375,0.316,-0.5255000000000001,-0.24729999999999996,-0.7721,-9.0,2023-11-11,Bournemouth,Newcastle United,2,0,H,1419.0,1655.2,-236.2,18,7,-11,11,11,0,2,3,5,0.6,0.8,3.2,0.0,5,2.2,2.2,0.8,0.6,5,0.5,0.8,2.6,0.1,10,1.7,2.2,1.0,0.5,10,0.8,0.6,1.8,0.2,5,1.0,2.6,1.6,0.2,5,0.8171389258090578,0.6933705211423097,1.3832374492663182,0.4749564937120651,0.2283562335869746,0.2067941587061192
2023-24,12,2023-24_GW12_Aston Villa_vs_Fulham,Aston Villa,Fulham,1.6366,1.0202,2.6569,60.6,160.7,0.9552,0.2517,0.6999,0.4652,1.1651,54.6,123.9,0.7808,0.1914,0.9367000000000001,0.5549999999999999,1.4917999999999998,6.0,2023-11-12,Aston Villa,Fulham,3,1,H,1617.5,1490.5,127.0,5,16,11,11,11,3,1,0,4,2.0,2.8,1.2,0.0,5,0.8,0.8,1.4,0.0,5,2.2,2.5,1.1,0.2,10,0.9,0.8,1.7,0.2,10,3.0,4.0,0.8,0.2,5,0.6,0.8,2.0,0.2,5,1.2720139078306358,0.5203055353718847,0.876022284529696,0.6103738871977447,0.2145140982583368,0.2169629765689049
2023-24,12,2023-24_GW12_Brighton and Hove Albion_vs_Sheffield United,Brighton and Hove Albion,Sheffield United,0.9762,0.6921,1.6644,56.3,176.3,0.6536,0.2355,0.5269,0.3104,0.8371,48.8,157.9,0.7946,0.1824,0.4492999999999999,0.38170000000000004,0.8273000000000001,7.5,2023-11-12,Brighton and Hove Albion,Sheffield United,1,1,D,1600.1,1383.4,216.8,8,20,12,11,11,0,2,2,4,0.6,1.2,2.4,0.0,5,0.6,0.8,2.6,0.0,5,1.5,2.0,1.9,0.0,10,0.4,0.9,2.9,0.0,10,1.6,2.0,1.6,0.0,5,0.0,0.6,2.8,0.0,5,1.134039660825034,0.5335293367385288,0.6430279034057081,0.606541622947853,0.2328508212179562,0.3537567217098437
2023-24,12,2023-24_GW12_Liverpool_vs_Brentford,Liverpool,Brentford,1.6843,0.9739,2.6582,77.9,148.6,0.7651,0.2617,1.5174,0.9644,2.4819,56.2,169.2,0.8791,0.2181,0.16689999999999983,0.009499999999999953,0.1762999999999999,21.700000000000003,2023-11-12,Liverpool,Brentford,3,0,H,1740.2,1582.0,158.2,5,9,4,11,11,2,1,1,4,1.6,1.8,1.0,0.4,5,2.0,2.0,1.0,0.4,5,2.3,2.3,0.9,0.3,10,1.5,1.7,1.2,0.3,10,3.0,2.8,0.4,0.6,5,1.4,1.4,0.8,0.4,5,1.561263446965341,0.5085916592855507,1.2546311832116666,0.5695182873542272,0.2180380938759835,0.2062715322374004
2023-24,12,2023-24_GW12_West Ham United_vs_Nottingham Forest,West Ham United,Nottingham Forest,1.2887,0.8579,2.1466,57.7,111.0,0.8991,0.231,0.7682,0.4303,1.1984,53.7,215.4,0.7974,0.261,0.5205,0.4276,0.9481999999999999,4.0,2023-11-12,West Ham United,Nottingham Forest,3,2,H,1517.7,1503.7,14.0,13,15,2,11,11,1,1,0,2,0.8,1.4,2.0,0.2,5,1.2,1.0,1.2,0.4,5,1.3,1.7,1.9,0.1,10,1.3,1.1,1.3,0.3,10,1.4,1.6,1.4,0.2,5,0.8,0.6,1.6,0.4,5,1.0619254430266232,0.6882455760075603,0.8540260784381792,0.5254419652149607,0.2334331764259571,0.2246231873818403
2023-24,12,2023-24_GW12_Chelsea_vs_Manchester City,Chelsea,Manchester City,1.4491,0.9144,2.3635,57.7,255.4,0.8485,0.22,1.6874,1.1245,2.8119,73.3,122.6,0.7954,0.2779,-0.23829999999999996,-0.21010000000000006,-0.4483999999999999,-15.599999999999994,2023-11-12,Chelsea,Manchester City,4,4,D,1556.7,1824.8,-268.2,11,1,-10,11,11,1,4,0,5,2.0,2.4,1.2,0.2,5,1.8,2.4,1.0,0.2,5,1.4,1.6,1.1,0.3,10,2.4,2.5,0.8,0.3,10,0.8,1.0,1.2,0.2,5,1.8,1.8,1.0,0.2,5,1.3934054423722428,0.4377821559259661,1.3574970763051937,0.4489103148274428,0.2605052275055906,0.2167240616117763
2023-24,13,2023-24_GW13_Nottingham Forest_vs_Brighton and Hove Albion,Nottingham Forest,Brighton and Hove Albion,0.8532,0.4543,1.3076,56.0,213.0,0.7775,0.275,0.8671,0.6409,1.5042,56.6,175.9,0.6362,0.2115,-0.013900000000000023,-0.18660000000000004,-0.19659999999999989,-0.6000000000000014,2023-11-25,Nottingham Forest,Brighton and Hove Albion,2,3,A,1496.9,1592.9,-96.0,15,8,-7,12,12,1,0,1,2,1.0,1.2,1.6,0.4,5,0.8,1.2,1.4,0.0,5,1.0,1.1,1.5,0.3,10,1.3,1.7,1.9,0.0,10,1.8,1.6,1.0,0.2,5,1.4,2.0,2.2,0.0,5,0.904010741444074,0.5178628240669237,1.1297370703309195,0.526357218055765,0.2135040283387143,0.2210990916249166
2023-24,13,2023-24_GW13_Sheffield United_vs_Bournemouth,Sheffield United,Bournemouth,0.6027,0.3422,0.9448,48.9,157.9,0.8298,0.1854,0.7593,0.4851,1.2445,53.6,142.3,0.7874,0.2641,-0.15659999999999996,-0.14289999999999997,-0.29969999999999997,-4.700000000000003,2023-11-25,Sheffield United,Bournemouth,1,3,A,1390.6,1432.8,-42.2,19,17,-2,12,12,1,0,1,2,0.8,1.0,2.4,0.0,5,1.2,1.2,2.4,0.2,5,0.5,0.9,2.8,0.0,10,0.8,0.9,2.3,0.2,10,0.8,1.2,3.0,0.0,5,0.2,1.0,3.4,0.0,5,0.6889203657620552,0.5813978313732352,0.9283615957133056,0.648590087647728,0.3327093047435739,0.2169500643124902
2023-24,13,2023-24_GW13_Brentford_vs_Arsenal,Brentford,Arsenal,1.4642,0.9568,2.421,56.1,168.1,0.8636,0.2199,1.0317,0.7303,1.7619,65.6,148.0,0.7912,0.2103,0.4324999999999999,0.22650000000000003,0.6590999999999998,-9.499999999999993,2023-11-25,Brentford,Arsenal,0,1,A,1578.3,1721.4,-143.0,11,3,-8,12,12,1,2,1,4,1.8,1.8,1.4,0.4,5,2.0,2.2,0.8,0.4,5,1.2,1.4,1.5,0.2,10,2.1,2.3,0.9,0.4,10,1.6,2.0,1.6,0.2,5,2.0,1.6,0.6,0.6,5,1.2370334066298188,0.563437407522492,1.238035639785764,0.4507842984344867,0.1965633154916314,0.1948678657925336
2023-24,13,2023-24_GW13_Luton_vs_Crystal Palace,Luton,Crystal Palace,0.7356,0.5795,1.3151,50.6,171.4,0.7865,0.2005,0.9362,0.541,1.4772,53.8,127.8,0.897,0.2865,-0.2006,0.03849999999999998,-0.16210000000000013,-3.1999999999999957,2023-11-25,Luton,Crystal Palace,2,1,H,1461.5,1520.7,-59.2,18,13,-5,12,12,0,0,0,0,0.4,0.8,1.6,0.0,5,0.8,1.0,1.8,0.4,5,0.6,0.9,1.5,0.0,10,1.2,1.1,1.5,0.4,10,0.4,0.8,1.4,0.0,5,1.4,1.0,1.6,0.4,5,0.8936029287556047,0.5125273251914565,0.9484631313121104,0.5968499291577686,0.3327093047435739,0.2087347145510082
2023-24,13,2023-24_GW13_Burnley_vs_West Ham United,Burnley,West Ham United,0.5115,0.3854,0.8968,51.0,152.1,0.7164,0.1932,1.2885,0.8456,2.1341,57.8,111.0,0.9011,0.2333,-0.777,-0.4602,-1.2373,-6.799999999999997,2023-11-25,Burnley,West Ham United,1,2,A,1417.3,1524.5,-107.2,20,9,-11,12,12,1,2,2,5,0.0,0.6,2.8,0.0,5,0.8,1.6,2.4,0.0,5,0.4,0.8,2.4,0.0,10,1.3,1.7,2.0,0.1,10,0.0,0.8,3.0,0.0,5,1.2,1.8,2.4,0.0,5,0.7535913637960721,0.4706869857080279,1.0688485310125329,0.6788799602479154,0.3327093047435739,0.2216366732368256
2023-24,13,2023-24_GW13_Newcastle United_vs_Chelsea,Newcastle United,Chelsea,1.0456,0.6624,1.7073,62.9,152.8,0.8212,0.3141,1.6085,0.8937,2.5021,57.7,255.4,0.8597,0.2254,-0.5629,-0.23130000000000006,-0.7948,5.199999999999996,2023-11-25,Newcastle United,Chelsea,4,1,H,1641.5,1561.2,80.3,8,10,2,12,12,1,3,1,5,1.6,1.8,1.2,0.4,5,1.6,2.8,2.0,0.0,5,1.7,2.2,1.1,0.5,10,1.5,1.9,1.2,0.3,10,2.4,1.8,0.4,0.8,5,2.0,2.2,1.0,0.4,5,1.2757729433017102,0.4969334868949738,1.4635823837842814,0.4590901968922539,0.19704576052796,0.2466273261186493
2023-24,13,2023-24_GW13_Manchester City_vs_Liverpool,Manchester City,Liverpool,1.769,1.123,2.8921,73.4,122.5,0.829,0.2899,1.7104,0.9601,2.6705,77.9,148.4,0.7529,0.2574,0.058599999999999985,0.16290000000000004,0.22160000000000002,-4.5,2023-11-25,Manchester City,Liverpool,1,1,D,1820.3,1743.9,76.4,2,3,1,12,12,2,1,2,5,2.0,3.0,1.4,0.2,5,2.2,2.2,0.6,0.6,5,2.2,2.8,1.2,0.2,10,2.3,2.3,0.8,0.4,10,3.0,3.2,0.6,0.4,5,1.6,1.8,1.4,0.0,5,1.423012083335736,0.5011313633503255,1.506296448724867,0.5101940749988121,0.2062122162182042,0.2074252208809734
2023-24,13,2023-24_GW13_Tottenham_vs_Aston Villa,Tottenham,Aston Villa,1.2207,1.024,2.2436,65.0,160.9,0.8573,0.1868,1.6951,0.9832,2.6783,60.7,160.7,0.9442,0.2752,-0.47440000000000015,0.04080000000000006,-0.4347000000000003,4.299999999999997,2023-11-26,Tottenham,Aston Villa,1,2,A,1645.7,1621.7,24.0,4,5,1,12,12,2,3,0,5,1.8,1.4,1.4,0.4,5,2.0,2.2,1.2,0.0,5,2.2,2.0,1.3,0.3,10,2.2,2.4,1.2,0.1,10,2.4,1.8,1.2,0.4,5,1.4,1.0,1.4,0.2,5,1.0833068432690127,0.5820606161133132,1.3604946748178235,0.5075659014791858,0.2046959603897428,0.2041721629217288
2023-24,13,2023-24_GW13_Everton_vs_Manchester United,Everton,Manchester United,1.1181,0.7351,1.8532,53.4,121.2,0.8746,0.231,1.0488,0.7151,1.7639,64.0,184.7,0.7479,0.1761,0.06930000000000014,0.020000000000000018,0.08929999999999993,-10.600000000000001,2023-11-26,Everton,Manchester United,0,3,A,1485.1,1656.0,-170.9,14,8,-6,12,12,1,2,2,5,2.0,1.6,1.0,0.4,5,2.4,1.2,1.0,0.4,5,1.4,1.4,1.2,0.2,10,1.8,1.2,1.4,0.3,10,0.8,1.0,1.0,0.2,5,1.8,1.0,1.2,0.4,5,1.0651570795121632,0.5819774588343123,1.0434259327153843,0.5320172127962712,0.2084590316731062,0.2102234020916795
2023-24,13,2023-24_GW13_Fulham_vs_Wolverhampton Wanderers,Fulham,Wolverhampton Wanderers,0.7395,0.4708,1.2103,54.2,124.1,0.8157,0.1862,1.0227,0.619,1.641,53.2,169.0,0.8731,0.2139,-0.2831999999999999,-0.1482,-0.4307000000000001,1.0,2023-11-27,Fulham,Wolverhampton Wanderers,3,2,H,1486.2,1517.3,-31.1,16,12,-4,12,12,0,3,2,5,0.8,1.0,1.6,0.0,5,1.6,1.6,1.4,0.0,5,0.9,0.9,1.7,0.2,10,1.5,1.5,1.5,0.1,10,1.2,0.8,1.4,0.2,5,1.4,1.4,1.4,0.2,5,0.8622116636339682,0.6364619165632829,1.0192294246347118,0.5535631715297021,0.2064327625205259,0.2407828491071251
2023-24,14,2023-24_GW14_Arsenal_vs_Wolverhampton Wanderers,Arsenal,Wolverhampton Wanderers,1.1022,0.7933,1.8954,68.8,143.9,0.7695,0.2159,1.0468,0.6099,1.656,53.2,169.0,0.8739,0.213,0.055400000000000116,0.1834,0.23940000000000006,15.599999999999994,2023-12-02,Arsenal,Wolverhampton Wanderers,2,1,H,1730.1,1509.2,220.9,1,12,11,13,13,4,1,0,5,2.0,2.2,0.8,0.4,5,1.4,1.8,1.8,0.0,5,2.3,2.2,0.7,0.5,10,1.2,1.6,1.8,0.0,10,2.6,2.8,0.8,0.4,5,0.8,1.6,2.0,0.0,5,1.224809589149577,0.4503522723653531,1.0215304557826186,0.581731939745067,0.186036404587634,0.2284212762294031
2023-24,14,2023-24_GW14_Brentford_vs_Luton,Brentford,Luton,1.3967,0.8986,2.2953,56.2,166.9,0.8497,0.2386,0.7221,0.5989,1.321,50.0,171.8,0.7843,0.2024,0.6746000000000001,0.29969999999999997,0.9743000000000002,6.200000000000003,2023-12-02,Brentford,Luton,3,1,H,1569.5,1470.3,99.2,11,18,7,13,13,0,0,0,0,1.8,1.6,1.2,0.4,5,1.0,1.2,1.6,0.0,5,1.1,1.3,1.5,0.2,10,0.9,1.0,1.4,0.0,10,1.4,1.8,1.6,0.2,5,0.8,1.0,1.6,0.0,5,1.1943479903760414,0.5590349179031444,0.8621415145429131,0.4956234489878593,0.1876015019193475,0.3132800900927949
2023-24,14,2023-24_GW14_Burnley_vs_Sheffield United,Burnley,Sheffield United,0.5597,0.4115,0.9713,50.9,152.0,0.7733,0.2151,0.6306,0.3769,1.0072,49.0,157.9,0.8578,0.1892,-0.07090000000000007,0.034599999999999964,-0.03590000000000004,1.8999999999999986,2023-12-02,Burnley,Sheffield United,5,0,H,1407.5,1378.9,28.6,20,19,-1,13,13,1,2,1,4,0.0,0.6,2.4,0.0,5,0.8,1.0,2.4,0.0,5,0.4,0.7,2.1,0.0,10,0.5,0.9,2.9,0.0,10,0.0,0.8,2.8,0.0,5,0.2,0.6,2.6,0.0,5,0.7784887611067429,0.4486499061256665,0.6812923461550078,0.5938438140604889,0.3132800900927949,0.3132800900927949
2023-24,14,2023-24_GW14_Nottingham Forest_vs_Everton,Nottingham Forest,Everton,0.8764,0.4996,1.376,55.9,212.8,0.7661,0.2441,1.2243,0.7298,1.9541,53.5,121.0,0.8795,0.2237,-0.3479,-0.23020000000000002,-0.5781000000000001,2.3999999999999986,2023-12-02,Nottingham Forest,Everton,0,1,A,1486.8,1477.2,9.6,16,15,-1,13,13,0,0,2,2,0.8,1.6,2.2,0.2,5,1.4,1.0,1.6,0.2,5,1.0,1.1,1.5,0.3,10,1.4,1.4,1.4,0.2,10,1.2,1.6,1.4,0.2,5,2.0,1.8,1.4,0.2,5,0.9697411964441424,0.5109993404963626,1.1532887279311193,0.5986293829788293,0.2032397508679317,0.1985826319784429
2023-24,14,2023-24_GW14_Newcastle United_vs_Manchester United,Newcastle United,Manchester United,0.9701,0.6594,1.6289,62.2,152.1,0.7754,0.3089,1.0267,0.6985,1.7253,63.0,185.8,0.731,0.1738,-0.056599999999999984,-0.039100000000000024,-0.09640000000000004,-0.7999999999999972,2023-12-02,Newcastle United,Manchester United,1,0,H,1646.7,1664.0,-17.3,7,6,-1,13,13,1,2,2,5,2.0,2.2,1.0,0.4,5,2.4,1.4,0.8,0.6,5,2.0,2.5,1.0,0.5,10,1.8,1.2,1.2,0.4,10,3.0,2.4,0.2,0.8,5,2.4,1.6,0.8,0.6,5,1.3068692577387004,0.4782849518020133,1.0991468701789726,0.5475650585949737,0.1880468548186156,0.2002113511529089
2023-24,14,2023-24_GW14_West Ham United_vs_Crystal Palace,West Ham United,Crystal Palace,1.1947,0.8277,2.0224,58.0,110.9,0.8883,0.2293,0.9689,0.5403,1.5091,54.1,127.9,0.8848,0.2591,0.2258000000000001,0.2874,0.5133000000000001,3.8999999999999986,2023-12-03,West Ham United,Crystal Palace,1,1,D,1534.3,1511.8,22.5,9,13,4,13,13,2,2,1,5,1.2,1.6,2.2,0.0,5,0.6,1.2,2.2,0.2,5,1.3,1.6,2.0,0.1,10,1.1,1.1,1.6,0.4,10,1.4,1.6,1.6,0.2,5,1.2,1.0,1.8,0.4,5,1.0396504165604326,0.6589835605308254,0.9764773941244612,0.5769768329806012,0.2107471283127363,0.1988371193494532
2023-24,14,2023-24_GW14_Manchester City_vs_Tottenham,Manchester City,Tottenham,1.7467,1.1499,2.8966,73.5,122.5,0.8414,0.2883,1.0779,0.8494,1.9264,64.2,160.3,0.7171,0.1859,0.6687999999999998,0.3004999999999999,0.9702,9.299999999999997,2023-12-03,Manchester City,Tottenham,3,3,D,1815.7,1632.3,183.4,2,6,4,13,13,2,3,0,5,2.2,3.2,1.4,0.2,5,1.2,1.4,1.8,0.2,5,2.0,2.7,1.2,0.2,10,1.9,1.9,1.5,0.2,10,2.6,3.2,0.8,0.2,5,2.0,2.2,1.4,0.2,5,1.3743973983318083,0.4835922280468814,1.1448711698452798,0.5787908414018252,0.1965085599047087,0.195108879364152
2023-24,14,2023-24_GW14_Liverpool_vs_Fulham,Liverpool,Fulham,1.6015,0.956,2.5575,77.8,148.3,0.7736,0.2581,0.8554,0.5298,1.3852,54.0,124.0,0.8168,0.2001,0.7460999999999999,0.4261999999999999,1.1723000000000001,23.799999999999997,2023-12-03,Liverpool,Fulham,4,3,H,1748.6,1494.2,254.4,3,15,12,13,13,2,1,2,5,2.2,2.0,0.4,0.6,5,0.8,1.0,1.8,0.0,5,2.1,2.2,0.8,0.4,10,1.1,1.0,1.7,0.2,10,3.0,2.8,0.2,0.8,5,0.4,0.6,2.2,0.2,5,1.3924984429797564,0.5065471925399612,0.9832978199019102,0.6206203660931539,0.1976283043371542,0.196712149801517
2023-24,14,2023-24_GW14_Chelsea_vs_Brighton and Hove Albion,Chelsea,Brighton and Hove Albion,1.5705,0.867,2.4375,57.8,255.4,0.8373,0.2119,0.8798,0.6272,1.5032,56.5,175.2,0.6533,0.2205,0.6907,0.2398,0.9342999999999999,1.2999999999999972,2023-12-03,Chelsea,Brighton and Hove Albion,3,2,H,1555.9,1603.0,-47.1,12,8,-4,13,13,0,2,3,5,1.0,2.2,2.6,0.0,5,1.2,1.4,1.4,0.0,5,1.2,1.7,1.6,0.2,10,1.6,1.9,1.8,0.0,10,0.4,1.2,2.0,0.0,5,1.4,1.8,2.4,0.0,5,1.345612342107908,0.468719808919067,1.1254462575238915,0.5243341337860429,0.2338164084948219,0.2102508779392661
2023-24,14,2023-24_GW14_Bournemouth_vs_Aston Villa,Bournemouth,Aston Villa,0.8867,0.4894,1.376,53.7,142.1,0.7771,0.2609,1.6042,0.9664,2.5706,59.6,161.7,0.9177,0.2689,-0.7175,-0.47700000000000004,-1.1946000000000003,-5.899999999999999,2023-12-03,Bournemouth,Aston Villa,2,2,D,1444.4,1635.1,-190.7,17,4,-13,13,13,3,1,0,4,1.8,1.8,2.0,0.2,5,2.4,2.4,1.2,0.0,5,1.1,1.2,2.2,0.2,10,2.2,2.3,1.2,0.1,10,1.4,1.0,1.4,0.4,5,1.4,0.8,1.4,0.2,5,1.0334982602849876,0.6173908443841126,1.347170492835602,0.5248549284883864,0.2064208430055608,0.1946253533592324
2023-24,15,2023-24_GW15_Wolverhampton Wanderers_vs_Burnley,Wolverhampton Wanderers,Burnley,0.9818,0.5766,1.5579,53.3,169.0,0.8442,0.2047,0.6353,0.4123,1.0477,50.9,152.0,0.7799,0.1957,0.34650000000000003,0.1643,0.5102,2.3999999999999986,2023-12-05,Wolverhampton Wanderers,Burnley,1,0,H,1506.5,1414.0,92.5,14,19,5,14,14,0,3,2,5,0.8,1.6,2.0,0.0,5,0.6,1.6,1.8,0.2,5,1.2,1.5,1.7,0.0,10,0.6,1.1,2.0,0.1,10,1.6,1.6,1.6,0.0,5,0.6,0.8,2.2,0.0,5,0.9729840749472798,0.6006691714539698,0.8508637196512634,0.4139285339361676,0.2170101062389282,0.295344664451206
2023-24,15,2023-24_GW15_Luton_vs_Arsenal,Luton,Arsenal,0.6729,0.5308,1.2037,49.2,172.6,0.7593,0.2049,1.1839,0.8613,2.0451,68.7,144.4,0.7733,0.2191,-0.5109999999999999,-0.3304999999999999,-0.8414000000000001,-19.5,2023-12-05,Luton,Arsenal,3,4,A,1465.5,1732.8,-267.3,18,1,-17,14,14,0,0,0,0,0.8,1.0,1.8,0.0,5,2.4,2.2,0.6,0.4,5,0.9,1.1,1.6,0.0,10,2.3,2.1,0.7,0.5,10,1.0,1.0,1.2,0.0,5,2.0,1.6,0.6,0.6,5,0.7835791222650687,0.5211653368730226,1.3039862317790714,0.442256314151379,0.295344664451206,0.1778839383869118
2023-24,15,2023-24_GW15_Brighton and Hove Albion_vs_Brentford,Brighton and Hove Albion,Brentford,0.7734,0.5762,1.3453,55.7,174.3,0.6583,0.2309,1.4135,0.7908,2.2043,56.2,167.0,0.7946,0.2204,-0.6401,-0.2145999999999999,-0.859,-0.5,2023-12-06,Brighton and Hove Albion,Brentford,2,1,H,1594.5,1574.4,20.2,8,11,3,14,14,2,1,1,4,1.2,1.6,1.6,0.0,5,1.8,1.6,1.4,0.2,5,1.3,1.8,2.0,0.0,10,1.3,1.4,1.4,0.2,10,1.8,2.0,1.2,0.0,5,0.8,0.8,1.4,0.2,5,1.089382752862131,0.5274575654679184,1.3147985854245416,0.5285274079023969,0.200236714556947,0.1793287053175026
2023-24,15,2023-24_GW15_Crystal Palace_vs_Bournemouth,Crystal Palace,Bournemouth,0.9317,0.5713,1.503,54.2,127.7,0.8734,0.2664,0.9533,0.5601,1.5134,53.8,141.9,0.7642,0.2598,-0.021600000000000064,0.011199999999999988,-0.010400000000000187,0.4000000000000057,2023-12-06,Crystal Palace,Bournemouth,0,2,A,1515.2,1447.0,68.3,14,17,3,14,14,5,0,0,5,0.8,1.4,1.6,0.2,5,2.0,2.0,2.0,0.2,5,0.9,0.9,1.5,0.4,10,1.1,1.2,2.2,0.2,10,1.0,1.2,1.4,0.4,5,0.8,1.4,3.0,0.0,5,0.9488415405868812,0.5676300120174608,1.07416865812668,0.5894777141420954,0.1897004874289798,0.1967011467024118
2023-24,15,2023-24_GW15_Fulham_vs_Nottingham Forest,Fulham,Nottingham Forest,0.7844,0.5164,1.3008,53.2,124.7,0.8132,0.1918,0.7802,0.4986,1.2789,54.0,214.6,0.7585,0.2194,0.0041999999999999815,0.017799999999999983,0.02190000000000003,-0.7999999999999972,2023-12-06,Fulham,Nottingham Forest,5,0,H,1491.9,1473.7,18.2,16,17,1,14,14,2,0,0,2,0.8,1.6,2.2,0.0,5,0.6,1.2,2.0,0.2,5,1.1,1.2,1.6,0.2,10,0.7,1.0,1.6,0.2,10,1.8,1.4,1.2,0.2,5,0.8,0.6,1.6,0.4,5,0.9768886363124342,0.6258378161073104,0.927801788033222,0.4948271903453674,0.1877388933037061,0.1937646285508044
2023-24,15,2023-24_GW15_Sheffield United_vs_Liverpool,Sheffield United,Liverpool,0.6011,0.3704,0.9712,49.0,157.9,0.8353,0.1814,1.6343,0.9777,2.612,78.0,148.3,0.7817,0.2523,-1.0332000000000001,-0.6073,-1.6408,-29.0,2023-12-06,Sheffield United,Liverpool,0,2,A,1372.5,1750.9,-378.4,20,2,-18,14,14,0,4,0,4,0.8,0.8,3.0,0.0,5,2.2,2.4,1.0,0.4,5,0.4,0.7,3.2,0.0,10,2.1,2.3,1.1,0.3,10,0.8,1.2,3.2,0.0,5,1.2,1.6,1.4,0.0,5,0.6387781796801343,0.5829607971197058,1.4173172115710826,0.5008482339285336,0.295344664451206,0.188584610531369
2023-24,15,2023-24_GW15_Aston Villa_vs_Manchester City,Aston Villa,Manchester City,1.544,0.9311,2.4751,60.5,160.6,0.906,0.2569,1.7682,1.2344,3.0025,73.4,122.3,0.8659,0.2869,-0.22419999999999995,-0.3032999999999999,-0.5274000000000001,-12.900000000000006,2023-12-06,Aston Villa,Manchester City,1,0,H,1632.6,1808.9,-176.3,4,3,-1,14,14,0,4,1,5,2.0,2.0,1.4,0.0,5,1.8,3.4,1.8,0.2,5,2.3,2.5,1.1,0.1,10,1.8,2.5,1.4,0.2,10,3.0,3.8,1.0,0.0,5,1.4,2.2,1.6,0.2,5,1.260855202378926,0.5355172828781597,1.4177484098655209,0.4672124773485682,0.1858125373962517,0.1875509561420032
2023-24,15,2023-24_GW15_Manchester United_vs_Chelsea,Manchester United,Chelsea,0.9436,0.6507,1.5943,62.8,185.3,0.715,0.1759,1.5252,0.8337,2.3589,58.0,255.3,0.8324,0.2009,-0.5815999999999999,-0.18300000000000005,-0.7646000000000002,4.799999999999997,2023-12-06,Manchester United,Chelsea,2,1,H,1656.3,1564.4,91.9,8,10,2,14,14,1,0,4,5,1.8,1.0,0.8,0.6,5,1.4,2.4,2.6,0.0,5,1.8,1.1,1.0,0.4,10,1.5,2.0,1.7,0.2,10,1.2,0.8,1.6,0.2,5,2.0,2.2,1.2,0.4,5,1.021903663217099,0.5615652460946887,1.345190132672192,0.4555671132142134,0.1909690632704742,0.2219904410240543
2023-24,15,2023-24_GW15_Everton_vs_Newcastle United,Everton,Newcastle United,1.1059,0.6724,1.7783,53.6,121.0,0.8737,0.2292,1.055,0.7187,1.7731,62.5,151.3,0.7658,0.3076,0.05090000000000017,-0.04630000000000001,0.0052000000000000934,-8.899999999999999,2023-12-07,Everton,Newcastle United,3,0,H,1490.2,1654.4,-164.2,14,7,-7,14,14,1,4,0,5,2.0,1.2,1.2,0.4,5,2.0,1.6,1.0,0.4,5,1.6,1.3,1.2,0.3,10,2.3,2.5,0.7,0.6,10,0.8,1.0,1.4,0.2,5,1.0,2.6,1.8,0.2,5,1.091548208637387,0.5742175388756448,1.3569128310823055,0.4580972920914378,0.1894655659768512,0.1797398178587277
2023-24,15,2023-24_GW15_Tottenham_vs_West Ham United,Tottenham,West Ham United,1.0052,0.7965,1.8001,62.6,161.7,0.7067,0.1793,1.1415,0.8087,1.9502,58.7,109.9,0.8823,0.2143,-0.13629999999999987,-0.012199999999999989,-0.1500999999999999,3.8999999999999986,2023-12-07,Tottenham,West Ham United,1,2,A,1639.0,1530.9,108.1,5,9,4,14,14,2,2,1,5,0.8,1.6,2.4,0.0,5,1.4,1.6,1.6,0.0,5,1.7,1.7,1.6,0.2,10,1.1,1.5,2.0,0.1,10,1.8,1.6,1.6,0.2,5,1.2,1.6,2.4,0.0,5,1.0738041669200078,0.5885410014244149,1.0284847220247295,0.6335248835644522,0.186258888155296,0.2006948113885977
2023-24,16,2023-24_GW16_Wolverhampton Wanderers_vs_Nottingham Forest,Wolverhampton Wanderers,Nottingham Forest,0.9002,0.5156,1.4152,53.8,166.6,0.8161,0.2318,0.6854,0.4605,1.1458,54.0,214.5,0.763,0.2212,0.2148,0.05509999999999993,0.2694000000000001,-0.20000000000000284,2023-12-09,Wolverhampton Wanderers,Nottingham Forest,1,1,D,1511.5,1467.0,44.5,14,17,3,15,15,1,0,1,2,1.2,1.4,1.6,0.2,5,0.6,1.2,2.4,0.2,5,1.5,1.5,1.4,0.1,10,0.6,0.9,2.0,0.2,10,2.2,1.6,1.0,0.2,5,0.2,0.4,2.6,0.2,5,0.9402683029832218,0.5730140751426058,0.8648476041960842,0.506122807363943,0.2064762686893242,0.1850179882558513
2023-24,16,2023-24_GW16_Aston Villa_vs_Arsenal,Aston Villa,Arsenal,1.485,0.9029,2.388,59.3,161.6,0.8778,0.2447,1.2366,0.9062,2.1428,71.6,141.7,0.789,0.2139,0.24840000000000018,-0.0032999999999999696,0.24520000000000008,-12.299999999999997,2023-12-09,Aston Villa,Arsenal,1,0,H,1644.8,1738.4,-93.6,3,1,-2,15,15,1,4,0,5,2.0,1.6,1.2,0.2,5,2.4,2.0,1.2,0.2,5,2.3,2.3,1.0,0.2,10,2.3,2.4,1.0,0.4,10,3.0,3.4,0.8,0.2,5,2.0,2.2,1.2,0.4,5,1.2780534257897216,0.5181214474129145,1.3410870209559755,0.4304952553707328,0.1776772829231271,0.1703582635736606
2023-24,16,2023-24_GW16_Sheffield United_vs_Brentford,Sheffield United,Brentford,0.5936,0.3478,0.9412,49.4,157.4,0.8225,0.171,1.3503,0.6973,2.0477,56.6,165.6,0.7776,0.2227,-0.7567,-0.34950000000000003,-1.1064999999999998,-7.200000000000003,2023-12-09,Sheffield United,Brentford,1,0,H,1369.1,1567.7,-198.6,20,12,-8,15,15,0,0,0,0,0.8,0.8,2.4,0.0,5,1.2,1.4,1.8,0.0,5,0.4,0.6,3.2,0.0,10,1.3,1.5,1.5,0.2,10,0.6,0.8,3.2,0.0,5,0.8,1.0,1.6,0.2,5,0.6266134315241589,0.5699608774794412,1.2745967103996094,0.5276096620491117,0.2787881798620534,0.1716919515440079
2023-24,16,2023-24_GW16_Brighton and Hove Albion_vs_Burnley,Brighton and Hove Albion,Burnley,0.6946,0.5672,1.2574,55.2,173.8,0.6462,0.2327,0.6718,0.3741,1.0459,51.2,151.4,0.7854,0.1984,0.022800000000000042,0.19310000000000005,0.21150000000000002,4.0,2023-12-09,Brighton and Hove Albion,Burnley,1,1,D,1601.2,1409.0,192.2,8,20,12,15,15,2,1,2,5,1.6,1.8,1.6,0.0,5,0.6,1.4,1.6,0.2,5,1.3,1.7,2.0,0.0,10,0.6,1.1,2.0,0.1,10,1.8,1.8,1.2,0.0,5,0.6,0.8,2.0,0.0,5,1.0917896412800232,0.5165805656594405,0.8267383560704895,0.3953237949187574,0.1909924766433418,0.2787881798620534
2023-24,16,2023-24_GW16_Crystal Palace_vs_Liverpool,Crystal Palace,Liverpool,0.8547,0.5159,1.3706,55.0,126.9,0.8502,0.257,1.4957,0.9328,2.4285,77.0,149.6,0.7079,0.2524,-0.641,-0.41689999999999994,-1.0579,-22.0,2023-12-09,Crystal Palace,Liverpool,1,2,A,1500.7,1754.3,-253.5,15,3,-12,15,15,0,3,2,5,0.8,1.2,1.6,0.2,5,2.2,2.2,1.0,0.4,5,0.9,0.8,1.4,0.4,10,2.1,2.2,1.0,0.4,10,0.4,0.6,1.4,0.4,5,1.2,1.4,1.2,0.2,5,0.912194415531282,0.5731898476673027,1.3994702365123406,0.4831157349909021,0.1812663131522729,0.1802362289475332
2023-24,16,2023-24_GW16_Manchester United_vs_Bournemouth,Manchester United,Bournemouth,1.1092,0.6728,1.7813,62.1,185.8,0.7401,0.1755,0.914,0.5608,1.4748,53.9,141.8,0.7679,0.2383,0.19519999999999993,0.11199999999999999,0.3065,8.200000000000003,2023-12-09,Manchester United,Bournemouth,0,3,A,1661.3,1461.5,199.8,6,16,10,15,15,4,1,0,5,2.4,1.4,0.4,0.6,5,2.0,2.0,1.8,0.4,5,2.1,1.2,0.8,0.4,10,1.3,1.4,2.2,0.2,10,1.8,1.0,1.2,0.2,5,1.2,1.4,2.6,0.2,5,1.2062961677559465,0.5492053848077951,1.092428280852112,0.566715959433713,0.1824373562481876,0.1877287361630611
2023-24,16,2023-24_GW16_Everton_vs_Chelsea,Everton,Chelsea,1.21,0.7197,1.9297,53.6,121.0,0.8784,0.2422,1.5573,0.8045,2.3618,57.9,255.3,0.8457,0.1892,-0.34729999999999994,-0.08479999999999999,-0.43210000000000015,-4.299999999999997,2023-12-10,Everton,Chelsea,2,0,H,1502.0,1559.5,-57.4,10,11,1,15,15,1,2,2,5,2.0,1.6,1.2,0.4,5,1.4,2.6,2.6,0.0,5,1.9,1.6,1.1,0.4,10,1.4,2.1,1.9,0.1,10,1.4,1.6,1.2,0.4,5,1.8,2.4,1.6,0.2,5,1.206246285641268,0.5735656668349731,1.3055640038286234,0.4917310503533287,0.1810494533196961,0.2110736971399521
2023-24,16,2023-24_GW16_Fulham_vs_West Ham United,Fulham,West Ham United,0.8746,0.5681,1.4427,53.2,124.7,0.8143,0.1888,1.2081,0.7882,1.9964,58.7,109.9,0.8878,0.2248,-0.3334999999999999,-0.22009999999999996,-0.5536999999999999,-5.5,2023-12-10,Fulham,West Ham United,5,0,H,1498.7,1546.3,-47.6,15,9,-6,15,15,0,4,1,5,1.2,2.4,2.0,0.2,5,2.0,2.0,1.6,0.0,5,1.1,1.6,1.6,0.2,10,1.4,1.6,1.8,0.1,10,1.8,2.2,1.2,0.2,5,1.2,1.6,2.4,0.0,5,1.057446809970008,0.5890070679654615,1.0765273724379196,0.6315065474572668,0.1794555335502567,0.1914153533168665
2023-24,16,2023-24_GW16_Luton_vs_Manchester City,Luton,Manchester City,0.6241,0.5106,1.1347,49.5,172.3,0.7565,0.2017,1.6744,1.154,2.8283,73.4,122.3,0.8571,0.2881,-1.0503,-0.6433999999999999,-1.6936,-23.900000000000006,2023-12-10,Luton,Manchester City,1,2,A,1460.0,1796.8,-336.8,18,4,-14,15,15,0,0,0,0,0.8,1.4,2.0,0.0,5,1.2,2.8,2.0,0.0,5,0.8,1.3,1.9,0.0,10,1.5,2.2,1.4,0.2,10,0.8,1.4,1.8,0.0,5,0.8,1.6,1.6,0.2,5,0.7388901890141439,0.5210526107133586,1.3354047014097032,0.4924978129812697,0.2787881798620534,0.1792820456841953
2023-24,16,2023-24_GW16_Tottenham_vs_Newcastle United,Tottenham,Newcastle United,1.0941,0.9032,1.9956,61.2,162.9,0.7706,0.1751,1.1261,0.7124,1.8379,62.1,152.0,0.7888,0.3041,-0.03200000000000003,0.19079999999999997,0.15769999999999995,-0.8999999999999986,2023-12-10,Tottenham,Newcastle United,4,1,H,1623.7,1642.5,-18.9,5,7,2,15,15,2,2,1,5,0.2,1.4,2.6,0.0,5,1.8,1.2,1.2,0.4,5,1.4,1.6,1.7,0.2,10,2.0,2.4,1.0,0.5,10,1.2,1.4,1.8,0.2,5,1.0,2.4,1.8,0.2,5,1.090061356668902,0.5896712203644376,1.3288619861694393,0.4921291867070955,0.178089316605023,0.1720714562510172
2023-24,17,2023-24_GW17_Nottingham Forest_vs_Tottenham,Nottingham Forest,Tottenham,0.6654,0.4423,1.1077,54.0,214.3,0.7365,0.2114,1.2421,0.9525,2.1931,63.0,161.1,0.7973,0.1772,-0.5767,-0.5102,-1.0854,-9.0,2023-12-15,Nottingham Forest,Tottenham,0,2,A,1470.9,1631.4,-160.4,17,5,-12,16,16,0,2,0,2,0.2,1.0,2.6,0.0,5,0.8,2.0,2.0,0.0,5,0.7,1.0,1.9,0.2,10,1.6,1.8,1.6,0.2,10,1.0,1.4,1.4,0.2,5,1.6,1.8,1.6,0.2,5,0.8456069126418744,0.4951220706820898,1.245334977553928,0.5805243438677776,0.1769438216236161,0.1705478515639908
2023-24,17,2023-24_GW17_Chelsea_vs_Sheffield United,Chelsea,Sheffield United,1.4159,0.8002,2.2161,58.0,254.7,0.8151,0.194,0.521,0.3083,0.8292,49.7,157.1,0.7911,0.209,0.8948999999999999,0.4919,1.3868999999999998,8.299999999999997,2023-12-16,Chelsea,Sheffield United,2,0,H,1550.7,1381.9,168.8,13,20,7,16,16,2,1,1,4,0.8,1.8,2.8,0.0,5,0.8,0.6,2.2,0.2,5,1.4,2.1,2.0,0.1,10,0.7,0.7,2.4,0.1,10,1.0,1.8,2.2,0.0,5,0.2,0.4,3.2,0.0,5,1.2382270098128445,0.4777851525158557,0.6356517812683863,0.5282482396821189,0.200996272411221,0.2635046182991081
2023-24,17,2023-24_GW17_Manchester City_vs_Crystal Palace,Manchester City,Crystal Palace,1.4822,1.0574,2.5396,71.7,124.0,0.829,0.2937,0.8617,0.5062,1.3679,52.9,128.6,0.854,0.2565,0.6204999999999999,0.5511999999999999,1.1717000000000002,18.800000000000004,2023-12-16,Manchester City,Crystal Palace,2,2,D,1800.8,1494.9,306.0,4,16,12,16,16,3,1,1,5,1.2,2.0,2.0,0.0,5,0.2,1.0,2.0,0.0,5,1.5,2.2,1.5,0.1,10,0.8,0.9,1.6,0.3,10,2.2,2.8,1.2,0.2,5,1.4,1.0,1.4,0.4,5,1.3165652145112472,0.4705544853099965,0.947241631825403,0.5666073715669658,0.1716488792737854,0.1734805890091711
2023-24,17,2023-24_GW17_Newcastle United_vs_Fulham,Newcastle United,Fulham,1.2732,0.7383,2.0109,61.7,152.6,0.78,0.303,0.8819,0.6117,1.4936,53.6,124.3,0.7906,0.1946,0.3913000000000001,0.12659999999999993,0.5172999999999999,8.100000000000001,2023-12-16,Newcastle United,Fulham,3,0,H,1634.8,1507.2,127.7,7,12,5,16,16,4,0,1,5,1.2,1.2,2.0,0.2,5,1.8,3.4,1.8,0.4,5,1.7,1.7,1.4,0.4,10,1.3,2.1,1.6,0.2,10,3.0,2.4,0.2,0.8,5,0.4,1.0,2.0,0.2,5,1.31153025300678,0.5318124185138967,1.1156904844108284,0.5791618846608371,0.164992666300936,0.1718090287588465
2023-24,17,2023-24_GW17_Burnley_vs_Everton,Burnley,Everton,0.6798,0.3793,1.0592,51.2,151.2,0.8037,0.1962,1.243,0.7314,1.9744,53.7,120.9,0.8963,0.2471,-0.5632000000000001,-0.3521,-0.9152,-2.5,2023-12-16,Burnley,Everton,0,2,A,1415.9,1510.8,-94.9,19,10,-9,16,16,2,2,1,5,0.8,1.6,1.4,0.2,5,2.4,1.8,1.0,0.6,5,0.7,1.2,1.9,0.1,10,1.9,1.5,1.0,0.5,10,0.6,1.4,1.8,0.2,5,2.4,1.6,1.0,0.4,5,0.8136150268848655,0.4206560946817443,1.170821560453977,0.558353392552351,0.2635046182991081,0.1732804021528448
2023-24,17,2023-24_GW17_Liverpool_vs_Manchester United,Liverpool,Manchester United,1.4803,0.9231,2.4034,76.2,148.6,0.7381,0.2634,1.0769,0.6744,1.7506,62.2,185.7,0.7383,0.174,0.4034,0.24870000000000003,0.6528,14.0,2023-12-17,Liverpool,Manchester United,0,0,D,1760.1,1644.3,115.8,1,7,6,16,16,4,1,0,5,2.6,2.4,1.0,0.4,5,1.8,1.2,1.0,0.4,5,2.1,2.1,1.0,0.4,10,1.8,1.1,1.1,0.3,10,3.0,3.0,0.8,0.6,5,2.4,1.4,0.4,0.6,5,1.3490298632367097,0.4888263944581335,1.1687352353011666,0.54306980879222,0.1725297014416212,0.1745615980333331
2023-24,17,2023-24_GW17_West Ham United_vs_Wolverhampton Wanderers,West Ham United,Wolverhampton Wanderers,1.1908,0.7769,1.9677,58.8,109.9,0.8304,0.2223,0.933,0.5286,1.461,53.4,167.1,0.8265,0.2268,0.25780000000000003,0.24830000000000008,0.5066999999999999,5.399999999999999,2023-12-17,West Ham United,Wolverhampton Wanderers,3,0,H,1537.8,1507.5,30.3,10,14,4,16,16,3,2,0,5,2.0,1.6,2.0,0.0,5,1.4,1.4,1.4,0.2,5,1.4,1.5,2.0,0.1,10,1.5,1.5,1.4,0.1,10,1.6,1.6,1.2,0.2,5,0.8,1.4,1.8,0.0,5,1.0698497210596731,0.6488358749455914,0.9348837691509616,0.5496843118132368,0.1828493338852419,0.1967523110571034
2023-24,17,2023-24_GW17_Arsenal_vs_Brighton and Hove Albion,Arsenal,Brighton and Hove Albion,1.249,0.9072,2.1562,71.5,141.5,0.8208,0.2091,0.8205,0.6479,1.4639,56.5,172.1,0.651,0.2257,0.4285000000000001,0.2593,0.6923000000000001,15.0,2023-12-17,Arsenal,Brighton and Hove Albion,2,0,H,1728.6,1594.4,134.2,2,9,7,16,16,2,2,1,5,2.4,2.0,1.2,0.2,5,1.6,1.8,1.6,0.0,5,2.2,2.2,0.9,0.4,10,1.1,1.5,2.0,0.0,10,2.6,2.6,0.8,0.4,5,0.8,1.6,2.8,0.0,5,1.304117216821436,0.4226486085870772,1.1725423663448098,0.5023367067678763,0.1634111901359582,0.1824589695154056
2023-24,17,2023-24_GW17_Brentford_vs_Aston Villa,Brentford,Aston Villa,1.2972,0.6721,1.9692,56.5,165.6,0.7714,0.2165,1.3475,0.8468,2.1943,59.2,161.5,0.867,0.2427,-0.05030000000000001,-0.17469999999999997,-0.22510000000000008,-2.700000000000003,2023-12-17,Brentford,Aston Villa,1,2,A,1554.9,1654.6,-99.6,13,3,-10,16,16,1,1,2,4,0.6,0.8,1.6,0.0,5,2.6,1.8,0.8,0.4,5,1.3,1.4,1.3,0.2,10,2.3,2.3,1.0,0.2,10,1.8,2.0,1.4,0.2,5,1.6,1.2,1.2,0.2,5,1.1949729126465456,0.5166855092103808,1.1950653484976064,0.5140593381962762,0.164642339302365,0.1701674965369708
2023-24,18,2023-24_GW18_Crystal Palace_vs_Brighton and Hove Albion,Crystal Palace,Brighton and Hove Albion,0.8093,0.507,1.3163,52.7,128.6,0.8086,0.2618,0.8149,0.6666,1.4772,56.0,172.6,0.679,0.2304,-0.005599999999999938,-0.15959999999999996,-0.16090000000000004,-3.299999999999997,2023-12-21,Crystal Palace,Brighton and Hove Albion,1,1,D,1503.1,1590.2,-87.1,16,9,-7,17,17,1,1,3,5,0.4,1.0,1.8,0.0,5,1.4,1.6,1.8,0.0,5,0.6,1.0,1.8,0.2,10,1.1,1.4,1.6,0.0,10,0.2,0.8,1.8,0.2,5,0.8,1.4,2.0,0.0,5,0.9849607105966764,0.5648720016347398,1.1101432308510562,0.5122762480869123,0.1662934597842167,0.1745815495936009
2023-24,18,2023-24_GW18_Aston Villa_vs_Sheffield United,Aston Villa,Sheffield United,1.307,0.84,2.147,59.5,161.6,0.8615,0.2207,0.5493,0.3012,0.8503,50.8,155.4,0.7923,0.2084,0.7576999999999999,0.5388,1.2967,8.700000000000003,2023-12-22,Aston Villa,Sheffield United,1,1,D,1664.6,1378.4,286.2,3,20,17,17,17,1,2,1,4,2.6,1.6,0.8,0.4,5,0.6,0.4,2.4,0.2,5,2.3,1.9,1.0,0.2,10,0.7,0.7,2.4,0.1,10,3.0,2.4,0.6,0.4,5,0.2,0.4,3.2,0.0,5,1.181118476040207,0.4931107326148174,0.5999165234176431,0.5448344787842764,0.1632350899660381,0.2493961127893468
2023-24,18,2023-24_GW18_West Ham United_vs_Manchester United,West Ham United,Manchester United,1.207,0.7714,1.9784,58.7,109.9,0.8499,0.2154,1.0015,0.5995,1.6003,64.6,183.4,0.7298,0.1756,0.20550000000000002,0.17189999999999994,0.3780999999999999,-5.8999999999999915,2023-12-23,West Ham United,Manchester United,2,0,H,1544.2,1649.9,-105.6,9,7,-2,17,17,1,4,0,5,2.0,1.6,1.6,0.2,5,1.4,1.0,1.0,0.4,5,1.4,1.6,2.0,0.1,10,1.9,1.1,1.0,0.4,10,1.6,1.8,1.2,0.2,5,2.0,1.2,0.4,0.6,5,1.049346250173522,0.6184125364928857,1.1057612927801617,0.5491211468574829,0.1749419013244437,0.1672913568850121
2023-24,18,2023-24_GW18_Fulham_vs_Burnley,Fulham,Burnley,0.8386,0.6005,1.4391,54.4,123.6,0.787,0.1957,0.6557,0.3551,1.0108,51.2,151.1,0.7669,0.182,0.18290000000000006,0.2454,0.4283000000000001,3.1999999999999957,2023-12-23,Fulham,Burnley,0,2,A,1502.9,1405.7,97.2,12,20,8,17,17,1,2,1,4,1.8,3.2,1.8,0.4,5,0.8,1.4,1.2,0.2,5,1.3,2.1,1.7,0.2,10,0.4,1.0,2.0,0.1,10,2.4,3.2,0.8,0.4,5,0.2,0.6,2.0,0.0,5,1.034277348253739,0.6312393687993649,0.7881344782673939,0.4134942909793261,0.1647504151931719,0.2493961127893468
2023-24,18,2023-24_GW18_Luton_vs_Newcastle United,Luton,Newcastle United,0.5817,0.5068,1.0885,49.4,172.2,0.7503,0.2012,1.3751,0.7441,2.1187,61.7,152.6,0.7746,0.266,-0.7934,-0.23729999999999996,-1.0302,-12.300000000000004,2023-12-23,Luton,Newcastle United,1,0,H,1455.9,1639.1,-183.2,19,7,-12,16,17,0,0,0,0,0.6,1.4,2.2,0.0,5,1.8,1.8,1.6,0.4,5,0.5,1.2,2.0,0.0,10,1.7,1.8,1.4,0.4,10,0.8,1.4,1.8,0.0,5,0.4,1.0,2.6,0.0,5,0.6866949311972569,0.5034825416659756,1.440550862703277,0.5056238439290474,0.2635046182991081,0.1584581195853786
2023-24,18,2023-24_GW18_Nottingham Forest_vs_Bournemouth,Nottingham Forest,Bournemouth,0.6577,0.4464,1.1041,53.1,214.9,0.6972,0.2066,0.9381,0.5819,1.52,53.1,142.6,0.8001,0.2396,-0.2804000000000001,-0.13549999999999995,-0.41589999999999994,0.0,2023-12-23,Nottingham Forest,Bournemouth,2,3,A,1462.7,1478.4,-15.8,17,15,-2,17,16,0,1,1,2,0.2,0.6,2.4,0.0,5,2.6,2.4,0.6,0.6,5,0.6,0.9,2.0,0.2,10,1.6,1.6,1.9,0.3,10,0.8,1.2,1.6,0.2,5,1.8,1.8,2.0,0.4,5,0.8714342330155284,0.4926468121365684,1.091081013115121,0.5530893258399705,0.1694904264219502,0.1794461573276948
2023-24,18,2023-24_GW18_Tottenham_vs_Everton,Tottenham,Everton,1.3183,0.9811,2.2978,63.3,161.0,0.8271,0.1758,1.2085,0.7116,1.9194,53.9,120.7,0.8562,0.2364,0.10980000000000012,0.26949999999999996,0.37840000000000007,9.399999999999999,2023-12-23,Tottenham,Everton,2,1,H,1639.6,1521.0,118.7,5,10,5,17,17,2,0,3,5,1.4,2.2,1.6,0.2,5,2.4,1.6,0.6,0.8,5,1.6,1.8,1.5,0.3,10,2.2,1.6,0.8,0.6,10,1.2,1.8,1.8,0.2,5,2.4,1.4,0.8,0.6,5,1.230902135185716,0.5708249617359413,1.1520628846627536,0.5401696510083545,0.1635862019089106,0.1661086640248101
2023-24,18,2023-24_GW18_Liverpool_vs_Arsenal,Liverpool,Arsenal,1.5309,0.9546,2.4855,75.5,149.3,0.7463,0.2552,1.3119,0.9847,2.2966,71.7,141.4,0.8474,0.2077,0.21899999999999986,-0.030100000000000016,0.18889999999999985,3.799999999999997,2023-12-23,Liverpool,Arsenal,1,1,D,1754.6,1732.7,21.9,3,1,-2,17,17,3,1,1,5,2.2,1.8,1.0,0.4,5,2.4,1.8,1.0,0.4,5,2.2,2.0,0.8,0.5,10,2.2,2.0,0.9,0.4,10,2.6,2.4,0.6,0.8,5,1.4,1.4,1.4,0.2,5,1.3737026088622932,0.4734985172196421,1.328593499476851,0.417292313647537,0.1654156799270356,0.1569982330860667
2023-24,18,2023-24_GW18_Wolverhampton Wanderers_vs_Chelsea,Wolverhampton Wanderers,Chelsea,0.9529,0.5821,1.5344,53.7,166.8,0.8317,0.2145,1.4379,0.8657,2.3036,59.8,253.2,0.8086,0.1977,-0.485,-0.2836000000000001,-0.7691999999999999,-6.099999999999994,2023-12-24,Wolverhampton Wanderers,Chelsea,2,1,H,1501.1,1554.2,-53.1,15,11,-4,17,17,1,1,3,5,0.8,1.0,1.8,0.2,5,1.2,1.4,2.0,0.2,5,1.2,1.3,1.6,0.1,10,1.4,2.1,2.0,0.1,10,1.8,1.4,1.0,0.2,5,1.2,2.0,2.0,0.0,5,0.8952997359098936,0.5370003527361231,1.3069092979979835,0.4535005707140166,0.1877759668152293,0.1916936369146484
2023-24,19,2023-24_GW19_Burnley_vs_Liverpool,Burnley,Liverpool,0.6152,0.3237,0.9389,51.2,150.9,0.7789,0.1769,1.4398,0.9311,2.3709,75.4,149.1,0.7561,0.2543,-0.8246,-0.6074,-1.432,-24.200000000000003,2023-12-26,Burnley,Liverpool,0,2,A,1420.9,1751.2,-330.3,19,2,-17,18,18,1,3,1,5,1.4,1.6,0.8,0.4,5,2.2,1.8,1.0,0.4,5,0.7,1.1,1.6,0.2,10,2.2,1.9,0.7,0.5,10,0.6,1.4,2.0,0.2,5,1.8,1.6,1.0,0.2,5,0.7389509698470854,0.406283672447066,1.307857158871581,0.4632695765462847,0.2363723207302003,0.1588486103783754
2023-24,19,2023-24_GW19_Newcastle United_vs_Nottingham Forest,Newcastle United,Nottingham Forest,1.3705,0.7708,2.1407,58.6,155.8,0.7754,0.258,0.7025,0.4723,1.1748,52.7,215.2,0.7251,0.2032,0.668,0.29850000000000004,0.9658999999999998,5.899999999999999,2023-12-26,Newcastle United,Nottingham Forest,1,3,A,1626.7,1450.3,176.4,7,17,10,18,18,2,0,0,2,1.2,1.0,1.6,0.4,5,0.2,0.6,2.4,0.0,5,1.6,1.6,1.3,0.4,10,0.5,1.1,2.3,0.1,10,3.0,2.6,0.2,0.8,5,0.4,0.6,2.4,0.2,5,1.4094197702496611,0.5111405002389913,0.8459175517232598,0.4937259751061036,0.1524259726960204,0.1626100754752127
2023-24,19,2023-24_GW19_Bournemouth_vs_Fulham,Bournemouth,Fulham,0.9788,0.6146,1.5934,53.6,142.4,0.8026,0.2499,0.717,0.5743,1.2913,53.5,124.5,0.7817,0.1944,0.26180000000000003,0.0403,0.30210000000000004,0.10000000000000142,2023-12-26,Bournemouth,Fulham,3,0,H,1490.8,1487.8,3.0,13,14,1,17,18,2,1,1,4,2.6,2.6,1.0,0.4,5,1.2,2.6,1.8,0.4,5,1.9,1.9,1.7,0.3,10,1.0,1.8,1.8,0.2,10,1.4,1.4,1.8,0.2,5,0.2,1.0,2.6,0.0,5,1.0978938248793066,0.5334301107180243,1.0282820646886313,0.6011630318105575,0.1718003734145322,0.1582344936278713
2023-24,19,2023-24_GW19_Sheffield United_vs_Luton,Sheffield United,Luton,0.5225,0.2904,0.8127,49.8,156.4,0.7816,0.1919,0.6636,0.497,1.1606,49.3,172.2,0.7502,0.1941,-0.1411,-0.2066,-0.3479000000000001,0.5,2023-12-26,Sheffield United,Luton,2,3,A,1386.4,1468.3,-81.8,20,18,-2,18,17,0,0,0,0,0.8,0.4,2.0,0.2,5,1.2,1.6,2.0,0.2,5,0.8,0.7,2.2,0.1,10,0.8,1.2,1.8,0.1,10,1.2,1.0,1.6,0.2,5,0.8,1.2,2.0,0.0,5,0.5851574458651113,0.5138133373270105,0.7703107417644335,0.4888881307302175,0.2363723207302003,0.2493961127893468
2023-24,19,2023-24_GW19_Manchester United_vs_Aston Villa,Manchester United,Aston Villa,0.9596,0.5861,1.545,59.6,187.2,0.713,0.1744,1.2909,0.8573,2.1481,59.5,160.5,0.8408,0.2114,-0.33129999999999993,-0.2712,-0.6031,0.10000000000000142,2023-12-26,Manchester United,Aston Villa,3,2,H,1639.7,1656.5,-16.8,8,3,-5,18,18,2,2,1,5,0.8,0.4,1.4,0.2,5,2.2,1.4,0.8,0.4,5,1.6,0.9,1.1,0.4,10,2.3,1.9,1.0,0.2,10,1.8,1.0,1.6,0.2,5,1.6,1.4,1.4,0.0,5,1.0662947344538272,0.539181116193265,1.1323332708323208,0.478019072937895,0.1605800784388243,0.1568356721406121
2023-24,19,2023-24_GW19_Chelsea_vs_Crystal Palace,Chelsea,Crystal Palace,1.411,0.8317,2.2427,59.6,253.5,0.7528,0.1759,0.6578,0.5143,1.1721,52.7,128.4,0.7401,0.2705,0.7532,0.3174,1.0706000000000002,6.899999999999999,2023-12-27,Chelsea,Crystal Palace,2,1,H,1545.5,1502.8,42.8,12,16,4,18,18,5,0,0,5,1.2,1.4,1.6,0.2,5,0.6,1.0,1.6,0.0,5,1.1,1.8,2.1,0.1,10,0.6,1.1,1.9,0.1,10,1.6,2.2,2.0,0.2,5,1.0,1.2,1.8,0.2,5,1.3174811182421662,0.4480013355657001,0.9873991722024328,0.5550558233822137,0.1831062220232857,0.1596589033130682
2023-24,19,2023-24_GW19_Brentford_vs_Wolverhampton Wanderers,Brentford,Wolverhampton Wanderers,0.9258,0.5048,1.4303,53.9,168.0,0.729,0.2135,0.9714,0.6019,1.5728,53.7,166.7,0.8511,0.2107,-0.045600000000000085,-0.09709999999999996,-0.14250000000000007,0.19999999999999574,2023-12-27,Brentford,Wolverhampton Wanderers,1,4,A,1544.9,1509.8,35.1,15,13,-2,17,18,1,2,1,4,0.6,1.0,1.4,0.0,5,1.4,1.0,1.4,0.2,5,1.2,1.4,1.4,0.2,10,1.4,1.4,1.6,0.1,10,1.8,2.0,1.2,0.2,5,0.6,1.2,2.2,0.0,5,1.1175291330237,0.5173910241750244,0.9078673098211816,0.5398780222843393,0.1581347270064171,0.1794897567147618
2023-24,19,2023-24_GW19_Everton_vs_Manchester City,Everton,Manchester City,1.1631,0.6867,1.8492,54.3,118.9,0.8436,0.2429,0.9793,1.0665,2.0458,64.8,130.6,0.795,0.2833,0.18380000000000007,-0.3798,-0.19659999999999989,-10.5,2023-12-27,Everton,Manchester City,1,3,A,1516.5,1792.6,-276.1,10,5,-5,18,17,0,4,1,5,2.4,1.8,0.4,0.8,5,1.2,1.6,1.6,0.0,5,1.9,1.4,1.0,0.5,10,1.6,2.3,1.5,0.1,10,2.0,1.8,0.8,0.6,5,1.4,1.8,1.4,0.2,5,1.1719570591908557,0.5385976133594532,1.298940571062142,0.487506411444317,0.1594883153268171,0.1646025785856467
2023-24,19,2023-24_GW19_Arsenal_vs_West Ham United,Arsenal,West Ham United,1.3042,0.9715,2.2757,71.7,140.8,0.8696,0.2107,1.2119,0.7605,1.9724,58.8,109.8,0.875,0.2209,0.09230000000000005,0.21100000000000008,0.3033000000000001,12.900000000000006,2023-12-28,Arsenal,West Ham United,0,2,A,1736.0,1554.4,181.7,2,7,5,18,18,3,0,2,5,2.0,1.8,1.2,0.2,5,2.0,1.6,1.4,0.4,5,2.0,2.0,1.0,0.3,10,1.6,1.6,1.8,0.2,10,3.0,2.6,0.4,0.6,5,1.2,1.4,2.8,0.0,5,1.2604413555225913,0.4177244150938103,1.045179644493622,0.5978390989899575,0.1510783276046365,0.167642421069621
2023-24,19,2023-24_GW19_Brighton and Hove Albion_vs_Tottenham,Brighton and Hove Albion,Tottenham,0.8468,0.6891,1.5315,55.9,172.3,0.6905,0.2261,1.3412,0.9497,2.2895,63.8,161.0,0.8249,0.1743,-0.49439999999999995,-0.26059999999999994,-0.7579999999999998,-7.899999999999999,2023-12-28,Brighton and Hove Albion,Tottenham,4,2,H,1590.6,1644.1,-53.5,9,5,-4,18,18,2,3,0,5,1.0,1.2,1.6,0.0,5,2.0,2.4,1.4,0.2,5,1.1,1.3,1.5,0.0,10,1.6,1.9,1.6,0.2,10,1.4,1.4,1.2,0.0,5,2.0,1.8,1.2,0.4,5,1.08566963230501,0.5051492084507772,1.2059879333138492,0.5690040562353403,0.1673097744964313,0.1571597893144892
2023-24,20,2023-24_GW20_Luton_vs_Chelsea,Luton,Chelsea,0.6421,0.4736,1.1157,49.9,171.7,0.7455,0.1935,1.2376,0.7554,1.9931,59.3,253.7,0.719,0.1609,-0.5955,-0.28179999999999994,-0.8774000000000002,-9.399999999999999,2023-12-30,Luton,Chelsea,2,3,A,1478.8,1551.6,-72.8,18,11,-7,18,19,0,1,0,1,1.2,1.8,2.2,0.2,5,1.2,1.2,1.4,0.2,5,1.1,1.5,1.9,0.1,10,1.3,1.8,2.0,0.1,10,1.4,1.6,1.6,0.2,5,0.6,1.4,2.2,0.0,5,0.7419335620715394,0.4946337149011406,1.3740296729288048,0.4379881442805864,0.2363723207302003,0.1751790389638648
2023-24,20,2023-24_GW20_Aston Villa_vs_Burnley,Aston Villa,Burnley,1.2233,0.8143,2.0376,61.5,158.7,0.7692,0.1903,0.5965,0.3607,0.9572,51.1,151.0,0.7872,0.1782,0.6268,0.4536,1.0803999999999998,10.399999999999999,2023-12-30,Aston Villa,Burnley,3,2,H,1648.9,1416.7,232.2,3,19,16,19,19,2,1,2,5,2.0,1.4,1.0,0.4,5,0.8,0.6,1.2,0.2,5,2.0,1.7,1.2,0.2,10,0.7,1.1,1.5,0.2,10,2.6,1.8,0.6,0.4,5,0.8,1.0,1.4,0.2,5,1.1380949755471914,0.4737267612422635,0.7220982925289892,0.4080042969568112,0.1509282649386032,0.2243498453884617
2023-24,20,2023-24_GW20_Crystal Palace_vs_Brentford,Crystal Palace,Brentford,0.6925,0.5197,1.2122,53.0,127.8,0.7172,0.2732,0.9794,0.615,1.5941,53.4,168.4,0.7508,0.2097,-0.28690000000000004,-0.09529999999999994,-0.38190000000000013,-0.3999999999999986,2023-12-30,Crystal Palace,Brentford,3,1,H,1496.6,1531.2,-34.6,16,15,-1,19,18,0,0,5,5,0.4,1.0,1.8,0.0,5,0.6,1.2,2.0,0.0,5,0.6,1.2,1.7,0.1,10,1.2,1.4,1.6,0.2,10,0.2,1.0,2.0,0.0,5,0.6,0.8,1.6,0.2,5,0.9710482485412412,0.5798199099228816,1.1532332659220443,0.5297194644649059,0.1535344357835258,0.1521274437200809
2023-24,20,2023-24_GW20_Manchester City_vs_Sheffield United,Manchester City,Sheffield United,1.0253,1.0616,2.0869,64.6,129.8,0.7983,0.2875,0.6104,0.3324,0.9425,48.9,157.2,0.7884,0.19,0.41490000000000005,0.7292000000000001,1.1444,15.699999999999996,2023-12-30,Manchester City,Sheffield United,2,0,H,1797.9,1375.9,422.0,4,20,16,18,19,5,0,0,5,1.6,2.0,1.6,0.0,5,0.8,0.8,1.6,0.2,5,1.9,2.6,1.5,0.1,10,0.8,0.8,2.3,0.1,10,1.8,2.8,1.6,0.0,5,0.4,0.4,2.8,0.0,5,1.3516802265350656,0.4812620908078076,0.749501832275089,0.4822339338482737,0.1580980232388704,0.2243498453884617
2023-24,20,2023-24_GW20_Wolverhampton Wanderers_vs_Everton,Wolverhampton Wanderers,Everton,1.0273,0.6206,1.6474,53.7,165.7,0.854,0.2177,0.9347,0.6474,1.5817,53.1,120.0,0.803,0.2476,0.09260000000000013,-0.026799999999999935,0.06569999999999987,0.6000000000000014,2023-12-30,Wolverhampton Wanderers,Everton,3,0,H,1523.5,1511.2,12.3,12,11,-1,19,19,4,0,1,5,2.0,1.6,1.2,0.2,5,1.8,1.8,1.0,0.6,5,1.4,1.6,1.6,0.1,10,1.9,1.5,1.1,0.5,10,2.2,1.6,1.0,0.2,5,2.4,1.6,0.8,0.6,5,0.97119351501948,0.5435947114189544,1.129779256327497,0.5636757048934199,0.1718406207214262,0.1533769632249202
2023-24,20,2023-24_GW20_Nottingham Forest_vs_Manchester United,Nottingham Forest,Manchester United,0.8197,0.4932,1.3129,52.8,215.1,0.7217,0.2393,0.9559,0.5907,1.5462,63.3,183.0,0.7032,0.1722,-0.1362,-0.09749999999999998,-0.23330000000000006,-10.5,2023-12-30,Nottingham Forest,Manchester United,2,1,H,1466.9,1647.3,-180.4,17,7,-10,19,19,0,3,0,3,0.8,1.2,2.4,0.0,5,1.4,1.0,1.6,0.2,5,0.7,1.2,2.2,0.1,10,1.6,1.0,1.2,0.4,10,0.6,1.2,1.8,0.2,5,1.4,0.8,0.6,0.6,5,0.9982354624158536,0.4997753617913614,1.042783577782782,0.5334190779052957,0.1562587110474026,0.154384787599996
2023-24,20,2023-24_GW20_Fulham_vs_Arsenal,Fulham,Arsenal,0.591,0.5418,1.1328,53.6,124.3,0.7494,0.1983,1.3391,1.1002,2.4393,71.7,140.8,0.875,0.2122,-0.7481,-0.5584000000000001,-1.3064999999999998,-18.1,2023-12-31,Fulham,Arsenal,2,1,H,1480.7,1719.3,-238.7,15,4,-11,19,19,0,3,2,5,1.2,2.0,1.6,0.4,5,1.4,1.4,1.4,0.2,5,1.0,1.8,1.9,0.2,10,1.9,1.8,1.0,0.3,10,1.8,2.6,1.0,0.4,5,1.4,1.2,1.2,0.2,5,0.9569601784322812,0.6015005058547044,1.3202897456709743,0.4301107900132588,0.1522195399191691,0.1456135660856644
2023-24,20,2023-24_GW20_Tottenham_vs_Bournemouth,Tottenham,Bournemouth,1.3879,0.956,2.3424,63.6,161.6,0.8079,0.1672,1.0287,0.601,1.6297,54.7,141.6,0.7964,0.2515,0.35919999999999996,0.355,0.7127000000000001,8.899999999999999,2023-12-31,Tottenham,Bournemouth,3,1,H,1635.4,1497.9,137.5,5,13,8,19,18,3,1,1,5,1.8,2.2,1.6,0.2,5,2.6,2.6,0.8,0.6,5,1.3,1.9,2.0,0.1,10,2.2,2.2,1.4,0.4,10,1.2,1.8,2.0,0.0,5,2.4,2.4,1.8,0.4,5,1.2534786398067166,0.5998452651811114,1.117881454868842,0.5075827708788317,0.1512274627999538,0.1647424253033518
2023-24,20,2023-24_GW20_Liverpool_vs_Newcastle United,Liverpool,Newcastle United,1.462,0.9044,2.3665,77.8,146.8,0.7428,0.2426,1.3979,0.8076,2.205,58.4,156.1,0.7812,0.2623,0.06410000000000005,0.0968,0.16149999999999975,19.4,2024-01-01,Liverpool,Newcastle United,4,2,H,1755.4,1610.1,145.3,1,9,8,19,19,5,0,0,5,2.2,1.4,0.4,0.6,5,0.6,1.0,2.2,0.2,5,2.2,1.9,0.7,0.5,10,1.3,1.3,1.6,0.3,10,2.2,2.2,0.8,0.6,5,0.2,0.6,2.4,0.0,5,1.297160186088773,0.4526813816684994,1.433980364442832,0.5420767799835084,0.1527864411301492,0.1468575992986486
2023-24,20,2023-24_GW20_West Ham United_vs_Brighton and Hove Albion,West Ham United,Brighton and Hove Albion,1.1541,0.754,1.9081,58.8,109.8,0.8376,0.2209,0.8998,0.6791,1.5743,56.9,171.1,0.6607,0.239,0.25429999999999986,0.07489999999999997,0.3337999999999999,1.8999999999999986,2024-01-02,West Ham United,Brighton and Hove Albion,0,0,D,1571.1,1599.3,-28.2,6,8,2,19,19,1,3,1,5,2.4,1.8,1.2,0.6,5,1.6,1.6,1.4,0.0,5,1.9,1.7,1.4,0.3,10,1.4,1.6,1.5,0.0,10,2.0,1.8,0.8,0.4,5,1.0,1.4,1.8,0.0,5,1.0510502281178593,0.6232251861226275,1.2321678217780374,0.5164822089825957,0.1609041515262676,0.1605970800369867
2023-24,21,2023-24_GW21_Burnley_vs_Luton,Burnley,Luton,0.5511,0.3895,0.9406,50.6,151.4,0.805,0.1809,0.7245,0.538,1.2625,49.7,171.9,0.7762,0.2009,-0.1734,-0.14850000000000002,-0.32189999999999996,0.8999999999999986,2024-01-12,Burnley,Luton,1,1,D,1414.1,1468.0,-53.9,19,18,-1,20,19,1,0,0,1,0.8,1.0,1.6,0.2,5,1.2,2.0,2.2,0.2,5,0.7,1.2,1.6,0.2,10,1.0,1.5,2.0,0.1,10,0.6,1.2,1.6,0.2,5,0.8,1.4,2.2,0.0,5,0.7263372564745424,0.4441096272863051,0.8697597564936869,0.4794326610610162,0.2132517018764725,0.2243498453884617
2023-24,21,2023-24_GW21_Newcastle United_vs_Manchester City,Newcastle United,Manchester City,1.3427,0.7592,2.1014,58.1,155.8,0.773,0.2592,1.0735,1.1104,2.1839,64.9,129.3,0.8159,0.2962,0.2692000000000001,-0.35120000000000007,-0.08250000000000002,-6.800000000000004,2024-01-13,Newcastle United,Manchester City,2,3,A,1606.2,1798.9,-192.7,9,3,-6,20,19,0,4,1,5,0.6,1.4,2.4,0.2,5,2.0,1.8,1.0,0.2,5,1.2,1.3,1.8,0.3,10,1.9,2.6,1.4,0.2,10,2.4,2.0,0.8,0.6,5,2.0,2.4,1.4,0.2,5,1.3384043618278958,0.6280540703405487,1.37214550849976,0.4612765710755532,0.1417173427927502,0.1520935618722846
2023-24,21,2023-24_GW21_Chelsea_vs_Fulham,Chelsea,Fulham,1.252,0.6899,1.942,56.9,256.3,0.7145,0.1644,0.775,0.5607,1.3357,53.4,124.3,0.7972,0.1953,0.477,0.12919999999999998,0.6062999999999998,3.5,2024-01-13,Chelsea,Fulham,1,0,H,1562.4,1494.5,67.9,10,14,4,20,20,3,1,1,5,1.8,1.6,1.4,0.2,5,1.2,1.4,1.8,0.2,5,1.6,2.1,2.0,0.1,10,1.2,1.9,1.9,0.2,10,2.0,2.2,1.8,0.2,5,0.2,1.0,2.8,0.0,5,1.3414577858732972,0.4496468587781346,0.964584032186224,0.5948575177014159,0.1678613267009141,0.1466670378279072
2023-24,21,2023-24_GW21_Everton_vs_Aston Villa,Everton,Aston Villa,0.9127,0.6335,1.5457,53.8,119.3,0.8003,0.2463,1.2665,0.8481,2.1145,61.6,158.7,0.7837,0.1814,-0.3538,-0.2146,-0.5688,-7.800000000000004,2024-01-14,Everton,Aston Villa,0,0,D,1504.3,1651.5,-147.1,12,3,-9,20,20,0,5,0,5,1.2,1.2,1.6,0.4,5,2.0,1.8,1.4,0.2,5,1.6,1.4,1.4,0.4,10,2.0,1.7,1.3,0.2,10,1.4,1.4,1.4,0.4,5,1.4,1.6,1.8,0.0,5,1.0585767927898886,0.574811012904054,1.2361370420906177,0.4676058503905635,0.1477354742011349,0.1454750407856667
2023-24,21,2023-24_GW21_Manchester United_vs_Tottenham,Manchester United,Tottenham,0.9171,0.5996,1.5164,62.5,183.8,0.7104,0.1639,1.4065,0.9319,2.3371,63.5,161.8,0.7879,0.1708,-0.48940000000000006,-0.33229999999999993,-0.8207,-1.0,2024-01-14,Manchester United,Tottenham,2,2,D,1635.1,1639.5,-4.4,9,5,-4,20,20,3,1,1,5,0.8,0.8,1.8,0.2,5,2.4,2.6,1.4,0.2,5,1.6,1.1,1.1,0.4,10,1.3,2.0,2.0,0.1,10,1.8,1.2,1.8,0.2,5,1.4,2.0,2.0,0.2,5,1.002439886301118,0.515774358302637,1.285857083865673,0.5884739043698631,0.1486658133560542,0.1457512352222834
2023-24,21,2023-24_GW21_Arsenal_vs_Crystal Palace,Arsenal,Crystal Palace,1.3284,1.0458,2.3742,71.9,140.7,0.8661,0.2155,0.7468,0.5603,1.307,52.5,128.2,0.7332,0.2785,0.5816,0.48550000000000004,1.0672000000000001,19.400000000000006,2024-01-20,Arsenal,Crystal Palace,5,0,H,1705.6,1504.8,200.8,4,15,11,20,20,3,1,1,5,0.8,0.8,1.2,0.2,5,1.0,1.6,1.6,0.0,5,1.6,1.4,1.2,0.2,10,0.9,1.4,1.6,0.1,10,2.4,2.4,0.8,0.4,5,1.0,1.4,1.4,0.2,5,1.3050862669213843,0.4382518457802083,0.9596599777249586,0.5723573103315936,0.1405689553983966,0.147880839694091
2023-24,21,2023-24_GW21_Brentford_vs_Nottingham Forest,Brentford,Nottingham Forest,0.951,0.6129,1.5634,53.3,168.2,0.7547,0.2073,0.8329,0.4706,1.3035,53.1,214.7,0.7101,0.2273,0.11809999999999998,0.14229999999999998,0.2598999999999998,0.19999999999999574,2024-01-20,Brentford,Nottingham Forest,3,2,H,1523.1,1479.2,43.9,17,16,-1,19,20,1,0,2,3,0.0,0.8,2.4,0.0,5,1.4,1.6,1.6,0.0,5,0.9,1.2,1.9,0.1,10,1.0,1.4,2.0,0.1,10,1.2,1.6,2.0,0.0,5,0.8,1.2,2.6,0.0,5,1.1373482375353623,0.5222291168213521,0.9624436843871796,0.4832284254770556,0.1465820223210888,0.1503956627222324
2023-24,21,2023-24_GW21_Sheffield United_vs_West Ham United,Sheffield United,West Ham United,0.545,0.3016,0.8464,49.3,156.7,0.7689,0.1785,1.07,0.6772,1.7472,59.0,109.7,0.7806,0.2111,-0.525,-0.37560000000000004,-0.9008,-9.700000000000003,2024-01-21,Sheffield United,West Ham United,2,2,D,1375.0,1569.0,-194.1,20,6,-14,20,20,1,3,1,5,0.8,0.8,1.6,0.2,5,2.0,1.4,1.0,0.8,5,0.8,0.8,2.0,0.1,10,2.0,1.7,1.3,0.4,10,1.2,1.2,1.8,0.2,5,1.8,1.6,2.0,0.2,5,0.6977915631632652,0.492098997067496,1.0041956288806757,0.6387878462795046,0.2132517018764725,0.1546839447644389
2023-24,21,2023-24_GW21_Bournemouth_vs_Liverpool,Bournemouth,Liverpool,1.0565,0.6504,1.7069,54.3,142.0,0.8086,0.2496,1.6935,0.9829,2.6764,75.2,149.3,0.7464,0.2593,-0.637,-0.3325,-0.9695,-20.900000000000006,2024-01-21,Bournemouth,Liverpool,0,4,A,1493.9,1759.3,-265.4,13,1,-12,19,20,1,4,0,5,2.4,2.4,1.0,0.6,5,2.2,1.8,0.8,0.4,5,2.2,2.2,1.5,0.4,10,2.2,2.0,0.9,0.4,10,2.0,2.0,1.0,0.4,5,2.2,1.6,0.6,0.4,5,1.1190453933742852,0.5275264463338345,1.660640658303156,0.4402102135104395,0.1582271180299725,0.1471903536025493
2023-24,21,2023-24_GW21_Brighton and Hove Albion_vs_Wolverhampton Wanderers,Brighton and Hove Albion,Wolverhampton Wanderers,0.8462,0.6524,1.4942,53.2,174.6,0.631,0.2247,1.0591,0.6845,1.7432,53.4,165.9,0.8592,0.2127,-0.21289999999999998,-0.03210000000000002,-0.2490000000000001,-0.19999999999999574,2024-01-22,Brighton and Hove Albion,Wolverhampton Wanderers,0,0,D,1601.3,1530.4,70.9,8,11,3,20,20,4,1,0,5,1.2,1.2,1.2,0.2,5,2.0,2.0,1.2,0.2,5,1.4,1.5,1.4,0.1,10,1.6,1.7,1.4,0.2,10,1.8,1.8,1.2,0.0,5,0.6,1.6,2.2,0.0,5,1.2789119295681728,0.4973874306943666,1.0223963094215895,0.5162344650295704,0.1544004820531744,0.1647795782502437
2023-24,22,2023-24_GW22_Aston Villa_vs_Newcastle United,Aston Villa,Newcastle United,1.296,0.847,2.143,60.8,159.7,0.7791,0.1819,1.2909,0.7736,2.064,61.3,152.2,0.7903,0.2619,0.0051000000000001044,0.07340000000000002,0.07899999999999974,-0.5,2024-01-30,Aston Villa,Newcastle United,1,3,A,1650.1,1598.8,51.3,4,10,6,21,21,2,3,0,5,1.6,1.6,1.4,0.2,5,0.6,1.6,2.2,0.2,5,2.1,1.7,1.1,0.3,10,0.9,1.4,2.1,0.2,10,2.6,1.8,0.8,0.4,5,0.0,0.6,2.8,0.0,5,1.1965518094863097,0.4649466460135519,1.2925548391107782,0.6341048492959613,0.1404410804295806,0.1369722879875351
2023-24,22,2023-24_GW22_Nottingham Forest_vs_Arsenal,Nottingham Forest,Arsenal,0.7902,0.4224,1.2125,53.7,214.0,0.6893,0.2193,1.415,1.0623,2.4773,72.1,140.7,0.8718,0.2205,-0.6248,-0.6399,-1.2648000000000001,-18.39999999999999,2024-01-30,Nottingham Forest,Arsenal,1,2,A,1473.1,1708.6,-235.5,17,3,-14,21,21,1,2,0,3,1.2,1.8,2.0,0.0,5,1.4,1.8,1.0,0.4,5,0.7,1.4,2.3,0.0,10,1.9,1.9,1.1,0.3,10,0.6,1.2,2.0,0.0,5,1.4,1.4,1.4,0.2,5,0.949384886042322,0.4778713538655217,1.3920504956879962,0.4248086057766493,0.1449833869736131,0.1359121928118229
2023-24,22,2023-24_GW22_Fulham_vs_Everton,Fulham,Everton,0.7528,0.5642,1.3169,53.4,124.2,0.7857,0.196,1.0347,0.5917,1.626,53.9,119.3,0.8264,0.2529,-0.28189999999999993,-0.02749999999999997,-0.30909999999999993,-0.5,2024-01-30,Fulham,Everton,0,0,D,1489.0,1505.7,-16.7,14,12,-2,21,21,3,1,1,5,0.6,0.4,2.0,0.0,5,0.8,0.8,1.6,0.4,5,1.2,1.9,1.9,0.2,10,1.6,1.3,1.3,0.5,10,2.4,3.0,1.0,0.4,5,1.8,1.4,1.4,0.4,5,0.937137803019189,0.6025938168543641,1.0385737192952609,0.5638725839552275,0.1415414323841173,0.1425277234653179
2023-24,22,2023-24_GW22_Luton_vs_Brighton and Hove Albion,Luton,Brighton and Hove Albion,0.6912,0.5415,1.2327,49.8,171.8,0.7831,0.1908,0.9058,0.715,1.6165,54.7,173.2,0.6697,0.2222,-0.2146,-0.1735,-0.38380000000000014,-4.900000000000006,2024-01-30,Luton,Brighton and Hove Albion,4,0,H,1469.3,1596.7,-127.4,18,8,-10,20,21,0,1,0,1,1.4,1.6,1.6,0.2,5,1.2,1.0,1.0,0.4,5,1.1,1.5,1.8,0.1,10,1.4,1.4,1.3,0.2,10,1.2,1.8,2.0,0.2,5,1.0,1.2,1.6,0.2,5,0.8468044683507712,0.4554773363757834,1.241138645736901,0.4925863658790528,0.2132517018764725,0.1486803011623308
2023-24,22,2023-24_GW22_Crystal Palace_vs_Sheffield United,Crystal Palace,Sheffield United,0.7082,0.5288,1.2369,52.6,128.0,0.7452,0.2779,0.5449,0.3222,0.867,48.8,157.0,0.7724,0.1854,0.1633,0.20660000000000006,0.3699000000000001,3.8000000000000043,2024-01-30,Crystal Palace,Sheffield United,3,2,H,1501.8,1377.6,124.2,16,20,4,21,21,3,2,0,5,1.0,1.4,2.2,0.0,5,0.4,1.0,2.0,0.0,5,0.6,1.2,2.1,0.0,10,0.6,0.8,2.1,0.1,10,0.8,1.4,1.8,0.0,5,0.4,0.4,2.2,0.0,5,0.9019861550494755,0.6054253572058358,0.8095576241670329,0.5000365534561563,0.1426619127280662,0.2030068241860105
2023-24,22,2023-24_GW22_Tottenham_vs_Brentford,Tottenham,Brentford,1.2749,0.7858,2.0596,61.7,163.5,0.7405,0.1666,0.9322,0.6136,1.5453,53.2,168.3,0.7435,0.201,0.3426999999999999,0.17220000000000002,0.5143000000000002,8.5,2024-01-31,Tottenham,Brentford,3,2,H,1642.1,1529.2,113.0,5,16,11,21,20,1,1,3,5,2.0,2.2,1.6,0.2,5,0.6,1.2,2.4,0.0,5,1.4,2.1,1.8,0.1,10,0.9,1.3,2.1,0.0,10,1.8,2.2,1.4,0.0,5,0.6,0.8,1.8,0.2,5,1.2567506399713213,0.5650924688493034,1.1184933216366009,0.5131267421604593,0.1406960400288025,0.1414629531800769
2023-24,22,2023-24_GW22_Liverpool_vs_Chelsea,Liverpool,Chelsea,1.5817,0.8932,2.4748,76.1,148.3,0.7257,0.2591,1.286,0.7438,2.0297,57.8,255.3,0.7451,0.1696,0.2957000000000001,0.14939999999999998,0.44510000000000005,18.299999999999997,2024-01-31,Liverpool,Chelsea,4,1,H,1764.9,1567.9,197.0,1,10,9,21,21,0,0,5,5,2.2,2.2,0.6,0.6,5,2.4,1.8,1.0,0.4,5,2.4,2.3,0.8,0.5,10,1.6,1.8,1.9,0.2,10,2.2,2.4,1.2,0.4,5,0.6,1.2,2.4,0.0,5,1.6057553156961264,0.4425957006924321,1.3582795224778328,0.4360393188687414,0.1420245137300115,0.1611062268928304
2023-24,22,2023-24_GW22_Manchester City_vs_Burnley,Manchester City,Burnley,1.0956,1.1863,2.2819,62.8,131.9,0.8169,0.2954,0.5499,0.4084,0.9582,50.6,151.2,0.7936,0.1799,0.5456999999999999,0.7778999999999999,1.3236999999999997,12.199999999999996,2024-01-31,Manchester City,Burnley,3,1,H,1806.3,1412.8,393.5,3,19,16,20,21,5,0,0,5,2.6,2.4,1.2,0.2,5,0.8,1.0,1.6,0.2,5,1.9,2.6,1.6,0.1,10,0.8,1.3,1.5,0.2,10,1.8,2.8,1.4,0.2,5,0.8,1.2,1.6,0.2,5,1.426793558758797,0.4627108529134073,0.7300993636274675,0.423686509028352,0.1465507454335422,0.2030068241860105
2023-24,22,2023-24_GW22_West Ham United_vs_Bournemouth,West Ham United,Bournemouth,0.9655,0.533,1.4984,57.0,111.2,0.7406,0.2037,1.0193,0.6301,1.6494,54.3,141.9,0.7808,0.2931,-0.05380000000000007,-0.09709999999999996,-0.15100000000000002,2.700000000000003,2024-02-01,West Ham United,Bournemouth,1,1,D,1566.4,1488.3,78.1,6,14,8,21,20,3,0,2,5,2.2,1.8,0.4,0.8,5,1.8,2.0,1.8,0.4,5,2.1,1.7,1.2,0.4,10,1.9,2.0,1.8,0.4,10,2.2,1.8,0.6,0.6,5,2.4,2.4,1.2,0.4,5,1.0627954605497931,0.645106066456176,1.106560286560274,0.5304492290941317,0.1489419702246902,0.1522127313841844
2023-24,22,2023-24_GW22_Wolverhampton Wanderers_vs_Manchester United,Wolverhampton Wanderers,Manchester United,1.0242,0.6635,1.6873,53.9,165.3,0.8421,0.2119,0.9117,0.6254,1.5368,62.4,183.7,0.7259,0.1603,0.11250000000000004,0.03810000000000002,0.15050000000000008,-8.5,2024-02-01,Wolverhampton Wanderers,Manchester United,3,4,A,1534.9,1632.4,-97.5,11,9,-2,21,21,1,4,0,5,2.0,1.8,1.0,0.4,5,1.0,1.2,1.6,0.2,5,1.7,1.6,1.2,0.3,10,1.4,1.2,1.3,0.3,10,2.6,1.8,0.6,0.4,5,0.8,0.8,1.0,0.4,5,1.0234891273303863,0.5059225874356329,0.9727414311438122,0.5097193659209864,0.1582614145225648,0.1433865347469075
2023-24,23,2023-24_GW23_Everton_vs_Tottenham,Everton,Tottenham,1.0392,0.5998,1.6385,54.0,119.2,0.8208,0.2351,1.2636,1.0937,2.3564,61.4,164.4,0.7305,0.1651,-0.22440000000000015,-0.4938999999999999,-0.7178999999999998,-7.399999999999999,2024-02-03,Everton,Tottenham,2,2,D,1508.0,1646.7,-138.6,12,4,-8,22,22,0,3,2,5,0.4,0.4,1.6,0.4,5,2.0,2.4,2.0,0.0,5,1.4,1.0,1.1,0.6,10,1.7,2.3,1.8,0.1,10,1.4,1.2,1.2,0.6,5,1.0,2.0,2.2,0.2,5,1.0832932715528627,0.566264639924644,1.3223324913461076,0.5576007306536455,0.1377203636331781,0.1360295067115252
2023-24,23,2023-24_GW23_Brighton and Hove Albion_vs_Crystal Palace,Brighton and Hove Albion,Crystal Palace,0.925,0.7509,1.6716,54.1,173.9,0.6984,0.2212,0.7974,0.5884,1.3859,53.9,126.4,0.7701,0.2923,0.12760000000000005,0.16249999999999998,0.28570000000000007,0.20000000000000284,2024-02-03,Brighton and Hove Albion,Crystal Palace,4,1,H,1586.0,1506.1,79.9,9,15,6,22,22,1,0,4,5,1.2,1.0,1.4,0.4,5,1.4,1.6,2.2,0.0,5,1.3,1.3,1.6,0.2,10,0.9,1.3,2.0,0.0,10,1.8,1.6,1.0,0.2,5,0.4,1.0,2.4,0.0,5,1.18523701573991,0.5132671590590359,0.9006479900154046,0.5829907738270814,0.1433999086777047,0.1378442359351307
2023-24,23,2023-24_GW23_Burnley_vs_Fulham,Burnley,Fulham,0.5592,0.4111,0.9701,50.4,151.2,0.7488,0.1782,0.7135,0.5553,1.2688,53.4,124.1,0.7589,0.1903,-0.1543,-0.1442,-0.29869999999999997,-3.0,2024-02-03,Burnley,Fulham,2,2,D,1411.7,1486.6,-74.9,19,14,-5,22,22,3,1,1,5,0.8,1.2,1.8,0.2,5,0.8,0.4,1.4,0.2,5,0.8,1.3,1.5,0.2,10,1.3,1.8,1.6,0.3,10,0.8,1.4,1.4,0.2,5,0.0,0.8,2.8,0.0,5,0.7679533985413552,0.4235290832910244,0.9656502939835312,0.6070652969738939,0.1935496101232133,0.1368099022138265
2023-24,23,2023-24_GW23_Newcastle United_vs_Luton,Newcastle United,Luton,1.293,0.7886,2.0811,60.0,153.4,0.7952,0.2542,0.6984,0.509,1.2075,50.8,170.3,0.7591,0.1968,0.5945999999999999,0.27959999999999996,0.8736000000000002,9.200000000000003,2024-02-03,Newcastle United,Luton,4,4,D,1612.9,1480.1,132.8,9,18,9,22,21,0,1,0,1,0.6,1.6,2.4,0.0,5,2.0,2.2,1.2,0.4,5,1.2,1.7,2.0,0.2,10,1.3,1.8,1.7,0.2,10,1.8,2.2,1.4,0.4,5,0.8,1.2,2.0,0.0,5,1.335250775827737,0.6133538043681565,0.9848150672568012,0.4318088421832147,0.1325920503323406,0.2030068241860105
2023-24,23,2023-24_GW23_Sheffield United_vs_Aston Villa,Sheffield United,Aston Villa,0.829,0.3248,1.1536,49.8,155.6,0.8029,0.1854,1.287,0.858,2.145,60.8,159.8,0.7778,0.1891,-0.45799999999999996,-0.5332,-0.9914000000000001,-11.0,2024-02-03,Sheffield United,Aston Villa,0,5,A,1373.3,1636.0,-262.7,20,5,-15,22,22,2,1,2,5,0.4,1.4,2.2,0.0,5,1.0,1.4,1.8,0.2,5,0.5,0.9,2.3,0.1,10,1.8,1.5,1.3,0.3,10,0.8,1.2,2.0,0.2,5,1.6,1.6,1.4,0.2,5,0.7876935121902979,0.4806857047547517,1.1796783142731415,0.4879557174788987,0.1935496101232133,0.1357941493378152
2023-24,23,2023-24_GW23_Bournemouth_vs_Nottingham Forest,Bournemouth,Nottingham Forest,0.9733,0.6098,1.5831,54.0,142.1,0.7871,0.2953,0.7429,0.3824,1.1253,54.6,211.7,0.6965,0.2415,0.23040000000000005,0.2274,0.4578,-0.6000000000000014,2024-02-04,Bournemouth,Nottingham Forest,1,1,D,1493.0,1466.8,26.2,14,18,4,21,22,2,0,1,3,1.4,1.6,2.0,0.2,5,1.2,2.0,2.0,0.0,5,2.0,2.0,1.3,0.4,10,0.7,1.3,2.2,0.0,10,2.0,1.8,1.4,0.4,5,0.8,1.6,2.6,0.0,5,1.0828688594568026,0.5248564549146946,0.8954304025633023,0.4725705166079528,0.1466607527579678,0.1399872267589106
2023-24,23,2023-24_GW23_Chelsea_vs_Wolverhampton Wanderers,Chelsea,Wolverhampton Wanderers,1.061,0.7443,1.8053,55.4,257.0,0.7687,0.17,0.8787,0.555,1.4333,52.7,165.5,0.8012,0.2305,0.1822999999999999,0.1892999999999999,0.3719999999999999,2.6999999999999957,2024-02-04,Chelsea,Wolverhampton Wanderers,2,4,A,1564.9,1524.8,40.0,10,11,1,22,22,1,2,2,5,1.8,1.6,1.8,0.2,5,2.0,2.4,1.2,0.4,5,1.5,1.5,1.9,0.2,10,1.4,1.7,1.5,0.3,10,2.6,2.4,1.4,0.4,5,0.8,1.4,1.8,0.2,5,1.2659566238570246,0.4542440220125691,1.0687809450467298,0.5233080012377903,0.1548704838385151,0.1522443910371201
2023-24,23,2023-24_GW23_Manchester United_vs_West Ham United,Manchester United,West Ham United,0.9667,0.66,1.6265,61.0,184.9,0.7269,0.1581,1.0042,0.539,1.5433,58.3,108.5,0.773,0.2271,-0.03749999999999998,0.121,0.08320000000000016,2.700000000000003,2024-02-04,Manchester United,West Ham United,3,0,H,1642.5,1561.7,80.8,8,6,-2,22,22,3,2,0,5,1.4,2.0,2.2,0.0,5,1.8,1.4,0.6,0.6,5,1.4,1.5,1.6,0.2,10,1.9,1.5,1.1,0.4,10,2.0,1.6,1.6,0.2,5,2.0,1.6,1.8,0.2,5,1.064691451572787,0.5147974122981661,1.054056794156531,0.6260139918117409,0.1385131463656748,0.1436414596665122
2023-24,23,2023-24_GW23_Arsenal_vs_Liverpool,Arsenal,Liverpool,1.3751,1.0827,2.4579,72.1,140.5,0.8765,0.2173,1.2911,0.7447,2.0358,70.5,152.9,0.7029,0.2689,0.08400000000000007,0.33799999999999997,0.4220999999999999,1.5999999999999943,2024-02-04,Arsenal,Liverpool,3,1,H,1714.9,1768.0,-53.1,3,1,-2,22,22,1,2,2,5,1.4,1.8,1.2,0.2,5,2.6,3.0,0.8,0.4,5,1.9,1.8,1.1,0.3,10,2.4,2.4,0.9,0.4,10,2.4,2.4,0.8,0.4,5,2.6,2.2,0.4,0.6,5,1.3445553440362594,0.4137972650969609,1.6375289952175154,0.4303523864073224,0.1316134591469151,0.1372558425008559
2023-24,23,2023-24_GW23_Brentford_vs_Manchester City,Brentford,Manchester City,0.8183,0.5907,1.4086,53.3,167.6,0.7563,0.2092,1.1588,1.1148,2.2736,64.5,130.5,0.7768,0.2846,-0.3405,-0.5241,-0.865,-11.200000000000003,2024-02-05,Brentford,Manchester City,1,3,A,1524.6,1807.4,-282.8,16,3,-13,21,21,2,2,0,4,0.6,1.6,2.8,0.0,5,2.6,2.6,1.2,0.2,5,0.6,1.2,2.2,0.0,10,1.9,2.3,1.6,0.1,10,1.2,1.6,2.0,0.0,5,2.0,2.4,1.8,0.0,5,1.1279209818288438,0.5338364545333721,1.40716681750635,0.4702140253490649,0.1367374567777255,0.1414340809739186
2023-24,24,2023-24_GW24_Nottingham Forest_vs_Newcastle United,Nottingham Forest,Newcastle United,0.7099,0.4051,1.115,54.6,211.7,0.6709,0.2375,1.2795,0.7965,2.0756,60.2,152.4,0.8113,0.2588,-0.5696000000000001,-0.39139999999999997,-0.9606000000000001,-5.600000000000001,2024-02-10,Nottingham Forest,Newcastle United,2,3,A,1470.3,1607.1,-136.8,17,9,-8,23,23,1,2,0,3,1.4,1.8,1.6,0.0,5,0.8,2.4,3.0,0.0,5,0.8,1.2,2.0,0.0,10,1.0,1.7,2.3,0.2,10,0.6,1.0,1.8,0.0,5,0.6,1.2,2.6,0.0,5,0.8598484354867408,0.4623392360969137,1.3560641462675072,0.6101736137852136,0.1353751895955522,0.1285485813517723
2023-24,24,2023-24_GW24_Wolverhampton Wanderers_vs_Brentford,Wolverhampton Wanderers,Brentford,0.9226,0.5749,1.4971,52.7,165.5,0.824,0.2328,0.8022,0.5806,1.3825,53.2,165.6,0.7732,0.2054,0.12039999999999995,-0.005700000000000038,0.11460000000000004,-0.5,2024-02-10,Wolverhampton Wanderers,Brentford,0,2,A,1538.7,1519.4,19.2,10,16,6,23,22,3,1,1,5,2.0,2.8,1.4,0.4,5,0.6,1.6,3.0,0.0,5,1.7,1.9,1.4,0.3,10,0.6,1.3,2.2,0.0,10,2.0,2.0,1.2,0.4,5,0.0,0.8,2.4,0.0,5,1.100903335645365,0.5211236716314606,1.0930279067907571,0.5410949711404622,0.1466899783011137,0.1323752738039236
2023-24,24,2023-24_GW24_Tottenham_vs_Brighton and Hove Albion,Tottenham,Brighton and Hove Albion,1.254,0.9871,2.2401,61.5,164.4,0.7576,0.1662,0.9797,0.7372,1.7127,53.4,174.5,0.7049,0.2193,0.2743,0.2499,0.5274000000000001,8.100000000000001,2024-02-10,Tottenham,Brighton and Hove Albion,2,1,H,1645.6,1591.2,54.4,5,9,4,23,23,3,2,0,5,1.6,2.4,2.2,0.0,5,1.6,1.6,1.4,0.4,5,1.8,2.4,1.8,0.1,10,1.3,1.4,1.5,0.2,10,2.4,2.6,1.4,0.0,5,0.4,0.6,2.0,0.2,5,1.2655200871236594,0.567281751659294,1.1785313840047196,0.4887441620782516,0.1317217535253886,0.1385254920598091
2023-24,24,2023-24_GW24_Fulham_vs_Bournemouth,Fulham,Bournemouth,0.7081,0.541,1.2491,53.5,124.0,0.7545,0.1886,0.9857,0.59,1.5757,54.0,142.1,0.8051,0.3043,-0.27760000000000007,-0.04899999999999993,-0.3266,-0.5,2024-02-10,Fulham,Bournemouth,3,1,H,1487.3,1489.6,-2.2,14,13,-1,23,22,1,3,1,5,1.0,0.8,1.4,0.2,5,1.0,1.2,1.8,0.2,5,1.1,1.7,1.6,0.3,10,1.8,1.9,1.4,0.3,10,2.0,2.4,0.6,0.6,5,2.0,2.0,1.2,0.4,5,0.9652497067635568,0.6002380666253427,1.0571877047032363,0.5072047002970123,0.1324421493702096,0.1415356305333181
2023-24,24,2023-24_GW24_Liverpool_vs_Burnley,Liverpool,Burnley,1.1967,0.6949,1.8916,70.6,152.8,0.7193,0.2738,0.5461,0.3796,0.9256,50.2,151.1,0.7579,0.21,0.6506000000000001,0.31529999999999997,0.966,20.39999999999999,2024-02-10,Liverpool,Burnley,3,1,H,1759.3,1411.0,348.3,1,19,18,23,23,4,1,0,5,2.4,3.0,1.2,0.4,5,0.4,1.2,2.2,0.0,5,2.3,2.4,1.1,0.4,10,0.9,1.4,1.5,0.2,10,2.2,2.6,1.4,0.2,5,0.8,1.2,1.6,0.2,5,1.5108790728585897,0.4727558700537298,0.8194011110711499,0.4128143663228975,0.1328538041386787,0.1848195012305676
2023-24,24,2023-24_GW24_Manchester City_vs_Everton,Manchester City,Everton,1.253,1.12,2.3731,73.8,121.3,0.7924,0.2756,1.046,0.5921,1.6377,53.0,120.2,0.7986,0.2295,0.20699999999999985,0.5279000000000001,0.7354,20.799999999999997,2024-02-10,Manchester City,Everton,2,0,H,1812.6,1509.1,303.4,2,12,10,22,23,4,0,1,5,3.0,2.8,1.0,0.2,5,0.6,0.6,1.6,0.4,5,2.1,2.2,1.3,0.1,10,1.5,1.2,1.0,0.6,10,1.8,2.2,1.4,0.2,5,1.4,0.8,1.0,0.6,5,1.4154849647847891,0.4669610115958013,1.185945513269966,0.554474088439335,0.1367108043722645,0.1332826111891674
2023-24,24,2023-24_GW24_Luton_vs_Sheffield United,Luton,Sheffield United,0.8228,0.5221,1.3449,50.7,170.3,0.7808,0.1908,0.8374,0.2936,1.1309,49.7,155.1,0.7917,0.2023,-0.014600000000000057,0.22849999999999998,0.21399999999999997,1.0,2024-02-10,Luton,Sheffield United,1,3,A,1486.0,1367.7,118.3,18,20,2,22,23,1,0,0,1,1.6,2.8,2.0,0.2,5,0.2,1.2,3.0,0.0,5,1.4,2.2,2.0,0.2,10,0.5,0.8,2.5,0.1,10,1.2,2.2,1.8,0.4,5,0.2,0.6,2.6,0.0,5,1.0590435994943854,0.4373185694246386,0.8217611582243659,0.4872172335920592,0.1935496101232133,0.1848195012305676
2023-24,24,2023-24_GW24_West Ham United_vs_Arsenal,West Ham United,Arsenal,1.0316,0.5453,1.5768,57.5,108.7,0.8035,0.2302,1.4029,1.0833,2.4862,72.0,140.5,0.8804,0.2148,-0.37129999999999996,-0.5379999999999999,-0.9094000000000002,-14.5,2024-02-11,West Ham United,Arsenal,0,6,A,1556.5,1723.5,-167.1,8,3,-5,23,23,1,3,1,5,1.2,1.0,1.2,0.4,5,1.8,2.2,1.2,0.2,5,1.6,1.3,1.3,0.4,10,1.9,2.0,1.2,0.2,10,1.8,1.4,0.4,0.6,5,1.4,1.6,1.6,0.0,5,1.0684862416564969,0.6017082769885722,1.452954320948704,0.403906685508747,0.1387484717260632,0.1276452278320762
2023-24,24,2023-24_GW24_Aston Villa_vs_Manchester United,Aston Villa,Manchester United,1.3001,0.8622,2.1623,60.8,158.2,0.7896,0.1922,0.9606,0.6223,1.5827,60.9,185.0,0.7246,0.1576,0.3395,0.2399,0.5796000000000001,-0.10000000000000142,2024-02-11,Aston Villa,Manchester United,1,2,A,1641.6,1647.7,-6.0,5,6,1,23,23,2,2,1,5,1.4,2.2,1.6,0.4,5,2.0,2.6,1.8,0.2,5,1.8,1.8,1.2,0.4,10,1.4,1.5,1.6,0.2,10,2.0,1.4,1.2,0.4,5,0.8,1.0,1.6,0.2,5,1.2446629173804984,0.4834166448570565,1.027201256644507,0.513129916377285,0.1315044912864743,0.1340144418886681
2023-24,24,2023-24_GW24_Crystal Palace_vs_Chelsea,Crystal Palace,Chelsea,0.7163,0.5371,1.2534,51.4,128.4,0.7824,0.3018,1.2005,0.7943,1.9948,57.5,254.4,0.7736,0.1719,-0.48419999999999985,-0.2572,-0.7413999999999998,-6.100000000000001,2024-02-12,Crystal Palace,Chelsea,1,3,A,1500.9,1551.0,-50.2,16,11,-5,23,23,0,5,0,5,1.2,1.6,2.8,0.0,5,1.8,1.8,2.2,0.2,5,0.9,1.3,2.2,0.0,10,1.5,1.6,1.9,0.2,10,1.4,1.6,1.6,0.0,5,0.6,1.2,2.4,0.0,5,0.8489945759793409,0.5782060011450574,1.2679672884392432,0.4582656854665939,0.1333969597359644,0.1491141674932097
2023-24,25,2023-24_GW25_Nottingham Forest_vs_West Ham United,Nottingham Forest,West Ham United,0.5924,0.4078,1.0002,54.3,210.9,0.6871,0.2559,1.0017,0.531,1.5327,57.3,108.7,0.8183,0.2261,-0.4093,-0.12320000000000003,-0.5325,-3.0,2024-02-17,Nottingham Forest,West Ham United,2,0,H,1461.4,1548.4,-87.0,17,8,-9,24,24,1,2,0,3,0.8,1.6,2.0,0.0,5,0.6,0.6,2.4,0.2,5,0.8,1.4,2.2,0.0,10,1.5,1.2,1.8,0.4,10,0.6,1.4,2.2,0.0,5,1.4,1.2,2.2,0.2,5,0.8830258034629895,0.4495856831138035,0.990284720266357,0.6394705083358135,0.1311177426999134,0.134231674575562
2023-24,25,2023-24_GW25_Newcastle United_vs_Bournemouth,Newcastle United,Bournemouth,1.0976,0.768,1.8648,60.3,152.0,0.8061,0.2548,0.971,0.6711,1.642,53.9,142.1,0.8063,0.2982,0.12659999999999993,0.09689999999999999,0.2228000000000001,6.399999999999999,2024-02-17,Newcastle United,Bournemouth,2,2,D,1616.0,1482.3,133.7,7,14,7,24,23,2,1,2,5,1.4,2.8,2.8,0.0,5,0.4,0.8,2.4,0.0,5,1.0,1.9,2.5,0.1,10,1.5,1.7,1.6,0.3,10,1.4,2.2,2.0,0.4,5,1.4,1.8,1.8,0.2,5,1.2686946018716103,0.5939309618589947,1.0793517298176387,0.5091758072606465,0.1248159890397024,0.1368045464305145
2023-24,25,2023-24_GW25_Tottenham_vs_Wolverhampton Wanderers,Tottenham,Wolverhampton Wanderers,1.3565,1.0314,2.3871,61.6,164.3,0.7783,0.1696,0.9532,0.6213,1.5741,52.7,165.5,0.8434,0.2277,0.4033,0.41010000000000013,0.8130000000000002,8.899999999999999,2024-02-17,Tottenham,Wolverhampton Wanderers,1,2,A,1651.4,1525.4,126.0,4,11,7,24,24,2,3,0,5,2.2,2.4,1.6,0.0,5,1.4,2.0,1.6,0.4,5,2.0,2.3,1.6,0.1,10,1.7,1.8,1.4,0.3,10,3.0,2.8,1.2,0.0,5,1.4,1.8,1.6,0.2,5,1.2536593102573783,0.5521983617014034,1.0760164433060706,0.523685340216681,0.1277451961430668,0.1415626091099281
2023-24,25,2023-24_GW25_Burnley_vs_Arsenal,Burnley,Arsenal,0.6673,0.4225,1.0898,50.5,148.8,0.8056,0.2935,1.387,1.0883,2.4749,70.4,141.9,0.8564,0.2212,-0.7197,-0.6658000000000001,-1.3850999999999998,-19.900000000000006,2024-02-17,Burnley,Arsenal,0,5,A,1409.6,1731.6,-322.0,19,3,-16,24,24,1,2,2,5,0.4,1.4,2.4,0.0,5,2.4,3.4,0.8,0.4,5,0.6,1.0,1.8,0.1,10,1.9,2.4,1.1,0.3,10,1.0,1.6,1.4,0.2,5,1.4,2.0,1.0,0.2,5,0.8440646428812166,0.4333656581058881,1.5425737173914464,0.3914539215501335,0.1767605950060311,0.123982088639105
2023-24,25,2023-24_GW25_Brentford_vs_Liverpool,Brentford,Liverpool,0.8601,0.637,1.4969,52.9,165.9,0.7952,0.1922,1.2287,0.6774,1.9061,69.3,154.4,0.7013,0.2717,-0.3685999999999999,-0.04039999999999999,-0.4092,-16.4,2024-02-17,Brentford,Liverpool,1,4,A,1532.7,1760.7,-228.0,15,2,-13,23,24,1,3,1,5,1.2,1.8,2.2,0.2,5,2.4,3.2,1.4,0.2,5,0.9,1.5,2.1,0.1,10,2.3,2.3,0.9,0.4,10,1.2,1.8,2.4,0.0,5,2.4,2.2,0.8,0.6,5,1.1199541365908705,0.5287098084626068,1.5473356454628198,0.4697213911380884,0.1283484713948776,0.128790210569132
2023-24,25,2023-24_GW25_Fulham_vs_Aston Villa,Fulham,Aston Villa,0.6602,0.5563,1.2164,52.7,124.0,0.7537,0.2076,1.3492,0.8967,2.2459,60.7,158.1,0.7946,0.1944,-0.689,-0.34040000000000004,-1.0294999999999999,-8.0,2024-02-17,Fulham,Aston Villa,1,2,A,1494.6,1629.0,-134.4,12,5,-7,24,24,1,4,0,5,1.6,1.4,1.0,0.2,5,1.4,2.0,1.4,0.4,5,1.4,1.7,1.3,0.3,10,1.7,1.7,1.2,0.4,10,2.0,2.0,0.8,0.4,5,1.6,2.2,1.2,0.4,5,0.9815676517077084,0.5959404735388087,1.2960442504275935,0.4907540517350737,0.1284102053232901,0.1275446378188725
2023-24,25,2023-24_GW25_Manchester City_vs_Chelsea,Manchester City,Chelsea,1.2963,1.0691,2.3655,73.9,121.4,0.7821,0.2757,1.2509,0.8231,2.074,57.7,254.1,0.7901,0.1702,0.04540000000000011,0.24599999999999989,0.2915000000000001,16.200000000000003,2024-02-17,Manchester City,Chelsea,1,1,D,1814.3,1562.5,251.9,3,11,8,23,24,4,0,1,5,3.0,2.6,0.8,0.4,5,1.8,2.0,2.2,0.2,5,2.3,2.3,1.2,0.2,10,1.5,1.6,1.8,0.2,10,2.2,2.4,1.2,0.4,5,1.2,1.6,2.2,0.0,5,1.3903947848417169,0.448750109988561,1.2293226727383737,0.4391856431354918,0.132350670532772,0.1438004177798857
2023-24,25,2023-24_GW25_Luton_vs_Manchester United,Luton,Manchester United,0.8588,0.5264,1.3852,51.0,169.3,0.7854,0.1963,1.015,0.6578,1.6727,62.4,183.7,0.7515,0.1574,-0.1561999999999999,-0.13140000000000007,-0.2875000000000001,-11.399999999999999,2024-02-18,Luton,Manchester United,1,2,A,1470.4,1660.3,-189.9,18,6,-12,23,24,0,1,0,1,1.0,2.4,2.2,0.2,5,2.0,2.4,1.6,0.2,5,1.1,2.1,2.2,0.2,10,1.7,1.7,1.6,0.2,10,1.2,1.8,1.6,0.4,5,1.4,1.4,1.6,0.2,5,1.092947689688317,0.4347803898244075,1.0557727677056696,0.5235293271958076,0.1848195012305676,0.1298616142483806
2023-24,25,2023-24_GW25_Sheffield United_vs_Brighton and Hove Albion,Sheffield United,Brighton and Hove Albion,0.818,0.2745,1.0925,49.2,154.5,0.8083,0.2014,0.9449,0.6983,1.639,54.1,173.6,0.6939,0.2177,-0.1269,-0.4238,-0.5465,-4.899999999999999,2024-02-18,Sheffield United,Brighton and Hove Albion,0,5,A,1383.2,1585.4,-202.1,20,9,-11,24,24,2,0,3,5,0.8,1.4,2.6,0.0,5,1.0,1.0,1.4,0.4,5,0.8,1.1,2.1,0.1,10,1.3,1.3,1.4,0.2,10,0.8,1.0,2.4,0.2,5,0.4,0.4,1.8,0.2,5,0.8764616908440777,0.4832865221515343,1.1495524166840303,0.4887639002852054,0.1767605950060311,0.134025838400731
2023-24,25,2023-24_GW25_Everton_vs_Crystal Palace,Everton,Crystal Palace,1.0352,0.5859,1.6206,53.3,119.9,0.8295,0.2283,0.5904,0.4625,1.0528,51.5,128.3,0.8018,0.3091,0.44479999999999986,0.12339999999999995,0.5678000000000001,1.7999999999999972,2024-02-19,Everton,Crystal Palace,1,1,D,1507.4,1489.4,17.9,12,17,5,24,24,3,1,1,5,0.6,0.4,1.4,0.4,5,1.2,1.6,3.0,0.0,5,1.2,1.1,1.2,0.5,10,0.8,1.3,2.4,0.0,10,1.6,1.6,1.0,0.6,5,0.4,1.0,2.8,0.0,5,1.102656603197511,0.5579623587348582,0.8156623508810814,0.5692151927995713,0.1291860493668839,0.1292916063796178
2023-24,25,2023-24_GW25_Manchester City_vs_Brentford,Manchester City,Brentford,1.2963,1.0691,2.3655,73.9,121.4,0.7821,0.2757,0.8601,0.637,1.4969,52.9,165.9,0.7952,0.1922,0.43620000000000003,0.43209999999999993,0.8686,21.000000000000007,2024-02-20,Manchester City,Brentford,1,0,H,1806.7,1526.3,280.4,3,15,12,24,24,3,2,0,5,2.6,2.4,1.0,0.2,5,1.2,1.8,2.4,0.2,5,2.3,2.1,1.0,0.2,10,0.6,1.3,2.4,0.1,10,2.2,2.0,0.8,0.4,5,0.6,1.2,1.8,0.2,5,1.3891976941008504,0.449636035014697,1.1188744766771643,0.5297563472814961,0.132350670532772,0.1283484713948776
2023-24,25,2023-24_GW25_Liverpool_vs_Luton,Liverpool,Luton,1.2287,0.6774,1.9061,69.3,154.4,0.7013,0.2717,0.8588,0.5264,1.3852,51.0,169.3,0.7854,0.1963,0.3698999999999999,0.15100000000000002,0.5208999999999999,18.299999999999997,2024-02-21,Liverpool,Luton,4,1,H,1767.2,1462.9,304.3,1,18,17,25,24,0,0,1,1,2.4,3.2,1.2,0.2,5,1.0,2.2,2.0,0.2,5,2.3,2.5,1.0,0.3,10,1.1,2.1,2.1,0.2,10,2.2,2.4,1.0,0.2,5,1.0,1.8,2.2,0.0,5,1.548354321513748,0.4689354224280319,1.092451778521396,0.4352944687436293,0.128790210569132,0.1848195012305676
2023-24,26,2023-24_GW26_Aston Villa_vs_Nottingham Forest,Aston Villa,Nottingham Forest,1.3325,0.8856,2.218,60.0,158.5,0.7593,0.1974,0.681,0.4529,1.1339,53.8,211.3,0.7055,0.2545,0.6515,0.43270000000000003,1.0841,6.200000000000003,2024-02-24,Aston Villa,Nottingham Forest,4,2,H,1638.0,1471.0,167.0,4,17,13,25,25,1,1,1,3,1.4,1.8,1.2,0.4,5,0.8,1.6,1.8,0.2,5,1.7,1.8,1.3,0.3,10,1.1,1.6,1.7,0.1,10,1.4,1.4,1.6,0.2,5,1.0,1.4,2.2,0.0,5,1.2839669238342606,0.4872730492789143,0.984055543170954,0.4364206875906558,0.1238892323536335,0.1271876238766762
2023-24,26,2023-24_GW26_Brighton and Hove Albion_vs_Everton,Brighton and Hove Albion,Everton,0.8468,0.715,1.5575,55.7,171.8,0.677,0.2102,1.0829,0.6055,1.688,54.2,119.1,0.8368,0.2263,-0.23609999999999998,0.10949999999999993,-0.13049999999999984,1.5,2024-02-24,Brighton and Hove Albion,Everton,1,1,D,1592.5,1504.1,88.4,7,12,5,25,25,2,2,1,5,1.4,2.0,1.4,0.4,5,0.8,0.6,1.0,0.4,5,1.3,1.6,1.3,0.3,10,1.0,0.9,1.3,0.4,10,2.2,2.2,1.0,0.2,5,0.8,0.6,1.4,0.4,5,1.238299079710527,0.4709019111011443,1.1115382037897978,0.5405286761192583,0.1298721345549576,0.1254044461847506
2023-24,26,2023-24_GW26_Crystal Palace_vs_Burnley,Crystal Palace,Burnley,0.5273,0.3841,0.9114,51.4,128.0,0.7769,0.3079,0.7119,0.3797,1.0913,50.0,149.2,0.8135,0.2601,-0.1846,0.004400000000000015,-0.17989999999999995,1.3999999999999986,2024-02-24,Crystal Palace,Burnley,3,0,H,1492.7,1405.2,87.5,16,19,3,25,25,1,2,2,5,0.8,1.2,3.0,0.0,5,0.4,1.0,2.8,0.0,5,0.9,1.4,2.3,0.0,10,0.6,1.0,2.2,0.1,10,1.4,1.8,1.8,0.0,5,0.8,1.4,2.0,0.2,5,0.7932467467396715,0.5665321998031667,0.781354277376068,0.4433906201770534,0.1255018875886809,0.1693212869361643
2023-24,26,2023-24_GW26_Manchester United_vs_Fulham,Manchester United,Fulham,1.1092,0.6683,1.7774,62.5,183.7,0.7867,0.1566,0.7231,0.6025,1.3256,52.8,123.9,0.7695,0.1982,0.3861,0.06579999999999997,0.4518000000000002,9.700000000000003,2024-02-24,Manchester United,Fulham,1,2,A,1667.8,1485.6,182.2,6,13,7,25,25,4,0,1,5,2.6,2.6,1.4,0.2,5,1.0,1.2,1.2,0.2,5,1.7,1.7,1.6,0.2,10,1.1,1.3,1.5,0.2,10,2.0,2.0,1.6,0.2,5,0.2,1.0,2.6,0.0,5,1.1409806000550486,0.5211280563527965,0.9827054070392696,0.5913766018563085,0.1260280711699049,0.1246882518658624
2023-24,26,2023-24_GW26_Bournemouth_vs_Manchester City,Bournemouth,Manchester City,1.026,0.6576,1.6836,53.8,142.1,0.8343,0.2977,1.3999,1.0575,2.4575,74.1,120.7,0.7903,0.3079,-0.3738999999999999,-0.39990000000000014,-0.7739,-20.299999999999997,2024-02-24,Bournemouth,Manchester City,0,1,A,1488.2,1808.7,-320.5,14,2,-12,24,25,0,5,0,5,0.6,1.0,2.2,0.0,5,2.6,2.0,0.6,0.4,5,1.5,1.7,1.6,0.3,10,2.6,2.2,0.9,0.3,10,1.6,1.6,1.4,0.4,5,2.4,2.2,1.2,0.0,5,1.146539712994104,0.5211565089061737,1.7680101163433988,0.4451690227133111,0.1324372053590866,0.1246102987427181
2023-24,26,2023-24_GW26_Arsenal_vs_Newcastle United,Arsenal,Newcastle United,1.448,1.0513,2.4989,69.7,142.5,0.8432,0.2203,1.1016,0.7924,1.8932,60.4,151.9,0.8205,0.2465,0.34640000000000004,0.2588999999999999,0.6056999999999999,9.300000000000004,2024-02-24,Arsenal,Newcastle United,4,1,H,1736.0,1610.1,125.8,3,8,5,25,25,2,2,1,5,3.0,4.2,0.4,0.6,5,1.6,2.8,2.4,0.0,5,1.9,2.5,0.8,0.4,10,1.1,2.1,2.4,0.1,10,2.4,2.4,0.8,0.4,5,1.2,1.8,2.4,0.0,5,1.5479522809012505,0.3816143615482081,1.292772320348275,0.5976234860471682,0.1206005849709838,0.1213703720620336
2023-24,26,2023-24_GW26_Wolverhampton Wanderers_vs_Sheffield United,Wolverhampton Wanderers,Sheffield United,1.0221,0.6618,1.6835,53.3,164.8,0.8496,0.2282,0.6687,0.2732,0.9419,48.5,155.2,0.7859,0.2029,0.35340000000000005,0.38860000000000006,0.7416,4.799999999999997,2024-02-25,Wolverhampton Wanderers,Sheffield United,1,0,H,1541.1,1376.1,165.0,11,20,9,25,25,2,2,1,5,1.4,1.8,1.8,0.2,5,0.8,1.4,3.2,0.0,5,1.7,1.9,1.5,0.2,10,0.8,1.1,2.4,0.1,10,1.4,1.8,1.6,0.2,5,0.8,1.2,1.8,0.0,5,1.080039421191137,0.5183922334661891,0.8322127380805472,0.5050477168486598,0.1368294507955854,0.1693212869361643
2023-24,26,2023-24_GW26_West Ham United_vs_Brentford,West Ham United,Brentford,0.967,0.5299,1.497,57.4,108.5,0.8283,0.2188,0.887,0.6241,1.511,56.5,162.4,0.7751,0.1929,0.07999999999999996,-0.09419999999999995,-0.01399999999999979,0.8999999999999986,2024-02-26,West Ham United,Brentford,4,2,H,1538.7,1524.3,14.5,10,16,6,25,25,0,5,0,5,0.4,0.6,2.8,0.0,5,0.6,1.2,2.2,0.2,5,1.2,1.0,1.9,0.4,10,0.6,1.2,2.3,0.1,10,1.6,1.2,1.4,0.6,5,0.6,1.0,1.6,0.2,5,0.9424067751983684,0.6575833943723206,1.1871550448048918,0.5570327461037343,0.1300621452926219,0.1211998496051555
2023-24,27,2023-24_GW27_Luton_vs_Aston Villa,Luton,Aston Villa,0.7254,0.5499,1.2753,50.9,169.4,0.7706,0.2025,1.4051,0.9009,2.306,61.1,156.7,0.7622,0.2097,-0.6797,-0.351,-1.0307,-10.200000000000003,2024-03-02,Luton,Aston Villa,2,3,A,1461.1,1641.6,-180.4,18,4,-14,25,26,0,1,0,1,0.8,2.2,2.6,0.2,5,1.8,2.6,1.6,0.2,5,1.1,1.9,2.1,0.2,10,1.7,2.1,1.5,0.2,10,1.2,1.8,1.6,0.4,5,2.0,2.2,1.0,0.4,5,1.2764300826015171,0.4729943418836298,1.3855886541963598,0.5035760014051969,0.1693212869361643,0.1205148678160002
2023-24,27,2023-24_GW27_Tottenham_vs_Crystal Palace,Tottenham,Crystal Palace,1.3172,0.9253,2.2419,65.5,160.0,0.7467,0.1638,0.6562,0.4326,1.0888,51.9,126.8,0.7774,0.294,0.6609999999999999,0.4927,1.1530999999999998,13.600000000000001,2024-03-02,Tottenham,Crystal Palace,3,1,H,1635.7,1497.8,137.9,5,14,9,25,26,4,1,0,5,1.6,2.0,1.8,0.0,5,1.4,1.8,2.0,0.2,5,2.0,2.3,1.6,0.1,10,1.2,1.6,2.1,0.1,10,2.4,2.2,1.4,0.0,5,0.4,1.0,2.8,0.0,5,1.2458184500035387,0.546566993591759,0.8798915118080086,0.5361342991520263,0.1240743710211011,0.1220035362245585
2023-24,27,2023-24_GW27_Nottingham Forest_vs_Liverpool,Nottingham Forest,Liverpool,0.7727,0.4814,1.2541,55.8,209.2,0.7324,0.2456,1.2999,0.6354,1.9353,63.2,159.0,0.6466,0.2855,-0.5272,-0.15399999999999997,-0.6812,-7.400000000000006,2024-03-02,Nottingham Forest,Liverpool,0,1,A,1467.4,1769.0,-301.5,17,1,-16,26,26,1,2,0,3,0.8,1.6,2.0,0.2,5,2.4,3.2,1.4,0.0,5,1.0,1.7,2.0,0.1,10,2.3,2.7,1.0,0.3,10,1.2,1.8,1.8,0.2,5,2.4,2.6,1.0,0.4,5,1.0598764288237883,0.4623408759071437,1.98319820261512,0.4638928904039761,0.1235596669477041,0.1215762748988394
2023-24,27,2023-24_GW27_Fulham_vs_Brighton and Hove Albion,Fulham,Brighton and Hove Albion,0.6886,0.5737,1.2623,53.6,123.1,0.7424,0.1962,0.8657,0.7121,1.5736,53.6,173.2,0.7002,0.2124,-0.17710000000000004,-0.13839999999999997,-0.31130000000000013,0.0,2024-03-02,Fulham,Brighton and Hove Albion,3,0,H,1502.3,1587.6,-85.3,12,7,-5,26,26,2,0,3,5,1.6,1.6,1.2,0.2,5,1.4,2.2,1.6,0.2,5,1.1,1.0,1.6,0.1,10,1.3,1.6,1.3,0.3,10,1.4,1.2,1.2,0.2,5,1.0,1.4,1.4,0.4,5,0.972254886221968,0.5836637248829295,1.2054266813510486,0.4523105345447523,0.1212524557888207,0.1260377826368752
2023-24,27,2023-24_GW27_Everton_vs_West Ham United,Everton,West Ham United,1.0884,0.6087,1.6967,54.3,119.1,0.8466,0.2261,1.0051,0.5774,1.5825,57.0,108.7,0.8308,0.2162,0.08329999999999993,0.031299999999999994,0.11420000000000008,-2.700000000000003,2024-03-02,Everton,West Ham United,1,3,A,1509.0,1545.6,-36.5,13,8,-5,26,26,2,3,0,5,0.8,0.8,1.2,0.2,5,0.8,1.0,2.8,0.0,5,0.8,0.8,1.4,0.3,10,1.5,1.4,1.6,0.4,10,1.2,1.2,1.2,0.4,5,0.8,0.8,2.4,0.2,5,1.0354432854034743,0.5368021776436908,0.960343356373464,0.6346084728768215,0.1219135864717756,0.126213184654802
2023-24,27,2023-24_GW27_Brentford_vs_Chelsea,Brentford,Chelsea,0.9224,0.6474,1.5696,56.5,162.4,0.7664,0.1911,1.2993,0.848,2.1472,57.5,254.0,0.8068,0.1696,-0.3768999999999999,-0.2006,-0.5776000000000001,-1.0,2024-03-02,Brentford,Chelsea,2,2,D,1517.4,1570.1,-52.7,16,11,-5,26,25,3,1,1,5,0.6,1.2,2.4,0.2,5,1.4,1.6,2.0,0.2,5,0.6,1.4,2.6,0.1,10,1.6,1.6,1.7,0.2,10,0.6,1.4,3.0,0.0,5,1.4,1.8,2.0,0.0,5,1.1536107314154147,0.5519636590789556,1.2223796645306246,0.4543369569692581,0.11803225463919,0.1388952085589091
2023-24,27,2023-24_GW27_Newcastle United_vs_Wolverhampton Wanderers,Newcastle United,Wolverhampton Wanderers,1.1644,0.804,1.9677,60.2,152.1,0.8333,0.2465,0.8878,0.6397,1.5271,53.3,164.9,0.8495,0.2299,0.27660000000000007,0.1643,0.4406000000000001,6.900000000000006,2024-03-02,Newcastle United,Wolverhampton Wanderers,3,0,H,1605.9,1544.7,61.2,10,9,-1,26,26,2,1,2,5,1.6,2.6,2.6,0.0,5,1.8,2.0,1.8,0.2,5,1.1,2.1,2.4,0.1,10,1.9,1.9,1.4,0.3,10,1.0,2.4,2.4,0.2,5,2.0,2.0,1.4,0.2,5,1.190806164555417,0.5979804164761515,1.0645414665644457,0.496533830666118,0.1181896667065602,0.1324601949855799
2023-24,27,2023-24_GW27_Burnley_vs_Bournemouth,Burnley,Bournemouth,0.6948,0.3821,1.0767,50.0,149.2,0.8353,0.2313,1.0204,0.6516,1.672,53.9,141.9,0.8446,0.2988,-0.3256,-0.26949999999999996,-0.5952999999999999,-3.8999999999999986,2024-03-03,Burnley,Bournemouth,0,2,A,1400.1,1483.8,-83.6,19,14,-5,26,25,4,1,0,5,0.2,0.8,3.2,0.0,5,0.6,1.0,1.6,0.0,5,0.5,0.9,2.4,0.1,10,1.2,1.5,1.7,0.2,10,0.4,0.6,2.4,0.0,5,1.0,1.6,2.2,0.0,5,0.7118741781988268,0.455258628994475,1.1041199431065307,0.5226270925037148,0.1624539400510644,0.1284056414258057
2023-24,27,2023-24_GW27_Manchester City_vs_Manchester United,Manchester City,Manchester United,1.4083,1.0117,2.4199,72.9,121.8,0.7894,0.3069,1.1047,0.6996,1.8043,62.8,183.7,0.7909,0.1504,0.3036000000000001,0.31210000000000004,0.6156000000000001,10.100000000000009,2024-03-03,Manchester City,Manchester United,3,1,H,1813.1,1651.1,162.0,2,6,4,26,26,4,1,0,5,2.6,1.6,0.4,0.6,5,2.4,2.4,1.4,0.2,5,2.6,2.1,0.8,0.4,10,1.7,1.8,1.5,0.2,10,2.6,1.8,0.4,0.6,5,1.8,1.8,1.8,0.0,5,1.7115049862322596,0.4422821863194069,1.146221598384995,0.5115760343580156,0.1211804959865943,0.1224892648895866
2023-24,27,2023-24_GW27_Sheffield United_vs_Arsenal,Sheffield United,Arsenal,0.5477,0.2654,0.8128,48.6,154.0,0.7498,0.2178,1.4497,1.1056,2.5549,70.0,141.5,0.8518,0.2187,-0.902,-0.8401999999999998,-1.7421,-21.4,2024-03-04,Sheffield United,Arsenal,0,6,A,1372.5,1740.2,-367.7,20,3,-17,26,26,1,3,1,5,0.6,1.0,3.0,0.0,5,3.0,4.0,0.6,0.4,5,0.5,1.0,2.5,0.0,10,2.2,2.9,0.8,0.4,10,0.8,1.0,3.0,0.2,5,2.0,3.0,0.8,0.4,5,0.7941876244035299,0.4850123496367994,1.5515793035805117,0.3711937702434623,0.1624539400510644,0.1174790636595747
2023-24,28,2023-24_GW28_Manchester United_vs_Everton,Manchester United,Everton,0.9699,0.6424,1.6122,58.9,187.0,0.7519,0.1551,1.0639,0.6298,1.6934,54.2,119.1,0.8409,0.2293,-0.09400000000000008,0.012599999999999945,-0.08119999999999994,4.699999999999996,2024-03-09,Manchester United,Everton,2,0,H,1647.5,1497.2,150.2,6,13,7,27,27,3,1,1,5,1.8,1.8,1.4,0.2,5,0.6,1.0,1.8,0.0,5,1.6,1.9,1.8,0.1,10,0.5,0.7,1.7,0.2,10,1.4,1.8,1.8,0.2,5,0.4,0.4,1.6,0.2,5,1.0669126735250871,0.5349229729831686,1.1116090089643291,0.5488073912810734,0.1192225349655292,0.1186911168077858
2023-24,28,2023-24_GW28_Bournemouth_vs_Sheffield United,Bournemouth,Sheffield United,1.0245,0.6523,1.6769,54.0,141.0,0.851,0.3088,0.4851,0.2607,0.7454,49.3,151.3,0.7107,0.2336,0.5394,0.3916,0.9315000000000001,4.700000000000003,2024-03-09,Bournemouth,Sheffield United,2,2,D,1494.2,1369.0,125.3,14,20,6,26,27,1,1,1,3,1.0,1.2,1.4,0.2,5,0.6,0.6,3.6,0.0,5,1.2,1.4,1.7,0.2,10,0.5,1.0,2.9,0.0,10,1.0,1.2,1.6,0.2,5,0.8,1.2,1.6,0.0,5,1.0785729166146512,0.5198222977817348,0.7331344346807508,0.4860846445185225,0.1246840388574913,0.1561145798851212
2023-24,28,2023-24_GW28_Crystal Palace_vs_Luton,Crystal Palace,Luton,0.6891,0.4532,1.1423,51.4,127.2,0.8042,0.2973,0.7359,0.5538,1.2898,51.0,169.4,0.7642,0.2013,-0.04679999999999995,-0.10059999999999997,-0.14749999999999996,0.3999999999999986,2024-03-09,Crystal Palace,Luton,1,1,D,1493.7,1453.4,40.3,15,18,3,27,26,0,1,0,1,0.8,1.4,2.2,0.2,5,0.2,1.8,3.2,0.0,5,1.1,1.5,2.2,0.1,10,1.1,2.0,2.2,0.2,10,2.0,2.2,1.4,0.2,5,1.0,2.0,2.8,0.0,5,0.8298104758569551,0.5410603534611618,1.32632499747149,0.4657590427766921,0.1187741508949332,0.1624539400510644
2023-24,28,2023-24_GW28_Wolverhampton Wanderers_vs_Fulham,Wolverhampton Wanderers,Fulham,0.86,0.6399,1.4996,52.7,165.5,0.8501,0.2248,0.6298,0.5463,1.1761,53.1,123.6,0.7111,0.2134,0.23019999999999996,0.09360000000000002,0.3235000000000001,-0.3999999999999986,2024-03-09,Wolverhampton Wanderers,Fulham,2,1,H,1539.0,1511.9,27.1,10,12,2,27,27,2,1,2,5,1.8,1.4,1.6,0.2,5,2.0,2.2,1.2,0.2,5,1.9,1.9,1.4,0.3,10,1.4,1.3,1.3,0.2,10,1.8,1.8,1.4,0.4,5,0.8,0.8,2.0,0.0,5,1.0233293039278533,0.504020995443089,0.9704524832191682,0.5692140682771252,0.128426863525819,0.1180808162672523
2023-24,28,2023-24_GW28_Arsenal_vs_Brentford,Arsenal,Brentford,1.5187,1.1476,2.6659,69.1,142.5,0.8616,0.2182,0.932,0.6263,1.5582,56.5,162.4,0.7566,0.1908,0.5866999999999999,0.5213,1.1077000000000001,12.599999999999994,2024-03-09,Arsenal,Brentford,2,1,H,1743.8,1516.1,227.7,3,16,13,27,27,3,1,1,5,3.0,4.8,0.4,0.6,5,0.8,1.4,2.2,0.2,5,2.2,3.3,0.8,0.4,10,0.7,1.5,2.6,0.1,10,2.4,2.8,0.8,0.4,5,0.6,1.4,2.2,0.2,5,1.5472143710367017,0.3632440669938066,1.1649384626739858,0.551356667049932,0.1145975363114187,0.1151081959473753
2023-24,28,2023-24_GW28_Liverpool_vs_Manchester City,Liverpool,Manchester City,1.0536,0.5946,1.6482,63.6,158.3,0.6314,0.2874,1.4548,1.0653,2.5201,72.9,121.7,0.7927,0.3073,-0.4012,-0.4706999999999999,-0.8718999999999997,-9.300000000000004,2024-03-10,Liverpool,Manchester City,1,1,D,1773.7,1816.7,-43.0,2,3,1,27,27,1,1,3,5,2.4,2.6,1.2,0.2,5,2.6,1.6,0.4,0.6,5,2.5,2.8,1.0,0.3,10,2.8,2.2,0.7,0.4,10,2.6,3.2,1.2,0.0,5,3.0,2.4,1.0,0.2,5,1.920437649473036,0.4564476734298682,1.7537589924727814,0.4257157579969492,0.118379738980983,0.1180143889975344
2023-24,28,2023-24_GW28_West Ham United_vs_Burnley,West Ham United,Burnley,1.0237,0.6044,1.6281,58.6,106.6,0.847,0.2205,0.6848,0.3788,1.0635,50.0,149.1,0.8381,0.2044,0.3389000000000001,0.22560000000000002,0.5646000000000002,8.600000000000001,2024-03-10,West Ham United,Burnley,2,2,D,1557.4,1389.7,167.7,7,20,13,27,27,3,0,2,5,1.2,1.4,2.8,0.0,5,0.2,0.6,3.0,0.0,5,1.5,1.4,1.7,0.3,10,0.5,0.9,2.4,0.1,10,1.6,1.4,1.8,0.4,5,0.6,1.2,2.4,0.2,5,0.9994652760074788,0.6450878390209849,0.758077582623326,0.4386705392092043,0.1226601461734317,0.1561145798851212
2023-24,28,2023-24_GW28_Brighton and Hove Albion_vs_Nottingham Forest,Brighton and Hove Albion,Nottingham Forest,0.7512,0.6171,1.364,54.4,172.5,0.6599,0.2027,0.7677,0.4818,1.2495,56.1,208.8,0.7374,0.2494,-0.01650000000000007,0.13529999999999998,0.11450000000000005,-1.7000000000000028,2024-03-10,Brighton and Hove Albion,Nottingham Forest,1,0,H,1578.0,1462.7,115.3,10,17,7,27,27,1,1,1,3,1.4,2.2,1.4,0.2,5,0.8,1.4,1.8,0.2,5,1.3,1.6,1.4,0.3,10,1.0,1.7,1.9,0.1,10,1.8,2.0,1.0,0.2,5,1.0,1.8,2.0,0.0,5,1.1713686738530869,0.4510284735440475,1.033890551723919,0.4678238429933677,0.1224982297034943,0.1202106406025833
2023-24,28,2023-24_GW28_Aston Villa_vs_Tottenham,Aston Villa,Tottenham,1.4642,0.9407,2.4049,61.2,156.8,0.8049,0.2075,1.2731,0.8698,2.1423,67.1,158.1,0.7313,0.163,0.19110000000000005,0.07089999999999996,0.26259999999999994,-5.8999999999999915,2024-03-10,Aston Villa,Tottenham,0,4,A,1649.3,1639.7,9.5,4,5,1,27,26,3,2,0,5,2.4,3.0,1.4,0.2,5,2.0,2.2,1.6,0.0,5,1.7,2.2,1.6,0.2,10,2.0,2.2,1.6,0.1,10,1.4,2.0,2.0,0.0,5,1.2,2.2,2.2,0.2,5,1.374144136693818,0.5126240193681446,1.251233395683266,0.5197431457163615,0.1173999367526436,0.1206857723462879
2023-24,28,2023-24_GW28_Chelsea_vs_Newcastle United,Chelsea,Newcastle United,1.3053,0.8618,2.1671,57.8,252.0,0.8017,0.1799,1.1854,0.8133,1.9979,60.2,152.0,0.8304,0.2468,0.1198999999999999,0.04849999999999999,0.16920000000000002,-2.4000000000000057,2024-03-11,Chelsea,Newcastle United,3,2,H,1571.5,1611.5,-40.0,11,10,-1,26,27,2,2,1,5,1.0,1.8,2.4,0.0,5,1.6,2.6,2.4,0.2,5,1.7,1.8,1.7,0.2,10,1.1,2.1,2.4,0.1,10,2.4,2.0,1.4,0.4,5,1.2,1.8,2.4,0.0,5,1.227609276972877,0.4534032740075872,1.2228235898999311,0.5735757340938603,0.1343671297445791,0.1152535055998832
2023-24,28,2023-24_GW28_Bournemouth_vs_Luton,Bournemouth,Luton,1.0245,0.6523,1.6769,54.0,141.0,0.851,0.3088,0.7359,0.5538,1.2898,51.0,169.4,0.7642,0.2013,0.28859999999999997,0.09850000000000003,0.3871,3.0,2024-03-13,Bournemouth,Luton,4,3,H,1488.5,1457.2,31.3,13,18,5,27,27,0,0,0,0,1.0,1.4,1.6,0.2,5,0.2,1.2,2.6,0.0,5,1.0,1.3,1.7,0.2,10,0.9,2.0,2.3,0.1,10,1.0,1.2,1.6,0.2,5,1.2,2.0,2.4,0.0,5,1.0776914628685546,0.5207119484011465,1.3265718677854068,0.4654999284483266,0.1246840388574913,0.1624539400510644
2023-24,29,2023-24_GW29_Burnley_vs_Brentford,Burnley,Brentford,0.6668,0.3685,1.0353,49.9,149.1,0.8376,0.203,0.8939,0.5857,1.4795,56.2,162.4,0.7305,0.1931,-0.22710000000000008,-0.2172,-0.44419999999999993,-6.300000000000004,2024-03-16,Burnley,Brentford,2,1,H,1396.1,1513.5,-117.3,19,16,-3,28,28,1,2,0,3,0.2,0.6,3.0,0.0,5,0.2,1.2,2.6,0.0,5,0.3,0.9,2.6,0.0,10,0.7,1.5,2.4,0.1,10,0.4,0.6,2.4,0.0,5,0.6,1.4,2.0,0.2,5,0.732496798098742,0.4361806265160383,1.1236741632891265,0.5431572227067059,0.1502626128903068,0.1124089495711671
2023-24,29,2023-24_GW29_Luton_vs_Nottingham Forest,Luton,Nottingham Forest,0.7776,0.5682,1.3457,50.1,169.4,0.7482,0.2057,0.7673,0.4612,1.2285,54.2,210.6,0.7409,0.2417,0.010299999999999976,0.10700000000000004,0.11719999999999997,-4.100000000000001,2024-03-16,Luton,Nottingham Forest,1,1,D,1450.9,1458.2,-7.3,18,17,-1,28,28,0,0,1,1,0.2,1.6,2.8,0.0,5,0.6,1.2,1.8,0.2,5,0.6,2.0,2.5,0.1,10,1.0,1.5,1.7,0.1,10,0.6,2.0,2.2,0.2,5,0.8,1.6,2.0,0.0,5,1.4755946783613518,0.4777774913031747,0.989405467792284,0.4538641501381494,0.1502626128903068,0.1171190996389228
2023-24,29,2023-24_GW29_Fulham_vs_Tottenham,Fulham,Tottenham,0.7033,0.5694,1.2727,53.2,123.5,0.7342,0.2263,1.0666,0.9037,1.9697,65.5,159.7,0.747,0.1677,-0.36329999999999996,-0.33429999999999993,-0.6970000000000001,-12.299999999999997,2024-03-16,Fulham,Tottenham,3,0,H,1505.4,1652.8,-147.4,12,5,-7,28,27,0,4,1,5,1.8,2.0,1.2,0.2,5,2.0,2.4,1.2,0.2,5,1.4,1.4,1.3,0.2,10,2.0,2.4,1.6,0.1,10,2.0,1.8,0.8,0.4,5,1.6,2.4,1.6,0.4,5,1.0560290560596166,0.5530659921610215,1.243963616232137,0.5055077828601172,0.1151530239800467,0.1175577015182237
2023-24,29,2023-24_GW29_West Ham United_vs_Aston Villa,West Ham United,Aston Villa,1.0393,0.6066,1.6459,58.8,106.6,0.8296,0.2084,1.4321,0.9296,2.3617,61.4,156.6,0.806,0.2027,-0.39280000000000004,-0.32299999999999995,-0.7158,-2.6000000000000014,2024-03-17,West Ham United,Aston Villa,1,1,D,1550.9,1636.2,-85.3,7,4,-3,28,28,3,1,1,5,1.4,1.8,2.6,0.0,5,1.8,2.0,2.2,0.0,5,1.3,1.4,1.9,0.2,10,1.6,2.1,1.9,0.2,10,1.2,1.4,2.2,0.2,5,2.0,2.4,1.2,0.4,5,1.0272832367783085,0.6160839621412858,1.3097847493997592,0.5140727303746434,0.1193802782719381,0.1145244929701916
2023-24,30,2023-24_GW30_Brentford_vs_Manchester United,Brentford,Manchester United,0.885,0.5889,1.4738,56.9,160.8,0.7514,0.1954,1.0116,0.6159,1.6274,59.3,185.5,0.7726,0.1636,-0.12660000000000005,-0.027000000000000024,-0.15359999999999996,-2.3999999999999986,2024-03-30,Brentford,Manchester United,1,1,D,1503.0,1651.3,-148.3,16,6,-10,29,28,1,4,0,5,0.2,1.2,2.2,0.0,5,1.8,1.6,1.4,0.2,5,0.7,1.5,2.3,0.1,10,1.9,2.1,1.6,0.2,10,0.8,1.6,3.0,0.0,5,1.8,2.0,2.0,0.0,5,1.092162511640708,0.5605863686316547,1.1348351241931165,0.5267559378761391,0.1099172311183645,0.1162069631734014
2023-24,30,2023-24_GW30_Tottenham_vs_Luton,Tottenham,Luton,1.2155,0.9442,2.1591,65.6,160.1,0.768,0.1826,0.7682,0.5902,1.3584,49.6,169.9,0.7413,0.1853,0.44730000000000003,0.3540000000000001,0.8007,15.999999999999993,2024-03-30,Tottenham,Luton,2,1,H,1641.4,1448.3,193.2,5,18,13,28,29,1,0,0,1,1.8,2.0,1.4,0.2,5,0.4,1.6,2.6,0.0,5,1.7,2.2,1.8,0.1,10,0.7,1.9,2.3,0.1,10,2.4,2.4,1.4,0.0,5,0.6,2.0,2.8,0.0,5,1.277967352753572,0.5247503423624243,1.3654884657643198,0.4670441409197462,0.1146701282041825,0.1448605664988786
2023-24,30,2023-24_GW30_Sheffield United_vs_Fulham,Sheffield United,Fulham,0.519,0.2656,0.784,51.0,149.5,0.7025,0.2086,0.8359,0.5973,1.4333,52.2,124.5,0.7601,0.2307,-0.31689999999999996,-0.33170000000000005,-0.6493,-1.2000000000000028,2024-03-30,Sheffield United,Fulham,3,3,D,1374.7,1516.7,-142.0,20,12,-8,28,29,0,2,1,3,0.8,1.0,3.0,0.0,5,1.8,2.0,1.0,0.4,5,0.5,1.1,3.0,0.0,10,1.7,1.7,1.0,0.3,10,0.2,0.8,4.2,0.0,5,0.8,1.0,1.8,0.0,5,0.7568256545318459,0.5065602958317724,1.1427062033983084,0.562181675804347,0.1502626128903068,0.1124503310609026
2023-24,30,2023-24_GW30_Aston Villa_vs_Wolverhampton Wanderers,Aston Villa,Wolverhampton Wanderers,1.3276,0.8589,2.1864,60.1,157.9,0.8074,0.1993,0.7668,0.6223,1.3888,52.6,164.3,0.8401,0.2222,0.5607999999999999,0.23660000000000003,0.7975999999999999,7.5,2024-03-30,Aston Villa,Wolverhampton Wanderers,2,0,H,1636.6,1545.5,91.2,5,9,4,29,28,0,3,2,5,2.0,2.0,2.0,0.0,5,1.8,1.0,1.4,0.2,5,1.7,2.0,1.7,0.2,10,1.9,1.9,1.4,0.3,10,1.2,1.8,2.6,0.0,5,2.0,2.0,1.4,0.2,5,1.2359991719593089,0.5191904673121321,0.9891140291603802,0.5162378330969402,0.1118701238114944,0.1247036293249183
2023-24,30,2023-24_GW30_Chelsea_vs_Burnley,Chelsea,Burnley,1.3218,0.8572,2.1791,56.9,252.4,0.8052,0.1785,0.7823,0.4521,1.2343,49.9,149.1,0.8251,0.2171,0.5395000000000001,0.40509999999999996,0.9448000000000001,7.0,2024-03-30,Chelsea,Burnley,2,2,D,1579.8,1406.6,173.1,11,19,8,27,29,4,0,1,5,1.6,2.2,2.0,0.0,5,0.8,0.8,2.6,0.0,5,1.7,1.9,1.9,0.1,10,0.6,1.1,2.5,0.0,10,2.4,2.0,1.4,0.4,5,0.2,1.2,2.8,0.0,5,1.2243077506851443,0.4379829343731099,0.8584384048024724,0.4198456207495122,0.130187186173344,0.1448605664988786
2023-24,30,2023-24_GW30_Bournemouth_vs_Everton,Bournemouth,Everton,1.0649,0.6126,1.6772,55.2,140.1,0.8021,0.2803,1.0656,0.6517,1.7171,54.1,119.2,0.8399,0.2211,-0.000700000000000145,-0.03909999999999991,-0.03990000000000005,1.1000000000000014,2024-03-30,Bournemouth,Everton,2,1,H,1494.9,1493.4,1.5,13,14,1,28,28,3,2,0,5,1.6,2.0,1.6,0.2,5,0.4,0.6,1.8,0.0,5,1.0,1.4,2.0,0.1,10,0.5,0.6,1.7,0.2,10,1.0,1.4,2.2,0.0,5,0.4,0.2,1.6,0.2,5,1.5911859028253672,0.523799064591485,1.1102549660199978,0.5726131450108936,0.1180772261783361,0.1157164023852218
2023-24,30,2023-24_GW30_Newcastle United_vs_West Ham United,Newcastle United,West Ham United,1.2079,0.7615,1.9687,60.1,151.9,0.8279,0.2425,1.0496,0.6167,1.6663,58.9,106.5,0.8422,0.2107,0.15829999999999989,0.14479999999999993,0.3024,1.2000000000000028,2024-03-30,Newcastle United,West Ham United,4,3,H,1603.2,1550.5,52.8,10,7,-3,28,29,1,1,3,5,1.4,2.2,2.2,0.2,5,1.6,2.0,1.6,0.0,5,1.1,2.3,2.6,0.1,10,1.1,1.3,2.0,0.1,10,1.0,2.4,2.4,0.2,5,1.4,1.4,1.6,0.2,5,1.1653812588752137,0.5666371699142557,1.066550631882233,0.5892726536745314,0.112543087286685,0.1163525785980805
2023-24,30,2023-24_GW30_Nottingham Forest_vs_Crystal Palace,Nottingham Forest,Crystal Palace,0.8246,0.4889,1.3135,53.7,211.0,0.736,0.249,0.7962,0.5014,1.2976,52.5,125.8,0.8314,0.2909,0.02839999999999998,-0.012499999999999956,0.015899999999999803,1.2000000000000028,2024-03-30,Nottingham Forest,Crystal Palace,1,1,D,1460.8,1489.9,-29.1,17,15,-2,29,28,1,0,2,3,0.8,1.0,1.4,0.2,5,1.0,1.4,1.6,0.2,5,0.8,1.3,1.7,0.1,10,1.1,1.5,2.2,0.1,10,1.2,1.4,1.4,0.2,5,0.2,0.8,3.0,0.0,5,1.0116796142371605,0.4420700051286532,0.924504761921695,0.5276509395210732,0.1142652476398439,0.1157930525083748
2023-24,30,2023-24_GW30_Liverpool_vs_Brighton and Hove Albion,Liverpool,Brighton and Hove Albion,1.1516,0.6476,1.7993,61.9,159.8,0.6618,0.2861,0.7286,0.5628,1.287,55.3,171.5,0.6275,0.2,0.42299999999999993,0.08479999999999999,0.5123,6.600000000000001,2024-03-31,Liverpool,Brighton and Hove Albion,2,1,H,1772.1,1582.5,189.6,2,9,7,28,28,1,1,3,5,2.6,2.6,0.8,0.2,5,1.4,1.6,1.2,0.4,5,2.5,2.8,1.0,0.3,10,1.5,1.6,1.3,0.4,10,2.6,3.2,1.2,0.0,5,0.8,1.2,1.8,0.4,5,1.8870707398073137,0.4587645781277493,1.100348814436091,0.4396162234306016,0.1154289644233978,0.1192308105317896
2023-24,30,2023-24_GW30_Manchester City_vs_Arsenal,Manchester City,Arsenal,1.5142,1.0544,2.5686,72.6,121.4,0.8078,0.3026,1.4915,1.1481,2.6393,69.2,142.5,0.8545,0.2168,0.022699999999999942,-0.0936999999999999,-0.07069999999999999,3.3999999999999915,2024-03-31,Manchester City,Arsenal,0,0,D,1818.3,1746.4,71.9,3,2,-1,28,28,4,1,0,5,2.2,1.4,0.6,0.4,5,3.0,4.6,0.4,0.6,5,2.6,2.0,0.7,0.4,10,2.4,3.4,0.8,0.4,10,2.6,2.0,0.6,0.4,5,2.4,4.0,0.6,0.6,5,1.6901416258047304,0.4572171284980872,1.4883000578292915,0.3686227057850474,0.1150917038815243,0.1119375513137758
2023-24,31,2023-24_GW31_Newcastle United_vs_Everton,Newcastle United,Everton,1.2776,0.6447,1.9216,57.4,154.5,0.7806,0.2413,1.081,0.6643,1.7451,54.1,119.2,0.8504,0.2338,0.1966000000000001,-0.01959999999999995,0.17649999999999988,3.299999999999997,2024-04-02,Newcastle United,Everton,1,1,D,1609.1,1486.2,122.8,8,14,6,29,29,3,2,0,5,1.4,2.4,2.4,0.2,5,0.4,0.8,1.8,0.0,5,1.4,2.6,2.6,0.1,10,0.5,0.6,1.6,0.2,10,1.6,3.0,2.4,0.2,5,0.4,0.4,1.4,0.2,5,1.3076728723374418,0.555271851953324,1.0831094593932575,0.572782231517231,0.110041055836226,0.1129703948759208
2023-24,31,2023-24_GW31_Nottingham Forest_vs_Fulham,Nottingham Forest,Fulham,0.7838,0.4854,1.2693,54.3,210.3,0.7314,0.2495,0.8822,0.6058,1.488,52.4,124.4,0.7934,0.2459,-0.09839999999999993,-0.12040000000000001,-0.2186999999999999,1.8999999999999986,2024-04-02,Nottingham Forest,Fulham,3,1,H,1458.8,1515.5,-56.7,17,12,-5,30,30,0,3,0,3,0.4,0.8,1.6,0.0,5,2.0,2.4,1.2,0.4,5,0.6,1.2,1.7,0.1,10,1.5,1.8,1.2,0.3,10,0.8,1.2,1.4,0.2,5,1.0,1.6,1.8,0.0,5,0.983923093704458,0.4392035131870445,1.126882946846318,0.5637257145712503,0.111630810209326,0.1099554310479771
2023-24,31,2023-24_GW31_Bournemouth_vs_Crystal Palace,Bournemouth,Crystal Palace,1.0752,0.595,1.6698,54.0,141.2,0.8145,0.2787,0.833,0.5435,1.3765,52.5,125.7,0.8448,0.2934,0.24219999999999997,0.05149999999999999,0.2932999999999999,1.5,2024-04-02,Bournemouth,Crystal Palace,1,0,H,1502.1,1491.9,10.2,13,15,2,29,29,1,4,0,5,2.0,2.0,1.4,0.2,5,1.2,1.4,1.2,0.2,5,1.3,1.5,1.8,0.1,10,1.2,1.5,2.1,0.1,10,1.6,1.8,1.6,0.0,5,0.4,0.8,2.8,0.0,5,1.5385783250087897,0.5142882055760388,0.9242496299779812,0.5160585953934332,0.1151497099102832,0.113041151857556
2023-24,31,2023-24_GW31_Burnley_vs_Wolverhampton Wanderers,Burnley,Wolverhampton Wanderers,0.7308,0.4558,1.1867,50.3,148.6,0.7765,0.2158,0.7274,0.5861,1.3132,52.6,163.7,0.821,0.2271,0.0033999999999999586,-0.13029999999999997,-0.12649999999999983,-2.3000000000000043,2024-04-02,Burnley,Wolverhampton Wanderers,1,1,D,1413.2,1540.5,-127.3,19,10,-9,30,29,3,1,1,5,1.0,1.2,2.0,0.0,5,1.8,1.0,1.4,0.2,5,0.7,1.1,2.4,0.0,10,1.6,1.5,1.5,0.3,10,1.0,1.0,2.2,0.0,5,1.4,1.2,1.6,0.2,5,0.8909978788582644,0.4661829394371941,0.9984148977136328,0.5014311054938217,0.1398738491710122,0.121266650972641
2023-24,31,2023-24_GW31_West Ham United_vs_Tottenham,West Ham United,Tottenham,1.0681,0.6337,1.7018,58.8,106.5,0.8514,0.2094,1.2647,0.9961,2.2602,67.7,158.1,0.7801,0.1839,-0.19659999999999989,-0.36239999999999994,-0.5584000000000002,-8.900000000000006,2024-04-02,West Ham United,Tottenham,1,1,D,1544.6,1644.5,-99.9,8,5,-3,30,29,2,2,1,5,1.6,2.6,2.0,0.0,5,1.8,2.0,1.4,0.2,5,1.0,1.6,2.4,0.0,10,2.0,2.2,1.5,0.1,10,1.2,1.6,2.4,0.0,5,1.0,2.0,2.2,0.2,5,1.0626686336035864,0.6331626547105325,1.3534969965840578,0.5022620218507368,0.1135576595371931,0.1120045620766012
2023-24,31,2023-24_GW31_Arsenal_vs_Luton,Arsenal,Luton,1.4376,1.104,2.5415,69.5,142.5,0.8621,0.2162,0.7572,0.5874,1.3446,50.6,168.6,0.7506,0.1821,0.6804,0.5166000000000001,1.1969,18.9,2024-04-03,Arsenal,Luton,2,0,H,1751.0,1445.1,305.9,2,18,16,29,30,1,0,0,1,2.6,3.4,0.4,0.6,5,0.4,1.6,2.2,0.0,5,2.5,3.4,0.6,0.5,10,0.6,1.9,2.4,0.1,10,2.4,2.8,1.0,0.2,5,0.4,2.0,3.0,0.0,5,1.4001899160898257,0.3727627742878536,1.2533647923965308,0.4794568669006073,0.1094820756813084,0.1398738491710122
2023-24,31,2023-24_GW31_Brentford_vs_Brighton and Hove Albion,Brentford,Brighton and Hove Albion,0.8662,0.5913,1.4573,56.0,161.8,0.7445,0.1909,0.7166,0.5704,1.2825,53.9,172.5,0.6516,0.2037,0.14959999999999996,0.02090000000000003,0.17480000000000007,2.1000000000000014,2024-04-03,Brentford,Brighton and Hove Albion,0,0,D,1504.3,1579.3,-75.0,17,9,-8,30,29,1,3,1,5,0.4,1.4,2.2,0.0,5,1.4,1.6,1.2,0.4,5,0.5,1.3,2.2,0.1,10,1.2,1.3,1.3,0.4,10,1.0,1.6,2.4,0.0,5,0.6,1.4,2.2,0.2,5,1.1553893976790313,0.5388534555207319,1.0352319301144932,0.4613223641639062,0.1076170850839892,0.116214602483892
2023-24,31,2023-24_GW31_Manchester City_vs_Aston Villa,Manchester City,Aston Villa,1.499,1.042,2.541,72.4,121.1,0.7823,0.3025,1.2397,0.7822,2.0218,59.1,158.8,0.7674,0.1994,0.2593000000000001,0.25980000000000003,0.5192000000000001,13.300000000000004,2024-04-03,Manchester City,Aston Villa,4,1,H,1813.7,1641.6,172.1,3,4,1,29,30,3,1,1,5,2.2,1.2,0.4,0.6,5,2.0,2.0,1.8,0.2,5,2.4,1.8,0.7,0.4,10,1.7,1.9,1.5,0.3,10,2.2,1.4,0.4,0.6,5,2.2,2.2,0.8,0.4,5,1.5947453201439532,0.4487040886295529,1.1918096042193274,0.5144760540371692,0.1123937254755944,0.1094198322517564
2023-24,31,2023-24_GW31_Liverpool_vs_Sheffield United,Liverpool,Sheffield United,1.2484,0.7091,1.9575,69.6,151.3,0.692,0.2917,0.6488,0.3203,0.9677,50.2,150.3,0.7293,0.2786,0.5995999999999999,0.3888,0.9898,19.39999999999999,2024-04-04,Liverpool,Sheffield United,3,1,H,1775.3,1375.9,399.4,2,20,18,29,29,5,0,0,5,2.6,2.4,0.8,0.2,5,0.4,1.0,3.4,0.0,5,2.5,2.8,1.1,0.2,10,0.6,1.2,3.0,0.0,10,2.6,2.8,1.0,0.0,5,0.8,1.4,1.8,0.0,5,1.8782565643967504,0.4422420905127542,0.8217534126046715,0.4883353026557093,0.1127050561947891,0.1448605664988786
2023-24,31,2023-24_GW31_Chelsea_vs_Manchester United,Chelsea,Manchester United,1.4051,0.8653,2.2704,57.2,251.1,0.7936,0.1885,1.1026,0.6364,1.7388,62.2,181.4,0.7961,0.17,0.3025,0.2289,0.5316000000000001,-5.0,2024-04-04,Chelsea,Manchester United,4,3,H,1573.2,1649.9,-76.7,12,6,-6,28,29,0,2,3,5,1.8,2.2,1.6,0.0,5,1.4,1.4,1.4,0.2,5,1.8,2.0,1.9,0.1,10,1.7,1.9,1.5,0.2,10,2.0,2.0,1.8,0.2,5,2.0,2.0,1.8,0.0,5,1.3739420490384684,0.4360928661529674,1.0724479346602478,0.5361065422522171,0.1263286119357632,0.1134232395583857
2023-24,32,2023-24_GW32_Wolverhampton Wanderers_vs_West Ham United,Wolverhampton Wanderers,West Ham United,0.715,0.5287,1.2434,52.5,163.3,0.824,0.2309,1.0767,0.6491,1.7258,59.5,105.8,0.8348,0.2131,-0.3617,-0.12040000000000006,-0.48239999999999994,-7.0,2024-04-06,Wolverhampton Wanderers,West Ham United,1,2,A,1539.7,1544.6,-4.9,11,7,-4,30,31,2,3,0,5,1.4,0.8,1.4,0.2,5,1.2,2.0,1.8,0.0,5,1.4,1.3,1.6,0.2,10,1.0,1.5,2.3,0.0,10,1.8,1.8,1.4,0.4,5,0.8,1.6,2.4,0.0,5,0.9668444330084356,0.4878054309300265,1.0450329963553102,0.6110465914552872,0.1180939200734769,0.1109776240652603
2023-24,32,2023-24_GW32_Brighton and Hove Albion_vs_Arsenal,Brighton and Hove Albion,Arsenal,0.7517,0.5933,1.3405,54.2,171.6,0.6629,0.2057,1.3167,0.9818,2.2983,70.6,141.2,0.8149,0.2112,-0.565,-0.38849999999999996,-0.9577999999999998,-16.39999999999999,2024-04-06,Brighton and Hove Albion,Arsenal,0,3,A,1580.0,1752.7,-172.7,9,2,-7,30,30,2,2,1,5,1.0,0.6,1.2,0.4,5,2.6,2.8,0.4,0.6,5,1.2,1.3,1.3,0.4,10,2.8,3.5,0.4,0.6,10,2.2,2.0,0.8,0.4,5,2.6,3.8,0.2,0.8,5,1.0182927221943896,0.4463156881693438,1.3332638901549092,0.3654107760038984,0.1134302915307748,0.1072153859868237
2023-24,32,2023-24_GW32_Luton_vs_Bournemouth,Luton,Bournemouth,0.664,0.5383,1.2023,50.2,168.9,0.73,0.1771,1.0055,0.58,1.5852,54.1,141.0,0.7902,0.2796,-0.3415,-0.04169999999999996,-0.3829,-3.8999999999999986,2024-04-06,Luton,Bournemouth,2,1,H,1443.4,1509.0,-65.7,18,12,-6,31,30,0,1,0,1,0.4,1.2,2.0,0.0,5,2.6,2.2,1.2,0.4,5,0.3,1.5,2.6,0.0,10,1.6,1.6,1.4,0.2,10,0.8,1.8,1.8,0.2,5,1.0,1.4,1.8,0.2,5,1.1454109539192785,0.4530662024599415,1.4723995967963068,0.488901622724131,0.1352705288908493,0.1124472717889307
2023-24,32,2023-24_GW32_Aston Villa_vs_Brentford,Aston Villa,Brentford,1.0761,0.665,1.741,59.4,158.4,0.7149,0.2032,0.8735,0.6126,1.486,56.1,161.4,0.763,0.1919,0.2026,0.0524,0.2550000000000001,3.299999999999997,2024-04-06,Aston Villa,Brentford,3,3,D,1638.2,1503.6,134.6,4,17,13,31,31,2,1,2,5,1.4,1.4,2.2,0.2,5,0.6,1.0,1.4,0.2,5,1.6,2.0,1.9,0.2,10,0.6,1.1,1.9,0.2,10,1.2,1.6,2.2,0.2,5,0.6,1.2,1.8,0.2,5,1.1362746252220426,0.5393303826444289,1.0897388205049368,0.5288321153741146,0.1071579280595491,0.105493782680581
2023-24,32,2023-24_GW32_Everton_vs_Burnley,Everton,Burnley,1.0547,0.6417,1.6963,54.1,119.3,0.8305,0.2282,0.7596,0.4557,1.2154,50.4,148.5,0.7803,0.2097,0.2950999999999999,0.18600000000000005,0.4808999999999999,3.700000000000003,2024-04-06,Everton,Burnley,1,0,H,1491.9,1414.0,77.9,14,19,5,30,31,2,2,1,5,0.4,0.8,1.8,0.0,5,1.2,1.4,1.6,0.0,5,0.6,0.7,1.4,0.2,10,0.7,1.1,2.4,0.0,10,0.6,1.0,1.8,0.2,5,0.4,1.2,2.6,0.0,5,1.0780245314841688,0.5901978814503694,0.8762636190857552,0.4429484996925015,0.1104355104567847,0.1352705288908493
2023-24,32,2023-24_GW32_Fulham_vs_Newcastle United,Fulham,Newcastle United,0.9065,0.6152,1.5217,52.6,124.4,0.7964,0.2537,1.2488,0.6006,1.8489,58.6,153.4,0.7233,0.2449,-0.34229999999999994,0.014599999999999946,-0.32719999999999994,-6.0,2024-04-06,Fulham,Newcastle United,0,1,A,1506.7,1603.4,-96.7,13,8,-5,31,30,0,4,1,5,1.4,2.2,1.6,0.4,5,1.4,2.2,2.2,0.2,5,1.5,1.9,1.4,0.3,10,1.5,2.5,2.3,0.1,10,2.0,2.0,0.6,0.6,5,1.2,2.2,2.8,0.0,5,1.1198180799898425,0.5600446565080671,1.3459376520314792,0.546443368276654,0.1076523480634454,0.1077313897051339
2023-24,32,2023-24_GW32_Crystal Palace_vs_Manchester City,Crystal Palace,Manchester City,0.8132,0.5376,1.3508,52.5,125.2,0.8535,0.3051,1.3823,1.0498,2.4321,77.7,115.6,0.7215,0.2945,-0.5691,-0.5122000000000001,-1.0813000000000001,-25.200000000000003,2024-04-06,Crystal Palace,Manchester City,2,4,A,1485.0,1817.2,-332.2,15,3,-12,30,30,1,2,2,5,1.0,1.2,1.2,0.2,5,2.2,1.8,0.6,0.4,5,0.9,1.2,2.1,0.1,10,2.4,1.9,0.6,0.4,10,2.0,2.2,1.4,0.2,5,2.6,2.2,1.0,0.2,5,0.8591512459845264,0.5121523736379258,1.6472823087358994,0.4413472026856155,0.1105008273831531,0.1099031775068824
2023-24,32,2023-24_GW32_Manchester United_vs_Liverpool,Manchester United,Liverpool,1.0917,0.6345,1.7261,61.9,181.8,0.7879,0.1704,1.3604,0.7578,2.1182,70.8,150.3,0.725,0.2878,-0.26870000000000016,-0.12330000000000008,-0.3920999999999999,-8.899999999999999,2024-04-07,Manchester United,Liverpool,2,2,D,1640.6,1776.4,-135.8,6,2,-4,30,30,1,3,1,5,0.8,1.6,2.0,0.2,5,2.6,2.2,0.8,0.2,5,1.7,2.1,1.7,0.2,10,2.5,2.7,1.0,0.2,10,2.0,2.2,1.2,0.4,5,2.4,2.4,0.8,0.6,5,1.0790262501179062,0.5519661258793314,1.8021184208562109,0.430119304926298,0.1108535387855423,0.1101905719829033
2023-24,32,2023-24_GW32_Sheffield United_vs_Chelsea,Sheffield United,Chelsea,0.6435,0.3195,0.9616,49.3,151.1,0.7808,0.2617,1.5042,0.8887,2.3928,54.9,253.7,0.8044,0.1927,-0.8607,-0.5692,-1.4311999999999998,-5.600000000000001,2024-04-07,Sheffield United,Chelsea,2,2,D,1374.8,1582.5,-207.7,20,9,-11,30,29,1,3,1,5,0.4,1.2,3.0,0.0,5,1.8,2.4,2.0,0.0,5,0.6,1.3,3.1,0.0,10,1.8,2.2,2.1,0.1,10,0.4,1.0,4.2,0.0,5,1.6,2.0,2.0,0.0,5,0.7849618238128419,0.4778580266601332,1.4404729008346586,0.4324322057512367,0.1398738491710122,0.122766698983306
2023-24,32,2023-24_GW32_Tottenham_vs_Nottingham Forest,Tottenham,Nottingham Forest,1.2764,1.036,2.312,67.8,158.1,0.787,0.1819,0.8331,0.4889,1.3221,54.6,210.0,0.7447,0.2407,0.4433,0.5471,0.9898999999999998,13.199999999999996,2024-04-07,Tottenham,Nottingham Forest,3,1,H,1644.6,1467.5,177.0,5,17,12,30,31,3,0,0,3,2.0,2.0,1.2,0.2,5,1.0,1.0,1.0,0.0,5,1.8,2.0,1.5,0.1,10,0.9,1.3,1.5,0.1,10,2.4,2.2,1.4,0.0,5,0.4,1.2,2.0,0.0,5,1.2932034491302242,0.4947746227944109,0.995822890809984,0.4383291286576912,0.1095439344118563,0.1091989179536821
2023-24,33,2023-24_GW33_Newcastle United_vs_Tottenham,Newcastle United,Tottenham,1.2319,0.5959,1.8272,57.4,154.8,0.717,0.2478,1.2996,1.0923,2.3914,65.3,160.5,0.8089,0.1834,-0.0677000000000001,-0.49640000000000006,-0.5642,-7.899999999999999,2024-04-13,Newcastle United,Tottenham,4,0,H,1613.5,1647.9,-34.4,8,4,-4,31,31,2,3,0,5,2.0,2.2,1.4,0.4,5,2.0,2.0,1.2,0.2,5,1.8,2.4,2.0,0.2,10,2.0,2.1,1.4,0.1,10,1.8,2.8,2.0,0.2,5,1.2,1.8,1.6,0.2,5,1.2821314927215433,0.5342629276251635,1.271739729238063,0.4939882845937651,0.1055992991448272,0.1072724887921592
2023-24,33,2023-24_GW33_Brentford_vs_Sheffield United,Brentford,Sheffield United,0.8457,0.6325,1.4781,55.8,161.7,0.7755,0.1867,0.6919,0.3695,1.06,49.3,151.0,0.7924,0.2647,0.15380000000000005,0.26299999999999996,0.4180999999999999,6.5,2024-04-13,Brentford,Sheffield United,2,0,H,1509.5,1377.8,131.7,16,20,4,32,31,0,1,0,1,0.6,1.2,1.6,0.2,5,0.6,1.6,3.2,0.0,5,0.7,1.3,1.9,0.2,10,0.6,1.3,3.1,0.0,10,0.6,1.0,2.0,0.2,5,0.8,1.6,2.0,0.0,5,1.0928610546510462,0.5249445960232704,0.8090686147456487,0.4448464547945568,0.1035337275236728,0.1352705288908493
2023-24,33,2023-24_GW33_Burnley_vs_Brighton and Hove Albion,Burnley,Brighton and Hove Albion,0.7691,0.4611,1.2302,49.8,149.0,0.7903,0.2033,0.726,0.5994,1.3209,53.7,172.0,0.6883,0.2095,0.04310000000000003,-0.13830000000000003,-0.0907,-3.9000000000000057,2024-04-13,Burnley,Brighton and Hove Albion,1,1,D,1408.7,1572.1,-163.4,19,10,-9,32,31,1,1,3,5,1.2,1.4,1.4,0.0,5,0.8,0.4,1.6,0.4,5,0.7,1.0,2.2,0.0,10,1.1,1.3,1.6,0.3,10,1.0,1.0,2.2,0.0,5,0.8,1.4,1.4,0.4,5,0.8241060764810032,0.4230919071277302,0.9679103542866808,0.4732374588521555,0.1310211286925778,0.1108600485765289
2023-24,33,2023-24_GW33_Manchester City_vs_Luton,Manchester City,Luton,1.3851,1.0254,2.4105,77.9,115.3,0.6884,0.2574,0.6997,0.5452,1.2449,49.3,168.3,0.7586,0.1924,0.6854,0.48020000000000007,1.1656,28.60000000000001,2024-04-13,Manchester City,Luton,5,1,H,1821.4,1452.4,369.0,3,18,15,31,32,1,0,0,1,2.2,2.4,1.0,0.2,5,0.8,1.4,2.0,0.0,5,2.4,2.0,0.7,0.4,10,0.5,1.3,2.3,0.0,10,2.2,1.8,0.6,0.4,5,0.2,1.2,2.6,0.0,5,1.6139758338636738,0.4419624335827554,1.13302467774205,0.4209166933220278,0.1076041119655043,0.1310211286925778
2023-24,33,2023-24_GW33_Nottingham Forest_vs_Wolverhampton Wanderers,Nottingham Forest,Wolverhampton Wanderers,0.8905,0.4885,1.3789,54.1,210.5,0.7667,0.2515,0.7353,0.5507,1.2857,51.5,164.3,0.8175,0.238,0.1552,-0.06219999999999998,0.09319999999999995,2.6000000000000014,2024-04-13,Nottingham Forest,Wolverhampton Wanderers,2,2,D,1464.2,1527.0,-62.9,17,11,-6,32,31,0,1,2,3,1.0,1.2,1.4,0.0,5,0.8,0.8,1.8,0.0,5,0.9,1.3,1.6,0.1,10,1.3,1.4,1.8,0.1,10,1.4,1.6,1.2,0.2,5,1.4,1.4,1.8,0.0,5,1.0135133686118691,0.439329242821177,0.9780598042178684,0.4795892460261614,0.1069539984598462,0.1151651203177725
2023-24,33,2023-24_GW33_Bournemouth_vs_Manchester United,Bournemouth,Manchester United,1.0089,0.6082,1.6168,54.1,140.9,0.8197,0.2814,1.0948,0.639,1.7338,61.8,181.9,0.804,0.1719,-0.08590000000000009,-0.03080000000000005,-0.11699999999999999,-7.699999999999996,2024-04-13,Bournemouth,Manchester United,2,2,D,1500.0,1641.6,-141.6,12,7,-5,31,31,2,3,0,5,2.0,2.0,1.6,0.2,5,1.0,1.8,2.0,0.2,5,1.5,1.6,1.5,0.2,10,1.7,2.1,1.7,0.2,10,2.0,1.8,1.4,0.2,5,1.4,1.8,2.0,0.0,5,1.358552809333751,0.4902445073651617,1.035127529183301,0.5717179672975041,0.1099526069840119,0.1084814059968082
2023-24,33,2023-24_GW33_Arsenal_vs_Aston Villa,Arsenal,Aston Villa,1.344,1.0199,2.3635,70.2,141.8,0.8177,0.2129,1.1712,0.7286,1.8996,59.2,158.1,0.744,0.1959,0.17280000000000006,0.2913,0.4639000000000002,11.0,2024-04-14,Arsenal,Aston Villa,0,2,A,1760.7,1632.3,128.4,2,4,2,31,32,4,1,0,5,2.6,2.6,0.2,0.8,5,1.0,1.4,2.4,0.2,5,2.8,3.3,0.4,0.6,10,1.7,2.2,1.9,0.2,10,3.0,3.2,0.6,0.4,5,2.0,2.4,1.6,0.2,5,1.4098142866564298,0.3624072436100169,1.1318956111764569,0.5349534416967122,0.1051229676776587,0.1050699273257621
2023-24,33,2023-24_GW33_Liverpool_vs_Crystal Palace,Liverpool,Crystal Palace,1.4766,0.8344,2.3111,70.5,151.0,0.7427,0.288,0.8245,0.554,1.3785,53.5,124.1,0.8492,0.2999,0.6520999999999999,0.2804,0.9326000000000001,17.0,2024-04-14,Liverpool,Crystal Palace,0,1,A,1775.3,1480.8,294.5,3,17,14,31,31,3,0,2,5,2.2,1.8,1.0,0.2,5,0.4,1.0,2.0,0.0,5,2.3,2.5,1.2,0.1,10,0.9,1.4,2.0,0.1,10,2.6,2.6,1.0,0.0,5,0.4,0.8,2.0,0.0,5,1.8490458919957933,0.4214575237602467,0.8574870632218405,0.5198151215446012,0.1078694105041804,0.1081558123357057
2023-24,33,2023-24_GW33_West Ham United_vs_Fulham,West Ham United,Fulham,1.0999,0.6705,1.7703,60.1,104.9,0.8276,0.2166,0.9319,0.6402,1.5721,52.6,124.4,0.8117,0.2421,0.16800000000000015,0.030299999999999994,0.19819999999999993,7.5,2024-04-14,West Ham United,Fulham,0,2,A,1557.3,1496.7,60.6,8,13,5,32,32,3,1,1,5,1.2,1.8,1.8,0.0,5,0.8,1.6,1.8,0.2,5,1.2,1.6,2.3,0.0,10,1.4,1.9,1.5,0.2,10,1.2,1.6,2.4,0.0,5,1.0,1.8,2.2,0.0,5,1.0300772370471931,0.600099706947028,1.1009653022079384,0.5432941211648262,0.1085959511468619,0.1055263345133393
2023-24,33,2023-24_GW33_Chelsea_vs_Everton,Chelsea,Everton,1.4748,0.8443,2.3191,55.6,253.1,0.8069,0.1896,1.0141,0.619,1.6329,54.2,119.3,0.814,0.2292,0.4607000000000001,0.22530000000000006,0.6862000000000001,1.3999999999999986,2024-04-15,Chelsea,Everton,6,0,H,1579.5,1497.2,82.3,9,14,5,30,31,1,2,2,5,1.8,2.6,2.2,0.0,5,0.8,0.8,1.6,0.2,5,1.6,2.1,2.1,0.1,10,0.8,0.8,1.4,0.2,10,2.0,2.4,2.2,0.2,5,0.4,0.6,1.6,0.0,5,1.3300486067671755,0.4275427515440671,1.039548081208636,0.5649533265748555,0.1194786389124865,0.1080955172132793
2023-24,34,2023-24_GW34_Luton_vs_Brentford,Luton,Brentford,0.7143,0.53,1.2443,49.1,168.3,0.7675,0.1949,0.8471,0.6352,1.4823,55.8,161.7,0.7764,0.1831,-0.13279999999999992,-0.10519999999999996,-0.238,-6.699999999999996,2024-04-20,Luton,Brentford,1,5,A,1451.1,1513.7,-62.5,18,16,-2,33,33,0,1,0,1,0.8,1.0,2.2,0.0,5,1.2,1.4,1.2,0.4,5,0.5,1.3,2.5,0.0,10,0.7,1.3,1.9,0.2,10,0.8,1.4,2.0,0.0,5,0.2,1.4,2.4,0.0,5,1.0558602563358948,0.4570853838184474,1.0645195814558792,0.5117044019535636,0.1270984379072148,0.1017243685685115
2023-24,34,2023-24_GW34_Sheffield United_vs_Burnley,Sheffield United,Burnley,0.7225,0.3856,1.1067,50.3,150.0,0.796,0.2609,0.8393,0.5058,1.345,49.8,149.0,0.7956,0.2104,-0.11680000000000001,-0.12020000000000003,-0.23829999999999996,0.5,2024-04-20,Sheffield United,Burnley,1,4,A,1373.7,1410.5,-36.8,20,19,-1,32,33,2,2,1,5,0.6,1.6,2.4,0.0,5,1.2,1.2,1.2,0.0,5,0.6,1.1,3.0,0.0,10,0.7,0.9,2.1,0.0,10,0.4,1.0,4.2,0.0,5,0.4,1.0,2.2,0.0,5,0.7912620529416766,0.4279799448478767,0.869400658979841,0.4060120699193771,0.1310211286925778,0.1270984379072148
2023-24,34,2023-24_GW34_Wolverhampton Wanderers_vs_Arsenal,Wolverhampton Wanderers,Arsenal,0.7557,0.5525,1.308,51.6,164.3,0.8162,0.2366,1.4042,1.0426,2.4465,71.9,140.4,0.8313,0.2151,-0.6484999999999999,-0.4901,-1.1384999999999998,-20.300000000000004,2024-04-20,Wolverhampton Wanderers,Arsenal,0,2,A,1528.1,1744.9,-216.8,11,2,-9,32,32,0,5,0,5,1.0,1.2,1.6,0.0,5,2.0,1.4,0.6,0.6,5,1.4,1.3,1.6,0.1,10,2.5,3.1,0.5,0.6,10,1.2,1.4,1.8,0.2,5,2.6,4.0,0.0,1.0,5,0.9711770508972234,0.4822641852028306,1.3904510035821684,0.3725398239004616,0.1124614973879886,0.1031914221329899
2023-24,34,2023-24_GW34_Everton_vs_Nottingham Forest,Everton,Nottingham Forest,0.9748,0.6338,1.6084,53.2,120.4,0.8064,0.2344,0.9053,0.4762,1.3816,54.2,210.5,0.7823,0.2294,0.0695,0.15760000000000002,0.2268000000000001,-1.0,2024-04-21,Everton,Nottingham Forest,2,0,H,1492.0,1463.1,28.9,15,17,2,32,33,1,0,2,3,0.8,0.6,2.2,0.2,5,1.2,1.6,1.6,0.0,5,0.7,0.8,2.0,0.1,10,0.9,1.4,1.7,0.1,10,1.2,1.0,1.2,0.4,5,0.4,1.0,2.0,0.0,5,1.037801697624479,0.5928306304894944,1.0436180090966598,0.4351822845227467,0.1059354311997652,0.1048816765787642
2023-24,34,2023-24_GW34_Aston Villa_vs_Bournemouth,Aston Villa,Bournemouth,1.1224,0.6668,1.7892,59.1,157.9,0.7403,0.2008,1.0255,0.6048,1.63,53.8,140.9,0.8143,0.2781,0.09689999999999999,0.061999999999999944,0.1592,5.300000000000004,2024-04-21,Aston Villa,Bournemouth,3,1,H,1648.1,1501.2,146.9,4,13,9,33,32,1,3,1,5,1.6,1.8,1.6,0.4,5,2.0,2.0,1.6,0.2,5,1.7,1.9,1.9,0.2,10,1.5,1.7,1.6,0.2,10,1.4,2.0,2.2,0.2,5,1.0,1.4,1.6,0.2,5,1.1075272273928325,0.5291612087024242,1.3426270519744985,0.4858259174457193,0.103142459717136,0.1076497411238359
2023-24,34,2023-24_GW34_Crystal Palace_vs_West Ham United,Crystal Palace,West Ham United,0.8619,0.5787,1.4406,53.6,124.1,0.8442,0.2997,1.0335,0.6639,1.6972,60.0,104.8,0.8145,0.211,-0.17160000000000009,-0.08520000000000005,-0.25659999999999994,-6.399999999999999,2024-04-21,Crystal Palace,West Ham United,5,2,H,1498.9,1543.0,-44.0,16,8,-8,32,33,2,1,2,5,1.0,1.0,1.4,0.2,5,1.0,1.4,1.8,0.0,5,0.9,1.2,1.8,0.2,10,1.2,1.6,2.2,0.0,10,1.4,2.0,2.0,0.2,5,1.2,1.6,2.2,0.0,5,0.9068442521987604,0.5390174019038075,1.0011043208906572,0.6285108284484487,0.1059910906128844,0.1063973899441418
2023-24,34,2023-24_GW34_Fulham_vs_Liverpool,Fulham,Liverpool,1.0382,0.6698,1.708,52.5,124.4,0.8376,0.2436,1.5621,0.8692,2.4313,71.6,150.0,0.7375,0.2797,-0.5239,-0.19940000000000002,-0.7232999999999998,-19.099999999999994,2024-04-21,Fulham,Liverpool,1,3,A,1511.0,1757.2,-246.2,12,3,-9,33,32,1,2,2,5,1.4,1.8,1.4,0.4,5,1.6,1.6,1.2,0.0,5,1.6,1.9,1.3,0.3,10,2.0,2.1,1.2,0.1,10,1.8,2.0,0.8,0.4,5,2.0,2.4,1.2,0.4,5,1.2042912445319405,0.528827621004583,1.846583535391756,0.4335301079562287,0.1035637766525969,0.1057267084005683
2023-24,34,2023-24_GW34_Arsenal_vs_Chelsea,Arsenal,Chelsea,1.4042,1.0426,2.4465,71.9,140.4,0.8313,0.2151,1.5088,0.8183,2.3271,55.7,252.0,0.8011,0.1991,-0.10460000000000003,0.22429999999999994,0.11939999999999973,16.200000000000003,2024-04-23,Arsenal,Chelsea,5,0,H,1751.7,1584.7,167.0,1,9,8,33,31,3,1,1,5,2.0,1.4,0.4,0.8,5,2.2,3.4,1.8,0.2,5,2.5,3.0,0.4,0.7,10,1.6,2.6,2.1,0.1,10,2.4,2.2,1.0,0.2,5,1.2,1.8,2.0,0.0,5,1.391538381102651,0.3716887992362025,1.415016982727361,0.4223353471679322,0.1031914221329899,0.1164433769132118
2023-24,34,2023-24_GW34_Manchester United_vs_Sheffield United,Manchester United,Sheffield United,1.0714,0.6271,1.6985,60.9,181.7,0.7945,0.1817,0.7225,0.3856,1.1067,50.3,150.0,0.796,0.2609,0.3488999999999999,0.2415,0.5917999999999999,10.600000000000001,2024-04-24,Manchester United,Sheffield United,4,2,H,1640.4,1361.9,278.5,7,20,13,32,33,3,1,1,5,1.2,2.0,1.8,0.2,5,0.4,1.4,2.8,0.0,5,1.5,1.9,1.6,0.2,10,0.6,1.2,2.9,0.0,10,1.6,2.0,1.2,0.4,5,0.8,1.2,1.8,0.0,5,1.0234540603783104,0.5625903796334312,0.7905032932101396,0.4288594139660803,0.106291651443728,0.1310211286925778
2023-24,34,2023-24_GW34_Everton_vs_Liverpool,Everton,Liverpool,0.9748,0.6338,1.6084,53.2,120.4,0.8064,0.2344,1.5621,0.8692,2.4313,71.6,150.0,0.7375,0.2797,-0.5873,-0.23539999999999994,-0.8228999999999997,-18.39999999999999,2024-04-24,Everton,Liverpool,2,0,H,1498.5,1763.2,-264.8,14,2,-12,33,33,0,4,1,5,1.4,1.0,1.8,0.4,5,2.0,2.0,1.2,0.0,5,0.9,0.8,1.8,0.2,10,2.3,2.3,1.0,0.1,10,1.6,1.4,1.2,0.4,5,2.0,2.2,1.4,0.2,5,1.0388218683104982,0.5918052657036976,1.8474986249530665,0.4328216543777073,0.1059354311997652,0.1057267084005683
2023-24,34,2023-24_GW34_Wolverhampton Wanderers_vs_Bournemouth,Wolverhampton Wanderers,Bournemouth,0.7557,0.5525,1.308,51.6,164.3,0.8162,0.2366,1.0255,0.6048,1.63,53.8,140.9,0.8143,0.2781,-0.26980000000000004,-0.05230000000000001,-0.32199999999999984,-2.1999999999999957,2024-04-24,Wolverhampton Wanderers,Bournemouth,0,1,A,1521.3,1497.3,24.0,11,13,2,33,33,3,1,1,5,0.4,0.8,1.8,0.0,5,1.4,1.4,1.6,0.2,5,1.1,0.9,1.6,0.1,10,1.5,1.7,1.6,0.2,10,1.2,0.8,1.4,0.2,5,0.8,1.4,2.0,0.2,5,0.9702535060313277,0.4831639120921794,1.3420355550214176,0.4864178887052721,0.1124614973879886,0.1076497411238359
2023-24,34,2023-24_GW34_Crystal Palace_vs_Newcastle United,Crystal Palace,Newcastle United,0.8619,0.5787,1.4406,53.6,124.1,0.8442,0.2997,1.3332,0.6404,1.973,59.4,152.6,0.7377,0.2532,-0.47129999999999994,-0.06169999999999998,-0.5324,-5.799999999999997,2024-04-24,Crystal Palace,Newcastle United,2,0,H,1507.3,1621.7,-114.3,15,7,-8,33,32,0,2,3,5,1.4,1.8,1.6,0.2,5,2.0,2.4,1.4,0.4,5,1.2,1.6,1.6,0.2,10,1.8,2.5,1.9,0.3,10,1.4,2.4,2.0,0.2,5,1.8,2.0,2.0,0.2,5,0.9081598481912492,0.5377061362996368,1.340886429377306,0.5158328888960154,0.1059910906128844,0.1036311314966314
2023-24,34,2023-24_GW34_Brighton and Hove Albion_vs_Manchester City,Brighton and Hove Albion,Manchester City,0.7846,0.6215,1.4016,53.2,172.4,0.7136,0.2084,1.3068,0.9684,2.2752,75.4,118.2,0.676,0.2509,-0.5222,-0.3469,-0.8735999999999999,-22.200000000000003,2024-04-25,Brighton and Hove Albion,Manchester City,0,4,A,1570.3,1822.6,-252.3,11,3,-8,32,32,0,4,1,5,1.0,0.6,1.2,0.4,5,2.2,2.8,1.0,0.2,5,1.2,1.4,1.3,0.3,10,2.4,2.2,0.7,0.4,10,1.6,1.2,1.0,0.4,5,2.6,2.4,1.2,0.2,5,0.9461042419175588,0.4744968326172729,1.7326917765436496,0.4306269283527245,0.1084874152912795,0.105481806982844
2023-24,35,2023-24_GW35_West Ham United_vs_Liverpool,West Ham United,Liverpool,0.8914,0.5985,1.4896,56.4,108.3,0.7922,0.211,1.421,0.795,2.216,75.2,146.7,0.6717,0.2805,-0.5296000000000001,-0.1965,-0.7264000000000002,-18.800000000000004,2024-04-27,West Ham United,Liverpool,2,2,D,1534.5,1748.8,-214.3,8,3,-5,34,34,1,4,0,5,0.8,1.6,2.6,0.0,5,1.4,1.6,1.4,0.0,5,1.2,1.8,2.1,0.0,10,2.0,2.0,1.1,0.1,10,1.2,1.6,1.6,0.0,5,2.0,2.0,1.2,0.2,5,0.9950638750044968,0.6373206774174687,1.86451689616787,0.4245234855043215,0.1043678621593795,0.1019228547740892
2023-24,35,2023-24_GW35_Fulham_vs_Crystal Palace,Fulham,Crystal Palace,1.0367,0.6608,1.6975,52.4,124.3,0.8472,0.2431,0.8642,0.6013,1.4647,52.9,124.7,0.8208,0.3018,0.1725,0.05950000000000011,0.23280000000000012,-0.5,2024-04-27,Fulham,Crystal Palace,1,1,D,1504.9,1517.7,-12.8,13,15,2,34,34,1,1,3,5,0.8,1.4,2.0,0.2,5,1.8,2.0,1.4,0.4,5,1.3,1.7,1.5,0.3,10,1.5,1.7,1.3,0.3,10,1.2,1.6,1.2,0.4,5,1.0,0.8,1.2,0.2,5,1.1489641590086392,0.5204491391496846,1.157462753649649,0.5100153727127392,0.1017521074106159,0.1021481464342275
2023-24,35,2023-24_GW35_Manchester United_vs_Burnley,Manchester United,Burnley,1.1232,0.6598,1.783,64.0,178.3,0.8014,0.1928,0.7946,0.5321,1.3265,49.8,148.9,0.8102,0.2048,0.3286,0.12770000000000004,0.4564999999999999,14.200000000000003,2024-04-27,Manchester United,Burnley,1,1,D,1642.4,1422.3,220.1,6,19,13,33,34,4,0,1,5,1.2,2.4,2.2,0.0,5,1.2,1.6,1.2,0.0,5,1.5,2.0,1.8,0.1,10,1.0,1.2,1.9,0.0,10,2.0,2.4,1.2,0.4,5,1.0,1.6,1.8,0.0,5,1.1195423152404134,0.5401233919583228,0.9443969672734602,0.4177757043456298,0.1042702532212051,0.1234773379214259
2023-24,35,2023-24_GW35_Newcastle United_vs_Sheffield United,Newcastle United,Sheffield United,1.3535,0.6537,2.0066,58.6,153.7,0.7694,0.2521,0.7768,0.3869,1.1624,50.8,149.0,0.7843,0.2789,0.5766999999999999,0.2667999999999999,0.8442000000000001,7.800000000000004,2024-04-27,Newcastle United,Sheffield United,5,1,H,1611.3,1359.8,251.4,7,20,13,33,34,4,1,0,5,2.0,2.0,1.2,0.4,5,0.2,1.2,3.0,0.0,5,1.7,2.1,1.7,0.3,10,0.3,1.1,3.2,0.0,10,2.2,2.8,1.2,0.4,5,0.2,1.0,2.4,0.0,5,1.2502666951516828,0.5041304810431082,1.0897041040797786,0.4521295602936382,0.1018142837681525,0.1234773379214259
2023-24,35,2023-24_GW35_Wolverhampton Wanderers_vs_Luton,Wolverhampton Wanderers,Luton,0.6455,0.4909,1.1361,51.8,163.9,0.8081,0.2408,0.7096,0.5134,1.223,49.2,167.3,0.7739,0.2033,-0.06410000000000005,-0.022499999999999964,-0.08689999999999998,2.5999999999999943,2024-04-27,Wolverhampton Wanderers,Luton,2,1,H,1507.9,1440.0,67.9,13,18,5,34,34,0,0,1,1,0.4,0.8,1.6,0.0,5,0.6,1.0,3.0,0.0,5,1.1,0.9,1.5,0.1,10,0.5,1.3,2.8,0.0,10,1.2,0.8,1.2,0.2,5,0.2,1.2,2.8,0.0,5,0.8985624501985072,0.4786686023395906,0.9940743316491576,0.4715425355599713,0.1076618633797174,0.1234773379214259
2023-24,35,2023-24_GW35_Everton_vs_Brentford,Everton,Brentford,0.9887,0.602,1.5905,54.0,119.6,0.8147,0.2352,0.8313,0.6745,1.5057,52.6,165.1,0.7602,0.1934,0.15739999999999998,-0.07250000000000001,0.08479999999999999,1.3999999999999986,2024-04-27,Everton,Brentford,1,0,H,1512.9,1524.7,-11.9,14,16,2,34,34,2,2,1,5,2.0,1.2,1.4,0.6,5,1.8,2.2,1.0,0.4,5,1.2,1.0,1.6,0.3,10,1.0,1.7,1.6,0.2,10,2.0,1.4,0.8,0.6,5,0.8,2.4,2.4,0.0,5,1.0538390143405154,0.5797112161108229,1.1612269233887005,0.4951138709930096,0.1021007166110404,0.100054119740521
2023-24,35,2023-24_GW35_Aston Villa_vs_Chelsea,Aston Villa,Chelsea,1.1116,0.6612,1.7727,60.0,157.0,0.7357,0.2054,1.4358,0.7676,2.2034,57.9,248.9,0.7889,0.2087,-0.32420000000000004,-0.10639999999999994,-0.43069999999999986,2.1000000000000014,2024-04-27,Aston Villa,Chelsea,2,2,D,1652.0,1581.2,70.8,4,9,5,34,32,2,3,0,5,2.0,2.2,1.6,0.4,5,1.6,2.8,2.4,0.2,5,2.0,2.1,1.8,0.2,10,1.6,2.5,2.2,0.1,10,2.0,2.4,2.0,0.2,5,1.2,1.6,2.2,0.0,5,1.1566671459195583,0.5258774037569898,1.3858317035970018,0.4422228461381192,0.1013631828604824,0.1136414769461151
2023-24,35,2023-24_GW35_Tottenham_vs_Arsenal,Tottenham,Arsenal,1.2842,1.0978,2.3815,65.2,160.4,0.824,0.1811,1.4821,1.0534,2.5348,72.2,140.3,0.838,0.2076,-0.19789999999999996,0.04440000000000022,-0.1533000000000002,-7.0,2024-04-28,Tottenham,Arsenal,2,3,A,1639.8,1755.2,-115.4,5,1,-4,32,34,1,3,1,5,1.4,1.2,2.0,0.0,5,2.4,2.4,0.4,0.8,5,1.7,1.8,1.6,0.1,10,2.5,2.9,0.4,0.7,10,2.4,2.2,1.2,0.0,5,2.6,3.2,0.0,1.0,5,1.207370640118273,0.515003839916243,1.6659209319736084,0.3769770866041134,0.1051756802106885,0.0997624263279208
2023-24,35,2023-24_GW35_Bournemouth_vs_Brighton and Hove Albion,Bournemouth,Brighton and Hove Albion,0.9667,0.531,1.4975,53.2,140.6,0.8034,0.2779,0.784,0.5944,1.3739,53.8,171.7,0.7097,0.2042,0.18269999999999997,-0.06340000000000001,0.12360000000000015,-0.5999999999999943,2024-04-28,Bournemouth,Brighton and Hove Albion,3,0,H,1510.7,1564.4,-53.7,11,12,1,34,33,1,4,0,5,1.4,1.2,1.4,0.4,5,0.4,0.4,2.0,0.2,5,1.7,1.6,1.4,0.3,10,0.9,1.0,1.6,0.3,10,2.2,2.2,1.6,0.2,5,1.0,1.4,1.2,0.4,5,1.5215428680145509,0.48481756612495,0.9016935213661744,0.470557388905884,0.1035615551652004,0.1062971987216847
2023-24,35,2023-24_GW35_Nottingham Forest_vs_Manchester City,Nottingham Forest,Manchester City,0.9083,0.4774,1.3858,54.2,210.5,0.7798,0.2297,1.3317,1.0803,2.412,76.9,116.5,0.7196,0.2546,-0.4234000000000001,-0.6029,-1.0262,-22.700000000000003,2024-04-28,Nottingham Forest,Manchester City,0,2,A,1456.6,1828.5,-371.9,17,2,-15,34,33,0,2,1,3,1.0,1.4,1.8,0.0,5,2.6,3.4,0.8,0.4,5,0.9,1.2,1.6,0.1,10,2.4,2.4,0.7,0.4,10,1.6,1.6,1.0,0.2,5,2.6,2.6,0.8,0.4,5,1.0083804873796116,0.4252239861921104,1.654916453548986,0.4199971643867212,0.1029686823753627,0.1035226725613324
2023-24,35,2023-24_GW35_Chelsea_vs_Tottenham,Chelsea,Tottenham,1.4358,0.7676,2.2034,57.9,248.9,0.7889,0.2087,1.2842,1.0978,2.3815,65.2,160.4,0.824,0.1811,0.15159999999999996,-0.33020000000000016,-0.17810000000000015,-7.300000000000004,2024-05-02,Chelsea,Tottenham,2,0,H,1585.7,1630.2,-44.5,9,5,-4,33,33,3,1,1,5,1.6,2.8,2.4,0.2,5,1.4,1.6,2.0,0.0,5,1.7,2.5,2.0,0.1,10,1.6,1.8,1.7,0.1,10,2.0,3.4,2.2,0.2,5,1.0,1.4,2.0,0.2,5,1.3864206154020997,0.4416828010640282,1.205869295016829,0.5163118199937623,0.1136414769461151,0.1051756802106885
2023-24,36,2023-24_GW36_Luton_vs_Everton,Luton,Everton,0.7154,0.5088,1.2242,47.9,168.3,0.784,0.2019,0.8962,0.6099,1.5059,54.0,119.6,0.8144,0.2328,-0.18079999999999996,-0.10109999999999997,-0.28170000000000006,-6.100000000000001,2024-05-03,Luton,Everton,1,1,D,1434.5,1520.4,-85.8,18,13,-5,35,35,1,0,0,1,0.6,1.0,3.0,0.0,5,2.4,1.2,1.2,0.8,5,0.5,1.3,2.6,0.0,10,1.4,1.0,1.5,0.4,10,0.8,1.4,2.4,0.0,5,0.4,0.6,2.4,0.0,5,0.939531599511572,0.4526304042709504,1.0155258387341946,0.5625123665647334,0.1201346413326438,0.1004015327705101
2023-24,36,2023-24_GW36_Arsenal_vs_Bournemouth,Arsenal,Bournemouth,1.4728,1.0397,2.5119,72.2,140.3,0.8345,0.2049,1.0075,0.5227,1.53,53.3,140.5,0.7586,0.2715,0.46530000000000005,0.517,0.9818999999999998,18.900000000000006,2024-05-04,Arsenal,Bournemouth,3,0,H,1764.8,1519.4,245.4,1,10,9,35,35,4,0,1,5,2.4,2.6,0.8,0.6,5,1.4,1.6,1.4,0.4,5,2.5,2.7,0.6,0.6,10,2.0,1.9,1.3,0.4,10,2.4,2.6,0.8,0.4,5,1.4,1.4,1.4,0.4,5,1.582441459766135,0.4028431929183343,1.5196724020865464,0.4764674091678357,0.0982430187875653,0.1017500567192869
2023-24,36,2023-24_GW36_Brentford_vs_Fulham,Brentford,Fulham,0.912,0.7027,1.6146,58.3,159.2,0.7597,0.1882,1.0308,0.6514,1.6822,52.3,124.2,0.8298,0.2457,-0.1187999999999999,0.05130000000000001,-0.06759999999999988,6.0,2024-05-04,Brentford,Fulham,0,0,D,1517.2,1502.5,14.7,16,14,-2,35,35,2,1,0,3,1.6,2.0,1.0,0.4,5,0.8,1.0,1.6,0.2,5,1.0,1.7,1.6,0.2,10,1.4,1.7,1.4,0.3,10,1.2,1.2,1.4,0.4,5,1.4,1.8,1.8,0.2,5,1.112941206244517,0.4858582433740823,1.12003301122287,0.5124010628935508,0.0985122857448698,0.1000797259190974
2023-24,36,2023-24_GW36_Burnley_vs_Newcastle United,Burnley,Newcastle United,0.8454,0.5337,1.3788,50.2,148.4,0.8334,0.1977,1.3994,0.6788,2.0776,56.9,155.9,0.7767,0.2586,-0.5539999999999999,-0.1451,-0.6987999999999999,-6.699999999999996,2024-05-04,Burnley,Newcastle United,1,4,A,1429.6,1613.6,-184.0,19,7,-12,35,34,0,5,0,5,1.2,1.4,1.0,0.0,5,2.0,2.2,0.8,0.4,5,1.1,1.3,1.5,0.0,10,1.7,2.3,1.6,0.3,10,1.0,0.8,2.0,0.0,5,1.2,1.4,2.2,0.2,5,1.0027486631450806,0.4335234995592754,1.308485917568251,0.500653043164143,0.1201346413326438,0.1001371219310982
2023-24,36,2023-24_GW36_Sheffield United_vs_Nottingham Forest,Sheffield United,Nottingham Forest,0.6974,0.3836,1.0799,49.6,150.2,0.7593,0.2704,0.9623,0.4916,1.4539,54.0,210.5,0.7935,0.2304,-0.2649,-0.10799999999999998,-0.3739999999999999,-4.399999999999999,2024-05-04,Sheffield United,Nottingham Forest,1,3,A,1357.5,1453.2,-95.7,20,17,-3,35,35,0,1,0,1,0.2,1.2,3.4,0.0,5,0.8,1.2,2.0,0.0,5,0.3,1.2,3.2,0.0,10,0.6,1.0,1.8,0.0,10,0.4,1.2,4.0,0.0,5,0.2,0.8,2.2,0.0,5,1.0888093919372628,0.4661095714795207,1.0220445594946244,0.4204636115979258,0.1201346413326438,0.10120276615566
2023-24,36,2023-24_GW36_Manchester City_vs_Wolverhampton Wanderers,Manchester City,Wolverhampton Wanderers,1.2114,1.0935,2.3049,76.7,116.7,0.7156,0.2603,0.6707,0.4791,1.1497,51.6,164.1,0.7925,0.2405,0.5407000000000001,0.6143999999999998,1.1552,25.1,2024-05-04,Manchester City,Wolverhampton Wanderers,5,1,H,1832.0,1513.4,318.5,2,11,9,34,35,4,1,0,5,3.0,3.8,0.8,0.4,5,0.8,1.0,1.6,0.0,5,2.6,2.5,0.6,0.5,10,1.1,0.9,1.5,0.1,10,2.6,2.6,0.6,0.4,5,1.0,1.0,1.8,0.0,5,1.5594811448824877,0.4344189684380275,0.9026611660226695,0.4612881664215799,0.1017141635520663,0.105535118257331
2023-24,36,2023-24_GW36_Brighton and Hove Albion_vs_Aston Villa,Brighton and Hove Albion,Aston Villa,0.7642,0.5823,1.3421,54.0,171.5,0.6749,0.1995,1.177,0.7201,1.8971,59.3,156.7,0.7789,0.2085,-0.41280000000000006,-0.13779999999999992,-0.5549999999999999,-5.299999999999997,2024-05-05,Brighton and Hove Albion,Aston Villa,1,0,H,1555.7,1647.4,-91.7,14,4,-10,34,35,0,5,0,5,0.4,0.2,2.2,0.2,5,1.6,2.2,2.0,0.2,5,0.9,0.9,1.7,0.3,10,1.8,2.1,1.9,0.2,10,1.4,1.2,1.8,0.2,5,2.0,1.8,1.6,0.2,5,0.8921064518714118,0.481199285874346,1.1135057570207902,0.519196244469777,0.1042753740041649,0.0997207033093581
2023-24,36,2023-24_GW36_Chelsea_vs_West Ham United,Chelsea,West Ham United,1.3872,0.6651,2.0523,57.6,247.3,0.7776,0.2178,0.9783,0.6273,1.6053,59.6,105.1,0.8134,0.2108,0.40890000000000004,0.037800000000000056,0.44699999999999984,-2.0,2024-05-05,Chelsea,West Ham United,5,0,H,1594.1,1537.7,56.4,8,9,1,34,35,2,2,1,5,1.6,2.4,1.8,0.4,5,1.0,1.4,2.2,0.0,5,1.7,2.4,1.9,0.2,10,1.3,2.0,2.1,0.0,10,2.6,3.4,1.4,0.4,5,1.2,2.0,2.6,0.0,5,1.5800280690405004,0.4233131373594519,0.957997789011788,0.6298252371653117,0.108667375631282,0.1024943718858196
2023-24,36,2023-24_GW36_Liverpool_vs_Tottenham,Liverpool,Tottenham,1.2865,0.7985,2.0851,78.8,143.0,0.67,0.278,1.23,0.9914,2.2209,66.5,158.1,0.7826,0.1779,0.056499999999999995,-0.19289999999999996,-0.1357999999999997,12.299999999999997,2024-05-05,Liverpool,Tottenham,4,2,H,1745.6,1621.8,123.8,3,5,2,35,34,2,1,2,5,1.0,1.4,1.6,0.0,5,0.8,1.2,2.2,0.0,5,1.8,1.8,1.2,0.1,10,1.3,1.6,1.8,0.1,10,2.0,2.0,1.0,0.0,5,0.8,1.0,2.0,0.2,5,1.7965274957372843,0.4169984999358789,1.4494437805020413,0.5101647493371017,0.100237345601422,0.1014532995245378
2023-24,36,2023-24_GW36_Crystal Palace_vs_Manchester United,Crystal Palace,Manchester United,0.8321,0.6023,1.4336,52.8,124.9,0.8295,0.3047,1.0573,0.6653,1.7225,61.5,179.9,0.7927,0.1951,-0.22519999999999996,-0.06300000000000006,-0.28889999999999993,-8.700000000000003,2024-05-06,Crystal Palace,Manchester United,4,0,H,1520.2,1635.2,-115.0,15,8,-7,35,34,2,2,1,5,2.0,2.2,1.4,0.4,5,1.2,2.4,2.2,0.0,5,1.5,1.7,1.3,0.3,10,1.3,1.9,1.8,0.1,10,2.0,2.6,1.4,0.4,5,1.0,1.8,2.2,0.0,5,1.1215433712750684,0.5035790847182461,1.1870954242272376,0.5390161343848837,0.1004453160156002,0.1024042674794373
2023-24,37,2023-24_GW37_West Ham United_vs_Luton,West Ham United,Luton,0.9889,0.6086,1.5972,59.4,105.1,0.8268,0.2135,0.7191,0.4676,1.1867,48.7,167.4,0.7753,0.1995,0.26980000000000004,0.14100000000000001,0.41049999999999986,10.699999999999996,2024-05-11,West Ham United,Luton,3,1,H,1531.9,1434.1,97.8,9,18,9,36,36,1,0,0,1,0.8,1.2,3.0,0.0,5,0.8,1.2,2.8,0.0,5,1.0,1.6,2.4,0.0,10,0.6,1.2,2.4,0.0,10,0.8,1.2,1.6,0.0,5,0.0,1.2,3.0,0.0,5,0.9445781524055832,0.6701175991774786,0.9167620592761904,0.439117509845742,0.1007649223895,0.1170489434705282
2023-24,37,2023-24_GW37_Wolverhampton Wanderers_vs_Crystal Palace,Wolverhampton Wanderers,Crystal Palace,0.6717,0.4526,1.1241,53.8,161.8,0.7881,0.2412,0.8592,0.6181,1.4766,52.8,124.9,0.8394,0.301,-0.1875,-0.16549999999999998,-0.3524999999999998,1.0,2024-05-11,Wolverhampton Wanderers,Crystal Palace,1,3,A,1511.8,1530.6,-18.9,12,15,3,36,36,1,4,0,5,0.8,1.0,2.2,0.0,5,2.6,2.6,0.6,0.6,5,0.8,0.9,2.0,0.0,10,1.5,1.8,1.3,0.3,10,1.2,1.0,1.4,0.0,5,1.0,0.8,1.2,0.2,5,0.8521188781280611,0.4903806267437624,1.1170663201797135,0.4836905000760097,0.1035718850702581,0.0988734054210411
2023-24,37,2023-24_GW37_Tottenham_vs_Burnley,Tottenham,Burnley,1.0689,0.8721,1.9405,65.6,159.0,0.7841,0.1821,0.8101,0.523,1.3328,50.2,148.4,0.8431,0.1943,0.2587999999999999,0.34909999999999997,0.6076999999999999,15.399999999999991,2024-05-11,Tottenham,Burnley,2,1,H,1617.5,1421.9,195.6,5,19,14,35,36,4,1,0,5,0.6,1.4,2.8,0.0,5,1.0,1.4,1.6,0.0,5,1.3,1.7,2.0,0.1,10,1.1,1.4,1.6,0.0,10,1.8,2.2,1.6,0.0,5,1.2,1.8,1.4,0.0,5,1.389062209454629,0.5336010303975891,0.981909891918634,0.4642366365720039,0.0998038914750294,0.1170489434705282
2023-24,37,2023-24_GW37_Nottingham Forest_vs_Chelsea,Nottingham Forest,Chelsea,1.0117,0.5062,1.5179,54.0,210.5,0.8052,0.2305,1.5104,0.746,2.2564,57.7,247.2,0.7951,0.2182,-0.4986999999999999,-0.2398,-0.7385000000000002,-3.700000000000003,2024-05-11,Nottingham Forest,Chelsea,2,3,A,1463.3,1599.9,-136.6,17,7,-10,36,35,1,0,2,3,0.8,1.2,2.0,0.0,5,2.0,3.0,1.4,0.6,5,0.9,1.1,1.5,0.0,10,1.9,2.8,1.8,0.3,10,1.0,1.2,1.4,0.0,5,0.8,1.4,2.4,0.0,5,1.0285831644922014,0.4306102773988418,1.6902615853173624,0.4134962437409713,0.099572620026903,0.1064633230532423
2023-24,37,2023-24_GW37_Everton_vs_Sheffield United,Everton,Sheffield United,0.9508,0.6249,1.5756,54.4,119.4,0.822,0.231,0.7573,0.4266,1.1829,49.6,150.2,0.7663,0.2747,0.1935,0.19830000000000003,0.3926999999999998,4.799999999999997,2024-05-11,Everton,Sheffield United,1,0,H,1520.8,1347.4,173.4,14,20,6,36,36,2,2,1,5,2.0,1.2,1.4,0.6,5,0.0,1.0,3.6,0.0,5,1.4,1.0,1.5,0.4,10,0.3,1.3,3.4,0.0,10,2.4,1.4,0.6,0.8,5,0.2,1.2,3.2,0.0,5,1.0188704574623206,0.5505542528641706,1.1432956392611555,0.4555857303566205,0.0988329883918005,0.1170489434705282
2023-24,37,2023-24_GW37_Bournemouth_vs_Brentford,Bournemouth,Brentford,0.9986,0.5217,1.5201,53.6,140.0,0.7623,0.276,0.9056,0.6949,1.6005,58.0,159.1,0.7499,0.1856,0.09300000000000008,-0.1731999999999999,-0.08040000000000003,-4.399999999999999,2024-05-11,Bournemouth,Brentford,1,2,A,1517.0,1514.0,3.0,11,16,5,36,36,0,1,2,3,1.4,1.4,1.6,0.4,5,1.6,2.0,1.0,0.4,5,1.7,1.7,1.6,0.3,10,1.1,1.5,1.2,0.3,10,2.6,2.4,1.2,0.4,5,0.8,2.0,1.8,0.0,5,1.4045552666088548,0.5177078895502069,1.0597757404915495,0.483147615092633,0.1000778328924102,0.0970889935800696
2023-24,37,2023-24_GW37_Fulham_vs_Manchester City,Fulham,Manchester City,1.0295,0.6501,1.6797,52.4,124.1,0.8132,0.2351,1.2721,1.1173,2.3894,77.1,116.7,0.7435,0.2635,-0.24259999999999993,-0.46719999999999995,-0.7097000000000002,-24.699999999999996,2024-05-11,Fulham,Manchester City,0,4,A,1505.7,1833.6,-327.9,15,2,-13,36,35,0,5,0,5,1.0,0.8,1.0,0.4,5,3.0,4.0,0.8,0.4,5,1.2,1.5,1.3,0.4,10,2.6,2.9,0.7,0.4,10,1.4,1.6,1.0,0.4,5,2.6,2.4,0.6,0.6,5,1.098067439214236,0.4980914598126551,1.6328066027411012,0.4216921063281192,0.0985359232268822,0.1000446993230253
2023-24,37,2023-24_GW37_Newcastle United_vs_Brighton and Hove Albion,Newcastle United,Brighton and Hove Albion,1.4817,0.7346,2.2159,57.2,155.9,0.7862,0.2607,0.8224,0.5816,1.3996,54.9,170.5,0.6679,0.2027,0.6593,0.15300000000000002,0.8163,2.3000000000000043,2024-05-11,Newcastle United,Brighton and Hove Albion,1,1,D,1621.2,1565.5,55.7,7,12,5,35,35,2,1,2,5,2.4,2.8,0.8,0.4,5,0.8,0.4,2.2,0.2,5,1.9,2.5,1.5,0.3,10,0.9,0.5,1.7,0.3,10,2.6,3.4,1.0,0.4,5,0.4,0.4,1.8,0.2,5,1.4216575236827278,0.491114348784916,0.9853591644855112,0.456979597743331,0.0985889064237776,0.1024089945578938
2023-24,37,2023-24_GW37_Manchester United_vs_Arsenal,Manchester United,Arsenal,0.9893,0.6318,1.6211,61.7,179.9,0.7964,0.1967,1.5362,1.0318,2.5674,72.2,140.4,0.8388,0.2065,-0.5469,-0.4,-0.9463000000000001,-10.5,2024-05-12,Manchester United,Arsenal,0,1,A,1624.7,1767.2,-142.4,8,2,-6,35,36,2,3,0,5,1.2,1.8,2.2,0.0,5,2.4,2.6,0.8,0.6,5,1.0,1.7,2.1,0.1,10,2.5,2.6,0.5,0.7,10,1.6,2.0,1.4,0.2,5,2.6,2.8,0.4,0.8,5,1.1093160751835234,0.530528082627327,1.673967929926173,0.3936328844306143,0.1006817455390871,0.0968404288502401
2023-24,37,2023-24_GW37_Aston Villa_vs_Liverpool,Aston Villa,Liverpool,1.1936,0.7323,1.9258,59.2,156.8,0.7811,0.2056,1.3075,0.8417,2.1493,76.2,145.2,0.6946,0.2766,-0.11390000000000011,-0.10940000000000005,-0.22350000000000025,-17.0,2024-05-13,Aston Villa,Liverpool,3,3,D,1637.6,1750.0,-112.3,4,3,-1,36,36,0,4,1,5,1.6,2.0,1.4,0.2,5,1.4,1.8,1.6,0.0,5,1.5,1.7,1.8,0.2,10,1.8,1.8,1.3,0.1,10,1.6,2.0,2.0,0.2,5,1.6,1.6,1.4,0.2,5,1.027525160986842,0.5339318402422443,1.8376031833004327,0.4164698122385372,0.0982045035871095,0.0986814245321483
2023-24,37,2023-24_GW37_Tottenham_vs_Manchester City,Tottenham,Manchester City,1.0689,0.8721,1.9405,65.6,159.0,0.7841,0.1821,1.2721,1.1173,2.3894,77.1,116.7,0.7435,0.2635,-0.20320000000000005,-0.24519999999999997,-0.4489000000000003,-11.5,2024-05-14,Tottenham,Manchester City,0,2,A,1620.6,1837.8,-217.3,5,2,-3,36,36,3,1,1,5,0.6,1.2,2.8,0.0,5,3.0,4.0,0.4,0.6,5,1.3,1.6,2.0,0.1,10,2.6,3.2,0.7,0.4,10,2.4,2.4,1.4,0.0,5,2.6,3.0,0.6,0.6,5,1.389545444239076,0.5331733807645528,1.633441420785546,0.4212325772484178,0.0998038914750294,0.1000446993230253
2023-24,37,2023-24_GW37_Brighton and Hove Albion_vs_Chelsea,Brighton and Hove Albion,Chelsea,0.8224,0.5816,1.3996,54.9,170.5,0.6679,0.2027,1.5104,0.746,2.2564,57.7,247.2,0.7951,0.2182,-0.688,-0.1644,-0.8568000000000002,-2.8000000000000043,2024-05-15,Brighton and Hove Albion,Chelsea,1,2,A,1569.7,1608.9,-39.2,10,7,-3,36,36,2,1,2,5,1.0,0.6,1.8,0.2,5,2.0,2.4,1.8,0.4,5,0.9,0.5,1.7,0.3,10,2.1,2.9,1.8,0.3,10,1.4,0.6,1.6,0.4,5,1.2,1.8,2.6,0.0,5,0.9859763987516692,0.4564043959140921,1.6914297733235006,0.4124472781425748,0.1024089945578938,0.1064633230532423
2023-24,37,2023-24_GW37_Manchester United_vs_Newcastle United,Manchester United,Newcastle United,0.9893,0.6318,1.6211,61.7,179.9,0.7964,0.1967,1.4817,0.7346,2.2159,57.2,155.9,0.7862,0.2607,-0.49240000000000006,-0.1028,-0.5948,4.5,2024-05-15,Manchester United,Newcastle United,3,2,H,1616.0,1617.0,-1.1,8,7,-1,36,36,1,2,2,5,1.0,1.4,2.0,0.0,5,2.0,2.8,1.0,0.2,5,1.0,1.6,2.0,0.1,10,2.0,2.5,1.2,0.3,10,1.6,1.8,1.2,0.2,5,1.2,1.6,2.0,0.2,5,1.1079885385958446,0.5317014145437008,1.4209842220733253,0.491710173309424,0.1006817455390871,0.0985889064237776
2023-24,38,2023-24_GW38_Sheffield United_vs_Tottenham,Sheffield United,Tottenham,0.721,0.4088,1.1288,49.8,149.9,0.7584,0.2706,1.0963,0.8721,1.9679,65.6,158.4,0.8034,0.1874,-0.3753000000000001,-0.4633,-0.8391,-15.799999999999997,2024-05-19,Sheffield United,Tottenham,0,3,A,1343.9,1613.8,-269.9,20,5,-15,37,37,1,3,1,5,0.0,1.0,3.4,0.0,5,0.6,1.2,2.4,0.0,5,0.3,1.3,2.9,0.0,10,1.0,1.2,2.2,0.0,10,0.4,1.4,3.6,0.0,5,0.2,0.6,2.8,0.0,5,1.074099231501229,0.4577263731946094,1.58178730077559,0.5243337223586446,0.114200485333999,0.0968757631178072
2023-24,38,2023-24_GW38_Manchester City_vs_West Ham United,Manchester City,West Ham United,1.3837,1.137,2.5207,75.8,118.4,0.7733,0.2621,1.0693,0.6524,1.7215,59.2,105.1,0.8383,0.2091,0.3144,0.48460000000000003,0.7992000000000001,16.599999999999994,2024-05-19,Manchester City,West Ham United,3,1,H,1844.6,1536.8,307.8,1,9,8,37,37,4,0,1,5,3.0,3.4,0.2,0.8,5,0.8,1.4,3.0,0.0,5,2.6,3.1,0.6,0.5,10,1.0,1.6,2.4,0.0,10,2.6,3.4,0.8,0.2,5,1.2,2.0,3.2,0.0,5,1.9834487242033945,0.412509826153418,1.0663397328538051,0.6333330308303495,0.0970809660298112,0.0991684392891973
2023-24,38,2023-24_GW38_Luton_vs_Fulham,Luton,Fulham,0.7383,0.4705,1.2089,49.4,166.4,0.7816,0.1928,1.034,0.6449,1.6789,52.1,124.1,0.8258,0.2191,-0.2957000000000001,-0.17440000000000005,-0.47,-2.700000000000003,2024-05-19,Luton,Fulham,2,4,A,1429.3,1501.4,-72.2,18,15,-3,37,37,0,1,0,1,0.2,1.0,3.2,0.0,5,1.0,0.8,1.6,0.4,5,0.5,1.2,2.6,0.0,10,0.9,1.2,1.7,0.3,10,1.0,1.4,2.2,0.0,5,1.0,1.4,1.6,0.4,5,0.8586396904542857,0.4568770969219751,1.0155226499968395,0.5314523827114782,0.114200485333999,0.0971108137261027
2023-24,38,2023-24_GW38_Crystal Palace_vs_Aston Villa,Crystal Palace,Aston Villa,0.9433,0.6543,1.5969,52.7,124.9,0.8479,0.3053,1.2347,0.7845,2.0192,58.9,156.8,0.7979,0.2015,-0.2913999999999999,-0.13019999999999998,-0.4223000000000001,-6.199999999999996,2024-05-19,Crystal Palace,Aston Villa,5,0,H,1542.9,1638.0,-95.1,14,4,-10,37,37,1,3,1,5,2.6,3.0,0.8,0.4,5,1.6,2.0,1.4,0.2,5,1.8,2.0,1.1,0.3,10,1.3,1.7,1.9,0.2,10,2.0,2.8,1.4,0.4,5,1.4,1.4,1.6,0.2,5,1.1843979164642984,0.4856403683918602,1.142782176597486,0.5313043853756533,0.0974223490561451,0.0968048748391149
2023-24,38,2023-24_GW38_Liverpool_vs_Wolverhampton Wanderers,Liverpool,Wolverhampton Wanderers,1.3318,0.8636,2.1954,75.4,145.4,0.7159,0.2723,0.7157,0.4609,1.1764,53.1,162.0,0.7885,0.2412,0.6161000000000001,0.40270000000000006,1.019,22.300000000000004,2024-05-19,Liverpool,Wolverhampton Wanderers,2,0,H,1749.6,1499.5,250.1,3,15,12,37,37,4,1,0,5,1.6,2.4,2.0,0.0,5,0.6,0.8,2.4,0.0,5,1.6,2.0,1.6,0.0,10,0.8,1.0,2.0,0.0,10,2.0,2.0,1.2,0.0,5,0.4,0.8,2.6,0.0,5,1.7778357309238022,0.449873292547139,0.8803977171727424,0.5049457586091481,0.0972451283594144,0.1017595924235023
2023-24,38,2023-24_GW38_Burnley_vs_Nottingham Forest,Burnley,Nottingham Forest,0.7833,0.5357,1.3187,49.1,149.4,0.8537,0.1958,1.0182,0.4606,1.4788,54.1,210.2,0.7816,0.2326,-0.2349,0.07509999999999994,-0.1600999999999999,-5.0,2024-05-19,Burnley,Nottingham Forest,1,2,A,1418.8,1454.4,-35.5,19,17,-2,37,37,0,0,1,1,1.0,1.6,1.8,0.0,5,0.8,1.4,2.0,0.0,5,1.1,1.5,1.6,0.0,10,0.9,1.3,1.7,0.0,10,1.0,1.0,1.8,0.0,5,0.8,1.0,1.6,0.0,5,0.9397663659608764,0.4717359942673642,1.046275140526411,0.4372216641255922,0.114200485333999,0.0980678054884486
2023-24,38,2023-24_GW38_Brighton and Hove Albion_vs_Manchester United,Brighton and Hove Albion,Manchester United,0.8417,0.6377,1.4751,54.7,169.5,0.7012,0.2081,0.9332,0.5647,1.4978,61.8,179.9,0.763,0.1965,-0.09150000000000003,0.07300000000000006,-0.022699999999999942,-7.099999999999994,2024-05-19,Brighton and Hove Albion,Manchester United,0,2,A,1558.0,1623.2,-65.2,11,8,-3,37,37,4,1,0,5,0.8,0.6,2.0,0.2,5,1.4,1.6,2.0,0.0,5,0.9,0.6,1.6,0.3,10,1.3,1.8,1.9,0.1,10,1.2,0.6,1.8,0.4,5,0.4,1.4,2.8,0.0,5,1.1237060170189463,0.467224137221173,1.1716991088846225,0.5281739073117897,0.0990956855294868,0.0976238210061127
2023-24,38,2023-24_GW38_Brentford_vs_Newcastle United,Brentford,Newcastle United,0.9408,0.7056,1.6463,58.4,158.6,0.7515,0.185,1.5138,0.8124,2.3258,57.6,155.6,0.8136,0.2528,-0.5730000000000001,-0.1068,-0.6795,0.7999999999999972,2024-05-19,Brentford,Newcastle United,2,4,A,1526.9,1609.8,-82.9,16,8,-8,37,37,0,4,1,5,2.0,1.8,0.6,0.4,5,1.4,2.4,1.6,0.0,5,1.3,1.5,1.1,0.3,10,1.7,2.4,1.5,0.2,10,1.4,1.0,0.6,0.6,5,1.2,1.8,1.8,0.2,5,1.0606574702336262,0.4709501240709549,1.6841930235948372,0.4866422597732174,0.0957751293170585,0.0958404211526962
2023-24,38,2023-24_GW38_Arsenal_vs_Everton,Arsenal,Everton,1.5528,1.0611,2.6133,68.9,143.4,0.8567,0.2129,0.9838,0.6482,1.6319,54.5,119.3,0.8205,0.2253,0.569,0.41289999999999993,0.9814000000000003,14.400000000000006,2024-05-19,Arsenal,Everton,2,1,H,1776.0,1524.2,251.7,2,12,10,37,37,3,2,0,5,3.0,2.8,0.4,0.8,5,2.6,1.4,0.2,0.8,5,2.5,2.1,0.5,0.7,10,1.7,1.0,1.2,0.5,10,2.4,2.4,0.6,0.6,5,0.4,0.6,2.4,0.0,5,1.6268216124053176,0.3890673510755063,1.064685417883422,0.5332411156758927,0.0955456751518177,0.0973850394357808
2023-24,38,2023-24_GW38_Chelsea_vs_Bournemouth,Chelsea,Bournemouth,1.5409,0.7953,2.3362,58.1,247.2,0.8318,0.2199,1.0227,0.5573,1.5797,53.3,139.9,0.7809,0.2795,0.5182,0.238,0.7564999999999997,4.800000000000004,2024-05-19,Chelsea,Bournemouth,2,1,H,1620.6,1504.1,116.5,7,13,6,37,37,2,1,2,5,2.6,2.8,1.0,0.4,5,1.2,1.2,1.6,0.4,5,2.1,2.8,1.7,0.3,10,1.6,1.6,1.6,0.3,10,2.6,3.8,1.0,0.6,5,1.2,1.0,1.6,0.4,5,1.7783991752385615,0.404718588700255,1.3194784834690687,0.5157436402314957,0.1025505563752268,0.0985341757430031
2024-25,1,2024-25_GW1_Manchester United_vs_Fulham,Manchester United,Fulham,0.7782,0.4943,1.2725,64.5,164.7,0.6201,0.1332,0.5102,0.4425,0.9528,52.2,99.6,0.605,0.177,0.268,0.05180000000000001,0.3197,12.299999999999997,2024-08-16,Manchester United,Fulham,1,0,H,1634.2,1512.2,121.9,1,1,0,0,0,3,1,1,5,1.4,1.2,1.6,0.2,5,1.0,1.2,2.0,0.2,5,1.3,1.8,1.9,0.1,10,1.2,1.5,1.7,0.3,10,1.6,2.0,1.6,0.0,5,1.6,2.0,1.6,0.4,5,1.0709548394768014,0.9337461890442876,1.0065013917180885,0.9935406033497968,0.336576,0.352344
2024-25,1,2024-25_GW1_West Ham United_vs_Aston Villa,West Ham United,Aston Villa,0.8414,0.538,1.3793,57.8,113.1,0.7385,0.1463,0.8636,0.5481,1.4117,58.7,168.4,0.6567,0.1486,-0.022199999999999998,-0.010099999999999998,-0.032399999999999984,-0.9000000000000057,2024-08-17,West Ham United,Aston Villa,1,2,A,1535.1,1628.1,-93.1,3,3,0,0,0,2,1,2,5,0.8,1.6,3.2,0.0,5,1.0,1.6,2.4,0.0,5,0.9,1.5,2.5,0.0,10,1.3,1.7,2.0,0.2,10,1.2,1.4,1.4,0.0,5,0.8,0.8,2.2,0.2,5,1.0186766000138154,0.981665820130194,1.0677555900898077,0.9365439144326008,0.324876,0.362064
2024-25,1,2024-25_GW1_Nottingham Forest_vs_Bournemouth,Nottingham Forest,Bournemouth,0.5552,0.3347,0.89,52.1,124.2,0.5275,0.2089,0.4798,0.4453,0.925,51.2,148.5,0.6416,0.2253,0.07540000000000002,-0.11059999999999998,-0.03500000000000003,0.8999999999999986,2024-08-17,Nottingham Forest,Bournemouth,1,1,D,1466.2,1499.7,-33.5,5,5,0,0,0,0,2,2,4,1.2,1.4,1.8,0.0,5,1.2,1.2,1.4,0.4,5,1.2,1.5,1.7,0.0,10,1.3,1.3,1.5,0.3,10,1.0,1.6,1.8,0.0,5,0.6,0.8,2.0,0.2,5,0.98193234251808,1.0184001042633823,0.999839996799744,1.000160028805377,0.3685079999999999,0.3764999999999999
2024-25,1,2024-25_GW1_Newcastle United_vs_Southampton,Newcastle United,Southampton,0.9484,0.5477,1.4957,63.9,120.5,0.6222,0.231,0.375,0.3,0.675,55.0,170.0,0.3,0.0444,0.5734,0.24769999999999998,0.8207,8.899999999999999,2024-08-17,Newcastle United,Southampton,1,0,H,1620.3,1397.1,223.2,7,7,0,0,0,4,0,1,5,2.0,3.2,1.6,0.0,5,0.2,1.8,3.2,0.0,5,2.0,2.6,1.4,0.2,10,0.2,1.3,2.7,0.0,10,2.2,3.0,1.2,0.2,5,0.2,1.6,2.8,0.0,5,1.063661251248527,0.940148941992762,0.9447327849274962,1.058500367462896,0.321528,0.66
2024-25,1,2024-25_GW1_Everton_vs_Brighton and Hove Albion,Everton,Brighton and Hove Albion,0.7389,0.5081,1.2469,54.7,121.3,0.7321,0.1779,0.6433,0.5226,1.1657,53.0,208.1,0.5469,0.1316,0.09560000000000002,-0.014499999999999957,0.08119999999999994,1.7000000000000028,2024-08-17,Everton,Brighton and Hove Albion,0,3,A,1521.9,1547.0,-25.1,9,9,0,0,0,1,2,2,5,2.0,1.2,0.6,0.6,5,0.8,0.6,1.6,0.2,5,1.7,1.1,1.2,0.5,10,0.6,0.5,1.8,0.2,10,3.0,1.4,0.0,1.0,5,0.6,0.6,1.4,0.2,5,1.0116630459960545,0.9884714124508016,1.0249890922087757,0.9756201384007648,0.349428,0.350508
2024-25,1,2024-25_GW1_Ipswich Town_vs_Liverpool,Ipswich Town,Liverpool,0.3333,0.2667,0.6,55.0,145.0,0.3,0.05,1.0709,0.6267,1.6976,80.3,117.4,0.6007,0.2276,-0.7376,-0.36000000000000004,-1.0976,-25.299999999999997,2024-08-17,Ipswich Town,Liverpool,0,2,A,1500.0,1751.9,-251.9,11,11,0,0,0,0,0,0,0,0.0,0.0,0.0,0.0,0,1.6,2.2,1.8,0.2,5,0.0,0.0,0.0,0.0,0,1.8,2.1,1.5,0.1,10,0.0,0.0,0.0,0.0,0,1.2,2.0,2.0,0.0,5,1.0,1.0,1.1322294392818888,0.8832132121862556,0.66,0.315444
2024-25,1,2024-25_GW1_Arsenal_vs_Wolverhampton Wanderers,Arsenal,Wolverhampton Wanderers,1.1354,0.8705,2.0054,72.3,148.5,0.7278,0.1575,0.6464,0.3674,1.0136,53.2,165.3,0.6646,0.1606,0.489,0.5031000000000001,0.9917999999999998,19.099999999999994,2024-08-17,Arsenal,Wolverhampton Wanderers,2,0,H,1778.3,1497.1,281.2,13,13,0,0,0,5,0,0,5,3.0,2.8,0.6,0.6,5,0.6,0.8,2.4,0.0,5,2.5,2.1,0.5,0.7,10,0.5,0.8,2.1,0.0,10,2.4,2.4,0.6,0.6,5,0.4,0.8,2.4,0.0,5,1.1458585655519362,0.8727080549581797,0.998453034079621,1.0015493627317231,0.3139679999999999,0.35274
2024-25,1,2024-25_GW1_Brentford_vs_Crystal Palace,Brentford,Crystal Palace,0.6532,0.4602,1.1133,58.3,137.3,0.6416,0.1716,0.6055,0.3989,1.0043,52.1,142.8,0.6309,0.1853,0.047699999999999965,0.06130000000000002,0.10899999999999999,6.199999999999996,2024-08-18,Brentford,Crystal Palace,2,1,H,1516.4,1552.8,-36.4,15,15,0,0,0,0,1,4,5,1.4,1.8,1.4,0.2,5,2.6,3.0,0.4,0.6,5,1.3,1.6,1.3,0.3,10,2.0,2.4,1.0,0.4,10,1.2,1.0,1.0,0.6,5,1.6,1.2,0.8,0.2,5,1.0087371452169835,0.9913385312929028,1.0280622460288689,0.972703748107407,0.3477,0.330852
2024-25,1,2024-25_GW1_Chelsea_vs_Manchester City,Chelsea,Manchester City,0.9962,0.5779,1.5741,58.2,209.2,0.6115,0.1668,1.1502,0.734,1.8842,73.5,142.3,0.6653,0.1956,-0.15399999999999991,-0.15610000000000002,-0.31010000000000004,-15.299999999999997,2024-08-18,Chelsea,Manchester City,0,2,A,1625.1,1846.3,-221.3,17,17,0,0,0,0,3,2,5,3.0,2.8,0.8,0.4,5,3.0,3.2,0.4,0.6,5,2.3,2.8,1.6,0.3,10,2.8,3.3,0.6,0.5,10,3.0,3.8,0.8,0.6,5,3.0,3.2,0.4,0.8,5,1.0661813096637534,0.9379267774965728,1.18077951068235,0.8468981642661795,0.318396,0.3285119999999999
2024-25,1,2024-25_GW1_Leicester City_vs_Tottenham,Leicester City,Tottenham,0.3417,0.2733,0.615,55.0,150.0,0.3,0.0488,0.9568,0.7413,1.6978,65.3,183.9,0.7062,0.1435,-0.6151,-0.46799999999999997,-1.0828,-10.299999999999997,2024-08-19,Leicester City,Tottenham,1,1,D,1483.2,1619.3,-136.1,19,19,0,0,0,1,4,0,5,1.0,1.4,2.2,0.2,5,1.2,1.4,1.8,0.2,5,0.9,1.2,1.9,0.1,10,1.3,1.5,1.9,0.1,10,1.4,1.2,1.6,0.0,5,0.8,1.2,2.2,0.2,5,0.9910299195633638,1.0090512710661534,1.063136051266595,0.9406133850965016,0.66,0.305724
2024-25,2,2024-25_GW2_Aston Villa_vs_Arsenal,Aston Villa,Arsenal,0.8636,0.5481,1.4117,58.7,168.4,0.6567,0.1486,1.1354,0.8705,2.0054,72.3,148.5,0.7278,0.1575,-0.27179999999999993,-0.3224,-0.5936999999999999,-13.599999999999994,2024-08-24,Aston Villa,Arsenal,0,2,A,1638.3,1780.3,-142.0,5,3,-2,1,1,2,3,0,5,1.0,1.4,2.4,0.0,5,3.0,2.2,0.6,0.6,5,1.5,1.8,2.0,0.2,10,2.7,2.3,0.5,0.7,10,1.8,2.6,1.8,0.2,5,2.6,1.8,0.4,0.8,5,1.1684266374409644,0.852130054102939,1.1032295608705196,0.7237787102286289,0.4142271968381309,0.3698289930423192
2024-25,2,2024-25_GW2_Tottenham_vs_Everton,Tottenham,Everton,0.9568,0.7413,1.6978,65.3,183.9,0.7062,0.1435,0.7389,0.5081,1.2469,54.7,121.3,0.7321,0.1779,0.21789999999999998,0.23319999999999996,0.4509000000000001,10.599999999999994,2024-08-24,Tottenham,Everton,4,0,H,1618.3,1509.8,108.5,12,20,8,1,1,3,0,2,5,1.4,1.6,1.6,0.2,5,1.4,0.8,1.2,0.4,5,1.1,1.4,1.9,0.1,10,1.7,1.0,1.3,0.5,10,1.8,1.8,1.6,0.0,5,0.4,0.8,2.4,0.0,5,1.0305438458323049,0.7965002776218009,0.8612575188210957,0.8789662065088479,0.3622188218827078,0.4025626986851894
2024-25,2,2024-25_GW2_Southampton_vs_Nottingham Forest,Southampton,Nottingham Forest,0.375,0.3,0.675,55.0,170.0,0.3,0.0444,0.5552,0.3347,0.89,52.1,124.2,0.5275,0.2089,-0.18020000000000003,-0.03470000000000001,-0.21499999999999997,2.8999999999999986,2024-08-24,Southampton,Nottingham Forest,0,1,A,1394.4,1464.3,-69.9,16,10,-6,1,1,0,2,0,2,0.2,1.6,2.8,0.0,5,1.4,1.6,1.6,0.0,5,0.2,1.3,2.7,0.0,10,1.2,1.5,1.7,0.0,10,0.2,1.0,2.6,0.0,5,1.4,1.4,1.6,0.0,5,1.127306552332745,0.6071932163284538,0.9934776636544196,0.8654220855689173,0.6892567886151796,0.4201757585742463
2024-25,2,2024-25_GW2_Crystal Palace_vs_West Ham United,Crystal Palace,West Ham United,0.6055,0.3989,1.0043,52.1,142.8,0.6309,0.1853,0.8414,0.538,1.3793,57.8,113.1,0.7385,0.1463,-0.2359,-0.13910000000000006,-0.375,-5.699999999999996,2024-08-24,Crystal Palace,West Ham United,0,2,A,1544.6,1524.9,19.7,14,13,-1,1,1,3,1,1,5,2.0,2.8,0.8,0.4,5,0.8,1.4,2.6,0.0,5,1.9,2.4,1.1,0.4,10,0.8,1.5,2.6,0.0,10,2.4,3.6,1.2,0.6,5,0.6,1.6,3.6,0.0,5,0.9907233269958784,0.8688221910671811,1.1800225607295478,0.9090429558702562,0.3854148894347112,0.3798983461487047
2024-25,2,2024-25_GW2_Fulham_vs_Leicester City,Fulham,Leicester City,0.5102,0.4425,0.9528,52.2,99.6,0.605,0.177,0.3417,0.2733,0.615,55.0,150.0,0.3,0.0488,0.16849999999999998,0.16920000000000002,0.3378,-2.799999999999997,2024-08-24,Fulham,Leicester City,2,1,H,1507.9,1484.2,23.6,14,13,-1,1,1,3,2,0,5,1.0,1.0,1.6,0.2,5,1.0,1.2,2.0,0.2,5,0.9,1.2,1.8,0.2,10,1.0,1.2,1.8,0.1,10,0.8,1.0,1.8,0.2,5,0.4,1.2,2.2,0.2,5,0.8565292302562496,0.9451099016446805,0.8809206598646455,0.7071830379301439,0.4052545059512528,0.6892567886151796
2024-25,2,2024-25_GW2_Brighton and Hove Albion_vs_Manchester United,Brighton and Hove Albion,Manchester United,0.6433,0.5226,1.1657,53.0,208.1,0.5469,0.1316,0.7782,0.4943,1.2725,64.5,164.7,0.6201,0.1332,-0.13490000000000002,0.028299999999999936,-0.1068,-11.5,2024-08-24,Brighton and Hove Albion,Manchester United,2,1,H,1559.1,1638.5,-79.5,4,9,5,1,1,4,1,0,5,1.4,1.2,1.0,0.4,5,1.8,1.2,1.4,0.4,5,0.9,0.7,1.6,0.3,10,1.5,1.8,1.8,0.2,10,0.6,0.4,2.2,0.2,5,1.0,1.6,2.2,0.2,5,1.0390529722754855,0.7790489099324458,1.2273361293895564,0.7604026621380509,0.4035596643392869,0.3906988074014283
2024-25,2,2024-25_GW2_Manchester City_vs_Ipswich Town,Manchester City,Ipswich Town,1.1502,0.734,1.8842,73.5,142.3,0.6653,0.1956,0.3333,0.2667,0.6,55.0,145.0,0.3,0.05,0.8169,0.4673,1.2842000000000002,18.5,2024-08-24,Manchester City,Ipswich Town,4,1,H,1853.0,1494.1,358.9,6,16,10,1,1,0,0,0,0,3.0,3.2,0.4,0.6,5,0.0,0.0,2.0,0.0,1,3.0,3.5,0.6,0.5,10,0.0,0.0,2.0,0.0,1,2.6,3.4,0.8,0.2,5,0.0,0.0,0.0,0.0,0,1.0557413565519524,0.7366743680465456,0.6986196605328407,0.8858511047020365,0.3832547971841665,0.6892567886151796
2024-25,2,2024-25_GW2_Bournemouth_vs_Newcastle United,Bournemouth,Newcastle United,0.4798,0.4453,0.925,51.2,148.5,0.6416,0.2253,0.9484,0.5477,1.4957,63.9,120.5,0.6222,0.231,-0.4686,-0.10239999999999999,-0.5707,-12.699999999999996,2024-08-25,Bournemouth,Newcastle United,1,1,D,1501.5,1623.0,-121.4,13,9,-4,1,1,1,1,3,5,0.8,1.2,1.6,0.2,5,2.0,2.4,1.4,0.2,5,1.1,1.2,1.5,0.3,10,2.0,2.3,1.1,0.3,10,2.0,1.8,1.0,0.4,5,1.8,2.2,1.6,0.2,5,0.9804392369625452,0.8552872333375,0.8845356582092693,0.825354916081445,0.4275533044145683,0.3768077526210022
2024-25,2,2024-25_GW2_Wolverhampton Wanderers_vs_Chelsea,Wolverhampton Wanderers,Chelsea,0.6464,0.3674,1.0136,53.2,165.3,0.6646,0.1606,0.9962,0.5779,1.5741,58.2,209.2,0.6115,0.1668,-0.3498,-0.21049999999999996,-0.5605,-5.0,2024-08-25,Wolverhampton Wanderers,Chelsea,2,6,A,1495.1,1618.4,-123.3,16,17,1,1,1,3,1,1,5,0.6,0.8,2.6,0.0,5,2.4,2.4,1.2,0.2,5,0.5,0.8,2.1,0.0,10,2.0,2.4,1.5,0.3,10,0.6,0.8,1.8,0.0,5,1.6,1.8,2.4,0.0,5,0.8575474188355914,0.8489208169193205,0.9994323463438544,0.7773224940677796,0.4056200600244219,0.3739165522241193
2024-25,2,2024-25_GW2_Liverpool_vs_Brentford,Liverpool,Brentford,1.0709,0.6267,1.6976,80.3,117.4,0.6007,0.2276,0.6532,0.4602,1.1133,58.3,137.3,0.6416,0.1716,0.41769999999999996,0.16650000000000004,0.5843,22.0,2024-08-25,Liverpool,Brentford,2,0,H,1757.8,1524.6,233.2,8,10,2,1,1,4,1,0,5,2.2,2.6,1.4,0.4,5,1.4,1.2,1.4,0.2,5,1.8,2.1,1.4,0.2,10,1.6,1.7,1.2,0.3,10,2.4,2.2,1.0,0.2,5,1.4,2.2,1.6,0.0,5,1.306408398226701,0.7262983807061993,1.0822787289971554,0.844851008958275,0.3711915127695859,0.4009675536386333
2024-25,3,2024-25_GW3_Arsenal_vs_Brighton and Hove Albion,Arsenal,Brighton and Hove Albion,0.9768,1.0875,2.0644,74.6,153.0,0.9398,0.1839,1.5138,1.2192,2.733,56.0,211.9,0.9398,0.25,-0.537,-0.13170000000000015,-0.6686000000000001,18.599999999999994,2024-08-31,Arsenal,Brighton and Hove Albion,1,1,D,1789.1,1568.5,220.6,4,2,-2,2,2,3,2,0,5,3.0,2.0,0.2,0.8,5,1.4,1.4,1.2,0.2,5,2.7,2.3,0.5,0.7,10,1.1,0.9,1.7,0.2,10,2.4,2.4,0.6,0.6,5,1.2,1.0,1.0,0.4,5,1.03014226651405,0.6764984953711144,1.1357095917755051,0.6994636557743013,0.3475458811341434,0.3786832151829688
2024-25,3,2024-25_GW3_Brentford_vs_Southampton,Brentford,Southampton,0.9683,0.4289,1.3972,56.0,140.4,0.9398,0.2714,0.8472,0.786,1.6333,51.5,159.0,0.98,0.1618,0.1211000000000001,-0.35710000000000003,-0.23609999999999998,4.5,2024-08-31,Brentford,Southampton,3,1,H,1522.1,1383.5,138.5,13,16,3,2,2,3,1,0,4,1.4,1.2,1.6,0.2,5,0.2,1.0,2.2,0.0,5,1.5,1.6,1.3,0.3,10,0.2,1.2,2.4,0.0,10,1.6,1.2,1.0,0.6,5,0.2,1.6,2.8,0.0,5,0.9300261572533536,0.8333310043337495,0.7860526987750259,0.6224849492445045,0.3762903954235517,0.6424149007176995
2024-25,3,2024-25_GW3_Everton_vs_Bournemouth,Everton,Bournemouth,0.6981,0.6982,1.3919,55.0,121.9,0.933,0.2518,1.0312,0.9885,2.0197,54.4,146.0,0.772,0.3935,-0.33309999999999984,-0.2903,-0.6277999999999999,0.6000000000000014,2024-08-31,Everton,Bournemouth,2,3,A,1505.1,1502.2,3.0,20,14,-6,2,2,2,3,0,5,0.8,0.6,2.0,0.2,5,0.4,0.8,1.8,0.0,5,1.6,0.9,1.6,0.5,10,0.9,1.2,1.6,0.2,10,2.4,1.2,0.6,0.8,5,0.8,0.8,1.8,0.2,5,0.8480399932119969,0.8624480172110064,1.10748847210906,0.7863996602869369,0.3777628998908853,0.4008321365457785
2024-25,3,2024-25_GW3_Ipswich Town_vs_Fulham,Ipswich Town,Fulham,0.3274,0.2088,0.5362,51.5,137.5,0.8593,0.1377,1.0774,0.7525,1.8299,55.6,100.8,0.98,0.2611,-0.7499999999999999,-0.5437,-1.2937,-4.100000000000001,2024-08-31,Ipswich Town,Fulham,1,1,D,1492.8,1514.5,-21.7,18,13,-5,2,2,0,0,0,0,0.0,0.5,3.0,0.0,2,1.4,1.2,1.6,0.2,5,0.0,0.5,3.0,0.0,2,1.1,1.1,1.6,0.2,10,0.0,0.0,2.0,0.0,1,1.4,1.4,1.2,0.4,5,0.5544568891251324,0.898145190901569,0.9536350681024292,0.8064823198986846,0.6424149007176995,0.3802477511795107
2024-25,3,2024-25_GW3_Leicester City_vs_Aston Villa,Leicester City,Aston Villa,0.7592,0.6075,1.3667,52.6,139.0,0.98,0.2065,1.2492,0.4677,1.717,59.5,168.4,0.98,0.1877,-0.4900000000000001,0.13980000000000004,-0.35030000000000006,-6.899999999999999,2024-08-31,Leicester City,Aston Villa,1,2,A,1477.7,1629.5,-151.9,15,14,-1,2,2,2,2,1,5,1.0,0.8,1.4,0.2,5,0.8,1.0,2.4,0.0,5,1.0,1.3,1.9,0.1,10,1.2,1.6,2.2,0.1,10,1.6,1.4,1.6,0.0,5,1.2,1.0,2.2,0.2,5,0.7430445107135719,0.6438956348355408,1.117931723128603,0.7413943475554722,0.6424149007176995,0.3885305888082623
2024-25,3,2024-25_GW3_Nottingham Forest_vs_Wolverhampton Wanderers,Nottingham Forest,Wolverhampton Wanderers,1.1857,0.7333,1.919,55.6,123.7,0.8995,0.2638,0.7847,0.5092,1.294,55.5,167.5,0.9398,0.256,0.401,0.22409999999999997,0.625,0.10000000000000142,2024-08-31,Nottingham Forest,Wolverhampton Wanderers,1,1,D,1475.2,1485.8,-10.6,9,19,10,2,2,0,1,3,4,2.0,1.8,1.2,0.2,5,0.0,0.8,3.6,0.0,5,1.4,1.5,1.6,0.1,10,0.4,0.9,2.6,0.0,10,1.0,1.6,1.8,0.0,5,0.4,0.8,2.4,0.0,5,1.1482754113429443,0.7175297694301588,0.967317106227317,0.7765507856076208,0.3940218033843606,0.3805852001199414
2024-25,3,2024-25_GW3_West Ham United_vs_Manchester City,West Ham United,Manchester City,1.5016,0.6845,2.186,58.0,113.0,0.98,0.3271,1.8715,1.2295,3.101,76.6,150.2,0.98,0.3462,-0.3698999999999999,-0.545,-0.915,-18.599999999999994,2024-08-31,West Ham United,Manchester City,1,3,A,1538.2,1854.3,-316.1,13,3,-10,2,2,0,4,1,5,1.2,1.4,2.2,0.2,5,3.0,3.0,0.4,0.6,5,1.1,1.4,2.2,0.1,10,3.0,3.5,0.6,0.5,10,1.0,1.4,1.6,0.0,5,3.0,2.8,0.0,1.0,5,1.1448894182076896,0.8221081800177237,1.3157099997237922,0.6296878319099817,0.3568410655841869,0.359939460400868
2024-25,3,2024-25_GW3_Manchester United_vs_Liverpool,Manchester United,Liverpool,1.1363,0.9707,2.107,61.5,171.2,0.98,0.3302,2.1987,1.8669,4.0656,75.1,121.7,0.9398,0.3235,-1.0624,-0.8962,-1.9585999999999997,-13.599999999999994,2024-09-01,Manchester United,Liverpool,0,3,A,1629.1,1760.4,-131.3,13,4,-9,2,2,1,2,2,5,1.8,1.4,1.0,0.4,5,2.6,2.6,1.0,0.6,5,1.5,1.6,1.6,0.2,10,1.8,2.0,1.3,0.3,10,2.0,1.8,1.2,0.2,5,1.6,2.0,1.6,0.2,5,1.1829465141753632,0.7448913556548878,1.4098145852287567,0.629230495919005,0.3668111479150915,0.3488036453666576
2024-25,3,2024-25_GW3_Newcastle United_vs_Tottenham,Newcastle United,Tottenham,0.7159,0.4204,1.1363,62.0,122.1,0.8995,0.3854,1.3433,1.3413,2.6845,66.0,186.5,0.8593,0.2896,-0.6274,-0.9208999999999999,-1.5481999999999998,-4.0,2024-09-01,Newcastle United,Tottenham,2,1,H,1622.4,1622.9,-0.5,10,9,-1,2,2,3,2,0,5,1.6,1.8,1.4,0.2,5,2.0,2.0,0.8,0.4,5,2.0,2.3,1.1,0.3,10,1.3,1.7,1.8,0.2,10,2.2,2.4,0.6,0.4,5,0.8,1.2,2.2,0.2,5,0.9513381887006992,0.7830044226741406,1.1674246745039534,0.7082039779440066,0.353988088178728,0.340520807737906
2024-25,3,2024-25_GW3_Chelsea_vs_Crystal Palace,Chelsea,Crystal Palace,0.8957,0.5084,1.4042,64.4,210.1,0.8995,0.2596,0.9071,0.5927,1.4998,58.0,145.0,0.908,0.198,-0.011399999999999966,-0.08430000000000004,-0.09560000000000013,6.400000000000006,2024-09-01,Chelsea,Crystal Palace,1,1,D,1627.8,1531.3,96.5,12,18,6,2,2,5,0,0,5,2.4,2.6,1.6,0.0,5,1.8,2.6,1.0,0.4,5,2.2,2.8,1.5,0.3,10,1.9,2.4,1.2,0.4,10,2.4,3.0,0.6,0.6,5,1.4,1.2,1.0,0.2,5,1.035823768070779,0.7144487120189704,0.9900638120986768,0.8045138778631423,0.3513191738316858,0.3619334768670489
2024-25,4,2024-25_GW4_Southampton_vs_Manchester United,Southampton,Manchester United,1.1144,1.0255,2.1399,51.5,158.2,0.9469,0.1676,1.068,0.9796,2.0477,61.2,170.4,0.8806,0.262,0.0464,0.04590000000000005,0.09220000000000006,-9.700000000000003,2024-09-14,Southampton,Manchester United,0,3,A,1379.5,1620.0,-240.6,19,14,-5,3,3,0,2,3,5,0.2,1.2,2.4,0.0,5,1.8,1.4,1.4,0.4,5,0.2,1.3,2.5,0.0,10,1.4,1.4,1.7,0.2,10,0.2,0.8,2.0,0.0,5,0.8,1.6,2.4,0.2,5,0.8875093083026624,0.6355798820734594,1.1443260107962592,0.7163557564006358,0.5991743883039252,0.3447600589663363
2024-25,4,2024-25_GW4_Brighton and Hove Albion_vs_Ipswich Town,Brighton and Hove Albion,Ipswich Town,1.5111,1.1743,2.6854,56.3,212.1,0.8927,0.1952,0.4011,0.2648,0.6659,52.4,135.5,0.8446,0.1382,1.11,0.9095,2.0195,3.8999999999999986,2024-09-14,Brighton and Hove Albion,Ipswich Town,0,0,D,1575.8,1490.6,85.2,3,17,14,3,3,0,0,0,0,1.4,1.4,1.2,0.2,5,0.3333333333333333,0.6666666666666666,2.333333333333333,0.0,3,1.2,1.0,1.5,0.2,10,0.3333333333333333,0.6666666666666666,2.333333333333333,0.0,3,1.2,0.8,1.8,0.2,5,0.0,1.0,4.0,0.0,1,1.1795995584754655,0.6654340100915852,0.5101505638503091,0.7310781121048866,0.3557193583267155,0.5991743883039252
2024-25,4,2024-25_GW4_Crystal Palace_vs_Leicester City,Crystal Palace,Leicester City,0.837,0.6014,1.4383,58.3,143.7,0.92,0.1862,0.6477,0.5033,1.1509,52.7,139.0,0.8806,0.1704,0.1892999999999999,0.09810000000000008,0.2873999999999999,5.599999999999994,2024-09-14,Crystal Palace,Leicester City,2,2,D,1536.4,1469.1,67.3,17,16,-1,3,3,1,2,2,5,1.4,2.0,1.2,0.2,5,1.0,1.0,1.2,0.2,5,2.0,2.3,0.9,0.4,10,1.0,1.3,1.8,0.1,10,2.4,3.2,0.8,0.6,5,0.4,1.2,2.2,0.2,5,0.8914331889462667,0.7852994518059644,0.6463174369859781,0.5905322296686535,0.3402574010895913,0.5991743883039252
2024-25,4,2024-25_GW4_Fulham_vs_West Ham United,Fulham,West Ham United,1.1366,0.8585,1.9952,55.8,99.9,0.98,0.2889,1.1684,0.6082,1.7767,57.9,112.4,0.9137,0.313,-0.03180000000000005,0.2503000000000001,0.21850000000000014,-2.1000000000000014,2024-09-14,Fulham,West Ham United,1,1,D,1516.7,1533.7,-17.0,13,14,1,3,3,2,2,1,5,1.4,1.4,1.8,0.0,5,1.2,1.6,1.8,0.2,5,1.2,1.1,1.4,0.2,10,1.0,1.4,2.4,0.1,10,0.8,0.8,2.0,0.0,5,1.2,1.4,2.8,0.2,5,0.916688884861804,0.709097359733127,1.0413046701680089,0.8517522820572129,0.3571636070796337,0.3355565129918576
2024-25,4,2024-25_GW4_Liverpool_vs_Nottingham Forest,Liverpool,Nottingham Forest,2.0959,1.7091,3.8051,75.1,120.8,0.9559,0.3512,1.3076,0.8703,2.1779,55.4,123.3,0.9319,0.2834,0.7882999999999998,0.8388000000000001,1.6271999999999998,19.699999999999996,2024-09-14,Liverpool,Nottingham Forest,0,1,A,1769.5,1472.6,296.9,2,10,8,3,3,3,1,0,4,2.6,2.4,0.6,0.8,5,1.6,1.4,1.2,0.2,5,2.0,2.1,1.1,0.4,10,1.2,1.3,1.6,0.1,10,2.4,2.2,0.8,0.4,5,1.8,1.4,1.4,0.2,5,1.3754252871632353,0.6056040336168396,1.0761286150242155,0.6505225372794539,0.3281370390062779,0.3698786598259134
2024-25,4,2024-25_GW4_Manchester City_vs_Brentford,Manchester City,Brentford,2.1367,1.5118,3.6485,76.9,150.3,0.9469,0.3468,1.5033,0.6753,2.1786,56.6,138.3,0.9186,0.3562,0.6333999999999997,0.8365,1.4699,20.300000000000004,2024-09-14,Manchester City,Brentford,2,1,H,1858.8,1526.1,332.7,1,7,6,3,3,3,2,0,5,3.0,2.8,0.6,0.4,5,1.8,1.8,1.8,0.0,5,3.0,3.4,0.5,0.5,10,1.7,1.9,1.4,0.2,10,3.0,4.2,1.0,0.0,5,1.4,2.0,1.6,0.0,5,1.451266961933435,0.5790549393394839,1.1187516353676354,0.7752331976594617,0.3384166918946956,0.3535105072928406
2024-25,4,2024-25_GW4_Aston Villa_vs_Everton,Aston Villa,Everton,1.5695,0.5806,2.1501,59.6,167.9,0.9469,0.2433,0.9055,0.9472,1.8497,53.9,119.8,0.8998,0.245,0.6639999999999999,-0.36660000000000004,0.3004000000000002,5.700000000000003,2024-09-14,Aston Villa,Everton,3,2,H,1638.1,1492.3,145.8,9,20,11,3,3,4,0,1,5,1.4,1.4,2.4,0.0,5,0.6,0.8,2.4,0.2,5,1.5,1.7,1.9,0.1,10,1.3,1.0,1.9,0.4,10,1.2,2.2,2.2,0.0,5,0.4,0.6,2.8,0.0,5,1.1223018411351708,0.6480781518642703,0.9508227604002852,0.8404635378256583,0.3648096298892006,0.3548698002367637
2024-25,4,2024-25_GW4_Bournemouth_vs_Chelsea,Bournemouth,Chelsea,1.6203,0.9724,2.5928,55.2,145.6,0.8837,0.2916,1.4593,0.6653,2.1246,64.7,210.3,0.9018,0.3378,0.16100000000000003,0.30710000000000004,0.46819999999999995,-9.5,2024-09-14,Bournemouth,Chelsea,0,1,A,1515.0,1622.6,-107.6,10,13,3,3,3,0,3,2,5,1.0,1.4,1.6,0.0,5,2.0,2.2,1.4,0.0,5,1.2,1.4,1.6,0.2,10,2.0,2.3,1.6,0.2,10,1.6,1.6,1.0,0.4,5,2.0,2.6,2.4,0.0,5,1.1929914986681385,0.754307228141729,1.1360924084932449,0.6346438255348358,0.3761653896915573,0.3304591644521464
2024-25,4,2024-25_GW4_Tottenham_vs_Arsenal,Tottenham,Arsenal,1.1983,1.2204,2.4187,66.3,185.4,0.8464,0.2278,1.3587,0.8615,2.2202,74.5,152.5,0.9228,0.2305,-0.1604000000000001,0.3588999999999999,0.19849999999999968,-8.200000000000003,2024-09-15,Tottenham,Arsenal,0,1,A,1615.7,1781.8,-166.1,13,6,-7,3,3,1,3,1,5,1.4,1.8,1.0,0.4,5,2.6,1.6,0.4,0.6,5,1.0,1.5,1.9,0.2,10,2.5,2.1,0.6,0.6,10,1.8,2.2,1.4,0.2,5,3.0,2.2,0.4,0.8,5,1.1243781995379578,0.6720531450033652,1.1178992406249548,0.6616054036555254,0.320491016196711,0.3269759762833436
2024-25,4,2024-25_GW4_Wolverhampton Wanderers_vs_Newcastle United,Wolverhampton Wanderers,Newcastle United,0.9407,0.5097,1.4504,55.4,167.1,0.8566,0.2708,0.8952,0.5944,1.4897,61.8,121.7,0.8987,0.347,0.045499999999999985,-0.0847,-0.03930000000000011,-6.399999999999999,2024-09-15,Wolverhampton Wanderers,Newcastle United,1,2,A,1488.3,1629.6,-141.2,18,8,-10,3,3,0,3,2,5,0.2,0.8,2.8,0.0,5,2.0,2.0,1.4,0.2,5,0.5,0.9,2.5,0.0,10,2.0,2.4,1.2,0.2,10,0.6,1.0,2.6,0.0,5,1.4,2.2,1.8,0.0,5,0.904022527414652,0.7029377523718185,0.9933095183027936,0.7186633942488957,0.3574751117126161,0.3329228829130068
2024-25,5,2024-25_GW5_Tottenham_vs_Brentford,Tottenham,Brentford,1.1186,1.159,2.2776,67.9,183.4,0.833,0.1982,1.4108,0.6473,2.058,56.6,138.1,0.8766,0.3544,-0.2922,0.5117,0.21960000000000024,11.300000000000004,2024-09-21,Tottenham,Brentford,3,1,H,1607.6,1524.6,83.0,13,9,-4,4,4,1,1,3,5,1.4,1.8,0.8,0.4,5,1.2,1.6,2.0,0.0,5,1.0,1.5,1.6,0.2,10,1.6,1.7,1.3,0.2,10,1.2,1.6,1.4,0.2,5,1.2,1.6,1.4,0.0,5,1.0429732925818482,0.6209872648879219,1.0533085336796455,0.7558185159575146,0.3020011882103171,0.3324820201905223
2024-25,5,2024-25_GW5_Crystal Palace_vs_Manchester United,Crystal Palace,Manchester United,1.202,0.7376,1.9396,57.0,143.4,0.8851,0.2453,1.2208,1.1243,2.3451,61.7,169.5,0.8577,0.2523,-0.01880000000000015,-0.38670000000000004,-0.40549999999999997,-4.700000000000003,2024-09-21,Crystal Palace,Manchester United,0,0,D,1531.9,1626.2,-94.3,16,10,-6,4,4,3,1,1,5,1.0,1.8,1.4,0.2,5,1.8,1.4,1.0,0.6,5,1.8,2.4,1.1,0.3,10,1.6,1.5,1.5,0.3,10,2.0,2.6,0.8,0.6,5,1.4,1.6,1.6,0.4,5,1.0359498241203606,0.7317240826020165,1.2586860561539317,0.6696366715489731,0.3202478612139048,0.3244043383021145
2024-25,5,2024-25_GW5_Southampton_vs_Ipswich Town,Southampton,Ipswich Town,0.8025,0.7371,1.5397,51.2,157.4,0.875,0.1985,0.3952,0.2646,0.6598,51.7,135.4,0.8445,0.164,0.4073,0.4725,0.8799,-0.5,2024-09-21,Southampton,Ipswich Town,1,1,D,1373.3,1495.4,-122.1,19,17,-2,4,4,0,0,0,0,0.2,1.0,2.4,0.0,5,0.5,0.5,1.75,0.25,4,0.1,1.0,2.5,0.0,10,0.5,0.5,1.75,0.25,4,0.2,0.8,2.2,0.0,5,0.5,0.5,2.0,0.5,2,0.8737714464728511,0.635232960547345,0.4716171854908994,0.668262286294148,0.5592583644686361,0.5592583644686361
2024-25,5,2024-25_GW5_Liverpool_vs_Bournemouth,Liverpool,Bournemouth,1.8676,1.6005,3.4681,75.4,122.4,0.9639,0.3223,1.7941,0.8714,2.6656,55.3,144.8,0.8886,0.2804,0.0734999999999999,0.7291000000000001,0.8025000000000002,20.10000000000001,2024-09-21,Liverpool,Bournemouth,3,0,H,1751.3,1505.3,246.1,4,12,8,4,4,4,1,0,5,2.4,1.8,0.2,0.8,5,1.0,1.2,1.4,0.0,5,2.0,2.1,1.1,0.4,10,1.1,1.2,1.5,0.2,10,1.8,1.6,0.8,0.4,5,1.4,1.2,1.6,0.2,5,1.26542383555849,0.5590256567684813,1.1965807834925193,0.6901970618631726,0.3090593568506734,0.3533951124582446
2024-25,5,2024-25_GW5_Leicester City_vs_Everton,Leicester City,Everton,0.709,0.6094,1.3184,52.5,139.3,0.8687,0.2414,0.8954,0.9624,1.8556,54.2,119.6,0.9,0.2641,-0.1864,-0.353,-0.5371999999999999,-1.7000000000000028,2024-09-21,Leicester City,Everton,1,1,D,1473.6,1488.4,-14.7,17,20,3,4,4,1,1,3,5,1.0,1.4,1.6,0.0,5,0.0,1.0,3.0,0.0,5,0.8,1.3,1.9,0.1,10,1.3,1.2,1.6,0.4,10,1.0,1.2,1.8,0.0,5,0.2,0.8,3.2,0.0,5,0.7142284484314935,0.6105025244826543,0.910676464582652,0.8158263962596207,0.5592583644686361,0.3337368057265857
2024-25,5,2024-25_GW5_Fulham_vs_Newcastle United,Fulham,Newcastle United,1.0737,0.9962,2.0699,55.7,99.5,0.9275,0.2921,0.8315,0.6697,1.5012,62.3,120.5,0.8714,0.307,0.24220000000000008,0.3265,0.5687,-6.599999999999994,2024-09-21,Fulham,Newcastle United,3,1,H,1514.3,1638.4,-124.1,12,4,-8,4,4,0,5,0,5,1.6,1.6,1.2,0.0,5,2.6,2.0,1.0,0.2,5,1.3,1.2,1.4,0.2,10,2.0,2.2,1.3,0.1,10,1.0,1.0,2.0,0.0,5,2.0,2.6,1.6,0.0,5,0.9543452611423354,0.6544780573354554,0.9866827932019478,0.6635505341133858,0.3358542563186926,0.3134772475922296
2024-25,5,2024-25_GW5_Aston Villa_vs_Wolverhampton Wanderers,Aston Villa,Wolverhampton Wanderers,1.5961,0.8781,2.4743,59.0,167.1,0.9169,0.2611,0.9377,0.511,1.4487,53.3,167.0,0.8639,0.255,0.6584000000000001,0.3671,1.0255999999999998,5.700000000000003,2024-09-21,Aston Villa,Wolverhampton Wanderers,3,1,H,1642.0,1479.5,162.5,5,18,13,4,4,1,2,2,5,1.8,1.4,2.2,0.0,5,0.2,0.8,2.6,0.0,5,1.7,1.7,1.8,0.1,10,0.4,0.8,2.5,0.0,10,1.6,2.2,2.0,0.0,5,0.4,0.8,2.4,0.0,5,1.1854566320282014,0.5978290332392303,0.8811281536028422,0.6588930014006654,0.3429124249590488,0.3361418113373737
2024-25,5,2024-25_GW5_West Ham United_vs_Chelsea,West Ham United,Chelsea,1.0307,0.5631,1.5938,57.9,112.2,0.8945,0.2781,1.2615,0.6028,1.8643,64.7,210.0,0.8746,0.294,-0.23080000000000012,-0.03969999999999996,-0.27049999999999996,-6.800000000000004,2024-09-21,West Ham United,Chelsea,0,3,A,1536.0,1632.4,-96.4,14,10,-4,4,4,1,3,1,5,0.8,1.2,1.8,0.2,5,2.0,2.0,1.2,0.2,5,0.8,1.3,2.4,0.1,10,2.3,2.4,1.1,0.3,10,0.8,1.4,2.0,0.0,5,2.6,2.8,1.4,0.2,5,0.97414926128574,0.804940519088337,1.0576703058875092,0.6122821392436779,0.3159083945683524,0.3112029488081149
2024-25,5,2024-25_GW5_Brighton and Hove Albion_vs_Nottingham Forest,Brighton and Hove Albion,Nottingham Forest,1.3945,1.0274,2.4218,56.6,212.0,0.8538,0.181,1.0259,0.5748,1.6007,55.3,124.2,0.8429,0.2698,0.36860000000000004,0.4526000000000001,0.8211000000000002,1.3000000000000043,2024-09-22,Brighton and Hove Albion,Nottingham Forest,2,2,D,1570.9,1490.8,80.1,7,9,2,4,4,2,1,1,4,1.6,1.2,0.8,0.4,5,2.2,1.2,0.6,0.4,5,1.2,0.9,1.4,0.3,10,1.5,1.3,1.3,0.2,10,1.4,0.8,1.0,0.4,5,2.4,1.4,0.8,0.4,5,1.189218931316592,0.5977068809494889,0.9677443410060574,0.6045945893460639,0.3345210466866252,0.3475917293539516
2024-25,5,2024-25_GW5_Manchester City_vs_Arsenal,Manchester City,Arsenal,2.0595,1.3282,3.3876,77.1,150.1,0.8527,0.2993,1.1409,0.7455,1.8864,74.2,153.5,0.8891,0.2451,0.9185999999999999,0.5827,1.5011999999999999,2.8999999999999915,2024-09-22,Manchester City,Arsenal,2,2,D,1860.3,1789.9,70.4,2,5,3,4,4,3,1,1,5,3.0,2.8,0.8,0.2,5,2.6,1.6,0.4,0.6,5,3.0,3.1,0.5,0.5,10,2.8,2.2,0.4,0.7,10,3.0,3.8,1.0,0.0,5,3.0,1.8,0.4,0.8,5,1.457231455785385,0.5535502021589046,1.042616641244898,0.6080097962700095,0.3185486724671523,0.3079875608719525
2024-25,6,2024-25_GW6_Newcastle United_vs_Manchester City,Newcastle United,Manchester City,0.9341,0.5912,1.5253,62.3,120.1,0.8324,0.3018,1.8759,1.4077,3.2836,77.2,149.8,0.8221,0.2543,-0.9417999999999999,-0.8165,-1.7582999999999998,-14.900000000000006,2024-09-28,Newcastle United,Manchester City,1,1,D,1627.7,1855.8,-228.1,6,1,-5,5,5,0,4,1,5,2.0,1.4,1.2,0.2,5,2.6,2.6,1.0,0.2,5,2.0,2.3,1.4,0.1,10,2.8,2.9,0.7,0.4,10,2.6,2.6,0.6,0.4,5,3.0,2.6,0.2,0.8,5,1.0081633487501562,0.6677588370208836,1.461139460906276,0.5238598550367949,0.295526663761747,0.3002081789632599
2024-25,6,2024-25_GW6_Arsenal_vs_Leicester City,Arsenal,Leicester City,1.0095,0.648,1.6575,72.7,152.3,0.885,0.2951,0.687,0.5983,1.2852,52.5,139.3,0.8503,0.2577,0.3225,0.049699999999999966,0.3723000000000001,20.200000000000003,2024-09-28,Arsenal,Leicester City,4,2,H,1794.5,1471.2,323.3,4,15,11,5,5,5,0,0,5,2.2,1.6,0.6,0.6,5,0.6,1.2,1.6,0.0,5,2.6,2.2,0.6,0.6,10,0.8,1.3,1.9,0.1,10,2.6,2.6,0.4,0.6,5,0.6,1.4,2.0,0.2,5,0.9787278641693336,0.6113536755653416,0.677589903049762,0.5560289770415866,0.2904590442137176,0.522411230383522
2024-25,6,2024-25_GW6_Brentford_vs_West Ham United,Brentford,West Ham United,1.0985,0.5414,1.6399,55.0,138.3,0.843,0.3548,0.7939,0.5817,1.3756,57.9,112.0,0.8857,0.2601,0.3046,-0.0403,0.2643,-2.8999999999999986,2024-09-28,Brentford,West Ham United,1,1,D,1519.4,1525.9,-6.5,12,14,2,5,5,4,1,0,5,1.2,1.4,1.8,0.0,5,0.8,1.0,1.8,0.2,5,1.3,1.6,1.6,0.1,10,0.8,1.3,2.5,0.1,10,2.0,1.8,1.2,0.4,5,0.8,1.2,2.8,0.2,5,0.9906651097693124,0.7838789138688113,0.9289718154765982,0.798416863019713,0.3130702800065918,0.2977708952758743
2024-25,6,2024-25_GW6_Chelsea_vs_Brighton and Hove Albion,Chelsea,Brighton and Hove Albion,1.3374,0.6906,2.028,66.0,209.6,0.8589,0.2894,1.2542,0.8715,2.1257,57.3,211.2,0.8248,0.1618,0.08319999999999994,-0.18090000000000006,-0.09770000000000012,8.700000000000003,2024-09-28,Chelsea,Brighton and Hove Albion,4,2,H,1642.5,1566.1,76.4,6,7,1,5,5,2,2,1,5,2.0,2.2,1.0,0.4,5,1.8,1.6,0.8,0.4,5,2.5,2.5,0.9,0.4,10,1.3,1.1,1.2,0.3,10,2.0,2.0,0.8,0.4,5,1.2,1.2,1.2,0.2,5,1.1344574894645372,0.5715057968898292,1.116557490251678,0.5773607054007739,0.2934272213775634,0.3149525386958599
2024-25,6,2024-25_GW6_Everton_vs_Crystal Palace,Everton,Crystal Palace,0.7862,0.8504,1.6349,54.2,119.4,0.8334,0.2424,1.2085,0.7088,1.9174,57.6,141.5,0.9298,0.2643,-0.4222999999999999,0.14160000000000006,-0.2825,-3.3999999999999986,2024-09-28,Everton,Crystal Palace,2,1,H,1490.8,1531.8,-41.0,19,15,-4,5,5,3,0,2,5,0.2,1.0,2.8,0.0,5,0.6,0.8,1.4,0.2,5,1.1,1.1,1.7,0.3,10,1.6,1.9,0.9,0.4,10,1.8,1.2,1.2,0.6,5,1.6,1.4,1.0,0.2,5,0.9030251494531628,0.7425059342738622,1.0007953127318872,0.7065770438290133,0.3142285930461413,0.3017767278709833
2024-25,6,2024-25_GW6_Nottingham Forest_vs_Fulham,Nottingham Forest,Fulham,1.0245,0.5048,1.5293,56.9,121.8,0.8587,0.2817,1.1808,1.0321,2.213,55.0,100.2,0.9057,0.261,-0.1563000000000001,-0.5273,-0.6837,1.8999999999999986,2024-09-28,Nottingham Forest,Fulham,0,1,A,1495.6,1525.0,-29.5,8,9,1,5,5,1,3,0,4,1.8,1.2,0.8,0.4,5,1.6,1.4,1.0,0.0,5,1.5,1.3,1.3,0.2,10,1.3,1.3,1.5,0.1,10,0.6,1.2,1.8,0.0,5,1.6,1.4,0.8,0.4,5,0.9924234008017148,0.5737312756887377,1.0581848447372322,0.6401192419035621,0.3270182995245013,0.3161832463003813
2024-25,6,2024-25_GW6_Wolverhampton Wanderers_vs_Liverpool,Wolverhampton Wanderers,Liverpool,0.8735,0.5016,1.375,53.8,166.8,0.8913,0.237,1.6814,1.4208,3.1022,75.7,122.1,0.9243,0.3087,-0.8079,-0.9192,-1.7271999999999998,-21.900000000000006,2024-09-28,Wolverhampton Wanderers,Liverpool,1,2,A,1475.9,1753.7,-277.9,20,4,-16,5,5,1,4,0,5,0.2,1.0,2.8,0.0,5,2.4,2.0,0.2,0.8,5,0.4,0.9,2.6,0.0,10,2.0,2.1,1.0,0.5,10,0.6,1.2,2.6,0.0,5,1.6,2.0,1.4,0.4,5,0.8215890061688458,0.6401152161667194,1.290912046995622,0.5423993142285015,0.3164486930386114,0.2914484366016662
2024-25,6,2024-25_GW6_Manchester United_vs_Tottenham,Manchester United,Tottenham,1.3936,1.1031,2.4968,61.6,169.4,0.8457,0.2414,1.5514,1.3045,2.8559,67.9,183.3,0.8742,0.2646,-0.15779999999999994,-0.20140000000000002,-0.3591000000000002,-6.300000000000004,2024-09-29,Manchester United,Tottenham,0,3,A,1626.4,1612.7,13.6,11,10,-1,5,5,2,1,2,5,1.4,1.0,1.0,0.6,5,1.4,1.8,1.0,0.2,5,1.4,1.1,1.3,0.4,10,1.3,1.6,1.4,0.2,10,1.4,1.0,1.4,0.2,5,0.8,1.4,1.8,0.2,5,1.2554566882410838,0.6325291430983458,1.2606757605114154,0.5822400584134398,0.3056136398144913,0.2849329257541998
2024-25,6,2024-25_GW6_Ipswich Town_vs_Aston Villa,Ipswich Town,Aston Villa,0.5817,0.3789,0.9606,52.6,134.4,0.8513,0.1888,1.3947,1.0362,2.4309,60.7,165.6,0.8927,0.301,-0.8130000000000001,-0.6573,-1.4703,-8.100000000000001,2024-09-29,Ipswich Town,Aston Villa,2,2,D,1494.8,1645.6,-150.8,18,5,-13,5,5,0,0,0,0,0.6,0.6,1.6,0.2,5,2.4,2.0,1.4,0.0,5,0.6,0.6,1.6,0.2,5,1.7,1.8,1.9,0.0,10,0.5,0.5,1.5,0.0,2,1.8,1.2,1.6,0.2,5,0.6341526145296845,0.6666517582090247,1.1934531209863768,0.5495860172544098,0.522411230383522,0.3226987571478477
2024-25,6,2024-25_GW6_Bournemouth_vs_Southampton,Bournemouth,Southampton,1.5341,0.865,2.3991,54.8,145.0,0.897,0.2495,0.8658,0.616,1.4817,51.1,157.4,0.7721,0.2724,0.6683,0.249,0.9173999999999998,3.6999999999999957,2024-09-30,Bournemouth,Southampton,3,1,H,1502.9,1373.9,128.9,13,19,6,5,5,2,2,1,5,1.0,1.0,1.6,0.0,5,0.2,0.4,1.8,0.0,5,1.1,1.1,1.5,0.2,10,0.2,1.1,2.5,0.0,10,1.0,1.4,1.2,0.2,5,0.0,1.2,2.8,0.0,5,1.1339002449886622,0.6884062717888926,1.0611954548800866,0.5957478904017389,0.3323754973324181,0.522411230383522
2024-25,7,2024-25_GW7_Crystal Palace_vs_Liverpool,Crystal Palace,Liverpool,1.2048,0.7629,1.9677,58.3,140.5,0.9322,0.2549,1.7861,1.3613,3.1475,75.8,120.8,0.9386,0.3173,-0.5812999999999999,-0.5983999999999999,-1.1798,-17.5,2024-10-05,Crystal Palace,Liverpool,0,1,A,1523.4,1759.0,-235.6,18,1,-17,6,6,1,2,2,5,0.6,0.8,1.4,0.2,5,2.4,2.0,0.4,0.6,5,1.3,1.8,1.1,0.3,10,2.3,2.3,0.9,0.5,10,1.6,2.2,0.8,0.6,5,2.2,2.4,1.2,0.4,5,0.963966708827526,0.6646118235922424,1.354061465044728,0.5145615840229885,0.2847257227458453,0.2751915082448963
2024-25,7,2024-25_GW7_Arsenal_vs_Southampton,Arsenal,Southampton,1.5281,0.8818,2.4099,73.0,151.9,0.8881,0.2656,0.6452,0.5508,1.1961,50.0,158.2,0.7343,0.2469,0.8829,0.33100000000000007,1.2138,23.0,2024-10-05,Arsenal,Southampton,3,1,H,1796.1,1369.7,426.4,3,19,16,6,6,2,1,2,5,2.2,2.0,1.0,0.4,5,0.2,0.6,2.2,0.0,5,2.6,2.1,0.8,0.5,10,0.2,1.1,2.5,0.0,10,2.6,2.4,0.8,0.4,5,0.0,1.2,2.8,0.0,5,1.2945963848698685,0.561320412248933,0.9498692183363178,0.5566267056379564,0.2742781839585904,0.4883970385920529
2024-25,7,2024-25_GW7_Brentford_vs_Wolverhampton Wanderers,Brentford,Wolverhampton Wanderers,0.6946,0.551,1.2456,54.4,138.4,0.8181,0.3816,0.8216,0.4843,1.3059,53.6,166.4,0.8838,0.2069,-0.127,0.06670000000000004,-0.06030000000000002,0.7999999999999972,2024-10-05,Brentford,Wolverhampton Wanderers,5,3,H,1516.8,1470.6,46.2,12,19,7,6,6,1,3,1,5,0.8,1.2,1.8,0.0,5,0.2,1.2,2.8,0.0,5,1.1,1.2,1.6,0.1,10,0.4,1.0,2.7,0.0,10,1.6,1.6,1.4,0.2,5,0.2,0.6,2.6,0.0,5,0.9028374945987258,0.728688854097123,0.7857543419765859,0.64587803024133,0.2951509853309951,0.2982696536256981
2024-25,7,2024-25_GW7_Leicester City_vs_Bournemouth,Leicester City,Bournemouth,0.6206,0.5444,1.165,52.3,139.2,0.8591,0.2158,1.4465,0.8262,2.2727,55.2,144.5,0.8965,0.2522,-0.8258999999999999,-0.28180000000000005,-1.1077,-2.9000000000000057,2024-10-05,Leicester City,Bournemouth,1,0,H,1469.6,1507.1,-37.5,17,12,-5,6,6,2,3,0,5,0.4,1.4,2.2,0.0,5,1.4,1.4,1.6,0.0,5,0.7,1.3,2.1,0.1,10,1.1,1.3,1.6,0.1,10,1.0,1.0,1.6,0.0,5,0.8,1.0,2.2,0.0,5,0.6094617780943637,0.6668742055498258,1.115645552565807,0.6360965585145345,0.4883970385920529,0.312971947015012
2024-25,7,2024-25_GW7_Manchester City_vs_Fulham,Manchester City,Fulham,1.5977,1.1749,2.7726,72.7,153.8,0.8116,0.2488,1.1678,0.9351,2.1029,55.3,99.8,0.9198,0.2676,0.42989999999999995,0.2398,0.6697000000000002,17.400000000000006,2024-10-05,Manchester City,Fulham,3,2,H,1852.2,1537.0,315.2,3,6,3,6,6,5,0,0,5,2.2,2.4,1.2,0.0,5,2.2,1.6,0.8,0.2,5,2.6,2.8,0.8,0.3,10,1.6,1.3,1.2,0.2,10,2.6,3.2,1.2,0.0,5,1.6,1.2,0.8,0.4,5,1.3534775431113504,0.5342529067040033,1.049905632792632,0.6031689369253922,0.2832777696090189,0.2980246154025429
2024-25,7,2024-25_GW7_West Ham United_vs_Ipswich Town,West Ham United,Ipswich Town,0.8351,0.62,1.4551,57.6,111.8,0.8798,0.24,0.6176,0.4062,1.0238,52.7,134.1,0.8446,0.1812,0.21749999999999992,0.2138,0.4313,4.899999999999999,2024-10-05,West Ham United,Ipswich Town,4,1,H,1528.6,1496.3,32.3,15,16,1,6,6,0,0,0,0,1.0,1.0,1.6,0.2,5,0.8,1.0,1.6,0.2,5,0.9,1.2,2.1,0.1,10,0.6666666666666666,0.8333333333333334,1.6666666666666667,0.1666666666666666,6,0.8,1.4,2.2,0.0,5,0.6666666666666666,0.6666666666666666,1.6666666666666667,0.3333333333333333,3,0.9105018478283904,0.7252299183028479,0.6865884269291012,0.5938264876937208,0.2810278731964118,0.4883970385920529
2024-25,7,2024-25_GW7_Everton_vs_Newcastle United,Everton,Newcastle United,0.7918,0.8193,1.6097,54.0,119.1,0.8109,0.2557,0.9877,0.6177,1.6054,63.8,118.0,0.7953,0.3031,-0.19590000000000007,0.2016,0.0042999999999999705,-9.799999999999997,2024-10-05,Everton,Newcastle United,0,0,D,1499.1,1631.2,-132.1,16,7,-9,6,6,2,2,1,5,0.8,1.4,2.4,0.0,5,1.6,1.4,1.4,0.0,5,1.1,1.1,1.8,0.2,10,1.8,1.9,1.4,0.1,10,1.8,1.2,1.4,0.4,5,1.4,2.0,2.0,0.0,5,0.87967515038489,0.6951594249568845,1.0321051313080096,0.6277413786987149,0.2962202430320362,0.2789561864006448
2024-25,7,2024-25_GW7_Aston Villa_vs_Manchester United,Aston Villa,Manchester United,1.2688,1.0264,2.2952,60.7,165.6,0.8945,0.2994,1.4391,0.9676,2.4066,62.8,167.7,0.8546,0.2176,-0.17030000000000012,0.05879999999999996,-0.11140000000000017,-2.0999999999999943,2024-10-06,Aston Villa,Manchester United,0,0,D,1644.1,1613.2,30.9,5,14,9,6,6,1,3,1,5,2.0,2.0,1.6,0.0,5,0.8,0.8,1.6,0.4,5,1.5,1.7,2.0,0.0,10,1.3,1.0,1.5,0.4,10,1.6,2.2,2.0,0.0,5,1.4,1.2,1.2,0.6,5,1.1161565081508589,0.5321405224776764,1.1784364422483569,0.7164335907033682,0.3040391899708985,0.2882676388805436
2024-25,7,2024-25_GW7_Chelsea_vs_Nottingham Forest,Chelsea,Nottingham Forest,1.8177,0.8969,2.7146,64.8,210.5,0.9013,0.3406,0.8612,0.4884,1.3495,56.9,121.6,0.8306,0.2334,0.9565000000000001,0.40850000000000003,1.3651,7.899999999999999,2024-10-06,Chelsea,Nottingham Forest,1,1,D,1647.8,1483.6,164.3,5,11,6,6,6,1,1,2,4,2.6,3.0,1.0,0.4,5,1.6,1.0,0.8,0.4,5,2.5,2.7,1.1,0.3,10,1.5,1.3,1.2,0.2,10,2.0,2.4,1.2,0.2,5,2.6,1.8,0.8,0.4,5,1.363471351426338,0.5472940352405713,0.9411609024038106,0.5661870982094601,0.277018156817508,0.3080266301476973
2024-25,7,2024-25_GW7_Brighton and Hove Albion_vs_Tottenham,Brighton and Hove Albion,Tottenham,1.2125,0.7661,1.9786,56.6,211.8,0.7871,0.1613,1.8385,1.2732,3.1117,67.9,182.8,0.8816,0.2401,-0.6260000000000001,-0.5071000000000001,-1.1331,-11.300000000000004,2024-10-06,Brighton and Hove Albion,Tottenham,3,2,H,1560.8,1625.9,-65.1,11,8,-3,6,6,2,3,0,5,1.2,1.4,1.6,0.2,5,1.8,2.2,0.8,0.4,5,1.3,1.3,1.3,0.3,10,1.6,1.9,1.2,0.3,10,1.0,1.0,1.4,0.2,5,1.4,2.0,1.4,0.4,5,1.0745661161213038,0.6208027125633366,1.5138251312023518,0.5549238771349279,0.2968885290951868,0.2691769336765406
2024-25,8,2024-25_GW8_Southampton_vs_Leicester City,Southampton,Leicester City,0.5944,0.5273,1.1217,50.8,157.1,0.7527,0.2125,0.6578,0.5207,1.1785,52.2,138.8,0.8703,0.2111,-0.06340000000000001,0.006599999999999939,-0.056800000000000184,-1.4000000000000057,2024-10-19,Southampton,Leicester City,2,3,A,1368.8,1477.8,-109.0,19,15,-4,7,7,2,1,2,5,0.2,0.8,2.6,0.0,5,1.0,1.4,1.8,0.2,5,0.2,0.9,2.4,0.0,10,1.0,1.1,1.6,0.2,10,0.4,1.0,2.2,0.0,5,0.4,1.6,2.6,0.2,5,0.8748097052542733,0.5781764639565439,0.6142355087600508,0.6520429575890169,0.4569979821402178,0.4569979821402178
2024-25,8,2024-25_GW8_Bournemouth_vs_Arsenal,Bournemouth,Arsenal,1.379,0.8127,2.1917,55.1,144.5,0.917,0.2917,1.4759,0.8929,2.3688,72.6,151.4,0.8423,0.2592,-0.09689999999999999,-0.08020000000000005,-0.1770999999999998,-17.499999999999993,2024-10-19,Bournemouth,Arsenal,2,0,H,1498.9,1797.0,-298.2,14,3,-11,7,7,0,4,1,5,1.2,1.2,1.6,0.0,5,2.2,2.2,1.2,0.2,5,0.8,1.0,1.7,0.0,10,2.6,2.1,0.7,0.5,10,1.4,1.6,1.0,0.2,5,2.6,1.8,0.8,0.6,5,1.16693286947331,0.6039442943585002,1.3808292409107386,0.5309093611327345,0.2950602125390787,0.2593413673584847
2024-25,8,2024-25_GW8_Newcastle United_vs_Brighton and Hove Albion,Newcastle United,Brighton and Hove Albion,0.9929,0.6364,1.6293,60.6,120.9,0.7911,0.2861,1.2651,0.7129,1.978,55.7,211.2,0.7878,0.1696,-0.2721999999999999,-0.07650000000000001,-0.3487,4.899999999999999,2024-10-19,Newcastle United,Brighton and Hove Albion,0,1,A,1630.3,1569.8,60.5,7,6,-1,7,7,2,1,2,5,1.6,1.2,1.2,0.2,5,1.2,1.6,1.8,0.2,5,1.6,1.5,1.3,0.2,10,1.3,1.5,1.5,0.2,10,2.2,2.0,0.8,0.2,5,1.0,1.4,1.8,0.2,5,1.0882089245188995,0.5904802239797661,1.1061096083081348,0.5924695975799974,0.2636597078811817,0.2802133465515204
2024-25,8,2024-25_GW8_Manchester United_vs_Brentford,Manchester United,Brentford,1.1527,0.8566,2.0092,63.1,167.1,0.8097,0.197,1.0318,0.7078,1.7396,54.5,137.7,0.8643,0.314,0.12090000000000001,0.14880000000000004,0.26959999999999984,8.600000000000001,2024-10-19,Manchester United,Brentford,2,1,H,1616.8,1522.8,94.0,15,12,-3,7,7,3,1,1,5,1.0,0.6,1.2,0.6,5,1.4,2.2,2.0,0.0,5,1.4,1.0,1.1,0.5,10,1.4,1.7,1.8,0.1,10,1.2,0.8,1.8,0.2,5,0.6,0.8,1.8,0.0,5,1.0844589732681893,0.6576649950292834,1.1667186976045514,0.6854818614183089,0.2722552618739787,0.2786093915002329
2024-25,8,2024-25_GW8_Ipswich Town_vs_Everton,Ipswich Town,Everton,0.5917,0.453,1.0447,52.5,134.0,0.838,0.1738,0.7495,0.7307,1.4789,54.9,118.0,0.8328,0.2479,-0.15780000000000005,-0.2777,-0.43420000000000014,-2.3999999999999986,2024-10-19,Ipswich Town,Everton,0,2,A,1489.9,1500.0,-10.1,17,16,-1,7,7,0,0,0,0,0.8,1.0,1.6,0.2,5,1.0,1.4,1.6,0.2,5,0.5714285714285714,0.8571428571428571,2.0,0.1428571428571428,7,0.9,1.0,1.8,0.2,10,0.6666666666666666,1.0,1.6666666666666667,0.0,3,0.4,1.0,2.2,0.0,5,0.6597802841349613,0.657418471318661,0.8454929995600896,0.6951055635508884,0.4569979821402178,0.2795964407625637
2024-25,8,2024-25_GW8_Fulham_vs_Aston Villa,Fulham,Aston Villa,1.3047,1.0344,2.3391,55.3,99.5,0.9164,0.3021,1.0411,0.8763,1.9173,60.0,166.3,0.8393,0.2845,0.26360000000000006,0.15810000000000002,0.4218000000000002,-4.700000000000003,2024-10-19,Fulham,Aston Villa,1,3,A,1535.3,1640.5,-105.2,8,6,-2,7,7,1,4,0,5,1.6,1.6,1.2,0.2,5,2.2,2.0,1.2,0.2,5,1.5,1.4,1.4,0.2,10,1.5,1.5,1.8,0.1,10,1.6,1.4,1.6,0.0,5,1.4,1.2,2.0,0.0,5,1.1491396381897816,0.6019081137692186,1.019991932289458,0.5019894909650809,0.2812620863927468,0.2868142384933573
2024-25,8,2024-25_GW8_Tottenham_vs_West Ham United,Tottenham,West Ham United,1.7266,1.1322,2.8588,64.2,186.3,0.8672,0.2172,1.2481,0.7554,2.0035,57.3,111.6,0.8838,0.2258,0.4784999999999999,0.37680000000000013,0.8553000000000002,6.900000000000006,2024-10-19,Tottenham,West Ham United,4,1,H,1616.9,1534.9,82.0,11,15,4,7,7,2,1,2,5,1.2,1.8,1.4,0.2,5,1.0,1.4,1.8,0.0,5,1.6,1.9,1.1,0.3,10,1.1,1.4,2.0,0.1,10,1.8,1.8,1.0,0.2,5,1.0,1.0,2.0,0.2,5,1.4360130951241157,0.5591989437207351,1.1352159348888022,0.6764635749844623,0.254632319836115,0.2655721158269475
2024-25,8,2024-25_GW8_Wolverhampton Wanderers_vs_Manchester City,Wolverhampton Wanderers,Manchester City,0.8061,0.5031,1.3093,53.9,164.9,0.8725,0.2181,1.562,1.0934,2.6543,73.9,152.3,0.8281,0.232,-0.7559,-0.5902999999999999,-1.3450000000000002,-20.000000000000007,2024-10-20,Wolverhampton Wanderers,Manchester City,1,2,A,1464.6,1853.9,-389.3,19,2,-17,7,7,1,4,0,5,0.2,1.4,2.6,0.0,5,2.2,2.2,1.4,0.0,5,0.1,1.1,3.1,0.0,10,2.6,2.6,0.9,0.3,10,0.6,1.4,2.8,0.0,5,2.6,2.4,0.4,0.6,5,0.792469929168079,0.6918571640216122,1.3269625913030838,0.5766885283030296,0.2814882851820309,0.2676490319831018
2024-25,8,2024-25_GW8_Liverpool_vs_Chelsea,Liverpool,Chelsea,1.5676,1.2438,2.8114,75.8,120.5,0.8957,0.2904,1.7564,0.9249,2.6812,64.9,209.9,0.9222,0.3062,-0.18879999999999986,0.31889999999999996,0.13019999999999987,10.899999999999991,2024-10-20,Liverpool,Chelsea,2,1,H,1765.3,1641.4,123.9,2,6,4,7,7,1,0,4,5,2.4,1.8,0.4,0.6,5,2.2,2.0,0.8,0.4,5,2.5,2.2,0.7,0.6,10,2.3,2.3,1.2,0.2,10,2.4,2.2,0.6,0.6,5,3.0,3.0,1.0,0.4,5,1.3097951099294705,0.4927602540348578,1.383335987760085,0.5244864105779729,0.2601844719367255,0.2618706810932072
2024-25,8,2024-25_GW8_Nottingham Forest_vs_Crystal Palace,Nottingham Forest,Crystal Palace,0.8262,0.4846,1.3108,56.4,121.5,0.8537,0.2228,1.04,0.7666,1.8067,58.2,140.2,0.9192,0.2424,-0.2138,-0.282,-0.4959,-1.8000000000000043,2024-10-21,Nottingham Forest,Crystal Palace,1,0,H,1490.0,1517.2,-27.2,12,18,6,7,7,1,0,3,4,1.2,1.0,1.0,0.2,5,0.6,0.8,1.2,0.2,5,1.6,1.4,1.1,0.2,10,1.2,1.7,1.1,0.3,10,0.4,0.8,1.6,0.0,5,1.0,1.4,1.4,0.0,5,0.9074607486379,0.5809943474059815,0.9102524757704588,0.6448548345537747,0.290495109700799,0.2689856611925081
2024-25,9,2024-25_GW9_Leicester City_vs_Nottingham Forest,Leicester City,Nottingham Forest,0.896,0.5782,1.4741,52.2,138.5,0.869,0.2342,0.9046,0.5524,1.457,56.5,121.2,0.8428,0.2359,-0.008599999999999941,0.025800000000000045,0.017099999999999893,-4.299999999999997,2024-10-25,Leicester City,Nottingham Forest,1,3,A,1487.6,1497.9,-10.4,14,8,-6,8,8,1,1,0,2,1.6,1.8,1.8,0.2,5,1.6,1.0,0.8,0.4,5,1.3,1.4,1.5,0.2,10,1.6,1.2,1.0,0.3,10,1.6,1.2,1.0,0.2,5,2.2,1.4,0.8,0.4,5,0.8856526528707813,0.6400850367390892,0.9460970314479388,0.5632342644261876,0.428012999868412,0.2743114765992557
2024-25,9,2024-25_GW9_Aston Villa_vs_Bournemouth,Aston Villa,Bournemouth,1.1349,0.9083,2.0432,59.7,166.2,0.8525,0.271,1.397,0.7629,2.16,55.1,144.4,0.8953,0.257,-0.2621,0.14539999999999997,-0.11680000000000001,4.600000000000001,2024-10-26,Aston Villa,Bournemouth,1,1,D,1650.4,1514.0,136.4,4,11,7,8,8,2,2,1,5,2.2,2.2,1.2,0.2,5,1.2,1.0,1.2,0.2,5,1.8,1.8,1.8,0.1,10,1.1,1.2,1.4,0.1,10,1.6,1.8,1.6,0.2,5,0.8,1.0,1.8,0.0,5,1.048303869890249,0.5059537140260004,1.1841480260124158,0.5704612812039763,0.2709136042187223,0.2785255976522077
2024-25,9,2024-25_GW9_Brentford_vs_Ipswich Town,Brentford,Ipswich Town,1.0568,0.7156,1.7724,54.5,137.7,0.8895,0.2934,0.5944,0.493,1.0874,52.2,134.3,0.8177,0.1583,0.4623999999999999,0.22260000000000002,0.685,2.299999999999997,2024-10-26,Brentford,Ipswich Town,4,3,H,1517.9,1477.4,40.5,13,17,4,8,8,0,0,0,0,0.8,1.8,2.2,0.0,5,0.6,0.8,1.8,0.2,5,1.3,1.8,2.0,0.0,10,0.5,0.75,2.0,0.125,8,2.0,2.6,2.0,0.0,5,0.5,0.75,2.25,0.25,4,1.1011602555658293,0.6605780215761486,0.7068615777694562,0.6313807483222594,0.2633395758397679,0.428012999868412
2024-25,9,2024-25_GW9_Brighton and Hove Albion_vs_Wolverhampton Wanderers,Brighton and Hove Albion,Wolverhampton Wanderers,1.1933,0.6589,1.8522,55.8,211.0,0.7928,0.1659,0.8325,0.4792,1.3117,53.9,164.3,0.8589,0.2245,0.3608,0.17970000000000003,0.5405,1.8999999999999986,2024-10-26,Brighton and Hove Albion,Wolverhampton Wanderers,2,2,D,1584.1,1461.4,122.7,6,20,14,8,8,4,0,1,5,1.6,1.6,1.6,0.4,5,0.0,1.4,2.8,0.0,5,1.5,1.5,1.4,0.3,10,0.1,1.1,2.8,0.0,10,1.6,1.4,1.4,0.2,5,0.2,1.0,2.6,0.0,5,1.0758519813344425,0.5817356826096859,0.791785451894353,0.667887633107885,0.2648202129664808,0.2659971296569449
2024-25,9,2024-25_GW9_Manchester City_vs_Southampton,Manchester City,Southampton,1.5469,1.1606,2.7052,74.0,152.1,0.8316,0.2071,0.7207,0.6156,1.3363,50.0,157.5,0.775,0.2191,0.8261999999999999,0.545,1.3689,24.0,2024-10-26,Manchester City,Southampton,1,0,H,1857.1,1359.1,498.0,2,20,18,8,8,3,0,2,5,2.2,2.0,1.4,0.0,5,0.2,1.0,2.6,0.0,5,2.6,2.4,1.0,0.2,10,0.2,1.1,2.5,0.0,10,2.6,2.8,1.4,0.0,5,0.0,0.8,2.6,0.0,5,1.3084776624518102,0.557549614740291,0.9838136760468056,0.6048766132995157,0.2532218888072299,0.428012999868412
2024-25,9,2024-25_GW9_Everton_vs_Fulham,Everton,Fulham,0.8534,0.7046,1.5569,55.1,118.0,0.8419,0.2351,1.388,1.0342,2.4222,55.1,99.4,0.9142,0.2805,-0.5345999999999999,-0.3296,-0.8653000000000002,0.0,2024-10-26,Everton,Fulham,1,1,D,1512.5,1525.5,-13.0,16,12,-4,8,8,0,3,2,5,1.6,1.4,1.0,0.4,5,1.4,1.6,1.6,0.2,5,1.1,1.1,1.7,0.3,10,1.4,1.5,1.7,0.1,10,1.4,1.0,1.4,0.4,5,1.4,1.6,1.4,0.2,5,0.9032830430015156,0.6680611211598687,1.1600566989444192,0.6048785457883029,0.2642507371485144,0.2657883218570239
2024-25,9,2024-25_GW9_Arsenal_vs_Liverpool,Arsenal,Liverpool,1.2917,0.704,1.9957,73.6,149.8,0.8185,0.2573,1.5338,1.0904,2.6241,75.5,120.2,0.8621,0.2866,-0.24209999999999998,-0.3864000000000001,-0.6283999999999998,-1.9000000000000057,2024-10-27,Arsenal,Liverpool,2,2,D,1781.9,1769.6,12.2,4,2,-2,8,8,2,1,2,5,2.0,2.0,1.4,0.2,5,2.4,1.6,0.6,0.4,5,2.3,1.8,0.9,0.4,10,2.5,2.0,0.6,0.6,10,2.6,2.4,1.0,0.2,5,2.6,2.2,0.8,0.6,5,1.2743454065627844,0.5355356068194674,1.3157698889571643,0.4855870330467892,0.2455529477919478,0.2463312314098354
2024-25,9,2024-25_GW9_West Ham United_vs_Manchester United,West Ham United,Manchester United,1.2447,0.7781,2.0228,57.2,111.7,0.89,0.2267,1.1124,0.82,1.9324,62.9,167.1,0.7951,0.1873,0.13229999999999986,-0.04189999999999994,0.09040000000000026,-5.699999999999996,2024-10-27,West Ham United,Manchester United,2,1,H,1529.7,1621.7,-92.0,16,13,-3,8,8,2,3,0,5,1.0,1.4,2.0,0.0,5,1.6,1.0,0.8,0.6,5,1.1,1.5,1.9,0.1,10,1.7,1.2,1.1,0.5,10,1.2,1.8,2.0,0.0,5,1.6,1.2,0.4,0.8,5,1.0699782559186464,0.6806509600266744,1.073761359835646,0.6225162155973102,0.2513046535534094,0.2574739749147131
2024-25,9,2024-25_GW9_Chelsea_vs_Newcastle United,Chelsea,Newcastle United,1.6141,0.8716,2.4857,65.1,209.7,0.8856,0.3047,1.1512,0.7063,1.8575,63.2,118.1,0.816,0.2848,0.4629000000000001,0.1653,0.6282000000000001,1.8999999999999915,2024-10-27,Chelsea,Newcastle United,2,1,H,1637.1,1616.0,21.1,7,12,5,8,8,2,2,1,5,2.0,2.0,1.0,0.4,5,1.0,0.8,1.2,0.2,5,2.0,2.1,1.2,0.2,10,1.5,1.4,1.3,0.2,10,1.6,1.6,1.4,0.0,5,1.6,1.6,1.4,0.2,5,1.2993156922698594,0.5296361843369428,1.128659387275866,0.5750652956309026,0.2478877986456105,0.2495392785177133
2024-25,9,2024-25_GW9_Crystal Palace_vs_Tottenham,Crystal Palace,Tottenham,1.0082,0.7002,1.7084,55.8,141.2,0.8926,0.2367,1.8152,1.2809,3.096,67.9,182.6,0.8885,0.2082,-0.8069999999999999,-0.5806999999999999,-1.3876000000000002,-12.100000000000009,2024-10-27,Crystal Palace,Tottenham,1,0,H,1509.2,1622.1,-112.9,18,8,-10,8,8,0,5,0,5,0.4,0.6,1.2,0.2,5,1.8,2.4,1.2,0.2,5,0.9,1.3,1.2,0.2,10,1.6,2.1,1.1,0.3,10,1.0,1.4,1.0,0.4,5,1.4,2.0,1.2,0.4,5,0.9042167593972552,0.6354777333760513,1.4186734398989882,0.5352930081143837,0.2544557530794907,0.2412059490481369
2024-25,10,2024-25_GW10_Newcastle United_vs_Arsenal,Newcastle United,Arsenal,1.1544,0.6806,1.8351,63.0,118.1,0.8165,0.2953,1.2763,0.7733,2.0496,73.2,150.1,0.8293,0.2408,-0.1218999999999999,-0.0927,-0.2144999999999999,-10.200000000000003,2024-11-02,Newcastle United,Arsenal,1,0,H,1609.3,1778.7,-169.4,12,3,-9,9,9,2,2,1,5,0.4,0.6,1.4,0.2,5,1.6,2.2,1.8,0.0,5,1.5,1.3,1.2,0.2,10,2.1,1.9,1.1,0.3,10,1.6,1.0,0.8,0.2,5,2.0,1.2,0.8,0.6,5,1.1552381897890385,0.5746614591462639,1.216875738503289,0.5173565069832534,0.2365044793542977,0.2328246322992403
2024-25,10,2024-25_GW10_Bournemouth_vs_Manchester City,Bournemouth,Manchester City,1.1831,0.7029,1.886,54.8,144.2,0.8619,0.2441,1.622,1.1736,2.7938,74.2,152.1,0.8276,0.213,-0.43890000000000007,-0.4707,-0.9078000000000002,-19.400000000000006,2024-11-02,Bournemouth,Manchester City,2,1,H,1519.9,1857.7,-337.8,12,1,-11,9,9,0,5,0,5,1.4,1.2,1.2,0.2,5,2.2,1.8,1.2,0.2,5,1.2,1.2,1.3,0.1,10,2.6,2.3,1.0,0.2,10,1.4,1.4,1.0,0.2,5,2.6,2.0,0.6,0.4,5,1.0759546042909036,0.5777182829581936,1.3937571135239946,0.5186612728878705,0.2632622243689293,0.2399039571099221
2024-25,10,2024-25_GW10_Ipswich Town_vs_Leicester City,Ipswich Town,Leicester City,0.5584,0.4269,0.9853,54.9,131.5,0.7306,0.204,0.8959,0.6107,1.5066,52.2,138.5,0.8584,0.2258,-0.3375,-0.18380000000000002,-0.5213,2.6999999999999957,2024-11-02,Ipswich Town,Leicester City,1,1,D,1471.2,1475.0,-3.8,18,15,-3,9,9,0,0,0,0,0.4,1.4,2.6,0.0,5,1.4,1.6,2.0,0.2,5,0.4444444444444444,1.0,2.2222222222222223,0.1111111111111111,9,1.2,1.5,1.8,0.1,10,0.5,0.75,1.75,0.0,4,1.0,1.6,2.0,0.2,5,0.7484498658317085,0.6900574747223717,0.8412089749807619,0.6181265082866534,0.4012564889335813,0.4012564889335813
2024-25,10,2024-25_GW10_Liverpool_vs_Brighton and Hove Albion,Liverpool,Brighton and Hove Albion,1.4079,1.0474,2.4553,75.3,120.1,0.8302,0.2896,1.1844,0.6326,1.817,55.5,211.1,0.7853,0.1696,0.22350000000000003,0.41480000000000006,0.6382999999999999,19.799999999999997,2024-11-02,Liverpool,Brighton and Hove Albion,2,1,H,1772.8,1578.5,194.3,2,6,4,9,9,2,1,2,5,2.6,2.0,0.8,0.4,5,1.6,2.0,2.0,0.2,5,2.5,1.9,0.5,0.6,10,1.6,1.6,1.4,0.3,10,2.4,1.8,0.4,0.6,5,1.6,1.6,1.2,0.4,5,1.2396715160854863,0.4800340568192431,1.0631551574327718,0.5631265431586492,0.2335430786290372,0.2506105597320177
2024-25,10,2024-25_GW10_Nottingham Forest_vs_West Ham United,Nottingham Forest,West Ham United,0.9326,0.4805,1.4132,54.0,123.7,0.8505,0.2347,1.2716,0.7892,2.0608,57.1,111.6,0.8582,0.2048,-0.3390000000000001,-0.30870000000000003,-0.6476,-3.1000000000000014,2024-11-02,Nottingham Forest,West Ham United,3,0,H,1510.4,1539.5,-29.1,6,13,7,9,9,2,2,0,4,1.6,1.4,1.0,0.2,5,1.4,1.6,2.0,0.0,5,1.9,1.3,0.8,0.3,10,1.1,1.4,1.9,0.1,10,1.0,1.0,1.2,0.2,5,1.0,1.2,1.8,0.2,5,0.988756669459094,0.5384332763232194,1.1865802571216224,0.6873684111103244,0.2593721003392972,0.2381341259072517
2024-25,10,2024-25_GW10_Southampton_vs_Everton,Southampton,Everton,0.7017,0.5557,1.2574,50.0,157.2,0.7838,0.2,0.8241,0.7625,1.5856,55.2,118.1,0.8675,0.2194,-0.12240000000000006,-0.20679999999999998,-0.3281999999999998,-5.200000000000003,2024-11-02,Southampton,Everton,1,0,H,1358.4,1510.1,-151.6,20,16,-4,9,9,2,3,0,5,0.2,1.0,2.2,0.0,5,1.8,1.2,0.6,0.4,5,0.2,1.0,2.3,0.0,10,0.9,1.1,1.8,0.2,10,0.4,1.4,2.4,0.0,5,0.8,1.2,2.0,0.2,5,0.8664091602559053,0.6199482256041322,0.8737319207032425,0.648994351208533,0.4012564889335813,0.250084867295581
2024-25,10,2024-25_GW10_Wolverhampton Wanderers_vs_Crystal Palace,Wolverhampton Wanderers,Crystal Palace,0.8557,0.4699,1.3255,53.9,164.2,0.8171,0.2032,0.9719,0.694,1.6659,57.8,138.9,0.8842,0.2307,-0.11619999999999997,-0.22409999999999997,-0.34040000000000004,-3.8999999999999986,2024-11-02,Wolverhampton Wanderers,Crystal Palace,2,2,D,1467.0,1519.6,-52.5,20,17,-3,9,9,1,4,0,5,0.2,1.6,2.8,0.0,5,0.8,0.4,0.8,0.4,5,0.2,1.2,2.7,0.0,10,0.9,1.1,1.1,0.3,10,0.0,1.2,3.0,0.0,5,0.8,1.2,1.4,0.0,5,0.8240783308805878,0.6398198449196756,0.8807499354765853,0.6013365124347874,0.2516969907673204,0.2410429573888685
2024-25,10,2024-25_GW10_Tottenham_vs_Aston Villa,Tottenham,Aston Villa,1.6824,1.185,2.8675,68.3,182.4,0.8735,0.1988,1.1503,0.9736,2.1239,59.8,166.2,0.8611,0.2567,0.5320999999999998,0.21140000000000003,0.7436000000000003,8.5,2024-11-03,Tottenham,Aston Villa,4,1,H,1611.7,1644.5,-32.7,10,5,-5,9,9,2,3,0,5,1.8,2.4,1.2,0.2,5,1.8,1.8,1.0,0.2,5,1.6,2.1,1.0,0.3,10,1.8,1.6,1.6,0.1,10,1.8,2.2,1.0,0.2,5,2.0,1.8,2.0,0.0,5,1.3106689707755887,0.5197160684948379,1.0801737080001943,0.4775720674457493,0.2288118467011063,0.2562354688018912
2024-25,10,2024-25_GW10_Manchester United_vs_Chelsea,Manchester United,Chelsea,1.1839,0.8503,2.0342,62.6,166.6,0.7983,0.1844,1.5574,0.8,2.3574,65.2,209.3,0.8505,0.301,-0.37349999999999994,0.0502999999999999,-0.3232000000000004,-2.6000000000000014,2024-11-03,Manchester United,Chelsea,1,1,D,1612.0,1643.8,-31.8,13,6,-7,9,9,2,1,2,5,1.0,0.6,1.2,0.4,5,2.0,2.2,1.2,0.2,5,1.4,1.0,1.1,0.5,10,2.0,2.1,1.2,0.2,10,1.8,1.2,1.8,0.2,5,2.4,2.6,1.0,0.4,5,1.1229151056652702,0.6517224364244607,1.2830605860166315,0.5315645772583824,0.2438291273019834,0.2349799712886311
2024-25,10,2024-25_GW10_Fulham_vs_Brentford,Fulham,Brentford,1.3835,0.9986,2.3821,55.6,98.8,0.8855,0.2761,1.2969,0.8324,2.1294,54.6,137.5,0.8761,0.3074,0.08660000000000001,0.16620000000000001,0.2526999999999999,1.0,2024-11-04,Fulham,Brentford,2,1,H,1528.0,1524.0,3.9,12,11,-1,9,9,1,2,1,4,1.4,1.6,1.6,0.2,5,1.4,2.4,2.4,0.0,5,1.5,1.6,1.4,0.1,10,1.3,2.0,2.2,0.0,10,1.4,1.4,2.0,0.0,5,0.6,1.0,2.0,0.0,5,1.1299271455815645,0.5798282085572517,1.3019914575738305,0.6375035091952362,0.2515042368739603,0.2492437593972821
2024-25,11,2024-25_GW11_Brighton and Hove Albion_vs_Manchester City,Brighton and Hove Albion,Manchester City,1.1525,0.6476,1.8001,55.9,209.3,0.7779,0.1708,1.5473,1.1648,2.7104,77.3,149.1,0.799,0.2081,-0.3947999999999998,-0.5172000000000001,-0.9102999999999999,-21.4,2024-11-09,Brighton and Hove Albion,Manchester City,2,1,H,1575.4,1841.8,-266.4,8,2,-6,10,10,0,4,1,5,1.4,1.8,2.0,0.2,5,2.0,1.6,1.2,0.2,5,1.6,1.7,1.4,0.3,10,2.3,2.1,1.1,0.2,10,1.8,1.8,1.4,0.2,5,2.0,1.8,1.0,0.2,5,1.0305869350915966,0.5527362353723203,1.3599995104475944,0.5395754116644316,0.2374933965547991,0.2276099566600766
2024-25,11,2024-25_GW11_Liverpool_vs_Aston Villa,Liverpool,Aston Villa,1.1538,0.9584,2.1122,74.1,120.0,0.7936,0.2776,1.1945,0.9204,2.1149,58.7,167.1,0.881,0.2426,-0.04069999999999996,0.038000000000000034,-0.0026999999999999247,15.399999999999991,2024-11-09,Liverpool,Aston Villa,2,0,H,1775.9,1636.4,139.5,1,7,6,10,10,3,0,2,5,2.6,1.8,1.0,0.2,5,1.2,1.4,1.6,0.2,5,2.5,1.9,0.6,0.5,10,1.8,1.7,1.5,0.1,10,2.4,1.8,0.6,0.4,5,2.0,2.0,1.8,0.0,5,1.2352663381176707,0.4748987471541373,1.1081242978032233,0.5026796480991914,0.2217381257569928,0.2426858420641377
2024-25,11,2024-25_GW11_West Ham United_vs_Everton,West Ham United,Everton,0.9249,0.6745,1.5994,55.8,112.6,0.7941,0.2069,0.822,0.7611,1.5823,55.4,118.0,0.8573,0.209,0.1029000000000001,-0.08660000000000001,0.017099999999999893,0.3999999999999986,2024-11-09,West Ham United,Everton,0,0,D,1531.5,1498.6,32.9,14,16,2,10,10,3,2,0,5,1.4,1.6,2.0,0.0,5,1.6,1.0,0.6,0.4,5,1.1,1.3,1.9,0.1,10,0.9,1.0,1.7,0.2,10,1.2,1.6,2.0,0.0,5,0.8,1.0,1.8,0.2,5,1.0700529639831893,0.6953768345563295,0.9052240011059514,0.6204771158401621,0.2259761965465465,0.2370081212735525
2024-25,11,2024-25_GW11_Crystal Palace_vs_Fulham,Crystal Palace,Fulham,1.0669,0.6518,1.7187,57.3,139.0,0.867,0.2262,1.2979,1.0155,2.3134,55.4,99.0,0.8862,0.2465,-0.2310000000000001,-0.3637,-0.5947000000000002,1.8999999999999986,2024-11-09,Crystal Palace,Fulham,0,2,A,1521.0,1535.0,-14.1,17,9,-8,10,10,0,1,4,5,0.8,0.8,1.2,0.2,5,1.4,1.4,1.6,0.2,5,0.7,0.8,1.3,0.2,10,1.5,1.4,1.3,0.1,10,1.0,0.6,1.0,0.4,5,1.0,1.0,1.2,0.2,5,0.983801323942296,0.5946404689821815,1.1143016648888635,0.5526765329192436,0.228661386436111,0.2383183645329183
2024-25,11,2024-25_GW11_Wolverhampton Wanderers_vs_Southampton,Wolverhampton Wanderers,Southampton,0.8704,0.4637,1.3341,53.4,164.8,0.8135,0.2255,0.6998,0.5361,1.2359,49.1,157.8,0.7873,0.1835,0.17059999999999997,-0.07240000000000002,0.09820000000000007,4.299999999999997,2024-11-09,Wolverhampton Wanderers,Southampton,2,0,H,1465.7,1369.9,95.8,20,19,-1,10,10,5,0,0,5,0.4,1.8,2.6,0.0,5,0.6,1.0,2.0,0.2,5,0.3,1.4,2.7,0.0,10,0.4,0.7,1.9,0.1,10,0.2,1.4,2.8,0.0,5,0.0,0.6,2.2,0.0,5,0.860693536726337,0.6434522637779585,0.8248699133079059,0.5899203681453742,0.2384962988027087,0.3765571163173662
2024-25,11,2024-25_GW11_Brentford_vs_Bournemouth,Brentford,Bournemouth,1.2246,0.7803,2.005,56.2,136.1,0.8554,0.2801,1.2431,0.7259,1.9691,54.8,144.1,0.8643,0.2363,-0.018500000000000183,0.054400000000000004,0.03589999999999982,1.4000000000000057,2024-11-09,Brentford,Bournemouth,3,2,H,1516.9,1535.9,-18.9,12,10,-2,10,10,2,0,2,4,1.4,2.4,2.2,0.0,5,2.0,1.6,0.8,0.2,5,1.3,1.9,2.0,0.0,10,1.5,1.3,1.2,0.1,10,2.6,3.0,1.8,0.0,5,1.0,1.0,1.6,0.0,5,1.205488296969778,0.621610776973723,1.128258045953318,0.5747084938979031,0.2362316808235579,0.2491723549901339
2024-25,11,2024-25_GW11_Manchester United_vs_Leicester City,Manchester United,Leicester City,1.2719,0.7908,2.0627,62.5,166.5,0.8172,0.1957,0.8976,0.6743,1.5719,52.8,137.9,0.8339,0.2026,0.3743000000000001,0.11649999999999994,0.4907999999999999,9.700000000000003,2024-11-10,Manchester United,Leicester City,3,0,H,1610.0,1477.7,132.3,13,15,2,10,10,2,2,1,5,1.0,0.8,1.4,0.2,5,1.4,1.6,2.0,0.2,5,1.2,0.9,1.2,0.4,10,1.0,1.4,1.8,0.1,10,1.4,0.8,1.6,0.2,5,1.0,1.8,2.2,0.0,5,1.1543388142535334,0.6260953429744509,0.8850282314623072,0.575175030351041,0.2312333454267179,0.3765571163173662
2024-25,11,2024-25_GW11_Nottingham Forest_vs_Newcastle United,Nottingham Forest,Newcastle United,1.0637,0.6138,1.6774,54.3,123.5,0.8598,0.2325,1.0743,0.644,1.7183,62.8,117.8,0.8155,0.2843,-0.010599999999999943,-0.030200000000000005,-0.040899999999999936,-8.5,2024-11-10,Nottingham Forest,Newcastle United,1,3,A,1518.4,1621.3,-102.9,3,13,10,10,10,1,3,0,4,2.0,1.6,0.6,0.4,5,1.0,0.6,0.8,0.4,5,1.9,1.4,0.7,0.4,10,1.5,1.0,1.0,0.3,10,1.6,1.2,0.6,0.4,5,1.0,1.0,1.4,0.2,5,1.0536411184712322,0.5026426680192756,1.0767121167979672,0.5566719333828769,0.245581317908909,0.224471843174682
2024-25,11,2024-25_GW11_Tottenham_vs_Ipswich Town,Tottenham,Ipswich Town,1.7334,1.1011,2.8345,68.3,182.2,0.8638,0.2031,0.6131,0.4593,1.0724,53.8,132.5,0.7387,0.2006,1.1203,0.6417999999999999,1.7620999999999998,14.5,2024-11-10,Tottenham,Ipswich Town,1,2,A,1619.8,1468.5,151.3,10,19,9,10,10,0,0,0,0,1.8,2.6,1.2,0.2,5,0.4,1.4,2.6,0.0,5,1.6,2.2,1.1,0.2,10,0.5,1.0,2.1,0.1,10,2.4,3.0,0.8,0.2,5,0.4,1.2,2.6,0.2,5,1.3502448021916915,0.5265062004145337,0.752311705454315,0.651419634714834,0.2173706482257734,0.3765571163173662
2024-25,11,2024-25_GW11_Chelsea_vs_Arsenal,Chelsea,Arsenal,1.4952,0.7352,2.2305,64.7,209.4,0.8253,0.2954,1.262,0.8569,2.1189,73.0,150.1,0.8423,0.2278,0.23320000000000007,-0.12170000000000003,0.11160000000000014,-8.299999999999997,2024-11-10,Chelsea,Arsenal,1,1,D,1645.7,1766.8,-121.1,5,6,1,10,10,0,4,1,5,1.6,1.8,1.4,0.0,5,1.4,1.8,1.6,0.0,5,1.8,2.0,1.2,0.2,10,1.8,1.7,1.1,0.3,10,1.6,1.6,1.4,0.0,5,1.4,1.0,1.0,0.4,5,1.2301059881182517,0.5351022590610118,1.1698524828117882,0.4958687508166446,0.2230645448590669,0.2210749162059558
2024-25,12,2024-25_GW12_Fulham_vs_Wolverhampton Wanderers,Fulham,Wolverhampton Wanderers,1.2757,1.029,2.3047,55.3,98.8,0.8887,0.2325,0.8875,0.4887,1.3762,53.7,164.8,0.8185,0.3168,0.3882000000000001,0.5402999999999999,0.9284999999999999,1.5999999999999943,2024-11-23,Fulham,Wolverhampton Wanderers,1,4,A,1547.5,1470.6,76.9,7,19,12,11,11,1,2,2,5,1.4,1.6,1.6,0.2,5,1.0,2.0,2.2,0.2,5,1.8,1.6,1.2,0.2,10,0.6,1.6,2.5,0.1,10,2.0,1.8,1.4,0.0,5,0.4,1.4,2.6,0.0,5,1.135914815485742,0.5546169368089625,0.8734042528513615,0.6072248128866398,0.2261462702335351,0.226310524266561
2024-25,12,2024-25_GW12_Everton_vs_Brentford,Everton,Brentford,0.8239,0.7222,1.5454,54.9,118.3,0.8471,0.2115,1.2331,0.8332,2.0663,56.4,135.3,0.8632,0.2818,-0.4092000000000001,-0.1110000000000001,-0.5208999999999999,-1.5,2024-11-23,Everton,Brentford,0,0,D,1502.2,1524.6,-22.4,16,11,-5,11,11,3,1,1,5,1.2,0.6,0.4,0.6,5,1.8,2.8,2.4,0.0,5,1.0,1.0,1.4,0.3,10,1.3,2.0,2.1,0.0,10,1.0,1.0,1.6,0.2,5,0.0,0.8,2.2,0.0,5,0.9014069601971963,0.5957471734962921,1.1879263306844292,0.634877539471106,0.2249367632630716,0.2242200183916858
2024-25,12,2024-25_GW12_Bournemouth_vs_Brighton and Hove Albion,Bournemouth,Brighton and Hove Albion,1.2703,0.7486,2.0189,54.8,144.1,0.8739,0.2271,1.1595,0.6821,1.8415,56.0,209.1,0.7836,0.1713,0.11080000000000001,0.0665,0.1774,-1.2000000000000028,2024-11-23,Bournemouth,Brighton and Hove Albion,1,2,A,1528.2,1589.8,-61.6,12,6,-6,11,11,2,3,0,5,1.4,1.4,1.2,0.2,5,2.0,1.8,1.4,0.2,5,1.4,1.4,1.4,0.1,10,1.6,1.6,1.5,0.2,10,2.0,1.6,0.8,0.2,5,1.4,1.6,1.4,0.4,5,1.2033276184638189,0.5738346512489565,1.0988973802742237,0.5512780501433756,0.2361657662481153,0.2253847288076877
2024-25,12,2024-25_GW12_Manchester City_vs_Tottenham,Manchester City,Tottenham,1.5513,1.1412,2.6908,75.9,149.6,0.7788,0.2221,1.7002,1.0205,2.7206,68.5,181.8,0.835,0.1966,-0.14890000000000003,0.12070000000000003,-0.02980000000000027,7.400000000000006,2024-11-23,Manchester City,Tottenham,0,4,A,1827.3,1603.6,223.7,2,11,9,11,11,2,2,1,5,1.8,1.6,1.4,0.2,5,1.2,2.2,1.6,0.0,5,2.0,2.0,1.3,0.1,10,1.5,2.2,1.2,0.2,10,2.6,2.4,1.2,0.2,5,0.8,1.4,1.4,0.2,5,1.3767896245604423,0.5617602217388139,1.3358204934955171,0.5337066602135406,0.2162611638823396,0.2068090908909398
2024-25,12,2024-25_GW12_Arsenal_vs_Nottingham Forest,Arsenal,Nottingham Forest,1.1932,0.8791,2.0723,72.7,150.1,0.8525,0.2105,1.0233,0.6153,1.6386,56.0,122.1,0.8708,0.2326,0.16989999999999994,0.26380000000000003,0.43369999999999975,16.700000000000003,2024-11-23,Arsenal,Nottingham Forest,3,0,H,1766.2,1508.5,257.7,6,7,1,11,11,3,1,0,4,1.0,1.2,1.4,0.0,5,2.0,1.8,1.0,0.4,5,1.6,1.6,1.2,0.2,10,1.8,1.4,0.9,0.4,10,2.2,2.4,1.2,0.2,5,2.2,1.6,0.8,0.4,5,1.1275999168005897,0.4942497289416461,0.991834290716168,0.5145962169522763,0.2102285612148427,0.2328508212179562
2024-25,12,2024-25_GW12_Leicester City_vs_Chelsea,Leicester City,Chelsea,0.8358,0.646,1.4818,53.9,136.5,0.8044,0.2036,1.4708,0.753,2.2238,64.6,209.2,0.8539,0.2835,-0.6350000000000001,-0.10699999999999998,-0.7420000000000002,-10.699999999999996,2024-11-23,Leicester City,Chelsea,1,2,A,1473.6,1646.3,-172.7,16,6,-10,11,11,0,4,1,5,1.4,1.2,1.8,0.2,5,1.2,1.2,1.2,0.0,5,0.9,1.3,2.0,0.1,10,1.9,2.1,1.1,0.2,10,1.0,1.0,1.4,0.2,5,2.0,2.4,1.0,0.4,5,0.8460484909690025,0.5312088501199895,1.1963675629918764,0.519646465142077,0.3537567217098437,0.2120652199477687
2024-25,12,2024-25_GW12_Aston Villa_vs_Crystal Palace,Aston Villa,Crystal Palace,1.2091,0.8997,2.1087,59.7,165.9,0.873,0.2308,0.9467,0.5302,1.4769,55.8,140.5,0.85,0.214,0.2624000000000001,0.36950000000000005,0.6317999999999997,3.9000000000000057,2024-11-23,Aston Villa,Crystal Palace,2,2,D,1632.4,1508.5,123.8,10,19,9,11,11,2,2,1,5,1.0,1.0,1.6,0.2,5,0.8,0.6,1.2,0.2,5,1.5,1.5,1.6,0.1,10,0.7,0.7,1.3,0.2,10,1.6,1.4,1.2,0.2,5,0.4,1.0,1.6,0.0,5,1.0975320054188131,0.5139175706345248,0.9997739517814664,0.5966202930957109,0.23017796013508,0.2172317558956745
2024-25,12,2024-25_GW12_Southampton_vs_Liverpool,Southampton,Liverpool,0.7354,0.538,1.2733,49.1,157.6,0.7779,0.1657,1.21,0.9531,2.163,73.9,120.0,0.8116,0.2644,-0.4745999999999999,-0.4150999999999999,-0.8896999999999997,-24.800000000000004,2024-11-24,Southampton,Liverpool,2,3,A,1365.0,1779.9,-414.9,20,1,-19,11,11,0,4,1,5,0.6,0.8,1.8,0.2,5,2.6,1.8,0.8,0.4,5,0.4,0.7,2.0,0.1,10,2.5,1.9,0.6,0.5,10,0.8,0.8,1.6,0.2,5,2.6,2.0,0.6,0.6,5,0.7821662869530596,0.5584342033435141,1.257289338493372,0.479722465575771,0.3537567217098437,0.2108407807924847
2024-25,12,2024-25_GW12_Ipswich Town_vs_Manchester United,Ipswich Town,Manchester United,0.7192,0.4431,1.1623,51.2,134.7,0.7627,0.2042,1.1473,0.7684,1.9158,62.3,166.3,0.8167,0.2016,-0.42810000000000004,-0.3253,-0.7534999999999998,-11.099999999999994,2024-11-24,Ipswich Town,Manchester United,1,1,D,1484.7,1614.2,-129.5,19,12,-7,11,11,0,0,0,0,0.8,1.4,2.4,0.0,5,1.6,1.4,0.8,0.4,5,0.8,1.2,2.0,0.1,10,1.2,1.1,1.2,0.4,10,0.6,0.8,1.6,0.0,5,1.0,1.0,0.8,0.6,5,0.8263714149900195,0.63030012425844,1.0889629724873962,0.5956783341834994,0.3537567217098437,0.2196059732821399
2024-25,12,2024-25_GW12_Newcastle United_vs_West Ham United,Newcastle United,West Ham United,1.0838,0.6463,1.73,62.4,118.1,0.8226,0.2844,0.9059,0.6832,1.5891,55.7,112.5,0.797,0.2181,0.17790000000000006,-0.036900000000000044,0.14090000000000003,6.699999999999996,2024-11-25,Newcastle United,West Ham United,0,2,A,1631.2,1527.9,103.4,9,14,5,11,11,2,0,3,5,1.4,1.0,0.8,0.4,5,1.4,1.4,1.8,0.2,5,1.5,1.2,1.1,0.2,10,1.2,1.2,1.7,0.2,10,2.0,1.0,0.6,0.4,5,1.0,1.0,1.8,0.2,5,1.0956278716763528,0.5319256438901692,1.0234532851550846,0.6717577248282964,0.2133643200271555,0.2147530132154654
2024-25,13,2024-25_GW13_Brighton and Hove Albion_vs_Southampton,Brighton and Hove Albion,Southampton,1.1294,0.6478,1.7772,55.9,209.1,0.8001,0.1838,0.713,0.5178,1.2308,50.3,156.1,0.754,0.1817,0.4164,0.13,0.5464,5.600000000000001,2024-11-29,Brighton and Hove Albion,Southampton,1,1,D,1600.9,1362.2,238.7,5,20,15,12,12,3,0,2,5,2.0,1.6,1.2,0.2,5,0.6,1.0,1.8,0.2,5,1.6,1.6,1.5,0.2,10,0.4,0.9,2.2,0.1,10,1.8,1.8,1.4,0.2,5,0.0,0.6,2.4,0.0,5,1.061280314085468,0.5380416586685234,0.8048504868403122,0.5838055289570998,0.2142070196773645,0.3327093047435739
2024-25,13,2024-25_GW13_Brentford_vs_Leicester City,Brentford,Leicester City,1.2433,0.7983,2.0416,56.6,135.1,0.8793,0.2948,0.7714,0.5848,1.3562,52.5,137.6,0.8003,0.1927,0.4719000000000001,0.21350000000000002,0.6853999999999998,4.100000000000001,2024-11-30,Brentford,Leicester City,4,1,H,1526.8,1465.6,61.2,11,16,5,12,12,0,2,2,4,1.4,1.8,1.8,0.2,5,0.8,1.2,2.2,0.0,5,1.4,2.0,1.9,0.1,10,0.9,1.3,2.0,0.1,10,2.6,3.2,2.0,0.0,5,1.0,1.6,2.4,0.0,5,1.1462170317782086,0.6128905904114595,0.8447284641437444,0.558005281191608,0.2131318564535465,0.3327093047435739
2024-25,13,2024-25_GW13_Crystal Palace_vs_Newcastle United,Crystal Palace,Newcastle United,0.9171,0.5161,1.4332,55.6,140.1,0.8474,0.2288,1.1281,0.683,1.8111,61.1,119.5,0.835,0.2879,-0.21100000000000008,-0.16690000000000005,-0.3778999999999999,-5.5,2024-11-30,Crystal Palace,Newcastle United,1,1,D,1514.2,1616.0,-101.7,19,11,-8,12,12,1,2,2,5,1.0,1.0,1.4,0.2,5,1.2,1.0,1.2,0.2,5,0.8,0.9,1.3,0.2,10,1.4,1.1,1.2,0.2,10,1.0,0.6,1.0,0.4,5,1.4,1.4,1.4,0.2,5,0.9947829775232272,0.6249699398879061,1.1104886319591467,0.5214930214192605,0.2066808771106377,0.2031107838418058
2024-25,13,2024-25_GW13_Nottingham Forest_vs_Ipswich Town,Nottingham Forest,Ipswich Town,0.8917,0.5759,1.4676,56.2,122.0,0.8627,0.2432,0.7843,0.4464,1.2307,51.7,134.1,0.7739,0.1937,0.10740000000000005,0.12949999999999995,0.2369000000000001,4.5,2024-11-30,Nottingham Forest,Ipswich Town,1,0,H,1506.2,1485.5,20.7,8,19,11,12,12,0,0,0,0,1.8,1.6,1.4,0.4,5,1.0,1.4,1.8,0.0,5,1.5,1.3,1.2,0.3,10,0.9,1.2,1.7,0.1,10,1.4,1.2,1.0,0.4,5,1.0,1.4,2.0,0.2,5,0.9203332357154828,0.5112461318193617,0.8726391469969792,0.5828211463932014,0.2210990916249166,0.3327093047435739
2024-25,13,2024-25_GW13_Wolverhampton Wanderers_vs_Bournemouth,Wolverhampton Wanderers,Bournemouth,0.8832,0.5062,1.3895,53.9,164.5,0.8263,0.3135,1.3043,0.7697,2.074,55.0,144.0,0.8788,0.2127,-0.42110000000000003,-0.26350000000000007,-0.6844999999999999,-1.1000000000000014,2024-11-30,Wolverhampton Wanderers,Bournemouth,2,4,A,1485.3,1517.1,-31.8,18,13,-5,12,12,2,2,1,5,1.6,2.2,1.4,0.2,5,1.4,1.6,1.4,0.2,5,0.9,1.8,2.0,0.1,10,1.3,1.4,1.5,0.1,10,0.8,1.4,1.6,0.2,5,0.8,1.2,2.0,0.0,5,0.8902263879790734,0.5817824711392965,1.1942431627902663,0.5588221533386023,0.215061636598861,0.2241591715696296
2024-25,13,2024-25_GW13_West Ham United_vs_Arsenal,West Ham United,Arsenal,0.9015,0.6442,1.5457,55.9,111.2,0.8041,0.2471,1.126,0.8307,1.9567,72.3,150.3,0.8056,0.2092,-0.22449999999999992,-0.1865,-0.41100000000000003,-16.4,2024-11-30,West Ham United,Arsenal,2,5,A,1543.1,1768.4,-225.3,14,5,-9,12,12,1,3,1,5,1.4,1.0,1.6,0.4,5,1.0,1.2,1.2,0.2,5,1.2,1.2,1.7,0.2,10,1.6,1.7,1.2,0.2,10,1.4,1.4,1.6,0.2,5,1.0,0.8,1.2,0.2,5,0.9932837402064488,0.664382259479772,1.1063109626621153,0.470706226951941,0.2043927092240505,0.2002161136238339
2024-25,13,2024-25_GW13_Tottenham_vs_Fulham,Tottenham,Fulham,1.6395,1.0209,2.6604,68.3,181.7,0.8177,0.2024,1.2673,1.0016,2.2689,55.7,98.4,0.8754,0.2361,0.37219999999999986,0.019299999999999873,0.3915000000000002,12.599999999999994,2024-12-01,Tottenham,Fulham,1,1,D,1620.9,1532.8,88.2,8,12,4,12,12,4,1,0,5,1.8,2.6,1.0,0.2,5,1.4,1.4,1.8,0.2,5,1.5,2.2,1.2,0.2,10,1.5,1.5,1.5,0.2,10,1.8,2.4,1.2,0.0,5,1.6,1.4,1.0,0.4,5,1.3769643352751106,0.5403446050585721,1.093463332019585,0.554385906549881,0.1970595446718551,0.2149100110160148
2024-25,13,2024-25_GW13_Chelsea_vs_Aston Villa,Chelsea,Aston Villa,1.52,0.751,2.271,63.0,210.6,0.8328,0.2815,1.2956,0.8783,2.1739,60.3,164.9,0.8318,0.2275,0.22439999999999993,-0.12729999999999997,0.09709999999999974,2.700000000000003,2024-12-01,Chelsea,Aston Villa,3,0,H,1654.2,1626.7,27.6,5,9,4,12,12,2,2,1,5,1.6,1.4,1.2,0.0,5,1.0,1.4,2.0,0.0,5,1.9,1.7,1.0,0.2,10,1.6,1.7,1.6,0.1,10,1.8,1.8,1.2,0.0,5,1.4,1.6,2.0,0.0,5,1.282566667487042,0.5070401956180709,1.2122879962377564,0.5068070847803829,0.2019115633229317,0.2186317298676929
2024-25,13,2024-25_GW13_Manchester United_vs_Everton,Manchester United,Everton,1.1161,0.7875,1.9036,63.1,165.8,0.8158,0.2012,0.7964,0.7445,1.5403,55.4,116.8,0.8345,0.2402,0.3197000000000001,0.04299999999999993,0.36329999999999996,7.700000000000003,2024-12-01,Manchester United,Everton,4,0,H,1613.3,1500.1,113.3,13,15,2,12,12,4,1,0,5,1.6,1.6,1.0,0.2,5,1.2,0.6,0.4,0.6,5,1.3,1.1,1.1,0.4,10,1.1,1.0,1.0,0.4,10,1.4,1.2,1.6,0.2,5,1.0,1.0,1.0,0.4,5,1.041533087622068,0.5899645111959455,0.902166957970002,0.5829789328632171,0.2088725559899593,0.2137934953605114
2024-25,13,2024-25_GW13_Liverpool_vs_Manchester City,Liverpool,Manchester City,1.3129,0.8775,2.1904,71.9,122.2,0.8026,0.2779,1.593,1.172,2.7636,76.6,147.3,0.7997,0.2276,-0.2801,-0.2945,-0.5731999999999999,-4.699999999999989,2024-12-01,Liverpool,Manchester City,2,0,H,1782.7,1810.0,-27.3,1,5,4,12,12,1,1,3,5,2.6,2.2,1.2,0.2,5,1.2,1.0,1.8,0.2,5,2.5,2.0,0.8,0.4,10,1.7,1.6,1.6,0.1,10,2.4,1.8,0.6,0.4,5,1.4,1.6,1.4,0.0,5,1.3528252872183653,0.4814473757601767,1.3852423826174305,0.5866417579596603,0.2007812635235332,0.205784907757456
2024-25,14,2024-25_GW14_Leicester City_vs_West Ham United,Leicester City,West Ham United,0.8068,0.5257,1.3325,52.3,137.7,0.7803,0.2069,0.9434,0.6358,1.5792,55.8,111.0,0.8203,0.2969,-0.13660000000000005,-0.11010000000000009,-0.24669999999999992,-3.5,2024-12-03,Leicester City,West Ham United,3,1,H,1460.0,1536.6,-76.6,16,14,-2,13,13,2,2,1,5,0.2,0.8,2.6,0.0,5,1.4,1.2,1.8,0.4,5,0.9,1.3,2.2,0.1,10,1.2,1.3,1.9,0.2,10,0.8,1.0,1.6,0.2,5,1.0,1.0,1.8,0.2,5,0.8392956687271425,0.5697489592436308,1.0066988226902258,0.7091888244893944,0.3132800900927949,0.1948289432560406
2024-25,14,2024-25_GW14_Ipswich Town_vs_Crystal Palace,Ipswich Town,Crystal Palace,0.7865,0.4446,1.231,51.6,134.1,0.7958,0.1844,1.0977,0.634,1.7317,57.0,138.6,0.8656,0.2294,-0.3111999999999999,-0.1894,-0.5006999999999999,-5.399999999999999,2024-12-03,Ipswich Town,Crystal Palace,0,1,A,1478.9,1514.3,-35.4,19,17,-2,13,13,0,0,0,0,1.0,1.4,1.6,0.0,5,1.2,1.2,1.4,0.2,5,0.8,1.1,1.7,0.1,10,0.8,0.9,1.3,0.2,10,0.8,1.0,1.4,0.0,5,0.6,1.2,1.6,0.0,5,0.8216831496173124,0.5698409655177583,1.0263873782724036,0.5822652087280162,0.3132800900927949,0.1969411884354263
2024-25,14,2024-25_GW14_Everton_vs_Wolverhampton Wanderers,Everton,Wolverhampton Wanderers,0.7458,0.7354,1.4805,55.0,117.0,0.8358,0.2515,0.7957,0.4837,1.2794,54.8,163.3,0.8334,0.3204,-0.049899999999999944,0.25170000000000003,0.20109999999999983,0.20000000000000284,2024-12-04,Everton,Wolverhampton Wanderers,4,0,H,1495.5,1473.3,22.2,17,18,1,13,13,0,4,1,5,0.6,0.2,1.2,0.4,5,1.6,2.4,1.8,0.2,5,1.1,0.8,1.1,0.4,10,0.8,1.9,2.3,0.1,10,1.2,1.0,1.0,0.4,5,1.0,2.2,2.4,0.0,5,0.865765730212179,0.5650026083099077,0.8412073212101989,0.6078091079327196,0.2035069626074926,0.2046776045141401
2024-25,14,2024-25_GW14_Manchester City_vs_Nottingham Forest,Manchester City,Nottingham Forest,1.4638,1.0682,2.5311,76.2,147.2,0.7695,0.236,0.9368,0.5392,1.476,56.2,122.0,0.8394,0.2447,0.527,0.529,1.0551,20.0,2024-12-04,Manchester City,Nottingham Forest,3,0,H,1802.1,1512.9,289.2,5,6,1,13,13,3,0,1,4,0.6,0.6,2.0,0.2,5,1.8,1.6,1.4,0.4,5,1.4,1.3,1.7,0.1,10,1.7,1.3,1.1,0.4,10,2.0,1.6,1.8,0.2,5,1.6,1.4,1.4,0.2,5,1.3040573998482392,0.62773250507492,0.9550658580284402,0.4929125510489226,0.1961141044796427,0.2102508779392661
2024-25,14,2024-25_GW14_Newcastle United_vs_Liverpool,Newcastle United,Liverpool,1.0866,0.6499,1.7365,61.1,119.4,0.8462,0.2902,1.4043,0.9246,2.3284,74.3,119.8,0.8048,0.2759,-0.3177000000000001,-0.27469999999999994,-0.5918999999999999,-13.199999999999996,2024-12-04,Newcastle United,Liverpool,3,3,D,1615.9,1790.6,-174.7,11,1,-10,13,13,0,5,0,5,1.4,1.2,1.2,0.2,5,2.6,2.2,1.0,0.4,5,1.2,1.0,1.2,0.2,10,2.5,1.9,0.8,0.4,10,1.4,0.8,1.0,0.2,5,2.6,2.2,1.0,0.4,5,1.00995065937992,0.5295880917259074,1.4502975865639691,0.47057039147644,0.1936455769808426,0.1914951586958054
2024-25,14,2024-25_GW14_Southampton_vs_Chelsea,Southampton,Chelsea,0.7652,0.5086,1.2738,50.7,155.6,0.7297,0.1798,1.4326,0.737,2.1696,63.1,210.4,0.829,0.2727,-0.6674000000000001,-0.22839999999999994,-0.8957999999999999,-12.399999999999999,2024-12-04,Southampton,Chelsea,1,5,A,1369.7,1660.7,-291.0,20,4,-16,13,13,2,2,1,5,0.8,0.8,1.4,0.2,5,2.2,1.8,0.8,0.2,5,0.5,0.9,2.0,0.1,10,2.1,1.9,0.9,0.3,10,0.8,1.2,2.0,0.2,5,2.0,1.6,0.8,0.4,5,0.7996388549606691,0.5652412349196881,1.273255649157851,0.4971868583368294,0.3132800900927949,0.1925385569169477
2024-25,14,2024-25_GW14_Arsenal_vs_Manchester United,Arsenal,Manchester United,1.2054,0.8516,2.057,73.3,149.1,0.8022,0.2254,1.0848,0.7838,1.8686,61.0,168.0,0.8118,0.1904,0.12060000000000004,0.06779999999999997,0.1883999999999999,12.299999999999997,2024-12-04,Arsenal,Manchester United,2,0,H,1775.0,1617.9,157.1,4,10,6,13,13,4,1,0,5,1.6,2.2,1.2,0.2,5,1.6,2.0,0.8,0.4,5,1.8,2.1,1.3,0.2,10,1.6,1.5,0.8,0.5,10,2.2,2.6,1.2,0.2,5,1.2,1.0,0.6,0.6,5,1.2518342459901102,0.4772168397690072,1.0023192440041389,0.5628888456914997,0.1909734595852342,0.1989643630349584
2024-25,14,2024-25_GW14_Aston Villa_vs_Brentford,Aston Villa,Brentford,1.1371,0.7616,1.8987,58.8,165.7,0.7978,0.2437,1.3068,0.824,2.1308,56.6,135.1,0.8845,0.282,-0.16969999999999996,-0.0623999999999999,-0.23209999999999975,2.1999999999999957,2024-12-04,Aston Villa,Brentford,3,1,H,1620.2,1532.5,87.7,12,8,-4,13,13,2,1,2,5,0.4,0.8,2.4,0.0,5,2.0,2.4,1.6,0.2,5,1.3,1.5,1.8,0.1,10,1.4,2.1,1.9,0.1,10,1.8,1.8,1.2,0.2,5,0.2,0.8,1.8,0.2,5,1.1741396419602672,0.5081364834551793,1.200423413519233,0.5922633075680653,0.2079732159687237,0.2028961929170678
2024-25,14,2024-25_GW14_Fulham_vs_Brighton and Hove Albion,Fulham,Brighton and Hove Albion,1.2334,0.9508,2.1842,55.1,98.8,0.8632,0.2329,1.1546,0.6524,1.8071,56.7,207.6,0.7687,0.1694,0.07879999999999998,0.2984,0.3771000000000002,-1.6000000000000014,2024-12-05,Fulham,Brighton and Hove Albion,3,1,H,1537.7,1593.4,-55.7,12,5,-7,13,13,3,0,2,5,1.6,1.4,1.4,0.2,5,1.6,1.6,1.4,0.0,5,1.5,1.5,1.5,0.2,10,1.6,1.6,1.5,0.2,10,1.4,1.6,2.0,0.0,5,1.4,1.4,1.6,0.2,5,1.091819684868031,0.5341684524205498,1.0781141956424702,0.5205021420351937,0.2045376364600844,0.2038886936640081
2024-25,14,2024-25_GW14_Bournemouth_vs_Tottenham,Bournemouth,Tottenham,1.4255,0.7003,2.1258,55.0,144.0,0.8714,0.214,1.4323,0.9134,2.3456,67.5,181.0,0.7685,0.2017,-0.006799999999999917,-0.21309999999999996,-0.21980000000000022,-12.5,2024-12-05,Bournemouth,Tottenham,1,0,H,1529.0,1616.0,-87.0,13,9,-4,13,13,1,3,1,5,1.4,2.0,1.8,0.0,5,1.4,2.0,1.0,0.2,5,1.3,1.5,1.5,0.1,10,1.6,2.2,1.1,0.2,10,1.8,1.6,1.0,0.2,5,1.2,2.0,1.2,0.4,5,1.3070854803714738,0.5301674216882271,1.2837024209150694,0.5339730588182473,0.2130756877574807,0.1880595791871661
2024-25,15,2024-25_GW15_Crystal Palace_vs_Manchester City,Crystal Palace,Manchester City,1.1579,0.6412,1.7991,56.9,138.6,0.8801,0.215,1.46,1.0142,2.4733,75.2,147.7,0.706,0.2293,-0.30210000000000004,-0.373,-0.6742000000000001,-18.300000000000004,2024-12-07,Crystal Palace,Manchester City,2,2,D,1526.1,1804.0,-277.9,17,4,-13,14,14,0,3,2,5,1.2,1.2,1.4,0.2,5,0.6,1.0,2.0,0.2,5,1.0,0.8,1.1,0.3,10,1.4,1.4,1.6,0.2,10,1.0,0.4,0.8,0.4,5,0.8,1.0,1.6,0.0,5,1.0454504570366403,0.5534842556865418,1.3422277735354475,0.605186010515509,0.1879503226106218,0.1871868278912039
2024-25,15,2024-25_GW15_Manchester United_vs_Nottingham Forest,Manchester United,Nottingham Forest,0.9867,0.6543,1.6411,63.0,166.3,0.782,0.185,0.9528,0.5408,1.4937,56.2,121.9,0.8497,0.2508,0.03390000000000004,0.11350000000000005,0.14739999999999998,6.799999999999997,2024-12-07,Manchester United,Nottingham Forest,2,3,A,1614.2,1511.0,103.2,13,7,-6,14,14,3,1,0,4,1.6,1.8,0.8,0.4,5,1.2,1.0,1.8,0.4,5,1.3,1.2,1.0,0.4,10,1.4,1.2,1.4,0.3,10,2.0,2.0,1.0,0.4,5,1.0,1.2,2.0,0.0,5,0.9286640504370652,0.5732042816220064,0.939474761762584,0.5201772724870928,0.1898179481550441,0.200236714556947
2024-25,15,2024-25_GW15_Aston Villa_vs_Southampton,Aston Villa,Southampton,1.1779,0.8138,1.9917,59.1,165.1,0.7949,0.2573,0.8003,0.4788,1.2792,50.6,155.6,0.7038,0.1628,0.37759999999999994,0.33499999999999996,0.7125000000000001,8.5,2024-12-07,Aston Villa,Southampton,1,0,H,1625.3,1364.7,260.5,8,20,12,14,14,4,1,0,5,0.8,1.2,2.4,0.0,5,0.8,1.0,2.2,0.2,5,1.3,1.5,1.7,0.1,10,0.5,1.0,2.2,0.1,10,1.8,1.8,1.0,0.2,5,0.2,0.6,2.0,0.0,5,1.230072826047111,0.4962264517528484,0.8428944116466235,0.6363609890894127,0.1981341675603961,0.295344664451206
2024-25,15,2024-25_GW15_Brentford_vs_Newcastle United,Brentford,Newcastle United,1.2998,0.798,2.0978,56.4,135.1,0.8803,0.2699,1.1313,0.6628,1.7941,61.8,118.4,0.8515,0.2911,0.1685000000000001,0.1352000000000001,0.30369999999999986,-5.399999999999999,2024-12-07,Brentford,Newcastle United,4,2,H,1527.4,1618.0,-90.6,11,12,1,14,14,0,5,0,5,1.4,1.8,1.6,0.2,5,1.6,1.6,1.4,0.2,5,1.4,2.1,2.0,0.1,10,1.0,1.1,1.4,0.2,10,2.6,3.4,2.0,0.0,5,1.0,1.2,1.4,0.2,5,1.1537409255599258,0.6063823899967794,1.0610547896650762,0.5412653037004155,0.1934474845904308,0.1849080898055566
2024-25,15,2024-25_GW15_Fulham_vs_Arsenal,Fulham,Arsenal,1.05,0.8338,1.8838,56.0,96.5,0.8243,0.2424,1.2577,0.9244,2.1821,74.6,147.8,0.8035,0.2136,-0.2077,-0.09060000000000001,-0.29830000000000023,-18.599999999999994,2024-12-08,Fulham,Arsenal,1,1,D,1546.5,1778.7,-232.2,9,3,-6,14,14,1,2,2,5,2.0,1.8,1.4,0.2,5,2.0,2.2,0.8,0.4,5,1.7,1.7,1.5,0.2,10,1.8,2.2,1.3,0.2,10,1.8,2.0,2.0,0.0,5,1.0,1.6,1.6,0.0,5,1.0356684699388408,0.533016472570526,1.2787478747123393,0.4540731126547324,0.1949627279566602,0.1824414145582064
2024-25,15,2024-25_GW15_Ipswich Town_vs_Bournemouth,Ipswich Town,Bournemouth,0.7326,0.4569,1.1895,51.7,134.0,0.7848,0.1856,1.4961,0.6815,2.1776,54.7,143.9,0.8676,0.2115,-0.7635,-0.22460000000000002,-0.9881,-3.0,2024-12-08,Ipswich Town,Bournemouth,1,2,A,1467.0,1538.6,-71.6,18,10,-8,14,14,0,0,0,0,1.0,0.8,1.0,0.0,5,1.8,2.0,1.6,0.2,5,0.7,1.1,1.8,0.0,10,1.6,1.6,1.4,0.2,10,0.6,0.8,1.4,0.0,5,0.8,1.4,2.0,0.0,5,0.7705444117660218,0.558231877829912,1.4057813876217071,0.5088306864043506,0.295344664451206,0.2028443426755743
2024-25,15,2024-25_GW15_Leicester City_vs_Brighton and Hove Albion,Leicester City,Brighton and Hove Albion,0.8268,0.4828,1.3096,52.0,137.6,0.7374,0.1894,1.0551,0.6109,1.666,56.6,206.6,0.7331,0.1836,-0.22829999999999995,-0.1281,-0.35639999999999983,-4.600000000000001,2024-12-08,Leicester City,Brighton and Hove Albion,2,2,D,1469.3,1584.7,-115.4,17,9,-8,14,14,1,2,2,5,0.8,1.2,2.2,0.0,5,1.4,1.4,1.6,0.0,5,1.1,1.4,2.1,0.1,10,1.5,1.7,1.8,0.1,10,1.4,1.4,1.4,0.2,5,1.2,1.4,2.0,0.2,5,0.8886647406513782,0.5988420696373208,1.067092782413856,0.5003404808875435,0.295344664451206,0.1943636782537323
2024-25,15,2024-25_GW15_Tottenham_vs_Chelsea,Tottenham,Chelsea,1.3666,0.8516,2.2181,66.9,181.0,0.7367,0.1996,1.5524,0.7655,2.318,63.3,210.1,0.788,0.2679,-0.18579999999999997,0.08610000000000007,-0.09989999999999988,3.6000000000000085,2024-12-08,Tottenham,Chelsea,3,4,A,1606.4,1665.7,-59.4,11,3,-8,14,14,1,3,1,5,1.4,2.0,1.0,0.2,5,2.2,2.4,0.8,0.2,5,1.6,2.2,1.1,0.2,10,2.1,2.3,1.0,0.2,10,2.0,2.6,1.2,0.0,5,2.0,2.4,1.0,0.2,5,1.1985390850037183,0.5651083850620293,1.5177230256814032,0.4963593534103329,0.1797515639313341,0.1838861814887972
2024-25,15,2024-25_GW15_West Ham United_vs_Wolverhampton Wanderers,West Ham United,Wolverhampton Wanderers,0.9929,0.6992,1.6921,55.1,110.7,0.7674,0.3015,0.7965,0.4674,1.2639,54.3,163.9,0.8229,0.3121,0.19640000000000002,0.23180000000000006,0.4281999999999999,0.8000000000000043,2024-12-09,West Ham United,Wolverhampton Wanderers,2,1,H,1527.3,1466.7,60.5,14,19,5,14,14,4,1,0,5,0.8,1.0,2.2,0.4,5,1.4,2.0,2.2,0.2,5,1.1,1.3,2.1,0.2,10,0.8,1.8,2.5,0.1,10,1.4,1.6,2.0,0.2,5,0.8,2.0,3.0,0.0,5,1.1204464157593117,0.6994893730597378,0.821136453994759,0.5869935591116026,0.1860004745579545,0.1950919347553309
2024-25,16,2024-25_GW16_Wolverhampton Wanderers_vs_Ipswich Town,Wolverhampton Wanderers,Ipswich Town,0.8093,0.4706,1.2799,54.3,163.9,0.8214,0.2959,0.7694,0.498,1.2674,52.8,132.8,0.7712,0.1829,0.03990000000000005,-0.02739999999999998,0.012499999999999956,1.5,2024-12-14,Wolverhampton Wanderers,Ipswich Town,1,2,A,1461.0,1456.2,4.8,19,18,-1,15,15,0,0,0,0,1.2,1.8,2.2,0.2,5,0.8,0.8,1.2,0.0,5,0.8,1.8,2.4,0.1,10,0.6,1.1,1.9,0.0,10,0.8,1.6,2.0,0.2,5,0.8,1.4,2.2,0.0,5,0.8605054557961963,0.5689430694534581,0.7966168905976316,0.5947163500299648,0.1862432463099101,0.2787881798620534
2024-25,16,2024-25_GW16_Newcastle United_vs_Leicester City,Newcastle United,Leicester City,1.0728,0.679,1.7518,61.1,119.0,0.845,0.288,0.8016,0.4957,1.2972,51.5,138.0,0.7336,0.1886,0.2712,0.18330000000000007,0.4546000000000001,9.600000000000001,2024-12-14,Newcastle United,Leicester City,4,0,H,1608.3,1469.7,138.6,12,16,4,15,15,3,1,1,5,1.0,1.8,2.2,0.0,5,0.8,1.4,2.4,0.0,5,1.0,1.2,1.5,0.2,10,1.1,1.5,2.2,0.1,10,1.0,1.0,1.4,0.2,5,0.8,1.4,2.8,0.0,5,1.0624860892601131,0.5366131905894499,0.9003048153707467,0.5800716412770884,0.1768423725677065,0.2787881798620534
2024-25,16,2024-25_GW16_Nottingham Forest_vs_Aston Villa,Nottingham Forest,Aston Villa,0.955,0.5558,1.5108,56.3,121.6,0.8302,0.2485,1.0886,0.8595,1.948,58.6,165.6,0.7906,0.2589,-0.13360000000000005,-0.3037000000000001,-0.43720000000000003,-2.3000000000000043,2024-12-14,Nottingham Forest,Aston Villa,2,1,H,1526.2,1627.5,-101.3,5,6,1,15,15,1,2,1,4,1.2,1.0,2.2,0.2,5,1.4,1.2,1.6,0.2,5,1.6,1.3,1.4,0.3,10,1.3,1.3,1.6,0.2,10,1.8,1.2,0.8,0.6,5,0.8,1.2,2.4,0.0,5,0.9154930774954186,0.5226010347420166,1.266232407453959,0.4728334440767938,0.1909924766433418,0.1890515811417795
2024-25,16,2024-25_GW16_Arsenal_vs_Everton,Arsenal,Everton,1.2235,0.9149,2.1384,73.4,149.3,0.7816,0.2007,0.7264,0.7035,1.4293,54.9,116.9,0.8471,0.2515,0.4971,0.21140000000000003,0.7090999999999998,18.500000000000007,2024-12-14,Arsenal,Everton,0,0,D,1775.1,1502.1,272.9,3,15,12,15,14,4,1,0,5,2.2,2.4,0.8,0.4,5,1.0,0.8,1.0,0.6,5,1.8,2.1,1.2,0.2,10,1.4,1.0,0.8,0.5,10,2.6,2.8,1.0,0.4,5,1.0,0.6,1.2,0.4,5,1.291564995702908,0.4338408569872137,0.8616172728049122,0.5473648157185307,0.1745653443256502,0.1940112960755394
2024-25,16,2024-25_GW16_Liverpool_vs_Fulham,Liverpool,Fulham,1.3733,0.8487,2.2215,73.9,120.2,0.7731,0.2722,0.9914,0.7833,1.7747,55.6,96.5,0.8212,0.2342,0.3819,0.06540000000000001,0.44679999999999986,18.300000000000004,2024-12-14,Liverpool,Fulham,2,2,D,1788.5,1550.1,238.4,1,11,10,14,15,3,1,1,5,2.6,2.4,1.2,0.4,5,1.6,1.6,1.4,0.2,5,2.6,2.2,1.0,0.4,10,1.5,1.5,1.5,0.2,10,3.0,2.2,0.4,0.6,5,1.6,1.4,1.0,0.4,5,1.4408021149725454,0.4898841893853464,0.953557283323198,0.5496634126915689,0.18292300353507,0.1861239734019929
2024-25,16,2024-25_GW16_Chelsea_vs_Brentford,Chelsea,Brentford,1.5378,0.8163,2.3541,65.3,208.3,0.7682,0.2706,1.2589,0.7284,1.9873,56.3,135.1,0.8553,0.2533,0.27890000000000015,0.08789999999999998,0.3667999999999998,9.0,2024-12-15,Chelsea,Brentford,2,1,H,1676.9,1537.2,139.7,2,10,8,15,15,0,3,2,5,2.6,3.0,1.2,0.2,5,2.0,2.4,1.6,0.2,5,2.1,2.4,1.3,0.1,10,1.7,2.4,1.9,0.1,10,2.2,2.2,1.0,0.2,5,0.2,0.8,2.0,0.2,5,1.5539127052060926,0.5185925340314029,1.128787857829773,0.595661524037115,0.1758990322959975,0.1847252274818727
2024-25,16,2024-25_GW16_Southampton_vs_Tottenham,Southampton,Tottenham,0.7895,0.4726,1.2621,49.6,155.9,0.7091,0.1678,1.4764,0.87,2.3465,67.4,180.2,0.7624,0.197,-0.6869,-0.3974,-1.0843999999999998,-17.800000000000004,2024-12-15,Southampton,Tottenham,0,5,A,1362.5,1595.2,-232.7,20,12,-8,15,15,1,2,2,5,0.2,0.8,2.4,0.0,5,0.8,1.8,1.6,0.2,5,0.4,0.9,2.2,0.1,10,1.3,2.2,1.4,0.2,10,0.8,1.4,2.4,0.2,5,1.2,1.8,1.0,0.4,5,0.7764093435837987,0.6264875616973613,1.2730997474416874,0.5835099674978262,0.2787881798620534,0.1720822992426461
2024-25,16,2024-25_GW16_Brighton and Hove Albion_vs_Crystal Palace,Brighton and Hove Albion,Crystal Palace,1.0156,0.6098,1.6254,56.8,206.4,0.7464,0.1695,1.1894,0.6706,1.8601,56.8,138.4,0.892,0.2045,-0.17379999999999995,-0.060799999999999965,-0.23470000000000013,0.0,2024-12-15,Brighton and Hove Albion,Crystal Palace,1,3,A,1584.2,1530.8,53.4,7,17,10,15,15,2,0,3,5,1.6,1.6,1.6,0.0,5,1.2,1.2,1.4,0.2,5,1.5,1.7,1.8,0.1,10,1.0,1.0,1.3,0.2,10,1.8,2.0,1.6,0.0,5,1.0,1.2,1.4,0.2,5,1.072828818316877,0.4921044603758281,1.0391502412066032,0.5501627155914037,0.1855709808289221,0.1796507073995759
2024-25,16,2024-25_GW16_Manchester City_vs_Manchester United,Manchester City,Manchester United,1.4411,1.0032,2.4435,71.3,151.3,0.7161,0.227,0.9845,0.5839,1.5683,63.1,165.2,0.7695,0.1843,0.4566,0.4193000000000001,0.8751999999999998,8.199999999999996,2024-12-15,Manchester City,Manchester United,1,2,A,1799.3,1598.9,200.4,5,13,8,15,15,4,1,0,5,0.8,1.2,2.0,0.2,5,1.4,2.0,1.2,0.4,5,1.4,1.4,1.6,0.2,10,1.2,1.4,1.3,0.3,10,2.0,1.8,1.6,0.4,5,0.6,0.4,1.0,0.4,5,1.311728238387622,0.5936198814024924,0.9614256655115156,0.5556571879947084,0.1789459129437013,0.1813747430685613
2024-25,16,2024-25_GW16_Bournemouth_vs_West Ham United,Bournemouth,West Ham United,1.5132,0.6907,2.2039,55.2,143.6,0.8819,0.2268,0.9757,0.721,1.6967,57.9,107.8,0.7575,0.2946,0.5375000000000001,-0.030299999999999994,0.5071999999999999,-2.6999999999999957,2024-12-16,Bournemouth,West Ham United,1,1,D,1549.4,1532.9,16.5,7,14,7,15,15,0,3,2,5,1.8,2.0,1.6,0.2,5,1.4,1.4,1.8,0.4,5,1.9,1.8,1.2,0.2,10,1.4,1.5,1.9,0.2,10,2.4,1.8,0.8,0.4,5,0.8,1.0,2.2,0.2,5,1.4954315754402705,0.5072743365780662,1.084773484012707,0.6877183278480904,0.1933996207849441,0.1778507707891886
2024-25,17,2024-25_GW17_Crystal Palace_vs_Arsenal,Crystal Palace,Arsenal,1.2737,0.7046,1.9783,56.4,138.8,0.9033,0.203,1.2762,0.9787,2.2548,75.2,147.8,0.8072,0.204,-0.0024999999999999467,-0.2741,-0.27649999999999997,-18.800000000000004,2024-12-21,Crystal Palace,Arsenal,1,5,A,1545.0,1767.1,-222.2,15,3,-12,16,16,1,4,0,5,1.8,1.8,1.2,0.2,5,2.2,2.2,0.6,0.6,5,1.3,1.2,1.2,0.2,10,1.6,1.7,1.0,0.3,10,1.0,0.8,1.2,0.2,5,1.0,1.4,1.4,0.0,5,1.0999713564232558,0.5362060577274482,1.2513982121445364,0.4155476520864815,0.1719891969295401,0.1672948151486884
2024-25,17,2024-25_GW17_West Ham United_vs_Brighton and Hove Albion,West Ham United,Brighton and Hove Albion,0.9649,0.6981,1.663,56.2,109.3,0.7735,0.2849,0.9894,0.646,1.6354,56.8,206.2,0.7574,0.1617,-0.024499999999999966,0.052100000000000035,0.02760000000000007,-0.5999999999999943,2024-12-21,West Ham United,Brighton and Hove Albion,1,1,D,1536.2,1570.1,-33.9,14,9,-5,16,16,1,3,1,5,1.4,1.6,2.0,0.2,5,1.0,1.4,2.0,0.0,5,1.4,1.5,1.9,0.2,10,1.5,1.6,1.7,0.1,10,2.0,2.0,1.6,0.2,5,1.4,1.4,1.6,0.2,5,1.1295468518638252,0.683135018309757,1.0401679694954749,0.5023477950281516,0.1703276460220319,0.1774542981072481
2024-25,17,2024-25_GW17_Ipswich Town_vs_Newcastle United,Ipswich Town,Newcastle United,0.7565,0.5291,1.2856,52.8,132.6,0.7919,0.1817,1.2372,0.767,2.0042,62.1,117.9,0.8515,0.288,-0.4807000000000001,-0.2379,-0.7185999999999999,-9.300000000000004,2024-12-21,Ipswich Town,Newcastle United,0,4,A,1469.2,1612.3,-143.2,18,12,-6,16,16,0,0,0,0,0.8,0.8,1.2,0.0,5,1.0,2.0,2.0,0.2,5,0.8,1.1,1.8,0.0,10,1.2,1.5,1.4,0.3,10,0.4,0.6,1.4,0.0,5,1.0,1.4,1.6,0.2,5,0.8088759937156451,0.5685301161071185,1.21401026744456,0.5084156933431502,0.2635046182991081,0.1693967771401145
2024-25,17,2024-25_GW17_Brentford_vs_Nottingham Forest,Brentford,Nottingham Forest,1.2479,0.7337,1.9816,55.5,135.7,0.8539,0.2481,0.9996,0.5752,1.5747,56.8,121.1,0.8339,0.2338,0.24829999999999997,0.15849999999999997,0.40690000000000004,-1.2999999999999972,2024-12-21,Brentford,Nottingham Forest,0,2,A,1533.1,1536.3,-3.1,12,4,-8,16,16,2,0,2,4,1.4,2.0,1.6,0.2,5,1.8,1.2,1.8,0.2,5,1.6,2.4,2.0,0.1,10,1.9,1.5,1.4,0.3,10,3.0,4.0,2.2,0.0,5,1.4,1.4,2.0,0.0,5,1.1312163039330143,0.6043634375955141,0.9565021388890406,0.4992297920308921,0.1766735693675756,0.1824589695154056
2024-25,17,2024-25_GW17_Aston Villa_vs_Manchester City,Aston Villa,Manchester City,1.0105,0.8401,1.8505,58.7,165.6,0.794,0.2428,1.4469,1.0793,2.5253,77.9,144.4,0.7294,0.2185,-0.4364000000000001,-0.23919999999999997,-0.6748000000000001,-19.200000000000003,2024-12-21,Aston Villa,Manchester City,2,1,H,1617.5,1782.3,-164.8,9,5,-4,16,16,1,3,1,5,1.4,1.4,1.6,0.2,5,0.8,1.2,2.0,0.2,5,1.2,1.2,1.6,0.2,10,1.3,1.4,1.7,0.2,10,1.8,1.4,0.8,0.4,5,0.8,1.2,1.8,0.0,5,1.1728236955660756,0.4820135332052407,1.251714454095978,0.6013759264158404,0.1806672971512852,0.1713385896464797
2024-25,17,2024-25_GW17_Everton_vs_Chelsea,Everton,Chelsea,0.6807,0.6199,1.3002,54.7,116.6,0.8579,0.2548,1.5888,0.8554,2.4442,65.5,207.9,0.7844,0.262,-0.9081,-0.23550000000000004,-1.144,-10.799999999999997,2024-12-22,Everton,Chelsea,0,0,D,1510.0,1680.9,-170.9,16,2,-14,15,16,2,2,1,5,1.2,0.8,0.8,0.8,5,3.0,3.2,1.2,0.2,5,1.4,0.9,0.7,0.6,10,2.1,2.2,1.2,0.1,10,1.8,1.4,0.4,0.6,5,2.0,2.6,1.6,0.0,5,0.7966860696199647,0.5426139910615144,1.5476055481898008,0.5139522491194083,0.1852456910800569,0.1685259643150952
2024-25,17,2024-25_GW17_Fulham_vs_Southampton,Fulham,Southampton,0.9213,0.7342,1.6555,54.6,97.3,0.819,0.2244,0.7566,0.5216,1.2782,50.1,155.4,0.7125,0.1658,0.16469999999999996,0.2126,0.37729999999999997,4.5,2024-12-22,Fulham,Southampton,0,0,D,1557.6,1356.1,201.4,10,20,10,16,16,2,2,1,5,1.2,1.6,1.8,0.0,5,0.2,0.8,3.0,0.0,5,1.3,1.6,1.7,0.1,10,0.4,0.8,2.4,0.1,10,1.4,1.6,2.0,0.0,5,0.2,0.4,1.6,0.0,5,0.9529440606227664,0.5657019521226486,0.7608545516612389,0.6220691881264648,0.1779647745908802,0.2635046182991081
2024-25,17,2024-25_GW17_Leicester City_vs_Wolverhampton Wanderers,Leicester City,Wolverhampton Wanderers,0.7239,0.4824,1.2063,50.3,139.0,0.7126,0.1859,0.8181,0.4841,1.3022,55.0,163.3,0.799,0.2956,-0.09420000000000006,-0.0016999999999999793,-0.0959000000000001,-4.700000000000003,2024-12-22,Leicester City,Wolverhampton Wanderers,0,3,A,1465.7,1448.1,17.6,17,19,2,16,16,3,1,1,5,0.8,1.4,2.6,0.0,5,0.6,1.6,2.6,0.0,5,1.1,1.3,2.2,0.1,10,0.8,1.8,2.4,0.1,10,1.4,1.6,1.6,0.2,5,0.8,2.0,2.8,0.0,5,0.8152804704526523,0.6235585529369796,0.8695091562256276,0.5582263780023388,0.2635046182991081,0.1780748773618597
2024-25,17,2024-25_GW17_Manchester United_vs_Bournemouth,Manchester United,Bournemouth,1.002,0.5832,1.5851,62.9,165.1,0.7765,0.1901,1.4929,0.7097,2.2026,55.2,143.5,0.8853,0.2224,-0.4908999999999999,-0.12649999999999995,-0.6174999999999999,7.699999999999996,2024-12-22,Manchester United,Bournemouth,0,3,A,1615.9,1546.2,69.7,13,8,-5,16,16,3,1,1,5,1.4,1.8,1.4,0.2,5,2.0,1.8,1.2,0.2,5,1.5,1.6,1.1,0.3,10,1.7,1.6,1.2,0.2,10,2.0,2.4,1.0,0.4,5,1.4,1.8,1.6,0.0,5,1.0175565648462277,0.5383638343433262,1.4720041170649871,0.5276609085537192,0.1735806824373342,0.1846810436206276
2024-25,17,2024-25_GW17_Tottenham_vs_Liverpool,Tottenham,Liverpool,1.4463,0.8555,2.3018,67.4,180.1,0.7429,0.192,1.4362,0.8831,2.3187,74.6,119.8,0.7753,0.2789,0.010099999999999998,-0.027599999999999958,-0.016900000000000137,-7.199999999999989,2024-12-22,Tottenham,Liverpool,3,6,A,1601.6,1781.0,-179.5,11,1,-10,16,15,1,3,1,5,1.4,2.6,1.2,0.4,5,2.2,2.4,1.4,0.4,5,1.3,2.4,1.4,0.2,10,2.4,2.1,1.2,0.3,10,1.4,2.6,1.8,0.0,5,2.2,2.2,1.6,0.2,5,1.3111336903162525,0.5604380619268662,1.4407462056640024,0.4862603784081458,0.1650026756437523,0.1750099069824326
2024-25,18,2024-25_GW18_Wolverhampton Wanderers_vs_Manchester United,Wolverhampton Wanderers,Manchester United,0.8068,0.4723,1.279,54.2,163.9,0.8081,0.2976,0.9653,0.61,1.5754,61.2,166.7,0.7564,0.1778,-0.15850000000000009,-0.1377,-0.2964,-7.0,2024-12-26,Wolverhampton Wanderers,Manchester United,2,0,H,1461.4,1601.4,-140.0,18,13,-5,17,17,1,4,0,5,0.6,1.4,2.4,0.2,5,1.2,1.6,1.8,0.2,5,1.1,1.8,1.9,0.2,10,1.4,1.6,1.4,0.2,10,0.8,1.6,2.0,0.2,5,1.0,0.8,1.2,0.2,5,0.867898300093928,0.5376569214074001,1.0732633217221554,0.5338654594371828,0.1705345224625973,0.16638585766392
2024-25,18,2024-25_GW18_Southampton_vs_West Ham United,Southampton,West Ham United,0.7187,0.5215,1.2402,50.5,155.0,0.733,0.1615,0.9837,0.6887,1.6724,56.2,109.3,0.7929,0.2877,-0.265,-0.16720000000000002,-0.43220000000000014,-5.700000000000003,2024-12-26,Southampton,West Ham United,0,1,A,1363.1,1534.3,-171.2,20,14,-6,17,17,1,2,2,5,0.4,0.4,2.4,0.2,5,1.0,1.4,2.2,0.0,5,0.5,0.7,2.1,0.2,10,1.2,1.2,1.9,0.2,10,0.6,1.2,3.2,0.2,5,0.8,1.0,2.2,0.2,5,0.7011027901616955,0.5841685263285068,1.1123121188995146,0.6573889601365313,0.2493961127893468,0.1633829265735634
2024-25,18,2024-25_GW18_Nottingham Forest_vs_Tottenham,Nottingham Forest,Tottenham,0.9777,0.5837,1.5613,56.8,121.1,0.8304,0.2344,1.3804,0.8412,2.2216,66.6,179.8,0.7515,0.1979,-0.40270000000000006,-0.25749999999999995,-0.6603000000000001,-9.799999999999997,2024-12-26,Nottingham Forest,Tottenham,1,0,H,1549.0,1593.8,-44.8,4,11,7,17,17,0,4,0,4,2.4,1.6,1.2,0.4,5,0.8,2.4,2.4,0.2,5,2.1,1.6,1.3,0.4,10,1.3,2.5,1.7,0.2,10,2.4,1.6,0.8,0.6,5,1.2,2.2,1.0,0.4,5,0.934458263381904,0.4849554410722808,1.2678312064260382,0.6057333978606604,0.1745815495936009,0.1584673593733489
2024-25,18,2024-25_GW18_Liverpool_vs_Leicester City,Liverpool,Leicester City,1.5957,0.966,2.5611,75.0,119.3,0.7802,0.2781,0.6651,0.4676,1.1327,50.7,137.9,0.6893,0.1954,0.9305999999999999,0.49839999999999995,1.4284000000000001,24.299999999999997,2024-12-26,Liverpool,Leicester City,3,1,H,1788.8,1452.4,336.3,1,18,17,16,17,3,2,0,5,2.2,3.2,2.0,0.2,5,0.8,1.2,2.8,0.0,5,2.4,2.5,1.4,0.3,10,0.8,1.2,2.5,0.0,10,2.6,2.0,0.8,0.4,5,0.8,1.0,2.8,0.0,5,1.6404739846396963,0.4839560955835389,0.7930269729085787,0.5895431927298224,0.1677051982041573,0.2493961127893468
2024-25,18,2024-25_GW18_Chelsea_vs_Fulham,Chelsea,Fulham,1.4901,0.8392,2.3294,67.7,205.5,0.7881,0.2651,0.8142,0.6576,1.4718,55.3,96.7,0.7782,0.2303,0.6759,0.18159999999999998,0.8576000000000001,12.400000000000006,2024-12-26,Chelsea,Fulham,1,2,A,1678.9,1550.6,128.3,2,9,7,17,17,3,1,1,5,2.6,2.8,1.0,0.4,5,1.4,1.4,1.0,0.2,5,2.1,2.1,1.1,0.2,10,1.4,1.4,1.4,0.2,10,2.2,1.8,0.8,0.2,5,1.2,1.6,1.4,0.2,5,1.45346573060177,0.5013821869146392,0.9385227349651578,0.5374695301811289,0.1617197647389043,0.1704328847949237
2024-25,18,2024-25_GW18_Bournemouth_vs_Crystal Palace,Bournemouth,Crystal Palace,1.4268,0.638,2.0647,54.0,144.6,0.8668,0.2206,1.2367,0.6879,1.9245,55.1,140.0,0.8794,0.2024,0.19010000000000016,-0.049899999999999944,0.1402000000000001,-1.1000000000000014,2024-12-26,Bournemouth,Crystal Palace,0,0,D,1560.7,1538.3,22.4,5,16,11,17,17,2,3,0,5,2.6,2.2,0.8,0.4,5,1.6,1.6,1.8,0.2,5,2.0,1.9,1.1,0.3,10,1.3,1.3,1.6,0.2,10,2.0,1.4,0.8,0.4,5,1.6,1.6,1.2,0.2,5,1.4184214656021503,0.5444864043972145,1.1028278813135837,0.5658505683955399,0.1766327825230138,0.1649167313766378
2024-25,18,2024-25_GW18_Manchester City_vs_Everton,Manchester City,Everton,1.4117,1.0236,2.4344,73.7,148.0,0.724,0.2225,0.6828,0.481,1.1637,54.6,116.7,0.8585,0.243,0.7289,0.5426000000000001,1.2707000000000002,19.1,2024-12-26,Manchester City,Everton,1,1,D,1770.5,1512.1,258.4,8,16,8,17,16,4,0,1,5,0.8,1.4,1.6,0.2,5,1.2,0.8,0.8,0.8,5,1.0,1.2,1.7,0.2,10,1.2,0.7,0.6,0.7,10,1.8,1.6,1.6,0.4,5,1.0,0.4,1.0,0.6,5,1.2035131465819044,0.5985065717890782,0.8013273840194776,0.5307334336164106,0.1643161451585665,0.1771540178227587
2024-25,18,2024-25_GW18_Newcastle United_vs_Aston Villa,Newcastle United,Aston Villa,1.3094,0.8103,2.1196,62.2,118.0,0.8228,0.2989,0.9756,0.7741,1.7497,57.7,166.2,0.791,0.2476,0.3337999999999999,0.03620000000000001,0.3699000000000001,4.5,2024-12-26,Newcastle United,Aston Villa,3,0,H,1621.1,1629.3,-8.2,9,8,-1,17,17,4,1,0,5,1.6,2.8,1.6,0.4,5,1.8,1.4,1.4,0.2,5,1.4,1.9,1.4,0.3,10,1.4,1.4,1.7,0.1,10,1.4,1.6,1.2,0.4,5,0.6,1.0,2.4,0.0,5,1.2530805775857925,0.494160078821352,1.1766446148539071,0.4728838781720493,0.1625236262923229,0.1729276275469122
2024-25,18,2024-25_GW18_Brighton and Hove Albion_vs_Brentford,Brighton and Hove Albion,Brentford,0.8438,0.6365,1.4803,55.4,207.3,0.7451,0.1518,1.2267,0.7453,1.9721,56.3,134.7,0.8445,0.2419,-0.3828999999999999,-0.10880000000000001,-0.4918,-0.8999999999999986,2024-12-27,Brighton and Hove Albion,Brentford,0,0,D,1572.0,1520.4,51.5,10,12,2,17,17,2,1,2,5,0.6,1.2,2.0,0.0,5,1.2,2.0,2.0,0.0,5,1.3,1.4,1.6,0.1,10,1.3,1.9,1.9,0.1,10,1.6,1.8,1.8,0.0,5,0.2,0.8,1.8,0.2,5,1.0110910127035326,0.4938594646351272,1.0732296392113452,0.5856375740792402,0.1699616556084369,0.1692409521467514
2024-25,18,2024-25_GW18_Arsenal_vs_Ipswich Town,Arsenal,Ipswich Town,1.3511,0.9759,2.327,75.3,147.7,0.8086,0.1948,0.7174,0.5313,1.2487,52.8,132.6,0.8091,0.1779,0.6336999999999999,0.4446,1.0783,22.5,2024-12-27,Arsenal,Ipswich Town,1,0,H,1773.8,1460.4,313.4,4,19,15,17,17,0,0,0,0,2.2,2.6,0.8,0.4,5,0.6,0.6,1.8,0.0,5,1.6,1.9,1.0,0.3,10,0.8,1.0,1.8,0.0,10,2.2,2.0,0.6,0.6,5,1.2,1.6,2.2,0.0,5,1.3322597176080824,0.4293499549309073,0.7828717841406303,0.5763373036274394,0.160583270818554,0.2493961127893468
2024-25,19,2024-25_GW19_West Ham United_vs_Liverpool,West Ham United,Liverpool,1.0205,0.6818,1.7023,56.2,109.2,0.7964,0.2907,1.5616,1.0465,2.6075,75.4,119.1,0.7856,0.2667,-0.5411000000000001,-0.3647,-0.9052,-19.200000000000003,2024-12-29,West Ham United,Liverpool,0,5,A,1542.3,1790.3,-248.0,13,1,-12,18,17,0,4,1,5,1.6,1.2,1.2,0.2,5,2.2,3.2,1.8,0.2,5,1.5,1.2,1.5,0.3,10,2.4,2.7,1.5,0.2,10,1.6,1.4,1.6,0.2,5,2.2,3.0,2.0,0.2,5,1.1303166849235189,0.644044312140231,1.6039300376660963,0.4635947910350708,0.156972142529613,0.1609621021253375
2024-25,19,2024-25_GW19_Tottenham_vs_Wolverhampton Wanderers,Tottenham,Wolverhampton Wanderers,1.3562,0.7888,2.145,66.6,179.7,0.7479,0.1982,0.7521,0.4634,1.2155,54.4,163.6,0.7939,0.2936,0.6041000000000001,0.32539999999999997,0.9295,12.199999999999996,2024-12-29,Tottenham,Wolverhampton Wanderers,2,2,D,1585.4,1472.5,112.9,12,17,5,18,18,1,4,0,5,0.6,2.2,2.4,0.2,5,1.2,1.4,1.6,0.4,5,1.0,2.1,1.7,0.2,10,1.4,1.9,1.7,0.3,10,0.8,2.4,2.8,0.0,5,1.4,2.0,1.8,0.2,5,1.208928020406452,0.5875426988212782,0.8536121263177853,0.5134531795255151,0.152434502095333,0.1635738975975316
2024-25,19,2024-25_GW19_Fulham_vs_Bournemouth,Fulham,Bournemouth,0.7768,0.6276,1.4044,54.9,97.1,0.75,0.2221,1.3641,0.6369,2.001,53.9,144.4,0.8586,0.2189,-0.5873,-0.009299999999999975,-0.5965999999999998,1.0,2024-12-29,Fulham,Bournemouth,2,2,D,1566.4,1557.4,9.0,8,6,-2,18,18,2,2,1,5,1.8,1.6,1.0,0.2,5,2.2,1.4,0.4,0.6,5,1.7,1.5,1.2,0.2,10,1.8,1.7,1.1,0.3,10,1.6,1.4,1.4,0.2,5,2.0,2.4,1.4,0.2,5,0.9768146916898748,0.5296769733594344,1.376501362727212,0.5208195989536356,0.1634800742050935,0.1692033011438188
2024-25,19,2024-25_GW19_Crystal Palace_vs_Southampton,Crystal Palace,Southampton,1.2247,0.6949,1.9196,56.5,138.7,0.8915,0.1972,0.6914,0.5537,1.2446,49.7,155.6,0.7241,0.1636,0.5332999999999999,0.1412,0.675,6.799999999999997,2024-12-29,Crystal Palace,Southampton,2,1,H,1541.7,1355.2,186.6,16,20,4,18,18,3,1,1,5,1.6,1.4,1.6,0.4,5,0.2,0.2,2.4,0.2,5,1.4,1.3,1.5,0.3,10,0.5,0.5,1.9,0.2,10,1.0,1.0,2.0,0.2,5,0.4,0.2,1.0,0.2,5,1.0352108287166109,0.5616111939861475,0.7409796447393991,0.5706357918208963,0.1583880228154973,0.2363723207302003
2024-25,19,2024-25_GW19_Leicester City_vs_Manchester City,Leicester City,Manchester City,0.5689,0.4542,1.0231,50.4,137.7,0.6706,0.1967,1.4197,1.0068,2.4258,74.8,146.7,0.7103,0.2201,-0.8508,-0.5526,-1.4027000000000003,-24.4,2024-12-29,Leicester City,Manchester City,0,2,A,1450.9,1762.7,-311.8,18,8,-10,18,18,0,5,0,5,0.8,1.2,2.6,0.0,5,1.0,1.6,1.4,0.2,5,0.5,1.0,2.6,0.0,10,0.8,1.1,1.7,0.2,10,0.8,1.4,2.2,0.0,5,0.2,1.0,2.0,0.0,5,0.736804134283526,0.5815571859475437,1.2456032449281502,0.5716428610018469,0.2363723207302003,0.1578336118601812
2024-25,19,2024-25_GW19_Everton_vs_Nottingham Forest,Everton,Nottingham Forest,0.7038,0.4467,1.1504,54.4,116.7,0.8665,0.2456,0.9954,0.6026,1.598,56.4,121.5,0.8529,0.2297,-0.29159999999999997,-0.15590000000000004,-0.4476,-2.0,2024-12-29,Everton,Nottingham Forest,0,2,A,1519.8,1557.4,-37.6,16,4,-12,17,18,2,0,2,4,1.2,1.0,1.0,0.6,5,2.4,1.6,1.2,0.4,5,1.2,0.8,0.7,0.6,10,2.1,1.6,1.3,0.4,10,1.4,1.0,0.2,0.8,5,1.8,1.6,1.8,0.2,5,0.7818310216333745,0.5485609976082585,0.9296914531018212,0.476937981244546,0.1696844619693271,0.1673097744964313
2024-25,19,2024-25_GW19_Aston Villa_vs_Brighton and Hove Albion,Aston Villa,Brighton and Hove Albion,0.959,0.7905,1.7494,57.7,166.2,0.8078,0.2415,0.816,0.6538,1.4699,56.2,206.1,0.7453,0.1457,0.14300000000000002,0.13669999999999993,0.2795000000000001,1.5,2024-12-30,Aston Villa,Brighton and Hove Albion,2,2,D,1621.9,1567.9,54.0,9,10,1,18,18,4,1,0,5,1.8,1.4,1.4,0.2,5,0.6,1.0,1.8,0.2,5,1.1,1.1,1.9,0.1,10,1.1,1.3,1.6,0.1,10,2.2,1.8,1.0,0.2,5,1.0,1.4,1.8,0.0,5,1.0929874993288071,0.4954631388355789,1.0103831107539207,0.4817618653224969,0.1657830120194837,0.1630450748401531
2024-25,19,2024-25_GW19_Ipswich Town_vs_Chelsea,Ipswich Town,Chelsea,0.6912,0.4879,1.1791,52.9,132.5,0.7825,0.1743,1.4416,0.8557,2.2973,67.8,205.5,0.8058,0.2676,-0.7504,-0.3678,-1.1181999999999999,-14.899999999999999,2024-12-30,Ipswich Town,Chelsea,2,0,H,1458.7,1663.1,-204.4,19,4,-15,18,18,0,0,0,0,0.6,0.6,1.8,0.0,5,2.0,2.4,1.4,0.2,5,0.8,1.0,1.7,0.0,10,2.1,2.1,1.1,0.2,10,0.4,0.6,1.8,0.0,5,2.2,2.4,1.2,0.2,5,0.7134804607663131,0.5722041948170945,1.3861625287384407,0.5044462748482814,0.2363723207302003,0.1554368506533528
2024-25,19,2024-25_GW19_Manchester United_vs_Newcastle United,Manchester United,Newcastle United,0.9031,0.6275,1.5306,61.1,166.7,0.7519,0.1777,1.3938,0.903,2.2968,62.0,118.4,0.8228,0.2875,-0.4906999999999999,-0.2755000000000001,-0.7662000000000002,-0.8999999999999986,2024-12-30,Manchester United,Newcastle United,0,2,A,1590.2,1628.5,-38.3,14,7,-7,18,18,1,2,2,5,0.6,0.8,2.2,0.0,5,2.0,3.2,1.4,0.6,5,1.1,1.4,1.5,0.2,10,1.7,2.2,1.3,0.4,10,1.4,2.0,1.4,0.4,5,1.4,2.2,1.6,0.2,5,1.0076704106199432,0.5207984972149389,1.315060882013836,0.4742230739754905,0.1597441973061938,0.1561789083935452
2024-25,19,2024-25_GW19_Brentford_vs_Arsenal,Brentford,Arsenal,1.1937,0.7277,1.9214,56.6,134.5,0.7777,0.2423,1.3738,0.9302,2.304,75.3,147.8,0.8097,0.2012,-0.18009999999999993,-0.2025,-0.38259999999999983,-18.699999999999996,2025-01-01,Brentford,Arsenal,1,3,A,1524.5,1775.5,-250.9,12,3,-9,18,18,0,4,1,5,0.8,1.2,1.8,0.2,5,2.2,1.8,0.4,0.6,5,1.4,1.8,1.7,0.2,10,1.9,2.0,0.8,0.4,10,2.4,3.0,2.0,0.0,5,1.6,2.4,1.2,0.0,5,1.0381600509191116,0.5741994190995476,1.3346159995240707,0.4122680360268133,0.1623797816937737,0.1543877345379083
2024-25,20,2024-25_GW20_Southampton_vs_Brentford,Southampton,Brentford,0.7131,0.5276,1.2401,49.4,155.9,0.7335,0.1466,1.1476,0.7421,1.8896,56.1,134.9,0.8218,0.2437,-0.4345,-0.21450000000000002,-0.6495,-6.700000000000003,2025-01-04,Southampton,Brentford,0,5,A,1351.9,1518.6,-166.7,20,12,-8,19,19,1,4,0,5,0.2,0.2,1.8,0.2,5,0.8,1.2,1.8,0.2,5,0.5,0.6,2.0,0.2,10,1.1,1.5,1.7,0.2,10,0.6,0.8,2.8,0.2,5,0.4,0.6,1.4,0.4,5,0.7400887738321761,0.5637077329231701,0.9664197361338204,0.5788186119967998,0.2243498453884617,0.156046123093285
2024-25,20,2024-25_GW20_Brighton and Hove Albion_vs_Arsenal,Brighton and Hove Albion,Arsenal,0.7577,0.6027,1.3604,54.9,207.2,0.7348,0.1458,1.1975,0.7391,1.9366,71.8,151.3,0.7624,0.1946,-0.43979999999999997,-0.13639999999999997,-0.5762,-16.9,2025-01-04,Brighton and Hove Albion,Arsenal,1,1,D,1572.0,1781.4,-209.3,11,2,-9,19,19,1,3,1,5,0.8,1.2,1.6,0.2,5,2.2,2.0,0.6,0.4,5,1.1,1.3,1.6,0.1,10,2.1,2.1,0.7,0.4,10,1.2,1.2,1.4,0.2,5,2.2,3.0,1.2,0.0,5,0.9965274096678912,0.4825972052668026,1.3435538361605637,0.3994962039896376,0.1566602660718468,0.1486685337226129
2024-25,20,2024-25_GW20_Manchester City_vs_West Ham United,Manchester City,West Ham United,1.4048,1.0193,2.423,79.1,140.3,0.7276,0.2267,0.9773,0.6721,1.6494,56.2,109.1,0.7993,0.2987,0.4275000000000001,0.34720000000000006,0.7736000000000001,22.89999999999999,2025-01-04,Manchester City,West Ham United,4,1,H,1767.3,1536.3,231.0,6,13,7,19,19,5,0,0,5,1.0,1.4,1.4,0.2,5,1.6,1.0,1.6,0.2,5,0.8,1.2,1.7,0.2,10,1.2,1.0,1.9,0.3,10,1.4,1.2,1.4,0.4,5,1.4,1.0,1.4,0.4,5,1.2170605401816332,0.5606623207953791,1.0526740900921487,0.6743807329633719,0.1518494794064459,0.1510542429854877
2024-25,20,2024-25_GW20_Bournemouth_vs_Everton,Bournemouth,Everton,1.2475,0.6337,1.8812,54.5,142.9,0.834,0.2122,0.6601,0.4614,1.1215,54.5,116.4,0.8729,0.2317,0.5874,0.17230000000000006,0.7597,0.0,2025-01-04,Bournemouth,Everton,1,0,H,1560.4,1508.0,52.4,7,16,9,19,18,3,2,0,5,1.8,1.6,0.8,0.4,5,1.2,1.0,0.6,0.6,5,1.8,1.8,1.2,0.3,10,0.9,0.6,0.9,0.5,10,1.6,1.0,0.8,0.4,5,0.6,0.2,1.2,0.4,5,1.3742885747864666,0.5127975292369201,0.7764620220417171,0.552836902549593,0.1623450254375088,0.1627891928607764
2024-25,20,2024-25_GW20_Aston Villa_vs_Leicester City,Aston Villa,Leicester City,0.9773,0.8205,1.7979,58.9,164.9,0.8115,0.2445,0.6053,0.5374,1.1427,51.3,136.8,0.7032,0.2001,0.372,0.2831,0.6552,7.600000000000001,2025-01-04,Aston Villa,Leicester City,2,1,H,1617.7,1446.4,171.3,9,19,10,19,19,3,1,1,5,1.4,1.2,1.6,0.2,5,0.2,0.6,2.8,0.0,5,1.1,1.2,2.0,0.1,10,0.5,0.9,2.5,0.0,10,2.2,2.0,1.2,0.2,5,0.2,0.6,3.0,0.0,5,1.1107233084754171,0.4889513263870199,0.7640138727834512,0.55750971389351,0.1591877006374666,0.2243498453884617
2024-25,20,2024-25_GW20_Tottenham_vs_Newcastle United,Tottenham,Newcastle United,1.3975,0.7651,2.1626,66.7,179.6,0.7583,0.1926,1.4311,0.9042,2.3353,62.2,118.4,0.8353,0.2887,-0.033600000000000074,-0.1391,-0.1727000000000003,4.5,2025-01-04,Tottenham,Newcastle United,1,2,A,1579.9,1640.3,-60.4,12,7,-5,19,19,1,4,0,5,0.8,2.6,2.6,0.2,5,2.4,3.0,0.8,0.8,5,1.1,2.3,1.8,0.2,10,2.0,2.3,1.1,0.5,10,0.4,2.0,3.0,0.0,5,2.0,2.4,1.2,0.4,5,1.2399715149718182,0.5647879437715067,1.3173610635009625,0.4675913758959986,0.1468654729265789,0.1503219955879717
2024-25,20,2024-25_GW20_Crystal Palace_vs_Chelsea,Crystal Palace,Chelsea,1.2758,0.7686,2.0444,56.7,138.7,0.8936,0.2009,1.4027,0.8654,2.2681,65.9,207.5,0.773,0.2675,-0.1269,-0.0968,-0.2237,-9.200000000000003,2025-01-04,Crystal Palace,Chelsea,1,1,D,1544.9,1650.2,-105.3,15,4,-11,19,19,0,4,1,5,1.6,1.6,1.8,0.2,5,1.4,1.4,1.6,0.2,5,1.4,1.4,1.6,0.2,10,1.8,1.9,1.2,0.2,10,1.0,1.2,2.2,0.0,5,2.0,2.2,1.4,0.2,5,1.0740277827592333,0.5472057546950518,1.3826503419916452,0.50382053264519,0.1523612652219141,0.1496369899580373
2024-25,20,2024-25_GW20_Fulham_vs_Ipswich Town,Fulham,Ipswich Town,0.8521,0.6444,1.4966,54.8,97.2,0.7575,0.2203,0.6473,0.458,1.1053,51.7,133.4,0.7456,0.1762,0.20479999999999998,0.18639999999999995,0.3913,3.0999999999999943,2025-01-05,Fulham,Ipswich Town,2,2,D,1563.3,1471.6,91.7,9,18,9,19,19,0,0,1,1,1.4,1.4,1.2,0.2,5,1.2,1.0,1.6,0.2,5,1.7,1.6,1.3,0.2,10,1.1,0.9,1.3,0.1,10,1.2,1.4,1.6,0.2,5,1.2,1.4,1.6,0.0,5,0.9650943273204756,0.5454471480441261,0.7669636949799693,0.5692292843780286,0.1570618210962911,0.2243498453884617
2024-25,20,2024-25_GW20_Liverpool_vs_Manchester United,Liverpool,Manchester United,1.6273,1.0824,2.709,74.6,119.9,0.8147,0.2799,0.8886,0.6124,1.501,59.9,167.6,0.7662,0.176,0.7387,0.47,1.2080000000000002,14.699999999999996,2025-01-05,Liverpool,Manchester United,2,2,D,1796.2,1578.4,217.8,1,14,13,18,19,2,1,2,5,2.2,3.8,1.8,0.2,5,0.6,0.8,2.2,0.0,5,2.4,3.0,1.4,0.3,10,1.1,1.3,1.5,0.2,10,2.6,2.2,0.8,0.4,5,0.8,0.8,1.6,0.0,5,1.6501402092698665,0.445529361743517,0.978966274309172,0.5322331351295414,0.1547374399097232,0.1536131720628286
2024-25,20,2024-25_GW20_Wolverhampton Wanderers_vs_Nottingham Forest,Wolverhampton Wanderers,Nottingham Forest,0.715,0.4606,1.1756,54.0,163.8,0.7978,0.2946,1.001,0.6086,1.6096,56.7,121.3,0.8351,0.2309,-0.2859999999999999,-0.14800000000000002,-0.43399999999999994,-2.700000000000003,2025-01-06,Wolverhampton Wanderers,Nottingham Forest,0,3,A,1478.0,1569.2,-91.2,17,3,-14,19,19,1,0,4,5,1.4,1.8,1.2,0.4,5,3.0,2.0,0.6,0.6,5,1.4,1.9,1.7,0.3,10,2.1,1.5,1.2,0.5,10,1.4,1.8,1.6,0.4,5,1.8,1.4,1.6,0.4,5,0.8316148343924854,0.5245361422760472,0.95428937137661,0.4684890463228215,0.1571484310035242,0.1605970800369867
2024-25,21,2024-25_GW21_Brentford_vs_Manchester City,Brentford,Manchester City,1.3224,0.7713,2.0937,56.1,134.9,0.8338,0.2448,1.4536,1.0451,2.4976,79.0,140.3,0.7538,0.2233,-0.13119999999999998,-0.27379999999999993,-0.4038999999999997,-22.9,2025-01-14,Brentford,Manchester City,2,2,D,1526.7,1769.9,-243.1,11,6,-5,20,20,2,3,0,5,0.8,1.4,1.4,0.4,5,1.4,1.8,1.2,0.2,5,1.4,1.9,1.5,0.3,10,1.1,1.5,1.6,0.2,10,1.8,2.4,2.0,0.0,5,0.8,1.2,1.6,0.2,5,1.165834638574009,0.5482187991040923,1.231896174084836,0.5527150895331957,0.1501994193067417,0.1463254289194602
2024-25,21,2024-25_GW21_Chelsea_vs_Bournemouth,Chelsea,Bournemouth,1.3625,0.882,2.2446,67.7,205.5,0.787,0.264,1.2949,0.6742,1.9691,54.4,142.4,0.844,0.2121,0.0676000000000001,0.20779999999999998,0.2755000000000001,13.300000000000004,2025-01-14,Chelsea,Bournemouth,2,2,D,1650.1,1566.3,83.8,4,7,3,20,20,4,0,1,5,1.0,0.8,1.2,0.2,5,1.8,1.4,0.6,0.6,5,1.8,1.9,1.2,0.2,10,1.8,1.7,1.1,0.4,10,2.0,1.8,1.0,0.2,5,2.0,2.6,1.6,0.2,5,1.334392870958889,0.4938487492293976,1.363962486137612,0.497092013921202,0.1442830437434263,0.1560140390249877
2024-25,21,2024-25_GW21_West Ham United_vs_Fulham,West Ham United,Fulham,0.9616,0.6418,1.6031,56.1,108.9,0.747,0.2941,0.9053,0.632,1.5373,53.9,98.3,0.77,0.234,0.05630000000000002,0.009800000000000031,0.06579999999999986,2.200000000000003,2025-01-14,West Ham United,Fulham,3,2,H,1533.7,1558.3,-24.6,14,9,-5,20,20,2,2,1,5,1.0,0.8,2.2,0.2,5,1.4,1.6,1.4,0.2,5,1.2,1.1,2.0,0.3,10,1.5,1.6,1.4,0.2,10,1.0,1.0,2.4,0.2,5,1.8,1.6,1.0,0.2,5,1.0485656072580185,0.6724990881451531,1.0251417689162503,0.55057433778952,0.1455913331800316,0.1511370267363088
2024-25,21,2024-25_GW21_Nottingham Forest_vs_Liverpool,Nottingham Forest,Liverpool,1.0137,0.6222,1.6359,57.2,120.3,0.8472,0.2797,1.6507,1.0659,2.716,74.8,119.9,0.8287,0.2831,-0.637,-0.4437000000000001,-1.0801000000000003,-17.599999999999994,2025-01-14,Nottingham Forest,Liverpool,1,1,D,1579.4,1789.0,-209.6,3,1,-2,20,19,2,3,0,5,3.0,2.0,0.2,0.8,5,2.2,3.6,1.6,0.2,5,2.1,1.5,1.2,0.5,10,2.4,3.0,1.4,0.3,10,2.4,1.6,0.8,0.6,5,2.2,3.8,2.0,0.2,5,1.016148278188416,0.4751529276746732,1.668620000530885,0.4451324741378135,0.1544004820531744,0.1489913524677544
2024-25,21,2024-25_GW21_Newcastle United_vs_Wolverhampton Wanderers,Newcastle United,Wolverhampton Wanderers,1.4838,0.9075,2.3912,62.6,118.2,0.8458,0.2949,0.7389,0.478,1.2169,54.9,162.6,0.7508,0.2779,0.7449,0.4295,1.1743,7.700000000000003,2025-01-15,Newcastle United,Wolverhampton Wanderers,3,0,H,1651.4,1467.7,183.7,5,17,12,20,20,3,0,2,5,3.0,3.0,0.2,0.8,5,1.4,1.6,1.4,0.4,5,2.0,2.4,1.2,0.4,10,1.3,1.7,1.8,0.3,10,2.0,2.2,1.0,0.6,5,1.4,2.0,1.8,0.2,5,1.3562296688268167,0.4626992302545253,0.8637186747202614,0.5349980356883356,0.1449153836377855,0.1512169777574347
2024-25,21,2024-25_GW21_Everton_vs_Aston Villa,Everton,Aston Villa,0.5897,0.4484,1.0381,54.5,116.4,0.8638,0.2176,0.8827,0.8033,1.686,59.0,164.8,0.8135,0.2311,-0.29300000000000004,-0.3549,-0.6478999999999999,-4.5,2025-01-15,Everton,Aston Villa,0,1,A,1502.2,1621.2,-119.0,16,8,-8,19,20,0,4,1,5,0.6,0.2,0.8,0.4,5,1.4,1.4,1.8,0.0,5,0.8,0.5,0.9,0.5,10,1.4,1.3,1.7,0.1,10,1.2,1.0,0.6,0.6,5,0.0,0.4,2.8,0.0,5,0.7618494377911379,0.5641242377011464,1.1128727531402165,0.4689572267168765,0.1564240572339384,0.1530994608912169
2024-25,21,2024-25_GW21_Leicester City_vs_Crystal Palace,Leicester City,Crystal Palace,0.6069,0.5265,1.1333,51.0,135.7,0.7202,0.2051,1.2688,0.7447,2.0135,57.5,137.7,0.8867,0.1991,-0.6618999999999999,-0.21820000000000006,-0.8802000000000001,-6.5,2025-01-15,Leicester City,Crystal Palace,0,2,A,1442.9,1545.1,-102.2,19,15,-4,20,20,1,1,3,5,0.0,0.4,2.8,0.0,5,1.6,1.4,1.6,0.2,5,0.4,0.9,2.6,0.0,10,1.4,1.3,1.5,0.2,10,0.8,1.2,2.0,0.0,5,1.8,1.6,1.0,0.4,5,0.7195348636509625,0.5437476931804782,1.0495445032399755,0.5410278392490849,0.2132517018764725,0.1467978667715677
2024-25,21,2024-25_GW21_Arsenal_vs_Tottenham,Arsenal,Tottenham,0.9555,0.6654,1.6209,70.1,153.1,0.7262,0.1977,1.3334,0.7162,2.0497,63.7,182.7,0.7395,0.1893,-0.3778999999999999,-0.050799999999999956,-0.42880000000000007,6.3999999999999915,2025-01-15,Arsenal,Tottenham,2,1,H,1778.3,1568.8,209.5,3,13,10,20,20,4,0,1,5,2.2,2.0,0.6,0.4,5,0.8,2.2,2.2,0.2,5,2.2,2.2,0.7,0.4,10,0.8,2.0,1.9,0.2,10,2.2,1.6,0.4,0.8,5,1.2,1.8,0.6,0.4,5,1.278638309118762,0.4143901345952896,1.1865702470247648,0.5753973084329839,0.1433890459617459,0.141724611067398
2024-25,21,2024-25_GW21_Manchester United_vs_Southampton,Manchester United,Southampton,0.8917,0.6331,1.5249,59.4,167.5,0.8001,0.1747,0.6365,0.4639,1.0999,49.5,155.8,0.7007,0.1431,0.2552000000000001,0.16920000000000002,0.4249999999999998,9.899999999999999,2025-01-16,Manchester United,Southampton,3,1,H,1585.7,1343.8,241.8,15,20,5,20,20,2,0,3,5,0.8,0.8,2.0,0.0,5,0.2,0.2,2.6,0.2,5,1.1,1.4,1.6,0.2,10,0.2,0.5,2.5,0.1,10,1.2,1.8,1.6,0.4,5,0.4,0.4,1.2,0.2,5,0.9667149912733572,0.55757844153513,0.6864755894687746,0.6130710415895275,0.1479535224405691,0.2132517018764725
2024-25,21,2024-25_GW21_Ipswich Town_vs_Brighton and Hove Albion,Ipswich Town,Brighton and Hove Albion,0.6958,0.4487,1.1444,51.2,133.8,0.7158,0.2011,0.7603,0.6079,1.3682,54.6,207.0,0.7335,0.1391,-0.0645,-0.1592,-0.2238,-3.3999999999999986,2025-01-16,Ipswich Town,Brighton and Hove Albion,0,2,A,1476.6,1575.1,-98.4,17,11,-6,20,20,0,0,1,1,1.4,1.2,1.6,0.2,5,0.8,1.0,1.4,0.2,5,1.1,1.0,1.4,0.1,10,1.2,1.3,1.5,0.1,10,0.8,0.8,1.6,0.2,5,1.2,1.6,1.8,0.0,5,0.8145456231798669,0.5733740045314618,1.0093155362320776,0.4702326182283192,0.2132517018764725,0.1507663447292706
2024-25,22,2024-25_GW22_Newcastle United_vs_Bournemouth,Newcastle United,Bournemouth,1.4919,0.9318,2.4237,63.0,118.1,0.8224,0.2975,1.1866,0.6659,1.8525,54.8,141.9,0.8014,0.2164,0.3052999999999999,0.2658999999999999,0.5712000000000002,8.200000000000003,2025-01-18,Newcastle United,Bournemouth,1,4,A,1654.7,1571.1,83.6,4,8,4,21,21,0,1,4,5,3.0,2.8,0.2,0.8,5,1.8,1.6,0.8,0.6,5,2.0,2.4,1.1,0.5,10,1.9,1.7,1.0,0.4,10,2.0,2.6,1.0,0.6,5,2.2,2.6,1.4,0.2,5,1.3642563924856168,0.4730384668069992,1.3132874215758663,0.5145332172838087,0.1399244517679994,0.1501698019788378
2024-25,22,2024-25_GW22_Brentford_vs_Liverpool,Brentford,Liverpool,1.3637,0.8161,2.1798,56.2,134.8,0.8437,0.2518,1.6445,1.1507,2.7946,76.4,118.4,0.8307,0.2934,-0.28080000000000016,-0.3346,-0.6147999999999998,-20.200000000000003,2025-01-18,Brentford,Liverpool,0,2,A,1530.6,1786.0,-255.3,11,1,-10,21,20,1,4,0,5,1.0,1.6,1.4,0.4,5,2.2,3.4,1.4,0.2,5,1.2,1.8,1.5,0.3,10,2.2,2.9,1.4,0.3,10,1.4,2.2,2.0,0.0,5,2.2,3.6,1.8,0.2,5,1.222402924201036,0.5590465851041994,1.6340550335715267,0.4297168391236534,0.1448022314689028,0.143687045222306
2024-25,22,2024-25_GW22_Leicester City_vs_Fulham,Leicester City,Fulham,0.6675,0.5676,1.2352,51.0,135.7,0.7344,0.2031,0.9741,0.6741,1.6481,53.9,98.2,0.7846,0.2189,-0.3066,-0.10650000000000004,-0.4128999999999998,-2.8999999999999986,2025-01-18,Leicester City,Fulham,0,2,A,1433.0,1550.4,-117.5,19,10,-9,21,21,1,4,0,5,0.0,0.4,2.4,0.0,5,1.2,1.6,1.6,0.2,5,0.4,0.9,2.5,0.0,10,1.2,1.6,1.7,0.1,10,0.8,1.0,2.0,0.0,5,1.6,1.8,1.4,0.2,5,0.7787722158461522,0.5385836848796683,1.0604074715177405,0.5410368945026616,0.2030068241860105,0.1456677522136298
2024-25,22,2024-25_GW22_West Ham United_vs_Crystal Palace,West Ham United,Crystal Palace,0.8485,0.5166,1.3649,53.4,111.6,0.7563,0.2809,1.2838,0.7611,2.0449,57.1,138.0,0.901,0.2031,-0.4353,-0.24450000000000005,-0.6800000000000002,-3.700000000000003,2025-01-18,West Ham United,Crystal Palace,0,2,A,1541.6,1555.0,-13.5,13,15,2,21,21,1,3,1,5,1.4,1.2,2.4,0.2,5,1.6,1.2,1.4,0.4,5,1.4,1.4,2.2,0.2,10,1.7,1.5,1.3,0.3,10,1.4,1.6,2.8,0.0,5,2.2,1.6,0.6,0.6,5,1.0210855382658073,0.6689760619013999,1.0743415252219264,0.5432198387486211,0.1405484318397793,0.1416622027205908
2024-25,22,2024-25_GW22_Arsenal_vs_Aston Villa,Arsenal,Aston Villa,1.0893,0.6946,1.7839,71.8,151.1,0.7542,0.1919,0.8703,0.7442,1.6144,59.6,163.6,0.7832,0.2377,0.21899999999999997,-0.04959999999999998,0.16949999999999998,12.199999999999996,2025-01-18,Arsenal,Aston Villa,2,2,D,1781.2,1630.6,150.6,2,8,6,21,21,3,2,0,5,2.6,2.4,0.8,0.2,5,2.0,1.4,1.4,0.2,5,2.4,2.3,0.7,0.4,10,1.7,1.4,1.5,0.2,10,2.6,1.6,0.2,0.8,5,0.6,0.4,2.0,0.2,5,1.2578071014245698,0.4118431720208083,1.0951415927685295,0.4634667455152987,0.1385154645091414,0.1474793072607329
2024-25,22,2024-25_GW22_Everton_vs_Tottenham,Everton,Tottenham,0.6289,0.4544,1.0833,54.5,116.1,0.8841,0.2123,1.2335,0.6562,1.8897,66.3,179.7,0.7167,0.187,-0.6046,-0.20179999999999998,-0.8064,-11.799999999999997,2025-01-19,Everton,Tottenham,3,2,H,1492.7,1565.9,-73.2,16,15,-1,20,21,0,3,2,5,0.4,0.2,1.0,0.2,5,0.2,1.4,2.6,0.0,5,0.8,0.5,0.9,0.5,10,0.8,2.0,1.9,0.2,10,1.0,0.8,0.6,0.6,5,1.2,2.0,0.8,0.4,5,0.7752148513108137,0.5593875322382668,1.1313675632796811,0.5650852487195609,0.1505482964898364,0.1369789974506725
2024-25,22,2024-25_GW22_Manchester United_vs_Brighton and Hove Albion,Manchester United,Brighton and Hove Albion,0.9852,0.6385,1.6237,59.4,167.5,0.8041,0.1694,0.7891,0.6438,1.4329,54.4,206.9,0.734,0.1341,0.19609999999999994,-0.005300000000000082,0.19079999999999986,5.0,2025-01-19,Manchester United,Brighton and Hove Albion,1,3,A,1588.1,1585.1,3.0,13,10,-3,21,21,1,4,0,5,0.8,1.0,2.0,0.0,5,1.4,1.2,0.8,0.4,5,1.1,1.4,1.7,0.1,10,1.2,1.3,1.4,0.2,10,1.2,1.8,1.8,0.2,5,1.2,1.6,1.6,0.2,5,1.085416680640809,0.554605602087266,0.9876033552143006,0.4497424956368788,0.1427290073594404,0.1453255695936215
2024-25,22,2024-25_GW22_Nottingham Forest_vs_Southampton,Nottingham Forest,Southampton,0.9892,0.6194,1.6086,57.3,120.2,0.8669,0.2862,0.652,0.4637,1.1153,49.0,156.2,0.7202,0.1388,0.33719999999999994,0.15569999999999995,0.49330000000000007,8.299999999999997,2025-01-19,Nottingham Forest,Southampton,3,2,H,1582.5,1341.4,241.1,3,20,17,21,21,3,0,0,3,2.6,1.8,0.2,0.8,5,0.2,0.4,2.2,0.2,5,2.2,1.5,1.0,0.5,10,0.2,0.6,2.6,0.1,10,2.0,1.2,1.0,0.4,5,0.4,0.6,1.4,0.2,5,0.9509337103729044,0.4892067845467835,0.7400927105864465,0.6238868922237284,0.1486803011623308,0.2030068241860105
2024-25,22,2024-25_GW22_Ipswich Town_vs_Manchester City,Ipswich Town,Manchester City,0.6661,0.4429,1.109,51.6,133.3,0.7189,0.1738,1.4923,1.12,2.6113,78.0,141.2,0.773,0.2172,-0.8261999999999999,-0.6771,-1.5023,-26.4,2025-01-19,Ipswich Town,Manchester City,0,6,A,1466.6,1766.0,-299.4,18,8,-10,21,21,0,1,0,1,0.8,0.8,1.8,0.2,5,1.6,2.0,1.2,0.2,5,0.8,0.8,1.5,0.1,10,1.2,1.6,1.6,0.2,10,0.6,0.6,1.8,0.2,5,1.0,1.4,1.6,0.2,5,0.7534810086742103,0.5444549131423112,1.2609781573946293,0.571129463362279,0.2030068241860105,0.1412260876166586
2024-25,22,2024-25_GW22_Chelsea_vs_Wolverhampton Wanderers,Chelsea,Wolverhampton Wanderers,1.4019,0.9011,2.303,67.5,205.4,0.7911,0.2635,0.7204,0.4471,1.1675,55.1,161.1,0.7491,0.3111,0.6814999999999999,0.454,1.1355,12.399999999999999,2025-01-20,Chelsea,Wolverhampton Wanderers,3,1,H,1645.2,1464.5,180.8,6,17,11,21,21,2,3,0,5,0.6,0.8,1.4,0.2,5,1.4,1.4,1.6,0.4,5,1.8,2.0,1.3,0.2,10,1.0,1.5,2.1,0.2,10,1.6,1.8,1.2,0.2,5,0.8,1.2,2.2,0.2,5,1.3665573305933665,0.4873399557782238,0.8958771551615593,0.5408356154698383,0.1393407284750439,0.1457415563081414
2024-25,23,2024-25_GW23_Wolverhampton Wanderers_vs_Arsenal,Wolverhampton Wanderers,Arsenal,0.7293,0.4401,1.1694,53.8,161.2,0.814,0.2823,1.0464,0.7136,1.7599,70.8,151.8,0.7732,0.1885,-0.31710000000000005,-0.2735,-0.5905,-17.0,2025-01-25,Wolverhampton Wanderers,Arsenal,0,1,A,1461.1,1775.0,-313.9,17,2,-15,22,22,0,5,0,5,0.8,1.0,2.2,0.2,5,2.2,1.8,1.0,0.2,5,0.7,1.2,2.3,0.2,10,2.2,2.2,0.9,0.3,10,1.2,1.4,1.8,0.4,5,2.2,3.0,1.2,0.0,5,0.8759796810846129,0.5628149235267669,1.2320975336867748,0.4158822880118364,0.1406871052649428,0.1340165818047955
2024-25,23,2024-25_GW23_Manchester City_vs_Chelsea,Manchester City,Chelsea,1.5398,1.1469,2.6856,79.1,140.1,0.7444,0.2127,1.4791,0.8533,2.3324,66.8,205.8,0.8018,0.2491,0.060699999999999976,0.2936000000000001,0.3532000000000002,12.299999999999997,2025-01-25,Manchester City,Chelsea,3,1,H,1770.8,1648.5,122.2,5,4,-1,22,22,3,0,2,5,2.2,3.0,0.8,0.4,5,1.0,1.4,1.6,0.0,5,1.5,2.2,1.2,0.3,10,1.8,2.1,1.3,0.2,10,1.4,1.8,1.6,0.2,5,1.6,2.0,1.4,0.2,5,1.3411427330372825,0.545956386523004,1.4363798034021265,0.4752611297216318,0.1365188023042379,0.134778396461804
2024-25,23,2024-25_GW23_Southampton_vs_Newcastle United,Southampton,Newcastle United,0.6616,0.4846,1.1457,49.2,153.9,0.7437,0.1528,1.4818,0.9347,2.4165,63.4,118.0,0.8624,0.2926,-0.8202,-0.4501,-1.2708000000000002,-14.199999999999996,2025-01-25,Southampton,Newcastle United,1,3,A,1338.9,1639.8,-300.9,20,6,-14,22,22,0,4,1,5,0.0,0.8,2.8,0.0,5,2.4,2.2,1.0,0.6,5,0.2,0.6,2.6,0.1,10,2.0,2.5,1.3,0.5,10,0.0,0.6,3.8,0.0,5,2.0,2.2,1.2,0.4,5,0.7346767592266388,0.6091322791267962,1.291151055601721,0.4974696749578628,0.1935496101232133,0.1353172409752978
2024-25,23,2024-25_GW23_Brighton and Hove Albion_vs_Everton,Brighton and Hove Albion,Everton,0.8097,0.6175,1.4272,55.3,206.2,0.7455,0.1469,0.6803,0.4517,1.132,54.5,115.4,0.8733,0.2204,0.12939999999999996,0.16580000000000006,0.29520000000000013,0.7999999999999972,2025-01-25,Brighton and Hove Albion,Everton,0,1,A,1598.0,1501.9,96.1,9,16,7,22,21,2,1,2,5,1.8,1.6,0.8,0.4,5,0.8,0.8,1.4,0.0,5,1.2,1.4,1.4,0.2,10,1.0,0.8,1.1,0.4,10,1.2,1.0,1.2,0.2,5,0.6,0.2,1.2,0.4,5,1.0275815599315563,0.447952804432378,0.8398791042093094,0.55041154155473,0.1403031011288898,0.1451242856994989
2024-25,23,2024-25_GW23_Bournemouth_vs_Nottingham Forest,Bournemouth,Nottingham Forest,1.0857,0.6507,1.7364,53.5,140.5,0.8235,0.2273,1.0402,0.6423,1.6825,57.7,120.4,0.8755,0.274,0.045500000000000096,0.008399999999999963,0.05389999999999984,-4.200000000000003,2025-01-25,Bournemouth,Nottingham Forest,5,0,H,1586.0,1585.0,1.0,7,3,-4,22,22,2,0,3,5,1.8,1.8,1.0,0.4,5,2.6,2.0,0.6,0.6,5,2.2,2.0,0.9,0.4,10,2.5,1.8,0.9,0.5,10,1.6,0.8,0.6,0.6,5,2.4,2.0,1.0,0.6,5,1.3392330588786583,0.4967029737164931,1.0012951659484643,0.4800687493059975,0.1447748912293785,0.1433999086777047
2024-25,23,2024-25_GW23_Liverpool_vs_Ipswich Town,Liverpool,Ipswich Town,1.6875,1.2208,2.9077,76.1,118.4,0.8345,0.2782,0.5913,0.4217,1.0129,49.5,134.1,0.7149,0.1792,1.0962,0.7991000000000001,1.8948000000000003,26.599999999999994,2025-01-25,Liverpool,Ipswich Town,4,1,H,1791.8,1461.8,330.0,1,18,17,21,22,1,0,0,1,2.2,2.6,0.8,0.4,5,0.8,0.8,2.2,0.2,5,2.2,2.9,1.4,0.3,10,0.7,0.7,2.0,0.1,10,2.2,2.2,1.0,0.4,5,1.4,1.2,1.2,0.0,5,1.6917469217500285,0.4231702473525791,0.7226846635216787,0.5679726548882688,0.1387905524977756,0.1935496101232133
2024-25,23,2024-25_GW23_Crystal Palace_vs_Brentford,Crystal Palace,Brentford,1.3011,0.7804,2.0815,57.9,137.5,0.9017,0.2064,1.3238,0.8303,2.1541,55.5,135.5,0.8525,0.2516,-0.022700000000000164,-0.049900000000000055,-0.0726,2.3999999999999986,2025-01-26,Crystal Palace,Brentford,1,2,A,1567.5,1524.8,42.7,12,11,-1,22,22,1,1,3,5,2.2,1.4,0.4,0.6,5,1.0,1.6,1.4,0.4,5,1.9,1.5,1.1,0.4,10,1.1,1.8,1.7,0.2,10,1.2,1.4,2.0,0.0,5,1.0,1.4,1.0,0.6,5,1.0669502538495708,0.5168801828403369,1.1576419469255916,0.5937343452741866,0.1369213872855839,0.1398199991512747
2024-25,23,2024-25_GW23_Tottenham_vs_Leicester City,Tottenham,Leicester City,1.0992,0.6579,1.757,63.0,181.7,0.7623,0.1802,0.6683,0.5574,1.2256,50.1,136.4,0.754,0.1998,0.43089999999999995,0.10050000000000003,0.5313999999999999,12.899999999999999,2025-01-26,Tottenham,Leicester City,1,2,A,1556.7,1423.5,133.2,15,19,4,22,22,3,1,1,5,0.2,1.2,2.0,0.0,5,0.0,0.4,2.2,0.0,5,0.5,1.8,2.2,0.1,10,0.4,0.8,2.5,0.0,10,0.4,2.0,3.0,0.0,5,0.0,0.6,3.2,0.0,5,1.1033208256544815,0.5640512893820991,0.7375358192284149,0.5415928029751598,0.1325982439474383,0.1935496101232133
2024-25,23,2024-25_GW23_Aston Villa_vs_West Ham United,Aston Villa,West Ham United,0.881,0.6582,1.5392,58.7,164.3,0.753,0.2399,0.7835,0.4746,1.2581,53.4,111.5,0.7777,0.2644,0.09750000000000003,0.18359999999999999,0.2810999999999999,5.300000000000004,2025-01-26,Aston Villa,West Ham United,1,1,D,1636.8,1529.1,107.7,8,14,6,22,22,2,1,2,5,1.6,1.4,1.6,0.2,5,1.2,1.0,2.6,0.2,5,1.7,1.4,1.5,0.2,10,1.1,1.2,2.4,0.1,10,2.6,2.0,1.0,0.2,5,1.4,1.2,1.6,0.4,5,1.0674898718769548,0.4622570141985445,0.9526392475741404,0.6543143102548403,0.1422912515752289,0.1358932471793773
2024-25,23,2024-25_GW23_Fulham_vs_Manchester United,Fulham,Manchester United,1.0047,0.6881,1.6928,54.2,97.9,0.7915,0.2098,0.9942,0.6302,1.6245,59.6,167.3,0.806,0.1739,0.010499999999999954,0.05790000000000006,0.06830000000000003,-5.399999999999999,2025-01-26,Fulham,Manchester United,0,1,A,1559.9,1575.3,-15.3,10,14,4,22,22,1,4,0,5,1.6,2.0,1.6,0.2,5,0.8,1.2,2.0,0.0,5,1.5,1.7,1.3,0.2,10,1.0,1.4,1.9,0.1,10,1.4,1.6,1.2,0.2,5,1.0,1.0,1.6,0.0,5,1.1081039001640742,0.5194144870459128,1.0829572963413787,0.562289555595501,0.1406189754988689,0.137906172086107
2024-25,24,2024-25_GW24_Nottingham Forest_vs_Brighton and Hove Albion,Nottingham Forest,Brighton and Hove Albion,1.0318,0.653,1.6848,58.2,120.2,0.8767,0.2678,0.8118,0.5963,1.4081,55.5,206.0,0.7624,0.1469,0.22000000000000008,0.05669999999999997,0.27670000000000017,2.700000000000003,2025-02-01,Nottingham Forest,Brighton and Hove Albion,7,0,H,1577.8,1582.9,-5.1,3,9,6,23,23,1,2,2,5,2.0,1.8,1.6,0.4,5,1.6,1.6,1.0,0.2,5,2.2,1.7,1.4,0.4,10,1.1,1.3,1.4,0.2,10,2.6,1.6,0.8,0.4,5,1.8,2.0,1.2,0.2,5,0.9786111631218116,0.4880184577423295,0.9858691835297148,0.4413829610953508,0.1385254920598091,0.1356667783898845
2024-25,24,2024-25_GW24_Bournemouth_vs_Liverpool,Bournemouth,Liverpool,1.1504,0.6747,1.8251,53.6,140.0,0.8482,0.2354,1.7283,1.258,2.9857,76.5,118.4,0.8586,0.2714,-0.5778999999999999,-0.5833,-1.1606,-22.9,2025-02-01,Bournemouth,Liverpool,0,2,A,1593.1,1793.3,-200.2,7,1,-6,23,22,1,4,0,5,2.2,2.8,1.0,0.4,5,2.2,2.8,0.8,0.4,5,2.2,2.1,0.7,0.5,10,2.2,3.0,1.3,0.3,10,2.2,1.6,0.2,0.8,5,2.2,3.4,1.4,0.4,5,1.325072869156746,0.4847315280405206,1.6708425759215777,0.4129774194514539,0.1397947609292556,0.1342705200237983
2024-25,24,2024-25_GW24_Everton_vs_Leicester City,Everton,Leicester City,0.6822,0.4151,1.0973,54.2,115.5,0.8689,0.1905,0.6985,0.5289,1.2273,50.0,135.1,0.7763,0.2181,-0.01629999999999998,-0.11380000000000001,-0.13000000000000012,4.200000000000003,2025-02-01,Everton,Leicester City,4,0,H,1517.0,1439.3,77.7,16,17,1,22,23,1,1,3,5,1.2,0.8,1.2,0.2,5,0.6,0.6,1.8,0.0,5,1.2,0.9,1.1,0.4,10,0.7,0.9,2.2,0.0,10,1.4,1.4,1.0,0.4,5,0.6,1.0,2.8,0.0,5,0.8301269211383047,0.5323733278797679,0.7830377122051261,0.5150210770806369,0.1401172926759609,0.1848195012305676
2024-25,24,2024-25_GW24_Ipswich Town_vs_Southampton,Ipswich Town,Southampton,0.5641,0.4025,0.9665,50.8,132.9,0.7231,0.1898,0.6293,0.4683,1.0972,49.1,153.8,0.7162,0.1477,-0.06519999999999992,-0.06579999999999997,-0.13069999999999993,1.6999999999999957,2025-02-01,Ipswich Town,Southampton,1,2,A,1460.2,1334.1,126.1,19,20,1,23,23,0,0,1,1,0.8,1.0,2.8,0.2,5,0.0,1.0,3.2,0.0,5,0.7,0.8,2.3,0.1,10,0.1,0.6,2.8,0.1,10,0.6,0.6,2.8,0.2,5,0.2,0.8,1.8,0.2,5,0.6882782314147711,0.560611459640156,0.7190951943547097,0.6119156995677426,0.1848195012305676,0.1848195012305676
2024-25,24,2024-25_GW24_Newcastle United_vs_Fulham,Newcastle United,Fulham,1.5626,0.9683,2.5309,63.6,117.9,0.8819,0.2934,1.002,0.6744,1.6764,54.8,97.2,0.8155,0.2063,0.5606,0.29390000000000005,0.8545,8.800000000000004,2025-02-01,Newcastle United,Fulham,1,2,A,1644.6,1547.5,97.1,5,10,5,23,23,4,1,0,5,2.4,2.2,1.2,0.4,5,1.0,1.6,1.6,0.2,5,2.2,2.7,1.3,0.5,10,1.4,1.6,1.3,0.2,10,2.0,2.8,1.4,0.6,5,1.6,1.8,1.4,0.2,5,1.3545402259756754,0.485951285001511,1.0531911716080715,0.4983783769396927,0.1310642493813059,0.1359583671842168
2024-25,24,2024-25_GW24_Wolverhampton Wanderers_vs_Aston Villa,Wolverhampton Wanderers,Aston Villa,0.762,0.4399,1.2019,53.5,161.1,0.8275,0.2767,0.9155,0.706,1.6215,59.2,164.4,0.7823,0.2435,-0.15349999999999997,-0.26609999999999995,-0.4196,-5.700000000000003,2025-02-01,Wolverhampton Wanderers,Aston Villa,2,0,H,1456.6,1631.5,-174.8,18,8,-10,23,23,1,2,2,5,0.2,0.6,2.4,0.0,5,1.8,1.6,1.2,0.2,5,0.7,1.0,2.0,0.2,10,1.8,1.5,1.3,0.2,10,0.6,1.0,2.0,0.2,5,0.8,0.8,2.0,0.2,5,0.8521481177930252,0.5474223534575888,1.030465061256075,0.4611840618725774,0.1360212588849552,0.1375020725659761
2024-25,24,2024-25_GW24_Manchester United_vs_Crystal Palace,Manchester United,Crystal Palace,0.9968,0.6216,1.6184,59.7,167.2,0.8206,0.1704,1.2917,0.8057,2.0974,57.5,138.0,0.9124,0.1992,-0.29490000000000005,-0.18409999999999993,-0.47899999999999987,2.200000000000003,2025-02-02,Manchester United,Crystal Palace,0,2,A,1587.6,1553.6,34.1,12,13,1,23,23,1,2,2,5,1.4,1.4,1.6,0.2,5,2.0,1.6,0.8,0.4,5,1.0,1.1,1.9,0.1,10,1.8,1.5,1.2,0.4,10,0.6,1.2,2.4,0.0,5,2.6,1.6,0.2,0.8,5,1.0107515054869085,0.5405042503602233,1.0413230563492002,0.5208564055049189,0.1334541340093629,0.1325450630623269
2024-25,24,2024-25_GW24_Arsenal_vs_Manchester City,Arsenal,Manchester City,1.0458,0.7151,1.7609,69.1,153.2,0.7903,0.189,1.488,1.0015,2.4883,77.3,141.6,0.731,0.2091,-0.4421999999999999,-0.2864000000000001,-0.7274000000000003,-8.200000000000003,2025-02-02,Arsenal,Manchester City,5,1,H,1779.5,1775.1,4.4,2,4,2,23,23,1,2,2,5,2.2,1.8,1.0,0.2,5,2.6,3.4,0.8,0.4,5,2.2,1.8,0.7,0.4,10,1.8,2.5,1.1,0.3,10,2.2,1.4,0.6,0.6,5,1.6,2.6,1.2,0.4,5,1.190236853497053,0.4108264027937013,1.3772701285097988,0.5443252922423851,0.1298635896399376,0.1321734302852367
2024-25,24,2024-25_GW24_Brentford_vs_Tottenham,Brentford,Tottenham,1.3518,0.8519,2.2037,56.2,134.7,0.8724,0.2516,0.7479,0.6094,1.3573,61.0,183.0,0.7188,0.2048,0.6038999999999999,0.24249999999999994,0.8464,-4.799999999999997,2025-02-02,Brentford,Tottenham,0,2,A,1538.7,1540.8,-2.1,11,16,5,23,23,1,2,2,5,1.4,2.0,1.6,0.2,5,0.2,1.4,2.2,0.0,5,1.1,1.6,1.7,0.2,10,0.4,1.8,2.3,0.1,10,0.8,1.4,2.2,0.0,5,0.6,1.6,1.4,0.2,5,1.1531401530926442,0.5756706680808649,1.0714361241822803,0.5580886087546608,0.1352208190573763,0.1285542987791122
2024-25,24,2024-25_GW24_Chelsea_vs_West Ham United,Chelsea,West Ham United,1.52,0.9385,2.4585,66.4,205.6,0.8211,0.2358,0.8079,0.5183,1.326,53.2,111.4,0.77,0.254,0.7121000000000001,0.4202,1.1324999999999998,13.200000000000003,2025-02-03,Chelsea,West Ham United,2,1,H,1644.2,1534.5,109.7,6,15,9,23,23,3,1,1,5,1.0,1.4,1.8,0.0,5,0.8,1.0,2.8,0.0,5,1.5,1.9,1.6,0.1,10,1.2,1.1,2.0,0.1,10,2.0,2.2,1.2,0.2,5,1.0,1.0,1.8,0.2,5,1.4157865656550894,0.489404722252351,0.957680664690962,0.629639200674119,0.1305668332027391,0.1315959701239119
2024-25,24,2024-25_GW24_Everton_vs_Liverpool,Everton,Liverpool,0.6822,0.4151,1.0973,54.2,115.5,0.8689,0.1905,1.7283,1.258,2.9857,76.5,118.4,0.8586,0.2714,-1.0461,-0.8429,-1.8884,-22.299999999999997,2025-02-12,Everton,Liverpool,2,2,D,1522.3,1800.5,-278.2,16,1,-15,23,23,1,3,1,5,1.8,1.6,0.8,0.4,5,2.2,2.2,0.8,0.4,5,1.5,1.3,0.7,0.5,10,2.2,3.0,1.3,0.3,10,1.4,1.4,1.0,0.4,5,2.6,3.2,0.8,0.6,5,0.830972174823638,0.5315454916579831,1.6720086184713734,0.4121039986043616,0.1401172926759609,0.1342705200237983
2024-25,25,2024-25_GW25_Brighton and Hove Albion_vs_Chelsea,Brighton and Hove Albion,Chelsea,0.8385,0.5798,1.4184,54.4,202.8,0.7327,0.1512,1.5103,0.9063,2.4165,64.0,203.8,0.7969,0.2332,-0.6718,-0.3265,-0.9981,-9.600000000000001,2025-02-14,Brighton and Hove Albion,Chelsea,3,0,H,1575.6,1648.8,-73.2,10,4,-6,24,24,2,3,0,5,1.4,1.2,2.0,0.2,5,1.6,1.8,1.6,0.0,5,1.1,1.2,1.8,0.2,10,1.5,1.6,1.6,0.1,10,0.6,0.6,1.2,0.2,5,1.0,1.2,1.8,0.2,5,0.9592259152372372,0.4684762247643249,1.3906970633529367,0.4820603143535944,0.1313869130823847,0.1266790703144549
2024-25,25,2024-25_GW25_Leicester City_vs_Arsenal,Leicester City,Arsenal,0.6852,0.4969,1.182,49.8,130.7,0.7821,0.2274,1.0511,0.7229,1.7741,68.8,148.7,0.82,0.2026,-0.3658999999999999,-0.22599999999999998,-0.5921000000000001,-19.0,2025-02-15,Leicester City,Arsenal,0,2,A,1434.0,1786.6,-352.6,18,2,-16,24,24,0,5,0,5,0.6,0.6,2.2,0.0,5,2.2,2.2,1.0,0.2,5,0.4,0.6,2.5,0.0,10,2.2,2.1,0.8,0.3,10,0.2,0.4,2.2,0.0,5,2.2,2.2,0.8,0.2,5,0.7301561662462034,0.5250568466177422,1.1538839853745928,0.4078500947508142,0.1767605950060311,0.1260298946861417
2024-25,25,2024-25_GW25_Aston Villa_vs_Ipswich Town,Aston Villa,Ipswich Town,0.8918,0.6849,1.5767,58.5,160.3,0.7947,0.2548,0.6406,0.4359,1.0764,51.4,128.2,0.7331,0.1955,0.2512000000000001,0.24899999999999994,0.5003,7.100000000000001,2025-02-15,Aston Villa,Ipswich Town,1,1,D,1619.3,1444.5,174.8,9,19,10,24,24,0,0,1,1,1.6,1.2,1.2,0.2,5,0.2,0.8,3.2,0.0,5,1.5,1.2,1.4,0.2,10,0.7,0.9,2.4,0.1,10,2.2,1.6,1.0,0.2,5,0.8,1.0,1.8,0.0,5,0.9716662516915634,0.4664253234019607,0.760779866927132,0.5310810693739153,0.1330811031367631,0.1767605950060311
2024-25,25,2024-25_GW25_Fulham_vs_Nottingham Forest,Fulham,Nottingham Forest,0.9782,0.6688,1.647,54.6,93.2,0.8281,0.2143,1.0592,0.6362,1.6954,57.7,116.5,0.8509,0.2878,-0.08099999999999996,0.03259999999999996,-0.0484,-3.1000000000000014,2025-02-15,Fulham,Nottingham Forest,2,1,H,1562.7,1585.1,-22.4,10,3,-7,24,24,4,1,0,5,1.4,1.6,1.4,0.2,5,2.0,2.8,1.6,0.4,5,1.4,1.5,1.3,0.2,10,2.5,2.4,1.1,0.5,10,0.8,1.0,1.2,0.2,5,2.4,2.0,1.4,0.6,5,1.0630657951967697,0.4867609916177821,1.1099848060275503,0.4778656657678392,0.1316560834648561,0.134025838400731
2024-25,25,2024-25_GW25_Manchester City_vs_Newcastle United,Manchester City,Newcastle United,1.524,1.1798,2.7028,76.6,140.0,0.7909,0.222,1.5293,0.9761,2.5055,63.6,114.2,0.8985,0.2999,-0.005300000000000082,0.2037,0.1972999999999998,12.999999999999993,2025-02-15,Manchester City,Newcastle United,4,0,H,1768.0,1629.5,138.6,5,6,1,24,24,3,0,2,5,2.0,3.2,1.8,0.2,5,1.8,2.0,1.6,0.2,5,1.5,2.3,1.6,0.2,10,2.1,2.5,1.2,0.5,10,2.0,2.4,1.0,0.2,5,2.4,2.6,1.2,0.4,5,1.3061554630871832,0.5300001453422513,1.2784375106827346,0.4939621621722857,0.1281621463433656,0.1271382433198472
2024-25,25,2024-25_GW25_Southampton_vs_Bournemouth,Southampton,Bournemouth,0.6094,0.4247,1.0338,49.9,148.3,0.7349,0.1566,1.1945,0.69,1.8844,53.9,136.0,0.8692,0.2442,-0.5850999999999998,-0.2652999999999999,-0.8506,-4.0,2025-02-15,Southampton,Bournemouth,1,3,A,1349.9,1585.9,-236.1,20,7,-13,24,24,2,3,0,5,0.6,1.2,3.0,0.0,5,2.0,2.4,1.0,0.4,5,0.4,0.7,2.4,0.1,10,1.9,2.0,0.9,0.4,10,0.0,0.4,3.8,0.0,5,2.2,2.6,1.2,0.2,5,0.7188689415006897,0.5920300432247846,1.30441663565528,0.5015817754368667,0.1767605950060311,0.1351975212420768
2024-25,25,2024-25_GW25_West Ham United_vs_Brentford,West Ham United,Brentford,0.8481,0.5688,1.4165,55.7,104.3,0.7558,0.2575,1.3805,0.8353,2.2158,56.3,130.5,0.8654,0.2711,-0.5324000000000001,-0.26650000000000007,-0.7993000000000001,-0.5999999999999943,2025-02-15,West Ham United,Brentford,0,1,A,1529.9,1526.0,3.9,16,11,-5,24,24,1,3,1,5,0.8,1.2,2.2,0.0,5,1.4,1.8,1.4,0.2,5,1.2,1.1,1.9,0.1,10,1.1,1.5,1.6,0.2,10,1.4,1.2,2.2,0.0,5,1.4,1.8,1.2,0.4,5,0.954609807892298,0.6267473602212834,1.1785570290881682,0.5586853691301645,0.1276290834290596,0.1309752407327227
2024-25,25,2024-25_GW25_Crystal Palace_vs_Everton,Crystal Palace,Everton,1.3091,0.8059,2.115,57.4,133.8,0.9098,0.2251,0.5742,0.3934,0.9677,53.8,111.1,0.7904,0.218,0.7348999999999999,0.4124999999999999,1.1473000000000002,3.6000000000000014,2025-02-15,Crystal Palace,Everton,1,2,A,1567.3,1527.1,40.2,12,15,3,24,24,0,3,2,5,2.0,1.6,0.6,0.6,5,2.0,2.0,1.0,0.4,5,1.8,1.6,1.2,0.4,10,1.3,1.1,0.9,0.4,10,1.0,1.4,2.2,0.0,5,1.0,0.4,1.2,0.4,5,1.1159130946268536,0.5127371395005862,1.1098904655768866,0.49457294702598,0.1285052066347506,0.131228577563284
2024-25,25,2024-25_GW25_Tottenham_vs_Manchester United,Tottenham,Manchester United,0.6872,0.5767,1.2639,58.2,181.5,0.7215,0.1888,0.9897,0.6566,1.6463,59.4,162.9,0.8201,0.1729,-0.3025,-0.07989999999999997,-0.3824000000000001,-1.1999999999999957,2025-02-16,Tottenham,Manchester United,1,0,H,1553.6,1574.0,-20.4,15,14,-1,24,24,2,1,2,5,0.6,1.4,1.8,0.2,5,1.4,1.4,1.6,0.2,5,0.7,2.0,2.2,0.2,10,1.0,1.1,1.9,0.1,10,0.2,2.0,3.2,0.0,5,1.4,1.0,1.4,0.2,5,1.0378367664096848,0.5551247211161964,0.9956471942906604,0.5600651867742606,0.1248212668903391,0.1293443848859847
2024-25,25,2024-25_GW25_Liverpool_vs_Wolverhampton Wanderers,Liverpool,Wolverhampton Wanderers,1.7152,1.2072,2.9219,76.7,114.8,0.882,0.2851,0.7489,0.4397,1.1886,52.4,157.8,0.8158,0.2707,0.9663,0.7675000000000001,1.7332999999999998,24.300000000000004,2025-02-16,Liverpool,Wolverhampton Wanderers,2,1,H,1795.8,1468.7,327.0,1,17,16,24,24,4,1,0,5,2.2,2.2,0.8,0.4,5,0.6,0.6,2.0,0.2,5,2.2,2.9,1.2,0.3,10,1.0,1.2,1.6,0.3,10,2.2,2.6,1.2,0.2,5,0.8,1.4,2.0,0.2,5,1.7429753118139757,0.424323767525187,0.8902671610090572,0.5228110985237604,0.1262462865622461,0.1317141398218597
2024-25,25,2024-25_GW25_Aston Villa_vs_Liverpool,Aston Villa,Liverpool,0.8918,0.6849,1.5767,58.5,160.3,0.7947,0.2548,1.7152,1.2072,2.9219,76.7,114.8,0.882,0.2851,-0.8234,-0.5223000000000001,-1.3452,-18.200000000000003,2025-02-19,Aston Villa,Liverpool,2,2,D,1612.7,1797.4,-184.6,9,1,-8,25,25,0,3,2,5,1.2,1.0,1.2,0.2,5,2.6,2.4,0.8,0.4,5,1.3,1.2,1.5,0.1,10,2.4,2.9,1.1,0.3,10,1.8,1.6,1.2,0.0,5,2.2,2.4,0.6,0.6,5,0.9706590234858632,0.467319388562745,1.743231347541124,0.4241319340379422,0.1330811031367631,0.1262462865622461
2024-25,26,2024-25_GW26_Leicester City_vs_Brentford,Leicester City,Brentford,0.6839,0.4717,1.1555,50.1,130.2,0.7663,0.2255,1.391,0.794,2.185,56.4,128.9,0.8564,0.2884,-0.7071000000000001,-0.32230000000000003,-1.0295,-6.299999999999997,2025-02-21,Leicester City,Brentford,0,4,A,1430.3,1538.9,-108.6,19,11,-8,25,25,2,1,2,5,0.6,0.4,2.2,0.0,5,1.4,1.0,1.4,0.2,5,0.3,0.4,2.5,0.0,10,1.1,1.2,1.4,0.3,10,0.0,0.0,2.2,0.0,5,2.0,1.8,0.6,0.6,5,0.6747256896070298,0.5096947670529105,1.1800325413977284,0.5392996254541655,0.1693212869361643,0.1270560779813702
2024-25,26,2024-25_GW26_Everton_vs_Manchester United,Everton,Manchester United,0.5825,0.3968,0.9793,53.8,111.1,0.7823,0.2126,0.9904,0.6288,1.6192,60.1,161.2,0.7976,0.1752,-0.40789999999999993,-0.23200000000000004,-0.6399,-6.300000000000004,2025-02-22,Everton,Manchester United,2,2,D,1540.9,1566.2,-25.3,14,15,1,25,25,0,5,0,5,2.6,2.4,1.0,0.4,5,1.2,1.0,1.4,0.2,5,1.5,1.3,1.0,0.3,10,1.0,0.9,1.7,0.1,10,1.4,1.8,1.4,0.2,5,1.4,1.0,1.2,0.2,5,1.0770865191629166,0.5006077766163461,1.0069685310561416,0.5649449539546343,0.1272899373508031,0.1255506082906461
2024-25,26,2024-25_GW26_Arsenal_vs_West Ham United,Arsenal,West Ham United,0.981,0.7527,1.7336,68.6,148.7,0.8195,0.1993,0.8792,0.5847,1.4636,55.7,103.6,0.7887,0.247,0.1018,0.16800000000000004,0.27,12.899999999999991,2025-02-22,Arsenal,West Ham United,0,1,A,1790.4,1517.0,273.4,2,16,14,25,25,3,1,1,5,2.6,2.4,0.8,0.4,5,0.8,1.0,1.6,0.0,5,2.4,2.2,0.7,0.4,10,0.9,0.9,1.9,0.1,10,2.2,2.0,0.8,0.4,5,1.0,1.0,1.6,0.2,5,1.1432799272600227,0.3947077772900551,0.9266968246277624,0.6233050219555769,0.1224909482072328,0.1239671854767777
2024-25,26,2024-25_GW26_Bournemouth_vs_Wolverhampton Wanderers,Bournemouth,Wolverhampton Wanderers,1.2247,0.7126,1.9373,54.3,136.0,0.8871,0.2443,0.6652,0.4577,1.1229,52.4,157.5,0.8027,0.2633,0.5594999999999999,0.2549,0.8144,1.8999999999999986,2025-02-22,Bournemouth,Wolverhampton Wanderers,0,1,A,1592.2,1467.2,125.0,5,17,12,25,25,3,1,1,5,2.0,2.8,1.2,0.2,5,0.6,0.8,1.8,0.2,5,1.9,2.1,0.9,0.4,10,1.0,1.2,1.6,0.3,10,1.6,1.4,0.6,0.6,5,0.8,1.4,2.0,0.2,5,1.262312893473038,0.4861808257966719,0.9104364466280876,0.5207127963006536,0.1309537341385847,0.1277381678088827
2024-25,26,2024-25_GW26_Fulham_vs_Crystal Palace,Fulham,Crystal Palace,0.9412,0.6657,1.6069,54.6,93.0,0.8445,0.211,1.3013,0.8258,2.1271,54.9,136.1,0.9159,0.2278,-0.36009999999999986,-0.16010000000000002,-0.5202,-0.29999999999999716,2025-02-22,Fulham,Crystal Palace,0,2,A,1570.5,1553.4,17.0,8,14,6,25,25,2,0,3,5,1.8,1.6,1.2,0.2,5,1.8,1.6,0.8,0.6,5,1.6,1.6,1.3,0.2,10,1.7,1.5,1.2,0.4,10,1.2,1.2,1.2,0.2,5,2.6,1.8,0.2,0.8,5,1.1095794722259258,0.470035642968947,1.1249686780938266,0.5060408424252903,0.127684575036721,0.1247759491293998
2024-25,26,2024-25_GW26_Ipswich Town_vs_Tottenham,Ipswich Town,Tottenham,0.6606,0.4023,1.0629,51.0,128.6,0.727,0.1911,0.7592,0.6335,1.3928,60.8,177.7,0.6776,0.1975,-0.09860000000000002,-0.23119999999999996,-0.3299000000000001,-9.799999999999997,2025-02-22,Ipswich Town,Tottenham,1,4,A,1451.1,1561.3,-110.2,18,14,-4,25,25,1,0,0,1,0.2,0.6,3.0,0.0,5,1.2,1.4,1.4,0.4,5,0.8,0.9,2.3,0.1,10,1.0,1.8,1.8,0.3,10,0.6,0.6,2.8,0.2,5,1.2,2.0,1.2,0.4,5,0.714610152205149,0.5322473073145912,1.0910086820266889,0.5446378578627588,0.1693212869361643,0.1213752441322301
2024-25,26,2024-25_GW26_Southampton_vs_Brighton and Hove Albion,Southampton,Brighton and Hove Albion,0.5455,0.4297,0.9748,47.8,150.4,0.713,0.1561,0.8399,0.5614,1.4013,54.4,202.0,0.7317,0.154,-0.2944,-0.13169999999999998,-0.4265,-6.600000000000001,2025-02-22,Southampton,Brighton and Hove Albion,0,4,A,1343.6,1584.8,-241.2,20,11,-9,25,25,0,2,3,5,0.6,1.4,2.6,0.0,5,1.8,1.6,1.8,0.4,5,0.4,0.8,2.6,0.1,10,1.3,1.3,1.6,0.3,10,0.0,0.4,3.4,0.0,5,1.6,1.6,2.2,0.2,5,0.7075465039996847,0.5632053614371704,0.971408077122139,0.4521014698560275,0.1693212869361643,0.1274360994566986
2024-25,26,2024-25_GW26_Aston Villa_vs_Chelsea,Aston Villa,Chelsea,0.9398,0.8871,1.8269,58.3,162.3,0.8132,0.232,1.4451,0.89,2.335,66.0,201.4,0.767,0.2179,-0.5053000000000001,-0.0029000000000000137,-0.5081,-7.700000000000003,2025-02-22,Aston Villa,Chelsea,2,1,H,1615.1,1639.5,-24.4,10,6,-4,26,25,2,2,1,5,0.8,1.2,1.6,0.0,5,1.4,1.6,2.0,0.0,5,1.4,1.3,1.5,0.1,10,1.2,1.2,1.6,0.1,10,1.4,1.6,1.4,0.0,5,0.4,0.4,1.8,0.2,5,1.18930713353797,0.4632342840957468,1.3001145828155931,0.4803466633162265,0.1252327323494675,0.1230902128414045
2024-25,26,2024-25_GW26_Newcastle United_vs_Nottingham Forest,Newcastle United,Nottingham Forest,1.4595,0.9419,2.4014,63.5,114.2,0.8863,0.2877,1.0282,0.6314,1.6596,58.2,116.2,0.8522,0.2925,0.4313,0.3105,0.7418000000000002,5.299999999999997,2025-02-23,Newcastle United,Nottingham Forest,4,3,H,1625.5,1577.3,48.1,8,3,-5,25,25,4,1,0,5,1.2,1.6,2.2,0.2,5,1.4,2.4,2.0,0.2,5,2.1,2.3,1.2,0.5,10,2.2,2.2,1.1,0.5,10,1.8,2.4,1.2,0.6,5,1.8,1.6,1.4,0.6,5,1.1968621437634157,0.5062669005428027,1.0408843496004576,0.4963384410099124,0.1235140829485016,0.1298721345549576
2024-25,26,2024-25_GW26_Manchester City_vs_Liverpool,Manchester City,Liverpool,1.7298,1.1655,2.8943,76.3,140.0,0.7706,0.2121,1.4905,1.1084,2.5987,74.4,117.1,0.8449,0.2909,0.23930000000000007,0.05709999999999993,0.29559999999999986,1.8999999999999915,2025-02-23,Manchester City,Liverpool,0,2,A,1772.1,1795.0,-22.9,4,1,-3,25,26,1,2,2,5,2.0,3.2,1.6,0.4,5,2.2,2.4,1.2,0.2,5,1.7,2.5,1.4,0.3,10,2.2,2.5,1.0,0.3,10,2.0,2.6,1.0,0.2,5,1.8,1.8,1.0,0.4,5,1.3100469945218052,0.5066550343149453,1.8998027744267916,0.4277008616075793,0.1244592645666261,0.1194084858567696
2024-25,27,2024-25_GW27_Wolverhampton Wanderers_vs_Fulham,Wolverhampton Wanderers,Fulham,0.8814,0.4526,1.3324,52.3,157.0,0.8094,0.2837,0.8714,0.6188,1.4902,53.9,93.3,0.8539,0.2246,0.010000000000000009,-0.16620000000000001,-0.15779999999999994,-1.6000000000000014,2025-02-25,Wolverhampton Wanderers,Fulham,1,2,A,1482.9,1557.2,-74.4,17,10,-7,26,26,2,1,2,5,1.2,1.0,1.2,0.4,5,1.8,1.2,1.0,0.2,5,1.3,1.2,1.4,0.4,10,1.5,1.4,1.3,0.2,10,1.2,1.0,1.2,0.4,5,2.0,2.0,1.4,0.2,5,0.9628090419163852,0.5008712586837128,1.0276889164967753,0.4762239743901183,0.1240678830509279,0.1240184106868973
2024-25,27,2024-25_GW27_Chelsea_vs_Southampton,Chelsea,Southampton,1.2008,0.8588,2.0596,62.8,202.7,0.7444,0.2193,0.5152,0.4233,0.9382,49.3,148.8,0.7057,0.1542,0.6856000000000001,0.4355,1.1214,13.5,2025-02-25,Chelsea,Southampton,4,0,H,1631.7,1337.4,294.3,7,20,13,26,26,3,2,0,5,1.2,1.4,2.0,0.0,5,0.6,1.2,2.8,0.0,5,0.9,1.1,1.7,0.1,10,0.4,0.8,2.5,0.1,10,2.0,2.0,1.4,0.0,5,0.8,1.2,1.8,0.2,5,1.3233926275879542,0.4904592663605236,0.6482131659835803,0.5934434470640327,0.1197772798431798,0.1624539400510644
2024-25,27,2024-25_GW27_Brighton and Hove Albion_vs_Bournemouth,Brighton and Hove Albion,Bournemouth,0.9419,0.5959,1.5378,55.2,200.7,0.7282,0.1535,1.215,0.7137,1.9288,54.6,135.9,0.8895,0.2485,-0.2731000000000001,-0.11780000000000002,-0.391,0.6000000000000014,2025-02-25,Brighton and Hove Albion,Bournemouth,2,1,H,1590.9,1576.5,14.4,10,7,-3,26,26,4,1,0,5,1.8,2.0,1.8,0.4,5,1.8,2.4,1.0,0.2,5,1.6,1.6,1.3,0.4,10,1.8,2.0,0.9,0.4,10,1.0,1.0,1.0,0.4,5,2.2,2.8,1.2,0.2,5,1.13517250536342,0.4324240468521707,1.1871614556593002,0.4930057092111848,0.1237890388173007,0.1270362248927662
2024-25,27,2024-25_GW27_Crystal Palace_vs_Aston Villa,Crystal Palace,Aston Villa,1.3132,0.8221,2.1354,54.9,135.6,0.9256,0.225,1.2293,0.8391,2.0684,59.4,161.3,0.7798,0.2442,0.08389999999999986,-0.016999999999999904,0.06700000000000017,-4.5,2025-02-25,Crystal Palace,Aston Villa,4,1,H,1566.7,1623.0,-56.3,13,10,-3,26,27,2,2,1,5,1.8,1.6,0.8,0.6,5,1.2,1.2,1.4,0.0,5,1.7,1.4,1.1,0.5,10,1.4,1.3,1.5,0.1,10,0.8,1.2,2.2,0.0,5,0.8,0.8,1.8,0.2,5,1.112704863840365,0.4826229151128328,1.2301891994860046,0.4741660859086511,0.1213334105663253,0.121755074623525
2024-25,27,2024-25_GW27_Brentford_vs_Everton,Brentford,Everton,1.4072,0.8278,2.2346,56.4,128.8,0.863,0.2829,0.5524,0.3834,0.9358,53.5,110.9,0.7691,0.2168,0.8548,0.44439999999999996,1.2988,2.8999999999999986,2025-02-26,Brentford,Everton,1,1,D,1548.6,1538.8,9.9,11,14,3,26,26,0,3,2,5,1.8,1.4,1.0,0.4,5,2.2,2.2,1.0,0.4,5,1.4,1.5,1.2,0.4,10,1.5,1.5,1.2,0.2,10,0.2,0.6,2.2,0.0,5,1.6,0.8,0.6,0.4,5,1.1726485154624031,0.5169329839406496,1.1023872329699014,0.483352308108795,0.1234382347814471,0.1236541141881262
2024-25,27,2024-25_GW27_Manchester United_vs_Ipswich Town,Manchester United,Ipswich Town,0.812,0.5106,1.3226,61.1,156.1,0.8043,0.215,0.6283,0.3668,0.9951,52.5,126.6,0.7596,0.1975,0.18370000000000009,0.14380000000000004,0.3275,8.600000000000001,2025-02-26,Manchester United,Ipswich Town,3,2,H,1568.3,1441.4,127.0,15,18,3,26,26,0,0,1,1,0.8,0.8,1.6,0.2,5,0.2,0.8,3.4,0.0,5,0.8,0.9,1.8,0.1,10,0.5,0.8,2.6,0.1,10,0.6,0.8,2.2,0.0,5,1.0,1.2,1.8,0.0,5,0.9516265549014352,0.5620759135855586,0.7312506819176547,0.522782720759587,0.12204851110095,0.1624539400510644
2024-25,27,2024-25_GW27_Nottingham Forest_vs_Arsenal,Nottingham Forest,Arsenal,1.0877,0.678,1.7657,58.2,116.1,0.8722,0.2883,0.781,0.729,1.51,64.9,152.5,0.7827,0.197,0.30669999999999986,-0.050999999999999934,0.25570000000000004,-6.700000000000003,2025-02-26,Nottingham Forest,Arsenal,0,0,D,1571.3,1772.5,-201.2,3,2,-1,26,26,1,4,0,5,1.2,2.8,2.6,0.2,5,2.0,2.0,0.8,0.4,5,1.9,2.3,1.4,0.5,10,2.3,2.2,0.8,0.3,10,2.6,2.8,0.8,0.4,5,2.6,2.4,0.6,0.4,5,1.087721893967658,0.5291428297316285,1.1228939334942023,0.4017903346239897,0.1260377826368752,0.1192240888635645
2024-25,27,2024-25_GW27_Tottenham_vs_Manchester City,Tottenham,Manchester City,1.0655,0.6336,1.6991,59.3,179.5,0.7442,0.2,1.4974,1.0977,2.5943,75.6,141.7,0.7669,0.2206,-0.4319000000000002,-0.46409999999999985,-0.8952,-16.299999999999997,2025-02-26,Tottenham,Manchester City,0,1,A,1571.0,1759.9,-188.9,13,5,-8,26,26,2,2,1,5,1.8,2.0,1.2,0.4,5,1.8,2.8,1.6,0.4,5,1.0,1.7,1.9,0.2,10,1.7,2.4,1.4,0.3,10,0.8,1.6,2.4,0.2,5,1.4,2.4,1.8,0.4,5,1.105656452392856,0.5300575954069389,1.2356824516730456,0.4918603539610879,0.1181941641941994,0.1210410738697807
2024-25,27,2024-25_GW27_Liverpool_vs_Newcastle United,Liverpool,Newcastle United,1.5704,1.1516,2.7218,76.7,114.8,0.8797,0.2941,1.4384,0.893,2.3314,62.0,115.5,0.8331,0.2777,0.13200000000000012,0.25859999999999994,0.3904000000000001,14.700000000000003,2025-02-26,Liverpool,Newcastle United,2,0,H,1807.2,1631.4,175.7,1,6,5,27,26,4,0,1,5,2.2,2.0,1.0,0.4,5,1.2,1.8,2.8,0.0,5,2.2,2.4,0.9,0.4,10,2.1,2.3,1.5,0.4,10,2.2,2.6,1.4,0.0,5,2.4,2.2,1.2,0.4,5,1.768080979552479,0.4187492226796778,1.2793356215138805,0.5211100133736674,0.1163786174807305,0.1201685612677858
2024-25,27,2024-25_GW27_West Ham United_vs_Leicester City,West Ham United,Leicester City,0.8255,0.5842,1.4096,55.7,104.0,0.7664,0.2518,0.6808,0.4464,1.1272,50.6,129.5,0.7396,0.2241,0.14470000000000005,0.13780000000000003,0.2824,5.100000000000001,2025-02-27,West Ham United,Leicester City,2,0,H,1534.9,1420.5,114.4,16,19,3,26,26,1,3,1,5,0.8,0.6,1.2,0.2,5,0.6,0.4,2.6,0.0,5,1.1,0.9,1.8,0.2,10,0.3,0.4,2.5,0.0,10,0.8,0.8,2.2,0.0,5,0.6,0.8,2.8,0.0,5,0.9216091686887662,0.6069785231732923,0.6479286361160577,0.4997247765560612,0.1205868276182266,0.1624539400510644
2024-25,28,2024-25_GW28_Brentford_vs_Aston Villa,Brentford,Aston Villa,1.3984,0.8087,2.2064,57.0,128.0,0.8361,0.2996,1.0532,0.8012,1.8543,57.7,163.0,0.796,0.2481,0.3452000000000002,0.007499999999999951,0.35209999999999986,-0.7000000000000028,2025-03-08,Brentford,Aston Villa,0,1,A,1545.6,1614.2,-68.7,11,10,-1,27,28,0,3,2,5,2.0,1.6,0.8,0.4,5,1.0,1.2,2.0,0.0,5,1.5,1.6,1.1,0.4,10,1.4,1.4,1.6,0.1,10,0.4,0.8,2.0,0.0,5,0.8,0.8,2.2,0.2,5,1.1762753545945877,0.5133878649034795,1.146134941382989,0.5161269100704234,0.1200985445849343,0.1185447919295697
2024-25,28,2024-25_GW28_Nottingham Forest_vs_Manchester City,Nottingham Forest,Manchester City,1.068,0.6735,1.7415,58.3,116.1,0.8893,0.29,1.4597,1.0449,2.5039,75.9,141.3,0.7761,0.2273,-0.39169999999999994,-0.37139999999999995,-0.7623999999999997,-17.60000000000001,2025-03-08,Nottingham Forest,Manchester City,1,0,H,1574.2,1767.4,-193.2,3,4,1,27,27,0,4,1,5,0.8,2.2,2.2,0.4,5,1.8,1.8,1.6,0.4,5,1.7,2.1,1.4,0.5,10,2.0,2.4,1.2,0.4,10,2.2,2.4,0.6,0.6,5,2.0,2.4,1.4,0.6,5,1.0224962311632386,0.5177529370972783,1.260276123185751,0.4872370112472938,0.1224982297034943,0.1178856861624559
2024-25,28,2024-25_GW28_Brighton and Hove Albion_vs_Fulham,Brighton and Hove Albion,Fulham,0.9765,0.5969,1.5734,55.7,200.2,0.7217,0.1453,0.7711,0.5606,1.3317,53.9,93.3,0.8131,0.2186,0.20540000000000003,0.0363,0.2416999999999998,1.8000000000000043,2025-03-08,Brighton and Hove Albion,Fulham,2,1,H,1597.7,1568.0,29.8,9,10,1,27,27,0,4,1,5,1.8,1.8,1.8,0.4,5,1.8,1.2,1.2,0.0,5,1.8,1.7,1.3,0.4,10,1.7,1.6,1.4,0.1,10,1.6,1.2,0.6,0.4,5,2.4,2.0,1.2,0.2,5,1.1866051767211423,0.4327400388826741,1.047581821656859,0.4788034568798896,0.1204223775248092,0.120634114447035
2024-25,28,2024-25_GW28_Crystal Palace_vs_Ipswich Town,Crystal Palace,Ipswich Town,1.4028,0.8218,2.2246,56.9,133.7,0.9226,0.23,0.6907,0.3504,1.0411,50.8,128.0,0.7778,0.1839,0.7121000000000001,0.4714,1.1835000000000002,6.100000000000001,2025-03-08,Crystal Palace,Ipswich Town,1,0,H,1575.4,1437.1,138.3,12,18,6,27,27,1,0,0,1,1.8,2.0,1.0,0.4,5,0.2,1.2,2.8,0.0,5,2.0,1.7,0.7,0.5,10,0.5,1.0,2.5,0.1,10,1.4,1.8,1.4,0.0,5,0.4,1.2,2.2,0.0,5,1.2794431989682706,0.4654454111431325,0.7662786121587035,0.4928914677210232,0.118155546945685,0.1561145798851212
2024-25,28,2024-25_GW28_Liverpool_vs_Southampton,Liverpool,Southampton,1.5717,1.123,2.6945,76.6,114.8,0.8716,0.2867,0.5258,0.4325,0.9579,48.8,149.2,0.7079,0.1504,1.0459,0.6905,1.7366000000000001,27.799999999999997,2025-03-08,Liverpool,Southampton,3,1,H,1810.6,1335.6,475.0,1,20,19,28,27,4,0,1,5,2.2,2.0,1.0,0.4,5,0.6,0.8,3.0,0.0,5,2.2,2.1,0.9,0.4,10,0.3,0.8,2.9,0.0,10,2.6,2.6,1.0,0.2,5,0.6,1.2,2.6,0.0,5,1.7088188334332846,0.4043382975167349,0.6400325804229073,0.5917278502892228,0.113581696455409,0.1561145798851212
2024-25,28,2024-25_GW28_Wolverhampton Wanderers_vs_Everton,Wolverhampton Wanderers,Everton,0.9347,0.4579,1.3906,53.4,156.0,0.816,0.2766,0.6292,0.4009,1.0301,53.7,110.7,0.7867,0.2108,0.3055,0.056999999999999995,0.36050000000000004,-0.30000000000000426,2025-03-08,Wolverhampton Wanderers,Everton,1,1,D,1472.1,1541.8,-69.7,17,16,-1,27,27,3,1,1,5,1.2,1.0,1.0,0.4,5,1.8,2.2,1.2,0.2,5,1.0,1.0,1.6,0.3,10,1.5,1.5,1.2,0.2,10,1.2,1.0,1.2,0.4,5,1.6,1.0,0.8,0.2,5,0.9626318366921052,0.502395559508719,1.0931708797743225,0.4875137725904872,0.1206797831949661,0.1202978263940881
2024-25,28,2024-25_GW28_Tottenham_vs_Bournemouth,Tottenham,Bournemouth,0.9908,0.5857,1.5764,61.2,177.5,0.7336,0.1937,1.2735,0.7409,2.0144,54.7,135.9,0.8931,0.2507,-0.28270000000000006,-0.1552,-0.43800000000000017,6.5,2025-03-09,Tottenham,Bournemouth,2,2,D,1563.5,1569.7,-6.2,13,9,-4,27,27,3,2,0,5,1.8,1.6,0.8,0.4,5,1.2,1.8,1.2,0.2,5,1.0,1.4,1.4,0.2,10,1.5,1.8,1.1,0.3,10,0.8,1.0,1.4,0.2,5,1.6,2.4,1.6,0.0,5,1.0920601829467242,0.5325401006752568,1.1729938295551694,0.5072358188790893,0.1152576573042406,0.1234199080708305
2024-25,28,2024-25_GW28_Chelsea_vs_Leicester City,Chelsea,Leicester City,1.1069,0.8414,1.9482,60.3,204.7,0.7381,0.2211,0.675,0.4503,1.1253,50.6,129.4,0.7636,0.2158,0.43189999999999995,0.39110000000000006,0.8229,9.699999999999996,2025-03-09,Chelsea,Leicester City,1,0,H,1633.6,1416.0,217.6,5,19,14,27,27,4,0,1,5,1.2,1.6,1.8,0.2,5,0.6,0.4,2.6,0.0,5,1.1,1.5,1.7,0.1,10,0.3,0.4,2.4,0.0,10,2.0,2.4,1.2,0.2,5,0.6,0.8,2.4,0.0,5,1.3612267691249378,0.4760367915256378,0.6141705923187429,0.4864406223497171,0.1167190572380349,0.1561145798851212
2024-25,28,2024-25_GW28_Manchester United_vs_Arsenal,Manchester United,Arsenal,0.861,0.4863,1.3474,61.1,155.0,0.8186,0.2217,0.7885,0.7437,1.5322,64.9,152.5,0.7875,0.1957,0.07250000000000001,-0.2574,-0.18480000000000008,-3.8000000000000043,2025-03-09,Manchester United,Arsenal,1,1,D,1572.6,1769.7,-197.1,15,2,-13,27,27,1,4,0,5,1.4,1.2,1.4,0.2,5,2.0,1.6,0.4,0.6,5,1.1,1.2,1.7,0.1,10,2.1,1.7,0.7,0.4,10,1.2,1.4,2.0,0.0,5,2.2,1.4,0.4,0.6,5,0.926869555433671,0.5511295966071751,1.0923296444849842,0.3938294417384572,0.1188156679385069,0.1162083976020784
2024-25,28,2024-25_GW28_West Ham United_vs_Newcastle United,West Ham United,Newcastle United,0.7669,0.5969,1.3638,55.8,104.0,0.7646,0.2403,1.282,0.853,2.1349,62.6,114.8,0.815,0.2755,-0.5151,-0.2561,-0.7711000000000001,-6.800000000000004,2025-03-10,West Ham United,Newcastle United,0,1,A,1539.4,1628.0,-88.6,16,9,-7,27,27,1,2,2,5,1.4,1.0,0.8,0.4,5,1.2,1.6,2.4,0.0,5,1.3,1.0,1.7,0.3,10,1.8,1.9,1.7,0.3,10,1.2,1.0,2.0,0.2,5,1.8,1.4,1.6,0.2,5,0.9494571083872964,0.5778357100436083,1.1831769017434972,0.5262999191124828,0.1174663640223616,0.1170802555171261
2024-25,29,2024-25_GW29_Bournemouth_vs_Brentford,Bournemouth,Brentford,1.2345,0.7154,1.9499,55.4,135.4,0.8615,0.2498,1.3966,0.8039,2.1998,57.2,128.0,0.8585,0.3014,-0.16210000000000013,-0.08849999999999991,-0.24990000000000023,-1.8000000000000043,2025-03-15,Bournemouth,Brentford,1,2,A,1572.3,1534.7,37.7,9,12,3,28,28,0,3,2,5,0.8,1.2,1.6,0.0,5,1.4,1.2,0.8,0.4,5,1.5,2.0,1.3,0.2,10,1.4,1.6,1.2,0.3,10,1.4,1.2,0.6,0.6,5,2.6,2.4,0.2,0.8,5,1.2072448794822572,0.5041469899581821,1.1257825234339285,0.5102320540905754,0.1200816268987886,0.1170156219726662
2024-25,29,2024-25_GW29_Southampton_vs_Wolverhampton Wanderers,Southampton,Wolverhampton Wanderers,0.4951,0.4191,0.9138,49.2,148.7,0.7063,0.1534,0.9895,0.4418,1.4293,52.3,156.7,0.8308,0.2894,-0.49440000000000006,-0.022700000000000053,-0.5155000000000001,-3.0999999999999943,2025-03-15,Southampton,Wolverhampton Wanderers,1,2,A,1334.9,1471.3,-136.4,20,17,-3,28,28,0,5,0,5,0.6,0.8,3.0,0.0,5,1.4,1.2,1.0,0.4,5,0.3,0.9,3.1,0.0,10,0.8,0.9,1.7,0.2,10,0.0,0.4,3.2,0.0,5,0.8,1.0,2.0,0.2,5,0.6069587897162175,0.6210760074571774,0.9321676463140258,0.4983814115655578,0.1502626128903068,0.1175521728347376
2024-25,29,2024-25_GW29_Manchester City_vs_Brighton and Hove Albion,Manchester City,Brighton and Hove Albion,1.386,0.9877,2.3732,75.9,141.2,0.7762,0.2273,1.0212,0.6229,1.6441,54.7,201.4,0.7472,0.1484,0.3647999999999998,0.3648,0.7291000000000003,21.200000000000003,2025-03-15,Manchester City,Brighton and Hove Albion,2,2,D,1754.8,1604.2,150.6,5,7,2,28,28,3,1,1,5,1.2,1.2,1.6,0.4,5,2.4,2.2,1.8,0.4,5,1.9,2.3,1.2,0.4,10,2.0,1.9,1.4,0.3,10,2.0,2.4,1.0,0.2,5,2.0,2.2,2.0,0.4,5,1.2048600801425289,0.4748863033953815,1.1796294713784423,0.4254622865164079,0.1149728961906371,0.1173145574529631
2024-25,29,2024-25_GW29_Everton_vs_West Ham United,Everton,West Ham United,0.6712,0.4178,1.089,53.8,110.5,0.8143,0.2121,0.7925,0.6034,1.3959,56.6,103.3,0.7786,0.2387,-0.12129999999999996,-0.18560000000000004,-0.30689999999999995,-2.8000000000000043,2025-03-15,Everton,West Ham United,1,1,D,1542.7,1529.1,13.6,15,16,1,28,28,2,2,1,5,1.4,1.6,1.4,0.0,5,1.2,0.8,0.8,0.4,5,1.6,1.6,1.1,0.2,10,1.0,0.9,1.8,0.2,10,1.6,2.2,1.4,0.2,5,1.4,1.0,1.4,0.4,5,1.0877301919073654,0.4781479630438637,0.9018940569561272,0.5738536746462163,0.1171995822682335,0.1145858130687141
2024-25,29,2024-25_GW29_Ipswich Town_vs_Nottingham Forest,Ipswich Town,Nottingham Forest,0.8194,0.3757,1.1951,52.2,126.4,0.7817,0.1853,1.0653,0.674,1.7393,58.2,116.1,0.9039,0.2919,-0.2458999999999999,-0.29830000000000007,-0.5442,-6.0,2025-03-15,Ipswich Town,Nottingham Forest,2,4,A,1433.1,1586.8,-153.7,18,3,-15,28,28,0,1,0,1,0.2,1.0,2.2,0.0,5,1.4,2.4,1.2,0.6,5,0.5,1.0,2.5,0.1,10,1.7,2.1,1.4,0.5,10,0.6,0.8,2.8,0.2,5,1.2,1.8,2.2,0.4,5,0.8253156403063625,0.5208639150019228,0.9850356750569488,0.5038637700504355,0.1502626128903068,0.1192308105317896
2024-25,29,2024-25_GW29_Arsenal_vs_Chelsea,Arsenal,Chelsea,0.8644,0.8039,1.6683,66.1,151.0,0.8112,0.1953,1.1385,0.8533,1.9918,62.0,202.9,0.745,0.2197,-0.2741000000000001,-0.0494,-0.3235000000000001,4.099999999999994,2025-03-16,Arsenal,Chelsea,1,0,H,1766.9,1636.3,130.6,2,4,2,28,28,3,0,2,5,1.6,1.6,0.6,0.4,5,1.8,1.6,1.2,0.4,5,1.9,1.7,0.8,0.3,10,1.4,1.5,1.5,0.2,10,2.0,2.0,1.0,0.2,5,0.2,0.6,2.2,0.0,5,1.1049260351335726,0.4079683021671197,1.3486277669715565,0.4546259571053019,0.1134245637029452,0.1138959619603365
2024-25,29,2024-25_GW29_Fulham_vs_Tottenham,Fulham,Tottenham,0.7914,0.5487,1.3401,53.3,93.4,0.8139,0.218,0.9786,0.5208,1.4994,61.1,177.2,0.6882,0.1919,-0.18720000000000003,0.027899999999999925,-0.1593,-7.800000000000004,2025-03-16,Fulham,Tottenham,2,0,H,1561.5,1560.9,0.7,10,13,3,28,28,1,3,1,5,1.8,1.4,1.4,0.0,5,2.0,1.8,0.8,0.4,5,1.4,1.5,1.5,0.1,10,1.1,1.6,1.5,0.2,10,1.0,1.2,1.6,0.0,5,1.2,1.8,1.4,0.2,5,1.0154983450602115,0.4881206212486276,1.0934759602250712,0.5351784796456165,0.1175100152670034,0.1125469197928426
2024-25,29,2024-25_GW29_Leicester City_vs_Manchester United,Leicester City,Manchester United,0.5888,0.4044,0.9932,49.7,130.2,0.746,0.2137,0.8807,0.4818,1.3625,61.0,154.9,0.7789,0.2126,-0.29190000000000005,-0.07740000000000002,-0.3693000000000001,-11.299999999999997,2025-03-16,Leicester City,Manchester United,0,3,A,1413.2,1575.3,-162.1,19,15,-4,28,28,1,3,1,5,0.0,0.0,2.6,0.0,5,1.0,1.2,1.6,0.0,5,0.3,0.3,2.2,0.0,10,1.2,1.3,1.6,0.1,10,0.0,0.0,2.4,0.0,5,1.0,1.0,1.4,0.2,5,0.5652058810562047,0.484537156237352,0.9468066850053096,0.5445688640225371,0.1502626128903068,0.1158313775699513
2024-25,30,2024-25_GW30_Arsenal_vs_Fulham,Arsenal,Fulham,0.8744,0.8058,1.6802,64.9,152.3,0.819,0.1973,0.794,0.5437,1.3378,53.4,93.3,0.8039,0.2105,0.08039999999999992,0.2621,0.3423999999999998,11.500000000000007,2025-04-01,Arsenal,Fulham,2,1,H,1771.1,1568.7,202.4,2,8,6,29,29,2,1,2,5,1.6,0.8,0.4,0.6,5,1.8,1.4,1.2,0.2,5,1.9,1.5,0.7,0.4,10,1.6,1.5,1.3,0.2,10,2.0,2.0,1.0,0.2,5,1.8,1.8,1.4,0.2,5,1.0618754218117028,0.3978428886336788,0.9938565742097218,0.4824503795537303,0.1108547611250301,0.1146261082461831
2024-25,30,2024-25_GW30_Wolverhampton Wanderers_vs_West Ham United,Wolverhampton Wanderers,West Ham United,0.8221,0.3684,1.1886,51.2,157.8,0.8364,0.2658,0.8506,0.6162,1.4668,57.0,103.0,0.7915,0.2355,-0.02849999999999997,-0.24779999999999996,-0.2782,-5.799999999999997,2025-04-01,Wolverhampton Wanderers,West Ham United,1,0,H,1480.2,1532.2,-52.0,17,16,-1,29,29,1,4,0,5,1.4,1.2,1.2,0.2,5,1.4,0.8,0.6,0.4,5,1.0,0.9,1.6,0.2,10,1.1,1.0,1.4,0.2,10,0.8,0.8,1.4,0.2,5,1.0,1.0,1.6,0.2,5,0.8816737476996339,0.4926957891745787,0.8840115788636754,0.5609837156991313,0.1146650245860824,0.1119267293968025
2024-25,30,2024-25_GW30_Nottingham Forest_vs_Manchester United,Nottingham Forest,Manchester United,1.0788,0.6803,1.7591,58.7,116.1,0.9165,0.2841,0.8314,0.4647,1.2961,60.8,155.2,0.7358,0.211,0.24739999999999995,0.2156,0.4630000000000001,-2.0999999999999943,2025-04-01,Nottingham Forest,Manchester United,1,0,H,1595.3,1583.6,11.7,3,13,10,29,29,2,3,0,5,1.4,1.8,1.6,0.4,5,1.6,1.8,1.2,0.2,5,1.7,2.3,1.6,0.4,10,1.5,1.6,1.4,0.2,10,2.2,2.4,0.6,0.6,5,1.6,1.6,1.0,0.4,5,0.999615347056318,0.4836745101715975,0.9217276281872706,0.5311693983374003,0.116214602483892,0.1130765303483735
2024-25,30,2024-25_GW30_Southampton_vs_Crystal Palace,Southampton,Crystal Palace,0.5051,0.4143,0.919,48.9,149.0,0.6955,0.1687,1.3862,0.8099,2.196,57.3,133.6,0.9061,0.2325,-0.8811000000000001,-0.39559999999999995,-1.2770000000000001,-8.399999999999999,2025-04-02,Southampton,Crystal Palace,1,1,D,1325.9,1579.5,-253.6,20,12,-8,29,28,0,4,1,5,0.0,0.6,3.2,0.0,5,2.4,2.0,0.6,0.6,5,0.3,0.9,3.1,0.0,10,2.2,1.8,0.7,0.5,10,0.0,0.6,3.4,0.0,5,2.6,1.6,0.0,1.0,5,0.6531517141445221,0.5732904091900609,1.362634250541876,0.4706605893304221,0.1448605664988786,0.1152220090908845
2024-25,30,2024-25_GW30_Newcastle United_vs_Brentford,Newcastle United,Brentford,1.2855,0.8225,2.108,63.6,113.4,0.8263,0.2805,1.4001,0.8094,2.2088,57.2,128.0,0.8776,0.3009,-0.11459999999999981,0.0131,-0.1008,6.399999999999999,2025-04-02,Newcastle United,Brentford,2,1,H,1638.4,1548.4,89.9,6,11,5,28,29,4,1,0,5,1.2,1.2,2.2,0.2,5,2.0,1.6,0.6,0.4,5,1.8,1.7,1.7,0.3,10,1.7,1.7,1.0,0.3,10,1.8,2.4,1.8,0.4,5,3.0,2.8,0.4,0.6,5,1.1682736654013586,0.5051259663672668,1.0841191465071038,0.5095164551804505,0.1142293899960524,0.1141697257146365
2024-25,30,2024-25_GW30_Liverpool_vs_Everton,Liverpool,Everton,1.6026,1.1005,2.7029,76.9,114.8,0.8532,0.2818,0.7164,0.4544,1.1708,53.8,110.4,0.826,0.2012,0.8862,0.6461,1.5321,23.10000000000001,2025-04-02,Liverpool,Everton,1,0,H,1811.3,1539.5,271.7,1,15,14,29,29,2,1,2,5,2.6,2.2,0.8,0.4,5,1.4,1.4,1.2,0.0,5,2.4,2.2,0.8,0.4,10,1.7,1.7,1.1,0.2,10,2.6,2.6,1.0,0.2,5,1.6,1.0,0.8,0.2,5,1.7957207750720714,0.3941831046717036,1.0573305371627912,0.4715877378023224,0.1109998129373822,0.1143395424705608
2024-25,30,2024-25_GW30_Brighton and Hove Albion_vs_Aston Villa,Brighton and Hove Albion,Aston Villa,1.0612,0.6491,1.7103,55.3,200.8,0.7628,0.1433,1.0188,0.7614,1.7802,57.6,163.0,0.7949,0.2382,0.04239999999999999,-0.11229999999999996,-0.06990000000000007,-2.3000000000000043,2025-04-02,Brighton and Hove Albion,Aston Villa,0,3,A,1610.4,1625.1,-14.8,7,9,2,29,29,1,3,1,5,2.6,2.6,0.8,0.4,5,1.6,1.4,1.6,0.2,5,2.0,1.9,1.4,0.3,10,1.6,1.3,1.4,0.2,10,2.0,1.6,0.8,0.2,5,1.4,1.0,1.6,0.4,5,1.2026684476516971,0.4299229643043972,1.132683177571977,0.4986596345036826,0.1144456779430135,0.1155813274982575
2024-25,30,2024-25_GW30_Bournemouth_vs_Ipswich Town,Bournemouth,Ipswich Town,1.2443,0.7371,1.9814,55.0,135.9,0.8847,0.2559,0.803,0.3638,1.1668,51.3,127.3,0.797,0.1775,0.4412999999999999,0.37329999999999997,0.8146,3.700000000000003,2025-04-02,Bournemouth,Ipswich Town,1,2,A,1558.6,1424.6,134.0,10,18,8,29,29,1,0,0,1,0.8,1.4,1.6,0.0,5,0.2,1.2,2.6,0.0,5,1.4,1.9,1.3,0.2,10,0.2,1.0,2.9,0.0,10,1.2,1.4,1.0,0.4,5,0.4,1.2,2.2,0.0,5,1.2025419177910808,0.4923127538649404,0.7768596980745772,0.508776994522796,0.1170000049800421,0.1448605664988786
2024-25,30,2024-25_GW30_Manchester City_vs_Leicester City,Manchester City,Leicester City,1.3788,0.9465,2.3248,76.8,141.4,0.7542,0.2348,0.63,0.4204,1.0504,50.5,129.3,0.7479,0.2165,0.7488,0.5261,1.2744000000000002,26.299999999999997,2025-04-02,Manchester City,Leicester City,2,0,H,1748.6,1405.0,343.6,6,19,13,29,29,5,0,0,5,1.4,1.4,1.0,0.4,5,0.0,0.0,2.4,0.0,5,1.7,2.3,1.4,0.3,10,0.3,0.3,2.3,0.0,10,2.0,2.6,1.2,0.2,5,0.6,0.6,2.0,0.0,5,1.2082346737071872,0.4850751965254216,0.6004877652581381,0.4613784957459829,0.11228405215406,0.1448605664988786
2024-25,30,2024-25_GW30_Chelsea_vs_Tottenham,Chelsea,Tottenham,1.0359,0.8068,1.8426,61.9,201.9,0.7439,0.2276,0.8786,0.4247,1.3033,62.5,175.7,0.6588,0.1944,0.1573,0.38209999999999994,0.5393000000000001,-0.6000000000000014,2025-04-03,Chelsea,Tottenham,1,0,H,1632.1,1553.7,78.4,6,14,8,29,29,3,1,1,5,1.2,1.2,1.2,0.4,5,1.4,1.4,1.2,0.2,5,1.4,1.5,1.4,0.2,10,1.0,1.4,1.5,0.2,10,2.6,2.4,0.8,0.4,5,1.2,1.8,1.6,0.2,5,1.25302729903792,0.444745894179754,1.0597857745474173,0.5219796620611546,0.1112899165620863,0.1100445936853078
2024-25,31,2024-25_GW31_Everton_vs_Arsenal,Everton,Arsenal,0.7761,0.4521,1.2282,53.8,110.2,0.8363,0.2004,0.8911,0.8226,1.7137,64.9,152.3,0.8315,0.2022,-0.11499999999999999,-0.3705,-0.48550000000000004,-11.100000000000009,2025-04-05,Everton,Arsenal,1,1,D,1537.4,1774.1,-236.7,15,2,-13,30,30,1,3,1,5,0.8,1.0,1.2,0.0,5,1.6,0.8,0.6,0.4,5,1.7,1.7,1.1,0.2,10,2.1,1.6,0.7,0.4,10,1.8,2.4,1.4,0.2,5,1.8,1.0,0.4,0.6,5,1.0103677057308589,0.4775761268593722,1.1199134857979174,0.4002572445806266,0.1116993929820128,0.1084825343583702
2024-25,31,2024-25_GW31_Crystal Palace_vs_Brighton and Hove Albion,Crystal Palace,Brighton and Hove Albion,1.3651,0.7722,2.1373,58.5,132.6,0.9042,0.2274,1.0143,0.6517,1.666,55.4,200.8,0.7445,0.1442,0.3508,0.12050000000000005,0.4713000000000003,3.1000000000000014,2025-04-05,Crystal Palace,Brighton and Hove Albion,2,1,H,1575.3,1598.0,-22.6,12,8,-4,29,30,1,2,2,5,2.0,1.8,0.8,0.4,5,2.0,2.0,1.4,0.2,5,2.0,1.7,0.7,0.5,10,1.9,1.8,1.6,0.3,10,1.4,1.6,1.2,0.2,5,2.0,2.2,2.0,0.4,5,1.2875112161400943,0.4618718744154381,1.153311883990617,0.4296781582537667,0.1125140123443742,0.1117973683715654
2024-25,31,2024-25_GW31_Ipswich Town_vs_Wolverhampton Wanderers,Ipswich Town,Wolverhampton Wanderers,0.7514,0.3744,1.1258,52.2,126.4,0.7662,0.1768,0.8738,0.3733,1.2456,51.4,157.8,0.8616,0.2697,-0.12240000000000006,0.0010999999999999899,-0.11980000000000013,0.8000000000000043,2025-04-05,Ipswich Town,Wolverhampton Wanderers,1,2,A,1440.5,1488.8,-48.4,18,17,-1,30,30,1,0,0,1,0.6,1.4,2.6,0.0,5,2.0,1.2,0.8,0.4,5,0.4,1.0,2.8,0.0,10,1.3,1.0,1.3,0.3,10,0.0,0.8,3.6,0.0,5,1.2,1.0,1.8,0.2,5,0.7891619741708307,0.5039318544283566,0.8863660071121545,0.4871428443692842,0.1398738491710122,0.1119998508433073
2024-25,31,2024-25_GW31_West Ham United_vs_Bournemouth,West Ham United,Bournemouth,0.7966,0.6138,1.4103,56.7,103.3,0.7677,0.2303,1.1937,0.7072,1.9009,55.1,135.9,0.8743,0.255,-0.3971,-0.09340000000000004,-0.4905999999999999,1.6000000000000014,2025-04-05,West Ham United,Bournemouth,2,2,D,1523.6,1542.7,-19.1,16,10,-6,30,30,2,0,3,5,1.4,0.8,0.6,0.4,5,0.2,1.0,1.8,0.0,5,1.1,0.9,1.1,0.2,10,1.1,1.9,1.5,0.1,10,1.2,1.0,1.2,0.2,5,1.6,2.4,1.6,0.0,5,0.8961415811479072,0.5548815678097498,1.218936291472727,0.4877744131223556,0.1094720857928511,0.1141553094134638
2024-25,31,2024-25_GW31_Aston Villa_vs_Nottingham Forest,Aston Villa,Nottingham Forest,0.9028,0.7681,1.6708,58.0,162.2,0.7801,0.233,0.9847,0.6531,1.6378,58.8,116.0,0.8897,0.2577,-0.08189999999999997,0.11499999999999999,0.03300000000000014,-0.7999999999999972,2025-04-05,Aston Villa,Nottingham Forest,2,1,H,1637.5,1602.1,35.4,7,3,-4,30,30,2,2,1,5,2.0,1.8,1.4,0.4,5,2.0,1.8,1.2,0.6,5,1.6,1.4,1.3,0.3,10,1.7,2.1,1.6,0.4,10,1.8,1.6,1.2,0.0,5,1.2,2.2,2.6,0.2,5,1.115791281607331,0.4838629704694838,0.950014976967916,0.4887410561046642,0.1128457050397778,0.1134302915307748
2024-25,31,2024-25_GW31_Brentford_vs_Chelsea,Brentford,Chelsea,1.3936,0.7658,2.1588,57.3,128.0,0.8682,0.2985,1.1676,0.8482,2.0158,65.4,198.4,0.763,0.2283,0.22599999999999998,-0.08239999999999992,0.1429999999999998,-8.100000000000009,2025-04-06,Brentford,Chelsea,0,0,D,1543.4,1637.4,-94.0,12,4,-8,30,30,2,1,2,5,1.4,1.6,1.0,0.2,5,1.8,1.4,0.6,0.6,5,1.4,1.3,1.2,0.2,10,1.6,1.5,1.3,0.3,10,0.4,0.6,1.6,0.0,5,0.2,0.6,2.0,0.0,5,1.089581840952358,0.5052546634008895,1.213410191797654,0.4358103187222634,0.1115426323587287,0.1088842334555357
2024-25,31,2024-25_GW31_Fulham_vs_Liverpool,Fulham,Liverpool,0.7845,0.5416,1.3261,53.2,93.4,0.8146,0.2107,1.6301,1.065,2.695,74.4,116.9,0.8457,0.2767,-0.8456000000000001,-0.5234,-1.3688999999999998,-21.200000000000003,2025-04-06,Fulham,Liverpool,3,2,H,1565.7,1813.4,-247.6,10,1,-9,30,30,0,3,2,5,1.2,1.2,1.4,0.2,5,2.6,2.0,0.6,0.6,5,1.5,1.4,1.3,0.2,10,2.6,2.2,0.7,0.5,10,1.4,1.2,1.2,0.2,5,2.2,2.0,0.8,0.6,5,0.9738508956827192,0.507850921911649,1.7196546031325044,0.3907244057980846,0.1119639265338047,0.1086164340574254
2024-25,31,2024-25_GW31_Tottenham_vs_Southampton,Tottenham,Southampton,0.8048,0.4406,1.2454,62.4,175.7,0.6289,0.193,0.4992,0.4133,0.9121,49.6,148.2,0.7111,0.1696,0.3056,0.02729999999999999,0.33330000000000004,12.799999999999997,2025-04-06,Tottenham,Southampton,3,1,H,1548.4,1330.1,218.4,16,20,4,30,30,2,1,2,5,0.8,1.2,1.4,0.0,5,0.2,0.6,2.8,0.0,5,1.0,1.3,1.4,0.2,10,0.4,1.0,2.7,0.0,10,0.8,1.0,1.4,0.2,5,0.6,1.2,2.8,0.0,5,1.021469458631426,0.5116868148805923,0.6411474024279538,0.5375971536305215,0.1077346555514523,0.1398738491710122
2024-25,31,2024-25_GW31_Manchester United_vs_Manchester City,Manchester United,Manchester City,0.9008,0.5581,1.4588,61.2,154.8,0.7753,0.199,1.3366,0.9282,2.2644,76.4,142.1,0.7454,0.227,-0.43579999999999997,-0.3701,-0.8056000000000001,-15.200000000000003,2025-04-06,Manchester United,Manchester City,0,0,D,1576.7,1750.0,-173.4,14,5,-9,30,30,2,3,0,5,1.6,1.8,1.2,0.2,5,1.4,1.0,1.0,0.4,5,1.4,1.4,1.3,0.2,10,1.7,2.1,1.3,0.4,10,1.4,1.6,1.8,0.0,5,1.4,2.0,1.6,0.4,5,0.947870008646714,0.5109289257361115,1.2421379323954316,0.4607480789287771,0.1105334858463373,0.1098019362710114
2024-25,31,2024-25_GW31_Leicester City_vs_Newcastle United,Leicester City,Newcastle United,0.6039,0.4067,1.0106,49.2,130.6,0.7637,0.2142,1.143,0.6883,1.8313,61.6,114.6,0.7673,0.2856,-0.5391,-0.2816,-0.8207,-12.399999999999999,2025-04-07,Leicester City,Newcastle United,0,3,A,1403.5,1643.4,-239.8,19,7,-12,30,29,1,3,1,5,0.0,0.0,2.4,0.0,5,1.8,1.4,2.0,0.2,5,0.3,0.2,2.3,0.0,10,1.8,1.7,1.8,0.2,10,0.0,0.0,2.6,0.0,5,1.8,1.2,1.6,0.2,5,0.5504865573168531,0.4724058601038572,1.1485637663081254,0.5080849151585931,0.1398738491710122,0.1115977094321991
2024-25,32,2024-25_GW32_Southampton_vs_Aston Villa,Southampton,Aston Villa,0.5375,0.4357,0.9729,49.5,148.2,0.7387,0.1647,1.0175,0.7153,1.7327,57.5,162.6,0.747,0.2416,-0.4800000000000001,-0.27960000000000007,-0.7597999999999999,-8.0,2025-04-12,Southampton,Aston Villa,0,3,A,1327.3,1643.8,-316.5,20,7,-13,31,31,1,4,0,5,0.2,0.8,2.6,0.0,5,2.4,1.8,1.2,0.4,5,0.4,1.0,2.7,0.0,10,1.6,1.5,1.4,0.2,10,0.2,0.8,2.6,0.0,5,1.4,1.4,1.6,0.4,5,0.6572062099166242,0.5335760193059033,1.2062104234643776,0.4800179137638665,0.1352705288908493,0.1103204072308128
2024-25,32,2024-25_GW32_Nottingham Forest_vs_Everton,Nottingham Forest,Everton,0.8041,0.6369,1.441,56.5,118.3,0.8547,0.2557,0.7329,0.3983,1.1312,53.9,110.0,0.8205,0.1958,0.07120000000000004,0.23860000000000003,0.3098000000000001,2.6000000000000014,2025-04-12,Nottingham Forest,Everton,0,1,A,1595.9,1541.2,54.7,3,15,12,31,31,1,2,2,5,2.0,1.4,0.8,0.6,5,0.8,0.8,1.0,0.0,5,1.6,2.1,1.7,0.4,10,1.5,1.5,1.0,0.2,10,2.6,2.4,0.4,0.8,5,1.6,1.0,0.8,0.2,5,0.962902344023258,0.5211263434781896,0.9944555157556147,0.4879967096283916,0.1108600485765289,0.1092622278322298
2024-25,32,2024-25_GW32_Arsenal_vs_Brentford,Arsenal,Brentford,0.8454,0.7464,1.5917,65.1,152.0,0.8038,0.2035,1.3864,0.7892,2.175,56.9,128.3,0.8661,0.2993,-0.541,-0.04280000000000006,-0.5832999999999999,8.199999999999996,2025-04-12,Arsenal,Brentford,1,1,D,1770.4,1543.2,227.1,2,12,10,31,31,4,0,1,5,1.8,1.0,0.6,0.4,5,1.0,0.8,1.0,0.2,5,1.9,1.5,0.7,0.4,10,1.4,1.1,1.0,0.3,10,2.0,2.0,1.0,0.2,5,2.4,2.0,0.8,0.4,5,1.1385286380968356,0.4049806200096897,1.0708559813721088,0.4999108605496891,0.1062926930527305,0.1091175195384065
2024-25,32,2024-25_GW32_Manchester City_vs_Crystal Palace,Manchester City,Crystal Palace,0.9838,0.8859,1.8692,69.2,149.4,0.6983,0.23,1.3692,0.8015,2.1707,58.8,132.6,0.9127,0.2224,-0.38539999999999996,0.08440000000000003,-0.3015000000000001,10.400000000000006,2025-04-12,Manchester City,Crystal Palace,5,2,H,1748.0,1583.1,164.8,7,12,5,31,30,3,0,2,5,1.6,1.0,0.6,0.6,5,2.6,2.0,0.6,0.4,5,1.7,1.9,1.1,0.5,10,2.2,1.8,0.7,0.5,10,2.0,2.2,1.0,0.4,5,2.6,1.8,0.2,0.8,5,1.1689403343959213,0.4534103811618029,1.2140001612630364,0.4572690440389766,0.1075106545257434,0.1100142162817087
2024-25,32,2024-25_GW32_Brighton and Hove Albion_vs_Leicester City,Brighton and Hove Albion,Leicester City,0.9091,0.6221,1.5313,55.7,199.5,0.7359,0.1472,0.6004,0.4008,1.0012,48.9,130.7,0.7949,0.2139,0.3087,0.2213,0.5301,6.800000000000004,2025-04-12,Brighton and Hove Albion,Leicester City,2,2,D,1590.1,1397.4,192.8,9,19,10,31,31,2,0,3,5,1.4,1.4,1.8,0.0,5,0.0,0.0,2.2,0.0,5,1.6,1.7,1.8,0.2,10,0.3,0.2,2.4,0.0,10,1.8,1.4,1.2,0.2,5,0.6,0.4,2.0,0.0,5,1.1165581376551146,0.420618428589368,0.5352324880158412,0.5027189597477276,0.1093526705158694,0.1352705288908493
2024-25,32,2024-25_GW32_Chelsea_vs_Ipswich Town,Chelsea,Ipswich Town,1.0931,0.7826,1.8757,61.9,201.7,0.7465,0.2308,0.6703,0.349,1.0193,50.9,127.7,0.7091,0.1737,0.42279999999999995,0.4336,0.8563999999999998,11.0,2025-04-13,Chelsea,Ipswich Town,2,2,D,1637.6,1429.0,208.6,6,18,12,31,31,0,1,0,1,2.0,1.2,0.2,0.8,5,0.6,1.4,2.2,0.0,5,1.6,1.3,1.1,0.4,10,0.4,1.1,2.8,0.0,10,3.0,2.2,0.4,0.6,5,0.8,1.2,2.0,0.0,5,1.1851248940898207,0.433748741341841,0.7713031943548375,0.5192017381783779,0.1066635080556528,0.1352705288908493
2024-25,32,2024-25_GW32_Liverpool_vs_West Ham United,Liverpool,West Ham United,1.6152,0.9312,2.5463,76.3,115.2,0.7945,0.2685,0.7989,0.6042,1.403,56.7,103.2,0.7846,0.2298,0.8162999999999999,0.32700000000000007,1.1433,19.599999999999994,2025-04-13,Liverpool,West Ham United,2,1,H,1799.4,1521.3,278.0,1,16,15,31,31,4,0,1,5,2.4,2.0,0.8,0.6,5,1.0,1.0,1.0,0.2,5,2.3,2.2,1.0,0.4,10,0.9,0.8,1.1,0.2,10,3.0,2.4,0.6,0.4,5,1.0,0.8,1.0,0.2,5,1.6509232987584637,0.3908190224265456,0.8698835020988652,0.5669516223026634,0.1064162980537046,0.1072061641574902
2024-25,32,2024-25_GW32_Wolverhampton Wanderers_vs_Tottenham,Wolverhampton Wanderers,Tottenham,0.8991,0.4111,1.3088,51.4,157.6,0.8822,0.2678,0.9195,0.4994,1.4189,63.9,174.1,0.6438,0.1833,-0.020399999999999974,-0.08829999999999999,-0.11010000000000009,-12.5,2025-04-13,Wolverhampton Wanderers,Tottenham,4,2,H,1500.3,1551.2,-50.9,17,15,-2,31,31,3,1,1,5,2.0,1.4,1.0,0.2,5,0.8,1.0,1.4,0.0,5,1.6,1.2,1.1,0.3,10,1.3,1.5,1.3,0.2,10,1.4,1.0,0.8,0.4,5,1.2,1.6,1.4,0.2,5,0.9805893834401752,0.4739927480667424,1.0647311045601522,0.5007066937895738,0.1095395853953912,0.1056023139009485
2024-25,32,2024-25_GW32_Newcastle United_vs_Manchester United,Newcastle United,Manchester United,1.2423,0.7132,1.9555,63.0,113.5,0.8004,0.2899,0.8964,0.6091,1.5055,58.9,157.0,0.7899,0.1976,0.3459,0.10409999999999997,0.44999999999999996,4.100000000000001,2025-04-13,Newcastle United,Manchester United,4,1,H,1649.6,1578.7,70.8,7,13,6,30,31,3,1,1,5,2.4,2.0,1.2,0.4,5,1.6,1.4,0.8,0.4,5,1.8,1.8,1.7,0.3,10,1.2,1.1,1.2,0.3,10,1.8,2.2,2.0,0.2,5,1.4,1.2,0.8,0.4,5,1.2520037485193058,0.489744050077777,0.931236307500006,0.4919764198045147,0.1091683620852382,0.1081859598969189
2024-25,32,2024-25_GW32_Bournemouth_vs_Fulham,Bournemouth,Fulham,1.0026,0.6196,1.6222,54.4,136.4,0.8605,0.2544,0.7144,0.5401,1.2545,53.6,92.9,0.8126,0.2156,0.2881999999999999,0.07950000000000002,0.36770000000000014,0.7999999999999972,2025-04-14,Bournemouth,Fulham,1,0,H,1545.0,1579.7,-34.8,10,8,-2,31,31,2,1,2,5,0.4,1.4,2.0,0.0,5,1.8,1.8,1.4,0.2,5,1.1,1.9,1.5,0.1,10,1.8,1.5,1.2,0.2,10,0.6,1.4,1.4,0.2,5,1.8,1.6,1.2,0.2,5,1.2430930511628897,0.4737617100724084,0.94443552055943,0.5101459185694557,0.1115293244354617,0.1095064230780566
2024-25,32,2024-25_GW32_Newcastle United_vs_Crystal Palace,Newcastle United,Crystal Palace,1.2423,0.7132,1.9555,63.0,113.5,0.8004,0.2899,1.3692,0.8015,2.1707,58.8,132.6,0.9127,0.2224,-0.1269,-0.08830000000000005,-0.21520000000000006,4.200000000000003,2025-04-16,Newcastle United,Crystal Palace,5,0,H,1655.0,1579.6,75.4,4,12,8,31,31,1,1,3,5,2.4,2.0,0.8,0.4,5,2.0,2.0,1.6,0.2,5,1.8,1.9,1.8,0.2,10,1.9,1.8,1.2,0.4,10,1.8,2.4,2.2,0.0,5,2.0,1.8,1.2,0.6,5,1.2528554172034838,0.4890144659518108,1.2134506895845008,0.4577739923777781,0.1091683620852382,0.1100142162817087
2024-25,33,2024-25_GW33_Brentford_vs_Brighton and Hove Albion,Brentford,Brighton and Hove Albion,1.3498,0.7817,2.1309,56.6,128.2,0.8839,0.2979,0.9884,0.6551,1.6435,55.6,199.3,0.7354,0.1548,0.36140000000000017,0.12659999999999993,0.48740000000000006,1.0,2025-04-19,Brentford,Brighton and Hove Albion,4,2,H,1550.6,1583.3,-32.7,11,10,-1,32,32,1,1,3,5,1.0,0.8,1.0,0.2,5,1.0,1.4,2.0,0.0,5,1.5,1.2,0.9,0.3,10,1.4,1.6,1.9,0.2,10,0.4,0.2,1.2,0.2,5,1.4,2.0,2.4,0.2,5,1.000006794156259,0.4896917914661208,1.255230630629771,0.4235133023091267,0.1068788582521353,0.1070959299633001
2024-25,33,2024-25_GW33_Crystal Palace_vs_Bournemouth,Crystal Palace,Bournemouth,1.4375,0.8029,2.2404,59.0,132.6,0.9121,0.2107,1.012,0.5725,1.5845,53.9,136.8,0.8286,0.2531,0.4255,0.23039999999999994,0.6559000000000001,5.100000000000001,2025-04-19,Crystal Palace,Bournemouth,0,0,D,1574.2,1553.1,21.1,12,8,-4,32,32,2,2,1,5,1.4,1.2,2.4,0.2,5,1.0,1.4,1.6,0.2,5,1.6,1.6,1.7,0.3,10,1.1,1.6,1.4,0.2,10,1.8,1.8,1.2,0.2,5,1.6,2.4,1.6,0.0,5,1.4428083241216851,0.5085863583386112,1.2245882152554544,0.4666173373722133,0.1055764279851466,0.1091052347769023
2024-25,33,2024-25_GW33_Everton_vs_Manchester City,Everton,Manchester City,0.6893,0.4246,1.114,53.8,109.8,0.8318,0.1918,1.0346,0.8535,1.8875,68.7,150.1,0.689,0.2964,-0.34529999999999994,-0.42890000000000006,-0.7734999999999999,-14.900000000000006,2025-04-19,Everton,Manchester City,0,2,A,1555.4,1751.5,-196.2,13,5,-8,32,32,0,3,2,5,1.2,0.8,0.8,0.2,5,1.6,1.8,1.0,0.4,5,1.5,1.5,1.0,0.2,10,1.7,1.8,1.3,0.4,10,1.4,2.0,1.2,0.2,5,1.4,1.6,1.2,0.6,5,0.9979272759123712,0.4721216868096073,1.3098814262289984,0.4611750240692011,0.1070124408436213,0.1053955348925092
2024-25,33,2024-25_GW33_West Ham United_vs_Southampton,West Ham United,Southampton,0.7894,0.5699,1.3593,56.6,103.1,0.7895,0.2289,0.5526,0.4215,0.9738,49.5,148.2,0.7496,0.1625,0.2368,0.14839999999999998,0.38549999999999995,7.100000000000001,2025-04-19,West Ham United,Southampton,1,1,D,1519.3,1322.8,196.4,17,20,3,32,32,2,1,2,5,0.4,0.8,1.4,0.0,5,0.2,0.8,2.4,0.0,5,0.9,0.9,1.1,0.2,10,0.4,0.8,2.7,0.0,10,0.8,0.8,1.2,0.2,5,0.6,1.2,2.8,0.0,5,0.8936837551890048,0.5709555112685144,0.6179641119297475,0.5466157396654333,0.1051144548562574,0.1310211286925778
2024-25,33,2024-25_GW33_Aston Villa_vs_Newcastle United,Aston Villa,Newcastle United,1.104,0.7187,1.8226,59.2,161.2,0.7126,0.2474,1.3799,0.8022,2.1821,63.4,113.3,0.8528,0.2926,-0.2758999999999998,-0.08350000000000002,-0.35950000000000015,-4.199999999999996,2025-04-19,Aston Villa,Newcastle United,4,1,H,1648.3,1660.3,-12.0,7,3,-4,32,32,1,4,0,5,2.4,2.0,1.0,0.6,5,3.0,3.0,0.4,0.6,5,1.8,1.6,1.2,0.3,10,2.1,2.3,1.4,0.3,10,1.8,1.6,1.2,0.0,5,1.8,1.4,1.4,0.4,5,1.3010849999730192,0.4593596835821318,1.448044033025657,0.4897313266577255,0.1079892635438628,0.1048556385852532
2024-25,33,2024-25_GW33_Leicester City_vs_Liverpool,Leicester City,Liverpool,0.5862,0.4003,0.9865,48.9,130.2,0.7854,0.2147,1.6094,0.9134,2.5227,74.4,116.7,0.8112,0.2581,-1.0231999999999999,-0.5131,-1.5362,-25.500000000000007,2025-04-20,Leicester City,Liverpool,0,1,A,1404.2,1801.4,-397.2,19,1,-18,32,32,1,4,0,5,0.2,0.4,2.2,0.0,5,2.4,2.0,1.0,0.4,5,0.4,0.4,2.4,0.0,10,2.3,2.0,1.0,0.4,10,0.0,0.0,2.8,0.0,5,1.6,2.0,1.4,0.4,5,0.5992204508186555,0.5383831782866287,1.6089826111174916,0.4029829910659183,0.1310211286925778,0.1043853165443962
2024-25,33,2024-25_GW33_Manchester United_vs_Wolverhampton Wanderers,Manchester United,Wolverhampton Wanderers,0.8356,0.561,1.3966,60.6,155.2,0.7461,0.1945,0.9448,0.4574,1.401,51.5,157.4,0.8993,0.264,-0.10919999999999996,0.10360000000000008,-0.0043999999999999595,9.100000000000001,2025-04-20,Manchester United,Wolverhampton Wanderers,0,1,A,1573.3,1508.9,64.4,14,17,3,32,32,4,1,0,5,1.0,1.0,1.2,0.4,5,2.6,2.0,1.0,0.2,5,1.2,1.1,1.3,0.3,10,1.9,1.5,1.0,0.3,10,1.0,1.0,1.6,0.2,5,1.8,1.4,1.4,0.2,5,0.9024946171364652,0.5013567521893801,1.0443721051530188,0.4789510835439503,0.106018920319444,0.1072684741439695
2024-25,33,2024-25_GW33_Fulham_vs_Chelsea,Fulham,Chelsea,0.6932,0.5467,1.2399,53.5,92.7,0.8131,0.2161,1.1767,0.811,1.9877,61.6,202.1,0.7531,0.2253,-0.48350000000000004,-0.2643000000000001,-0.7478,-8.100000000000001,2025-04-20,Fulham,Chelsea,1,2,A,1571.6,1630.5,-58.9,9,7,-2,32,32,2,2,1,5,1.2,1.4,1.4,0.2,5,1.6,0.8,0.6,0.6,5,1.5,1.3,1.3,0.1,10,1.4,1.2,1.2,0.4,10,1.8,1.4,1.2,0.2,5,0.2,0.4,1.8,0.2,5,0.9335616906647878,0.5142901728918429,1.219098682702897,0.431440001238657,0.107237861466754,0.1046135201381848
2024-25,33,2024-25_GW33_Ipswich Town_vs_Arsenal,Ipswich Town,Arsenal,0.6246,0.3745,0.9992,49.9,128.5,0.719,0.1709,0.7516,0.7091,1.4607,65.2,151.6,0.7514,0.2032,-0.127,-0.33459999999999995,-0.46150000000000013,-15.300000000000004,2025-04-20,Ipswich Town,Arsenal,0,4,A,1436.1,1763.0,-326.9,18,2,-16,32,32,0,1,0,1,0.8,1.4,2.0,0.0,5,1.8,1.2,0.8,0.2,5,0.5,1.3,2.4,0.0,10,1.9,1.4,0.6,0.4,10,0.0,1.0,3.6,0.0,5,1.8,1.0,0.4,0.6,5,0.7770479225381309,0.5222521873489911,1.1041634761576835,0.3941212781796552,0.1310211286925778,0.1042712147475019
2024-25,33,2024-25_GW33_Tottenham_vs_Nottingham Forest,Tottenham,Nottingham Forest,0.9941,0.5052,1.4992,65.4,172.5,0.6467,0.214,0.9088,0.597,1.5058,58.2,116.4,0.8388,0.2587,0.08529999999999993,-0.09179999999999999,-0.006599999999999939,7.200000000000003,2025-04-21,Tottenham,Nottingham Forest,1,2,A,1542.6,1581.7,-39.1,16,6,-10,32,32,4,1,0,5,0.8,1.4,2.0,0.0,5,1.8,1.4,1.0,0.4,5,1.3,1.5,1.4,0.2,10,1.3,1.8,1.6,0.4,10,1.4,1.4,1.2,0.2,5,0.6,1.8,3.0,0.0,5,1.0989943780990483,0.5104705675937963,0.9169219422384975,0.5196762726763078,0.1036339144672873,0.1084874152912795
2024-25,33,2024-25_GW33_Manchester City_vs_Aston Villa,Manchester City,Aston Villa,1.0346,0.8535,1.8875,68.7,150.1,0.689,0.2964,1.104,0.7187,1.8226,59.2,161.2,0.7126,0.2474,-0.06940000000000013,0.13480000000000003,0.06489999999999996,9.5,2025-04-22,Manchester City,Aston Villa,2,1,H,1758.8,1655.8,103.0,5,7,2,33,33,2,2,1,5,2.2,2.2,0.8,0.6,5,3.0,2.6,0.4,0.6,5,1.7,1.7,1.2,0.5,10,2.0,1.9,1.2,0.3,10,2.0,2.6,1.2,0.4,5,1.8,1.6,1.2,0.6,5,1.3110023920377702,0.4603031834445173,1.3021929273413522,0.4584103431110765,0.1053955348925092,0.1079892635438628
2024-25,33,2024-25_GW33_Arsenal_vs_Crystal Palace,Arsenal,Crystal Palace,0.7516,0.7091,1.4607,65.2,151.6,0.7514,0.2032,1.4375,0.8029,2.2404,59.0,132.6,0.9121,0.2107,-0.6859,-0.0938,-0.7797000000000001,6.200000000000003,2025-04-23,Arsenal,Crystal Palace,2,2,D,1767.3,1570.9,196.4,2,12,10,33,33,5,0,0,5,2.2,1.8,0.6,0.4,5,1.0,1.0,2.4,0.2,5,1.9,1.7,0.6,0.4,10,1.7,1.5,1.5,0.4,10,2.0,1.8,0.8,0.2,5,1.4,1.4,2.2,0.4,5,1.1048367785635933,0.393602351369397,1.4422920857629138,0.5090650209740879,0.1042712147475019,0.1055764279851466
2024-25,34,2024-25_GW34_Chelsea_vs_Everton,Chelsea,Everton,1.2097,0.8262,2.0359,64.9,198.6,0.7717,0.2228,0.6603,0.4299,1.0902,53.6,109.8,0.8416,0.1919,0.5494,0.39630000000000004,0.9456999999999998,11.300000000000004,2025-04-26,Chelsea,Everton,1,0,H,1641.7,1548.1,93.6,6,13,7,33,33,2,1,2,5,1.6,1.0,0.8,0.4,5,1.0,0.6,1.0,0.2,5,1.7,1.3,1.0,0.4,10,1.2,1.1,1.2,0.1,10,2.6,2.0,0.6,0.6,5,1.6,1.0,0.8,0.2,5,1.1734255815143355,0.4161028246290654,0.9726469210071796,0.4890540736713833,0.1027211427816751,0.1049356256985488
2024-25,34,2024-25_GW34_Brighton and Hove Albion_vs_West Ham United,Brighton and Hove Albion,West Ham United,0.9922,0.6433,1.6355,55.5,197.8,0.7468,0.1605,0.7975,0.5647,1.3621,56.0,103.7,0.7676,0.2269,0.19469999999999998,0.0786,0.27339999999999987,-0.5,2025-04-26,Brighton and Hove Albion,West Ham United,3,2,H,1575.2,1512.3,62.8,10,17,7,33,33,2,1,2,5,0.4,1.4,2.6,0.0,5,0.6,1.0,1.4,0.0,5,1.4,1.8,2.2,0.2,10,0.9,0.9,1.1,0.2,10,2.0,1.8,1.4,0.2,5,0.8,0.8,1.2,0.2,5,1.2312172607698109,0.4341133853348878,0.8791675356140058,0.5533333889387843,0.1050126958696697,0.1031835638084004
2024-25,34,2024-25_GW34_Newcastle United_vs_Ipswich Town,Newcastle United,Ipswich Town,1.3805,0.8144,2.1949,63.4,113.2,0.8721,0.2837,0.5764,0.3747,0.951,49.9,128.3,0.7499,0.1746,0.8041,0.43970000000000004,1.2439,13.5,2025-04-26,Newcastle United,Ipswich Town,3,0,H,1652.8,1431.8,221.0,6,18,12,33,33,1,0,0,1,2.4,3.0,1.2,0.4,5,0.8,1.4,2.6,0.0,5,1.8,2.1,1.7,0.3,10,0.5,1.2,2.4,0.0,10,2.4,3.2,1.4,0.2,5,1.0,1.4,1.6,0.0,5,1.3802963279278722,0.5076870052098922,0.7151395439018413,0.5278174888941463,0.1029446462779257,0.1270984379072148
2024-25,34,2024-25_GW34_Southampton_vs_Fulham,Southampton,Fulham,0.5113,0.4053,0.9162,49.2,143.4,0.747,0.1709,0.6965,0.552,1.2486,53.4,92.7,0.8136,0.204,-0.18520000000000003,-0.14670000000000005,-0.3323999999999999,-4.199999999999996,2025-04-26,Southampton,Fulham,1,2,A,1329.8,1560.4,-230.7,20,10,-10,33,33,1,2,2,5,0.4,0.8,2.0,0.0,5,1.2,1.4,1.4,0.2,5,0.5,0.8,2.5,0.0,10,1.5,1.4,1.4,0.1,10,0.2,0.6,2.6,0.0,5,1.2,1.2,1.4,0.0,5,0.608675675003406,0.5168561962998549,0.8755253442714597,0.5072211064574292,0.1270984379072148,0.1051437151605752
2024-25,34,2024-25_GW34_Wolverhampton Wanderers_vs_Leicester City,Wolverhampton Wanderers,Leicester City,0.9091,0.4369,1.345,51.6,157.4,0.8755,0.2661,0.5544,0.3587,0.913,49.8,127.7,0.7506,0.2405,0.3547,0.07819999999999999,0.43199999999999994,1.8000000000000043,2025-04-26,Wolverhampton Wanderers,Leicester City,3,0,H,1523.3,1401.2,122.1,15,19,4,33,33,2,3,0,5,3.0,2.0,0.8,0.4,5,0.2,0.4,2.2,0.0,5,2.2,1.6,0.9,0.4,10,0.1,0.2,2.4,0.0,10,2.0,1.8,1.0,0.4,5,0.2,0.4,2.2,0.0,5,0.9768828507474416,0.47337797793144,0.564248517456804,0.5437786325755292,0.1051719742233196,0.1270984379072148
2024-25,34,2024-25_GW34_Bournemouth_vs_Manchester United,Bournemouth,Manchester United,1.1586,0.5936,1.7522,55.4,135.1,0.8493,0.2559,0.7233,0.5177,1.2409,60.8,154.9,0.7203,0.1914,0.4353,0.07589999999999997,0.5113000000000001,-5.399999999999999,2025-04-27,Bournemouth,Manchester United,1,1,D,1556.5,1558.9,-2.4,10,15,5,33,33,2,2,1,5,1.0,1.0,1.2,0.4,5,0.8,0.8,1.2,0.4,5,0.9,1.1,1.4,0.2,10,0.9,1.0,1.4,0.2,10,0.6,0.6,1.4,0.2,5,0.8,1.2,1.6,0.2,5,1.163296396735335,0.4495637341689373,0.9099781749154424,0.4823781166009009,0.1068675179879793,0.1040184906622102
2024-25,34,2024-25_GW34_Liverpool_vs_Tottenham,Liverpool,Tottenham,1.6119,0.9856,2.5973,74.4,116.6,0.8018,0.2558,0.8877,0.4885,1.3762,60.3,177.5,0.6351,0.2279,0.7242000000000001,0.49710000000000004,1.2211,14.100000000000009,2025-04-27,Liverpool,Tottenham,5,1,H,1804.5,1530.9,273.6,1,16,15,33,33,4,1,0,5,2.4,1.8,1.0,0.4,5,0.6,1.2,2.0,0.0,5,2.3,1.9,1.0,0.4,10,1.3,1.5,1.4,0.2,10,3.0,2.0,0.6,0.4,5,1.2,1.6,1.6,0.2,5,1.62100009588532,0.3913605088045472,1.1321775122867748,0.4947055530563355,0.1025104843139446,0.1018168527738565
2024-25,34,2024-25_GW34_Nottingham Forest_vs_Brentford,Nottingham Forest,Brentford,0.9071,0.5807,1.4878,58.0,116.4,0.8349,0.2566,1.3765,0.7872,2.1631,56.5,128.2,0.8737,0.2948,-0.46940000000000004,-0.20650000000000002,-0.6753,1.5,2025-05-01,Nottingham Forest,Brentford,0,2,A,1593.4,1558.7,34.7,6,11,5,33,33,1,2,2,5,1.8,1.6,1.2,0.2,5,1.6,1.6,1.2,0.2,5,1.6,2.0,1.2,0.4,10,1.5,1.4,1.0,0.3,10,2.0,1.8,0.2,0.8,5,2.0,1.8,0.8,0.4,5,0.8773291765267265,0.5297297364440047,1.0550304366396763,0.4880348989747072,0.1062971987216847,0.1048123134247554
2024-25,35,2024-25_GW35_Manchester City_vs_Wolverhampton Wanderers,Manchester City,Wolverhampton Wanderers,1.0562,0.8506,1.9064,68.4,150.4,0.6957,0.2589,0.9239,0.5331,1.456,53.8,155.5,0.8812,0.2611,0.13229999999999997,0.3175,0.45040000000000013,14.600000000000009,2025-05-02,Manchester City,Wolverhampton Wanderers,1,0,H,1763.6,1527.7,235.9,4,13,9,34,34,4,1,0,5,2.6,2.2,0.6,0.6,5,3.0,2.2,0.6,0.6,5,2.0,1.8,0.8,0.5,10,2.2,1.7,0.9,0.4,10,2.0,2.2,1.4,0.2,5,2.4,1.4,0.8,0.4,5,1.4744406182084877,0.458520622808742,1.0199616397008056,0.4673029841841837,0.1016406473261264,0.1032366608763693
2024-25,35,2024-25_GW35_Arsenal_vs_Bournemouth,Arsenal,Bournemouth,0.811,0.724,1.535,65.5,151.2,0.745,0.2138,1.1937,0.5943,1.7879,55.4,135.1,0.8569,0.2584,-0.38269999999999993,0.12969999999999993,-0.2529000000000001,10.100000000000001,2025-05-03,Arsenal,Bournemouth,1,2,A,1760.4,1553.7,206.6,2,10,8,34,34,4,1,0,5,1.8,2.0,1.0,0.2,5,1.2,1.0,1.0,0.4,5,1.7,1.4,0.7,0.4,10,1.0,1.2,1.3,0.2,10,1.6,1.2,1.0,0.2,5,1.2,1.6,1.4,0.2,5,1.3668576794156928,0.3986663944475601,1.0966911760017362,0.4675559005146381,0.1006825648977488,0.1048018450415407
2024-25,35,2024-25_GW35_Leicester City_vs_Southampton,Leicester City,Southampton,0.5794,0.3694,0.9488,49.8,127.7,0.7598,0.2426,0.4802,0.4027,0.8827,48.9,143.7,0.7672,0.1695,0.09920000000000001,-0.033299999999999996,0.06609999999999994,0.8999999999999986,2025-05-03,Leicester City,Southampton,2,0,H,1396.8,1323.4,73.5,19,20,1,34,34,2,2,1,5,0.2,0.4,2.2,0.0,5,0.4,0.8,2.0,0.0,5,0.1,0.2,2.3,0.0,10,0.2,0.7,2.6,0.0,10,0.0,0.0,2.6,0.0,5,0.8,1.0,2.4,0.0,5,0.5971243165540114,0.5376874341369815,0.5981704277614256,0.5202003568021888,0.1234773379214259,0.1234773379214259
2024-25,35,2024-25_GW35_Aston Villa_vs_Fulham,Aston Villa,Fulham,1.0833,0.7119,1.7952,58.4,162.1,0.7233,0.2564,0.7388,0.572,1.3108,52.4,93.7,0.7952,0.1971,0.3444999999999999,0.13990000000000002,0.48439999999999994,6.0,2025-05-03,Aston Villa,Fulham,1,0,H,1651.1,1566.8,84.3,7,9,2,34,34,4,1,0,5,2.4,2.6,0.8,0.4,5,1.2,1.4,1.6,0.0,5,2.0,2.0,1.2,0.3,10,1.5,1.4,1.4,0.1,10,2.2,2.2,1.2,0.0,5,1.2,1.2,1.4,0.0,5,1.5421528695236064,0.4493469202515304,0.9542803735704952,0.4931326592396087,0.1038508770866411,0.1032105744736165
2024-25,35,2024-25_GW35_Everton_vs_Ipswich Town,Everton,Ipswich Town,0.6767,0.4261,1.1028,53.6,109.7,0.8518,0.1905,0.5232,0.3324,0.8556,49.8,127.3,0.7466,0.1844,0.15349999999999997,0.0937,0.24719999999999998,3.8000000000000043,2025-05-03,Everton,Ipswich Town,2,2,D,1543.1,1429.1,114.0,15,18,3,34,34,1,0,0,1,0.8,0.4,1.0,0.2,5,0.8,1.0,2.4,0.0,5,1.1,0.9,1.1,0.1,10,0.5,1.1,2.5,0.0,10,0.8,1.2,1.6,0.0,5,0.8,1.2,2.0,0.0,5,0.9228076413239702,0.4824404555071382,0.655220208449138,0.5355007265393207,0.1030184836897091,0.1234773379214259
2024-25,35,2024-25_GW35_Brentford_vs_Manchester United,Brentford,Manchester United,1.3899,0.7899,2.1792,56.5,128.3,0.8685,0.2916,0.744,0.5374,1.2815,58.6,157.1,0.7274,0.1742,0.6458999999999999,0.25250000000000006,0.8976999999999997,-2.1000000000000014,2025-05-04,Brentford,Manchester United,4,3,H,1572.4,1561.6,10.8,11,15,4,34,34,1,3,1,5,1.6,1.6,1.0,0.4,5,0.4,0.4,1.4,0.2,5,1.8,1.6,0.8,0.4,10,1.0,1.1,1.3,0.2,10,1.0,1.0,1.2,0.2,5,1.0,1.4,1.6,0.2,5,1.0696202558825592,0.4782130890702762,0.9895926558211304,0.4674654298162092,0.1029046521140603,0.102171861345821
2024-25,35,2024-25_GW35_Brighton and Hove Albion_vs_Newcastle United,Brighton and Hove Albion,Newcastle United,0.9275,0.6088,1.5364,55.5,197.8,0.7311,0.1589,1.4182,0.8582,2.2763,63.8,113.2,0.8766,0.277,-0.4906999999999999,-0.24939999999999996,-0.7399,-8.299999999999997,2025-05-04,Brighton and Hove Albion,Newcastle United,1,1,D,1580.8,1655.5,-74.7,11,4,-7,34,34,2,1,2,5,0.8,1.6,2.6,0.0,5,2.4,3.2,1.0,0.6,5,1.7,2.1,1.7,0.2,10,2.1,2.3,1.5,0.4,10,2.0,1.8,1.8,0.0,5,1.2,1.0,2.0,0.4,5,1.204782672932638,0.4311929376341794,1.4285381670982435,0.4831586578760359,0.1030896284244896,0.1011805780412124
2024-25,35,2024-25_GW35_West Ham United_vs_Tottenham,West Ham United,Tottenham,0.8331,0.5924,1.4254,56.3,103.4,0.7978,0.2306,0.9036,0.4889,1.3925,59.9,177.8,0.6454,0.2246,-0.07050000000000001,0.10350000000000004,0.03289999999999993,-3.6000000000000014,2025-05-04,West Ham United,Tottenham,1,1,D,1506.7,1528.8,-22.0,17,16,-1,34,34,1,2,2,5,0.4,1.2,1.8,0.0,5,0.6,1.4,2.6,0.0,5,0.9,1.0,1.2,0.2,10,1.0,1.4,1.9,0.1,10,1.0,1.0,1.0,0.2,5,0.6,1.4,2.6,0.0,5,0.8872290688480685,0.5505139328055839,1.0662466465241185,0.5030029188950402,0.101401126719032,0.1001394934222576
2024-25,35,2024-25_GW35_Chelsea_vs_Liverpool,Chelsea,Liverpool,1.1928,0.8077,2.0005,64.9,198.6,0.7912,0.2228,1.6132,1.035,2.648,76.4,114.7,0.823,0.2456,-0.4203999999999999,-0.22729999999999995,-0.6475,-11.5,2025-05-04,Chelsea,Liverpool,3,1,H,1646.6,1806.5,-159.9,5,1,-4,34,34,0,2,3,5,2.2,1.2,0.6,0.6,5,2.4,2.2,1.0,0.4,5,1.7,1.2,0.9,0.5,10,2.5,2.2,0.9,0.4,10,2.6,1.8,0.4,0.8,5,1.6,1.8,1.4,0.4,5,1.1309303427439157,0.4057019169897112,1.6113973130286396,0.3845376412230494,0.100974258310349,0.1007797960352822
2024-25,35,2024-25_GW35_Crystal Palace_vs_Nottingham Forest,Crystal Palace,Nottingham Forest,1.3149,0.803,2.1179,59.2,132.6,0.8908,0.2122,0.9267,0.603,1.5297,58.3,116.0,0.8683,0.2518,0.3882,0.20000000000000007,0.5882000000000001,0.9000000000000057,2025-05-05,Crystal Palace,Nottingham Forest,1,1,D,1577.8,1579.7,-1.9,12,6,-6,34,34,0,2,3,5,1.0,1.2,2.6,0.2,5,1.2,0.8,1.2,0.2,5,1.5,1.5,1.7,0.3,10,1.3,1.3,1.4,0.3,10,2.0,1.6,0.8,0.4,5,1.2,2.2,2.2,0.0,5,1.4366423734346094,0.4923304390205589,0.868389403142879,0.5327285534620314,0.1017947942514842,0.1042753740041649
2024-25,36,2024-25_GW36_Fulham_vs_Everton,Fulham,Everton,0.7557,0.5668,1.3225,52.5,93.7,0.7981,0.1961,0.6541,0.3891,1.0432,53.4,109.8,0.8016,0.195,0.10160000000000002,0.17769999999999997,0.2793000000000001,-0.8999999999999986,2025-05-10,Fulham,Everton,1,3,A,1561.7,1537.6,24.1,11,14,3,35,35,2,0,3,5,1.2,1.2,1.4,0.0,5,1.0,0.8,1.2,0.2,5,1.2,1.2,1.4,0.1,10,0.9,0.9,1.2,0.1,10,1.8,1.6,1.4,0.2,5,1.0,0.6,0.8,0.2,5,0.9302671973071334,0.4883760230001917,0.8848497637753807,0.4761707596605077,0.1014260607056198,0.1012487385630046
2024-25,36,2024-25_GW36_Ipswich Town_vs_Brentford,Ipswich Town,Brentford,0.546,0.279,0.8251,49.2,127.4,0.7179,0.1915,1.4362,0.7933,2.229,56.3,128.6,0.865,0.2858,-0.8901999999999999,-0.5143,-1.4039000000000001,-7.099999999999994,2025-05-10,Ipswich Town,Brentford,0,1,A,1434.6,1579.3,-144.7,18,9,-9,35,35,0,1,0,1,0.4,1.0,2.6,0.0,5,2.2,2.2,1.2,0.4,5,0.5,1.2,2.6,0.0,10,1.8,1.9,1.1,0.3,10,0.0,1.0,3.2,0.0,5,2.0,2.0,0.8,0.4,5,0.6569964850445987,0.5001685429941644,1.149193251781376,0.4797393096563737,0.1201346413326438,0.1011436587747882
2024-25,36,2024-25_GW36_Southampton_vs_Manchester City,Southampton,Manchester City,0.462,0.4175,0.8792,48.9,143.7,0.7866,0.172,1.0236,0.8456,1.8687,67.6,151.2,0.7215,0.2605,-0.5616000000000001,-0.42810000000000004,-0.9895,-18.699999999999996,2025-05-10,Southampton,Manchester City,0,0,D,1318.0,1766.1,-448.1,20,3,-17,35,35,0,3,2,5,0.2,0.6,2.2,0.0,5,2.6,2.0,0.6,0.6,5,0.2,0.6,2.5,0.0,10,2.0,1.5,0.8,0.5,10,0.2,0.6,2.4,0.0,5,1.4,0.8,1.2,0.6,5,0.5816101447993032,0.503808339541049,1.390361885895727,0.4424386864162263,0.1201346413326438,0.0999768352931356
2024-25,36,2024-25_GW36_Wolverhampton Wanderers_vs_Brighton and Hove Albion,Wolverhampton Wanderers,Brighton and Hove Albion,0.8633,0.5349,1.3973,53.8,155.5,0.8851,0.2602,0.7986,0.5756,1.3742,55.4,197.8,0.7279,0.1576,0.06469999999999998,-0.04069999999999996,0.0230999999999999,-1.6000000000000014,2025-05-10,Wolverhampton Wanderers,Brighton and Hove Albion,0,2,A,1525.1,1580.1,-54.9,14,10,-4,35,35,0,3,2,5,2.4,2.0,0.8,0.4,5,1.0,1.8,2.2,0.0,5,2.2,1.6,0.8,0.4,10,1.5,1.9,1.8,0.1,10,2.0,2.0,1.0,0.4,5,0.8,1.8,3.0,0.2,5,0.963124586015112,0.4567072333147003,1.1446245904626646,0.4367556689428276,0.1014501414904193,0.1013144134306398
2024-25,36,2024-25_GW36_Bournemouth_vs_Aston Villa,Bournemouth,Aston Villa,1.1959,0.5853,1.7812,55.4,135.1,0.8648,0.2599,1.0801,0.7036,1.7837,60.2,160.3,0.7353,0.2455,0.1157999999999999,-0.11829999999999996,-0.0025000000000001688,-4.800000000000004,2025-05-10,Bournemouth,Aston Villa,0,1,A,1570.8,1656.2,-85.4,10,7,-3,35,35,1,2,2,5,1.8,1.2,0.8,0.4,5,2.4,2.2,0.8,0.4,5,1.0,1.1,1.3,0.2,10,2.2,2.0,1.1,0.4,10,0.8,0.8,1.2,0.2,5,1.8,1.8,1.2,0.6,5,1.066659977129452,0.465402438574452,1.4623689023892923,0.4400019968442379,0.1028949885783945,0.1020171345143369
2024-25,36,2024-25_GW36_Liverpool_vs_Arsenal,Liverpool,Arsenal,1.5346,0.965,2.4994,76.0,115.2,0.7733,0.2467,0.8273,0.7596,1.5869,65.8,150.7,0.7501,0.2128,0.7072999999999999,0.20539999999999992,0.9125000000000001,10.200000000000003,2025-05-11,Liverpool,Arsenal,2,2,D,1794.8,1743.3,51.6,1,2,1,35,35,0,2,3,5,1.8,2.2,1.6,0.2,5,1.2,1.8,1.2,0.2,5,2.2,2.1,1.1,0.4,10,1.4,1.3,0.9,0.3,10,3.0,2.6,0.6,0.4,5,1.8,1.6,0.4,0.6,5,1.530071226132968,0.4283105728120775,1.3321846398695574,0.4022373997234774,0.0991821693947492,0.0990924137423144
2024-25,36,2024-25_GW36_Tottenham_vs_Crystal Palace,Tottenham,Crystal Palace,0.8081,0.4248,1.2329,60.1,177.6,0.623,0.2143,1.3672,0.8225,2.1897,58.6,133.0,0.8894,0.2157,-0.5590999999999999,-0.3977,-0.9568000000000001,1.5,2025-05-11,Tottenham,Crystal Palace,0,2,A,1531.0,1575.0,-44.1,16,12,-4,35,35,4,1,0,5,0.8,1.6,2.6,0.0,5,0.6,1.0,2.6,0.2,5,0.8,1.4,2.0,0.0,10,1.6,1.5,1.6,0.3,10,1.4,1.4,1.2,0.2,5,1.0,1.4,2.6,0.2,5,1.026647457856241,0.4908948085964723,1.4595100581350202,0.4818099214144954,0.0985910955860321,0.1001191308396786
2024-25,36,2024-25_GW36_Newcastle United_vs_Chelsea,Newcastle United,Chelsea,1.3952,0.8341,2.2293,62.7,114.4,0.8581,0.278,1.2809,0.8273,2.1082,64.8,198.6,0.8079,0.2257,0.11430000000000007,0.006799999999999917,0.12109999999999976,-2.0999999999999943,2025-05-11,Newcastle United,Chelsea,2,0,H,1656.3,1658.3,-2.0,4,5,1,35,35,2,2,1,5,2.0,2.8,1.2,0.4,5,2.2,1.6,0.8,0.4,5,2.2,2.4,1.2,0.4,10,2.0,1.5,0.7,0.5,10,3.0,3.6,1.0,0.4,5,0.8,0.6,1.4,0.2,5,1.4128483033346764,0.4722914517495173,1.2239252949563746,0.4035365464635149,0.099552137815761,0.0993616806996189
2024-25,36,2024-25_GW36_Manchester United_vs_West Ham United,Manchester United,West Ham United,0.6837,0.4823,1.1659,59.0,156.7,0.6653,0.1897,0.8548,0.6189,1.4737,56.2,103.4,0.7976,0.2323,-0.17110000000000003,-0.1366,-0.3078000000000001,2.799999999999997,2025-05-11,Manchester United,West Ham United,0,2,A,1554.7,1504.5,50.2,15,17,2,35,35,2,3,0,5,0.4,1.0,2.0,0.2,5,0.6,1.4,1.8,0.0,5,1.0,1.4,1.6,0.2,10,1.0,1.1,1.2,0.2,10,1.0,0.8,1.2,0.2,5,0.8,1.0,1.4,0.2,5,1.0029471043788818,0.4893777216458706,0.8699670690588646,0.5371851742626111,0.1004672076381453,0.0997557299054303
2024-25,36,2024-25_GW36_Nottingham Forest_vs_Leicester City,Nottingham Forest,Leicester City,0.9212,0.6014,1.5225,58.5,116.0,0.8728,0.245,0.6044,0.3502,0.9546,49.9,127.6,0.7453,0.2426,0.31679999999999997,0.25120000000000003,0.5679,8.600000000000001,2025-05-11,Nottingham Forest,Leicester City,2,2,D,1582.5,1402.2,180.3,7,19,12,35,35,2,1,0,3,0.8,0.8,1.4,0.0,5,0.8,0.8,1.8,0.2,5,1.4,1.3,1.3,0.3,10,0.4,0.4,2.1,0.1,10,1.4,0.4,0.6,0.6,5,0.2,0.4,2.0,0.0,5,0.8466161698626264,0.550380734070856,0.6450325190920044,0.5018967549466773,0.1024089945578938,0.1201346413326438
2024-25,37,2024-25_GW37_Aston Villa_vs_Tottenham,Aston Villa,Tottenham,1.057,0.6299,1.6869,59.2,161.0,0.7507,0.238,0.5989,0.4042,1.0032,54.7,183.0,0.6498,0.2198,0.45809999999999995,0.2257,0.6837,4.5,2025-05-16,Aston Villa,Tottenham,2,0,H,1666.6,1519.4,147.3,6,17,11,36,36,3,2,0,5,2.4,2.0,0.6,0.6,5,0.2,1.0,2.8,0.0,5,2.4,1.9,0.9,0.5,10,0.5,1.0,2.1,0.0,10,2.6,2.2,1.0,0.2,5,0.2,0.8,2.6,0.0,5,1.3947210397149428,0.4292856453540176,0.9847070165372054,0.515630037879513,0.1003243767707778,0.0971617442327027
2024-25,37,2024-25_GW37_Chelsea_vs_Manchester United,Chelsea,Manchester United,1.3226,0.8319,2.1545,63.1,200.3,0.8254,0.225,0.681,0.4651,1.1461,58.1,157.6,0.6256,0.1862,0.6416,0.36679999999999996,1.0084000000000002,5.0,2025-05-16,Chelsea,Manchester United,1,0,H,1651.1,1540.6,110.4,6,16,10,36,36,1,2,2,5,2.0,1.6,1.2,0.2,5,0.2,1.0,2.4,0.0,5,2.0,1.4,0.7,0.5,10,0.9,1.2,1.6,0.2,10,2.6,1.6,0.6,0.6,5,0.8,1.6,2.0,0.2,5,1.1622921143016611,0.410122016965481,1.0554481875429012,0.4916306073047413,0.0978730839473368,0.0988936139356614
2024-25,37,2024-25_GW37_Arsenal_vs_Newcastle United,Arsenal,Newcastle United,0.8714,0.758,1.6295,66.2,149.1,0.755,0.2167,1.4282,0.8649,2.2932,65.4,111.7,0.856,0.2751,-0.5568,-0.1069,-0.6637000000000002,0.7999999999999972,2025-05-18,Arsenal,Newcastle United,1,0,H,1747.4,1663.5,83.9,2,3,1,36,36,2,2,1,5,1.2,2.0,1.4,0.2,5,2.0,2.4,1.0,0.6,5,1.5,1.5,1.0,0.3,10,2.2,2.2,0.9,0.5,10,1.6,1.4,1.2,0.2,5,1.4,1.2,1.4,0.4,5,1.356020039455596,0.4295969200819231,1.3837872696079023,0.461778725906627,0.0976245192175073,0.0980488980245333
2024-25,37,2024-25_GW37_Everton_vs_Southampton,Everton,Southampton,0.6711,0.3905,1.0616,53.4,109.5,0.8043,0.1967,0.4511,0.3981,0.849,48.2,144.1,0.783,0.1747,0.22000000000000003,-0.007599999999999996,0.21260000000000012,5.199999999999996,2025-05-18,Everton,Southampton,2,0,H,1551.1,1325.6,225.5,13,20,7,36,36,2,3,0,5,1.4,1.2,1.2,0.2,5,0.4,0.4,1.6,0.2,5,1.1,1.0,1.1,0.1,10,0.3,0.6,2.1,0.1,10,0.8,1.2,1.6,0.0,5,0.2,0.6,2.6,0.0,5,0.8867466983403094,0.4668289775284436,0.5365489588534392,0.4962179139623323,0.0996150579076056,0.1170489434705282
2024-25,37,2024-25_GW37_West Ham United_vs_Nottingham Forest,West Ham United,Nottingham Forest,0.8591,0.6169,1.4759,55.9,103.7,0.7958,0.2309,0.9056,0.5773,1.4828,58.5,116.3,0.8472,0.243,-0.046499999999999986,0.03959999999999997,-0.006899999999999906,-2.6000000000000014,2025-05-18,West Ham United,Nottingham Forest,1,2,A,1518.6,1575.8,-57.2,15,7,-8,36,36,2,3,0,5,1.0,1.4,1.4,0.2,5,1.0,1.0,1.4,0.0,5,1.0,1.2,1.2,0.2,10,1.5,1.2,1.1,0.3,10,1.2,1.2,1.0,0.2,5,1.4,2.2,2.0,0.0,5,0.8981655289238177,0.5518982852421425,0.8632929767670955,0.5395103565801936,0.098236837210502,0.1006861091824809
2024-25,37,2024-25_GW37_Brentford_vs_Fulham,Brentford,Fulham,1.4473,0.8106,2.2574,56.8,128.6,0.884,0.2847,0.8078,0.5678,1.3757,52.5,93.7,0.788,0.195,0.6395000000000001,0.24280000000000002,0.8817000000000002,4.299999999999997,2025-05-18,Brentford,Fulham,2,3,A,1588.0,1548.3,39.8,8,11,3,36,36,2,2,1,5,2.6,2.4,1.2,0.4,5,0.6,0.8,1.6,0.0,5,1.8,1.6,1.1,0.3,10,1.2,1.3,1.5,0.1,10,1.6,1.8,1.4,0.2,5,0.6,0.8,1.4,0.0,5,1.138878061816722,0.4706047766259741,0.902903273115302,0.4891617449501025,0.0995180570374283,0.09977874687603
2024-25,37,2024-25_GW37_Leicester City_vs_Ipswich Town,Leicester City,Ipswich Town,0.6168,0.365,0.9818,49.4,128.1,0.7271,0.2332,0.5602,0.277,0.8372,49.2,127.4,0.7316,0.1916,0.056599999999999984,0.08799999999999997,0.14459999999999995,0.19999999999999574,2025-05-18,Leicester City,Ipswich Town,2,0,H,1408.9,1425.9,-17.0,19,18,-1,36,36,0,0,1,1,1.0,1.2,1.6,0.2,5,0.4,0.8,2.4,0.0,5,0.5,0.6,1.9,0.1,10,0.5,1.1,2.3,0.0,10,0.6,0.4,2.2,0.2,5,1.0,1.2,1.8,0.0,5,0.666664254393119,0.4855214907716595,0.6627859684224906,0.4868154779382289,0.1170489434705282,0.1170489434705282
2024-25,37,2024-25_GW37_Brighton and Hove Albion_vs_Liverpool,Brighton and Hove Albion,Liverpool,0.7979,0.5684,1.3663,53.6,199.5,0.7298,0.1535,1.562,0.9537,2.5155,74.4,116.6,0.7859,0.2436,-0.7641,-0.3853,-1.1491999999999998,-20.800000000000004,2025-05-19,Brighton and Hove Albion,Liverpool,3,2,H,1591.4,1790.7,-199.4,9,1,-8,36,36,1,2,2,5,1.6,2.0,1.8,0.2,5,2.0,2.2,1.4,0.2,5,1.5,1.7,1.8,0.1,10,2.2,2.1,1.1,0.4,10,1.6,1.6,1.8,0.0,5,1.4,1.6,1.6,0.4,5,1.144596492574684,0.4281875940123869,1.5449203886275344,0.4516407152399507,0.0996756834514665,0.0977073741274504
2024-25,37,2024-25_GW37_Manchester City_vs_Bournemouth,Manchester City,Bournemouth,1.1372,0.8854,2.0221,68.0,151.1,0.6931,0.246,1.1193,0.5691,1.6884,55.3,135.1,0.8578,0.2535,0.017900000000000027,0.3162999999999999,0.3337000000000001,12.700000000000003,2025-05-20,Manchester City,Bournemouth,3,1,H,1758.5,1560.4,198.1,6,11,5,36,36,4,1,0,5,2.6,2.0,0.6,0.6,5,1.6,0.8,0.6,0.4,5,2.1,1.5,0.6,0.6,10,1.0,1.1,1.3,0.2,10,2.6,2.4,1.0,0.4,5,1.2,1.4,1.4,0.2,5,1.3784082662892092,0.4244133372627353,1.028521882231511,0.4599295400356866,0.0984409432081669,0.1011347382070513
2024-25,37,2024-25_GW37_Crystal Palace_vs_Wolverhampton Wanderers,Crystal Palace,Wolverhampton Wanderers,1.4412,0.8425,2.2837,57.9,133.5,0.8998,0.2068,0.8313,0.5275,1.3581,53.9,155.5,0.8884,0.2561,0.6099,0.31500000000000006,0.9256,4.0,2025-05-20,Crystal Palace,Wolverhampton Wanderers,4,2,H,1586.6,1513.9,72.8,12,14,2,36,36,3,1,1,5,1.2,1.0,1.6,0.4,5,1.8,1.6,1.0,0.4,5,1.6,1.5,1.6,0.3,10,1.9,1.5,1.0,0.3,10,2.2,1.6,0.6,0.4,5,2.4,1.2,0.6,0.4,5,1.5295300496547477,0.4699356835124854,0.9406582190454416,0.4606683847429645,0.0985722985531988,0.0998009762421123
2024-25,38,2024-25_GW38_Wolverhampton Wanderers_vs_Brentford,Wolverhampton Wanderers,Brentford,0.7872,0.4817,1.2683,51.6,157.7,0.8268,0.2475,1.4903,0.8177,2.3075,57.0,128.6,0.9001,0.2883,-0.7031,-0.33599999999999997,-1.0392000000000001,-5.399999999999999,2025-05-25,Wolverhampton Wanderers,Brentford,1,1,D,1508.5,1574.2,-65.7,14,9,-5,37,37,2,2,1,5,1.2,1.2,1.4,0.4,5,2.4,2.6,1.6,0.4,5,1.9,1.6,1.2,0.3,10,1.7,1.7,1.3,0.3,10,2.0,1.8,1.0,0.4,5,2.0,1.4,0.8,0.4,5,0.9571686610860648,0.465201118436351,1.2124156389994385,0.4664888492323005,0.0982786048435073,0.0980174375009567
2024-25,38,2024-25_GW38_Tottenham_vs_Brighton and Hove Albion,Tottenham,Brighton and Hove Albion,0.6943,0.413,1.1073,57.1,180.5,0.631,0.2227,0.8118,0.5903,1.4021,54.5,198.5,0.7243,0.1496,-0.11749999999999994,-0.17730000000000007,-0.29479999999999995,2.6000000000000014,2025-05-25,Tottenham,Brighton and Hove Albion,1,4,A,1515.5,1604.2,-88.7,17,8,-9,37,37,3,2,0,5,0.2,0.6,2.4,0.0,5,2.0,2.2,1.8,0.2,5,0.5,1.0,2.2,0.0,10,1.5,1.8,1.9,0.1,10,0.8,1.2,1.6,0.0,5,1.4,2.2,1.6,0.4,5,0.9387869218317813,0.510473669446887,1.184227070849824,0.4366914310727878,0.0958422866337144,0.0981629450203777
2024-25,38,2024-25_GW38_Nottingham Forest_vs_Chelsea,Nottingham Forest,Chelsea,0.9567,0.6197,1.5764,58.9,116.0,0.8699,0.2396,1.2789,0.8281,2.1069,62.8,200.6,0.8157,0.2241,-0.32219999999999993,-0.20839999999999992,-0.5305,-3.8999999999999986,2025-05-25,Nottingham Forest,Chelsea,0,1,A,1587.0,1655.6,-68.6,7,5,-2,37,37,1,1,3,5,1.6,1.4,1.4,0.0,5,2.4,1.4,0.8,0.4,5,1.7,1.4,1.2,0.2,10,2.0,1.1,0.7,0.5,10,1.4,0.8,1.0,0.4,5,0.8,0.6,1.2,0.2,5,0.9179405593142336,0.5286242890348156,1.11727383341414,0.3983699139466662,0.0990956855294868,0.0964989359521272
2024-25,38,2024-25_GW38_Southampton_vs_Arsenal,Southampton,Arsenal,0.4066,0.3468,0.7533,47.9,144.3,0.7348,0.1663,0.8691,0.7755,1.6447,66.0,149.0,0.7763,0.2161,-0.46249999999999997,-0.42869999999999997,-0.8914000000000001,-18.1,2025-05-25,Southampton,Arsenal,1,2,A,1322.9,1752.5,-429.6,20,2,-18,37,37,1,2,2,5,0.4,0.4,1.4,0.2,5,1.6,2.0,1.2,0.4,5,0.3,0.6,1.9,0.1,10,1.7,1.6,1.0,0.3,10,0.4,0.6,1.6,0.2,5,1.4,1.6,0.8,0.4,5,0.5827476884848466,0.5074637664895536,1.281750392262861,0.4423853322457398,0.114200485333999,0.0962694817868863
2024-25,38,2024-25_GW38_Newcastle United_vs_Everton,Newcastle United,Everton,1.3478,0.8285,2.1764,63.7,113.0,0.8244,0.2701,0.7307,0.3859,1.1165,53.6,109.5,0.8047,0.2016,0.6171000000000001,0.4426,1.0599,10.100000000000001,2025-05-25,Newcastle United,Everton,0,1,A,1658.4,1553.7,104.7,5,13,8,37,37,2,1,2,5,1.4,1.4,1.2,0.4,5,1.4,1.4,1.2,0.2,5,2.2,2.2,0.8,0.5,10,1.3,1.1,1.0,0.2,10,3.0,3.2,0.4,0.6,5,1.4,1.0,0.8,0.2,5,1.375163903025853,0.4530557861899931,0.9812516345067184,0.4676889976583985,0.0966612328007121,0.0981069805898312
2024-25,38,2024-25_GW38_Fulham_vs_Manchester City,Fulham,Manchester City,0.7872,0.5542,1.3415,52.5,93.5,0.7909,0.1944,1.1781,0.9002,2.0778,76.9,142.3,0.7212,0.2438,-0.3908999999999999,-0.346,-0.7363,-24.400000000000006,2025-05-25,Fulham,Manchester City,0,2,A,1562.1,1761.5,-199.5,10,4,-6,37,37,0,5,0,5,1.2,1.4,1.8,0.0,5,2.6,1.6,0.4,0.6,5,1.2,1.4,1.6,0.1,10,2.1,1.7,0.7,0.5,10,1.2,1.4,1.8,0.2,5,1.6,0.6,0.2,0.8,5,0.8947806188694678,0.5214056548599192,1.3554029007954758,0.4225544534822186,0.0982580845523069,0.0970231361182465
2024-25,38,2024-25_GW38_Liverpool_vs_Crystal Palace,Liverpool,Crystal Palace,1.4891,0.9276,2.4165,74.2,116.5,0.7534,0.2357,1.3184,0.7641,2.0825,57.9,133.5,0.8629,0.2045,0.17070000000000007,0.16349999999999998,0.3340000000000001,16.300000000000004,2025-05-25,Liverpool,Crystal Palace,1,1,D,1777.9,1592.0,185.9,1,12,11,37,37,2,1,2,5,1.4,2.2,1.8,0.2,5,1.8,1.8,1.0,0.4,5,1.9,2.1,1.4,0.3,10,1.6,1.5,1.7,0.3,10,2.6,2.6,1.0,0.2,5,1.0,1.4,2.6,0.2,5,1.5389239021515844,0.4714655163725397,1.4937475671909757,0.4749024616950949,0.0963459665086333,0.0971443923844306
2024-25,38,2024-25_GW38_Ipswich Town_vs_West Ham United,Ipswich Town,West Ham United,0.5541,0.3217,0.8758,49.6,127.0,0.7444,0.1906,0.8449,0.6317,1.4764,56.0,103.6,0.799,0.2237,-0.29079999999999995,-0.31000000000000005,-0.6005999999999999,-6.399999999999999,2025-05-25,Ipswich Town,West Ham United,1,3,A,1418.2,1507.4,-89.1,19,15,-4,37,37,0,1,0,1,0.2,0.4,2.4,0.0,5,1.0,1.4,1.4,0.2,5,0.5,0.9,2.2,0.0,10,0.7,1.1,1.4,0.1,10,0.0,0.8,3.0,0.0,5,0.8,1.2,1.4,0.2,5,0.7026580637682119,0.4628772189711569,0.8946755209573607,0.5625221338184023,0.114200485333999,0.0968347225354064
2024-25,38,2024-25_GW38_Bournemouth_vs_Leicester City,Bournemouth,Leicester City,1.0172,0.5219,1.539,55.1,135.2,0.8529,0.2502,0.6375,0.3672,1.0046,49.0,128.5,0.7565,0.2342,0.37970000000000015,0.1547,0.5344,6.100000000000001,2025-05-25,Bournemouth,Leicester City,2,0,H,1557.3,1416.5,140.8,11,18,7,37,37,3,2,0,5,1.0,0.8,1.2,0.2,5,1.4,1.2,1.2,0.4,5,1.0,1.1,1.4,0.2,10,0.8,0.8,1.7,0.2,10,0.8,0.8,1.2,0.2,5,0.4,0.8,2.0,0.0,5,1.008623533433033,0.4638778429734299,0.6642711212385807,0.4728237504973943,0.0995098223155312,0.114200485333999
2024-25,38,2024-25_GW38_Manchester United_vs_Aston Villa,Manchester United,Aston Villa,0.6753,0.4887,1.164,59.0,156.6,0.6369,0.1841,1.0569,0.5663,1.6232,59.5,160.8,0.7306,0.2389,-0.38159999999999994,-0.0776,-0.45920000000000005,-0.5,2025-05-25,Manchester United,Aston Villa,2,0,H,1536.0,1670.5,-134.5,16,6,-10,37,37,3,1,1,5,0.2,0.8,1.8,0.0,5,2.4,1.8,0.6,0.6,5,0.6,0.9,1.5,0.2,10,2.4,1.9,0.8,0.6,10,1.0,0.8,1.2,0.2,5,2.4,1.8,0.4,0.8,5,0.9877482945950502,0.4814082451146008,1.356835917509399,0.4171090443895706,0.0974410038663273,0.0987617644272258
2025-26,1,2025-26_GW1_Liverpool_vs_Bournemouth,Liverpool,Bournemouth,0.9898,0.6847,1.6744,71.2,148.3,0.6402,0.1809,0.8716,0.4755,1.347,55.9,169.8,0.6043,0.1648,0.11819999999999997,0.2092,0.32740000000000014,15.300000000000004,2025-08-15,Liverpool,Bournemouth,4,2,H,1771.2,1561.3,209.8,1,1,0,0,0,4,1,0,5,1.0,2.2,2.0,0.0,5,1.4,1.2,1.2,0.2,5,1.7,2.0,1.5,0.2,10,1.2,1.1,1.2,0.3,10,2.2,2.2,1.0,0.2,5,1.2,1.4,1.6,0.2,5,1.1421971589439468,0.8755055921558941,1.0325618627615454,0.968464976350705,0.3930959999999999,0.371424
2025-26,1,2025-26_GW1_Tottenham_vs_Burnley,Tottenham,Burnley,0.7082,0.4056,1.1138,65.0,170.8,0.5383,0.1638,0.375,0.3,0.675,55.0,170.0,0.3,0.0444,0.33320000000000005,0.10560000000000003,0.43879999999999986,10.0,2025-08-16,Tottenham,Burnley,3,0,H,1505.2,1407.0,98.2,3,3,0,0,0,4,1,0,5,0.2,0.6,2.8,0.0,5,0.8,1.6,2.0,0.0,5,0.4,0.9,2.4,0.0,10,1.0,1.4,1.6,0.0,10,0.8,1.4,2.2,0.0,5,1.0,1.6,1.4,0.0,5,1.002772373241747,0.997235291561948,0.9500845826516376,1.0525378669013352,0.338916,0.66
2025-26,1,2025-26_GW1_Sunderland_vs_West Ham United,Sunderland,West Ham United,0.4417,0.3533,0.795,55.0,210.0,0.3,0.0377,0.5626,0.4077,0.9703,54.8,157.2,0.5742,0.1306,-0.12090000000000001,-0.054400000000000004,-0.1753,0.20000000000000284,2025-08-16,Sunderland,West Ham United,3,0,H,1369.4,1517.7,-148.2,5,5,0,0,0,0,1,1,2,0.6,0.6,2.0,0.2,5,1.4,1.8,1.4,0.2,5,0.4,0.5,1.9,0.1,10,1.0,1.4,1.4,0.1,10,0.4,0.4,1.6,0.2,5,1.2,1.6,1.4,0.2,5,0.929718026311816,1.075594934914828,1.009428913038355,0.990659160921026,0.66,0.4137959999999999
2025-26,1,2025-26_GW1_Wolverhampton Wanderers_vs_Manchester City,Wolverhampton Wanderers,Manchester City,0.4527,0.2672,0.7199,52.7,171.2,0.5096,0.1308,0.7457,0.3852,1.1308,74.4,149.3,0.511,0.2099,-0.29300000000000004,-0.118,-0.41090000000000004,-21.700000000000003,2025-08-16,Wolverhampton Wanderers,Manchester City,0,4,A,1507.5,1768.7,-261.3,7,7,0,0,0,1,4,0,5,0.8,1.2,1.6,0.2,5,2.6,1.6,0.4,0.6,5,1.9,1.6,1.2,0.3,10,2.4,1.9,0.6,0.6,10,2.0,1.8,1.0,0.4,5,1.6,0.8,0.2,0.8,5,1.003998003989035,0.996017916397094,1.1409072329412158,0.8764954512752432,0.4699199999999999,0.446988
2025-26,1,2025-26_GW1_Aston Villa_vs_Newcastle United,Aston Villa,Newcastle United,0.7396,0.5559,1.2955,58.0,189.7,0.6782,0.1605,1.0257,0.6426,1.6683,64.1,137.1,0.7364,0.2047,-0.2861,-0.0867,-0.3727999999999998,-6.099999999999994,2025-08-16,Aston Villa,Newcastle United,0,0,D,1659.5,1643.1,16.5,9,9,0,0,0,2,3,0,5,1.8,1.0,0.8,0.6,5,1.4,1.2,0.6,0.4,5,2.4,1.8,0.6,0.6,10,1.9,2.1,0.9,0.4,10,3.0,2.2,0.6,0.4,5,1.4,1.2,1.2,0.4,5,1.0841984901567965,0.9223403362749384,1.0756183168510505,0.9296978159758116,0.352236,0.3162
2025-26,1,2025-26_GW1_Brighton and Hove Albion_vs_Fulham,Brighton and Hove Albion,Fulham,0.6056,0.3736,0.9792,54.0,179.9,0.5964,0.1294,0.3941,0.4024,0.7965,52.1,99.3,0.6739,0.1904,0.21150000000000002,-0.028799999999999992,0.18269999999999997,1.8999999999999986,2025-08-16,Brighton and Hove Albion,Fulham,1,1,D,1614.5,1554.9,59.6,11,11,0,0,0,1,3,1,5,2.6,2.6,1.2,0.2,5,1.2,1.2,1.8,0.0,5,1.5,2.0,1.9,0.1,10,1.2,1.3,1.6,0.1,10,1.6,1.8,2.0,0.0,5,1.2,1.2,1.4,0.0,5,1.0606141874924124,0.9428499182763892,1.029174373232183,0.9716526431370816,0.378876,0.378732
2025-26,1,2025-26_GW1_Chelsea_vs_Crystal Palace,Chelsea,Crystal Palace,0.8886,0.6047,1.4933,62.7,152.7,0.5691,0.167,0.8713,0.5236,1.3949,57.4,166.0,0.7019,0.1703,0.017299999999999982,0.08110000000000006,0.09840000000000004,5.300000000000004,2025-08-17,Chelsea,Crystal Palace,0,0,D,1666.5,1598.8,67.7,13,13,0,0,0,3,0,2,5,2.4,1.2,0.6,0.6,5,1.8,2.0,1.2,0.2,5,2.0,1.1,0.7,0.5,10,1.4,1.5,1.8,0.2,10,2.6,1.6,0.6,0.6,5,1.0,1.4,2.6,0.2,5,1.0878555885651533,0.9192396587482424,1.0523550862244706,0.950249600244434,0.3976679999999999,0.346332
2025-26,1,2025-26_GW1_Nottingham Forest_vs_Brentford,Nottingham Forest,Brentford,0.7493,0.4496,1.1989,58.6,154.4,0.6861,0.1477,0.754,0.4649,1.2187,53.7,159.9,0.6237,0.2028,-0.0047000000000000375,-0.01529999999999998,-0.019799999999999818,4.899999999999999,2025-08-17,Nottingham Forest,Brentford,3,1,H,1576.1,1575.2,0.9,15,15,0,0,0,1,3,1,5,1.0,1.0,1.4,0.0,5,2.0,2.0,1.4,0.4,5,1.4,1.3,1.3,0.1,10,1.8,1.8,1.3,0.3,10,0.8,0.6,1.2,0.2,5,1.6,1.2,0.8,0.4,5,1.0403848226312766,0.9611828029852092,1.0399095229316395,0.9616221199521956,0.388056,0.3969479999999999
2025-26,1,2025-26_GW1_Manchester United_vs_Arsenal,Manchester United,Arsenal,0.5673,0.4238,0.9912,58.5,168.7,0.5986,0.1683,0.6832,0.5474,1.2304,74.5,131.7,0.5835,0.1821,-0.1159,-0.12359999999999999,-0.23919999999999997,-16.0,2025-08-17,Manchester United,Arsenal,0,1,A,1547.0,1755.1,-208.1,17,17,0,0,0,0,4,1,5,0.8,1.2,1.6,0.2,5,1.6,1.6,1.4,0.2,5,0.8,1.0,1.4,0.3,10,1.9,1.7,1.0,0.3,10,1.0,0.6,0.8,0.4,5,1.8,2.0,1.0,0.2,5,1.0249890922087757,0.9756201384007648,1.1338836309098597,0.8819247167344432,0.36822,0.370884
2025-26,1,2025-26_GW1_Leeds United_vs_Everton,Leeds United,Everton,0.325,0.26,0.585,55.0,140.0,0.3,0.0513,0.3305,0.2468,0.5772,53.7,121.2,0.5433,0.1733,-0.005500000000000005,0.013200000000000017,0.007799999999999918,1.2999999999999972,2025-08-18,Leeds United,Everton,1,0,H,1439.2,1569.0,-129.8,19,19,0,0,0,0,3,2,5,0.2,1.2,3.0,0.0,5,2.0,1.6,0.8,0.4,5,0.5,1.2,3.0,0.0,10,1.5,1.1,0.9,0.3,10,0.4,1.2,3.6,0.0,5,1.8,1.0,0.6,0.4,5,0.9674397174513863,1.0336561358410945,1.0366337581965035,0.9646608477614722,0.66,0.449256
2025-26,2,2025-26_GW2_West Ham United_vs_Chelsea,West Ham United,Chelsea,0.5626,0.4077,0.9703,54.8,157.2,0.5742,0.1306,0.8886,0.6047,1.4933,62.7,152.7,0.5691,0.167,-0.32599999999999996,-0.197,-0.523,-7.900000000000006,2025-08-22,West Ham United,Chelsea,1,5,A,1506.3,1662.1,-155.8,19,12,-7,1,1,1,3,1,5,1.4,1.4,1.4,0.2,5,2.0,1.0,0.6,0.6,5,0.9,1.3,1.6,0.1,10,2.1,1.1,0.6,0.6,10,0.6,1.0,1.4,0.0,5,1.4,0.6,0.8,0.4,5,0.862131940600305,0.7993313683702181,1.1090523718015302,0.7435213181559579,0.4619818516694043,0.4470938312348806
2025-26,2,2025-26_GW2_Burnley_vs_Sunderland,Burnley,Sunderland,0.375,0.3,0.675,55.0,170.0,0.3,0.0444,0.4417,0.3533,0.795,55.0,210.0,0.3,0.0377,-0.06669999999999998,-0.053300000000000014,-0.12,0.0,2025-08-23,Burnley,Sunderland,2,0,H,1402.2,1380.8,21.4,18,4,-14,1,1,1,0,1,2,0.2,0.8,2.4,0.0,5,1.2,1.2,1.8,0.4,5,0.7,1.2,1.8,0.0,10,0.7,0.8,1.8,0.2,10,1.0,1.2,1.8,0.0,5,0.6,0.6,2.0,0.2,5,0.8333114340252741,0.7904980764563031,0.7394496866334274,0.6321926554965535,0.6892567886151796,0.6892567886151796
2025-26,2,2025-26_GW2_Manchester City_vs_Tottenham,Manchester City,Tottenham,0.7457,0.3852,1.1308,74.4,149.3,0.511,0.2099,0.7082,0.4056,1.1138,65.0,170.8,0.5383,0.1638,0.03749999999999998,-0.02040000000000003,0.017000000000000126,9.400000000000006,2025-08-23,Manchester City,Tottenham,0,2,A,1774.4,1510.0,264.4,2,3,1,1,1,2,2,1,5,2.6,2.0,0.2,0.8,5,0.8,1.0,1.8,0.2,5,2.6,2.1,0.4,0.7,10,0.7,1.2,2.2,0.1,10,3.0,2.6,0.8,0.4,5,0.2,0.8,2.6,0.0,5,1.3197400595437343,0.6844764418311859,1.1587355885541837,0.8281454577732965,0.4926219294386695,0.392858899651973
2025-26,2,2025-26_GW2_Bournemouth_vs_Wolverhampton Wanderers,Bournemouth,Wolverhampton Wanderers,0.8632,0.4688,1.332,55.9,169.3,0.6043,0.1685,0.4527,0.2672,0.7199,52.7,171.2,0.5096,0.1308,0.4105,0.2016,0.6121000000000001,3.1999999999999957,2025-08-23,Bournemouth,Wolverhampton Wanderers,1,0,H,1558.5,1501.8,56.7,17,19,2,1,1,3,2,0,5,1.2,1.4,1.8,0.2,5,0.2,0.6,2.4,0.0,5,1.2,1.2,1.4,0.3,10,1.6,1.4,1.5,0.3,10,1.4,1.0,0.8,0.4,5,1.8,1.4,1.4,0.2,5,1.084086714270302,0.8587450800164427,0.8395982935525593,0.8881304501916112,0.4228675658403098,0.5137908334940078
2025-26,2,2025-26_GW2_Brentford_vs_Aston Villa,Brentford,Aston Villa,0.754,0.4649,1.2187,53.7,159.9,0.6237,0.2028,0.7396,0.5559,1.2955,58.0,189.7,0.6782,0.1605,0.014399999999999968,-0.09099999999999997,-0.0768000000000002,-4.299999999999997,2025-08-23,Brentford,Aston Villa,1,0,H,1568.0,1656.3,-88.3,18,13,-5,1,1,0,3,2,5,1.4,1.8,2.0,0.2,5,2.0,0.8,0.4,0.8,5,1.5,1.7,1.5,0.3,10,2.2,1.7,0.6,0.6,10,1.4,2.0,1.8,0.2,5,1.8,1.6,0.8,0.6,5,1.0537704166759925,0.836992259620721,0.8791224138877205,0.7916967633293508,0.4464291874654822,0.405154809385843
2025-26,2,2025-26_GW2_Arsenal_vs_Leeds United,Arsenal,Leeds United,0.6832,0.5474,1.2304,74.5,131.7,0.5835,0.1821,0.325,0.26,0.585,55.0,140.0,0.3,0.0513,0.3582,0.2874,0.6454,19.5,2025-08-23,Arsenal,Leeds United,5,0,H,1762.1,1450.1,312.1,7,8,1,1,1,5,0,0,5,2.0,1.4,1.0,0.4,5,0.8,1.2,2.2,0.2,5,1.9,1.7,1.0,0.3,10,0.5,1.1,2.9,0.1,10,1.6,1.4,1.2,0.2,5,0.0,1.0,3.0,0.0,5,1.09993169360546,0.766022379209857,1.2312259364446214,0.6286573989310744,0.422369083013261,0.6892567886151796
2025-26,2,2025-26_GW2_Everton_vs_Brighton and Hove Albion,Everton,Brighton and Hove Albion,0.3305,0.2468,0.5772,53.7,121.2,0.5433,0.1733,0.6056,0.3736,0.9792,54.0,179.9,0.5964,0.1294,-0.2751,-0.1268,-0.4019999999999999,-0.29999999999999716,2025-08-24,Everton,Brighton and Hove Albion,2,0,H,1558.2,1610.2,-52.0,18,12,-6,1,1,2,1,2,5,2.0,1.6,0.8,0.4,5,2.2,2.2,1.0,0.2,5,1.4,1.0,0.9,0.3,10,1.5,1.9,1.8,0.1,10,1.2,1.2,1.2,0.2,5,1.4,2.2,1.8,0.2,5,0.8723696506705538,0.8637880102047417,1.0686922265870402,0.7615468405366401,0.4947155573122744,0.429746628853583
2025-26,2,2025-26_GW2_Crystal Palace_vs_Nottingham Forest,Crystal Palace,Nottingham Forest,0.8713,0.5236,1.3949,57.4,166.0,0.7019,0.1703,0.7493,0.4496,1.1989,58.6,154.4,0.6861,0.1477,0.122,0.07399999999999995,0.19599999999999995,-1.2000000000000028,2025-08-24,Crystal Palace,Nottingham Forest,1,1,D,1603.3,1583.3,20.0,15,6,-9,1,1,0,1,4,5,1.8,1.6,0.8,0.4,5,1.6,1.6,1.2,0.0,5,1.4,1.4,1.7,0.3,10,1.4,1.2,1.2,0.1,10,2.2,1.6,0.8,0.4,5,2.0,2.0,1.4,0.0,5,0.9327673126063644,0.8240478329777893,1.1214930865763522,0.8369053062762359,0.3997047304767763,0.4382208369134123
2025-26,2,2025-26_GW2_Fulham_vs_Manchester United,Fulham,Manchester United,0.3941,0.4024,0.7965,52.1,99.3,0.6739,0.1904,0.5673,0.4238,0.9912,58.5,168.7,0.5986,0.1683,-0.17320000000000002,-0.02140000000000003,-0.19469999999999998,-6.399999999999999,2025-08-24,Fulham,Manchester United,1,1,D,1559.2,1540.1,19.1,14,18,4,1,1,1,4,0,5,0.8,1.0,1.8,0.0,5,0.6,1.0,1.6,0.2,5,1.0,1.2,1.7,0.0,10,0.5,0.7,1.5,0.2,10,1.2,1.4,1.8,0.2,5,0.2,1.0,2.2,0.0,5,0.9297409685415668,0.8541250133199537,1.0430753908588295,0.8197094801292476,0.4296137000997033,0.419909901066487
2025-26,2,2025-26_GW2_Newcastle United_vs_Liverpool,Newcastle United,Liverpool,1.0257,0.6426,1.6683,64.1,137.1,0.7364,0.2047,0.9815,0.678,1.6594,71.2,148.3,0.6402,0.1849,0.04420000000000002,-0.0354000000000001,0.008899999999999908,-7.1000000000000085,2025-08-25,Newcastle United,Liverpool,2,3,A,1646.3,1774.1,-127.7,15,5,-10,1,1,0,4,1,5,1.0,0.6,0.6,0.4,5,1.0,2.0,2.2,0.0,5,1.7,1.9,0.8,0.5,10,1.7,2.1,1.6,0.2,10,2.4,2.8,0.4,0.6,5,1.2,1.6,1.8,0.4,5,1.0720738974372426,0.7476360197938711,1.2608026513026065,0.7598619050043285,0.3718893887274542,0.4428733432992009
2025-26,3,2025-26_GW3_Chelsea_vs_Fulham,Chelsea,Fulham,1.5042,0.8301,2.3343,65.0,156.6,0.8191,0.2739,0.4653,1.0537,1.519,55.0,103.3,0.8593,0.2005,1.0389,-0.22360000000000013,0.8152999999999999,10.0,2025-08-30,Chelsea,Fulham,2,0,H,1670.5,1555.9,114.6,4,13,9,2,2,3,1,1,5,2.0,1.4,0.6,0.6,5,1.0,1.2,1.8,0.0,5,2.1,1.5,0.7,0.5,10,1.1,1.2,1.6,0.0,10,2.2,1.4,0.6,0.6,5,1.4,1.2,1.2,0.0,5,1.2910531773734577,0.6447451198662266,1.006587367455214,0.7982227964292461,0.4188703162706153,0.4027341214827512
2025-26,3,2025-26_GW3_Manchester United_vs_Burnley,Manchester United,Burnley,1.2683,0.6492,1.9174,66.5,172.4,0.9398,0.3278,0.7826,0.5768,1.3593,51.5,156.5,0.8995,0.4123,0.4857,0.07240000000000002,0.5581,15.0,2025-08-30,Manchester United,Burnley,3,2,H,1543.4,1408.8,134.5,16,10,-6,2,2,3,0,2,5,0.8,0.6,1.0,0.2,5,0.6,1.0,2.2,0.2,5,0.6,0.8,1.5,0.2,10,0.9,1.2,1.6,0.1,10,0.8,0.4,0.8,0.4,5,0.8,1.2,1.6,0.0,5,1.0747119097659097,0.7438433672823419,0.8071862685466709,0.5951790764798498,0.3937763859731383,0.6424149007176995
2025-26,3,2025-26_GW3_Sunderland_vs_Brentford,Sunderland,Brentford,0.6501,0.399,1.0491,53.1,193.4,0.9398,0.1187,0.8114,0.1766,0.9881,57.4,158.8,0.8123,0.2801,-0.1613,0.22240000000000001,0.06099999999999994,-4.299999999999997,2025-08-30,Sunderland,Brentford,2,1,H,1374.2,1577.7,-203.5,8,11,3,2,2,0,0,0,0,0.6,0.8,2.2,0.2,5,1.4,1.2,1.4,0.4,5,0.7,0.8,1.8,0.2,10,1.8,1.7,1.3,0.4,10,0.8,1.0,1.6,0.2,5,1.6,1.2,1.0,0.4,5,0.6892820366587471,0.5090386024666983,1.0251349893174369,0.7309816088861135,0.6424149007176995,0.4182567727425596
2025-26,3,2025-26_GW3_Tottenham_vs_Bournemouth,Tottenham,Bournemouth,1.3222,0.7952,2.1173,60.6,178.7,0.8995,0.2261,1.4059,0.8439,2.2497,57.1,168.5,0.98,0.3092,-0.08369999999999989,-0.048699999999999966,-0.13239999999999963,3.5,2025-08-30,Tottenham,Bournemouth,0,1,A,1527.8,1564.2,-36.4,3,10,7,2,2,2,2,1,5,1.2,1.2,1.6,0.4,5,1.2,1.2,1.6,0.4,5,1.0,1.4,2.1,0.2,10,1.5,1.2,1.2,0.4,10,1.2,1.6,1.8,0.2,5,1.0,1.4,2.0,0.2,5,1.0950346098329928,0.7486108999937665,1.0582097773305543,0.7221968840830261,0.3688051643812725,0.3965066546729861
2025-26,3,2025-26_GW3_Wolverhampton Wanderers_vs_Everton,Wolverhampton Wanderers,Everton,0.4441,0.3022,0.7463,55.0,171.4,0.9398,0.1429,0.7151,0.4537,1.1689,60.0,124.3,0.8995,0.243,-0.27099999999999996,-0.15149999999999997,-0.4226000000000001,-5.0,2025-08-30,Wolverhampton Wanderers,Everton,2,3,A,1496.0,1566.8,-70.7,19,10,-9,2,2,2,1,2,5,0.2,0.6,2.4,0.0,5,2.4,1.6,0.4,0.6,5,1.3,1.3,1.6,0.2,10,1.7,1.2,0.8,0.4,10,1.4,1.6,1.8,0.2,5,1.8,1.0,0.6,0.4,5,0.7389282777719891,0.7676103538374623,0.9500513738702916,0.8124168770969719,0.480439409311002,0.4628307100558042
2025-26,3,2025-26_GW3_Leeds United_vs_Newcastle United,Leeds United,Newcastle United,0.6923,0.3486,1.0408,53.0,133.0,0.9398,0.2321,0.9954,0.7674,1.7628,64.5,141.7,0.98,0.3407,-0.3030999999999999,-0.41879999999999995,-0.722,-11.5,2025-08-30,Leeds United,Newcastle United,0,0,D,1448.4,1637.1,-188.8,13,16,3,2,2,1,1,3,5,0.8,1.0,2.8,0.2,5,0.8,0.8,1.0,0.4,5,0.5,1.0,2.9,0.1,10,1.4,1.8,1.1,0.4,10,1.0,1.2,2.6,0.2,5,1.0,1.0,1.2,0.4,5,0.862348114230181,0.6797888508199269,1.004034593808825,0.6599484924215803,0.6424149007176995,0.349447866071116
2025-26,3,2025-26_GW3_Brighton and Hove Albion_vs_Manchester City,Brighton and Hove Albion,Manchester City,1.0804,0.5976,1.678,57.5,177.8,0.9398,0.5269,1.4279,0.9271,2.355,73.0,163.0,0.8995,0.3949,-0.3474999999999999,-0.3295,-0.677,-15.5,2025-08-31,Brighton and Hove Albion,Manchester City,2,1,H,1601.6,1756.6,-155.0,18,11,-7,2,2,1,2,2,5,2.0,2.0,1.2,0.2,5,2.0,1.8,0.6,0.6,5,1.5,1.9,1.7,0.1,10,2.3,1.9,0.6,0.6,10,1.8,2.0,1.6,0.0,5,2.2,1.6,0.0,1.0,5,1.2036380514500151,0.6887934462619834,1.2665214358368622,0.6184757066646829,0.4028568301883623,0.4608980479424289
2025-26,3,2025-26_GW3_Nottingham Forest_vs_West Ham United,Nottingham Forest,West Ham United,1.2327,0.8736,2.1063,63.6,154.0,0.98,0.2172,0.5707,0.545,1.1157,58.7,152.5,0.9398,0.1237,0.6619999999999999,0.3286,0.9906000000000001,4.899999999999999,2025-08-31,Nottingham Forest,West Ham United,0,3,A,1586.6,1497.9,88.7,8,20,12,2,2,3,2,0,5,1.6,1.6,1.2,0.0,5,1.2,1.4,2.2,0.2,5,1.2,1.2,1.3,0.0,10,0.9,1.4,2.0,0.1,10,0.8,1.0,1.4,0.0,5,1.2,1.6,1.8,0.2,5,1.0341337186041597,0.7373258191208977,0.8032494976729934,0.8044941624259709,0.4106795101710721,0.4326136912990623
2025-26,3,2025-26_GW3_Liverpool_vs_Arsenal,Liverpool,Arsenal,1.0863,0.6823,1.7642,79.6,151.4,0.8995,0.3303,1.5547,0.573,2.1276,74.5,141.0,0.8995,0.3685,-0.4683999999999999,0.10930000000000006,-0.36340000000000017,5.099999999999994,2025-08-31,Liverpool,Arsenal,1,0,H,1783.3,1763.8,19.4,4,2,-2,2,2,0,1,4,5,1.6,2.4,2.0,0.0,5,2.6,2.2,0.6,0.6,5,1.7,2.3,1.8,0.1,10,1.9,2.0,0.9,0.4,10,2.2,2.8,1.4,0.0,5,2.2,2.0,0.8,0.4,5,1.1134784758400025,0.6604127380006866,1.2952948487880118,0.6377228051250486,0.4149743148674618,0.3960464970269443
2025-26,3,2025-26_GW3_Aston Villa_vs_Crystal Palace,Aston Villa,Crystal Palace,0.6129,0.6988,1.3117,60.5,186.7,0.8995,0.1163,0.767,0.4851,1.252,58.0,167.0,0.9398,0.1574,-0.15410000000000001,0.2137,0.059700000000000086,2.5,2025-08-31,Aston Villa,Crystal Palace,0,3,A,1646.6,1600.0,46.7,19,16,-3,2,2,2,2,1,5,1.4,0.6,0.6,0.6,5,1.8,1.6,0.8,0.4,5,1.9,1.4,0.7,0.5,10,1.2,1.3,1.7,0.3,10,2.6,1.8,0.4,0.6,5,1.2,1.0,1.6,0.4,5,0.8907680765002158,0.7070882569114734,0.917713713805972,0.7241332695100826,0.3801557196503024,0.3751246627202459
2025-26,4,2025-26_GW4_Brentford_vs_Chelsea,Brentford,Chelsea,1.1988,0.2935,1.4923,58.4,158.5,0.9078,0.2651,1.7913,0.9826,2.7739,65.1,155.9,0.8837,0.3131,-0.5924999999999998,-0.6891,-1.2815999999999999,-6.699999999999996,2025-09-13,Brentford,Chelsea,2,2,D,1564.8,1675.0,-110.2,15,2,-13,3,3,2,1,2,5,0.8,1.2,1.8,0.2,5,2.6,1.8,0.2,0.8,5,1.7,1.8,1.5,0.3,10,2.3,1.7,0.7,0.5,10,2.0,2.2,1.6,0.4,5,2.0,1.6,0.8,0.4,5,0.998142649205247,0.6820734493053124,1.3574851128985956,0.5950736995968702,0.3922503561946462,0.3928167282546141
2025-26,4,2025-26_GW4_West Ham United_vs_Tottenham,West Ham United,Tottenham,0.8624,0.4963,1.3587,58.1,151.8,0.8566,0.2404,1.0484,0.6388,1.6872,61.1,177.8,0.9319,0.2006,-0.18599999999999994,-0.14250000000000002,-0.3285,-3.0,2025-09-13,West Ham United,Tottenham,0,3,A,1512.8,1516.0,-3.2,16,4,-12,3,3,1,2,2,5,1.2,1.6,2.2,0.2,5,1.2,1.2,1.4,0.4,5,1.1,1.5,1.8,0.2,10,0.7,1.1,2.1,0.2,10,0.6,1.2,2.2,0.0,5,0.8,1.2,2.4,0.2,5,0.990845995579262,0.7062249863508004,0.9367968715610036,0.7061545221663844,0.4055034623978955,0.346600768161232
2025-26,4,2025-26_GW4_Newcastle United_vs_Wolverhampton Wanderers,Newcastle United,Wolverhampton Wanderers,0.5255,0.5111,1.0365,64.5,142.0,0.8475,0.346,0.4039,0.2936,0.6976,54.9,170.5,0.7952,0.1335,0.12159999999999999,0.21749999999999997,0.3389,9.600000000000001,2025-09-13,Newcastle United,Wolverhampton Wanderers,1,0,H,1634.6,1485.2,149.4,17,20,3,3,3,4,0,1,5,0.4,0.4,1.0,0.4,5,0.2,1.0,2.6,0.0,5,1.2,1.4,1.0,0.5,10,1.0,1.3,1.8,0.2,10,1.8,2.4,0.8,0.6,5,1.2,1.0,1.4,0.2,5,0.9065376316047772,0.6020502970498688,0.7656881068967947,0.7240268096953094,0.3287317296692442,0.4496521644723947
2025-26,4,2025-26_GW4_Fulham_vs_Leeds United,Fulham,Leeds United,0.7462,0.8775,1.6237,54.9,103.0,0.9078,0.1854,0.7244,0.3362,1.0607,52.7,133.3,0.8897,0.2492,0.02179999999999993,0.5412999999999999,0.563,2.1999999999999957,2025-09-13,Fulham,Leeds United,1,0,H,1551.4,1450.9,100.5,18,14,-4,3,3,2,2,0,4,1.0,1.0,1.6,0.0,5,0.8,0.6,2.4,0.4,5,0.8,0.9,1.6,0.0,10,0.6,0.9,2.3,0.2,10,0.8,1.2,2.0,0.0,5,0.0,0.8,3.2,0.0,5,0.9653239325633448,0.7998351709281144,0.7760535054421016,0.5453427364927736,0.3779211430774579,0.5991743883039252
2025-26,4,2025-26_GW4_Everton_vs_Aston Villa,Everton,Aston Villa,1.0187,0.7609,1.7796,59.5,121.8,0.8945,0.3477,0.657,0.6139,1.2709,59.8,184.3,0.8241,0.1633,0.3616999999999999,0.14700000000000002,0.5087000000000002,-0.29999999999999716,2025-09-13,Everton,Aston Villa,0,0,D,1577.6,1632.7,-55.0,6,19,13,3,3,0,4,1,5,2.4,1.6,0.6,0.6,5,0.8,0.4,1.2,0.4,5,1.9,1.4,0.9,0.4,10,1.6,1.2,0.9,0.5,10,1.6,1.4,1.0,0.4,5,1.2,1.0,1.0,0.4,5,1.0445958885646836,0.7193750401507918,0.8896996545813299,0.7007337817631594,0.4333972863513155,0.3570786512706385
2025-26,4,2025-26_GW4_Crystal Palace_vs_Sunderland,Crystal Palace,Sunderland,1.2396,0.6774,1.9169,61.0,163.8,0.933,0.2814,0.7004,0.3822,1.0826,53.1,191.8,0.8897,0.1772,0.5392,0.2952,0.8343,7.899999999999999,2025-09-13,Crystal Palace,Sunderland,0,0,D,1614.0,1387.1,226.9,8,6,-2,3,3,1,1,0,2,1.8,1.8,0.8,0.4,5,1.2,1.2,2.0,0.2,5,1.5,1.4,1.2,0.4,10,1.0,1.0,1.6,0.2,10,1.8,1.6,1.0,0.2,5,0.6,0.6,2.0,0.2,5,1.0980648419320007,0.6615946881671566,0.8158516453528597,0.4530604691377787,0.3524344003789016,0.5991743883039252
2025-26,4,2025-26_GW4_Bournemouth_vs_Brighton and Hove Albion,Bournemouth,Brighton and Hove Albion,1.541,0.9368,2.4778,57.3,168.9,0.98,0.3122,1.0251,0.5899,1.6149,57.2,176.4,0.8566,0.4011,0.5159,0.3469,0.8628999999999998,0.09999999999999432,2025-09-13,Bournemouth,Brighton and Hove Albion,2,1,H,1576.0,1613.1,-37.1,8,13,5,3,3,1,4,0,5,1.8,1.4,1.4,0.6,5,2.0,2.0,1.4,0.0,5,1.7,1.1,1.0,0.5,10,1.8,2.0,1.6,0.1,10,2.0,1.0,0.4,0.6,5,1.2,1.8,1.8,0.2,5,1.079744207851297,0.6228131286123602,1.280263253452539,0.6436638345069277,0.3721724666687836,0.3780344174894515
2025-26,4,2025-26_GW4_Arsenal_vs_Nottingham Forest,Arsenal,Nottingham Forest,1.3766,0.4977,1.8744,73.7,140.3,0.8705,0.3333,1.1425,0.8366,1.9791,63.7,155.6,0.98,0.2404,0.23409999999999997,-0.33890000000000003,-0.10470000000000002,10.0,2025-09-13,Arsenal,Nottingham Forest,3,0,H,1757.1,1571.7,185.5,7,12,5,3,3,3,1,1,5,2.4,1.8,0.4,0.6,5,1.4,1.2,1.4,0.0,5,1.8,1.9,0.9,0.4,10,1.2,1.1,1.4,0.0,10,1.6,2.0,1.0,0.4,5,1.6,1.4,1.2,0.0,5,1.1317106350575126,0.5692756110713699,0.949497236290458,0.7343285507042975,0.3717476876238076,0.3852556612540425
2025-26,4,2025-26_GW4_Burnley_vs_Liverpool,Burnley,Liverpool,0.9163,0.5374,1.4537,51.4,156.1,0.9319,0.3357,0.9288,0.535,1.4607,80.7,149.6,0.9277,0.2927,-0.012499999999999956,0.0023999999999999577,-0.007000000000000117,-29.300000000000004,2025-09-14,Burnley,Liverpool,0,1,A,1404.7,1789.9,-385.3,17,3,-14,3,3,0,5,0,5,0.6,1.2,2.0,0.2,5,2.0,2.2,1.6,0.2,5,0.8,1.3,1.8,0.1,10,2.0,2.2,1.5,0.2,10,1.0,1.2,1.6,0.2,5,1.2,1.8,2.2,0.2,5,0.8419176534426974,0.6484530339260542,0.9927709823425332,0.5799532512926315,0.5991743883039252,0.3892202656738179
2025-26,4,2025-26_GW4_Manchester City_vs_Manchester United,Manchester City,Manchester United,1.6953,1.0102,2.7055,73.1,162.2,0.8283,0.3638,1.7394,1.0353,2.7748,66.5,171.4,0.9277,0.2999,-0.04410000000000003,-0.025100000000000122,-0.06930000000000014,6.599999999999994,2025-09-14,Manchester City,Manchester United,3,0,H,1745.0,1547.5,197.6,16,11,-5,3,3,2,2,1,5,1.8,2.0,1.0,0.4,5,1.4,1.2,1.0,0.2,5,2.2,2.0,0.8,0.5,10,0.8,1.1,1.7,0.1,10,2.4,2.2,1.2,0.2,5,0.4,1.2,2.2,0.0,5,1.2707428888114336,0.6331594368059024,1.3350588567962862,0.6758927015308813,0.4316132143624166,0.3696521110019263
2025-26,5,2025-26_GW5_Liverpool_vs_Everton,Liverpool,Everton,1.2129,0.6759,1.8864,80.8,149.2,0.9449,0.2283,1.2026,0.8661,2.0688,59.6,121.8,0.9226,0.3452,0.010300000000000198,-0.19020000000000004,-0.1823999999999999,21.199999999999996,2025-09-20,Liverpool,Everton,2,1,H,1793.2,1576.3,216.9,1,7,6,4,4,3,1,1,5,2.6,2.0,1.0,0.4,5,2.0,1.2,0.6,0.6,5,2.0,2.1,1.4,0.3,10,1.7,1.3,0.9,0.4,10,2.2,2.6,1.2,0.2,5,1.8,1.4,1.0,0.2,5,1.12319877930945,0.5123336536044639,1.126118267528566,0.63637032355123,0.3654462818775196,0.4062268117995781
2025-26,5,2025-26_GW5_Brighton and Hove Albion_vs_Tottenham,Brighton and Hove Albion,Tottenham,0.8826,0.5131,1.3957,57.1,175.8,0.8208,0.3716,0.9489,0.6521,1.601,61.0,177.0,0.8683,0.1804,-0.06629999999999991,-0.139,-0.20530000000000004,-3.8999999999999986,2025-09-20,Brighton and Hove Albion,Tottenham,2,2,D,1604.9,1528.7,76.2,13,3,-10,4,4,3,2,0,5,1.4,1.6,1.4,0.0,5,1.8,1.8,1.0,0.6,5,1.7,1.9,1.6,0.1,10,1.0,1.2,1.7,0.3,10,2.2,2.0,1.4,0.0,5,1.4,1.4,1.6,0.4,5,1.1449720343937142,0.6084744150742889,0.94809163717813,0.6374902830148043,0.3551204425703317,0.326103527048867
2025-26,5,2025-26_GW5_Burnley_vs_Nottingham Forest,Burnley,Nottingham Forest,0.7285,0.4025,1.1309,50.9,155.6,0.8945,0.2918,0.935,0.6772,1.6123,63.8,155.3,0.9538,0.2137,-0.20650000000000002,-0.2747,-0.48140000000000005,-12.899999999999999,2025-09-20,Burnley,Nottingham Forest,1,1,D,1401.5,1568.4,-167.0,17,15,-2,4,4,0,1,1,2,0.6,1.0,1.8,0.2,5,0.8,0.8,1.8,0.0,5,0.8,1.3,1.8,0.1,10,1.2,1.1,1.6,0.0,10,0.8,1.0,1.6,0.2,5,1.6,1.2,1.4,0.0,5,0.682129940080232,0.6213988469627455,0.8328241421888405,0.6982575346571415,0.5592583644686361,0.3617864907306682
2025-26,5,2025-26_GW5_West Ham United_vs_Crystal Palace,West Ham United,Crystal Palace,0.7949,0.5469,1.3418,58.9,150.6,0.8639,0.2386,1.1766,0.7103,1.8869,58.6,167.1,0.8906,0.2534,-0.38170000000000004,-0.1634,-0.5450999999999999,0.29999999999999716,2025-09-20,West Ham United,Crystal Palace,1,2,A,1500.1,1606.6,-106.5,18,9,-9,4,4,1,3,1,5,1.2,1.4,2.4,0.2,5,1.4,1.0,0.4,0.6,5,1.1,1.4,1.9,0.2,10,1.6,1.4,0.7,0.5,10,0.4,0.8,2.4,0.0,5,1.8,1.6,0.6,0.6,5,0.9033259293645052,0.6604265115247906,1.1273808284304856,0.5964724555166105,0.380477566944945,0.3314886483078055
2025-26,5,2025-26_GW5_Wolverhampton Wanderers_vs_Leeds United,Wolverhampton Wanderers,Leeds United,0.3556,0.2746,0.6302,55.4,168.5,0.7,0.1643,0.5135,0.3116,0.8251,52.1,132.7,0.7771,0.2529,-0.15789999999999993,-0.03699999999999998,-0.19489999999999996,3.299999999999997,2025-09-20,Wolverhampton Wanderers,Leeds United,1,3,A,1481.4,1446.1,35.3,20,17,-3,4,4,1,3,1,5,0.2,0.6,2.0,0.0,5,0.8,0.4,2.0,0.4,5,0.7,0.9,1.7,0.2,10,0.6,0.8,2.2,0.2,10,0.8,1.2,2.0,0.2,5,0.0,0.6,3.0,0.0,5,0.7105659905811341,0.6771258545000629,0.7378346782143446,0.4867288393982139,0.4212319555016688,0.5592583644686361
2025-26,5,2025-26_GW5_Manchester United_vs_Chelsea,Manchester United,Chelsea,1.567,0.9561,2.5231,66.5,170.9,0.8628,0.2674,1.4179,0.8044,2.2223,65.3,155.4,0.8063,0.2752,0.1491,0.15169999999999995,0.30079999999999973,1.2000000000000028,2025-09-20,Manchester United,Chelsea,2,1,H,1544.4,1674.7,-130.3,17,6,-11,4,4,2,2,1,5,1.4,1.2,1.4,0.2,5,2.2,2.0,0.6,0.6,5,0.8,1.0,1.6,0.1,10,2.3,1.7,0.7,0.5,10,1.2,1.0,1.2,0.2,5,2.0,2.0,1.2,0.2,5,1.285575879809669,0.6714316195398894,1.2793176326736688,0.572529421857414,0.3473825984312745,0.3687662352750205
2025-26,5,2025-26_GW5_Fulham_vs_Brentford,Fulham,Brentford,0.7507,0.8177,1.5684,55.8,101.7,0.9047,0.1827,0.9638,0.2794,1.2432,57.4,159.0,0.8716,0.2277,-0.21309999999999996,0.5383,0.32519999999999993,-1.6000000000000014,2025-09-20,Fulham,Brentford,3,1,H,1556.2,1565.1,-8.9,13,16,3,4,4,2,2,1,5,1.0,0.6,1.2,0.2,5,1.0,1.2,1.6,0.2,5,1.1,1.0,1.5,0.1,10,1.7,1.9,1.6,0.3,10,0.8,0.8,1.6,0.2,5,1.4,1.2,1.2,0.4,5,0.9204569036071762,0.7228577273132859,1.0082469499959472,0.6360225973551091,0.3550158771089931,0.3682434079683274
2025-26,5,2025-26_GW5_Arsenal_vs_Manchester City,Arsenal,Manchester City,1.4382,0.6133,2.0514,70.8,145.1,0.8361,0.2926,1.7564,0.9036,2.66,71.9,163.0,0.7168,0.3366,-0.31820000000000004,-0.2903,-0.6086,-1.1000000000000085,2025-09-21,Arsenal,Manchester City,1,1,D,1760.4,1748.1,12.3,3,12,9,4,4,2,1,2,5,2.4,2.2,0.4,0.6,5,1.8,2.0,0.8,0.6,5,2.0,2.1,0.8,0.5,10,2.2,1.8,0.6,0.6,10,2.0,2.4,0.8,0.6,5,2.0,1.8,0.4,0.8,5,1.1665534564594395,0.5093464024662515,1.369244015053217,0.6017803714408897,0.3493170594660388,0.4045799057834949
2025-26,5,2025-26_GW5_Sunderland_vs_Aston Villa,Sunderland,Aston Villa,0.5729,0.4099,0.9828,52.5,191.7,0.8913,0.1785,0.5811,0.5664,1.1475,60.2,182.5,0.8032,0.1748,-0.008199999999999985,-0.15650000000000003,-0.16469999999999996,-7.700000000000003,2025-09-21,Sunderland,Aston Villa,1,1,D,1394.4,1633.9,-239.5,9,19,10,4,4,0,0,0,0,1.4,1.2,1.6,0.4,5,0.4,0.0,1.2,0.4,5,1.0,0.8,1.4,0.3,10,1.4,0.9,0.9,0.5,10,1.4,1.4,1.2,0.2,5,0.8,0.4,1.0,0.4,5,0.700801332659345,0.4404603295138995,0.8300496874858894,0.6710217489327543,0.5592583644686361,0.3357758322226886
2025-26,5,2025-26_GW5_Bournemouth_vs_Newcastle United,Bournemouth,Newcastle United,1.4745,0.8128,2.2874,57.5,168.6,0.9275,0.2883,0.4853,0.6061,1.0914,63.2,142.5,0.8481,0.3181,0.9891999999999999,0.2067,1.196,-5.700000000000003,2025-09-21,Bournemouth,Newcastle United,0,0,D,1584.3,1638.5,-54.2,5,13,8,4,4,2,0,3,5,2.4,1.6,1.0,0.6,5,1.0,0.6,0.8,0.6,5,1.7,1.2,1.1,0.4,10,1.2,1.0,1.0,0.5,10,2.0,1.2,0.6,0.4,5,0.6,0.4,1.2,0.4,5,1.0789555408847142,0.5663043699498684,0.9504576833831055,0.5531007335273929,0.3497091799460586,0.309608325522701
2025-26,6,2025-26_GW6_Brentford_vs_Manchester United,Brentford,Manchester United,0.8266,0.3037,1.1303,56.8,159.3,0.8808,0.2286,1.5791,0.8933,2.4725,66.3,170.2,0.826,0.2618,-0.7525,-0.5895999999999999,-1.3422,-9.5,2025-09-27,Brentford,Manchester United,3,1,H,1557.6,1555.3,2.3,17,11,-6,5,5,1,3,1,5,0.8,1.2,2.0,0.2,5,1.4,1.2,1.6,0.0,5,1.4,1.6,1.7,0.3,10,1.1,1.2,1.6,0.1,10,2.0,2.6,2.0,0.2,5,0.4,1.0,2.0,0.0,5,0.9311994304257522,0.5968824681552659,1.2843556288866378,0.6056266879796995,0.3460822016337549,0.3268252473512431
2025-26,6,2025-26_GW6_Chelsea_vs_Brighton and Hove Albion,Chelsea,Brighton and Hove Albion,1.3226,0.8346,2.1563,63.6,158.1,0.8023,0.2753,0.842,0.4078,1.2498,56.6,176.1,0.8091,0.3504,0.4806,0.4268,0.9064999999999999,7.0,2025-09-27,Chelsea,Brighton and Hove Albion,1,3,A,1663.8,1600.2,63.6,6,15,9,5,5,3,2,0,5,1.6,2.0,1.0,0.4,5,1.0,1.2,1.6,0.0,5,2.0,1.6,0.8,0.5,10,1.8,1.9,1.4,0.1,10,2.6,1.4,0.2,0.8,5,1.2,1.8,1.8,0.2,5,1.1353616928985075,0.5662740066642614,1.116813349533459,0.57627816705166,0.3465648320669006,0.3339681777617989
2025-26,6,2025-26_GW6_Crystal Palace_vs_Liverpool,Crystal Palace,Liverpool,1.2207,0.8207,2.0413,58.4,167.5,0.9104,0.2485,1.129,0.6487,1.7765,80.7,154.5,0.933,0.2316,0.09169999999999989,0.17199999999999993,0.26480000000000015,-22.300000000000004,2025-09-27,Crystal Palace,Liverpool,2,1,H,1616.4,1796.0,-179.6,5,1,-4,5,5,1,2,2,5,1.8,1.2,0.4,0.6,5,3.0,2.2,1.0,0.4,5,1.8,1.6,0.8,0.4,10,2.0,2.2,1.5,0.2,10,1.4,1.2,0.8,0.4,5,1.8,1.6,1.6,0.4,5,1.201377795875618,0.5536296807494585,1.0627718443978755,0.481338753391359,0.312153282183615,0.3435001288164256
2025-26,6,2025-26_GW6_Leeds United_vs_Bournemouth,Leeds United,Bournemouth,0.5231,0.3447,0.8678,53.4,130.7,0.7627,0.2422,1.2751,0.7169,1.9921,57.8,167.6,0.9209,0.2698,-0.7519999999999999,-0.3722,-1.1242999999999999,-4.399999999999999,2025-09-27,Leeds United,Bournemouth,2,2,D,1459.8,1582.9,-123.2,13,5,-8,5,5,1,1,0,2,1.4,0.8,1.4,0.4,5,2.0,1.2,1.0,0.6,5,0.8,1.0,2.2,0.2,10,1.7,1.2,1.1,0.4,10,1.2,1.0,1.4,0.4,5,1.4,1.2,1.6,0.4,5,0.673582809078436,0.4872122171542761,0.9859533502424768,0.5141689124426174,0.522411230383522,0.3289729527787413
2025-26,6,2025-26_GW6_Manchester City_vs_Burnley,Manchester City,Burnley,1.5304,0.627,2.1573,71.4,162.1,0.7359,0.3571,0.7126,0.4113,1.1239,50.9,155.2,0.8732,0.2898,0.8178,0.2157,1.0334000000000003,20.500000000000007,2025-09-27,Manchester City,Burnley,5,1,H,1751.2,1403.4,347.9,11,17,6,5,5,5,0,0,5,1.4,1.8,1.0,0.4,5,0.8,1.0,1.6,0.2,5,2.0,1.7,0.7,0.5,10,0.8,1.3,1.8,0.1,10,2.4,1.8,0.8,0.4,5,0.8,1.6,2.0,0.0,5,1.2558621146587745,0.5599777518105006,0.6789554844795882,0.5548904596302687,0.3796250167373783,0.522411230383522
2025-26,6,2025-26_GW6_Nottingham Forest_vs_Sunderland,Nottingham Forest,Sunderland,0.8458,0.5838,1.4297,64.7,152.8,0.8732,0.2391,0.6066,0.3926,0.9992,52.4,191.9,0.8476,0.2267,0.23919999999999997,0.19119999999999998,0.4305,12.300000000000004,2025-09-27,Nottingham Forest,Sunderland,0,1,A,1566.5,1398.2,168.3,16,8,-8,5,5,0,0,0,0,1.0,1.0,1.8,0.0,5,1.6,1.2,0.8,0.4,5,1.0,1.0,1.6,0.0,10,1.1,0.9,1.4,0.3,10,0.8,1.0,1.8,0.0,5,0.8,0.6,1.8,0.4,5,0.8389376230168235,0.6421694661065779,0.7235135387998362,0.3942854113346451,0.3401217157844061,0.522411230383522
2025-26,6,2025-26_GW6_Tottenham_vs_Wolverhampton Wanderers,Tottenham,Wolverhampton Wanderers,0.8937,0.6281,1.5217,59.6,182.6,0.8422,0.199,0.702,0.3669,1.0689,54.0,170.0,0.7355,0.1795,0.1917000000000001,0.2612,0.4528000000000001,5.600000000000001,2025-09-27,Tottenham,Wolverhampton Wanderers,1,1,D,1533.4,1467.6,65.8,7,20,13,5,5,0,4,1,5,2.0,2.0,0.6,0.6,5,0.0,0.6,2.4,0.0,5,1.1,1.3,1.7,0.3,10,0.4,0.9,2.0,0.1,10,0.6,1.0,1.8,0.2,5,0.6,0.6,1.4,0.2,5,0.9480075790043612,0.6085717587819208,0.8105421419296236,0.6099243559590593,0.3071821887222147,0.3949967960330676
2025-26,6,2025-26_GW6_Aston Villa_vs_Fulham,Aston Villa,Fulham,0.5377,0.5766,1.1143,60.4,182.8,0.8182,0.1568,0.748,0.7514,1.4993,55.8,102.4,0.926,0.21,-0.21030000000000004,-0.17479999999999996,-0.385,4.600000000000001,2025-09-28,Aston Villa,Fulham,3,1,H,1630.1,1563.6,66.5,18,9,-9,5,5,5,0,0,5,0.6,0.2,1.0,0.4,5,1.6,1.2,1.0,0.2,5,1.2,0.6,0.9,0.5,10,1.4,1.2,1.4,0.1,10,2.0,1.4,0.8,0.6,5,1.4,1.2,1.4,0.0,5,0.8015688068566778,0.6240119227931186,0.9054487743303716,0.6587462149469339,0.3161108517354094,0.3338716516751698
2025-26,6,2025-26_GW6_Newcastle United_vs_Arsenal,Newcastle United,Arsenal,0.514,0.4635,0.9776,63.2,146.4,0.8069,0.3264,1.2639,0.5921,1.856,70.7,145.1,0.853,0.2517,-0.7499,-0.12859999999999994,-0.8784000000000001,-7.5,2025-09-28,Newcastle United,Arsenal,1,2,A,1639.8,1757.3,-117.5,15,7,-8,5,5,2,3,0,5,1.2,0.6,0.6,0.8,5,2.0,2.0,0.4,0.6,5,1.3,0.9,0.6,0.6,10,1.8,1.8,0.9,0.4,10,1.8,1.6,0.8,0.6,5,2.0,1.8,0.8,0.4,5,0.8501199183855455,0.5190837033064418,1.102348303923662,0.4881596143516489,0.2919551985564691,0.328610979953882
2025-26,6,2025-26_GW6_Everton_vs_West Ham United,Everton,West Ham United,1.1392,0.8127,1.9519,59.5,121.4,0.9152,0.3335,0.7401,0.635,1.3751,58.7,149.4,0.8263,0.2392,0.3991,0.17769999999999997,0.5768,0.7999999999999972,2025-09-29,Everton,West Ham United,1,1,D,1573.6,1490.3,83.3,12,19,7,5,5,1,2,2,5,1.4,1.2,1.0,0.4,5,0.6,1.0,2.6,0.2,5,1.7,1.4,0.9,0.4,10,1.0,1.4,2.0,0.2,10,1.6,1.2,0.8,0.6,5,1.8,2.0,1.4,0.4,5,1.0331009781909624,0.5893610309295272,0.849653027535918,0.6639803273210302,0.3811453026017872,0.3573757537693633
2025-26,7,2025-26_GW7_Bournemouth_vs_Fulham,Bournemouth,Fulham,1.0581,0.5934,1.6516,58.0,167.5,0.8834,0.2353,0.7667,0.6924,1.4591,55.8,102.1,0.8991,0.1986,0.2914,-0.09899999999999998,0.1924999999999999,2.200000000000003,2025-10-03,Bournemouth,Fulham,3,1,H,1582.3,1558.0,24.2,6,11,5,6,6,3,1,1,5,2.2,1.2,0.6,0.6,5,1.4,1.2,1.4,0.2,5,1.7,1.3,1.2,0.4,10,1.1,1.1,1.6,0.1,10,2.0,1.0,0.4,0.6,5,0.8,1.0,1.8,0.0,5,0.9626005217968978,0.5167019422453099,0.8829700653139498,0.6307180053371273,0.309831002518204,0.3143530715455233
2025-26,7,2025-26_GW7_Chelsea_vs_Liverpool,Chelsea,Liverpool,1.4051,0.7764,2.181,64.6,156.8,0.8027,0.2812,1.0825,0.6246,1.7059,80.5,154.0,0.9063,0.2038,0.3226,0.15179999999999993,0.4751000000000001,-15.900000000000006,2025-10-04,Chelsea,Liverpool,2,1,H,1649.4,1783.7,-134.3,8,1,-7,6,6,1,2,2,5,1.4,2.2,1.6,0.2,5,2.4,1.6,1.0,0.4,5,1.7,1.6,1.1,0.4,10,1.7,1.8,1.6,0.2,10,2.0,1.4,0.8,0.6,5,1.2,1.6,2.0,0.2,5,1.15723194002526,0.5746681756480679,1.129857700610604,0.5260659043088365,0.3260703538527644,0.3232412761854267
2025-26,7,2025-26_GW7_Manchester United_vs_Sunderland,Manchester United,Sunderland,1.5109,0.8129,2.3238,67.7,168.6,0.7995,0.2418,0.6014,0.411,1.0107,51.2,192.8,0.8221,0.187,0.9094999999999999,0.4019,1.3131,16.5,2025-10-04,Manchester United,Sunderland,2,0,H,1548.1,1414.7,133.4,14,7,-7,6,6,2,0,0,2,1.4,1.4,2.0,0.0,5,1.6,0.8,0.8,0.4,5,1.0,1.2,1.8,0.1,10,1.4,1.0,1.3,0.4,10,1.8,1.4,1.2,0.2,5,0.8,0.4,1.8,0.4,5,1.3025669009169083,0.6015795001270379,0.7589823520392979,0.3916788953205037,0.3078484205308572,0.4883970385920529
2025-26,7,2025-26_GW7_Leeds United_vs_Tottenham,Leeds United,Tottenham,0.6582,0.3954,1.0536,52.2,131.2,0.8161,0.2489,0.8956,0.6481,1.5437,61.9,180.2,0.8459,0.1663,-0.23739999999999994,-0.25270000000000004,-0.4901,-9.699999999999996,2025-10-04,Leeds United,Tottenham,1,2,A,1460.4,1529.0,-68.5,13,5,-8,6,6,1,4,0,5,1.0,1.0,1.8,0.2,5,1.6,1.6,0.8,0.4,5,0.9,1.1,2.0,0.2,10,1.2,1.3,1.3,0.3,10,1.2,1.2,1.6,0.4,5,1.6,1.6,1.0,0.4,5,0.7997629288353328,0.4489805551071432,0.9137015586526772,0.5840830820480909,0.4883970385920529,0.28971559201737
2025-26,7,2025-26_GW7_Arsenal_vs_West Ham United,Arsenal,West Ham United,1.3207,0.7365,2.0572,70.6,145.2,0.8113,0.2394,0.7819,0.6076,1.3895,58.0,149.7,0.8052,0.2228,0.5388,0.12890000000000001,0.6677,12.599999999999994,2025-10-04,Arsenal,West Ham United,2,0,H,1766.8,1495.1,271.6,4,19,15,6,6,2,2,1,5,2.0,2.2,0.6,0.4,5,0.8,1.2,2.2,0.2,5,2.0,1.8,0.8,0.4,10,1.1,1.3,1.8,0.2,10,2.0,2.2,0.6,0.6,5,2.0,1.8,1.0,0.4,5,1.156879994970777,0.4618645860542647,0.8593090819441616,0.6144705269551991,0.3094968594866287,0.3360500923958138
2025-26,7,2025-26_GW7_Aston Villa_vs_Burnley,Aston Villa,Burnley,0.6007,0.5734,1.1742,60.7,182.0,0.8036,0.167,0.6713,0.4221,1.0934,50.9,155.1,0.8989,0.2717,-0.0706,0.15130000000000005,0.08079999999999998,9.800000000000004,2025-10-05,Aston Villa,Burnley,2,1,H,1635.7,1401.9,233.7,16,18,2,6,6,3,1,1,5,1.0,0.8,1.2,0.2,5,0.8,1.2,2.0,0.2,5,1.5,0.8,0.8,0.5,10,0.5,1.0,2.2,0.1,10,2.0,1.2,0.8,0.6,5,0.2,1.0,2.8,0.0,5,0.8181996082780074,0.5834040571746252,0.6212723984617368,0.540202488187421,0.2979577867962278,0.4883970385920529
2025-26,7,2025-26_GW7_Everton_vs_Crystal Palace,Everton,Crystal Palace,1.0775,0.793,1.8704,59.6,121.3,0.9261,0.3116,1.5545,0.8768,2.4313,58.4,167.0,0.9104,0.2535,-0.4770000000000001,-0.08379999999999999,-0.5608999999999997,1.2000000000000028,2025-10-05,Everton,Crystal Palace,2,1,H,1568.7,1628.7,-59.9,11,5,-6,6,6,3,0,2,5,1.6,1.4,1.0,0.4,5,2.2,1.6,0.6,0.4,5,1.8,1.5,0.9,0.4,10,2.0,1.6,0.7,0.4,10,1.8,1.4,0.6,0.6,5,2.2,1.6,0.4,0.6,5,0.9670196520987984,0.5631412654739738,1.3162334185921092,0.5598218881284949,0.3579921514692596,0.2943044896510043
2025-26,7,2025-26_GW7_Newcastle United_vs_Nottingham Forest,Newcastle United,Nottingham Forest,0.6587,0.4539,1.1126,63.6,145.6,0.7937,0.2874,0.8705,0.5847,1.4552,63.2,153.6,0.8409,0.2362,-0.2118000000000001,-0.13079999999999997,-0.3426,0.3999999999999986,2025-10-05,Newcastle United,Nottingham Forest,2,0,H,1630.3,1550.0,80.2,16,17,1,6,6,4,1,0,5,1.0,0.8,1.0,0.6,5,0.4,0.4,1.8,0.0,5,1.0,0.7,0.8,0.5,10,1.0,1.0,1.5,0.0,10,1.2,1.2,1.2,0.4,5,1.2,1.0,1.4,0.0,5,0.8119282977370168,0.5349827780470183,0.895607624976954,0.6123922035177464,0.2756593084891017,0.3201226078907238
2025-26,7,2025-26_GW7_Wolverhampton Wanderers_vs_Brighton and Hove Albion,Wolverhampton Wanderers,Brighton and Hove Albion,0.6741,0.3427,1.0168,55.1,168.5,0.6767,0.1552,0.8424,0.4589,1.3013,56.3,175.9,0.8091,0.3395,-0.1683,-0.11619999999999997,-0.2845,-1.1999999999999957,2025-10-05,Wolverhampton Wanderers,Brighton and Hove Albion,1,1,D,1472.1,1614.6,-142.6,20,13,-7,6,6,0,3,2,5,0.2,0.8,1.8,0.0,5,1.4,1.6,1.6,0.0,5,0.2,0.7,2.1,0.0,10,1.8,1.9,1.3,0.1,10,0.2,0.8,2.6,0.0,5,1.8,2.0,1.2,0.2,5,0.8281279699996152,0.568534803144178,1.1888617161287338,0.5624540987167003,0.3707786914775416,0.3144421763539434
2025-26,7,2025-26_GW7_Brentford_vs_Manchester City,Brentford,Manchester City,1.0152,0.4327,1.448,58.4,157.5,0.8833,0.2185,1.5403,0.6683,2.2086,74.6,159.0,0.7301,0.3382,-0.5250999999999999,-0.23560000000000003,-0.7606000000000002,-16.199999999999996,2025-10-05,Brentford,Manchester City,0,1,A,1564.8,1752.6,-187.9,16,9,-7,6,6,1,3,1,5,1.4,1.6,1.6,0.2,5,1.4,2.0,1.2,0.2,5,1.4,1.7,1.8,0.2,10,2.0,2.0,0.7,0.5,10,2.0,2.4,1.8,0.2,5,1.6,1.6,0.6,0.6,5,1.0104028609995903,0.5945602875616423,1.284259021452399,0.5108749206431673,0.325624829810664,0.3565887507366433
2025-26,8,2025-26_GW8_Fulham_vs_Arsenal,Fulham,Arsenal,0.694,0.6556,1.3496,54.6,103.1,0.8611,0.1801,1.469,0.8055,2.2744,74.6,141.1,0.815,0.2514,-0.7750000000000001,-0.14990000000000003,-0.9248000000000001,-19.999999999999993,2025-10-18,Fulham,Arsenal,0,1,A,1551.5,1768.9,-217.4,14,1,-13,7,7,1,2,2,5,1.2,1.2,1.8,0.2,5,2.0,1.6,0.6,0.4,5,1.1,1.2,1.8,0.1,10,2.3,1.9,0.6,0.5,10,1.4,1.2,1.4,0.2,5,2.0,1.4,1.0,0.2,5,0.8598850528468426,0.6095169124429075,1.2736268011739755,0.4390817696271655,0.2963351511695893,0.2918523024365038
2025-26,8,2025-26_GW8_Nottingham Forest_vs_Chelsea,Nottingham Forest,Chelsea,0.7693,0.4913,1.2606,62.7,153.5,0.8019,0.2234,1.2224,0.7337,1.9559,64.9,156.2,0.7736,0.2925,-0.45309999999999995,-0.2424,-0.6953,-2.200000000000003,2025-10-18,Nottingham Forest,Chelsea,0,3,A,1544.8,1660.4,-115.6,17,7,-10,7,7,1,2,2,5,0.2,0.2,2.0,0.0,5,1.4,1.6,1.6,0.2,5,0.9,0.9,1.6,0.0,10,1.7,1.5,1.1,0.4,10,0.8,1.0,1.6,0.0,5,1.4,1.8,1.4,0.2,5,0.8190943883147659,0.6420957089085212,1.106105590420693,0.5716969559496116,0.3016611044809157,0.3071515660026305
2025-26,8,2025-26_GW8_Brighton and Hove Albion_vs_Newcastle United,Brighton and Hove Albion,Newcastle United,0.8746,0.4602,1.3335,56.2,175.7,0.7824,0.3048,1.069,0.4891,1.5581,63.6,145.4,0.7988,0.2867,-0.1943999999999999,-0.02889999999999998,-0.22460000000000013,-7.399999999999999,2025-10-18,Brighton and Hove Albion,Newcastle United,2,1,H,1613.4,1635.5,-22.1,12,11,-1,7,7,2,1,2,5,1.6,1.8,1.4,0.0,5,1.6,0.8,0.4,0.8,5,1.8,1.9,1.3,0.1,10,1.2,0.8,0.7,0.6,10,1.8,1.8,1.4,0.0,5,0.8,0.2,0.4,0.6,5,1.145849530342275,0.5256676413051394,1.0050166149938806,0.500499960232068,0.2964174052747835,0.2606163059889952
2025-26,8,2025-26_GW8_Burnley_vs_Leeds United,Burnley,Leeds United,0.6315,0.3989,1.0305,51.0,154.6,0.9022,0.2531,0.8369,0.4704,1.3073,52.2,131.1,0.8547,0.2322,-0.20540000000000003,-0.07150000000000001,-0.27679999999999993,-1.2000000000000028,2025-10-18,Burnley,Leeds United,2,0,H,1399.4,1449.5,-50.1,18,15,-3,7,7,0,3,1,4,0.2,1.0,2.4,0.0,5,1.0,1.2,1.2,0.2,5,0.4,1.0,2.3,0.1,10,0.9,1.1,2.0,0.2,10,0.8,1.0,1.6,0.2,5,0.6,1.0,2.4,0.0,5,0.5784425428445842,0.5087001859756991,0.8790484452180656,0.4108416430442818,0.4569979821402178,0.4569979821402178
2025-26,8,2025-26_GW8_Crystal Palace_vs_Bournemouth,Crystal Palace,Bournemouth,1.5661,0.9701,2.5362,59.8,165.4,0.9177,0.2348,1.0828,0.6691,1.7518,58.2,167.1,0.8807,0.2343,0.48330000000000006,0.30099999999999993,0.7844,1.5999999999999943,2025-10-18,Crystal Palace,Bournemouth,3,3,D,1619.8,1588.9,31.0,7,5,-2,7,7,1,2,2,5,2.0,1.6,0.8,0.4,5,2.2,1.6,0.8,0.4,5,1.9,1.6,0.8,0.4,10,1.7,1.4,1.2,0.4,10,1.8,1.6,1.0,0.2,5,1.4,1.6,2.0,0.2,5,1.2973039465152834,0.5656777373458122,0.9519854039004024,0.494828449288606,0.2778279775008877,0.2921607553309822
2025-26,8,2025-26_GW8_Manchester City_vs_Everton,Manchester City,Everton,1.4194,0.5935,2.0129,73.9,159.3,0.7396,0.3292,1.0865,0.8496,1.936,59.6,121.1,0.9017,0.3043,0.3329,-0.2561,0.07690000000000019,14.300000000000004,2025-10-18,Manchester City,Everton,2,0,H,1760.1,1577.6,182.6,6,9,3,7,7,4,0,1,5,2.0,2.2,0.8,0.4,5,1.6,1.4,1.2,0.2,5,2.0,2.0,0.7,0.5,10,2.0,1.5,0.8,0.4,10,2.4,2.4,0.8,0.4,5,1.8,1.6,1.2,0.2,5,1.1963161980088826,0.4843890933242192,1.0494517001393489,0.5546880201518367,0.3353235970316541,0.3366190991884631
2025-26,8,2025-26_GW8_Sunderland_vs_Wolverhampton Wanderers,Sunderland,Wolverhampton Wanderers,0.5819,0.3895,0.9703,52.0,192.2,0.8013,0.1546,0.6365,0.3316,0.9681,56.0,167.3,0.6846,0.1541,-0.05459999999999998,0.05790000000000001,0.0022000000000000908,-4.0,2025-10-18,Sunderland,Wolverhampton Wanderers,2,0,H,1410.6,1473.3,-62.7,9,20,11,7,7,0,0,0,0,1.6,0.8,0.8,0.4,5,0.4,1.0,1.8,0.0,5,1.1,0.8,1.5,0.3,10,0.3,0.8,2.1,0.0,10,1.4,1.2,1.0,0.2,5,0.2,0.6,1.6,0.0,5,0.726713639310387,0.3965330281075984,0.7800519230987752,0.5454318234354759,0.4569979821402178,0.348422563283835
2025-26,8,2025-26_GW8_Liverpool_vs_Manchester United,Liverpool,Manchester United,1.1065,0.6154,1.7212,80.3,154.1,0.8674,0.2008,1.5086,0.7877,2.2963,64.1,172.1,0.7941,0.2392,-0.4020999999999999,-0.1723,-0.5751,16.200000000000003,2025-10-19,Liverpool,Manchester United,1,2,A,1772.7,1552.3,220.5,3,11,8,7,7,2,0,3,5,1.8,1.2,1.0,0.4,5,1.8,1.6,1.8,0.2,5,1.7,1.8,1.5,0.2,10,1.3,1.1,1.4,0.2,10,2.2,2.0,1.2,0.2,5,0.2,1.0,2.4,0.0,5,1.1660738722504516,0.5074311775689755,1.3026027510414664,0.5642567407139845,0.3045399981627137,0.2903306014904106
2025-26,8,2025-26_GW8_Tottenham_vs_Aston Villa,Tottenham,Aston Villa,0.7725,0.6256,1.3981,62.0,179.9,0.8217,0.1666,0.6303,0.6593,1.2886,59.3,183.1,0.8036,0.1675,0.1422,-0.03369999999999995,0.10949999999999993,2.700000000000003,2025-10-19,Tottenham,Aston Villa,1,2,A,1539.9,1638.2,-98.4,5,13,8,7,7,2,3,0,5,1.6,1.6,1.0,0.2,5,1.6,1.2,1.2,0.2,5,1.4,1.4,1.3,0.3,10,1.5,0.9,0.9,0.4,10,0.8,1.0,1.6,0.2,5,1.0,0.4,0.8,0.4,5,0.8623056904297984,0.5746037030230828,0.853713410362607,0.5409254262499615,0.2735918910833849,0.2812003958138511
2025-26,8,2025-26_GW8_West Ham United_vs_Brentford,West Ham United,Brentford,0.7015,0.5145,1.216,57.2,150.4,0.8036,0.2275,0.9508,0.4135,1.3643,58.3,157.5,0.8659,0.2256,-0.24929999999999997,0.10099999999999998,-0.1483000000000001,-1.0999999999999943,2025-10-20,West Ham United,Brentford,0,2,A,1493.0,1557.2,-64.2,19,16,-3,7,7,1,3,1,5,0.8,1.0,1.6,0.2,5,0.8,1.4,1.8,0.0,5,1.0,1.2,1.9,0.2,10,1.1,1.3,1.6,0.2,10,0.2,0.8,2.6,0.0,5,0.8,1.0,1.8,0.2,5,0.8040610406123501,0.6370381523789983,0.9623605528127406,0.5624152707742813,0.3163640257843841,0.3067402954766594
2025-26,9,2025-26_GW9_Leeds United_vs_West Ham United,Leeds United,West Ham United,0.9024,0.5622,1.4646,52.3,130.7,0.863,0.2714,0.6317,0.4469,1.0786,58.0,149.4,0.7725,0.2238,0.27069999999999994,0.11530000000000001,0.3859999999999999,-5.700000000000003,2025-10-24,Leeds United,West Ham United,2,1,H,1441.0,1482.0,-41.1,16,19,3,8,8,1,3,1,5,0.8,1.2,1.6,0.0,5,0.2,0.4,2.0,0.0,5,0.8,0.9,2.0,0.2,10,0.7,1.0,2.1,0.1,10,1.0,1.0,1.6,0.4,5,1.4,1.4,1.4,0.2,5,1.0378554559763595,0.378742198878902,0.7456114862694129,0.6429659262355298,0.428012999868412,0.2981914958993172
2025-26,9,2025-26_GW9_Chelsea_vs_Sunderland,Chelsea,Sunderland,1.0518,0.7568,1.8083,66.4,154.0,0.7694,0.2757,0.6111,0.3817,0.9921,53.0,190.7,0.8048,0.1396,0.4407000000000001,0.37510000000000004,0.8162,13.400000000000006,2025-10-25,Chelsea,Sunderland,1,2,A,1670.0,1419.5,250.4,5,7,2,8,8,2,0,0,2,1.4,1.8,1.6,0.2,5,1.6,0.8,0.6,0.6,5,2.0,1.8,0.9,0.5,10,1.4,1.0,1.3,0.4,10,2.0,1.2,0.8,0.6,5,0.8,0.4,1.8,0.4,5,1.1220259014718903,0.5790536754926441,0.6944058302002343,0.3716685675595083,0.289687323684351,0.428012999868412
2025-26,9,2025-26_GW9_Newcastle United_vs_Fulham,Newcastle United,Fulham,1.1082,0.5195,1.6277,64.3,144.6,0.8067,0.2855,0.65,0.5791,1.2292,56.2,101.0,0.8515,0.1841,0.45820000000000005,-0.059599999999999986,0.39849999999999985,8.099999999999994,2025-10-25,Newcastle United,Fulham,2,1,H,1627.7,1544.7,83.0,15,16,1,8,8,3,2,0,5,1.4,1.0,0.8,0.6,5,1.2,1.2,1.6,0.2,5,0.9,0.7,0.9,0.5,10,1.1,1.1,1.6,0.1,10,1.2,1.2,1.2,0.4,5,0.8,1.2,2.2,0.0,5,1.0136706019235064,0.4901840674643707,0.8055708670907161,0.6164683375303407,0.2467298644824119,0.2797025143426718
2025-26,9,2025-26_GW9_Manchester United_vs_Brighton and Hove Albion,Manchester United,Brighton and Hove Albion,1.4902,0.7915,2.2818,68.3,167.4,0.766,0.2394,0.8119,0.5124,1.3232,55.2,176.3,0.7905,0.3054,0.6783,0.2791,0.9586000000000001,13.099999999999994,2025-10-25,Manchester United,Brighton and Hove Albion,4,2,H,1569.6,1621.2,-51.7,9,10,1,8,8,1,4,0,5,1.8,1.4,1.6,0.2,5,1.6,1.8,1.4,0.0,5,1.6,1.3,1.3,0.2,10,1.8,1.9,1.4,0.0,10,2.4,1.8,0.8,0.4,5,1.4,1.8,1.4,0.0,5,1.2609407754267596,0.5792820162821343,1.091760500959267,0.5134544406987062,0.2741596163811313,0.279778444451734
2025-26,9,2025-26_GW9_Brentford_vs_Liverpool,Brentford,Liverpool,1.0783,0.5987,1.677,58.3,157.2,0.8731,0.2206,1.2241,0.619,1.8426,81.5,152.2,0.8578,0.2048,-0.14579999999999993,-0.020299999999999985,-0.16559999999999997,-23.200000000000003,2025-10-25,Brentford,Liverpool,3,2,H,1568.3,1755.5,-187.2,15,5,-10,8,8,0,5,0,5,1.4,1.6,1.4,0.2,5,1.2,1.2,1.4,0.2,5,1.1,1.4,1.6,0.2,10,1.6,1.7,1.5,0.2,10,1.4,1.6,1.4,0.2,5,1.2,1.6,1.8,0.2,5,1.0526129649506824,0.5210362359753348,1.2607568207354618,0.5026720043612196,0.28930767313904,0.2872765427216261
2025-26,9,2025-26_GW9_Arsenal_vs_Crystal Palace,Arsenal,Crystal Palace,1.4727,0.8314,2.304,75.1,140.8,0.8515,0.2357,1.9026,1.0768,2.9794,60.0,165.3,0.932,0.2638,-0.42990000000000017,-0.24539999999999995,-0.6754000000000002,15.099999999999994,2025-10-26,Arsenal,Crystal Palace,1,0,H,1775.6,1616.2,159.4,1,9,8,8,8,4,0,1,5,2.6,1.8,0.4,0.6,5,1.6,1.6,1.4,0.2,5,2.5,1.8,0.4,0.6,10,1.7,1.7,1.1,0.3,10,2.6,2.4,0.2,0.8,5,1.6,1.4,0.8,0.4,5,1.2851238579797362,0.4188940311022789,1.5068865089258987,0.5696325528199361,0.275564323398782,0.2626182398036771
2025-26,9,2025-26_GW9_Aston Villa_vs_Manchester City,Aston Villa,Manchester City,0.5407,0.5977,1.1374,60.2,182.0,0.776,0.1594,1.4885,0.6937,2.1822,75.7,157.7,0.7453,0.2988,-0.9478,-0.09599999999999997,-1.0448,-15.5,2025-10-26,Aston Villa,Manchester City,1,0,H,1648.3,1763.4,-115.2,12,3,-9,8,8,2,3,0,5,2.2,1.6,0.8,0.2,5,2.6,2.4,0.4,0.6,5,1.5,1.0,1.0,0.3,10,2.2,2.2,0.7,0.5,10,2.0,1.4,1.0,0.4,5,2.0,1.8,0.6,0.6,5,0.7968099021248282,0.5125822436302168,1.262249997345307,0.4633632250790398,0.2657313742752272,0.3156933860381541
2025-26,9,2025-26_GW9_Bournemouth_vs_Nottingham Forest,Bournemouth,Nottingham Forest,1.0167,0.6605,1.6772,58.5,167.0,0.8706,0.3062,0.7466,0.5145,1.2612,60.6,154.7,0.8058,0.2123,0.2700999999999999,0.14600000000000002,0.4159999999999999,-2.1000000000000014,2025-10-26,Bournemouth,Nottingham Forest,2,0,H,1592.5,1535.3,57.2,5,18,13,8,8,2,0,3,5,1.8,2.0,1.4,0.2,5,0.2,0.2,2.0,0.0,5,1.8,1.7,1.4,0.4,10,0.8,0.7,1.7,0.0,10,2.6,1.6,0.4,0.6,5,1.0,0.8,1.6,0.0,5,1.1147746287201954,0.5616633707248242,0.9306334939289366,0.6266406501142633,0.2758490613077652,0.2846189889044492
2025-26,9,2025-26_GW9_Wolverhampton Wanderers_vs_Burnley,Wolverhampton Wanderers,Burnley,0.6646,0.4294,1.094,55.9,167.1,0.7064,0.1425,0.5459,0.3591,0.905,51.9,153.5,0.8364,0.233,0.11869999999999992,0.07030000000000003,0.18900000000000006,4.0,2025-10-26,Wolverhampton Wanderers,Burnley,2,3,A,1464.4,1408.0,56.4,20,17,-3,8,8,1,2,2,5,0.4,0.6,1.6,0.0,5,0.8,1.0,1.8,0.2,5,0.3,0.8,2.1,0.0,10,0.7,1.1,1.9,0.2,10,0.4,1.0,2.4,0.0,5,0.0,1.0,3.0,0.0,5,0.7665882767902428,0.5152069312476169,0.5510946486360808,0.5204725455085205,0.3277852559063093,0.428012999868412
2025-26,9,2025-26_GW9_Everton_vs_Tottenham,Everton,Tottenham,1.0397,0.7978,1.8375,59.5,120.8,0.9006,0.3232,0.6981,0.6114,1.3096,61.7,179.7,0.8086,0.1688,0.3416,0.1863999999999999,0.5278999999999998,-2.200000000000003,2025-10-26,Everton,Tottenham,0,3,A,1574.3,1529.8,44.5,14,8,-6,8,8,1,2,2,5,1.0,0.8,1.2,0.2,5,1.6,1.8,1.2,0.2,5,1.7,1.2,0.9,0.4,10,1.4,1.5,1.3,0.3,10,2.2,1.4,0.4,0.6,5,2.0,1.8,1.0,0.4,5,0.9939546200419124,0.5703841542624037,0.8330527734618532,0.5392270691928053,0.3168892852558838,0.2587078391869738
2025-26,10,2025-26_GW10_Liverpool_vs_Aston Villa,Liverpool,Aston Villa,1.2871,0.6745,1.961,79.2,154.0,0.8335,0.1985,0.5558,0.5985,1.1533,59.7,182.2,0.7915,0.152,0.7313,0.07599999999999996,0.8077000000000001,19.5,2025-11-01,Liverpool,Aston Villa,2,0,H,1743.0,1658.7,84.3,7,8,1,9,9,2,0,3,5,0.6,1.4,2.0,0.0,5,2.6,1.8,0.8,0.2,5,1.6,1.7,1.5,0.2,10,1.5,0.9,1.0,0.3,10,2.0,1.8,1.2,0.2,5,1.0,0.6,1.0,0.2,5,1.3016754542409794,0.5322797201555942,0.7897840046103177,0.4981097112511307,0.271340364808841,0.2514516676303165
2025-26,10,2025-26_GW10_Tottenham_vs_Chelsea,Tottenham,Chelsea,0.7468,0.5702,1.3171,62.6,177.4,0.7694,0.1781,1.0264,0.7672,1.7935,63.9,156.4,0.7961,0.2617,-0.27959999999999996,-0.19699999999999995,-0.47640000000000016,-1.2999999999999972,2025-11-01,Tottenham,Chelsea,0,1,A,1543.8,1652.3,-108.5,4,9,5,9,9,1,4,0,5,1.6,1.8,1.2,0.2,5,1.2,1.6,1.6,0.2,5,1.7,1.8,1.1,0.4,10,1.7,1.8,1.1,0.4,10,0.8,1.2,1.6,0.2,5,2.0,2.4,1.0,0.4,5,0.917116345399034,0.5323236320830204,1.0678268603132186,0.5640206296827841,0.2449681275809297,0.27356579612309
2025-26,10,2025-26_GW10_Nottingham Forest_vs_Manchester United,Nottingham Forest,Manchester United,0.655,0.5011,1.1561,60.1,154.5,0.7727,0.2092,1.4948,0.7883,2.2831,67.3,168.1,0.801,0.2477,-0.8397999999999999,-0.2872,-1.1270000000000002,-7.199999999999996,2025-11-01,Nottingham Forest,Manchester United,2,2,D,1529.5,1578.2,-48.7,18,8,-10,9,9,3,2,0,5,0.2,0.2,1.8,0.0,5,2.4,2.2,1.4,0.2,5,0.5,0.5,1.8,0.0,10,1.9,1.7,1.4,0.2,10,0.6,0.6,1.8,0.0,5,0.8,0.8,1.8,0.0,5,0.860321719102905,0.5877812022059105,1.221087197429655,0.5564905077211934,0.2688871334388028,0.2592319156895807
2025-26,10,2025-26_GW10_Crystal Palace_vs_Brentford,Crystal Palace,Brentford,1.7513,1.0052,2.7565,60.1,165.2,0.9427,0.2617,1.2583,0.6291,1.8874,57.7,157.4,0.8872,0.2308,0.4930000000000001,0.3761000000000001,0.8691,2.3999999999999986,2025-11-01,Crystal Palace,Brentford,2,0,H,1612.5,1580.7,31.8,10,11,1,9,9,1,2,2,5,1.4,1.6,1.6,0.0,5,1.8,1.8,1.4,0.2,5,1.4,1.3,1.0,0.3,10,1.4,1.5,1.5,0.2,10,1.8,2.0,1.4,0.2,5,0.8,1.2,1.8,0.2,5,1.3665107693698004,0.5510628093613607,1.1608311848005768,0.5344504081997429,0.2485778823111289,0.2732153344987988
2025-26,10,2025-26_GW10_Burnley_vs_Arsenal,Burnley,Arsenal,0.5775,0.4107,0.9882,51.0,154.3,0.8199,0.2538,1.4424,0.8173,2.2597,75.5,140.8,0.8787,0.2215,-0.8648999999999999,-0.4066,-1.2715,-24.5,2025-11-01,Burnley,Arsenal,0,2,A,1422.2,1779.3,-357.1,16,1,-15,9,9,0,3,2,5,1.4,1.6,2.0,0.2,5,2.6,1.4,0.4,0.6,5,1.0,1.3,1.9,0.2,10,2.5,1.8,0.4,0.6,10,1.4,1.2,0.8,0.4,5,2.4,1.2,0.6,0.4,5,0.6310455919132719,0.5260622664119058,1.2339586043544415,0.4036025298905964,0.4012564889335813,0.2605286236994581
2025-26,10,2025-26_GW10_Brighton and Hove Albion_vs_Leeds United,Brighton and Hove Albion,Leeds United,0.7818,0.5053,1.2861,55.2,175.7,0.8115,0.3054,0.9531,0.5869,1.5399,52.4,130.6,0.84,0.2727,-0.1712999999999999,-0.0816,-0.2538,2.8000000000000043,2025-11-01,Brighton and Hove Albion,Leeds United,3,0,H,1612.6,1449.3,163.3,13,15,2,9,9,2,0,3,5,1.6,2.0,1.8,0.0,5,1.4,1.6,1.6,0.0,5,1.5,1.8,1.6,0.0,10,1.1,1.0,1.8,0.2,10,2.2,2.0,1.4,0.0,5,0.6,0.8,2.4,0.0,5,1.0608704271750815,0.502954833938557,1.0507305213752596,0.3586666660195618,0.2644187477290902,0.4012564889335813
2025-26,10,2025-26_GW10_Fulham_vs_Wolverhampton Wanderers,Fulham,Wolverhampton Wanderers,0.6666,0.533,1.1995,54.5,102.7,0.8178,0.1977,0.8132,0.5376,1.3508,56.0,167.0,0.7246,0.1286,-0.14660000000000006,-0.0045999999999999375,-0.1513,-1.5,2025-11-01,Fulham,Wolverhampton Wanderers,3,0,H,1539.6,1450.2,89.4,17,20,3,9,9,2,2,1,5,0.6,1.2,2.0,0.0,5,0.4,1.0,2.0,0.0,5,0.8,0.9,1.6,0.1,10,0.3,0.8,2.0,0.0,10,1.4,1.0,1.0,0.2,5,0.2,0.6,1.8,0.0,5,0.8492365977994014,0.6300506527426304,0.899360854698961,0.5125518719732564,0.264348655404232,0.3087346201207098
2025-26,10,2025-26_GW10_West Ham United_vs_Newcastle United,West Ham United,Newcastle United,0.5713,0.4717,1.0431,56.6,150.7,0.7462,0.1964,1.1803,0.576,1.7563,64.0,145.2,0.8232,0.272,-0.6089999999999999,-0.10429999999999995,-0.7132000000000001,-7.399999999999999,2025-11-02,West Ham United,Newcastle United,3,1,H,1473.7,1632.9,-159.2,19,13,-6,9,9,1,3,1,5,0.2,0.6,1.8,0.0,5,1.4,1.2,1.0,0.4,5,0.7,1.0,2.1,0.1,10,1.2,0.9,0.9,0.5,10,0.0,0.6,2.8,0.0,5,0.6,0.2,0.6,0.6,5,0.724065926822087,0.6266711214446534,1.077662982958176,0.4938170001556227,0.2814161365072124,0.233911063334543
2025-26,10,2025-26_GW10_Manchester City_vs_Bournemouth,Manchester City,Bournemouth,1.4077,0.6943,2.102,74.7,158.3,0.7517,0.2833,0.9243,0.617,1.5413,56.1,169.4,0.8297,0.2571,0.48339999999999994,0.07730000000000004,0.5607,18.6,2025-11-02,Manchester City,Bournemouth,3,1,H,1753.0,1598.2,154.8,8,2,-6,9,9,4,1,0,5,2.0,1.8,0.6,0.4,5,1.8,2.0,1.2,0.4,5,1.9,1.9,0.7,0.5,10,2.1,1.8,1.1,0.5,10,2.4,2.6,0.8,0.4,5,1.0,1.8,2.4,0.2,5,1.2127404253965333,0.4481654634605471,1.051976820487455,0.5241178834409804,0.2975724173870358,0.2607914699176765
2025-26,10,2025-26_GW10_Sunderland_vs_Everton,Sunderland,Everton,0.6816,0.3573,1.0384,52.4,191.5,0.8087,0.1614,1.0811,0.8705,1.9516,59.5,120.5,0.9169,0.3231,-0.39949999999999997,-0.5132000000000001,-0.9132,-7.100000000000001,2025-11-03,Sunderland,Everton,1,1,D,1437.2,1560.4,-123.2,7,15,8,9,9,0,2,0,2,2.0,1.2,0.8,0.4,5,0.8,0.8,1.8,0.0,5,1.7,1.2,1.2,0.4,10,1.4,1.0,1.2,0.3,10,2.0,1.6,0.8,0.4,5,1.2,1.0,1.4,0.2,5,0.7395640358602035,0.3529921619672088,1.0082392908708473,0.5766161563423445,0.4012564889335813,0.298676371503553
2025-26,11,2025-26_GW11_Tottenham_vs_Manchester United,Tottenham,Manchester United,0.6721,0.5202,1.1923,58.8,180.5,0.7857,0.1759,1.4256,0.8054,2.231,67.5,167.8,0.8366,0.2424,-0.7535,-0.2852,-1.0387,-8.700000000000003,2025-11-08,Tottenham,Manchester United,2,2,D,1534.0,1579.6,-45.6,6,8,2,10,10,3,0,2,5,1.4,1.4,1.0,0.2,5,2.0,2.2,1.6,0.2,5,1.7,1.7,0.8,0.4,10,1.7,1.7,1.6,0.1,10,0.8,1.0,1.0,0.2,5,1.0,1.2,2.0,0.0,5,0.834975926002568,0.5758730603661023,1.17421958565711,0.5562003372957673,0.2322847752027522,0.2454519111672433
2025-26,11,2025-26_GW11_Everton_vs_Fulham,Everton,Fulham,0.9639,0.8523,1.8163,59.3,120.3,0.9132,0.3114,0.6737,0.5583,1.232,56.3,100.7,0.8304,0.2268,0.2902,0.29399999999999993,0.5843,3.0,2025-11-08,Everton,Fulham,2,0,H,1559.7,1544.6,15.1,14,15,1,10,10,1,2,2,5,1.0,0.8,1.6,0.0,5,0.6,1.2,1.8,0.2,5,1.2,1.0,1.3,0.2,10,1.1,1.2,1.4,0.2,10,1.6,1.0,1.0,0.4,5,0.2,0.8,2.2,0.0,5,0.9682225515848208,0.5546419808797259,0.8769303560212791,0.5843142981692839,0.2818637331034465,0.2501752572380435
2025-26,11,2025-26_GW11_West Ham United_vs_Burnley,West Ham United,Burnley,0.6556,0.4597,1.1153,56.4,150.7,0.7527,0.1765,0.5748,0.3986,0.9734,50.9,154.2,0.8327,0.2193,0.08079999999999998,0.06109999999999999,0.14189999999999992,5.5,2025-11-08,West Ham United,Burnley,3,2,H,1485.4,1418.5,66.9,18,17,-1,10,10,2,0,3,5,0.8,1.0,1.6,0.0,5,1.2,1.4,2.2,0.2,5,0.7,1.0,2.1,0.1,10,1.0,1.2,1.9,0.2,10,0.6,1.0,2.6,0.0,5,0.6,1.4,3.0,0.0,5,0.8099370988546467,0.5847470977351381,0.5926845131361324,0.5294367745111801,0.2659305280358497,0.3765571163173662
2025-26,11,2025-26_GW11_Sunderland_vs_Arsenal,Sunderland,Arsenal,0.6959,0.4272,1.1228,53.0,190.5,0.8056,0.1481,1.5581,0.8764,2.4344,76.0,140.5,0.8995,0.2356,-0.8622000000000001,-0.44919999999999993,-1.3116,-23.0,2025-11-08,Sunderland,Arsenal,2,2,D,1437.8,1783.0,-345.2,5,1,-4,10,10,0,2,0,2,2.0,1.2,0.8,0.4,5,3.0,1.6,0.2,0.8,5,1.8,1.2,0.8,0.4,10,2.5,1.8,0.3,0.7,10,2.2,1.8,0.6,0.4,5,2.4,1.2,0.4,0.6,5,0.7526576212131665,0.3384947725052347,1.288675556784784,0.3897793365023306,0.3765571163173662,0.2466489235276516
2025-26,11,2025-26_GW11_Chelsea_vs_Wolverhampton Wanderers,Chelsea,Wolverhampton Wanderers,1.2151,0.8824,2.0974,63.7,155.9,0.8166,0.2357,0.7699,0.5266,1.2965,55.1,167.5,0.7295,0.1331,0.44520000000000004,0.3558,0.8009,8.600000000000001,2025-11-08,Chelsea,Wolverhampton Wanderers,3,0,H,1662.1,1445.1,216.9,8,20,12,10,10,2,3,0,5,1.8,1.6,1.2,0.4,5,0.4,0.8,2.0,0.0,5,1.7,1.8,1.1,0.4,10,0.2,0.7,2.2,0.0,10,1.4,1.2,1.2,0.4,5,0.2,0.2,1.6,0.0,5,1.245003641307296,0.5191084407342872,0.820396098814659,0.5055658524351128,0.2586837505025672,0.2911486668179647
2025-26,11,2025-26_GW11_Manchester City_vs_Liverpool,Manchester City,Liverpool,1.438,0.7181,2.1561,74.4,158.4,0.7645,0.2777,1.1938,0.6658,1.8591,75.3,156.9,0.8393,0.1985,0.24419999999999997,0.05230000000000001,0.29699999999999993,-0.8999999999999915,2025-11-09,Manchester City,Liverpool,3,0,H,1756.7,1748.2,8.6,3,6,3,10,10,1,2,2,5,2.4,2.2,0.6,0.4,5,0.6,1.4,1.8,0.2,5,1.9,2.0,0.8,0.4,10,1.8,1.8,1.4,0.3,10,2.4,2.6,0.8,0.4,5,1.2,1.6,1.8,0.2,5,1.257866647392057,0.4319340151994356,1.252109453075546,0.4988215740353497,0.2808446550128286,0.2566294184786233
2025-26,11,2025-26_GW11_Nottingham Forest_vs_Leeds United,Nottingham Forest,Leeds United,0.6276,0.5337,1.1613,58.5,155.5,0.7676,0.1856,0.8597,0.5604,1.4201,53.1,129.8,0.7975,0.2682,-0.23209999999999997,-0.026700000000000057,-0.2587999999999999,5.399999999999999,2025-11-09,Nottingham Forest,Leeds United,3,1,H,1528.0,1445.7,82.3,19,16,-3,10,10,1,1,0,2,0.2,0.4,2.0,0.0,5,0.8,1.0,2.0,0.0,5,0.6,0.7,1.9,0.0,10,1.1,0.9,1.7,0.2,10,0.8,1.0,2.0,0.0,5,0.6,0.6,2.4,0.0,5,0.9244728057815338,0.5674275331459621,0.9580847531482948,0.4211283617554166,0.2543648004994725,0.3765571163173662
2025-26,11,2025-26_GW11_Brentford_vs_Newcastle United,Brentford,Newcastle United,1.1981,0.623,1.8211,57.8,157.4,0.9058,0.2102,1.14,0.5595,1.6995,64.1,144.7,0.8376,0.2638,0.05810000000000004,0.0635,0.12159999999999993,-6.299999999999997,2025-11-09,Brentford,Newcastle United,3,1,H,1574.3,1621.2,-46.8,13,14,1,10,10,1,4,0,5,1.8,1.6,1.2,0.2,5,1.2,1.4,1.6,0.2,5,1.3,1.4,1.6,0.2,10,1.2,1.0,1.1,0.5,10,2.0,1.8,1.2,0.2,5,0.6,0.4,1.0,0.6,5,1.0754118616886654,0.5112845285647635,1.0068068144495084,0.5045872402196374,0.2583602336484028,0.2220778184538654
2025-26,11,2025-26_GW11_Aston Villa_vs_Bournemouth,Aston Villa,Bournemouth,0.5409,0.5879,1.1279,59.5,181.9,0.8279,0.1485,0.9641,0.6169,1.581,58.6,167.0,0.8546,0.254,-0.4231999999999999,-0.029000000000000026,-0.45310000000000006,0.8999999999999986,2025-11-09,Aston Villa,Bournemouth,4,0,H,1653.6,1594.5,59.1,13,6,-7,10,10,3,0,2,5,2.4,1.6,1.0,0.2,5,1.6,2.2,1.8,0.2,5,1.5,0.9,1.0,0.3,10,1.8,1.7,1.4,0.4,10,2.0,1.2,1.0,0.4,5,1.0,1.8,2.4,0.2,5,0.7512532645571346,0.4886412877063407,0.9979481652687472,0.533810347820766,0.2382698370047936,0.2468915611682749
2025-26,11,2025-26_GW11_Crystal Palace_vs_Brighton and Hove Albion,Crystal Palace,Brighton and Hove Albion,1.6611,0.8842,2.5453,60.4,165.0,0.9345,0.26,0.9596,0.5505,1.5093,55.2,175.5,0.844,0.2812,0.7015,0.3337,1.036,5.199999999999996,2025-11-09,Crystal Palace,Brighton and Hove Albion,0,0,D,1618.9,1616.2,2.7,10,12,2,10,10,2,2,1,5,1.4,1.6,1.4,0.2,5,2.0,2.2,1.4,0.2,5,1.6,1.4,0.9,0.4,10,1.5,1.7,1.5,0.1,10,1.8,1.6,1.0,0.4,5,0.8,1.4,2.0,0.0,5,1.2699590250045507,0.522120005171907,1.1870073237510317,0.4769806677659319,0.2356169988006455,0.2502399606088764
2025-26,12,2025-26_GW12_Burnley_vs_Chelsea,Burnley,Chelsea,0.5816,0.4314,1.013,51.2,153.7,0.8391,0.2163,1.3377,1.0343,2.3719,64.4,155.4,0.824,0.2206,-0.7560999999999999,-0.6029,-1.3589000000000002,-13.200000000000003,2025-11-22,Burnley,Chelsea,0,2,A,1412.9,1664.8,-251.9,17,3,-14,11,11,0,3,2,5,1.2,1.6,1.8,0.2,5,2.4,2.0,0.6,0.6,5,1.0,1.4,1.9,0.2,10,1.9,2.1,1.1,0.4,10,1.4,1.0,0.8,0.4,5,2.0,2.4,1.0,0.4,5,0.6230267214720967,0.5476965670445515,1.3639637913380307,0.4842949376778843,0.3537567217098437,0.2449458909225911
2025-26,12,2025-26_GW12_Bournemouth_vs_West Ham United,Bournemouth,West Ham United,0.993,0.6034,1.5964,58.6,166.9,0.8292,0.2478,0.7289,0.475,1.2039,57.6,149.1,0.7649,0.2225,0.2641,0.12840000000000007,0.39250000000000007,1.0,2025-11-22,Bournemouth,West Ham United,2,2,D,1588.7,1490.9,97.8,9,18,9,11,11,0,1,4,5,1.4,1.8,2.2,0.2,5,1.2,1.4,1.8,0.0,5,1.8,1.5,1.4,0.4,10,1.0,1.3,2.0,0.1,10,2.6,1.6,0.4,0.6,5,0.8,1.0,1.6,0.2,5,1.0189795337876453,0.5316589290501573,0.9665413769155856,0.5630851794558156,0.2340603281884197,0.2516355097221916
2025-26,12,2025-26_GW12_Brighton and Hove Albion_vs_Brentford,Brighton and Hove Albion,Brentford,0.9322,0.5581,1.4895,55.3,175.3,0.8696,0.2893,1.3125,0.638,1.9505,57.8,157.3,0.9046,0.2037,-0.38029999999999997,-0.07989999999999997,-0.46099999999999985,-2.5,2025-11-22,Brighton and Hove Albion,Brentford,2,1,H,1619.1,1582.8,36.2,11,12,1,11,11,1,1,3,5,1.6,1.6,1.2,0.4,5,1.8,1.6,1.2,0.2,5,1.5,1.6,1.4,0.2,10,1.6,1.6,1.4,0.2,10,2.2,2.0,1.0,0.2,5,0.6,1.0,2.0,0.2,5,1.0921464410707002,0.4599975635032855,1.1650455906661108,0.4833352883868441,0.2371512904462708,0.2446472472261803
2025-26,12,2025-26_GW12_Fulham_vs_Sunderland,Fulham,Sunderland,0.6414,0.5401,1.1815,56.2,100.6,0.843,0.2377,0.6893,0.4272,1.1163,52.6,190.8,0.8386,0.1419,-0.047900000000000054,0.1129,0.06519999999999992,3.6000000000000014,2025-11-22,Fulham,Sunderland,1,0,H,1537.8,1443.9,93.9,15,4,-11,11,11,0,0,0,0,0.6,1.0,1.6,0.2,5,1.6,1.4,1.2,0.2,5,1.0,1.1,1.5,0.2,10,1.6,1.1,1.0,0.3,10,2.0,1.6,0.6,0.4,5,1.4,0.6,1.0,0.4,5,0.822227523359819,0.5819901881274512,0.7010542820397894,0.3506535776851437,0.2370915617069887,0.3537567217098437
2025-26,12,2025-26_GW12_Liverpool_vs_Nottingham Forest,Liverpool,Nottingham Forest,1.1067,0.6449,1.7508,75.2,156.7,0.8344,0.2053,0.7752,0.5515,1.3266,58.5,155.4,0.7758,0.2044,0.3315,0.09340000000000004,0.4241999999999999,16.700000000000003,2025-11-22,Liverpool,Nottingham Forest,0,3,A,1741.2,1533.2,208.0,10,19,9,11,11,3,1,1,5,0.6,1.2,2.0,0.2,5,0.8,1.0,2.0,0.0,5,1.5,1.4,1.5,0.3,10,0.6,0.7,1.9,0.0,10,2.4,2.0,1.0,0.4,5,0.4,0.4,1.8,0.0,5,1.1736698040827085,0.4998075695285705,1.0260265658356555,0.5398361378125911,0.2430495034503829,0.2409589975755077
2025-26,12,2025-26_GW12_Wolverhampton Wanderers_vs_Crystal Palace,Wolverhampton Wanderers,Crystal Palace,0.6607,0.4833,1.144,54.7,167.2,0.7449,0.1385,1.5387,0.8557,2.3944,60.8,164.8,0.9128,0.2515,-0.878,-0.3724,-1.2504000000000002,-6.099999999999994,2025-11-22,Wolverhampton Wanderers,Crystal Palace,0,2,A,1442.3,1616.0,-173.7,20,11,-9,11,11,1,3,1,5,0.2,0.6,2.4,0.0,5,1.0,1.2,1.2,0.4,5,0.2,0.7,2.1,0.0,10,1.6,1.4,0.9,0.4,10,0.2,1.2,2.8,0.0,5,1.4,1.2,0.8,0.4,5,0.7497968751160988,0.5466543446542361,1.191572421986368,0.4960026866579315,0.2749147858574087,0.2236525953685054
2025-26,12,2025-26_GW12_Newcastle United_vs_Manchester City,Newcastle United,Manchester City,1.0327,0.5397,1.5724,64.1,144.5,0.849,0.2401,1.4178,0.7002,2.118,74.1,158.1,0.7888,0.278,-0.3851,-0.1605000000000001,-0.5455999999999999,-10.0,2025-11-22,Newcastle United,Manchester City,2,1,H,1612.7,1763.7,-151.0,15,3,-12,11,11,0,4,1,5,1.2,1.4,1.8,0.2,5,2.4,1.8,0.4,0.6,5,1.1,1.1,1.4,0.4,10,1.9,1.9,0.8,0.4,10,1.8,1.6,1.2,0.4,5,1.4,1.4,0.8,0.4,5,0.9410078023903392,0.5289243836730197,1.2472072150977416,0.4176925448897779,0.211154356673716,0.2654029841267267
2025-26,12,2025-26_GW12_Leeds United_vs_Aston Villa,Leeds United,Aston Villa,0.8347,0.5376,1.3723,52.6,130.0,0.8172,0.2477,0.5862,0.595,1.1804,59.5,181.8,0.841,0.1693,0.24849999999999994,-0.05740000000000001,0.19190000000000018,-6.899999999999999,2025-11-23,Leeds United,Aston Villa,1,2,A,1440.5,1659.3,-218.8,18,9,-9,11,11,0,3,2,5,0.6,0.8,2.2,0.0,5,2.4,1.8,0.8,0.4,5,0.8,0.9,2.0,0.1,10,1.7,1.3,1.0,0.3,10,1.6,1.2,1.0,0.4,5,1.0,0.6,1.0,0.2,5,0.8995694277690869,0.4561894611664975,0.8148656214827068,0.4872319568077977,0.3537567217098437,0.2261014736790735
2025-26,12,2025-26_GW12_Arsenal_vs_Tottenham,Arsenal,Tottenham,1.5098,0.8853,2.3951,76.1,140.1,0.902,0.2356,0.6678,0.4883,1.1561,60.8,178.3,0.7844,0.173,0.8420000000000001,0.39699999999999996,1.2389999999999999,15.299999999999997,2025-11-23,Arsenal,Tottenham,4,1,H,1776.9,1532.5,244.5,1,9,8,11,11,4,0,1,5,2.6,1.6,0.4,0.8,5,1.4,1.6,1.2,0.2,5,2.3,1.9,0.5,0.6,10,1.5,1.6,1.0,0.3,10,2.6,2.4,0.2,0.8,5,2.6,2.4,0.6,0.6,5,1.302272569705954,0.3800119463637811,0.8276719180369434,0.5481972700202477,0.2338363454161116,0.2205765652954748
2025-26,12,2025-26_GW12_Manchester United_vs_Everton,Manchester United,Everton,1.3559,0.7919,2.1478,67.6,167.5,0.8172,0.2378,0.9427,0.8799,1.8226,59.0,120.1,0.8965,0.3032,0.4132000000000001,-0.08799999999999997,0.32520000000000016,8.599999999999994,2025-11-24,Manchester United,Everton,0,1,A,1581.2,1566.5,14.7,10,13,3,11,11,4,0,1,5,2.2,2.4,1.4,0.2,5,1.4,1.0,1.4,0.2,5,1.8,1.9,1.7,0.1,10,1.5,1.2,1.2,0.3,10,2.4,2.2,1.2,0.2,5,0.8,1.0,1.6,0.0,5,1.0984986508523662,0.5344214768042985,0.9818264048845016,0.518271685569475,0.2327313637393919,0.2663437117704205
2025-26,13,2025-26_GW13_Manchester City_vs_Leeds United,Manchester City,Leeds United,1.4956,0.7961,2.2917,74.3,157.9,0.8082,0.2787,0.8879,0.55,1.4379,52.6,129.9,0.8314,0.2645,0.6077,0.24609999999999999,0.8538000000000001,21.699999999999996,2025-11-29,Manchester City,Leeds United,3,2,H,1752.3,1433.8,318.5,3,18,15,12,12,4,1,0,5,1.8,1.8,0.8,0.4,5,0.6,0.8,2.2,0.0,5,1.9,2.0,0.8,0.4,10,0.8,1.0,1.7,0.1,10,3.0,3.2,0.4,0.6,5,0.6,0.8,2.0,0.0,5,1.3033647769179617,0.4444581858326327,0.9685452598309268,0.4564840333546199,0.2511485253162434,0.3327093047435739
2025-26,13,2025-26_GW13_Tottenham_vs_Fulham,Tottenham,Fulham,0.6,0.4198,1.0198,59.5,177.6,0.7736,0.1745,0.7479,0.5379,1.2858,56.2,100.3,0.8532,0.2766,-0.14790000000000003,-0.11810000000000004,-0.266,3.299999999999997,2025-11-29,Tottenham,Fulham,1,2,A,1530.0,1542.7,-12.7,9,15,6,12,12,2,2,1,5,0.8,1.4,1.8,0.2,5,1.2,1.0,1.0,0.4,5,1.2,1.5,1.4,0.2,10,1.2,1.1,1.4,0.3,10,0.4,0.8,1.4,0.0,5,0.0,0.6,2.4,0.0,5,0.7617569469129083,0.5496466450000119,0.9060042069308808,0.5434540414837873,0.209768525343141,0.2250137884911261
2025-26,13,2025-26_GW13_Everton_vs_Newcastle United,Everton,Newcastle United,0.8656,0.8333,1.6989,59.5,119.5,0.8907,0.3075,1.0294,0.5239,1.5533,61.4,146.6,0.807,0.26,-0.16380000000000006,0.3094,0.14560000000000017,-1.8999999999999986,2025-11-29,Everton,Newcastle United,1,4,A,1579.7,1624.2,-44.5,11,15,4,12,12,2,1,2,5,1.4,0.8,1.2,0.4,5,1.2,1.4,2.0,0.0,5,1.5,1.1,1.2,0.3,10,1.4,1.1,1.2,0.4,10,1.6,1.0,1.0,0.4,5,0.4,0.6,1.6,0.4,5,0.9020309333865626,0.5135131910606839,1.0332830501493415,0.5451321181553588,0.2520169263816349,0.2010707305453304
2025-26,13,2025-26_GW13_Brentford_vs_Burnley,Brentford,Burnley,1.3734,0.6391,2.0125,58.0,157.2,0.9188,0.2185,0.6012,0.4107,1.0119,51.0,153.6,0.8632,0.2078,0.7722,0.2284,1.0006000000000002,7.0,2025-11-29,Brentford,Burnley,3,1,H,1576.6,1407.1,169.5,15,19,4,12,12,2,2,0,4,1.8,1.8,1.4,0.2,5,1.2,1.4,1.8,0.2,5,1.3,1.6,1.6,0.1,10,0.7,1.2,2.1,0.1,10,2.0,2.2,1.4,0.0,5,0.6,1.8,3.0,0.0,5,1.1844374708861496,0.4789216592334909,0.591120361649089,0.5307526469286503,0.2319885653020487,0.3327093047435739
2025-26,13,2025-26_GW13_Sunderland_vs_Bournemouth,Sunderland,Bournemouth,0.6668,0.444,1.1107,52.7,190.8,0.8657,0.1398,1.0662,0.6535,1.7197,58.5,166.9,0.8264,0.2184,-0.3994000000000001,-0.20949999999999996,-0.609,-5.799999999999997,2025-11-29,Sunderland,Bournemouth,3,2,H,1439.0,1583.6,-144.6,7,9,2,12,12,1,1,0,2,1.6,1.4,1.0,0.2,5,1.0,1.6,2.4,0.2,5,1.6,1.1,0.9,0.3,10,1.6,1.6,1.6,0.3,10,1.8,1.6,1.0,0.2,5,1.0,1.4,2.4,0.2,5,0.633793971748543,0.3671123429099218,1.2139559427179611,0.5092088688707255,0.3327093047435739,0.22221560728042
2025-26,13,2025-26_GW13_Crystal Palace_vs_Manchester United,Crystal Palace,Manchester United,1.5399,0.8688,2.408,61.0,164.7,0.9258,0.2551,1.3115,0.8433,2.1548,64.7,170.1,0.8079,0.2386,0.22839999999999994,0.025499999999999967,0.2532000000000001,-3.700000000000003,2025-11-30,Crystal Palace,Manchester United,1,2,A,1624.0,1568.0,56.0,6,12,6,12,12,3,1,1,5,1.6,1.4,0.8,0.6,5,1.6,2.0,1.6,0.0,5,1.8,1.5,0.8,0.5,10,1.7,1.8,1.7,0.1,10,1.8,1.4,0.8,0.6,5,1.0,1.4,2.2,0.0,5,1.1642536813359157,0.5018835627279278,1.1060932886732535,0.5049745911877994,0.2126080589855324,0.2209888184737558
2025-26,13,2025-26_GW13_Aston Villa_vs_Wolverhampton Wanderers,Aston Villa,Wolverhampton Wanderers,0.6182,0.6082,1.2255,58.5,182.5,0.849,0.1877,0.7124,0.4409,1.1533,53.8,167.6,0.7278,0.1427,-0.09420000000000006,0.16729999999999995,0.07220000000000004,4.700000000000003,2025-11-30,Aston Villa,Wolverhampton Wanderers,1,0,H,1666.0,1434.4,231.6,5,20,15,12,12,2,2,1,5,2.4,1.8,0.8,0.4,5,0.0,0.4,2.6,0.0,5,2.0,1.5,1.0,0.3,10,0.2,0.7,2.2,0.0,10,2.4,2.0,1.0,0.4,5,0.2,0.2,2.0,0.0,5,0.8594045161049801,0.4883707416265659,0.8210524819040582,0.5348657970698909,0.2148686585843295,0.2599290249774246
2025-26,13,2025-26_GW13_Nottingham Forest_vs_Brighton and Hove Albion,Nottingham Forest,Brighton and Hove Albion,0.8343,0.4899,1.3242,59.0,154.5,0.7956,0.227,0.9686,0.5661,1.534,55.4,175.1,0.8768,0.2893,-0.13429999999999997,-0.07620000000000005,-0.2098,3.6000000000000014,2025-11-30,Nottingham Forest,Brighton and Hove Albion,0,2,A,1550.3,1625.3,-75.0,16,8,-8,12,12,2,2,1,5,1.4,1.6,1.6,0.2,5,2.0,1.8,1.2,0.4,5,0.8,0.9,1.8,0.1,10,1.8,1.8,1.3,0.2,10,0.8,1.0,2.0,0.0,5,1.0,1.4,1.6,0.2,5,1.0457546445359789,0.5414619900451201,1.073807242392562,0.4667680242796219,0.228583881759958,0.2250689250667065
2025-26,13,2025-26_GW13_West Ham United_vs_Liverpool,West Ham United,Liverpool,0.6777,0.4325,1.1102,56.3,149.3,0.7692,0.2336,1.1532,0.6811,1.8338,75.2,156.6,0.8153,0.2168,-0.47550000000000003,-0.24860000000000004,-0.7236,-18.900000000000006,2025-11-30,West Ham United,Liverpool,0,2,A,1496.1,1724.1,-228.0,17,13,-4,12,12,0,4,1,5,1.4,1.8,1.8,0.0,5,0.6,1.0,2.2,0.2,5,1.1,1.4,1.7,0.1,10,1.2,1.1,1.6,0.3,10,1.2,1.4,2.0,0.0,5,0.6,1.0,2.0,0.2,5,0.9190803524869948,0.6126398983489483,1.195102790906593,0.5017223755004976,0.2384395446449574,0.2305136619052726
2025-26,13,2025-26_GW13_Chelsea_vs_Arsenal,Chelsea,Arsenal,1.3383,0.9309,2.269,66.5,153.3,0.7917,0.223,1.3308,0.8925,2.2233,73.2,142.7,0.8684,0.2218,0.007500000000000062,0.03839999999999999,0.045700000000000074,-6.700000000000003,2025-11-30,Chelsea,Arsenal,1,1,D,1670.7,1779.3,-108.6,4,1,-3,12,12,0,3,2,5,2.4,2.0,0.4,0.8,5,2.6,2.0,0.6,0.6,5,1.9,1.8,1.0,0.5,10,2.3,1.8,0.6,0.5,10,1.8,1.8,1.2,0.4,5,2.0,1.4,0.8,0.4,5,1.3456498234291856,0.4606559722930649,1.3092957587951994,0.362462087910368,0.2322642481799508,0.2220088451219934
2025-26,14,2025-26_GW14_Fulham_vs_Manchester City,Fulham,Manchester City,0.7095,0.5259,1.2355,56.1,100.0,0.8614,0.3359,1.5898,0.8781,2.4679,74.5,157.9,0.8388,0.2573,-0.8803000000000001,-0.35219999999999996,-1.2324000000000002,-18.4,2025-12-02,Fulham,Manchester City,4,5,A,1555.2,1753.9,-198.7,15,2,-13,13,13,0,5,0,5,1.8,1.4,1.0,0.4,5,1.8,2.0,1.2,0.2,5,1.5,1.3,1.3,0.3,10,2.2,2.2,0.8,0.4,10,2.4,1.6,0.4,0.6,5,0.8,0.8,1.2,0.2,5,0.8577642776553694,0.5280098244764082,1.397002961800636,0.4493592792704326,0.2138645986076127,0.2379900013793912
2025-26,14,2025-26_GW14_Bournemouth_vs_Everton,Bournemouth,Everton,1.08,0.6563,1.7363,58.4,166.9,0.8307,0.2105,0.8391,0.8524,1.6915,59.5,119.4,0.8937,0.2939,0.24090000000000011,-0.19610000000000005,0.04479999999999995,-1.1000000000000014,2025-12-02,Bournemouth,Everton,0,1,A,1572.3,1568.1,4.2,11,14,3,13,13,3,2,0,5,0.8,1.4,2.4,0.2,5,1.4,1.0,1.6,0.4,5,1.3,1.7,1.9,0.2,10,1.2,0.9,1.4,0.3,10,2.2,1.8,0.8,0.4,5,1.4,1.2,1.4,0.2,5,1.220780266665891,0.5033635776300531,0.886226704140083,0.5220819666559299,0.2112815517918579,0.2387916365980737
2025-26,14,2025-26_GW14_Newcastle United_vs_Tottenham,Newcastle United,Tottenham,1.0866,0.5154,1.602,62.7,145.1,0.7688,0.2391,0.6181,0.4332,1.0512,59.6,177.3,0.7522,0.1629,0.4685,0.0822,0.5508000000000002,3.1000000000000014,2025-12-02,Newcastle United,Tottenham,2,2,D,1635.7,1517.6,118.2,14,13,-1,13,13,4,1,0,5,1.8,2.0,1.8,0.0,5,0.8,1.4,1.8,0.2,5,1.6,1.5,1.3,0.3,10,1.2,1.6,1.5,0.2,10,2.4,1.6,0.8,0.4,5,2.0,2.2,1.4,0.4,5,1.0706703434510592,0.5286404848525194,0.7574553618657834,0.5255170507521271,0.1917623704353663,0.1997914469907419
2025-26,14,2025-26_GW14_Leeds United_vs_Chelsea,Leeds United,Chelsea,0.836,0.4559,1.2919,52.5,129.7,0.7706,0.2686,1.3017,0.8903,2.1919,64.6,155.1,0.8078,0.2201,-0.4657000000000001,-0.43439999999999995,-0.8999999999999999,-12.099999999999994,2025-12-03,Leeds United,Chelsea,3,1,H,1432.1,1671.0,-238.8,18,3,-15,13,13,1,3,1,5,0.6,1.2,2.4,0.0,5,2.0,1.6,0.6,0.6,5,0.7,1.2,2.0,0.0,10,1.7,1.7,1.1,0.4,10,1.0,1.2,1.4,0.2,5,2.0,1.8,0.8,0.6,5,0.9881461991075003,0.5001094188307361,1.2650392855345896,0.4570205000673988,0.3132800900927949,0.2205576164651841
2025-26,14,2025-26_GW14_Wolverhampton Wanderers_vs_Nottingham Forest,Wolverhampton Wanderers,Nottingham Forest,0.6286,0.3984,1.027,53.8,167.4,0.7158,0.1377,0.8464,0.4826,1.3291,58.3,155.1,0.8122,0.2271,-0.2178,-0.0842,-0.30210000000000004,-4.5,2025-12-03,Wolverhampton Wanderers,Nottingham Forest,0,1,A,1431.8,1539.6,-107.7,20,17,-3,13,13,0,1,4,5,0.0,0.4,2.4,0.0,5,1.4,1.6,1.4,0.2,5,0.2,0.5,2.0,0.0,10,0.8,0.9,1.7,0.1,10,0.2,1.2,2.4,0.0,5,0.8,0.8,1.6,0.2,5,0.7789818301080359,0.5181102339891335,0.9934997057618968,0.5385730653283202,0.2460954241460699,0.2171602100621963
2025-26,14,2025-26_GW14_Liverpool_vs_Sunderland,Liverpool,Sunderland,1.117,0.6427,1.7592,81.1,150.4,0.8003,0.2134,0.7307,0.4493,1.1797,52.3,191.0,0.8599,0.1486,0.3863,0.19340000000000007,0.5795000000000001,28.799999999999997,2025-12-03,Liverpool,Sunderland,1,1,D,1730.6,1450.3,280.3,8,6,-2,13,13,1,0,1,2,1.2,1.2,1.8,0.4,5,1.6,1.6,1.4,0.0,5,1.2,1.2,1.6,0.3,10,1.6,1.2,1.0,0.3,10,1.8,1.2,1.2,0.4,5,1.4,0.6,0.8,0.4,5,1.1676272313619174,0.4725054997860265,0.6776782702631382,0.3695447375233717,0.2189416216592686,0.3132800900927949
2025-26,14,2025-26_GW14_Brighton and Hove Albion_vs_Aston Villa,Brighton and Hove Albion,Aston Villa,1.018,0.5893,1.6067,55.6,174.9,0.8812,0.2809,0.5991,0.607,1.2053,59.2,181.3,0.8434,0.1899,0.41890000000000005,-0.017699999999999938,0.4014,-3.6000000000000014,2025-12-03,Brighton and Hove Albion,Aston Villa,3,4,A,1636.1,1668.6,-32.5,6,4,-2,13,13,1,3,1,5,2.0,1.8,1.0,0.6,5,2.4,1.6,0.6,0.6,5,1.8,1.8,1.2,0.3,10,2.3,1.6,0.7,0.4,10,2.6,2.2,1.0,0.2,5,1.6,1.0,1.0,0.2,5,1.0810312364278645,0.4501382832774582,0.8564446932149925,0.4668539894972353,0.2139154960818148,0.2044994633544329
2025-26,14,2025-26_GW14_Arsenal_vs_Brentford,Arsenal,Brentford,1.3601,0.89,2.2501,75.8,140.2,0.834,0.2196,1.4932,0.6453,2.1386,58.2,157.1,0.9026,0.2358,-0.1331,0.24470000000000003,0.11150000000000038,17.599999999999994,2025-12-03,Arsenal,Brentford,2,0,H,1779.1,1580.1,199.0,1,12,11,13,13,3,0,2,5,2.2,2.0,0.8,0.4,5,1.8,2.0,1.6,0.0,5,2.4,1.9,0.6,0.5,10,1.6,1.8,1.5,0.1,10,2.6,2.2,0.4,0.6,5,0.6,1.0,1.8,0.2,5,1.2672051108538922,0.3637444986550313,1.283749720800265,0.4682724548553837,0.2110906862636002,0.2203031290941738
2025-26,14,2025-26_GW14_Burnley_vs_Crystal Palace,Burnley,Crystal Palace,0.6016,0.3778,0.9793,50.9,153.3,0.856,0.2398,1.5677,0.8573,2.4242,61.2,164.6,0.9363,0.2665,-0.9661000000000001,-0.4794999999999999,-1.4449,-10.300000000000004,2025-12-03,Burnley,Crystal Palace,0,1,A,1403.6,1609.7,-206.2,19,10,-9,13,13,1,2,2,5,0.6,1.2,2.4,0.0,5,1.4,1.0,0.6,0.6,5,0.7,1.1,2.1,0.1,10,1.5,1.3,1.0,0.4,10,0.8,0.6,1.2,0.2,5,1.8,1.6,0.8,0.4,5,0.610908651482,0.5486645285690018,1.176534588459408,0.497961324212925,0.3132800900927949,0.2024126669121482
2025-26,14,2025-26_GW14_Manchester United_vs_West Ham United,Manchester United,West Ham United,1.2138,0.7839,1.9977,62.7,171.4,0.7959,0.2359,0.623,0.4114,1.0344,55.0,150.3,0.7612,0.2212,0.5908,0.37250000000000005,0.9633,7.700000000000003,2025-12-04,Manchester United,West Ham United,1,1,D,1582.2,1489.6,92.6,9,18,9,13,13,1,4,0,5,1.6,2.0,1.6,0.0,5,1.4,1.8,1.8,0.0,5,1.7,1.7,1.6,0.1,10,0.8,1.1,1.9,0.0,10,2.4,2.2,1.2,0.2,5,1.0,1.4,1.4,0.2,5,1.0960340103650918,0.5066665879581794,0.8525839844236487,0.5935236877227112,0.210149082990862,0.2262581335758153
2025-26,15,2025-26_GW15_Aston Villa_vs_Arsenal,Aston Villa,Arsenal,0.66,0.6031,1.2624,58.8,181.7,0.8239,0.2023,1.1065,0.7533,1.8598,73.8,142.1,0.7376,0.2247,-0.4465,-0.1502,-0.5973999999999999,-15.0,2025-12-06,Aston Villa,Arsenal,2,1,H,1680.5,1782.1,-101.6,3,1,-2,14,14,2,2,1,5,2.4,2.2,1.2,0.4,5,2.2,2.2,0.8,0.4,5,2.5,2.0,1.0,0.3,10,2.4,1.8,0.6,0.5,10,3.0,2.2,0.4,0.6,5,2.2,1.6,0.8,0.4,5,0.958474559932982,0.4760585192376751,1.2696095692341614,0.354892106024839,0.1949274897388409,0.2010119553489713
2025-26,15,2025-26_GW15_Bournemouth_vs_Chelsea,Bournemouth,Chelsea,1.0142,0.6059,1.6202,57.7,167.4,0.8023,0.201,1.235,0.869,2.1037,66.6,153.1,0.7573,0.2131,-0.2208000000000001,-0.2631,-0.4834999999999998,-8.899999999999991,2025-12-06,Bournemouth,Chelsea,0,0,D,1559.4,1657.2,-97.8,14,4,-10,14,14,0,3,2,5,0.2,1.0,2.6,0.0,5,2.0,1.6,0.8,0.6,5,1.0,1.5,1.9,0.2,10,1.6,1.6,1.2,0.4,10,1.6,1.4,0.8,0.4,5,1.8,1.6,1.0,0.6,5,1.1334479111205145,0.5012781878465989,1.2046756453486054,0.4906963274226206,0.2011881464380678,0.2097510333681548
2025-26,15,2025-26_GW15_Everton_vs_Nottingham Forest,Everton,Nottingham Forest,0.7971,0.8057,1.6028,58.9,119.8,0.8618,0.279,0.8505,0.4821,1.3326,57.4,156.0,0.8105,0.2296,-0.0534,0.3236,0.2702,1.5,2025-12-06,Everton,Nottingham Forest,3,0,H,1581.0,1549.4,31.6,10,16,6,14,14,3,1,1,5,2.0,1.2,1.0,0.6,5,2.0,1.8,1.0,0.4,5,1.4,1.0,1.4,0.3,10,1.1,1.0,1.4,0.2,10,1.4,1.2,1.8,0.2,5,1.4,1.0,1.0,0.4,5,0.908944833539587,0.4939700398959408,0.9542811548926186,0.5202670188410321,0.2265831554131682,0.2066148319822382
2025-26,15,2025-26_GW15_Manchester City_vs_Sunderland,Manchester City,Sunderland,1.6216,0.9104,2.5321,74.6,157.8,0.8638,0.2542,0.66,0.4313,1.091,52.3,191.0,0.8514,0.149,0.9615999999999999,0.47909999999999997,1.4410999999999998,22.299999999999997,2025-12-06,Manchester City,Sunderland,3,0,H,1761.1,1458.2,302.9,3,7,4,14,14,2,0,0,2,2.4,3.0,1.8,0.2,5,1.2,1.4,1.4,0.0,5,2.2,2.4,1.2,0.3,10,1.6,1.3,1.1,0.2,10,3.0,3.2,0.8,0.4,5,1.4,0.8,1.0,0.2,5,1.4113346700295697,0.4385020981152245,0.6390486350460413,0.366476788563099,0.2258431528389631,0.295344664451206
2025-26,15,2025-26_GW15_Newcastle United_vs_Burnley,Newcastle United,Burnley,1.0861,0.5314,1.6175,62.4,145.5,0.7309,0.2373,0.6152,0.3803,0.9954,50.9,153.2,0.8502,0.209,0.4709000000000001,0.15109999999999996,0.6221,11.5,2025-12-06,Newcastle United,Burnley,2,1,H,1630.2,1396.5,233.7,13,19,6,14,14,5,0,0,5,1.4,2.0,2.0,0.0,5,0.0,0.6,2.2,0.0,5,1.4,1.6,1.5,0.2,10,0.7,1.1,2.1,0.1,10,2.0,1.8,1.2,0.2,5,0.6,1.6,3.0,0.0,5,1.1083061090932265,0.5123683811217972,0.6272604834596444,0.5065411741613662,0.183169671059805,0.295344664451206
2025-26,15,2025-26_GW15_Tottenham_vs_Brentford,Tottenham,Brentford,0.5772,0.4359,1.0131,58.5,178.2,0.7316,0.1592,1.2918,0.5641,1.8559,58.3,156.9,0.8626,0.2295,-0.7146,-0.12820000000000004,-0.8428000000000002,0.20000000000000284,2025-12-06,Tottenham,Brentford,2,0,H,1523.1,1577.0,-53.9,13,14,1,14,14,3,1,1,5,0.4,1.2,2.2,0.0,5,1.2,1.4,1.6,0.0,5,1.0,1.5,1.7,0.1,10,1.5,1.6,1.5,0.1,10,0.4,1.0,1.6,0.0,5,0.6,0.8,1.8,0.2,5,0.7486843295818549,0.5306751972654572,1.1784692212434047,0.4767708936970952,0.190581442874462,0.2095161119160262
2025-26,15,2025-26_GW15_Leeds United_vs_Liverpool,Leeds United,Liverpool,0.9047,0.3853,1.2901,52.5,129.5,0.7529,0.2706,1.0797,0.6511,1.73,81.0,150.3,0.8028,0.2178,-0.17500000000000016,-0.26580000000000004,-0.43989999999999996,-28.5,2025-12-06,Leeds United,Liverpool,3,3,D,1445.9,1722.6,-276.6,17,12,-5,14,14,1,3,1,5,0.6,1.4,2.4,0.0,5,1.4,1.0,1.4,0.4,5,1.0,1.5,2.0,0.0,10,1.0,1.2,1.7,0.2,10,1.4,1.8,1.6,0.0,5,0.6,1.2,2.0,0.2,5,1.1149984346254251,0.4756364366751349,1.1552820949309892,0.4519127242939831,0.295344664451206,0.2082592821471383
2025-26,15,2025-26_GW15_Brighton and Hove Albion_vs_West Ham United,Brighton and Hove Albion,West Ham United,0.9934,0.5594,1.5522,55.6,174.9,0.8559,0.252,0.6358,0.3888,1.0246,54.9,150.1,0.77,0.1899,0.3575999999999999,0.17060000000000003,0.5276000000000001,0.7000000000000028,2025-12-07,Brighton and Hove Albion,West Ham United,1,1,D,1624.1,1494.6,129.5,10,18,8,14,14,2,1,2,5,2.0,2.0,1.0,0.6,5,1.6,1.8,1.6,0.0,5,1.8,2.0,1.4,0.3,10,0.9,1.2,1.7,0.0,10,2.0,2.4,1.6,0.2,5,0.6,1.0,1.6,0.0,5,1.13053327695997,0.4690867234998256,0.8331360284666304,0.582213078564222,0.2036195834675987,0.2150132738958352
2025-26,15,2025-26_GW15_Fulham_vs_Crystal Palace,Fulham,Crystal Palace,0.7147,0.5301,1.2448,56.0,99.8,0.8681,0.3103,1.4705,0.9015,2.3714,61.3,164.5,0.9303,0.2542,-0.7557999999999999,-0.37139999999999995,-1.1266,-5.299999999999997,2025-12-07,Fulham,Crystal Palace,1,2,A,1548.0,1616.8,-68.8,15,6,-9,14,14,1,1,3,5,1.8,2.0,1.6,0.4,5,2.0,1.2,0.4,0.8,5,1.2,1.6,1.8,0.2,10,1.7,1.4,1.0,0.4,10,1.8,2.2,1.4,0.4,5,1.8,1.2,0.8,0.4,5,0.8446659016858281,0.5520300181518629,1.1061816521388874,0.4867943891533898,0.203572599177173,0.1930011338313865
2025-26,15,2025-26_GW15_Wolverhampton Wanderers_vs_Manchester United,Wolverhampton Wanderers,Manchester United,0.5659,0.3671,0.933,54.5,166.7,0.7163,0.147,1.2552,0.8129,2.0681,65.3,168.6,0.8023,0.2296,-0.6893000000000001,-0.4458,-1.1350999999999998,-10.799999999999997,2025-12-08,Wolverhampton Wanderers,Manchester United,1,4,A,1422.1,1577.2,-155.1,20,12,-8,14,14,2,3,0,5,0.0,0.0,2.0,0.0,5,1.2,1.4,1.4,0.0,5,0.2,0.5,2.0,0.0,10,1.8,1.8,1.4,0.1,10,0.2,0.8,2.0,0.0,5,1.6,1.8,1.8,0.0,5,0.7732376060547421,0.4993691353308109,1.1009100982248587,0.4909066337550453,0.2333254010892587,0.2001427459760956
2025-26,16,2025-26_GW16_Chelsea_vs_Everton,Chelsea,Everton,1.1537,0.8389,1.9924,65.0,154.7,0.7611,0.2072,0.8166,0.7994,1.616,58.9,119.8,0.868,0.2756,0.33709999999999996,0.03949999999999998,0.37639999999999985,6.100000000000001,2025-12-13,Chelsea,Everton,2,0,H,1657.2,1587.4,69.9,5,7,2,15,15,2,1,2,5,1.6,1.4,0.8,0.6,5,2.4,1.6,0.8,0.8,5,1.7,1.5,1.0,0.5,10,1.7,1.2,1.2,0.4,10,1.4,1.6,1.4,0.2,5,1.4,0.8,1.0,0.4,5,1.152179934609392,0.4891625665231749,0.9062278721036748,0.4713032549178162,0.1997752998627016,0.2153133068668282
2025-26,16,2025-26_GW16_Liverpool_vs_Brighton and Hove Albion,Liverpool,Brighton and Hove Albion,1.0569,0.6649,1.7211,75.6,155.6,0.7922,0.2142,1.0224,0.5852,1.607,55.2,175.5,0.8552,0.2413,0.034499999999999975,0.0797,0.11410000000000009,20.39999999999999,2025-12-13,Liverpool,Brighton and Hove Albion,2,0,H,1717.9,1618.3,99.5,10,8,-2,15,15,2,2,1,5,1.0,1.2,2.0,0.2,5,1.6,1.6,1.2,0.4,5,0.8,1.3,1.9,0.2,10,1.8,1.9,1.3,0.3,10,1.4,1.2,1.4,0.2,5,1.6,1.6,1.2,0.4,5,1.1772644662420635,0.4569305740346629,1.150691271043957,0.4626320173246357,0.198398239925839,0.1941152582324475
2025-26,16,2025-26_GW16_Burnley_vs_Fulham,Burnley,Fulham,0.6052,0.3554,0.9606,51.9,152.0,0.8096,0.2305,0.7172,0.5544,1.2716,56.0,99.6,0.8453,0.2725,-0.11199999999999999,-0.199,-0.31100000000000005,-4.100000000000001,2025-12-13,Burnley,Fulham,2,3,A,1394.0,1537.1,-143.1,19,15,-4,15,15,3,0,2,5,0.0,0.8,2.2,0.0,5,1.2,1.6,2.0,0.2,5,0.6,1.1,2.2,0.1,10,0.9,1.4,1.9,0.2,10,0.8,0.6,1.2,0.2,5,0.6,1.0,2.2,0.0,5,0.6973122719717929,0.4946548010316517,0.8232224693382029,0.560027290574595,0.2787881798620534,0.1940718862659321
2025-26,16,2025-26_GW16_Arsenal_vs_Wolverhampton Wanderers,Arsenal,Wolverhampton Wanderers,1.1731,0.8079,1.981,75.5,140.6,0.7665,0.2212,0.614,0.4092,1.0232,53.4,167.5,0.7395,0.1445,0.5591,0.39869999999999994,0.9578,22.1,2025-12-13,Arsenal,Wolverhampton Wanderers,2,1,H,1772.1,1413.6,358.4,1,20,19,15,15,5,0,0,5,1.6,2.0,1.2,0.2,5,0.0,0.2,2.2,0.0,5,2.3,1.8,0.7,0.5,10,0.2,0.5,2.1,0.0,10,2.6,2.0,0.4,0.6,5,0.2,0.2,2.0,0.0,5,1.277705465040728,0.3860021699349001,0.730674362547958,0.5556491193342723,0.1917081140908451,0.221537184061782
2025-26,16,2025-26_GW16_Crystal Palace_vs_Manchester City,Crystal Palace,Manchester City,1.2785,0.869,2.1468,62.4,163.4,0.8964,0.2409,1.6771,0.9652,2.6422,75.0,157.6,0.8703,0.2481,-0.39860000000000007,-0.09619999999999995,-0.49540000000000006,-12.600000000000001,2025-12-14,Crystal Palace,Manchester City,0,3,A,1627.7,1762.9,-135.3,5,2,-3,15,15,0,3,2,5,2.0,1.2,0.6,0.6,5,2.4,3.0,1.6,0.4,5,1.7,1.4,1.0,0.4,10,2.4,2.6,1.1,0.4,10,1.6,1.6,1.2,0.4,5,1.4,1.6,1.6,0.2,5,1.1168436245511657,0.4727459335822785,1.4400212189804478,0.4252541215890687,0.1843131937999768,0.2146301983942114
2025-26,16,2025-26_GW16_Nottingham Forest_vs_Tottenham,Nottingham Forest,Tottenham,0.8574,0.4857,1.3431,57.4,156.0,0.8249,0.204,0.6389,0.4763,1.1153,59.4,177.0,0.7486,0.169,0.21850000000000003,0.00940000000000002,0.2278,-2.0,2025-12-14,Nottingham Forest,Tottenham,3,0,H,1543.0,1531.8,11.2,17,11,-6,15,15,2,3,0,5,1.8,1.4,1.2,0.4,5,1.0,1.6,2.0,0.2,5,1.0,0.9,1.6,0.2,10,1.2,1.5,1.5,0.2,10,0.8,1.0,1.8,0.0,5,1.6,2.0,1.8,0.2,5,0.9039247325491172,0.5111469194609659,0.836042771999145,0.5035262074605902,0.1968802210978015,0.1820795375244359
2025-26,16,2025-26_GW16_Sunderland_vs_Newcastle United,Sunderland,Newcastle United,0.6817,0.4314,1.1129,52.3,191.0,0.8598,0.1524,1.0449,0.4934,1.5384,66.9,141.1,0.702,0.2544,-0.36319999999999997,-0.062,-0.4255,-14.600000000000009,2025-12-14,Sunderland,Newcastle United,1,0,H,1456.4,1632.7,-176.3,10,12,2,15,15,0,0,0,0,1.0,1.2,1.8,0.0,5,2.0,2.2,1.6,0.0,5,1.5,1.2,1.3,0.2,10,1.6,1.8,1.6,0.1,10,1.8,1.8,1.2,0.2,5,0.8,1.4,1.8,0.2,5,0.6318970030913077,0.3846417553990731,1.1250503578454178,0.5138237033782207,0.2787881798620534,0.1752376098066383
2025-26,16,2025-26_GW16_West Ham United_vs_Aston Villa,West Ham United,Aston Villa,0.6241,0.4043,1.0285,55.8,148.5,0.7842,0.1937,0.7025,0.5872,1.289,59.4,180.1,0.8257,0.2082,-0.07840000000000003,-0.18290000000000006,-0.26049999999999995,-3.6000000000000014,2025-12-14,West Ham United,Aston Villa,2,3,A,1500.4,1690.5,-190.1,18,3,-15,15,15,0,2,3,5,1.2,1.4,1.6,0.0,5,3.0,2.6,1.0,0.4,5,1.0,1.2,1.6,0.0,10,2.7,2.1,1.0,0.3,10,1.2,1.4,1.8,0.0,5,2.0,1.8,1.6,0.0,5,0.8417182621347303,0.5787326903994968,1.029873069967807,0.4792290359149424,0.2046329601124215,0.1860914444271064
2025-26,16,2025-26_GW16_Brentford_vs_Leeds United,Brentford,Leeds United,1.2495,0.5735,1.823,58.4,156.7,0.8831,0.2216,0.8803,0.3696,1.2499,51.2,130.5,0.7675,0.2789,0.3692000000000001,0.20390000000000003,0.5730999999999999,7.199999999999996,2025-12-14,Brentford,Leeds United,1,1,D,1568.3,1450.6,117.7,15,17,2,15,15,1,1,2,4,1.2,1.4,1.6,0.0,5,0.8,2.0,2.4,0.0,5,1.5,1.5,1.4,0.1,10,0.8,1.5,2.2,0.0,10,2.4,2.4,1.2,0.0,5,0.6,1.2,2.4,0.0,5,1.082586520847261,0.4931431827218954,1.1135922434749403,0.4815192853135384,0.1995584400301248,0.2787881798620534
2025-26,16,2025-26_GW16_Manchester United_vs_Bournemouth,Manchester United,Bournemouth,1.3414,0.859,2.1999,66.3,167.7,0.7794,0.2446,1.0078,0.5902,1.5979,60.1,164.3,0.8165,0.2089,0.3335999999999999,0.26880000000000004,0.6019999999999999,6.199999999999996,2025-12-15,Manchester United,Bournemouth,4,4,D,1585.6,1559.3,26.3,8,15,7,15,15,1,2,2,5,1.6,1.8,1.2,0.0,5,0.4,0.8,2.0,0.2,5,1.8,2.0,1.4,0.1,10,1.0,1.5,1.9,0.2,10,2.0,1.8,1.0,0.2,5,0.4,1.6,3.0,0.0,5,1.2800548613931324,0.4687300926115857,1.1225226050914858,0.4883913974078673,0.190905732710311,0.1918707589652777
2025-26,17,2025-26_GW17_Leeds United_vs_Crystal Palace,Leeds United,Crystal Palace,0.809,0.3953,1.2043,50.7,130.8,0.795,0.2708,1.3842,0.8269,2.2101,62.6,162.7,0.8882,0.2271,-0.5752,-0.4316,-1.0058000000000002,-11.899999999999999,2025-12-20,Leeds United,Crystal Palace,4,1,H,1456.2,1618.7,-162.5,17,5,-12,16,16,2,2,1,5,1.0,2.0,2.0,0.0,5,1.8,1.2,1.2,0.4,5,0.8,1.4,2.1,0.0,10,1.4,1.2,1.2,0.4,10,1.4,2.0,1.8,0.0,5,1.8,1.2,0.8,0.4,5,1.1124939178765334,0.4544713962941195,1.1385287106382658,0.4717526969405249,0.2635046182991081,0.1762932143405556
2025-26,17,2025-26_GW17_Tottenham_vs_Liverpool,Tottenham,Liverpool,0.6304,0.4909,1.1213,61.3,174.4,0.7713,0.1657,1.0096,0.6405,1.6495,78.7,152.1,0.7919,0.2292,-0.3792000000000001,-0.14959999999999996,-0.5282,-17.400000000000006,2025-12-20,Tottenham,Liverpool,1,2,A,1524.9,1722.7,-197.8,11,6,-5,16,16,1,4,0,5,0.8,1.2,2.2,0.2,5,1.6,1.6,1.4,0.4,5,1.1,1.4,1.7,0.2,10,1.1,1.4,1.7,0.3,10,0.8,1.2,1.4,0.2,5,0.8,1.6,2.2,0.2,5,0.7894396064216304,0.5178303138212791,1.1955489953412313,0.4671394639595108,0.1742312897203947,0.1892953506589487
2025-26,17,2025-26_GW17_Wolverhampton Wanderers_vs_Brentford,Wolverhampton Wanderers,Brentford,0.5447,0.3815,0.9262,53.2,167.4,0.7454,0.1504,1.1815,0.516,1.6975,58.8,156.4,0.8446,0.2161,-0.6368,-0.1345,-0.7713,-5.599999999999994,2025-12-20,Wolverhampton Wanderers,Brentford,0,2,A,1412.3,1562.8,-150.5,20,15,-5,16,16,2,2,1,5,0.0,0.4,2.0,0.0,5,0.8,1.0,1.6,0.0,5,0.1,0.5,2.2,0.0,10,1.3,1.3,1.4,0.1,10,0.2,0.8,2.2,0.0,5,0.6,0.6,1.6,0.2,5,0.6928572982675558,0.5401998945810077,1.030153440126133,0.4939011285649367,0.2106552882289649,0.1903663503402945
2025-26,17,2025-26_GW17_Everton_vs_Arsenal,Everton,Arsenal,0.8598,0.8001,1.6599,59.6,118.8,0.9017,0.2678,1.1424,0.794,1.9364,75.0,140.4,0.7782,0.2174,-0.2826000000000001,0.006099999999999994,-0.27649999999999997,-15.399999999999999,2025-12-20,Everton,Arsenal,0,1,A,1581.9,1773.4,-191.5,9,1,-8,16,16,0,3,2,5,1.8,1.2,1.2,0.6,5,2.0,2.0,1.0,0.2,5,1.6,1.1,1.3,0.4,10,2.3,1.8,0.7,0.5,10,1.8,1.6,1.6,0.4,5,1.6,1.4,1.0,0.4,5,0.8966938785748056,0.49005376856104,1.2325900857332992,0.3753720681178797,0.2049099254524001,0.1831195861412824
2025-26,17,2025-26_GW17_Brighton and Hove Albion_vs_Sunderland,Brighton and Hove Albion,Sunderland,1.0447,0.6191,1.6633,55.4,174.6,0.8556,0.2264,0.6282,0.4254,1.0533,52.0,190.6,0.8527,0.1508,0.4165,0.19369999999999998,0.6100000000000001,3.3999999999999986,2025-12-20,Brighton and Hove Albion,Sunderland,0,0,D,1613.5,1468.6,144.9,10,8,-2,16,16,0,0,0,0,1.4,1.6,1.6,0.2,5,1.4,1.0,1.4,0.2,5,1.5,1.6,1.4,0.3,10,1.5,1.2,1.3,0.2,10,2.0,2.2,1.4,0.2,5,0.8,0.6,1.6,0.0,5,1.1707689453111625,0.4697746968234554,0.5919197630736864,0.3549029145216796,0.1853416602465044,0.2635046182991081
2025-26,17,2025-26_GW17_Bournemouth_vs_Burnley,Bournemouth,Burnley,1.024,0.5889,1.6129,60.0,163.9,0.8305,0.2097,0.6001,0.3494,0.9495,49.4,154.1,0.7954,0.2152,0.42390000000000005,0.2395,0.6634,10.600000000000001,2025-12-20,Bournemouth,Burnley,1,1,D,1562.8,1385.2,177.6,14,19,5,16,16,2,3,0,5,0.6,1.6,2.0,0.2,5,0.0,0.8,2.2,0.0,5,1.0,1.7,2.1,0.2,10,0.6,1.2,2.0,0.1,10,1.6,1.4,0.8,0.4,5,0.6,1.6,2.4,0.0,5,1.1475326443558629,0.5188772506825182,0.8271863150981248,0.4979111352390775,0.1832697262835272,0.2635046182991081
2025-26,17,2025-26_GW17_Newcastle United_vs_Chelsea,Newcastle United,Chelsea,0.9848,0.4915,1.4764,65.5,142.7,0.7118,0.2473,1.2029,0.8683,2.0711,65.2,154.3,0.7839,0.202,-0.21810000000000007,-0.37679999999999997,-0.5947,0.29999999999999716,2025-12-20,Newcastle United,Chelsea,2,2,D,1620.6,1662.7,-42.1,13,5,-8,16,16,2,2,1,5,2.0,2.0,1.2,0.0,5,1.6,1.2,0.8,0.6,5,1.6,1.7,1.5,0.1,10,2.0,1.6,0.7,0.6,10,2.6,2.0,1.0,0.2,5,2.0,1.4,0.6,0.8,5,1.03924113881495,0.4923704492054312,1.193675287549947,0.4791059082507499,0.1679153944033,0.1905665371966208
2025-26,17,2025-26_GW17_Manchester City_vs_West Ham United,Manchester City,West Ham United,1.6515,0.9142,2.5657,75.3,157.4,0.8757,0.255,0.6254,0.4016,1.0271,54.3,149.9,0.8004,0.193,1.0261,0.5126,1.5386000000000002,21.0,2025-12-20,Manchester City,West Ham United,3,0,H,1771.9,1493.0,279.0,2,18,16,16,16,5,0,0,5,2.4,3.0,1.6,0.4,5,0.6,1.2,1.8,0.0,5,2.4,2.4,1.0,0.5,10,0.9,1.3,1.8,0.0,10,3.0,2.8,0.6,0.6,5,0.6,1.0,1.6,0.0,5,1.379578099364324,0.4388454291183888,0.8376029497482963,0.5532693480474241,0.2042793368549723,0.1950507227783299
2025-26,17,2025-26_GW17_Aston Villa_vs_Manchester United,Aston Villa,Manchester United,0.6799,0.5803,1.2595,59.7,179.7,0.8097,0.2064,1.4788,0.9102,2.3886,66.3,167.3,0.7986,0.2423,-0.7988999999999999,-0.32989999999999997,-1.1290999999999998,-6.599999999999994,2025-12-21,Aston Villa,Manchester United,2,1,H,1698.0,1582.1,115.9,3,7,4,16,16,0,4,1,5,3.0,2.4,1.4,0.2,5,1.6,2.2,1.6,0.0,5,2.7,2.1,1.1,0.3,10,1.9,2.3,1.5,0.1,10,3.0,2.0,0.4,0.6,5,2.2,2.4,1.4,0.0,5,0.9857484059970248,0.4675684942877067,1.3755868069610078,0.4788188021830498,0.1779347465624313,0.1823788947728751
2025-26,17,2025-26_GW17_Fulham_vs_Nottingham Forest,Fulham,Nottingham Forest,0.7702,0.5896,1.3598,56.6,99.4,0.804,0.2537,0.9194,0.5774,1.4967,57.4,155.5,0.821,0.1835,-0.1492,0.012199999999999989,-0.13690000000000002,-0.7999999999999972,2025-12-22,Fulham,Nottingham Forest,1,0,H,1545.8,1549.9,-4.1,15,17,2,16,16,4,1,0,5,1.8,2.2,2.0,0.2,5,1.8,1.4,1.0,0.6,5,1.2,1.6,1.8,0.2,10,1.3,1.2,1.5,0.3,10,1.2,1.8,1.6,0.4,5,1.2,0.8,1.4,0.4,5,0.9057518277366372,0.5844786492471399,0.984066306750619,0.4856791277098579,0.1853016228752391,0.1878940426646647
2025-26,18,2025-26_GW18_Manchester United_vs_Newcastle United,Manchester United,Newcastle United,1.3586,0.8499,2.2084,65.1,168.4,0.7844,0.2394,1.0755,0.5254,1.6009,62.4,145.4,0.7089,0.2597,0.28310000000000013,0.3245,0.6075000000000002,2.6999999999999957,2025-12-26,Manchester United,Newcastle United,1,0,H,1577.6,1618.9,-41.3,7,11,4,17,17,1,4,0,5,1.6,2.4,1.8,0.0,5,1.6,2.0,1.4,0.0,5,1.6,2.2,1.7,0.0,10,1.4,1.7,1.7,0.0,10,1.6,2.2,1.6,0.2,5,0.6,1.4,2.0,0.0,5,1.3300402503913562,0.4802706205836248,1.1083366596102089,0.4890936577214501,0.1745076312898383,0.1611561376727143
2025-26,18,2025-26_GW18_Chelsea_vs_Aston Villa,Chelsea,Aston Villa,1.1373,0.8381,1.9754,64.7,154.8,0.805,0.2073,0.7295,0.5577,1.2865,59.7,179.8,0.8005,0.2044,0.40779999999999994,0.2804,0.6889000000000001,5.0,2025-12-27,Chelsea,Aston Villa,1,2,A,1664.4,1702.5,-38.1,4,3,-1,17,17,1,3,1,5,1.2,1.2,1.2,0.4,5,3.0,2.4,1.4,0.2,5,1.8,1.6,0.8,0.6,10,2.7,2.1,1.1,0.3,10,2.0,1.8,0.8,0.4,5,2.4,2.2,1.8,0.0,5,1.1644304919928288,0.4968469552459125,1.005977464420618,0.4621737343546898,0.1820657778495666,0.1704051654310127
2025-26,18,2025-26_GW18_West Ham United_vs_Fulham,West Ham United,Fulham,0.6369,0.3824,1.0193,54.9,149.1,0.7892,0.1856,0.8303,0.5578,1.3881,56.9,99.3,0.7934,0.2405,-0.19340000000000002,-0.17539999999999994,-0.3687999999999998,-2.0,2025-12-27,West Ham United,Fulham,0,1,A,1490.9,1553.1,-62.2,18,13,-5,17,17,2,2,1,5,0.4,0.8,2.0,0.0,5,1.8,2.2,2.0,0.2,5,0.9,1.3,1.9,0.0,10,1.5,1.6,1.5,0.3,10,1.2,1.6,2.0,0.0,5,1.2,1.4,2.0,0.0,5,0.8333795708895512,0.559254751171612,0.929688587583553,0.5588144583124419,0.1862052028602736,0.1772056493771741
2025-26,18,2025-26_GW18_Liverpool_vs_Wolverhampton Wanderers,Liverpool,Wolverhampton Wanderers,0.8523,0.5647,1.4164,67.9,161.9,0.7968,0.2381,0.5562,0.3579,0.9142,53.5,166.9,0.6961,0.137,0.2960999999999999,0.20679999999999998,0.5022000000000001,14.400000000000006,2025-12-27,Liverpool,Wolverhampton Wanderers,2,1,H,1730.0,1403.8,326.2,6,20,14,17,17,5,0,0,5,2.2,2.0,1.0,0.4,5,0.0,0.4,2.0,0.0,5,1.4,1.5,1.6,0.3,10,0.0,0.4,2.3,0.0,10,1.4,1.2,1.2,0.4,5,0.0,0.2,2.2,0.0,5,1.1314661650469708,0.4592128883986815,0.7223689890380867,0.5297457208902968,0.180892324777335,0.2006100323060149
2025-26,18,2025-26_GW18_Brentford_vs_Bournemouth,Brentford,Bournemouth,1.133,0.5221,1.6552,59.3,155.9,0.8162,0.1997,1.0311,0.6519,1.683,60.0,163.9,0.8283,0.2082,0.1019000000000001,-0.12980000000000003,-0.027800000000000047,-0.7000000000000028,2025-12-27,Brentford,Bournemouth,4,1,H,1571.3,1556.2,15.2,13,15,2,17,17,4,0,1,5,1.4,1.2,1.2,0.2,5,0.6,1.4,1.8,0.2,5,1.6,1.5,1.3,0.2,10,0.8,1.5,2.1,0.2,10,2.0,2.0,1.2,0.0,5,0.4,2.0,3.4,0.0,5,1.0241956730188977,0.4878444632750216,1.1335779549648457,0.4956192876793706,0.1818809820901601,0.1753299724191975
2025-26,18,2025-26_GW18_Arsenal_vs_Brighton and Hove Albion,Arsenal,Brighton and Hove Albion,1.1608,0.7807,1.9415,75.6,139.4,0.7858,0.2249,0.9566,0.6239,1.5801,53.1,176.7,0.8099,0.2249,0.20420000000000005,0.15679999999999994,0.36139999999999994,22.499999999999993,2025-12-27,Arsenal,Brighton and Hove Albion,2,1,H,1780.8,1607.5,173.4,1,11,10,17,17,2,1,2,5,2.0,1.4,0.8,0.4,5,1.0,1.2,1.4,0.4,5,2.3,1.7,0.7,0.5,10,1.5,1.5,1.3,0.4,10,3.0,2.2,0.4,0.6,5,1.0,1.0,1.4,0.4,5,1.261257831621834,0.3619475062445472,1.1365687323846163,0.4671664302089393,0.1751913755996426,0.1772426085290554
2025-26,18,2025-26_GW18_Nottingham Forest_vs_Manchester City,Nottingham Forest,Manchester City,0.9191,0.5753,1.4943,59.5,153.4,0.773,0.1788,1.6303,0.8512,2.4815,75.8,157.4,0.8791,0.2478,-0.7112,-0.2758999999999999,-0.9872000000000001,-16.299999999999997,2025-12-27,Nottingham Forest,Manchester City,1,2,A,1542.6,1773.9,-231.4,17,3,-14,17,17,1,3,1,5,1.2,0.8,1.2,0.4,5,3.0,3.4,1.2,0.6,5,1.3,1.2,1.4,0.3,10,2.4,2.6,1.0,0.5,10,1.4,1.6,1.6,0.2,5,1.8,2.0,1.4,0.4,5,0.9354279227538028,0.4886757652002985,1.389362556406047,0.4304557905106789,0.1795987544614891,0.194724287368916
2025-26,18,2025-26_GW18_Burnley_vs_Everton,Burnley,Everton,0.6027,0.3386,0.9412,50.7,152.7,0.7656,0.2222,0.775,0.7049,1.4799,59.4,118.6,0.876,0.269,-0.1723,-0.36629999999999996,-0.5387,-8.699999999999996,2025-12-27,Burnley,Everton,0,0,D,1391.8,1574.5,-182.7,19,12,-7,17,17,2,3,0,5,0.2,1.0,2.0,0.0,5,1.2,1.0,1.4,0.4,5,0.7,1.2,1.9,0.1,10,1.3,0.9,1.3,0.4,10,0.6,0.8,1.6,0.2,5,1.4,0.6,1.0,0.4,5,0.7691595540227032,0.4815887250488133,0.8307566731064374,0.502260233843786,0.2493961127893468,0.1953063940110467
2025-26,18,2025-26_GW18_Sunderland_vs_Leeds United,Sunderland,Leeds United,0.6184,0.4622,1.0804,52.1,190.4,0.8202,0.1537,0.9348,0.4555,1.3899,51.3,130.1,0.8203,0.2756,-0.3164,0.006699999999999984,-0.3094999999999999,0.8000000000000043,2025-12-28,Sunderland,Leeds United,1,1,D,1474.7,1468.0,6.7,7,16,9,17,17,0,0,0,0,1.6,1.0,1.2,0.4,5,1.6,2.6,1.8,0.0,5,1.6,1.2,1.1,0.3,10,1.1,1.7,2.0,0.0,10,2.2,1.8,1.0,0.4,5,0.2,0.8,2.4,0.0,5,0.6470165278209007,0.3474530991659889,1.2123788189261957,0.4531257670625856,0.2493961127893468,0.2493961127893468
2025-26,18,2025-26_GW18_Crystal Palace_vs_Tottenham,Crystal Palace,Tottenham,1.3105,0.8009,2.1104,62.7,162.6,0.8689,0.2383,0.6371,0.4917,1.1287,61.1,174.4,0.7786,0.1677,0.6734,0.3091999999999999,0.9816999999999998,1.6000000000000014,2025-12-28,Crystal Palace,Tottenham,0,1,A,1606.9,1517.7,89.3,9,14,5,17,17,2,3,0,5,1.2,1.0,2.0,0.2,5,0.8,1.2,1.8,0.2,5,1.4,1.2,1.4,0.4,10,0.8,1.3,1.8,0.2,10,1.0,1.2,1.6,0.4,5,1.4,1.6,2.0,0.2,5,1.1360802996749997,0.4984845618240918,0.7956477573546391,0.5011596930976752,0.1688898402038789,0.1669864438819913
2025-26,19,2025-26_GW19_Arsenal_vs_Aston Villa,Arsenal,Aston Villa,1.1393,0.7461,1.8853,73.9,140.9,0.774,0.2239,0.7185,0.5617,1.2797,60.7,177.9,0.7913,0.2064,0.42079999999999995,0.1844,0.6055999999999999,13.200000000000003,2025-12-30,Arsenal,Aston Villa,4,1,H,1784.3,1714.2,70.0,1,3,2,18,18,1,3,1,5,2.4,1.6,0.8,0.4,5,3.0,2.6,1.6,0.0,5,2.3,1.8,0.8,0.4,10,2.7,2.1,1.1,0.3,10,3.0,2.2,0.6,0.4,5,2.4,2.2,1.8,0.0,5,1.3586390857175397,0.3635117462453722,1.001174423586184,0.4691479566832633,0.16787271485106,0.1634544860071558
2025-26,19,2025-26_GW19_Manchester United_vs_Wolverhampton Wanderers,Manchester United,Wolverhampton Wanderers,1.0286,0.6062,1.6348,61.9,171.0,0.7206,0.2489,0.5021,0.3324,0.8345,53.4,165.0,0.623,0.1443,0.5265,0.2738,0.8003,8.5,2025-12-30,Manchester United,Wolverhampton Wanderers,1,1,D,1586.0,1402.2,183.8,6,20,14,18,18,3,2,0,5,1.6,2.2,1.6,0.2,5,0.0,0.6,2.2,0.0,5,1.6,2.1,1.6,0.1,10,0.0,0.5,2.3,0.0,10,1.6,2.0,1.6,0.2,5,0.0,0.4,2.2,0.0,5,1.2879791146698891,0.472984252685409,0.7425051224604338,0.5248767024706534,0.1672415393019308,0.1913370923599026
2025-26,19,2025-26_GW19_West Ham United_vs_Brighton and Hove Albion,West Ham United,Brighton and Hove Albion,0.6282,0.3635,0.9917,55.3,148.7,0.7536,0.1865,0.9156,0.5901,1.5053,53.9,175.7,0.7886,0.2281,-0.2874,-0.22659999999999997,-0.5136000000000001,1.3999999999999986,2025-12-30,West Ham United,Brighton and Hove Albion,2,2,D,1479.8,1604.0,-124.2,18,13,-5,18,18,1,1,3,5,0.4,0.8,1.8,0.0,5,0.4,1.0,1.8,0.2,5,0.9,1.3,1.8,0.0,10,1.2,1.4,1.4,0.4,10,1.2,1.6,1.8,0.0,5,0.8,1.0,1.6,0.4,5,0.82168533025382,0.5563551786320203,1.0889999109978057,0.4922039834470034,0.1780397588316272,0.1697662414984475
2025-26,19,2025-26_GW19_Burnley_vs_Newcastle United,Burnley,Newcastle United,0.5394,0.291,0.8303,51.7,151.4,0.6767,0.245,1.0826,0.5548,1.6374,63.5,143.1,0.7056,0.2628,-0.5432,-0.2638,-0.8070999999999999,-11.799999999999997,2025-12-30,Burnley,Newcastle United,1,3,A,1394.2,1610.6,-216.4,19,14,-5,18,18,0,5,0,5,0.4,0.8,1.4,0.2,5,1.0,1.2,1.4,0.0,5,0.5,1.0,1.9,0.1,10,1.4,1.6,1.6,0.0,10,0.2,0.4,1.6,0.2,5,0.6,1.2,1.8,0.0,5,0.8016381117006143,0.4557248893875265,1.085606532527543,0.4875953226966197,0.2363723207302003,0.1549165572952869
2025-26,19,2025-26_GW19_Chelsea_vs_Bournemouth,Chelsea,Bournemouth,1.2229,0.8683,2.0912,64.7,154.6,0.8068,0.2039,1.0547,0.6247,1.6793,59.5,164.3,0.803,0.2057,0.16820000000000013,0.24359999999999993,0.41190000000000015,5.200000000000003,2025-12-30,Chelsea,Bournemouth,2,2,D,1652.6,1549.4,103.2,6,15,9,18,18,2,0,3,5,1.0,1.2,1.4,0.4,5,0.6,1.2,2.0,0.2,5,1.5,1.4,1.0,0.5,10,0.7,1.3,2.2,0.2,10,1.4,1.6,1.0,0.4,5,0.2,1.6,3.6,0.0,5,1.1975827345941268,0.4914448367485393,1.2053162822945775,0.532440425918105,0.174218587939602,0.1680006558407484
2025-26,19,2025-26_GW19_Nottingham Forest_vs_Everton,Nottingham Forest,Everton,0.8809,0.5279,1.4087,58.0,154.7,0.7446,0.18,0.5641,0.483,1.0471,59.0,119.0,0.7801,0.2559,0.31679999999999997,0.04490000000000005,0.36160000000000014,-1.0,2025-12-30,Nottingham Forest,Everton,0,2,A,1536.2,1572.2,-36.0,17,14,-3,18,18,1,4,0,5,1.2,1.0,1.2,0.4,5,1.4,0.8,0.6,0.6,5,1.3,1.3,1.3,0.3,10,1.4,0.9,1.1,0.5,10,1.4,1.8,1.4,0.2,5,1.6,0.6,0.6,0.6,5,0.8919426616829443,0.4902962155470621,0.8171909207359499,0.4996434306091303,0.1719412383231494,0.1864412171544953
2025-26,19,2025-26_GW19_Crystal Palace_vs_Fulham,Crystal Palace,Fulham,1.1743,0.7683,1.942,59.7,165.0,0.8082,0.2272,0.8225,0.4915,1.314,58.5,97.1,0.7329,0.2475,0.3517999999999999,0.2768,0.6279999999999999,1.2000000000000028,2026-01-01,Crystal Palace,Fulham,1,1,D,1591.9,1564.2,27.7,11,12,1,18,18,2,1,2,5,1.2,0.8,1.8,0.2,5,1.8,2.0,1.8,0.4,5,1.3,0.9,1.2,0.4,10,1.8,1.7,1.4,0.4,10,0.8,0.6,1.2,0.4,5,1.8,1.4,1.4,0.2,5,1.117331809433198,0.4882634144633733,0.958970328506096,0.543237113785907,0.1620556645198966,0.1697321239011973
2025-26,19,2025-26_GW19_Liverpool_vs_Leeds United,Liverpool,Leeds United,0.8943,0.5848,1.4786,70.5,159.6,0.8071,0.2243,1.0737,0.5403,1.6136,51.3,130.1,0.8467,0.2617,-0.17940000000000011,0.044499999999999984,-0.135,19.200000000000003,2026-01-01,Liverpool,Leeds United,0,0,D,1731.5,1470.9,260.6,4,16,12,18,18,3,1,1,5,2.2,2.0,1.2,0.2,5,1.8,2.4,1.4,0.0,5,1.7,1.6,1.5,0.3,10,1.2,1.8,1.9,0.0,10,2.0,1.4,1.0,0.4,5,0.4,1.0,2.2,0.0,5,1.1321781159482054,0.4529390329878686,1.2529702087332015,0.4299784363023132,0.1731353542269073,0.2363723207302003
2025-26,19,2025-26_GW19_Brentford_vs_Tottenham,Brentford,Tottenham,1.123,0.5269,1.6498,57.6,157.3,0.7796,0.2148,0.6544,0.496,1.1505,60.4,175.0,0.7834,0.1636,0.4686,0.03090000000000004,0.49929999999999986,-2.799999999999997,2026-01-01,Brentford,Tottenham,0,0,D,1578.1,1532.6,45.5,11,13,2,18,18,0,4,1,5,1.4,1.4,1.2,0.2,5,1.4,1.2,1.4,0.4,5,1.6,1.7,1.4,0.1,10,1.1,1.3,1.6,0.3,10,2.6,2.8,1.2,0.0,5,1.4,1.4,1.8,0.4,5,1.1753943412705952,0.5103070582870739,0.7900736882239743,0.4950871896869402,0.1740479999533508,0.16029860826151
2025-26,19,2025-26_GW19_Sunderland_vs_Manchester City,Sunderland,Manchester City,0.5468,0.43,0.9763,52.7,189.7,0.7439,0.1457,1.6126,0.8946,2.5072,76.1,156.2,0.8963,0.2531,-1.0658,-0.46459999999999996,-1.5309000000000001,-23.39999999999999,2026-01-01,Sunderland,Manchester City,0,0,D,1471.7,1780.3,-308.6,7,2,-5,18,18,0,3,0,3,1.2,0.6,1.0,0.4,5,3.0,3.2,1.0,0.6,5,1.4,1.1,1.2,0.2,10,2.4,2.6,1.1,0.4,10,1.8,1.6,1.2,0.2,5,1.8,2.2,1.6,0.2,5,0.6384944710930957,0.3602125470530283,1.3541993768299554,0.4140776389953743,0.2363723207302003,0.1859038649978042
2025-26,20,2025-26_GW20_Aston Villa_vs_Nottingham Forest,Aston Villa,Nottingham Forest,0.7959,0.5308,1.3263,61.0,177.7,0.7688,0.2301,0.9038,0.5987,1.5025,58.0,154.6,0.768,0.1644,-0.1079,-0.06789999999999996,-0.1761999999999999,3.0,2026-01-03,Aston Villa,Nottingham Forest,3,1,H,1708.8,1524.4,184.4,3,17,14,19,19,3,2,0,5,2.4,2.0,1.8,0.0,5,0.6,0.8,1.6,0.2,5,2.4,2.1,1.5,0.2,10,1.3,1.3,1.3,0.3,10,3.0,2.0,0.4,0.6,5,1.2,0.8,1.2,0.4,5,1.1421337750196867,0.4911312880009043,0.9165037197367706,0.4889545139079165,0.1570382002125003,0.1648724600031286
2025-26,20,2025-26_GW20_Brighton and Hove Albion_vs_Burnley,Brighton and Hove Albion,Burnley,0.962,0.5599,1.5215,54.6,174.7,0.789,0.2406,0.5336,0.3147,0.8483,50.3,152.7,0.7019,0.2212,0.4284,0.24519999999999997,0.6732,4.300000000000004,2026-01-03,Brighton and Hove Albion,Burnley,2,0,H,1603.3,1387.4,215.9,14,19,5,19,19,1,1,3,5,0.6,0.8,1.4,0.2,5,0.4,1.0,1.8,0.2,5,1.3,1.4,1.2,0.4,10,0.2,0.8,2.0,0.1,10,1.6,1.8,1.2,0.4,5,0.8,1.6,2.2,0.0,5,1.1822222971754897,0.4972963828692001,0.8045580632332978,0.4639548052569281,0.1628646848809073,0.2243498453884617
2025-26,20,2025-26_GW20_Wolverhampton Wanderers_vs_West Ham United,Wolverhampton Wanderers,West Ham United,0.5419,0.3353,0.8772,53.4,164.9,0.6251,0.1372,0.6982,0.3692,1.0674,55.2,148.8,0.7674,0.1761,-0.1563,-0.033899999999999986,-0.19019999999999992,-1.8000000000000043,2026-01-03,Wolverhampton Wanderers,West Ham United,3,0,H,1408.9,1480.5,-71.6,20,18,-2,19,19,2,3,0,5,0.2,0.8,2.2,0.0,5,0.4,1.0,2.0,0.0,5,0.1,0.4,2.1,0.0,10,1.0,1.4,1.8,0.0,10,0.0,0.6,2.4,0.0,5,0.6,1.0,1.8,0.0,5,0.7686193708606549,0.5051358049297543,0.8887308364969009,0.5780582470494554,0.1827770899165847,0.1705021039732786
2025-26,20,2025-26_GW20_Bournemouth_vs_Arsenal,Bournemouth,Arsenal,1.1402,0.6457,1.7859,59.6,164.2,0.8099,0.2192,1.184,0.7611,1.9451,75.8,138.6,0.7775,0.2092,-0.04379999999999984,-0.11539999999999995,-0.1592,-16.199999999999996,2026-01-03,Bournemouth,Arsenal,2,3,A,1554.7,1789.7,-235.1,15,1,-14,19,19,2,3,0,5,0.8,1.6,2.2,0.2,5,2.4,2.0,1.0,0.2,5,0.5,1.3,2.4,0.1,10,2.3,2.1,0.9,0.3,10,1.2,1.0,0.8,0.4,5,1.6,1.4,1.0,0.4,5,1.2970360911611412,0.539620301636542,1.429703811790433,0.4000883688431265,0.1612348438993394,0.1611167394803852
2025-26,20,2025-26_GW20_Manchester City_vs_Chelsea,Manchester City,Chelsea,1.5891,0.9623,2.5514,76.2,156.2,0.884,0.2453,1.2346,0.8371,2.0717,64.8,154.6,0.7816,0.1925,0.35450000000000004,0.1252000000000001,0.47970000000000024,11.400000000000006,2026-01-04,Manchester City,Chelsea,1,1,D,1775.0,1647.3,127.6,3,5,2,19,19,3,0,2,5,2.6,2.2,0.2,0.8,5,1.2,1.4,1.2,0.4,5,2.5,2.6,1.0,0.5,10,1.6,1.5,1.0,0.5,10,3.0,3.0,0.6,0.6,5,1.6,1.2,1.0,0.6,5,1.376018315874859,0.4061652008688174,1.2376141156016411,0.524855316563316,0.1777615889249965,0.1669747186605133
2025-26,20,2025-26_GW20_Fulham_vs_Liverpool,Fulham,Liverpool,0.8681,0.5264,1.3945,56.5,99.1,0.7692,0.2348,0.8887,0.6194,1.5075,68.5,161.7,0.803,0.2206,-0.020600000000000063,-0.09299999999999997,-0.11299999999999999,-12.0,2026-01-04,Fulham,Liverpool,2,2,D,1567.7,1723.8,-156.0,12,4,-8,19,19,1,3,1,5,2.0,1.4,1.0,0.4,5,2.2,1.8,1.0,0.4,5,1.9,1.7,1.3,0.4,10,1.8,1.4,1.2,0.4,10,1.8,2.0,1.4,0.6,5,1.4,1.8,2.0,0.2,5,1.0008054704835925,0.5473594775507789,1.1606399127604852,0.4410309200833823,0.1628331903691862,0.1659747679133678
2025-26,20,2025-26_GW20_Tottenham_vs_Sunderland,Tottenham,Sunderland,0.6511,0.4625,1.1136,59.1,175.8,0.7913,0.1665,0.488,0.4225,0.9101,52.6,188.3,0.725,0.1592,0.16310000000000002,0.040000000000000036,0.2034999999999999,6.5,2026-01-04,Tottenham,Sunderland,1,1,D,1536.6,1477.1,59.5,13,7,-6,19,19,1,0,1,2,1.4,0.8,1.0,0.6,5,1.2,0.4,0.8,0.6,5,0.9,1.0,1.6,0.3,10,1.2,0.9,1.1,0.3,10,0.8,1.2,1.4,0.2,5,1.0,0.6,1.2,0.2,5,0.7943125036136472,0.4831881242663411,0.6395990650971446,0.3722045117503013,0.1541249578782968,0.2243498453884617
2025-26,20,2025-26_GW20_Everton_vs_Brentford,Everton,Brentford,0.5567,0.4628,1.0195,58.3,119.6,0.7651,0.2502,1.0623,0.5434,1.6057,57.0,157.9,0.7664,0.2052,-0.5056,-0.0806,-0.5861999999999998,1.2999999999999972,2026-01-04,Everton,Brentford,2,4,A,1584.0,1574.2,9.8,9,12,3,19,19,3,0,2,5,1.4,1.0,0.6,0.6,5,1.6,1.4,0.8,0.4,5,1.7,1.1,0.8,0.6,10,1.4,1.4,1.2,0.2,10,1.2,1.2,1.6,0.4,5,0.6,0.6,1.6,0.2,5,0.8356106726971247,0.4976792635677306,1.1214305978913957,0.499049537319415,0.1782576274846042,0.1668172461019077
2025-26,20,2025-26_GW20_Leeds United_vs_Manchester United,Leeds United,Manchester United,0.9941,0.5121,1.5059,51.4,130.0,0.8184,0.2485,0.806,0.4639,1.2698,57.7,174.8,0.6937,0.2587,0.18809999999999993,0.04820000000000002,0.23609999999999998,-6.300000000000004,2026-01-04,Leeds United,Manchester United,1,1,D,1478.7,1579.2,-100.5,16,6,-10,19,19,0,3,2,5,1.4,1.8,1.2,0.2,5,1.6,2.2,1.6,0.2,5,1.0,1.6,1.8,0.1,10,1.4,1.8,1.5,0.1,10,2.0,2.6,1.6,0.0,5,1.6,2.2,1.6,0.0,5,1.1695665937497834,0.4418871590849113,1.2216871713772304,0.4683743081034524,0.2243498453884617,0.1605340910135445
2025-26,20,2025-26_GW20_Newcastle United_vs_Crystal Palace,Newcastle United,Crystal Palace,1.0399,0.5546,1.5945,63.8,142.4,0.7098,0.2783,1.1879,0.7464,1.9338,60.0,163.5,0.7892,0.2186,-0.1479999999999999,-0.19179999999999997,-0.33929999999999993,3.799999999999997,2026-01-04,Newcastle United,Crystal Palace,2,0,H,1617.4,1588.4,28.9,14,13,-1,19,19,2,1,2,5,1.4,1.4,1.2,0.0,5,0.8,0.8,2.0,0.0,5,1.4,1.7,1.6,0.0,10,1.4,1.0,1.2,0.4,10,2.2,2.0,1.4,0.0,5,1.8,1.2,1.2,0.4,5,1.1606534581642165,0.480975834134641,1.1214649683716231,0.4960276800354837,0.1491566986542903,0.1557469252319344
2025-26,21,2025-26_GW21_West Ham United_vs_Nottingham Forest,West Ham United,Nottingham Forest,0.6934,0.3758,1.0692,55.3,148.8,0.7747,0.1641,0.8762,0.5884,1.4647,58.0,154.6,0.7743,0.1617,-0.18279999999999996,-0.2126,-0.39549999999999996,-2.700000000000003,2026-01-06,West Ham United,Nottingham Forest,1,2,A,1471.3,1521.1,-49.8,18,17,-1,20,20,2,3,0,5,0.2,0.8,2.4,0.0,5,0.6,1.0,1.6,0.2,5,0.7,1.1,2.0,0.0,10,1.2,1.2,1.4,0.3,10,0.8,1.4,2.0,0.0,5,1.2,1.0,1.4,0.4,5,0.8285265511197748,0.576793860746035,0.8961459875053169,0.4930224505412811,0.1635439715601164,0.1583471551869339
2025-26,21,2025-26_GW21_Bournemouth_vs_Tottenham,Bournemouth,Tottenham,1.194,0.6621,1.8561,60.1,163.4,0.8059,0.2134,0.655,0.4698,1.1249,59.1,175.8,0.7813,0.1609,0.5389999999999999,0.19230000000000003,0.7312000000000001,1.0,2026-01-07,Bournemouth,Tottenham,3,2,H,1548.4,1532.3,16.1,15,13,-2,20,20,2,2,1,5,0.6,2.0,2.8,0.0,5,1.0,0.6,1.2,0.4,5,0.5,1.4,2.4,0.1,10,1.0,1.1,1.6,0.3,10,0.6,1.0,1.4,0.2,5,1.0,0.8,1.8,0.4,5,1.2671261334401442,0.5270476385507706,0.8084966607099824,0.4682231408711358,0.1549892122996469,0.1484259602926766
2025-26,21,2025-26_GW21_Brentford_vs_Sunderland,Brentford,Sunderland,1.1345,0.5842,1.7186,57.9,156.9,0.7773,0.2125,0.5135,0.4397,0.9527,51.3,189.4,0.765,0.1596,0.6210000000000001,0.14450000000000007,0.7658999999999999,6.600000000000001,2026-01-07,Brentford,Sunderland,3,0,H,1587.2,1481.4,105.9,7,8,1,20,20,0,1,0,1,2.2,2.2,0.8,0.4,5,1.4,0.6,0.4,0.6,5,1.7,1.8,1.2,0.2,10,1.2,0.9,1.1,0.3,10,2.2,2.2,0.8,0.2,5,0.6,0.4,1.2,0.2,5,1.1779024195771497,0.4839848106991313,0.6146741246892874,0.3630755486971442,0.1601424190249424,0.2132517018764725
2025-26,21,2025-26_GW21_Crystal Palace_vs_Aston Villa,Crystal Palace,Aston Villa,1.1265,0.7634,1.8894,59.9,163.0,0.8119,0.2144,0.8468,0.5625,1.4089,61.1,177.6,0.7884,0.232,0.27970000000000006,0.20089999999999997,0.4804999999999999,-1.2000000000000028,2026-01-07,Crystal Palace,Aston Villa,0,0,D,1582.0,1712.0,-130.1,14,3,-11,20,20,3,1,1,5,0.2,0.4,2.2,0.0,5,2.4,2.2,1.8,0.0,5,1.1,0.8,1.4,0.3,10,2.7,2.4,1.4,0.2,10,0.4,0.4,1.4,0.2,5,2.4,2.4,2.2,0.0,5,1.067257831140004,0.5053526944300089,1.1452040893506703,0.4761417982727381,0.149923224870125,0.1511152219123654
2025-26,21,2025-26_GW21_Everton_vs_Wolverhampton Wanderers,Everton,Wolverhampton Wanderers,0.5413,0.4695,1.0109,58.6,119.0,0.7896,0.2549,0.6069,0.358,0.9649,53.3,164.0,0.6406,0.1529,-0.06559999999999999,0.11149999999999999,0.04599999999999993,5.300000000000004,2026-01-07,Everton,Wolverhampton Wanderers,1,1,D,1570.9,1418.1,152.8,13,20,7,20,20,2,2,1,5,0.8,0.8,1.4,0.4,5,0.8,1.2,1.4,0.2,5,1.6,1.2,1.1,0.6,10,0.4,0.7,1.8,0.1,10,1.2,1.6,1.8,0.4,5,0.2,0.6,1.8,0.0,5,0.8211095836573623,0.5162109507438938,0.8310978707633707,0.4767449935788339,0.1707032220882069,0.1748752117360484
2025-26,21,2025-26_GW21_Fulham_vs_Chelsea,Fulham,Chelsea,0.8693,0.4933,1.3626,56.4,99.0,0.7641,0.2377,1.2622,0.7657,2.0279,68.9,150.3,0.7423,0.1918,-0.3929,-0.27240000000000003,-0.6652999999999998,-12.500000000000007,2026-01-07,Fulham,Chelsea,2,1,H,1569.3,1653.1,-83.8,12,6,-6,20,20,1,4,0,5,2.2,1.6,1.0,0.4,5,1.2,1.6,1.4,0.2,5,1.7,1.6,1.5,0.3,10,1.4,1.5,1.1,0.4,10,1.4,1.8,1.8,0.4,5,1.2,1.2,1.2,0.4,5,0.963928613022824,0.5438625116370502,1.2380156392564914,0.5098053252806732,0.1564646720531518,0.1602877845178986
2025-26,21,2025-26_GW21_Manchester City_vs_Brighton and Hove Albion,Manchester City,Brighton and Hove Albion,1.5666,0.9485,2.5151,76.3,156.1,0.8868,0.2454,0.8971,0.5123,1.409,55.2,174.1,0.7631,0.2468,0.6695,0.43620000000000003,1.1060999999999999,21.099999999999994,2026-01-07,Manchester City,Brighton and Hove Albion,1,1,D,1769.2,1606.1,163.1,3,12,9,20,20,2,2,1,5,2.2,1.8,0.4,0.6,5,1.0,1.0,1.2,0.4,5,2.3,2.4,1.0,0.5,10,1.3,1.3,1.2,0.4,10,2.6,2.6,0.6,0.6,5,1.0,1.0,1.2,0.4,5,1.3102491771527305,0.4176089612303987,1.1693161152682778,0.4731711886998645,0.170245320785395,0.156493745151743
2025-26,21,2025-26_GW21_Burnley_vs_Manchester United,Burnley,Manchester United,0.4584,0.2657,0.7241,50.4,151.9,0.701,0.2327,0.7787,0.438,1.2167,56.7,175.9,0.7163,0.2549,-0.3203,-0.1723,-0.4925999999999999,-6.300000000000004,2026-01-07,Burnley,Manchester United,2,2,D,1384.6,1579.2,-194.6,19,7,-12,20,20,0,3,2,5,0.4,0.8,1.8,0.2,5,1.2,1.6,1.6,0.2,5,0.2,0.8,2.0,0.1,10,1.4,1.7,1.4,0.1,10,0.2,0.6,1.8,0.2,5,1.6,2.0,1.4,0.0,5,0.7454359220892621,0.4524616181014341,1.2115110832654206,0.4588340696287258,0.2132517018764725,0.154342335855992
2025-26,21,2025-26_GW21_Newcastle United_vs_Leeds United,Newcastle United,Leeds United,1.0469,0.6489,1.6958,64.2,142.0,0.7322,0.2432,0.9487,0.5207,1.4686,52.2,129.1,0.7767,0.243,0.09819999999999995,0.12819999999999998,0.22720000000000007,12.0,2026-01-07,Newcastle United,Leeds United,4,3,H,1623.8,1478.7,145.1,10,16,6,20,20,1,0,4,5,1.4,1.4,1.0,0.2,5,1.4,1.4,0.8,0.2,5,1.7,1.8,1.3,0.1,10,1.1,1.7,1.6,0.1,10,2.2,2.0,1.2,0.2,5,0.6,1.0,1.6,0.2,5,1.2000086183169143,0.4684792634080721,1.1138807729158606,0.4420091894881,0.14383967898991,0.2132517018764725
2025-26,21,2025-26_GW21_Arsenal_vs_Liverpool,Arsenal,Liverpool,1.1198,0.7211,1.8409,75.7,138.5,0.77,0.209,0.8787,0.6674,1.5455,68.5,161.7,0.818,0.217,0.24109999999999987,0.05369999999999997,0.2953999999999999,7.200000000000003,2026-01-08,Arsenal,Liverpool,0,0,D,1796.0,1722.2,73.9,1,4,3,20,20,1,1,3,5,3.0,2.4,1.0,0.2,5,2.2,1.6,0.8,0.4,5,2.3,2.2,1.1,0.2,10,1.6,1.4,1.4,0.3,10,3.0,2.8,0.8,0.2,5,1.6,1.8,1.8,0.2,5,1.371090633527883,0.4078900677210982,1.1457854756598482,0.4313417679227954,0.1548801881799297,0.159364713637627
2025-26,22,2025-26_GW22_Nottingham Forest_vs_Arsenal,Nottingham Forest,Arsenal,0.9073,0.5965,1.5038,58.6,154.0,0.7828,0.16,1.1447,0.7548,1.8995,76.3,137.6,0.7996,0.2027,-0.23740000000000006,-0.1583,-0.39569999999999994,-17.699999999999996,2026-01-17,Nottingham Forest,Arsenal,0,0,D,1532.5,1791.4,-258.8,17,1,-16,21,21,0,4,1,5,0.6,0.8,1.8,0.0,5,2.6,2.0,0.8,0.4,5,1.2,1.1,1.4,0.3,10,2.3,2.0,0.9,0.3,10,1.2,1.4,1.4,0.2,5,1.6,1.6,1.4,0.2,5,0.9122364217485304,0.4823984054809329,1.2837548753484485,0.3953542047891795,0.1523235396459492,0.1491231257294005
2025-26,22,2025-26_GW22_Tottenham_vs_West Ham United,Tottenham,West Ham United,0.6323,0.4793,1.1116,59.1,175.3,0.7734,0.1714,0.6779,0.3682,1.0461,55.3,149.1,0.7673,0.1702,-0.045599999999999974,0.11109999999999998,0.06549999999999989,3.8000000000000043,2026-01-17,Tottenham,West Ham United,1,2,A,1525.5,1459.9,65.6,14,18,4,21,21,2,1,2,5,1.0,1.0,1.2,0.4,5,0.2,0.6,2.2,0.0,5,0.9,1.1,1.7,0.3,10,0.4,0.9,2.0,0.0,10,1.0,1.4,1.4,0.2,5,0.6,0.8,2.0,0.0,5,0.82350103040991,0.4685930155474356,0.8206117113908815,0.566366127708402,0.1431651224633726,0.1571208057892036
2025-26,22,2025-26_GW22_Sunderland_vs_Crystal Palace,Sunderland,Crystal Palace,0.5471,0.4575,1.0041,52.1,188.5,0.7892,0.172,1.3484,0.8014,2.1493,61.4,162.8,0.853,0.1976,-0.8013,-0.3439,-1.1452000000000002,-9.299999999999997,2026-01-17,Sunderland,Crystal Palace,2,1,H,1476.7,1582.8,-106.1,10,13,3,21,21,1,1,1,3,0.8,0.4,1.0,0.4,5,0.4,0.4,1.6,0.2,5,1.1,0.7,1.2,0.3,10,1.1,0.8,1.4,0.3,10,1.8,1.4,1.0,0.4,5,1.8,1.2,1.4,0.4,5,0.6885080231840655,0.3930816273171696,1.0708728207054357,0.5062421408734065,0.2030068241860105,0.1445472718696809
2025-26,22,2025-26_GW22_Liverpool_vs_Burnley,Liverpool,Burnley,0.7383,0.6316,1.3695,66.7,163.4,0.823,0.2222,0.4465,0.2618,0.7083,50.4,151.4,0.7046,0.2321,0.29179999999999995,0.3698000000000001,0.6611999999999999,16.300000000000004,2026-01-17,Liverpool,Burnley,1,1,D,1726.8,1387.3,339.5,4,19,15,21,21,5,0,0,5,1.8,1.2,0.8,0.4,5,0.6,0.8,1.6,0.2,5,1.7,1.4,1.1,0.4,10,0.3,0.8,1.9,0.1,10,1.6,1.0,1.0,0.4,5,0.2,1.0,2.2,0.0,5,1.0699878015239868,0.4187708701224005,0.688851944008835,0.4638602627729797,0.1532628644851879,0.2030068241860105
2025-26,22,2025-26_GW22_Chelsea_vs_Brentford,Chelsea,Brentford,1.1842,0.695,1.8791,70.3,147.8,0.7462,0.1888,1.2182,0.6148,1.833,57.1,157.8,0.7926,0.2152,-0.03400000000000003,0.08019999999999994,0.04610000000000003,13.199999999999996,2026-01-17,Chelsea,Brentford,2,0,H,1643.6,1591.9,51.6,9,5,-4,21,21,1,1,3,5,0.6,1.4,1.8,0.0,5,2.6,2.6,0.6,0.6,5,1.1,1.3,1.3,0.3,10,1.7,1.8,1.1,0.3,10,1.6,1.8,1.0,0.4,5,1.2,1.4,1.6,0.2,5,1.2860475549032666,0.5007112354916065,1.279915405685785,0.4878445610212278,0.15411496630364,0.1539807770408917
2025-26,22,2025-26_GW22_Manchester United_vs_Manchester City,Manchester United,Manchester City,1.015,0.584,1.599,61.6,171.0,0.7634,0.2509,1.5523,0.904,2.4564,76.3,156.1,0.8505,0.247,-0.5373000000000001,-0.32000000000000006,-0.8573999999999999,-14.699999999999996,2026-01-17,Manchester United,Manchester City,2,0,H,1576.6,1762.8,-186.3,9,2,-7,21,21,1,3,1,5,1.2,1.2,1.2,0.2,5,1.8,1.4,0.6,0.4,5,1.4,1.7,1.4,0.1,10,2.1,2.2,1.1,0.4,10,1.2,1.4,1.4,0.2,5,2.0,2.2,1.4,0.4,5,1.2623399329298917,0.4402083534244405,1.3569750860807086,0.4159286440709995,0.1486266254572315,0.1633069308019037
2025-26,22,2025-26_GW22_Leeds United_vs_Fulham,Leeds United,Fulham,0.9591,0.5122,1.4705,51.7,129.1,0.796,0.2559,0.875,0.4746,1.3497,56.2,98.1,0.7335,0.2483,0.08409999999999995,0.03759999999999997,0.12080000000000002,-4.5,2026-01-17,Leeds United,Fulham,1,0,H,1474.8,1578.9,-104.1,16,10,-6,21,21,2,3,0,5,1.2,1.8,1.4,0.2,5,2.2,1.4,0.8,0.4,5,1.1,1.9,1.7,0.1,10,2.0,1.8,1.4,0.3,10,1.6,2.4,1.6,0.0,5,2.0,1.4,1.2,0.2,5,1.1418450348148022,0.4632034609385546,0.960663875437954,0.5629288374810906,0.2030068241860105,0.1505857886933578
2025-26,22,2025-26_GW22_Wolverhampton Wanderers_vs_Newcastle United,Wolverhampton Wanderers,Newcastle United,0.6528,0.3746,1.0273,51.7,165.5,0.6723,0.1496,1.1273,0.7084,1.8357,64.3,141.9,0.758,0.2412,-0.4744999999999999,-0.33380000000000004,-0.8084,-12.599999999999994,2026-01-18,Wolverhampton Wanderers,Newcastle United,0,0,D,1424.3,1627.7,-203.4,20,9,-11,21,21,0,4,1,5,1.0,1.2,1.2,0.2,5,2.0,2.2,1.4,0.2,5,0.5,0.8,1.6,0.1,10,2.0,2.1,1.3,0.1,10,0.6,0.8,1.8,0.2,5,1.2,1.6,1.4,0.0,5,0.808233084322167,0.4637577620398081,1.2468857887226186,0.4781354216965898,0.1675808588204395,0.1389314512236614
2025-26,22,2025-26_GW22_Aston Villa_vs_Everton,Aston Villa,Everton,0.8604,0.5735,1.4334,61.0,176.8,0.7947,0.2434,0.5545,0.4849,1.0393,58.8,119.0,0.8061,0.2548,0.30590000000000006,0.08860000000000001,0.3941000000000001,2.200000000000003,2026-01-18,Aston Villa,Everton,0,1,A,1711.2,1564.7,146.5,3,12,9,21,21,3,0,2,5,2.0,1.6,1.4,0.2,5,1.0,1.0,1.2,0.4,5,2.5,2.0,1.4,0.2,10,1.4,1.1,1.2,0.5,10,3.0,2.4,0.6,0.4,5,2.0,0.8,0.4,0.8,5,1.1566193187246503,0.4720545995488991,0.811811871256361,0.4972433622541588,0.1456476238242176,0.1637296269795611
2025-26,22,2025-26_GW22_Brighton and Hove Albion_vs_Bournemouth,Brighton and Hove Albion,Bournemouth,0.8392,0.4722,1.311,53.5,174.7,0.7492,0.2417,1.1757,0.6521,1.8278,59.3,163.1,0.8103,0.2197,-0.3365,-0.1799,-0.5168000000000001,-5.799999999999997,2026-01-19,Brighton and Hove Albion,Bournemouth,1,1,D,1612.5,1555.1,57.4,12,15,3,21,21,3,2,0,5,1.2,1.2,1.0,0.4,5,1.0,1.8,2.4,0.0,5,1.3,1.4,1.3,0.3,10,0.8,1.7,2.2,0.1,10,1.6,1.6,1.2,0.4,5,0.4,1.8,3.4,0.0,5,1.1403220245287344,0.4853772479631506,1.2334427214335997,0.5162159306723709,0.1506126265459075,0.1492237676764618
2025-26,23,2025-26_GW23_West Ham United_vs_Sunderland,West Ham United,Sunderland,1.1638,0.3598,1.5236,56.0,148.9,0.7844,0.2204,0.5979,0.4614,1.0588,52.4,188.1,0.7988,0.1681,0.5659,-0.10159999999999997,0.4648000000000001,3.6000000000000014,2026-01-24,West Ham United,Sunderland,3,1,H,1474.3,1486.9,-12.5,18,9,-9,22,22,1,1,1,3,0.8,1.0,1.8,0.0,5,1.2,0.8,1.2,0.2,5,0.6,0.9,1.9,0.0,10,1.4,0.9,1.2,0.3,10,0.2,1.0,2.0,0.0,5,0.6,0.4,1.6,0.2,5,0.9293666341676792,0.5546847352599908,0.7624130965118456,0.3710064791667077,0.151191476470523,0.1935496101232133
2025-26,23,2025-26_GW23_Burnley_vs_Tottenham,Burnley,Tottenham,0.4385,0.2549,0.6934,49.0,152.8,0.7111,0.2259,0.5821,0.4455,1.0274,59.3,175.2,0.7275,0.1629,-0.14359999999999995,-0.1906,-0.3340000000000001,-10.299999999999997,2026-01-24,Burnley,Tottenham,2,2,D,1395.8,1511.1,-115.3,19,14,-5,22,22,1,4,0,5,0.6,0.8,1.6,0.2,5,1.0,1.0,1.2,0.4,5,0.4,0.9,1.8,0.1,10,0.9,1.1,1.5,0.3,10,0.4,1.0,1.8,0.2,5,1.0,1.0,1.6,0.4,5,0.6521217093328595,0.4858062097313313,0.8505613828323989,0.4925087088001941,0.1935496101232133,0.138308757067453
2025-26,23,2025-26_GW23_Fulham_vs_Brighton and Hove Albion,Fulham,Brighton and Hove Albion,0.8704,0.4844,1.3548,55.9,98.5,0.7659,0.2499,0.9231,0.5533,1.476,54.2,173.7,0.7605,0.2407,-0.05270000000000008,-0.06890000000000002,-0.12119999999999997,1.6999999999999957,2026-01-24,Fulham,Brighton and Hove Albion,2,1,H,1568.7,1608.3,-39.5,11,12,1,22,22,2,1,2,5,1.6,1.2,1.0,0.2,5,1.2,1.4,1.2,0.2,5,1.7,1.7,1.5,0.2,10,1.1,1.3,1.3,0.3,10,1.4,2.0,2.0,0.2,5,1.0,1.2,1.4,0.2,5,0.904253931964896,0.5609450900237939,1.107149105827239,0.4791438768891944,0.1451588953654315,0.1451836698258221
2025-26,23,2025-26_GW23_Manchester City_vs_Wolverhampton Wanderers,Manchester City,Wolverhampton Wanderers,1.4947,0.8277,2.3224,75.2,157.1,0.7979,0.2437,0.6323,0.3909,1.0232,52.2,164.8,0.7123,0.1494,0.8623999999999999,0.43679999999999997,1.2992,23.0,2026-01-24,Manchester City,Wolverhampton Wanderers,2,0,H,1750.4,1427.2,323.2,2,20,18,22,22,4,1,0,5,1.2,0.8,1.0,0.2,5,1.2,1.2,0.8,0.4,5,2.1,2.1,1.1,0.4,10,0.6,0.8,1.4,0.2,10,2.2,2.2,0.8,0.4,5,0.4,0.8,1.4,0.0,5,1.2587306999629844,0.4351160320455977,0.7585621377389596,0.4536821758340318,0.1569019895905377,0.1608473224077279
2025-26,23,2025-26_GW23_Bournemouth_vs_Liverpool,Bournemouth,Liverpool,1.1819,0.6231,1.8046,56.1,166.2,0.8032,0.2144,0.9501,0.7516,1.7012,70.6,159.4,0.8251,0.2157,0.2318,-0.12850000000000006,0.10339999999999994,-14.499999999999993,2026-01-24,Bournemouth,Liverpool,3,2,H,1559.4,1718.3,-158.9,15,4,-11,22,22,0,5,0,5,1.0,1.8,2.4,0.0,5,1.4,1.0,0.8,0.4,5,0.8,1.6,2.1,0.1,10,1.8,1.5,0.9,0.4,10,1.0,1.2,1.4,0.2,5,1.8,1.8,1.2,0.4,5,1.207389556612072,0.5037159731122071,1.180579555827801,0.4059512058493207,0.1439015915006127,0.1476301477893858
2025-26,23,2025-26_GW23_Newcastle United_vs_Aston Villa,Newcastle United,Aston Villa,1.1323,0.7089,1.8412,64.6,141.8,0.7609,0.2293,0.889,0.599,1.4877,60.9,177.1,0.7953,0.2441,0.24330000000000007,0.1099,0.3534999999999999,3.6999999999999957,2026-01-25,Newcastle United,Aston Villa,0,2,A,1624.8,1695.1,-70.2,9,3,-6,22,22,3,1,1,5,2.0,1.8,1.0,0.4,5,1.4,1.2,1.4,0.2,5,1.8,1.9,1.2,0.2,10,2.2,1.8,1.4,0.2,10,2.2,2.4,1.6,0.2,5,2.0,2.0,2.0,0.2,5,1.1961571262441708,0.4603941181075702,1.1457815811827967,0.4561624163189929,0.1344005859408485,0.140600394653576
2025-26,23,2025-26_GW23_Arsenal_vs_Manchester United,Arsenal,Manchester United,1.119,0.7661,1.8851,76.3,137.3,0.7884,0.2002,1.0838,0.6618,1.7457,64.9,167.3,0.7478,0.2526,0.0351999999999999,0.10429999999999995,0.13939999999999997,11.399999999999991,2026-01-25,Arsenal,Manchester United,2,3,A,1787.1,1589.0,198.1,1,5,4,22,22,4,0,1,5,2.2,1.8,0.8,0.4,5,1.8,1.4,0.8,0.4,5,2.1,1.6,0.8,0.4,10,1.7,1.9,1.3,0.2,10,2.6,2.0,0.6,0.4,5,1.6,2.0,1.4,0.0,5,1.301818074773234,0.3840236497971037,1.2936274540121024,0.4252117005077777,0.1438086872741482,0.1433503597569236
2025-26,23,2025-26_GW23_Crystal Palace_vs_Chelsea,Crystal Palace,Chelsea,1.2449,0.7866,2.031,59.4,163.6,0.8583,0.2094,1.2479,0.7452,1.9929,70.3,147.3,0.7769,0.19,-0.0030000000000001137,0.04139999999999999,0.038100000000000245,-10.899999999999999,2026-01-25,Crystal Palace,Chelsea,1,3,A,1572.7,1649.4,-76.8,15,6,-9,22,22,0,2,3,5,0.4,0.4,1.2,0.2,5,1.0,1.4,1.4,0.2,5,0.8,0.7,1.6,0.2,10,1.1,1.3,1.3,0.3,10,0.4,0.4,1.4,0.2,5,0.6,1.0,1.6,0.2,5,1.0177661214102385,0.5074875354405032,1.2712644790547851,0.4994965606096782,0.1395846417775647,0.1484167369067848
2025-26,23,2025-26_GW23_Brentford_vs_Nottingham Forest,Brentford,Nottingham Forest,1.2629,0.6586,1.9216,57.5,157.6,0.8125,0.2105,0.8705,0.5861,1.4567,59.0,153.5,0.7845,0.162,0.39239999999999986,0.07250000000000001,0.46489999999999987,-1.5,2026-01-25,Brentford,Nottingham Forest,0,2,A,1586.0,1536.8,49.2,8,17,9,22,22,2,2,1,5,2.0,2.2,1.0,0.4,5,0.8,0.8,1.6,0.2,5,1.7,1.7,1.1,0.3,10,1.0,0.8,1.4,0.3,10,2.2,2.2,0.6,0.4,5,1.2,0.8,1.6,0.2,5,1.2595087114579864,0.4894253022396772,0.8599522054279278,0.4954627917260762,0.1482928646048322,0.1467630416757177
2025-26,23,2025-26_GW23_Everton_vs_Leeds United,Everton,Leeds United,0.536,0.4714,1.007,58.5,119.2,0.794,0.2574,0.9893,0.5236,1.5121,51.5,129.4,0.7955,0.257,-0.4532999999999999,-0.05219999999999997,-0.5051000000000001,7.0,2026-01-26,Everton,Leeds United,1,1,D,1580.8,1484.9,95.9,11,16,5,22,22,2,1,2,5,1.6,1.2,1.0,0.6,5,1.2,1.2,1.2,0.4,5,1.4,1.1,1.2,0.5,10,1.4,1.9,1.5,0.2,10,0.8,1.4,2.0,0.2,5,0.6,1.4,1.8,0.2,5,0.7822507077965101,0.4929658080483968,1.1318453400556532,0.4310907445466185,0.1572921873416883,0.1935496101232133
2025-26,24,2025-26_GW24_Brighton and Hove Albion_vs_Everton,Brighton and Hove Albion,Everton,0.931,0.5903,1.521,55.3,172.6,0.7609,0.2375,0.5311,0.4865,1.0173,60.1,117.6,0.7539,0.2593,0.39990000000000003,0.10380000000000006,0.5036999999999998,-4.800000000000004,2026-01-31,Brighton and Hove Albion,Everton,1,1,D,1600.0,1575.7,24.3,12,10,-2,23,23,1,2,2,5,1.2,1.4,1.2,0.2,5,1.6,1.4,1.2,0.4,5,0.8,1.2,1.5,0.2,10,1.5,1.1,0.9,0.5,10,1.2,1.4,1.2,0.4,5,2.0,0.8,0.4,0.8,5,1.115890719049918,0.470120037342027,0.7589513899254644,0.4873489241780475,0.1401721111336856,0.1513496815830907
2025-26,24,2025-26_GW24_Leeds United_vs_Arsenal,Leeds United,Arsenal,0.9707,0.5015,1.4715,51.7,128.8,0.7677,0.2622,1.072,0.7914,1.8633,76.4,137.1,0.8053,0.1932,-0.10130000000000006,-0.28990000000000005,-0.3917999999999999,-24.700000000000003,2026-01-31,Leeds United,Arsenal,0,4,A,1490.0,1770.2,-280.1,16,1,-15,23,23,0,5,0,5,1.2,1.2,1.2,0.4,5,1.6,1.8,1.2,0.4,5,1.5,1.8,1.3,0.2,10,2.0,1.7,1.0,0.4,10,2.2,2.4,1.2,0.2,5,1.6,1.2,1.0,0.4,5,1.1083567731279025,0.4081703649243582,1.2600565373054298,0.3825306179622835,0.1848195012305676,0.1389028422642391
2025-26,24,2025-26_GW24_Wolverhampton Wanderers_vs_Bournemouth,Wolverhampton Wanderers,Bournemouth,0.6505,0.4151,1.0656,51.7,165.2,0.7503,0.1459,1.1852,0.5877,1.7725,56.8,164.9,0.8131,0.2093,-0.5347000000000001,-0.17259999999999998,-0.7068999999999999,-5.099999999999994,2026-01-31,Wolverhampton Wanderers,Bournemouth,0,2,A,1425.6,1571.1,-145.5,20,13,-7,23,23,2,3,0,5,1.2,1.0,0.8,0.4,5,1.6,2.2,2.0,0.0,5,0.6,0.8,1.5,0.2,10,1.1,1.7,2.0,0.1,10,0.8,0.8,1.4,0.4,5,0.6,2.0,2.8,0.0,5,0.735593472827861,0.4439725395363287,1.2475973858771403,0.4893107967954203,0.1546314848761641,0.1389886036743369
2025-26,24,2025-26_GW24_Chelsea_vs_West Ham United,Chelsea,West Ham United,1.2687,0.7664,2.035,70.4,147.3,0.7694,0.1903,1.0731,0.3392,1.4123,55.2,149.6,0.7805,0.2015,0.1956,0.42719999999999997,0.6227,15.200000000000003,2026-01-31,Chelsea,West Ham United,3,2,H,1660.1,1481.9,178.2,5,18,13,23,23,4,1,0,5,1.6,1.8,1.2,0.2,5,1.4,1.6,1.8,0.0,5,1.3,1.5,1.3,0.3,10,0.9,1.2,1.8,0.0,10,1.6,1.6,1.0,0.4,5,1.0,0.8,1.8,0.0,5,1.297490208614953,0.5016966759949733,0.949642784781449,0.5310460391277978,0.1431566082050869,0.1457180156533393
2025-26,24,2025-26_GW24_Liverpool_vs_Newcastle United,Liverpool,Newcastle United,0.9428,0.7556,1.6978,67.6,162.4,0.8128,0.2142,1.0844,0.6783,1.7626,64.1,142.1,0.7454,0.2211,-0.14160000000000006,0.07730000000000004,-0.06479999999999997,3.5,2026-01-31,Liverpool,Newcastle United,4,1,H,1706.6,1614.0,92.6,6,10,4,23,23,4,0,1,5,0.8,1.0,1.2,0.4,5,2.0,1.8,1.2,0.4,5,1.5,1.5,1.2,0.3,10,1.5,1.5,1.3,0.2,10,1.8,1.2,0.6,0.4,5,1.4,1.4,0.8,0.2,5,1.1345993164814412,0.431562176337295,1.2231216562189,0.4606291523129553,0.1424304949329261,0.1302180701350083
2025-26,24,2025-26_GW24_Aston Villa_vs_Brentford,Aston Villa,Brentford,0.8822,0.5942,1.4763,60.6,177.3,0.7772,0.2452,1.2603,0.7131,1.9735,57.6,157.1,0.839,0.2113,-0.3781,-0.1189,-0.4972000000000001,3.0,2026-02-01,Aston Villa,Brentford,0,1,A,1705.9,1572.0,133.9,3,9,6,23,23,3,1,1,5,1.4,1.2,1.2,0.4,5,1.4,1.4,1.2,0.4,5,2.2,1.9,1.4,0.2,10,1.4,1.4,1.2,0.3,10,2.4,1.6,0.8,0.2,5,1.2,1.2,1.6,0.2,5,1.12240840609925,0.4628606614426193,1.256677338407616,0.4776145431565445,0.1359412149021973,0.1430422596582899
2025-26,24,2025-26_GW24_Manchester United_vs_Fulham,Manchester United,Fulham,1.0351,0.6699,1.705,64.2,168.3,0.7533,0.2528,0.8781,0.5097,1.3877,56.9,97.6,0.7838,0.253,0.15699999999999992,0.1602,0.31730000000000014,7.300000000000004,2026-02-01,Manchester United,Fulham,3,2,H,1605.9,1577.0,28.9,6,8,2,23,23,3,1,1,5,1.8,1.8,1.2,0.2,5,1.6,1.4,1.2,0.0,5,1.7,2.0,1.4,0.2,10,1.7,1.7,1.5,0.2,10,1.8,1.8,1.2,0.4,5,2.0,1.4,1.0,0.2,5,1.2237895058296049,0.4229637951228908,0.8996070827432021,0.5603131421844524,0.1384797526410903,0.1401492414243262
2025-26,24,2025-26_GW24_Nottingham Forest_vs_Crystal Palace,Nottingham Forest,Crystal Palace,0.852,0.5595,1.4115,59.0,153.5,0.8013,0.1832,1.2084,0.7478,1.9557,59.2,162.6,0.8488,0.2171,-0.35639999999999994,-0.18830000000000002,-0.5442,-0.20000000000000284,2026-02-01,Nottingham Forest,Crystal Palace,1,1,D,1550.9,1562.0,-11.1,17,15,-2,23,23,1,0,4,5,1.4,1.0,1.2,0.4,5,0.4,0.6,1.6,0.2,5,1.3,1.0,1.2,0.4,10,0.8,0.7,1.7,0.2,10,0.8,0.8,1.2,0.4,5,1.2,1.0,1.8,0.2,5,0.842460846738817,0.5001091619777325,1.0420902103056409,0.5172988523452932,0.1416300551053472,0.135003556818462
2025-26,24,2025-26_GW24_Tottenham_vs_Manchester City,Tottenham,Manchester City,0.6272,0.5351,1.1622,57.1,177.8,0.7328,0.1583,1.3488,0.8235,2.1723,76.7,158.0,0.7785,0.2457,-0.7216,-0.2884,-1.0101,-19.6,2026-02-01,Tottenham,Manchester City,2,2,D,1510.6,1752.0,-241.4,15,2,-13,23,23,2,2,1,5,0.6,1.2,1.6,0.2,5,1.2,0.8,0.8,0.4,5,1.0,1.2,1.5,0.3,10,2.1,2.0,0.9,0.5,10,0.8,1.2,1.4,0.2,5,2.0,2.0,1.4,0.4,5,0.910875719827343,0.4917043304058575,1.2008197957669768,0.4199263422933322,0.1338257667864531,0.1509894836606802
2025-26,24,2025-26_GW24_Sunderland_vs_Burnley,Sunderland,Burnley,0.6128,0.4189,1.0313,52.2,188.5,0.777,0.1693,0.4641,0.2814,0.7455,48.9,152.9,0.7308,0.214,0.1487,0.1375,0.28580000000000005,3.3000000000000043,2026-02-02,Sunderland,Burnley,3,0,H,1479.3,1396.2,83.1,11,19,8,23,23,0,2,1,3,1.0,0.8,1.6,0.2,5,0.6,1.2,2.0,0.0,5,1.1,0.7,1.3,0.3,10,0.5,1.0,1.7,0.1,10,2.2,1.4,0.8,0.4,5,0.4,0.8,1.8,0.0,5,0.7376462990241828,0.3684612411441045,0.6987155557296802,0.4834860824181063,0.1848195012305676,0.1848195012305676
2025-26,25,2025-26_GW25_Leeds United_vs_Nottingham Forest,Leeds United,Nottingham Forest,0.9296,0.5,1.4288,51.6,128.7,0.788,0.2622,0.8452,0.5482,1.3933,58.3,154.2,0.8246,0.185,0.08440000000000003,-0.04820000000000002,0.03550000000000009,-6.699999999999996,2026-02-06,Leeds United,Nottingham Forest,3,1,H,1484.8,1548.4,-63.6,16,17,1,24,24,1,2,0,3,1.0,1.2,2.0,0.2,5,1.6,1.2,1.0,0.4,5,1.2,1.5,1.6,0.2,10,1.1,1.0,1.3,0.3,10,1.6,1.8,1.8,0.2,5,1.2,1.0,1.6,0.2,5,1.004663197652925,0.4254982245629624,0.8068100350045583,0.5061664696576055,0.1767605950060311,0.1368917112964551
2025-26,25,2025-26_GW25_Newcastle United_vs_Brentford,Newcastle United,Brentford,0.9482,0.6098,1.558,61.6,144.3,0.7014,0.2196,1.2418,0.6834,1.9251,57.6,157.0,0.8224,0.2095,-0.29359999999999997,-0.0736,-0.3671,4.0,2026-02-07,Newcastle United,Brentford,2,3,A,1609.0,1587.9,21.2,11,7,-4,24,24,3,2,0,5,1.4,1.4,1.8,0.4,5,1.8,1.6,1.2,0.4,5,1.4,1.4,1.5,0.2,10,1.7,1.5,1.0,0.4,10,2.0,2.0,1.6,0.2,5,1.8,1.4,1.2,0.4,5,1.1400671645182212,0.4789750742783736,1.1694456746926063,0.4885810362790907,0.1263571214256167,0.1381953404037182
2025-26,25,2025-26_GW25_Wolverhampton Wanderers_vs_Chelsea,Wolverhampton Wanderers,Chelsea,0.6637,0.4461,1.1098,52.3,164.7,0.7526,0.1432,1.2643,0.7077,1.972,70.8,146.3,0.7502,0.1914,-0.6006,-0.2616,-0.8622000000000001,-18.5,2026-02-07,Wolverhampton Wanderers,Chelsea,1,3,A,1416.9,1663.5,-246.6,20,5,-15,24,24,2,3,0,5,1.0,0.8,1.0,0.4,5,2.0,2.0,1.2,0.2,5,0.6,0.8,1.6,0.2,10,1.6,1.7,1.2,0.3,10,0.8,0.8,1.6,0.4,5,1.2,1.4,1.2,0.2,5,0.7657297841856029,0.444667471114109,1.385409969335913,0.4922891767170626,0.1488935436442941,0.138300897416452
2025-26,25,2025-26_GW25_Fulham_vs_Everton,Fulham,Everton,0.913,0.5404,1.4533,57.9,96.7,0.7909,0.2401,0.5339,0.4434,0.9772,58.4,119.3,0.7567,0.2679,0.3791,0.09699999999999998,0.4761000000000001,-0.5,2026-02-07,Fulham,Everton,1,2,A,1570.6,1579.1,-8.6,9,10,1,24,24,1,2,2,5,1.4,1.6,1.6,0.0,5,1.2,1.2,1.4,0.2,5,1.7,1.5,1.3,0.2,10,1.3,1.1,1.0,0.4,10,2.0,1.6,1.2,0.2,5,1.6,0.8,0.6,0.6,5,0.9478672009197188,0.5660540866137455,0.7816227593580346,0.4856611922886425,0.1355247479815517,0.1458640573788326
2025-26,25,2025-26_GW25_Manchester United_vs_Tottenham,Manchester United,Tottenham,1.0555,0.7137,1.7692,65.1,167.7,0.7592,0.2468,0.5964,0.5164,1.1126,58.4,176.4,0.7199,0.1671,0.45910000000000006,0.19730000000000003,0.6566000000000001,6.699999999999996,2026-02-07,Manchester United,Tottenham,2,0,H,1612.4,1514.5,97.9,5,14,9,24,24,0,3,2,5,2.2,2.2,1.4,0.2,5,0.6,1.6,2.0,0.0,5,1.9,2.2,1.5,0.2,10,1.0,1.2,1.5,0.3,10,2.2,2.2,1.4,0.4,5,1.0,1.0,1.6,0.4,5,1.228591823211773,0.4339657607458558,0.9037814548759596,0.498919507391016,0.1339836155956375,0.1296874451773697
2025-26,25,2025-26_GW25_Bournemouth_vs_Aston Villa,Bournemouth,Aston Villa,1.1198,0.5278,1.6472,55.9,165.6,0.8077,0.2124,0.7709,0.5635,1.3343,61.6,176.3,0.7372,0.2272,0.3488999999999999,-0.035699999999999954,0.31289999999999996,-5.700000000000003,2026-02-07,Bournemouth,Aston Villa,1,1,D,1579.8,1690.1,-110.3,12,3,-9,24,24,0,3,2,5,2.0,2.2,1.6,0.2,5,1.4,1.0,0.6,0.4,5,1.4,1.9,1.9,0.2,10,1.9,1.5,1.2,0.2,10,1.6,1.8,1.6,0.2,5,2.0,1.6,1.4,0.4,5,1.2224070763843262,0.483012271167544,1.17513421277606,0.4461756811569934,0.1344533443023031,0.131640249912946
2025-26,25,2025-26_GW25_Arsenal_vs_Sunderland,Arsenal,Sunderland,1.0642,0.7706,1.8348,76.2,137.1,0.8067,0.2263,0.623,0.3732,0.9957,51.6,189.2,0.7654,0.1714,0.44120000000000004,0.3974,0.8391,24.6,2026-02-07,Arsenal,Sunderland,3,0,H,1775.4,1484.5,290.9,1,9,8,24,24,2,0,1,3,1.6,1.8,1.0,0.6,5,1.4,1.4,1.6,0.2,5,2.0,1.9,1.0,0.4,10,1.3,0.9,1.2,0.4,10,2.0,2.0,1.2,0.2,5,0.4,0.4,2.0,0.2,5,1.2878172480909873,0.368410696818521,0.780239124155329,0.3401212121703332,0.1343741765427528,0.1767605950060311
2025-26,25,2025-26_GW25_Burnley_vs_West Ham United,Burnley,West Ham United,0.4688,0.2974,0.7662,48.8,152.8,0.7555,0.2067,1.0422,0.3395,1.3818,56.7,148.1,0.7997,0.2019,-0.5734,-0.042100000000000026,-0.6155999999999999,-7.900000000000006,2026-02-07,Burnley,West Ham United,0,2,A,1391.1,1478.5,-87.5,19,18,-1,24,24,0,2,3,5,0.6,1.0,2.0,0.0,5,1.2,1.6,2.0,0.0,5,0.5,1.0,1.9,0.1,10,0.8,1.3,2.0,0.0,10,0.6,1.4,2.0,0.2,5,0.8,1.0,2.2,0.0,5,0.6348492689185573,0.4699881160453534,0.939456879527136,0.548259137828898,0.1767605950060311,0.1406653745016903
2025-26,25,2025-26_GW25_Brighton and Hove Albion_vs_Crystal Palace,Brighton and Hove Albion,Crystal Palace,0.921,0.5765,1.4972,55.3,172.5,0.784,0.2273,1.1104,0.7397,1.8497,59.2,162.6,0.8427,0.2096,-0.1894,-0.1632,-0.3524999999999998,-3.9000000000000057,2026-02-08,Brighton and Hove Albion,Crystal Palace,0,1,A,1596.6,1564.5,32.1,13,15,2,24,24,1,2,2,5,1.2,1.2,1.0,0.2,5,0.4,0.6,1.6,0.2,5,0.9,1.0,1.2,0.2,10,0.6,0.7,1.8,0.1,10,1.4,1.0,0.6,0.4,5,0.8,1.0,2.0,0.0,5,1.1099537731566984,0.4634772136900274,1.0720506758834318,0.4970330216918814,0.1355458593840985,0.1307746824085284
2025-26,25,2025-26_GW25_Liverpool_vs_Manchester City,Liverpool,Manchester City,1.0271,0.7741,1.8007,70.6,159.2,0.8259,0.2183,1.6746,0.8889,2.5635,76.2,157.5,0.8081,0.2313,-0.6475000000000002,-0.11480000000000001,-0.7627999999999999,-5.6000000000000085,2026-02-08,Liverpool,Manchester City,1,2,A,1711.6,1748.1,-36.6,6,2,-4,24,24,2,1,2,5,1.2,1.8,1.4,0.2,5,1.2,1.2,1.2,0.2,5,1.7,1.8,1.2,0.3,10,1.9,1.7,0.7,0.5,10,2.2,1.8,0.6,0.4,5,1.6,1.4,1.0,0.4,5,1.181863179782199,0.4154628174663922,1.2281390830028789,0.4154137186784179,0.1376306103855921,0.1455315527887209
2025-26,26,2025-26_GW26_Tottenham_vs_Newcastle United,Tottenham,Newcastle United,0.5816,0.4164,0.9979,60.2,172.9,0.6765,0.1731,0.9533,0.5985,1.5517,64.0,141.6,0.6946,0.2218,-0.37170000000000003,-0.18210000000000004,-0.5538000000000001,-3.799999999999997,2026-02-10,Tottenham,Newcastle United,1,2,A,1509.6,1595.7,-86.0,15,12,-3,25,25,1,3,1,5,0.4,1.4,2.2,0.0,5,0.8,1.4,2.4,0.2,5,0.7,1.0,1.7,0.2,10,1.1,1.4,1.7,0.2,10,1.0,1.4,1.4,0.2,5,0.8,0.8,1.4,0.2,5,0.862613625689531,0.5002177137118858,1.1765627753961567,0.4882776133406631,0.1258672928534198,0.1227930165594169
2025-26,26,2025-26_GW26_Chelsea_vs_Leeds United,Chelsea,Leeds United,1.353,0.6903,2.0431,71.1,146.3,0.7595,0.1873,0.9955,0.5378,1.5325,51.5,128.7,0.8053,0.2512,0.35749999999999993,0.15250000000000008,0.5105999999999999,19.599999999999994,2026-02-10,Chelsea,Leeds United,2,2,D,1669.5,1493.7,175.7,5,16,11,25,25,3,2,0,5,2.4,2.4,1.2,0.2,5,1.4,1.6,2.0,0.2,5,1.8,2.0,1.3,0.2,10,1.4,1.5,1.4,0.2,10,2.0,2.0,1.2,0.4,5,0.8,1.2,1.4,0.2,5,1.4744949359875057,0.4830805895939817,1.0925370378660757,0.4200654448963348,0.1338185114141373,0.1693212869361643
2025-26,26,2025-26_GW26_Everton_vs_Bournemouth,Everton,Bournemouth,0.5994,0.4607,1.06,57.8,119.8,0.778,0.2508,1.2122,0.6624,1.8741,57.0,164.1,0.831,0.2093,-0.6127999999999999,-0.2017,-0.8141,0.7999999999999972,2026-02-10,Everton,Bournemouth,1,2,A,1591.7,1580.0,11.7,8,12,4,25,25,2,3,0,5,1.8,1.2,0.8,0.2,5,2.2,2.0,1.2,0.2,5,1.3,1.0,1.1,0.3,10,1.4,2.0,2.0,0.1,10,1.0,1.4,1.4,0.2,5,1.2,2.0,2.2,0.2,5,0.8434330110231718,0.4924247795513052,1.243153335452265,0.4644453660535533,0.1408001880057476,0.1302667722408756
2025-26,26,2025-26_GW26_West Ham United_vs_Manchester United,West Ham United,Manchester United,1.0351,0.3607,1.3958,56.8,148.2,0.7698,0.2046,1.0778,0.7549,1.8322,65.7,167.5,0.7714,0.2476,-0.04270000000000018,-0.3942,-0.4364000000000001,-8.900000000000006,2026-02-10,West Ham United,Manchester United,1,1,D,1488.9,1617.2,-128.4,18,5,-13,25,25,3,1,1,5,1.8,2.0,1.4,0.2,5,2.6,2.4,1.2,0.4,5,1.0,1.4,1.9,0.1,10,1.9,2.0,1.4,0.3,10,0.8,1.6,1.8,0.0,5,1.6,2.2,1.6,0.0,5,0.9273496743818104,0.5367515199804874,1.2314519287931496,0.4211078694142937,0.1360011988621773,0.1298331579933855
2025-26,26,2025-26_GW26_Sunderland_vs_Liverpool,Sunderland,Liverpool,0.6101,0.3649,0.9745,51.4,189.4,0.7788,0.1724,1.0723,0.7609,1.8327,79.3,150.4,0.8442,0.2203,-0.46220000000000006,-0.396,-0.8582,-27.9,2026-02-11,Sunderland,Liverpool,0,1,A,1482.6,1699.7,-217.2,11,6,-5,25,25,0,1,2,3,1.2,1.2,2.0,0.2,5,1.0,1.6,1.4,0.2,5,1.3,0.9,1.2,0.4,10,1.6,1.6,1.1,0.3,10,2.2,1.4,0.4,0.6,5,1.2,1.8,1.8,0.2,5,0.7172853752470233,0.3392805662893742,1.1534974278747483,0.4501097143521394,0.1693212869361643,0.1331997584991795
2025-26,26,2025-26_GW26_Nottingham Forest_vs_Wolverhampton Wanderers,Nottingham Forest,Wolverhampton Wanderers,0.8367,0.5227,1.3594,58.3,154.7,0.8115,0.1855,0.6568,0.4296,1.0864,52.8,163.6,0.7443,0.148,0.17989999999999995,0.09310000000000007,0.2729999999999999,5.5,2026-02-11,Nottingham Forest,Wolverhampton Wanderers,0,0,D,1539.4,1410.9,128.5,17,20,3,25,25,2,0,3,5,1.6,1.2,1.0,0.4,5,0.4,0.4,1.6,0.2,5,1.1,1.1,1.3,0.3,10,0.6,0.8,1.5,0.2,10,1.0,1.0,1.0,0.4,5,0.4,0.8,1.6,0.0,5,0.8282417212661336,0.5229406982088701,0.7709185362622001,0.479309514219462,0.1325176686716669,0.143596756298549
2025-26,26,2025-26_GW26_Aston Villa_vs_Brighton and Hove Albion,Aston Villa,Brighton and Hove Albion,0.8469,0.6316,1.4784,59.8,178.8,0.7659,0.2169,0.8237,0.5956,1.419,53.6,174.2,0.7682,0.2152,0.0232,0.03600000000000003,0.0593999999999999,6.199999999999996,2026-02-11,Aston Villa,Brighton and Hove Albion,1,0,H,1689.8,1582.9,106.8,3,14,11,25,25,3,1,1,5,1.0,0.6,0.6,0.4,5,0.6,0.8,1.2,0.0,5,1.7,1.4,1.2,0.2,10,0.8,0.9,1.2,0.2,10,1.8,1.4,1.0,0.0,5,0.4,1.0,1.8,0.0,5,1.102755989087219,0.4531497512901308,1.0668474525697669,0.4585070558604531,0.1276699588261315,0.1312752907715548
2025-26,26,2025-26_GW26_Crystal Palace_vs_Burnley,Crystal Palace,Burnley,0.8167,0.7244,1.5405,57.5,164.3,0.8121,0.2107,0.4906,0.337,0.8277,48.8,153.4,0.7642,0.2288,0.3261,0.3874,0.7128,8.700000000000003,2026-02-11,Crystal Palace,Burnley,2,3,A,1578.1,1380.7,197.4,13,19,6,25,25,3,0,2,5,1.0,0.8,1.2,0.4,5,0.6,1.0,2.0,0.0,5,0.6,0.6,1.7,0.2,10,0.5,0.9,1.9,0.1,10,0.4,0.4,1.6,0.2,5,0.4,0.6,1.8,0.0,5,1.0562527252156846,0.4826095775964915,0.6760388623479383,0.4501110022778837,0.1268709393139025,0.1693212869361643
2025-26,26,2025-26_GW26_Manchester City_vs_Fulham,Manchester City,Fulham,1.5607,0.7657,2.3264,76.7,156.6,0.7997,0.2391,0.9633,0.592,1.5554,57.5,97.2,0.8022,0.2449,0.5973999999999999,0.17370000000000008,0.7710000000000001,19.200000000000003,2026-02-11,Manchester City,Fulham,3,0,H,1759.9,1558.0,201.9,2,12,10,25,25,5,0,0,5,1.6,1.4,1.2,0.2,5,1.2,1.4,1.6,0.0,5,1.9,1.6,0.8,0.4,10,1.7,1.5,1.3,0.2,10,2.2,2.0,0.4,0.6,5,1.4,1.4,1.4,0.2,5,1.3082057926834203,0.4133945103868756,0.9912064461715498,0.5740448332749865,0.140493247583367,0.1312558024907688
2025-26,26,2025-26_GW26_Brentford_vs_Arsenal,Brentford,Arsenal,1.2069,0.6621,1.869,56.2,157.6,0.8062,0.2175,0.9423,0.6546,1.5969,73.3,140.1,0.7766,0.2031,0.26460000000000006,0.007500000000000062,0.2721,-17.099999999999994,2026-02-12,Brentford,Arsenal,1,1,D,1601.2,1777.3,-176.1,7,1,-6,25,25,0,4,1,5,1.8,1.4,1.2,0.4,5,1.6,1.8,0.6,0.8,5,2.0,1.8,1.0,0.4,10,2.3,2.1,0.8,0.5,10,1.6,1.6,0.8,0.4,5,2.0,1.8,0.8,0.6,5,1.180849792208554,0.4980745554299142,1.2684262878756605,0.3570252632519611,0.1337210700102069,0.1301936911879278
2025-26,26,2025-26_GW26_Wolverhampton Wanderers_vs_Arsenal,Wolverhampton Wanderers,Arsenal,0.6568,0.4296,1.0864,52.8,163.6,0.7443,0.148,0.9423,0.6546,1.5969,73.3,140.1,0.7766,0.2031,-0.2855,-0.22499999999999998,-0.5105,-20.5,2026-02-18,Wolverhampton Wanderers,Arsenal,2,2,D,1416.6,1775.2,-358.5,20,1,-19,26,26,0,5,0,5,0.4,0.2,1.4,0.4,5,1.6,2.0,0.8,0.6,5,0.7,0.7,1.3,0.3,10,2.1,2.0,0.8,0.5,10,0.8,0.8,1.4,0.4,5,2.2,1.8,0.6,0.6,5,0.7716455054625451,0.4785102925524706,1.2681177877160563,0.3572606570322367,0.143596756298549,0.1301936911879278
2025-26,27,2025-26_GW27_Aston Villa_vs_Leeds United,Aston Villa,Leeds United,0.8066,0.6099,1.4165,61.0,177.7,0.7751,0.208,0.8939,0.4688,1.362,49.0,131.2,0.7811,0.2634,-0.08730000000000004,0.1411,0.05449999999999999,12.0,2026-02-21,Aston Villa,Leeds United,1,1,D,1694.4,1500.3,194.1,3,15,12,26,26,3,0,2,5,1.4,0.8,0.6,0.4,5,1.6,1.4,1.6,0.2,5,1.7,1.2,1.0,0.3,10,1.4,1.6,1.5,0.2,10,1.8,1.2,0.8,0.2,5,0.8,1.4,1.6,0.2,5,1.0582954768227284,0.4371716786017683,1.0890863812492984,0.4564386505742997,0.1240049182239798,0.1624539400510644
2025-26,27,2025-26_GW27_Brentford_vs_Brighton and Hove Albion,Brentford,Brighton and Hove Albion,1.0293,0.6258,1.6551,54.8,158.8,0.786,0.2201,0.8051,0.5645,1.3694,55.0,172.7,0.7659,0.2169,0.22420000000000007,0.06130000000000002,0.28570000000000007,-0.20000000000000284,2026-02-21,Brentford,Brighton and Hove Albion,0,2,A,1603.4,1578.3,25.1,7,14,7,26,26,1,2,2,5,1.4,1.0,1.4,0.2,5,0.4,0.6,1.2,0.0,5,2.0,1.8,1.0,0.4,10,0.8,0.9,1.1,0.2,10,1.6,1.6,0.8,0.4,5,0.4,1.0,1.6,0.0,5,1.1715634537150548,0.4797167618945144,1.0085102214900654,0.4468007473722192,0.1295907978718029,0.1273330590769501
2025-26,27,2025-26_GW27_Chelsea_vs_Burnley,Chelsea,Burnley,1.4635,0.7305,2.1938,70.3,147.4,0.7563,0.2014,0.4892,0.3374,0.8266,49.7,152.5,0.7492,0.2207,0.9742999999999999,0.39310000000000006,1.3672,20.599999999999994,2026-02-21,Chelsea,Burnley,1,1,D,1662.9,1397.6,265.2,5,19,14,26,26,3,0,2,5,2.6,2.6,1.2,0.2,5,1.0,1.2,2.0,0.0,5,1.6,2.0,1.5,0.1,10,0.8,1.0,1.8,0.1,10,1.6,2.0,1.6,0.2,5,1.0,1.0,1.8,0.0,5,1.5327907463742871,0.483583684614312,0.6527276025089165,0.4452447107332036,0.1296807476245858,0.1624539400510644
2025-26,27,2025-26_GW27_West Ham United_vs_Bournemouth,West Ham United,Bournemouth,0.9603,0.3632,1.3234,55.7,148.9,0.7666,0.2027,1.2735,0.753,2.026,57.4,163.5,0.8416,0.1997,-0.31320000000000003,-0.3898,-0.7025999999999999,-1.6999999999999957,2026-02-21,West Ham United,Bournemouth,0,0,D,1489.7,1593.2,-103.5,18,9,-9,26,26,0,0,5,5,2.0,2.0,1.2,0.2,5,2.2,1.8,1.0,0.2,5,1.1,1.3,1.7,0.1,10,1.6,1.8,1.7,0.1,10,1.0,1.4,1.4,0.0,5,1.6,1.6,1.6,0.2,5,0.91923748133571,0.5145991582088572,1.2189175034155586,0.4835533888237964,0.1316956220869246,0.1264020791356462
2025-26,27,2025-26_GW27_Manchester City_vs_Newcastle United,Manchester City,Newcastle United,1.549,0.7443,2.2933,76.6,156.5,0.8063,0.2415,0.9785,0.6007,1.5792,62.8,142.5,0.6927,0.2174,0.5704999999999999,0.14359999999999995,0.7141,13.799999999999997,2026-02-21,Manchester City,Newcastle United,2,1,H,1762.9,1606.1,156.9,2,10,8,26,26,3,1,1,5,2.0,1.8,1.0,0.4,5,0.8,1.0,2.0,0.2,5,1.9,1.6,0.8,0.4,10,1.4,1.6,1.7,0.2,10,2.2,2.0,0.4,0.6,5,1.4,1.2,1.4,0.2,5,1.2792362231094128,0.4162555066286038,1.2276796278140734,0.4942827555793687,0.1358423056902199,0.1195029330971917
2025-26,27,2025-26_GW27_Crystal Palace_vs_Wolverhampton Wanderers,Crystal Palace,Wolverhampton Wanderers,1.0817,0.7446,1.8257,58.7,165.4,0.8284,0.2017,0.519,0.5114,1.0303,52.8,164.1,0.8184,0.1571,0.5627000000000001,0.23320000000000007,0.7954000000000001,5.900000000000006,2026-02-22,Crystal Palace,Wolverhampton Wanderers,1,0,H,1561.2,1423.0,138.2,14,20,6,26,27,4,0,1,5,0.8,1.2,1.8,0.2,5,0.4,0.6,1.8,0.2,5,0.6,0.8,1.7,0.2,10,0.8,0.9,1.3,0.3,10,0.4,0.8,1.6,0.2,5,0.6,0.6,1.2,0.2,5,1.0743791707113013,0.4692432130310903,0.7431543553489506,0.4950350116640911,0.1232673302511594,0.1341935808782063
2025-26,27,2025-26_GW27_Nottingham Forest_vs_Liverpool,Nottingham Forest,Liverpool,0.8603,0.565,1.4253,58.7,153.6,0.8132,0.1775,1.1405,0.761,1.901,79.3,150.3,0.84,0.2173,-0.2802000000000001,-0.19600000000000006,-0.4757,-20.599999999999994,2026-02-22,Nottingham Forest,Liverpool,0,1,A,1533.6,1706.5,-172.9,17,6,-11,26,26,2,2,1,5,1.2,0.8,0.8,0.6,5,1.4,1.8,1.4,0.2,5,0.9,0.8,1.3,0.3,10,1.6,1.5,1.1,0.3,10,0.6,0.4,1.0,0.4,5,1.6,1.4,1.2,0.4,5,0.9287746963504144,0.5013162095349831,1.212517492097516,0.4368705654294662,0.1284799184249331,0.1291095666944139
2025-26,27,2025-26_GW27_Sunderland_vs_Fulham,Sunderland,Fulham,0.6211,0.3727,0.9933,52.2,187.4,0.8062,0.1838,0.9794,0.5795,1.559,57.8,96.8,0.7814,0.24,-0.35830000000000006,-0.20680000000000004,-0.5657,-5.599999999999994,2026-02-22,Sunderland,Fulham,1,3,A,1475.8,1555.0,-79.2,11,14,3,26,26,0,1,0,1,1.2,1.2,1.6,0.2,5,0.6,1.0,2.0,0.0,5,1.0,0.8,1.3,0.3,10,1.4,1.2,1.4,0.2,10,1.6,1.2,0.6,0.4,5,0.8,0.8,1.6,0.2,5,0.6936754534275144,0.3559496006267879,0.9975965156178114,0.568879378017807,0.1624539400510644,0.1273150691263935
2025-26,27,2025-26_GW27_Tottenham_vs_Arsenal,Tottenham,Arsenal,0.6238,0.441,1.0647,60.1,172.9,0.6947,0.1693,1.0075,0.7425,1.75,75.7,137.8,0.7943,0.1977,-0.38370000000000004,-0.30150000000000005,-0.6853,-15.600000000000001,2026-02-22,Tottenham,Arsenal,1,4,A,1499.2,1768.8,-269.6,16,1,-15,26,27,0,4,1,5,0.4,1.2,2.0,0.0,5,1.6,2.4,1.2,0.4,5,0.7,1.1,1.6,0.2,10,1.9,2.1,1.0,0.4,10,0.4,1.2,1.8,0.0,5,1.8,2.0,1.0,0.4,5,0.9065147477797088,0.5146427067265953,1.3457833513950712,0.3642682995991866,0.1223408477974947,0.1227722421910807
2025-26,27,2025-26_GW27_Everton_vs_Manchester United,Everton,Manchester United,0.6818,0.5125,1.1943,58.1,119.3,0.7897,0.2562,1.0873,0.7823,1.8693,66.0,167.3,0.8035,0.2449,-0.40549999999999997,-0.26980000000000004,-0.675,-7.899999999999999,2026-02-23,Everton,Manchester United,0,1,A,1578.6,1616.4,-37.8,9,5,-4,26,26,1,3,1,5,1.6,1.2,1.0,0.2,5,2.6,2.2,1.0,0.4,5,1.3,1.1,1.1,0.3,10,1.9,1.7,1.1,0.3,10,0.4,1.0,1.8,0.0,5,1.2,1.6,1.6,0.0,5,0.9640450080563044,0.4890733003566592,1.159631006887179,0.420084298973346,0.1361256474114863,0.126001802735762
2025-26,28,2025-26_GW28_Wolverhampton Wanderers_vs_Aston Villa,Wolverhampton Wanderers,Aston Villa,0.5807,0.556,1.1368,52.7,164.1,0.8051,0.1584,0.8135,0.6129,1.4263,61.0,177.7,0.7862,0.1951,-0.2328,-0.05689999999999995,-0.28949999999999987,-8.299999999999997,2026-02-27,Wolverhampton Wanderers,Aston Villa,2,0,H,1418.9,1687.5,-268.6,20,3,-17,28,27,1,3,1,5,0.4,0.6,1.6,0.2,5,1.6,1.0,0.6,0.4,5,0.8,0.8,1.2,0.3,10,1.5,1.1,1.0,0.3,10,1.0,1.2,1.4,0.4,5,1.6,1.2,1.2,0.4,5,0.7885527351919422,0.4977716295956121,1.0605268444429825,0.4361244327313157,0.1300269803778984,0.1206216593339629
2025-26,28,2025-26_GW28_Leeds United_vs_Manchester City,Leeds United,Manchester City,0.9285,0.5232,1.4511,49.7,130.2,0.8196,0.2696,1.4924,0.726,2.2183,75.8,157.2,0.8116,0.2416,-0.5639,-0.20279999999999998,-0.7672000000000001,-26.099999999999994,2026-02-28,Leeds United,Manchester City,0,1,A,1507.2,1766.6,-259.4,15,2,-13,27,27,0,5,0,5,1.2,1.4,1.8,0.0,5,2.6,2.2,0.8,0.4,5,1.2,1.3,1.5,0.2,10,1.9,1.5,0.9,0.3,10,2.0,1.8,1.4,0.2,5,1.6,1.2,1.2,0.2,5,1.0794169035266583,0.4504913650641971,1.2518786370984545,0.4039159311231886,0.1561145798851212,0.1315489452025615
2025-26,28,2025-26_GW28_Newcastle United_vs_Everton,Newcastle United,Everton,0.9204,0.5854,1.5058,62.7,142.4,0.7022,0.2178,0.6999,0.5142,1.2141,57.7,119.6,0.7872,0.2518,0.22050000000000003,0.07120000000000004,0.29170000000000007,5.0,2026-02-28,Newcastle United,Everton,2,3,A,1602.4,1566.8,35.5,11,9,-2,27,27,1,2,2,5,0.6,1.2,2.4,0.0,5,1.0,1.0,1.2,0.0,5,1.3,1.5,1.7,0.2,10,1.3,1.1,1.1,0.3,10,1.4,2.0,2.0,0.2,5,2.2,1.2,0.4,0.6,5,1.1599417726829824,0.4931888958298928,0.9217149173670308,0.4850106922273272,0.1164658032722353,0.1318105025770758
2025-26,28,2025-26_GW28_Bournemouth_vs_Sunderland,Bournemouth,Sunderland,1.365,0.7569,2.1214,57.4,163.5,0.8671,0.2004,0.7412,0.4006,1.1413,52.1,187.4,0.8302,0.1774,0.6238,0.3563,0.9801,5.299999999999997,2026-02-28,Bournemouth,Sunderland,1,1,D,1593.1,1465.2,127.8,9,12,3,27,27,1,2,0,3,2.2,1.6,0.8,0.4,5,0.6,1.0,2.0,0.2,5,1.6,1.7,1.6,0.2,10,0.9,0.9,1.6,0.2,10,1.6,2.0,1.8,0.0,5,0.4,0.4,2.0,0.2,5,1.153870447869635,0.50693902207051,0.7647843549616645,0.3603154014308553,0.1228345177564413,0.1561145798851212
2025-26,28,2025-26_GW28_Burnley_vs_Brentford,Burnley,Brentford,0.4909,0.3347,0.8256,49.8,152.4,0.7559,0.2068,1.1658,0.681,1.8468,56.8,156.7,0.7934,0.2173,-0.6748999999999999,-0.34630000000000005,-1.0211999999999999,-7.0,2026-02-28,Burnley,Brentford,3,4,A,1405.5,1589.9,-184.4,19,7,-12,27,27,2,3,0,5,1.0,1.2,2.0,0.0,5,1.4,1.0,1.4,0.2,5,0.8,1.0,1.8,0.1,10,1.7,1.6,1.2,0.3,10,0.6,1.0,1.8,0.2,5,2.4,2.0,1.2,0.4,5,0.654764836894197,0.4450247795199652,1.1673309895288175,0.4738090591483211,0.1561145798851212,0.1257780761458168
2025-26,28,2025-26_GW28_Liverpool_vs_West Ham United,Liverpool,West Ham United,1.1729,0.7584,1.9309,79.3,150.3,0.8493,0.2063,1.1608,0.4301,1.591,56.3,148.2,0.7732,0.2108,0.0121,0.3283,0.3399000000000001,23.0,2026-02-28,Liverpool,West Ham United,5,2,H,1714.4,1489.8,224.6,6,18,12,27,27,4,0,1,5,1.8,1.8,1.2,0.4,5,1.6,1.6,1.0,0.4,5,1.6,1.4,1.0,0.4,10,1.2,1.3,1.4,0.2,10,1.6,1.6,1.0,0.2,5,1.2,1.2,2.0,0.2,5,1.221204395374967,0.4352522377461468,1.0479656486733826,0.4964509168396646,0.1253338437795782,0.1277210737850661
2025-26,28,2025-26_GW28_Brighton and Hove Albion_vs_Nottingham Forest,Brighton and Hove Albion,Nottingham Forest,0.8225,0.5222,1.3444,54.3,173.2,0.7584,0.2217,0.8604,0.5931,1.4535,58.5,153.8,0.8384,0.1783,-0.037900000000000045,-0.07089999999999996,-0.10909999999999997,-4.200000000000003,2026-03-01,Brighton and Hove Albion,Nottingham Forest,2,1,H,1591.7,1525.7,66.0,14,17,3,27,27,3,1,1,5,0.8,0.8,1.0,0.2,5,1.0,0.8,1.0,0.4,5,1.0,1.1,1.1,0.2,10,0.9,0.8,1.3,0.3,10,1.2,0.8,0.6,0.4,5,1.2,1.2,1.6,0.2,5,0.994930199400153,0.446662515974387,0.9257615949163848,0.5052599512997603,0.1236939205584169,0.1247526051695464
2025-26,28,2025-26_GW28_Fulham_vs_Tottenham,Fulham,Tottenham,1.0152,0.5806,1.5959,56.7,97.6,0.7858,0.2478,0.5875,0.4094,0.9968,57.5,175.3,0.6817,0.1765,0.4277000000000001,0.17120000000000002,0.5991000000000001,-0.7999999999999972,2026-03-01,Fulham,Tottenham,2,1,H,1565.6,1493.8,71.8,11,16,5,27,27,3,1,1,5,1.2,1.6,2.0,0.0,5,0.4,1.2,2.4,0.0,5,1.4,1.4,1.5,0.1,10,0.7,1.1,1.8,0.2,10,2.0,1.6,1.2,0.2,5,1.0,1.0,1.4,0.4,5,1.032637276340098,0.5728622939534892,0.8810960742323389,0.5200064754073007,0.1236773137409875,0.119085528721736
2025-26,28,2025-26_GW28_Manchester United_vs_Crystal Palace,Manchester United,Crystal Palace,1.1131,0.7946,1.9073,66.0,167.2,0.818,0.2437,1.0078,0.7502,1.7574,58.8,165.6,0.8257,0.1938,0.10529999999999995,0.044399999999999995,0.14989999999999992,7.200000000000003,2026-03-01,Manchester United,Crystal Palace,2,1,H,1628.2,1565.2,63.0,4,14,10,27,27,1,3,1,5,2.6,2.0,1.0,0.4,5,1.4,1.2,1.4,0.4,5,2.2,1.7,0.9,0.4,10,0.9,0.8,1.3,0.3,10,2.6,1.8,0.6,0.6,5,0.8,0.8,1.8,0.2,5,1.1398515854694289,0.4099436656663116,1.1058919181724836,0.4711644216246105,0.1224650160686353,0.1199407798193542
2025-26,28,2025-26_GW28_Arsenal_vs_Chelsea,Arsenal,Chelsea,1.0494,0.7641,1.8135,75.8,137.8,0.8084,0.1969,1.4757,0.7409,2.2165,69.7,148.1,0.7798,0.2007,-0.4262999999999999,0.0232,-0.403,6.099999999999994,2026-03-01,Arsenal,Chelsea,2,1,H,1774.3,1655.1,119.3,1,6,5,28,27,2,0,3,5,2.2,2.8,0.8,0.4,5,2.2,2.4,1.4,0.0,5,1.9,2.3,1.0,0.4,10,1.6,1.9,1.4,0.1,10,2.0,2.2,1.0,0.4,5,1.6,2.0,1.4,0.0,5,1.3549938134458452,0.3637444371878456,1.5142522635573934,0.472108112398493,0.1194837559381948,0.1258611102329642
2025-26,29,2025-26_GW29_Bournemouth_vs_Brentford,Bournemouth,Brentford,1.3412,0.7614,2.1022,57.7,163.5,0.8609,0.2154,1.2096,0.6824,1.8921,57.1,156.7,0.7982,0.221,0.13159999999999994,0.07899999999999996,0.21009999999999995,0.6000000000000014,2026-03-03,Bournemouth,Brentford,0,0,D,1587.3,1597.5,-10.2,10,7,-3,28,28,0,4,1,5,1.8,1.2,0.6,0.4,5,2.0,1.8,1.6,0.2,5,1.7,1.7,1.3,0.2,10,1.7,1.6,1.4,0.3,10,1.6,2.0,1.8,0.0,5,2.4,2.4,1.8,0.2,5,1.1578031043600927,0.5010247243629591,1.2118607738983411,0.4636354221014675,0.1195412435305596,0.1222584903963356
2025-26,29,2025-26_GW29_Everton_vs_Burnley,Everton,Burnley,0.6958,0.5471,1.2429,57.7,119.6,0.7779,0.2568,0.4986,0.3449,0.8435,49.8,152.4,0.7387,0.2019,0.1972,0.20220000000000005,0.39939999999999987,7.900000000000006,2026-03-03,Everton,Burnley,2,0,H,1580.5,1397.9,182.7,8,19,11,28,28,3,1,1,5,1.4,1.4,1.4,0.0,5,0.8,1.4,2.4,0.0,5,1.5,1.4,1.3,0.2,10,0.7,1.3,2.2,0.0,10,0.4,1.0,1.8,0.0,5,1.0,1.0,1.8,0.0,5,0.9841211505401818,0.4739744764768871,0.6644981446824637,0.4506842878554405,0.1278271218434056,0.1502626128903068
2025-26,29,2025-26_GW29_Leeds United_vs_Sunderland,Leeds United,Sunderland,0.9284,0.5396,1.4674,49.7,130.2,0.8451,0.2681,0.6742,0.3813,1.055,53.4,186.1,0.7951,0.1721,0.2542,0.1583,0.4124000000000001,-3.6999999999999957,2026-03-03,Leeds United,Sunderland,0,1,A,1501.5,1471.0,30.5,15,12,-3,28,28,0,0,1,1,1.0,1.2,1.8,0.0,5,0.8,1.0,1.6,0.2,5,1.1,1.2,1.5,0.2,10,0.9,0.9,1.6,0.2,10,1.4,1.0,1.4,0.2,5,0.4,0.6,2.2,0.0,5,1.080490978314451,0.4582130218614869,0.7989052772331374,0.3604172874652872,0.1502626128903068,0.1502626128903068
2025-26,29,2025-26_GW29_Wolverhampton Wanderers_vs_Liverpool,Wolverhampton Wanderers,Liverpool,0.5315,0.5142,1.0457,52.0,164.6,0.7955,0.1588,1.1019,0.7055,1.8073,76.5,153.3,0.8288,0.2017,-0.5704000000000001,-0.19130000000000003,-0.7615999999999998,-24.5,2026-03-03,Wolverhampton Wanderers,Liverpool,2,1,H,1433.4,1717.1,-283.7,20,5,-15,29,28,0,5,0,5,1.0,1.0,1.2,0.4,5,2.4,2.4,1.0,0.4,5,1.0,0.9,1.1,0.4,10,1.6,1.7,1.1,0.4,10,1.0,1.0,1.4,0.4,5,1.6,1.2,1.0,0.6,5,0.7814785808471404,0.4834318935660577,1.2301115558024636,0.4464989317263543,0.1261807233472015,0.1218484122374667
2025-26,29,2025-26_GW29_Newcastle United_vs_Manchester United,Newcastle United,Manchester United,0.856,0.5479,1.4039,62.5,142.5,0.7111,0.2145,1.1585,0.788,1.9461,65.4,167.8,0.805,0.2435,-0.3025000000000001,-0.24009999999999998,-0.5422,-2.9000000000000057,2026-03-04,Newcastle United,Manchester United,2,1,H,1588.7,1633.8,-45.2,13,3,-10,28,28,3,2,0,5,0.6,1.6,2.6,0.0,5,2.6,1.8,0.8,0.4,5,1.3,1.7,1.9,0.2,10,2.2,1.8,1.0,0.3,10,1.2,2.0,2.2,0.2,5,1.8,1.6,1.2,0.2,5,1.122903209021756,0.5065664181102018,1.1693104341087417,0.3979374876959048,0.1136621790847197,0.1192001504825284
2025-26,29,2025-26_GW29_Manchester City_vs_Nottingham Forest,Manchester City,Nottingham Forest,1.4315,0.7438,2.1753,74.2,158.7,0.8126,0.2391,0.8453,0.6147,1.46,58.9,153.4,0.8322,0.1867,0.5861999999999999,0.1291,0.7153,15.300000000000004,2026-03-04,Manchester City,Nottingham Forest,2,2,D,1772.4,1520.2,252.2,2,17,15,28,28,4,1,0,5,2.6,2.0,0.8,0.4,5,0.4,0.6,1.4,0.2,5,1.9,1.4,0.8,0.4,10,0.9,0.8,1.3,0.3,10,2.2,1.8,0.6,0.4,5,1.2,1.4,1.8,0.2,5,1.2693055988579065,0.4087664606643143,0.9080415384039452,0.5012957460487437,0.1275856739554734,0.1213118613753953
2025-26,29,2025-26_GW29_Fulham_vs_West Ham United,Fulham,West Ham United,1.0407,0.5686,1.6093,56.8,97.5,0.7855,0.2414,1.131,0.4266,1.5576,56.2,148.4,0.8041,0.2076,-0.09030000000000005,0.14200000000000002,0.05169999999999986,0.5999999999999943,2026-03-04,Fulham,West Ham United,0,1,A,1571.0,1487.1,83.9,10,18,8,28,28,3,1,1,5,1.2,1.6,2.0,0.0,5,1.0,1.4,1.8,0.4,5,1.4,1.5,1.6,0.0,10,1.2,1.5,1.8,0.2,10,2.0,1.8,1.4,0.0,5,1.2,1.6,2.4,0.2,5,1.0788155034045517,0.5560373880712182,1.073735215517157,0.5011094543108053,0.1203192422805631,0.1240521032781172
2025-26,29,2025-26_GW29_Brighton and Hove Albion_vs_Arsenal,Brighton and Hove Albion,Arsenal,0.8571,0.5716,1.4284,54.9,172.6,0.7703,0.2213,1.0745,0.7967,1.8711,75.7,137.8,0.8208,0.1954,-0.21740000000000004,-0.22509999999999997,-0.4427000000000001,-20.800000000000004,2026-03-04,Brighton and Hove Albion,Arsenal,0,1,A,1597.3,1778.7,-181.4,13,1,-12,28,29,0,3,2,5,1.4,1.0,0.8,0.2,5,2.2,2.4,1.0,0.2,5,1.3,1.2,1.0,0.2,10,1.9,2.1,1.0,0.4,10,1.6,1.2,0.8,0.2,5,1.8,2.2,0.8,0.4,5,0.9953622054651876,0.4378840393248506,1.30703164307486,0.3686280391111388,0.1203345723051937,0.116448100523288
2025-26,29,2025-26_GW29_Aston Villa_vs_Chelsea,Aston Villa,Chelsea,0.849,0.6268,1.4758,60.0,178.8,0.796,0.2055,1.439,0.7063,2.1452,67.8,149.6,0.7656,0.1912,-0.5900000000000001,-0.07950000000000002,-0.6694,-7.799999999999997,2026-03-04,Aston Villa,Chelsea,1,4,A,1673.0,1650.6,22.4,4,6,2,28,28,3,1,1,5,1.0,0.6,1.0,0.2,5,1.6,2.0,1.6,0.0,5,1.2,0.9,1.1,0.3,10,1.6,1.9,1.4,0.1,10,1.4,1.0,0.8,0.2,5,1.4,1.8,1.4,0.0,5,1.036143930993085,0.4295388287523448,1.439787301707529,0.467790142625089,0.1174985177485304,0.1223351405194887
2025-26,29,2025-26_GW29_Tottenham_vs_Crystal Palace,Tottenham,Crystal Palace,0.5605,0.4173,0.9778,60.0,172.3,0.7125,0.1828,0.9686,0.6949,1.6628,60.6,163.8,0.8241,0.1974,-0.4081,-0.27759999999999996,-0.685,-0.6000000000000014,2026-03-05,Tottenham,Crystal Palace,1,3,A,1488.3,1559.6,-71.3,16,14,-2,28,28,3,2,0,5,0.2,1.0,2.4,0.0,5,1.4,1.2,1.2,0.4,5,0.4,1.1,2.0,0.1,10,0.9,0.9,1.4,0.3,10,0.4,1.2,2.2,0.0,5,0.8,0.8,1.4,0.2,5,0.8650284865667537,0.5258779017441516,1.0365047811174388,0.4782493120026705,0.1160804904701988,0.1168699867386753
2025-26,30,2025-26_GW30_Burnley_vs_Bournemouth,Burnley,Bournemouth,0.4355,0.2957,0.7312,49.8,152.4,0.7415,0.2024,1.3113,0.7787,2.0895,57.8,163.6,0.8648,0.2159,-0.8757999999999999,-0.48299999999999993,-1.3583000000000003,-8.0,2026-03-14,Burnley,Bournemouth,0,0,D,1394.6,1584.8,-190.2,19,9,-10,29,29,2,2,1,5,0.8,1.4,2.2,0.0,5,1.4,0.8,0.6,0.4,5,0.7,1.2,2.1,0.0,10,1.7,1.5,1.1,0.3,10,0.4,1.6,2.6,0.0,5,1.8,1.4,0.8,0.4,5,0.660046853486148,0.4374544880759242,1.1755406891752265,0.4803780854511619,0.1448605664988786,0.1165011682595143
2025-26,30,2025-26_GW30_Sunderland_vs_Brighton and Hove Albion,Sunderland,Brighton and Hove Albion,0.607,0.3168,0.9233,53.1,186.3,0.7337,0.1722,0.8433,0.5983,1.4414,55.6,171.8,0.7779,0.223,-0.23630000000000007,-0.28150000000000003,-0.5181,-2.5,2026-03-14,Sunderland,Brighton and Hove Albion,0,1,A,1484.6,1589.6,-105.0,11,14,3,29,29,0,0,1,1,0.8,0.6,1.6,0.2,5,1.2,0.8,0.8,0.2,5,1.1,1.0,1.6,0.2,10,1.2,1.0,0.9,0.2,10,1.4,1.2,1.0,0.4,5,1.0,1.2,1.2,0.2,5,0.7860781376821059,0.3508441982962636,0.9636114865839712,0.4252506135966334,0.1448605664988786,0.117233503019438
2025-26,30,2025-26_GW30_Arsenal_vs_Everton,Arsenal,Everton,1.0629,0.7422,1.805,75.8,137.4,0.8188,0.1949,0.6987,0.573,1.2717,59.4,117.9,0.7847,0.2523,0.36419999999999997,0.16920000000000002,0.5332999999999999,16.4,2026-03-14,Arsenal,Everton,2,0,H,1786.4,1583.8,202.6,1,8,7,30,29,3,0,2,5,2.2,2.0,1.0,0.2,5,1.8,1.6,1.2,0.2,5,1.9,1.9,0.8,0.5,10,1.5,1.4,1.3,0.2,10,2.0,2.2,1.0,0.4,5,2.6,1.8,0.8,0.4,5,1.2248471964807508,0.3683191148479531,0.9842865945165716,0.4607685879229341,0.1136458373877904,0.124149997974273
2025-26,30,2025-26_GW30_Chelsea_vs_Newcastle United,Chelsea,Newcastle United,1.5028,0.7642,2.267,69.1,148.0,0.7638,0.1849,0.923,0.5853,1.5083,61.6,143.2,0.7324,0.2219,0.5797999999999999,0.17889999999999995,0.7586999999999999,7.499999999999993,2026-03-14,Chelsea,Newcastle United,0,1,A,1664.0,1597.1,66.9,5,13,8,29,29,2,2,1,5,1.6,2.2,1.4,0.0,5,1.2,1.8,2.0,0.0,5,1.8,2.1,1.3,0.1,10,1.3,1.6,1.9,0.2,10,1.8,2.0,1.4,0.2,5,1.4,1.4,1.6,0.2,5,1.5320379603284646,0.455501985791455,1.178462765368709,0.5034749946500141,0.1190802602401152,0.1110741077680991
2025-26,30,2025-26_GW30_West Ham United_vs_Manchester City,West Ham United,Manchester City,1.1064,0.4397,1.5461,55.4,148.9,0.8182,0.2081,1.448,0.8048,2.2529,74.3,158.5,0.8253,0.2322,-0.3415999999999999,-0.3651,-0.7067999999999999,-18.9,2026-03-14,West Ham United,Manchester City,1,1,D,1502.0,1764.7,-262.7,18,2,-16,29,29,0,5,0,5,1.6,1.2,1.2,0.6,5,2.6,2.0,0.8,0.4,5,1.4,1.4,1.6,0.3,10,1.9,1.6,1.0,0.3,10,1.2,1.4,1.2,0.2,5,1.6,1.0,1.0,0.4,5,1.0512458516129326,0.4866578754989892,1.2900628867764938,0.4047729240345717,0.1206652166287423,0.1239271134821223
2025-26,30,2025-26_GW30_Crystal Palace_vs_Leeds United,Crystal Palace,Leeds United,0.9774,0.716,1.6928,58.4,165.8,0.8059,0.1959,0.9383,0.5495,1.4872,49.6,130.2,0.867,0.2581,0.039100000000000024,0.16649999999999998,0.2056,8.799999999999997,2026-03-15,Crystal Palace,Leeds United,0,0,D,1570.4,1487.9,82.5,14,15,1,29,29,2,2,1,5,1.8,1.6,1.2,0.4,5,1.0,1.2,1.2,0.0,5,1.1,1.1,1.4,0.3,10,1.0,1.2,1.6,0.1,10,1.0,1.0,1.4,0.4,5,0.8,1.4,1.6,0.2,5,1.060606017367753,0.4774414493712114,1.0550844981845688,0.4398965313288131,0.1140352874495297,0.1448605664988786
2025-26,30,2025-26_GW30_Manchester United_vs_Aston Villa,Manchester United,Aston Villa,1.1808,0.795,1.9754,65.7,167.9,0.8064,0.2467,0.8689,0.6159,1.4848,60.9,177.7,0.8039,0.2197,0.31190000000000007,0.17910000000000004,0.49060000000000015,4.800000000000004,2026-03-15,Manchester United,Aston Villa,3,1,H,1625.4,1659.6,-34.2,3,4,1,29,29,3,1,1,5,2.0,1.4,0.8,0.4,5,1.0,0.8,1.6,0.2,5,2.1,1.8,1.1,0.3,10,1.2,0.9,1.1,0.3,10,2.6,2.0,0.8,0.4,5,1.0,0.8,1.4,0.4,5,1.159711139699558,0.4214181952872961,0.9990070004759072,0.4611924766124456,0.116186299691238,0.1146154946989378
2025-26,30,2025-26_GW30_Nottingham Forest_vs_Fulham,Nottingham Forest,Fulham,0.818,0.5754,1.3934,58.4,153.9,0.8196,0.1828,0.9413,0.5267,1.468,58.3,96.1,0.7311,0.229,-0.12330000000000008,0.04870000000000008,-0.0746,0.10000000000000142,2026-03-15,Nottingham Forest,Fulham,0,0,D,1527.8,1556.2,-28.3,18,12,-6,29,29,1,4,0,5,0.4,0.8,1.6,0.2,5,1.2,1.2,1.6,0.0,5,1.0,1.0,1.3,0.3,10,1.3,1.4,1.6,0.0,10,0.6,0.2,0.8,0.4,5,0.8,1.2,1.8,0.0,5,0.8966119424348963,0.5099699855905058,1.0404992325829938,0.5483475779530339,0.1181356545352861,0.117219351623111
2025-26,30,2025-26_GW30_Liverpool_vs_Tottenham,Liverpool,Tottenham,1.1529,0.7355,1.8883,77.3,152.9,0.8415,0.2237,0.5691,0.3886,0.9571,60.2,171.9,0.6964,0.1801,0.5838,0.34690000000000004,0.9312000000000001,17.099999999999994,2026-03-15,Liverpool,Tottenham,1,1,D,1702.3,1477.5,224.7,6,16,10,29,29,4,1,0,5,1.8,1.8,1.2,0.4,5,0.0,0.8,2.6,0.0,5,1.5,1.8,1.3,0.3,10,0.3,1.2,2.3,0.0,10,1.6,2.2,1.2,0.2,5,0.4,1.0,1.8,0.2,5,1.2361874816141698,0.4326396292113599,0.892403756230968,0.5245867400123327,0.1186309534067321,0.1133064905386878
2025-26,30,2025-26_GW30_Brentford_vs_Wolverhampton Wanderers,Brentford,Wolverhampton Wanderers,1.1808,0.6441,1.8249,57.3,155.5,0.7783,0.2258,0.4801,0.4828,0.9629,51.4,165.1,0.7988,0.1589,0.7007000000000001,0.1613,0.862,5.899999999999999,2026-03-16,Brentford,Wolverhampton Wanderers,2,2,D,1600.1,1448.3,151.8,7,20,13,29,30,3,1,1,5,1.6,1.6,1.6,0.2,5,1.6,1.2,0.8,0.4,5,1.7,1.6,1.4,0.3,10,1.0,0.8,1.2,0.3,10,1.0,0.8,1.0,0.4,5,0.6,0.4,1.0,0.2,5,1.1311959701716752,0.4708025265403336,0.748542526157258,0.4836386086057478,0.1190095032584801,0.1226301806097607
2025-26,31,2025-26_GW31_Bournemouth_vs_Manchester United,Bournemouth,Manchester United,1.3577,0.7698,2.127,57.9,163.4,0.8703,0.2527,1.1826,0.8242,2.0065,65.8,167.8,0.8331,0.2436,0.1750999999999998,-0.054400000000000004,0.12049999999999983,-7.899999999999999,2026-03-20,Bournemouth,Manchester United,2,2,D,1582.2,1633.5,-51.3,10,3,-7,30,30,2,0,3,5,1.4,0.6,0.4,0.6,5,2.0,1.6,1.0,0.2,5,1.8,1.3,0.8,0.4,10,2.3,2.0,1.1,0.3,10,1.8,1.6,1.2,0.2,5,1.6,1.6,1.4,0.2,5,1.2296605814138075,0.476852424269069,1.129513385177646,0.4173910973685123,0.1136948250825667,0.1134041647602274
2025-26,31,2025-26_GW31_Brighton and Hove Albion_vs_Liverpool,Brighton and Hove Albion,Liverpool,0.8865,0.587,1.4732,54.9,172.5,0.7822,0.2212,1.1401,0.7844,1.9242,80.2,150.2,0.8315,0.2498,-0.25359999999999994,-0.19740000000000002,-0.45099999999999985,-25.300000000000004,2026-03-21,Brighton and Hove Albion,Liverpool,2,1,H,1599.4,1694.9,-95.5,12,5,-7,30,30,1,3,1,5,1.8,1.0,0.6,0.4,5,2.0,1.8,1.0,0.4,5,1.2,0.9,0.9,0.2,10,1.5,1.7,1.2,0.3,10,1.0,0.8,1.0,0.0,5,1.4,1.0,1.0,0.6,5,0.991063491421243,0.4179426259088115,1.2326257209259854,0.4331111453198348,0.1143708552704794,0.1156608645662549
2025-26,31,2025-26_GW31_Fulham_vs_Burnley,Fulham,Burnley,0.923,0.5461,1.4689,57.7,96.9,0.7664,0.2251,0.4993,0.329,0.8283,49.8,151.6,0.7392,0.2217,0.4237,0.21710000000000002,0.6406000000000001,7.900000000000006,2026-03-21,Fulham,Burnley,3,1,H,1558.2,1397.1,161.1,12,19,7,30,30,1,2,2,5,1.4,1.0,1.2,0.2,5,1.0,1.4,1.8,0.2,5,1.3,1.2,1.4,0.1,10,0.8,1.2,1.9,0.1,10,1.8,1.4,1.2,0.0,5,1.0,1.0,1.8,0.0,5,1.0184503648433327,0.5364610111704093,0.7020252174567422,0.4477685931618795,0.1143577918852057,0.1398738491710122
2025-26,31,2025-26_GW31_Everton_vs_Chelsea,Everton,Chelsea,0.7138,0.5718,1.2856,58.8,118.6,0.7882,0.2489,1.4652,0.7452,2.2103,68.3,148.7,0.7721,0.1848,-0.7514000000000001,-0.1734,-0.9247000000000001,-9.5,2026-03-21,Everton,Chelsea,3,0,H,1580.8,1649.6,-68.7,10,6,-4,30,30,1,3,1,5,1.2,1.2,1.4,0.2,5,1.0,1.6,1.4,0.0,5,1.5,1.2,1.1,0.2,10,1.7,2.0,1.3,0.1,10,1.0,1.0,1.0,0.2,5,1.8,2.4,1.4,0.0,5,0.969135069658964,0.4856692291869228,1.4755765571430473,0.4595265642565528,0.1207555848229883,0.116075627048694
2025-26,31,2025-26_GW31_Leeds United_vs_Brentford,Leeds United,Brentford,0.9876,0.5522,1.5392,49.6,130.1,0.8601,0.2552,1.264,0.7058,1.9697,57.4,155.6,0.7796,0.2264,-0.2764,-0.15359999999999996,-0.4305000000000001,-7.799999999999997,2026-03-21,Leeds United,Brentford,0,0,D,1492.8,1593.9,-101.1,15,8,-7,30,30,1,1,3,5,0.6,0.6,1.0,0.2,5,1.2,1.4,1.6,0.2,5,1.0,1.1,1.5,0.2,10,1.5,1.4,1.4,0.3,10,1.2,0.8,1.4,0.2,5,2.0,1.6,1.4,0.4,5,1.032228678339698,0.4176084355185307,1.191138492732326,0.4695026521419599,0.1398738491710122,0.1160103101223257
2025-26,31,2025-26_GW31_Newcastle United_vs_Sunderland,Newcastle United,Sunderland,0.9743,0.5633,1.5376,63.2,141.5,0.6865,0.229,0.6295,0.3194,0.9483,52.5,186.9,0.7206,0.1709,0.3448000000000001,0.2439,0.5893,10.700000000000003,2026-03-22,Newcastle United,Sunderland,1,2,A,1611.6,1474.7,136.8,11,13,2,30,30,0,1,0,1,1.8,1.6,1.4,0.2,5,0.8,0.6,1.2,0.2,5,1.3,1.5,1.9,0.2,10,1.0,0.9,1.6,0.2,10,1.2,2.0,2.4,0.0,5,0.8,0.6,2.0,0.2,5,1.1654821980766883,0.4995203335780929,0.7770074432893846,0.3513374091237216,0.1086850168301122,0.1398738491710122
2025-26,31,2025-26_GW31_Aston Villa_vs_West Ham United,Aston Villa,West Ham United,0.865,0.5765,1.4415,59.2,179.1,0.7759,0.2287,1.0203,0.4194,1.4397,55.4,148.9,0.83,0.2054,-0.1553,0.15710000000000002,0.0018000000000000238,3.8000000000000043,2026-03-22,Aston Villa,West Ham United,2,0,H,1651.5,1506.3,145.2,4,18,14,30,30,3,0,2,5,0.8,0.8,2.0,0.2,5,1.2,1.0,1.4,0.4,5,0.9,0.7,1.3,0.3,10,1.5,1.5,1.4,0.3,10,0.8,0.6,1.4,0.2,5,1.8,1.8,1.8,0.4,5,0.9797603211332672,0.4547244484045808,0.996122988449168,0.4944820647780388,0.1119541289948495,0.1175387261993457
2025-26,31,2025-26_GW31_Tottenham_vs_Nottingham Forest,Tottenham,Nottingham Forest,0.5542,0.3831,0.9367,59.0,172.9,0.6737,0.1855,0.818,0.5728,1.3908,58.5,153.8,0.8442,0.2021,-0.2637999999999999,-0.18969999999999998,-0.45410000000000006,0.5,2026-03-22,Tottenham,Nottingham Forest,0,3,A,1484.9,1525.8,-40.9,16,17,1,30,30,2,3,0,5,0.2,1.0,2.4,0.0,5,0.6,0.6,1.0,0.4,5,0.3,1.2,2.3,0.0,10,1.1,0.9,1.0,0.4,10,0.2,1.2,2.6,0.0,5,1.4,1.6,1.6,0.2,5,0.8951750589739041,0.5217895423799159,0.8834016432884897,0.5001795906130718,0.1107457658570345,0.1152036460816762
2025-26,32,2025-26_GW32_West Ham United_vs_Wolverhampton Wanderers,West Ham United,Wolverhampton Wanderers,0.9516,0.3958,1.3474,55.1,149.1,0.8074,0.1983,0.5414,0.5133,1.0547,51.2,165.1,0.8086,0.162,0.4102,-0.1175,0.29269999999999996,3.8999999999999986,2026-04-10,West Ham United,Wolverhampton Wanderers,4,0,H,1502.4,1454.5,48.0,18,20,2,31,31,3,2,0,5,1.0,0.8,1.6,0.4,5,1.6,1.6,1.2,0.2,5,1.5,1.4,1.4,0.3,10,1.0,0.9,1.3,0.3,10,1.2,1.2,1.0,0.2,5,0.6,0.6,1.2,0.2,5,0.97024052693199,0.4958238625128151,0.7792092226630746,0.4966913190184461,0.1146526117771483,0.1193526165702847
2025-26,32,2025-26_GW32_Arsenal_vs_Bournemouth,Arsenal,Bournemouth,1.0464,0.7633,1.8094,75.7,137.4,0.8064,0.1783,1.399,0.7767,2.1753,58.1,163.4,0.8752,0.2512,-0.3526,-0.013399999999999967,-0.3659000000000001,17.6,2026-04-11,Arsenal,Bournemouth,1,2,A,1789.4,1580.8,208.6,1,13,12,31,31,3,2,0,5,2.6,2.2,0.8,0.4,5,1.0,0.6,0.6,0.6,5,2.1,2.1,0.8,0.5,10,1.6,1.2,0.8,0.4,10,2.0,1.8,0.8,0.6,5,1.8,1.0,0.4,0.6,5,1.286917531314875,0.3727301433459813,1.233985190719957,0.4790276506786062,0.111059022480536,0.1111042438223558
2025-26,32,2025-26_GW32_Brentford_vs_Everton,Brentford,Everton,1.2243,0.6586,1.8829,58.0,155.1,0.7677,0.2238,0.7422,0.5866,1.3288,58.8,118.6,0.8047,0.2503,0.4821,0.07199999999999995,0.5541,-0.7999999999999972,2026-04-11,Brentford,Everton,2,2,D,1593.8,1589.9,3.9,7,8,1,31,31,1,2,2,5,1.2,1.2,1.4,0.4,5,1.8,1.6,1.0,0.4,5,1.3,1.1,1.4,0.3,10,1.7,1.4,1.0,0.3,10,1.0,1.2,1.4,0.2,5,2.0,1.4,1.2,0.2,5,1.1170525421352018,0.4530725810841533,0.9635177020857036,0.4731791981398157,0.113241705912371,0.1176221465566476
2025-26,32,2025-26_GW32_Burnley_vs_Brighton and Hove Albion,Burnley,Brighton and Hove Albion,0.5269,0.3406,0.8675,50.4,151.0,0.7404,0.2281,0.9303,0.6355,1.5655,55.3,172.1,0.7914,0.2169,-0.4034,-0.29489999999999994,-0.6979999999999998,-4.899999999999999,2026-04-11,Burnley,Brighton and Hove Albion,0,2,A,1393.5,1609.3,-215.8,19,11,-8,31,31,1,2,2,5,0.4,1.0,2.0,0.2,5,2.4,1.4,0.6,0.4,5,0.7,1.1,2.0,0.1,10,1.4,1.0,0.9,0.2,10,0.6,1.4,2.0,0.2,5,1.4,1.0,0.8,0.4,5,0.7263492954852109,0.4663042069638102,1.0444700986080735,0.4131218723314931,0.1352705288908493,0.1117282983394688
2025-26,32,2025-26_GW32_Liverpool_vs_Fulham,Liverpool,Fulham,1.1535,0.7759,1.9291,80.4,150.2,0.8291,0.2379,0.8944,0.5394,1.4335,57.5,97.2,0.7576,0.2201,0.2591,0.23650000000000004,0.49560000000000004,22.900000000000006,2026-04-11,Liverpool,Fulham,2,0,H,1685.1,1561.9,123.2,5,11,6,31,31,2,1,2,5,1.4,1.8,1.4,0.2,5,2.0,1.6,0.8,0.2,5,1.4,1.8,1.4,0.2,10,1.3,1.3,1.4,0.1,10,1.6,2.4,1.4,0.0,5,0.8,1.0,1.6,0.2,5,1.1889027544935935,0.4518133699118962,1.1304968979667684,0.5319034816464888,0.1129191270073898,0.1117162393149835
2025-26,32,2025-26_GW32_Chelsea_vs_Manchester City,Chelsea,Manchester City,1.4921,0.7953,2.2873,68.9,148.1,0.7848,0.1814,1.4748,0.7878,2.2622,74.3,158.5,0.8233,0.2289,0.01729999999999987,0.007500000000000062,0.025100000000000122,-5.3999999999999915,2026-04-12,Chelsea,Manchester City,0,3,A,1640.5,1760.3,-119.9,6,2,-4,31,30,0,2,3,5,0.8,1.2,1.6,0.0,5,2.2,1.8,0.8,0.4,5,1.7,1.9,1.4,0.1,10,1.9,1.6,1.0,0.3,10,1.6,1.6,1.2,0.2,5,1.6,1.2,1.2,0.2,5,1.398025588442513,0.4582940679896188,1.3043287014956593,0.3931465413446343,0.1133020010347973,0.1205498365049279
2025-26,32,2025-26_GW32_Sunderland_vs_Tottenham,Sunderland,Tottenham,0.6112,0.3287,0.9394,52.3,185.9,0.734,0.1814,0.5813,0.3856,0.9662,58.4,173.4,0.6665,0.1833,0.029899999999999927,-0.056900000000000006,-0.026799999999999935,-6.100000000000001,2026-04-12,Sunderland,Tottenham,1,0,H,1490.7,1473.2,17.5,12,18,6,31,31,0,1,2,3,1.4,1.0,1.2,0.2,5,0.2,0.8,2.6,0.0,5,1.3,1.1,1.4,0.2,10,0.3,1.0,2.3,0.0,10,1.2,1.2,1.2,0.2,5,0.4,1.2,2.0,0.0,5,0.8892415156090515,0.3438555872395468,0.8929996974505151,0.5190957691108294,0.1352705288908493,0.1083819190448046
2025-26,32,2025-26_GW32_Nottingham Forest_vs_Aston Villa,Nottingham Forest,Aston Villa,0.8291,0.6025,1.4316,58.6,153.8,0.8526,0.2169,0.8744,0.5877,1.462,60.8,177.4,0.7574,0.2269,-0.04530000000000001,0.014800000000000035,-0.030399999999999983,-2.1999999999999957,2026-04-12,Nottingham Forest,Aston Villa,1,1,D,1537.5,1655.4,-118.0,16,4,-12,31,31,2,3,0,5,1.0,1.2,1.0,0.4,5,0.8,1.0,2.0,0.2,5,1.1,1.0,0.9,0.5,10,1.1,0.9,1.3,0.3,10,0.8,0.2,0.4,0.6,5,1.0,0.8,1.2,0.4,5,0.9069619646187882,0.4915052270554511,1.0070270556010408,0.4453804523799539,0.1124970611504052,0.1094973788096927
2025-26,32,2025-26_GW32_Crystal Palace_vs_Newcastle United,Crystal Palace,Newcastle United,1.0048,0.6626,1.6668,60.8,163.4,0.7884,0.2004,0.9848,0.5472,1.532,63.0,141.9,0.6927,0.2288,0.019999999999999907,0.11539999999999995,0.13480000000000003,-2.200000000000003,2026-04-12,Crystal Palace,Newcastle United,2,1,H,1565.6,1595.6,-30.0,14,13,-1,30,31,1,3,1,5,1.4,1.4,1.2,0.4,5,1.2,1.4,1.6,0.2,5,1.2,1.1,1.2,0.4,10,1.0,1.2,1.8,0.2,10,1.0,0.8,1.2,0.6,5,1.4,1.0,1.4,0.4,5,1.0146468616955917,0.4719909526103532,1.1418343494836982,0.5174657602200481,0.1114185301986288,0.1064796079322523
2025-26,32,2025-26_GW32_Manchester United_vs_Leeds United,Manchester United,Leeds United,1.2127,0.8506,2.0631,65.9,167.7,0.8561,0.2463,1.0376,0.5653,1.6024,49.5,129.9,0.8542,0.2448,0.1750999999999998,0.2853,0.4606999999999999,16.400000000000006,2026-04-13,Manchester United,Leeds United,1,2,A,1634.9,1492.8,142.1,3,15,12,31,31,3,0,2,5,2.0,1.8,1.2,0.2,5,0.6,0.2,0.6,0.4,5,2.3,2.0,1.1,0.3,10,1.1,0.8,1.1,0.3,10,3.0,2.4,0.8,0.4,5,0.8,1.4,1.6,0.2,5,1.1425860627073434,0.4256486774258172,0.9684977821584384,0.3941933701018359,0.1108359305275584,0.1352705288908493
2025-26,33,2025-26_GW33_Brentford_vs_Fulham,Brentford,Fulham,1.2869,0.6769,1.9638,58.9,152.3,0.7869,0.2468,0.8264,0.539,1.3651,57.4,97.4,0.7531,0.2237,0.4604999999999999,0.1378999999999999,0.5987,1.5,2026-04-18,Brentford,Fulham,0,0,D,1590.9,1557.5,33.4,7,12,5,32,32,1,3,1,5,1.4,1.6,1.4,0.4,5,1.4,1.0,1.0,0.2,5,1.4,1.3,1.4,0.3,10,1.3,1.3,1.5,0.1,10,0.6,1.0,1.8,0.0,5,0.8,1.0,1.8,0.2,5,1.198096686832596,0.4540452510467558,1.0983142768567251,0.5362805780527325,0.1106859621094869,0.1092777789575717
2025-26,33,2025-26_GW33_Leeds United_vs_Wolverhampton Wanderers,Leeds United,Wolverhampton Wanderers,1.0557,0.5647,1.6198,48.8,130.7,0.8393,0.2453,0.5453,0.5086,1.0539,50.9,165.0,0.8261,0.1598,0.5104000000000001,0.05609999999999993,0.5658999999999998,-2.1000000000000014,2026-04-18,Leeds United,Wolverhampton Wanderers,3,0,H,1508.8,1448.5,60.3,15,20,5,32,32,4,0,1,5,1.0,0.4,0.6,0.4,5,1.4,1.2,1.6,0.2,5,1.1,0.9,1.2,0.2,10,0.9,0.9,1.7,0.2,10,0.8,0.6,1.4,0.2,5,0.4,0.4,1.8,0.2,5,1.0489570706399307,0.3914213818211983,0.752678071842814,0.5063387997849107,0.1310211286925778,0.1163270436291154
2025-26,33,2025-26_GW33_Newcastle United_vs_Bournemouth,Newcastle United,Bournemouth,0.9448,0.5567,1.5015,62.0,143.0,0.6773,0.2208,1.4393,0.7697,2.2085,58.1,163.2,0.8917,0.2528,-0.49450000000000005,-0.21300000000000008,-0.7069999999999999,3.8999999999999986,2026-04-18,Newcastle United,Bournemouth,1,2,A,1587.6,1597.9,-10.3,14,11,-3,32,32,0,2,3,5,1.2,1.4,1.6,0.2,5,1.4,1.0,0.8,0.4,5,0.9,1.3,2.0,0.1,10,1.8,1.3,0.8,0.4,10,0.6,1.4,2.2,0.0,5,2.2,1.2,0.4,0.6,5,1.1143411261789278,0.5343093252358566,1.202225879929415,0.4865444886339807,0.1044437589281713,0.1087128359144121
2025-26,33,2025-26_GW33_Tottenham_vs_Brighton and Hove Albion,Tottenham,Brighton and Hove Albion,0.6216,0.3812,1.002,58.2,173.6,0.668,0.1825,0.9713,0.6512,1.6222,56.1,171.5,0.7904,0.2169,-0.3497,-0.27,-0.6202000000000001,2.1000000000000014,2026-04-18,Tottenham,Brighton and Hove Albion,2,2,D,1466.4,1616.1,-149.7,18,10,-8,32,32,1,3,1,5,0.2,0.6,2.0,0.0,5,2.4,1.4,0.6,0.4,5,0.3,0.9,2.2,0.0,10,1.6,1.1,0.8,0.3,10,0.2,1.0,2.8,0.0,5,1.8,1.2,0.6,0.6,5,0.873463491061779,0.5139769626192972,1.0771046020066022,0.4070593589263723,0.1061998134120813,0.1092889108401956
2025-26,33,2025-26_GW33_Chelsea_vs_Manchester United,Chelsea,Manchester United,1.4216,0.7282,2.1498,66.8,149.9,0.749,0.1799,1.1879,0.8297,2.0171,66.1,167.5,0.8247,0.2458,0.23370000000000002,-0.10150000000000003,0.13269999999999982,0.7000000000000028,2026-04-18,Chelsea,Manchester United,0,1,A,1631.0,1618.9,12.1,6,3,-3,32,32,2,2,1,5,0.6,1.0,2.0,0.0,5,1.4,1.8,1.6,0.0,5,1.4,1.7,1.7,0.0,10,2.0,1.9,1.3,0.2,10,1.0,1.2,1.8,0.0,5,1.6,1.6,1.4,0.2,5,1.3412396336427144,0.4780937611870564,1.124781893715888,0.4444932933731174,0.1107416215226061,0.1084651515260318
2025-26,33,2025-26_GW33_Aston Villa_vs_Sunderland,Aston Villa,Sunderland,0.8433,0.5626,1.4059,59.2,178.8,0.733,0.2275,0.5934,0.3583,0.9512,51.9,186.1,0.7218,0.1799,0.2499,0.20429999999999998,0.4546999999999999,7.300000000000004,2026-04-19,Aston Villa,Sunderland,4,3,H,1654.9,1497.4,157.5,4,11,7,32,32,0,0,1,1,0.8,1.0,2.0,0.2,5,2.0,1.0,0.6,0.4,5,1.2,1.0,1.3,0.3,10,1.3,1.0,1.3,0.3,10,1.4,1.0,1.2,0.4,5,1.4,1.0,1.6,0.2,5,0.9898243903739,0.4404619809177713,0.9004943131194018,0.3310337110760438,0.1072295125547861,0.1310211286925778
2025-26,33,2025-26_GW33_Everton_vs_Liverpool,Everton,Liverpool,0.7752,0.6054,1.3807,58.2,119.3,0.8184,0.245,1.1139,0.8115,1.925,80.9,149.8,0.7784,0.2337,-0.3386999999999999,-0.20609999999999995,-0.5443,-22.700000000000003,2026-04-19,Everton,Liverpool,1,2,A,1592.9,1689.4,-96.5,10,5,-5,32,32,1,3,1,5,2.0,2.0,1.2,0.4,5,1.4,2.0,1.4,0.2,5,1.5,1.5,1.2,0.2,10,1.6,1.9,1.3,0.3,10,1.4,1.4,0.8,0.4,5,1.2,1.2,1.4,0.4,5,0.9811594730932416,0.4983671137502257,1.1859198674215825,0.446466638308195,0.114729618472595,0.1103881842492993
2025-26,33,2025-26_GW33_Nottingham Forest_vs_Burnley,Nottingham Forest,Burnley,0.8433,0.6341,1.4774,59.0,153.4,0.8719,0.2178,0.5589,0.3676,0.9265,51.6,149.6,0.7368,0.2243,0.2844000000000001,0.2665,0.5509000000000001,7.399999999999999,2026-04-19,Nottingham Forest,Burnley,4,1,H,1538.0,1386.7,151.3,16,19,3,32,32,1,0,2,3,1.2,1.4,1.0,0.4,5,0.2,0.8,2.2,0.2,5,1.1,1.1,1.0,0.4,10,0.6,1.0,2.1,0.1,10,0.8,0.4,0.6,0.4,5,0.8,1.0,2.2,0.0,5,0.9058713164005456,0.483163537223255,0.7213603585821338,0.4630287820595002,0.1099985683574651,0.1310211286925778
2025-26,33,2025-26_GW33_Manchester City_vs_Arsenal,Manchester City,Arsenal,1.4973,0.8135,2.3105,73.5,158.4,0.8203,0.2266,1.0338,0.713,1.7466,75.7,136.8,0.7743,0.18,0.4635,0.10050000000000003,0.5639000000000003,-2.200000000000003,2026-04-19,Manchester City,Arsenal,2,1,H,1769.7,1772.3,-2.6,2,1,-1,31,32,0,2,3,5,2.2,1.8,0.8,0.4,5,2.4,2.0,0.8,0.4,5,2.1,1.8,0.9,0.4,10,2.0,2.2,1.0,0.4,10,2.2,2.0,0.8,0.4,5,2.2,2.4,0.8,0.4,5,1.33437318972621,0.3924923891871411,1.3145978807025205,0.381303059473255,0.1174322169210045,0.1086710913545727
2025-26,33,2025-26_GW33_Crystal Palace_vs_West Ham United,Crystal Palace,West Ham United,0.9494,0.6625,1.6115,59.0,165.0,0.7904,0.2048,1.0691,0.436,1.5051,56.5,146.8,0.8338,0.2039,-0.11969999999999992,0.22649999999999998,0.10639999999999983,2.5,2026-04-20,Crystal Palace,West Ham United,0,0,D,1573.6,1508.4,65.2,13,17,4,31,32,3,1,1,5,2.0,1.4,0.8,0.4,5,1.4,1.6,1.6,0.4,5,1.4,1.3,1.3,0.3,10,1.5,1.6,1.3,0.4,10,1.4,1.2,1.4,0.4,5,1.2,1.4,2.0,0.4,5,1.0879418046646825,0.4655975303969444,1.0352515179720694,0.4777135425784284,0.1090029588057964,0.1119883923764756
2025-26,33,2025-26_GW33_Brighton and Hove Albion_vs_Chelsea,Brighton and Hove Albion,Chelsea,0.9713,0.6512,1.6222,56.1,171.5,0.7904,0.2169,1.4216,0.7282,2.1498,66.8,149.9,0.749,0.1799,-0.4502999999999999,-0.07699999999999996,-0.5275999999999998,-10.699999999999996,2026-04-21,Brighton and Hove Albion,Chelsea,3,0,H,1614.7,1617.9,-3.2,9,6,-3,33,33,2,3,0,5,2.0,1.4,0.8,0.4,5,0.6,0.8,1.8,0.0,5,1.7,1.2,0.8,0.3,10,1.1,1.4,1.7,0.0,10,1.4,1.0,1.0,0.0,5,1.8,2.2,1.6,0.0,5,1.0769024599808714,0.4072388961759203,1.339410120514832,0.4797042474910486,0.1092889108401956,0.1107416215226061
2025-26,33,2025-26_GW33_Burnley_vs_Manchester City,Burnley,Manchester City,0.5589,0.3676,0.9265,51.6,149.6,0.7368,0.2243,1.4973,0.8135,2.3105,73.5,158.4,0.8203,0.2266,-0.9384000000000001,-0.4459,-1.3840000000000003,-21.9,2026-04-22,Burnley,Manchester City,0,1,A,1382.9,1777.0,-394.1,19,2,-17,33,32,0,5,0,5,0.2,0.4,2.2,0.2,5,2.2,1.8,0.8,0.4,5,0.5,0.9,2.3,0.1,10,2.4,2.0,0.8,0.4,10,0.4,1.0,2.0,0.2,5,2.2,1.8,0.8,0.4,5,0.7211166152848183,0.4633057694907108,1.335287250810109,0.3917931084407103,0.1310211286925778,0.1174322169210045
2025-26,33,2025-26_GW33_Bournemouth_vs_Leeds United,Bournemouth,Leeds United,1.4393,0.7697,2.2085,58.1,163.2,0.8917,0.2528,1.0557,0.5647,1.6198,48.8,130.7,0.8393,0.2453,0.38359999999999994,0.20500000000000007,0.5887,9.300000000000004,2026-04-22,Bournemouth,Leeds United,2,2,D,1610.5,1514.5,96.0,9,15,6,33,33,1,1,1,3,1.8,1.2,0.8,0.4,5,1.6,1.0,0.4,0.6,5,1.8,1.2,0.7,0.4,10,1.3,1.1,1.1,0.3,10,1.4,1.4,1.2,0.2,5,1.4,1.2,1.0,0.2,5,1.204070199511211,0.4848880554164668,1.0493163325142083,0.3910665387059758,0.1087128359144121,0.1310211286925778
2025-26,34,2025-26_GW34_Sunderland_vs_Nottingham Forest,Sunderland,Nottingham Forest,0.6283,0.3701,0.9979,52.8,185.1,0.7449,0.1923,0.8054,0.6157,1.421,59.2,153.3,0.8636,0.2143,-0.17710000000000004,-0.24560000000000004,-0.42310000000000003,-6.400000000000006,2026-04-24,Sunderland,Nottingham Forest,0,5,A,1493.7,1541.8,-48.1,11,16,5,33,33,1,0,0,1,1.8,1.4,1.2,0.4,5,1.8,2.0,0.8,0.4,5,1.3,1.2,1.4,0.3,10,1.1,1.3,1.1,0.3,10,1.2,1.0,1.0,0.4,5,1.4,1.8,1.4,0.4,5,0.937554162994388,0.3511183299148953,0.9077974821512133,0.4640418086386221,0.1270984379072148,0.1076921688189729
2025-26,34,2025-26_GW34_Fulham_vs_Aston Villa,Fulham,Aston Villa,0.7822,0.5208,1.3028,57.0,97.3,0.7343,0.221,0.9038,0.5904,1.4942,58.5,179.3,0.7269,0.2468,-0.12160000000000004,-0.0696,-0.19140000000000001,-1.5,2026-04-25,Fulham,Aston Villa,1,0,H,1561.2,1658.6,-97.4,12,4,-8,33,33,0,5,0,5,1.0,0.6,0.8,0.4,5,1.4,1.8,2.2,0.2,5,1.1,1.1,1.4,0.2,10,1.2,1.2,1.6,0.2,10,1.8,1.6,1.2,0.0,5,1.0,1.0,1.4,0.2,5,1.0534784169130955,0.5357772699291552,1.0825455847721437,0.4434101031287326,0.1070267963416292,0.1051360081434632
2025-26,34,2025-26_GW34_Liverpool_vs_Crystal Palace,Liverpool,Crystal Palace,0.9881,0.7898,1.7775,77.0,153.6,0.7488,0.2331,0.9227,0.6495,1.572,57.2,166.7,0.8143,0.2043,0.06540000000000001,0.14029999999999998,0.20550000000000002,19.799999999999997,2026-04-25,Liverpool,Crystal Palace,3,1,H,1699.5,1569.2,130.3,5,13,8,33,32,2,2,1,5,1.4,1.4,1.2,0.2,5,1.6,1.2,0.8,0.4,5,1.9,1.9,1.1,0.3,10,1.5,1.2,1.1,0.4,10,2.0,2.6,1.2,0.2,5,1.4,1.4,1.2,0.2,5,1.1756736726056802,0.4365756452946943,1.0422217070723792,0.4539241195571661,0.1080518296175371,0.1067731053672088
2025-26,34,2025-26_GW34_West Ham United_vs_Everton,West Ham United,Everton,1.062,0.421,1.483,56.6,146.5,0.8186,0.2051,0.8002,0.6297,1.4299,58.9,118.4,0.8383,0.2433,0.26180000000000003,-0.20870000000000005,0.05310000000000015,-2.299999999999997,2026-04-25,West Ham United,Everton,2,1,H,1512.8,1582.8,-69.9,17,11,-6,33,33,1,1,3,5,1.6,1.2,0.6,0.6,5,1.4,1.6,1.2,0.4,5,1.3,1.3,1.2,0.5,10,1.4,1.5,1.3,0.2,10,1.8,1.8,0.6,0.4,5,1.6,1.6,1.6,0.0,5,0.9866880191969286,0.464145726963532,0.9481149186654588,0.4962997091012858,0.1095290078973543,0.1120594785158237
2025-26,34,2025-26_GW34_Wolverhampton Wanderers_vs_Tottenham,Wolverhampton Wanderers,Tottenham,0.519,0.4976,1.0166,50.8,164.9,0.8128,0.1604,0.6027,0.3775,0.9796,57.7,173.9,0.6267,0.1883,-0.0837,0.12009999999999998,0.03699999999999992,-6.900000000000006,2026-04-25,Wolverhampton Wanderers,Tottenham,0,1,A,1442.8,1467.8,-25.1,20,18,-2,33,33,3,0,2,5,1.4,1.2,2.0,0.2,5,0.4,0.8,2.0,0.0,5,0.9,0.9,1.8,0.2,10,0.3,0.9,2.2,0.0,10,1.4,1.4,1.6,0.2,5,0.4,0.8,1.6,0.0,5,0.7291040207776998,0.5215534406436543,0.8748498049577085,0.5009229497876805,0.1135340877899369,0.1041854760329721
2025-26,34,2025-26_GW34_Arsenal_vs_Newcastle United,Arsenal,Newcastle United,0.8433,0.6344,1.4775,73.1,139.0,0.7335,0.1758,0.8917,0.54,1.4317,61.6,143.4,0.6807,0.2212,-0.0484,0.09439999999999993,0.04580000000000006,11.499999999999993,2026-04-25,Arsenal,Newcastle United,1,0,H,1765.0,1575.1,189.9,2,14,12,33,33,3,2,0,5,1.8,1.4,1.0,0.4,5,1.2,1.2,1.4,0.2,5,2.0,2.1,0.9,0.4,10,0.9,1.4,2.0,0.1,10,1.8,2.0,1.2,0.4,5,1.2,1.2,1.8,0.2,5,1.3092548950463667,0.3911548589065868,1.1156338786878688,0.5569911863599262,0.1064667530981506,0.1025644334337292
2025-26,34,2025-26_GW34_Manchester United_vs_Brentford,Manchester United,Brentford,1.1633,0.8023,1.9651,69.0,164.5,0.8027,0.2436,1.3153,0.6941,2.0094,59.4,151.2,0.8162,0.252,-0.1519999999999999,0.10819999999999996,-0.044299999999999784,9.600000000000001,2026-04-27,Manchester United,Brentford,2,1,H,1632.0,1587.3,44.7,3,9,6,33,33,2,2,1,5,1.4,1.6,1.4,0.2,5,1.0,0.8,0.8,0.6,5,2.0,1.7,1.1,0.3,10,1.5,1.3,1.2,0.4,10,2.4,2.2,1.2,0.2,5,2.2,1.6,1.0,0.6,5,1.0516255926236695,0.4455494047022962,1.1818724881050362,0.4434979716493316,0.1062766466760524,0.1083267132278683
2025-26,35,2025-26_GW35_Leeds United_vs_Burnley,Leeds United,Burnley,1.0802,0.5169,1.5965,49.5,130.0,0.8311,0.2472,0.5495,0.3285,0.8779,50.9,150.2,0.7471,0.2235,0.5307000000000001,0.1884,0.7186,-1.3999999999999986,2026-05-01,Leeds United,Burnley,3,1,H,1519.6,1379.8,139.8,15,19,4,34,34,3,1,1,5,1.8,1.4,0.6,0.6,5,0.2,0.4,2.0,0.2,5,1.4,1.3,0.9,0.3,10,0.5,0.9,2.1,0.1,10,1.4,1.2,0.6,0.4,5,0.8,1.2,2.4,0.0,5,1.358510547326515,0.3751668148248092,0.7256844426492043,0.4716975956577391,0.1234773379214259,0.1234773379214259
2025-26,35,2025-26_GW35_Brentford_vs_West Ham United,Brentford,West Ham United,1.3556,0.7365,2.0921,59.5,151.2,0.8417,0.2444,1.063,0.4554,1.5184,56.8,146.5,0.8436,0.2093,0.29259999999999997,0.2811,0.5736999999999999,2.700000000000003,2026-05-02,Brentford,West Ham United,3,0,H,1581.2,1522.0,59.2,9,17,8,34,34,3,1,1,5,0.8,1.0,1.2,0.4,5,1.6,1.4,0.8,0.4,5,1.2,1.3,1.4,0.3,10,1.6,1.3,1.0,0.5,10,0.8,1.0,1.4,0.2,5,1.4,1.0,1.4,0.6,5,1.1670685375149936,0.4420946700696652,0.9792069247774062,0.4632245801412125,0.1061488520200518,0.1072587098826278
2025-26,35,2025-26_GW35_Newcastle United_vs_Brighton and Hove Albion,Newcastle United,Brighton and Hove Albion,0.6792,0.4498,1.1291,57.8,147.2,0.6309,0.2375,0.9405,0.6739,1.6141,56.0,171.8,0.7794,0.2118,-0.2613,-0.22410000000000008,-0.4850000000000001,1.7999999999999972,2026-05-02,Newcastle United,Brighton and Hove Albion,3,1,H,1571.9,1622.0,-50.0,15,7,-8,34,34,0,3,2,5,0.6,0.8,1.4,0.2,5,2.6,2.0,0.6,0.6,5,0.9,1.3,1.7,0.1,10,1.9,1.4,0.7,0.4,10,0.6,1.6,2.2,0.0,5,2.0,1.4,0.6,0.6,5,1.0834806587698562,0.535425590802751,1.2464265099027667,0.393650813181676,0.1008295973496286,0.1049583634580578
2025-26,35,2025-26_GW35_Wolverhampton Wanderers_vs_Sunderland,Wolverhampton Wanderers,Sunderland,0.4745,0.458,0.9325,51.6,163.1,0.7743,0.1642,0.658,0.4136,1.0713,52.8,185.1,0.7805,0.1923,-0.18350000000000005,0.044399999999999995,-0.13879999999999992,-1.1999999999999957,2026-05-02,Wolverhampton Wanderers,Sunderland,1,1,D,1430.7,1482.2,-51.5,20,12,-8,34,34,0,1,0,1,0.8,0.8,2.2,0.0,5,1.2,1.2,2.2,0.2,5,0.9,0.9,1.7,0.2,10,1.0,0.9,1.9,0.2,10,1.4,1.4,1.4,0.2,5,1.4,1.4,1.8,0.2,5,0.7162092883062252,0.5058241566066055,0.8979033802510406,0.3426854595737427,0.1109558646000552,0.1234773379214259
2025-26,35,2025-26_GW35_Arsenal_vs_Fulham,Arsenal,Fulham,0.8536,0.693,1.5465,76.4,135.6,0.7547,0.1784,0.8173,0.5143,1.3313,57.3,97.0,0.7416,0.2149,0.0363,0.17869999999999997,0.21520000000000006,19.10000000000001,2026-05-02,Arsenal,Fulham,3,0,H,1768.2,1571.1,197.1,1,10,9,34,34,2,1,2,5,1.8,1.2,0.8,0.6,5,1.6,0.8,0.6,0.6,5,2.0,1.8,0.9,0.4,10,1.4,1.0,1.1,0.3,10,2.4,1.8,0.6,0.6,5,1.0,0.6,1.2,0.4,5,1.2284560290896351,0.3922778325363438,1.0427789456332697,0.523820186167526,0.104431892420682,0.1049488774934204
2025-26,35,2025-26_GW35_Aston Villa_vs_Tottenham,Aston Villa,Tottenham,0.8942,0.5889,1.4831,60.4,177.6,0.7461,0.2594,0.5732,0.3698,0.9423,58.6,173.0,0.6463,0.1866,0.32099999999999995,0.21909999999999996,0.5408000000000001,1.7999999999999972,2026-05-03,Aston Villa,Tottenham,1,2,A,1648.7,1480.0,168.7,5,18,13,34,34,3,2,0,5,1.4,1.6,1.6,0.2,5,1.0,0.8,1.4,0.2,5,1.2,1.2,1.6,0.2,10,0.5,0.8,2.0,0.1,10,2.0,1.8,1.6,0.4,5,0.8,0.6,1.2,0.2,5,1.049808565388974,0.4402901895568974,0.8655238459461239,0.4859578187861466,0.1032034600001384,0.1023260082711787
2025-26,35,2025-26_GW35_Manchester United_vs_Liverpool,Manchester United,Liverpool,1.1743,0.8115,1.9853,69.3,163.7,0.8172,0.2491,1.0155,0.79,1.805,76.8,153.5,0.7527,0.2339,0.15879999999999983,0.021499999999999964,0.18030000000000013,-7.5,2026-05-03,Manchester United,Liverpool,3,2,H,1638.1,1703.7,-65.6,3,4,1,34,34,1,1,3,5,2.0,1.8,1.2,0.2,5,2.0,1.8,1.0,0.2,5,2.0,1.6,1.0,0.3,10,1.9,1.8,1.1,0.3,10,2.4,2.0,1.0,0.2,5,1.8,1.2,1.0,0.4,5,1.044760465328168,0.4451431631585115,1.1465803754044743,0.4536677321408336,0.10425640207489,0.1058951024660012
2025-26,35,2025-26_GW35_Bournemouth_vs_Crystal Palace,Bournemouth,Crystal Palace,1.5581,0.8095,2.3672,58.0,163.2,0.9025,0.2452,0.9685,0.6366,1.6048,58.9,165.1,0.8054,0.2001,0.5896,0.17289999999999994,0.7624,-0.8999999999999986,2026-05-03,Bournemouth,Crystal Palace,3,0,H,1605.4,1565.0,40.4,8,14,6,34,33,2,0,3,5,1.8,1.6,1.2,0.2,5,1.6,1.2,1.0,0.4,5,1.6,1.2,0.9,0.3,10,1.5,1.2,1.1,0.4,10,1.0,1.2,1.2,0.2,5,1.4,1.4,1.4,0.2,5,1.5099065070953286,0.4714071843785001,1.0921309499441425,0.4514648807051038,0.1044674647880722,0.1047146912080023
2025-26,35,2025-26_GW35_Chelsea_vs_Nottingham Forest,Chelsea,Nottingham Forest,1.073,0.7127,1.7856,66.2,149.8,0.754,0.184,0.7812,0.5641,1.3453,58.6,154.0,0.8317,0.216,0.29179999999999995,0.14859999999999995,0.44030000000000014,7.600000000000001,2026-05-04,Chelsea,Nottingham Forest,1,3,A,1610.6,1553.3,57.3,9,16,7,34,34,3,1,1,5,0.0,0.0,2.2,0.0,5,2.2,2.6,0.4,0.6,5,0.8,1.1,1.8,0.0,10,1.3,1.7,1.0,0.4,10,0.4,0.6,1.6,0.0,5,1.4,2.4,1.4,0.4,5,1.337200635295556,0.4729891744164585,0.9058479680379518,0.4517631048309006,0.1061962818432388,0.1055630937036922
2025-26,35,2025-26_GW35_Everton_vs_Manchester City,Everton,Manchester City,0.7966,0.6825,1.479,58.1,119.2,0.8411,0.2439,1.5109,0.8863,2.3961,73.8,158.3,0.8424,0.2279,-0.7142999999999999,-0.20379999999999998,-0.9171,-15.699999999999996,2026-05-04,Everton,Manchester City,3,3,D,1573.6,1780.1,-206.5,11,2,-9,34,33,0,4,1,5,0.8,1.4,1.6,0.2,5,2.2,1.8,0.8,0.4,5,1.3,1.5,1.4,0.2,10,2.4,1.9,0.8,0.4,10,1.2,1.4,1.0,0.4,5,2.6,1.6,0.4,0.6,5,0.9663753249755052,0.4893362820099337,1.7003408124309245,0.3910734393373061,0.109594628674588,0.1118976311564698
2025-26,36,2025-26_GW36_Liverpool_vs_Chelsea,Liverpool,Chelsea,0.9769,0.7819,1.7583,76.8,152.9,0.7703,0.2394,1.2527,0.7051,1.9577,67.4,148.5,0.7757,0.1857,-0.27579999999999993,0.07680000000000009,-0.19940000000000002,9.399999999999991,2026-05-09,Liverpool,Chelsea,1,1,D,1694.7,1596.4,98.3,4,9,5,35,35,2,2,1,5,1.8,2.0,1.4,0.2,5,0.0,0.2,2.6,0.0,5,1.9,1.9,1.2,0.3,10,0.5,0.9,2.0,0.0,10,2.0,2.4,1.2,0.2,5,1.2,1.6,2.0,0.0,5,1.103902410417186,0.4706396531280539,1.3486399223589556,0.4866253082260675,0.1039041923777226,0.1041822159840451
2025-26,36,2025-26_GW36_Brighton and Hove Albion_vs_Wolverhampton Wanderers,Brighton and Hove Albion,Wolverhampton Wanderers,0.9109,0.6604,1.5711,55.6,172.2,0.7796,0.2132,0.5021,0.4753,0.9774,50.4,164.2,0.7488,0.1595,0.40880000000000005,0.1851,0.5936999999999999,5.200000000000003,2026-05-09,Brighton and Hove Albion,Wolverhampton Wanderers,3,0,H,1613.4,1429.3,184.1,8,20,12,35,35,2,0,3,5,2.0,2.0,1.2,0.4,5,0.4,0.6,2.2,0.0,5,1.9,1.5,0.9,0.4,10,1.0,0.9,1.5,0.2,10,1.8,1.4,0.8,0.2,5,0.4,0.4,2.0,0.2,5,1.2300445832907332,0.4234459361348728,0.771221999863435,0.4862697915829089,0.103039473287192,0.1085758646288424
2025-26,36,2025-26_GW36_Fulham_vs_Bournemouth,Fulham,Bournemouth,0.8147,0.4608,1.2752,55.8,98.3,0.7211,0.2089,1.618,0.8286,2.4462,58.0,163.2,0.9155,0.2423,-0.8033000000000001,-0.3678,-1.1710000000000003,-2.200000000000003,2026-05-09,Fulham,Bournemouth,0,1,A,1568.0,1611.5,-43.5,11,7,-4,35,35,1,3,1,5,1.4,0.8,1.2,0.4,5,2.2,2.2,1.2,0.2,5,1.4,0.9,1.2,0.3,10,1.8,1.4,0.8,0.4,10,1.8,1.4,1.0,0.2,5,2.2,1.2,0.6,0.4,5,0.9807496831185172,0.5635918846240106,1.499564252132204,0.4600521180176984,0.103030716638174,0.1025863167005089
2025-26,36,2025-26_GW36_Sunderland_vs_Manchester United,Sunderland,Manchester United,0.6494,0.4231,1.0721,51.9,186.0,0.7865,0.1888,1.2261,0.8338,2.0593,69.5,163.7,0.8293,0.2579,-0.5767,-0.4107,-0.9871999999999999,-17.6,2026-05-09,Sunderland,Manchester United,0,0,D,1483.6,1647.1,-163.5,12,3,-9,35,35,0,3,0,3,1.4,1.4,2.2,0.2,5,2.0,1.8,1.4,0.2,5,1.1,1.0,1.7,0.2,10,2.0,1.7,1.2,0.2,10,0.6,0.4,2.0,0.2,5,1.6,1.2,1.0,0.4,5,0.8590996021413613,0.3416226894572864,1.1027207692866938,0.4362956487775732,0.1201346413326438,0.1023914812598577
2025-26,36,2025-26_GW36_Manchester City_vs_Brentford,Manchester City,Brentford,1.5166,0.8704,2.386,74.2,158.2,0.8321,0.2229,1.4148,0.7784,2.1932,59.2,151.2,0.8636,0.2434,0.10179999999999989,0.09199999999999997,0.19280000000000008,15.0,2026-05-09,Manchester City,Brentford,3,0,H,1777.1,1586.9,190.2,2,8,6,34,35,4,0,1,5,2.2,2.0,1.0,0.4,5,1.2,1.2,0.8,0.6,5,2.4,2.0,0.9,0.4,10,1.2,1.3,1.2,0.4,10,2.6,2.2,0.8,0.4,5,1.6,1.6,1.4,0.4,5,1.6331394060749789,0.4211475738934333,1.206875157952914,0.4341732088458577,0.109445224731549,0.104138432738955
2025-26,36,2025-26_GW36_Nottingham Forest_vs_Newcastle United,Nottingham Forest,Newcastle United,0.7026,0.4804,1.1829,58.8,154.0,0.7285,0.222,0.7436,0.4501,1.1937,58.2,146.7,0.6358,0.2432,-0.041000000000000036,0.030299999999999994,-0.01079999999999992,0.5999999999999943,2026-05-10,Nottingham Forest,Newcastle United,1,1,D,1567.5,1580.5,-13.0,16,13,-3,35,35,1,4,0,5,2.6,3.2,0.6,0.4,5,0.6,1.2,1.6,0.0,5,1.6,1.9,0.8,0.4,10,1.2,1.4,1.5,0.1,10,1.2,1.0,0.6,0.4,5,1.2,1.0,1.2,0.2,5,0.9611945123955876,0.4649577403423821,1.1809802396967166,0.5314499768328641,0.1035977096620915,0.0992281418020939
2025-26,36,2025-26_GW36_Burnley_vs_Aston Villa,Burnley,Aston Villa,0.5324,0.3495,0.8819,49.7,151.4,0.7561,0.2164,0.7756,0.5588,1.3344,60.0,178.2,0.6845,0.2354,-0.24319999999999997,-0.20929999999999999,-0.4525,-10.299999999999997,2026-05-10,Burnley,Aston Villa,2,2,D,1375.7,1632.2,-256.5,19,5,-14,35,35,0,4,1,5,0.0,0.6,2.6,0.0,5,1.4,1.6,1.4,0.2,5,0.5,1.0,2.2,0.1,10,1.1,1.2,1.7,0.2,10,0.2,0.6,1.8,0.2,5,0.4,0.6,1.6,0.0,5,0.6983763844408856,0.4625382439920283,0.9843133271038356,0.435970773778335,0.1201346413326438,0.1014194932188562
2025-26,36,2025-26_GW36_Crystal Palace_vs_Everton,Crystal Palace,Everton,0.9287,0.6122,1.5406,58.3,165.7,0.797,0.2014,0.8234,0.6487,1.4721,58.2,119.2,0.8374,0.2394,0.10529999999999995,-0.03650000000000009,0.0685,0.09999999999999432,2026-05-10,Crystal Palace,Everton,2,2,D,1558.8,1576.6,-17.8,16,10,-6,34,35,0,4,1,5,1.0,0.6,1.4,0.4,5,1.0,2.0,1.8,0.2,5,1.4,1.1,1.3,0.4,10,1.1,1.6,1.6,0.2,10,1.6,1.0,0.8,0.6,5,1.4,1.6,1.8,0.0,5,1.0550864259213963,0.4632780773695353,1.0603026619689506,0.48705304863369,0.1028145354500049,0.1073192854947549
2025-26,36,2025-26_GW36_West Ham United_vs_Arsenal,West Ham United,Arsenal,1.0794,0.4756,1.555,56.9,146.5,0.8648,0.2117,0.9136,0.7035,1.617,76.5,135.6,0.7382,0.1847,0.16579999999999995,-0.2279,-0.062000000000000055,-19.6,2026-05-10,West Ham United,Arsenal,0,1,A,1516.3,1771.3,-255.0,18,1,-17,35,35,2,3,0,5,1.4,1.2,1.2,0.4,5,1.8,1.6,0.8,0.6,5,1.3,1.1,1.3,0.4,10,2.0,1.8,0.9,0.4,10,1.8,1.6,0.6,0.4,5,1.6,1.8,1.2,0.2,5,0.9547742730975396,0.4777166527708179,1.322102313995369,0.3817988170977464,0.1051629606740646,0.1025534792666913
2025-26,36,2025-26_GW36_Tottenham_vs_Leeds United,Tottenham,Leeds United,0.5537,0.356,0.9091,58.9,172.8,0.6266,0.1869,1.0953,0.533,1.6278,48.9,130.8,0.8316,0.2448,-0.5416,-0.17700000000000005,-0.7186999999999999,10.0,2026-05-11,Tottenham,Leeds United,1,1,D,1496.5,1523.6,-27.2,17,16,-1,35,35,5,0,0,5,1.4,1.0,1.4,0.2,5,2.2,2.0,0.8,0.4,5,0.8,1.0,1.9,0.1,10,1.4,1.3,0.9,0.3,10,0.2,1.0,2.8,0.0,5,1.4,1.4,1.2,0.2,5,0.8610307084606788,0.4663310761980094,1.340214393048705,0.358684963019691,0.1006095031846883,0.1201346413326438
2025-26,36,2025-26_GW36_Manchester City_vs_Crystal Palace,Manchester City,Crystal Palace,1.5166,0.8704,2.386,74.2,158.2,0.8321,0.2229,0.9287,0.6122,1.5406,58.3,165.7,0.797,0.2014,0.5879,0.2582,0.8454000000000002,15.900000000000006,2026-05-13,Manchester City,Crystal Palace,3,0,H,1780.3,1556.5,223.8,2,15,13,35,35,3,0,2,5,2.6,2.4,0.8,0.6,5,1.0,1.0,1.8,0.2,5,2.4,2.1,0.8,0.5,10,1.2,1.2,1.5,0.3,10,2.6,2.4,0.8,0.4,5,1.2,1.2,1.8,0.2,5,1.6335373216314255,0.4208446225479343,1.0547354493973375,0.463608502039847,0.109445224731549,0.1028145354500049
2025-26,37,2025-26_GW37_Aston Villa_vs_Liverpool,Aston Villa,Liverpool,0.8076,0.5695,1.377,60.3,177.9,0.7143,0.233,0.8431,0.7118,1.5545,68.2,160.2,0.7621,0.2329,-0.035499999999999976,-0.14229999999999998,-0.1775,-7.900000000000006,2026-05-15,Aston Villa,Liverpool,4,2,H,1628.0,1689.5,-61.5,5,4,-1,36,36,0,3,2,5,1.0,1.6,1.8,0.0,5,2.0,2.0,1.2,0.2,5,0.9,1.3,1.9,0.1,10,1.7,1.9,1.3,0.2,10,1.4,1.8,2.0,0.2,5,1.2,1.4,1.6,0.2,5,0.9922861877714751,0.4415953625300458,1.0465096737421844,0.4541253938473052,0.0997726843216439,0.1020663507310466
2025-26,37,2025-26_GW37_Manchester United_vs_Nottingham Forest,Manchester United,Nottingham Forest,1.1102,0.7907,1.9003,69.3,163.7,0.8024,0.2596,0.6698,0.4231,1.0929,58.4,154.4,0.6576,0.2052,0.4404000000000001,0.3676,0.8074000000000001,10.899999999999999,2026-05-17,Manchester United,Nottingham Forest,3,2,H,1645.3,1565.1,80.2,3,16,13,36,36,1,3,1,5,2.0,1.4,1.0,0.4,5,2.2,2.8,0.8,0.2,5,2.0,1.6,1.1,0.3,10,1.6,2.0,0.9,0.3,10,2.4,2.2,1.4,0.0,5,2.0,2.8,1.0,0.4,5,1.0501913254924082,0.4350212161399043,0.9517777874458418,0.4660857477420529,0.1006699423707847,0.1017834315263626
2025-26,37,2025-26_GW37_Brentford_vs_Crystal Palace,Brentford,Crystal Palace,1.3538,0.768,2.1218,58.9,151.2,0.857,0.2437,0.9305,0.6503,1.5805,58.5,165.8,0.8092,0.2008,0.4232999999999999,0.11770000000000003,0.5412999999999999,0.3999999999999986,2026-05-17,Brentford,Crystal Palace,2,2,D,1583.8,1553.8,29.9,8,15,7,36,36,2,2,1,5,1.0,1.2,1.4,0.4,5,0.4,0.6,2.2,0.2,5,1.1,1.2,1.4,0.4,10,1.2,1.0,1.5,0.3,10,1.2,1.4,1.2,0.4,5,0.6,1.0,2.4,0.0,5,1.1179202168859286,0.4592360621970621,1.2548587906146431,0.468398701704617,0.1022825818374837,0.0994412646818712
2025-26,37,2025-26_GW37_Everton_vs_Sunderland,Everton,Sunderland,0.7996,0.59,1.3895,57.7,119.6,0.7921,0.2377,0.6416,0.4343,1.0754,51.9,185.9,0.7906,0.1901,0.15800000000000003,0.15569999999999995,0.31410000000000005,5.800000000000004,2026-05-17,Everton,Sunderland,1,3,A,1578.9,1485.4,93.5,10,12,2,36,36,2,0,1,3,0.6,1.8,2.2,0.0,5,1.0,1.0,2.0,0.4,5,1.2,1.7,1.6,0.2,10,1.2,1.0,1.6,0.3,10,1.4,1.8,1.2,0.4,5,1.6,1.6,1.4,0.2,5,1.0699838166974178,0.5056775631100036,0.8674420396739514,0.3261380311197725,0.1052188790118115,0.1170489434705282
2025-26,37,2025-26_GW37_Leeds United_vs_Brighton and Hove Albion,Leeds United,Brighton and Hove Albion,1.0694,0.4946,1.5637,50.2,129.8,0.8206,0.2455,0.957,0.668,1.6248,56.2,171.9,0.7895,0.2107,0.11239999999999994,-0.17340000000000005,-0.06109999999999993,-6.0,2026-05-17,Leeds United,Brighton and Hove Albion,1,0,H,1525.7,1616.6,-91.0,15,7,-8,36,36,0,2,3,5,2.2,2.2,1.0,0.2,5,2.0,2.2,1.0,0.6,5,1.4,1.2,0.8,0.3,10,2.2,1.8,0.8,0.5,10,1.4,1.2,0.6,0.4,5,2.0,1.6,1.0,0.6,5,1.3028685483998883,0.3581632420315521,1.223020434606126,0.4113037888895329,0.1170489434705282,0.1012681144035452
2025-26,37,2025-26_GW37_Wolverhampton Wanderers_vs_Fulham,Wolverhampton Wanderers,Fulham,0.4856,0.4681,0.9537,50.8,162.7,0.7133,0.1706,0.7842,0.4626,1.2466,56.0,98.0,0.7102,0.2016,-0.29860000000000003,0.005500000000000005,-0.29289999999999994,-5.200000000000003,2026-05-17,Wolverhampton Wanderers,Fulham,1,1,D,1426.0,1556.4,-130.4,20,12,-8,36,36,2,3,0,5,0.2,0.2,2.4,0.0,5,0.8,0.2,1.2,0.4,5,0.9,0.9,1.8,0.1,10,1.4,0.9,1.0,0.3,10,1.6,1.4,1.0,0.2,5,1.0,0.6,1.2,0.4,5,0.7413244070100332,0.4840344504855594,0.9804836650890804,0.5476881511623121,0.1063788477510161,0.1012600309976971
2025-26,37,2025-26_GW37_Newcastle United_vs_West Ham United,Newcastle United,West Ham United,0.7831,0.4647,1.2478,59.7,144.9,0.6626,0.2379,1.057,0.4912,1.5481,56.6,146.6,0.8651,0.2109,-0.2738999999999999,-0.026500000000000024,-0.3003,3.1000000000000014,2026-05-17,Newcastle United,West Ham United,3,1,H,1582.9,1510.4,72.5,14,18,4,36,36,2,2,1,5,0.8,1.2,1.4,0.0,5,1.4,1.2,1.0,0.4,5,1.0,1.3,1.5,0.1,10,1.2,1.0,1.3,0.4,10,1.2,1.8,1.8,0.0,5,0.8,0.6,2.0,0.4,5,1.1696883322485805,0.5217254981972199,0.9476081740858452,0.4728561396943995,0.097749812008153,0.1032283403217132
2025-26,37,2025-26_GW37_Arsenal_vs_Burnley,Arsenal,Burnley,0.9281,0.6906,1.6186,76.2,136.2,0.7317,0.1847,0.592,0.3232,0.915,50.9,150.2,0.7275,0.2173,0.33610000000000007,0.3674,0.7036,25.300000000000004,2026-05-18,Arsenal,Burnley,1,0,H,1777.1,1380.0,397.1,1,19,18,36,36,4,0,1,5,1.8,1.4,0.8,0.6,5,0.2,0.8,2.4,0.0,5,2.2,1.8,0.8,0.5,10,0.3,0.9,2.2,0.1,10,2.4,1.8,0.6,0.6,5,0.2,0.8,2.6,0.0,5,1.2821724226917512,0.3863500845864168,0.7644946164117361,0.4502690742333591,0.1008194853789748,0.1170489434705282
2025-26,37,2025-26_GW37_Chelsea_vs_Tottenham,Chelsea,Tottenham,1.204,0.6306,1.8345,64.5,151.0,0.7551,0.1834,0.4795,0.34,0.8192,57.1,174.4,0.6458,0.187,0.7244999999999999,0.2906,1.0152999999999999,7.399999999999999,2026-05-19,Chelsea,Tottenham,2,1,H,1601.5,1494.4,107.1,10,17,7,36,36,5,0,0,5,0.2,0.4,2.2,0.0,5,1.6,1.2,1.0,0.2,5,0.5,0.8,1.9,0.0,10,0.9,1.0,1.8,0.1,10,0.2,0.4,1.8,0.0,5,1.4,1.0,1.0,0.2,5,1.260392995502192,0.4692261579125597,0.8713193997617441,0.4660812930631756,0.1023229988667242,0.0990249692806932
2025-26,37,2025-26_GW37_Bournemouth_vs_Manchester City,Bournemouth,Manchester City,1.635,0.811,2.4456,57.9,163.2,0.9133,0.2407,1.3629,0.8222,2.1839,74.5,158.2,0.8025,0.2229,0.2721,-0.011199999999999988,0.26170000000000027,-16.6,2026-05-19,Bournemouth,Manchester City,1,1,D,1623.1,1783.0,-159.9,6,2,-4,36,36,1,4,0,5,2.6,2.0,0.8,0.4,5,2.6,2.4,0.8,0.6,5,1.8,1.3,0.7,0.5,10,2.4,2.1,0.8,0.5,10,1.4,1.6,1.0,0.4,5,2.2,1.8,0.8,0.6,5,1.4158138153806452,0.4545667141407688,1.8873689068734123,0.3916813590650976,0.1008497981509052,0.1050915653697037
2025-26,38,2025-26_GW38_Nottingham Forest_vs_Bournemouth,Nottingham Forest,Bournemouth,0.7176,0.4659,1.1834,57.6,154.0,0.7101,0.2221,1.6418,0.7857,2.4271,58.3,162.8,0.8977,0.2459,-0.9241999999999999,-0.3198,-1.2436999999999998,-0.6999999999999957,2026-05-24,Nottingham Forest,Bournemouth,1,1,D,1559.8,1624.8,-65.0,16,6,-10,37,37,0,3,2,5,2.0,3.0,1.2,0.2,5,2.2,1.8,0.8,0.4,5,1.6,2.2,1.1,0.3,10,1.8,1.4,0.8,0.4,10,1.2,1.2,0.8,0.2,5,2.2,1.0,0.4,0.6,5,0.9891333574876208,0.5172350533751117,1.4107633010985876,0.4567381841128007,0.1001086417223793,0.0992467894919625
2025-26,38,2025-26_GW38_Manchester City_vs_Aston Villa,Manchester City,Aston Villa,1.3544,0.8315,2.1849,75.1,157.6,0.8147,0.2218,0.8291,0.574,1.4031,60.0,177.9,0.7194,0.2325,0.5253000000000001,0.25750000000000006,0.7817999999999998,15.099999999999994,2026-05-24,Manchester City,Aston Villa,1,2,A,1781.3,1636.9,144.4,2,4,2,37,37,2,3,0,5,2.2,2.2,0.8,0.6,5,1.4,2.2,2.0,0.0,5,2.2,2.0,0.8,0.5,10,1.1,1.6,2.0,0.1,10,2.6,2.4,0.8,0.4,5,0.4,0.8,1.8,0.0,5,1.8149880105534175,0.4073904572983163,1.0499281769027602,0.4400580215201081,0.1031624341492023,0.0982524881092522
2025-26,38,2025-26_GW38_Sunderland_vs_Chelsea,Sunderland,Chelsea,0.6224,0.4505,1.0725,51.7,186.1,0.7946,0.1984,1.1882,0.6664,1.8545,67.0,147.4,0.7629,0.1934,-0.5658,-0.21589999999999998,-0.782,-15.299999999999997,2026-05-24,Sunderland,Chelsea,2,1,H,1500.5,1606.2,-105.7,10,8,-2,37,37,1,2,0,3,1.0,1.4,2.2,0.2,5,0.8,0.8,1.8,0.0,5,1.5,1.2,1.4,0.3,10,0.7,0.9,1.9,0.0,10,0.8,0.4,1.8,0.4,5,0.8,1.2,2.0,0.0,5,0.8409662749680631,0.3180074331399934,1.1898502366493124,0.4727726282748962,0.114200485333999,0.1006067251542435
2025-26,38,2025-26_GW38_Liverpool_vs_Brentford,Liverpool,Brentford,0.874,0.7262,1.6,66.4,161.8,0.7606,0.2221,1.3063,0.7871,2.0934,58.8,151.2,0.8513,0.2422,-0.4323,-0.060900000000000065,-0.49339999999999984,7.6000000000000085,2026-05-24,Liverpool,Brentford,1,1,D,1680.6,1580.2,100.4,5,10,5,37,37,4,1,0,5,1.4,2.0,2.0,0.0,5,1.0,1.2,1.4,0.4,5,1.4,2.0,1.7,0.1,10,1.2,1.4,1.4,0.4,10,2.2,2.4,1.0,0.2,5,1.0,1.0,1.6,0.4,5,1.0490625625702712,0.4628214010589975,1.1280119610394126,0.4626045773127518,0.1003698090649298,0.1005694155338791
2025-26,38,2025-26_GW38_Tottenham_vs_Everton,Tottenham,Everton,0.534,0.3623,0.896,57.2,174.4,0.6955,0.187,0.8463,0.6284,1.4747,57.6,119.8,0.8265,0.2736,-0.3123,-0.26609999999999995,-0.5786999999999999,-0.3999999999999986,2026-05-24,Tottenham,Everton,1,0,H,1489.7,1563.9,-74.1,17,12,-5,37,37,3,1,1,5,1.6,1.4,1.2,0.2,5,0.4,1.6,2.4,0.0,5,0.9,1.0,1.6,0.1,10,1.2,1.8,1.8,0.2,10,0.4,1.0,2.6,0.0,5,1.0,1.6,2.0,0.0,5,0.9061965757871344,0.4561823714516717,1.042130188909656,0.4908300134705192,0.0975622601325115,0.1032799594533501
2025-26,38,2025-26_GW38_Crystal Palace_vs_Arsenal,Crystal Palace,Arsenal,0.9446,0.675,1.6193,58.6,165.7,0.802,0.2018,0.964,0.7352,1.6989,77.4,135.2,0.7285,0.1835,-0.019399999999999973,-0.06019999999999992,-0.07960000000000012,-18.800000000000004,2026-05-24,Crystal Palace,Arsenal,1,2,A,1557.4,1778.2,-220.8,15,1,-14,37,37,0,4,1,5,0.4,1.0,2.6,0.0,5,2.4,1.4,0.4,0.8,5,1.0,1.1,1.7,0.2,10,2.4,1.7,0.6,0.6,10,1.8,1.0,0.6,0.6,5,2.0,1.8,1.0,0.4,5,1.2515874724913971,0.4717471960755851,1.2520461897753414,0.3734033707400668,0.0979465492222644,0.0992188072766892
2025-26,38,2025-26_GW38_Burnley_vs_Wolverhampton Wanderers,Burnley,Wolverhampton Wanderers,0.5916,0.2977,0.8891,51.4,149.7,0.6871,0.2142,0.5497,0.469,1.0187,51.4,162.0,0.7509,0.166,0.04190000000000005,-0.17129999999999995,-0.12959999999999994,0.0,2026-05-24,Burnley,Wolverhampton Wanderers,1,1,D,1378.9,1426.9,-48.0,19,20,1,37,37,2,1,2,5,0.2,0.8,2.2,0.0,5,0.4,0.4,1.8,0.0,5,0.2,0.8,2.2,0.1,10,0.9,0.8,1.7,0.1,10,0.4,1.0,1.8,0.2,5,0.2,0.4,2.6,0.0,5,0.7056869130521631,0.4371764900811826,0.7715039988683395,0.4810730839450797,0.114200485333999,0.1043507455578073
2025-26,38,2025-26_GW38_Brighton and Hove Albion_vs_Manchester United,Brighton and Hove Albion,Manchester United,1.0104,0.6986,1.7087,56.4,171.9,0.7846,0.2111,1.0775,0.8408,1.918,66.9,166.2,0.8166,0.2598,-0.06709999999999994,-0.1422,-0.20929999999999982,-10.500000000000007,2026-05-24,Brighton and Hove Albion,Manchester United,0,3,A,1606.9,1650.5,-43.6,8,3,-5,37,37,3,2,0,5,1.4,1.8,1.2,0.4,5,2.6,1.8,1.0,0.4,5,1.9,1.6,0.9,0.4,10,2.0,1.8,1.3,0.2,10,2.4,2.0,0.6,0.4,5,1.6,1.0,0.8,0.6,5,1.301427556242743,0.4006583129187437,1.2378443278933091,0.4423663388720669,0.0996329440627336,0.0990807616813411
2025-26,38,2025-26_GW38_Fulham_vs_Newcastle United,Fulham,Newcastle United,0.782,0.4921,1.2738,56.5,97.5,0.7367,0.1993,0.8528,0.49,1.3428,60.6,144.1,0.6732,0.2326,-0.07079999999999997,0.0020999999999999908,-0.06899999999999995,-4.100000000000001,2026-05-24,Fulham,Newcastle United,2,0,H,1555.6,1588.4,-32.8,13,11,-2,37,37,2,3,0,5,1.0,0.4,1.0,0.4,5,1.4,1.6,1.2,0.0,5,1.2,0.7,1.0,0.3,10,1.3,1.5,1.4,0.1,10,1.8,1.2,0.8,0.2,5,0.8,0.8,1.2,0.2,5,0.9983139298235424,0.5458651450702171,1.1751016029301495,0.5101717560849812,0.0996254821386608,0.0963851416100159
2025-26,38,2025-26_GW38_West Ham United_vs_Leeds United,West Ham United,Leeds United,1.0025,0.4801,1.4827,56.6,146.6,0.8578,0.2088,0.9546,0.4391,1.3934,50.1,128.2,0.7903,0.2607,0.04789999999999994,0.041000000000000036,0.08929999999999993,6.5,2026-05-24,West Ham United,Leeds United,3,0,H,1505.0,1535.4,-30.4,18,14,-4,37,37,2,2,1,5,0.8,0.6,1.6,0.2,5,2.2,2.0,0.8,0.4,5,1.1,1.1,1.6,0.3,10,1.6,1.2,0.7,0.4,10,1.6,1.4,0.6,0.4,5,1.4,1.2,1.0,0.2,5,0.9284215327388372,0.4775559068891434,1.2007356791365578,0.3931302127404362,0.1014424606504052,0.114200485333999
